site_id,geometry,id,monitoring_location_id,field_visit_id,measurement_number,time,channel_name,channel_flow,channel_flow_unit,channel_width,channel_width_unit,channel_area,channel_area_unit,channel_velocity,channel_velocity_unit,channel_location_distance,channel_location_distance_unit,channel_stability,channel_material,channel_evenness,horizontal_velocity_description,vertical_velocity_description,longitudinal_velocity_description,measurement_type,last_modified,channel_measurement_type,channel_location_direction
05430500,POINT (-89.07166666666666 42.61361111111111),01fa8fa1-bbdb-474a-83dd-264a6c8399e9,USGS-05430500,513fbab8-8dbf-3740-e053-0100007ff637,662,2003-08-27T13:38:00+00:00,Imported Channel 1,305,ft^3/s,235,ft,332,ft^2,0.92,ft/s,,,Unspecified,Unspecified,Unspecified,Unspecified,Unspecified,Unknown,Wading,2026-07-04T02:23:00.432424+00:00,point_velocity,Unspecified
05430500,POINT (-89.07166666666666 42.61361111111111),0299c684-0063-4ff9-9f92-97bfeb2500ee,USGS-05430500,2ef4a498-5a0f-4842-94e5-fcfaba3d4c7e,832,2025-01-08T19:20:16+00:00,afton,2130,ft^3/s,273,ft,1100,ft^2,1.93,ft/s,0.00,ft,Unspecified,Unspecified,Unspecified,Even,Unspecified,Unspecified,BridgeDownstreamSide,2026-07-04T02:23:00.432424+00:00,adcp,AtTheGage
05430500,POINT (-89.07166666666666 42.61361111111111),0488393c-d97a-4a11-819e-742e96d7b850,USGS-05430500,535dda86-1351-4d9b-ac55-1aee678e0619,838,2026-02-03T18:17:45+00:00,afton,1190,ft^3/s,236,ft,894,ft^2,1.33,ft/s,6000.00,ft,Soft,Cobbles,Uneven,Even,NonStandard,Pulsating,BridgeDownstreamSide,2026-07-04T02:23:00.432424+00:00,adcp,Upstream
05430500,POINT (-89.07166666666666 42.61361111111111),04b3c83d-a3ab-448a-8660-9f4f0f102274,USGS-05430500,513fb7f0-a86e-346d-e053-0100007f4efc,582,1991-09-10T14:15:00+00:00,Imported Channel 1,388,ft^3/s,246,ft,400,ft^2,0.97,ft/s,,,Unspecified,Unspecified,Unspecified,Unspecified,Unspecified,Unknown,Wading,2026-07-04T02:23:00.432424+00:00,point_velocity,Unspecified
05430500,POINT (-89.07166666666666 42.61361111111111),053240ed-5d47-4a1b-88af-858ff8fce0a9,USGS-05430500,513fc296-74e2-3e40-e053-0100007fbf5c,601,1994-02-16T20:08:00+00:00,Imported Channel 1,1190,ft^3/s,335,ft,808,ft^2,1.45,ft/s,,,Unspecified,Unspecified,Unspecified,Unspecified,Unspecified,Unknown,Wading,2026-07-04T02:23:00.432424+00:00,point_velocity,Unspecified
05430500,POINT (-89.07166666666666 42.61361111111111),054815fe-21bb-42b8-8864-698331fb0037,USGS-05430500,b43d9325-20cc-433d-80fb-9a4947441bbb,822,2023-03-14T19:07:57+00:00,afton,6080,ft^3/s,298,ft,2130,ft^2,2.85,ft/s,0.00,ft,Firm,Cobbles,Uneven,Unspecified,NonStandard,Pulsating,BridgeDownstreamSide,2026-07-04T02:23:00.432424+00:00,adcp,AtTheGage
05430500,POINT (-89.07166666666666 42.61361111111111),0634246b-c08e-4ede-b47b-5168540ec3ff,USGS-05430500,513fd160-b73c-49c4-e053-0100007fab81,741,2012-04-05T19:23:30+00:00,Main,3540,ft^3/s,286,ft,1440,ft^2,2.46,ft/s,30.00,ft,Firm,CobblesBoulders,Even,Even,Standard,Unknown,BridgeDownstreamSide,2026-07-04T02:23:00.432424+00:00,adcp,Downstream
05430500,POINT (-89.07166666666666 42.61361111111111),0723e3fe-f072-4406-bab0-2e52f3d125bf,USGS-05430500,513fd2cf-230c-4a8a-e053-0100007f72f7,748,2013-04-03T15:38:43+00:00,MAin,6680,ft^3/s,301,ft,2230,ft^2,3.00,ft/s,25.00,ft,Firm,Cobbles,Even,Even,Standard,Unknown,BridgeDownstreamSide,2026-07-04T02:23:00.432424+00:00,adcp,Downstream
05430500,POINT (-89.07166666666666 42.61361111111111),083afa2c-74ff-4394-aa6a-b859a457f181,USGS-05430500,513fc60f-600a-4012-e053-0100007fd95b,695,2007-08-03T13:02:00+00:00,Imported Channel 1,512,ft^3/s,253,ft,491,ft^2,1.04,ft/s,,,Unspecified,Unspecified,Unspecified,Unspecified,Unspecified,Unknown,Wading,2026-07-04T02:23:00.432424+00:00,point_velocity,Unspecified
05430500,POINT (-89.07166666666666 42.61361111111111),08e8256d-7ed7-4c27-90f6-ee1c574f618f,USGS-05430500,59153eb8-919d-2d17-e053-0100007ff63a,787,2017-09-12T19:26:38+00:00,afton,1750,ft^3/s,266,ft,917,ft^2,1.91,ft/s,0.00,ft,Firm,Cobbles,Uneven,Even,NonStandard,Unknown,BridgeDownstreamSide,2026-07-04T02:23:00.432424+00:00,adcp,AtTheGage
05430500,POINT (-89.07166666666666 42.61361111111111),097c9e88-f2f2-4bc8-95d0-e87dfbd4f9d9,USGS-05430500,513fbb77-23b4-37ab-e053-0100007f726a,618,1996-06-21T14:04:00+00:00,Imported Channel 1,7890,ft^3/s,291,ft,2340,ft^2,3.37,ft/s,,,Unspecified,Unspecified,Unspecified,Unspecified,Unspecified,Unknown,BridgeCrane,2026-07-04T02:23:00.432424+00:00,point_velocity,Unspecified
05430500,POINT (-89.07166666666666 42.61361111111111),09a48c7c-7f10-44d4-aca2-010ca8446f77,USGS-05430500,513fc596-a67d-4016-e053-0100007f80c0,672,2004-08-17T18:05:00+00:00,Imported Channel 1,1440,ft^3/s,384,ft,979,ft^2,1.45,ft/s,,,Unspecified,Unspecified,Unspecified,Unspecified,Unspecified,Unknown,Wading,2026-07-04T02:23:00.432424+00:00,point_velocity,Unspecified
05430500,POINT (-89.07166666666666 42.61361111111111),09c47251-21f5-4210-a0f0-c070a3e213f5,USGS-05430500,513fc943-36e0-42bc-e053-0100007ff91f,714,2009-05-21T13:08:00+00:00,Imported Channel 1,6630,ft^3/s,295,ft,2090,ft^2,3.17,ft/s,1584.00,ft,Firm,Gravel,Even,Even,Unspecified,Unknown,BridgeDownstreamSide,2026-07-04T02:23:00.432424+00:00,point_velocity,Upstream
05430500,POINT (-89.07166666666666 42.61361111111111),0a73e4d8-2f0f-4100-8e8a-795056cd662f,USGS-05430500,513fc92a-c98f-42c4-e053-0100007fe60c,559,1988-12-06T18:18:00+00:00,Imported Channel 1,1860,ft^3/s,267,ft,902,ft^2,2.06,ft/s,,,Unspecified,Unspecified,Unspecified,Unspecified,Unspecified,Unknown,Cableway,2026-07-04T02:23:00.432424+00:00,point_velocity,Unspecified
05430500,POINT (-89.07166666666666 42.61361111111111),0a8fbdb2-8951-4013-8cae-55862a5b851f,USGS-05430500,513fcd5f-89a5-458d-e053-0100007f480b,760,2014-08-04T21:23:51+00:00,rock,2460,ft^3/s,271,ft,1150,ft^2,2.13,ft/s,,ft,Firm,Sand,Uneven,Even,NonStandard,Unknown,BridgeDownstreamSide,2026-07-04T02:23:00.432424+00:00,adcp,AtTheGage
05430500,POINT (-89.07166666666666 42.61361111111111),0bcda8e7-8587-43e7-9444-b9307f6b3515,USGS-05430500,513fbafa-8765-3770-e053-0100007ff949,750,2013-06-03T20:57:00+00:00,Main,5610,ft^3/s,296,ft,2010,ft^2,2.79,ft/s,20.00,ft,Firm,Cobbles,Even,Even,Standard,Unknown,BridgeDownstreamSide,2026-07-04T02:23:00.432424+00:00,adcp,Downstream
05430500,POINT (-89.07166666666666 42.61361111111111),0d0b4175-fed4-44db-b985-ffe3f133f3ce,USGS-05430500,513fc607-a027-4010-e053-0100007f56f8,683,2006-02-24T19:08:00+00:00,Imported Channel 1,1200,ft^3/s,377,ft,808,ft^2,1.46,ft/s,,,Unspecified,Unspecified,Unspecified,Unspecified,Unspecified,Unknown,Wading,2026-07-04T02:23:00.432424+00:00,point_velocity,Unspecified
05430500,POINT (-89.07166666666666 42.61361111111111),0d35db34-bd7a-47f7-9006-c24370e74261,USGS-05430500,513fb348-9182-30f8-e053-0100007f5389,593,1993-03-02T20:22:00+00:00,Imported Channel 1,1440,ft^3/s,266,ft,754,ft^2,1.91,ft/s,,,Unspecified,Unspecified,Unspecified,Unspecified,Unspecified,Unknown,BridgeCrane,2026-07-04T02:23:00.432424+00:00,point_velocity,Unspecified
05430500,POINT (-89.07166666666666 42.61361111111111),0dfa1cfd-6149-484e-a769-7cacd8bcf816,USGS-05430500,a11d15fb-b8be-47ff-8f64-ebd2cb58120a,830,2024-08-07T19:34:24+00:00,afton,5080,ft^3/s,290,ft,1930,ft^2,2.64,ft/s,0.00,ft,Firm,Cobbles,Uneven,Even,NonStandard,Pulsating,BridgeDownstreamSide,2026-07-04T02:23:00.432424+00:00,adcp,AtTheGage
05430500,POINT (-89.07166666666666 42.61361111111111),0e4b0602-79d0-4254-8b52-69c8d8f6e917,USGS-05430500,c643d034-42c9-456f-9ec0-debe03f1d16d,824,2023-07-21T18:34:29+00:00,afton,1190,ft^3/s,263,ft,764,ft^2,1.56,ft/s,0.00,ft,Unspecified,Unspecified,Unspecified,Even,Unspecified,Unspecified,BridgeDownstreamSide,2026-07-04T02:23:00.432424+00:00,adcp,AtTheGage
05430500,POINT (-89.07166666666666 42.61361111111111),0e9f2e4f-7766-4d57-927f-b177ca183a0d,USGS-05430500,513fc939-fcd2-42d4-e053-0100007ff07a,769,2015-08-05T21:51:29+00:00,Rock,704,ft^3/s,258,ft,502,ft^2,1.40,ft/s,,ft,Firm,Cobbles,Uneven,Even,NonStandard,Unknown,BridgeDownstreamSide,2026-07-04T02:23:00.432424+00:00,adcp,AtTheGage
05430500,POINT (-89.07166666666666 42.61361111111111),0eccbfdc-9590-4a5a-893b-1a362f9a4c49,USGS-05430500,6de72b8d-8a15-ee81-e053-0100007f4934,792,2018-06-01T18:58:03+00:00,Afton,5810,ft^3/s,303,ft,2060,ft^2,2.82,ft/s,0.00,ft,Firm,Cobbles,Uneven,Even,NonStandard,Pulsating,BridgeDownstreamSide,2026-07-04T02:23:00.432424+00:00,adcp,AtTheGage
05430500,POINT (-89.07166666666666 42.61361111111111),0f43ed79-79e1-4804-bf06-4b2dbf7bdeaa,USGS-05430500,513fbeae-219f-3a0e-e053-0100007f7a2d,767,2015-04-24T15:22:34+00:00,rock,4540,ft^3/s,286,ft,1720,ft^2,2.64,ft/s,,ft,Firm,Gravel,Uneven,Uneven,NonStandard,Unknown,BridgeDownstreamSide,2026-07-04T02:23:00.432424+00:00,adcp,AtTheGage
05430500,POINT (-89.07166666666666 42.61361111111111),10ad203c-dd15-4ed1-a6fa-7ca6e518f8a8,USGS-05430500,513fd021-4924-450d-e053-0100007fa6b2,783,2017-03-02T22:26:02+00:00,afton,5730,ft^3/s,294,ft,2020,ft^2,2.84,ft/s,,ft,Firm,Cobbles,Uneven,Even,NonStandard,Unknown,BridgeDownstreamSide,2026-07-04T02:23:00.432424+00:00,adcp,AtTheGage
05430500,POINT (-89.07166666666666 42.61361111111111),117f7d64-0d33-4bcc-beac-44985c114a53,USGS-05430500,513fc5c5-6ea9-4036-e053-0100007f7f77,574,1990-09-12T15:40:00+00:00,Imported Channel 1,829,ft^3/s,259,ft,580,ft^2,1.43,ft/s,,,Unspecified,Unspecified,Unspecified,Unspecified,Unspecified,Unknown,Wading,2026-07-04T02:23:00.432424+00:00,point_velocity,Unspecified
05430500,POINT (-89.07166666666666 42.61361111111111),11cc065f-b10f-4406-ae4c-2e7a22d92543,USGS-05430500,7eeb79bd-08e4-40bb-8595-9f5693c9278e,835,2025-05-21T16:57:28+00:00,afton,2010,ft^3/s,271,ft,1020,ft^2,1.96,ft/s,0.00,ft,Firm,Cobbles,Uneven,Even,NonStandard,Pulsating,BridgeDownstreamSide,2026-07-04T02:23:00.432424+00:00,adcp,AtTheGage
05430500,POINT (-89.07166666666666 42.61361111111111),12452c6a-b44a-4201-b8d5-05389d42025f,USGS-05430500,513fba7b-3d2e-3711-e053-0100007fb18f,730,2011-01-07T19:31:30+00:00,Ds Bridge Rail,2630,ft^3/s,283,ft,1170,ft^2,2.24,ft/s,1500.00,ft,Firm,CobblesBoulders,Even,Even,Uniform,Unknown,BridgeDownstreamSide,2026-07-04T02:23:00.432424+00:00,adcp,Upstream
05430500,POINT (-89.07166666666666 42.61361111111111),12ac4771-e078-4d3d-bd99-547637c3dfac,USGS-05430500,348a0c54-b93b-4e87-87e4-1d71b29a4ce1,834,2025-04-24T16:50:19+00:00,afton,3510,ft^3/s,280,ft,1370,ft^2,2.56,ft/s,0.00,ft,Firm,Cobbles,Uneven,Even,NonStandard,Pulsating,BridgeDownstreamSide,2026-07-04T02:23:00.432424+00:00,adcp,AtTheGage
05430500,POINT (-89.07166666666666 42.61361111111111),12cfdc64-85be-4d59-8f37-6200075faf04,USGS-05430500,513faa0d-4932-29cf-e053-0100007f257c,594,1993-04-05T18:07:00+00:00,Imported Channel 1,7750,ft^3/s,290,ft,2280,ft^2,3.40,ft/s,,,Unspecified,Unspecified,Unspecified,Unspecified,Unspecified,Unknown,BridgeCrane,2026-07-04T02:23:00.432424+00:00,point_velocity,Unspecified
05430500,POINT (-89.07166666666666 42.61361111111111),1463fa0c-59b1-4c41-b16b-0b5ee29647bd,USGS-05430500,513fc582-efb5-401a-e053-0100007ff541,674,2004-12-29T20:33:00+00:00,Imported Channel 1,1210,ft^3/s,370,ft,810,ft^2,1.48,ft/s,,,Unspecified,Unspecified,Unspecified,Unspecified,Unspecified,Unknown,Wading,2026-07-04T02:23:00.432424+00:00,point_velocity,Unspecified
05430500,POINT (-89.07166666666666 42.61361111111111),14f5c49a-338c-422d-b174-545e626dba7b,USGS-05430500,513fc938-c866-42ca-e053-0100007f2ae6,754,2014-01-31T20:18:25+00:00,Channel 2,1030,ft^3/s,178,ft,665,ft^2,1.54,ft/s,,ft,Unspecified,Unspecified,Unspecified,Unspecified,Unspecified,Unknown,Unspecified,2026-07-04T02:23:00.432424+00:00,adcp,AtTheGage
05430500,POINT (-89.07166666666666 42.61361111111111),15a9fb84-25dd-41a9-98a2-5fde76629eea,USGS-05430500,513fbb67-f000-37b3-e053-0100007f8067,726,2010-07-28T18:07:30+00:00,U/S Bridge,9030,ft^3/s,318,ft,2680,ft^2,3.38,ft/s,1500.00,ft,Firm,CobblesBoulders,Even,Even,Unspecified,Unknown,BridgeUpstreamSide,2026-07-04T02:23:00.432424+00:00,adcp,Upstream
05430500,POINT (-89.07166666666666 42.61361111111111),16a8bf4d-7d09-4f70-b23f-171303a39a68,USGS-05430500,513fbfc1-76a5-3b44-e053-0100007f2ffd,739,2012-01-27T18:16:30+00:00,Main,1880,ft^3/s,275,ft,960,ft^2,1.96,ft/s,20.00,ft,Firm,Cobbles,Even,Even,Standard,Unknown,BridgeDownstreamSide,2026-07-04T02:23:00.432424+00:00,adcp,Downstream
05430500,POINT (-89.07166666666666 42.61361111111111),16ac73db-1fd4-4be0-b7a9-34c3adde99c4,USGS-05430500,9b6aa57c-7032-4773-8dd1-1adc23822a32,837,2025-12-01T18:25:57+00:00,afton,1530,ft^3/s,272,ft,884,ft^2,1.73,ft/s,0.00,ft,Firm,Cobbles,Uneven,Even,NonStandard,Pulsating,BridgeDownstreamSide,2026-07-04T02:23:00.432424+00:00,adcp,AtTheGage
05430500,POINT (-89.07166666666666 42.61361111111111),175ebb20-55ca-4a19-9e0e-acf810f81d74,USGS-05430500,daca170f-aa55-4ea2-b596-f8e04eea3a9b,828,2024-04-23T19:26:12+00:00,afton,5500,ft^3/s,290,ft,1990,ft^2,2.76,ft/s,0.00,ft,Firm,Cobbles,Uneven,Even,NonStandard,Pulsating,BridgeDownstreamSide,2026-07-04T02:23:00.432424+00:00,adcp,AtTheGage
05430500,POINT (-89.07166666666666 42.61361111111111),176f3c4d-5b6b-4cf4-8234-5ac5c5b6c92a,USGS-05430500,513fbf61-7666-3b46-e053-0100007fbdb2,636,1999-03-16T14:54:00+00:00,Imported Channel 1,1960,ft^3/s,268,ft,954,ft^2,2.05,ft/s,,,Unspecified,Unspecified,Unspecified,Unspecified,Unspecified,Unknown,BridgeCrane,2026-07-04T02:23:00.432424+00:00,point_velocity,Unspecified
05430500,POINT (-89.07166666666666 42.61361111111111),18eb2422-57ae-4f39-b7f6-c67f3b9ef716,USGS-05430500,513fc943-36d3-42bc-e053-0100007ff91f,616,1996-03-18T14:51:00+00:00,Imported Channel 1,2730,ft^3/s,271,ft,1170,ft^2,2.33,ft/s,,,Unspecified,Unspecified,Unspecified,Unspecified,Unspecified,Unknown,BridgeCrane,2026-07-04T02:23:00.432424+00:00,point_velocity,Unspecified
05430500,POINT (-89.07166666666666 42.61361111111111),1a617ee4-bbc6-42dc-9929-f66de81ef848,USGS-05430500,83a2c5f8-0188-4b67-a8a0-902f7e1d8ff7,840,2026-04-20T19:39:46+00:00,afton,9360,ft^3/s,300,ft,2720,ft^2,3.44,ft/s,0.00,ft,Unspecified,Unspecified,Unspecified,Unspecified,Unspecified,Unspecified,BridgeDownstreamSide,2026-07-04T02:23:00.432424+00:00,adcp,AtTheGage
05430500,POINT (-89.07166666666666 42.61361111111111),1b02e8a6-0711-4890-a2af-98067d3c6370,USGS-05430500,513fb50d-fa24-32d1-e053-0100007f488d,762,2014-09-17T19:42:10+00:00,Rock,1340,ft^3/s,265,ft,763,ft^2,1.75,ft/s,,ft,Firm,Sand,Uneven,Even,NonStandard,Unknown,BridgeDownstreamSide,2026-07-04T02:23:00.432424+00:00,adcp,AtTheGage
05430500,POINT (-89.07166666666666 42.61361111111111),1d06981e-28ba-4ec0-85db-836e909b9a0d,USGS-05430500,513fc4cc-2dfc-3f5b-e053-0100007fe4c3,779,2016-09-23T16:20:35+00:00,rock,3680,ft^3/s,281,ft,1540,ft^2,2.39,ft/s,,ft,Firm,Cobbles,Uneven,Even,Standard,Unknown,BridgeDownstreamSide,2026-07-04T02:23:00.432424+00:00,adcp,AtTheGage
05430500,POINT (-89.07166666666666 42.61361111111111),1f4d2fa7-a738-4d98-b182-6aaca894a74e,USGS-05430500,513fb368-e392-31f4-e053-0100007f2586,708,2008-12-13T18:31:30+00:00,Imported Channel 1,1630,ft^3/s,383,ft,1010,ft^2,1.59,ft/s,21120.00,ft,Firm,Gravel,Even,Unspecified,Unspecified,Unknown,Wading,2026-07-04T02:23:00.432424+00:00,point_velocity,Upstream
05430500,POINT (-89.07166666666666 42.61361111111111),1ff1315a-3112-4f57-a9fe-77e19a97a681,USGS-05430500,513fc5c5-6eb5-4036-e053-0100007f7f77,646,2001-01-16T19:41:00+00:00,Imported Channel 1,1470,ft^3/s,388,ft,965,ft^2,1.49,ft/s,,,Unspecified,Unspecified,Unspecified,Unspecified,Unspecified,Unknown,Wading,2026-07-04T02:23:00.432424+00:00,point_velocity,Unspecified
05430500,POINT (-89.07166666666666 42.61361111111111),219d7390-4b14-4a19-9328-d48d01416656,USGS-05430500,513fb348-9179-30f8-e053-0100007f5389,584,1991-12-10T17:10:00+00:00,Imported Channel 1,4050,ft^3/s,277,ft,1520,ft^2,2.66,ft/s,,,Unspecified,Unspecified,Unspecified,Unspecified,Unspecified,Unknown,BridgeCrane,2026-07-04T02:23:00.432424+00:00,point_velocity,Unspecified
05430500,POINT (-89.07166666666666 42.61361111111111),21acf127-b4f9-4d60-93e6-0c3505801898,USGS-05430500,513fcd5f-89a4-458d-e053-0100007f480b,702,2008-05-21T17:30:00+00:00,Imported Channel 1,4670,ft^3/s,288,ft,1680,ft^2,2.78,ft/s,,,Unspecified,Unspecified,Unspecified,Unspecified,Unspecified,Unknown,BridgeCrane,2026-07-04T02:23:00.432424+00:00,point_velocity,Unspecified
05430500,POINT (-89.07166666666666 42.61361111111111),223ee740-0286-477d-8659-b29eb015409a,USGS-05430500,513fc545-65e5-3ed0-e053-0100007f0b33,575,1990-10-29T18:55:00+00:00,Imported Channel 1,1290,ft^3/s,265,ft,731,ft^2,1.76,ft/s,,,Unspecified,Unspecified,Unspecified,Unspecified,Unspecified,Unknown,BridgeCrane,2026-07-04T02:23:00.432424+00:00,point_velocity,Unspecified
05430500,POINT (-89.07166666666666 42.61361111111111),22f03b24-c969-43c6-8e40-e9cc8515435d,USGS-05430500,513fc741-a7f8-41b8-e053-0100007fbfce,732,2011-03-25T19:07:30+00:00,1,7440,ft^3/s,307,ft,2330,ft^2,3.19,ft/s,1500.00,ft,Firm,CobblesBoulders,Even,Even,Standard,Unknown,BridgeDownstreamSide,2026-07-04T02:23:00.432424+00:00,adcp,Upstream
05430500,POINT (-89.07166666666666 42.61361111111111),23ab6808-9b4f-4ee6-9281-c1f9164386f2,USGS-05430500,513fb175-85de-30f0-e053-0100007f5819,565,1989-07-31T19:30:00+00:00,Imported Channel 1,873,ft^3/s,258,ft,578,ft^2,1.51,ft/s,,,Unspecified,Unspecified,Unspecified,Unspecified,Unspecified,Unknown,Wading,2026-07-04T02:23:00.432424+00:00,point_velocity,Unspecified
05430500,POINT (-89.07166666666666 42.61361111111111),2623d76e-b678-4cef-8527-6cf99c16fadd,USGS-05430500,513fc938-c866-42ca-e053-0100007f2ae6,754,2014-01-31T20:18:25+00:00,left 1/3 of rock,126,ft^3/s,84.0,ft,194,ft^2,0.65,ft/s,,,Soft,SiltMud,Even,Even,Unknown,Unknown,Ice,2026-07-04T02:23:00.432424+00:00,point_velocity,AtTheGage
05430500,POINT (-89.07166666666666 42.61361111111111),263c8eff-1cb5-4f6b-b227-9fad3fe1a174,USGS-05430500,513fd127-53b5-45b9-e053-0100007f027f,715,2009-06-10T16:41:00+00:00,Imported Channel 1,3350,ft^3/s,281,ft,1340,ft^2,2.50,ft/s,1584.00,ft,Firm,Gravel,Even,Unspecified,Unspecified,Unknown,BridgeDownstreamSide,2026-07-04T02:23:00.432424+00:00,point_velocity,Upstream
05430500,POINT (-89.07166666666666 42.61361111111111),278575b4-6e71-4a0f-817c-843da13381c1,USGS-05430500,513fb795-25ac-347b-e053-0100007f459c,657,2003-01-07T18:56:00+00:00,Imported Channel 1,1020,ft^3/s,377,ft,719,ft^2,1.40,ft/s,,,Unspecified,Unspecified,Unspecified,Unspecified,Unspecified,Unknown,Wading,2026-07-04T02:23:00.432424+00:00,point_velocity,Unspecified
05430500,POINT (-89.07166666666666 42.61361111111111),27a95222-5812-4918-8867-918d9c5436d4,USGS-05430500,513fb822-bba9-3547-e053-0100007f9868,625,1997-08-05T15:30:00+00:00,Imported Channel 1,2450,ft^3/s,271,ft,1050,ft^2,2.33,ft/s,,,Unspecified,Unspecified,Unspecified,Unspecified,Unspecified,Unknown,BridgeCrane,2026-07-04T02:23:00.432424+00:00,point_velocity,Unspecified
05430500,POINT (-89.07166666666666 42.61361111111111),27acee38-b9a8-4e82-9ab3-6012ff397904,USGS-05430500,513fc5c5-6eaa-4036-e053-0100007f7f77,578,1991-02-26T16:57:00+00:00,Imported Channel 1,1500,ft^3/s,266,ft,786,ft^2,1.91,ft/s,,,Unspecified,Unspecified,Unspecified,Unspecified,Unspecified,Unknown,BridgeCrane,2026-07-04T02:23:00.432424+00:00,point_velocity,Unspecified
05430500,POINT (-89.07166666666666 42.61361111111111),2870c9f0-1f02-468d-9a9b-f5c4285d89be,USGS-05430500,513fc4e3-65c4-3f5f-e053-0100007fda83,678,2005-06-01T19:33:00+00:00,Imported Channel 1,990,ft^3/s,342,ft,666,ft^2,1.46,ft/s,,,Unspecified,Unspecified,Unspecified,Unspecified,Unspecified,Unknown,Wading,2026-07-04T02:23:00.432424+00:00,point_velocity,Unspecified
05430500,POINT (-89.07166666666666 42.61361111111111),290623cc-0aa1-4a43-b855-de4b535d5275,USGS-05430500,513fc339-8a32-3e9c-e053-0100007f3cec,690,2007-01-26T18:08:00+00:00,Imported Channel 1,2170,ft^3/s,376,ft,1240,ft^2,1.73,ft/s,,,Unspecified,Unspecified,Unspecified,Unspecified,Unspecified,Unknown,Wading,2026-07-04T02:23:00.432424+00:00,point_velocity,Unspecified
05430500,POINT (-89.07166666666666 42.61361111111111),297efdff-26b5-4db1-805f-46e008b24829,USGS-05430500,513fc607-a028-4010-e053-0100007f56f8,685,2006-05-30T14:05:00+00:00,Imported Channel 1,3560,ft^3/s,282,ft,1420,ft^2,2.51,ft/s,,,Unspecified,Unspecified,Unspecified,Unspecified,Unspecified,Unknown,BridgeCrane,2026-07-04T02:23:00.432424+00:00,point_velocity,Unspecified
05430500,POINT (-89.07166666666666 42.61361111111111),29b99f84-1379-4f84-99f9-fc3fa5184b80,USGS-05430500,513fccd4-c734-453e-e053-0100007fbac6,773,2016-02-09T21:26:43+00:00,Rock,2630,ft^3/s,284,ft,1240,ft^2,2.13,ft/s,,ft,Firm,Cobbles,Uneven,Even,NonStandard,Unknown,BridgeDownstreamSide,2026-07-04T02:23:00.432424+00:00,adcp,AtTheGage
05430500,POINT (-89.07166666666666 42.61361111111111),2ba062d6-857d-4dc1-a3d7-95c38a827410,USGS-05430500,8f111768-44e8-469f-b249-21cc594e6852,809,2020-08-27T21:00:46+00:00,afton,1120,ft^3/s,266,ft,717,ft^2,1.56,ft/s,0.00,ft,Firm,Cobbles,Uneven,Uneven,NonStandard,Pulsating,BridgeDownstreamSide,2026-07-04T02:23:00.432424+00:00,adcp,AtTheGage
05430500,POINT (-89.07166666666666 42.61361111111111),2ba3a022-4b6b-4426-b922-ce119e3c91b6,USGS-05430500,605250cd-42a1-7435-e053-0100007fddef,789,2017-12-13T18:11:52+00:00,afton,1080,ft^3/s,266,ft,723,ft^2,1.49,ft/s,0.00,ft,Firm,Cobbles,Uneven,Even,NonStandard,Unknown,BridgeDownstreamSide,2026-07-04T02:23:00.432424+00:00,adcp,AtTheGage
05430500,POINT (-89.07166666666666 42.61361111111111),2d8e9e00-aa9e-49a6-9e90-d35031abdab9,USGS-05430500,0e600a7c-c0b6-4ae7-a0c3-ce4fb525d1ca,814,2021-07-21T20:14:34+00:00,afton,1040,ft^3/s,258,ft,656,ft^2,1.59,ft/s,0.00,ft,Firm,Cobbles,Uneven,Even,NonStandard,Pulsating,BridgeDownstreamSide,2026-07-04T02:23:00.432424+00:00,adcp,AtTheGage
05430500,POINT (-89.07166666666666 42.61361111111111),2ee58f9b-cba0-4d56-a59a-c34bbb59ba42,USGS-05430500,513fbb66-9e6d-379b-e053-0100007f3ee5,583,1991-10-17T14:13:00+00:00,Imported Channel 1,1020,ft^3/s,262,ft,651,ft^2,1.57,ft/s,,,Unspecified,Unspecified,Unspecified,Unspecified,Unspecified,Unknown,Wading,2026-07-04T02:23:00.432424+00:00,point_velocity,Unspecified
05430500,POINT (-89.07166666666666 42.61361111111111),2f4d198e-7741-47ac-9a24-4dfe59cd245f,USGS-05430500,513fbf94-55ce-3c3b-e053-0100007fd2fd,689,2006-11-27T14:53:00+00:00,Imported Channel 1,2610,ft^3/s,280,ft,1180,ft^2,2.21,ft/s,,,Unspecified,Unspecified,Unspecified,Unspecified,Unspecified,Unknown,BridgeCrane,2026-07-04T02:23:00.432424+00:00,point_velocity,Unspecified
05430500,POINT (-89.07166666666666 42.61361111111111),2fe0d92b-ece1-4246-b277-a8b4c7685cd5,USGS-05430500,513faa0d-492f-29cf-e053-0100007f257c,591,1992-10-05T15:34:00+00:00,Imported Channel 1,1610,ft^3/s,265,ft,815,ft^2,1.98,ft/s,,,Unspecified,Unspecified,Unspecified,Unspecified,Unspecified,Unknown,BridgeCrane,2026-07-04T02:23:00.432424+00:00,point_velocity,Unspecified
05430500,POINT (-89.07166666666666 42.61361111111111),3021bd01-8bd5-4182-84cf-ad932d26a3e6,USGS-05430500,513fd1bd-a503-4a2e-e053-0100007f48c2,765,2015-02-26T18:30:00+00:00,Main,1150,ft^3/s,268,ft,802,ft^2,1.43,ft/s,,ft,Firm,Gravel,Even,Even,Standard,Unknown,BridgeDownstreamSide,2026-07-04T02:23:00.432424+00:00,adcp,AtTheGage
05430500,POINT (-89.07166666666666 42.61361111111111),30790a3d-3ec2-4b51-b519-c4f4a40f72fc,USGS-05430500,513fc495-2a19-3f5d-e053-0100007fe9fd,626,1997-09-15T14:32:00+00:00,Imported Channel 1,1130,ft^3/s,257,ft,650,ft^2,1.74,ft/s,,,Unspecified,Unspecified,Unspecified,Unspecified,Unspecified,Unknown,Wading,2026-07-04T02:23:00.432424+00:00,point_velocity,Unspecified
05430500,POINT (-89.07166666666666 42.61361111111111),315a4585-055a-4de1-9ee0-3a7cd6688e79,USGS-05430500,513fcd1c-2f90-4548-e053-0100007f99c8,639,1999-10-14T16:30:00+00:00,Imported Channel 1,1230,ft^3/s,262,ft,701,ft^2,1.75,ft/s,,,Unspecified,Unspecified,Unspecified,Unspecified,Unspecified,Unknown,BridgeCrane,2026-07-04T02:23:00.432424+00:00,point_velocity,Unspecified
05430500,POINT (-89.07166666666666 42.61361111111111),36e34c6a-e233-429a-a9c5-b5bc0a223c31,USGS-05430500,513fbeae-2193-3a0e-e053-0100007f7a2d,721,2010-02-18T15:53:47+00:00,main,2130,ft^3/s,283,ft,1050,ft^2,2.03,ft/s,800.00,ft,Firm,CobblesBoulders,Even,Even,Unspecified,Unknown,MannedMovingBoat,2026-07-04T02:23:00.432424+00:00,adcp,Upstream
05430500,POINT (-89.07166666666666 42.61361111111111),37354ee8-df28-4d4c-8335-c396c3a2cc66,USGS-05430500,513fc60f-5ff7-4012-e053-0100007fd95b,595,1993-04-22T18:45:00+00:00,Imported Channel 1,10600,ft^3/s,303,ft,2820,ft^2,3.76,ft/s,,,Unspecified,Unspecified,Unspecified,Unspecified,Unspecified,Unknown,BridgeCrane,2026-07-04T02:23:00.432424+00:00,point_velocity,Unspecified
05430500,POINT (-89.07166666666666 42.61361111111111),377ead8d-113b-48a1-a361-6ce9babff8c1,USGS-05430500,513fcdad-e3e7-458f-e053-0100007f7f7e,661,2003-07-28T14:13:00+00:00,Imported Channel 1,750,ft^3/s,256,ft,551,ft^2,1.36,ft/s,,,Unspecified,Unspecified,Unspecified,Unspecified,Unspecified,Unknown,Wading,2026-07-04T02:23:00.432424+00:00,point_velocity,Unspecified
05430500,POINT (-89.07166666666666 42.61361111111111),3a33337d-9467-4a6e-897e-46b58e5a2c53,USGS-05430500,513fbe79-de2b-39ef-e053-0100007f042c,736,2011-09-21T16:58:00+00:00,1,708,ft^3/s,268,ft,503,ft^2,1.41,ft/s,1500.00,ft,Firm,CobblesBoulders,Even,Even,Standard,Unknown,BridgeDownstreamSide,2026-07-04T02:23:00.432424+00:00,adcp,Upstream
05430500,POINT (-89.07166666666666 42.61361111111111),3a64a94e-36e4-4baa-bb28-967ae0189fe6,USGS-05430500,9249bee5-2d83-6578-e053-0100007f6442,802,2019-09-09T20:23:48+00:00,afton,1590,ft^3/s,269,ft,907,ft^2,1.75,ft/s,0.00,ft,Firm,Cobbles,Uneven,Even,NonStandard,Pulsating,BridgeDownstreamSide,2026-07-04T02:23:00.432424+00:00,adcp,AtTheGage
05430500,POINT (-89.07166666666666 42.61361111111111),3b5bfc6a-294a-4a6d-8b9b-8ea66063a02d,USGS-05430500,513fbfc1-76a0-3b44-e053-0100007f2ffd,608,1995-01-16T15:06:00+00:00,Imported Channel 1,1020,ft^3/s,262,ft,648,ft^2,1.57,ft/s,,,Unspecified,Unspecified,Unspecified,Unspecified,Unspecified,Unknown,Wading,2026-07-04T02:23:00.432424+00:00,point_velocity,Unspecified
05430500,POINT (-89.07166666666666 42.61361111111111),3b8b4ee4-44f2-44cf-bb77-09cdb9b39ebc,USGS-05430500,513fd0da-af7f-49e6-e053-0100007f6660,705,2008-08-01T16:07:00+00:00,Imported Channel 1,4610,ft^3/s,287,ft,1690,ft^2,2.73,ft/s,,,Unspecified,Unspecified,Unspecified,Unspecified,Unspecified,Unknown,BridgeCrane,2026-07-04T02:23:00.432424+00:00,point_velocity,Unspecified
05430500,POINT (-89.07166666666666 42.61361111111111),3c90e252-dc25-4b6d-960e-431048b5a426,USGS-05430500,513fbf39-31b5-3a4e-e053-0100007f3e36,638,1999-08-20T15:58:00+00:00,Imported Channel 1,2780,ft^3/s,272,ft,1140,ft^2,2.44,ft/s,,,Unspecified,Unspecified,Unspecified,Unspecified,Unspecified,Unknown,BridgeCrane,2026-07-04T02:23:00.432424+00:00,point_velocity,Unspecified
05430500,POINT (-89.07166666666666 42.61361111111111),3ca1a2d9-a832-4353-abfb-0424598325a0,USGS-05430500,5ccb364a-0ddc-a310-e053-0100007f68d4,788,2017-10-25T15:55:46+00:00,afton,2730,ft^3/s,278,ft,1280,ft^2,2.14,ft/s,0.00,ft,Firm,Cobbles,Uneven,Even,NonStandard,Unknown,BridgeDownstreamSide,2026-07-04T02:23:00.432424+00:00,adcp,AtTheGage
05430500,POINT (-89.07166666666666 42.61361111111111),3ef6f659-471d-4177-944d-216fd9c858e9,USGS-05430500,513fb175-85df-30f0-e053-0100007f5819,566,1989-09-11T16:00:00+00:00,Imported Channel 1,2110,ft^3/s,270,ft,981,ft^2,2.15,ft/s,,,Unspecified,Unspecified,Unspecified,Unspecified,Unspecified,Unknown,BridgeCrane,2026-07-04T02:23:00.432424+00:00,point_velocity,Unspecified
05430500,POINT (-89.07166666666666 42.61361111111111),3f049046-e13b-43f6-91b3-434e07e5ed6c,USGS-05430500,513fb129-80e5-2fd6-e053-0100007f8c1c,637,1999-05-04T14:45:00+00:00,Imported Channel 1,6070,ft^3/s,283,ft,1960,ft^2,3.10,ft/s,,,Unspecified,Unspecified,Unspecified,Unspecified,Unspecified,Unknown,BridgeCrane,2026-07-04T02:23:00.432424+00:00,point_velocity,Unspecified
05430500,POINT (-89.07166666666666 42.61361111111111),40aa002a-7d95-4aa2-933f-a0a3aa204fca,USGS-05430500,f1a00537-a3af-47ba-ac9a-10a96a1f4267,825,2023-10-03T16:54:18+00:00,afton,1050,ft^3/s,262,ft,665,ft^2,1.58,ft/s,0.00,ft,Firm,Cobbles,Uneven,Even,NonStandard,Pulsating,BridgeDownstreamSide,2026-07-04T02:23:00.432424+00:00,adcp,AtTheGage
05430500,POINT (-89.07166666666666 42.61361111111111),413bd999-9dbc-476d-8871-3fd55315d28d,USGS-05430500,513fbf34-7126-3a4a-e053-0100007f7957,757,2014-04-04T17:42:30+00:00,Rock,4490,ft^3/s,295,ft,1730,ft^2,2.60,ft/s,,ft,Firm,Gravel,Even,Even,Uniform,Unknown,BridgeDownstreamSide,2026-07-04T02:23:00.432424+00:00,adcp,AtTheGage
05430500,POINT (-89.07166666666666 42.61361111111111),42761564-df2a-47b6-bb58-b1bbb8e4a73b,USGS-05430500,513fd19d-50f0-4a32-e053-0100007f195d,768,2015-06-24T15:56:30+00:00,main,2880,ft^3/s,279,ft,1310,ft^2,2.19,ft/s,,ft,Firm,Sand,Even,Even,Standard,Unknown,BridgeDownstreamSide,2026-07-04T02:23:00.432424+00:00,adcp,AtTheGage
05430500,POINT (-89.07166666666666 42.61361111111111),431d1bdb-651c-4e39-b457-0064bcc1c942,USGS-05430500,513fc938-c841-42ca-e053-0100007f2ae6,551,1988-06-01T05:00:00+00:00,Imported Channel 1,717,ft^3/s,,,,,,,,ft,Unspecified,Unspecified,Unspecified,Unspecified,Unspecified,Unknown,Unspecified,2026-07-04T02:23:00.432424+00:00,other_method,Unspecified
05430500,POINT (-89.07166666666666 42.61361111111111),4466c928-cf94-42c7-9d7a-6bd997bee9c4,USGS-05430500,513fc9a6-7159-42be-e053-0100007f4c7e,561,1989-03-13T14:30:00+00:00,Imported Channel 1,1720,ft^3/s,267,ft,868,ft^2,1.98,ft/s,,,Unspecified,Unspecified,Unspecified,Unspecified,Unspecified,Unknown,BridgeCrane,2026-07-04T02:23:00.432424+00:00,point_velocity,Unspecified
05430500,POINT (-89.07166666666666 42.61361111111111),4526ef1a-d465-4ad6-a0c4-ff148c8519d3,USGS-05430500,513fccf8-a4af-454a-e053-0100007f9363,642,2000-06-07T14:08:00+00:00,Imported Channel 1,9270,ft^3/s,300,ft,2620,ft^2,3.54,ft/s,,,Unspecified,Unspecified,Unspecified,Unspecified,Unspecified,Unknown,BridgeCrane,2026-07-04T02:23:00.432424+00:00,point_velocity,Unspecified
05430500,POINT (-89.07166666666666 42.61361111111111),45fcb2e9-ba6e-4003-9b1f-f095d904ec63,USGS-05430500,513fc76b-b54c-41b5-e053-0100007f7678,723,2010-04-26T21:03:00+00:00,main,4280,ft^3/s,291,ft,1670,ft^2,2.56,ft/s,1200.00,ft,Firm,CobblesBoulders,Even,Uneven,Unspecified,Unknown,MannedMovingBoat,2026-07-04T02:23:00.432424+00:00,adcp,Upstream
05430500,POINT (-89.07166666666666 42.61361111111111),46143fae-f0a3-4cb2-940e-fbde53f996b6,USGS-05430500,513fc596-a680-4016-e053-0100007f80c0,682,2005-12-20T20:52:00+00:00,Imported Channel 1,896,ft^3/s,372,ft,778,ft^2,1.13,ft/s,,,Unspecified,Unspecified,Unspecified,Unspecified,Unspecified,Unknown,Wading,2026-07-04T02:23:00.432424+00:00,point_velocity,Unspecified
05430500,POINT (-89.07166666666666 42.61361111111111),4618e357-3948-4fd1-86f9-c7b193696b5d,USGS-05430500,513fb7cd-c77c-3479-e053-0100007fed4e,644,2000-10-27T18:01:00+00:00,Imported Channel 1,1570,ft^3/s,385,ft,1010,ft^2,1.54,ft/s,,,Unspecified,Unspecified,Unspecified,Unspecified,Unspecified,Unknown,Wading,2026-07-04T02:23:00.432424+00:00,point_velocity,Unspecified
05430500,POINT (-89.07166666666666 42.61361111111111),4666621d-2cea-4f27-9977-e10a2689c3a0,USGS-05430500,513fba72-65a6-36e7-e053-0100007f2b71,552,1988-06-22T05:00:00+00:00,Imported Channel 1,349,ft^3/s,,,,,,,,ft,Unspecified,Unspecified,Unspecified,Unspecified,Unspecified,Unknown,Unspecified,2026-07-04T02:23:00.432424+00:00,other_method,Unspecified
05430500,POINT (-89.07166666666666 42.61361111111111),470810d4-3ce2-4f56-9a46-d83a4f821001,USGS-05430500,513fc38c-6153-3eca-e053-0100007f873a,654,2002-05-14T15:05:00+00:00,Imported Channel 1,3250,ft^3/s,273,ft,1300,ft^2,2.50,ft/s,,,Unspecified,Unspecified,Unspecified,Unspecified,Unspecified,Unknown,BridgeCrane,2026-07-04T02:23:00.432424+00:00,point_velocity,Unspecified
05430500,POINT (-89.07166666666666 42.61361111111111),47632f4f-167c-4be6-8eb9-75001e8c0e7f,USGS-05430500,513fc731-ce4e-4034-e053-0100007f5588,649,2001-07-30T14:17:00+00:00,Imported Channel 1,912,ft^3/s,259,ft,620,ft^2,1.47,ft/s,,,Unspecified,Unspecified,Unspecified,Unspecified,Unspecified,Unknown,Wading,2026-07-04T02:23:00.432424+00:00,point_velocity,Unspecified
05430500,POINT (-89.07166666666666 42.61361111111111),4881d50a-fa9a-47a0-9ee1-fbea6d434322,USGS-05430500,513fb50d-fa23-32d1-e053-0100007f488d,761,2014-08-18T18:37:00+00:00,Rock,810,ft^3/s,263,ft,528,ft^2,1.53,ft/s,,ft,Firm,Gravel,Uneven,Even,NonStandard,Unknown,BridgeDownstreamSide,2026-07-04T02:23:00.432424+00:00,adcp,AtTheGage
05430500,POINT (-89.07166666666666 42.61361111111111),4afd3e6e-2312-45f7-98c4-98d2dd74c8f3,USGS-05430500,513fc495-2a24-3f5d-e053-0100007fe9fd,669,2004-02-27T19:30:00+00:00,Imported Channel 1,1530,ft^3/s,385,ft,990,ft^2,1.52,ft/s,,,Unspecified,Unspecified,Unspecified,Unspecified,Unspecified,Unknown,Wading,2026-07-04T02:23:00.432424+00:00,point_velocity,Unspecified
05430500,POINT (-89.07166666666666 42.61361111111111),4c58be5f-f483-4981-8472-d282bc98a0dc,USGS-05430500,513fbed8-3daf-3a14-e053-0100007fd1a6,555,1988-09-14T15:54:00+00:00,Imported Channel 1,373,ft^3/s,240,ft,373,ft^2,1.00,ft/s,,,Unspecified,Unspecified,Unspecified,Unspecified,Unspecified,Unknown,Wading,2026-07-04T02:23:00.432424+00:00,point_velocity,Unspecified
05430500,POINT (-89.07166666666666 42.61361111111111),4cbfe3e4-1438-417d-8a7a-ec2bb77b20d3,USGS-05430500,513fccab-ceb7-4522-e053-0100007f2938,658,2003-01-29T19:25:00+00:00,Imported Channel 1,802,ft^3/s,343,ft,580,ft^2,1.35,ft/s,,,Unspecified,Unspecified,Unspecified,Unspecified,Unspecified,Unknown,Wading,2026-07-04T02:23:00.432424+00:00,point_velocity,Unspecified
05430500,POINT (-89.07166666666666 42.61361111111111),4ef19399-a296-4d04-a249-9f4886f3d528,USGS-05430500,513fbeae-2185-3a0e-e053-0100007f7a2d,619,1996-09-05T16:38:00+00:00,Imported Channel 1,946,ft^3/s,260,ft,615,ft^2,1.54,ft/s,,,Unspecified,Unspecified,Unspecified,Unspecified,Unspecified,Unknown,Wading,2026-07-04T02:23:00.432424+00:00,point_velocity,Unspecified
05430500,POINT (-89.07166666666666 42.61361111111111),4f02fb53-58f5-4cab-8442-6ab0f54af56d,USGS-05430500,513fbe6c-657e-39f1-e053-0100007fca87,572,1990-05-21T16:38:00+00:00,Imported Channel 1,3560,ft^3/s,276,ft,1400,ft^2,2.54,ft/s,,,Unspecified,Unspecified,Unspecified,Unspecified,Unspecified,Unknown,BridgeCrane,2026-07-04T02:23:00.432424+00:00,point_velocity,Unspecified
05430500,POINT (-89.07166666666666 42.61361111111111),4fd4f823-97ed-4220-9840-d4d3b8132b4d,USGS-05430500,5c834fbc-d261-4969-8bcb-ba3e4c8459d7,812,2021-03-30T16:39:08+00:00,afton,4060,ft^3/s,286,ft,1660,ft^2,2.44,ft/s,0.00,ft,Unspecified,Unspecified,Unspecified,Even,Unspecified,Unspecified,BridgeDownstreamSide,2026-07-04T02:23:00.432424+00:00,adcp,AtTheGage
05430500,POINT (-89.07166666666666 42.61361111111111),509d7bcb-25ce-4c58-818f-5ca23c99ae7e,USGS-05430500,513fb368-e37d-31f4-e053-0100007f2586,562,1989-04-12T14:00:00+00:00,Imported Channel 1,3640,ft^3/s,274,ft,1360,ft^2,2.67,ft/s,,,Unspecified,Unspecified,Unspecified,Unspecified,Unspecified,Unknown,BridgeCrane,2026-07-04T02:23:00.432424+00:00,point_velocity,Unspecified
05430500,POINT (-89.07166666666666 42.61361111111111),51977a51-7c18-4730-a5d6-95ae86708f00,USGS-05430500,513fcd1c-2f93-4548-e053-0100007f99c8,651,2002-01-03T20:33:00+00:00,Imported Channel 1,2020,ft^3/s,377,ft,1160,ft^2,1.73,ft/s,,,Unspecified,Unspecified,Unspecified,Unspecified,Unspecified,Unknown,Wading,2026-07-04T02:23:00.432424+00:00,point_velocity,Unspecified
05430500,POINT (-89.07166666666666 42.61361111111111),5202f34f-c6f8-46a0-90c6-4a1cbd385f17,USGS-05430500,513fc95f-c5cc-4213-e053-0100007faceb,614,1996-01-10T20:36:00+00:00,Imported Channel 1,1250,ft^3/s,362,ft,822,ft^2,1.49,ft/s,,,Unspecified,Unspecified,Unspecified,Unspecified,Unspecified,Unknown,Wading,2026-07-04T02:23:00.432424+00:00,point_velocity,Unspecified
05430500,POINT (-89.07166666666666 42.61361111111111),52864831-9b5a-4e5c-a4df-bd30f585ade2,USGS-05430500,513fba36-bce5-36e9-e053-0100007f8b69,613,1995-12-05T15:32:00+00:00,Imported Channel 1,2870,ft^3/s,273,ft,1230,ft^2,2.33,ft/s,,,Unspecified,Unspecified,Unspecified,Unspecified,Unspecified,Unknown,BridgeCrane,2026-07-04T02:23:00.432424+00:00,point_velocity,Unspecified
05430500,POINT (-89.07166666666666 42.61361111111111),529654ae-cefa-42a4-a8fc-03583617e794,USGS-05430500,513fd255-4638-4a88-e053-0100007f471e,745,2012-10-22T18:32:40+00:00,Main,937,ft^3/s,262,ft,598,ft^2,1.57,ft/s,20.00,ft,Firm,Cobbles,Even,Even,Standard,Unknown,BridgeDownstreamSide,2026-07-04T02:23:00.432424+00:00,adcp,Downstream
05430500,POINT (-89.07166666666666 42.61361111111111),52a0d3b7-b4e3-4609-9ef3-347592a3e192,USGS-05430500,513fb348-917c-30f8-e053-0100007f5389,587,1992-04-01T17:11:00+00:00,Imported Channel 1,4000,ft^3/s,278,ft,1490,ft^2,2.68,ft/s,,,Unspecified,Unspecified,Unspecified,Unspecified,Unspecified,Unknown,BridgeCrane,2026-07-04T02:23:00.432424+00:00,point_velocity,Unspecified
05430500,POINT (-89.07166666666666 42.61361111111111),535d29a0-279b-4478-9d3c-c0726694ceb7,USGS-05430500,513fc582-efa4-401a-e053-0100007ff541,556,1988-10-06T14:05:00+00:00,Imported Channel 1,668,ft^3/s,,,,,,,,ft,Unspecified,Unspecified,Unspecified,Unspecified,Unspecified,Unknown,Unspecified,2026-07-04T02:23:00.432424+00:00,other_method,Unspecified
05430500,POINT (-89.07166666666666 42.61361111111111),54f421da-d343-430f-9347-72f343556b0e,USGS-05430500,513fb795-25ae-347b-e053-0100007f459c,660,2003-06-11T17:48:00+00:00,Imported Channel 1,1200,ft^3/s,378,ft,803,ft^2,1.46,ft/s,,,Unspecified,Unspecified,Unspecified,Unspecified,Unspecified,Unknown,Wading,2026-07-04T02:23:00.432424+00:00,point_velocity,Unspecified
05430500,POINT (-89.07166666666666 42.61361111111111),5582c824-de9c-4999-a8d7-b3a4c4e45905,USGS-05430500,81f6bcf2-2c66-3d19-e053-0100007f9ca5,797,2019-02-15T19:03:18+00:00,Afton,4330,ft^3/s,289,ft,1680,ft^2,2.57,ft/s,0.00,ft,Firm,Cobbles,Uneven,Even,NonStandard,Pulsating,BridgeDownstreamSide,2026-07-04T02:23:00.432424+00:00,adcp,AtTheGage
05430500,POINT (-89.07166666666666 42.61361111111111),559ecd86-bdae-404c-b348-b1a8122c4838,USGS-05430500,6a361e7e-0f5e-50a4-e053-0100007fd9ef,791,2018-04-17T20:37:02+00:00,Afton,2530,ft^3/s,275,ft,1190,ft^2,2.13,ft/s,0.00,ft,Firm,Cobbles,Uneven,Even,NonStandard,Pulsating,BridgeDownstreamSide,2026-07-04T02:23:00.432424+00:00,adcp,AtTheGage
05430500,POINT (-89.07166666666666 42.61361111111111),567b3b11-e067-45df-a7e7-17d221f257d3,USGS-05430500,513fc495-2a17-3f5d-e053-0100007fe9fd,606,1994-10-20T17:07:00+00:00,Imported Channel 1,1060,ft^3/s,260,ft,658,ft^2,1.61,ft/s,,,Unspecified,Unspecified,Unspecified,Unspecified,Unspecified,Unknown,Wading,2026-07-04T02:23:00.432424+00:00,point_velocity,Unspecified
05430500,POINT (-89.07166666666666 42.61361111111111),56a32cc3-abeb-4043-8df8-9cbee0fee2fb,USGS-05430500,73176657-f4df-c599-e053-0100007f3b46,793,2018-08-09T20:12:41+00:00,Afton,1440,ft^3/s,260,ft,798,ft^2,1.80,ft/s,0.00,ft,Firm,Cobbles,Even,Even,NonStandard,Pulsating,BridgeDownstreamSide,2026-07-04T02:23:00.432424+00:00,adcp,AtTheGage
05430500,POINT (-89.07166666666666 42.61361111111111),56dbf14f-669d-483a-9c69-520c2e01b262,USGS-05430500,513fbd01-6644-37b5-e053-0100007f0a04,581,1991-07-25T17:53:00+00:00,Imported Channel 1,1060,ft^3/s,262,ft,650,ft^2,1.63,ft/s,,,Unspecified,Unspecified,Unspecified,Unspecified,Unspecified,Unknown,Wading,2026-07-04T02:23:00.432424+00:00,point_velocity,Unspecified
05430500,POINT (-89.07166666666666 42.61361111111111),5754c5c2-3494-4f10-8a14-b5ba6c217614,USGS-05430500,9b7ef6f4-2299-4bd3-942e-17f5b6b82b2b,831,2024-10-03T20:56:54+00:00,afton,1210,ft^3/s,271,ft,776,ft^2,1.56,ft/s,0.00,ft,Unspecified,Unspecified,Unspecified,Even,Unspecified,Unspecified,BridgeDownstreamSide,2026-07-04T02:23:00.432424+00:00,adcp,AtTheGage
05430500,POINT (-89.07166666666666 42.61361111111111),58560166-5577-4a62-9fe1-61d03048fb57,USGS-05430500,513fd428-9977-4b8e-e053-0100007fb677,770,2015-10-06T18:38:40+00:00,Rock,2030,ft^3/s,268,ft,1020,ft^2,1.99,ft/s,,ft,Firm,Cobbles,Uneven,Even,NonStandard,Unknown,BridgeDownstreamSide,2026-07-04T02:23:00.432424+00:00,adcp,AtTheGage
05430500,POINT (-89.07166666666666 42.61361111111111),58d0b3f5-d4e2-4d43-91d8-c9ce6c17bcc3,USGS-05430500,513fc01b-a556-3b86-e053-0100007fc866,728,2010-09-29T16:09:00+00:00,US Bridge,2300,ft^3/s,274,ft,1070,ft^2,2.14,ft/s,1500.00,ft,Firm,CobblesBoulders,Even,Even,Unspecified,Unknown,MannedMovingBoat,2026-07-04T02:23:00.432424+00:00,adcp,Upstream
05430500,POINT (-89.07166666666666 42.61361111111111),5a5ae922-8440-4476-b99f-1412ac83f2f4,USGS-05430500,513fc95e-7631-4217-e053-0100007ffc02,612,1995-09-11T13:50:00+00:00,Imported Channel 1,1910,ft^3/s,267,ft,927,ft^2,2.06,ft/s,,,Unspecified,Unspecified,Unspecified,Unspecified,Unspecified,Unknown,BridgeCrane,2026-07-04T02:23:00.432424+00:00,point_velocity,Unspecified
05430500,POINT (-89.07166666666666 42.61361111111111),5ac950a5-cc3e-47d3-b8ba-6aa989ea5c8f,USGS-05430500,513fc951-8e24-42c0-e053-0100007fa6db,696,2007-08-28T13:55:00+00:00,Imported Channel 1,7720,ft^3/s,306,ft,2370,ft^2,3.26,ft/s,,,Unspecified,Unspecified,Unspecified,Unspecified,Unspecified,Unknown,BridgeCrane,2026-07-04T02:23:00.432424+00:00,point_velocity,Unspecified
05430500,POINT (-89.07166666666666 42.61361111111111),5e311b02-cc41-4fc3-b974-4ca83b3a8c81,USGS-05430500,513fc938-c85a-42ca-e053-0100007f2ae6,707,2008-09-30T17:04:00+00:00,Imported Channel 1,1550,ft^3/s,376,ft,972,ft^2,1.57,ft/s,,,Unspecified,Unspecified,Unspecified,Unspecified,Unspecified,Unknown,Wading,2026-07-04T02:23:00.432424+00:00,point_velocity,Unspecified
05430500,POINT (-89.07166666666666 42.61361111111111),5e538ba0-486c-443c-a2f9-c218ee77fd4f,USGS-05430500,513fc3ac-5f7a-3ecc-e053-0100007f013a,577,1991-01-25T14:52:00+00:00,Imported Channel 1,1030,ft^3/s,405,ft,1000,ft^2,1.03,ft/s,,,Unspecified,Unspecified,Unspecified,Unspecified,Unspecified,Unknown,Ice,2026-07-04T02:23:00.432424+00:00,point_velocity,Unspecified
05430500,POINT (-89.07166666666666 42.61361111111111),5e56f7e4-5196-4271-8012-e9002e3a9112,USGS-05430500,513fcd8a-0a83-458b-e053-0100007f8d48,691,2007-02-20T19:00:00+00:00,Imported Channel 1,1340,ft^3/s,355,ft,930,ft^2,1.41,ft/s,,,Unspecified,Unspecified,Unspecified,Unspecified,Unspecified,Unknown,Wading,2026-07-04T02:23:00.432424+00:00,point_velocity,Unspecified
05430500,POINT (-89.07166666666666 42.61361111111111),5e75f885-e8a7-46ca-975d-97b83bd0ba83,USGS-05430500,513fcdc3-592a-4526-e053-0100007f4892,647,2001-03-21T19:04:00+00:00,Imported Channel 1,4410,ft^3/s,279,ft,1620,ft^2,2.72,ft/s,,,Unspecified,Unspecified,Unspecified,Unspecified,Unspecified,Unknown,BridgeCrane,2026-07-04T02:23:00.432424+00:00,point_velocity,Unspecified
05430500,POINT (-89.07166666666666 42.61361111111111),5f0191d1-d125-4fbc-ba68-eb1d4bdb04c6,USGS-05430500,bb909b6b-5230-4042-8f98-cbd6075319cf,836,2025-07-18T17:01:55+00:00,ROCK AT AFTON,1900,ft^3/s,267,ft,912,ft^2,2.08,ft/s,0.00,ft,Firm,Sand,Even,Even,Standard,Steady,BridgeDownstreamSide,2026-07-04T02:23:00.432424+00:00,adcp,AtTheGage
05430500,POINT (-89.07166666666666 42.61361111111111),5f8bebf2-05a4-4eb6-83e2-c31c48b0f328,USGS-05430500,513fcd5f-899c-458d-e053-0100007f480b,656,2002-10-22T18:18:00+00:00,Imported Channel 1,1410,ft^3/s,385,ft,917,ft^2,1.51,ft/s,,,Unspecified,Unspecified,Unspecified,Unspecified,Unspecified,Unknown,Wading,2026-07-04T02:23:00.432424+00:00,point_velocity,Unspecified
05430500,POINT (-89.07166666666666 42.61361111111111),600aa217-3f31-47d5-ab8e-70d466367a8e,USGS-05430500,f3da2538-0625-42bf-bf96-9df409fe98ee,827,2024-02-05T18:35:49+00:00,afton,3350,ft^3/s,278,ft,1440,ft^2,2.33,ft/s,0.00,ft,Unspecified,Unspecified,Unspecified,Unspecified,Unspecified,Unspecified,BridgeDownstreamSide,2026-07-04T02:23:00.432424+00:00,adcp,AtTheGage
05430500,POINT (-89.07166666666666 42.61361111111111),62def6ee-29f6-41c4-9d41-b900d1be8343,USGS-05430500,513fbfa1-866b-3c13-e053-0100007fc3c5,645,2000-12-15T20:06:00+00:00,Imported Channel 1,1300,ft^3/s,384,ft,896,ft^2,1.43,ft/s,,,Unspecified,Unspecified,Unspecified,Unspecified,Unspecified,Unknown,Wading,2026-07-04T02:23:00.432424+00:00,point_velocity,Unspecified
05430500,POINT (-89.07166666666666 42.61361111111111),63330eb1-b167-437f-8170-01ffa2ddb82c,USGS-05430500,513fbae0-2518-3737-e053-0100007f1b5e,549,1988-01-11T06:00:00+00:00,Imported Channel 1,1830,ft^3/s,,,,,,,,ft,Unspecified,Unspecified,Unspecified,Unspecified,Unspecified,Unknown,Unspecified,2026-07-04T02:23:00.432424+00:00,other_method,Unspecified
05430500,POINT (-89.07166666666666 42.61361111111111),64e82029-bc62-408a-a6db-409f2df1506c,USGS-05430500,513fc9f5-65c0-421b-e053-0100007fa75a,722,2010-03-18T17:20:30+00:00,main,6230,ft^3/s,309,ft,2080,ft^2,2.99,ft/s,500.00,ft,Firm,CobblesBoulders,Even,Uneven,Unspecified,Unknown,MannedMovingBoat,2026-07-04T02:23:00.432424+00:00,adcp,Upstream
05430500,POINT (-89.07166666666666 42.61361111111111),664c4865-c30d-449d-a671-d2aebba23e9b,USGS-05430500,513fc696-2050-402e-e053-0100007f6d64,700,2008-03-28T15:33:00+00:00,Imported Channel 1,7960,ft^3/s,310,ft,2430,ft^2,3.28,ft/s,,,Unspecified,Unspecified,Unspecified,Unspecified,Unspecified,Unknown,BridgeCrane,2026-07-04T02:23:00.432424+00:00,point_velocity,Unspecified
05430500,POINT (-89.07166666666666 42.61361111111111),67a16357-ea7d-4fbd-8594-85a32cd2c67b,USGS-05430500,562cbd9f-b1c0-95a5-e053-0100007fc900,786,2017-08-04T18:33:39+00:00,rock,4230,ft^3/s,286,ft,1770,ft^2,2.39,ft/s,0.00,ft,Firm,Cobbles,Uneven,Even,NonStandard,Unknown,BridgeDownstreamSide,2026-07-04T02:23:00.432424+00:00,adcp,AtTheGage
05430500,POINT (-89.07166666666666 42.61361111111111),69217012-2769-4c43-96b6-f5c726d636dd,USGS-05430500,41089031-41d6-4ade-8325-6a2632346931,815,2021-10-13T20:05:25+00:00,afton,2050,ft^3/s,267,ft,997,ft^2,2.06,ft/s,0.00,ft,Unspecified,Unspecified,Unspecified,Even,Unspecified,Unspecified,BridgeDownstreamSide,2026-07-04T02:23:00.432424+00:00,adcp,AtTheGage
05430500,POINT (-89.07166666666666 42.61361111111111),6a95f858-4043-48cd-8b64-17dd68802523,USGS-05430500,513fbfeb-fb58-3b48-e053-0100007fee6a,679,2005-08-02T14:30:00+00:00,Imported Channel 1,479,ft^3/s,250,ft,460,ft^2,1.04,ft/s,,,Unspecified,Unspecified,Unspecified,Unspecified,Unspecified,Unknown,Wading,2026-07-04T02:23:00.432424+00:00,point_velocity,Unspecified
05430500,POINT (-89.07166666666666 42.61361111111111),6a9b5469-c89f-4b51-a1f6-a73abf916b4e,USGS-05430500,513fd282-b21e-4a85-e053-0100007f982c,744,2012-08-14T17:50:52+00:00,Main,504,ft^3/s,368,ft,715,ft^2,0.70,ft/s,75.00,ft,Firm,Gravel,Even,Even,Standard,Unknown,MannedMovingBoat,2026-07-04T02:23:00.432424+00:00,adcp,Upstream
05430500,POINT (-89.07166666666666 42.61361111111111),6d9dff60-8aad-4d25-a8c7-b9dd4c70817c,USGS-05430500,d586210f-8e44-4363-8e6d-6410397fa19c,804,2019-12-03T17:28:02+00:00,afton,6170,ft^3/s,297,ft,2170,ft^2,2.84,ft/s,0.00,ft,Firm,Cobbles,Uneven,Even,NonStandard,Pulsating,BridgeDownstreamSide,2026-07-04T02:23:00.432424+00:00,adcp,AtTheGage
05430500,POINT (-89.07166666666666 42.61361111111111),6e929425-5177-4d16-a90b-598dea30fae6,USGS-05430500,513fc383-20ba-3e3e-e053-0100007f897f,600,1994-01-22T21:15:00+00:00,Imported Channel 1,1020,ft^3/s,366,ft,955,ft^2,1.05,ft/s,,,Unspecified,Unspecified,Unspecified,Unspecified,Unspecified,Unknown,Wading,2026-07-04T02:23:00.432424+00:00,point_velocity,Unspecified
05430500,POINT (-89.07166666666666 42.61361111111111),6f916786-201b-444a-91c4-84c55737da05,USGS-05430500,513fca2f-4fbd-4311-e053-0100007fc781,686,2006-07-10T17:56:00+00:00,Imported Channel 1,1030,ft^3/s,357,ft,703,ft^2,1.43,ft/s,,,Unspecified,Unspecified,Unspecified,Unspecified,Unspecified,Unknown,Wading,2026-07-04T02:23:00.432424+00:00,point_velocity,Unspecified
05430500,POINT (-89.07166666666666 42.61361111111111),7041295c-eb3b-4c5b-af2e-92fd4a63c5fc,USGS-05430500,513fb348-917e-30f8-e053-0100007f5389,589,1992-06-30T15:07:00+00:00,Imported Channel 1,585,ft^3/s,248,ft,425,ft^2,1.38,ft/s,,,Unspecified,Unspecified,Unspecified,Unspecified,Unspecified,Unknown,Wading,2026-07-04T02:23:00.432424+00:00,point_velocity,Unspecified
05430500,POINT (-89.07166666666666 42.61361111111111),7042e0b1-5e63-406a-940d-ff6f120ffea2,USGS-05430500,513fbaa7-a522-3735-e053-0100007f9215,756,2014-03-21T19:10:00+00:00,ROck,3310,ft^3/s,283,ft,1330,ft^2,2.49,ft/s,,ft,Firm,Sand,Even,Even,Standard,Unknown,BridgeDownstreamSide,2026-07-04T02:23:00.432424+00:00,adcp,AtTheGage
05430500,POINT (-89.07166666666666 42.61361111111111),70742828-70a5-4b8d-943e-73ac35b56d21,USGS-05430500,513fc01b-a557-3b86-e053-0100007fc866,729,2010-11-11T17:37:00+00:00,1,3070,ft^3/s,282,ft,1240,ft^2,2.48,ft/s,1500.00,ft,Soft,Gravel,Even,Even,Uniform,Unknown,BridgeDownstreamSide,2026-07-04T02:23:00.432424+00:00,adcp,Upstream
05430500,POINT (-89.07166666666666 42.61361111111111),7118b3fb-f7e1-49b3-82e3-a2da0832f725,USGS-05430500,513fc39c-8d9d-3ece-e053-0100007f716a,576,1990-12-06T16:10:00+00:00,Imported Channel 1,1440,ft^3/s,266,ft,796,ft^2,1.81,ft/s,,,Unspecified,Unspecified,Unspecified,Unspecified,Unspecified,Unknown,BridgeCrane,2026-07-04T02:23:00.432424+00:00,point_velocity,Unspecified
05430500,POINT (-89.07166666666666 42.61361111111111),713eecbf-bb42-418b-9d19-7db07f06b025,USGS-05430500,513faa0d-4934-29cf-e053-0100007f257c,596,1993-07-20T14:55:00+00:00,Imported Channel 1,6630,ft^3/s,282,ft,2030,ft^2,3.27,ft/s,,,Unspecified,Unspecified,Unspecified,Unspecified,Unspecified,Unknown,BridgeCrane,2026-07-04T02:23:00.432424+00:00,point_velocity,Unspecified
05430500,POINT (-89.07166666666666 42.61361111111111),72a5013a-9995-4054-9ad1-4a7b61a793aa,USGS-05430500,4ab4a6c1-ad94-4264-889b-67fb5bf886ef,805,2020-01-29T20:20:29+00:00,afton,3240,ft^3/s,284,ft,1500,ft^2,2.16,ft/s,0.00,ft,Unspecified,Unspecified,Unspecified,Unspecified,Unspecified,Unspecified,BridgeDownstreamSide,2026-07-04T02:23:00.432424+00:00,adcp,AtTheGage
05430500,POINT (-89.07166666666666 42.61361111111111),7384423d-d14d-40e5-a30c-8c37c09d85b0,USGS-05430500,513fbb5e-ac15-3772-e053-0100007f8e24,621,1997-01-15T16:25:00+00:00,Imported Channel 1,1980,ft^3/s,292,ft,1480,ft^2,1.34,ft/s,,,Unspecified,Unspecified,Unspecified,Unspecified,Unspecified,Unknown,Ice,2026-07-04T02:23:00.432424+00:00,point_velocity,Unspecified
05430500,POINT (-89.07166666666666 42.61361111111111),7445d75c-9dd7-4481-ad51-587dbb53df3f,USGS-05430500,513f9a81-c62f-1f52-e053-0100007f1ac8,663,2003-09-17T15:27:00+00:00,Imported Channel 1,451,ft^3/s,251,ft,485,ft^2,0.93,ft/s,,,Unspecified,Unspecified,Unspecified,Unspecified,Unspecified,Unknown,Wading,2026-07-04T02:23:00.432424+00:00,point_velocity,Unspecified
05430500,POINT (-89.07166666666666 42.61361111111111),7714e4da-77aa-4bb9-b2a7-af36b2c05e5d,USGS-05430500,513fb368-e390-31f4-e053-0100007f2586,703,2008-06-14T13:06:00+00:00,Imported Channel 1,13300,ft^3/s,330,ft,3340,ft^2,3.99,ft/s,,,Unspecified,Unspecified,Unspecified,Unspecified,Unspecified,Unknown,BridgeCrane,2026-07-04T02:23:00.432424+00:00,point_velocity,Unspecified
05430500,POINT (-89.07166666666666 42.61361111111111),78230766-dbd6-4cb7-ada4-15dbb269a0d4,USGS-05430500,513fbfa1-866d-3c13-e053-0100007fc3c5,650,2001-10-29T15:58:00+00:00,Imported Channel 1,3370,ft^3/s,275,ft,1360,ft^2,2.49,ft/s,,,Unspecified,Unspecified,Unspecified,Unspecified,Unspecified,Unknown,BridgeCrane,2026-07-04T02:23:00.432424+00:00,point_velocity,Unspecified
05430500,POINT (-89.07166666666666 42.61361111111111),78d473b0-5938-44f1-a44c-51e1f837e1ca,USGS-05430500,513fc741-a7fa-41b8-e053-0100007fbfce,737,2011-10-13T18:53:00+00:00,1,1220,ft^3/s,307,ft,764,ft^2,1.60,ft/s,15.00,ft,Firm,CobblesBoulders,Even,Even,Standard,Unknown,BridgeDownstreamSide,2026-07-04T02:23:00.432424+00:00,adcp,Downstream
05430500,POINT (-89.07166666666666 42.61361111111111),793d21f2-6514-423b-9a6e-9a7a8bb7c274,USGS-05430500,513fb763-8353-3465-e053-0100007f79d0,580,1991-06-06T14:34:00+00:00,Imported Channel 1,1150,ft^3/s,264,ft,693,ft^2,1.66,ft/s,,,Unspecified,Unspecified,Unspecified,Unspecified,Unspecified,Unknown,Wading,2026-07-04T02:23:00.432424+00:00,point_velocity,Unspecified
05430500,POINT (-89.07166666666666 42.61361111111111),7b451372-26b9-4f9a-b9dc-4f064bb3c89f,USGS-05430500,513fc297-82c5-3e34-e053-0100007fcc1c,710,2009-02-05T21:50:30+00:00,Imported Channel 1,1590,ft^3/s,385,ft,987,ft^2,1.58,ft/s,21120.00,ft,Firm,Gravel,Even,Even,Unspecified,Unknown,Wading,2026-07-04T02:23:00.432424+00:00,point_velocity,Upstream
05430500,POINT (-89.07166666666666 42.61361111111111),7cd55f50-341d-411c-a39e-8745e1863cfa,USGS-05430500,4e1feb88-c03c-4e08-af86-e742a62d7793,806,2020-03-12T19:27:31+00:00,afton,4840,ft^3/s,294,ft,1890,ft^2,2.57,ft/s,0.00,ft,Unspecified,Unspecified,Unspecified,Unspecified,Unspecified,Unspecified,BridgeDownstreamSide,2026-07-04T02:23:00.432424+00:00,adcp,AtTheGage
05430500,POINT (-89.07166666666666 42.61361111111111),7d4698ca-7a69-42fa-8f57-59ebec836776,USGS-05430500,513fc33a-2a4d-3b1c-e053-0100007fd93e,720,2009-12-03T14:07:30+00:00,main,2860,ft^3/s,292,ft,1300,ft^2,2.23,ft/s,1200.00,ft,Firm,CobblesBoulders,Even,Uneven,Unspecified,Unknown,MannedMovingBoat,2026-07-04T02:23:00.432424+00:00,adcp,Upstream
05430500,POINT (-89.07166666666666 42.61361111111111),7d832836-a14e-438f-8017-b94cda478818,USGS-05430500,513fcd5f-89a3-458d-e053-0100007f480b,692,2007-03-20T12:03:00+00:00,Imported Channel 1,5240,ft^3/s,289,ft,1820,ft^2,2.88,ft/s,,,Unspecified,Unspecified,Unspecified,Unspecified,Unspecified,Unknown,BridgeCrane,2026-07-04T02:23:00.432424+00:00,point_velocity,Unspecified
05430500,POINT (-89.07166666666666 42.61361111111111),7e05f5ff-08f9-4d51-8795-eafcb38dbc5b,USGS-05430500,513fcce1-0810-4538-e053-0100007fbb19,634,1998-12-10T17:15:00+00:00,Imported Channel 1,1600,ft^3/s,265,ft,829,ft^2,1.93,ft/s,,,Unspecified,Unspecified,Unspecified,Unspecified,Unspecified,Unknown,BridgeCrane,2026-07-04T02:23:00.432424+00:00,point_velocity,Unspecified
05430500,POINT (-89.07166666666666 42.61361111111111),81ca1764-731d-4845-9d11-7d0b0e4508dc,USGS-05430500,e9f23766-1718-40d9-a6d9-71a0dc80c3ce,808,2020-07-14T21:56:31+00:00,afton,3780,ft^3/s,282,ft,1540,ft^2,2.45,ft/s,0.00,ft,Firm,Cobbles,Uneven,Even,NonStandard,Pulsating,BridgeDownstreamSide,2026-07-04T02:23:00.432424+00:00,adcp,AtTheGage
05430500,POINT (-89.07166666666666 42.61361111111111),829ead7a-d0d2-4d94-8d1a-33e10204c7dc,USGS-05430500,513fbb8b-59d2-3798-e053-0100007f679b,560,1989-01-18T17:20:00+00:00,Imported Channel 1,1140,ft^3/s,262,ft,664,ft^2,1.72,ft/s,,,Unspecified,Unspecified,Unspecified,Unspecified,Unspecified,Unknown,BridgeCrane,2026-07-04T02:23:00.432424+00:00,point_velocity,Unspecified
05430500,POINT (-89.07166666666666 42.61361111111111),83c5ff4f-3aac-4175-8a4c-cc5d4ed63542,USGS-05430500,513fbab8-8dc2-3740-e053-0100007ff637,671,2004-07-07T17:45:00+00:00,Imported Channel 1,6890,ft^3/s,301,ft,2190,ft^2,3.15,ft/s,,,Unspecified,Unspecified,Unspecified,Unspecified,Unspecified,Unknown,BridgeCrane,2026-07-04T02:23:00.432424+00:00,point_velocity,Unspecified
05430500,POINT (-89.07166666666666 42.61361111111111),844306d3-3dd7-462d-8912-a78c21112e74,USGS-05430500,513fd0b3-ab59-49c2-e053-0100007f984d,743,2012-06-15T17:57:47+00:00,Main,715,ft^3/s,266,ft,519,ft^2,1.38,ft/s,30.00,ft,Firm,CobblesBoulders,Uneven,Even,Standard,Unknown,BridgeDownstreamSide,2026-07-04T02:23:00.432424+00:00,adcp,Downstream
05430500,POINT (-89.07166666666666 42.61361111111111),84fcf51c-9932-453e-b573-211f52b51c36,USGS-05430500,513fcd25-18a1-4524-e053-0100007fe1fb,777,2016-07-27T21:42:11+00:00,Rock,2120,ft^3/s,274,ft,1070,ft^2,1.98,ft/s,,ft,Firm,Cobbles,Uneven,Even,NonStandard,Unknown,BridgeDownstreamSide,2026-07-04T02:23:00.432424+00:00,adcp,AtTheGage
05430500,POINT (-89.07166666666666 42.61361111111111),85d55300-fb51-4a50-b28e-41ecbefc6b80,USGS-05430500,513fc92a-c9b1-42c4-e053-0100007fe60c,752,2013-10-24T17:09:37+00:00,main,1650,ft^3/s,270,ft,883,ft^2,1.87,ft/s,15.00,ft,Firm,Cobbles,Even,Even,Standard,Unknown,BridgeDownstreamSide,2026-07-04T02:23:00.432424+00:00,adcp,Downstream
05430500,POINT (-89.07166666666666 42.61361111111111),862b0a77-355c-4729-92a5-9051801f8fb6,USGS-05430500,513fb175-85dd-30f0-e053-0100007f5819,564,1989-07-11T13:05:00+00:00,Imported Channel 1,545,ft^3/s,249,ft,433,ft^2,1.26,ft/s,,,Unspecified,Unspecified,Unspecified,Unspecified,Unspecified,Unknown,Wading,2026-07-04T02:23:00.432424+00:00,point_velocity,Unspecified
05430500,POINT (-89.07166666666666 42.61361111111111),862d62f8-c7a8-4840-9f95-3c9bc39eb1bb,USGS-05430500,513faa0d-4930-29cf-e053-0100007f257c,592,1992-12-01T16:23:00+00:00,Imported Channel 1,3120,ft^3/s,273,ft,1270,ft^2,2.43,ft/s,,,Unspecified,Unspecified,Unspecified,Unspecified,Unspecified,Unknown,BridgeCrane,2026-07-04T02:23:00.432424+00:00,point_velocity,Unspecified
05430500,POINT (-89.07166666666666 42.61361111111111),873db29c-ccc7-4556-96d8-b38cfc1db877,USGS-05430500,513fb129-80e6-2fd6-e053-0100007f8c1c,643,2000-08-23T21:56:00+00:00,Imported Channel 1,1320,ft^3/s,380,ft,878,ft^2,1.47,ft/s,,,Unspecified,Unspecified,Unspecified,Unspecified,Unspecified,Unknown,Wading,2026-07-04T02:23:00.432424+00:00,point_velocity,Unspecified
05430500,POINT (-89.07166666666666 42.61361111111111),87763a60-b6d5-4fb2-a5c4-3c4d1ceba558,USGS-05430500,513fb375-545b-31f6-e053-0100007f5738,709,2009-01-21T21:24:00+00:00,Imported Channel 1,2250,ft^3/s,388,ft,1340,ft^2,1.66,ft/s,21120.00,ft,Firm,Gravel,Even,Unspecified,Unspecified,Unknown,Wading,2026-07-04T02:23:00.432424+00:00,point_velocity,Upstream
05430500,POINT (-89.07166666666666 42.61361111111111),881b26e0-d1ca-4c49-b02d-5fdd3b33043c,USGS-05430500,513fc4e3-65c1-3f5f-e053-0100007fda83,604,1994-07-19T15:40:00+00:00,Imported Channel 1,2800,ft^3/s,272,ft,1150,ft^2,2.43,ft/s,,,Unspecified,Unspecified,Unspecified,Unspecified,Unspecified,Unknown,BridgeCrane,2026-07-04T02:23:00.432424+00:00,point_velocity,Unspecified
05430500,POINT (-89.07166666666666 42.61361111111111),8847a704-e59c-45bd-bb58-8b5977d8ffdf,USGS-05430500,564b9b6b-8722-433c-b25a-066e241aabc6,816,2021-12-13T21:29:09+00:00,afton,1880,ft^3/s,274,ft,1020,ft^2,1.85,ft/s,0.00,ft,Unspecified,Unspecified,Unspecified,Uneven,Unspecified,Unspecified,BridgeDownstreamSide,2026-07-04T02:23:00.432424+00:00,adcp,AtTheGage
05430500,POINT (-89.07166666666666 42.61361111111111),8a568646-cf07-4cfa-bbb9-a2db1643da16,USGS-05430500,513fc348-5e57-3ea0-e053-0100007fcf6a,676,2005-03-15T15:19:00+00:00,Imported Channel 1,3680,ft^3/s,285,ft,1430,ft^2,2.57,ft/s,,,Unspecified,Unspecified,Unspecified,Unspecified,Unspecified,Unknown,BridgeCrane,2026-07-04T02:23:00.432424+00:00,point_velocity,Unspecified
05430500,POINT (-89.07166666666666 42.61361111111111),8aa5152d-66d1-442b-8d1d-4d004e754e5e,USGS-05430500,513fccd8-8d4e-4544-e053-0100007f26e5,641,2000-04-05T15:22:00+00:00,Imported Channel 1,1620,ft^3/s,264,ft,808,ft^2,2.00,ft/s,,,Unspecified,Unspecified,Unspecified,Unspecified,Unspecified,Unknown,BridgeCrane,2026-07-04T02:23:00.432424+00:00,point_velocity,Unspecified
05430500,POINT (-89.07166666666666 42.61361111111111),8b0606e5-8794-4166-9df4-20e6ed454c3b,USGS-05430500,513fb348-917b-30f8-e053-0100007f5389,586,1992-02-25T15:07:00+00:00,Imported Channel 1,2040,ft^3/s,269,ft,957,ft^2,2.13,ft/s,,,Unspecified,Unspecified,Unspecified,Unspecified,Unspecified,Unknown,BridgeCrane,2026-07-04T02:23:00.432424+00:00,point_velocity,Unspecified
05430500,POINT (-89.07166666666666 42.61361111111111),8b07617a-6cad-4485-9ab1-37e8dbdcadf6,USGS-05430500,513fc731-ce4b-4034-e053-0100007f5588,630,1998-04-06T13:43:00+00:00,Imported Channel 1,5540,ft^3/s,282,ft,1880,ft^2,2.95,ft/s,,,Unspecified,Unspecified,Unspecified,Unspecified,Unspecified,Unknown,BridgeCrane,2026-07-04T02:23:00.432424+00:00,point_velocity,Unspecified
05430500,POINT (-89.07166666666666 42.61361111111111),8c15b4f2-5369-4bf3-8bc9-781ec649c8bb,USGS-05430500,2bd15046-9f5b-4e7a-9bc5-c57ae44f155e,823,2023-05-10T19:39:19+00:00,afton,4600,ft^3/s,291,ft,1800,ft^2,2.55,ft/s,0.00,ft,Firm,Cobbles,Uneven,Even,NonStandard,Pulsating,BridgeDownstreamSide,2026-07-04T02:23:00.432424+00:00,adcp,AtTheGage
05430500,POINT (-89.07166666666666 42.61361111111111),8ccba528-3cab-41b0-a10b-73abb6299115,USGS-05430500,f8ff65d1-1a09-4ca9-af3a-75bf66a5ad85,810,2020-11-05T19:40:06+00:00,afton,3740,ft^3/s,287,ft,1610,ft^2,2.33,ft/s,0.00,ft,Firm,Cobbles,Uneven,Uneven,NonStandard,Pulsating,BridgeDownstreamSide,2026-07-04T02:23:00.432424+00:00,adcp,AtTheGage
05430500,POINT (-89.07166666666666 42.61361111111111),8e5e3d1b-4f89-419c-8824-019100f3c996,USGS-05430500,513fccd8-8d4b-4544-e053-0100007f26e5,629,1998-03-04T20:57:00+00:00,Imported Channel 1,3030,ft^3/s,448,ft,1760,ft^2,1.72,ft/s,,,Unspecified,Unspecified,Unspecified,Unspecified,Unspecified,Unknown,Wading,2026-07-04T02:23:00.432424+00:00,point_velocity,Unspecified
05430500,POINT (-89.07166666666666 42.61361111111111),8f56544b-578a-4b9b-b4c0-a99c6dd97f48,USGS-05430500,513fc2a1-2f00-3e38-e053-0100007f794c,602,1994-04-06T14:22:00+00:00,Imported Channel 1,4300,ft^3/s,281,ft,1550,ft^2,2.77,ft/s,,,Unspecified,Unspecified,Unspecified,Unspecified,Unspecified,Unknown,BridgeCrane,2026-07-04T02:23:00.432424+00:00,point_velocity,Unspecified
05430500,POINT (-89.07166666666666 42.61361111111111),91466c04-1de6-4214-ac93-72a4b7edbc14,USGS-05430500,513fc5a3-9575-4030-e053-0100007fd435,617,1996-04-22T14:35:00+00:00,Imported Channel 1,2910,ft^3/s,273,ft,1200,ft^2,2.41,ft/s,,,Unspecified,Unspecified,Unspecified,Unspecified,Unspecified,Unknown,BridgeCrane,2026-07-04T02:23:00.432424+00:00,point_velocity,Unspecified
05430500,POINT (-89.07166666666666 42.61361111111111),91a4d0d2-bc3e-4c7a-bdce-5b31bd860421,USGS-05430500,513fc60f-5ff4-4012-e053-0100007fd95b,570,1990-03-01T15:34:00+00:00,Imported Channel 1,1360,ft^3/s,265,ft,758,ft^2,1.79,ft/s,,,Unspecified,Unspecified,Unspecified,Unspecified,Unspecified,Unknown,BridgeCrane,2026-07-04T02:23:00.432424+00:00,point_velocity,Unspecified
05430500,POINT (-89.07166666666666 42.61361111111111),930959df-f28e-44a6-a2a0-a71188104b14,USGS-05430500,513fd0ef-f3ee-49ea-e053-0100007f586e,751,2013-08-01T15:04:51+00:00,main,2660,ft^3/s,277,ft,1220,ft^2,2.18,ft/s,,ft,Firm,Cobbles,Even,Even,Standard,Unknown,BridgeDownstreamSide,2026-07-04T02:23:00.432424+00:00,adcp,AtTheGage
05430500,POINT (-89.07166666666666 42.61361111111111),93218a22-9581-45c0-92dc-0af85781fa58,USGS-05430500,513fd192-1453-4a30-e053-0100007f10a3,764,2014-12-02T18:57:34+00:00,rock,1880,ft^3/s,273,ft,953,ft^2,1.97,ft/s,,ft,Firm,Cobbles,Uneven,Uneven,NonStandard,Unknown,BridgeDownstreamSide,2026-07-04T02:23:00.432424+00:00,adcp,AtTheGage
05430500,POINT (-89.07166666666666 42.61361111111111),9459643c-0ec3-4745-b4b1-c84119b8e3d9,USGS-05430500,513fcdc3-5939-4526-e053-0100007f4892,778,2016-09-08T21:50:46+00:00,Rock,3090,ft^3/s,282,ft,1380,ft^2,2.25,ft/s,,ft,Firm,Cobbles,Even,Even,NonStandard,Unknown,BridgeDownstreamSide,2026-07-04T02:23:00.432424+00:00,adcp,AtTheGage
05430500,POINT (-89.07166666666666 42.61361111111111),95428421-9279-4130-b4e3-ed312ef695a4,USGS-05430500,513fb587-f61c-3244-e053-0100007f22b2,680,2005-09-20T16:09:00+00:00,Imported Channel 1,328,ft^3/s,243,ft,387,ft^2,0.85,ft/s,,,Unspecified,Unspecified,Unspecified,Unspecified,Unspecified,Unknown,Wading,2026-07-04T02:23:00.432424+00:00,point_velocity,Unspecified
05430500,POINT (-89.07166666666666 42.61361111111111),9727e507-006e-4243-8f34-9cc990ef4488,USGS-05430500,513fc9a6-7175-42be-e053-0100007f4c7e,713,2009-04-22T15:05:00+00:00,Imported Channel 1,5670,ft^3/s,290,ft,1900,ft^2,2.98,ft/s,1584.00,ft,Firm,Gravel,Even,Unspecified,Unspecified,Unknown,BridgeDownstreamSide,2026-07-04T02:23:00.432424+00:00,point_velocity,Upstream
05430500,POINT (-89.07166666666666 42.61361111111111),979f42cc-4dea-44f0-a351-2188d16bbbd6,USGS-05430500,513fc57a-4a46-4018-e053-0100007f5849,670,2004-05-06T17:38:00+00:00,Imported Channel 1,2280,ft^3/s,393,ft,1320,ft^2,1.71,ft/s,,,Unspecified,Unspecified,Unspecified,Unspecified,Unspecified,Unknown,Wading,2026-07-04T02:23:00.432424+00:00,point_velocity,Unspecified
05430500,POINT (-89.07166666666666 42.61361111111111),988d17ec-5cf5-4ee2-9023-c1c5e6dd5104,USGS-05430500,513fc9d5-f6a5-430a-e053-0100007f9357,687,2006-08-22T14:00:00+00:00,Imported Channel 1,421,ft^3/s,246,ft,411,ft^2,1.02,ft/s,,,Unspecified,Unspecified,Unspecified,Unspecified,Unspecified,Unknown,Wading,2026-07-04T02:23:00.432424+00:00,point_velocity,Unspecified
05430500,POINT (-89.07166666666666 42.61361111111111),99ac29d4-37ba-4cc7-b055-dc2b11bc7e8a,USGS-05430500,513fc5a3-958a-4030-e053-0100007fd435,776,2016-06-08T22:12:32+00:00,rock,1730,ft^3/s,270,ft,952,ft^2,1.82,ft/s,,ft,Soft,Sand,Uneven,Even,NonStandard,Unknown,BridgeDownstreamSide,2026-07-04T02:23:00.432424+00:00,adcp,AtTheGage
05430500,POINT (-89.07166666666666 42.61361111111111),9b193fa2-a857-43ff-8e1a-d40700d53631,USGS-05430500,513fc71e-f25e-4032-e053-0100007feef6,772,2015-12-09T21:16:56+00:00,rock,4520,ft^3/s,287,ft,1760,ft^2,2.57,ft/s,,ft,Firm,Cobbles,Uneven,Even,NonStandard,Unknown,BridgeDownstreamSide,2026-07-04T02:23:00.432424+00:00,adcp,AtTheGage
05430500,POINT (-89.07166666666666 42.61361111111111),9d63131a-494f-47ae-b867-b1009f308cf6,USGS-05430500,513fc545-65e3-3ed0-e053-0100007f0b33,547,1987-08-24T05:00:00+00:00,Imported Channel 1,1300,ft^3/s,,,,,,,,ft,Unspecified,Unspecified,Unspecified,Unspecified,Unspecified,Unknown,Unspecified,2026-07-04T02:23:00.432424+00:00,other_method,Unspecified
05430500,POINT (-89.07166666666666 42.61361111111111),9eed97b5-c454-43ce-bc40-d95e355555ae,USGS-05430500,513fc33a-2a47-3b1c-e053-0100007fd93e,699,2008-03-10T14:30:00+00:00,Imported Channel 1,4350,ft^3/s,287,ft,1750,ft^2,2.49,ft/s,,,Unspecified,Unspecified,Unspecified,Unspecified,Unspecified,Unknown,BridgeCrane,2026-07-04T02:23:00.432424+00:00,point_velocity,Unspecified
05430500,POINT (-89.07166666666666 42.61361111111111),9f0dcf9b-371d-4f24-b9f3-aca96d945c28,USGS-05430500,513fb348-917a-30f8-e053-0100007f5389,585,1992-01-09T14:28:00+00:00,Imported Channel 1,2570,ft^3/s,266,ft,1120,ft^2,2.29,ft/s,,,Unspecified,Unspecified,Unspecified,Unspecified,Unspecified,Unknown,BridgeCrane,2026-07-04T02:23:00.432424+00:00,point_velocity,Unspecified
05430500,POINT (-89.07166666666666 42.61361111111111),a131b474-b57f-4787-97ef-813c26002c8d,USGS-05430500,f32748d1-a9fc-4d0d-bd12-c4b95af45bd2,811,2020-12-18T17:06:15+00:00,afton,3230,ft^3/s,280,ft,1400,ft^2,2.30,ft/s,0.00,ft,Unspecified,Unspecified,Unspecified,Even,Unspecified,Unspecified,BridgeDownstreamSide,2026-07-04T02:23:00.432424+00:00,adcp,AtTheGage
05430500,POINT (-89.07166666666666 42.61361111111111),a13f53b5-c515-4826-b4be-6581db9c5221,USGS-05430500,94929e23-fb7e-0de6-e053-0100007f560b,803,2019-10-09T21:04:52+00:00,afton,8590,ft^3/s,302,ft,2680,ft^2,3.20,ft/s,0.00,ft,Firm,Cobbles,Uneven,Even,NonStandard,Pulsating,BridgeDownstreamSide,2026-07-04T02:23:00.432424+00:00,adcp,AtTheGage
05430500,POINT (-89.07166666666666 42.61361111111111),a16400e9-a6ca-4951-9649-e6ddda3cdbe9,USGS-05430500,80d43ca9-40df-47c8-813a-35485e637745,817,2022-02-01T21:09:42+00:00,afton,1090,ft^3/s,264,ft,659,ft^2,1.65,ft/s,0.00,ft,Firm,Cobbles,Uneven,Uneven,NonStandard,Pulsating,BridgeDownstreamSide,2026-07-04T02:23:00.432424+00:00,adcp,AtTheGage
05430500,POINT (-89.07166666666666 42.61361111111111),a2518537-efc1-4737-94d8-302a2efb30b4,USGS-05430500,513fc348-5e56-3ea0-e053-0100007fcf6a,675,2005-01-28T19:12:00+00:00,Imported Channel 1,1970,ft^3/s,385,ft,1200,ft^2,1.63,ft/s,,,Unspecified,Unspecified,Unspecified,Unspecified,Unspecified,Unknown,Wading,2026-07-04T02:23:00.432424+00:00,point_velocity,Unspecified
05430500,POINT (-89.07166666666666 42.61361111111111),a2e69943-3c48-4518-83e2-ff926074883e,USGS-05430500,513fbf13-1458-3a3a-e053-0100007fa7e4,697,2007-11-12T18:16:00+00:00,Imported Channel 1,1700,ft^3/s,358,ft,1060,ft^2,1.58,ft/s,,,Unspecified,Unspecified,Unspecified,Unspecified,Unspecified,Unknown,Wading,2026-07-04T02:23:00.432424+00:00,point_velocity,Unspecified
05430500,POINT (-89.07166666666666 42.61361111111111),a365054e-88d8-4094-acb9-d13a15e71e09,USGS-05430500,513fc951-8e37-42c0-e053-0100007fa6db,755,2014-02-24T21:58:00+00:00,Rock,1230,ft^3/s,259,ft,728,ft^2,1.68,ft/s,,ft,Soft,Sand,Uneven,Even,Standard,Unknown,BridgeDownstreamSide,2026-07-04T02:23:00.432424+00:00,adcp,AtTheGage
05430500,POINT (-89.07166666666666 42.61361111111111),a3733ff1-2992-4525-85ad-4ec89a75f6d5,USGS-05430500,513fc296-74ef-3e40-e053-0100007fbf5c,704,2008-06-20T11:09:00+00:00,Imported Channel 1,16200,ft^3/s,330,ft,3670,ft^2,4.41,ft/s,,,Unspecified,Unspecified,Unspecified,Unspecified,Unspecified,Unknown,BridgeCrane,2026-07-04T02:23:00.432424+00:00,point_velocity,Unspecified
05430500,POINT (-89.07166666666666 42.61361111111111),a3b0ad84-e04d-43da-baff-800c0e8a4fa7,USGS-05430500,513fc779-b8e1-41ac-e053-0100007fb7c2,568,1989-12-05T14:35:00+00:00,Imported Channel 1,849,ft^3/s,260,ft,570,ft^2,1.49,ft/s,,,Unspecified,Unspecified,Unspecified,Unspecified,Unspecified,Unknown,Wading,2026-07-04T02:23:00.432424+00:00,point_velocity,Unspecified
05430500,POINT (-89.07166666666666 42.61361111111111),a4f915ee-5d80-4fac-9462-2eb23d9a3d59,USGS-05430500,77e2ec15-cd31-07af-e053-0100007f06d8,795,2018-10-09T16:20:32+00:00,Afton,9460,ft^3/s,313,ft,2880,ft^2,3.28,ft/s,0.00,ft,Firm,Cobbles,Uneven,Even,Standard,Pulsating,BridgeDownstreamSide,2026-07-04T02:23:00.432424+00:00,adcp,AtTheGage
05430500,POINT (-89.07166666666666 42.61361111111111),a5db2267-f19f-4c6b-8aad-0091c9fe01fe,USGS-05430500,75c3cfc1-a194-c51d-e053-0100007f9d76,794,2018-09-12T21:25:16+00:00,Afton,10700,ft^3/s,319,ft,3060,ft^2,3.48,ft/s,0.00,ft,Firm,Cobbles,Uneven,Uneven,NonStandard,Pulsating,BridgeDownstreamSide,2026-07-04T02:23:00.432424+00:00,adcp,AtTheGage
05430500,POINT (-89.07166666666666 42.61361111111111),a6aa7f13-8f82-4fa3-b17d-166643f5ebe0,USGS-05430500,513fcf46-8e0c-47a1-e053-0100007f8d0b,749,2013-04-22T14:19:00+00:00,Main,12000,ft^3/s,344,ft,3110,ft^2,3.85,ft/s,,ft,Firm,Cobbles,Even,Even,Standard,Unknown,BridgeDownstreamSide,2026-07-04T02:23:00.432424+00:00,adcp,AtTheGage
05430500,POINT (-89.07166666666666 42.61361111111111),a7459f8c-1ccb-467b-be03-b54fee315e91,USGS-05430500,513fcce1-080e-4538-e053-0100007fbb19,631,1998-05-27T15:05:00+00:00,Imported Channel 1,2410,ft^3/s,271,ft,1060,ft^2,2.27,ft/s,,,Unspecified,Unspecified,Unspecified,Unspecified,Unspecified,Unknown,BridgeCrane,2026-07-04T02:23:00.432424+00:00,point_velocity,Unspecified
05430500,POINT (-89.07166666666666 42.61361111111111),a7778f79-88f5-484b-b9ab-9dc657360952,USGS-05430500,513fbe79-de2a-39ef-e053-0100007f042c,735,2011-08-03T16:12:00+00:00,1,1510,ft^3/s,273,ft,838,ft^2,1.80,ft/s,1500.00,ft,Firm,Gravel,Even,Unspecified,Standard,Unknown,BridgeDownstreamSide,2026-07-04T02:23:00.432424+00:00,adcp,Upstream
05430500,POINT (-89.07166666666666 42.61361111111111),a82ecd40-cf71-4634-b420-ed16b4669597,USGS-05430500,513fc9f5-65bc-421b-e053-0100007fa75a,615,1996-02-06T16:45:00+00:00,Imported Channel 1,2110,ft^3/s,283,ft,1230,ft^2,1.72,ft/s,,,Unspecified,Unspecified,Unspecified,Unspecified,Unspecified,Unknown,Ice,2026-07-04T02:23:00.432424+00:00,point_velocity,Unspecified
05430500,POINT (-89.07166666666666 42.61361111111111),a85c796e-95f4-4cb1-880f-d296e0145902,USGS-05430500,8e8740df-5474-756b-e053-0100007f42db,801,2019-07-24T20:31:22+00:00,afton,3390,ft^3/s,281,ft,1470,ft^2,2.30,ft/s,0.00,ft,Firm,Cobbles,Uneven,Even,NonStandard,Pulsating,BridgeDownstreamSide,2026-07-04T02:23:00.432424+00:00,adcp,AtTheGage
05430500,POINT (-89.07166666666666 42.61361111111111),ab430f33-e495-49c7-a6cc-f333b5d50e6e,USGS-05430500,513fba36-bcdd-36e9-e053-0100007f8b69,553,1988-08-02T05:00:00+00:00,Imported Channel 1,353,ft^3/s,239,ft,355,ft^2,0.99,ft/s,,,Unspecified,Unspecified,Unspecified,Unspecified,Unspecified,Unknown,Wading,2026-07-04T02:23:00.432424+00:00,point_velocity,Unspecified
05430500,POINT (-89.07166666666666 42.61361111111111),ac37b047-f12b-485f-aa0b-2eb9dbbaeaef,USGS-05430500,17f3651e-81c2-45fc-8782-9bf17d54467a,841,2026-06-23T19:39:46+00:00,afton,1960,ft^3/s,273,ft,1010,ft^2,1.95,ft/s,,ft,Unspecified,Unspecified,Unspecified,Unspecified,Unspecified,Unspecified,BridgeDownstreamSide,2026-07-04T02:23:00.432424+00:00,adcp,Unspecified
05430500,POINT (-89.07166666666666 42.61361111111111),adbd032e-6129-4856-9777-9a5f78591d14,USGS-05430500,513fba72-65af-36e7-e053-0100007f2b71,611,1995-07-24T17:02:00+00:00,Imported Channel 1,882,ft^3/s,258,ft,567,ft^2,1.56,ft/s,,,Unspecified,Unspecified,Unspecified,Unspecified,Unspecified,Unknown,Wading,2026-07-04T02:23:00.432424+00:00,point_velocity,Unspecified
05430500,POINT (-89.07166666666666 42.61361111111111),af725a6f-279d-476a-b687-86c6cdcbf602,USGS-05430500,513fc339-8a2a-3e9c-e053-0100007f3cec,633,1998-10-26T14:54:00+00:00,Imported Channel 1,2000,ft^3/s,269,ft,976,ft^2,2.05,ft/s,,,Unspecified,Unspecified,Unspecified,Unspecified,Unspecified,Unknown,BridgeCrane,2026-07-04T02:23:00.432424+00:00,point_velocity,Unspecified
05430500,POINT (-89.07166666666666 42.61361111111111),b1fdfae7-6022-4c92-87b3-504effa52c7a,USGS-05430500,513fbfeb-fb5f-3b48-e053-0100007fee6a,731,2011-02-22T17:57:30+00:00,1,3670,ft^3/s,294,ft,1470,ft^2,2.50,ft/s,1500.00,ft,Firm,CobblesBoulders,Even,Even,Standard,Unknown,BridgeDownstreamSide,2026-07-04T02:23:00.432424+00:00,adcp,Upstream
05430500,POINT (-89.07166666666666 42.61361111111111),b289424e-1bf6-4947-9ab3-0baa3fa51351,USGS-05430500,513fccb7-bcee-4492-e053-0100007f3ead,624,1997-06-06T18:03:00+00:00,Imported Channel 1,1000,ft^3/s,259,ft,603,ft^2,1.66,ft/s,,,Unspecified,Unspecified,Unspecified,Unspecified,Unspecified,Unknown,Wading,2026-07-04T02:23:00.432424+00:00,point_velocity,Unspecified
05430500,POINT (-89.07166666666666 42.61361111111111),b290f874-e1d0-487a-a2d4-a76b73fb501c,USGS-05430500,513f9a81-c630-1f52-e053-0100007f1ac8,666,2003-11-25T18:58:00+00:00,Imported Channel 1,1900,ft^3/s,387,ft,1150,ft^2,1.63,ft/s,,,Unspecified,Unspecified,Unspecified,Unspecified,Unspecified,Unknown,Wading,2026-07-04T02:23:00.432424+00:00,point_velocity,Unspecified
05430500,POINT (-89.07166666666666 42.61361111111111),b4b1d303-4ca4-4e4e-9571-577fc7bf9217,USGS-05430500,513fbee8-049a-3a34-e053-0100007f5cca,628,1998-01-15T19:53:00+00:00,Imported Channel 1,1620,ft^3/s,378,ft,1060,ft^2,1.53,ft/s,,,Unspecified,Unspecified,Unspecified,Unspecified,Unspecified,Unknown,Wading,2026-07-04T02:23:00.432424+00:00,point_velocity,Unspecified
05430500,POINT (-89.07166666666666 42.61361111111111),b510ff1b-9cbc-4270-8fd9-6d6dc6af8090,USGS-05430500,513fcd8a-0a85-458b-e053-0100007f8d48,763,2014-10-09T20:12:59+00:00,Rock,1880,ft^3/s,264,ft,959,ft^2,1.96,ft/s,,ft,Unspecified,Unspecified,Unspecified,Even,NonStandard,Unknown,BridgeUpstreamSide,2026-07-04T02:23:00.432424+00:00,adcp,AtTheGage
05430500,POINT (-89.07166666666666 42.61361111111111),b6a3bd52-6660-4c87-8aeb-95090a1ea5fb,USGS-05430500,513fc71e-f24a-4032-e053-0100007feef6,635,1999-01-07T23:40:00+00:00,Imported Channel 1,685,ft^3/s,386,ft,753,ft^2,0.88,ft/s,,,Unspecified,Unspecified,Unspecified,Unspecified,Unspecified,Unknown,Ice,2026-07-04T02:23:00.432424+00:00,point_velocity,Unspecified
05430500,POINT (-89.07166666666666 42.61361111111111),b722609f-ccc5-4346-8b60-10e2720a5454,USGS-05430500,513fcdad-e3e6-458f-e053-0100007f7f7e,659,2003-02-13T21:08:00+00:00,Imported Channel 1,697,ft^3/s,328,ft,504,ft^2,1.34,ft/s,,,Unspecified,Unspecified,Unspecified,Unspecified,Unspecified,Unknown,Wading,2026-07-04T02:23:00.432424+00:00,point_velocity,Unspecified
05430500,POINT (-89.07166666666666 42.61361111111111),b79fbef6-3fb3-43a9-ab8f-b3b557e80b0e,USGS-05430500,513fd04b-19c2-4962-e053-0100007f66cd,698,2007-12-19T18:51:00+00:00,Imported Channel 1,1770,ft^3/s,379,ft,1100,ft^2,1.59,ft/s,,,Unspecified,Unspecified,Unspecified,Unspecified,Unspecified,Unknown,Wading,2026-07-04T02:23:00.432424+00:00,point_velocity,Unspecified
05430500,POINT (-89.07166666666666 42.61361111111111),b84c26b4-4e3d-4fa7-98b5-5c89b3739c80,USGS-05430500,513fb587-f622-3244-e053-0100007f22b2,738,2011-11-16T18:51:30+00:00,main,2950,ft^3/s,285,ft,1230,ft^2,2.40,ft/s,30.00,ft,Firm,CobblesBoulders,Even,Even,Standard,Unknown,BridgeDownstreamSide,2026-07-04T02:23:00.432424+00:00,adcp,Downstream
05430500,POINT (-89.07166666666666 42.61361111111111),b90e3b2a-cf13-4258-ab4b-75a134332b2b,USGS-05430500,513fc57a-4a49-4018-e053-0100007f5849,681,2005-11-04T16:15:00+00:00,Imported Channel 1,483,ft^3/s,252,ft,479,ft^2,1.01,ft/s,,,Unspecified,Unspecified,Unspecified,Unspecified,Unspecified,Unknown,Wading,2026-07-04T02:23:00.432424+00:00,point_velocity,Unspecified
05430500,POINT (-89.07166666666666 42.61361111111111),b9daf2ab-558b-4ba1-ab6b-2941d7f00cea,USGS-05430500,12ef9735-da92-400e-8dd6-eab72132d544,807,2020-04-16T17:41:33+00:00,afton,5790,ft^3/s,295,ft,2110,ft^2,2.75,ft/s,0.00,ft,Firm,Cobbles,Uneven,Uneven,NonStandard,Pulsating,BridgeDownstreamSide,2026-07-04T02:23:00.432424+00:00,adcp,AtTheGage
05430500,POINT (-89.07166666666666 42.61361111111111),b9f7fb7c-b425-4485-b5a2-f1f6ee549ac7,USGS-05430500,513fccde-100b-4520-e053-0100007fa31c,693,2007-05-09T14:03:00+00:00,Imported Channel 1,4190,ft^3/s,284,ft,1560,ft^2,2.69,ft/s,,,Unspecified,Unspecified,Unspecified,Unspecified,Unspecified,Unknown,BridgeCrane,2026-07-04T02:23:00.432424+00:00,point_velocity,Unspecified
05430500,POINT (-89.07166666666666 42.61361111111111),ba4f48fc-a407-475b-a5db-fd44887bcbe6,USGS-05430500,513fc76b-b550-41b5-e053-0100007f7678,747,2013-02-07T21:12:00+00:00,Main,2500,ft^3/s,280,ft,1170,ft^2,2.13,ft/s,25.00,ft,Firm,Cobbles,Even,Even,Standard,Unknown,BridgeDownstreamSide,2026-07-04T02:23:00.432424+00:00,adcp,Downstream
05430500,POINT (-89.07166666666666 42.61361111111111),ba9eae51-cb1c-46b1-8a76-1e4173747906,USGS-05430500,513fc56f-3f5c-4014-e053-0100007f217f,673,2004-10-18T19:43:00+00:00,Imported Channel 1,660,ft^3/s,347,ft,538,ft^2,1.19,ft/s,,,Unspecified,Unspecified,Unspecified,Unspecified,Unspecified,Unknown,Wading,2026-07-04T02:23:00.432424+00:00,point_velocity,Unspecified
05430500,POINT (-89.07166666666666 42.61361111111111),bc567dd2-a21d-4183-bd66-2db087347c07,USGS-05430500,513fc582-efb3-401a-e053-0100007ff541,664,2003-09-29T13:56:00+00:00,Imported Channel 1,430,ft^3/s,250,ft,446,ft^2,0.96,ft/s,,,Unspecified,Unspecified,Unspecified,Unspecified,Unspecified,Unknown,Wading,2026-07-04T02:23:00.432424+00:00,point_velocity,Unspecified
05430500,POINT (-89.07166666666666 42.61361111111111),bc7dfd1c-0d70-4aa2-9989-b63769d567d3,USGS-05430500,513fc928-5652-42c6-e053-0100007f5569,548,1987-11-13T06:00:00+00:00,Imported Channel 1,1470,ft^3/s,,,,,,,,ft,Unspecified,Unspecified,Unspecified,Unspecified,Unspecified,Unknown,Unspecified,2026-07-04T02:23:00.432424+00:00,other_method,Unspecified
05430500,POINT (-89.07166666666666 42.61361111111111),bd0d79be-d1ae-4f82-9f5f-57c13c2872f0,USGS-05430500,513fccf8-a4ca-454a-e053-0100007f9363,758,2014-05-01T20:04:35+00:00,rock,6130,ft^3/s,292,ft,2060,ft^2,2.98,ft/s,,ft,Firm,Gravel,Even,Even,Standard,Unknown,BridgeDownstreamSide,2026-07-04T02:23:00.432424+00:00,adcp,AtTheGage
05430500,POINT (-89.07166666666666 42.61361111111111),be427322-d8b5-4614-8013-5590bb8cc65e,USGS-05430500,513fc2a1-2eff-3e38-e053-0100007f794c,598,1993-11-03T17:04:00+00:00,Imported Channel 1,1920,ft^3/s,268,ft,930,ft^2,2.06,ft/s,,,Unspecified,Unspecified,Unspecified,Unspecified,Unspecified,Unknown,BridgeCrane,2026-07-04T02:23:00.432424+00:00,point_velocity,Unspecified
05430500,POINT (-89.07166666666666 42.61361111111111),be539cbc-975b-4b4c-b3f3-22cbe6e6d24a,USGS-05430500,513fd0b7-6ba3-49c8-e053-0100007f1823,727,2010-09-01T16:21:00+00:00,1,3710,ft^3/s,297,ft,1500,ft^2,2.48,ft/s,1500.00,ft,Firm,CobblesBoulders,Even,Even,Unspecified,Unknown,BridgeDownstreamSide,2026-07-04T02:23:00.432424+00:00,adcp,Upstream
05430500,POINT (-89.07166666666666 42.61361111111111),be633a64-e74d-4c00-819a-a98dce30eb4d,USGS-05430500,513fc9f5-65bb-421b-e053-0100007fa75a,610,1995-05-24T14:14:00+00:00,Imported Channel 1,3140,ft^3/s,273,ft,1270,ft^2,2.47,ft/s,,,Unspecified,Unspecified,Unspecified,Unspecified,Unspecified,Unknown,BridgeCrane,2026-07-04T02:23:00.432424+00:00,point_velocity,Unspecified
05430500,POINT (-89.07166666666666 42.61361111111111),bf44e75c-3a2a-4952-ba1d-553f45c4996c,USGS-05430500,513fcc8b-1b5e-4498-e053-0100007f5825,782,2017-01-17T19:56:35+00:00,afton,3210,ft^3/s,284,ft,1410,ft^2,2.27,ft/s,,ft,Firm,Cobbles,Uneven,Even,NonStandard,Unknown,BridgeDownstreamSide,2026-07-04T02:23:00.432424+00:00,adcp,AtTheGage
05430500,POINT (-89.07166666666666 42.61361111111111),bfae9372-405f-4db6-9b2c-a26ca5fc1139,USGS-05430500,513fcd25-18a0-4524-e053-0100007fe1fb,775,2016-04-15T17:34:08+00:00,rock,5840,ft^3/s,296,ft,2030,ft^2,2.88,ft/s,,ft,Soft,Gravel,Uneven,Even,NonStandard,Unknown,BridgeDownstreamSide,2026-07-04T02:23:00.432424+00:00,adcp,AtTheGage
05430500,POINT (-89.07166666666666 42.61361111111111),bfb35cae-a22b-469e-baec-fcb40d311708,USGS-05430500,513fc943-36df-42bc-e053-0100007ff91f,712,2009-03-26T15:27:00+00:00,Imported Channel 1,10100,ft^3/s,330,ft,2860,ft^2,3.53,ft/s,1584.00,ft,Firm,Gravel,Even,Unspecified,Unspecified,Unknown,BridgeDownstreamSide,2026-07-04T02:23:00.432424+00:00,point_velocity,Upstream
05430500,POINT (-89.07166666666666 42.61361111111111),c1108545-727d-4856-af88-ced93efc80c1,USGS-05430500,513fc939-fcd3-42d4-e053-0100007ff07a,774,2016-03-21T23:10:54+00:00,Rock,4660,ft^3/s,291,ft,1770,ft^2,2.63,ft/s,,ft,Firm,Cobbles,Uneven,Even,NonStandard,Unknown,BridgeDownstreamSide,2026-07-04T02:23:00.432424+00:00,adcp,AtTheGage
05430500,POINT (-89.07166666666666 42.61361111111111),c11f0e9b-ffd1-468d-b743-bf290c638857,USGS-05430500,513fbf61-7663-3b46-e053-0100007fbdb2,607,1994-12-05T15:02:00+00:00,Imported Channel 1,1520,ft^3/s,265,ft,788,ft^2,1.93,ft/s,,,Unspecified,Unspecified,Unspecified,Unspecified,Unspecified,Unknown,BridgeCrane,2026-07-04T02:23:00.432424+00:00,point_velocity,Unspecified
05430500,POINT (-89.07166666666666 42.61361111111111),c1a436d6-729f-4268-af31-69e014be8a10,USGS-05430500,51ece545-6b59-1cf6-e053-0100007fd4ec,785,2017-06-07T19:24:44+00:00,afton,4400,ft^3/s,284,ft,1740,ft^2,2.53,ft/s,0.00,ft,Firm,Cobbles,Uneven,Even,NonStandard,Unknown,BridgeDownstreamSide,2026-07-04T02:23:00.432424+00:00,adcp,AtTheGage
05430500,POINT (-89.07166666666666 42.61361111111111),c1b37947-4c4e-4eb6-8843-03e8b86e7b38,USGS-05430500,513fbaa7-a508-3735-e053-0100007f9215,550,1988-03-30T06:00:00+00:00,Imported Channel 1,3240,ft^3/s,,,,,,,,ft,Unspecified,Unspecified,Unspecified,Unspecified,Unspecified,Unknown,Unspecified,2026-07-04T02:23:00.432424+00:00,other_method,Unspecified
05430500,POINT (-89.07166666666666 42.61361111111111),c214a1f2-cf35-4001-9dea-442ee61d5d57,USGS-05430500,3b75496a-361e-4839-b8c7-8947ad8c9450,819,2022-07-06T16:15:11+00:00,afton,3440,ft^3/s,285,ft,1470,ft^2,2.34,ft/s,0.00,ft,Firm,Cobbles,Uneven,Even,NonStandard,Pulsating,BridgeDownstreamSide,2026-07-04T02:23:00.432424+00:00,adcp,AtTheGage
05430500,POINT (-89.07166666666666 42.61361111111111),c33a1afd-b32c-4ce0-8acb-20d4e51a7d71,USGS-05430500,513fbb3e-0fa0-373b-e053-0100007f6636,557,1988-10-27T14:30:00+00:00,Imported Channel 1,724,ft^3/s,255,ft,544,ft^2,1.33,ft/s,,,Unspecified,Unspecified,Unspecified,Unspecified,Unspecified,Unknown,Wading,2026-07-04T02:23:00.432424+00:00,point_velocity,Unspecified
05430500,POINT (-89.07166666666666 42.61361111111111),c36a86eb-0942-4897-8954-a00f20c06bbb,USGS-05430500,513fc582-efb4-401a-e053-0100007ff541,667,2004-01-02T18:26:00+00:00,Imported Channel 1,2210,ft^3/s,397,ft,1290,ft^2,1.69,ft/s,,,Unspecified,Unspecified,Unspecified,Unspecified,Unspecified,Unknown,Wading,2026-07-04T02:23:00.432424+00:00,point_velocity,Unspecified
05430500,POINT (-89.07166666666666 42.61361111111111),c3b7dd8b-0ecf-4a02-9118-728b24fbc663,USGS-05430500,8387fbfb-e803-7a19-e053-0100007f199b,798,2019-03-07T18:42:25+00:00,afton,3960,ft^3/s,280,ft,1590,ft^2,2.50,ft/s,0.00,ft,Unspecified,Unspecified,Unspecified,Even,Unspecified,Unspecified,BridgeDownstreamSide,2026-07-04T02:23:00.432424+00:00,adcp,AtTheGage
05430500,POINT (-89.07166666666666 42.61361111111111),c407aa8b-44d6-401f-803a-2758d95dbbc0,USGS-05430500,513fccd8-8d60-4544-e053-0100007f26e5,759,2014-06-17T20:43:23+00:00,rock,3300,ft^3/s,278,ft,1360,ft^2,2.42,ft/s,,ft,Firm,Gravel,Uneven,Even,NonStandard,Unknown,BridgeDownstreamSide,2026-07-04T02:23:00.432424+00:00,adcp,AtTheGage
05430500,POINT (-89.07166666666666 42.61361111111111),c528e057-6537-4d24-881d-53f6a06adda5,USGS-05430500,513fcdc3-593b-4526-e053-0100007f4892,781,2016-12-09T19:53:36+00:00,rock,3530,ft^3/s,284,ft,1520,ft^2,2.32,ft/s,,ft,Firm,Cobbles,Uneven,Even,NonStandard,Unknown,BridgeDownstreamSide,2026-07-04T02:23:00.432424+00:00,adcp,AtTheGage
05430500,POINT (-89.07166666666666 42.61361111111111),c684259d-9f4e-459d-a88a-1f7a9139c36d,USGS-05430500,513fd428-9977-4b8e-e053-0100007fb677,771,2015-10-06T19:24:05+00:00,Rock Check mmnt,2060,ft^3/s,270,ft,1050,ft^2,1.96,ft/s,,ft,Firm,Cobbles,Uneven,Even,NonStandard,Unknown,BridgeDownstreamSide,2026-07-04T02:23:00.432424+00:00,adcp,AtTheGage
05430500,POINT (-89.07166666666666 42.61361111111111),c76b0a3b-7cbd-4523-96fd-f5d59e40511e,USGS-05430500,513fc57a-4a33-4018-e053-0100007f5849,558,1988-11-03T15:10:00+00:00,Imported Channel 1,617,ft^3/s,254,ft,497,ft^2,1.24,ft/s,,,Unspecified,Unspecified,Unspecified,Unspecified,Unspecified,Unknown,Wading,2026-07-04T02:23:00.432424+00:00,point_velocity,Unspecified
05430500,POINT (-89.07166666666666 42.61361111111111),c7fef87a-2156-4290-a7bf-722866b4e3bf,USGS-05430500,513fc3ac-5f7e-3ecc-e053-0100007f013a,590,1992-08-24T17:05:00+00:00,Imported Channel 1,406,ft^3/s,242,ft,371,ft^2,1.09,ft/s,,,Unspecified,Unspecified,Unspecified,Unspecified,Unspecified,Unknown,Wading,2026-07-04T02:23:00.432424+00:00,point_velocity,Unspecified
05430500,POINT (-89.07166666666666 42.61361111111111),c8972990-7746-40f9-9aed-7b32ca4f4e3e,USGS-05430500,513fc9bc-8b3b-4314-e053-0100007f7470,627,1997-11-13T14:06:00+00:00,Imported Channel 1,1040,ft^3/s,260,ft,647,ft^2,1.61,ft/s,,,Unspecified,Unspecified,Unspecified,Unspecified,Unspecified,Unknown,Wading,2026-07-04T02:23:00.432424+00:00,point_velocity,Unspecified
05430500,POINT (-89.07166666666666 42.61361111111111),cbab77ef-e29a-4ffb-8f6f-69ce6873aeb1,USGS-05430500,513fc339-8a29-3e9c-e053-0100007f3cec,632,1998-08-25T17:18:00+00:00,Imported Channel 1,1350,ft^3/s,265,ft,724,ft^2,1.86,ft/s,,,Unspecified,Unspecified,Unspecified,Unspecified,Unspecified,Unknown,BridgeCrane,2026-07-04T02:23:00.432424+00:00,point_velocity,Unspecified
05430500,POINT (-89.07166666666666 42.61361111111111),cc5475eb-cd91-42ab-92d1-d71b0ef6df23,USGS-05430500,513fd19d-50ef-4a32-e053-0100007f195d,766,2015-03-18T19:50:22+00:00,Rock @ Afton,1860,ft^3/s,270,ft,954,ft^2,1.95,ft/s,,ft,Soft,Sand,Uneven,Even,Standard,Unknown,BridgeDownstreamSide,2026-07-04T02:23:00.432424+00:00,adcp,AtTheGage
05430500,POINT (-89.07166666666666 42.61361111111111),cdd26c45-3de0-456a-9577-e122761d961a,USGS-05430500,513fb129-80de-2fd6-e053-0100007f8c1c,597,1993-09-13T14:10:00+00:00,Imported Channel 1,1440,ft^3/s,265,ft,770,ft^2,1.87,ft/s,,,Unspecified,Unspecified,Unspecified,Unspecified,Unspecified,Unknown,BridgeCrane,2026-07-04T02:23:00.432424+00:00,point_velocity,Unspecified
05430500,POINT (-89.07166666666666 42.61361111111111),cdf88f9c-d293-4d91-94eb-2d541ac9d365,USGS-05430500,513fc9d5-f69f-430a-e053-0100007f9357,652,2002-02-05T18:53:00+00:00,Imported Channel 1,1640,ft^3/s,386,ft,1020,ft^2,1.58,ft/s,,,Unspecified,Unspecified,Unspecified,Unspecified,Unspecified,Unknown,Wading,2026-07-04T02:23:00.432424+00:00,point_velocity,Unspecified
05430500,POINT (-89.07166666666666 42.61361111111111),cf1abed1-5299-4f58-b8aa-8ad5863c8575,USGS-05430500,513fbeae-2199-3a0e-e053-0100007f7a2d,734,2011-06-02T19:10:00+00:00,1,3660,ft^3/s,292,ft,1450,ft^2,2.52,ft/s,1500.00,ft,Firm,CobblesBoulders,Even,Even,Standard,Unknown,BridgeDownstreamSide,2026-07-04T02:23:00.432424+00:00,adcp,Upstream
05430500,POINT (-89.07166666666666 42.61361111111111),d0aa41e6-f13d-42c4-ac78-26c66c128b6c,USGS-05430500,513fae66-9b19-2e85-e053-0100007f8e08,648,2001-05-17T14:00:00+00:00,Imported Channel 1,3660,ft^3/s,276,ft,1390,ft^2,2.62,ft/s,,,Unspecified,Unspecified,Unspecified,Unspecified,Unspecified,Unknown,BridgeCrane,2026-07-04T02:23:00.432424+00:00,point_velocity,Unspecified
05430500,POINT (-89.07166666666666 42.61361111111111),d132794c-9935-4cda-9cbe-437b6a3daa80,USGS-05430500,513fbb5e-ac1f-3772-e053-0100007f8e24,780,2016-11-03T18:01:57+00:00,rock,5150,ft^3/s,286,ft,1940,ft^2,2.66,ft/s,,ft,Firm,Cobbles,Uneven,Even,NonStandard,Unknown,BridgeDownstreamSide,2026-07-04T02:23:00.432424+00:00,adcp,AtTheGage
05430500,POINT (-89.07166666666666 42.61361111111111),d260878c-bfa3-4361-971b-be39d6cef136,USGS-05430500,025ba608-d922-4f8e-a4e9-7e02106577ca,826,2023-11-30T20:18:57+00:00,afton,1450,ft^3/s,268,ft,864,ft^2,1.67,ft/s,0.00,ft,Unspecified,Unspecified,Unspecified,Even,Unspecified,Unspecified,BridgeDownstreamSide,2026-07-04T02:23:00.432424+00:00,adcp,AtTheGage
05430500,POINT (-89.07166666666666 42.61361111111111),d3dca30d-aa01-4a10-b348-6f03a5a85f20,USGS-05430500,513fcf7d-8560-479b-e053-0100007f9e05,725,2010-06-29T15:56:00+00:00,1,6640,ft^3/s,296,ft,2180,ft^2,3.04,ft/s,1500.00,ft,Firm,CobblesBoulders,Even,Uneven,Unspecified,Unknown,BridgeDownstreamSide,2026-07-04T02:23:00.432424+00:00,adcp,Upstream
05430500,POINT (-89.07166666666666 42.61361111111111),d4bacf49-d165-4de8-a174-49da4e9b3df3,USGS-05430500,513fbeae-2190-3a0e-e053-0100007f7a2d,719,2009-09-30T16:50:00+00:00,Main,1810,ft^3/s,278,ft,969,ft^2,1.89,ft/s,1200.00,ft,Firm,CobblesBoulders,Even,Uneven,Unspecified,Unknown,MannedMovingBoat,2026-07-04T02:23:00.432424+00:00,adcp,Upstream
05430500,POINT (-89.07166666666666 42.61361111111111),d4f23dab-65fa-466f-b75a-b5267ea152d5,USGS-05430500,513fb348-917d-30f8-e053-0100007f5389,588,1992-05-12T18:05:00+00:00,Imported Channel 1,3000,ft^3/s,273,ft,1230,ft^2,2.44,ft/s,,,Unspecified,Unspecified,Unspecified,Unspecified,Unspecified,Unknown,BridgeCrane,2026-07-04T02:23:00.432424+00:00,point_velocity,Unspecified
05430500,POINT (-89.07166666666666 42.61361111111111),d6d4ed74-bcd1-437e-bc00-316eeb9b6bb1,USGS-05430500,513fb587-f623-3244-e053-0100007f22b2,740,2012-03-13T20:29:00+00:00,main,4040,ft^3/s,291,ft,1550,ft^2,2.61,ft/s,40.00,ft,Firm,Cobbles,Even,Even,Standard,Unknown,BridgeDownstreamSide,2026-07-04T02:23:00.432424+00:00,adcp,Downstream
05430500,POINT (-89.07166666666666 42.61361111111111),d72bfd37-36ae-4e7f-bb3e-e57de0048c4f,USGS-05430500,8a8278f7-91ee-4ce1-e053-0100007f7c3e,800,2019-05-30T20:04:15+00:00,afton,6010,ft^3/s,292,ft,2120,ft^2,2.84,ft/s,0.00,ft,Firm,Cobbles,Uneven,Even,Standard,Pulsating,BridgeDownstreamSide,2026-07-04T02:23:00.432424+00:00,adcp,AtTheGage
05430500,POINT (-89.07166666666666 42.61361111111111),d92f191f-d6f0-436b-ae2f-4e4ec3b54c30,USGS-05430500,513fc33a-2a4b-3b1c-e053-0100007fd93e,717,2009-07-14T16:47:00+00:00,Imported Channel 1,1440,ft^3/s,384,ft,948,ft^2,1.49,ft/s,21120.00,ft,Firm,Gravel,Even,Unspecified,Unspecified,Unknown,Wading,2026-07-04T02:23:00.432424+00:00,point_velocity,Upstream
05430500,POINT (-89.07166666666666 42.61361111111111),d957a2c0-557b-42e3-a38e-7a323e39bd2a,USGS-05430500,513fb813-06e2-3202-e053-0100007f1288,746,2012-12-13T18:29:06+00:00,Main,1080,ft^3/s,267,ft,688,ft^2,1.56,ft/s,25.00,ft,Firm,Cobbles,Even,Even,Standard,Unknown,BridgeDownstreamSide,2026-07-04T02:23:00.432424+00:00,adcp,Downstream
05430500,POINT (-89.07166666666666 42.61361111111111),dc85c232-e63a-4840-baf2-31a0622f73ef,USGS-05430500,513fccab-ceb4-4522-e053-0100007f2938,622,1997-03-07T17:05:00+00:00,Imported Channel 1,5090,ft^3/s,281,ft,1750,ft^2,2.91,ft/s,,,Unspecified,Unspecified,Unspecified,Unspecified,Unspecified,Unknown,BridgeCrane,2026-07-04T02:23:00.432424+00:00,point_velocity,Unspecified
05430500,POINT (-89.07166666666666 42.61361111111111),dd87701b-36f5-4b0b-8fe2-52256cabeccd,USGS-05430500,513fbfb0-b107-3c17-e053-0100007fabc6,694,2007-06-27T17:06:00+00:00,Imported Channel 1,1200,ft^3/s,368,ft,790,ft^2,1.49,ft/s,,,Unspecified,Unspecified,Unspecified,Unspecified,Unspecified,Unknown,Wading,2026-07-04T02:23:00.432424+00:00,point_velocity,Unspecified
05430500,POINT (-89.07166666666666 42.61361111111111),ddd78fb9-5802-4fd3-bb45-a7aa11012a1e,USGS-05430500,513fbed8-3db8-3a14-e053-0100007fd1a6,569,1990-01-15T17:14:00+00:00,Imported Channel 1,668,ft^3/s,253,ft,494,ft^2,1.35,ft/s,,,Unspecified,Unspecified,Unspecified,Unspecified,Unspecified,Unknown,Wading,2026-07-04T02:23:00.432424+00:00,point_velocity,Unspecified
05430500,POINT (-89.07166666666666 42.61361111111111),dde4330a-ab04-499c-8554-68cabc7a15e3,USGS-05430500,513fcd0d-6ea0-4504-e053-0100007f1b4c,784,2017-04-19T16:39:33+00:00,Afton,6620,ft^3/s,302,ft,2250,ft^2,2.94,ft/s,,ft,Firm,Cobbles,Uneven,Even,NonStandard,Unknown,BridgeDownstreamSide,2026-07-04T02:23:00.432424+00:00,adcp,AtTheGage
05430500,POINT (-89.07166666666666 42.61361111111111),de01bb1a-9e83-49c9-83fb-91692a065bf1,USGS-05430500,513fc60f-6004-4012-e053-0100007fd95b,684,2006-03-19T17:17:00+00:00,Imported Channel 1,3910,ft^3/s,284,ft,1480,ft^2,2.64,ft/s,,,Unspecified,Unspecified,Unspecified,Unspecified,Unspecified,Unknown,BridgeCrane,2026-07-04T02:23:00.432424+00:00,point_velocity,Unspecified
05430500,POINT (-89.07166666666666 42.61361111111111),de34c535-87d1-4f3f-9ed7-d8e8726450ce,USGS-05430500,513fbaa7-a521-3735-e053-0100007f9215,753,2013-12-18T19:20:04+00:00,Main,1820,ft^3/s,264,ft,1040,ft^2,1.75,ft/s,15.00,ft,Firm,Cobbles,Even,Even,Standard,Unknown,BridgeDownstreamSide,2026-07-04T02:23:00.432424+00:00,adcp,Downstream
05430500,POINT (-89.07166666666666 42.61361111111111),de66c873-4a92-4666-92ba-d7c9039d0ae8,USGS-05430500,513fd0ef-f3eb-49ea-e053-0100007f586e,711,2009-03-06T16:33:00+00:00,Imported Channel 1,4760,ft^3/s,292,ft,1700,ft^2,2.81,ft/s,1584.00,ft,Firm,Gravel,Even,Even,Unspecified,Unknown,BridgeDownstreamSide,2026-07-04T02:23:00.432424+00:00,adcp,Upstream
05430500,POINT (-89.07166666666666 42.61361111111111),df66da1e-3613-4705-8bba-d43ad479cd53,USGS-05430500,513fc348-5e58-3ea0-e053-0100007fcf6a,677,2005-05-03T17:23:00+00:00,Imported Channel 1,1490,ft^3/s,382,ft,931,ft^2,1.58,ft/s,,,Unspecified,Unspecified,Unspecified,Unspecified,Unspecified,Unknown,Wading,2026-07-04T02:23:00.432424+00:00,point_velocity,Unspecified
05430500,POINT (-89.07166666666666 42.61361111111111),dfd9d973-9b12-4723-9e94-1938b926300c,USGS-05430500,513fbab8-8dc1-3740-e053-0100007ff637,668,2004-01-28T19:41:00+00:00,Imported Channel 1,841,ft^3/s,341,ft,715,ft^2,1.15,ft/s,,,Unspecified,Unspecified,Unspecified,Unspecified,Unspecified,Unknown,Wading,2026-07-04T02:23:00.432424+00:00,point_velocity,Unspecified
05430500,POINT (-89.07166666666666 42.61361111111111),e06627c1-a636-4a44-b3bb-61033e39057f,USGS-05430500,513fb834-90ba-353e-e053-0100007f2fc8,605,1994-09-21T14:34:00+00:00,Imported Channel 1,753,ft^3/s,256,ft,536,ft^2,1.40,ft/s,,,Unspecified,Unspecified,Unspecified,Unspecified,Unspecified,Unknown,Wading,2026-07-04T02:23:00.432424+00:00,point_velocity,Unspecified
05430500,POINT (-89.07166666666666 42.61361111111111),e223553f-fdac-49d6-be7f-f64da8ed808e,USGS-05430500,a58088c8-2250-476f-a268-dc991b4c95e8,820,2022-11-08T19:44:16+00:00,afton,2480,ft^3/s,278,ft,1230,ft^2,2.02,ft/s,0.00,ft,Firm,Cobbles,Uneven,Even,NonStandard,Pulsating,BridgeDownstreamSide,2026-07-04T02:23:00.432424+00:00,adcp,AtTheGage
05430500,POINT (-89.07166666666666 42.61361111111111),e38816a6-956f-4e91-8560-3b3171d4e2d4,USGS-05430500,513fbe79-de0f-39ef-e053-0100007f042c,701,2008-04-14T15:13:00+00:00,Imported Channel 1,10100,ft^3/s,328,ft,2840,ft^2,3.56,ft/s,,,Unspecified,Unspecified,Unspecified,Unspecified,Unspecified,Unknown,BridgeCrane,2026-07-04T02:23:00.432424+00:00,point_velocity,Unspecified
05430500,POINT (-89.07166666666666 42.61361111111111),e3dc3126-297e-488d-af94-e077df351aec,USGS-05430500,513fc9a6-7174-42be-e053-0100007f4c7e,706,2008-08-19T17:34:00+00:00,Imported Channel 1,1780,ft^3/s,379,ft,1100,ft^2,1.60,ft/s,,,Unspecified,Unspecified,Unspecified,Unspecified,Unspecified,Unknown,Wading,2026-07-04T02:23:00.432424+00:00,point_velocity,Unspecified
05430500,POINT (-89.07166666666666 42.61361111111111),e3e61011-1549-40fe-99dd-8ff8f4b9744f,USGS-05430500,513fc3bb-054b-3ec6-e053-0100007f62e4,688,2006-10-10T14:03:00+00:00,Imported Channel 1,2870,ft^3/s,280,ft,1270,ft^2,2.26,ft/s,,,Unspecified,Unspecified,Unspecified,Unspecified,Unspecified,Unknown,BridgeCrane,2026-07-04T02:23:00.432424+00:00,point_velocity,Unspecified
05430500,POINT (-89.07166666666666 42.61361111111111),e440a155-29cf-4876-899e-d805aa5797d3,USGS-05430500,513fbb06-7a2d-3782-e053-0100007fa9d1,724,2010-06-11T17:03:00+00:00,1,3710,ft^3/s,286,ft,1480,ft^2,2.50,ft/s,1500.00,ft,Firm,CobblesBoulders,Even,Even,Unspecified,Unknown,BridgeDownstreamSide,2026-07-04T02:23:00.432424+00:00,adcp,Upstream
05430500,POINT (-89.07166666666666 42.61361111111111),e5519868-a022-46ef-bfc6-57c166158642,USGS-05430500,513fc76b-b537-41b5-e053-0100007f7678,563,1989-06-05T14:10:00+00:00,Imported Channel 1,944,ft^3/s,260,ft,609,ft^2,1.55,ft/s,,,Unspecified,Unspecified,Unspecified,Unspecified,Unspecified,Unknown,BridgeCrane,2026-07-04T02:23:00.432424+00:00,point_velocity,Unspecified
05430500,POINT (-89.07166666666666 42.61361111111111),e69b20cf-dbe9-4a4e-bc32-984cc4a0a51c,USGS-05430500,513fc9f5-65b5-421b-e053-0100007fa75a,554,1988-08-25T05:00:00+00:00,Imported Channel 1,412,ft^3/s,242,ft,378,ft^2,1.09,ft/s,,,Unspecified,Unspecified,Unspecified,Unspecified,Unspecified,Unknown,Wading,2026-07-04T02:23:00.432424+00:00,point_velocity,Unspecified
05430500,POINT (-89.07166666666666 42.61361111111111),e7df69cf-ee38-4468-a88f-e85908e10c74,USGS-05430500,25677957-0dc7-4886-81f5-24afd43386cf,833,2025-02-25T18:58:50+00:00,afton,1280,ft^3/s,269,ft,747,ft^2,1.71,ft/s,0.00,ft,Firm,Cobbles,Uneven,Even,NonStandard,Pulsating,BridgeDownstreamSide,2026-07-04T02:23:00.432424+00:00,adcp,AtTheGage
05430500,POINT (-89.07166666666666 42.61361111111111),e80cb667-215b-45de-9490-8409881d941c,USGS-05430500,513fc95e-762b-4217-e053-0100007ffc02,571,1990-04-12T16:00:00+00:00,Imported Channel 1,3350,ft^3/s,274,ft,1340,ft^2,2.50,ft/s,,,Unspecified,Unspecified,Unspecified,Unspecified,Unspecified,Unknown,BridgeCrane,2026-07-04T02:23:00.432424+00:00,point_velocity,Unspecified
05430500,POINT (-89.07166666666666 42.61361111111111),e8354908-0bef-4702-b653-f520ac8155c4,USGS-05430500,513fc95f-c5cb-4213-e053-0100007faceb,609,1995-03-14T17:42:00+00:00,Imported Channel 1,1720,ft^3/s,266,ft,821,ft^2,2.10,ft/s,,,Unspecified,Unspecified,Unspecified,Unspecified,Unspecified,Unknown,BridgeCrane,2026-07-04T02:23:00.432424+00:00,point_velocity,Unspecified
05430500,POINT (-89.07166666666666 42.61361111111111),eca50f71-4472-4775-83fb-67f2022dbb6e,USGS-05430500,8fab48be-8149-422e-9f40-9c3643ea7a84,839,2026-04-15T17:46:33+00:00,afton,5690,ft^3/s,293,ft,2100,ft^2,2.71,ft/s,0.00,ft,Unspecified,Unspecified,Unspecified,Even,Unspecified,Unspecified,BridgeDownstreamSide,2026-07-04T02:23:00.432424+00:00,adcp,AtTheGage
05430500,POINT (-89.07166666666666 42.61361111111111),ecdbedbb-f308-49b5-af87-82458e125d86,USGS-05430500,513fbf94-55c4-3c3b-e053-0100007fd2fd,620,1996-11-04T15:00:00+00:00,Imported Channel 1,2110,ft^3/s,268,ft,980,ft^2,2.15,ft/s,,,Unspecified,Unspecified,Unspecified,Unspecified,Unspecified,Unknown,BridgeCrane,2026-07-04T02:23:00.432424+00:00,point_velocity,Unspecified
05430500,POINT (-89.07166666666666 42.61361111111111),ed4ee84e-b4db-4da0-8435-b136891445c4,USGS-05430500,513fb795-25ab-347b-e053-0100007f459c,655,2002-07-09T13:00:00+00:00,Imported Channel 1,668,ft^3/s,255,ft,489,ft^2,1.37,ft/s,,,Unspecified,Unspecified,Unspecified,Unspecified,Unspecified,Unknown,Wading,2026-07-04T02:23:00.432424+00:00,point_velocity,Unspecified
05430500,POINT (-89.07166666666666 42.61361111111111),ee691f93-8c0e-414e-aad0-754ab6bc3397,USGS-05430500,513fc33a-2a4a-3b1c-e053-0100007fd93e,716,2009-07-09T13:37:00+00:00,Imported Channel 1,2640,ft^3/s,277,ft,1150,ft^2,2.30,ft/s,1580.00,ft,Firm,CobblesBoulders,Even,Unspecified,Unspecified,Unknown,BridgeDownstreamSide,2026-07-04T02:23:00.432424+00:00,point_velocity,Upstream
05430500,POINT (-89.07166666666666 42.61361111111111),ee75c8ad-fa31-4aeb-ad49-8d56f3659427,USGS-05430500,513fbf34-7110-3a4a-e053-0100007f7957,640,2000-01-27T19:57:00+00:00,Imported Channel 1,1060,ft^3/s,384,ft,761,ft^2,1.37,ft/s,,,Unspecified,Unspecified,Unspecified,Unspecified,Unspecified,Unknown,Wading,2026-07-04T02:23:00.432424+00:00,point_velocity,Unspecified
05430500,POINT (-89.07166666666666 42.61361111111111),eefd6738-ad9e-4ca8-ad28-be3f37212a2c,USGS-05430500,dbcba52d-6bcc-4e6e-8c00-888e6bbb99ba,813,2021-05-26T18:53:03+00:00,afton,1370,ft^3/s,267,ft,836,ft^2,1.64,ft/s,0.00,ft,Firm,Cobbles,Uneven,Even,NonStandard,Pulsating,BridgeDownstreamSide,2026-07-04T02:23:00.432424+00:00,adcp,AtTheGage
05430500,POINT (-89.07166666666666 42.61361111111111),efda15c1-0332-4609-b0cb-82f178c4ee72,USGS-05430500,513fd1bd-a4fc-4a2e-e053-0100007f48c2,733,2011-04-20T16:11:30+00:00,1,7000,ft^3/s,304,ft,2180,ft^2,3.21,ft/s,1500.00,ft,Firm,CobblesBoulders,Even,Even,Standard,Unknown,BridgeDownstreamSide,2026-07-04T02:23:00.432424+00:00,adcp,Upstream
05430500,POINT (-89.07166666666666 42.61361111111111),efe34b12-31c0-4f93-95fe-64eef2b2722d,USGS-05430500,513fbe6c-657f-39f1-e053-0100007fca87,573,1990-07-06T14:27:00+00:00,Imported Channel 1,2540,ft^3/s,272,ft,1110,ft^2,2.29,ft/s,,,Unspecified,Unspecified,Unspecified,Unspecified,Unspecified,Unknown,BridgeCrane,2026-07-04T02:23:00.432424+00:00,point_velocity,Unspecified
05430500,POINT (-89.07166666666666 42.61361111111111),f0c6877a-a156-4715-b085-699c49cfe48b,USGS-05430500,513fd0b7-6ba8-49c8-e053-0100007f1823,742,2012-05-03T17:41:37+00:00,Main,2800,ft^3/s,280,ft,1220,ft^2,2.28,ft/s,30.00,ft,Firm,CobblesBoulders,Even,Even,Standard,Unknown,BridgeDownstreamSide,2026-07-04T02:23:00.432424+00:00,adcp,Downstream
05430500,POINT (-89.07166666666666 42.61361111111111),f2138443-49d2-4618-a268-2ceee2d87677,USGS-05430500,513fb795-25aa-347b-e053-0100007f459c,653,2002-03-13T15:50:00+00:00,Imported Channel 1,4160,ft^3/s,277,ft,1530,ft^2,2.72,ft/s,,,Unspecified,Unspecified,Unspecified,Unspecified,Unspecified,Unknown,BridgeCrane,2026-07-04T02:23:00.432424+00:00,point_velocity,Unspecified
05430500,POINT (-89.07166666666666 42.61361111111111),f2b0a177-614a-4d55-b5f1-f8a813beb801,USGS-05430500,7c4b3587-2a4d-75d4-e053-0100007f55cf,796,2018-11-29T22:24:37+00:00,afton,4990,ft^3/s,288,ft,1850,ft^2,2.69,ft/s,0.00,ft,Firm,Cobbles,Uneven,Even,NonStandard,Pulsating,BridgeDownstreamSide,2026-07-04T02:23:00.432424+00:00,adcp,AtTheGage
05430500,POINT (-89.07166666666666 42.61361111111111),f521470d-8fa0-48da-944f-9eb78a5476e0,USGS-05430500,513fc33a-2a4c-3b1c-e053-0100007fd93e,718,2009-08-24T18:10:00+00:00,Imported Channel 1,1150,ft^3/s,375,ft,758,ft^2,1.50,ft/s,21120.00,ft,Firm,Gravel,Even,Unspecified,Unspecified,Unknown,Wading,2026-07-04T02:23:00.432424+00:00,point_velocity,Upstream
05430500,POINT (-89.07166666666666 42.61361111111111),f63d6dc7-4c98-4dae-95e0-7091f67c1807,USGS-05430500,513fb822-bba8-3547-e053-0100007f9868,603,1994-05-23T15:22:00+00:00,Imported Channel 1,1090,ft^3/s,262,ft,639,ft^2,1.71,ft/s,,,Unspecified,Unspecified,Unspecified,Unspecified,Unspecified,Unknown,Wading,2026-07-04T02:23:00.432424+00:00,point_velocity,Unspecified
05430500,POINT (-89.07166666666666 42.61361111111111),f84541c0-995b-48b7-b8f7-58c83a42599f,USGS-05430500,dea03bfd-822a-4f59-a643-650e804f2237,829,2024-06-11T18:28:48+00:00,afton,7500,ft^3/s,308,ft,2470,ft^2,3.04,ft/s,0.00,ft,Unspecified,Unspecified,Unspecified,Even,Unspecified,Unspecified,BridgeDownstreamSide,2026-07-04T02:23:00.432424+00:00,adcp,AtTheGage
05430500,POINT (-89.07166666666666 42.61361111111111),f8c4633e-9a33-4f51-a2da-5c53609b537e,USGS-05430500,665e85c8-71b8-a7fa-e053-0100007f09d8,790,2018-02-26T19:08:43+00:00,Afton,7080,ft^3/s,297,ft,2340,ft^2,3.02,ft/s,0.00,ft,Firm,Cobbles,Uneven,Unspecified,NonStandard,Unknown,BridgeDownstreamSide,2026-07-04T02:23:00.432424+00:00,adcp,AtTheGage
05430500,POINT (-89.07166666666666 42.61361111111111),f93e528f-ff14-4331-ae6b-76592d718b63,USGS-05430500,513fc39c-8d9b-3ece-e053-0100007f716a,567,1989-10-23T16:00:00+00:00,Imported Channel 1,661,ft^3/s,251,ft,501,ft^2,1.32,ft/s,,,Unspecified,Unspecified,Unspecified,Unspecified,Unspecified,Unknown,Wading,2026-07-04T02:23:00.432424+00:00,point_velocity,Unspecified
05430500,POINT (-89.07166666666666 42.61361111111111),f9d1c00a-b972-42dc-8f20-8b3bfd1c8bcd,USGS-05430500,513fc9bc-8b35-4314-e053-0100007f7470,599,1993-12-06T18:00:00+00:00,Imported Channel 1,2320,ft^3/s,271,ft,1040,ft^2,2.23,ft/s,,,Unspecified,Unspecified,Unspecified,Unspecified,Unspecified,Unknown,Wading,2026-07-04T02:23:00.432424+00:00,point_velocity,Unspecified
05430500,POINT (-89.07166666666666 42.61361111111111),fa6a3f51-5eda-496a-b7ec-c939de315358,USGS-05430500,a6834932-8483-4502-875e-d3d5356c6311,821,2023-01-06T18:32:34+00:00,afton,2600,ft^3/s,281,ft,1260,ft^2,2.06,ft/s,0.00,ft,Unspecified,Unspecified,Unspecified,Even,Unspecified,Unspecified,BridgeDownstreamSide,2026-07-04T02:23:00.432424+00:00,adcp,AtTheGage
05430500,POINT (-89.07166666666666 42.61361111111111),fd4849e7-f694-4df0-b501-89c6d5f05b37,USGS-05430500,513fc545-65e6-3ed0-e053-0100007f0b33,579,1991-04-11T15:43:00+00:00,Imported Channel 1,4570,ft^3/s,279,ft,1670,ft^2,2.74,ft/s,,,Unspecified,Unspecified,Unspecified,Unspecified,Unspecified,Unknown,BridgeCrane,2026-07-04T02:23:00.432424+00:00,point_velocity,Unspecified
05430500,POINT (-89.07166666666666 42.61361111111111),fda6e364-a9f7-431b-8d23-b80a921025e9,USGS-05430500,4e2f9d1b-ac95-4ba9-a44a-34ad19bb8f95,818,2022-04-11T20:24:42+00:00,afton,4680,ft^3/s,288,ft,1830,ft^2,2.56,ft/s,0.00,ft,Unspecified,Unspecified,Unspecified,Even,Unspecified,Unspecified,BridgeDownstreamSide,2026-07-04T02:23:00.432424+00:00,adcp,AtTheGage
05430500,POINT (-89.07166666666666 42.61361111111111),fdd74069-c6ec-4dcb-887e-513222ab1edb,USGS-05430500,513fbab8-8dc0-3740-e053-0100007ff637,665,2003-10-29T16:24:00+00:00,Imported Channel 1,1200,ft^3/s,375,ft,790,ft^2,1.50,ft/s,,,Unspecified,Unspecified,Unspecified,Unspecified,Unspecified,Unknown,Wading,2026-07-04T02:23:00.432424+00:00,point_velocity,Unspecified
05430500,POINT (-89.07166666666666 42.61361111111111),ff0e9bd2-27eb-4171-9f72-305ef4e1ef93,USGS-05430500,875dffbe-a98a-0e43-e053-0100007f7a3a,799,2019-04-24T20:37:03+00:00,afton,5750,ft^3/s,292,ft,2020,ft^2,2.85,ft/s,0.00,ft,Firm,Cobbles,Uneven,Even,NonStandard,Pulsating,BridgeDownstreamSide,2026-07-04T02:23:00.432424+00:00,adcp,AtTheGage
05430500,POINT (-89.07166666666666 42.61361111111111),ffc834f7-fef5-4135-acf5-2925ff3233d5,USGS-05430500,513fc495-2a18-3f5d-e053-0100007fe9fd,623,1997-04-28T13:34:00+00:00,Imported Channel 1,3640,ft^3/s,276,ft,1380,ft^2,2.64,ft/s,,,Unspecified,Unspecified,Unspecified,Unspecified,Unspecified,Unknown,BridgeCrane,2026-07-04T02:23:00.432424+00:00,point_velocity,Unspecified
