site_id,geometry,id,monitoring_location_id,field_visit_id,measurement_number,time,channel_name,channel_flow,channel_flow_unit,channel_width,channel_width_unit,channel_area,channel_area_unit,channel_velocity,channel_velocity_unit,channel_location_distance,channel_location_distance_unit,channel_stability,channel_material,channel_evenness,horizontal_velocity_description,vertical_velocity_description,longitudinal_velocity_description,measurement_type,last_modified,channel_measurement_type,channel_location_direction
05444000,POINT (-89.6963888888889 41.90275),00429e0c-0c24-45b2-bd58-2be4400788fd,USGS-05444000,4e83bf2e-6e31-cfa6-e053-0100007f07e8,58,1943-02-20T06:00:00+00:00,Imported Channel 1,2720,ft^3/s,,,,,,,,ft,Unspecified,Unspecified,Unspecified,Unspecified,Unspecified,Unknown,Unspecified,2026-06-28T02:03:52.310154+00:00,other_method,Unspecified
05444000,POINT (-89.6963888888889 41.90275),0046886b-b00d-4543-b65c-9c981fca119d,USGS-05444000,4e83d292-5202-d989-e053-0100007f940e,631,1999-06-21T20:39:00+00:00,Imported Channel 1,175,ft^3/s,52.0,ft,100,ft^2,1.73,ft/s,,,Unspecified,Unspecified,Unspecified,Unspecified,Unspecified,Unknown,Wading,2026-06-28T02:03:52.310154+00:00,point_velocity,Unspecified
05444000,POINT (-89.6963888888889 41.90275),00cf7d82-3a79-4f03-b6ee-1f58c7238c0f,USGS-05444000,4e83bff2-95a7-d012-e053-0100007fee01,466,1980-07-29T06:00:00+00:00,Imported Channel 1,49.0,ft^3/s,,,,,,,,ft,Unspecified,Unspecified,Unspecified,Unspecified,Unspecified,Unknown,Unspecified,2026-06-28T02:03:52.310154+00:00,other_method,Unspecified
05444000,POINT (-89.6963888888889 41.90275),00d435a3-d0c2-43fe-a298-33b89a274abe,USGS-05444000,4e83c992-faa6-d577-e053-0100007f536e,672,2005-06-01T19:50:00+00:00,Imported Channel 1,36.4,ft^3/s,52.0,ft,42.2,ft^2,0.86,ft/s,,,Unspecified,Unspecified,Unspecified,Unspecified,Unspecified,Unknown,Wading,2026-06-28T02:03:52.310154+00:00,point_velocity,Unspecified
05444000,POINT (-89.6963888888889 41.90275),00eda563-fb69-4b9f-ab42-6725d00272d9,USGS-05444000,6a21ff0b-d514-bef5-e053-0100007fc696,745,2018-04-16T17:36:02+00:00,main,86.3,ft^3/s,40.0,ft,51.9,ft^2,1.66,ft/s,0.00,ft,Firm,Cobbles,Even,Even,Standard,Steady,Wading,2026-06-28T02:03:52.310154+00:00,point_velocity,AtTheGage
05444000,POINT (-89.6963888888889 41.90275),017091b6-a092-46c1-b6e9-6b5205678999,USGS-05444000,4e83d940-093c-dd20-e053-0100007f5525,670,2004-11-08T19:34:00+00:00,Imported Channel 1,47.0,ft^3/s,50.0,ft,46.6,ft^2,1.01,ft/s,,,Unspecified,Unspecified,Unspecified,Unspecified,Unspecified,Unknown,Wading,2026-06-28T02:03:52.310154+00:00,point_velocity,Unspecified
05444000,POINT (-89.6963888888889 41.90275),01a78b8e-c38d-4f42-a5ad-bcc11cd2a98a,USGS-05444000,4e83df64-d32d-e0b0-e053-0100007f4ada,647,2001-08-14T20:15:00+00:00,Imported Channel 1,54.5,ft^3/s,55.0,ft,49.6,ft^2,1.10,ft/s,,,Unspecified,Unspecified,Unspecified,Unspecified,Unspecified,Unknown,Wading,2026-06-28T02:03:52.310154+00:00,point_velocity,Unspecified
05444000,POINT (-89.6963888888889 41.90275),0276b840-cf22-4c94-98bb-2b658dcff503,USGS-05444000,4e83db45-d5e0-deb1-e053-0100007f56ee,609,1997-02-06T14:00:00+00:00,Imported Channel 1,114,ft^3/s,51.0,ft,64.2,ft^2,1.78,ft/s,,,Unspecified,Unspecified,Unspecified,Unspecified,Unspecified,Unknown,Wading,2026-06-28T02:03:52.310154+00:00,point_velocity,Unspecified
05444000,POINT (-89.6963888888889 41.90275),03d9ce2c-fd6a-4a9a-8bed-3b5be2632a93,USGS-05444000,4e83b59d-3a19-cad0-e053-0100007f5ebb,468,1980-11-07T06:00:00+00:00,Imported Channel 1,51.8,ft^3/s,,,,,,,,ft,Unspecified,Unspecified,Unspecified,Unspecified,Unspecified,Unknown,Unspecified,2026-06-28T02:03:52.310154+00:00,other_method,Unspecified
05444000,POINT (-89.6963888888889 41.90275),040cf744-6a5e-4457-b96d-e16aad47a3c3,USGS-05444000,4e83bedf-f803-cf0d-e053-0100007ffdc2,390,1973-02-20T06:00:00+00:00,Imported Channel 1,90.5,ft^3/s,,,,,,,,ft,Unspecified,Unspecified,Unspecified,Unspecified,Unspecified,Unknown,Unspecified,2026-06-28T02:03:52.310154+00:00,other_method,Unspecified
05444000,POINT (-89.6963888888889 41.90275),0450ed7f-60d7-4583-822f-100386e1f10c,USGS-05444000,4e83c91a-6612-d575-e053-0100007fdd5e,594,1995-04-14T16:32:00+00:00,Imported Channel 1,208,ft^3/s,61.0,ft,90.5,ft^2,2.30,ft/s,,,Unspecified,Unspecified,Unspecified,Unspecified,Unspecified,Unknown,Wading,2026-06-28T02:03:52.310154+00:00,point_velocity,Unspecified
05444000,POINT (-89.6963888888889 41.90275),04a44a8a-e3ab-4be9-a05b-83dd82868988,USGS-05444000,4e83c25c-1c8f-d137-e053-0100007fc5e9,406,1974-05-18T06:00:00+00:00,Imported Channel 1,1480,ft^3/s,,,,,,,,ft,Unspecified,Unspecified,Unspecified,Unspecified,Unspecified,Unknown,Unspecified,2026-06-28T02:03:52.310154+00:00,other_method,Unspecified
05444000,POINT (-89.6963888888889 41.90275),04cfdb47-9608-48a6-a213-b54cfc2206a8,USGS-05444000,4e83b75e-8c17-cc03-e053-0100007f0938,523,1986-09-05T06:00:00+00:00,Imported Channel 1,65.5,ft^3/s,54.0,ft,50.1,ft^2,1.31,ft/s,,,Unspecified,Unspecified,Unspecified,Unspecified,Unspecified,Unknown,Wading,2026-06-28T02:03:52.310154+00:00,point_velocity,Unspecified
05444000,POINT (-89.6963888888889 41.90275),050dbcde-9a93-49b1-8064-7c695ac01b6d,USGS-05444000,0720817f-af2b-45e4-a6bf-35ff4b3ac527,784,2025-07-15T16:35:50+00:00,05444000,121,ft^3/s,66.6,ft,99.3,ft^2,1.22,ft/s,100.00,ft,Firm,Gravel,Uneven,Uneven,Unknown,Steady,BridgeDownstreamSide,2026-06-28T02:03:52.310154+00:00,adcp,Downstream
05444000,POINT (-89.6963888888889 41.90275),053b75fd-5346-4725-9eb6-b77b07a5acf7,USGS-05444000,4e83bf56-ae16-cfa2-e053-0100007f8091,382,1972-06-15T06:00:00+00:00,Imported Channel 1,1020,ft^3/s,,,,,,,,ft,Unspecified,Unspecified,Unspecified,Unspecified,Unspecified,Unknown,Unspecified,2026-06-28T02:03:52.310154+00:00,other_method,Unspecified
05444000,POINT (-89.6963888888889 41.90275),05a104a7-6ba3-4109-8634-defa7a9a286c,USGS-05444000,4e83c8f8-6f5f-d557-e053-0100007fad8f,600,1996-01-11T20:00:00+00:00,Imported Channel 1,76.2,ft^3/s,46.0,ft,46.9,ft^2,1.62,ft/s,,,Unspecified,Unspecified,Unspecified,Unspecified,Unspecified,Unknown,Wading,2026-06-28T02:03:52.310154+00:00,point_velocity,Unspecified
05444000,POINT (-89.6963888888889 41.90275),06a3cb91-57c9-48f1-815a-920a81190861,USGS-05444000,4e83c8f7-1ce9-d559-e053-0100007f5e3d,489,1982-10-27T06:00:00+00:00,Imported Channel 1,63.0,ft^3/s,42.0,ft,45.4,ft^2,1.39,ft/s,,,Unspecified,Unspecified,Unspecified,Unspecified,Unspecified,Unknown,Wading,2026-06-28T02:03:52.310154+00:00,point_velocity,Unspecified
05444000,POINT (-89.6963888888889 41.90275),06f313b0-c021-483f-a259-f7f17acae013,USGS-05444000,4e83e20a-5ec5-e247-e053-0100007f903e,703,2011-04-29T18:00:00+00:00,Channel 1,205,ft^3/s,49.0,ft,91.4,ft^2,2.24,ft/s,,,Firm,CobblesBoulders,Even,Even,Uniform,Unknown,Wading,2026-06-28T02:03:52.310154+00:00,point_velocity,AtTheGage
05444000,POINT (-89.6963888888889 41.90275),095964a9-5520-4e5f-ac44-de0a09fc7579,USGS-05444000,4e83be4c-0fca-cf31-e053-0100007f8a32,590,1994-07-26T23:30:00+00:00,Imported Channel 1,76.1,ft^3/s,49.0,ft,54.0,ft^2,1.41,ft/s,,,Unspecified,Unspecified,Unspecified,Unspecified,Unspecified,Unknown,Wading,2026-06-28T02:03:52.310154+00:00,point_velocity,Unspecified
05444000,POINT (-89.6963888888889 41.90275),09972f63-54e6-47b1-8140-bbf3c3a71e23,USGS-05444000,4e83d52c-9e32-daca-e053-0100007fc3a9,644,2001-03-08T13:55:00+00:00,Imported Channel 1,192,ft^3/s,60.0,ft,93.1,ft^2,2.06,ft/s,,,Unspecified,Unspecified,Unspecified,Unspecified,Unspecified,Unknown,Wading,2026-06-28T02:03:52.310154+00:00,point_velocity,Unspecified
05444000,POINT (-89.6963888888889 41.90275),0a6e8fa0-0855-4ca0-9924-b8ac4cb24b0d,USGS-05444000,4e83dc3d-b80f-df3f-e053-0100007f197a,626,1998-12-30T13:50:00+00:00,Imported Channel 1,51.9,ft^3/s,51.0,ft,71.3,ft^2,0.73,ft/s,,,Unspecified,Unspecified,Unspecified,Unspecified,Unspecified,Unknown,Wading,2026-06-28T02:03:52.310154+00:00,point_velocity,Unspecified
05444000,POINT (-89.6963888888889 41.90275),0a701b84-136b-426a-8e5e-16dd856400ae,USGS-05444000,4e83c20d-f622-d139-e053-0100007f3ce6,593,1995-03-02T15:30:00+00:00,Imported Channel 1,82.8,ft^3/s,52.0,ft,67.3,ft^2,1.23,ft/s,,,Unspecified,Unspecified,Unspecified,Unspecified,Unspecified,Unknown,Wading,2026-06-28T02:03:52.310154+00:00,point_velocity,Unspecified
05444000,POINT (-89.6963888888889 41.90275),0afadeaa-78a3-44c1-88f0-bc301ddb30c2,USGS-05444000,4e83c1e2-bda9-d0f5-e053-0100007f70da,360,1970-05-28T06:00:00+00:00,Imported Channel 1,123,ft^3/s,,,,,,,,ft,Unspecified,Unspecified,Unspecified,Unspecified,Unspecified,Unknown,Unspecified,2026-06-28T02:03:52.310154+00:00,other_method,Unspecified
05444000,POINT (-89.6963888888889 41.90275),0b108cdd-d8c3-4787-8a40-7c435e4e0142,USGS-05444000,4e83bf34-983d-cfa0-e053-0100007fee24,480,1981-10-14T06:00:00+00:00,Imported Channel 1,145,ft^3/s,49.0,ft,71.3,ft^2,2.03,ft/s,,,Unspecified,Unspecified,Unspecified,Unspecified,Unspecified,Unknown,Wading,2026-06-28T02:03:52.310154+00:00,point_velocity,Unspecified
05444000,POINT (-89.6963888888889 41.90275),0b552ea4-7486-4aaa-b3e6-36096b745fc9,USGS-05444000,4e83b150-ba5a-c81d-e053-0100007f7b3a,425,1976-04-15T06:00:00+00:00,Imported Channel 1,63.6,ft^3/s,,,,,,,,ft,Unspecified,Unspecified,Unspecified,Unspecified,Unspecified,Unknown,Unspecified,2026-06-28T02:03:52.310154+00:00,other_method,Unspecified
05444000,POINT (-89.6963888888889 41.90275),0c9b2e54-11a2-446f-b72a-e9e07bd5b869,USGS-05444000,4e83c2bd-07cf-cf2f-e053-0100007f3ae4,423,1976-01-23T06:00:00+00:00,Imported Channel 1,42.0,ft^3/s,,,,,,,,ft,Unspecified,Unspecified,Unspecified,Unspecified,Unspecified,Unknown,Unspecified,2026-06-28T02:03:52.310154+00:00,other_method,Unspecified
05444000,POINT (-89.6963888888889 41.90275),0cfc87e4-c17b-45ff-a0f5-f18618c42c1f,USGS-05444000,4e83c988-4bad-d29a-e053-0100007fe06c,463,1980-03-25T06:00:00+00:00,Imported Channel 1,67.2,ft^3/s,,,,,,,,ft,Unspecified,Unspecified,Unspecified,Unspecified,Unspecified,Unknown,Unspecified,2026-06-28T02:03:52.310154+00:00,other_method,Unspecified
05444000,POINT (-89.6963888888889 41.90275),0d5b0102-8ffc-4d3a-b9dd-c2aaa63b40df,USGS-05444000,4e83c25c-1c8c-d137-e053-0100007fc5e9,403,1974-02-13T06:00:00+00:00,Imported Channel 1,184,ft^3/s,,,,,,,,ft,Unspecified,Unspecified,Unspecified,Unspecified,Unspecified,Unknown,Unspecified,2026-06-28T02:03:52.310154+00:00,other_method,Unspecified
05444000,POINT (-89.6963888888889 41.90275),0ed07b86-ca37-4b56-a5a0-df9a524637f5,USGS-05444000,4e83c584-f782-d2b4-e053-0100007fe2f6,506,1984-08-08T06:00:00+00:00,Imported Channel 1,51.3,ft^3/s,44.0,ft,38.9,ft^2,1.32,ft/s,,,Unspecified,Unspecified,Unspecified,Unspecified,Unspecified,Unknown,Wading,2026-06-28T02:03:52.310154+00:00,point_velocity,Unspecified
05444000,POINT (-89.6963888888889 41.90275),0fbb70eb-d157-4140-8ef2-a1053db35c58,USGS-05444000,4e83c843-0068-d46f-e053-0100007f1ad6,570,1992-02-06T18:30:00+00:00,Imported Channel 1,67.9,ft^3/s,52.0,ft,49.0,ft^2,1.38,ft/s,,,Unspecified,Unspecified,Unspecified,Unspecified,Unspecified,Unknown,Wading,2026-06-28T02:03:52.310154+00:00,point_velocity,Unspecified
05444000,POINT (-89.6963888888889 41.90275),101c5320-fd49-4b7a-aac6-9186ce644ecb,USGS-05444000,4e83d0f4-19b4-d8e6-e053-0100007facee,662,2003-08-11T19:15:00+00:00,Imported Channel 1,31.4,ft^3/s,50.0,ft,39.5,ft^2,0.80,ft/s,,,Unspecified,Unspecified,Unspecified,Unspecified,Unspecified,Unknown,Wading,2026-06-28T02:03:52.310154+00:00,point_velocity,Unspecified
05444000,POINT (-89.6963888888889 41.90275),110c0ca3-fff5-49e2-adf2-357ba066ef14,USGS-05444000,4e83c1e2-bdae-d0f5-e053-0100007f70da,365,1970-11-17T06:00:00+00:00,Imported Channel 1,83.6,ft^3/s,,,,,,,,ft,Unspecified,Unspecified,Unspecified,Unspecified,Unspecified,Unknown,Unspecified,2026-06-28T02:03:52.310154+00:00,other_method,Unspecified
05444000,POINT (-89.6963888888889 41.90275),11b732b3-4ecf-4731-aaa9-b0721f4576e1,USGS-05444000,4e83b429-a65f-c9e9-e053-0100007f3898,460,1979-11-20T06:00:00+00:00,Imported Channel 1,50.9,ft^3/s,,,,,,,,ft,Unspecified,Unspecified,Unspecified,Unspecified,Unspecified,Unknown,Unspecified,2026-06-28T02:03:52.310154+00:00,other_method,Unspecified
05444000,POINT (-89.6963888888889 41.90275),1203f14a-43d8-428d-af14-bb4b17710477,USGS-05444000,4e83c8bb-048a-d49b-e053-0100007f4e97,596,1995-05-31T20:45:00+00:00,Imported Channel 1,314,ft^3/s,57.0,ft,119,ft^2,2.64,ft/s,,,Unspecified,Unspecified,Unspecified,Unspecified,Unspecified,Unknown,Wading,2026-06-28T02:03:52.310154+00:00,point_velocity,Unspecified
05444000,POINT (-89.6963888888889 41.90275),1292f20e-8eb8-4f77-97b6-5e8674300322,USGS-05444000,4e83ccc4-6097-d75e-e053-0100007f0fce,482,1982-01-05T06:00:00+00:00,Imported Channel 1,134,ft^3/s,50.0,ft,75.6,ft^2,1.77,ft/s,,,Unspecified,Unspecified,Unspecified,Unspecified,Unspecified,Unknown,Wading,2026-06-28T02:03:52.310154+00:00,point_velocity,Unspecified
05444000,POINT (-89.6963888888889 41.90275),13c91de7-f496-4c78-a633-1616fc1d9fe4,USGS-05444000,4e83c7a0-eaa2-d433-e053-0100007fdff2,445,1978-06-27T06:00:00+00:00,Imported Channel 1,796,ft^3/s,,,,,,,,ft,Unspecified,Unspecified,Unspecified,Unspecified,Unspecified,Unknown,Unspecified,2026-06-28T02:03:52.310154+00:00,other_method,Unspecified
05444000,POINT (-89.6963888888889 41.90275),14e9b3c4-a577-4613-849e-2c4125303cd5,USGS-05444000,4e83c81a-092d-d471-e053-0100007feb4d,527,1987-02-19T17:30:00+00:00,Imported Channel 1,63.8,ft^3/s,55.0,ft,48.0,ft^2,1.33,ft/s,,,Unspecified,Unspecified,Unspecified,Unspecified,Unspecified,Unknown,Wading,2026-06-28T02:03:52.310154+00:00,point_velocity,Unspecified
05444000,POINT (-89.6963888888889 41.90275),16a432ed-6012-4276-936b-7a817da3aad3,USGS-05444000,4e83bf00-9b03-cf9a-e053-0100007f1a64,372,1971-07-14T06:00:00+00:00,Imported Channel 1,40.2,ft^3/s,,,,,,,,ft,Unspecified,Unspecified,Unspecified,Unspecified,Unspecified,Unknown,Unspecified,2026-06-28T02:03:52.310154+00:00,other_method,Unspecified
05444000,POINT (-89.6963888888889 41.90275),16d41256-806e-4269-84e4-a5a33f3a055a,USGS-05444000,4e83c55d-dc40-d29e-e053-0100007f9603,358,1970-03-27T06:00:00+00:00,Imported Channel 1,75.9,ft^3/s,,,,,,,,ft,Unspecified,Unspecified,Unspecified,Unspecified,Unspecified,Unknown,Unspecified,2026-06-28T02:03:52.310154+00:00,other_method,Unspecified
05444000,POINT (-89.6963888888889 41.90275),17e009c6-32cb-4f5f-bedd-5b993d2479a6,USGS-05444000,4e83b59d-3a0d-cad0-e053-0100007f5ebb,430,1976-11-03T06:00:00+00:00,Imported Channel 1,26.2,ft^3/s,,,,,,,,ft,Unspecified,Unspecified,Unspecified,Unspecified,Unspecified,Unknown,Unspecified,2026-06-28T02:03:52.310154+00:00,other_method,Unspecified
05444000,POINT (-89.6963888888889 41.90275),185ef688-2281-47a5-9fcf-5fc73646998c,USGS-05444000,4e83d16d-2e4f-d915-e053-0100007fafe6,601,1996-02-29T14:50:00+00:00,Imported Channel 1,46.5,ft^3/s,46.0,ft,55.7,ft^2,0.83,ft/s,,,Unspecified,Unspecified,Unspecified,Unspecified,Unspecified,Unknown,Wading,2026-06-28T02:03:52.310154+00:00,point_velocity,Unspecified
05444000,POINT (-89.6963888888889 41.90275),19bbb79b-0291-4be4-b5d2-a665ecb01d68,USGS-05444000,4e83c55d-dc42-d29e-e053-0100007f9603,377,1971-12-08T06:00:00+00:00,Imported Channel 1,32.3,ft^3/s,,,,,,,,ft,Unspecified,Unspecified,Unspecified,Unspecified,Unspecified,Unknown,Unspecified,2026-06-28T02:03:52.310154+00:00,other_method,Unspecified
05444000,POINT (-89.6963888888889 41.90275),19eed141-4c5f-4867-a12d-a3df04a7c951,USGS-05444000,4e83cd36-af6d-d74a-e053-0100007f4254,532,1987-08-28T16:25:00+00:00,Imported Channel 1,312,ft^3/s,77.0,ft,138,ft^2,2.26,ft/s,,,Unspecified,Unspecified,Unspecified,Unspecified,Unspecified,Unknown,BridgeCrane,2026-06-28T02:03:52.310154+00:00,point_velocity,Unspecified
05444000,POINT (-89.6963888888889 41.90275),1ac6f866-41c1-4331-94ef-7193c9d973c5,USGS-05444000,4e83daac-ec04-dcc4-e053-0100007f0936,720,2014-05-23T17:15:00+00:00,1,78.0,ft^3/s,39.5,ft,35.7,ft^2,2.18,ft/s,35.00,ft,Firm,CobblesBoulders,Uneven,Even,Standard,Unknown,Wading,2026-06-28T02:03:52.310154+00:00,point_velocity,Downstream
05444000,POINT (-89.6963888888889 41.90275),1bb0f175-2717-4bb7-841f-0f64504e5352,USGS-05444000,356acab2-4e0e-414f-9b1d-4a9568a12b41,759,2020-08-18T19:42:43+00:00,05444000,66.6,ft^3/s,55.5,ft,64.2,ft^2,1.04,ft/s,100.00,ft,Firm,Gravel,Uneven,Uneven,Unknown,Steady,BridgeDownstreamSide,2026-06-28T02:03:52.310154+00:00,adcp,Downstream
05444000,POINT (-89.6963888888889 41.90275),1dbfbdcc-48bf-41ac-a47b-fc27309b465e,USGS-05444000,4e83d454-fed1-db13-e053-0100007fc2e6,646,2001-07-06T14:45:00+00:00,Imported Channel 1,84.2,ft^3/s,55.0,ft,60.1,ft^2,1.40,ft/s,,,Unspecified,Unspecified,Unspecified,Unspecified,Unspecified,Unknown,Wading,2026-06-28T02:03:52.310154+00:00,point_velocity,Unspecified
05444000,POINT (-89.6963888888889 41.90275),1e7ab6ed-ee97-43fd-a4f8-c1abe641e014,USGS-05444000,4e83c1e2-bdaa-d0f5-e053-0100007f70da,361,1970-06-09T06:00:00+00:00,Imported Channel 1,142,ft^3/s,,,,,,,,ft,Unspecified,Unspecified,Unspecified,Unspecified,Unspecified,Unknown,Unspecified,2026-06-28T02:03:52.310154+00:00,other_method,Unspecified
05444000,POINT (-89.6963888888889 41.90275),1f6fbc3e-4881-4e72-ba29-42306b6c13ee,USGS-05444000,4e83c5a9-185a-d2b8-e053-0100007f86b2,517,1985-12-19T06:00:00+00:00,Imported Channel 1,139,ft^3/s,56.0,ft,118,ft^2,1.18,ft/s,,,Unspecified,Unspecified,Unspecified,Unspecified,Unspecified,Unknown,Ice,2026-06-28T02:03:52.310154+00:00,point_velocity,Unspecified
05444000,POINT (-89.6963888888889 41.90275),210323f1-273a-401b-823f-9f4afab56348,USGS-05444000,4e83e735-d8e2-e471-e053-0100007fac1a,718,2013-11-12T20:03:00+00:00,05444000,43.2,ft^3/s,39.0,ft,19.4,ft^2,2.23,ft/s,10.00,ft,Firm,Gravel,Even,Even,Standard,Unknown,Wading,2026-06-28T02:03:52.310154+00:00,point_velocity,Upstream
05444000,POINT (-89.6963888888889 41.90275),21b6c1e1-79e9-4a0c-92b4-846d46ad99d9,USGS-05444000,4e83d4a3-b804-db5c-e053-0100007f3cad,567,1991-08-29T21:00:00+00:00,Imported Channel 1,38.4,ft^3/s,38.0,ft,28.0,ft^2,1.37,ft/s,,,Unspecified,Unspecified,Unspecified,Unspecified,Unspecified,Unknown,Wading,2026-06-28T02:03:52.310154+00:00,point_velocity,Unspecified
05444000,POINT (-89.6963888888889 41.90275),222d041c-80b8-4abe-bf1e-c4d82c7f9071,USGS-05444000,4e83c1e2-bda8-d0f5-e053-0100007f70da,359,1970-04-15T06:00:00+00:00,Imported Channel 1,85.2,ft^3/s,,,,,,,,ft,Unspecified,Unspecified,Unspecified,Unspecified,Unspecified,Unknown,Unspecified,2026-06-28T02:03:52.310154+00:00,other_method,Unspecified
05444000,POINT (-89.6963888888889 41.90275),22712ed0-c411-4b54-aa74-18c6ffce9b62,USGS-05444000,4e83c1e2-bdcd-d0f5-e053-0100007f70da,580,1993-03-05T14:30:00+00:00,Imported Channel 1,385,ft^3/s,81.0,ft,160,ft^2,2.41,ft/s,,,Unspecified,Unspecified,Unspecified,Unspecified,Unspecified,Unknown,BridgeCrane,2026-06-28T02:03:52.310154+00:00,point_velocity,Unspecified
05444000,POINT (-89.6963888888889 41.90275),22d1023c-4861-4703-9c89-2ed3fb48bcc4,USGS-05444000,4e83daad-e529-dcb8-e053-0100007ff28c,658,2003-01-28T15:45:00+00:00,Imported Channel 1,39.3,ft^3/s,53.0,ft,43.5,ft^2,0.90,ft/s,,,Unspecified,Unspecified,Unspecified,Unspecified,Unspecified,Unknown,Ice,2026-06-28T02:03:52.310154+00:00,point_velocity,Unspecified
05444000,POINT (-89.6963888888889 41.90275),237e8611-5b4f-4985-93c2-e4fa867a4d21,USGS-05444000,070a8598-564e-409d-afff-cd9977cd0214,789,2026-06-12T15:25:31+00:00,05444000,1030,ft^3/s,89.1,ft,395,ft^2,2.61,ft/s,60.00,ft,Firm,Gravel,Uneven,Uneven,Unknown,Steady,BridgeDownstreamSide,2026-06-28T02:03:52.310154+00:00,adcp,Downstream
05444000,POINT (-89.6963888888889 41.90275),23b87b10-3be7-4165-bcf0-3c7792a0237a,USGS-05444000,d06a38bb-1725-47f9-a4a9-91e0a32d1a9f,779,2024-07-02T16:24:20+00:00,05444000-purple,105,ft^3/s,66.8,ft,90.4,ft^2,1.16,ft/s,80.00,ft,Firm,Gravel,Uneven,Uneven,Unknown,Steady,BridgeDownstreamSide,2026-06-28T02:03:52.310154+00:00,adcp,Downstream
05444000,POINT (-89.6963888888889 41.90275),23c4bb5f-2047-48a4-ae1a-328611f36f9f,USGS-05444000,4e83d4f8-3840-db85-e053-0100007f211a,591,1994-10-14T13:15:00+00:00,Imported Channel 1,66.4,ft^3/s,49.0,ft,49.3,ft^2,1.35,ft/s,,,Unspecified,Unspecified,Unspecified,Unspecified,Unspecified,Unknown,Wading,2026-06-28T02:03:52.310154+00:00,point_velocity,Unspecified
05444000,POINT (-89.6963888888889 41.90275),242e1bc0-e60b-4a07-990b-08d44430313c,USGS-05444000,4e83c274-e8ef-d13b-e053-0100007f581b,455,1979-05-15T06:00:00+00:00,Imported Channel 1,160,ft^3/s,,,,,,,,ft,Unspecified,Unspecified,Unspecified,Unspecified,Unspecified,Unknown,Unspecified,2026-06-28T02:03:52.310154+00:00,other_method,Unspecified
05444000,POINT (-89.6963888888889 41.90275),248d1a13-bd12-43d7-b1b0-da104915f0e2,USGS-05444000,4e83e1f2-c86a-e245-e053-0100007f7c00,717,2013-07-03T14:34:00+00:00,05444000,104,ft^3/s,36.5,ft,81.6,ft^2,1.27,ft/s,500.00,ft,Firm,Cobbles,Uneven,Uneven,Unknown,Unknown,Wading,2026-06-28T02:03:52.310154+00:00,point_velocity,Upstream
05444000,POINT (-89.6963888888889 41.90275),24cfbaa0-144c-4b72-ae48-6fbfb33cc0f0,USGS-05444000,4e83bf11-88c2-cf13-e053-0100007fa647,638,2000-05-09T20:11:00+00:00,Imported Channel 1,170,ft^3/s,54.0,ft,76.6,ft^2,2.22,ft/s,,,Unspecified,Unspecified,Unspecified,Unspecified,Unspecified,Unknown,Wading,2026-06-28T02:03:52.310154+00:00,point_velocity,Unspecified
05444000,POINT (-89.6963888888889 41.90275),251596a7-4e24-4a82-8468-2c8b8f69bb66,USGS-05444000,4e83bef6-ceda-cf33-e053-0100007f2ecf,554,1990-03-16T13:30:00+00:00,Imported Channel 1,167,ft^3/s,50.0,ft,92.0,ft^2,1.82,ft/s,,,Unspecified,Unspecified,Unspecified,Unspecified,Unspecified,Unknown,Wading,2026-06-28T02:03:52.310154+00:00,point_velocity,Unspecified
05444000,POINT (-89.6963888888889 41.90275),25a87b21-443b-489d-b08e-618c54c1df79,USGS-05444000,4e83ccc4-60ca-d75e-e053-0100007f0fce,737,2017-03-20T18:05:53+00:00,main,80.7,ft^3/s,39.0,ft,48.6,ft^2,1.66,ft/s,,,Firm,Cobbles,Even,Even,Standard,Unknown,Wading,2026-06-28T02:03:52.310154+00:00,point_velocity,AtTheGage
05444000,POINT (-89.6963888888889 41.90275),25a9802f-c6d2-4966-9b44-4457103db565,USGS-05444000,4e83d94b-c300-dcf4-e053-0100007f1e37,666,2004-03-15T18:50:00+00:00,Imported Channel 1,52.8,ft^3/s,48.0,ft,49.3,ft^2,1.07,ft/s,,,Unspecified,Unspecified,Unspecified,Unspecified,Unspecified,Unknown,Wading,2026-06-28T02:03:52.310154+00:00,point_velocity,Unspecified
05444000,POINT (-89.6963888888889 41.90275),25c5dfff-aa75-4fa6-b7f4-8cf4a2c5e336,USGS-05444000,4e839e09-1c40-be6d-e053-0100007fca68,500,1983-12-05T06:00:00+00:00,Imported Channel 1,69.8,ft^3/s,46.0,ft,53.3,ft^2,1.31,ft/s,,,Unspecified,Unspecified,Unspecified,Unspecified,Unspecified,Unknown,Wading,2026-06-28T02:03:52.310154+00:00,point_velocity,Unspecified
05444000,POINT (-89.6963888888889 41.90275),260a9f70-d983-4c75-882a-c0c68ba12c79,USGS-05444000,4e83be1c-503d-cf0b-e053-0100007fb1fe,447,1978-09-07T06:00:00+00:00,Imported Channel 1,48.1,ft^3/s,,,,,,,,ft,Unspecified,Unspecified,Unspecified,Unspecified,Unspecified,Unknown,Unspecified,2026-06-28T02:03:52.310154+00:00,other_method,Unspecified
05444000,POINT (-89.6963888888889 41.90275),264669dc-6d1b-48bf-b666-0bd844f00e0a,USGS-05444000,4e83c564-a592-d2ca-e053-0100007f69bd,157,1952-03-11T06:00:00+00:00,Imported Channel 1,1620,ft^3/s,,,,,,,,ft,Unspecified,Unspecified,Unspecified,Unspecified,Unspecified,Unknown,Unspecified,2026-06-28T02:03:52.310154+00:00,other_method,Unspecified
05444000,POINT (-89.6963888888889 41.90275),26b83943-0a1d-46f0-b9ff-0ba6a9e53bc9,USGS-05444000,94f2005c-2d94-4f89-95af-73a2223711c2,781,2024-11-15T17:30:36+00:00,05444000,51.6,ft^3/s,48.5,ft,45.0,ft^2,1.15,ft/s,0.00,ft,Firm,Gravel,Uneven,Uneven,Unknown,Steady,Wading,2026-06-28T02:03:52.310154+00:00,point_velocity,AtTheGage
05444000,POINT (-89.6963888888889 41.90275),27742db9-57fa-4e6c-97e4-33cada594458,USGS-05444000,4e83e6dd-2a43-e473-e053-0100007f4d30,713,2012-10-04T17:17:30+00:00,main,37.4,ft^3/s,40.0,ft,36.6,ft^2,1.02,ft/s,,,Firm,Gravel,Even,Even,Standard,Unknown,Wading,2026-06-28T02:03:52.310154+00:00,point_velocity,AtTheGage
05444000,POINT (-89.6963888888889 41.90275),27ce172e-9e4b-4e3f-8045-bb390f6c7ec9,USGS-05444000,4e83bf45-95b2-cfca-e053-0100007faac3,452,1979-03-19T06:00:00+00:00,Imported Channel 1,1780,ft^3/s,,,,,,,,ft,Unspecified,Unspecified,Unspecified,Unspecified,Unspecified,Unknown,Unspecified,2026-06-28T02:03:52.310154+00:00,other_method,Unspecified
05444000,POINT (-89.6963888888889 41.90275),285c9c34-b385-4d34-987d-06886a7a938e,USGS-05444000,4e83daad-e52d-dcb8-e053-0100007ff28c,679,2006-10-06T14:45:00+00:00,Imported Channel 1,30.4,ft^3/s,48.0,ft,35.4,ft^2,0.86,ft/s,,,Unspecified,Unspecified,Unspecified,Unspecified,Unspecified,Unknown,Wading,2026-06-28T02:03:52.310154+00:00,point_velocity,Unspecified
05444000,POINT (-89.6963888888889 41.90275),2a6e06bb-9e7f-4318-b9cd-6f8221d1b1cb,USGS-05444000,95aed719-3d9f-4c52-e053-0100007ffe48,754,2019-10-24T17:49:46+00:00,main,164,ft^3/s,74.3,ft,114,ft^2,1.44,ft/s,65.00,ft,Firm,Cobbles,Even,Even,Standard,Steady,BridgeDownstreamSide,2026-06-28T02:03:52.310154+00:00,adcp,Downstream
05444000,POINT (-89.6963888888889 41.90275),2a9edf7c-6ee3-4832-9b09-dfe2489e88dc,USGS-05444000,4e83c20d-f620-d139-e053-0100007f3ce6,585,1993-12-07T20:25:00+00:00,Imported Channel 1,122,ft^3/s,51.0,ft,68.2,ft^2,1.79,ft/s,,,Unspecified,Unspecified,Unspecified,Unspecified,Unspecified,Unknown,Wading,2026-06-28T02:03:52.310154+00:00,point_velocity,Unspecified
05444000,POINT (-89.6963888888889 41.90275),2aafe12e-7911-4629-a554-5182c18499e9,USGS-05444000,4e83c584-f78a-d2b4-e053-0100007fe2f6,560,1990-08-31T13:20:00+00:00,Imported Channel 1,68.0,ft^3/s,47.0,ft,76.3,ft^2,0.89,ft/s,,,Unspecified,Unspecified,Unspecified,Unspecified,Unspecified,Unknown,Wading,2026-06-28T02:03:52.310154+00:00,point_velocity,Unspecified
05444000,POINT (-89.6963888888889 41.90275),2af73db7-d9ec-449c-a903-f3effecda529,USGS-05444000,4e83ccd7-7db1-d76e-e053-0100007fe45d,599,1995-11-07T15:25:00+00:00,Imported Channel 1,100,ft^3/s,50.0,ft,60.0,ft^2,1.67,ft/s,,,Unspecified,Unspecified,Unspecified,Unspecified,Unspecified,Unknown,Wading,2026-06-28T02:03:52.310154+00:00,point_velocity,Unspecified
05444000,POINT (-89.6963888888889 41.90275),2be6a410-f006-479b-a526-2dbccdafec0a,USGS-05444000,4e83bdcb-2961-ced4-e053-0100007fd7b4,557,1990-06-29T16:50:00+00:00,Imported Channel 1,4080,ft^3/s,174,ft,1400,ft^2,2.91,ft/s,,,Unspecified,Unspecified,Unspecified,Unspecified,Unspecified,Unknown,BridgeCrane,2026-06-28T02:03:52.310154+00:00,point_velocity,Unspecified
05444000,POINT (-89.6963888888889 41.90275),2df2299a-821f-4999-8254-98b2820c523f,USGS-05444000,4e83bdcb-2955-ced4-e053-0100007fd7b4,479,1981-09-17T06:00:00+00:00,Imported Channel 1,98.8,ft^3/s,52.0,ft,77.3,ft^2,1.28,ft/s,,,Unspecified,Unspecified,Unspecified,Unspecified,Unspecified,Unknown,Wading,2026-06-28T02:03:52.310154+00:00,point_velocity,Unspecified
05444000,POINT (-89.6963888888889 41.90275),2e1454b9-4f00-4c7b-98e2-8b579fcb7640,USGS-05444000,4e83cddb-fe26-d75a-e053-0100007fbc8d,723,2014-09-18T18:35:00+00:00,main,47.0,ft^3/s,39.0,ft,35.4,ft^2,1.33,ft/s,15.00,ft,Firm,Gravel,Even,Unspecified,Standard,Unknown,Wading,2026-06-28T02:03:52.310154+00:00,point_velocity,Downstream
05444000,POINT (-89.6963888888889 41.90275),2f489cb2-7135-4edc-8f82-2aee88559c3a,USGS-05444000,4e83c6ef-9f78-d2a8-e053-0100007fa926,427,1976-07-16T06:00:00+00:00,Imported Channel 1,38.3,ft^3/s,,,,,,,,ft,Unspecified,Unspecified,Unspecified,Unspecified,Unspecified,Unknown,Unspecified,2026-06-28T02:03:52.310154+00:00,other_method,Unspecified
05444000,POINT (-89.6963888888889 41.90275),31c5f336-82af-4a61-9a75-638eacb43daf,USGS-05444000,4e83d4a3-b822-db5c-e053-0100007f3cad,681,2007-03-20T17:20:00+00:00,Imported Channel 1,88.0,ft^3/s,53.0,ft,63.7,ft^2,1.38,ft/s,,,Unspecified,Unspecified,Unspecified,Unspecified,Unspecified,Unknown,Wading,2026-06-28T02:03:52.310154+00:00,point_velocity,Unspecified
05444000,POINT (-89.6963888888889 41.90275),3324bbfc-7a76-4627-9c07-0f318de0b90f,USGS-05444000,4e83c3b3-c61e-d129-e053-0100007fca85,376,1971-11-09T06:00:00+00:00,Imported Channel 1,31.8,ft^3/s,,,,,,,,ft,Unspecified,Unspecified,Unspecified,Unspecified,Unspecified,Unknown,Unspecified,2026-06-28T02:03:52.310154+00:00,other_method,Unspecified
05444000,POINT (-89.6963888888889 41.90275),339656fb-8ef4-4b75-8870-35033b390816,USGS-05444000,4e83c990-6d65-d29c-e053-0100007f03e6,504,1984-05-18T06:00:00+00:00,Imported Channel 1,89.0,ft^3/s,46.0,ft,53.2,ft^2,1.67,ft/s,,,Unspecified,Unspecified,Unspecified,Unspecified,Unspecified,Unknown,Wading,2026-06-28T02:03:52.310154+00:00,point_velocity,Unspecified
05444000,POINT (-89.6963888888889 41.90275),33e1eafa-2232-4aed-9b06-f3673d4dea4b,USGS-05444000,4e83c591-58f4-d2dc-e053-0100007f5c90,391,1973-03-07T06:00:00+00:00,Imported Channel 1,1300,ft^3/s,,,,,,,,ft,Unspecified,Unspecified,Unspecified,Unspecified,Unspecified,Unknown,Unspecified,2026-06-28T02:03:52.310154+00:00,other_method,Unspecified
05444000,POINT (-89.6963888888889 41.90275),344e1b51-590e-44be-b9b2-a4d21f3b7794,USGS-05444000,4e83d08d-36e8-d935-e053-0100007f47c5,663,2003-10-06T18:35:00+00:00,Imported Channel 1,24.6,ft^3/s,51.0,ft,36.1,ft^2,0.68,ft/s,,,Unspecified,Unspecified,Unspecified,Unspecified,Unspecified,Unknown,Wading,2026-06-28T02:03:52.310154+00:00,point_velocity,Unspecified
05444000,POINT (-89.6963888888889 41.90275),34b4c51a-1b3a-42f4-b8d9-3207d8a926a1,USGS-05444000,f92701e5-937b-4a2a-8e9c-050137494dc6,787,2026-02-19T16:27:59+00:00,05444000,37.2,ft^3/s,41.5,ft,36.8,ft^2,1.01,ft/s,0.00,ft,Firm,Cobbles,Uneven,Uneven,Unknown,Steady,Wading,2026-06-28T02:03:52.310154+00:00,point_velocity,AtTheGage
05444000,POINT (-89.6963888888889 41.90275),34f5f754-ff26-4f1e-8829-2d88ed68e1e5,USGS-05444000,9232b57f-ec08-49d4-90be-48c12b14203c,777,2024-02-22T16:26:24+00:00,05444000,75.9,ft^3/s,49.0,ft,53.2,ft^2,1.43,ft/s,5.00,ft,Firm,Cobbles,Uneven,Uneven,Unknown,Steady,Wading,2026-06-28T02:03:52.310154+00:00,point_velocity,Downstream
05444000,POINT (-89.6963888888889 41.90275),35568039-4c79-4411-90a0-98de81aaf25e,USGS-05444000,4e83c91a-6632-d575-e053-0100007fdd5e,697,2009-11-06T17:59:29+00:00,Imported Channel 1,234,ft^3/s,49.0,ft,98.3,ft^2,2.38,ft/s,,,Unspecified,Unspecified,Unspecified,Unspecified,Unspecified,Unknown,Wading,2026-06-28T02:03:52.310154+00:00,point_velocity,AtTheGage
05444000,POINT (-89.6963888888889 41.90275),35dd2be1-d06d-441b-9d5e-9ccb6118d7de,USGS-05444000,4e83b074-a7bb-c81b-e053-0100007f2a78,464,1980-05-14T06:00:00+00:00,Imported Channel 1,72.6,ft^3/s,,,,,,,,ft,Unspecified,Unspecified,Unspecified,Unspecified,Unspecified,Unknown,Unspecified,2026-06-28T02:03:52.310154+00:00,other_method,Unspecified
05444000,POINT (-89.6963888888889 41.90275),369d94bc-89ae-4e89-bccc-7996e0f36bb0,USGS-05444000,a6699349-7b10-4285-bae1-3d385ae9e824,776,2023-12-21T17:20:34+00:00,05444000,49.6,ft^3/s,61.4,ft,60.6,ft^2,0.82,ft/s,75.00,ft,Firm,Gravel,Uneven,Uneven,Unknown,Steady,BridgeDownstreamSide,2026-06-28T02:03:52.310154+00:00,adcp,Downstream
05444000,POINT (-89.6963888888889 41.90275),379b5065-d43e-492a-8b38-48cf96f47976,USGS-05444000,4e83d122-6dd2-d8ea-e053-0100007f39b2,645,2001-04-20T14:15:00+00:00,Imported Channel 1,143,ft^3/s,55.0,ft,78.2,ft^2,1.83,ft/s,,,Unspecified,Unspecified,Unspecified,Unspecified,Unspecified,Unknown,Wading,2026-06-28T02:03:52.310154+00:00,point_velocity,Unspecified
05444000,POINT (-89.6963888888889 41.90275),37eefe9c-4fb4-4de6-873f-a64b644236dc,USGS-05444000,4e83d876-10af-dd1c-e053-0100007f0df7,700,2010-07-16T18:05:00+00:00,Imported Channel 1,144,ft^3/s,55.1,ft,68.7,ft^2,2.10,ft/s,,ft,Unspecified,Unspecified,Unspecified,Even,Unspecified,Unknown,BridgeDownstreamSide,2026-06-28T02:03:52.310154+00:00,adcp,Unspecified
05444000,POINT (-89.6963888888889 41.90275),38427960-a9df-4664-80c7-63841556c853,USGS-05444000,4e83c564-a59d-d2ca-e053-0100007f69bd,467,1980-09-16T06:00:00+00:00,Imported Channel 1,115,ft^3/s,,,,,,,,ft,Unspecified,Unspecified,Unspecified,Unspecified,Unspecified,Unknown,Unspecified,2026-06-28T02:03:52.310154+00:00,other_method,Unspecified
05444000,POINT (-89.6963888888889 41.90275),38cb24c9-5152-432e-8fb9-84fb6a18e712,USGS-05444000,4e83bfca-5ec1-d014-e053-0100007f7fa3,562,1990-11-15T20:50:00+00:00,Imported Channel 1,61.4,ft^3/s,54.0,ft,58.4,ft^2,1.05,ft/s,,,Unspecified,Unspecified,Unspecified,Unspecified,Unspecified,Unknown,Wading,2026-06-28T02:03:52.310154+00:00,point_velocity,Unspecified
05444000,POINT (-89.6963888888889 41.90275),3a15731f-e667-417d-a43e-aa3442759e06,USGS-05444000,4e83d520-0131-db83-e053-0100007f65e2,724,2014-11-04T17:22:00+00:00,main,43.3,ft^3/s,39.0,ft,26.5,ft^2,1.63,ft/s,30.00,ft,Firm,Cobbles,Uneven,Even,Standard,Unknown,Wading,2026-06-28T02:03:52.310154+00:00,point_velocity,Downstream
05444000,POINT (-89.6963888888889 41.90275),3ad98023-f9fc-40a6-91f4-e17a6737797d,USGS-05444000,553a9673-7e19-d7d3-e053-0100007f30c6,740,2017-07-22T14:34:44+00:00,main,3450,ft^3/s,173,ft,1230,ft^2,2.80,ft/s,200.00,ft,Firm,Gravel,Uneven,Uneven,Standard,Steady,BridgeDownstreamSide,2026-06-28T02:03:52.310154+00:00,adcp,Downstream
05444000,POINT (-89.6963888888889 41.90275),3d28f6df-c9fd-4c2d-88dc-7e3834eb1515,USGS-05444000,4e83c8fd-7d59-d473-e053-0100007f793a,699,2010-04-02T17:15:00+00:00,Channel 1,170,ft^3/s,49.0,ft,77.8,ft^2,2.18,ft/s,,,Firm,CobblesBoulders,Even,Even,Unspecified,Unknown,Wading,2026-06-28T02:03:52.310154+00:00,point_velocity,AtTheGage
05444000,POINT (-89.6963888888889 41.90275),3d4c8ac7-c145-465f-aa8f-83dcd4c723f1,USGS-05444000,b44963c5-4f8e-4e0d-af5d-bb5be64c5ebc,788,2026-05-04T15:21:56+00:00,05444000,121,ft^3/s,65.8,ft,89.0,ft^2,1.36,ft/s,100.00,ft,Firm,Gravel,Uneven,Uneven,Unknown,Steady,BridgeDownstreamSide,2026-06-28T02:03:52.310154+00:00,adcp,Downstream
05444000,POINT (-89.6963888888889 41.90275),3daaf2c3-ecd0-4e4d-8d2f-5af717f6e9d0,USGS-05444000,4e83c591-58fd-d2dc-e053-0100007f5c90,472,1981-04-27T06:00:00+00:00,Imported Channel 1,95.6,ft^3/s,44.0,ft,55.0,ft^2,1.74,ft/s,,,Unspecified,Unspecified,Unspecified,Unspecified,Unspecified,Unknown,Wading,2026-06-28T02:03:52.310154+00:00,point_velocity,Unspecified
05444000,POINT (-89.6963888888889 41.90275),3df9ebcc-1e15-4a6a-90c1-43a1a623fc24,USGS-05444000,4e83c557-02f8-d2aa-e053-0100007fcf14,433,1977-03-08T06:00:00+00:00,Imported Channel 1,40.8,ft^3/s,,,,,,,,ft,Unspecified,Unspecified,Unspecified,Unspecified,Unspecified,Unknown,Unspecified,2026-06-28T02:03:52.310154+00:00,other_method,Unspecified
05444000,POINT (-89.6963888888889 41.90275),3f24060a-c44c-43ef-af55-0f770c80e844,USGS-05444000,4e83c7c9-7046-d439-e053-0100007f9929,711,2012-06-13T16:11:30+00:00,Imported Channel 1,76.7,ft^3/s,41.0,ft,34.8,ft^2,2.20,ft/s,,,Firm,Cobbles,Uneven,Unspecified,Standard,Unknown,Wading,2026-06-28T02:03:52.310154+00:00,point_velocity,AtTheGage
05444000,POINT (-89.6963888888889 41.90275),3f54ede7-d0df-4e38-87ea-b3b1484dce94,USGS-05444000,8e83f025-9353-65ef-e053-0100007f4945,752,2019-07-22T17:54:01+00:00,main,122,ft^3/s,72.6,ft,97.6,ft^2,1.25,ft/s,40.00,ft,Firm,Gravel,Even,Even,Standard,Steady,BridgeDownstreamSide,2026-06-28T02:03:52.310154+00:00,adcp,Downstream
05444000,POINT (-89.6963888888889 41.90275),3fec86c5-8084-40c5-998c-848762a3f086,USGS-05444000,4e83c5a9-1846-d2b8-e053-0100007f86b2,446,1978-07-24T06:00:00+00:00,Imported Channel 1,95.5,ft^3/s,,,,,,,,ft,Unspecified,Unspecified,Unspecified,Unspecified,Unspecified,Unknown,Unspecified,2026-06-28T02:03:52.310154+00:00,other_method,Unspecified
05444000,POINT (-89.6963888888889 41.90275),400cb981-4027-4cd2-889f-6ebe7860e75b,USGS-05444000,e6664088-1c53-4b5a-b46f-ef2661069bfd,786,2026-01-08T16:43:13+00:00,05444000,40.0,ft^3/s,45.0,ft,36.2,ft^2,1.11,ft/s,0.00,ft,Firm,Gravel,Uneven,Uneven,Unknown,Steady,Wading,2026-06-28T02:03:52.310154+00:00,point_velocity,AtTheGage
05444000,POINT (-89.6963888888889 41.90275),4042e4ad-d7b4-42b7-b51d-c1501cd816e7,USGS-05444000,4e83d52c-9e31-daca-e053-0100007fc3a9,641,2000-08-23T19:07:00+00:00,Imported Channel 1,108,ft^3/s,52.0,ft,66.6,ft^2,1.62,ft/s,,,Unspecified,Unspecified,Unspecified,Unspecified,Unspecified,Unknown,Wading,2026-06-28T02:03:52.310154+00:00,point_velocity,Unspecified
05444000,POINT (-89.6963888888889 41.90275),41b77328-3c98-49c4-840b-125ae5535939,USGS-05444000,4e83b150-ba57-c81d-e053-0100007f7b3a,378,1972-01-05T06:00:00+00:00,Imported Channel 1,30.1,ft^3/s,,,,,,,,ft,Unspecified,Unspecified,Unspecified,Unspecified,Unspecified,Unknown,Unspecified,2026-06-28T02:03:52.310154+00:00,other_method,Unspecified
05444000,POINT (-89.6963888888889 41.90275),4258d1c8-4cf7-47ea-be63-302547f75f26,USGS-05444000,4e83bfca-5ed2-d014-e053-0100007f7fa3,643,2001-01-09T21:30:00+00:00,Imported Channel 1,62.3,ft^3/s,53.0,ft,54.5,ft^2,1.14,ft/s,,,Unspecified,Unspecified,Unspecified,Unspecified,Unspecified,Unknown,Wading,2026-06-28T02:03:52.310154+00:00,point_velocity,Unspecified
05444000,POINT (-89.6963888888889 41.90275),42b9e2f0-adbb-427c-a7d6-46a988d376c1,USGS-05444000,7be83cad-4459-96c8-e053-0100007f47d9,749,2018-11-29T19:02:06+00:00,main,132,ft^3/s,68.0,ft,96.7,ft^2,1.37,ft/s,65.00,ft,Firm,Gravel,Even,Even,Standard,Steady,BridgeDownstreamSide,2026-06-28T02:03:52.310154+00:00,adcp,Downstream
05444000,POINT (-89.6963888888889 41.90275),43119a32-dbc3-4e74-a347-62df948f587d,USGS-05444000,4e83bf34-9859-cfa0-e053-0100007fee24,705,2011-05-26T19:30:00+00:00,Imported Channel 1,531,ft^3/s,78.4,ft,204,ft^2,2.60,ft/s,70.00,ft,Firm,CobblesBoulders,Even,Even,Uniform,Unknown,BridgeDownstreamSide,2026-06-28T02:03:52.310154+00:00,adcp,Downstream
05444000,POINT (-89.6963888888889 41.90275),4333609b-c040-414e-b28f-72ecefa61a8a,USGS-05444000,91e91f4d-d1b6-62ba-e053-0100007f5bd6,753,2019-09-06T16:19:53+00:00,main,90.1,ft^3/s,67.8,ft,82.2,ft^2,1.10,ft/s,55.00,ft,Firm,Gravel,Even,Even,Standard,Steady,BridgeDownstreamSide,2026-06-28T02:03:52.310154+00:00,adcp,Downstream
05444000,POINT (-89.6963888888889 41.90275),44972d5a-2565-453d-af64-bae24804f20b,USGS-05444000,4e83bffc-762a-cf98-e053-0100007f6fa0,501,1984-01-17T06:00:00+00:00,Imported Channel 1,55.5,ft^3/s,49.0,ft,78.1,ft^2,0.71,ft/s,,,Unspecified,Unspecified,Unspecified,Unspecified,Unspecified,Unknown,Ice,2026-06-28T02:03:52.310154+00:00,point_velocity,Unspecified
05444000,POINT (-89.6963888888889 41.90275),452ed3ca-e1c7-4a71-aea4-09b62f9a76ce,USGS-05444000,553a9673-7e19-d7d3-e053-0100007f30c6,741,2017-07-22T14:50:58+00:00,main,3490,ft^3/s,166,ft,1230,ft^2,2.84,ft/s,200.00,ft,Firm,Gravel,Uneven,Uneven,Standard,Steady,BridgeDownstreamSide,2026-06-28T02:03:52.310154+00:00,adcp,Downstream
05444000,POINT (-89.6963888888889 41.90275),454bb689-adab-421c-bdb5-faaa5dff5f4d,USGS-05444000,4e83cc76-ac6c-d744-e053-0100007f98a5,556,1990-06-06T13:30:00+00:00,Imported Channel 1,70.7,ft^3/s,51.0,ft,50.4,ft^2,1.40,ft/s,,,Unspecified,Unspecified,Unspecified,Unspecified,Unspecified,Unknown,Wading,2026-06-28T02:03:52.310154+00:00,point_velocity,Unspecified
05444000,POINT (-89.6963888888889 41.90275),460034c2-e9fa-4068-a771-32fcd77cbeb7,USGS-05444000,4e83c988-4bbe-d29a-e053-0100007fe06c,572,1992-05-22T19:10:00+00:00,Imported Channel 1,79.0,ft^3/s,50.0,ft,62.2,ft^2,1.27,ft/s,,,Unspecified,Unspecified,Unspecified,Unspecified,Unspecified,Unknown,Wading,2026-06-28T02:03:52.310154+00:00,point_velocity,Unspecified
05444000,POINT (-89.6963888888889 41.90275),4667663a-71ad-46e8-9f6f-2645e5392fb4,USGS-05444000,4e83c1e2-bdaf-d0f5-e053-0100007f70da,366,1971-01-11T06:00:00+00:00,Imported Channel 1,60.0,ft^3/s,,,,,,,,ft,Unspecified,Unspecified,Unspecified,Unspecified,Unspecified,Unknown,Unspecified,2026-06-28T02:03:52.310154+00:00,other_method,Unspecified
05444000,POINT (-89.6963888888889 41.90275),46f22ba4-3401-4338-8c7f-cab528e4e163,USGS-05444000,4e83c564-a594-d2ca-e053-0100007f69bd,369,1971-04-07T06:00:00+00:00,Imported Channel 1,72.6,ft^3/s,,,,,,,,ft,Unspecified,Unspecified,Unspecified,Unspecified,Unspecified,Unknown,Unspecified,2026-06-28T02:03:52.310154+00:00,other_method,Unspecified
05444000,POINT (-89.6963888888889 41.90275),48e30e8e-10f4-431c-b128-155d9f575bf2,USGS-05444000,4e83c7c9-7048-d439-e053-0100007f9929,696,2009-09-17T17:40:00+00:00,Imported Channel 1,125,ft^3/s,46.0,ft,68.4,ft^2,1.82,ft/s,5.00,ft,Unspecified,Unspecified,Unspecified,Unspecified,Unspecified,Unknown,Wading,2026-06-28T02:03:52.310154+00:00,point_velocity,Downstream
05444000,POINT (-89.6963888888889 41.90275),49578573-d4dd-454c-bc96-6b8479d88de2,USGS-05444000,4e83d425-783e-dae6-e053-0100007f0330,695,2009-07-14T18:27:30+00:00,Imported Channel 1,174,ft^3/s,49.0,ft,85.4,ft^2,2.03,ft/s,5.00,ft,Firm,CobblesBoulders,Even,Uneven,Unspecified,Unknown,Wading,2026-06-28T02:03:52.310154+00:00,point_velocity,Downstream
05444000,POINT (-89.6963888888889 41.90275),499f48bc-2bdd-4769-af82-6badbedfc094,USGS-05444000,4e83c55e-365c-d2bc-e053-0100007ff829,508,1984-12-05T06:00:00+00:00,Imported Channel 1,54.3,ft^3/s,58.0,ft,46.6,ft^2,1.17,ft/s,,,Unspecified,Unspecified,Unspecified,Unspecified,Unspecified,Unknown,Wading,2026-06-28T02:03:52.310154+00:00,point_velocity,Unspecified
05444000,POINT (-89.6963888888889 41.90275),49c9f7cc-a182-4b37-b409-fd5e8b9998cb,USGS-05444000,1e45433f-9dc6-481a-b2bd-b1e4de04fc13,774,2023-08-01T17:57:45+00:00,05444000,72.2,ft^3/s,47.0,ft,55.0,ft^2,1.31,ft/s,5.00,ft,Firm,Gravel,Uneven,Uneven,Unknown,Steady,Wading,2026-06-28T02:03:52.310154+00:00,point_velocity,Downstream
05444000,POINT (-89.6963888888889 41.90275),4b56aea9-c79c-4f22-a92b-9154e8b6cbd8,USGS-05444000,4e83c8bb-0491-d49b-e053-0100007f4e97,608,1996-12-11T14:19:00+00:00,Imported Channel 1,82.1,ft^3/s,50.0,ft,61.1,ft^2,1.34,ft/s,,,Unspecified,Unspecified,Unspecified,Unspecified,Unspecified,Unknown,Wading,2026-06-28T02:03:52.310154+00:00,point_velocity,Unspecified
05444000,POINT (-89.6963888888889 41.90275),4c36b737-15fa-4e66-9013-98b6fdf87e0a,USGS-05444000,4e83d94b-c2f9-dcf4-e053-0100007f1e37,619,1998-03-12T16:08:00+00:00,Imported Channel 1,123,ft^3/s,52.0,ft,84.6,ft^2,1.45,ft/s,,,Unspecified,Unspecified,Unspecified,Unspecified,Unspecified,Unknown,Wading,2026-06-28T02:03:52.310154+00:00,point_velocity,Unspecified
05444000,POINT (-89.6963888888889 41.90275),4c7bf764-eaf9-48d6-82ac-1ff9a6089704,USGS-05444000,4e83c81a-0930-d471-e053-0100007feb4d,537,1988-04-18T15:55:00+00:00,Imported Channel 1,114,ft^3/s,55.0,ft,78.0,ft^2,1.46,ft/s,,,Unspecified,Unspecified,Unspecified,Unspecified,Unspecified,Unknown,Wading,2026-06-28T02:03:52.310154+00:00,point_velocity,Unspecified
05444000,POINT (-89.6963888888889 41.90275),4e2cac2c-7d95-4791-9888-a5477e27228a,USGS-05444000,4e83ccd7-7db8-d76e-e053-0100007fe45d,624,1998-10-28T21:40:00+00:00,Imported Channel 1,212,ft^3/s,54.0,ft,97.7,ft^2,2.17,ft/s,,,Unspecified,Unspecified,Unspecified,Unspecified,Unspecified,Unknown,Wading,2026-06-28T02:03:52.310154+00:00,point_velocity,Unspecified
05444000,POINT (-89.6963888888889 41.90275),4e2d52a1-5b0d-4272-9ec3-ed3f28a2e91e,USGS-05444000,4e83b05e-b076-c7ed-e053-0100007f9e84,350,1969-08-20T06:00:00+00:00,Imported Channel 1,58.4,ft^3/s,,,,,,,,ft,Unspecified,Unspecified,Unspecified,Unspecified,Unspecified,Unknown,Unspecified,2026-06-28T02:03:52.310154+00:00,other_method,Unspecified
05444000,POINT (-89.6963888888889 41.90275),4e6607bb-5760-48be-b971-baa5d9ef035f,USGS-05444000,4e83bf1e-54d4-cf11-e053-0100007f5055,498,1983-09-14T06:00:00+00:00,Imported Channel 1,57.4,ft^3/s,46.0,ft,45.1,ft^2,1.27,ft/s,,,Unspecified,Unspecified,Unspecified,Unspecified,Unspecified,Unknown,Wading,2026-06-28T02:03:52.310154+00:00,point_velocity,Unspecified
05444000,POINT (-89.6963888888889 41.90275),4f65c648-b3f7-4936-92d9-9262f7495d13,USGS-05444000,4e83c5a9-1843-d2b8-e053-0100007f86b2,414,1975-02-06T06:00:00+00:00,Imported Channel 1,57.7,ft^3/s,,,,,,,,ft,Unspecified,Unspecified,Unspecified,Unspecified,Unspecified,Unknown,Unspecified,2026-06-28T02:03:52.310154+00:00,other_method,Unspecified
05444000,POINT (-89.6963888888889 41.90275),4f71a0e9-fa6a-4179-a39f-721fa7efc66c,USGS-05444000,4e83be93-9f91-cf37-e053-0100007fcea2,665,2004-01-28T20:05:00+00:00,Imported Channel 1,31.9,ft^3/s,54.0,ft,35.8,ft^2,0.89,ft/s,,,Unspecified,Unspecified,Unspecified,Unspecified,Unspecified,Unknown,Wading,2026-06-28T02:03:52.310154+00:00,point_velocity,Unspecified
05444000,POINT (-89.6963888888889 41.90275),50823896-bc2c-429e-af96-ddb4fe07c592,USGS-05444000,4e83c564-a58e-d2ca-e053-0100007f69bd,61,1943-03-16T06:00:00+00:00,Imported Channel 1,2140,ft^3/s,,,,,,,,ft,Unspecified,Unspecified,Unspecified,Unspecified,Unspecified,Unknown,Unspecified,2026-06-28T02:03:52.310154+00:00,other_method,Unspecified
05444000,POINT (-89.6963888888889 41.90275),510d8a7a-5f4e-4af7-8d31-44da41cf5fda,USGS-05444000,4e83bf2e-6e44-cfa6-e053-0100007f07e8,544,1989-01-06T19:30:00+00:00,Imported Channel 1,37.7,ft^3/s,55.0,ft,44.0,ft^2,0.86,ft/s,,,Unspecified,Unspecified,Unspecified,Unspecified,Unspecified,Unknown,Wading,2026-06-28T02:03:52.310154+00:00,point_velocity,Unspecified
05444000,POINT (-89.6963888888889 41.90275),519370de-4cea-4e46-99ea-ce64a00da8aa,USGS-05444000,4e83db44-3f6a-dcca-e053-0100007f08bb,649,2001-12-11T21:35:00+00:00,Imported Channel 1,83.8,ft^3/s,55.0,ft,59.0,ft^2,1.42,ft/s,,,Unspecified,Unspecified,Unspecified,Unspecified,Unspecified,Unknown,Wading,2026-06-28T02:03:52.310154+00:00,point_velocity,Unspecified
05444000,POINT (-89.6963888888889 41.90275),51aacfdd-b300-40a6-8e42-2df5ca75aec5,USGS-05444000,4e83c7a0-ea9e-d433-e053-0100007fdff2,389,1973-01-16T06:00:00+00:00,Imported Channel 1,107,ft^3/s,,,,,,,,ft,Unspecified,Unspecified,Unspecified,Unspecified,Unspecified,Unknown,Unspecified,2026-06-28T02:03:52.310154+00:00,other_method,Unspecified
05444000,POINT (-89.6963888888889 41.90275),52ce9461-3550-4719-a436-4a23f4dcb488,USGS-05444000,4e83d126-2652-d917-e053-0100007fa107,530,1987-06-26T17:45:00+00:00,Imported Channel 1,62.2,ft^3/s,54.0,ft,48.8,ft^2,1.27,ft/s,,,Unspecified,Unspecified,Unspecified,Unspecified,Unspecified,Unknown,Wading,2026-06-28T02:03:52.310154+00:00,point_velocity,Unspecified
05444000,POINT (-89.6963888888889 41.90275),52d1ad0b-3194-4f0f-b1cb-eaa8410de355,USGS-05444000,4e83cddb-fe12-d75a-e053-0100007fbc8d,636,2000-01-19T13:35:00+00:00,Imported Channel 1,44.2,ft^3/s,49.0,ft,61.0,ft^2,0.72,ft/s,,,Unspecified,Unspecified,Unspecified,Unspecified,Unspecified,Unknown,Wading,2026-06-28T02:03:52.310154+00:00,point_velocity,Unspecified
05444000,POINT (-89.6963888888889 41.90275),532500c5-b395-42b0-a975-7a172ee9b835,USGS-05444000,4e83b704-5985-cbc3-e053-0100007f638e,381,1972-05-04T06:00:00+00:00,Imported Channel 1,102,ft^3/s,,,,,,,,ft,Unspecified,Unspecified,Unspecified,Unspecified,Unspecified,Unknown,Unspecified,2026-06-28T02:03:52.310154+00:00,other_method,Unspecified
05444000,POINT (-89.6963888888889 41.90275),54ee8798-5e7d-4d78-96ca-3dc5f01d6eae,USGS-05444000,4e83d9d4-cef6-dcf0-e053-0100007fc65c,620,1998-04-28T18:15:00+00:00,Imported Channel 1,194,ft^3/s,53.0,ft,103,ft^2,1.88,ft/s,,,Unspecified,Unspecified,Unspecified,Unspecified,Unspecified,Unknown,Wading,2026-06-28T02:03:52.310154+00:00,point_velocity,Unspecified
05444000,POINT (-89.6963888888889 41.90275),551e92aa-cfe6-4fcc-a347-df437d0e6ebb,USGS-05444000,60ce06be-fe43-ab21-e053-0100007f96ba,744,2017-12-20T17:58:51+00:00,main,55.6,ft^3/s,62.3,ft,61.8,ft^2,0.90,ft/s,60.00,ft,Firm,Gravel,Even,Unspecified,Standard,Steady,BridgeDownstreamSide,2026-06-28T02:03:52.310154+00:00,adcp,Downstream
05444000,POINT (-89.6963888888889 41.90275),561aa5ce-f85e-44fb-a3e7-6613ecf82770,USGS-05444000,4e83de0d-617f-dfb7-e053-0100007ff20d,669,2004-09-07T17:25:00+00:00,Imported Channel 1,44.6,ft^3/s,48.0,ft,45.3,ft^2,0.98,ft/s,,,Unspecified,Unspecified,Unspecified,Unspecified,Unspecified,Unknown,Wading,2026-06-28T02:03:52.310154+00:00,point_velocity,Unspecified
05444000,POINT (-89.6963888888889 41.90275),563c3319-063b-4678-be9e-648563adb609,USGS-05444000,4e83db31-a3d6-dead-e053-0100007fa53d,735,2016-08-31T13:59:30+00:00,main,135,ft^3/s,45.0,ft,54.8,ft^2,2.46,ft/s,75.00,ft,Firm,Cobbles,Uneven,Even,NonStandard,Unknown,Wading,2026-06-28T02:03:52.310154+00:00,point_velocity,Downstream
05444000,POINT (-89.6963888888889 41.90275),56d1a9e0-1520-4779-9d21-08fafc8b14f8,USGS-05444000,4e83be4c-0fb0-cf31-e053-0100007f8a32,442,1978-03-20T06:00:00+00:00,Imported Channel 1,531,ft^3/s,,,,,,,,ft,Unspecified,Unspecified,Unspecified,Unspecified,Unspecified,Unknown,Unspecified,2026-06-28T02:03:52.310154+00:00,other_method,Unspecified
05444000,POINT (-89.6963888888889 41.90275),577f9506-44a3-48dc-8dfa-4ab25596fd07,USGS-05444000,4e83d4ce-a661-dae8-e053-0100007f550f,683,2007-07-18T13:43:00+00:00,Imported Channel 1,755,ft^3/s,67.6,ft,279,ft^2,2.79,ft/s,,ft,Unspecified,Unspecified,Unspecified,Unspecified,Unspecified,Unknown,Unspecified,2026-06-28T02:03:52.310154+00:00,adcp,Unspecified
05444000,POINT (-89.6963888888889 41.90275),57b7180a-40aa-41b2-bbf5-13d834d608e6,USGS-05444000,4e83be1c-5059-cf0b-e053-0100007fb1fe,588,1994-03-22T20:35:00+00:00,Imported Channel 1,157,ft^3/s,53.0,ft,81.0,ft^2,1.94,ft/s,,,Unspecified,Unspecified,Unspecified,Unspecified,Unspecified,Unknown,Wading,2026-06-28T02:03:52.310154+00:00,point_velocity,Unspecified
05444000,POINT (-89.6963888888889 41.90275),5827168c-c0e6-43cb-9cbe-f2fe45c1507a,USGS-05444000,4e83b429-fdc9-ca07-e053-0100007f92e6,379,1972-02-16T06:00:00+00:00,Imported Channel 1,36.2,ft^3/s,,,,,,,,ft,Unspecified,Unspecified,Unspecified,Unspecified,Unspecified,Unknown,Unspecified,2026-06-28T02:03:52.310154+00:00,other_method,Unspecified
05444000,POINT (-89.6963888888889 41.90275),583045d6-b130-43c2-993c-2de4b0cdc5a5,USGS-05444000,4e83d94b-c303-dcf4-e053-0100007f1e37,673,2005-08-03T18:15:00+00:00,Imported Channel 1,22.8,ft^3/s,46.0,ft,32.0,ft^2,0.70,ft/s,,,Unspecified,Unspecified,Unspecified,Unspecified,Unspecified,Unknown,Wading,2026-06-28T02:03:52.310154+00:00,point_velocity,Unspecified
05444000,POINT (-89.6963888888889 41.90275),58f33b5d-293a-4298-b0df-52a1f7641645,USGS-05444000,4e83c3b3-c628-d129-e053-0100007fca85,503,1984-04-09T06:00:00+00:00,Imported Channel 1,99.8,ft^3/s,47.0,ft,59.8,ft^2,1.67,ft/s,,,Unspecified,Unspecified,Unspecified,Unspecified,Unspecified,Unknown,Wading,2026-06-28T02:03:52.310154+00:00,point_velocity,Unspecified
05444000,POINT (-89.6963888888889 41.90275),5a595e2b-9dc1-4bae-8099-510bb079704e,USGS-05444000,4e83c1e2-bdad-d0f5-e053-0100007f70da,364,1970-10-28T06:00:00+00:00,Imported Channel 1,284,ft^3/s,,,,,,,,ft,Unspecified,Unspecified,Unspecified,Unspecified,Unspecified,Unknown,Unspecified,2026-06-28T02:03:52.310154+00:00,other_method,Unspecified
05444000,POINT (-89.6963888888889 41.90275),5ad79fc1-7842-43c2-b045-ad2528bc9387,USGS-05444000,4e83c5a9-184a-d2b8-e053-0100007f86b2,474,1981-06-13T06:00:00+00:00,Imported Channel 1,1910,ft^3/s,154,ft,870,ft^2,2.20,ft/s,,,Unspecified,Unspecified,Unspecified,Unspecified,Unspecified,Unknown,BridgeCrane,2026-06-28T02:03:52.310154+00:00,point_velocity,Unspecified
05444000,POINT (-89.6963888888889 41.90275),5b28338e-c204-49bb-8c2f-957f5550a5fc,USGS-05444000,4e83df47-a43b-e08e-e053-0100007fe15a,659,2003-02-28T15:15:00+00:00,Imported Channel 1,33.8,ft^3/s,55.0,ft,41.7,ft^2,0.81,ft/s,,,Unspecified,Unspecified,Unspecified,Unspecified,Unspecified,Unknown,Wading,2026-06-28T02:03:52.310154+00:00,point_velocity,Unspecified
05444000,POINT (-89.6963888888889 41.90275),5b404396-6137-43e7-a94f-2b1b79572a10,USGS-05444000,4e83bf31-499e-cf35-e053-0100007fe2ee,576,1992-12-17T18:15:00+00:00,Imported Channel 1,419,ft^3/s,82.0,ft,212,ft^2,1.98,ft/s,,,Unspecified,Unspecified,Unspecified,Unspecified,Unspecified,Unknown,BridgeCrane,2026-06-28T02:03:52.310154+00:00,point_velocity,Unspecified
05444000,POINT (-89.6963888888889 41.90275),5b73833a-d1a3-4ce5-aef5-86665c0a5770,USGS-05444000,4e83c595-1bf8-d2a6-e053-0100007fdf09,370,1971-05-25T06:00:00+00:00,Imported Channel 1,80.2,ft^3/s,,,,,,,,ft,Unspecified,Unspecified,Unspecified,Unspecified,Unspecified,Unknown,Unspecified,2026-06-28T02:03:52.310154+00:00,other_method,Unspecified
05444000,POINT (-89.6963888888889 41.90275),5bedefb3-6258-42d8-b613-29eed7eee841,USGS-05444000,4e83e1f2-c875-e245-e053-0100007f7c00,734,2016-08-12T22:45:30+00:00,at gage,110,ft^3/s,40.5,ft,56.1,ft^2,1.96,ft/s,1.00,ft,Firm,Cobbles,Even,Even,NonStandard,Unknown,Wading,2026-06-28T02:03:52.310154+00:00,point_velocity,Downstream
05444000,POINT (-89.6963888888889 41.90275),5c383fd7-a5a3-4c39-a84a-5cb589a7e11b,USGS-05444000,4f22f13d-4eb8-46b6-9912-da0d8919fba1,770,2022-10-28T19:43:32+00:00,05444000,69.0,ft^3/s,45.0,ft,48.0,ft^2,1.44,ft/s,15.00,ft,Firm,Gravel,Uneven,Uneven,Unknown,Steady,Wading,2026-06-28T02:03:52.310154+00:00,point_velocity,Downstream
05444000,POINT (-89.6963888888889 41.90275),5c64f658-cc47-403a-8ea6-1640899713b9,USGS-05444000,4e83bf11-88a9-cf13-e053-0100007fa647,394,1973-04-21T06:00:00+00:00,Imported Channel 1,6260,ft^3/s,,,,,,,,ft,Unspecified,Unspecified,Unspecified,Unspecified,Unspecified,Unknown,Unspecified,2026-06-28T02:03:52.310154+00:00,other_method,Unspecified
05444000,POINT (-89.6963888888889 41.90275),5d0866e1-6b3c-42b7-84dc-a115394ed868,USGS-05444000,4e83c25c-1c8b-d137-e053-0100007fc5e9,402,1974-01-07T06:00:00+00:00,Imported Channel 1,131,ft^3/s,,,,,,,,ft,Unspecified,Unspecified,Unspecified,Unspecified,Unspecified,Unknown,Unspecified,2026-06-28T02:03:52.310154+00:00,other_method,Unspecified
05444000,POINT (-89.6963888888889 41.90275),5d511ad2-49a0-4d31-9ecb-3d794dc37a21,USGS-05444000,4e83d520-00fc-db83-e053-0100007f65e2,545,1989-03-14T18:45:00+00:00,Imported Channel 1,88.5,ft^3/s,54.0,ft,74.9,ft^2,1.18,ft/s,,,Unspecified,Unspecified,Unspecified,Unspecified,Unspecified,Unknown,Wading,2026-06-28T02:03:52.310154+00:00,point_velocity,Unspecified
05444000,POINT (-89.6963888888889 41.90275),5daa9d2f-2d2e-4bac-b40d-db4a2129e33d,USGS-05444000,25b79ad5-0853-4a4d-99b8-b67f4e4f362c,785,2025-09-16T18:19:31+00:00,05444000,36.8,ft^3/s,42.0,ft,38.7,ft^2,0.95,ft/s,5.00,ft,Firm,Cobbles,Uneven,Uneven,Unknown,Steady,Wading,2026-06-28T02:03:52.310154+00:00,point_velocity,Downstream
05444000,POINT (-89.6963888888889 41.90275),5e6c8e92-acc3-4a7c-8e40-83385dcbef40,USGS-05444000,4e83c2a4-2fd6-d16f-e053-0100007fd838,597,1995-07-11T17:55:00+00:00,Imported Channel 1,139,ft^3/s,50.0,ft,70.7,ft^2,1.97,ft/s,,,Unspecified,Unspecified,Unspecified,Unspecified,Unspecified,Unknown,Wading,2026-06-28T02:03:52.310154+00:00,point_velocity,Unspecified
05444000,POINT (-89.6963888888889 41.90275),5ef3edb5-eddf-4dfa-baa7-27dc6b4329ed,USGS-05444000,4e83e976-5f45-e5e9-e053-0100007f7f65,730,2015-10-09T17:07:00+00:00,main,59.0,ft^3/s,41.5,ft,30.1,ft^2,1.96,ft/s,50.00,ft,Firm,Cobbles,Uneven,Even,Standard,Unknown,Wading,2026-06-28T02:03:52.310154+00:00,point_velocity,Downstream
05444000,POINT (-89.6963888888889 41.90275),6000aaa2-69e5-40f1-83df-18c11ba4ccc3,USGS-05444000,4e83b429-a657-c9e9-e053-0100007f3898,396,1973-05-14T06:00:00+00:00,Imported Channel 1,380,ft^3/s,,,,,,,,ft,Unspecified,Unspecified,Unspecified,Unspecified,Unspecified,Unknown,Unspecified,2026-06-28T02:03:52.310154+00:00,other_method,Unspecified
05444000,POINT (-89.6963888888889 41.90275),602d85de-b29f-4588-804e-66a82a90b437,USGS-05444000,4e83b3d0-88b2-ca01-e053-0100007f4963,162,1952-06-13T06:00:00+00:00,Imported Channel 1,4940,ft^3/s,,,,,,,,ft,Unspecified,Unspecified,Unspecified,Unspecified,Unspecified,Unknown,Unspecified,2026-06-28T02:03:52.310154+00:00,other_method,Unspecified
05444000,POINT (-89.6963888888889 41.90275),60421534-eb44-4e25-9024-8ac5ddd5d3df,USGS-05444000,1eafd304-f56b-407e-a1d0-0bf78bb6a25e,767,2022-07-28T19:49:21+00:00,05444000,61.9,ft^3/s,48.7,ft,47.0,ft^2,1.32,ft/s,0.00,ft,Firm,Cobbles,Uneven,Uneven,Unknown,Steady,Wading,2026-06-28T02:03:52.310154+00:00,point_velocity,AtTheGage
05444000,POINT (-89.6963888888889 41.90275),615c5ef3-04f8-4c53-91f2-511825fb0407,USGS-05444000,4e83c25c-1c9a-d137-e053-0100007fc5e9,564,1991-03-14T19:25:00+00:00,Imported Channel 1,129,ft^3/s,52.0,ft,78.0,ft^2,1.65,ft/s,,,Unspecified,Unspecified,Unspecified,Unspecified,Unspecified,Unknown,Wading,2026-06-28T02:03:52.310154+00:00,point_velocity,Unspecified
05444000,POINT (-89.6963888888889 41.90275),621db25f-bf26-4a44-aac3-6f457f3d7a43,USGS-05444000,4e83b59d-3a0c-cad0-e053-0100007f5ebb,428,1976-08-13T06:00:00+00:00,Imported Channel 1,31.3,ft^3/s,,,,,,,,ft,Unspecified,Unspecified,Unspecified,Unspecified,Unspecified,Unknown,Unspecified,2026-06-28T02:03:52.310154+00:00,other_method,Unspecified
05444000,POINT (-89.6963888888889 41.90275),625caa13-d18b-4f31-a579-49db5ab9f9c0,USGS-05444000,08ed4942-da2b-4744-9551-4a08999bd02b,757,2020-05-11T17:55:47+00:00,main,128,ft^3/s,59.8,ft,82.0,ft^2,1.56,ft/s,60.00,ft,Firm,Cobbles,Even,Even,Standard,Steady,BridgeDownstreamSide,2026-06-28T02:03:52.310154+00:00,adcp,Downstream
05444000,POINT (-89.6963888888889 41.90275),63b24bff-dd02-4379-a10a-e04c8dde2c30,USGS-05444000,4e83d4a3-b7fc-db5c-e053-0100007f3cad,542,1988-10-19T21:10:00+00:00,Imported Channel 1,33.4,ft^3/s,55.0,ft,40.7,ft^2,0.82,ft/s,,,Unspecified,Unspecified,Unspecified,Unspecified,Unspecified,Unknown,Wading,2026-06-28T02:03:52.310154+00:00,point_velocity,Unspecified
05444000,POINT (-89.6963888888889 41.90275),6414bd35-00af-4d88-b330-ef0efc59bf0e,USGS-05444000,1cef4387-a7e8-4fc1-8eb3-df7cda8f4244,782,2025-03-13T18:19:14+00:00,05444000,48.4,ft^3/s,46.0,ft,45.5,ft^2,1.06,ft/s,0.00,ft,Firm,Cobbles,Uneven,Uneven,Unknown,Steady,Wading,2026-06-28T02:03:52.310154+00:00,point_velocity,AtTheGage
05444000,POINT (-89.6963888888889 41.90275),64218a76-b933-46bb-9d91-184fdcd35d94,USGS-05444000,4e83c8f8-6f49-d557-e053-0100007fad8f,441,1978-02-06T06:00:00+00:00,Imported Channel 1,50.0,ft^3/s,,,,,,,,ft,Unspecified,Unspecified,Unspecified,Unspecified,Unspecified,Unknown,Unspecified,2026-06-28T02:03:52.310154+00:00,other_method,Unspecified
05444000,POINT (-89.6963888888889 41.90275),642f6ab8-cb0d-4bf1-923e-d995b9b6aa4d,USGS-05444000,4e83d155-ec4f-d937-e053-0100007fae1c,677,2006-06-21T17:50:00+00:00,Imported Channel 1,58.0,ft^3/s,51.0,ft,53.0,ft^2,1.09,ft/s,,,Unspecified,Unspecified,Unspecified,Unspecified,Unspecified,Unknown,Wading,2026-06-28T02:03:52.310154+00:00,point_velocity,Unspecified
05444000,POINT (-89.6963888888889 41.90275),65035d68-9493-4934-98e5-93bfdfd91083,USGS-05444000,4e83d470-ec78-daff-e053-0100007f386c,678,2006-09-01T15:25:00+00:00,Imported Channel 1,29.6,ft^3/s,47.0,ft,47.2,ft^2,0.63,ft/s,,,Unspecified,Unspecified,Unspecified,Unspecified,Unspecified,Unknown,Wading,2026-06-28T02:03:52.310154+00:00,point_velocity,Unspecified
05444000,POINT (-89.6963888888889 41.90275),657d6efc-9813-434b-8b97-bd76d762b3ac,USGS-05444000,4e83db45-d5f5-deb1-e053-0100007f56ee,719,2014-03-25T20:15:32+00:00,main,91.1,ft^3/s,44.4,ft,62.5,ft^2,1.46,ft/s,100.00,ft,Firm,Gravel,Even,Even,Standard,Unknown,Cableway,2026-06-28T02:03:52.310154+00:00,adcp,Upstream
05444000,POINT (-89.6963888888889 41.90275),66442251-49b1-4a68-8dfb-20de67492708,USGS-05444000,15d6f979-f964-4e4b-9192-0139ab9903ac,763,2021-05-04T21:35:50+00:00,05444000,136,ft^3/s,68.7,ft,96.4,ft^2,1.42,ft/s,60.00,ft,Firm,Gravel,Uneven,Uneven,Unknown,Steady,BridgeDownstreamSide,2026-06-28T02:03:52.310154+00:00,adcp,Downstream
05444000,POINT (-89.6963888888889 41.90275),668583bf-23e3-4be2-8fb3-9c6dff559173,USGS-05444000,4e83d9d4-cf09-dcf0-e053-0100007fc65c,667,2004-05-17T18:30:00+00:00,Imported Channel 1,53.0,ft^3/s,50.0,ft,49.7,ft^2,1.07,ft/s,,,Unspecified,Unspecified,Unspecified,Unspecified,Unspecified,Unknown,Wading,2026-06-28T02:03:52.310154+00:00,point_velocity,Unspecified
05444000,POINT (-89.6963888888889 41.90275),670efe39-e6ff-46ff-80e3-9f57b2f156bb,USGS-05444000,4e83d4a3-b812-db5c-e053-0100007f3cad,615,1997-08-13T16:22:00+00:00,Imported Channel 1,55.7,ft^3/s,49.0,ft,55.6,ft^2,1.00,ft/s,,,Unspecified,Unspecified,Unspecified,Unspecified,Unspecified,Unknown,Wading,2026-06-28T02:03:52.310154+00:00,point_velocity,Unspecified
05444000,POINT (-89.6963888888889 41.90275),67853ca8-4a79-4007-ad49-c3d5ccc63ec9,USGS-05444000,4e83d957-9116-dd78-e053-0100007f9387,654,2002-07-17T15:35:00+00:00,Imported Channel 1,111,ft^3/s,54.0,ft,77.8,ft^2,1.43,ft/s,,,Unspecified,Unspecified,Unspecified,Unspecified,Unspecified,Unknown,Wading,2026-06-28T02:03:52.310154+00:00,point_velocity,Unspecified
05444000,POINT (-89.6963888888889 41.90275),68092736-748d-4766-af13-b83713d29621,USGS-05444000,4e83cce9-8b70-d72a-e053-0100007f6bfb,640,2000-06-27T14:03:00+00:00,Imported Channel 1,279,ft^3/s,55.0,ft,111,ft^2,2.51,ft/s,,,Unspecified,Unspecified,Unspecified,Unspecified,Unspecified,Unknown,Wading,2026-06-28T02:03:52.310154+00:00,point_velocity,Unspecified
05444000,POINT (-89.6963888888889 41.90275),687625fc-4610-4da6-a0f5-ce6264f06fc5,USGS-05444000,4e83d41d-7015-dada-e053-0100007f497e,637,2000-03-06T21:04:00+00:00,Imported Channel 1,118,ft^3/s,50.0,ft,83.3,ft^2,1.41,ft/s,,,Unspecified,Unspecified,Unspecified,Unspecified,Unspecified,Unknown,Wading,2026-06-28T02:03:52.310154+00:00,point_velocity,Unspecified
05444000,POINT (-89.6963888888889 41.90275),68d032da-8b2d-4988-9f0a-495e262f7fac,USGS-05444000,4e83c441-a4e6-d119-e053-0100007f406c,526,1987-01-09T18:30:00+00:00,Imported Channel 1,61.7,ft^3/s,54.0,ft,50.4,ft^2,1.22,ft/s,,,Unspecified,Unspecified,Unspecified,Unspecified,Unspecified,Unknown,Wading,2026-06-28T02:03:52.310154+00:00,point_velocity,Unspecified
05444000,POINT (-89.6963888888889 41.90275),6a060ab5-348e-480e-9875-75a72940ef25,USGS-05444000,4e83cc6c-8013-d72e-e053-0100007fb2d3,651,2002-02-06T19:35:00+00:00,Imported Channel 1,69.4,ft^3/s,54.0,ft,52.8,ft^2,1.31,ft/s,,,Unspecified,Unspecified,Unspecified,Unspecified,Unspecified,Unknown,Wading,2026-06-28T02:03:52.310154+00:00,point_velocity,Unspecified
05444000,POINT (-89.6963888888889 41.90275),6b016072-6f48-4631-b280-e232f188ac4a,USGS-05444000,4e83b080-d538-c7e7-e053-0100007f3e3e,349,1969-07-16T06:00:00+00:00,Imported Channel 1,83.7,ft^3/s,,,,,,,,ft,Unspecified,Unspecified,Unspecified,Unspecified,Unspecified,Unknown,Unspecified,2026-06-28T02:03:52.310154+00:00,other_method,Unspecified
05444000,POINT (-89.6963888888889 41.90275),6b0d685c-f9f0-4bf9-88d6-9c3988d0d404,USGS-05444000,77e29f28-f37c-e2e7-e053-0100007fd333,748,2018-10-09T18:11:51+00:00,main,444,ft^3/s,80.8,ft,203,ft^2,2.19,ft/s,0.00,ft,Firm,Gravel,Even,Even,Standard,Pulsating,BridgeDownstreamSide,2026-06-28T02:03:52.310154+00:00,adcp,AtTheGage
05444000,POINT (-89.6963888888889 41.90275),6b314c5c-c136-4c4b-8e85-664c6ea380e5,USGS-05444000,4e83c843-0049-d46f-e053-0100007f1ad6,374,1971-09-09T06:00:00+00:00,Imported Channel 1,30.5,ft^3/s,,,,,,,,ft,Unspecified,Unspecified,Unspecified,Unspecified,Unspecified,Unknown,Unspecified,2026-06-28T02:03:52.310154+00:00,other_method,Unspecified
05444000,POINT (-89.6963888888889 41.90275),6b7a4629-23e2-47ae-8f28-6d29075210cb,USGS-05444000,4e83bf34-984c-cfa0-e053-0100007fee24,632,1999-06-22T13:08:00+00:00,Imported Channel 1,167,ft^3/s,56.0,ft,84.4,ft^2,1.98,ft/s,,,Unspecified,Unspecified,Unspecified,Unspecified,Unspecified,Unknown,Wading,2026-06-28T02:03:52.310154+00:00,point_velocity,Unspecified
05444000,POINT (-89.6963888888889 41.90275),6c6be90b-9f5b-4c76-aa57-821c1b4433fc,USGS-05444000,4e83c564-a592-d2ca-e053-0100007f69bd,158,1952-03-11T06:00:00+00:00,Imported Channel 1,1560,ft^3/s,,,,,,,,ft,Unspecified,Unspecified,Unspecified,Unspecified,Unspecified,Unknown,Unspecified,2026-06-28T02:03:52.310154+00:00,other_method,Unspecified
05444000,POINT (-89.6963888888889 41.90275),6db21d3d-53c2-454b-b1cd-f0ce67dc7916,USGS-05444000,4e83c20d-f615-d139-e053-0100007f3ce6,525,1986-11-20T19:45:00+00:00,Imported Channel 1,78.8,ft^3/s,56.0,ft,53.9,ft^2,1.46,ft/s,,,Unspecified,Unspecified,Unspecified,Unspecified,Unspecified,Unknown,Wading,2026-06-28T02:03:52.310154+00:00,point_velocity,Unspecified
05444000,POINT (-89.6963888888889 41.90275),6f2708ff-de5e-4b8a-8030-475e062d6bb1,USGS-05444000,4e83c8c7-29c3-d2ce-e053-0100007f2514,534,1987-10-29T17:20:00+00:00,Imported Channel 1,56.9,ft^3/s,50.0,ft,43.3,ft^2,1.31,ft/s,,,Unspecified,Unspecified,Unspecified,Unspecified,Unspecified,Unknown,Wading,2026-06-28T02:03:52.310154+00:00,point_velocity,Unspecified
05444000,POINT (-89.6963888888889 41.90275),70315e6b-8863-47e3-8bf0-d0fe01f1f044,USGS-05444000,89f09084-40a5-4681-8f7d-2d15e74391b0,755,2019-12-20T17:14:31+00:00,05444000,145,ft^3/s,70.4,ft,103,ft^2,1.41,ft/s,75.00,ft,Firm,Cobbles,Uneven,Uneven,Unknown,Steady,BridgeDownstreamSide,2026-06-28T02:03:52.310154+00:00,adcp,Downstream
05444000,POINT (-89.6963888888889 41.90275),70ef48d2-913d-40be-b9cc-2e1f99ac6e35,USGS-05444000,4e83bf31-49b5-cf35-e053-0100007fe2ee,689,2008-04-03T17:18:00+00:00,Imported Channel 1,204,ft^3/s,55.0,ft,98.8,ft^2,2.06,ft/s,,,Unspecified,Unspecified,Unspecified,Unspecified,Unspecified,Unknown,Wading,2026-06-28T02:03:52.310154+00:00,point_velocity,Unspecified
05444000,POINT (-89.6963888888889 41.90275),718a98a0-5678-499d-b1ff-6bee79a5cace,USGS-05444000,4e83e1f2-c86e-e245-e053-0100007f7c00,722,2014-07-08T16:48:00+00:00,1,141,ft^3/s,43.5,ft,49.0,ft^2,2.88,ft/s,50.00,ft,Firm,CobblesBoulders,Uneven,Even,Standard,Unknown,Wading,2026-06-28T02:03:52.310154+00:00,point_velocity,Downstream
05444000,POINT (-89.6963888888889 41.90275),71d00678-3403-47de-9ab5-7192a7e968d1,USGS-05444000,4e83bf11-88ae-cf13-e053-0100007fa647,426,1976-05-27T06:00:00+00:00,Imported Channel 1,62.3,ft^3/s,,,,,,,,ft,Unspecified,Unspecified,Unspecified,Unspecified,Unspecified,Unknown,Unspecified,2026-06-28T02:03:52.310154+00:00,other_method,Unspecified
05444000,POINT (-89.6963888888889 41.90275),71fa8f77-97e4-4978-b41a-c7819c990142,USGS-05444000,4e83c579-7102-d2e0-e053-0100007fa668,29,1941-03-20T06:00:00+00:00,Imported Channel 1,3800,ft^3/s,,,,,,,,ft,Unspecified,Unspecified,Unspecified,Unspecified,Unspecified,Unknown,Unspecified,2026-06-28T02:03:52.310154+00:00,other_method,Unspecified
05444000,POINT (-89.6963888888889 41.90275),721337bb-1bbf-4a97-b139-562928fef0d3,USGS-05444000,5e30ce09-111e-185b-e053-0100007f5fde,743,2017-11-15T18:09:10+00:00,main,77.9,ft^3/s,41.0,ft,51.6,ft^2,1.51,ft/s,0.00,ft,Firm,Gravel,Even,Even,Standard,Steady,Wading,2026-06-28T02:03:52.310154+00:00,point_velocity,AtTheGage
05444000,POINT (-89.6963888888889 41.90275),72c8dad9-8b09-4295-9d98-f9266924d0e6,USGS-05444000,4e83bb68-2ff6-cdad-e053-0100007f359b,547,1989-05-30T21:10:00+00:00,Imported Channel 1,27.1,ft^3/s,52.0,ft,39.4,ft^2,0.69,ft/s,,,Unspecified,Unspecified,Unspecified,Unspecified,Unspecified,Unknown,Wading,2026-06-28T02:03:52.310154+00:00,point_velocity,Unspecified
05444000,POINT (-89.6963888888889 41.90275),7366172a-291f-49e5-9a15-61975dff2e96,USGS-05444000,4e83ccd7-7da4-d76e-e053-0100007fe45d,515,1985-10-04T06:00:00+00:00,Imported Channel 1,45.4,ft^3/s,56.0,ft,41.5,ft^2,1.09,ft/s,,,Unspecified,Unspecified,Unspecified,Unspecified,Unspecified,Unknown,Wading,2026-06-28T02:03:52.310154+00:00,point_velocity,Unspecified
05444000,POINT (-89.6963888888889 41.90275),7508e610-e367-4b97-8fe6-982e75c0975b,USGS-05444000,4e83be5a-991c-cf0f-e053-0100007ff1ea,409,1974-08-27T06:00:00+00:00,Imported Channel 1,179,ft^3/s,,,,,,,,ft,Unspecified,Unspecified,Unspecified,Unspecified,Unspecified,Unknown,Unspecified,2026-06-28T02:03:52.310154+00:00,other_method,Unspecified
05444000,POINT (-89.6963888888889 41.90275),76560b5b-1e87-42f0-83ef-15884af1d110,USGS-05444000,4e83d599-2b83-dafd-e053-0100007f8c90,614,1997-06-25T17:08:00+00:00,Imported Channel 1,221,ft^3/s,54.0,ft,104,ft^2,2.12,ft/s,,,Unspecified,Unspecified,Unspecified,Unspecified,Unspecified,Unknown,Wading,2026-06-28T02:03:52.310154+00:00,point_velocity,Unspecified
05444000,POINT (-89.6963888888889 41.90275),770f0ece-01b2-463e-b303-88f56cb47d34,USGS-05444000,4e83bf2e-6e43-cfa6-e053-0100007f07e8,535,1987-12-09T06:00:00+00:00,Imported Channel 1,94.4,ft^3/s,54.0,ft,66.7,ft^2,1.42,ft/s,,,Unspecified,Unspecified,Unspecified,Unspecified,Unspecified,Unknown,Wading,2026-06-28T02:03:52.310154+00:00,point_velocity,Unspecified
05444000,POINT (-89.6963888888889 41.90275),7745e30e-5286-40c0-8d0c-77825939bb05,USGS-05444000,4e83c25c-1c8e-d137-e053-0100007fc5e9,405,1974-04-25T06:00:00+00:00,Imported Channel 1,186,ft^3/s,,,,,,,,ft,Unspecified,Unspecified,Unspecified,Unspecified,Unspecified,Unknown,Unspecified,2026-06-28T02:03:52.310154+00:00,other_method,Unspecified
05444000,POINT (-89.6963888888889 41.90275),78701f48-dee5-44e2-9707-976fe9e01684,USGS-05444000,446d08f1-7190-494c-85d9-93ad5ddf439a,775,2023-11-02T19:33:58+00:00,05444000,51.4,ft^3/s,47.0,ft,47.0,ft^2,1.09,ft/s,0.00,ft,Firm,Gravel,Uneven,Uneven,Unknown,Steady,Wading,2026-06-28T02:03:52.310154+00:00,point_velocity,AtTheGage
05444000,POINT (-89.6963888888889 41.90275),78736765-e46b-4591-b119-e0354fd9c742,USGS-05444000,4e83be93-9f7b-cf37-e053-0100007fcea2,438,1977-10-05T06:00:00+00:00,Imported Channel 1,49.8,ft^3/s,,,,,,,,ft,Unspecified,Unspecified,Unspecified,Unspecified,Unspecified,Unknown,Unspecified,2026-06-28T02:03:52.310154+00:00,other_method,Unspecified
05444000,POINT (-89.6963888888889 41.90275),7957672a-e2f8-422e-ab76-7fd050357400,USGS-05444000,4e83c990-6d68-d29c-e053-0100007f03e6,528,1987-04-03T17:25:00+00:00,Imported Channel 1,85.3,ft^3/s,56.0,ft,55.5,ft^2,1.54,ft/s,,,Unspecified,Unspecified,Unspecified,Unspecified,Unspecified,Unknown,Wading,2026-06-28T02:03:52.310154+00:00,point_velocity,Unspecified
05444000,POINT (-89.6963888888889 41.90275),79ce184a-6376-4bd9-9654-8344fe99d924,USGS-05444000,4e83b3d0-88c3-ca01-e053-0100007f4963,516,1985-11-15T06:00:00+00:00,Imported Channel 1,258,ft^3/s,58.0,ft,111,ft^2,2.33,ft/s,,,Unspecified,Unspecified,Unspecified,Unspecified,Unspecified,Unknown,Wading,2026-06-28T02:03:52.310154+00:00,point_velocity,Unspecified
05444000,POINT (-89.6963888888889 41.90275),79e66685-d31d-4656-8103-3d3a8386fa35,USGS-05444000,4e83cc6c-7ff6-d72e-e053-0100007fb2d3,373,1971-08-16T06:00:00+00:00,Imported Channel 1,37.1,ft^3/s,,,,,,,,ft,Unspecified,Unspecified,Unspecified,Unspecified,Unspecified,Unknown,Unspecified,2026-06-28T02:03:52.310154+00:00,other_method,Unspecified
05444000,POINT (-89.6963888888889 41.90275),79e89242-8604-4baf-a6d9-8a584d2521a2,USGS-05444000,4e83c441-a4f7-d119-e053-0100007f406c,584,1993-09-30T15:15:00+00:00,Imported Channel 1,190,ft^3/s,54.0,ft,87.9,ft^2,2.16,ft/s,,,Unspecified,Unspecified,Unspecified,Unspecified,Unspecified,Unknown,Wading,2026-06-28T02:03:52.310154+00:00,point_velocity,Unspecified
05444000,POINT (-89.6963888888889 41.90275),7a7da224-3f9f-4e65-8db5-a96ddf2f1784,USGS-05444000,4e83c7c9-702c-d439-e053-0100007f9929,521,1986-06-12T06:00:00+00:00,Imported Channel 1,114,ft^3/s,52.0,ft,76.2,ft^2,1.50,ft/s,,,Unspecified,Unspecified,Unspecified,Unspecified,Unspecified,Unknown,Wading,2026-06-28T02:03:52.310154+00:00,point_velocity,Unspecified
05444000,POINT (-89.6963888888889 41.90275),7baa60eb-a5ff-4eaa-8154-c5a094da4ccd,USGS-05444000,4e83c91a-6617-d575-e053-0100007fdd5e,610,1997-02-21T21:30:00+00:00,Imported Channel 1,5250,ft^3/s,168,ft,1390,ft^2,3.78,ft/s,,,Unspecified,Unspecified,Unspecified,Unspecified,Unspecified,Unknown,BridgeCrane,2026-06-28T02:03:52.310154+00:00,point_velocity,Unspecified
05444000,POINT (-89.6963888888889 41.90275),7bac1a83-7b39-4cc3-97be-a3562da3e7cb,USGS-05444000,4e83be1c-5045-cf0b-e053-0100007fb1fe,495,1983-05-11T06:00:00+00:00,Imported Channel 1,128,ft^3/s,51.0,ft,73.8,ft^2,1.73,ft/s,,,Unspecified,Unspecified,Unspecified,Unspecified,Unspecified,Unknown,Wading,2026-06-28T02:03:52.310154+00:00,point_velocity,Unspecified
05444000,POINT (-89.6963888888889 41.90275),7c6b026f-9150-4902-8df9-ec3d3da927e7,USGS-05444000,4e83c20d-f60e-d139-e053-0100007f3ce6,487,1982-08-02T06:00:00+00:00,Imported Channel 1,75.8,ft^3/s,44.0,ft,49.0,ft^2,1.54,ft/s,,,Unspecified,Unspecified,Unspecified,Unspecified,Unspecified,Unknown,Wading,2026-06-28T02:03:52.310154+00:00,point_velocity,Unspecified
05444000,POINT (-89.6963888888889 41.90275),7cb7f2af-6156-48bb-9641-a8ff818d1b95,USGS-05444000,4e83bfc4-5097-d016-e053-0100007f6c77,635,1999-11-16T20:37:00+00:00,Imported Channel 1,61.0,ft^3/s,51.0,ft,53.8,ft^2,1.13,ft/s,,,Unspecified,Unspecified,Unspecified,Unspecified,Unspecified,Unknown,Wading,2026-06-28T02:03:52.310154+00:00,point_velocity,Unspecified
05444000,POINT (-89.6963888888889 41.90275),7db624d7-00cf-446d-ace9-6312c42bfc89,USGS-05444000,4e83bdcb-2953-ced4-e053-0100007fd7b4,469,1980-12-17T06:00:00+00:00,Imported Channel 1,80.2,ft^3/s,43.0,ft,49.6,ft^2,1.62,ft/s,,,Unspecified,Unspecified,Unspecified,Unspecified,Unspecified,Unknown,Wading,2026-06-28T02:03:52.310154+00:00,point_velocity,Unspecified
05444000,POINT (-89.6963888888889 41.90275),7dbbfd50-20df-4963-a32a-da9c9fa169f7,USGS-05444000,d799bce6-c637-4bce-ad07-ed5ee3b40705,771,2023-01-26T18:05:27+00:00,05444000,121,ft^3/s,70.8,ft,96.2,ft^2,1.26,ft/s,60.00,ft,Firm,Gravel,Uneven,Uneven,Unknown,Steady,BridgeDownstreamSide,2026-06-28T02:03:52.310154+00:00,adcp,Downstream
05444000,POINT (-89.6963888888889 41.90275),7df6e86e-e408-4c7a-9a65-c2c42503ee3f,USGS-05444000,4e83c20d-f627-d139-e053-0100007f3ce6,653,2002-05-21T20:15:00+00:00,Imported Channel 1,127,ft^3/s,55.0,ft,73.0,ft^2,1.74,ft/s,,,Unspecified,Unspecified,Unspecified,Unspecified,Unspecified,Unknown,Wading,2026-06-28T02:03:52.310154+00:00,point_velocity,Unspecified
05444000,POINT (-89.6963888888889 41.90275),7fdf8fca-e1b7-4b7f-98fa-48353565106f,USGS-05444000,4e83c579-710e-d2e0-e053-0100007fa668,493,1983-03-29T06:00:00+00:00,Imported Channel 1,140,ft^3/s,48.0,ft,74.6,ft^2,1.88,ft/s,,,Unspecified,Unspecified,Unspecified,Unspecified,Unspecified,Unknown,Wading,2026-06-28T02:03:52.310154+00:00,point_velocity,Unspecified
05444000,POINT (-89.6963888888889 41.90275),80dabe9c-415e-47bd-830c-11ecba93231e,USGS-05444000,4e83e242-42e3-e271-e053-0100007f4dd1,682,2007-05-31T17:30:00+00:00,Imported Channel 1,63.0,ft^3/s,49.0,ft,53.9,ft^2,1.17,ft/s,,,Unspecified,Unspecified,Unspecified,Unspecified,Unspecified,Unknown,Wading,2026-06-28T02:03:52.310154+00:00,point_velocity,Unspecified
05444000,POINT (-89.6963888888889 41.90275),80e847e6-4e36-4cbc-bc0c-074144613dc4,USGS-05444000,4e83cdba-e284-d748-e053-0100007f61db,502,1984-02-27T06:00:00+00:00,Imported Channel 1,107,ft^3/s,49.0,ft,61.2,ft^2,1.75,ft/s,,,Unspecified,Unspecified,Unspecified,Unspecified,Unspecified,Unknown,Wading,2026-06-28T02:03:52.310154+00:00,point_velocity,Unspecified
05444000,POINT (-89.6963888888889 41.90275),815f4e31-b6ee-4e94-bd2e-98120ea18517,USGS-05444000,4e83b59d-3a03-cad0-e053-0100007f5ebb,356,1970-02-13T06:00:00+00:00,Imported Channel 1,43.3,ft^3/s,,,,,,,,ft,Unspecified,Unspecified,Unspecified,Unspecified,Unspecified,Unknown,Unspecified,2026-06-28T02:03:52.310154+00:00,other_method,Unspecified
05444000,POINT (-89.6963888888889 41.90275),81b2763a-bbe3-41d6-8688-6bf04a09ca70,USGS-05444000,4e83cd0a-c4ce-d75c-e053-0100007f2659,715,2013-01-29T19:07:30+00:00,elkhorn creek,64.2,ft^3/s,44.0,ft,34.4,ft^2,1.87,ft/s,,,Unspecified,Unspecified,Unspecified,Unspecified,Unspecified,Unknown,Wading,2026-06-28T02:03:52.310154+00:00,point_velocity,Unspecified
05444000,POINT (-89.6963888888889 41.90275),81c83d76-282f-42a8-85d2-142d333f6ff2,USGS-05444000,4e83d454-fed8-db13-e053-0100007fc2e6,691,2008-08-29T17:27:00+00:00,Imported Channel 1,82.6,ft^3/s,51.0,ft,58.9,ft^2,1.40,ft/s,,,Unspecified,Unspecified,Unspecified,Unspecified,Unspecified,Unknown,Wading,2026-06-28T02:03:52.310154+00:00,point_velocity,Unspecified
05444000,POINT (-89.6963888888889 41.90275),822ee5b6-5180-48c0-9229-87fb9309f6e4,USGS-05444000,4e83b59d-3a02-cad0-e053-0100007f5ebb,355,1970-01-05T06:00:00+00:00,Imported Channel 1,39.0,ft^3/s,,,,,,,,ft,Unspecified,Unspecified,Unspecified,Unspecified,Unspecified,Unknown,Unspecified,2026-06-28T02:03:52.310154+00:00,other_method,Unspecified
05444000,POINT (-89.6963888888889 41.90275),833bd335-3c33-4de5-bd16-18c95ae848da,USGS-05444000,0ad6fc18-88b7-46d8-9406-c4eed0187fc1,772,2023-04-06T15:22:45+00:00,purple,492,ft^3/s,81.6,ft,215,ft^2,2.29,ft/s,75.00,ft,Firm,Gravel,Uneven,Uneven,Unknown,Steady,BridgeDownstreamSide,2026-06-28T02:03:52.310154+00:00,adcp,Downstream
05444000,POINT (-89.6963888888889 41.90275),835d9c38-15c4-4a3e-9d0b-8416b32ed8e2,USGS-05444000,4e83daad-e52e-dcb8-e053-0100007ff28c,680,2006-12-11T17:23:00+00:00,Imported Channel 1,40.0,ft^3/s,48.0,ft,40.8,ft^2,0.98,ft/s,,,Unspecified,Unspecified,Unspecified,Unspecified,Unspecified,Unknown,Wading,2026-06-28T02:03:52.310154+00:00,point_velocity,Unspecified
05444000,POINT (-89.6963888888889 41.90275),83b3613c-a1b9-4335-8d90-a262c17f5cc9,USGS-05444000,4e83c564-a591-d2ca-e053-0100007f69bd,154,1951-07-09T06:00:00+00:00,Imported Channel 1,4270,ft^3/s,,,,,,,,ft,Unspecified,Unspecified,Unspecified,Unspecified,Unspecified,Unknown,Unspecified,2026-06-28T02:03:52.310154+00:00,other_method,Unspecified
05444000,POINT (-89.6963888888889 41.90275),844ab035-f43c-46e6-b8b0-cfebd6a1ae38,USGS-05444000,4e83b3d0-88bc-ca01-e053-0100007f4963,431,1976-12-16T06:00:00+00:00,Imported Channel 1,27.3,ft^3/s,,,,,,,,ft,Unspecified,Unspecified,Unspecified,Unspecified,Unspecified,Unknown,Unspecified,2026-06-28T02:03:52.310154+00:00,other_method,Unspecified
05444000,POINT (-89.6963888888889 41.90275),847b3c74-0c30-4559-bcb3-c7e933b71b4c,USGS-05444000,4e83c7a0-eaa4-d433-e053-0100007fdff2,456,1979-07-02T06:00:00+00:00,Imported Channel 1,99.0,ft^3/s,,,,,,,,ft,Unspecified,Unspecified,Unspecified,Unspecified,Unspecified,Unknown,Unspecified,2026-06-28T02:03:52.310154+00:00,other_method,Unspecified
05444000,POINT (-89.6963888888889 41.90275),8492063e-5672-43a7-b768-9dbaed0ca244,USGS-05444000,4e83d876-10a8-dd1c-e053-0100007f0df7,685,2007-07-19T17:15:00+00:00,Imported Channel 1,957,ft^3/s,79.5,ft,378,ft^2,2.56,ft/s,,ft,Unspecified,Unspecified,Unspecified,Unspecified,Unspecified,Unknown,Unspecified,2026-06-28T02:03:52.310154+00:00,adcp,Unspecified
05444000,POINT (-89.6963888888889 41.90275),84a21bb4-9079-491c-9835-fe2fd26a3cdd,USGS-05444000,4e83b73a-dd1e-cbe5-e053-0100007fe411,524,1986-10-21T21:55:00+00:00,Imported Channel 1,82.0,ft^3/s,55.0,ft,55.1,ft^2,1.49,ft/s,,,Unspecified,Unspecified,Unspecified,Unspecified,Unspecified,Unknown,Wading,2026-06-28T02:03:52.310154+00:00,point_velocity,Unspecified
05444000,POINT (-89.6963888888889 41.90275),86c932b9-fbc4-4570-a484-ce8050758c7d,USGS-05444000,4e83c2a4-2fc1-d16f-e053-0100007fd838,476,1981-08-15T06:00:00+00:00,Imported Channel 1,788,ft^3/s,84.0,ft,265,ft^2,2.97,ft/s,,,Unspecified,Unspecified,Unspecified,Unspecified,Unspecified,Unknown,BridgeCrane,2026-06-28T02:03:52.310154+00:00,point_velocity,Unspecified
05444000,POINT (-89.6963888888889 41.90275),8714dfdb-27da-456b-91fc-953cde5b905d,USGS-05444000,4e83e300-4eb4-e2f5-e053-0100007f5c87,688,2008-03-06T18:27:00+00:00,Imported Channel 1,209,ft^3/s,58.0,ft,99.3,ft^2,2.10,ft/s,,,Unspecified,Unspecified,Unspecified,Unspecified,Unspecified,Unknown,Wading,2026-06-28T02:03:52.310154+00:00,point_velocity,Unspecified
05444000,POINT (-89.6963888888889 41.90275),8720c625-f28d-47f6-872d-5dd83e833fa5,USGS-05444000,4e83b622-5860-cace-e053-0100007f4342,499,1983-10-26T06:00:00+00:00,Imported Channel 1,53.5,ft^3/s,47.0,ft,45.0,ft^2,1.19,ft/s,,,Unspecified,Unspecified,Unspecified,Unspecified,Unspecified,Unknown,Wading,2026-06-28T02:03:52.310154+00:00,point_velocity,Unspecified
05444000,POINT (-89.6963888888889 41.90275),87a69738-1b96-440f-a66f-94570c5cc0b8,USGS-05444000,4e83bfca-5eb5-d014-e053-0100007f7fa3,471,1981-03-19T06:00:00+00:00,Imported Channel 1,64.5,ft^3/s,44.0,ft,46.4,ft^2,1.39,ft/s,,,Unspecified,Unspecified,Unspecified,Unspecified,Unspecified,Unknown,Wading,2026-06-28T02:03:52.310154+00:00,point_velocity,Unspecified
05444000,POINT (-89.6963888888889 41.90275),8831f363-dc7a-4654-bfec-d608d8db3906,USGS-05444000,4e83b080-d539-c7e7-e053-0100007f3e3e,351,1969-09-12T06:00:00+00:00,Imported Channel 1,40.6,ft^3/s,,,,,,,,ft,Unspecified,Unspecified,Unspecified,Unspecified,Unspecified,Unknown,Unspecified,2026-06-28T02:03:52.310154+00:00,other_method,Unspecified
05444000,POINT (-89.6963888888889 41.90275),899cf44f-0ce6-4ec6-a662-356c4ad45298,USGS-05444000,4e83b429-a659-c9e9-e053-0100007f3898,400,1973-11-14T06:00:00+00:00,Imported Channel 1,103,ft^3/s,,,,,,,,ft,Unspecified,Unspecified,Unspecified,Unspecified,Unspecified,Unknown,Unspecified,2026-06-28T02:03:52.310154+00:00,other_method,Unspecified
05444000,POINT (-89.6963888888889 41.90275),89e20518-a920-40ca-a8ee-fa23dc6af6ca,USGS-05444000,4e83d47d-3095-db01-e053-0100007f3fdc,622,1998-08-03T19:30:00+00:00,Imported Channel 1,87.0,ft^3/s,54.0,ft,59.0,ft^2,1.48,ft/s,,,Unspecified,Unspecified,Unspecified,Unspecified,Unspecified,Unknown,Wading,2026-06-28T02:03:52.310154+00:00,point_velocity,Unspecified
05444000,POINT (-89.6963888888889 41.90275),8a643cad-2711-48b0-8b75-b0b32e0cf512,USGS-05444000,4e83bf29-3ed7-cfc2-e053-0100007ff759,470,1981-02-02T06:00:00+00:00,Imported Channel 1,53.3,ft^3/s,44.0,ft,60.4,ft^2,0.88,ft/s,,,Unspecified,Unspecified,Unspecified,Unspecified,Unspecified,Unknown,Ice,2026-06-28T02:03:52.310154+00:00,point_velocity,Unspecified
05444000,POINT (-89.6963888888889 41.90275),8a7fbcaa-a348-46ca-b7c9-b1d8f25aa74f,USGS-05444000,4e83d94b-c2f7-dcf4-e053-0100007f1e37,617,1997-10-21T15:49:00+00:00,Imported Channel 1,43.9,ft^3/s,51.0,ft,48.7,ft^2,0.90,ft/s,,,Unspecified,Unspecified,Unspecified,Unspecified,Unspecified,Unknown,Wading,2026-06-28T02:03:52.310154+00:00,point_velocity,Unspecified
05444000,POINT (-89.6963888888889 41.90275),8af57ce5-e754-4b7b-a2d5-b010df8359b5,USGS-05444000,c34e5dac-d3ce-4475-a410-cbf39f64bb01,762,2021-03-04T16:30:15+00:00,05444000,135,ft^3/s,69.0,ft,91.0,ft^2,1.48,ft/s,70.00,ft,Firm,Gravel,Uneven,Uneven,Unknown,Steady,BridgeDownstreamSide,2026-06-28T02:03:52.310154+00:00,adcp,Downstream
05444000,POINT (-89.6963888888889 41.90275),8bddbacb-1793-4320-a647-f25ffac2c84c,USGS-05444000,4e83c990-6d6d-d29c-e053-0100007f03e6,540,1988-08-22T20:10:00+00:00,Imported Channel 1,31.3,ft^3/s,55.0,ft,41.1,ft^2,0.76,ft/s,,,Unspecified,Unspecified,Unspecified,Unspecified,Unspecified,Unknown,Wading,2026-06-28T02:03:52.310154+00:00,point_velocity,Unspecified
05444000,POINT (-89.6963888888889 41.90275),8c88c8cc-3533-4119-9e0c-4bafa07bd1ba,USGS-05444000,4e83b75e-8c0e-cc03-e053-0100007f0938,392,1973-03-15T06:00:00+00:00,Imported Channel 1,290,ft^3/s,,,,,,,,ft,Unspecified,Unspecified,Unspecified,Unspecified,Unspecified,Unknown,Unspecified,2026-06-28T02:03:52.310154+00:00,other_method,Unspecified
05444000,POINT (-89.6963888888889 41.90275),8cbb826b-7f12-4eb8-aaa2-d6227e355b15,USGS-05444000,4e83c584-f785-d2b4-e053-0100007fe2f6,522,1986-07-28T06:00:00+00:00,Imported Channel 1,106,ft^3/s,55.0,ft,64.1,ft^2,1.65,ft/s,,,Unspecified,Unspecified,Unspecified,Unspecified,Unspecified,Unknown,Wading,2026-06-28T02:03:52.310154+00:00,point_velocity,Unspecified
05444000,POINT (-89.6963888888889 41.90275),8d0c3052-bc48-43d9-b8d3-0aa91d8c1732,USGS-05444000,4e83e20a-5ecb-e247-e053-0100007f903e,731,2015-12-17T15:41:30+00:00,main,297,ft^3/s,45.0,ft,100,ft^2,2.97,ft/s,75.00,ft,Firm,Gravel,Even,Even,Standard,Unknown,Wading,2026-06-28T02:03:52.310154+00:00,point_velocity,Downstream
05444000,POINT (-89.6963888888889 41.90275),8fbb718e-fd57-4a4d-a86d-4a3d86440635,USGS-05444000,4e83d4b1-082c-db58-e053-0100007f4f64,587,1994-02-21T19:55:00+00:00,Imported Channel 1,443,ft^3/s,82.0,ft,189,ft^2,2.34,ft/s,,,Unspecified,Unspecified,Unspecified,Unspecified,Unspecified,Unknown,BridgeCrane,2026-06-28T02:03:52.310154+00:00,point_velocity,Unspecified
05444000,POINT (-89.6963888888889 41.90275),91749275-39c8-4583-876f-6de930e9f9c4,USGS-05444000,4e83cd0a-c4b2-d75c-e053-0100007f2659,571,1992-03-31T18:50:00+00:00,Imported Channel 1,80.3,ft^3/s,54.0,ft,55.5,ft^2,1.45,ft/s,,,Unspecified,Unspecified,Unspecified,Unspecified,Unspecified,Unknown,Wading,2026-06-28T02:03:52.310154+00:00,point_velocity,Unspecified
05444000,POINT (-89.6963888888889 41.90275),91e27521-c568-4b0a-a85c-4f105bbc1f2a,USGS-05444000,4e83e94f-1373-e5eb-e053-0100007ff1d8,729,2015-08-19T17:21:06+00:00,main,92.4,ft^3/s,43.6,ft,69.1,ft^2,1.34,ft/s,250.00,ft,Firm,Sand,Even,Even,Standard,Unknown,Cableway,2026-06-28T02:03:52.310154+00:00,adcp,Upstream
05444000,POINT (-89.6963888888889 41.90275),921c1f49-9c79-4734-8233-ee45e11f7131,USGS-05444000,4e83c564-a598-d2ca-e053-0100007f69bd,439,1977-11-16T06:00:00+00:00,Imported Channel 1,94.4,ft^3/s,,,,,,,,ft,Unspecified,Unspecified,Unspecified,Unspecified,Unspecified,Unknown,Unspecified,2026-06-28T02:03:52.310154+00:00,other_method,Unspecified
05444000,POINT (-89.6963888888889 41.90275),928160b6-d2cd-4814-8eb4-7fcfdf1a166d,USGS-05444000,4e83c598-4d50-d2b6-e053-0100007f0e3a,488,1982-09-22T06:00:00+00:00,Imported Channel 1,51.8,ft^3/s,42.0,ft,41.0,ft^2,1.26,ft/s,,,Unspecified,Unspecified,Unspecified,Unspecified,Unspecified,Unknown,Wading,2026-06-28T02:03:52.310154+00:00,point_velocity,Unspecified
05444000,POINT (-89.6963888888889 41.90275),93939d9d-98f2-4482-9eb3-32e4fb26808e,USGS-05444000,4e83c595-1bfe-d2a6-e053-0100007fdf09,418,1975-07-02T06:00:00+00:00,Imported Channel 1,84.2,ft^3/s,,,,,,,,ft,Unspecified,Unspecified,Unspecified,Unspecified,Unspecified,Unknown,Unspecified,2026-06-28T02:03:52.310154+00:00,other_method,Unspecified
05444000,POINT (-89.6963888888889 41.90275),9447b91e-9abf-4b05-96a5-620acc981c08,USGS-05444000,4e83d47d-308b-db01-e053-0100007f3fdc,565,1991-05-10T20:15:00+00:00,Imported Channel 1,98.3,ft^3/s,56.0,ft,62.5,ft^2,1.57,ft/s,,,Unspecified,Unspecified,Unspecified,Unspecified,Unspecified,Unknown,Wading,2026-06-28T02:03:52.310154+00:00,point_velocity,Unspecified
05444000,POINT (-89.6963888888889 41.90275),944d64dd-1de0-49fb-92d2-30c3e41e44d2,USGS-05444000,4e83d0f6-6b7d-d939-e053-0100007fbaa3,605,1996-07-17T17:33:00+00:00,Imported Channel 1,158,ft^3/s,52.0,ft,88.1,ft^2,1.79,ft/s,,,Unspecified,Unspecified,Unspecified,Unspecified,Unspecified,Unknown,Wading,2026-06-28T02:03:52.310154+00:00,point_velocity,Unspecified
05444000,POINT (-89.6963888888889 41.90275),94913dd4-1e61-472b-91e5-d45dc514d31f,USGS-05444000,4e83db31-a3cd-dead-e053-0100007fa53d,698,2010-01-25T16:42:00+00:00,Imported Channel 1,592,ft^3/s,94.4,ft,247,ft^2,2.39,ft/s,100.00,ft,Firm,CobblesBoulders,Even,Uneven,Unspecified,Unknown,BridgeDownstreamSide,2026-06-28T02:03:52.310154+00:00,adcp,Downstream
05444000,POINT (-89.6963888888889 41.90275),9540ca3b-aabf-4979-8be9-cff7478e73ef,USGS-05444000,4e83b461-7075-ca0f-e053-0100007fe4c5,595,1995-05-09T15:35:00+00:00,Imported Channel 1,1570,ft^3/s,98.0,ft,478,ft^2,3.28,ft/s,,,Unspecified,Unspecified,Unspecified,Unspecified,Unspecified,Unknown,BridgeCrane,2026-06-28T02:03:52.310154+00:00,point_velocity,Unspecified
05444000,POINT (-89.6963888888889 41.90275),965a7e3e-bc7d-483a-bca4-311c3518c04b,USGS-05444000,0e8d32b7-3718-4853-98eb-337a00cbdfc1,761,2020-11-24T16:51:59+00:00,05444000,69.5,ft^3/s,65.3,ft,72.0,ft^2,0.96,ft/s,35.00,ft,Firm,Gravel,Uneven,Uneven,Unknown,Steady,BridgeDownstreamSide,2026-06-28T02:03:52.310154+00:00,adcp,Downstream
05444000,POINT (-89.6963888888889 41.90275),9733b777-ae90-477f-b766-e852cba40f71,USGS-05444000,d8ec613f-08d6-4474-9e0b-ba0c78d11bbb,780,2024-09-04T17:29:43+00:00,05444000,70.0,ft^3/s,49.0,ft,52.3,ft^2,1.34,ft/s,0.00,ft,Soft,Cobbles,Uneven,Uneven,Unknown,Steady,Wading,2026-06-28T02:03:52.310154+00:00,point_velocity,AtTheGage
05444000,POINT (-89.6963888888889 41.90275),9748dfc9-6160-4684-945f-ebeb203ac5ea,USGS-05444000,4e83d7d8-2bab-dce6-e053-0100007fbd7f,582,1993-07-02T15:00:00+00:00,Imported Channel 1,380,ft^3/s,80.0,ft,167,ft^2,2.28,ft/s,,,Unspecified,Unspecified,Unspecified,Unspecified,Unspecified,Unknown,BridgeCrane,2026-06-28T02:03:52.310154+00:00,point_velocity,Unspecified
05444000,POINT (-89.6963888888889 41.90275),97aa34cf-1c16-46ab-9aab-fa79e59e5b7d,USGS-05444000,4e83e7ea-fadd-e4b5-e053-0100007f9454,721,2014-06-30T16:33:19+00:00,1,535,ft^3/s,79.4,ft,227,ft^2,2.36,ft/s,120.00,ft,Firm,Gravel,Uneven,Uneven,NonStandard,Unknown,BridgeDownstreamSide,2026-06-28T02:03:52.310154+00:00,adcp,Downstream
05444000,POINT (-89.6963888888889 41.90275),990d6215-612d-4498-8b8a-55d839fe3bf5,USGS-05444000,54c65837-7acb-b008-e053-0100007fbc50,739,2017-07-20T16:32:15+00:00,main,1950,ft^3/s,97.4,ft,694,ft^2,2.80,ft/s,100.00,ft,Firm,Gravel,Even,Even,Standard,Pulsating,BridgeDownstreamSide,2026-06-28T02:03:52.310154+00:00,adcp,Downstream
05444000,POINT (-89.6963888888889 41.90275),9a0fd453-f0fc-42b4-9567-d21960d02072,USGS-05444000,4e83c5e7-324d-d2b2-e053-0100007f909f,533,1987-09-11T18:40:00+00:00,Imported Channel 1,87.2,ft^3/s,55.0,ft,60.8,ft^2,1.43,ft/s,,,Unspecified,Unspecified,Unspecified,Unspecified,Unspecified,Unknown,Wading,2026-06-28T02:03:52.310154+00:00,point_velocity,Unspecified
05444000,POINT (-89.6963888888889 41.90275),9ae037d5-98a8-4a13-90f6-ced361070f2c,USGS-05444000,4e83cd36-af66-d74a-e053-0100007f4254,411,1974-11-07T06:00:00+00:00,Imported Channel 1,70.1,ft^3/s,,,,,,,,ft,Unspecified,Unspecified,Unspecified,Unspecified,Unspecified,Unknown,Unspecified,2026-06-28T02:03:52.310154+00:00,other_method,Unspecified
05444000,POINT (-89.6963888888889 41.90275),9b496ea9-5218-4069-9cb8-e50280510545,USGS-05444000,4e83db45-d5f6-deb1-e053-0100007f56ee,725,2015-01-02T18:17:30+00:00,main,36.0,ft^3/s,39.5,ft,24.2,ft^2,1.49,ft/s,38.00,ft,Firm,Cobbles,Uneven,Even,Standard,Unknown,Wading,2026-06-28T02:03:52.310154+00:00,point_velocity,Downstream
05444000,POINT (-89.6963888888889 41.90275),9c1e329f-ae47-481d-860c-1c60a4689a1f,USGS-05444000,4e83e362-a240-e2f9-e053-0100007fc020,733,2016-05-17T17:50:30+00:00,main,169,ft^3/s,45.0,ft,62.5,ft^2,2.71,ft/s,75.00,ft,Firm,Cobbles,Uneven,Even,NonStandard,Unknown,Wading,2026-06-28T02:03:52.310154+00:00,point_velocity,Downstream
05444000,POINT (-89.6963888888889 41.90275),9c86b668-a4b0-4fc1-9f9f-eaf171af075d,USGS-05444000,4e83b429-a664-c9e9-e053-0100007f3898,492,1983-02-16T06:00:00+00:00,Imported Channel 1,547,ft^3/s,84.0,ft,231,ft^2,2.37,ft/s,,,Unspecified,Unspecified,Unspecified,Unspecified,Unspecified,Unknown,BridgeCrane,2026-06-28T02:03:52.310154+00:00,point_velocity,Unspecified
05444000,POINT (-89.6963888888889 41.90275),9d0f6494-d39a-4090-a5f4-0ff58c96758e,USGS-05444000,4e83c591-58f6-d2dc-e053-0100007f5c90,397,1973-07-17T06:00:00+00:00,Imported Channel 1,127,ft^3/s,,,,,,,,ft,Unspecified,Unspecified,Unspecified,Unspecified,Unspecified,Unknown,Unspecified,2026-06-28T02:03:52.310154+00:00,other_method,Unspecified
05444000,POINT (-89.6963888888889 41.90275),9dddb0b7-4146-4cb4-b3d9-605e35028171,USGS-05444000,4e83d431-0b15-daec-e053-0100007f53a7,694,2009-04-16T15:40:00+00:00,Imported Channel 1,158,ft^3/s,50.0,ft,76.8,ft^2,2.05,ft/s,5.00,ft,Firm,CobblesBoulders,Even,Unspecified,Unspecified,Unknown,Wading,2026-06-28T02:03:52.310154+00:00,point_velocity,Downstream
05444000,POINT (-89.6963888888889 41.90275),9df41aec-0e45-4f7e-8667-6eaf0a090f19,USGS-05444000,4e83bf31-499e-cf35-e053-0100007fe2ee,577,1992-12-17T20:15:00+00:00,Imported Channel 1,409,ft^3/s,83.0,ft,210,ft^2,1.95,ft/s,,,Unspecified,Unspecified,Unspecified,Unspecified,Unspecified,Unknown,BridgeCrane,2026-06-28T02:03:52.310154+00:00,point_velocity,Unspecified
05444000,POINT (-89.6963888888889 41.90275),9e236b4c-8dad-446e-9686-e6bdbfc27657,USGS-05444000,4e83dc60-59d5-df3d-e053-0100007f3a12,692,2008-10-02T16:50:00+00:00,Imported Channel 1,76.9,ft^3/s,52.0,ft,58.1,ft^2,1.32,ft/s,,,Unspecified,Unspecified,Unspecified,Unspecified,Unspecified,Unknown,Wading,2026-06-28T02:03:52.310154+00:00,point_velocity,Unspecified
05444000,POINT (-89.6963888888889 41.90275),9e953077-4459-4439-8d7a-8cfc1d25974e,USGS-05444000,4e83d58e-5a2f-dabe-e053-0100007fbc16,549,1989-08-29T20:25:00+00:00,Imported Channel 1,42.6,ft^3/s,53.0,ft,44.4,ft^2,0.96,ft/s,,,Unspecified,Unspecified,Unspecified,Unspecified,Unspecified,Unknown,Wading,2026-06-28T02:03:52.310154+00:00,point_velocity,Unspecified
05444000,POINT (-89.6963888888889 41.90275),9eb35215-cfe7-4ab2-abb5-7fbebd72fe18,USGS-05444000,4e83be1c-503f-cf0b-e053-0100007fb1fe,457,1979-08-15T06:00:00+00:00,Imported Channel 1,65.4,ft^3/s,,,,,,,,ft,Unspecified,Unspecified,Unspecified,Unspecified,Unspecified,Unknown,Unspecified,2026-06-28T02:03:52.310154+00:00,other_method,Unspecified
05444000,POINT (-89.6963888888889 41.90275),9f5b78ad-ad26-4b91-a0b9-3c42174be329,USGS-05444000,4e83b150-ba58-c81d-e053-0100007f7b3a,419,1975-08-11T06:00:00+00:00,Imported Channel 1,48.3,ft^3/s,,,,,,,,ft,Unspecified,Unspecified,Unspecified,Unspecified,Unspecified,Unknown,Unspecified,2026-06-28T02:03:52.310154+00:00,other_method,Unspecified
05444000,POINT (-89.6963888888889 41.90275),a0040476-542c-460a-845f-f04dee0d5994,USGS-05444000,4e83c2c5-5647-d179-e053-0100007f7676,581,1993-04-30T13:50:00+00:00,Imported Channel 1,249,ft^3/s,53.0,ft,110,ft^2,2.26,ft/s,,,Unspecified,Unspecified,Unspecified,Unspecified,Unspecified,Unknown,Wading,2026-06-28T02:03:52.310154+00:00,point_velocity,Unspecified
05444000,POINT (-89.6963888888889 41.90275),a030643c-8b6c-450d-a3f8-069ac1846fc5,USGS-05444000,4e83d7d8-2bac-dce6-e053-0100007fbd7f,602,1996-04-25T17:42:00+00:00,Imported Channel 1,62.4,ft^3/s,44.0,ft,42.9,ft^2,1.45,ft/s,,,Unspecified,Unspecified,Unspecified,Unspecified,Unspecified,Unknown,Wading,2026-06-28T02:03:52.310154+00:00,point_velocity,Unspecified
05444000,POINT (-89.6963888888889 41.90275),a089fd6e-f4b1-4719-936a-89b79c11a5da,USGS-05444000,4e83c843-006c-d46f-e053-0100007f1ad6,589,1994-06-02T21:55:00+00:00,Imported Channel 1,65.3,ft^3/s,50.0,ft,50.7,ft^2,1.29,ft/s,,,Unspecified,Unspecified,Unspecified,Unspecified,Unspecified,Unknown,Wading,2026-06-28T02:03:52.310154+00:00,point_velocity,Unspecified
05444000,POINT (-89.6963888888889 41.90275),a0b3a7dd-43f9-47ca-b731-d32f571c165e,USGS-05444000,4e83c29f-7c17-d171-e053-0100007f2cee,510,1985-03-18T06:00:00+00:00,Imported Channel 1,146,ft^3/s,50.0,ft,78.1,ft^2,1.87,ft/s,,,Unspecified,Unspecified,Unspecified,Unspecified,Unspecified,Unknown,Wading,2026-06-28T02:03:52.310154+00:00,point_velocity,Unspecified
05444000,POINT (-89.6963888888889 41.90275),a16989d6-56b1-4754-93ad-963204205e60,USGS-05444000,4e83d08d-36df-d935-e053-0100007f47c5,623,1998-09-14T20:56:00+00:00,Imported Channel 1,119,ft^3/s,56.0,ft,71.0,ft^2,1.68,ft/s,,,Unspecified,Unspecified,Unspecified,Unspecified,Unspecified,Unknown,Wading,2026-06-28T02:03:52.310154+00:00,point_velocity,Unspecified
05444000,POINT (-89.6963888888889 41.90275),a2b292c9-d4c5-4653-b73f-6686cfcd142a,USGS-05444000,4e83c274-e8ea-d13b-e053-0100007f581b,437,1977-08-22T06:00:00+00:00,Imported Channel 1,53.4,ft^3/s,,,,,,,,ft,Unspecified,Unspecified,Unspecified,Unspecified,Unspecified,Unknown,Unspecified,2026-06-28T02:03:52.310154+00:00,other_method,Unspecified
05444000,POINT (-89.6963888888889 41.90275),a2f9515c-f2a4-469d-badb-af7654cdd9ad,USGS-05444000,4e83bf34-9841-cfa0-e053-0100007fee24,548,1989-07-19T17:30:00+00:00,Imported Channel 1,33.8,ft^3/s,51.0,ft,36.8,ft^2,0.90,ft/s,,,Unspecified,Unspecified,Unspecified,Unspecified,Unspecified,Unknown,Wading,2026-06-28T02:03:52.310154+00:00,point_velocity,Unspecified
05444000,POINT (-89.6963888888889 41.90275),a2fc40bb-0079-4936-8e4a-cd464a1b1aa5,USGS-05444000,4e83b4a6-b318-c9f3-e053-0100007ff026,413,1975-01-07T06:00:00+00:00,Imported Channel 1,63.0,ft^3/s,,,,,,,,ft,Unspecified,Unspecified,Unspecified,Unspecified,Unspecified,Unknown,Unspecified,2026-06-28T02:03:52.310154+00:00,other_method,Unspecified
05444000,POINT (-89.6963888888889 41.90275),a33bdbf2-d7e5-4c15-aff3-028b0737669d,USGS-05444000,4e83b71c-d759-cbc7-e053-0100007f6523,606,1996-09-18T20:54:00+00:00,Imported Channel 1,79.0,ft^3/s,49.0,ft,72.4,ft^2,1.09,ft/s,,,Unspecified,Unspecified,Unspecified,Unspecified,Unspecified,Unknown,Wading,2026-06-28T02:03:52.310154+00:00,point_velocity,Unspecified
05444000,POINT (-89.6963888888889 41.90275),a35256bf-b342-47e3-8842-86b6391405d9,USGS-05444000,4e83e5b3-3e10-e3f3-e053-0100007f8bb2,727,2015-07-08T15:17:30+00:00,main,187,ft^3/s,42.0,ft,69.9,ft^2,2.67,ft/s,38.00,ft,Firm,Cobbles,Uneven,Even,NonStandard,Unknown,Wading,2026-06-28T02:03:52.310154+00:00,point_velocity,Downstream
05444000,POINT (-89.6963888888889 41.90275),a371422c-6858-4fe9-9b34-045f2f3db019,USGS-05444000,4e83b4ff-4408-c9f0-e053-0100007f3a9c,485,1982-05-03T06:00:00+00:00,Imported Channel 1,108,ft^3/s,48.0,ft,60.8,ft^2,1.79,ft/s,,,Unspecified,Unspecified,Unspecified,Unspecified,Unspecified,Unknown,Wading,2026-06-28T02:03:52.310154+00:00,point_velocity,Unspecified
05444000,POINT (-89.6963888888889 41.90275),a3a5d9e9-5da6-44d9-b10f-f27ff9b63327,USGS-05444000,4e83c595-1c00-d2a6-e053-0100007fdf09,432,1977-01-27T06:00:00+00:00,Imported Channel 1,23.0,ft^3/s,,,,,,,,ft,Unspecified,Unspecified,Unspecified,Unspecified,Unspecified,Unknown,Unspecified,2026-06-28T02:03:52.310154+00:00,other_method,Unspecified
05444000,POINT (-89.6963888888889 41.90275),a42333ed-d7fe-4c81-8d08-f9e96b697875,USGS-05444000,4e83d470-ec6f-daff-e053-0100007f386c,612,1997-04-08T16:30:00+00:00,Imported Channel 1,76.3,ft^3/s,51.0,ft,64.9,ft^2,1.18,ft/s,,,Unspecified,Unspecified,Unspecified,Unspecified,Unspecified,Unknown,Wading,2026-06-28T02:03:52.310154+00:00,point_velocity,Unspecified
05444000,POINT (-89.6963888888889 41.90275),a465d6a7-9bed-4b51-aa9c-a85d71bba73d,USGS-05444000,4e83d47d-308a-db01-e053-0100007f3fdc,563,1991-01-11T20:25:00+00:00,Imported Channel 1,71.7,ft^3/s,55.0,ft,67.4,ft^2,1.06,ft/s,,,Unspecified,Unspecified,Unspecified,Unspecified,Unspecified,Unknown,Wading,2026-06-28T02:03:52.310154+00:00,point_velocity,Unspecified
05444000,POINT (-89.6963888888889 41.90275),a4e68873-4962-487b-90e6-2d607c54e423,USGS-05444000,4e83d16d-2e55-d915-e053-0100007fafe6,661,2003-06-23T19:15:00+00:00,Imported Channel 1,36.5,ft^3/s,54.0,ft,40.6,ft^2,0.90,ft/s,,,Unspecified,Unspecified,Unspecified,Unspecified,Unspecified,Unknown,Wading,2026-06-28T02:03:52.310154+00:00,point_velocity,Unspecified
05444000,POINT (-89.6963888888889 41.90275),a6084173-2af5-4650-85c8-6a5a214241d1,USGS-05444000,4e83be00-a491-ced2-e053-0100007f6bc5,383,1972-07-28T06:00:00+00:00,Imported Channel 1,110,ft^3/s,,,,,,,,ft,Unspecified,Unspecified,Unspecified,Unspecified,Unspecified,Unknown,Unspecified,2026-06-28T02:03:52.310154+00:00,other_method,Unspecified
05444000,POINT (-89.6963888888889 41.90275),a6566540-0034-48ce-974e-e743ed86972f,USGS-05444000,4e83c8f8-6f4a-d557-e053-0100007fad8f,444,1978-06-14T06:00:00+00:00,Imported Channel 1,76.5,ft^3/s,,,,,,,,ft,Unspecified,Unspecified,Unspecified,Unspecified,Unspecified,Unknown,Unspecified,2026-06-28T02:03:52.310154+00:00,other_method,Unspecified
05444000,POINT (-89.6963888888889 41.90275),a6893b02-c52b-4bae-a06f-91e2806b44cd,USGS-05444000,4e83b150-ba5b-c81d-e053-0100007f7b3a,429,1976-09-22T06:00:00+00:00,Imported Channel 1,25.6,ft^3/s,,,,,,,,ft,Unspecified,Unspecified,Unspecified,Unspecified,Unspecified,Unknown,Unspecified,2026-06-28T02:03:52.310154+00:00,other_method,Unspecified
05444000,POINT (-89.6963888888889 41.90275),a6920326-932b-47a8-9074-f8e03b44a8cb,USGS-05444000,4e83c364-f01d-d11d-e053-0100007f3742,541,1988-09-15T20:55:00+00:00,Imported Channel 1,27.6,ft^3/s,52.0,ft,42.4,ft^2,0.65,ft/s,,,Unspecified,Unspecified,Unspecified,Unspecified,Unspecified,Unknown,Wading,2026-06-28T02:03:52.310154+00:00,point_velocity,Unspecified
05444000,POINT (-89.6963888888889 41.90275),a76abb47-fb01-4c03-9c48-2b345ea278fc,USGS-05444000,4e83d9d4-cefd-dcf0-e053-0100007fc65c,642,2000-11-09T15:35:00+00:00,Imported Channel 1,76.7,ft^3/s,52.0,ft,60.0,ft^2,1.28,ft/s,,,Unspecified,Unspecified,Unspecified,Unspecified,Unspecified,Unknown,Wading,2026-06-28T02:03:52.310154+00:00,point_velocity,Unspecified
05444000,POINT (-89.6963888888889 41.90275),a87aa91a-fca4-4353-8be9-222401e0d34f,USGS-05444000,4e83d355-8e6d-d987-e053-0100007fb763,566,1991-06-27T20:15:00+00:00,Imported Channel 1,78.7,ft^3/s,54.0,ft,52.7,ft^2,1.49,ft/s,,,Unspecified,Unspecified,Unspecified,Unspecified,Unspecified,Unknown,Wading,2026-06-28T02:03:52.310154+00:00,point_velocity,Unspecified
05444000,POINT (-89.6963888888889 41.90275),aa959325-dfb9-4ec1-ab3e-075b7328f3f7,USGS-05444000,4e83be5a-9921-cf0f-e053-0100007ff1ea,475,1981-07-20T06:00:00+00:00,Imported Channel 1,76.6,ft^3/s,44.0,ft,51.6,ft^2,1.48,ft/s,,,Unspecified,Unspecified,Unspecified,Unspecified,Unspecified,Unknown,Wading,2026-06-28T02:03:52.310154+00:00,point_velocity,Unspecified
05444000,POINT (-89.6963888888889 41.90275),ac454422-26c6-4129-bf2e-67cfabf95fd1,USGS-05444000,4e83d950-b0f9-dd74-e053-0100007fb3e7,586,1994-01-24T22:30:00+00:00,Imported Channel 1,87.9,ft^3/s,49.0,ft,56.2,ft^2,1.56,ft/s,,,Unspecified,Unspecified,Unspecified,Unspecified,Unspecified,Unknown,Wading,2026-06-28T02:03:52.310154+00:00,point_velocity,Unspecified
05444000,POINT (-89.6963888888889 41.90275),ac4654b3-3086-4be3-a9b6-6fd37b3fd0d0,USGS-05444000,4e83d08d-36f7-d935-e053-0100007f47c5,712,2012-08-08T17:08:30+00:00,712a,46.7,ft^3/s,40.5,ft,39.2,ft^2,1.19,ft/s,,,Firm,Cobbles,Even,Even,Standard,Unknown,Wading,2026-06-28T02:03:52.310154+00:00,point_velocity,AtTheGage
05444000,POINT (-89.6963888888889 41.90275),ace71666-2199-4401-917c-2550ee0eb831,USGS-05444000,4e83b73a-dd18-cbe5-e053-0100007fe411,375,1971-10-07T06:00:00+00:00,Imported Channel 1,27.3,ft^3/s,,,,,,,,ft,Unspecified,Unspecified,Unspecified,Unspecified,Unspecified,Unknown,Unspecified,2026-06-28T02:03:52.310154+00:00,other_method,Unspecified
05444000,POINT (-89.6963888888889 41.90275),ad1e1c16-4c05-4389-83a9-3994f43a9b14,USGS-05444000,4e83d940-093d-dd20-e053-0100007f5525,671,2005-02-14T16:00:00+00:00,Imported Channel 1,1430,ft^3/s,90.0,ft,494,ft^2,2.89,ft/s,,,Unspecified,Unspecified,Unspecified,Unspecified,Unspecified,Unknown,BridgeCrane,2026-06-28T02:03:52.310154+00:00,point_velocity,Unspecified
05444000,POINT (-89.6963888888889 41.90275),ad4474f9-d579-478c-9079-a997d28c2b75,USGS-05444000,4e83d1ff-b50a-d98b-e053-0100007f9eac,630,1999-05-13T14:07:00+00:00,Imported Channel 1,1480,ft^3/s,88.0,ft,472,ft^2,3.14,ft/s,,,Unspecified,Unspecified,Unspecified,Unspecified,Unspecified,Unknown,BridgeCrane,2026-06-28T02:03:52.310154+00:00,point_velocity,Unspecified
05444000,POINT (-89.6963888888889 41.90275),ad8039f1-84d4-4191-a2ce-380815edc598,USGS-05444000,4e83bade-a318-cd5f-e053-0100007ffd88,459,1979-11-07T06:00:00+00:00,Imported Channel 1,55.9,ft^3/s,,,,,,,,ft,Unspecified,Unspecified,Unspecified,Unspecified,Unspecified,Unknown,Unspecified,2026-06-28T02:03:52.310154+00:00,other_method,Unspecified
05444000,POINT (-89.6963888888889 41.90275),ae9f19bc-7017-41d7-9e72-76b0287bcc56,USGS-05444000,4e83b461-7063-ca0f-e053-0100007fe4c5,352,1969-10-14T06:00:00+00:00,Imported Channel 1,75.2,ft^3/s,,,,,,,,ft,Unspecified,Unspecified,Unspecified,Unspecified,Unspecified,Unknown,Unspecified,2026-06-28T02:03:52.310154+00:00,other_method,Unspecified
05444000,POINT (-89.6963888888889 41.90275),afc5616a-1686-4f3d-866b-a0b152620efd,USGS-05444000,4e83b074-a7c7-c81b-e053-0100007f2a78,574,1992-09-22T17:10:00+00:00,Imported Channel 1,117,ft^3/s,54.0,ft,66.2,ft^2,1.77,ft/s,,,Unspecified,Unspecified,Unspecified,Unspecified,Unspecified,Unknown,Wading,2026-06-28T02:03:52.310154+00:00,point_velocity,Unspecified
05444000,POINT (-89.6963888888889 41.90275),b0d56d7a-21d1-4cf0-a66c-2480e06cc4a8,USGS-05444000,0d5579a3-aab9-4f60-8b8c-eebe5a75dbc7,790,2026-06-26T16:45:04+00:00,05444000,126,ft^3/s,61.5,ft,88.6,ft^2,1.42,ft/s,75.00,ft,Firm,Gravel,Uneven,Uneven,Unknown,Steady,BridgeDownstreamSide,2026-06-28T02:03:52.310154+00:00,adcp,Downstream
05444000,POINT (-89.6963888888889 41.90275),b222d120-133c-4893-96a1-fa65022e66ac,USGS-05444000,4e83bdc8-ee85-ced0-e053-0100007f9dbf,386,1972-10-19T06:00:00+00:00,Imported Channel 1,143,ft^3/s,,,,,,,,ft,Unspecified,Unspecified,Unspecified,Unspecified,Unspecified,Unknown,Unspecified,2026-06-28T02:03:52.310154+00:00,other_method,Unspecified
05444000,POINT (-89.6963888888889 41.90275),b29e263c-3884-45a4-a145-8f5e3143caec,USGS-05444000,4e83b074-a7bc-c81b-e053-0100007f2a78,465,1980-06-18T06:00:00+00:00,Imported Channel 1,68.6,ft^3/s,,,,,,,,ft,Unspecified,Unspecified,Unspecified,Unspecified,Unspecified,Unknown,Unspecified,2026-06-28T02:03:52.310154+00:00,other_method,Unspecified
05444000,POINT (-89.6963888888889 41.90275),b3100de0-9557-4192-befb-847ff775a536,USGS-05444000,4e83bfca-5ebd-d014-e053-0100007f7fa3,518,1986-02-05T06:00:00+00:00,Imported Channel 1,1540,ft^3/s,102,ft,438,ft^2,3.52,ft/s,,,Unspecified,Unspecified,Unspecified,Unspecified,Unspecified,Unknown,BridgeCrane,2026-06-28T02:03:52.310154+00:00,point_velocity,Unspecified
05444000,POINT (-89.6963888888889 41.90275),b3c18f7f-fda5-4e05-bb72-89eaf6ea763a,USGS-05444000,4e83c564-a590-d2ca-e053-0100007f69bd,153,1951-07-08T06:00:00+00:00,Imported Channel 1,4800,ft^3/s,,,,,,,,ft,Unspecified,Unspecified,Unspecified,Unspecified,Unspecified,Unknown,Unspecified,2026-06-28T02:03:52.310154+00:00,other_method,Unspecified
05444000,POINT (-89.6963888888889 41.90275),b477686b-0ea6-48d8-91b2-fc6b8743b807,USGS-05444000,4e83c8c7-29bb-d2ce-e053-0100007f2514,440,1978-01-04T06:00:00+00:00,Imported Channel 1,81.7,ft^3/s,,,,,,,,ft,Unspecified,Unspecified,Unspecified,Unspecified,Unspecified,Unknown,Unspecified,2026-06-28T02:03:52.310154+00:00,other_method,Unspecified
05444000,POINT (-89.6963888888889 41.90275),b4bd8807-6fb4-434a-baea-acf896bf2b53,USGS-05444000,4e83c2c5-5642-d179-e053-0100007f7676,555,1990-04-25T17:20:00+00:00,Imported Channel 1,62.7,ft^3/s,51.0,ft,48.9,ft^2,1.28,ft/s,,,Unspecified,Unspecified,Unspecified,Unspecified,Unspecified,Unknown,Wading,2026-06-28T02:03:52.310154+00:00,point_velocity,Unspecified
05444000,POINT (-89.6963888888889 41.90275),b50f97bd-2793-4eb9-a1e7-7ed4f34b36fb,USGS-05444000,4e83d515-3e8c-db80-e053-0100007fa0f3,675,2005-12-16T17:40:00+00:00,Imported Channel 1,25.6,ft^3/s,50.0,ft,31.7,ft^2,0.81,ft/s,,,Unspecified,Unspecified,Unspecified,Unspecified,Unspecified,Unknown,Wading,2026-06-28T02:03:52.310154+00:00,point_velocity,Unspecified
05444000,POINT (-89.6963888888889 41.90275),b58b2ba4-53f4-4610-83d3-8f55fc7db5f8,USGS-05444000,4e83bf3a-152c-cf9c-e053-0100007f6b24,387,1972-11-09T06:00:00+00:00,Imported Channel 1,167,ft^3/s,,,,,,,,ft,Unspecified,Unspecified,Unspecified,Unspecified,Unspecified,Unknown,Unspecified,2026-06-28T02:03:52.310154+00:00,other_method,Unspecified
05444000,POINT (-89.6963888888889 41.90275),b5a5267f-574f-4a6b-baff-631b525de007,USGS-05444000,4e83cc6c-8031-d72e-e053-0100007fb2d3,714,2012-11-28T21:42:00+00:00,Channel 1,38.1,ft^3/s,37.0,ft,32.4,ft^2,1.18,ft/s,20.00,ft,Firm,Gravel,Even,Uneven,Unspecified,Unknown,Unspecified,2026-06-28T02:03:52.310154+00:00,point_velocity,Upstream
05444000,POINT (-89.6963888888889 41.90275),b5b9fd89-0144-4ae8-90ef-e2d8fdaf4cfb,USGS-05444000,4e83bb68-2fe6-cdad-e053-0100007f359b,538,1988-06-13T20:50:00+00:00,Imported Channel 1,54.8,ft^3/s,52.0,ft,56.0,ft^2,0.98,ft/s,,,Unspecified,Unspecified,Unspecified,Unspecified,Unspecified,Unknown,Wading,2026-06-28T02:03:52.310154+00:00,point_velocity,Unspecified
05444000,POINT (-89.6963888888889 41.90275),b5bfc69a-2ec8-49d6-9440-4739c727e236,USGS-05444000,4e83db44-3f69-dcca-e053-0100007f08bb,648,2001-10-16T19:55:00+00:00,Imported Channel 1,73.0,ft^3/s,54.0,ft,57.3,ft^2,1.27,ft/s,,,Unspecified,Unspecified,Unspecified,Unspecified,Unspecified,Unknown,Wading,2026-06-28T02:03:52.310154+00:00,point_velocity,Unspecified
05444000,POINT (-89.6963888888889 41.90275),b601935d-5239-4083-bf39-0c0f4e243862,USGS-05444000,4e83d08d-36d7-d935-e053-0100007f47c5,578,1993-01-14T16:10:00+00:00,Imported Channel 1,145,ft^3/s,55.0,ft,81.4,ft^2,1.78,ft/s,,,Unspecified,Unspecified,Unspecified,Unspecified,Unspecified,Unknown,Wading,2026-06-28T02:03:52.310154+00:00,point_velocity,Unspecified
05444000,POINT (-89.6963888888889 41.90275),b73cc4d4-a861-4b3b-bebf-ab34c221eff2,USGS-05444000,4e83be5a-9919-cf0f-e053-0100007ff1ea,393,1973-04-19T06:00:00+00:00,Imported Channel 1,251,ft^3/s,,,,,,,,ft,Unspecified,Unspecified,Unspecified,Unspecified,Unspecified,Unknown,Unspecified,2026-06-28T02:03:52.310154+00:00,other_method,Unspecified
05444000,POINT (-89.6963888888889 41.90275),b790b02b-cc47-4563-ade5-501b7b5d99d8,USGS-05444000,4e83d520-0106-db83-e053-0100007f65e2,592,1994-12-21T20:30:00+00:00,Imported Channel 1,121,ft^3/s,51.0,ft,68.0,ft^2,1.78,ft/s,,,Unspecified,Unspecified,Unspecified,Unspecified,Unspecified,Unknown,Wading,2026-06-28T02:03:52.310154+00:00,point_velocity,Unspecified
05444000,POINT (-89.6963888888889 41.90275),b803f743-c7b9-4a42-a531-49849bdeab13,USGS-05444000,4e83c5a4-ab0d-d2de-e053-0100007f13dd,613,1997-04-30T16:00:00+00:00,Imported Channel 1,77.8,ft^3/s,51.0,ft,61.0,ft^2,1.28,ft/s,,,Unspecified,Unspecified,Unspecified,Unspecified,Unspecified,Unknown,Wading,2026-06-28T02:03:52.310154+00:00,point_velocity,Unspecified
05444000,POINT (-89.6963888888889 41.90275),b8aa9406-1d66-4e0a-9f97-c582a797d31a,USGS-05444000,4e83c29f-7c15-d171-e053-0100007f2cee,473,1981-06-08T06:00:00+00:00,Imported Channel 1,60.8,ft^3/s,42.0,ft,41.2,ft^2,1.48,ft/s,,,Unspecified,Unspecified,Unspecified,Unspecified,Unspecified,Unknown,Wading,2026-06-28T02:03:52.310154+00:00,point_velocity,Unspecified
05444000,POINT (-89.6963888888889 41.90275),b8c447b0-c944-4595-9574-62c2744b99df,USGS-05444000,4e83cc76-ac5f-d744-e053-0100007f98a5,462,1980-02-12T06:00:00+00:00,Imported Channel 1,62.2,ft^3/s,,,,,,,,ft,Unspecified,Unspecified,Unspecified,Unspecified,Unspecified,Unknown,Unspecified,2026-06-28T02:03:52.310154+00:00,other_method,Unspecified
05444000,POINT (-89.6963888888889 41.90275),b8eeee65-6cab-42e3-a0b4-7dba1f322d4a,USGS-05444000,4e83bf14-1f7b-cfa4-e053-0100007f1a61,436,1977-07-11T06:00:00+00:00,Imported Channel 1,27.4,ft^3/s,,,,,,,,ft,Unspecified,Unspecified,Unspecified,Unspecified,Unspecified,Unknown,Unspecified,2026-06-28T02:03:52.310154+00:00,other_method,Unspecified
05444000,POINT (-89.6963888888889 41.90275),b921894c-3134-4f09-b6d3-0dd76994bcf5,USGS-05444000,4e83d4b1-081f-db58-e053-0100007f4f64,536,1988-02-09T19:50:00+00:00,Imported Channel 1,165,ft^3/s,54.0,ft,116,ft^2,1.42,ft/s,,,Unspecified,Unspecified,Unspecified,Unspecified,Unspecified,Unknown,Wading,2026-06-28T02:03:52.310154+00:00,point_velocity,Unspecified
05444000,POINT (-89.6963888888889 41.90275),b95aa6c0-1393-4cfc-add3-b5b0dada01af,USGS-05444000,4e83bdcb-2961-ced4-e053-0100007fd7b4,558,1990-06-29T18:35:00+00:00,Imported Channel 1,4170,ft^3/s,174,ft,1420,ft^2,2.94,ft/s,,,Unspecified,Unspecified,Unspecified,Unspecified,Unspecified,Unknown,BridgeCrane,2026-06-28T02:03:52.310154+00:00,point_velocity,Unspecified
05444000,POINT (-89.6963888888889 41.90275),b9c14131-f4ce-4b51-a76d-95c3fabbe24c,USGS-05444000,4e83b46f-0752-ca09-e053-0100007f5174,388,1972-12-07T06:00:00+00:00,Imported Channel 1,108,ft^3/s,,,,,,,,ft,Unspecified,Unspecified,Unspecified,Unspecified,Unspecified,Unknown,Unspecified,2026-06-28T02:03:52.310154+00:00,other_method,Unspecified
05444000,POINT (-89.6963888888889 41.90275),bacca1c6-372a-411f-bc1c-08783d51bdf6,USGS-05444000,4e83daad-e528-dcb8-e053-0100007ff28c,657,2003-01-09T20:35:00+00:00,Imported Channel 1,45.5,ft^3/s,55.0,ft,55.8,ft^2,0.82,ft/s,,,Unspecified,Unspecified,Unspecified,Unspecified,Unspecified,Unknown,Wading,2026-06-28T02:03:52.310154+00:00,point_velocity,Unspecified
05444000,POINT (-89.6963888888889 41.90275),bc4216f7-af3c-4a6f-87fb-cb0fe7c34000,USGS-05444000,4e83ccd7-7da3-d76e-e053-0100007fe45d,512,1985-05-31T06:00:00+00:00,Imported Channel 1,74.3,ft^3/s,55.0,ft,58.0,ft^2,1.28,ft/s,,,Unspecified,Unspecified,Unspecified,Unspecified,Unspecified,Unknown,Wading,2026-06-28T02:03:52.310154+00:00,point_velocity,Unspecified
05444000,POINT (-89.6963888888889 41.90275),bdc49d98-50a4-4984-8f77-c74f2aed7de6,USGS-05444000,4e83cddb-fdfa-d75a-e053-0100007fbc8d,494,1983-04-14T06:00:00+00:00,Imported Channel 1,492,ft^3/s,79.0,ft,192,ft^2,2.56,ft/s,,,Unspecified,Unspecified,Unspecified,Unspecified,Unspecified,Unknown,BridgeCrane,2026-06-28T02:03:52.310154+00:00,point_velocity,Unspecified
05444000,POINT (-89.6963888888889 41.90275),bde0e37b-4082-4ed8-b612-73e65b919e74,USGS-05444000,4e83cddb-fe01-d75a-e053-0100007fbc8d,553,1990-02-07T20:15:00+00:00,Imported Channel 1,38.9,ft^3/s,40.0,ft,46.6,ft^2,0.83,ft/s,,,Unspecified,Unspecified,Unspecified,Unspecified,Unspecified,Unknown,Wading,2026-06-28T02:03:52.310154+00:00,point_velocity,Unspecified
05444000,POINT (-89.6963888888889 41.90275),bdeb46a5-48e4-4887-bf5a-8c20e292fc7b,USGS-05444000,4e83c843-0048-d46f-e053-0100007f1ad6,371,1971-06-18T06:00:00+00:00,Imported Channel 1,57.2,ft^3/s,,,,,,,,ft,Unspecified,Unspecified,Unspecified,Unspecified,Unspecified,Unknown,Unspecified,2026-06-28T02:03:52.310154+00:00,other_method,Unspecified
05444000,POINT (-89.6963888888889 41.90275),be4e8428-37b5-4e23-8b08-176f35bef1a9,USGS-05444000,4e83d470-ec6e-daff-e053-0100007f386c,604,1996-05-30T13:00:00+00:00,Imported Channel 1,631,ft^3/s,84.0,ft,264,ft^2,2.39,ft/s,,,Unspecified,Unspecified,Unspecified,Unspecified,Unspecified,Unknown,BridgeCrane,2026-06-28T02:03:52.310154+00:00,point_velocity,Unspecified
05444000,POINT (-89.6963888888889 41.90275),bea68998-8a45-4867-9fc8-7f4026af6cd9,USGS-05444000,4f22f13d-4eb8-46b6-9912-da0d8919fba1,769,2022-10-28T18:30:49+00:00,05444000,59.8,ft^3/s,63.4,ft,70.7,ft^2,0.85,ft/s,120.00,ft,Firm,Gravel,Uneven,Uneven,Unknown,Steady,BridgeDownstreamSide,2026-06-28T02:03:52.310154+00:00,adcp,Downstream
05444000,POINT (-89.6963888888889 41.90275),beab6857-891a-425e-be28-d81f25ab2965,USGS-05444000,4e83ccc4-60c9-d75e-e053-0100007f0fce,736,2017-01-17T18:22:25+00:00,main,1210,ft^3/s,99.8,ft,493,ft^2,2.45,ft/s,,ft,Firm,Cobbles,Even,Even,Standard,Unknown,BridgeDownstreamSide,2026-06-28T02:03:52.310154+00:00,adcp,AtTheGage
05444000,POINT (-89.6963888888889 41.90275),bf87b3bb-76af-48b8-8896-e2617f40d7bb,USGS-05444000,4e83b59d-3a01-cad0-e053-0100007f5ebb,354,1969-12-09T06:00:00+00:00,Imported Channel 1,36.9,ft^3/s,,,,,,,,ft,Unspecified,Unspecified,Unspecified,Unspecified,Unspecified,Unknown,Unspecified,2026-06-28T02:03:52.310154+00:00,other_method,Unspecified
05444000,POINT (-89.6963888888889 41.90275),bfc241d6-599d-4b54-b249-a09183f8cae5,USGS-05444000,58878c9f-6eea-c698-e053-0100007fdb16,742,2017-09-05T17:05:34+00:00,main,97.0,ft^3/s,40.5,ft,58.9,ft^2,1.65,ft/s,0.00,ft,Firm,Gravel,Even,Even,Standard,Steady,Wading,2026-06-28T02:03:52.310154+00:00,point_velocity,AtTheGage
05444000,POINT (-89.6963888888889 41.90275),c0551c8d-8d29-4663-a29c-696d8cbf6ee5,USGS-05444000,4e83d355-8e74-d987-e053-0100007fb763,693,2009-01-29T17:30:00+00:00,Imported Channel 1,89.9,ft^3/s,52.0,ft,64.0,ft^2,1.40,ft/s,,,Unspecified,Unspecified,Unspecified,Unspecified,Unspecified,Unknown,Wading,2026-06-28T02:03:52.310154+00:00,point_velocity,Unspecified
05444000,POINT (-89.6963888888889 41.90275),c1719b48-79e8-43ff-bcdc-d9230f0a1369,USGS-05444000,4e83bf11-88ab-cf13-e053-0100007fa647,408,1974-08-01T06:00:00+00:00,Imported Channel 1,142,ft^3/s,,,,,,,,ft,Unspecified,Unspecified,Unspecified,Unspecified,Unspecified,Unknown,Unspecified,2026-06-28T02:03:52.310154+00:00,other_method,Unspecified
05444000,POINT (-89.6963888888889 41.90275),c29e716f-ded6-46f6-b824-d3c4698a84c0,USGS-05444000,3dc91e51-d157-41f5-a714-c2f82f6ffbce,760,2020-10-13T17:00:07+00:00,05444000,68.1,ft^3/s,47.5,ft,49.8,ft^2,1.37,ft/s,15.00,ft,Firm,Gravel,Uneven,Uneven,Unknown,Steady,Wading,2026-06-28T02:03:52.310154+00:00,point_velocity,Downstream
05444000,POINT (-89.6963888888889 41.90275),c2e41861-d77b-4d4a-8c1c-35783d991d9c,USGS-05444000,8541e7ec-dcd8-6d8e-e053-0100007f7d3c,750,2019-03-26T16:40:38+00:00,main,200,ft^3/s,75.9,ft,123,ft^2,1.63,ft/s,65.00,ft,Firm,Gravel,Even,Even,Standard,Steady,BridgeDownstreamSide,2026-06-28T02:03:52.310154+00:00,adcp,Downstream
05444000,POINT (-89.6963888888889 41.90275),c4175970-bf39-4f21-8a7c-ce9880c8de47,USGS-05444000,4e83cdba-e275-d748-e053-0100007f61db,412,1974-12-05T06:00:00+00:00,Imported Channel 1,74.1,ft^3/s,,,,,,,,ft,Unspecified,Unspecified,Unspecified,Unspecified,Unspecified,Unknown,Unspecified,2026-06-28T02:03:52.310154+00:00,other_method,Unspecified
05444000,POINT (-89.6963888888889 41.90275),c4227370-6e47-42b9-997d-e3ef2ba1b4be,USGS-05444000,4e83d431-0b02-daec-e053-0100007f53a7,569,1991-12-13T19:45:00+00:00,Imported Channel 1,237,ft^3/s,58.0,ft,103,ft^2,2.30,ft/s,,,Unspecified,Unspecified,Unspecified,Unspecified,Unspecified,Unknown,Wading,2026-06-28T02:03:52.310154+00:00,point_velocity,Unspecified
05444000,POINT (-89.6963888888889 41.90275),c434fd5a-59aa-4a74-888e-66143d03a3e1,USGS-05444000,4e83cc76-ac59-d744-e053-0100007f98a5,434,1977-04-19T06:00:00+00:00,Imported Channel 1,31.2,ft^3/s,,,,,,,,ft,Unspecified,Unspecified,Unspecified,Unspecified,Unspecified,Unknown,Unspecified,2026-06-28T02:03:52.310154+00:00,other_method,Unspecified
05444000,POINT (-89.6963888888889 41.90275),c47702da-1a69-4969-8ed1-0c50b77a3ffe,USGS-05444000,4241ec22-db73-44c3-bd42-b427c22edc2c,765,2021-10-06T17:11:11+00:00,05444000,33.9,ft^3/s,45.2,ft,44.7,ft^2,0.76,ft/s,80.00,ft,Firm,Gravel,Uneven,Uneven,Unknown,Steady,BridgeDownstreamSide,2026-06-28T02:03:52.310154+00:00,adcp,Downstream
05444000,POINT (-89.6963888888889 41.90275),c4d5f8f2-1590-4efb-aa86-bba1b9aec57f,USGS-05444000,89590c0a-0c16-3b24-e053-0100007f5b82,751,2019-05-20T17:53:47+00:00,main,215,ft^3/s,75.5,ft,123,ft^2,1.75,ft/s,65.00,ft,Firm,Gravel,Even,Even,Standard,Steady,BridgeDownstreamSide,2026-06-28T02:03:52.310154+00:00,adcp,Downstream
05444000,POINT (-89.6963888888889 41.90275),c4dcb64e-2758-4b36-9e8c-74767c1f83f3,USGS-05444000,4e83c992-fa88-d577-e053-0100007f536e,353,1969-11-14T06:00:00+00:00,Imported Channel 1,31.1,ft^3/s,,,,,,,,ft,Unspecified,Unspecified,Unspecified,Unspecified,Unspecified,Unknown,Unspecified,2026-06-28T02:03:52.310154+00:00,other_method,Unspecified
05444000,POINT (-89.6963888888889 41.90275),c5010be7-953f-42c7-9150-5c4244b5d8bf,USGS-05444000,4e83db31-a3ca-dead-e053-0100007fa53d,701,2010-10-15T16:53:00+00:00,Imported Channel 1,94.4,ft^3/s,44.0,ft,59.0,ft^2,1.60,ft/s,,,Firm,Gravel,Even,Even,Uniform,Unknown,Wading,2026-06-28T02:03:52.310154+00:00,point_velocity,AtTheGage
05444000,POINT (-89.6963888888889 41.90275),c5421530-934a-410d-8e46-3330dede56c6,USGS-05444000,33bee230-c81d-40cf-b0cb-dc81da9846db,773,2023-05-18T19:30:20+00:00,05444000,162,ft^3/s,70.2,ft,110,ft^2,1.47,ft/s,120.00,ft,Firm,Gravel,Uneven,Uneven,Unknown,Steady,BridgeDownstreamSide,2026-06-28T02:03:52.310154+00:00,adcp,Downstream
05444000,POINT (-89.6963888888889 41.90275),c75e15df-f2a2-4f36-9e2d-5bd79bf45c1f,USGS-05444000,4e83bf45-95b4-cfca-e053-0100007faac3,454,1979-04-09T06:00:00+00:00,Imported Channel 1,239,ft^3/s,,,,,,,,ft,Unspecified,Unspecified,Unspecified,Unspecified,Unspecified,Unknown,Unspecified,2026-06-28T02:03:52.310154+00:00,other_method,Unspecified
05444000,POINT (-89.6963888888889 41.90275),c7e37f32-94b0-47b8-a346-7ce68e119403,USGS-05444000,4e83b43b-e367-ca0d-e053-0100007ffc06,422,1975-12-05T06:00:00+00:00,Imported Channel 1,45.8,ft^3/s,,,,,,,,ft,Unspecified,Unspecified,Unspecified,Unspecified,Unspecified,Unknown,Unspecified,2026-06-28T02:03:52.310154+00:00,other_method,Unspecified
05444000,POINT (-89.6963888888889 41.90275),c89d06bd-1996-43c7-8855-1adbe8d98b25,USGS-05444000,4e83d515-3e78-db80-e053-0100007fa0f3,561,1990-10-03T20:00:00+00:00,Imported Channel 1,48.4,ft^3/s,51.0,ft,45.9,ft^2,1.05,ft/s,,,Unspecified,Unspecified,Unspecified,Unspecified,Unspecified,Unknown,Wading,2026-06-28T02:03:52.310154+00:00,point_velocity,Unspecified
05444000,POINT (-89.6963888888889 41.90275),c902e29b-d2fc-4936-aad3-e720a619c032,USGS-05444000,4e83bffc-762b-cf98-e053-0100007f6fa0,505,1984-06-28T06:00:00+00:00,Imported Channel 1,89.5,ft^3/s,48.0,ft,54.9,ft^2,1.63,ft/s,,,Unspecified,Unspecified,Unspecified,Unspecified,Unspecified,Unknown,Wading,2026-06-28T02:03:52.310154+00:00,point_velocity,Unspecified
05444000,POINT (-89.6963888888889 41.90275),c92f4617-a942-43a6-801f-3e65bee98e4a,USGS-05444000,4e839e09-1c3e-be6d-e053-0100007fca68,478,1981-09-01T06:00:00+00:00,Imported Channel 1,512,ft^3/s,76.0,ft,187,ft^2,2.74,ft/s,,,Unspecified,Unspecified,Unspecified,Unspecified,Unspecified,Unknown,BridgeCrane,2026-06-28T02:03:52.310154+00:00,point_velocity,Unspecified
05444000,POINT (-89.6963888888889 41.90275),c9c7958b-ca4b-41e4-9547-72203f9c352a,USGS-05444000,4e83d08d-36e9-d935-e053-0100007f47c5,664,2003-12-08T18:45:00+00:00,Imported Channel 1,27.9,ft^3/s,51.0,ft,39.2,ft^2,0.71,ft/s,,,Unspecified,Unspecified,Unspecified,Unspecified,Unspecified,Unknown,Wading,2026-06-28T02:03:52.310154+00:00,point_velocity,Unspecified
05444000,POINT (-89.6963888888889 41.90275),c9e41647-dfbb-4285-9c21-6b616d8f896f,USGS-05444000,4e83c1e2-bdac-d0f5-e053-0100007f70da,363,1970-08-12T06:00:00+00:00,Imported Channel 1,53.5,ft^3/s,,,,,,,,ft,Unspecified,Unspecified,Unspecified,Unspecified,Unspecified,Unknown,Unspecified,2026-06-28T02:03:52.310154+00:00,other_method,Unspecified
05444000,POINT (-89.6963888888889 41.90275),caac4021-e19e-41fd-a82c-f17bbe5b06f4,USGS-05444000,4e83d0f6-6b7e-d939-e053-0100007fbaa3,607,1996-10-24T13:25:00+00:00,Imported Channel 1,87.6,ft^3/s,47.0,ft,81.6,ft^2,1.07,ft/s,,,Unspecified,Unspecified,Unspecified,Unspecified,Unspecified,Unknown,Wading,2026-06-28T02:03:52.310154+00:00,point_velocity,Unspecified
05444000,POINT (-89.6963888888889 41.90275),cbc3401f-db08-4d7e-a714-45d49e25767f,USGS-05444000,4e83d122-6de8-d8ea-e053-0100007f39b2,728,2015-08-07T14:39:30+00:00,main,75.9,ft^3/s,41.0,ft,34.9,ft^2,2.17,ft/s,38.00,ft,Firm,Cobbles,Uneven,Even,Standard,Unknown,Wading,2026-06-28T02:03:52.310154+00:00,point_velocity,Downstream
05444000,POINT (-89.6963888888889 41.90275),cbf1aa47-366f-4f29-b0bd-4888b825ff6f,USGS-05444000,4e83c81a-0939-d471-e053-0100007feb4d,639,2000-06-13T18:59:00+00:00,Imported Channel 1,4340,ft^3/s,171,ft,1300,ft^2,3.34,ft/s,,,Unspecified,Unspecified,Unspecified,Unspecified,Unspecified,Unknown,BridgeCrane,2026-06-28T02:03:52.310154+00:00,point_velocity,Unspecified
05444000,POINT (-89.6963888888889 41.90275),cc013554-530b-471c-b6b1-f8bc5dbd9275,USGS-05444000,4e83d3c9-1150-dac4-e053-0100007f25f4,650,2001-12-31T16:55:00+00:00,Imported Channel 1,84.2,ft^3/s,52.0,ft,84.2,ft^2,1.00,ft/s,,,Unspecified,Unspecified,Unspecified,Unspecified,Unspecified,Unknown,Wading,2026-06-28T02:03:52.310154+00:00,point_velocity,Unspecified
05444000,POINT (-89.6963888888889 41.90275),cc2ae7ed-a605-4f71-b9a0-7ce39a2f9ec8,USGS-05444000,4e83c7c9-7047-d439-e053-0100007f9929,716,2013-04-25T19:50:00+00:00,Channel 1,147,ft^3/s,,,,,,,,,Unspecified,Unspecified,Unspecified,Unspecified,Unspecified,Unknown,Unspecified,2026-06-28T02:03:52.310154+00:00,point_velocity,Unspecified
05444000,POINT (-89.6963888888889 41.90275),ccd302f2-1c12-41ea-9f9f-fb6e74be3e41,USGS-05444000,4e83d4f8-3838-db85-e053-0100007f211a,546,1989-05-02T16:55:00+00:00,Imported Channel 1,32.0,ft^3/s,53.0,ft,48.8,ft^2,0.66,ft/s,,,Unspecified,Unspecified,Unspecified,Unspecified,Unspecified,Unknown,Wading,2026-06-28T02:03:52.310154+00:00,point_velocity,Unspecified
05444000,POINT (-89.6963888888889 41.90275),cde6fe57-97fd-4c76-80d3-56d4905e08c4,USGS-05444000,4e83db45-d5e7-deb1-e053-0100007f56ee,668,2004-07-14T19:05:00+00:00,Imported Channel 1,105,ft^3/s,51.0,ft,67.7,ft^2,1.55,ft/s,,,Unspecified,Unspecified,Unspecified,Unspecified,Unspecified,Unknown,Wading,2026-06-28T02:03:52.310154+00:00,point_velocity,Unspecified
05444000,POINT (-89.6963888888889 41.90275),cdf93978-670b-41a5-9955-cebbe8732e61,USGS-05444000,4e83c315-4311-d135-e053-0100007fd981,435,1977-05-31T06:00:00+00:00,Imported Channel 1,30.4,ft^3/s,,,,,,,,ft,Unspecified,Unspecified,Unspecified,Unspecified,Unspecified,Unknown,Unspecified,2026-06-28T02:03:52.310154+00:00,other_method,Unspecified
05444000,POINT (-89.6963888888889 41.90275),ce1f874d-41cf-4b16-a9fe-7b9ae7f6efb3,USGS-05444000,4e83bf2e-6e37-cfa6-e053-0100007f07e8,421,1975-10-17T06:00:00+00:00,Imported Channel 1,36.2,ft^3/s,,,,,,,,ft,Unspecified,Unspecified,Unspecified,Unspecified,Unspecified,Unknown,Unspecified,2026-06-28T02:03:52.310154+00:00,other_method,Unspecified
05444000,POINT (-89.6963888888889 41.90275),ce285e63-f754-43cc-b373-ac7037f2cced,USGS-05444000,4e83b3d0-88c1-ca01-e053-0100007f4963,511,1985-04-15T06:00:00+00:00,Imported Channel 1,118,ft^3/s,51.0,ft,66.7,ft^2,1.77,ft/s,,,Unspecified,Unspecified,Unspecified,Unspecified,Unspecified,Unknown,Wading,2026-06-28T02:03:52.310154+00:00,point_velocity,Unspecified
05444000,POINT (-89.6963888888889 41.90275),cf53bae5-47a9-4ad9-b181-7d3e2605caf8,USGS-05444000,4e83d4ce-a661-dae8-e053-0100007f550f,684,2007-07-18T16:32:00+00:00,Imported Channel 1,879,ft^3/s,73.6,ft,330,ft^2,2.67,ft/s,,ft,Unspecified,Unspecified,Unspecified,Unspecified,Unspecified,Unknown,Unspecified,2026-06-28T02:03:52.310154+00:00,adcp,Unspecified
05444000,POINT (-89.6963888888889 41.90275),cfefcc53-83ff-4dac-8187-2c1cdf9cadb4,USGS-05444000,4e83b429-a658-c9e9-e053-0100007f3898,398,1973-08-15T06:00:00+00:00,Imported Channel 1,107,ft^3/s,,,,,,,,ft,Unspecified,Unspecified,Unspecified,Unspecified,Unspecified,Unknown,Unspecified,2026-06-28T02:03:52.310154+00:00,other_method,Unspecified
05444000,POINT (-89.6963888888889 41.90275),d0998c42-57c0-49ad-bef9-2390adb29386,USGS-05444000,6e78a0b0-0dd7-fe12-e053-0100007fc310,746,2018-06-11T17:22:15+00:00,main,1490,ft^3/s,90.4,ft,565,ft^2,2.63,ft/s,0.00,ft,Firm,Gravel,Uneven,Even,Standard,Pulsating,BridgeDownstreamSide,2026-06-28T02:03:52.310154+00:00,adcp,AtTheGage
05444000,POINT (-89.6963888888889 41.90275),d0bafe15-9c26-4267-88f9-5fff34417698,USGS-05444000,4e83dc60-59c9-df3d-e053-0100007f3a12,627,1999-02-11T18:43:00+00:00,Imported Channel 1,197,ft^3/s,50.0,ft,110,ft^2,1.77,ft/s,,,Unspecified,Unspecified,Unspecified,Unspecified,Unspecified,Unknown,Wading,2026-06-28T02:03:52.310154+00:00,point_velocity,Unspecified
05444000,POINT (-89.6963888888889 41.90275),d1666af4-bf68-4a67-b996-ce927b411a57,USGS-05444000,4e83db31-a3d3-dead-e053-0100007fa53d,726,2015-04-23T17:23:00+00:00,main,47.8,ft^3/s,37.5,ft,25.9,ft^2,1.85,ft/s,38.00,ft,Firm,Cobbles,Uneven,Even,Standard,Unknown,Wading,2026-06-28T02:03:52.310154+00:00,point_velocity,Downstream
05444000,POINT (-89.6963888888889 41.90275),d17bc296-a908-4e52-9144-b668d8b24855,USGS-05444000,4e83b0bc-d27d-c61b-e053-0100007f03a4,477,1981-08-27T06:00:00+00:00,Imported Channel 1,2280,ft^3/s,102,ft,683,ft^2,3.34,ft/s,,,Unspecified,Unspecified,Unspecified,Unspecified,Unspecified,Unknown,BridgeCrane,2026-06-28T02:03:52.310154+00:00,point_velocity,Unspecified
05444000,POINT (-89.6963888888889 41.90275),d1a58bd6-273f-4236-bb58-83e061bd83d1,USGS-05444000,4e83cdba-e27d-d748-e053-0100007f61db,461,1980-01-11T06:00:00+00:00,Imported Channel 1,107,ft^3/s,,,,,,,,ft,Unspecified,Unspecified,Unspecified,Unspecified,Unspecified,Unknown,Unspecified,2026-06-28T02:03:52.310154+00:00,other_method,Unspecified
05444000,POINT (-89.6963888888889 41.90275),d1df9b0c-8e09-4822-b724-a70c6127a2d5,USGS-05444000,4e83b812-e0c4-cbe3-e053-0100007f4048,362,1970-07-09T06:00:00+00:00,Imported Channel 1,76.9,ft^3/s,,,,,,,,ft,Unspecified,Unspecified,Unspecified,Unspecified,Unspecified,Unknown,Unspecified,2026-06-28T02:03:52.310154+00:00,other_method,Unspecified
05444000,POINT (-89.6963888888889 41.90275),d200c35d-27fd-41cf-a3ac-30939fbaca91,USGS-05444000,4e83c94d-b6d9-d573-e053-0100007f6bc0,690,2008-06-25T16:04:00+00:00,Imported Channel 1,158,ft^3/s,52.0,ft,84.5,ft^2,1.87,ft/s,,,Unspecified,Unspecified,Unspecified,Unspecified,Unspecified,Unknown,Wading,2026-06-28T02:03:52.310154+00:00,point_velocity,Unspecified
05444000,POINT (-89.6963888888889 41.90275),d21b274d-6976-4d3f-ac54-4f93d8ff7f18,USGS-05444000,4e83c441-a4eb-d119-e053-0100007f406c,543,1988-11-09T19:20:00+00:00,Imported Channel 1,37.0,ft^3/s,55.0,ft,43.2,ft^2,0.86,ft/s,,,Unspecified,Unspecified,Unspecified,Unspecified,Unspecified,Unknown,Wading,2026-06-28T02:03:52.310154+00:00,point_velocity,Unspecified
05444000,POINT (-89.6963888888889 41.90275),d231afb1-3a9d-46f9-8550-4cd49b07f7ee,USGS-05444000,4e83c564-a58f-d2ca-e053-0100007f69bd,74,1944-03-14T06:00:00+00:00,Imported Channel 1,3510,ft^3/s,,,,,,,,ft,Unspecified,Unspecified,Unspecified,Unspecified,Unspecified,Unknown,Unspecified,2026-06-28T02:03:52.310154+00:00,other_method,Unspecified
05444000,POINT (-89.6963888888889 41.90275),d24fafdb-7fe4-4207-91ca-1710eb7fa006,USGS-05444000,4e83c61a-b7d7-d2f8-e053-0100007f5179,497,1983-08-10T06:00:00+00:00,Imported Channel 1,71.0,ft^3/s,45.0,ft,49.5,ft^2,1.43,ft/s,,,Unspecified,Unspecified,Unspecified,Unspecified,Unspecified,Unknown,Wading,2026-06-28T02:03:52.310154+00:00,point_velocity,Unspecified
05444000,POINT (-89.6963888888889 41.90275),d31fa9f6-8c78-4fdd-8621-f8aeb75b0f68,USGS-05444000,4e83cc76-ac5d-d744-e053-0100007f98a5,458,1979-10-01T06:00:00+00:00,Imported Channel 1,56.4,ft^3/s,,,,,,,,ft,Unspecified,Unspecified,Unspecified,Unspecified,Unspecified,Unknown,Unspecified,2026-06-28T02:03:52.310154+00:00,other_method,Unspecified
05444000,POINT (-89.6963888888889 41.90275),d36b48c4-4af9-4572-9eac-63389c3792a1,USGS-05444000,4e83bdc8-ee84-ced0-e053-0100007f9dbf,384,1972-08-22T06:00:00+00:00,Imported Channel 1,141,ft^3/s,,,,,,,,ft,Unspecified,Unspecified,Unspecified,Unspecified,Unspecified,Unknown,Unspecified,2026-06-28T02:03:52.310154+00:00,other_method,Unspecified
05444000,POINT (-89.6963888888889 41.90275),d3814bb3-4c20-43c0-8aa7-4c99232b086b,USGS-05444000,4e83bf45-95ba-cfca-e053-0100007faac3,509,1985-01-11T06:00:00+00:00,Imported Channel 1,62.6,ft^3/s,59.5,ft,50.3,ft^2,1.24,ft/s,,,Unspecified,Unspecified,Unspecified,Unspecified,Unspecified,Unknown,Wading,2026-06-28T02:03:52.310154+00:00,point_velocity,Unspecified
05444000,POINT (-89.6963888888889 41.90275),d38b2537-4bf0-49b5-bc71-3315b7c68840,USGS-05444000,4e83cddb-fdf8-d75a-e053-0100007fbc8d,483,1982-02-08T06:00:00+00:00,Imported Channel 1,80.2,ft^3/s,47.0,ft,52.6,ft^2,1.89,ft/s,,,Unspecified,Unspecified,Unspecified,Unspecified,Unspecified,Unknown,Ice,2026-06-28T02:03:52.310154+00:00,point_velocity,Unspecified
05444000,POINT (-89.6963888888889 41.90275),d4c53fa5-14e3-483f-969a-e2ffbf2f10fb,USGS-05444000,4e83d155-ec2d-d937-e053-0100007fae1c,484,1982-03-31T06:00:00+00:00,Imported Channel 1,172,ft^3/s,50.0,ft,75.4,ft^2,2.28,ft/s,,,Unspecified,Unspecified,Unspecified,Unspecified,Unspecified,Unknown,Wading,2026-06-28T02:03:52.310154+00:00,point_velocity,Unspecified
05444000,POINT (-89.6963888888889 41.90275),d65584ce-88a3-4232-82a6-4d48d1deeb94,USGS-05444000,4e83bf34-983c-cfa0-e053-0100007fee24,443,1978-04-26T06:00:00+00:00,Imported Channel 1,111,ft^3/s,,,,,,,,ft,Unspecified,Unspecified,Unspecified,Unspecified,Unspecified,Unknown,Unspecified,2026-06-28T02:03:52.310154+00:00,other_method,Unspecified
05444000,POINT (-89.6963888888889 41.90275),d6bcc48b-5bbd-4b53-a0ea-ee6d84864ee7,USGS-05444000,214f6335-654d-4a94-8f68-bdbf54c6b383,756,2020-03-06T16:11:47+00:00,05444000,134,ft^3/s,69.1,ft,98.6,ft^2,1.36,ft/s,100.00,ft,Firm,Gravel,Uneven,Uneven,Unknown,Steady,BridgeDownstreamSide,2026-06-28T02:03:52.310154+00:00,adcp,Downstream
05444000,POINT (-89.6963888888889 41.90275),d73a3421-66e9-48b4-9659-2c91d4896481,USGS-05444000,4e83b46f-0754-ca09-e053-0100007f5174,448,1978-10-13T06:00:00+00:00,Imported Channel 1,48.7,ft^3/s,,,,,,,,ft,Unspecified,Unspecified,Unspecified,Unspecified,Unspecified,Unknown,Unspecified,2026-06-28T02:03:52.310154+00:00,other_method,Unspecified
05444000,POINT (-89.6963888888889 41.90275),d7bf6f46-4695-4fe5-868a-191fc2314843,USGS-05444000,4e83b75e-8c02-cc03-e053-0100007f0938,159,1952-03-12T06:00:00+00:00,Imported Channel 1,1220,ft^3/s,,,,,,,,ft,Unspecified,Unspecified,Unspecified,Unspecified,Unspecified,Unknown,Unspecified,2026-06-28T02:03:52.310154+00:00,other_method,Unspecified
05444000,POINT (-89.6963888888889 41.90275),d82e414f-a956-4f5a-b810-d0c610098071,USGS-05444000,4e83d155-ec3d-d937-e053-0100007fae1c,616,1997-10-09T12:50:00+00:00,Imported Channel 1,43.8,ft^3/s,48.0,ft,50.5,ft^2,0.87,ft/s,,,Unspecified,Unspecified,Unspecified,Unspecified,Unspecified,Unknown,Wading,2026-06-28T02:03:52.310154+00:00,point_velocity,Unspecified
05444000,POINT (-89.6963888888889 41.90275),d92e844d-557c-40d8-a435-e16988007751,USGS-05444000,4e83d17c-6938-d91b-e053-0100007f9698,490,1982-12-01T06:00:00+00:00,Imported Channel 1,89.4,ft^3/s,46.0,ft,58.5,ft^2,1.53,ft/s,,,Unspecified,Unspecified,Unspecified,Unspecified,Unspecified,Unknown,Wading,2026-06-28T02:03:52.310154+00:00,point_velocity,Unspecified
05444000,POINT (-89.6963888888889 41.90275),da4a38e7-8e84-4ff0-950f-6a81f6ce69f3,USGS-05444000,4e83d468-9682-dac8-e053-0100007f14a3,676,2006-03-16T15:40:00+00:00,Imported Channel 1,140,ft^3/s,53.0,ft,74.6,ft^2,1.88,ft/s,,,Unspecified,Unspecified,Unspecified,Unspecified,Unspecified,Unknown,Wading,2026-06-28T02:03:52.310154+00:00,point_velocity,Unspecified
05444000,POINT (-89.6963888888889 41.90275),db5bb34d-39de-4dee-91c2-d7253ce2467a,USGS-05444000,4e83bff2-95ac-d012-e053-0100007fee01,519,1986-03-27T06:00:00+00:00,Imported Channel 1,132,ft^3/s,54.0,ft,82.3,ft^2,1.60,ft/s,,,Unspecified,Unspecified,Unspecified,Unspecified,Unspecified,Unknown,Wading,2026-06-28T02:03:52.310154+00:00,point_velocity,Unspecified
05444000,POINT (-89.6963888888889 41.90275),db965cc1-2f7c-42c0-b480-070f0359bf9f,USGS-05444000,0bd5e4b1-44c7-460b-b0ba-bd7509c9f1d3,758,2020-07-07T16:19:41+00:00,05444000,131,ft^3/s,73.0,ft,101,ft^2,1.31,ft/s,50.00,ft,Firm,Gravel,Uneven,Uneven,Unknown,Steady,BridgeDownstreamSide,2026-06-28T02:03:52.310154+00:00,adcp,Downstream
05444000,POINT (-89.6963888888889 41.90275),dbf02b11-45e4-4f27-a3b1-45972efa20d0,USGS-05444000,4e83d7df-6853-dcba-e053-0100007fa7f6,633,1999-08-12T15:13:00+00:00,Imported Channel 1,96.3,ft^3/s,54.0,ft,65.7,ft^2,1.47,ft/s,,,Unspecified,Unspecified,Unspecified,Unspecified,Unspecified,Unknown,Wading,2026-06-28T02:03:52.310154+00:00,point_velocity,Unspecified
05444000,POINT (-89.6963888888889 41.90275),dc69b904-372d-4bd8-b2a9-7dd56b888dc5,USGS-05444000,4e83bfc4-5089-d016-e053-0100007f6c77,618,1998-01-14T22:05:00+00:00,Imported Channel 1,65.0,ft^3/s,51.0,ft,52.8,ft^2,1.23,ft/s,,,Unspecified,Unspecified,Unspecified,Unspecified,Unspecified,Unknown,Wading,2026-06-28T02:03:52.310154+00:00,point_velocity,Unspecified
05444000,POINT (-89.6963888888889 41.90275),dc9b016c-9585-4ffd-bfc3-982dfa3c2ed9,USGS-05444000,4e83c25c-1c8a-d137-e053-0100007fc5e9,401,1973-12-12T06:00:00+00:00,Imported Channel 1,155,ft^3/s,,,,,,,,ft,Unspecified,Unspecified,Unspecified,Unspecified,Unspecified,Unknown,Unspecified,2026-06-28T02:03:52.310154+00:00,other_method,Unspecified
05444000,POINT (-89.6963888888889 41.90275),dcb24d76-db17-422d-be92-40eb2156fc09,USGS-05444000,4e83db31-a3bc-dead-e053-0100007fa53d,629,1999-05-12T13:48:00+00:00,Imported Channel 1,181,ft^3/s,51.0,ft,99.6,ft^2,1.82,ft/s,,,Unspecified,Unspecified,Unspecified,Unspecified,Unspecified,Unknown,Wading,2026-06-28T02:03:52.310154+00:00,point_velocity,Unspecified
05444000,POINT (-89.6963888888889 41.90275),ddd3d68b-a29a-48fc-bd00-b9ba295c212a,USGS-05444000,4e83b3d0-88b3-ca01-e053-0100007f4963,232,1960-01-13T06:00:00+00:00,Imported Channel 1,1230,ft^3/s,,,,,,,,ft,Unspecified,Unspecified,Unspecified,Unspecified,Unspecified,Unknown,Unspecified,2026-06-28T02:03:52.310154+00:00,other_method,Unspecified
05444000,POINT (-89.6963888888889 41.90275),ddd865b5-6b64-4ef2-bb22-11b7ab89aa70,USGS-05444000,4e83c8fd-7d3d-d473-e053-0100007f793a,407,1974-06-28T06:00:00+00:00,Imported Channel 1,264,ft^3/s,,,,,,,,ft,Unspecified,Unspecified,Unspecified,Unspecified,Unspecified,Unknown,Unspecified,2026-06-28T02:03:52.310154+00:00,other_method,Unspecified
05444000,POINT (-89.6963888888889 41.90275),deb3ef48-dd1e-49e6-a708-c231e609271b,USGS-05444000,4e83be1c-504b-cf0b-e053-0100007fb1fe,520,1986-05-01T06:00:00+00:00,Imported Channel 1,88.3,ft^3/s,53.0,ft,636,ft^2,1.39,ft/s,,,Unspecified,Unspecified,Unspecified,Unspecified,Unspecified,Unknown,Wading,2026-06-28T02:03:52.310154+00:00,point_velocity,Unspecified
05444000,POINT (-89.6963888888889 41.90275),df3edfaf-a6c2-430b-b791-fd3701ae2d77,USGS-05444000,4e83cc76-ac66-d744-e053-0100007f98a5,531,1987-08-07T17:30:00+00:00,Imported Channel 1,38.0,ft^3/s,52.0,ft,38.2,ft^2,0.99,ft/s,,,Unspecified,Unspecified,Unspecified,Unspecified,Unspecified,Unknown,Wading,2026-06-28T02:03:52.310154+00:00,point_velocity,Unspecified
05444000,POINT (-89.6963888888889 41.90275),e0831ee9-2bf0-4777-ae62-297ed10e3e71,USGS-05444000,4e83b73a-dd16-cbe5-e053-0100007fe411,367,1971-02-02T06:00:00+00:00,Imported Channel 1,30.0,ft^3/s,,,,,,,,ft,Unspecified,Unspecified,Unspecified,Unspecified,Unspecified,Unknown,Unspecified,2026-06-28T02:03:52.310154+00:00,other_method,Unspecified
05444000,POINT (-89.6963888888889 41.90275),e0b71b89-b0c9-4f4f-9fc2-f9742099d0ab,USGS-05444000,4e83e242-42e4-e271-e053-0100007f4dd1,687,2008-01-04T16:08:00+00:00,Imported Channel 1,66.5,ft^3/s,52.0,ft,53.5,ft^2,1.24,ft/s,,,Unspecified,Unspecified,Unspecified,Unspecified,Unspecified,Unknown,Wading,2026-06-28T02:03:52.310154+00:00,point_velocity,Unspecified
05444000,POINT (-89.6963888888889 41.90275),e15dce03-e52f-4d11-9021-5e36039e853a,USGS-05444000,4e83d4b1-0836-db58-e053-0100007f4f64,611,1997-03-19T14:04:00+00:00,Imported Channel 1,95.9,ft^3/s,54.0,ft,70.9,ft^2,1.35,ft/s,,,Unspecified,Unspecified,Unspecified,Unspecified,Unspecified,Unknown,Wading,2026-06-28T02:03:52.310154+00:00,point_velocity,Unspecified
05444000,POINT (-89.6963888888889 41.90275),e1f8ec23-ace9-4d13-8f64-e16202db4dac,USGS-05444000,5c69f148-5a13-44ec-a40a-3539f5668e47,783,2025-05-12T16:23:13+00:00,05444000,42.6,ft^3/s,44.0,ft,38.8,ft^2,1.10,ft/s,0.00,ft,Firm,Cobbles,Uneven,Uneven,Unknown,Steady,Wading,2026-06-28T02:03:52.310154+00:00,point_velocity,AtTheGage
05444000,POINT (-89.6963888888889 41.90275),e297643f-0553-49c6-aadb-10acbaa1ec04,USGS-05444000,4e83c55d-dc58-d29e-e053-0100007f9603,539,1988-07-25T15:50:00+00:00,Imported Channel 1,40.4,ft^3/s,56.0,ft,49.0,ft^2,0.82,ft/s,,,Unspecified,Unspecified,Unspecified,Unspecified,Unspecified,Unknown,Wading,2026-06-28T02:03:52.310154+00:00,point_velocity,Unspecified
05444000,POINT (-89.6963888888889 41.90275),e2b13143-72ef-460f-86b2-4f206fb1d4e9,USGS-05444000,4e83d950-b0fd-dd74-e053-0100007fb3e7,598,1995-09-07T17:16:00+00:00,Imported Channel 1,99.3,ft^3/s,48.0,ft,60.8,ft^2,1.63,ft/s,,,Unspecified,Unspecified,Unspecified,Unspecified,Unspecified,Unknown,Wading,2026-06-28T02:03:52.310154+00:00,point_velocity,Unspecified
05444000,POINT (-89.6963888888889 41.90275),e422deb9-fef4-40e1-ab2d-3901cc7eb53d,USGS-05444000,4e83d4a3-b806-db5c-e053-0100007f3cad,583,1993-08-12T19:50:00+00:00,Imported Channel 1,246,ft^3/s,54.0,ft,107,ft^2,2.30,ft/s,,,Unspecified,Unspecified,Unspecified,Unspecified,Unspecified,Unknown,Wading,2026-06-28T02:03:52.310154+00:00,point_velocity,Unspecified
05444000,POINT (-89.6963888888889 41.90275),e42975ba-dde6-4675-9671-a0e885789cc4,USGS-05444000,4e83bf11-88ad-cf13-e053-0100007fa647,424,1976-03-05T06:00:00+00:00,Imported Channel 1,2240,ft^3/s,,,,,,,,ft,Unspecified,Unspecified,Unspecified,Unspecified,Unspecified,Unknown,Unspecified,2026-06-28T02:03:52.310154+00:00,other_method,Unspecified
05444000,POINT (-89.6963888888889 41.90275),e5b1a0cf-51cf-44a4-84ef-2afc5a6ed5c9,USGS-05444000,4e83c25c-1c8d-d137-e053-0100007fc5e9,404,1974-03-29T06:00:00+00:00,Imported Channel 1,173,ft^3/s,,,,,,,,ft,Unspecified,Unspecified,Unspecified,Unspecified,Unspecified,Unknown,Unspecified,2026-06-28T02:03:52.310154+00:00,other_method,Unspecified
05444000,POINT (-89.6963888888889 41.90275),e5b68a41-8a98-4e15-8101-f3c9d44ef262,USGS-05444000,4e83e37f-3e75-e2b8-e053-0100007f387b,708,2012-01-06T18:10:00+00:00,708,101,ft^3/s,46.0,ft,58.2,ft^2,1.74,ft/s,,,Firm,Gravel,Even,Even,Standard,Unknown,Wading,2026-06-28T02:03:52.310154+00:00,point_velocity,AtTheGage
05444000,POINT (-89.6963888888889 41.90275),e5c5ac24-b50a-44d1-b585-963a7be9a217,USGS-05444000,518b0c28-6a38-f5e2-e053-0100007f4f4e,738,2017-06-07T15:00:09+00:00,main,165,ft^3/s,64.0,ft,92.0,ft^2,1.79,ft/s,95.00,ft,Firm,Gravel,Even,Even,Standard,Unknown,BridgeDownstreamSide,2026-06-28T02:03:52.310154+00:00,adcp,Downstream
05444000,POINT (-89.6963888888889 41.90275),e66cf632-7306-49bb-8745-a04a9a4930ae,USGS-05444000,4e83c91a-661d-d575-e053-0100007fdd5e,621,1998-06-09T14:05:00+00:00,Imported Channel 1,151,ft^3/s,61.5,ft,95.2,ft^2,1.58,ft/s,,,Unspecified,Unspecified,Unspecified,Unspecified,Unspecified,Unknown,Wading,2026-06-28T02:03:52.310154+00:00,point_velocity,Unspecified
05444000,POINT (-89.6963888888889 41.90275),e6b0873d-a7ee-449e-846c-43f8eb174b5d,USGS-05444000,4e83dc55-b9b2-df3b-e053-0100007fd8fb,732,2016-03-11T15:05:00+00:00,main,121,ft^3/s,44.0,ft,50.2,ft^2,2.41,ft/s,75.00,ft,Firm,Cobbles,Uneven,Even,Standard,Unknown,Wading,2026-06-28T02:03:52.310154+00:00,point_velocity,Downstream
05444000,POINT (-89.6963888888889 41.90275),e826f99b-52a5-4d49-9266-86023f0282c9,USGS-05444000,4e83c88f-46e8-d4a1-e053-0100007f075f,573,1992-07-24T17:30:00+00:00,Imported Channel 1,84.3,ft^3/s,54.0,ft,55.4,ft^2,1.52,ft/s,,,Unspecified,Unspecified,Unspecified,Unspecified,Unspecified,Unknown,Wading,2026-06-28T02:03:52.310154+00:00,point_velocity,Unspecified
05444000,POINT (-89.6963888888889 41.90275),e983f8d1-2d56-49fa-b2e1-e2b635a2c4d5,USGS-05444000,4e83d94b-c2ff-dcf4-e053-0100007f1e37,660,2003-04-16T15:20:00+00:00,Imported Channel 1,39.2,ft^3/s,52.0,ft,47.6,ft^2,0.82,ft/s,,,Unspecified,Unspecified,Unspecified,Unspecified,Unspecified,Unknown,Wading,2026-06-28T02:03:52.310154+00:00,point_velocity,Unspecified
05444000,POINT (-89.6963888888889 41.90275),e99cf433-e3c1-4e2b-a0b2-ce8c32cfc998,USGS-05444000,4e83d49e-fff3-db15-e053-0100007f753e,707,2011-11-09T17:12:30+00:00,Imported Channel 1,242,ft^3/s,47.0,ft,97.6,ft^2,2.48,ft/s,,,Firm,CobblesBoulders,Even,Even,Uniform,Unknown,Wading,2026-06-28T02:03:52.310154+00:00,point_velocity,AtTheGage
05444000,POINT (-89.6963888888889 41.90275),eb01abc9-7732-4b9c-bdb1-4ae868722a3f,USGS-05444000,4e83cdba-e27c-d748-e053-0100007f61db,451,1979-02-13T06:00:00+00:00,Imported Channel 1,42.4,ft^3/s,,,,,,,,ft,Unspecified,Unspecified,Unspecified,Unspecified,Unspecified,Unknown,Unspecified,2026-06-28T02:03:52.310154+00:00,other_method,Unspecified
05444000,POINT (-89.6963888888889 41.90275),ec289d41-c8f9-41ad-a0ea-7c7dba25ab60,USGS-05444000,4e83bf11-88a9-cf13-e053-0100007fa647,395,1973-04-21T06:00:00+00:00,Imported Channel 1,4970,ft^3/s,,,,,,,,ft,Unspecified,Unspecified,Unspecified,Unspecified,Unspecified,Unknown,Unspecified,2026-06-28T02:03:52.310154+00:00,other_method,Unspecified
05444000,POINT (-89.6963888888889 41.90275),ec2ea40e-c427-43a7-8454-bbf84e93f26c,USGS-05444000,4e83d08d-36f1-d935-e053-0100007f47c5,706,2011-08-26T18:02:30+00:00,Imported Channel 1,100,ft^3/s,46.0,ft,55.2,ft^2,1.82,ft/s,,,Firm,CobblesBoulders,Even,Even,Uniform,Unknown,Wading,2026-06-28T02:03:52.310154+00:00,point_velocity,AtTheGage
05444000,POINT (-89.6963888888889 41.90275),ec4ab2e0-43c6-42f6-aa3b-a90219e8454a,USGS-05444000,2e1f8c68-0596-41e1-b3a0-0d95d24eba2e,764,2021-07-07T18:18:49+00:00,05444000,61.2,ft^3/s,50.7,ft,44.8,ft^2,1.37,ft/s,25.00,ft,Firm,Cobbles,Uneven,Uneven,Unknown,Steady,Wading,2026-06-28T02:03:52.310154+00:00,point_velocity,Downstream
05444000,POINT (-89.6963888888889 41.90275),ec69a5a7-d4cb-408b-a831-fa906a4960af,USGS-05444000,4e83c7c9-7045-d439-e053-0100007f9929,710,2012-04-26T17:38:00+00:00,710,115,ft^3/s,46.0,ft,59.2,ft^2,1.94,ft/s,,,Firm,Gravel,Even,Even,Standard,Unknown,Wading,2026-06-28T02:03:52.310154+00:00,point_velocity,AtTheGage
05444000,POINT (-89.6963888888889 41.90275),ec723db9-4d55-490e-b500-0cc5f9e7f08a,USGS-05444000,4e83d47d-30a0-db01-e053-0100007f3fdc,656,2002-11-15T18:25:00+00:00,Imported Channel 1,58.1,ft^3/s,55.0,ft,58.9,ft^2,0.99,ft/s,,,Unspecified,Unspecified,Unspecified,Unspecified,Unspecified,Unknown,Wading,2026-06-28T02:03:52.310154+00:00,point_velocity,Unspecified
05444000,POINT (-89.6963888888889 41.90275),ec7f5a19-af88-42a6-bbd8-2e899e02200b,USGS-05444000,4e83d0f5-e4da-d911-e053-0100007f2420,559,1990-07-18T20:25:00+00:00,Imported Channel 1,99.0,ft^3/s,54.0,ft,77.0,ft^2,1.28,ft/s,,,Unspecified,Unspecified,Unspecified,Unspecified,Unspecified,Unknown,Wading,2026-06-28T02:03:52.310154+00:00,point_velocity,Unspecified
05444000,POINT (-89.6963888888889 41.90275),ecbd2b1a-1676-4c0a-ab8a-c8fc6d7b34cc,USGS-05444000,4e83dc3d-b810-df3f-e053-0100007f197a,628,1999-03-22T18:52:00+00:00,Imported Channel 1,140,ft^3/s,51.0,ft,87.0,ft^2,1.61,ft/s,,,Unspecified,Unspecified,Unspecified,Unspecified,Unspecified,Unknown,Wading,2026-06-28T02:03:52.310154+00:00,point_velocity,Unspecified
05444000,POINT (-89.6963888888889 41.90275),ecec07f2-7d61-45b7-93d6-6fab7926053b,USGS-05444000,4e83bf00-9b0f-cf9a-e053-0100007f1a64,491,1983-01-05T06:00:00+00:00,Imported Channel 1,96.8,ft^3/s,49.0,ft,63.5,ft^2,1.52,ft/s,,,Unspecified,Unspecified,Unspecified,Unspecified,Unspecified,Unknown,Wading,2026-06-28T02:03:52.310154+00:00,point_velocity,Unspecified
05444000,POINT (-89.6963888888889 41.90275),ed6c39f0-a8b7-4ae9-879b-c0278c892577,USGS-05444000,4e83d7df-6854-dcba-e053-0100007fa7f6,634,1999-10-07T17:19:00+00:00,Imported Channel 1,77.0,ft^3/s,52.0,ft,63.5,ft^2,1.21,ft/s,,,Unspecified,Unspecified,Unspecified,Unspecified,Unspecified,Unknown,Wading,2026-06-28T02:03:52.310154+00:00,point_velocity,Unspecified
05444000,POINT (-89.6963888888889 41.90275),edf4b448-f4a5-4d12-a902-f2a3b17dc14f,USGS-05444000,4e83c8fd-7d47-d473-e053-0100007f793a,514,1985-08-23T06:00:00+00:00,Imported Channel 1,48.5,ft^3/s,46.0,ft,43.6,ft^2,1.11,ft/s,,,Unspecified,Unspecified,Unspecified,Unspecified,Unspecified,Unknown,Wading,2026-06-28T02:03:52.310154+00:00,point_velocity,Unspecified
05444000,POINT (-89.6963888888889 41.90275),eeaf04f8-0b52-488f-bb52-9a6479f9ad33,USGS-05444000,4e83c591-58f7-d2dc-e053-0100007f5c90,399,1973-10-10T06:00:00+00:00,Imported Channel 1,156,ft^3/s,,,,,,,,ft,Unspecified,Unspecified,Unspecified,Unspecified,Unspecified,Unknown,Unspecified,2026-06-28T02:03:52.310154+00:00,other_method,Unspecified
05444000,POINT (-89.6963888888889 41.90275),ef5728f9-6622-40c9-aa7b-50165ad2eb5c,USGS-05444000,4e83ccc4-609d-d75e-e053-0100007f0fce,552,1989-12-20T17:10:00+00:00,Imported Channel 1,21.3,ft^3/s,42.0,ft,23.6,ft^2,0.90,ft/s,,,Unspecified,Unspecified,Unspecified,Unspecified,Unspecified,Unknown,Ice,2026-06-28T02:03:52.310154+00:00,point_velocity,Unspecified
05444000,POINT (-89.6963888888889 41.90275),ef9bb112-a875-4d95-abe4-81a9f1300d6b,USGS-05444000,4e83c90e-d127-d555-e053-0100007f8e9a,625,1998-12-21T19:34:00+00:00,Imported Channel 1,118,ft^3/s,50.0,ft,84.0,ft^2,1.40,ft/s,,,Unspecified,Unspecified,Unspecified,Unspecified,Unspecified,Unknown,Wading,2026-06-28T02:03:52.310154+00:00,point_velocity,Unspecified
05444000,POINT (-89.6963888888889 41.90275),efb4ef1d-1dc8-4739-b23f-a178c80b2c59,USGS-05444000,4e83bf1e-54d3-cf11-e053-0100007f5055,496,1983-07-13T06:00:00+00:00,Imported Channel 1,129,ft^3/s,50.0,ft,67.8,ft^2,1.90,ft/s,,,Unspecified,Unspecified,Unspecified,Unspecified,Unspecified,Unknown,Wading,2026-06-28T02:03:52.310154+00:00,point_velocity,Unspecified
05444000,POINT (-89.6963888888889 41.90275),efc4f9e5-d8f2-458f-9d5f-8d57970bca74,USGS-05444000,4e83d88b-297c-dcb0-e053-0100007f987c,655,2002-09-10T13:55:00+00:00,Imported Channel 1,65.2,ft^3/s,55.0,ft,62.9,ft^2,1.04,ft/s,,,Unspecified,Unspecified,Unspecified,Unspecified,Unspecified,Unknown,Wading,2026-06-28T02:03:52.310154+00:00,point_velocity,Unspecified
05444000,POINT (-89.6963888888889 41.90275),f007efee-c3d1-454f-83c7-63c16e48fab2,USGS-05444000,4e83be93-9f80-cf37-e053-0100007fcea2,550,1989-10-06T19:30:00+00:00,Imported Channel 1,43.2,ft^3/s,53.0,ft,46.4,ft^2,0.93,ft/s,,,Unspecified,Unspecified,Unspecified,Unspecified,Unspecified,Unknown,Wading,2026-06-28T02:03:52.310154+00:00,point_velocity,Unspecified
05444000,POINT (-89.6963888888889 41.90275),f08324a7-56f0-49f8-b3c1-06c42d5fa0ea,USGS-05444000,3bfcc597-b07f-4349-a9d6-f5bacd66863d,778,2024-04-24T16:43:44+00:00,05444000,117,ft^3/s,65.7,ft,91.6,ft^2,1.28,ft/s,120.00,ft,Firm,Gravel,Uneven,Uneven,Unknown,Steady,BridgeDownstreamSide,2026-06-28T02:03:52.310154+00:00,adcp,Downstream
05444000,POINT (-89.6963888888889 41.90275),f111707c-20bb-459e-8a08-3daf1da7f5f3,USGS-05444000,4e83d155-ec38-d937-e053-0100007fae1c,568,1991-10-25T16:40:00+00:00,Imported Channel 1,64.5,ft^3/s,52.0,ft,47.2,ft^2,1.37,ft/s,,,Unspecified,Unspecified,Unspecified,Unspecified,Unspecified,Unknown,Wading,2026-06-28T02:03:52.310154+00:00,point_velocity,Unspecified
05444000,POINT (-89.6963888888889 41.90275),f166c379-ecff-458d-a5cb-3a797af1a99f,USGS-05444000,4e83cdba-e27b-d748-e053-0100007f61db,449,1978-11-28T06:00:00+00:00,Imported Channel 1,40.3,ft^3/s,,,,,,,,ft,Unspecified,Unspecified,Unspecified,Unspecified,Unspecified,Unknown,Unspecified,2026-06-28T02:03:52.310154+00:00,other_method,Unspecified
05444000,POINT (-89.6963888888889 41.90275),f18afb11-1e27-40f0-bd3f-c32023b30662,USGS-05444000,4e83def8-48d9-e08a-e053-0100007ff1b5,652,2002-03-29T19:45:00+00:00,Imported Channel 1,108,ft^3/s,54.0,ft,66.9,ft^2,1.61,ft/s,,,Unspecified,Unspecified,Unspecified,Unspecified,Unspecified,Unknown,Wading,2026-06-28T02:03:52.310154+00:00,point_velocity,Unspecified
05444000,POINT (-89.6963888888889 41.90275),f1d26e53-edd5-42df-a86f-c50b0fbba523,USGS-05444000,47af19d2-f0f0-4a51-b404-41846fd9cabe,768,2022-08-08T19:54:31+00:00,05444000,3150,ft^3/s,172,ft,1090,ft^2,2.90,ft/s,50.00,ft,Soft,Sand,Uneven,Uneven,Unknown,Steady,BridgeDownstreamSide,2026-06-28T02:03:52.310154+00:00,adcp,Downstream
05444000,POINT (-89.6963888888889 41.90275),f1d7587e-73f1-4e81-a618-3729cbde2141,USGS-05444000,4e83cdba-e274-d748-e053-0100007f61db,410,1974-10-04T06:00:00+00:00,Imported Channel 1,81.6,ft^3/s,,,,,,,,ft,Unspecified,Unspecified,Unspecified,Unspecified,Unspecified,Unknown,Unspecified,2026-06-28T02:03:52.310154+00:00,other_method,Unspecified
05444000,POINT (-89.6963888888889 41.90275),f1f2b0c3-101b-4803-9778-9448562fe214,USGS-05444000,4e83be00-a492-ced2-e053-0100007f6bc5,385,1972-08-25T06:00:00+00:00,Imported Channel 1,8500,ft^3/s,,,,,,,,ft,Unspecified,Unspecified,Unspecified,Unspecified,Unspecified,Unknown,Unspecified,2026-06-28T02:03:52.310154+00:00,other_method,Unspecified
05444000,POINT (-89.6963888888889 41.90275),f233313d-4324-4147-b29d-f992896f3869,USGS-05444000,4e83c992-faaf-d577-e053-0100007f536e,704,2011-05-18T16:05:34+00:00,Channel 1,153,ft^3/s,49.0,ft,75.1,ft^2,2.04,ft/s,,,Firm,Gravel,Even,Even,Uniform,Unknown,Wading,2026-06-28T02:03:52.310154+00:00,point_velocity,AtTheGage
05444000,POINT (-89.6963888888889 41.90275),f374b180-2121-4544-bf17-b60a7be75117,USGS-05444000,4e83bf31-4996-cf35-e053-0100007fe2ee,415,1975-03-17T06:00:00+00:00,Imported Channel 1,106,ft^3/s,,,,,,,,ft,Unspecified,Unspecified,Unspecified,Unspecified,Unspecified,Unknown,Unspecified,2026-06-28T02:03:52.310154+00:00,other_method,Unspecified
05444000,POINT (-89.6963888888889 41.90275),f398507d-20dc-44da-9100-3d0ba0d565aa,USGS-05444000,4e83c699-7df3-d2ba-e053-0100007fc0e5,507,1984-10-17T06:00:00+00:00,Imported Channel 1,91.6,ft^3/s,55.0,ft,69.0,ft^2,1.33,ft/s,,,Unspecified,Unspecified,Unspecified,Unspecified,Unspecified,Unknown,Wading,2026-06-28T02:03:52.310154+00:00,point_velocity,Unspecified
05444000,POINT (-89.6963888888889 41.90275),f3aa1cef-154d-4742-bb03-f039240f3ac6,USGS-05444000,4e83bf00-9b1a-cf9a-e053-0100007f1a64,579,1993-03-04T20:42:00+00:00,Imported Channel 1,1660,ft^3/s,102,ft,505,ft^2,3.29,ft/s,,,Unspecified,Unspecified,Unspecified,Unspecified,Unspecified,Unknown,BridgeCrane,2026-06-28T02:03:52.310154+00:00,point_velocity,Unspecified
05444000,POINT (-89.6963888888889 41.90275),f40b37e3-b9de-4b11-be34-c4c4f4a9fe8b,USGS-05444000,4e83c7c9-7032-d439-e053-0100007f9929,551,1989-11-09T18:45:00+00:00,Imported Channel 1,30.0,ft^3/s,46.0,ft,31.9,ft^2,0.94,ft/s,,,Unspecified,Unspecified,Unspecified,Unspecified,Unspecified,Unknown,Wading,2026-06-28T02:03:52.310154+00:00,point_velocity,Unspecified
05444000,POINT (-89.6963888888889 41.90275),f43ad8af-7f8d-45be-86b9-e1207bc15991,USGS-05444000,4e83b75e-8c0f-cc03-e053-0100007f0938,417,1975-06-12T06:00:00+00:00,Imported Channel 1,89.7,ft^3/s,,,,,,,,ft,Unspecified,Unspecified,Unspecified,Unspecified,Unspecified,Unknown,Unspecified,2026-06-28T02:03:52.310154+00:00,other_method,Unspecified
05444000,POINT (-89.6963888888889 41.90275),f451587b-d86a-4a5d-b7de-7ecfa6123ef1,USGS-05444000,4e83b3d0-88c2-ca01-e053-0100007f4963,513,1985-07-10T06:00:00+00:00,Imported Channel 1,58.0,ft^3/s,53.0,ft,50.0,ft^2,1.16,ft/s,,,Unspecified,Unspecified,Unspecified,Unspecified,Unspecified,Unknown,Wading,2026-06-28T02:03:52.310154+00:00,point_velocity,Unspecified
05444000,POINT (-89.6963888888889 41.90275),f5066c95-d73a-496f-b98f-c41b2c597036,USGS-05444000,4e83c557-02f4-d2aa-e053-0100007fcf14,420,1975-09-19T06:00:00+00:00,Imported Channel 1,39.6,ft^3/s,,,,,,,,ft,Unspecified,Unspecified,Unspecified,Unspecified,Unspecified,Unknown,Unspecified,2026-06-28T02:03:52.310154+00:00,other_method,Unspecified
05444000,POINT (-89.6963888888889 41.90275),f5bf7c68-8778-40cf-810f-1437528b6528,USGS-05444000,4e83cdba-e280-d748-e053-0100007f61db,486,1982-06-30T06:00:00+00:00,Imported Channel 1,77.6,ft^3/s,43.0,ft,51.0,ft^2,1.53,ft/s,,,Unspecified,Unspecified,Unspecified,Unspecified,Unspecified,Unknown,Wading,2026-06-28T02:03:52.310154+00:00,point_velocity,Unspecified
05444000,POINT (-89.6963888888889 41.90275),f5ca787c-42e8-4189-b87b-f8d2401cb976,USGS-05444000,4e83b73a-dd17-cbe5-e053-0100007fe411,368,1971-03-16T06:00:00+00:00,Imported Channel 1,111,ft^3/s,,,,,,,,ft,Unspecified,Unspecified,Unspecified,Unspecified,Unspecified,Unknown,Unspecified,2026-06-28T02:03:52.310154+00:00,other_method,Unspecified
05444000,POINT (-89.6963888888889 41.90275),f5cc3a65-ee93-4fc3-a853-93d07667e6cc,USGS-05444000,4e83cc76-ac5c-d744-e053-0100007f98a5,450,1979-01-11T06:00:00+00:00,Imported Channel 1,29.2,ft^3/s,,,,,,,,ft,Unspecified,Unspecified,Unspecified,Unspecified,Unspecified,Unknown,Unspecified,2026-06-28T02:03:52.310154+00:00,other_method,Unspecified
05444000,POINT (-89.6963888888889 41.90275),f635c588-ea5a-4c64-b247-8389dad30a9e,USGS-05444000,4e83c94d-b6ba-d573-e053-0100007f6bc0,380,1972-03-22T06:00:00+00:00,Imported Channel 1,60.2,ft^3/s,,,,,,,,ft,Unspecified,Unspecified,Unspecified,Unspecified,Unspecified,Unknown,Unspecified,2026-06-28T02:03:52.310154+00:00,other_method,Unspecified
05444000,POINT (-89.6963888888889 41.90275),f63bec1d-e7c3-4479-aaee-42deb00624c2,USGS-05444000,4e83c990-6d55-d29c-e053-0100007f03e6,357,1970-03-05T06:00:00+00:00,Imported Channel 1,153,ft^3/s,,,,,,,,ft,Unspecified,Unspecified,Unspecified,Unspecified,Unspecified,Unknown,Unspecified,2026-06-28T02:03:52.310154+00:00,other_method,Unspecified
05444000,POINT (-89.6963888888889 41.90275),f73cda1a-c987-478e-b092-983860f22e68,USGS-05444000,4e83be1c-5038-cf0b-e053-0100007fb1fe,343,1969-01-23T06:00:00+00:00,Imported Channel 1,3930,ft^3/s,,,,,,,,ft,Unspecified,Unspecified,Unspecified,Unspecified,Unspecified,Unknown,Unspecified,2026-06-28T02:03:52.310154+00:00,other_method,Unspecified
05444000,POINT (-89.6963888888889 41.90275),f7d15192-7595-42a4-a720-eeedbd1bfc1d,USGS-05444000,4e83d9d4-cf0b-dcf0-e053-0100007fc65c,674,2005-09-28T15:40:00+00:00,Imported Channel 1,22.8,ft^3/s,46.0,ft,34.5,ft^2,0.66,ft/s,,,Unspecified,Unspecified,Unspecified,Unspecified,Unspecified,Unknown,Wading,2026-06-28T02:03:52.310154+00:00,point_velocity,Unspecified
05444000,POINT (-89.6963888888889 41.90275),f7d17096-9df8-46e4-83c6-df6982aceab7,USGS-05444000,4e83d91f-b7c3-dd76-e053-0100007f8662,686,2007-10-11T19:00:00+00:00,Imported Channel 1,52.5,ft^3/s,51.0,ft,49.2,ft^2,1.07,ft/s,,,Unspecified,Unspecified,Unspecified,Unspecified,Unspecified,Unknown,Wading,2026-06-28T02:03:52.310154+00:00,point_velocity,Unspecified
05444000,POINT (-89.6963888888889 41.90275),f7dcf976-76af-4469-9abc-f45433b26744,USGS-05444000,4e83cddb-fdf7-d75a-e053-0100007fbc8d,481,1981-12-07T06:00:00+00:00,Imported Channel 1,146,ft^3/s,49.0,ft,74.0,ft^2,1.97,ft/s,,,Unspecified,Unspecified,Unspecified,Unspecified,Unspecified,Unknown,Wading,2026-06-28T02:03:52.310154+00:00,point_velocity,Unspecified
05444000,POINT (-89.6963888888889 41.90275),f81cb699-9e05-4dd9-9796-1df098d20c67,USGS-05444000,a36bb0c8-1bd0-42b9-baeb-80ce36e63b7d,766,2022-03-08T21:04:40+00:00,main,42.1,ft^3/s,48.4,ft,47.1,ft^2,0.90,ft/s,75.00,ft,Firm,Gravel,Even,Even,Standard,Steady,BridgeDownstreamSide,2026-06-28T02:03:52.310154+00:00,adcp,Downstream
05444000,POINT (-89.6963888888889 41.90275),f935b27e-934c-473c-867c-966632af9b7b,USGS-05444000,4e83c8fd-7d4a-d473-e053-0100007f793a,529,1987-05-15T17:10:00+00:00,Imported Channel 1,51.7,ft^3/s,54.0,ft,44.1,ft^2,1.17,ft/s,,,Unspecified,Unspecified,Unspecified,Unspecified,Unspecified,Unknown,Wading,2026-06-28T02:03:52.310154+00:00,point_velocity,Unspecified
05444000,POINT (-89.6963888888889 41.90275),f9c0a15e-b805-48c6-b941-94bfb3e99a28,USGS-05444000,4e83d454-fec5-db13-e053-0100007fc2e6,603,1996-05-29T20:30:00+00:00,Imported Channel 1,2550,ft^3/s,105,ft,787,ft^2,3.24,ft/s,,,Unspecified,Unspecified,Unspecified,Unspecified,Unspecified,Unknown,BridgeCrane,2026-06-28T02:03:52.310154+00:00,point_velocity,Unspecified
05444000,POINT (-89.6963888888889 41.90275),fb9669c5-bfd7-473a-b8c7-9f353f79d292,USGS-05444000,4e83b812-e0c6-cbe3-e053-0100007f4048,416,1975-03-19T06:00:00+00:00,Imported Channel 1,2980,ft^3/s,,,,,,,,ft,Unspecified,Unspecified,Unspecified,Unspecified,Unspecified,Unknown,Unspecified,2026-06-28T02:03:52.310154+00:00,other_method,Unspecified
05444000,POINT (-89.6963888888889 41.90275),fb98faa8-ec34-468d-b570-0f5add223bc6,USGS-05444000,4e83b3d0-88c8-ca01-e053-0100007f4963,575,1992-11-19T20:10:00+00:00,Imported Channel 1,109,ft^3/s,56.0,ft,68.7,ft^2,1.59,ft/s,,,Unspecified,Unspecified,Unspecified,Unspecified,Unspecified,Unknown,Wading,2026-06-28T02:03:52.310154+00:00,point_velocity,Unspecified
05444000,POINT (-89.6963888888889 41.90275),fbff4824-e871-4ec9-b0d3-ab02bdcab564,USGS-05444000,731c3197-4243-003f-e053-0100007f8653,747,2018-08-10T16:02:52+00:00,main,98.8,ft^3/s,40.0,ft,56.3,ft^2,1.76,ft/s,0.00,ft,Firm,Cobbles,Even,Even,Standard,Steady,Wading,2026-06-28T02:03:52.310154+00:00,point_velocity,AtTheGage
05444000,POINT (-89.6963888888889 41.90275),fd3423d4-66d5-483b-9e9f-92119c2b3b57,USGS-05444000,4e83e2ef-c595-e2fd-e053-0100007f1b74,709,2012-02-28T19:39:00+00:00,709,88.2,ft^3/s,45.0,ft,51.4,ft^2,1.72,ft/s,,,Firm,Gravel,Even,Even,Standard,Unknown,Wading,2026-06-28T02:03:52.310154+00:00,point_velocity,AtTheGage
05444000,POINT (-89.6963888888889 41.90275),feedd225-b4f9-4366-8d69-fc6228b4845e,USGS-05444000,4e83bf45-95b3-cfca-e053-0100007faac3,453,1979-03-22T06:00:00+00:00,Imported Channel 1,725,ft^3/s,,,,,,,,ft,Unspecified,Unspecified,Unspecified,Unspecified,Unspecified,Unknown,Unspecified,2026-06-28T02:03:52.310154+00:00,other_method,Unspecified
