site_id,geometry,id,monitoring_location_id,field_visit_id,measurement_number,time,channel_name,channel_flow,channel_flow_unit,channel_width,channel_width_unit,channel_area,channel_area_unit,channel_velocity,channel_velocity_unit,channel_location_distance,channel_location_distance_unit,channel_stability,channel_material,channel_evenness,horizontal_velocity_description,vertical_velocity_description,longitudinal_velocity_description,measurement_type,last_modified,channel_measurement_type,channel_location_direction
05457700,POINT (-92.6738833333333 43.0621944444444),009ae297-eb70-4c22-a86f-acc73434b452,USGS-05457700,4e6531a7-d4c3-af8e-e053-0100007fe008,461,2003-02-26T19:50:00+00:00,Imported Channel 1,224,ft^3/s,159,ft,183,ft^2,1.22,ft/s,,,Unspecified,Unspecified,Unspecified,Unspecified,Unspecified,Unknown,Wading,2026-07-09T20:30:36.896003+00:00,point_velocity,Unspecified
05457700,POINT (-92.6738833333333 43.0621944444444),00f01e2c-2af0-4366-8c56-986d1c00594e,USGS-05457700,4e652a3f-4bef-abba-e053-0100007f6a45,372,1989-06-13T22:30:00+00:00,Imported Channel 1,155,ft^3/s,162,ft,166,ft^2,0.93,ft/s,,,Unspecified,Unspecified,Unspecified,Unspecified,Unspecified,Unknown,Wading,2026-07-09T20:30:36.896003+00:00,point_velocity,Unspecified
05457700,POINT (-92.6738833333333 43.0621944444444),0117a5ee-266b-489b-af28-1482aec7a2b0,USGS-05457700,4e65347d-64c1-b0dc-e053-0100007f9636,438,1999-07-21T13:30:00+00:00,Imported Channel 1,26800,ft^3/s,330,ft,5320,ft^2,5.04,ft/s,,,Unspecified,Unspecified,Unspecified,Unspecified,Unspecified,Unknown,BridgeCrane,2026-07-09T20:30:36.896003+00:00,point_velocity,Unspecified
05457700,POINT (-92.6738833333333 43.0621944444444),011a81f1-7787-431f-8db0-0e6355af28ef,USGS-05457700,4e65136c-efb5-a047-e053-0100007f9dba,387,1990-11-20T14:20:00+00:00,Imported Channel 1,256,ft^3/s,165,ft,211,ft^2,1.21,ft/s,,,Unspecified,Unspecified,Unspecified,Unspecified,Unspecified,Unknown,Wading,2026-07-09T20:30:36.896003+00:00,point_velocity,Unspecified
05457700,POINT (-92.6738833333333 43.0621944444444),0291789b-ec8c-4bcb-b4a5-ab56c13427ed,USGS-05457700,4e6522a4-3032-a809-e053-0100007f51e4,212,1971-09-08T19:10:00+00:00,Imported Channel 1,176,ft^3/s,164,ft,185,ft^2,0.95,ft/s,,,Unspecified,Unspecified,Unspecified,Unspecified,Unspecified,Unknown,Wading,2026-07-09T20:30:36.896003+00:00,point_velocity,Unspecified
05457700,POINT (-92.6738833333333 43.0621944444444),02ca9df3-4ed7-48e7-b96f-b165cbf9c22a,USGS-05457700,4e650dfa-4b67-9dd5-e053-0100007f4a26,377,1990-01-08T21:45:00+00:00,Imported Channel 1,104,ft^3/s,140,ft,142,ft^2,0.73,ft/s,,,Unspecified,Unspecified,Unspecified,Unspecified,Unspecified,Unknown,Wading,2026-07-09T20:30:36.896003+00:00,point_velocity,Unspecified
05457700,POINT (-92.6738833333333 43.0621944444444),02fd3fbb-6a76-44e2-be67-6d8b161df941,USGS-05457700,4e653643-13dd-b13c-e053-0100007f8cd6,520,2010-07-20T17:30:00+00:00,Imported Channel 1,937,ft^3/s,190,ft,393,ft^2,2.38,ft/s,,,Firm,Gravel,Even,Even,Unspecified,Unknown,Unspecified,2026-07-09T20:30:36.896003+00:00,point_velocity,AtTheGage
05457700,POINT (-92.6738833333333 43.0621944444444),031adaad-9bd0-43d0-8a62-1feb487fbe38,USGS-05457700,4e651f4b-d540-a666-e053-0100007f3d82,407,1993-03-01T20:45:00+00:00,Imported Channel 1,280,ft^3/s,164,ft,220,ft^2,1.27,ft/s,,,Unspecified,Unspecified,Unspecified,Unspecified,Unspecified,Unknown,Wading,2026-07-09T20:30:36.896003+00:00,point_velocity,Unspecified
05457700,POINT (-92.6738833333333 43.0621944444444),031bbcd1-cb6f-4aa1-8970-c0753847b9c3,USGS-05457700,4e65135a-4f66-a098-e053-0100007fb9e0,8,1946-06-05T21:05:00+00:00,Imported Channel 1,307,ft^3/s,177,ft,3.01,ft^2,1.02,ft/s,,,Unspecified,Unspecified,Unspecified,Unspecified,Unspecified,Unknown,Wading,2026-07-09T20:30:36.896003+00:00,point_velocity,Unspecified
05457700,POINT (-92.6738833333333 43.0621944444444),033e2c54-2b10-4975-81a7-3fe92e3b2e9c,USGS-05457700,4e65154a-307e-a185-e053-0100007f611f,125,1965-04-08T05:50:00+00:00,Imported Channel 1,21500,ft^3/s,435,ft,4770,ft^2,4.51,ft/s,,,Unspecified,Unspecified,Unspecified,Unspecified,Unspecified,Unknown,BridgeCrane,2026-07-09T20:30:36.896003+00:00,point_velocity,Unspecified
05457700,POINT (-92.6738833333333 43.0621944444444),036117a5-4129-4e1e-ba91-2380526bace6,USGS-05457700,4e65265c-ca54-aa15-e053-0100007fc532,322,1983-05-23T17:35:00+00:00,Imported Channel 1,2220,ft^3/s,197,ft,730,ft^2,3.04,ft/s,,,Unspecified,Unspecified,Unspecified,Unspecified,Unspecified,Unknown,BridgeCrane,2026-07-09T20:30:36.896003+00:00,point_velocity,Unspecified
05457700,POINT (-92.6738833333333 43.0621944444444),038e3714-e89b-4a2b-87ca-787b1e6fe917,USGS-05457700,4e653ae3-9d30-b3ec-e053-0100007f512f,548,2013-05-20T17:36:00+00:00,Imported Channel 1,21000,ft^3/s,285,ft,4480,ft^2,4.69,ft/s,2640.00,ft,Firm,Cobbles,Even,Even,Uniform,Unknown,MannedMovingBoat,2026-07-09T20:30:36.896003+00:00,adcp,Downstream
05457700,POINT (-92.6738833333333 43.0621944444444),03cc5590-6d7f-4dba-9e9c-a3d1b2b3d4bc,USGS-05457700,4e652632-7467-a9f4-e053-0100007f956d,441,1999-07-28T17:05:00+00:00,Imported Channel 1,2220,ft^3/s,204,ft,730,ft^2,3.04,ft/s,,,Unspecified,Unspecified,Unspecified,Unspecified,Unspecified,Unknown,BridgeCrane,2026-07-09T20:30:36.896003+00:00,point_velocity,Unspecified
05457700,POINT (-92.6738833333333 43.0621944444444),04b8757b-9336-4720-a1ba-96c990b52caf,USGS-05457700,4e6542b8-d66f-b646-e053-0100007fe67b,582,2016-10-26T14:17:52+00:00,Charles City,1550,ft^3/s,214,ft,716,ft^2,2.16,ft/s,2400.00,ft,Firm,Gravel,Uneven,Uneven,Standard,Unknown,BridgeDownstreamSide,2026-07-09T20:30:36.896003+00:00,adcp,Upstream
05457700,POINT (-92.6738833333333 43.0621944444444),05a1c895-db7e-44da-ac60-53d2cbccc5f3,USGS-05457700,4e650d85-fec4-9d9f-e053-0100007fcf43,338,1985-03-19T06:00:00+00:00,Imported Channel 1,764,ft^3/s,172,ft,342,ft^2,2.23,ft/s,,,Unspecified,Unspecified,Unspecified,Unspecified,Unspecified,Unknown,Wading,2026-07-09T20:30:36.896003+00:00,point_velocity,Unspecified
05457700,POINT (-92.6738833333333 43.0621944444444),05cdf420-60c9-4830-8697-cc036c79b9c3,USGS-05457700,4e652229-71e7-a7a2-e053-0100007f0dc5,347,1986-04-04T06:00:00+00:00,Imported Channel 1,1640,ft^3/s,189,ft,535,ft^2,3.06,ft/s,,,Unspecified,Unspecified,Unspecified,Unspecified,Unspecified,Unknown,BridgeCrane,2026-07-09T20:30:36.896003+00:00,point_velocity,Unspecified
05457700,POINT (-92.6738833333333 43.0621944444444),06750b68-219e-4849-880c-eaf7d7b2d060,USGS-05457700,4e652dad-6684-ad25-e053-0100007f0ad5,550,2013-05-21T00:02:00+00:00,"Ceadar River nr. Charles City, IA",21500,ft^3/s,268,ft,4730,ft^2,4.56,ft/s,2650.00,ft,Firm,CobblesBoulders,Even,Even,Standard,Unknown,MannedMovingBoat,2026-07-09T20:30:36.896003+00:00,adcp,Downstream
05457700,POINT (-92.6738833333333 43.0621944444444),0679dd71-8474-4e7b-8222-233bcad5f856,USGS-05457700,4e651b5f-d7ff-a460-e053-0100007f272c,318,1982-12-01T13:30:00+00:00,Imported Channel 1,956,ft^3/s,175,ft,416,ft^2,2.30,ft/s,,,Unspecified,Unspecified,Unspecified,Unspecified,Unspecified,Unknown,Wading,2026-07-09T20:30:36.896003+00:00,point_velocity,Unspecified
05457700,POINT (-92.6738833333333 43.0621944444444),067b99f6-8a5a-498c-9f55-52a515a8eeac,USGS-05457700,4e650e34-1572-9da1-e053-0100007f8d55,31,1948-02-29T19:55:00+00:00,Imported Channel 1,11500,ft^3/s,268,ft,3020,ft^2,3.44,ft/s,,,Unspecified,Unspecified,Unspecified,Unspecified,Unspecified,Unknown,BridgeCrane,2026-07-09T20:30:36.896003+00:00,point_velocity,Unspecified
05457700,POINT (-92.6738833333333 43.0621944444444),067d4271-f48a-481f-b737-503fa5c877e9,USGS-05457700,4e652dad-6685-ad25-e053-0100007f0ad5,551,2013-05-21T17:52:00+00:00,Imported Channel 1,16200,ft^3/s,251,ft,4090,ft^2,3.98,ft/s,1320.00,ft,Firm,Gravel,Even,Even,Uniform,Unknown,BridgeDownstreamSide,2026-07-09T20:30:36.896003+00:00,adcp,Downstream
05457700,POINT (-92.6738833333333 43.0621944444444),069e1a04-2ab5-45c7-8bb1-243ef49b7dc2,USGS-05457700,4e6521d8-de52-a688-e053-0100007f5440,286,1979-02-21T21:30:00+00:00,Imported Channel 1,188,ft^3/s,159,ft,189,ft^2,0.99,ft/s,,,Unspecified,Unspecified,Unspecified,Unspecified,Unspecified,Unknown,Wading,2026-07-09T20:30:36.896003+00:00,point_velocity,Unspecified
05457700,POINT (-92.6738833333333 43.0621944444444),07113fb0-44a5-499a-a948-b4c925cf0e3d,USGS-05457700,4e652033-f11c-a6f2-e053-0100007ffb12,182,1969-03-19T14:10:00+00:00,Imported Channel 1,984,ft^3/s,168,ft,392,ft^2,2.51,ft/s,,,Unspecified,Unspecified,Unspecified,Unspecified,Unspecified,Unknown,Wading,2026-07-09T20:30:36.896003+00:00,point_velocity,Unspecified
05457700,POINT (-92.6738833333333 43.0621944444444),08d86db5-c5f9-4241-a69f-4a41c0e493c9,USGS-05457700,4e651baa-e39f-a482-e053-0100007f6761,147,1966-08-04T22:05:00+00:00,Imported Channel 1,243,ft^3/s,173,ft,312,ft^2,0.78,ft/s,,,Unspecified,Unspecified,Unspecified,Unspecified,Unspecified,Unknown,Wading,2026-07-09T20:30:36.896003+00:00,point_velocity,Unspecified
05457700,POINT (-92.6738833333333 43.0621944444444),09560da2-bdd4-4514-9b56-ab7d1a2690be,USGS-05457700,4e6509e0-85d5-9b44-e053-0100007f617a,228,1973-07-09T22:20:00+00:00,Imported Channel 1,576,ft^3/s,174,ft,406,ft^2,1.42,ft/s,,,Unspecified,Unspecified,Unspecified,Unspecified,Unspecified,Unknown,Wading,2026-07-09T20:30:36.896003+00:00,point_velocity,Unspecified
05457700,POINT (-92.6738833333333 43.0621944444444),098024f2-dd0f-4c46-9e56-45c87571fb15,USGS-05457700,4e652a65-3c65-abee-e053-0100007ffe29,345,1986-01-09T06:00:00+00:00,Imported Channel 1,276,ft^3/s,168,ft,235,ft^2,1.17,ft/s,,,Unspecified,Unspecified,Unspecified,Unspecified,Unspecified,Unknown,Ice,2026-07-09T20:30:36.896003+00:00,point_velocity,Unspecified
05457700,POINT (-92.6738833333333 43.0621944444444),09931b49-0972-4b43-bcbd-85afc4b091a8,USGS-05457700,4e650da8-1941-9da3-e053-0100007f6541,190,1969-08-12T20:23:00+00:00,Imported Channel 1,392,ft^3/s,166,ft,240,ft^2,1.63,ft/s,,,Unspecified,Unspecified,Unspecified,Unspecified,Unspecified,Unknown,Wading,2026-07-09T20:30:36.896003+00:00,point_velocity,Unspecified
05457700,POINT (-92.6738833333333 43.0621944444444),09e166bf-43f7-4015-8585-7a231dfea250,USGS-05457700,4e650a87-9fd6-9bd4-e053-0100007f22c6,156,1967-04-20T20:00:00+00:00,Imported Channel 1,444,ft^3/s,175,ft,315,ft^2,1.41,ft/s,,,Unspecified,Unspecified,Unspecified,Unspecified,Unspecified,Unknown,Wading,2026-07-09T20:30:36.896003+00:00,point_velocity,Unspecified
05457700,POINT (-92.6738833333333 43.0621944444444),0a7ab2a7-72f3-4665-9cd4-525c79a71668,USGS-05457700,4e6518f5-874c-a302-e053-0100007fd64c,85,1952-07-31T19:05:00+00:00,Imported Channel 1,406,ft^3/s,173,ft,191,ft^2,2.12,ft/s,,,Unspecified,Unspecified,Unspecified,Unspecified,Unspecified,Unknown,Wading,2026-07-09T20:30:36.896003+00:00,point_velocity,Unspecified
05457700,POINT (-92.6738833333333 43.0621944444444),0ade3e8a-25cf-4dc0-a852-b55e1ddc6463,USGS-05457700,4e651f4b-d515-a666-e053-0100007f3d82,49,1949-11-10T22:20:00+00:00,Imported Channel 1,180,ft^3/s,164,ft,168,ft^2,1.09,ft/s,,,Unspecified,Unspecified,Unspecified,Unspecified,Unspecified,Unknown,Wading,2026-07-09T20:30:36.896003+00:00,point_velocity,Unspecified
05457700,POINT (-92.6738833333333 43.0621944444444),0b45f110-debf-4122-83f9-0fccf1fe4d0f,USGS-05457700,4e65325c-cd75-ad4e-e053-0100007f1c8e,459,2002-12-09T21:15:00+00:00,Imported Channel 1,203,ft^3/s,163,ft,221,ft^2,0.92,ft/s,,,Unspecified,Unspecified,Unspecified,Unspecified,Unspecified,Unknown,Wading,2026-07-09T20:30:36.896003+00:00,point_velocity,Unspecified
05457700,POINT (-92.6738833333333 43.0621944444444),0ba448be-33fe-4a15-8388-15eda9850e1d,USGS-05457700,4e65347d-64c1-b0dc-e053-0100007f9636,439,1999-07-21T20:30:00+00:00,Imported Channel 1,30600,ft^3/s,330,ft,5290,ft^2,5.78,ft/s,,,Unspecified,Unspecified,Unspecified,Unspecified,Unspecified,Unknown,BridgeCrane,2026-07-09T20:30:36.896003+00:00,point_velocity,Unspecified
05457700,POINT (-92.6738833333333 43.0621944444444),0c90cccb-076a-4dd6-88f1-f28ab99b48b2,USGS-05457700,4e653b7e-fd45-b486-e053-0100007f6d12,576,2016-05-17T12:50:28+00:00,Charles City,931,ft^3/s,200,ft,497,ft^2,1.87,ft/s,1200.00,ft,Firm,Cobbles,Uneven,Uneven,Standard,Unknown,BridgeDownstreamSide,2026-07-09T20:30:36.896003+00:00,adcp,Upstream
05457700,POINT (-92.6738833333333 43.0621944444444),0d4174e8-5f1d-451c-baf5-b5d2850738ac,USGS-05457700,4e652aea-6870-ac38-e053-0100007f1103,313,1982-03-24T19:10:00+00:00,Imported Channel 1,3940,ft^3/s,220,ft,1170,ft^2,3.37,ft/s,,,Unspecified,Unspecified,Unspecified,Unspecified,Unspecified,Unknown,BridgeCrane,2026-07-09T20:30:36.896003+00:00,point_velocity,Unspecified
05457700,POINT (-92.6738833333333 43.0621944444444),0dd9b88b-b174-4c56-b1fd-de56cd459ae2,USGS-05457700,4e652dad-668b-ad25-e053-0100007f0ad5,559,2014-05-29T15:56:00+00:00,Charles City,773,ft^3/s,188,ft,295,ft^2,2.62,ft/s,10.00,ft,Firm,Cobbles,Even,Even,Uniform,Unknown,Wading,2026-07-09T20:30:36.896003+00:00,point_velocity,Upstream
05457700,POINT (-92.6738833333333 43.0621944444444),0ddca684-490c-4bf3-a0dd-37570c4e1c4c,USGS-05457700,4e650d94-7a31-9b40-e053-0100007f8f3d,110,1961-03-26T17:40:00+00:00,Imported Channel 1,17300,ft^3/s,280,ft,4130,ft^2,4.19,ft/s,,,Unspecified,Unspecified,Unspecified,Unspecified,Unspecified,Unknown,BridgeCrane,2026-07-09T20:30:36.896003+00:00,point_velocity,Unspecified
05457700,POINT (-92.6738833333333 43.0621944444444),0e1678b1-b74d-4099-b206-36676cc8cad5,USGS-05457700,4e650d85-fe94-9d9f-e053-0100007fcf43,60,1950-08-15T20:50:00+00:00,Imported Channel 1,217,ft^3/s,164,ft,195,ft^2,1.11,ft/s,,,Unspecified,Unspecified,Unspecified,Unspecified,Unspecified,Unknown,Wading,2026-07-09T20:30:36.896003+00:00,point_velocity,Unspecified
05457700,POINT (-92.6738833333333 43.0621944444444),0ec63ff5-7ebb-4e12-b617-b1a5a1bfc764,USGS-05457700,4e6526c8-11f6-a9f9-e053-0100007f5ecb,267,1977-06-15T21:55:00+00:00,Imported Channel 1,113,ft^3/s,150,ft,143,ft^2,0.79,ft/s,,,Unspecified,Unspecified,Unspecified,Unspecified,Unspecified,Unknown,Wading,2026-07-09T20:30:36.896003+00:00,point_velocity,Unspecified
05457700,POINT (-92.6738833333333 43.0621944444444),0f02baf7-7527-467c-be3a-457dcedfe93b,USGS-05457700,4e653aaf-40d9-b3ea-e053-0100007f855d,507,2008-11-18T12:57:00+00:00,Imported Channel 1,348,ft^3/s,172,ft,220,ft^2,1.58,ft/s,80.00,ft,Firm,Gravel,Even,Even,Unspecified,Unknown,Wading,2026-07-09T20:30:36.896003+00:00,point_velocity,Upstream
05457700,POINT (-92.6738833333333 43.0621944444444),0f300cb9-b14a-4297-83cc-37ea57b76e02,USGS-05457700,4e650d85-fe99-9d9f-e053-0100007fcf43,101,1953-10-07T21:40:00+00:00,Imported Channel 1,185,ft^3/s,165,ft,216,ft^2,0.86,ft/s,,,Unspecified,Unspecified,Unspecified,Unspecified,Unspecified,Unknown,Wading,2026-07-09T20:30:36.896003+00:00,point_velocity,Unspecified
05457700,POINT (-92.6738833333333 43.0621944444444),0f5e9018-a96c-4d62-994d-5d16dadb8934,USGS-05457700,4e650a68-f88f-9b42-e053-0100007f0091,105,1954-02-02T22:10:00+00:00,Imported Channel 1,124,ft^3/s,125,ft,74.7,ft^2,1.66,ft/s,,,Unspecified,Unspecified,Unspecified,Unspecified,Unspecified,Unknown,Wading,2026-07-09T20:30:36.896003+00:00,point_velocity,Unspecified
05457700,POINT (-92.6738833333333 43.0621944444444),0fcc9b33-bb4f-4e8c-910a-42c2a59a1ff7,USGS-05457700,4e651895-487f-a12f-e053-0100007f85f2,185,1969-05-13T19:37:00+00:00,Imported Channel 1,771,ft^3/s,168,ft,343,ft^2,2.25,ft/s,,,Unspecified,Unspecified,Unspecified,Unspecified,Unspecified,Unknown,Wading,2026-07-09T20:30:36.896003+00:00,point_velocity,Unspecified
05457700,POINT (-92.6738833333333 43.0621944444444),0fd00036-b48a-4662-a47b-020af3675d3f,USGS-05457700,78e99f10-7fe7-8528-e053-0100007f194d,602,2018-10-23T16:56:04+00:00,Charles,1460,ft^3/s,214,ft,555,ft^2,2.63,ft/s,1000.00,ft,Firm,Cobbles,Uneven,Uneven,Standard,Pulsating,BridgeDownstreamSide,2026-07-09T20:30:36.896003+00:00,adcp,Upstream
05457700,POINT (-92.6738833333333 43.0621944444444),10221419-7485-4d0b-ace1-d6cdae81c1a3,USGS-05457700,4e651b14-8e4e-a439-e053-0100007f26a2,214,1971-12-01T21:00:00+00:00,Imported Channel 1,264,ft^3/s,164,ft,215,ft^2,1.23,ft/s,,,Unspecified,Unspecified,Unspecified,Unspecified,Unspecified,Unknown,Wading,2026-07-09T20:30:36.896003+00:00,point_velocity,Unspecified
05457700,POINT (-92.6738833333333 43.0621944444444),1031963e-fb1a-4da3-85a9-ffd901dc7317,USGS-05457700,4e6535e8-3e77-b0e0-e053-0100007ff514,523,2010-10-18T21:48:00+00:00,Imported Channel 1,603,ft^3/s,180,ft,284,ft^2,2.12,ft/s,75.00,ft,Firm,CobblesBoulders,Even,Even,Unspecified,Unknown,Wading,2026-07-09T20:30:36.896003+00:00,point_velocity,Upstream
05457700,POINT (-92.6738833333333 43.0621944444444),10fac876-efe1-4e0c-87e2-b17f3834115d,USGS-05457700,4e650c0b-7d72-9b96-e053-0100007fc22b,163,1967-10-17T18:30:00+00:00,Imported Channel 1,163,ft^3/s,164,ft,205,ft^2,0.80,ft/s,,,Unspecified,Unspecified,Unspecified,Unspecified,Unspecified,Unknown,Wading,2026-07-09T20:30:36.896003+00:00,point_velocity,Unspecified
05457700,POINT (-92.6738833333333 43.0621944444444),115fccb0-3ad1-4782-90f5-9eaa051abcc2,USGS-05457700,4e6514e2-488a-a10c-e053-0100007f79e9,11,1946-09-05T13:10:00+00:00,Imported Channel 1,114,ft^3/s,162,ft,134,ft^2,0.83,ft/s,,,Unspecified,Unspecified,Unspecified,Unspecified,Unspecified,Unknown,Wading,2026-07-09T20:30:36.896003+00:00,point_velocity,Unspecified
05457700,POINT (-92.6738833333333 43.0621944444444),1162a9b8-23dd-4271-a030-44bb0d97c287,USGS-05457700,4e650d85-fec9-9d9f-e053-0100007fcf43,364,1988-07-13T12:45:00+00:00,Imported Channel 1,350,ft^3/s,169,ft,247,ft^2,1.42,ft/s,,,Unspecified,Unspecified,Unspecified,Unspecified,Unspecified,Unknown,Wading,2026-07-09T20:30:36.896003+00:00,point_velocity,Unspecified
05457700,POINT (-92.6738833333333 43.0621944444444),11ac9173-52ae-4dc7-bdd6-5e8b6c601557,USGS-05457700,4e652345-8791-a68a-e053-0100007fd9e6,424,1995-02-21T23:00:00+00:00,Imported Channel 1,386,ft^3/s,184,ft,203,ft^2,1.90,ft/s,,,Unspecified,Unspecified,Unspecified,Unspecified,Unspecified,Unknown,Wading,2026-07-09T20:30:36.896003+00:00,point_velocity,Unspecified
05457700,POINT (-92.6738833333333 43.0621944444444),11af3df6-1800-4244-ab82-eae84ea5f79e,USGS-05457700,4e651895-4867-a12f-e053-0100007f85f2,67,1951-02-08T15:15:00+00:00,Imported Channel 1,116,ft^3/s,110,ft,80.6,ft^2,1.44,ft/s,,,Unspecified,Unspecified,Unspecified,Unspecified,Unspecified,Unknown,Wading,2026-07-09T20:30:36.896003+00:00,point_velocity,Unspecified
05457700,POINT (-92.6738833333333 43.0621944444444),11f0aa9a-3c28-405a-ab29-49b34281e831,USGS-05457700,76652cd9-b32a-ad92-e053-0100007f7c6d,601,2018-09-21T15:07:59+00:00,Charles City,11100,ft^3/s,209,ft,2080,ft^2,5.32,ft/s,0.00,ft,Soft,Gravel,Uneven,Uneven,Standard,Pulsating,MannedMovingBoat,2026-07-09T20:30:36.896003+00:00,adcp,AtTheGage
05457700,POINT (-92.6738833333333 43.0621944444444),12364f26-05bd-40f5-8fec-33571609f8ce,USGS-05457700,4e651bf3-dc4c-a4c6-e053-0100007fb598,79,1952-01-16T21:55:00+00:00,Imported Channel 1,330,ft^3/s,172,ft,168,ft^2,1.96,ft/s,,,Unspecified,Unspecified,Unspecified,Unspecified,Unspecified,Unknown,Wading,2026-07-09T20:30:36.896003+00:00,point_velocity,Unspecified
05457700,POINT (-92.6738833333333 43.0621944444444),12c9f7b7-51e9-403e-a05c-a73b8c881b3e,USGS-05457700,4e650e5a-3e1d-9e27-e053-0100007f6cb7,119,1965-03-02T13:00:00+00:00,Imported Channel 1,14700,ft^3/s,216,ft,3190,ft^2,4.61,ft/s,,,Unspecified,Unspecified,Unspecified,Unspecified,Unspecified,Unknown,BridgeCrane,2026-07-09T20:30:36.896003+00:00,point_velocity,Unspecified
05457700,POINT (-92.6738833333333 43.0621944444444),12daadfd-37f5-46cd-9cb2-b1ee22d59d07,USGS-05457700,4e652e3d-45e0-adb6-e053-0100007fb139,578,2016-08-15T21:40:30+00:00,05457700,665,ft^3/s,186,ft,261,ft^2,2.55,ft/s,,,Firm,Gravel,Even,Even,Standard,Unknown,Wading,2026-07-09T20:30:36.896003+00:00,point_velocity,AtTheGage
05457700,POINT (-92.6738833333333 43.0621944444444),13678789-959a-41ed-aeda-6b549c67534d,USGS-05457700,4e653171-159c-af6c-e053-0100007faa03,467,2003-10-23T22:15:00+00:00,Imported Channel 1,193,ft^3/s,167,ft,179,ft^2,1.08,ft/s,,,Unspecified,Unspecified,Unspecified,Unspecified,Unspecified,Unknown,Wading,2026-07-09T20:30:36.896003+00:00,point_velocity,Unspecified
05457700,POINT (-92.6738833333333 43.0621944444444),1385ec8b-fd52-4bfa-9e11-6ac9b11639b9,USGS-05457700,4e6531a7-d4a8-af8e-e053-0100007fe008,390,1991-04-24T13:10:00+00:00,Imported Channel 1,1590,ft^3/s,190,ft,584,ft^2,2.72,ft/s,,,Unspecified,Unspecified,Unspecified,Unspecified,Unspecified,Unknown,BridgeCrane,2026-07-09T20:30:36.896003+00:00,point_velocity,Unspecified
05457700,POINT (-92.6738833333333 43.0621944444444),1463efb9-a7a1-4d0a-a40b-c6402de67d35,USGS-05457700,4e6538e6-be84-b2f9-e053-0100007f468b,533,2011-10-11T15:19:30+00:00,Imported Channel 1,246,ft^3/s,182,ft,154,ft^2,1.60,ft/s,,,Unspecified,Gravel,Unspecified,Unspecified,Unspecified,Unknown,Wading,2026-07-09T20:30:36.896003+00:00,point_velocity,AtTheGage
05457700,POINT (-92.6738833333333 43.0621944444444),1490475d-f34c-4e2d-acb6-1eb8c91ad9ad,USGS-05457700,4e6513d9-a2f1-a094-e053-0100007fb89e,10,1946-07-30T23:00:00+00:00,Imported Channel 1,184,ft^3/s,171,ft,146,ft^2,1.26,ft/s,,,Unspecified,Unspecified,Unspecified,Unspecified,Unspecified,Unknown,Wading,2026-07-09T20:30:36.896003+00:00,point_velocity,Unspecified
05457700,POINT (-92.6738833333333 43.0621944444444),15959d84-0ee1-4c05-a95d-fb43146672b4,USGS-05457700,4e651be5-3012-a45e-e053-0100007f1b42,56,1950-04-15T19:00:00+00:00,Imported Channel 1,344,ft^3/s,181,ft,497,ft^2,0.69,ft/s,,,Unspecified,Unspecified,Unspecified,Unspecified,Unspecified,Unknown,BridgeCrane,2026-07-09T20:30:36.896003+00:00,point_velocity,Unspecified
05457700,POINT (-92.6738833333333 43.0621944444444),15d3b985-a890-46b9-8180-2a11b8344823,USGS-05457700,4e6538b6-1e88-b2f5-e053-0100007f3c28,532,2011-09-12T16:07:00+00:00,Imported Channel 1,309,ft^3/s,183,ft,182,ft^2,1.70,ft/s,,,Firm,Gravel,Even,Even,Uniform,Unknown,Wading,2026-07-09T20:30:36.896003+00:00,point_velocity,AtTheGage
05457700,POINT (-92.6738833333333 43.0621944444444),16b8a365-2511-46a9-896e-b80dfee9ea22,USGS-05457700,4e653c43-8c24-b538-e053-0100007f525c,586,2017-04-18T16:03:05+00:00,Charles,2090,ft^3/s,210,ft,646,ft^2,3.23,ft/s,500.00,ft,Firm,Gravel,Uneven,Uneven,Standard,Unknown,BridgeDownstreamSide,2026-07-09T20:30:36.896003+00:00,adcp,Upstream
05457700,POINT (-92.6738833333333 43.0621944444444),16c3c1a1-ee3a-4bf7-88b1-1de81348d31e,USGS-05457700,4e652561-3d43-a92a-e053-0100007f3deb,180,1969-01-21T15:00:00+00:00,Imported Channel 1,253,ft^3/s,180,ft,173,ft^2,1.46,ft/s,,,Unspecified,Unspecified,Unspecified,Unspecified,Unspecified,Unknown,Wading,2026-07-09T20:30:36.896003+00:00,point_velocity,Unspecified
05457700,POINT (-92.6738833333333 43.0621944444444),1716f2f3-0ed1-418c-9cb4-9862506cede1,USGS-05457700,4e6509e0-85d1-9b44-e053-0100007f617a,216,1972-02-24T20:00:00+00:00,Imported Channel 1,187,ft^3/s,158,ft,194,ft^2,0.96,ft/s,,,Unspecified,Unspecified,Unspecified,Unspecified,Unspecified,Unknown,Ice,2026-07-09T20:30:36.896003+00:00,point_velocity,Unspecified
05457700,POINT (-92.6738833333333 43.0621944444444),18227e3c-5d35-42fb-8667-5437dbf634ba,USGS-05457700,4e65230c-cb7b-a865-e053-0100007f9a3b,142,1966-03-30T14:25:00+00:00,Imported Channel 1,1180,ft^3/s,166,ft,445,ft^2,2.65,ft/s,,,Unspecified,Unspecified,Unspecified,Unspecified,Unspecified,Unknown,Wading,2026-07-09T20:30:36.896003+00:00,point_velocity,Unspecified
05457700,POINT (-92.6738833333333 43.0621944444444),187de449-fb47-41ec-9df0-bdac571d31bf,USGS-05457700,4e652e54-6844-ad44-e053-0100007fd19f,396,1991-11-13T13:45:00+00:00,Imported Channel 1,565,ft^3/s,173,ft,301,ft^2,1.90,ft/s,,,Unspecified,Unspecified,Unspecified,Unspecified,Unspecified,Unknown,Wading,2026-07-09T20:30:36.896003+00:00,point_velocity,Unspecified
05457700,POINT (-92.6738833333333 43.0621944444444),189d7e34-9250-48f6-9417-50f20c66f6ec,USGS-05457700,4e653d09-bc94-b573-e053-0100007f618f,545,2013-02-19T17:10:00+00:00,Cedar river @ Charles City,187,ft^3/s,152,ft,232,ft^2,0.81,ft/s,,,Firm,CobblesBoulders,Even,Even,Uniform,Unknown,Wading,2026-07-09T20:30:36.896003+00:00,point_velocity,Unspecified
05457700,POINT (-92.6738833333333 43.0621944444444),195880c4-a38d-4ad9-b2fc-10e0af2168f2,USGS-05457700,202a4310-1a3d-4219-bc04-20fb207a0701,614,2020-03-10T17:10:19+00:00,"Right Channel, neg flow",0.00,ft^3/s,108,ft,157,ft^2,-0.37,ft/s,,ft,Unspecified,Unspecified,Unspecified,Unspecified,Unspecified,Unspecified,BridgeDownstreamSide,2026-07-09T20:30:36.896003+00:00,adcp,Unspecified
05457700,POINT (-92.6738833333333 43.0621944444444),196bc014-3380-462c-a630-06be78eaaa35,USGS-05457700,4e653cec-e46e-b586-e053-0100007fdd6e,517,2010-03-17T18:25:00+00:00,Imported Channel 1,8280,ft^3/s,207,ft,1380,ft^2,6.01,ft/s,2640.00,ft,Firm,Sand,Even,Even,Unspecified,Unknown,BridgeDownstreamSide,2026-07-09T20:30:36.896003+00:00,adcp,Upstream
05457700,POINT (-92.6738833333333 43.0621944444444),1999f35c-a6b6-457a-af2a-93794c40accf,USGS-05457700,4e650bbd-aa03-9c46-e053-0100007fbd8b,39,1948-09-14T19:15:00+00:00,Imported Channel 1,96.9,ft^3/s,135,ft,60.6,ft^2,1.60,ft/s,,,Unspecified,Unspecified,Unspecified,Unspecified,Unspecified,Unknown,Wading,2026-07-09T20:30:36.896003+00:00,point_velocity,Unspecified
05457700,POINT (-92.6738833333333 43.0621944444444),19ed2935-53f3-4dca-b136-8547fadf5fba,USGS-05457700,4e652056-4936-a6fe-e053-0100007f2f23,261,1976-12-28T14:45:00+00:00,Imported Channel 1,119,ft^3/s,141,ft,116,ft^2,1.03,ft/s,,,Unspecified,Unspecified,Unspecified,Unspecified,Unspecified,Unknown,Wading,2026-07-09T20:30:36.896003+00:00,point_velocity,Unspecified
05457700,POINT (-92.6738833333333 43.0621944444444),1a81c77e-20ee-4418-a732-d2449ec99514,USGS-05457700,4e652af6-1164-abea-e053-0100007fbfb2,519,2010-06-08T19:00:00+00:00,Imported Channel 1,849,ft^3/s,190,ft,326,ft^2,2.61,ft/s,,,Firm,Gravel,Even,Even,Unspecified,Unknown,Wading,2026-07-09T20:30:36.896003+00:00,point_velocity,AtTheGage
05457700,POINT (-92.6738833333333 43.0621944444444),1ab64d19-fccb-4718-9c1a-6a4fc1b8aa78,USGS-05457700,5c1dadc6-539a-48a8-ae63-6f7c62490a90,617,2020-10-14T18:31:30+00:00,Main,257,ft^3/s,160,ft,153,ft^2,1.68,ft/s,25.00,ft,Firm,CobblesBoulders,Uneven,Uneven,NonStandard,Pulsating,Wading,2026-07-09T20:30:36.896003+00:00,point_velocity,Upstream
05457700,POINT (-92.6738833333333 43.0621944444444),1b922424-87f3-4d75-b7fe-104e69e4dbf2,USGS-05457700,4e651827-b3eb-a2b6-e053-0100007f4a0b,83,1952-06-03T19:10:00+00:00,Imported Channel 1,178,ft^3/s,149,ft,113,ft^2,1.57,ft/s,,,Unspecified,Unspecified,Unspecified,Unspecified,Unspecified,Unknown,Wading,2026-07-09T20:30:36.896003+00:00,point_velocity,Unspecified
05457700,POINT (-92.6738833333333 43.0621944444444),1bb2ea3b-68f3-42ab-ad71-a15aa90b40d8,USGS-05457700,4e65203e-6aea-a6f0-e053-0100007fc347,188,1969-06-30T20:30:00+00:00,Imported Channel 1,15600,ft^3/s,,,,,,,,ft,Unspecified,Unspecified,Unspecified,Unspecified,Unspecified,Unknown,Unspecified,2026-07-09T20:30:36.896003+00:00,other_method,Unspecified
05457700,POINT (-92.6738833333333 43.0621944444444),1ce7eee4-524d-44bf-8442-d79fee43ae3e,USGS-05457700,4e651b29-8e4a-a435-e053-0100007f6420,123,1965-04-05T15:45:00+00:00,Imported Channel 1,11900,ft^3/s,240,ft,3400,ft^2,3.50,ft/s,,,Unspecified,Unspecified,Unspecified,Unspecified,Unspecified,Unknown,BridgeCrane,2026-07-09T20:30:36.896003+00:00,point_velocity,Unspecified
05457700,POINT (-92.6738833333333 43.0621944444444),1d31d1ac-fd00-494e-abca-4bebb3f56137,USGS-05457700,4e651b73-0197-a462-e053-0100007f3c56,368,1989-01-13T13:45:00+00:00,Imported Channel 1,118,ft^3/s,155,ft,149,ft^2,0.79,ft/s,,,Unspecified,Unspecified,Unspecified,Unspecified,Unspecified,Unknown,Wading,2026-07-09T20:30:36.896003+00:00,point_velocity,Unspecified
05457700,POINT (-92.6738833333333 43.0621944444444),1e2a2d54-7fb4-4e6a-b6a1-c486f61cce70,USGS-05457700,4e653d11-655e-b582-e053-0100007fde8e,543,2012-11-08T17:18:00+00:00,Imported Channel 1,167,ft^3/s,158,ft,148,ft^2,1.13,ft/s,60.00,ft,Firm,Gravel,Even,Even,Uniform,Unknown,Wading,2026-07-09T20:30:36.896003+00:00,point_velocity,Upstream
05457700,POINT (-92.6738833333333 43.0621944444444),1e74ac89-e200-4652-96f7-0839c4044e29,USGS-05457700,4e6510ca-33a8-9dad-e053-0100007f8b9c,211,1971-07-28T19:18:00+00:00,Imported Channel 1,284,ft^3/s,162,ft,215,ft^2,1.32,ft/s,,,Unspecified,Unspecified,Unspecified,Unspecified,Unspecified,Unknown,Wading,2026-07-09T20:30:36.896003+00:00,point_velocity,Unspecified
05457700,POINT (-92.6738833333333 43.0621944444444),1ea2fa39-900d-414f-a8f3-e08ee2fbda19,USGS-05457700,4e652aea-689c-ac38-e053-0100007f1103,522,2010-10-06T18:41:00+00:00,Imported Channel 1,1080,ft^3/s,182,ft,420,ft^2,2.56,ft/s,75.00,ft,Firm,Gravel,Even,Even,Unspecified,Unknown,Wading,2026-07-09T20:30:36.896003+00:00,point_velocity,Upstream
05457700,POINT (-92.6738833333333 43.0621944444444),1eafd423-fb49-4364-9620-5059a385741a,USGS-05457700,4e650e72-c2f4-9e31-e053-0100007f3334,219,1972-06-27T19:50:00+00:00,Imported Channel 1,222,ft^3/s,162,ft,192,ft^2,1.16,ft/s,,,Unspecified,Unspecified,Unspecified,Unspecified,Unspecified,Unknown,Wading,2026-07-09T20:30:36.896003+00:00,point_velocity,Unspecified
05457700,POINT (-92.6738833333333 43.0621944444444),1ec0b443-7278-4631-ada7-2ab56bf62d3e,USGS-05457700,4e651cee-ca47-a2f0-e053-0100007fe99e,280,1978-07-19T10:55:00+00:00,Imported Channel 1,10600,ft^3/s,222,ft,2350,ft^2,4.51,ft/s,,,Unspecified,Unspecified,Unspecified,Unspecified,Unspecified,Unknown,BridgeCrane,2026-07-09T20:30:36.896003+00:00,point_velocity,Unspecified
05457700,POINT (-92.6738833333333 43.0621944444444),1ec35edf-b468-42ca-a596-ccfed9a5dfbc,USGS-05457700,4e652056-494b-a6fe-e053-0100007f2f23,373,1989-07-28T15:30:00+00:00,Imported Channel 1,134,ft^3/s,159,ft,152,ft^2,0.88,ft/s,,,Unspecified,Unspecified,Unspecified,Unspecified,Unspecified,Unknown,Wading,2026-07-09T20:30:36.896003+00:00,point_velocity,Unspecified
05457700,POINT (-92.6738833333333 43.0621944444444),1f776b5b-8c69-4db1-9d97-728503680729,USGS-05457700,4e65325c-cd7e-ad4e-e053-0100007f1c8e,478,2004-12-15T14:15:00+00:00,Imported Channel 1,330,ft^3/s,171,ft,234,ft^2,1.41,ft/s,,,Unspecified,Unspecified,Unspecified,Unspecified,Unspecified,Unknown,Wading,2026-07-09T20:30:36.896003+00:00,point_velocity,Unspecified
05457700,POINT (-92.6738833333333 43.0621944444444),1f9a7b8c-4bfc-4d5b-89fa-0dc10ab076b8,USGS-05457700,4e651f6e-e91a-a664-e053-0100007fad64,265,1977-04-20T13:30:00+00:00,Imported Channel 1,214,ft^3/s,162,ft,190,ft^2,1.13,ft/s,,,Unspecified,Unspecified,Unspecified,Unspecified,Unspecified,Unknown,Wading,2026-07-09T20:30:36.896003+00:00,point_velocity,Unspecified
05457700,POINT (-92.6738833333333 43.0621944444444),1fac9d2e-4c46-4321-807b-a20f75a1e6ff,USGS-05457700,4e651f60-e3ae-a66a-e053-0100007f6871,270,1977-09-20T12:50:00+00:00,Imported Channel 1,183,ft^3/s,160,ft,173,ft^2,1.06,ft/s,,,Unspecified,Unspecified,Unspecified,Unspecified,Unspecified,Unknown,Wading,2026-07-09T20:30:36.896003+00:00,point_velocity,Unspecified
05457700,POINT (-92.6738833333333 43.0621944444444),1fc9a76c-02bf-44bc-a0aa-0fe97290b111,USGS-05457700,4e651c31-2229-a484-e053-0100007f7138,281,1978-08-17T12:20:00+00:00,Imported Channel 1,381,ft^3/s,162,ft,250,ft^2,1.52,ft/s,,,Unspecified,Unspecified,Unspecified,Unspecified,Unspecified,Unknown,Wading,2026-07-09T20:30:36.896003+00:00,point_velocity,Unspecified
05457700,POINT (-92.6738833333333 43.0621944444444),1ffa8596-44f7-42a2-94df-4e9c09e798cb,USGS-05457700,4e653b7e-fd3f-b486-e053-0100007f6d12,561,2014-08-19T18:53:00+00:00,Charles City,429,ft^3/s,186,ft,197,ft^2,2.17,ft/s,25.00,ft,Firm,Gravel,Even,Even,Uniform,Unknown,Wading,2026-07-09T20:30:36.896003+00:00,point_velocity,Upstream
05457700,POINT (-92.6738833333333 43.0621944444444),20c1d076-0603-4064-8fc2-aaf273855566,USGS-05457700,4e651f65-8011-a68c-e053-0100007fd471,149,1966-10-05T14:15:00+00:00,Imported Channel 1,173,ft^3/s,164,ft,183,ft^2,0.94,ft/s,,,Unspecified,Unspecified,Unspecified,Unspecified,Unspecified,Unknown,Wading,2026-07-09T20:30:36.896003+00:00,point_velocity,Unspecified
05457700,POINT (-92.6738833333333 43.0621944444444),20e8476b-ca7e-40a1-ad71-cd40486d3ea2,USGS-05457700,4e651895-4880-a12f-e053-0100007f85f2,186,1969-06-18T15:20:00+00:00,Imported Channel 1,560,ft^3/s,169,ft,264,ft^2,2.12,ft/s,,,Unspecified,Unspecified,Unspecified,Unspecified,Unspecified,Unknown,Wading,2026-07-09T20:30:36.896003+00:00,point_velocity,Unspecified
05457700,POINT (-92.6738833333333 43.0621944444444),20ed2736-7268-4371-8289-cd518bc74a06,USGS-05457700,4e652289-77af-a811-e053-0100007f9a27,490,2006-06-20T13:32:00+00:00,Imported Channel 1,868,ft^3/s,167,ft,400,ft^2,2.17,ft/s,,,Unspecified,Unspecified,Unspecified,Unspecified,Unspecified,Unknown,Wading,2026-07-09T20:30:36.896003+00:00,point_velocity,Unspecified
05457700,POINT (-92.6738833333333 43.0621944444444),21285339-7494-4af7-a66b-ae7539ba2a4e,USGS-05457700,4e650ab3-7824-9bda-e053-0100007f33a9,403,1992-08-10T22:50:00+00:00,Imported Channel 1,506,ft^3/s,172,ft,285,ft^2,1.78,ft/s,,,Unspecified,Unspecified,Unspecified,Unspecified,Unspecified,Unknown,Wading,2026-07-09T20:30:36.896003+00:00,point_velocity,Unspecified
05457700,POINT (-92.6738833333333 43.0621944444444),21ee07b0-c6c8-448e-9ab5-741b2e37cacd,USGS-05457700,4e651895-4883-a12f-e053-0100007f85f2,191,1969-09-15T22:10:00+00:00,Imported Channel 1,227,ft^3/s,66.0,ft,198,ft^2,1.15,ft/s,,,Unspecified,Unspecified,Unspecified,Unspecified,Unspecified,Unknown,Wading,2026-07-09T20:30:36.896003+00:00,point_velocity,Unspecified
05457700,POINT (-92.6738833333333 43.0621944444444),2265c6c9-3992-43e0-b312-e99292c9fb9a,USGS-05457700,4e651b73-01ae-a462-e053-0100007f3c56,464,2003-06-23T22:10:00+00:00,Imported Channel 1,538,ft^3/s,175,ft,285,ft^2,1.89,ft/s,,,Unspecified,Unspecified,Unspecified,Unspecified,Unspecified,Unknown,Wading,2026-07-09T20:30:36.896003+00:00,point_velocity,Unspecified
05457700,POINT (-92.6738833333333 43.0621944444444),2280201c-2f96-44af-8229-6fd743598954,USGS-05457700,4e6526b2-93a5-a855-e053-0100007f9bf8,495,2007-03-19T20:55:00+00:00,Imported Channel 1,4130,ft^3/s,203,ft,1100,ft^2,3.75,ft/s,,ft,Unspecified,Unspecified,Unspecified,Unspecified,Unspecified,Unknown,Unspecified,2026-07-09T20:30:36.896003+00:00,adcp,Unspecified
05457700,POINT (-92.6738833333333 43.0621944444444),22e44b70-f177-4b75-a404-66c6d1580170,USGS-05457700,93115f4a-8182-42a6-97ae-ae3a76994364,625,2021-12-07T16:01:36+00:00,Main,262,ft^3/s,176,ft,127,ft^2,2.07,ft/s,100.00,ft,Firm,Cobbles,Even,Even,NonStandard,Pulsating,Wading,2026-07-09T20:30:36.896003+00:00,point_velocity,Downstream
05457700,POINT (-92.6738833333333 43.0621944444444),2307a4ef-9694-417c-bd12-26ac7176bf5d,USGS-05457700,4e651b5f-d7e3-a460-e053-0100007f272c,55,1950-03-28T13:10:00+00:00,Imported Channel 1,14500,ft^3/s,277,ft,3680,ft^2,3.94,ft/s,,,Unspecified,Unspecified,Unspecified,Unspecified,Unspecified,Unknown,BridgeCrane,2026-07-09T20:30:36.896003+00:00,point_velocity,Unspecified
05457700,POINT (-92.6738833333333 43.0621944444444),23370a0b-1faf-4b85-9520-bffd3f32d176,USGS-05457700,4e652561-3d4f-a92a-e053-0100007f3deb,239,1974-10-16T19:25:00+00:00,Imported Channel 1,243,ft^3/s,165,ft,211,ft^2,1.15,ft/s,,,Unspecified,Unspecified,Unspecified,Unspecified,Unspecified,Unknown,Wading,2026-07-09T20:30:36.896003+00:00,point_velocity,Unspecified
05457700,POINT (-92.6738833333333 43.0621944444444),233c19d5-c620-4149-91bb-2a667fcbc72d,USGS-05457700,7bc2c5b8-73db-48e0-b784-313bb7c12653,652,2025-11-20T19:21:10+00:00,Main,415,ft^3/s,187,ft,203,ft^2,2.04,ft/s,25.00,ft,Soft,Cobbles,Uneven,Uneven,Standard,Pulsating,Wading,2026-07-09T20:30:36.896003+00:00,point_velocity,Upstream
05457700,POINT (-92.6738833333333 43.0621944444444),236a36fb-b25f-4d91-8027-c193f6e2e71a,USGS-05457700,4e6517f6-076e-a2b2-e053-0100007f33dc,247,1975-06-25T12:45:00+00:00,Imported Channel 1,1280,ft^3/s,173,ft,462,ft^2,2.77,ft/s,,,Unspecified,Unspecified,Unspecified,Unspecified,Unspecified,Unknown,Wading,2026-07-09T20:30:36.896003+00:00,point_velocity,Unspecified
05457700,POINT (-92.6738833333333 43.0621944444444),23bbd16b-8881-4d87-9a56-b8868bbc9b47,USGS-05457700,4e6510ca-33b4-9dad-e053-0100007f8b9c,295,1980-02-05T20:35:00+00:00,Imported Channel 1,255,ft^3/s,174,ft,148,ft^2,1.72,ft/s,,,Unspecified,Unspecified,Unspecified,Unspecified,Unspecified,Unknown,Wading,2026-07-09T20:30:36.896003+00:00,point_velocity,Unspecified
05457700,POINT (-92.6738833333333 43.0621944444444),23cc922e-29b1-4a2f-ad59-403453ea3c92,USGS-05457700,4e6531a7-d4a9-af8e-e053-0100007fe008,393,1991-07-11T12:15:00+00:00,Imported Channel 1,420,ft^3/s,170,ft,261,ft^2,1.61,ft/s,,,Unspecified,Unspecified,Unspecified,Unspecified,Unspecified,Unknown,Wading,2026-07-09T20:30:36.896003+00:00,point_velocity,Unspecified
05457700,POINT (-92.6738833333333 43.0621944444444),2446e1c9-8120-4fd2-9d95-220c0528b33b,USGS-05457700,4e6514e2-488f-a10c-e053-0100007f79e9,144,1966-05-26T13:10:00+00:00,Imported Channel 1,558,ft^3/s,162,ft,299,ft^2,1.87,ft/s,,,Unspecified,Unspecified,Unspecified,Unspecified,Unspecified,Unknown,Wading,2026-07-09T20:30:36.896003+00:00,point_velocity,Unspecified
05457700,POINT (-92.6738833333333 43.0621944444444),24c6becb-90f2-423a-8bea-b2ce2a1d4fed,USGS-05457700,4e650c07-a0f3-9bd6-e053-0100007fee83,155,1967-03-28T13:30:00+00:00,Imported Channel 1,4460,ft^3/s,249,ft,1620,ft^2,2.75,ft/s,,,Unspecified,Unspecified,Unspecified,Unspecified,Unspecified,Unknown,Cableway,2026-07-09T20:30:36.896003+00:00,point_velocity,Unspecified
05457700,POINT (-92.6738833333333 43.0621944444444),25612515-e4ee-4ba4-a303-ebfcf8352aea,USGS-05457700,4e65180f-8026-a2b0-e053-0100007ffb32,15,1946-10-22T21:15:00+00:00,Imported Channel 1,384,ft^3/s,162,ft,292,ft^2,1.32,ft/s,,,Unspecified,Unspecified,Unspecified,Unspecified,Unspecified,Unknown,Wading,2026-07-09T20:30:36.896003+00:00,point_velocity,Unspecified
05457700,POINT (-92.6738833333333 43.0621944444444),26664c90-8944-461b-b1c8-5ce697d5ef16,USGS-05457700,4e6513d9-a2f0-a094-e053-0100007fb89e,7,1946-04-24T21:45:00+00:00,Imported Channel 1,309,ft^3/s,166,ft,183,ft^2,1.69,ft/s,,,Unspecified,Unspecified,Unspecified,Unspecified,Unspecified,Unknown,Wading,2026-07-09T20:30:36.896003+00:00,point_velocity,Unspecified
05457700,POINT (-92.6738833333333 43.0621944444444),26e0ccbf-aec4-422a-9e36-48cdf4a7b183,USGS-05457700,4e652033-f10f-a6f2-e053-0100007ffb12,58,1950-06-09T18:17:00+00:00,Imported Channel 1,253,ft^3/s,168,ft,162,ft^2,1.56,ft/s,,,Unspecified,Unspecified,Unspecified,Unspecified,Unspecified,Unknown,Wading,2026-07-09T20:30:36.896003+00:00,point_velocity,Unspecified
05457700,POINT (-92.6738833333333 43.0621944444444),26f521b4-a25f-4d15-a8aa-8f31300e10b2,USGS-05457700,4e650c0b-7d70-9b96-e053-0100007fc22b,161,1967-08-15T18:30:00+00:00,Imported Channel 1,177,ft^3/s,161,ft,181,ft^2,0.98,ft/s,,,Unspecified,Unspecified,Unspecified,Unspecified,Unspecified,Unknown,Wading,2026-07-09T20:30:36.896003+00:00,point_velocity,Unspecified
05457700,POINT (-92.6738833333333 43.0621944444444),270480f1-6485-43f5-ba1e-04b60f189c42,USGS-05457700,4e652289-77a3-a811-e053-0100007f9a27,398,1992-02-12T14:30:00+00:00,Imported Channel 1,464,ft^3/s,170,ft,292,ft^2,1.59,ft/s,,,Unspecified,Unspecified,Unspecified,Unspecified,Unspecified,Unknown,Wading,2026-07-09T20:30:36.896003+00:00,point_velocity,Unspecified
05457700,POINT (-92.6738833333333 43.0621944444444),271aa087-ddba-4bd2-9383-8a91017ad6de,USGS-05457700,4e653b1a-8f90-b3b5-e053-0100007f05e7,482,2005-06-01T20:29:00+00:00,Imported Channel 1,856,ft^3/s,170,ft,350,ft^2,2.44,ft/s,,,Unspecified,Unspecified,Unspecified,Unspecified,Unspecified,Unknown,Wading,2026-07-09T20:30:36.896003+00:00,point_velocity,Unspecified
05457700,POINT (-92.6738833333333 43.0621944444444),273c70ee-1c67-4273-b4fd-4f896b52593c,USGS-05457700,4e65203e-6b1e-a6f0-e053-0100007fc347,358,1987-11-02T22:05:00+00:00,Imported Channel 1,199,ft^3/s,160,ft,188,ft^2,1.06,ft/s,,,Unspecified,Unspecified,Unspecified,Unspecified,Unspecified,Unknown,Wading,2026-07-09T20:30:36.896003+00:00,point_velocity,Unspecified
05457700,POINT (-92.6738833333333 43.0621944444444),280ebddd-1778-4313-b36f-9801a1461be1,USGS-05457700,4e65347d-64c7-b0dc-e053-0100007f9636,460,2003-01-23T20:05:00+00:00,Imported Channel 1,162,ft^3/s,156,ft,153,ft^2,1.06,ft/s,,,Unspecified,Unspecified,Unspecified,Unspecified,Unspecified,Unknown,Wading,2026-07-09T20:30:36.896003+00:00,point_velocity,Unspecified
05457700,POINT (-92.6738833333333 43.0621944444444),281bf634-f38c-4394-a595-d2e0159f1d8d,USGS-05457700,45186f30-aa2c-4108-aba2-89ad6215b158,623,2021-08-13T18:40:30+00:00,Main,252,ft^3/s,179,ft,139,ft^2,1.81,ft/s,25.00,ft,Firm,Cobbles,Uneven,Uneven,NonStandard,Pulsating,Wading,2026-07-09T20:30:36.896003+00:00,point_velocity,Downstream
05457700,POINT (-92.6738833333333 43.0621944444444),28f9d7a4-5ebf-49e2-8511-804fa9d7448d,USGS-05457700,4e6526c4-1855-aa38-e053-0100007f4745,291,1979-08-23T14:55:00+00:00,Imported Channel 1,6100,ft^3/s,230,ft,1620,ft^2,3.76,ft/s,,,Unspecified,Unspecified,Unspecified,Unspecified,Unspecified,Unknown,BridgeCrane,2026-07-09T20:30:36.896003+00:00,point_velocity,Unspecified
05457700,POINT (-92.6738833333333 43.0621944444444),290662b9-eea8-45c5-8b7c-8e992a8f409b,USGS-05457700,4e6535d7-aab1-b13a-e053-0100007f25bb,504,2008-06-10T16:52:00+00:00,Imported Channel 1,19000,ft^3/s,315,ft,4270,ft^2,4.44,ft/s,,ft,Unspecified,Unspecified,Unspecified,Unspecified,Unspecified,Unknown,Unspecified,2026-07-09T20:30:36.896003+00:00,adcp,Unspecified
05457700,POINT (-92.6738833333333 43.0621944444444),290912db-4dec-421c-9b44-894a609ff36c,USGS-05457700,4e65205c-7900-a6f4-e053-0100007f39d2,102,1953-11-03T18:45:00+00:00,Imported Channel 1,169,ft^3/s,166,ft,164,ft^2,1.03,ft/s,,,Unspecified,Unspecified,Unspecified,Unspecified,Unspecified,Unknown,Wading,2026-07-09T20:30:36.896003+00:00,point_velocity,Unspecified
05457700,POINT (-92.6738833333333 43.0621944444444),29313069-927a-4d85-a0fc-477b38b7b76e,USGS-05457700,26e32cdf-d13b-4b3a-9bb8-6a8c1cd69a74,649,2025-06-27T17:04:43+00:00,Main,4330,ft^3/s,223,ft,1150,ft^2,3.77,ft/s,855.00,ft,Soft,Cobbles,Uneven,Uneven,Standard,Pulsating,BridgeDownstreamSide,2026-07-09T20:30:36.896003+00:00,adcp,Upstream
05457700,POINT (-92.6738833333333 43.0621944444444),293e64d9-6f82-456c-979e-bd9cf246f22a,USGS-05457700,4e6538bd-a71a-b2d1-e053-0100007ff5e9,512,2009-07-28T13:00:00+00:00,Imported Channel 1,315,ft^3/s,174,ft,215,ft^2,1.47,ft/s,60.00,ft,Firm,Gravel,Even,Even,Unspecified,Unknown,Wading,2026-07-09T20:30:36.896003+00:00,point_velocity,Upstream
05457700,POINT (-92.6738833333333 43.0621944444444),2a3d6ec7-5805-4941-a2ba-8b40e2719e88,USGS-05457700,4e652148-3a09-a748-e053-0100007f5b88,259,1976-10-05T12:40:00+00:00,Imported Channel 1,120,ft^3/s,161,ft,230,ft^2,0.52,ft/s,,,Unspecified,Unspecified,Unspecified,Unspecified,Unspecified,Unknown,Wading,2026-07-09T20:30:36.896003+00:00,point_velocity,Unspecified
05457700,POINT (-92.6738833333333 43.0621944444444),2b3e45cf-94c2-4e06-b0a0-1e9516832f45,USGS-05457700,4e652d88-f818-ad4c-e053-0100007fe3f6,488,2006-04-04T20:51:00+00:00,Imported Channel 1,7330,ft^3/s,220,ft,1800,ft^2,4.08,ft/s,,ft,Unspecified,Unspecified,Unspecified,Unspecified,Unspecified,Unknown,Unspecified,2026-07-09T20:30:36.896003+00:00,adcp,Unspecified
05457700,POINT (-92.6738833333333 43.0621944444444),2b56941d-f677-401c-b075-ea9ee399e61f,USGS-05457700,4e650bc8-fd77-9c4a-e053-0100007f111d,35,1948-06-08T21:00:00+00:00,Imported Channel 1,144,ft^3/s,150,ft,90.8,ft^2,1.59,ft/s,,,Unspecified,Unspecified,Unspecified,Unspecified,Unspecified,Unknown,Wading,2026-07-09T20:30:36.896003+00:00,point_velocity,Unspecified
05457700,POINT (-92.6738833333333 43.0621944444444),2b62c4f1-0931-49f8-a820-b2e2f7f1acac,USGS-05457700,4e650ab3-7807-9bda-e053-0100007f33a9,51,1950-01-13T14:20:00+00:00,Imported Channel 1,90.4,ft^3/s,149,ft,79.4,ft^2,1.14,ft/s,,,Unspecified,Unspecified,Unspecified,Unspecified,Unspecified,Unknown,Wading,2026-07-09T20:30:36.896003+00:00,point_velocity,Unspecified
05457700,POINT (-92.6738833333333 43.0621944444444),2b80287a-803c-44cf-ab14-30682ae3e60a,USGS-05457700,4e651b5f-d7f2-a460-e053-0100007f272c,274,1978-01-17T20:40:00+00:00,Imported Channel 1,153,ft^3/s,154,ft,197,ft^2,0.78,ft/s,,,Unspecified,Unspecified,Unspecified,Unspecified,Unspecified,Unknown,Ice,2026-07-09T20:30:36.896003+00:00,point_velocity,Unspecified
05457700,POINT (-92.6738833333333 43.0621944444444),2be0249d-d0fa-47fd-acae-46c0c4734b6f,USGS-05457700,4e651b29-8e92-a435-e053-0100007f6420,447,2001-07-17T12:45:00+00:00,Imported Channel 1,441,ft^3/s,183,ft,256,ft^2,1.72,ft/s,,,Unspecified,Unspecified,Unspecified,Unspecified,Unspecified,Unknown,Wading,2026-07-09T20:30:36.896003+00:00,point_velocity,Unspecified
05457700,POINT (-92.6738833333333 43.0621944444444),2c04b786-8115-4150-927a-07272a148242,USGS-05457700,4e651baa-e3ab-a482-e053-0100007f6761,276,1978-03-21T22:15:00+00:00,Imported Channel 1,346,ft^3/s,161,ft,236,ft^2,1.47,ft/s,,,Unspecified,Unspecified,Unspecified,Unspecified,Unspecified,Unknown,Wading,2026-07-09T20:30:36.896003+00:00,point_velocity,Unspecified
05457700,POINT (-92.6738833333333 43.0621944444444),2cf1477f-c37e-4b23-8d6c-e12b53bfa2c0,USGS-05457700,4e6522df-cb10-a857-e053-0100007fc003,342,1985-09-10T05:00:00+00:00,Imported Channel 1,513,ft^3/s,172,ft,288,ft^2,1.78,ft/s,,,Unspecified,Unspecified,Unspecified,Unspecified,Unspecified,Unknown,Wading,2026-07-09T20:30:36.896003+00:00,point_velocity,Unspecified
05457700,POINT (-92.6738833333333 43.0621944444444),2d6abff6-7037-4466-854b-706dc80a47e1,USGS-05457700,4e651b29-8e73-a435-e053-0100007f6420,430,1997-09-25T17:30:00+00:00,Imported Channel 1,324,ft^3/s,164,ft,231,ft^2,1.40,ft/s,,,Unspecified,Unspecified,Unspecified,Unspecified,Unspecified,Unknown,Wading,2026-07-09T20:30:36.896003+00:00,point_velocity,Unspecified
05457700,POINT (-92.6738833333333 43.0621944444444),2e0f7d6a-be54-4603-9648-803f2b67e7ba,USGS-05457700,4e652618-b1b5-a92c-e053-0100007fd67b,199,1970-05-21T20:55:00+00:00,Imported Channel 1,651,ft^3/s,168,ft,307,ft^2,2.12,ft/s,,,Unspecified,Unspecified,Unspecified,Unspecified,Unspecified,Unknown,Wading,2026-07-09T20:30:36.896003+00:00,point_velocity,Unspecified
05457700,POINT (-92.6738833333333 43.0621944444444),2e3564a5-c609-4a8e-b54c-5fd8b11bc05f,USGS-05457700,4e6518c5-5650-a306-e053-0100007f40f9,330,1984-04-18T14:45:00+00:00,Imported Channel 1,1970,ft^3/s,,,,,,,,ft,Unspecified,Unspecified,Unspecified,Unspecified,Unspecified,Unknown,Unspecified,2026-07-09T20:30:36.896003+00:00,other_method,Unspecified
05457700,POINT (-92.6738833333333 43.0621944444444),2e903738-9d28-42ae-828c-0bd2846cccf8,USGS-05457700,4e651ccf-c8e4-a2f4-e053-0100007f6685,120,1965-03-16T18:55:00+00:00,Imported Channel 1,303,ft^3/s,165,ft,390,ft^2,0.78,ft/s,,,Unspecified,Unspecified,Unspecified,Unspecified,Unspecified,Unknown,BridgeCrane,2026-07-09T20:30:36.896003+00:00,point_velocity,Unspecified
05457700,POINT (-92.6738833333333 43.0621944444444),2ebb987d-529f-4906-84fd-ad1670ea797b,USGS-05457700,4e650da8-1936-9da3-e053-0100007f6541,90,1952-12-17T13:40:00+00:00,Imported Channel 1,120,ft^3/s,153,ft,99.1,ft^2,1.21,ft/s,,,Unspecified,Unspecified,Unspecified,Unspecified,Unspecified,Unknown,Wading,2026-07-09T20:30:36.896003+00:00,point_velocity,Unspecified
05457700,POINT (-92.6738833333333 43.0621944444444),2f2853ed-b82e-4061-9d9d-99c5bcf2b96a,USGS-05457700,4e653c58-5794-b4f2-e053-0100007faa4d,553,2013-09-16T15:42:00+00:00,Imported Channel 1,265,ft^3/s,157,ft,175,ft^2,1.51,ft/s,50.00,ft,Firm,Gravel,Even,Even,Uniform,Unknown,Wading,2026-07-09T20:30:36.896003+00:00,point_velocity,Upstream
05457700,POINT (-92.6738833333333 43.0621944444444),2fd9aef1-8c61-4049-af55-9e354a59a215,USGS-05457700,4e651c2c-01af-a2b8-e053-0100007f5540,108,1954-05-05T18:20:00+00:00,Imported Channel 1,1110,ft^3/s,200,ft,714,ft^2,1.55,ft/s,,,Unspecified,Unspecified,Unspecified,Unspecified,Unspecified,Unknown,BridgeCrane,2026-07-09T20:30:36.896003+00:00,point_velocity,Unspecified
05457700,POINT (-92.6738833333333 43.0621944444444),3072cf0b-c3da-48f0-8489-f4be862619c0,USGS-05457700,4e6522d7-d391-a853-e053-0100007f7550,334,1984-10-03T05:00:00+00:00,Imported Channel 1,182,ft^3/s,161,ft,204,ft^2,0.89,ft/s,,,Unspecified,Unspecified,Unspecified,Unspecified,Unspecified,Unknown,Wading,2026-07-09T20:30:36.896003+00:00,point_velocity,Unspecified
05457700,POINT (-92.6738833333333 43.0621944444444),30ddd9d1-2157-4021-ab49-a306a2945721,USGS-05457700,4e651f60-e394-a66a-e053-0100007f6871,50,1949-12-08T14:00:00+00:00,Imported Channel 1,124,ft^3/s,170,ft,101,ft^2,1.22,ft/s,,,Unspecified,Unspecified,Unspecified,Unspecified,Unspecified,Unknown,Wading,2026-07-09T20:30:36.896003+00:00,point_velocity,Unspecified
05457700,POINT (-92.6738833333333 43.0621944444444),3168af71-54dc-40b1-8699-fa4aa9119ba9,USGS-05457700,4e652618-b1cf-a92c-e053-0100007fd67b,386,1990-09-27T12:40:00+00:00,Imported Channel 1,366,ft^3/s,167,ft,243,ft^2,1.51,ft/s,,,Unspecified,Unspecified,Unspecified,Unspecified,Unspecified,Unknown,Wading,2026-07-09T20:30:36.896003+00:00,point_velocity,Unspecified
05457700,POINT (-92.6738833333333 43.0621944444444),316bad22-720d-43a6-bd69-2452454969f2,USGS-05457700,4e652056-4975-a6fe-e053-0100007f2f23,435,1999-05-05T16:20:00+00:00,Imported Channel 1,1200,ft^3/s,176,ft,453,ft^2,2.65,ft/s,,,Unspecified,Unspecified,Unspecified,Unspecified,Unspecified,Unknown,Wading,2026-07-09T20:30:36.896003+00:00,point_velocity,Unspecified
05457700,POINT (-92.6738833333333 43.0621944444444),3188a8ac-72e6-4b21-9dd1-4fd238aa649b,USGS-05457700,4e65135a-4f7b-a098-e053-0100007fb9e0,176,1968-09-17T18:35:00+00:00,Imported Channel 1,337,ft^3/s,164,ft,232,ft^2,1.45,ft/s,,,Unspecified,Unspecified,Unspecified,Unspecified,Unspecified,Unknown,Wading,2026-07-09T20:30:36.896003+00:00,point_velocity,Unspecified
05457700,POINT (-92.6738833333333 43.0621944444444),31acc78c-9a73-472f-ac53-78fea5e63060,USGS-05457700,d600c6cf-83e3-488c-9032-9a11c0423fc7,633,2023-03-14T18:40:37+00:00,Main,843,ft^3/s,81.7,ft,273,ft^2,3.09,ft/s,1500.00,ft,Firm,Cobbles,Even,Even,NonStandard,Pulsating,BridgeDownstreamSide,2026-07-09T20:30:36.896003+00:00,adcp,Upstream
05457700,POINT (-92.6738833333333 43.0621944444444),32037bb3-4bf0-41d3-8a04-aaabf2bf233d,USGS-05457700,4e652033-f115-a6f2-e053-0100007ffb12,91,1953-01-20T22:00:00+00:00,Imported Channel 1,190,ft^3/s,160,ft,133,ft^2,1.43,ft/s,,,Unspecified,Unspecified,Unspecified,Unspecified,Unspecified,Unknown,Wading,2026-07-09T20:30:36.896003+00:00,point_velocity,Unspecified
05457700,POINT (-92.6738833333333 43.0621944444444),32698fe4-7a63-41a3-91da-05c2ec784398,USGS-05457700,4e65108f-9baf-9f72-e053-0100007fbb82,282,1978-10-19T13:00:00+00:00,Imported Channel 1,267,ft^3/s,165,ft,198,ft^2,1.35,ft/s,,,Unspecified,Unspecified,Unspecified,Unspecified,Unspecified,Unknown,Wading,2026-07-09T20:30:36.896003+00:00,point_velocity,Unspecified
05457700,POINT (-92.6738833333333 43.0621944444444),32844ec1-45c4-4b3b-a165-84f38d478e91,USGS-05457700,4e650d85-fe9f-9d9f-e053-0100007fcf43,181,1969-02-19T14:30:00+00:00,Imported Channel 1,230,ft^3/s,165,ft,209,ft^2,1.10,ft/s,,,Unspecified,Unspecified,Unspecified,Unspecified,Unspecified,Unknown,Ice,2026-07-09T20:30:36.896003+00:00,point_velocity,Unspecified
05457700,POINT (-92.6738833333333 43.0621944444444),32be2c07-fbc0-4078-b4ae-5948f5e56397,USGS-05457700,4e650c07-a0ea-9bd6-e053-0100007fee83,48,1949-10-18T16:15:00+00:00,Imported Channel 1,142,ft^3/s,160,ft,207,ft^2,0.69,ft/s,,,Unspecified,Unspecified,Unspecified,Unspecified,Unspecified,Unknown,Wading,2026-07-09T20:30:36.896003+00:00,point_velocity,Unspecified
05457700,POINT (-92.6738833333333 43.0621944444444),32d08ee1-d382-4cd6-b3d4-dc348fb1a80f,USGS-05457700,4e651f4b-d53f-a666-e053-0100007f3d82,406,1993-01-27T16:30:00+00:00,Imported Channel 1,318,ft^3/s,171,ft,230,ft^2,1.38,ft/s,,,Unspecified,Unspecified,Unspecified,Unspecified,Unspecified,Unknown,Wading,2026-07-09T20:30:36.896003+00:00,point_velocity,Unspecified
05457700,POINT (-92.6738833333333 43.0621944444444),3349b18f-87fc-4fe8-83a5-aead75c7285a,USGS-05457700,4e650de7-857f-9dd9-e053-0100007fc9ed,167,1968-02-20T22:55:00+00:00,Imported Channel 1,114,ft^3/s,144,ft,169,ft^2,0.67,ft/s,,,Unspecified,Unspecified,Unspecified,Unspecified,Unspecified,Unknown,Wading,2026-07-09T20:30:36.896003+00:00,point_velocity,Unspecified
05457700,POINT (-92.6738833333333 43.0621944444444),339aaea9-0c04-4dd0-af0c-2e583d489724,USGS-05457700,4e652561-3d4e-a92a-e053-0100007f3deb,238,1974-08-28T13:40:00+00:00,Imported Channel 1,270,ft^3/s,162,ft,220,ft^2,1.23,ft/s,,,Unspecified,Unspecified,Unspecified,Unspecified,Unspecified,Unknown,Wading,2026-07-09T20:30:36.896003+00:00,point_velocity,Unspecified
05457700,POINT (-92.6738833333333 43.0621944444444),34350158-2239-4e5a-8708-37355b6257ca,USGS-05457700,4e6522a4-302f-a809-e053-0100007f51e4,173,1968-07-24T15:15:00+00:00,Imported Channel 1,3070,ft^3/s,208,ft,993,ft^2,3.09,ft/s,,,Unspecified,Unspecified,Unspecified,Unspecified,Unspecified,Unknown,Cableway,2026-07-09T20:30:36.896003+00:00,point_velocity,Unspecified
05457700,POINT (-92.6738833333333 43.0621944444444),34fe020c-39c1-4c37-9ab8-bcfcf38b2f99,USGS-05457700,4e650da8-1938-9da3-e053-0100007f6541,99,1953-08-18T20:15:00+00:00,Imported Channel 1,434,ft^3/s,166,ft,286,ft^2,1.52,ft/s,,,Unspecified,Unspecified,Unspecified,Unspecified,Unspecified,Unknown,Wading,2026-07-09T20:30:36.896003+00:00,point_velocity,Unspecified
05457700,POINT (-92.6738833333333 43.0621944444444),3501adb8-1be8-44ec-9cc8-04c268aaca04,USGS-05457700,4e651495-6c2f-a10e-e053-0100007f0f69,226,1973-04-18T15:20:00+00:00,Imported Channel 1,6340,ft^3/s,230,ft,1740,ft^2,3.64,ft/s,,,Unspecified,Unspecified,Unspecified,Unspecified,Unspecified,Unknown,BridgeCrane,2026-07-09T20:30:36.896003+00:00,point_velocity,Unspecified
05457700,POINT (-92.6738833333333 43.0621944444444),35d91b8a-46fe-4568-9e23-5e2910b27eab,USGS-05457700,6ac04bfa-40d4-468a-e053-0100007f96a4,595,2018-04-25T18:57:34+00:00,Charles City,4110,ft^3/s,216,ft,1130,ft^2,3.64,ft/s,1000.00,ft,Firm,Cobbles,Even,Even,Standard,Pulsating,BridgeDownstreamSide,2026-07-09T20:30:36.896003+00:00,adcp,Upstream
05457700,POINT (-92.6738833333333 43.0621944444444),362ac80e-7ea4-4445-9da4-4e290f68a590,USGS-05457700,4e652360-504d-a80f-e053-0100007f5d36,302,1980-12-17T21:00:00+00:00,Imported Channel 1,354,ft^3/s,165,ft,244,ft^2,1.45,ft/s,,,Unspecified,Unspecified,Unspecified,Unspecified,Unspecified,Unknown,Wading,2026-07-09T20:30:36.896003+00:00,point_velocity,Unspecified
05457700,POINT (-92.6738833333333 43.0621944444444),3704fb3c-75bc-4291-9d48-ed2a9151b5da,USGS-05457700,4e651f60-e39a-a66a-e053-0100007f6871,121,1965-03-25T16:45:00+00:00,Imported Channel 1,181,ft^3/s,162,ft,2060,ft^2,0.89,ft/s,,,Unspecified,Unspecified,Unspecified,Unspecified,Unspecified,Unknown,Ice,2026-07-09T20:30:36.896003+00:00,point_velocity,Unspecified
05457700,POINT (-92.6738833333333 43.0621944444444),370822b8-085d-4d19-b4cf-d51233bca1a0,USGS-05457700,202a4310-1a3d-4219-bc04-20fb207a0701,614,2020-03-10T17:10:19+00:00,Left Channel,1810,ft^3/s,85.6,ft,401,ft^2,4.51,ft/s,,ft,Unspecified,Unspecified,Unspecified,Unspecified,Unspecified,Unspecified,BridgeDownstreamSide,2026-07-09T20:30:36.896003+00:00,adcp,Unspecified
05457700,POINT (-92.6738833333333 43.0621944444444),3731a1ea-b42d-4e4d-af53-743baec29be0,USGS-05457700,4e653b3c-eabd-b3e8-e053-0100007f9120,483,2005-07-05T22:59:00+00:00,Imported Channel 1,1070,ft^3/s,178,ft,418,ft^2,2.57,ft/s,,,Unspecified,Unspecified,Unspecified,Unspecified,Unspecified,Unknown,Wading,2026-07-09T20:30:36.896003+00:00,point_velocity,Unspecified
05457700,POINT (-92.6738833333333 43.0621944444444),38576b78-380a-445f-a687-526290997dee,USGS-05457700,5772d015-a64c-7578-e053-0100007fb08d,589,2017-08-22T19:31:30+00:00,Charles City,366,ft^3/s,166,ft,204,ft^2,1.80,ft/s,75.00,ft,Firm,Gravel,Uneven,Even,Standard,Unknown,Wading,2026-07-09T20:30:36.896003+00:00,point_velocity,Upstream
05457700,POINT (-92.6738833333333 43.0621944444444),3873e4e9-f3fc-44f6-85f9-ffa8c7487b0f,USGS-05457700,4e653c4d-0918-b52c-e053-0100007fdf51,524,2010-11-23T16:05:00+00:00,Imported Channel 1,1020,ft^3/s,178,ft,415,ft^2,2.46,ft/s,75.00,ft,Firm,CobblesBoulders,Even,Even,Uniform,Unknown,Wading,2026-07-09T20:30:36.896003+00:00,point_velocity,Upstream
05457700,POINT (-92.6738833333333 43.0621944444444),38e2851c-e204-4fd9-a8ab-9b0bbd5912f6,USGS-05457700,4e653bbc-1f56-b2dd-e053-0100007f722f,569,2015-06-23T21:34:30+00:00,05457700,12300,ft^3/s,240,ft,3410,ft^2,3.61,ft/s,1320.00,ft,Firm,Gravel,Uneven,Uneven,Unknown,Unknown,BridgeDownstreamSide,2026-07-09T20:30:36.896003+00:00,adcp,Downstream
05457700,POINT (-92.6738833333333 43.0621944444444),39039a41-a633-4517-b82c-b2f8a21a6732,USGS-05457700,4e650da8-1937-9da3-e053-0100007f6541,94,1953-04-29T13:00:00+00:00,Imported Channel 1,650,ft^3/s,176,ft,245,ft^2,2.65,ft/s,,,Unspecified,Unspecified,Unspecified,Unspecified,Unspecified,Unknown,Wading,2026-07-09T20:30:36.896003+00:00,point_velocity,Unspecified
05457700,POINT (-92.6738833333333 43.0621944444444),39298fa0-4e03-4aab-994d-92eff6a5060d,USGS-05457700,4e6517f6-0775-a2b2-e053-0100007f33dc,309,1981-10-07T23:00:00+00:00,Imported Channel 1,462,ft^3/s,171,ft,282,ft^2,1.64,ft/s,,,Unspecified,Unspecified,Unspecified,Unspecified,Unspecified,Unknown,Wading,2026-07-09T20:30:36.896003+00:00,point_velocity,Unspecified
05457700,POINT (-92.6738833333333 43.0621944444444),39525514-c8a0-421d-870a-4995ba883922,USGS-05457700,4e651f6e-e90f-a664-e053-0100007fad64,254,1976-04-12T22:10:00+00:00,Imported Channel 1,495,ft^3/s,168,ft,281,ft^2,1.76,ft/s,,,Unspecified,Unspecified,Unspecified,Unspecified,Unspecified,Unknown,Wading,2026-07-09T20:30:36.896003+00:00,point_velocity,Unspecified
05457700,POINT (-92.6738833333333 43.0621944444444),398371f8-33aa-4390-9f06-c81df7e58155,USGS-05457700,fd420ac8-ae17-495d-b9ec-0243b85c20da,612,2019-12-03T19:06:29+00:00,Charles City,2080,ft^3/s,125,ft,507,ft^2,4.11,ft/s,1000.00,ft,Firm,BedrockLedgeArtificial,Uneven,Uneven,Standard,Pulsating,BridgeDownstreamSide,2026-07-09T20:30:36.896003+00:00,adcp,Upstream
05457700,POINT (-92.6738833333333 43.0621944444444),39ab6e5f-14ea-42eb-91c3-9bb293cf1106,USGS-05457700,4e650b32-0977-9c1a-e053-0100007ff132,170,1968-05-14T18:30:00+00:00,Imported Channel 1,168,ft^3/s,162,ft,198,ft^2,0.85,ft/s,,,Unspecified,Unspecified,Unspecified,Unspecified,Unspecified,Unknown,BridgeCrane,2026-07-09T20:30:36.896003+00:00,point_velocity,Unspecified
05457700,POINT (-92.6738833333333 43.0621944444444),3a5b5521-1fb6-41f6-9870-839efaf97eab,USGS-05457700,4e651b29-8e4c-a435-e053-0100007f6420,137,1965-11-09T20:40:00+00:00,Imported Channel 1,367,ft^3/s,166,ft,263,ft^2,1.39,ft/s,,,Unspecified,Unspecified,Unspecified,Unspecified,Unspecified,Unknown,Wading,2026-07-09T20:30:36.896003+00:00,point_velocity,Unspecified
05457700,POINT (-92.6738833333333 43.0621944444444),3b0a0d12-48cc-4c6f-aece-cb2061109ca6,USGS-05457700,4e6510da-f032-9f78-e053-0100007f4183,57,1950-05-10T16:00:00+00:00,Imported Channel 1,445,ft^3/s,167,ft,273,ft^2,1.62,ft/s,,,Unspecified,Unspecified,Unspecified,Unspecified,Unspecified,Unknown,Wading,2026-07-09T20:30:36.896003+00:00,point_velocity,Unspecified
05457700,POINT (-92.6738833333333 43.0621944444444),3b30f8b6-c4a3-4f07-91e2-812c14ba8c13,USGS-05457700,4e650ab3-780c-9bda-e053-0100007f33a9,114,1964-11-03T21:25:00+00:00,Imported Channel 1,187,ft^3/s,158,ft,194,ft^2,0.96,ft/s,,,Unspecified,Unspecified,Unspecified,Unspecified,Unspecified,Unknown,Wading,2026-07-09T20:30:36.896003+00:00,point_velocity,Unspecified
05457700,POINT (-92.6738833333333 43.0621944444444),3b62d61e-7b29-4d05-9070-2852a5d5a610,USGS-05457700,4e65180f-8029-a2b0-e053-0100007ffb32,23,1947-06-04T14:15:00+00:00,Imported Channel 1,299,ft^3/s,66.0,ft,274,ft^2,1.09,ft/s,,,Unspecified,Unspecified,Unspecified,Unspecified,Unspecified,Unknown,Wading,2026-07-09T20:30:36.896003+00:00,point_velocity,Unspecified
05457700,POINT (-92.6738833333333 43.0621944444444),3c5efb1f-d58e-410c-97a6-cbe0ace0e78c,USGS-05457700,4e651f6e-e8f4-a664-e053-0100007fad64,43,1949-03-08T18:30:00+00:00,Imported Channel 1,3980,ft^3/s,230,ft,1440,ft^2,2.76,ft/s,,,Unspecified,Unspecified,Unspecified,Unspecified,Unspecified,Unknown,BridgeCrane,2026-07-09T20:30:36.896003+00:00,point_velocity,Unspecified
05457700,POINT (-92.6738833333333 43.0621944444444),3cd3c54a-7d7c-43b0-9a4a-39fbe0bc1d39,USGS-05457700,4e652a0b-bfa4-abb6-e053-0100007fe940,308,1981-08-20T12:25:00+00:00,Imported Channel 1,523,ft^3/s,167,ft,294,ft^2,0.00,ft/s,,,Unspecified,Unspecified,Unspecified,Unspecified,Unspecified,Unknown,Wading,2026-07-09T20:30:36.896003+00:00,point_velocity,Unspecified
05457700,POINT (-92.6738833333333 43.0621944444444),3cf0ffda-57a5-459b-bf7e-fa1bc5fd844b,USGS-05457700,4e65206d-9167-a700-e053-0100007f6223,317,1982-10-28T18:05:00+00:00,Imported Channel 1,1140,ft^3/s,171,ft,458,ft^2,2.49,ft/s,,,Unspecified,Unspecified,Unspecified,Unspecified,Unspecified,Unknown,Wading,2026-07-09T20:30:36.896003+00:00,point_velocity,Unspecified
05457700,POINT (-92.6738833333333 43.0621944444444),3d012177-8eea-4888-81ae-65ddc308c5c1,USGS-05457700,4e65110e-ae9f-9f74-e053-0100007fbaa0,466,2003-10-01T22:45:00+00:00,Imported Channel 1,184,ft^3/s,167,ft,168,ft^2,1.10,ft/s,,,Unspecified,Unspecified,Unspecified,Unspecified,Unspecified,Unknown,Wading,2026-07-09T20:30:36.896003+00:00,point_velocity,Unspecified
05457700,POINT (-92.6738833333333 43.0621944444444),3d019636-2a8d-4cf6-956b-eb95c2fac729,USGS-05457700,4e652ace-e1da-abbc-e053-0100007f148c,323,1983-06-30T13:40:00+00:00,Imported Channel 1,2610,ft^3/s,105,ft,826,ft^2,3.16,ft/s,,,Unspecified,Unspecified,Unspecified,Unspecified,Unspecified,Unknown,BridgeCrane,2026-07-09T20:30:36.896003+00:00,point_velocity,Unspecified
05457700,POINT (-92.6738833333333 43.0621944444444),3d1dd975-89b9-44f4-93bd-c91bd7c2d1b6,USGS-05457700,4e6526c8-11fc-a9f9-e053-0100007f5ecb,310,1981-11-18T13:05:00+00:00,Imported Channel 1,331,ft^3/s,175,ft,247,ft^2,1.34,ft/s,,,Unspecified,Unspecified,Unspecified,Unspecified,Unspecified,Unknown,Wading,2026-07-09T20:30:36.896003+00:00,point_velocity,Unspecified
05457700,POINT (-92.6738833333333 43.0621944444444),3d259a88-e159-4c0d-b7e6-cadfb41b0623,USGS-05457700,4e650e72-c312-9e31-e053-0100007f3334,421,1994-10-04T14:17:00+00:00,Imported Channel 1,893,ft^3/s,174,ft,400,ft^2,2.23,ft/s,,,Unspecified,Unspecified,Unspecified,Unspecified,Unspecified,Unknown,Wading,2026-07-09T20:30:36.896003+00:00,point_velocity,Unspecified
05457700,POINT (-92.6738833333333 43.0621944444444),3d2de436-6e40-45af-8c86-4e2939c32e4d,USGS-05457700,4e652d45-d30e-ad19-e053-0100007fc516,394,1991-08-20T12:40:00+00:00,Imported Channel 1,742,ft^3/s,173,ft,345,ft^2,2.15,ft/s,,,Unspecified,Unspecified,Unspecified,Unspecified,Unspecified,Unknown,Wading,2026-07-09T20:30:36.896003+00:00,point_velocity,Unspecified
05457700,POINT (-92.6738833333333 43.0621944444444),3d36e893-8ae1-4314-9b83-a95968841a33,USGS-05457700,4e65206d-9166-a700-e053-0100007f6223,316,1982-09-16T14:10:00+00:00,Imported Channel 1,2040,ft^3/s,196,ft,740,ft^2,2.76,ft/s,,,Unspecified,Unspecified,Unspecified,Unspecified,Unspecified,Unknown,BridgeCrane,2026-07-09T20:30:36.896003+00:00,point_velocity,Unspecified
05457700,POINT (-92.6738833333333 43.0621944444444),3d3c4923-448d-48d7-9f17-556430c22ee9,USGS-05457700,4e650bf7-13de-9c79-e053-0100007fe09e,130,1965-04-21T15:35:00+00:00,Imported Channel 1,892,ft^3/s,166,ft,404,ft^2,2.21,ft/s,,,Unspecified,Unspecified,Unspecified,Unspecified,Unspecified,Unknown,Wading,2026-07-09T20:30:36.896003+00:00,point_velocity,Unspecified
05457700,POINT (-92.6738833333333 43.0621944444444),3dc2c9e8-1d51-41cc-b8b2-8ae3bbb4e9b9,USGS-05457700,71547bb8-9fa6-4afc-bddb-12d3503cb2d6,619,2021-01-13T18:31:00+00:00,MAIN,267,ft^3/s,174,ft,178,ft^2,1.50,ft/s,0.00,ft,Firm,Gravel,Uneven,Uneven,NonStandard,Pulsating,Wading,2026-07-09T20:30:36.896003+00:00,point_velocity,AtTheGage
05457700,POINT (-92.6738833333333 43.0621944444444),3e569b94-d787-4303-9d50-00114fedfeb2,USGS-05457700,4e652aff-93c8-ac2e-e053-0100007f3ea0,292,1979-10-10T14:15:00+00:00,Imported Channel 1,276,ft^3/s,164,ft,222,ft^2,1.24,ft/s,,,Unspecified,Unspecified,Unspecified,Unspecified,Unspecified,Unknown,Wading,2026-07-09T20:30:36.896003+00:00,point_velocity,Unspecified
05457700,POINT (-92.6738833333333 43.0621944444444),3e589d7b-405a-4d0e-b1f0-a3bab0cc7147,USGS-05457700,4e65321c-962f-af6e-e053-0100007ff293,565,2015-02-09T19:15:30+00:00,Charles City,315,ft^3/s,177,ft,157,ft^2,2.01,ft/s,,,Firm,Gravel,Even,Even,Uniform,Unknown,Wading,2026-07-09T20:30:36.896003+00:00,point_velocity,AtTheGage
05457700,POINT (-92.6738833333333 43.0621944444444),3ee3c2e1-386e-4ede-a946-f8e48b611b1d,USGS-05457700,4e651b29-8e48-a435-e053-0100007f6420,106,1954-03-03T13:15:00+00:00,Imported Channel 1,130,ft^3/s,118,ft,111,ft^2,1.18,ft/s,,,Unspecified,Unspecified,Unspecified,Unspecified,Unspecified,Unknown,Wading,2026-07-09T20:30:36.896003+00:00,point_velocity,Unspecified
05457700,POINT (-92.6738833333333 43.0621944444444),3eefb637-fe06-4fb7-b674-7ed46a8854e2,USGS-05457700,4e651895-4866-a12f-e053-0100007f85f2,66,1951-01-24T14:35:00+00:00,Imported Channel 1,174,ft^3/s,161,ft,169,ft^2,1.03,ft/s,,,Unspecified,Unspecified,Unspecified,Unspecified,Unspecified,Unknown,Wading,2026-07-09T20:30:36.896003+00:00,point_velocity,Unspecified
05457700,POINT (-92.6738833333333 43.0621944444444),3fe835d1-902b-4dad-9ac6-441b98f51447,USGS-05457700,4e652056-492f-a6fe-e053-0100007f2f23,112,1961-03-28T14:00:00+00:00,Imported Channel 1,20700,ft^3/s,300,ft,4600,ft^2,4.63,ft/s,,,Unspecified,Unspecified,Unspecified,Unspecified,Unspecified,Unknown,Wading,2026-07-09T20:30:36.896003+00:00,point_velocity,Unspecified
05457700,POINT (-92.6738833333333 43.0621944444444),3ffb0038-7f98-4139-8405-995beb614b72,USGS-05457700,4e652056-4943-a6fe-e053-0100007f2f23,365,1988-08-08T15:45:00+00:00,Imported Channel 1,156,ft^3/s,160,ft,173,ft^2,0.90,ft/s,,,Unspecified,Unspecified,Unspecified,Unspecified,Unspecified,Unknown,Wading,2026-07-09T20:30:36.896003+00:00,point_velocity,Unspecified
05457700,POINT (-92.6738833333333 43.0621944444444),40d91ce5-2ea7-4f84-839c-3b67d0e73e77,USGS-05457700,4e653b7e-fd3d-b486-e053-0100007f6d12,547,2013-05-13T16:29:00+00:00,Imported Channel 1,2820,ft^3/s,199,ft,1620,ft^2,1.74,ft/s,1320.00,ft,Firm,Gravel,Even,Even,Uniform,Unknown,BridgeDownstreamSide,2026-07-09T20:30:36.896003+00:00,adcp,Downstream
05457700,POINT (-92.6738833333333 43.0621944444444),40f7519d-f18c-4b16-873a-09ada68314be,USGS-05457700,4e652ac4-f2fe-ac3a-e053-0100007fc6bd,304,1981-03-12T19:10:00+00:00,Imported Channel 1,316,ft^3/s,162,ft,221,ft^2,1.43,ft/s,,,Unspecified,Unspecified,Unspecified,Unspecified,Unspecified,Unknown,Wading,2026-07-09T20:30:36.896003+00:00,point_velocity,Unspecified
05457700,POINT (-92.6738833333333 43.0621944444444),414156e1-29fa-4c1b-81d1-3ec3cd7a6c0a,USGS-05457700,4e65205c-7910-a6f4-e053-0100007f39d2,268,1977-07-13T12:00:00+00:00,Imported Channel 1,103,ft^3/s,,,,,,,,ft,Unspecified,Unspecified,Unspecified,Unspecified,Unspecified,Unknown,Unspecified,2026-07-09T20:30:36.896003+00:00,other_method,Unspecified
05457700,POINT (-92.6738833333333 43.0621944444444),418031cb-58e8-413a-931c-d886ce8cdc76,USGS-05457700,4e652aea-687e-ac38-e053-0100007f1103,425,1995-04-05T17:10:00+00:00,Imported Channel 1,951,ft^3/s,196,ft,372,ft^2,2.56,ft/s,,,Unspecified,Unspecified,Unspecified,Unspecified,Unspecified,Unknown,Wading,2026-07-09T20:30:36.896003+00:00,point_velocity,Unspecified
05457700,POINT (-92.6738833333333 43.0621944444444),418cacc1-66a4-4ca1-8873-c87769f97e99,USGS-05457700,0824811f-e191-41cd-830b-05f183a8188b,637,2023-11-06T19:29:32+00:00,Main,212,ft^3/s,160,ft,92.2,ft^2,2.30,ft/s,150.00,ft,Firm,BedrockLedgeArtificial,Even,Even,Standard,Pulsating,Wading,2026-07-09T20:30:36.896003+00:00,point_velocity,Downstream
05457700,POINT (-92.6738833333333 43.0621944444444),41b7e7a5-b160-4261-bfc0-6738bd0bdc97,USGS-05457700,74e3f642-5051-4975-b53c-713d4c61af86,613,2020-01-28T16:28:18+00:00,Charles,644,ft^3/s,93.1,ft,266,ft^2,2.42,ft/s,1240.00,ft,Firm,Cobbles,Uneven,Uneven,Standard,Pulsating,BridgeDownstreamSide,2026-07-09T20:30:36.896003+00:00,adcp,Upstream
05457700,POINT (-92.6738833333333 43.0621944444444),41ceec1f-647e-43f5-b6b2-d6c603c4b673,USGS-05457700,4e651895-4881-a12f-e053-0100007f85f2,187,1969-06-26T15:00:00+00:00,Imported Channel 1,11000,ft^3/s,258,ft,274,ft^2,0.10,ft/s,,,Unspecified,Unspecified,Unspecified,Unspecified,Unspecified,Unknown,BridgeCrane,2026-07-09T20:30:36.896003+00:00,point_velocity,Unspecified
05457700,POINT (-92.6738833333333 43.0621944444444),4205d676-a2da-490c-9caa-1b43b0b18b60,USGS-05457700,4e6506fb-f8be-9a10-e053-0100007f41b4,140,1966-02-01T19:50:00+00:00,Imported Channel 1,212,ft^3/s,159,ft,172,ft^2,1.23,ft/s,,,Unspecified,Unspecified,Unspecified,Unspecified,Unspecified,Unknown,Wading,2026-07-09T20:30:36.896003+00:00,point_velocity,Unspecified
05457700,POINT (-92.6738833333333 43.0621944444444),429aecba-c958-4ff2-a275-6649bbaf872b,USGS-05457700,a581bddd-204a-4c87-a949-f236932cf230,627,2022-04-13T19:24:10+00:00,Main Channel,2900,ft^3/s,208,ft,900,ft^2,3.22,ft/s,2000.00,ft,Soft,Sand,Uneven,Uneven,NonStandard,Pulsating,BridgeDownstreamSide,2026-07-09T20:30:36.896003+00:00,adcp,Upstream
05457700,POINT (-92.6738833333333 43.0621944444444),432e8d50-ae1b-4b43-a5e8-4d2ff5d52411,USGS-05457700,4e651cee-ca3a-a2f0-e053-0100007fe99e,21,1947-04-08T18:40:00+00:00,Imported Channel 1,2590,ft^3/s,223,ft,1090,ft^2,2.38,ft/s,,,Unspecified,Unspecified,Unspecified,Unspecified,Unspecified,Unknown,BridgeCrane,2026-07-09T20:30:36.896003+00:00,point_velocity,Unspecified
05457700,POINT (-92.6738833333333 43.0621944444444),433ccfbf-fe92-4915-8dc4-f00b2778b484,USGS-05457700,4e651f60-e392-a66a-e053-0100007f6871,41,1948-12-01T21:30:00+00:00,Imported Channel 1,94.1,ft^3/s,164,ft,80.9,ft^2,1.16,ft/s,,,Unspecified,Unspecified,Unspecified,Unspecified,Unspecified,Unknown,Wading,2026-07-09T20:30:36.896003+00:00,point_velocity,Unspecified
05457700,POINT (-92.6738833333333 43.0621944444444),4342e85c-a6f0-411e-b365-4016307ae019,USGS-05457700,4e6513d9-a2ff-a094-e053-0100007fb89e,82,1952-04-29T21:30:00+00:00,Imported Channel 1,423,ft^3/s,174,ft,186,ft^2,2.29,ft/s,,,Unspecified,Unspecified,Unspecified,Unspecified,Unspecified,Unknown,Wading,2026-07-09T20:30:36.896003+00:00,point_velocity,Unspecified
05457700,POINT (-92.6738833333333 43.0621944444444),43756eb8-8f37-4eb3-b85d-efe33945a6dc,USGS-05457700,4e6522df-cb0e-a857-e053-0100007fc003,340,1985-06-12T05:00:00+00:00,Imported Channel 1,295,ft^3/s,167,ft,251,ft^2,1.18,ft/s,,,Unspecified,Unspecified,Unspecified,Unspecified,Unspecified,Unknown,Wading,2026-07-09T20:30:36.896003+00:00,point_velocity,Unspecified
05457700,POINT (-92.6738833333333 43.0621944444444),44baee61-1d1b-46fa-9906-7aeea4b65f84,USGS-05457700,4e65153f-886a-a189-e053-0100007fcb0c,175,1968-08-20T21:17:00+00:00,Imported Channel 1,277,ft^3/s,165,ft,225,ft^2,1.23,ft/s,,,Unspecified,Unspecified,Unspecified,Unspecified,Unspecified,Unknown,Wading,2026-07-09T20:30:36.896003+00:00,point_velocity,Unspecified
05457700,POINT (-92.6738833333333 43.0621944444444),4513dbcc-0e9e-4d4a-9220-f3c7005ef5a6,USGS-05457700,4e652ada-32bd-ac3c-e053-0100007f1da8,306,1981-06-04T23:25:00+00:00,Imported Channel 1,568,ft^3/s,176,ft,304,ft^2,1.86,ft/s,,,Unspecified,Unspecified,Unspecified,Unspecified,Unspecified,Unknown,Wading,2026-07-09T20:30:36.896003+00:00,point_velocity,Unspecified
05457700,POINT (-92.6738833333333 43.0621944444444),4527f0bc-177e-4435-9149-16145d2e8d92,USGS-05457700,4e652229-71d1-a7a2-e053-0100007f0dc5,133,1965-07-14T12:55:00+00:00,Imported Channel 1,658,ft^3/s,169,ft,314,ft^2,2.10,ft/s,,,Unspecified,Unspecified,Unspecified,Unspecified,Unspecified,Unknown,Wading,2026-07-09T20:30:36.896003+00:00,point_velocity,Unspecified
05457700,POINT (-92.6738833333333 43.0621944444444),45cab292-fc71-4e88-9b76-a0ff04d7994f,USGS-05457700,7527f081-13c0-ba1d-e053-0100007fc5bc,598,2018-09-05T16:46:10+00:00,05457700,4220,ft^3/s,218,ft,1430,ft^2,2.96,ft/s,100.00,ft,Firm,Gravel,Even,Even,Uniform,Steady,MannedMovingBoat,2026-07-09T20:30:36.896003+00:00,adcp,Upstream
05457700,POINT (-92.6738833333333 43.0621944444444),46004c93-eac5-4315-87e7-282c945a4be4,USGS-05457700,4e65319c-76c3-af90-e053-0100007f04f6,462,2003-04-16T13:50:00+00:00,Imported Channel 1,533,ft^3/s,176,ft,279,ft^2,1.91,ft/s,,,Unspecified,Unspecified,Unspecified,Unspecified,Unspecified,Unknown,Wading,2026-07-09T20:30:36.896003+00:00,point_velocity,Unspecified
05457700,POINT (-92.6738833333333 43.0621944444444),46186e55-ee9d-4b54-8860-988b7d61ffa1,USGS-05457700,4e6521e4-969d-a7a0-e053-0100007f9ddb,151,1966-12-01T17:15:00+00:00,Imported Channel 1,74.6,ft^3/s,170,ft,263,ft^2,0.28,ft/s,,,Unspecified,Unspecified,Unspecified,Unspecified,Unspecified,Unknown,Wading,2026-07-09T20:30:36.896003+00:00,point_velocity,Unspecified
05457700,POINT (-92.6738833333333 43.0621944444444),466087e5-93ab-464a-b0cf-32f294844787,USGS-05457700,4e652a89-23a1-abec-e053-0100007f9be2,296,1980-03-05T21:40:00+00:00,Imported Channel 1,253,ft^3/s,157,ft,199,ft^2,1.27,ft/s,,,Unspecified,Unspecified,Unspecified,Unspecified,Unspecified,Unknown,Wading,2026-07-09T20:30:36.896003+00:00,point_velocity,Unspecified
05457700,POINT (-92.6738833333333 43.0621944444444),471fa121-172e-40a9-939e-ef2b7e863cf4,USGS-05457700,4e650621-4453-998c-e053-0100007fa936,13,1946-09-08T13:10:00+00:00,Imported Channel 1,3690,ft^3/s,235,ft,2020,ft^2,2.82,ft/s,,,Unspecified,Unspecified,Unspecified,Unspecified,Unspecified,Unknown,BridgeCrane,2026-07-09T20:30:36.896003+00:00,point_velocity,Unspecified
05457700,POINT (-92.6738833333333 43.0621944444444),473cd6bc-af90-4f8b-a53f-9ed230820c25,USGS-05457700,4e650bc8-fd78-9c4a-e053-0100007f111d,38,1948-08-17T15:30:00+00:00,Imported Channel 1,128,ft^3/s,140,ft,74.6,ft^2,1.73,ft/s,,,Unspecified,Unspecified,Unspecified,Unspecified,Unspecified,Unknown,Wading,2026-07-09T20:30:36.896003+00:00,point_velocity,Unspecified
05457700,POINT (-92.6738833333333 43.0621944444444),48d98d0c-1e72-4b55-82a2-6ee4d9c7c980,USGS-05457700,4e6531a7-d4b0-af8e-e053-0100007fe008,408,1993-03-31T16:50:00+00:00,Imported Channel 1,17200,ft^3/s,300,ft,3970,ft^2,4.33,ft/s,,,Unspecified,Unspecified,Unspecified,Unspecified,Unspecified,Unknown,BridgeCrane,2026-07-09T20:30:36.896003+00:00,point_velocity,Unspecified
05457700,POINT (-92.6738833333333 43.0621944444444),494942cc-97a5-4c2d-8752-555cec89bacb,USGS-05457700,4e652d88-f820-ad4c-e053-0100007fe3f6,536,2012-02-21T19:18:00+00:00,Imported Channel 1,215,ft^3/s,162,ft,163,ft^2,1.32,ft/s,75.00,ft,Unspecified,Gravel,Unspecified,Unspecified,Unspecified,Unknown,Wading,2026-07-09T20:30:36.896003+00:00,point_velocity,Upstream
05457700,POINT (-92.6738833333333 43.0621944444444),49893979-5012-425b-bbf7-2665b40c9671,USGS-05457700,d58ffc4e-e7a5-403a-97b9-cbcb2efefe44,631,2022-11-22T16:57:28+00:00,Main,191,ft^3/s,163,ft,83.4,ft^2,2.29,ft/s,200.00,ft,Firm,BedrockLedgeArtificial,Even,Even,Standard,Pulsating,Wading,2026-07-09T20:30:36.896003+00:00,point_velocity,Downstream
05457700,POINT (-92.6738833333333 43.0621944444444),49ca41fd-bc70-481e-bcde-2602162ae7d6,USGS-05457700,4e652561-3d45-a92a-e053-0100007f3deb,194,1969-12-16T14:05:00+00:00,Imported Channel 1,195,ft^3/s,160,ft,208,ft^2,0.94,ft/s,,,Unspecified,Unspecified,Unspecified,Unspecified,Unspecified,Unknown,Wading,2026-07-09T20:30:36.896003+00:00,point_velocity,Unspecified
05457700,POINT (-92.6738833333333 43.0621944444444),49cc6010-2ea0-4514-b769-219187dee153,USGS-05457700,4e6531a7-d4d0-af8e-e053-0100007fe008,505,2008-07-29T13:40:00+00:00,Imported Channel 1,522,ft^3/s,173,ft,274,ft^2,1.91,ft/s,,,Unspecified,Unspecified,Unspecified,Unspecified,Unspecified,Unknown,Wading,2026-07-09T20:30:36.896003+00:00,point_velocity,Unspecified
05457700,POINT (-92.6738833333333 43.0621944444444),4a87c7d2-d37a-4f23-8cef-7d04d16dff42,USGS-05457700,4e653d01-ed0d-b28b-e053-0100007f13ed,501,2008-04-07T17:21:00+00:00,Imported Channel 1,1150,ft^3/s,206,ft,442,ft^2,2.59,ft/s,,ft,Unspecified,Unspecified,Unspecified,Unspecified,Unspecified,Unknown,Unspecified,2026-07-09T20:30:36.896003+00:00,adcp,Unspecified
05457700,POINT (-92.6738833333333 43.0621944444444),4a87eb89-c709-4785-ae2f-e3adb18cdaf6,USGS-05457700,4e653185-4b57-af9e-e053-0100007ffdfc,528,2011-05-09T16:22:30+00:00,Imported Channel 1,1330,ft^3/s,169,ft,823,ft^2,1.61,ft/s,2640.00,ft,Firm,CobblesBoulders,Even,Even,Uniform,Unknown,BridgeDownstreamSide,2026-07-09T20:30:36.896003+00:00,adcp,Downstream
05457700,POINT (-92.6738833333333 43.0621944444444),4aa9e1cb-b360-4a5a-994a-7c4b57872eb9,USGS-05457700,4e651e27-ba6f-a595-e053-0100007f6f24,2,1945-11-09T13:40:00+00:00,Imported Channel 1,211,ft^3/s,166,ft,155,ft^2,1.36,ft/s,,,Unspecified,Unspecified,Unspecified,Unspecified,Unspecified,Unknown,Wading,2026-07-09T20:30:36.896003+00:00,point_velocity,Unspecified
05457700,POINT (-92.6738833333333 43.0621944444444),4ad0a1b9-aaef-436c-bd9d-80daad5c0d07,USGS-05457700,4e6531e6-1493-ad5a-e053-0100007fbbea,445,2001-05-01T13:00:00+00:00,Imported Channel 1,1300,ft^3/s,190,ft,486,ft^2,2.67,ft/s,,,Unspecified,Unspecified,Unspecified,Unspecified,Unspecified,Unknown,Wading,2026-07-09T20:30:36.896003+00:00,point_velocity,Unspecified
05457700,POINT (-92.6738833333333 43.0621944444444),4bb0926b-d6cf-4374-932a-eda491f134d3,USGS-05457700,4e651132-e65a-9fcd-e053-0100007feedf,440,1999-07-22T17:00:00+00:00,Imported Channel 1,19700,ft^3/s,313,ft,4380,ft^2,4.50,ft/s,,,Unspecified,Unspecified,Unspecified,Unspecified,Unspecified,Unknown,BridgeCrane,2026-07-09T20:30:36.896003+00:00,point_velocity,Unspecified
05457700,POINT (-92.6738833333333 43.0621944444444),4bc4be99-08a4-479a-bfdc-cfc138580d63,USGS-05457700,4d1db62b-b3bf-408c-8c57-6414a718e2c9,628,2022-06-15T16:08:59+00:00,MAIN,852,ft^3/s,203,ft,454,ft^2,1.88,ft/s,1500.00,ft,Firm,CobblesBoulders,Uneven,Uneven,NonStandard,Pulsating,BridgeDownstreamSide,2026-07-09T20:30:36.896003+00:00,adcp,Upstream
05457700,POINT (-92.6738833333333 43.0621944444444),4c21c1a8-8521-430c-9f52-1988fc1d7896,USGS-05457700,4e652373-b999-a867-e053-0100007f787c,432,1998-12-02T17:00:00+00:00,Imported Channel 1,602,ft^3/s,170,ft,293,ft^2,2.05,ft/s,,,Unspecified,Unspecified,Unspecified,Unspecified,Unspecified,Unknown,Wading,2026-07-09T20:30:36.896003+00:00,point_velocity,Unspecified
05457700,POINT (-92.6738833333333 43.0621944444444),4cb86b62-7f0e-4e3a-a595-5ec65bec2290,USGS-05457700,4e651495-6c26-a10e-e053-0100007f0f69,116,1965-01-06T16:15:00+00:00,Imported Channel 1,134,ft^3/s,155,ft,158,ft^2,0.85,ft/s,,,Unspecified,Unspecified,Unspecified,Unspecified,Unspecified,Unknown,Wading,2026-07-09T20:30:36.896003+00:00,point_velocity,Unspecified
05457700,POINT (-92.6738833333333 43.0621944444444),4cc5c2c4-4520-4a5a-bfc4-ab6616e931d9,USGS-05457700,4e65319c-76ab-af90-e053-0100007f04f6,400,1992-04-23T17:30:00+00:00,Imported Channel 1,4520,ft^3/s,217,ft,1250,ft^2,3.62,ft/s,,,Unspecified,Unspecified,Unspecified,Unspecified,Unspecified,Unknown,BridgeCrane,2026-07-09T20:30:36.896003+00:00,point_velocity,Unspecified
05457700,POINT (-92.6738833333333 43.0621944444444),4cf28ef6-65ce-419a-abe2-1962df33e0c3,USGS-05457700,7bd20a5e-ecc9-9739-e053-0100007fc0b9,603,2018-11-29T16:41:00+00:00,Charles City,794,ft^3/s,182,ft,322,ft^2,2.47,ft/s,50.00,ft,Firm,Gravel,Uneven,Uneven,Standard,Pulsating,Wading,2026-07-09T20:30:36.896003+00:00,point_velocity,Upstream
05457700,POINT (-92.6738833333333 43.0621944444444),4d4cbf41-1da2-42f4-891b-506ffe8ff12a,USGS-05457700,4e651f75-283f-a694-e053-0100007fa94a,516,2010-01-13T13:31:00+00:00,Imported Channel 1,314,ft^3/s,176,ft,256,ft^2,1.23,ft/s,80.00,ft,Firm,CobblesBoulders,Even,Even,Unspecified,Unknown,Wading,2026-07-09T20:30:36.896003+00:00,point_velocity,Upstream
05457700,POINT (-92.6738833333333 43.0621944444444),4debafe5-2770-4f00-821d-9fe6bbcc9274,USGS-05457700,4e6538d4-d98b-b2bf-e053-0100007fe5ec,570,2015-08-26T14:54:00+00:00,Charles City,449,ft^3/s,184,ft,200,ft^2,2.24,ft/s,10.00,ft,Soft,Gravel,Even,Even,Uniform,Unknown,Wading,2026-07-09T20:30:36.896003+00:00,point_velocity,Downstream
05457700,POINT (-92.6738833333333 43.0621944444444),4e20d7a2-3a0a-4e63-8b43-2989136adde6,USGS-05457700,4e6522b3-52e8-a805-e053-0100007f713b,124,1965-04-06T13:25:00+00:00,Imported Channel 1,18700,ft^3/s,396,ft,4500,ft^2,4.16,ft/s,,,Unspecified,Unspecified,Unspecified,Unspecified,Unspecified,Unknown,BridgeCrane,2026-07-09T20:30:36.896003+00:00,point_velocity,Unspecified
05457700,POINT (-92.6738833333333 43.0621944444444),4e9325a9-8043-4283-9d35-7f6f3d7d9306,USGS-05457700,4e651589-514d-9fa1-e053-0100007f70b3,300,1980-09-24T17:20:00+00:00,Imported Channel 1,2120,ft^3/s,205,ft,760,ft^2,2.78,ft/s,,,Unspecified,Unspecified,Unspecified,Unspecified,Unspecified,Unknown,BridgeCrane,2026-07-09T20:30:36.896003+00:00,point_velocity,Unspecified
05457700,POINT (-92.6738833333333 43.0621944444444),4ea93bed-39a5-41d6-a315-c3fd3dd5972c,USGS-05457700,4e650e8e-2753-9e2e-e053-0100007f1349,217,1972-04-04T13:15:00+00:00,Imported Channel 1,345,ft^3/s,162,ft,237,ft^2,1.45,ft/s,,,Unspecified,Unspecified,Unspecified,Unspecified,Unspecified,Unknown,Wading,2026-07-09T20:30:36.896003+00:00,point_velocity,Unspecified
05457700,POINT (-92.6738833333333 43.0621944444444),4f1763e4-7498-48a2-8892-8407bb4ba7c4,USGS-05457700,4e6503a6-9fb0-983e-e053-0100007f66fa,77,1951-10-23T15:20:00+00:00,Imported Channel 1,1050,ft^3/s,198,ft,672,ft^2,1.56,ft/s,,,Unspecified,Unspecified,Unspecified,Unspecified,Unspecified,Unknown,BridgeCrane,2026-07-09T20:30:36.896003+00:00,point_velocity,Unspecified
05457700,POINT (-92.6738833333333 43.0621944444444),4f8b937a-2682-4edb-8f5b-9a4f511d4a0a,USGS-05457700,4e65205c-7939-a6f4-e053-0100007f39d2,457,2002-09-16T22:50:00+00:00,Imported Channel 1,211,ft^3/s,170,ft,187,ft^2,1.13,ft/s,,,Unspecified,Unspecified,Unspecified,Unspecified,Unspecified,Unknown,Wading,2026-07-09T20:30:36.896003+00:00,point_velocity,Unspecified
05457700,POINT (-92.6738833333333 43.0621944444444),4fbf022c-bf9e-4c73-a6b5-29f562897712,USGS-05457700,4e65203e-6ae0-a6f0-e053-0100007fc347,92,1953-02-24T16:55:00+00:00,Imported Channel 1,140,ft^3/s,157,ft,112,ft^2,1.25,ft/s,,,Unspecified,Unspecified,Unspecified,Unspecified,Unspecified,Unknown,Wading,2026-07-09T20:30:36.896003+00:00,point_velocity,Unspecified
05457700,POINT (-92.6738833333333 43.0621944444444),4fc7d720-50de-4fc7-90ac-dbf1d75990d9,USGS-05457700,4e652229-71f0-a7a2-e053-0100007f0dc5,366,1988-10-03T21:30:00+00:00,Imported Channel 1,147,ft^3/s,161,ft,170,ft^2,0.87,ft/s,,,Unspecified,Unspecified,Unspecified,Unspecified,Unspecified,Unknown,Wading,2026-07-09T20:30:36.896003+00:00,point_velocity,Unspecified
05457700,POINT (-92.6738833333333 43.0621944444444),509f24cf-35a8-4fe5-9eb1-eb54d2dfd6a2,USGS-05457700,4e65108f-9bb2-9f72-e053-0100007fbb82,285,1979-01-16T22:15:00+00:00,Imported Channel 1,156,ft^3/s,154,ft,184,ft^2,0.85,ft/s,,,Unspecified,Unspecified,Unspecified,Unspecified,Unspecified,Unknown,Ice,2026-07-09T20:30:36.896003+00:00,point_velocity,Unspecified
05457700,POINT (-92.6738833333333 43.0621944444444),50b5140d-fdb0-448e-8427-66f11299ae4b,USGS-05457700,4e650c0b-7d69-9b96-e053-0100007fc22b,87,1952-09-10T12:15:00+00:00,Imported Channel 1,147,ft^3/s,176,ft,493,ft^2,0.30,ft/s,,,Unspecified,Unspecified,Unspecified,Unspecified,Unspecified,Unknown,Wading,2026-07-09T20:30:36.896003+00:00,point_velocity,Unspecified
05457700,POINT (-92.6738833333333 43.0621944444444),50eb690e-4643-41b5-b498-27eac5245ea5,USGS-05457700,4e650ab3-7806-9bda-e053-0100007f33a9,47,1949-08-31T17:10:00+00:00,Imported Channel 1,106,ft^3/s,152,ft,82.6,ft^2,1.28,ft/s,,,Unspecified,Unspecified,Unspecified,Unspecified,Unspecified,Unknown,Wading,2026-07-09T20:30:36.896003+00:00,point_velocity,Unspecified
05457700,POINT (-92.6738833333333 43.0621944444444),512575fb-95ee-4098-aa45-65648b095244,USGS-05457700,4e6543c0-3f5e-b8df-e053-0100007ff56e,583,2016-12-14T19:13:00+00:00,Chuck City,605,ft^3/s,186,ft,255,ft^2,2.37,ft/s,25.00,ft,Firm,Gravel,Uneven,Uneven,Standard,Unknown,Wading,2026-07-09T20:30:36.896003+00:00,point_velocity,Upstream
05457700,POINT (-92.6738833333333 43.0621944444444),5137339d-3c85-404b-a620-6f4d48c5dba7,USGS-05457700,4e652a3f-4c0d-abba-e053-0100007f6a45,542,2012-10-01T15:17:00+00:00,Imported Channel 1,124,ft^3/s,110,ft,84.9,ft^2,1.46,ft/s,50.00,ft,Firm,Gravel,Even,Even,Uniform,Unknown,Wading,2026-07-09T20:30:36.896003+00:00,point_velocity,Upstream
05457700,POINT (-92.6738833333333 43.0621944444444),5186fe06-86da-491c-abea-4b849617bb6b,USGS-05457700,4e650e34-157c-9da1-e053-0100007f8d55,96,1953-05-27T14:20:00+00:00,Imported Channel 1,2880,ft^3/s,214,ft,1190,ft^2,2.42,ft/s,,,Unspecified,Unspecified,Unspecified,Unspecified,Unspecified,Unknown,BridgeCrane,2026-07-09T20:30:36.896003+00:00,point_velocity,Unspecified
05457700,POINT (-92.6738833333333 43.0621944444444),51e68a4c-c248-43e8-a4b6-570d58ebe64c,USGS-05457700,4e650a87-9fcf-9bd4-e053-0100007f22c6,42,1949-01-11T23:30:00+00:00,Imported Channel 1,267,ft^3/s,155,ft,106,ft^2,2.52,ft/s,,,Unspecified,Unspecified,Unspecified,Unspecified,Unspecified,Unknown,Wading,2026-07-09T20:30:36.896003+00:00,point_velocity,Unspecified
05457700,POINT (-92.6738833333333 43.0621944444444),52127d13-cb69-429e-8359-404d609ae68d,USGS-05457700,4e651f4b-d532-a666-e053-0100007f3d82,395,1991-10-02T23:25:00+00:00,Imported Channel 1,278,ft^3/s,166,ft,212,ft^2,1.30,ft/s,,,Unspecified,Unspecified,Unspecified,Unspecified,Unspecified,Unknown,Wading,2026-07-09T20:30:36.896003+00:00,point_velocity,Unspecified
05457700,POINT (-92.6738833333333 43.0621944444444),5228977c-d6c1-436a-8e68-42b4b38653e8,USGS-05457700,4e650c6f-de93-9c48-e053-0100007f1a38,34,1948-04-29T13:35:00+00:00,Imported Channel 1,433,ft^3/s,189,ft,515,ft^2,0.84,ft/s,,,Unspecified,Unspecified,Unspecified,Unspecified,Unspecified,Unknown,BridgeCrane,2026-07-09T20:30:36.896003+00:00,point_velocity,Unspecified
05457700,POINT (-92.6738833333333 43.0621944444444),5235d9dc-4bcd-4bd8-ae39-626b270d347a,USGS-05457700,4e651b14-8e47-a439-e053-0100007f26a2,207,1971-03-25T14:10:00+00:00,Imported Channel 1,1690,ft^3/s,194,ft,657,ft^2,2.57,ft/s,,,Unspecified,Unspecified,Unspecified,Unspecified,Unspecified,Unknown,BridgeCrane,2026-07-09T20:30:36.896003+00:00,point_velocity,Unspecified
05457700,POINT (-92.6738833333333 43.0621944444444),5290562a-d25f-4a41-843c-a25d4ba9eac2,USGS-05457700,4e6518f5-8777-a302-e053-0100007fd64c,242,1975-02-26T18:55:00+00:00,Imported Channel 1,215,ft^3/s,175,ft,173,ft^2,1.24,ft/s,,,Unspecified,Unspecified,Unspecified,Unspecified,Unspecified,Unknown,Wading,2026-07-09T20:30:36.896003+00:00,point_velocity,Unspecified
05457700,POINT (-92.6738833333333 43.0621944444444),52d2f258-bc2a-4ca6-aefe-53b2283ea760,USGS-05457700,4e650e72-c2f8-9e31-e053-0100007f3334,250,1975-10-29T19:30:00+00:00,Imported Channel 1,204,ft^3/s,162,ft,191,ft^2,1.07,ft/s,,,Unspecified,Unspecified,Unspecified,Unspecified,Unspecified,Unknown,Wading,2026-07-09T20:30:36.896003+00:00,point_velocity,Unspecified
05457700,POINT (-92.6738833333333 43.0621944444444),52e94286-3250-49d7-976a-8d6457768c7b,USGS-05457700,4e65149c-6f7c-a131-e053-0100007f4e3f,293,1979-12-04T18:20:00+00:00,Imported Channel 1,693,ft^3/s,170,ft,326,ft^2,2.12,ft/s,,,Unspecified,Unspecified,Unspecified,Unspecified,Unspecified,Unknown,Wading,2026-07-09T20:30:36.896003+00:00,point_velocity,Unspecified
05457700,POINT (-92.6738833333333 43.0621944444444),53625c61-5d8e-4378-aaa8-1c77446caf74,USGS-05457700,4e651e31-3906-a597-e053-0100007fedcc,245,1975-05-01T12:40:00+00:00,Imported Channel 1,3010,ft^3/s,210,ft,939,ft^2,3.21,ft/s,,,Unspecified,Unspecified,Unspecified,Unspecified,Unspecified,Unknown,BridgeCrane,2026-07-09T20:30:36.896003+00:00,point_velocity,Unspecified
05457700,POINT (-92.6738833333333 43.0621944444444),536bfef8-d24a-4038-90f6-f232a5906eee,USGS-05457700,4e65206d-9165-a700-e053-0100007f6223,315,1982-07-29T15:45:00+00:00,Imported Channel 1,425,ft^3/s,165,ft,254,ft^2,1.67,ft/s,,,Unspecified,Unspecified,Unspecified,Unspecified,Unspecified,Unknown,Wading,2026-07-09T20:30:36.896003+00:00,point_velocity,Unspecified
05457700,POINT (-92.6738833333333 43.0621944444444),53df31c2-53f0-43a8-b601-125a420ac6f7,USGS-05457700,4e6538bd-a72e-b2d1-e053-0100007ff5e9,585,2017-03-09T13:36:58+00:00,Charles,5690,ft^3/s,227,ft,1500,ft^2,3.80,ft/s,500.00,ft,Firm,Gravel,Uneven,Even,Standard,Unknown,BridgeDownstreamSide,2026-07-09T20:30:36.896003+00:00,adcp,Upstream
05457700,POINT (-92.6738833333333 43.0621944444444),5423f877-6125-4ade-b71e-95d1c1c72d18,USGS-05457700,4e651f60-e3ad-a66a-e053-0100007f6871,269,1977-08-18T13:30:00+00:00,Imported Channel 1,156,ft^3/s,160,ft,175,ft^2,0.89,ft/s,,,Unspecified,Unspecified,Unspecified,Unspecified,Unspecified,Unknown,Wading,2026-07-09T20:30:36.896003+00:00,point_velocity,Unspecified
05457700,POINT (-92.6738833333333 43.0621944444444),547e4338-de07-4d42-bb5b-14b93c48f8a7,USGS-05457700,4e651045-b7bc-9dcf-e053-0100007f21b3,44,1949-04-24T21:40:00+00:00,Imported Channel 1,427,ft^3/s,163,ft,294,ft^2,1.45,ft/s,,,Unspecified,Unspecified,Unspecified,Unspecified,Unspecified,Unknown,Wading,2026-07-09T20:30:36.896003+00:00,point_velocity,Unspecified
05457700,POINT (-92.6738833333333 43.0621944444444),54bed447-5bce-4b1d-92f1-bc4ef0e68d5b,USGS-05457700,4e652a89-23a7-abec-e053-0100007f9be2,362,1988-04-19T23:30:00+00:00,Imported Channel 1,352,ft^3/s,166,ft,235,ft^2,1.50,ft/s,,,Unspecified,Unspecified,Unspecified,Unspecified,Unspecified,Unknown,Wading,2026-07-09T20:30:36.896003+00:00,point_velocity,Unspecified
05457700,POINT (-92.6738833333333 43.0621944444444),551c6132-0c6e-464a-a0ef-95a2e57e8495,USGS-05457700,4e653d39-14ae-b584-e053-0100007ff647,511,2009-06-16T12:54:00+00:00,Imported Channel 1,1210,ft^3/s,209,ft,733,ft^2,1.65,ft/s,800.00,ft,Firm,Gravel,Even,Even,Unspecified,Unknown,BridgeDownstreamSide,2026-07-09T20:30:36.896003+00:00,adcp,Upstream
05457700,POINT (-92.6738833333333 43.0621944444444),55293d04-937a-4945-a2e4-3624081f4aff,USGS-05457700,4e65358e-6729-b12c-e053-0100007f3e12,481,2005-04-19T12:40:00+00:00,Imported Channel 1,983,ft^3/s,176,ft,376,ft^2,2.61,ft/s,,,Unspecified,Unspecified,Unspecified,Unspecified,Unspecified,Unknown,Wading,2026-07-09T20:30:36.896003+00:00,point_velocity,Unspecified
05457700,POINT (-92.6738833333333 43.0621944444444),5540c9dd-0829-4475-986b-d7b708659972,USGS-05457700,bc2cec5f-9fc1-4888-8e1f-c9948c7417c3,630,2022-09-26T22:13:59+00:00,Main,266,ft^3/s,178,ft,111,ft^2,2.39,ft/s,300.00,ft,Firm,Cobbles,Uneven,Uneven,Standard,Pulsating,Wading,2026-07-09T20:30:36.896003+00:00,point_velocity,Downstream
05457700,POINT (-92.6738833333333 43.0621944444444),55a0bac0-f96a-4356-a225-cf79bce58cce,USGS-05457700,4e653d11-656b-b582-e053-0100007fde8e,560,2014-07-08T16:31:00+00:00,Charles City,910,ft^3/s,167,ft,497,ft^2,1.83,ft/s,1320.00,ft,Firm,Gravel,Even,Even,Uniform,Unknown,BridgeDownstreamSide,2026-07-09T20:30:36.896003+00:00,adcp,Upstream
05457700,POINT (-92.6738833333333 43.0621944444444),55bc6c86-6947-4a63-887c-284b4ccfc793,USGS-05457700,4e6526f3-7daf-aa3d-e053-0100007fb8a8,475,2004-09-17T16:21:00+00:00,Imported Channel 1,18300,ft^3/s,486,ft,4020,ft^2,5.24,ft/s,,ft,Unspecified,Unspecified,Unspecified,Unspecified,Unspecified,Unknown,Unspecified,2026-07-09T20:30:36.896003+00:00,adcp,Unspecified
05457700,POINT (-92.6738833333333 43.0621944444444),560326f9-ec0f-41ae-8399-0a06f940121a,USGS-05457700,4e652033-f120-a6f2-e053-0100007ffb12,208,1971-03-31T22:55:00+00:00,Imported Channel 1,7620,ft^3/s,245,ft,2020,ft^2,3.77,ft/s,,,Unspecified,Unspecified,Unspecified,Unspecified,Unspecified,Unknown,BridgeCrane,2026-07-09T20:30:36.896003+00:00,point_velocity,Unspecified
05457700,POINT (-92.6738833333333 43.0621944444444),573fc566-7d7d-4352-8042-9959a8062cc5,USGS-05457700,4e65203e-6b13-a6f0-e053-0100007fc347,351,1986-09-16T05:00:00+00:00,Imported Channel 1,395,ft^3/s,168,ft,240,ft^2,1.64,ft/s,,,Unspecified,Unspecified,Unspecified,Unspecified,Unspecified,Unknown,Wading,2026-07-09T20:30:36.896003+00:00,point_velocity,Unspecified
05457700,POINT (-92.6738833333333 43.0621944444444),5766e7b8-a355-43b5-888e-5709109f7a84,USGS-05457700,4e6509e0-85dd-9b44-e053-0100007f617a,299,1980-07-02T12:30:00+00:00,Imported Channel 1,977,ft^3/s,174,ft,422,ft^2,2.32,ft/s,,,Unspecified,Unspecified,Unspecified,Unspecified,Unspecified,Unknown,Wading,2026-07-09T20:30:36.896003+00:00,point_velocity,Unspecified
05457700,POINT (-92.6738833333333 43.0621944444444),57feed42-2cee-4787-81aa-62409b4082de,USGS-05457700,4e651b14-8e3e-a439-e053-0100007f26a2,141,1966-03-01T16:05:00+00:00,Imported Channel 1,299,ft^3/s,163,ft,245,ft^2,1.22,ft/s,,,Unspecified,Unspecified,Unspecified,Unspecified,Unspecified,Unknown,Wading,2026-07-09T20:30:36.896003+00:00,point_velocity,Unspecified
05457700,POINT (-92.6738833333333 43.0621944444444),583387cb-2b71-44f8-a83c-c3b0776ad3e1,USGS-05457700,4e65136c-efa2-a047-e053-0100007f9dba,311,1981-12-30T13:55:00+00:00,Imported Channel 1,249,ft^3/s,154,ft,214,ft^2,1.16,ft/s,,,Unspecified,Unspecified,Unspecified,Unspecified,Unspecified,Unknown,Wading,2026-07-09T20:30:36.896003+00:00,point_velocity,Unspecified
05457700,POINT (-92.6738833333333 43.0621944444444),584e3fee-000f-4739-8ebc-102e96557957,USGS-05457700,4e65135a-4f7e-a098-e053-0100007fb9e0,213,1971-10-20T13:25:00+00:00,Imported Channel 1,190,ft^3/s,162,ft,185,ft^2,1.03,ft/s,,,Unspecified,Unspecified,Unspecified,Unspecified,Unspecified,Unknown,Wading,2026-07-09T20:30:36.896003+00:00,point_velocity,Unspecified
05457700,POINT (-92.6738833333333 43.0621944444444),5859f1b4-a2bf-4448-b76f-cf8227c5ba2b,USGS-05457700,4e6538e6-2ed0-b2bd-e053-0100007ff694,494,2007-01-23T19:18:00+00:00,Imported Channel 1,466,ft^3/s,162,ft,268,ft^2,1.73,ft/s,,,Unspecified,Unspecified,Unspecified,Unspecified,Unspecified,Unknown,Wading,2026-07-09T20:30:36.896003+00:00,point_velocity,Unspecified
05457700,POINT (-92.6738833333333 43.0621944444444),593c46ae-3c70-4b49-8d8d-ff8be0296e6e,USGS-05457700,1de6041b-d72c-4f2a-aca7-14e18ac2ad87,629,2022-08-16T15:37:56+00:00,Main,490,ft^3/s,186,ft,178,ft^2,2.75,ft/s,200.00,ft,Firm,Gravel,Even,Uneven,NonStandard,Pulsating,Wading,2026-07-09T20:30:36.896003+00:00,point_velocity,Downstream
05457700,POINT (-92.6738833333333 43.0621944444444),5967c1a8-6465-4f97-9d8e-e5042934a155,USGS-05457700,4e651b0b-0f03-a437-e053-0100007f5be4,357,1987-09-22T13:50:00+00:00,Imported Channel 1,250,ft^3/s,161,ft,213,ft^2,1.17,ft/s,,,Unspecified,Unspecified,Unspecified,Unspecified,Unspecified,Unknown,Wading,2026-07-09T20:30:36.896003+00:00,point_velocity,Unspecified
05457700,POINT (-92.6738833333333 43.0621944444444),5a489143-f517-4918-bd08-baffbd929bb9,USGS-05457700,4e651b14-8e46-a439-e053-0100007f26a2,206,1971-02-08T21:25:00+00:00,Imported Channel 1,240,ft^3/s,167,ft,178,ft^2,1.35,ft/s,,,Unspecified,Unspecified,Unspecified,Unspecified,Unspecified,Unknown,Wading,2026-07-09T20:30:36.896003+00:00,point_velocity,Unspecified
05457700,POINT (-92.6738833333333 43.0621944444444),5aaf1d39-2011-47ab-83b0-966b13423b36,USGS-05457700,4e65263d-9995-aa13-e053-0100007f7170,380,1990-03-27T00:10:00+00:00,Imported Channel 1,344,ft^3/s,167,ft,231,ft^2,1.49,ft/s,,,Unspecified,Unspecified,Unspecified,Unspecified,Unspecified,Unknown,Wading,2026-07-09T20:30:36.896003+00:00,point_velocity,Unspecified
05457700,POINT (-92.6738833333333 43.0621944444444),5b7559ff-f94c-46c7-97e1-74b241b0b916,USGS-05457700,4e652d45-d32c-ad19-e053-0100007fc516,493,2006-11-06T17:17:00+00:00,Imported Channel 1,251,ft^3/s,167,ft,193,ft^2,1.30,ft/s,,,Unspecified,Unspecified,Unspecified,Unspecified,Unspecified,Unknown,Wading,2026-07-09T20:30:36.896003+00:00,point_velocity,Unspecified
05457700,POINT (-92.6738833333333 43.0621944444444),5cd2c60e-c62c-42e0-beb3-203ceb014a43,USGS-05457700,4e652aff-93c9-ac2e-e053-0100007f3ea0,294,1980-01-09T21:35:00+00:00,Imported Channel 1,246,ft^3/s,162,ft,196,ft^2,1.26,ft/s,,,Unspecified,Unspecified,Unspecified,Unspecified,Unspecified,Unknown,Wading,2026-07-09T20:30:36.896003+00:00,point_velocity,Unspecified
05457700,POINT (-92.6738833333333 43.0621944444444),5cdecd3b-1ddf-41e0-9a24-432a2668dfef,USGS-05457700,4e6518f5-874b-a302-e053-0100007fd64c,81,1952-03-18T19:00:00+00:00,Imported Channel 1,2090,ft^3/s,204,ft,921,ft^2,2.27,ft/s,,,Unspecified,Unspecified,Unspecified,Unspecified,Unspecified,Unknown,BridgeCrane,2026-07-09T20:30:36.896003+00:00,point_velocity,Unspecified
05457700,POINT (-92.6738833333333 43.0621944444444),5d1c2378-a5c4-40af-8c58-c5a0de124c8f,USGS-05457700,4e651baa-e3af-a482-e053-0100007f6761,305,1981-04-21T21:30:00+00:00,Imported Channel 1,450,ft^3/s,172,ft,274,ft^2,1.64,ft/s,,,Unspecified,Unspecified,Unspecified,Unspecified,Unspecified,Unknown,Wading,2026-07-09T20:30:36.896003+00:00,point_velocity,Unspecified
05457700,POINT (-92.6738833333333 43.0621944444444),5d34b27d-2ae7-49f2-8d7c-2280d3ebcc99,USGS-05457700,33c36c12-d200-4015-be4a-59ce837a008f,626,2022-02-01T19:24:41+00:00,Cedar @ Charles City,241,ft^3/s,174,ft,152,ft^2,1.58,ft/s,100.00,ft,Firm,Cobbles,Even,Even,Unknown,Steady,Wading,2026-07-09T20:30:36.896003+00:00,point_velocity,Downstream
05457700,POINT (-92.6738833333333 43.0621944444444),5e5915c3-b20b-457a-b07a-241bd6124d56,USGS-05457700,4e65254e-5da4-a92e-e053-0100007fdf7e,399,1992-04-07T14:25:00+00:00,Imported Channel 1,1010,ft^3/s,175,ft,424,ft^2,2.38,ft/s,,,Unspecified,Unspecified,Unspecified,Unspecified,Unspecified,Unknown,Wading,2026-07-09T20:30:36.896003+00:00,point_velocity,Unspecified
05457700,POINT (-92.6738833333333 43.0621944444444),5f41fbcf-18d1-4cc2-92f5-2ba344911ece,USGS-05457700,4e651c31-2214-a484-e053-0100007f7138,136,1965-10-01T17:55:00+00:00,Imported Channel 1,7220,ft^3/s,255,ft,2220,ft^2,3.25,ft/s,,,Unspecified,Unspecified,Unspecified,Unspecified,Unspecified,Unknown,Cableway,2026-07-09T20:30:36.896003+00:00,point_velocity,Unspecified
05457700,POINT (-92.6738833333333 43.0621944444444),5f636665-bb40-4745-92de-904b5fb6d39a,USGS-05457700,4e652dad-6669-ad25-e053-0100007f0ad5,469,2004-01-20T15:00:00+00:00,Imported Channel 1,117,ft^3/s,157,ft,140,ft^2,0.84,ft/s,,,Unspecified,Unspecified,Unspecified,Unspecified,Unspecified,Unknown,Wading,2026-07-09T20:30:36.896003+00:00,point_velocity,Unspecified
05457700,POINT (-92.6738833333333 43.0621944444444),5f8b40b1-d268-40e1-ba4b-da52b204048d,USGS-05457700,4e6521e4-96e0-a7a0-e053-0100007f9ddb,489,2006-05-08T21:38:00+00:00,Imported Channel 1,1580,ft^3/s,194,ft,541,ft^2,2.91,ft/s,,ft,Unspecified,Unspecified,Unspecified,Unspecified,Unspecified,Unknown,Unspecified,2026-07-09T20:30:36.896003+00:00,adcp,Unspecified
05457700,POINT (-92.6738833333333 43.0621944444444),61187f3a-f1c6-47a5-8d7a-09320cdb1d91,USGS-05457700,4e65203e-6ae1-a6f0-e053-0100007fc347,100,1953-09-22T17:35:00+00:00,Imported Channel 1,71.9,ft^3/s,124,ft,77.3,ft^2,1.06,ft/s,,,Unspecified,Unspecified,Unspecified,Unspecified,Unspecified,Unknown,Wading,2026-07-09T20:30:36.896003+00:00,point_velocity,Unspecified
05457700,POINT (-92.6738833333333 43.0621944444444),611cc6f1-5a2c-4a86-9112-5a7a901f096f,USGS-05457700,4e650da8-192b-9da3-e053-0100007f6541,19,1947-01-27T22:10:00+00:00,Imported Channel 1,329,ft^3/s,162,ft,281,ft^2,1.17,ft/s,,,Unspecified,Unspecified,Unspecified,Unspecified,Unspecified,Unknown,Wading,2026-07-09T20:30:36.896003+00:00,point_velocity,Unspecified
05457700,POINT (-92.6738833333333 43.0621944444444),6122694e-2317-43e3-85ac-4a17c25911f3,USGS-05457700,4e6518c5-5632-a306-e053-0100007f40f9,26,1947-10-15T19:45:00+00:00,Imported Channel 1,160,ft^3/s,143,ft,81.0,ft^2,1.98,ft/s,,,Unspecified,Unspecified,Unspecified,Unspecified,Unspecified,Unknown,Wading,2026-07-09T20:30:36.896003+00:00,point_velocity,Unspecified
05457700,POINT (-92.6738833333333 43.0621944444444),614f9db7-817e-4a6a-bfaa-f9241c0b486b,USGS-05457700,4e65261c-21c8-a9fd-e053-0100007f6717,426,1995-05-31T17:40:00+00:00,Imported Channel 1,2530,ft^3/s,197,ft,839,ft^2,3.02,ft/s,,,Unspecified,Unspecified,Unspecified,Unspecified,Unspecified,Unknown,BridgeCrane,2026-07-09T20:30:36.896003+00:00,point_velocity,Unspecified
05457700,POINT (-92.6738833333333 43.0621944444444),618cdff5-03e9-4ba7-9145-a800a28916ce,USGS-05457700,4e64ffce-ce76-9693-e053-0100007fa9a0,24,1947-08-06T14:50:00+00:00,Imported Channel 1,151,ft^3/s,161,ft,204,ft^2,0.74,ft/s,,,Unspecified,Unspecified,Unspecified,Unspecified,Unspecified,Unknown,Wading,2026-07-09T20:30:36.896003+00:00,point_velocity,Unspecified
05457700,POINT (-92.6738833333333 43.0621944444444),6241b378-3958-4850-b843-048ee15e5c12,USGS-05457700,4e651f60-e3bf-a66a-e053-0100007f6871,427,1995-06-28T19:25:00+00:00,Imported Channel 1,1070,ft^3/s,184,ft,414,ft^2,2.58,ft/s,,,Unspecified,Unspecified,Unspecified,Unspecified,Unspecified,Unknown,Wading,2026-07-09T20:30:36.896003+00:00,point_velocity,Unspecified
05457700,POINT (-92.6738833333333 43.0621944444444),627c11c2-3662-44c2-8689-55ed63fb6316,USGS-05457700,4e6518d9-d141-a304-e053-0100007f4a75,289,1979-06-20T22:15:00+00:00,Imported Channel 1,422,ft^3/s,168,ft,255,ft^2,1.65,ft/s,,,Unspecified,Unspecified,Unspecified,Unspecified,Unspecified,Unknown,Wading,2026-07-09T20:30:36.896003+00:00,point_velocity,Unspecified
05457700,POINT (-92.6738833333333 43.0621944444444),62bd9a5c-f570-4ad4-a151-3ec0a8a22e4c,USGS-05457700,4e650c0b-7d75-9b96-e053-0100007fc22b,166,1968-01-16T22:45:00+00:00,Imported Channel 1,131,ft^3/s,141,ft,148,ft^2,0.88,ft/s,,,Unspecified,Unspecified,Unspecified,Unspecified,Unspecified,Unknown,Wading,2026-07-09T20:30:36.896003+00:00,point_velocity,Unspecified
05457700,POINT (-92.6738833333333 43.0621944444444),635a94c0-e074-4993-9b81-6a162d218cb5,USGS-05457700,4e653171-15a9-af6c-e053-0100007faa03,557,2014-02-27T18:41:30+00:00,Charles City,101,ft^3/s,164,ft,105,ft^2,0.97,ft/s,15.00,ft,Firm,Gravel,Even,Even,Uniform,Unknown,Wading,2026-07-09T20:30:36.896003+00:00,point_velocity,Upstream
05457700,POINT (-92.6738833333333 43.0621944444444),640c2a7d-0687-4234-983e-66cfd4ca499c,USGS-05457700,4e65205c-78ff-a6f4-e053-0100007f39d2,98,1953-07-21T21:35:00+00:00,Imported Channel 1,1070,ft^3/s,188,ft,537,ft^2,1.99,ft/s,,,Unspecified,Unspecified,Unspecified,Unspecified,Unspecified,Unknown,Wading,2026-07-09T20:30:36.896003+00:00,point_velocity,Unspecified
05457700,POINT (-92.6738833333333 43.0621944444444),644251af-1540-460a-a273-e14325de95ed,USGS-05457700,4e652229-71d4-a7a2-e053-0100007f0dc5,197,1970-03-17T15:45:00+00:00,Imported Channel 1,354,ft^3/s,164,ft,247,ft^2,1.43,ft/s,,,Unspecified,Unspecified,Unspecified,Unspecified,Unspecified,Unknown,Wading,2026-07-09T20:30:36.896003+00:00,point_velocity,Unspecified
05457700,POINT (-92.6738833333333 43.0621944444444),6454fabe-4772-424a-8879-072e661cc903,USGS-05457700,4e6531e9-a83c-afa0-e053-0100007f2af8,527,2011-03-21T19:08:00+00:00,Imported Channel 1,10200,ft^3/s,216,ft,2680,ft^2,3.80,ft/s,2640.00,ft,Firm,Gravel,Uneven,Even,Unspecified,Unknown,BridgeDownstreamSide,2026-07-09T20:30:36.896003+00:00,adcp,Downstream
05457700,POINT (-92.6738833333333 43.0621944444444),64a68ece-2dd7-496d-aeba-89274d264dbc,USGS-05457700,4e652561-3d53-a92a-e053-0100007f3deb,272,1977-11-15T21:05:00+00:00,Imported Channel 1,189,ft^3/s,161,ft,168,ft^2,1.12,ft/s,,,Unspecified,Unspecified,Unspecified,Unspecified,Unspecified,Unknown,Wading,2026-07-09T20:30:36.896003+00:00,point_velocity,Unspecified
05457700,POINT (-92.6738833333333 43.0621944444444),64a90aee-f6bd-4ef9-a78a-cc93092961a4,USGS-05457700,4e652033-f117-a6f2-e053-0100007ffb12,97,1953-06-23T19:20:00+00:00,Imported Channel 1,336,ft^3/s,164,ft,237,ft^2,1.42,ft/s,,,Unspecified,Unspecified,Unspecified,Unspecified,Unspecified,Unknown,Wading,2026-07-09T20:30:36.896003+00:00,point_velocity,Unspecified
05457700,POINT (-92.6738833333333 43.0621944444444),65053c9d-133b-4f4b-98f7-c50ce1f8f3b5,USGS-05457700,4e651f75-2821-a694-e053-0100007fa94a,346,1986-02-20T06:00:00+00:00,Imported Channel 1,246,ft^3/s,167,ft,211,ft^2,1.17,ft/s,,,Unspecified,Unspecified,Unspecified,Unspecified,Unspecified,Unknown,Ice,2026-07-09T20:30:36.896003+00:00,point_velocity,Unspecified
05457700,POINT (-92.6738833333333 43.0621944444444),658caa4f-63aa-4ae1-a873-4721ba621b84,USGS-05457700,4e65319c-76c0-af90-e053-0100007f04f6,455,2002-06-25T12:45:00+00:00,Imported Channel 1,715,ft^3/s,179,ft,320,ft^2,2.23,ft/s,,,Unspecified,Unspecified,Unspecified,Unspecified,Unspecified,Unknown,Wading,2026-07-09T20:30:36.896003+00:00,point_velocity,Unspecified
05457700,POINT (-92.6738833333333 43.0621944444444),65ce8bee-1b00-418c-87f3-915a57745871,USGS-05457700,4e652165-688f-a73e-e053-0100007fb191,227,1973-05-31T12:50:00+00:00,Imported Channel 1,1300,ft^3/s,170,ft,468,ft^2,2.78,ft/s,,,Unspecified,Unspecified,Unspecified,Unspecified,Unspecified,Unknown,Wading,2026-07-09T20:30:36.896003+00:00,point_velocity,Unspecified
05457700,POINT (-92.6738833333333 43.0621944444444),65fe0c5b-7b20-4713-968d-b4557c12bec0,USGS-05457700,4e653d09-bc8f-b573-e053-0100007f618f,535,2012-01-17T18:41:00+00:00,Imported Channel 1,202,ft^3/s,168,ft,127,ft^2,1.59,ft/s,75.00,ft,Unspecified,Gravel,Unspecified,Unspecified,Unspecified,Unknown,Wading,2026-07-09T20:30:36.896003+00:00,point_velocity,Upstream
05457700,POINT (-92.6738833333333 43.0621944444444),663ae86d-eb41-4a41-8b98-9eba8cf8cfdd,USGS-05457700,4e650bbd-aa01-9c46-e053-0100007fbd8b,33,1948-03-25T16:05:00+00:00,Imported Channel 1,800,ft^3/s,195,ft,611,ft^2,1.31,ft/s,,,Unspecified,Unspecified,Unspecified,Unspecified,Unspecified,Unknown,BridgeCrane,2026-07-09T20:30:36.896003+00:00,point_velocity,Unspecified
05457700,POINT (-92.6738833333333 43.0621944444444),6649b548-526a-42a3-9566-ce35066d14c8,USGS-05457700,4e65254e-5d78-a92e-e053-0100007fdf7e,243,1975-04-01T13:47:00+00:00,Imported Channel 1,814,ft^3/s,170,ft,360,ft^2,2.26,ft/s,,,Unspecified,Unspecified,Unspecified,Unspecified,Unspecified,Unknown,Wading,2026-07-09T20:30:36.896003+00:00,point_velocity,Unspecified
05457700,POINT (-92.6738833333333 43.0621944444444),66599956-6776-4841-8c67-2f4fd2c92284,USGS-05457700,64a71c75-e220-f8a3-e053-0100007f216a,593,2018-02-05T15:39:00+00:00,Charles City,246,ft^3/s,163,ft,190,ft^2,1.30,ft/s,50.00,ft,Firm,Cobbles,Uneven,Even,Standard,Pulsating,Wading,2026-07-09T20:30:36.896003+00:00,point_velocity,Upstream
05457700,POINT (-92.6738833333333 43.0621944444444),677a5536-2bea-4bf9-920c-4205e1d85da9,USGS-05457700,4e652033-f153-a6f2-e053-0100007ffb12,371,1989-05-03T21:00:00+00:00,Imported Channel 1,534,ft^3/s,169,ft,285,ft^2,1.87,ft/s,,,Unspecified,Unspecified,Unspecified,Unspecified,Unspecified,Unknown,Wading,2026-07-09T20:30:36.896003+00:00,point_velocity,Unspecified
05457700,POINT (-92.6738833333333 43.0621944444444),67df8ac1-5c25-4729-a177-acf1f366a30c,USGS-05457700,4e651f4b-d527-a666-e053-0100007f3d82,236,1974-06-12T13:40:00+00:00,Imported Channel 1,3510,ft^3/s,215,ft,1060,ft^2,3.31,ft/s,,,Unspecified,Unspecified,Unspecified,Unspecified,Unspecified,Unknown,BridgeCrane,2026-07-09T20:30:36.896003+00:00,point_velocity,Unspecified
05457700,POINT (-92.6738833333333 43.0621944444444),682ca7f8-ca81-484c-9eb6-5da0dffe9c5d,USGS-05457700,50ac0eae-c5ee-41b7-a118-b94b594cf4f5,655,2026-07-09T19:51:26+00:00,Charles,9690,ft^3/s,191,ft,1100,ft^2,8.80,ft/s,1000.00,ft,Soft,Gravel,Uneven,Uneven,Standard,Pulsating,BridgeDownstreamSide,2026-07-09T20:30:36.896003+00:00,adcp,Upstream
05457700,POINT (-92.6738833333333 43.0621944444444),68710534-36d5-4a0a-b651-489f4b15dc2f,USGS-05457700,4e650c6f-de94-9c48-e053-0100007f1a38,37,1948-08-04T15:20:00+00:00,Imported Channel 1,104,ft^3/s,160,ft,194,ft^2,0.54,ft/s,,,Unspecified,Unspecified,Unspecified,Unspecified,Unspecified,Unknown,Wading,2026-07-09T20:30:36.896003+00:00,point_velocity,Unspecified
05457700,POINT (-92.6738833333333 43.0621944444444),68724455-4972-45f7-827d-76a4b12217b7,USGS-05457700,e373c859-abbc-4f59-a10f-9bc5ac56ec26,654,2026-05-11T19:37:36+00:00,Main,567,ft^3/s,165,ft,192,ft^2,2.95,ft/s,50.00,ft,Soft,Cobbles,Uneven,Uneven,Standard,Pulsating,Wading,2026-07-09T20:30:36.896003+00:00,point_velocity,Downstream
05457700,POINT (-92.6738833333333 43.0621944444444),68a8f68c-fa62-4a7d-a596-b0857dfdfb9e,USGS-05457700,4e65180f-802e-a2b0-e053-0100007ffb32,126,1965-04-10T14:00:00+00:00,Imported Channel 1,10600,ft^3/s,266,ft,2950,ft^2,3.56,ft/s,,,Unspecified,Unspecified,Unspecified,Unspecified,Unspecified,Unknown,BridgeCrane,2026-07-09T20:30:36.896003+00:00,point_velocity,Unspecified
05457700,POINT (-92.6738833333333 43.0621944444444),68abd1c5-ff85-4b9b-9c3e-d4c11721a66f,USGS-05457700,4e65265c-ca60-aa15-e053-0100007fc532,402,1992-07-07T22:55:00+00:00,Imported Channel 1,436,ft^3/s,170,ft,266,ft^2,1.64,ft/s,,,Unspecified,Unspecified,Unspecified,Unspecified,Unspecified,Unknown,Wading,2026-07-09T20:30:36.896003+00:00,point_velocity,Unspecified
05457700,POINT (-92.6738833333333 43.0621944444444),69306936-06fd-4c9c-a1c6-2b141fed8aba,USGS-05457700,4e6518d9-d130-a304-e053-0100007f4a75,86,1952-08-13T13:10:00+00:00,Imported Channel 1,437,ft^3/s,174,ft,194,ft^2,2.25,ft/s,,,Unspecified,Unspecified,Unspecified,Unspecified,Unspecified,Unknown,Wading,2026-07-09T20:30:36.896003+00:00,point_velocity,Unspecified
05457700,POINT (-92.6738833333333 43.0621944444444),69798d36-77b6-419d-b628-2002392b692d,USGS-05457700,4e652148-3a13-a748-e053-0100007f5b88,378,1990-02-20T23:15:00+00:00,Imported Channel 1,129,ft^3/s,155,ft,147,ft^2,0.88,ft/s,,,Unspecified,Unspecified,Unspecified,Unspecified,Unspecified,Unknown,Wading,2026-07-09T20:30:36.896003+00:00,point_velocity,Unspecified
05457700,POINT (-92.6738833333333 43.0621944444444),6a1aae60-089f-4921-82ac-d9b47bc650de,USGS-05457700,4e653b4a-79a0-b428-e053-0100007fe74f,579,2016-09-21T20:43:00+00:00,05457700,2640,ft^3/s,219,ft,948,ft^2,2.79,ft/s,1320.00,ft,Firm,Cobbles,Uneven,Uneven,NonStandard,Unknown,BridgeDownstreamSide,2026-07-09T20:30:36.896003+00:00,adcp,Upstream
05457700,POINT (-92.6738833333333 43.0621944444444),6a848efd-9707-4f91-b9c1-0aefd807075a,USGS-05457700,4e65203e-6ada-a6f0-e053-0100007fc347,59,1950-07-14T19:30:00+00:00,Imported Channel 1,129,ft^3/s,158,ft,193,ft^2,0.67,ft/s,,,Unspecified,Unspecified,Unspecified,Unspecified,Unspecified,Unknown,Wading,2026-07-09T20:30:36.896003+00:00,point_velocity,Unspecified
05457700,POINT (-92.6738833333333 43.0621944444444),6aa6a4d7-18a6-4a36-8f95-b2ad06376c9b,USGS-05457700,4e650b72-c047-9c18-e053-0100007f206f,279,1978-06-16T16:35:00+00:00,Imported Channel 1,2470,ft^3/s,197,ft,782,ft^2,3.16,ft/s,,,Unspecified,Unspecified,Unspecified,Unspecified,Unspecified,Unknown,BridgeCrane,2026-07-09T20:30:36.896003+00:00,point_velocity,Unspecified
05457700,POINT (-92.6738833333333 43.0621944444444),6ac3ea97-1efa-4c45-8fee-0a36113939a6,USGS-05457700,4e650d85-fea0-9d9f-e053-0100007fcf43,189,1969-07-16T12:00:00+00:00,Imported Channel 1,1910,ft^3/s,195,ft,714,ft^2,2.68,ft/s,,,Unspecified,Unspecified,Unspecified,Unspecified,Unspecified,Unknown,BridgeCrane,2026-07-09T20:30:36.896003+00:00,point_velocity,Unspecified
05457700,POINT (-92.6738833333333 43.0621944444444),6b091124-459d-47ab-88fe-e6b4eed3a84f,USGS-05457700,4e652af3-d822-ac14-e053-0100007fa168,451,2002-01-24T18:20:00+00:00,Imported Channel 1,213,ft^3/s,171,ft,182,ft^2,1.17,ft/s,,,Unspecified,Unspecified,Unspecified,Unspecified,Unspecified,Unknown,Wading,2026-07-09T20:30:36.896003+00:00,point_velocity,Unspecified
05457700,POINT (-92.6738833333333 43.0621944444444),6b0c793c-1636-44a5-a85d-30b054727539,USGS-05457700,950a0707-8ea8-4295-b07a-8f6fe4a37213,650,2025-07-29T13:39:39+00:00,Charles at foot bridge,4410,ft^3/s,189,ft,804,ft^2,5.48,ft/s,1000.00,ft,Firm,BedrockLedgeArtificial,Uneven,Even,Standard,Pulsating,BridgeDownstreamSide,2026-07-09T20:30:36.896003+00:00,adcp,Upstream
05457700,POINT (-92.6738833333333 43.0621944444444),6b44d495-a9c3-49a5-8964-76d385b0c7ee,USGS-05457700,6892dd8d-a8c0-a421-e053-0100007f827b,594,2018-03-28T20:55:00+00:00,Charles City,592,ft^3/s,182,ft,266,ft^2,2.22,ft/s,50.00,ft,Firm,Gravel,Even,Even,Standard,Pulsating,Wading,2026-07-09T20:30:36.896003+00:00,point_velocity,Upstream
05457700,POINT (-92.6738833333333 43.0621944444444),6c6cc47a-9274-4409-a2bf-987251f2cd80,USGS-05457700,50eca706-5902-79ca-e053-0100007fcc7c,587,2017-06-01T16:54:49+00:00,Charles City,1120,ft^3/s,212,ft,547,ft^2,2.05,ft/s,2500.00,ft,Firm,Gravel,Uneven,Uneven,Standard,Unknown,BridgeDownstreamSide,2026-07-09T20:30:36.896003+00:00,adcp,Upstream
05457700,POINT (-92.6738833333333 43.0621944444444),6c95f535-5010-499e-8c56-fd27073c9435,USGS-05457700,4e652dad-667b-ad25-e053-0100007f0ad5,518,2010-04-27T20:42:00+00:00,Imported Channel 1,536,ft^3/s,178,ft,268,ft^2,2.00,ft/s,,,Firm,Gravel,Even,Even,Unspecified,Unknown,Wading,2026-07-09T20:30:36.896003+00:00,point_velocity,Unspecified
05457700,POINT (-92.6738833333333 43.0621944444444),6cdd6902-f580-4c9f-a2f3-4b44978383cc,USGS-05457700,4e650c07-a0e9-9bd6-e053-0100007fee83,45,1949-06-08T14:20:00+00:00,Imported Channel 1,203,ft^3/s,165,ft,1.52,ft^2,1.34,ft/s,,,Unspecified,Unspecified,Unspecified,Unspecified,Unspecified,Unknown,Wading,2026-07-09T20:30:36.896003+00:00,point_velocity,Unspecified
05457700,POINT (-92.6738833333333 43.0621944444444),6ce0812a-6531-4afb-b6b8-3e33241f1632,USGS-05457700,4e650da8-192a-9da3-e053-0100007f6541,12,1946-09-07T20:25:00+00:00,Imported Channel 1,13700,ft^3/s,274,ft,3650,ft^2,3.75,ft/s,,,Unspecified,Unspecified,Unspecified,Unspecified,Unspecified,Unknown,BridgeCrane,2026-07-09T20:30:36.896003+00:00,point_velocity,Unspecified
05457700,POINT (-92.6738833333333 43.0621944444444),6d367bf0-7b36-415e-9f58-3cbff1c98c84,USGS-05457700,4e651f6e-e910-a664-e053-0100007fad64,255,1976-05-27T20:25:00+00:00,Imported Channel 1,441,ft^3/s,180,ft,204,ft^2,2.16,ft/s,,,Unspecified,Unspecified,Unspecified,Unspecified,Unspecified,Unknown,Wading,2026-07-09T20:30:36.896003+00:00,point_velocity,Unspecified
05457700,POINT (-92.6738833333333 43.0621944444444),6d51db26-8cb8-41f6-8864-01c7578acc38,USGS-05457700,4e652618-b1c3-a92c-e053-0100007fd67b,324,1983-08-10T20:30:00+00:00,Imported Channel 1,318,ft^3/s,168,ft,233,ft^2,1.36,ft/s,,,Unspecified,Unspecified,Unspecified,Unspecified,Unspecified,Unknown,Wading,2026-07-09T20:30:36.896003+00:00,point_velocity,Unspecified
05457700,POINT (-92.6738833333333 43.0621944444444),6e7feed9-1b56-4fe4-9bd3-45e5907e83d6,USGS-05457700,88f1c8b2-3917-f83a-e053-0100007fd53d,607,2019-05-15T17:30:30+00:00,Charles City,1880,ft^3/s,123,ft,460,ft^2,4.09,ft/s,2000.00,ft,Firm,CobblesBoulders,Uneven,Even,Standard,Pulsating,BridgeDownstreamSide,2026-07-09T20:30:36.896003+00:00,adcp,Upstream
05457700,POINT (-92.6738833333333 43.0621944444444),6ef509a0-4a35-4a56-a18c-12b33fcafd49,USGS-05457700,4e652698-4fb1-aa11-e053-0100007f5837,301,1980-11-06T14:00:00+00:00,Imported Channel 1,508,ft^3/s,167,ft,295,ft^2,1.72,ft/s,,,Unspecified,Unspecified,Unspecified,Unspecified,Unspecified,Unknown,Wading,2026-07-09T20:30:36.896003+00:00,point_velocity,Unspecified
05457700,POINT (-92.6738833333333 43.0621944444444),6fd8924b-3892-42f0-998f-d7b988c9d1b2,USGS-05457700,4e65110e-ae7e-9f74-e053-0100007fbaa0,307,1981-07-16T12:20:00+00:00,Imported Channel 1,4440,ft^3/s,215,ft,1230,ft^2,3.60,ft/s,,,Unspecified,Unspecified,Unspecified,Unspecified,Unspecified,Unknown,BridgeCrane,2026-07-09T20:30:36.896003+00:00,point_velocity,Unspecified
05457700,POINT (-92.6738833333333 43.0621944444444),7072be40-c51a-4b5f-a060-ab08c664158c,USGS-05457700,4e6510da-f03c-9f78-e053-0100007f4183,128,1965-04-14T19:20:00+00:00,Imported Channel 1,3620,ft^3/s,222,ft,1390,ft^2,2.60,ft/s,,,Unspecified,Unspecified,Unspecified,Unspecified,Unspecified,Unknown,BridgeCrane,2026-07-09T20:30:36.896003+00:00,point_velocity,Unspecified
05457700,POINT (-92.6738833333333 43.0621944444444),70ad632f-6a93-4dc2-b43f-acd4d4aa309f,USGS-05457700,4e653bd4-a269-b263-e053-0100007f735c,540,2012-08-13T16:12:00+00:00,Imported Channel 1,198,ft^3/s,160,ft,171,ft^2,1.16,ft/s,20.00,ft,Unspecified,Sand,Unspecified,Unspecified,Unspecified,Unknown,Wading,2026-07-09T20:30:36.896003+00:00,point_velocity,Upstream
05457700,POINT (-92.6738833333333 43.0621944444444),70d67f84-5935-4d3c-aeee-45de953b27e2,USGS-05457700,4e652e20-bf74-adae-e053-0100007fb24f,379,1990-03-12T18:25:00+00:00,Imported Channel 1,1710,ft^3/s,193,ft,599,ft^2,2.85,ft/s,,,Unspecified,Unspecified,Unspecified,Unspecified,Unspecified,Unknown,BridgeCrane,2026-07-09T20:30:36.896003+00:00,point_velocity,Unspecified
05457700,POINT (-92.6738833333333 43.0621944444444),7125039a-089a-4205-98cf-27de25cfa3a1,USGS-05457700,753c41c8-c849-9a4f-e053-0100007f1159,600,2018-09-06T16:53:49+00:00,05457700,8510,ft^3/s,238,ft,1800,ft^2,4.72,ft/s,0.00,ft,Firm,Gravel,Even,Even,Uniform,Steady,MannedMovingBoat,2026-07-09T20:30:36.896003+00:00,adcp,AtTheGage
05457700,POINT (-92.6738833333333 43.0621944444444),7189af49-efd8-471d-8f83-90532c6733d7,USGS-05457700,4e650c0b-7d6d-9b96-e053-0100007fc22b,152,1967-01-04T15:25:00+00:00,Imported Channel 1,146,ft^3/s,161,ft,201,ft^2,0.73,ft/s,,,Unspecified,Unspecified,Unspecified,Unspecified,Unspecified,Unknown,Wading,2026-07-09T20:30:36.896003+00:00,point_velocity,Unspecified
05457700,POINT (-92.6738833333333 43.0621944444444),722a8fff-9c1e-4145-8fd7-b777902f7ecc,USGS-05457700,4e6526f3-7db3-aa3d-e053-0100007fb8a8,491,2006-07-31T18:37:00+00:00,Imported Channel 1,274,ft^3/s,167,ft,203,ft^2,1.35,ft/s,,,Unspecified,Unspecified,Unspecified,Unspecified,Unspecified,Unknown,Wading,2026-07-09T20:30:36.896003+00:00,point_velocity,Unspecified
05457700,POINT (-92.6738833333333 43.0621944444444),72816085-24e8-4e70-a726-5058275cc4e0,USGS-05457700,4e652561-3d6d-a92a-e053-0100007f3deb,337,1985-02-06T06:00:00+00:00,Imported Channel 1,187,ft^3/s,170,ft,214,ft^2,0.87,ft/s,,,Unspecified,Unspecified,Unspecified,Unspecified,Unspecified,Unknown,Ice,2026-07-09T20:30:36.896003+00:00,point_velocity,Unspecified
05457700,POINT (-92.6738833333333 43.0621944444444),72d44030-efc3-41fa-9340-056bbe935454,USGS-05457700,4e65149c-6f71-a131-e053-0100007f4e3f,234,1974-03-20T18:05:00+00:00,Imported Channel 1,958,ft^3/s,169,ft,387,ft^2,2.48,ft/s,,,Unspecified,Unspecified,Unspecified,Unspecified,Unspecified,Unknown,Wading,2026-07-09T20:30:36.896003+00:00,point_velocity,Unspecified
05457700,POINT (-92.6738833333333 43.0621944444444),7353bd87-cecd-4e25-8b48-aa10321a62f7,USGS-05457700,4e652e46-45df-ad3a-e053-0100007fb1d3,360,1988-01-28T14:15:00+00:00,Imported Channel 1,193,ft^3/s,159,ft,228,ft^2,0.85,ft/s,,,Unspecified,Unspecified,Unspecified,Unspecified,Unspecified,Unknown,Ice,2026-07-09T20:30:36.896003+00:00,point_velocity,Unspecified
05457700,POINT (-92.6738833333333 43.0621944444444),737c7561-bd0c-4166-b489-9c434f6c7b17,USGS-05457700,4e653c65-dce4-b508-e053-0100007f6e84,492,2006-10-02T19:20:00+00:00,Imported Channel 1,450,ft^3/s,177,ft,264,ft^2,1.70,ft/s,,,Unspecified,Unspecified,Unspecified,Unspecified,Unspecified,Unknown,Wading,2026-07-09T20:30:36.896003+00:00,point_velocity,Unspecified
05457700,POINT (-92.6738833333333 43.0621944444444),73853c31-8f29-4263-ac40-80b4849d254a,USGS-05457700,4e6538e6-2ed6-b2bd-e053-0100007ff694,521,2010-08-30T20:49:00+00:00,Imported Channel 1,303,ft^3/s,170,ft,199,ft^2,1.52,ft/s,75.00,ft,Firm,CobblesBoulders,Even,Unspecified,Unspecified,Unknown,Wading,2026-07-09T20:30:36.896003+00:00,point_velocity,Upstream
05457700,POINT (-92.6738833333333 43.0621944444444),73904db6-a6a4-4b81-bed1-d81fd43f1c26,USGS-05457700,4e651f4b-d513-a666-e053-0100007f3d82,40,1948-10-28T12:25:00+00:00,Imported Channel 1,105,ft^3/s,158,ft,89.6,ft^2,1.18,ft/s,,,Unspecified,Unspecified,Unspecified,Unspecified,Unspecified,Unknown,Wading,2026-07-09T20:30:36.896003+00:00,point_velocity,Unspecified
05457700,POINT (-92.6738833333333 43.0621944444444),74602678-e74c-4a7a-a448-be89b9412701,USGS-05457700,4e653472-0cbb-b0d1-e053-0100007ff18f,572,2015-12-02T18:01:00+00:00,Charles City,1250,ft^3/s,187,ft,550,ft^2,2.28,ft/s,1240.00,ft,Firm,Gravel,Uneven,Even,Standard,Unknown,BridgeDownstreamSide,2026-07-09T20:30:36.896003+00:00,adcp,Upstream
05457700,POINT (-92.6738833333333 43.0621944444444),758e2db2-4945-40b0-ab86-0f02705fb943,USGS-05457700,4e651d0e-1cc4-a486-e053-0100007f1a31,251,1975-12-08T21:45:00+00:00,Imported Channel 1,506,ft^3/s,168,ft,294,ft^2,1.72,ft/s,,,Unspecified,Unspecified,Unspecified,Unspecified,Unspecified,Unknown,Wading,2026-07-09T20:30:36.896003+00:00,point_velocity,Unspecified
05457700,POINT (-92.6738833333333 43.0621944444444),763a0b70-de4f-4018-aaf0-4bd1beb77af7,USGS-05457700,4e653c4d-0915-b52c-e053-0100007fdf51,508,2009-01-21T20:55:00+00:00,Imported Channel 1,200,ft^3/s,178,ft,174,ft^2,1.15,ft/s,80.00,ft,Firm,CobblesBoulders,Even,Even,Unspecified,Unknown,Ice,2026-07-09T20:30:36.896003+00:00,point_velocity,Downstream
05457700,POINT (-92.6738833333333 43.0621944444444),76eee4fc-34b3-4fbb-9bdc-e1a6821ba768,USGS-05457700,4e650ab3-780e-9bda-e053-0100007f33a9,157,1967-05-02T20:30:00+00:00,Imported Channel 1,479,ft^3/s,166,ft,265,ft^2,1.81,ft/s,,,Unspecified,Unspecified,Unspecified,Unspecified,Unspecified,Unknown,Wading,2026-07-09T20:30:36.896003+00:00,point_velocity,Unspecified
05457700,POINT (-92.6738833333333 43.0621944444444),76f8afff-6552-4cea-8971-e1e25ff1fb75,USGS-05457700,4e653895-7ad5-b2bb-e053-0100007f5f73,496,2007-04-30T18:26:00+00:00,Imported Channel 1,1080,ft^3/s,176,ft,448,ft^2,2.41,ft/s,,,Unspecified,Unspecified,Unspecified,Unspecified,Unspecified,Unknown,Wading,2026-07-09T20:30:36.896003+00:00,point_velocity,Unspecified
05457700,POINT (-92.6738833333333 43.0621944444444),77172141-61be-4af5-ba47-f38d4430ece7,USGS-05457700,4e650dfa-4b4a-9dd5-e053-0100007f4a26,150,1966-11-01T20:55:00+00:00,Imported Channel 1,218,ft^3/s,142,ft,143,ft^2,1.62,ft/s,,,Unspecified,Unspecified,Unspecified,Unspecified,Unspecified,Unknown,Wading,2026-07-09T20:30:36.896003+00:00,point_velocity,Unspecified
05457700,POINT (-92.6738833333333 43.0621944444444),777a748b-4742-4f72-a091-fe04f198a99c,USGS-05457700,4e652229-71fd-a7a2-e053-0100007f0dc5,401,1992-05-19T12:30:00+00:00,Imported Channel 1,1690,ft^3/s,195,ft,650,ft^2,2.60,ft/s,,,Unspecified,Unspecified,Unspecified,Unspecified,Unspecified,Unknown,BridgeCrane,2026-07-09T20:30:36.896003+00:00,point_velocity,Unspecified
05457700,POINT (-92.6738833333333 43.0621944444444),7795f75f-2b1c-4153-a1bf-b1dcea7cdbf8,USGS-05457700,4e651f60-e39f-a66a-e053-0100007f6871,159,1967-06-22T19:20:00+00:00,Imported Channel 1,847,ft^3/s,167,ft,365,ft^2,2.32,ft/s,,,Unspecified,Unspecified,Unspecified,Unspecified,Unspecified,Unknown,Wading,2026-07-09T20:30:36.896003+00:00,point_velocity,Unspecified
05457700,POINT (-92.6738833333333 43.0621944444444),77e6db64-d978-4dfd-aadd-3911107008ab,USGS-05457700,4e650da8-192d-9da3-e053-0100007f6541,30,1948-02-04T22:15:00+00:00,Imported Channel 1,110,ft^3/s,134,ft,81.5,ft^2,1.35,ft/s,,,Unspecified,Unspecified,Unspecified,Unspecified,Unspecified,Unknown,Wading,2026-07-09T20:30:36.896003+00:00,point_velocity,Unspecified
05457700,POINT (-92.6738833333333 43.0621944444444),7afb6e95-52da-4107-ab08-b498df64fb24,USGS-05457700,4e65203e-6ae2-a6f0-e053-0100007fc347,104,1954-01-05T18:15:00+00:00,Imported Channel 1,122,ft^3/s,150,ft,97.7,ft^2,1.25,ft/s,,,Unspecified,Unspecified,Unspecified,Unspecified,Unspecified,Unknown,Wading,2026-07-09T20:30:36.896003+00:00,point_velocity,Unspecified
05457700,POINT (-92.6738833333333 43.0621944444444),7ce51e3e-3412-4a08-ab4a-d336969a44c0,USGS-05457700,4e653c48-b117-b528-e053-0100007f3471,503,2008-06-09T16:45:00+00:00,Imported Channel 1,34500,ft^3/s,362,ft,6090,ft^2,6.38,ft/s,,ft,Unspecified,Unspecified,Unspecified,Unspecified,Unspecified,Unknown,Unspecified,2026-07-09T20:30:36.896003+00:00,adcp,Unspecified
05457700,POINT (-92.6738833333333 43.0621944444444),7ceb26fd-52d9-445b-95d8-6888e0d08f3c,USGS-05457700,4e65265c-ca89-aa15-e053-0100007fc532,571,2015-10-14T14:24:30+00:00,Charles City,389,ft^3/s,186,ft,188,ft^2,2.07,ft/s,,,Firm,Gravel,Uneven,Even,Standard,Unknown,Wading,2026-07-09T20:30:36.896003+00:00,point_velocity,AtTheGage
05457700,POINT (-92.6738833333333 43.0621944444444),7d3e24a5-02e4-4a86-a45d-49a9acedef06,USGS-05457700,4e651e31-3903-a597-e053-0100007fedcc,221,1972-09-19T20:10:00+00:00,Imported Channel 1,342,ft^3/s,162,ft,234,ft^2,1.46,ft/s,,,Unspecified,Unspecified,Unspecified,Unspecified,Unspecified,Unknown,Wading,2026-07-09T20:30:36.896003+00:00,point_velocity,Unspecified
05457700,POINT (-92.6738833333333 43.0621944444444),7d6f7d31-4852-4d52-be36-564429173131,USGS-05457700,4e65263d-99a3-aa13-e053-0100007f7170,452,2002-02-21T16:30:00+00:00,Imported Channel 1,392,ft^3/s,173,ft,250,ft^2,1.57,ft/s,,,Unspecified,Unspecified,Unspecified,Unspecified,Unspecified,Unknown,Wading,2026-07-09T20:30:36.896003+00:00,point_velocity,Unspecified
05457700,POINT (-92.6738833333333 43.0621944444444),7d790b65-212e-44c0-8ede-fe81d6b28673,USGS-05457700,4e650d94-7a27-9b40-e053-0100007f8f3d,5,1946-03-19T21:25:00+00:00,Imported Channel 1,1470,ft^3/s,203,ft,828,ft^2,1.76,ft/s,,,Unspecified,Unspecified,Unspecified,Unspecified,Unspecified,Unknown,BridgeCrane,2026-07-09T20:30:36.896003+00:00,point_velocity,Unspecified
05457700,POINT (-92.6738833333333 43.0621944444444),7e66fc81-9975-4749-b735-a9d47f22067d,USGS-05457700,4e650a87-9fd0-9bd4-e053-0100007f22c6,63,1950-11-08T14:30:00+00:00,Imported Channel 1,164,ft^3/s,170,ft,195,ft^2,0.84,ft/s,,,Unspecified,Unspecified,Unspecified,Unspecified,Unspecified,Unknown,Wading,2026-07-09T20:30:36.896003+00:00,point_velocity,Unspecified
05457700,POINT (-92.6738833333333 43.0621944444444),7edc9bef-0e07-429e-b49f-9154b25bd4fa,USGS-05457700,4e6518a7-e27b-a308-e053-0100007f2fa7,333,1984-08-21T22:15:00+00:00,Imported Channel 1,292,ft^3/s,164,ft,232,ft^2,1.26,ft/s,,,Unspecified,Unspecified,Unspecified,Unspecified,Unspecified,Unknown,Wading,2026-07-09T20:30:36.896003+00:00,point_velocity,Unspecified
05457700,POINT (-92.6738833333333 43.0621944444444),7f6f4353-0769-4775-bc17-3614147fd232,USGS-05457700,4e652229-71f1-a7a2-e053-0100007f0dc5,367,1988-11-08T19:35:00+00:00,Imported Channel 1,143,ft^3/s,160,ft,171,ft^2,0.84,ft/s,,,Unspecified,Unspecified,Unspecified,Unspecified,Unspecified,Unknown,Wading,2026-07-09T20:30:36.896003+00:00,point_velocity,Unspecified
05457700,POINT (-92.6738833333333 43.0621944444444),7fcee31f-443f-472a-b557-3019f9df3df2,USGS-05457700,4e6514e2-488c-a10c-e053-0100007f79e9,107,1954-03-31T14:25:00+00:00,Imported Channel 1,195,ft^3/s,155,ft,214,ft^2,0.91,ft/s,,,Unspecified,Unspecified,Unspecified,Unspecified,Unspecified,Unknown,Wading,2026-07-09T20:30:36.896003+00:00,point_velocity,Unspecified
05457700,POINT (-92.6738833333333 43.0621944444444),7fe7363e-9b3c-45d4-9253-3db803f9ccda,USGS-05457700,4e6531fd-0d66-af6a-e053-0100007f0f45,465,2003-07-21T22:45:00+00:00,Imported Channel 1,615,ft^3/s,178,ft,296,ft^2,2.08,ft/s,,,Unspecified,Unspecified,Unspecified,Unspecified,Unspecified,Unknown,Wading,2026-07-09T20:30:36.896003+00:00,point_velocity,Unspecified
05457700,POINT (-92.6738833333333 43.0621944444444),806118a5-b994-4d4d-9753-7647bc1478ca,USGS-05457700,2bb6988e-c58a-4853-aec1-4568353578b2,621,2021-05-04T14:09:00+00:00,Main,357,ft^3/s,182,ft,158,ft^2,2.26,ft/s,30.00,ft,Firm,BedrockLedgeArtificial,Even,Uneven,NonStandard,Pulsating,Wading,2026-07-09T20:30:36.896003+00:00,point_velocity,Downstream
05457700,POINT (-92.6738833333333 43.0621944444444),8070f160-251f-494a-895e-5594636e6b67,USGS-05457700,4e65031f-3a05-983c-e053-0100007f57f2,61,1950-09-13T13:40:00+00:00,Imported Channel 1,119,ft^3/s,166,ft,169,ft^2,0.70,ft/s,,,Unspecified,Unspecified,Unspecified,Unspecified,Unspecified,Unknown,Wading,2026-07-09T20:30:36.896003+00:00,point_velocity,Unspecified
05457700,POINT (-92.6738833333333 43.0621944444444),809cff83-e72d-4ad3-b4af-ce156c37aa23,USGS-05457700,4e65205e-812f-a6fc-e053-0100007f3191,177,1968-10-02T13:30:00+00:00,Imported Channel 1,432,ft^3/s,160,ft,238,ft^2,1.82,ft/s,,,Unspecified,Unspecified,Unspecified,Unspecified,Unspecified,Unknown,Wading,2026-07-09T20:30:36.896003+00:00,point_velocity,Unspecified
05457700,POINT (-92.6738833333333 43.0621944444444),81979f06-8976-422a-9770-950495d6db78,USGS-05457700,4e653171-15ad-af6c-e053-0100007faa03,567,2015-04-28T13:08:30+00:00,Cedar River @ Charles City,1050,ft^3/s,190,ft,364,ft^2,2.87,ft/s,,,Firm,Cobbles,Even,Even,Standard,Unknown,Wading,2026-07-09T20:30:36.896003+00:00,point_velocity,AtTheGage
05457700,POINT (-92.6738833333333 43.0621944444444),81c6bee6-5f16-411a-92f7-b50327031e9a,USGS-05457700,4e650b72-c03c-9c18-e053-0100007f206f,122,1965-04-01T20:00:00+00:00,Imported Channel 1,2540,ft^3/s,210,ft,1590,ft^2,1.60,ft/s,,,Unspecified,Unspecified,Unspecified,Unspecified,Unspecified,Unknown,BridgeCrane,2026-07-09T20:30:36.896003+00:00,point_velocity,Unspecified
05457700,POINT (-92.6738833333333 43.0621944444444),82af141a-104e-4439-9bde-d98998a43b22,USGS-05457700,4e65261c-21af-a9fd-e053-0100007f6717,248,1975-08-05T11:15:00+00:00,Imported Channel 1,235,ft^3/s,160,ft,202,ft^2,1.16,ft/s,,,Unspecified,Unspecified,Unspecified,Unspecified,Unspecified,Unknown,Wading,2026-07-09T20:30:36.896003+00:00,point_velocity,Unspecified
05457700,POINT (-92.6738833333333 43.0621944444444),82e7d263-793e-40af-b14b-25057307ffdf,USGS-05457700,4e651b0b-0ee1-a437-e053-0100007f5be4,1,1945-09-13T16:15:00+00:00,Imported Channel 1,234,ft^3/s,163,ft,240,ft^2,1.06,ft/s,,,Unspecified,Unspecified,Unspecified,Unspecified,Unspecified,Unknown,Wading,2026-07-09T20:30:36.896003+00:00,point_velocity,Unspecified
05457700,POINT (-92.6738833333333 43.0621944444444),83f6a147-10e2-4bb1-8b9f-191fbc6bd1b3,USGS-05457700,4e6538d4-d988-b2bf-e053-0100007fe5ec,556,2014-01-21T18:34:00+00:00,Charles City,198,ft^3/s,162,ft,161,ft^2,1.23,ft/s,15.00,ft,Firm,Gravel,Even,Even,Uniform,Unknown,Wading,2026-07-09T20:30:36.896003+00:00,point_velocity,Upstream
05457700,POINT (-92.6738833333333 43.0621944444444),84424e2c-70f8-4982-811d-cb3752ff2061,USGS-05457700,4e6538bd-a71b-b2d1-e053-0100007ff5e9,513,2009-09-09T11:36:00+00:00,Imported Channel 1,206,ft^3/s,167,ft,172,ft^2,1.20,ft/s,,,Firm,Sand,Even,Even,Unspecified,Unknown,Wading,2026-07-09T20:30:36.896003+00:00,point_velocity,Unspecified
05457700,POINT (-92.6738833333333 43.0621944444444),84e13396-7e39-4af0-99fb-66e299fcd40f,USGS-05457700,4e651d0e-1cd4-a486-e053-0100007f1a31,314,1982-06-17T23:15:00+00:00,Imported Channel 1,928,ft^3/s,171,ft,391,ft^2,2.37,ft/s,,,Unspecified,Unspecified,Unspecified,Unspecified,Unspecified,Unknown,Wading,2026-07-09T20:30:36.896003+00:00,point_velocity,Unspecified
05457700,POINT (-92.6738833333333 43.0621944444444),853a6e99-0674-40c5-bd83-29bfbdaac9f2,USGS-05457700,4e650c07-a0eb-9bd6-e053-0100007fee83,52,1950-02-15T13:15:00+00:00,Imported Channel 1,168,ft^3/s,134,ft,118,ft^2,1.42,ft/s,,,Unspecified,Unspecified,Unspecified,Unspecified,Unspecified,Unknown,Wading,2026-07-09T20:30:36.896003+00:00,point_velocity,Unspecified
05457700,POINT (-92.6738833333333 43.0621944444444),85529fbe-63f6-4804-8866-2ddda9920509,USGS-05457700,4e651f75-280b-a694-e053-0100007fa94a,229,1973-08-23T18:20:00+00:00,Imported Channel 1,367,ft^3/s,169,ft,225,ft^2,1.63,ft/s,,,Unspecified,Unspecified,Unspecified,Unspecified,Unspecified,Unknown,Wading,2026-07-09T20:30:36.896003+00:00,point_velocity,Unspecified
05457700,POINT (-92.6738833333333 43.0621944444444),857929e7-b5a6-4f69-9f36-922623351e21,USGS-05457700,72f7db33-0315-4522-beea-872d74bd71d2,653,2026-03-23T17:30:21+00:00,Main,2160,ft^3/s,109,ft,488,ft^2,4.42,ft/s,2000.00,ft,Firm,Cobbles,Uneven,Uneven,Standard,Pulsating,BridgeDownstreamSide,2026-07-09T20:30:36.896003+00:00,adcp,Upstream
05457700,POINT (-92.6738833333333 43.0621944444444),860fd953-e462-466c-ada7-e55301ae945c,USGS-05457700,4e653fd4-a915-b69b-e053-0100007fa7d9,530,2011-06-21T21:05:00+00:00,Imported Channel 1,1970,ft^3/s,175,ft,1040,ft^2,1.90,ft/s,2000.00,ft,Firm,Sand,Even,Even,Uniform,Unknown,BridgeDownstreamSide,2026-07-09T20:30:36.896003+00:00,adcp,Downstream
05457700,POINT (-92.6738833333333 43.0621944444444),86c63475-c62b-47ab-ab38-721e59ba53b0,USGS-05457700,4e6531b0-7114-af8c-e053-0100007f5cc2,499,2007-10-17T13:22:00+00:00,Imported Channel 1,2220,ft^3/s,209,ft,738,ft^2,3.01,ft/s,,ft,Unspecified,Unspecified,Unspecified,Unspecified,Unspecified,Unknown,Unspecified,2026-07-09T20:30:36.896003+00:00,adcp,Unspecified
05457700,POINT (-92.6738833333333 43.0621944444444),86d3a675-7130-46ad-9cee-8dd334eba78b,USGS-05457700,4e650c0b-7d6f-9b96-e053-0100007fc22b,160,1967-07-19T15:40:00+00:00,Imported Channel 1,275,ft^3/s,166,ft,232,ft^2,1.19,ft/s,,,Unspecified,Unspecified,Unspecified,Unspecified,Unspecified,Unknown,Wading,2026-07-09T20:30:36.896003+00:00,point_velocity,Unspecified
05457700,POINT (-92.6738833333333 43.0621944444444),8779ed15-2839-4f30-a3ad-5c57068ef9b1,USGS-05457700,847a8cb3-d69b-9efe-e053-0100007f43b8,605,2019-03-19T15:48:29+00:00,05457700,9280,ft^3/s,228,ft,2420,ft^2,3.84,ft/s,200.00,ft,Firm,Cobbles,Uneven,Unspecified,Unknown,Pulsating,MannedMovingBoat,2026-07-09T20:30:36.896003+00:00,adcp,Upstream
05457700,POINT (-92.6738833333333 43.0621944444444),87a53722-4ac9-4ba9-8db2-68c44476b56a,USGS-05457700,4e6522a3-c608-a80d-e053-0100007fcfcd,266,1977-05-17T15:25:00+00:00,Imported Channel 1,165,ft^3/s,159,ft,175,ft^2,0.94,ft/s,,,Unspecified,Unspecified,Unspecified,Unspecified,Unspecified,Unknown,Wading,2026-07-09T20:30:36.896003+00:00,point_velocity,Unspecified
05457700,POINT (-92.6738833333333 43.0621944444444),87c0ef8a-61bd-48e0-ba45-a996c1d7c1e7,USGS-05457700,4e6512aa-3bc2-a045-e053-0100007ff723,65,1951-01-16T21:10:00+00:00,Imported Channel 1,133,ft^3/s,119,ft,93.1,ft^2,1.43,ft/s,,,Unspecified,Unspecified,Unspecified,Unspecified,Unspecified,Unknown,Wading,2026-07-09T20:30:36.896003+00:00,point_velocity,Unspecified
05457700,POINT (-92.6738833333333 43.0621944444444),87cbb349-ebb6-4260-b6cb-7c43c065a8ab,USGS-05457700,4e652345-8767-a68a-e053-0100007fd9e6,218,1972-05-16T19:53:00+00:00,Imported Channel 1,447,ft^3/s,166,ft,280,ft^2,1.60,ft/s,,,Unspecified,Unspecified,Unspecified,Unspecified,Unspecified,Unknown,Wading,2026-07-09T20:30:36.896003+00:00,point_velocity,Unspecified
05457700,POINT (-92.6738833333333 43.0621944444444),87dcdda5-2705-467b-8ce4-5d88b5666650,USGS-05457700,4e6518a7-e27a-a308-e053-0100007f2fa7,332,1984-07-11T13:15:00+00:00,Imported Channel 1,750,ft^3/s,172,ft,336,ft^2,2.23,ft/s,,,Unspecified,Unspecified,Unspecified,Unspecified,Unspecified,Unknown,Wading,2026-07-09T20:30:36.896003+00:00,point_velocity,Unspecified
05457700,POINT (-92.6738833333333 43.0621944444444),89c05a68-a3d5-4357-b588-6f9fc6bade3c,USGS-05457700,4e65206d-9178-a700-e053-0100007f6223,354,1987-02-23T22:15:00+00:00,Imported Channel 1,288,ft^3/s,164,ft,217,ft^2,1.33,ft/s,,,Unspecified,Unspecified,Unspecified,Unspecified,Unspecified,Unknown,Wading,2026-07-09T20:30:36.896003+00:00,point_velocity,Unspecified
05457700,POINT (-92.6738833333333 43.0621944444444),8a679845-3687-4aa3-b147-21f2562a7522,USGS-05457700,4e6511bc-4f9c-9fc9-e053-0100007f81f3,132,1965-06-16T13:25:00+00:00,Imported Channel 1,286,ft^3/s,167,ft,231,ft^2,1.24,ft/s,,,Unspecified,Unspecified,Unspecified,Unspecified,Unspecified,Unknown,Wading,2026-07-09T20:30:36.896003+00:00,point_velocity,Unspecified
05457700,POINT (-92.6738833333333 43.0621944444444),8b433ac7-16c0-4f6c-b547-9ae08550bfaf,USGS-05457700,52c7cc98-85e3-4595-afc0-ba9692635f02,636,2023-09-26T15:12:34+00:00,Main Channel,280,ft^3/s,164,ft,113,ft^2,2.47,ft/s,50.00,ft,Firm,Cobbles,Even,Uneven,NonStandard,Steady,Wading,2026-07-09T20:30:36.896003+00:00,point_velocity,Downstream
05457700,POINT (-92.6738833333333 43.0621944444444),8cd5d75a-cc37-4c90-b0c5-d6e163be7536,USGS-05457700,be249aab-c697-452a-8bf8-d9c510aa45cb,632,2023-01-18T15:34:40+00:00,Main,629,ft^3/s,170,ft,206,ft^2,3.05,ft/s,30.00,ft,Firm,Gravel,Uneven,Uneven,Unknown,Pulsating,Wading,2026-07-09T20:30:36.896003+00:00,point_velocity,Downstream
05457700,POINT (-92.6738833333333 43.0621944444444),8ce4928e-5f6f-4cf2-9caa-67d9c57470c5,USGS-05457700,92c7e9e9-8414-34c4-e053-0100007fc5d5,610,2019-09-17T16:30:46+00:00,Charles City,1560,ft^3/s,107,ft,413,ft^2,3.77,ft/s,1250.00,ft,Firm,Cobbles,Uneven,Uneven,Standard,Pulsating,BridgeDownstreamSide,2026-07-09T20:30:36.896003+00:00,adcp,Upstream
05457700,POINT (-92.6738833333333 43.0621944444444),8ce74201-993d-4c81-bf46-5bb18c7ed1c8,USGS-05457700,54253903-77f1-debd-e053-0100007f45ab,588,2017-07-12T14:31:00+00:00,Charles City,710,ft^3/s,192,ft,290,ft^2,2.45,ft/s,15.00,ft,Firm,Cobbles,Uneven,Uneven,Standard,Unknown,Wading,2026-07-09T20:30:36.896003+00:00,point_velocity,Upstream
05457700,POINT (-92.6738833333333 43.0621944444444),8d09976b-d478-4d74-b646-a6b6ba796e08,USGS-05457700,4e6527b6-1f71-aa05-e053-0100007f63ab,237,1974-07-23T21:05:00+00:00,Imported Channel 1,352,ft^3/s,166,ft,242,ft^2,1.45,ft/s,,,Unspecified,Unspecified,Unspecified,Unspecified,Unspecified,Unknown,Wading,2026-07-09T20:30:36.896003+00:00,point_velocity,Unspecified
05457700,POINT (-92.6738833333333 43.0621944444444),8db84a7c-0bc9-4387-aa38-cca957b3ef9f,USGS-05457700,4e651baa-e39e-a482-e053-0100007f6761,135,1965-09-09T13:40:00+00:00,Imported Channel 1,281,ft^3/s,164,ft,232,ft^2,1.21,ft/s,,,Unspecified,Unspecified,Unspecified,Unspecified,Unspecified,Unknown,BridgeCrane,2026-07-09T20:30:36.896003+00:00,point_velocity,Unspecified
05457700,POINT (-92.6738833333333 43.0621944444444),8dd37db5-0d7c-482e-ab63-1ba7901672f8,USGS-05457700,4e653cb6-c954-b56a-e053-0100007fcc59,546,2013-04-02T17:02:00+00:00,Imported Channel 1,2550,ft^3/s,204,ft,1620,ft^2,1.58,ft/s,2640.00,ft,Firm,Gravel,Even,Even,Uniform,Unknown,MannedMovingBoat,2026-07-09T20:30:36.896003+00:00,adcp,Downstream
05457700,POINT (-92.6738833333333 43.0621944444444),8e21cded-8190-425b-ab18-04cdc45d15a8,USGS-05457700,4e652033-f158-a6f2-e053-0100007ffb12,382,1990-07-06T00:20:00+00:00,Imported Channel 1,490,ft^3/s,167,ft,278,ft^2,1.76,ft/s,,,Unspecified,Unspecified,Unspecified,Unspecified,Unspecified,Unknown,Wading,2026-07-09T20:30:36.896003+00:00,point_velocity,Unspecified
05457700,POINT (-92.6738833333333 43.0621944444444),8e345839-98bd-461e-8636-d7f72b5436c5,USGS-05457700,4e651495-6c45-a10e-e053-0100007f0f69,389,1991-02-19T22:55:00+00:00,Imported Channel 1,214,ft^3/s,185,ft,160,ft^2,1.34,ft/s,,,Unspecified,Unspecified,Unspecified,Unspecified,Unspecified,Unknown,Wading,2026-07-09T20:30:36.896003+00:00,point_velocity,Unspecified
05457700,POINT (-92.6738833333333 43.0621944444444),8e3e32a1-2c90-4229-abeb-de04e86e4fcb,USGS-05457700,4e651e31-38f6-a597-e053-0100007fedcc,148,1966-08-31T11:30:00+00:00,Imported Channel 1,208,ft^3/s,162,ft,203,ft^2,1.02,ft/s,,,Unspecified,Unspecified,Unspecified,Unspecified,Unspecified,Unknown,Wading,2026-07-09T20:30:36.896003+00:00,point_velocity,Unspecified
05457700,POINT (-92.6738833333333 43.0621944444444),8e507931-95a4-4f8f-a29f-6f22a3aad95f,USGS-05457700,4e65153f-8869-a189-e053-0100007fcb0c,174,1968-08-09T18:45:00+00:00,Imported Channel 1,2100,ft^3/s,204,ft,752,ft^2,2.79,ft/s,,,Unspecified,Unspecified,Unspecified,Unspecified,Unspecified,Unknown,BridgeCrane,2026-07-09T20:30:36.896003+00:00,point_velocity,Unspecified
05457700,POINT (-92.6738833333333 43.0621944444444),8edab6ed-c5f6-44e0-ac29-266db69f17b7,USGS-05457700,4e65261c-21c5-a9fd-e053-0100007f6717,418,1994-04-21T13:50:00+00:00,Imported Channel 1,841,ft^3/s,180,ft,382,ft^2,2.20,ft/s,,,Unspecified,Unspecified,Unspecified,Unspecified,Unspecified,Unknown,Wading,2026-07-09T20:30:36.896003+00:00,point_velocity,Unspecified
05457700,POINT (-92.6738833333333 43.0621944444444),8f41ac26-5ad0-41bb-9da1-69c9789dff31,USGS-05457700,4e652229-71e8-a7a2-e053-0100007f0dc5,348,1986-05-15T05:00:00+00:00,Imported Channel 1,5900,ft^3/s,226,ft,1540,ft^2,3.83,ft/s,,,Unspecified,Unspecified,Unspecified,Unspecified,Unspecified,Unknown,BridgeCrane,2026-07-09T20:30:36.896003+00:00,point_velocity,Unspecified
05457700,POINT (-92.6738833333333 43.0621944444444),8fdad2c0-88e9-4194-8837-e19fa1849593,USGS-05457700,4e6517ef-1f9c-a2b4-e053-0100007fd668,404,1992-10-05T23:10:00+00:00,Imported Channel 1,288,ft^3/s,168,ft,217,ft^2,1.33,ft/s,,,Unspecified,Unspecified,Unspecified,Unspecified,Unspecified,Unknown,Wading,2026-07-09T20:30:36.896003+00:00,point_velocity,Unspecified
05457700,POINT (-92.6738833333333 43.0621944444444),8fe4bb00-c638-4fb4-ba66-663d0b196c37,USGS-05457700,4e650b32-0970-9c1a-e053-0100007ff132,95,1953-05-20T16:40:00+00:00,Imported Channel 1,337,ft^3/s,173,ft,178,ft^2,1.90,ft/s,,,Unspecified,Unspecified,Unspecified,Unspecified,Unspecified,Unknown,Wading,2026-07-09T20:30:36.896003+00:00,point_velocity,Unspecified
05457700,POINT (-92.6738833333333 43.0621944444444),901e2b87-75d7-4eb2-b973-d6f5f7503f17,USGS-05457700,4e651b29-8e86-a435-e053-0100007f6420,443,2000-11-13T14:55:00+00:00,Imported Channel 1,523,ft^3/s,184,ft,248,ft^2,2.11,ft/s,,,Unspecified,Unspecified,Unspecified,Unspecified,Unspecified,Unknown,Wading,2026-07-09T20:30:36.896003+00:00,point_velocity,Unspecified
05457700,POINT (-92.6738833333333 43.0621944444444),9034ad8b-4294-4b89-adec-a79609d97ea7,USGS-05457700,4e6514e2-488b-a10c-e053-0100007f79e9,72,1951-06-12T22:00:00+00:00,Imported Channel 1,342,ft^3/s,174,ft,176,ft^2,1.94,ft/s,,,Unspecified,Unspecified,Unspecified,Unspecified,Unspecified,Unknown,Wading,2026-07-09T20:30:36.896003+00:00,point_velocity,Unspecified
05457700,POINT (-92.6738833333333 43.0621944444444),9034dcbe-b685-4fea-98ea-159f98badb53,USGS-05457700,4e652ace-e200-abbc-e053-0100007f148c,541,2012-09-25T21:27:00+00:00,Main,117,ft^3/s,151,ft,169,ft^2,0.69,ft/s,75.00,ft,Firm,Gravel,Even,Even,Standard,Unknown,Wading,2026-07-09T20:30:36.896003+00:00,point_velocity,Upstream
05457700,POINT (-92.6738833333333 43.0621944444444),917520ab-e356-4a7f-8cd0-019e9266586a,USGS-05457700,4e650d85-fe8a-9d9f-e053-0100007fcf43,18,1947-01-07T13:45:00+00:00,Imported Channel 1,126,ft^3/s,168,ft,86.3,ft^2,1.45,ft/s,,,Unspecified,Unspecified,Unspecified,Unspecified,Unspecified,Unknown,BridgeCrane,2026-07-09T20:30:36.896003+00:00,point_velocity,Unspecified
05457700,POINT (-92.6738833333333 43.0621944444444),924054e0-7d3f-47c2-b28d-a192849b0e4b,USGS-05457700,4e651f65-800f-a68c-e053-0100007fd471,146,1966-07-15T00:30:00+00:00,Imported Channel 1,4970,ft^3/s,237,ft,1620,ft^2,3.07,ft/s,,,Unspecified,Unspecified,Unspecified,Unspecified,Unspecified,Unknown,Cableway,2026-07-09T20:30:36.896003+00:00,point_velocity,Unspecified
05457700,POINT (-92.6738833333333 43.0621944444444),9258879f-8927-4f47-b16b-7c37ba66715d,USGS-05457700,4e6531de-dccd-afa2-e053-0100007fa38d,419,1994-06-09T21:00:00+00:00,Imported Channel 1,2230,ft^3/s,201,ft,753,ft^2,2.96,ft/s,,,Unspecified,Unspecified,Unspecified,Unspecified,Unspecified,Unknown,BridgeCrane,2026-07-09T20:30:36.896003+00:00,point_velocity,Unspecified
05457700,POINT (-92.6738833333333 43.0621944444444),9259b764-6518-4e11-9b86-58c55502344e,USGS-05457700,4e6526c8-1212-a9f9-e053-0100007f5ecb,442,1999-09-08T17:15:00+00:00,Imported Channel 1,464,ft^3/s,168,ft,259,ft^2,1.79,ft/s,,,Unspecified,Unspecified,Unspecified,Unspecified,Unspecified,Unknown,Wading,2026-07-09T20:30:36.896003+00:00,point_velocity,Unspecified
05457700,POINT (-92.6738833333333 43.0621944444444),92c90eca-5c75-4f5a-998c-47fe4b657f75,USGS-05457700,4e650681-4018-99a2-e053-0100007f1bdf,76,1951-09-18T18:50:00+00:00,Imported Channel 1,509,ft^3/s,193,ft,554,ft^2,0.92,ft/s,,,Unspecified,Unspecified,Unspecified,Unspecified,Unspecified,Unknown,BridgeCrane,2026-07-09T20:30:36.896003+00:00,point_velocity,Unspecified
05457700,POINT (-92.6738833333333 43.0621944444444),9305ff24-c0a5-4c20-8d6d-df423e17852b,USGS-05457700,4e651e31-3904-a597-e053-0100007fedcc,222,1972-11-01T18:45:00+00:00,Imported Channel 1,1500,ft^3/s,192,ft,599,ft^2,2.50,ft/s,,,Unspecified,Unspecified,Unspecified,Unspecified,Unspecified,Unknown,BridgeCrane,2026-07-09T20:30:36.896003+00:00,point_velocity,Unspecified
05457700,POINT (-92.6738833333333 43.0621944444444),9309fc84-40fe-4714-a2bc-4c1c029f19a3,USGS-05457700,4e6518f5-877a-a302-e053-0100007fd64c,253,1976-03-10T13:35:00+00:00,Imported Channel 1,255,ft^3/s,174,ft,147,ft^2,1.73,ft/s,,,Unspecified,Unspecified,Unspecified,Unspecified,Unspecified,Unknown,Wading,2026-07-09T20:30:36.896003+00:00,point_velocity,Unspecified
05457700,POINT (-92.6738833333333 43.0621944444444),93c92394-211c-47b4-9b8b-7858a8842844,USGS-05457700,4e650d85-feb5-9d9f-e053-0100007fcf43,271,1977-10-20T13:20:00+00:00,Imported Channel 1,206,ft^3/s,160,ft,149,ft^2,1.04,ft/s,,,Unspecified,Unspecified,Unspecified,Unspecified,Unspecified,Unknown,Wading,2026-07-09T20:30:36.896003+00:00,point_velocity,Unspecified
05457700,POINT (-92.6738833333333 43.0621944444444),95e2ac49-c9e5-4af1-8656-4d9c393c4c63,USGS-05457700,4e6510ca-33b5-9dad-e053-0100007f8b9c,297,1980-04-11T14:00:00+00:00,Imported Channel 1,965,ft^3/s,178,ft,424,ft^2,2.28,ft/s,,,Unspecified,Unspecified,Unspecified,Unspecified,Unspecified,Unknown,Wading,2026-07-09T20:30:36.896003+00:00,point_velocity,Unspecified
05457700,POINT (-92.6738833333333 43.0621944444444),96927198-8a6c-4743-ba72-99e377b07414,USGS-05457700,4e6513b3-bf06-a096-e053-0100007fdb30,195,1970-01-22T14:00:00+00:00,Imported Channel 1,168,ft^3/s,168,ft,195,ft^2,0.86,ft/s,,,Unspecified,Unspecified,Unspecified,Unspecified,Unspecified,Unknown,Ice,2026-07-09T20:30:36.896003+00:00,point_velocity,Unspecified
05457700,POINT (-92.6738833333333 43.0621944444444),9788ddd7-5708-4434-b51e-0c30a1f13d0b,USGS-05457700,4e6526c8-11f1-a9f9-e053-0100007f5ecb,246,1975-05-13T12:30:00+00:00,Imported Channel 1,1720,ft^3/s,200,ft,639,ft^2,2.69,ft/s,,,Unspecified,Unspecified,Unspecified,Unspecified,Unspecified,Unknown,BridgeCrane,2026-07-09T20:30:36.896003+00:00,point_velocity,Unspecified
05457700,POINT (-92.6738833333333 43.0621944444444),97f55aa8-d0c1-4815-b166-203be7db2ac6,USGS-05457700,4e652349-6f57-a807-e053-0100007fffa1,534,2011-11-28T18:47:00+00:00,Imported Channel 1,224,ft^3/s,164,ft,177,ft^2,1.27,ft/s,75.00,ft,Unspecified,Gravel,Unspecified,Unspecified,Unspecified,Unknown,Wading,2026-07-09T20:30:36.896003+00:00,point_velocity,Upstream
05457700,POINT (-92.6738833333333 43.0621944444444),99117805-e21a-4d05-9034-50c90220514f,USGS-05457700,4e652698-4fa7-aa11-e053-0100007f5837,205,1970-12-29T14:40:00+00:00,Imported Channel 1,314,ft^3/s,165,ft,278,ft^2,1.13,ft/s,,,Unspecified,Unspecified,Unspecified,Unspecified,Unspecified,Unknown,Wading,2026-07-09T20:30:36.896003+00:00,point_velocity,Unspecified
05457700,POINT (-92.6738833333333 43.0621944444444),995c4eca-04c0-4b76-a50c-6e7095e245b9,USGS-05457700,4e653523-633c-b140-e053-0100007f723e,498,2007-07-30T15:55:00+00:00,Imported Channel 1,267,ft^3/s,169,ft,211,ft^2,1.26,ft/s,,,Unspecified,Unspecified,Unspecified,Unspecified,Unspecified,Unknown,Wading,2026-07-09T20:30:36.896003+00:00,point_velocity,Unspecified
05457700,POINT (-92.6738833333333 43.0621944444444),997b0215-cbd3-4be3-bc9a-c4610d67f66b,USGS-05457700,4e6522b3-52ea-a805-e053-0100007f713b,143,1966-04-27T14:15:00+00:00,Imported Channel 1,583,ft^3/s,166,ft,322,ft^2,1.81,ft/s,,,Unspecified,Unspecified,Unspecified,Unspecified,Unspecified,Unknown,Wading,2026-07-09T20:30:36.896003+00:00,point_velocity,Unspecified
05457700,POINT (-92.6738833333333 43.0621944444444),99c1d8f5-1a37-4616-b666-ba4e25803a1c,USGS-05457700,4e653185-4b3c-af9e-e053-0100007ffdfc,458,2002-10-30T18:15:00+00:00,Imported Channel 1,360,ft^3/s,180,ft,186,ft^2,1.94,ft/s,,,Unspecified,Unspecified,Unspecified,Unspecified,Unspecified,Unknown,Wading,2026-07-09T20:30:36.896003+00:00,point_velocity,Unspecified
05457700,POINT (-92.6738833333333 43.0621944444444),99e08dff-7be1-40bd-8a72-a25622e76b50,USGS-05457700,4e6522df-cb59-a857-e053-0100007fc003,544,2012-12-13T17:12:00+00:00,Imported Channel 1,127,ft^3/s,111,ft,80.6,ft^2,1.57,ft/s,,,Firm,Gravel,Even,Even,Uniform,Unknown,Wading,2026-07-09T20:30:36.896003+00:00,point_velocity,AtTheGage
05457700,POINT (-92.6738833333333 43.0621944444444),9ab3cb7b-777d-4113-afa3-81f68874d952,USGS-05457700,4e65206d-91a2-a700-e053-0100007f6223,449,2001-10-02T12:40:00+00:00,Imported Channel 1,248,ft^3/s,173,ft,200,ft^2,1.24,ft/s,,,Unspecified,Unspecified,Unspecified,Unspecified,Unspecified,Unknown,Wading,2026-07-09T20:30:36.896003+00:00,point_velocity,Unspecified
05457700,POINT (-92.6738833333333 43.0621944444444),9be05dba-6cbb-4728-acf3-05d4eabafb12,USGS-05457700,4e650dfa-4b71-9dd5-e053-0100007f4a26,410,1993-05-25T14:20:00+00:00,Imported Channel 1,1130,ft^3/s,174,ft,450,ft^2,2.51,ft/s,,,Unspecified,Unspecified,Unspecified,Unspecified,Unspecified,Unknown,Wading,2026-07-09T20:30:36.896003+00:00,point_velocity,Unspecified
05457700,POINT (-92.6738833333333 43.0621944444444),9c2a0022-ef50-4fc1-b3c0-3a0c9c6d938f,USGS-05457700,4e650d85-fe8d-9d9f-e053-0100007fcf43,29,1947-12-17T21:05:00+00:00,Imported Channel 1,155,ft^3/s,140,ft,76.4,ft^2,2.03,ft/s,,,Unspecified,Unspecified,Unspecified,Unspecified,Unspecified,Unknown,Wading,2026-07-09T20:30:36.896003+00:00,point_velocity,Unspecified
05457700,POINT (-92.6738833333333 43.0621944444444),9c394ce0-3cb0-465d-ba19-8d9acc1efd83,USGS-05457700,4e653470-2e78-b0de-e053-0100007fac39,437,1999-07-20T15:20:00+00:00,Imported Channel 1,15100,ft^3/s,292,ft,3680,ft^2,4.10,ft/s,,,Unspecified,Unspecified,Unspecified,Unspecified,Unspecified,Unknown,BridgeCrane,2026-07-09T20:30:36.896003+00:00,point_velocity,Unspecified
05457700,POINT (-92.6738833333333 43.0621944444444),9c562235-6768-4981-94b4-7484b9ca92e0,USGS-05457700,4e653a58-7d10-b3b1-e053-0100007f1db0,574,2016-02-24T18:24:30+00:00,Charles City,2230,ft^3/s,209,ft,846,ft^2,2.64,ft/s,1240.00,ft,Firm,Gravel,Uneven,Uneven,Standard,Unknown,BridgeDownstreamSide,2026-07-09T20:30:36.896003+00:00,adcp,Upstream
05457700,POINT (-92.6738833333333 43.0621944444444),9d4932d2-ae67-47ca-96d5-593e9afa24ea,USGS-05457700,4e6518f5-8776-a302-e053-0100007fd64c,241,1975-01-07T21:40:00+00:00,Imported Channel 1,190,ft^3/s,159,ft,185,ft^2,1.03,ft/s,,,Unspecified,Unspecified,Unspecified,Unspecified,Unspecified,Unknown,Wading,2026-07-09T20:30:36.896003+00:00,point_velocity,Unspecified
05457700,POINT (-92.6738833333333 43.0621944444444),9d53b399-334d-4403-acdc-28ad93078d16,USGS-05457700,4e6536da-a793-b1bf-e053-0100007f8ff4,484,2005-08-16T12:30:00+00:00,Imported Channel 1,323,ft^3/s,170,ft,212,ft^2,1.53,ft/s,,,Unspecified,Unspecified,Unspecified,Unspecified,Unspecified,Unknown,Wading,2026-07-09T20:30:36.896003+00:00,point_velocity,Unspecified
05457700,POINT (-92.6738833333333 43.0621944444444),9d71e5d7-44d1-4284-b1b9-baa766a1392f,USGS-05457700,4e652b13-2591-ac18-e053-0100007fee69,428,1995-08-09T23:00:00+00:00,Imported Channel 1,740,ft^3/s,173,ft,341,ft^2,2.17,ft/s,,,Unspecified,Unspecified,Unspecified,Unspecified,Unspecified,Unknown,Wading,2026-07-09T20:30:36.896003+00:00,point_velocity,Unspecified
05457700,POINT (-92.6738833333333 43.0621944444444),9db72628-16fa-41d1-87fd-2e07c0bd75e6,USGS-05457700,4e651d0e-1cb3-a486-e053-0100007f1a31,111,1961-03-27T23:30:00+00:00,Imported Channel 1,29200,ft^3/s,292,ft,4900,ft^2,5.88,ft/s,,,Unspecified,Unspecified,Unspecified,Unspecified,Unspecified,Unknown,Wading,2026-07-09T20:30:36.896003+00:00,point_velocity,Unspecified
05457700,POINT (-92.6738833333333 43.0621944444444),9e5fedd4-99a1-406b-95a3-813da489e60a,USGS-05457700,4e652ace-e1d9-abbc-e053-0100007f148c,321,1983-04-08T13:30:00+00:00,Imported Channel 1,3340,ft^3/s,208,ft,994,ft^2,3.36,ft/s,,,Unspecified,Unspecified,Unspecified,Unspecified,Unspecified,Unknown,BridgeCrane,2026-07-09T20:30:36.896003+00:00,point_velocity,Unspecified
05457700,POINT (-92.6738833333333 43.0621944444444),9ec10bd1-1b30-44ee-ae08-2948126d4df4,USGS-05457700,4e650c0b-7d6e-9b96-e053-0100007fc22b,153,1967-02-08T13:45:00+00:00,Imported Channel 1,174,ft^3/s,160,ft,180,ft^2,0.97,ft/s,,,Unspecified,Unspecified,Unspecified,Unspecified,Unspecified,Unknown,Wading,2026-07-09T20:30:36.896003+00:00,point_velocity,Unspecified
05457700,POINT (-92.6738833333333 43.0621944444444),9fa9b1e1-ab84-4271-aa17-fb2e8d3fffe3,USGS-05457700,4e6518d9-d13f-a304-e053-0100007f4a75,260,1976-11-11T14:20:00+00:00,Imported Channel 1,76.7,ft^3/s,154,ft,151,ft^2,0.51,ft/s,,,Unspecified,Unspecified,Unspecified,Unspecified,Unspecified,Unknown,Wading,2026-07-09T20:30:36.896003+00:00,point_velocity,Unspecified
05457700,POINT (-92.6738833333333 43.0621944444444),9fc2d7e4-2c63-482f-a2f4-cc208d869c82,USGS-05457700,4e650de6-5ff0-9da9-e053-0100007f236f,3,1946-01-24T15:00:00+00:00,Imported Channel 1,184,ft^3/s,170,ft,157,ft^2,1.17,ft/s,,,Unspecified,Unspecified,Unspecified,Unspecified,Unspecified,Unknown,Wading,2026-07-09T20:30:36.896003+00:00,point_velocity,Unspecified
05457700,POINT (-92.6738833333333 43.0621944444444),a09defac-4c43-47d0-bb49-429da9f4be2e,USGS-05457700,4e652e3d-45af-adb6-e053-0100007fb139,350,1986-08-05T05:00:00+00:00,Imported Channel 1,336,ft^3/s,171,ft,269,ft^2,1.25,ft/s,,,Unspecified,Unspecified,Unspecified,Unspecified,Unspecified,Unknown,Wading,2026-07-09T20:30:36.896003+00:00,point_velocity,Unspecified
05457700,POINT (-92.6738833333333 43.0621944444444),a1285b7e-50c8-426c-aa2b-f592236a5969,USGS-05457700,4e6503a6-9fae-983e-e053-0100007f66fa,53,1950-03-10T22:25:00+00:00,Imported Channel 1,1190,ft^3/s,196,ft,748,ft^2,1.50,ft/s,,,Unspecified,Unspecified,Unspecified,Unspecified,Unspecified,Unknown,BridgeCrane,2026-07-09T20:30:36.896003+00:00,point_velocity,Unspecified
05457700,POINT (-92.6738833333333 43.0621944444444),a1a9bc52-e763-4f49-89bb-a07427717c01,USGS-05457700,4e6518c5-563f-a306-e053-0100007f40f9,131,1965-05-21T19:05:00+00:00,Imported Channel 1,368,ft^3/s,166,ft,256,ft^2,1.44,ft/s,,,Unspecified,Unspecified,Unspecified,Unspecified,Unspecified,Unknown,Wading,2026-07-09T20:30:36.896003+00:00,point_velocity,Unspecified
05457700,POINT (-92.6738833333333 43.0621944444444),a1cf7d77-2416-4841-8382-dc818abb5996,USGS-05457700,4e6526b2-9399-a855-e053-0100007f9bf8,454,2002-05-15T18:30:00+00:00,Imported Channel 1,454,ft^3/s,174,ft,269,ft^2,1.69,ft/s,,,Unspecified,Unspecified,Unspecified,Unspecified,Unspecified,Unknown,Wading,2026-07-09T20:30:36.896003+00:00,point_velocity,Unspecified
05457700,POINT (-92.6738833333333 43.0621944444444),a22ac897-0d0d-45a4-9b54-fa80c7ed75ac,USGS-05457700,4e6526b2-93af-a855-e053-0100007f9bf8,514,2009-10-20T12:58:00+00:00,Imported Channel 1,256,ft^3/s,160,ft,198,ft^2,1.29,ft/s,80.00,ft,Firm,Gravel,Even,Even,Unspecified,Unknown,Wading,2026-07-09T20:30:36.896003+00:00,point_velocity,Upstream
05457700,POINT (-92.6738833333333 43.0621944444444),a25d804c-04ec-497b-8dbe-965c3825e368,USGS-05457700,4e651baa-e3b2-a482-e053-0100007f6761,329,1984-03-07T15:45:00+00:00,Imported Channel 1,630,ft^3/s,170,ft,323,ft^2,1.95,ft/s,,,Unspecified,Unspecified,Unspecified,Unspecified,Unspecified,Unknown,Wading,2026-07-09T20:30:36.896003+00:00,point_velocity,Unspecified
05457700,POINT (-92.6738833333333 43.0621944444444),a27b2dda-3a6b-4e68-9451-56d154727de4,USGS-05457700,d6419672-a6f0-4756-a54f-919e1118ea34,651,2025-09-16T19:55:15+00:00,Main,459,ft^3/s,172,ft,178,ft^2,2.58,ft/s,50.00,ft,Soft,Cobbles,Uneven,Uneven,Standard,Pulsating,Wading,2026-07-09T20:30:36.896003+00:00,point_velocity,Downstream
05457700,POINT (-92.6738833333333 43.0621944444444),a29f70be-e579-42a2-bf6f-56342abefde3,USGS-05457700,4e6518f5-8775-a302-e053-0100007fd64c,240,1974-11-25T20:00:00+00:00,Imported Channel 1,222,ft^3/s,163,ft,210,ft^2,1.02,ft/s,,,Unspecified,Unspecified,Unspecified,Unspecified,Unspecified,Unknown,Wading,2026-07-09T20:30:36.896003+00:00,point_velocity,Unspecified
05457700,POINT (-92.6738833333333 43.0621944444444),a2ef0299-2fac-41ca-a9d9-467e5faea344,USGS-05457700,4e65205c-78fa-a6f4-e053-0100007f39d2,68,1951-03-23T14:00:00+00:00,Imported Channel 1,212,ft^3/s,168,ft,127,ft^2,1.67,ft/s,,,Unspecified,Unspecified,Unspecified,Unspecified,Unspecified,Unknown,Wading,2026-07-09T20:30:36.896003+00:00,point_velocity,Unspecified
05457700,POINT (-92.6738833333333 43.0621944444444),a3dba6d4-c336-4558-9e9c-fa11ac728fc6,USGS-05457700,4e653fac-4813-b65e-e053-0100007f5d2b,564,2014-12-16T13:40:30+00:00,Cedar River @ Charels City,385,ft^3/s,183,ft,172,ft^2,2.23,ft/s,,,Firm,Gravel,Even,Even,Uniform,Unknown,Wading,2026-07-09T20:30:36.896003+00:00,point_velocity,AtTheGage
05457700,POINT (-92.6738833333333 43.0621944444444),a417b38f-1651-4b94-bd07-0fa06bb64e5c,USGS-05457700,4e6522d7-d392-a853-e053-0100007f7550,335,1984-11-15T06:00:00+00:00,Imported Channel 1,538,ft^3/s,170,ft,359,ft^2,1.50,ft/s,,,Unspecified,Unspecified,Unspecified,Unspecified,Unspecified,Unknown,Wading,2026-07-09T20:30:36.896003+00:00,point_velocity,Unspecified
05457700,POINT (-92.6738833333333 43.0621944444444),a44ac08d-2e62-413d-b186-00e33e42b01b,USGS-05457700,4e653a58-7d02-b3b1-e053-0100007f1db0,479,2005-01-24T22:53:00+00:00,Imported Channel 1,275,ft^3/s,188,ft,204,ft^2,1.35,ft/s,,,Unspecified,Unspecified,Unspecified,Unspecified,Unspecified,Unknown,Wading,2026-07-09T20:30:36.896003+00:00,point_velocity,Unspecified
05457700,POINT (-92.6738833333333 43.0621944444444),a48ba056-164d-49cb-a3aa-ee5142453730,USGS-05457700,4e651f6e-e911-a664-e053-0100007fad64,256,1976-07-06T21:25:00+00:00,Imported Channel 1,198,ft^3/s,161,ft,183,ft^2,1.08,ft/s,,,Unspecified,Unspecified,Unspecified,Unspecified,Unspecified,Unknown,Wading,2026-07-09T20:30:36.896003+00:00,point_velocity,Unspecified
05457700,POINT (-92.6738833333333 43.0621944444444),a4e34896-14d7-4821-8c62-4c6e3272fb42,USGS-05457700,951ada35-2d7d-643f-e053-0100007f9d60,611,2019-10-16T13:59:27+00:00,Charles,2040,ft^3/s,121,ft,498,ft^2,4.10,ft/s,2000.00,ft,Firm,CobblesBoulders,Even,Uneven,Standard,Pulsating,BridgeDownstreamSide,2026-07-09T20:30:36.896003+00:00,adcp,Upstream
05457700,POINT (-92.6738833333333 43.0621944444444),a6039685-bc3b-47de-8668-0d38177bcdc3,USGS-05457700,4e650793-680c-99c6-e053-0100007f9b71,6,1946-04-03T20:45:00+00:00,Imported Channel 1,644,ft^3/s,165,ft,3.61,ft^2,1.78,ft/s,,,Unspecified,Unspecified,Unspecified,Unspecified,Unspecified,Unknown,Wading,2026-07-09T20:30:36.896003+00:00,point_velocity,Unspecified
05457700,POINT (-92.6738833333333 43.0621944444444),a6056fbf-a745-4c21-a7f6-1cca28f354a0,USGS-05457700,8c28b803-a934-322c-e053-0100007f03cc,608,2019-06-25T15:17:34+00:00,Charles City,2070,ft^3/s,121,ft,496,ft^2,4.18,ft/s,0.00,ft,Soft,Sand,Uneven,Uneven,Standard,Pulsating,BridgeDownstreamSide,2026-07-09T20:30:36.896003+00:00,adcp,AtTheGage
05457700,POINT (-92.6738833333333 43.0621944444444),a6313cc4-7ac9-4cdb-9d74-d25c5c7ba559,USGS-05457700,4e652324-1e4d-a684-e053-0100007f7b28,129,1965-04-16T13:00:00+00:00,Imported Channel 1,2370,ft^3/s,211,ft,1070,ft^2,2.21,ft/s,,,Unspecified,Unspecified,Unspecified,Unspecified,Unspecified,Unknown,BridgeCrane,2026-07-09T20:30:36.896003+00:00,point_velocity,Unspecified
05457700,POINT (-92.6738833333333 43.0621944444444),a68af2fe-d3f5-4215-8d89-40578b9645f0,USGS-05457700,4e650dfa-4b70-9dd5-e053-0100007f4a26,409,1993-04-01T17:15:00+00:00,Imported Channel 1,18800,ft^3/s,308,ft,4190,ft^2,4.49,ft/s,,,Unspecified,Unspecified,Unspecified,Unspecified,Unspecified,Unknown,BridgeCrane,2026-07-09T20:30:36.896003+00:00,point_velocity,Unspecified
05457700,POINT (-92.6738833333333 43.0621944444444),a68ffe1e-40de-4507-be48-a06a38f11a3d,USGS-05457700,4e65205c-7906-a6f4-e053-0100007f39d2,204,1970-11-20T13:25:00+00:00,Imported Channel 1,1010,ft^3/s,169,ft,390,ft^2,2.59,ft/s,,,Unspecified,Unspecified,Unspecified,Unspecified,Unspecified,Unknown,Wading,2026-07-09T20:30:36.896003+00:00,point_velocity,Unspecified
05457700,POINT (-92.6738833333333 43.0621944444444),a71b66aa-721d-4fb6-9bcc-0b8ab90c5053,USGS-05457700,4e650bf7-13d7-9c79-e053-0100007fe09e,80,1952-02-20T17:05:00+00:00,Imported Channel 1,334,ft^3/s,174,ft,166,ft^2,2.01,ft/s,,,Unspecified,Unspecified,Unspecified,Unspecified,Unspecified,Unknown,Wading,2026-07-09T20:30:36.896003+00:00,point_velocity,Unspecified
05457700,POINT (-92.6738833333333 43.0621944444444),a732eb9f-3fc3-4be1-8b13-690fc7b28621,USGS-05457700,4e652a0b-bfba-abb6-e053-0100007fe940,397,1991-12-18T14:25:00+00:00,Imported Channel 1,1220,ft^3/s,195,ft,564,ft^2,2.16,ft/s,,,Unspecified,Unspecified,Unspecified,Unspecified,Unspecified,Unknown,BridgeCrane,2026-07-09T20:30:36.896003+00:00,point_velocity,Unspecified
05457700,POINT (-92.6738833333333 43.0621944444444),a7bd7c55-9173-42c2-8906-2e4ce2eea42a,USGS-05457700,7264aeb4-64d7-f659-e053-0100007f0cab,597,2018-07-31T16:12:30+00:00,Charles City,601,ft^3/s,188,ft,290,ft^2,2.07,ft/s,50.00,ft,Firm,Cobbles,Uneven,Even,Standard,Pulsating,Wading,2026-07-09T20:30:36.896003+00:00,point_velocity,Upstream
05457700,POINT (-92.6738833333333 43.0621944444444),a7c3d2c4-1a1d-4170-ba86-673b77f01545,USGS-05457700,4e65263d-99ab-aa13-e053-0100007f7170,470,2004-03-03T13:20:00+00:00,Imported Channel 1,1800,ft^3/s,198,ft,649,ft^2,2.77,ft/s,,,Unspecified,Unspecified,Unspecified,Unspecified,Unspecified,Unknown,BridgeCrane,2026-07-09T20:30:36.896003+00:00,point_velocity,Unspecified
05457700,POINT (-92.6738833333333 43.0621944444444),a810fa94-e57b-441f-b667-ab6a3cdf8a9d,USGS-05457700,4e65153f-885e-a189-e053-0100007fcb0c,17,1946-12-10T19:50:00+00:00,Imported Channel 1,365,ft^3/s,165,ft,287,ft^2,1.27,ft/s,,,Unspecified,Unspecified,Unspecified,Unspecified,Unspecified,Unknown,Wading,2026-07-09T20:30:36.896003+00:00,point_velocity,Unspecified
05457700,POINT (-92.6738833333333 43.0621944444444),a969b095-71c0-4834-9e83-6580704de6e6,USGS-05457700,4e653470-2e81-b0de-e053-0100007fac39,472,2004-05-25T14:00:00+00:00,Imported Channel 1,6100,ft^3/s,215,ft,1490,ft^2,4.09,ft/s,,,Unspecified,Unspecified,Unspecified,Unspecified,Unspecified,Unknown,BridgeCrane,2026-07-09T20:30:36.896003+00:00,point_velocity,Unspecified
05457700,POINT (-92.6738833333333 43.0621944444444),a985510b-9c98-4d6f-95ca-76e1aa69316a,USGS-05457700,4e6521e4-96c0-a7a0-e053-0100007f9ddb,381,1990-05-15T12:25:00+00:00,Imported Channel 1,974,ft^3/s,173,ft,408,ft^2,2.39,ft/s,,,Unspecified,Unspecified,Unspecified,Unspecified,Unspecified,Unknown,Wading,2026-07-09T20:30:36.896003+00:00,point_velocity,Unspecified
05457700,POINT (-92.6738833333333 43.0621944444444),ab6a8ad6-4a24-4718-bab9-5d7c6990746b,USGS-05457700,4e653737-e115-b130-e053-0100007fe3d2,537,2012-04-02T15:52:00+00:00,Imported Channel 1,286,ft^3/s,174,ft,194,ft^2,1.47,ft/s,75.00,ft,Firm,CobblesBoulders,Even,Even,Unspecified,Unknown,Wading,2026-07-09T20:30:36.896003+00:00,point_velocity,Upstream
05457700,POINT (-92.6738833333333 43.0621944444444),ac604413-dc3e-4d4b-879e-eb2308d6c3bb,USGS-05457700,4e651f65-800a-a68c-e053-0100007fd471,71,1951-05-16T12:30:00+00:00,Imported Channel 1,791,ft^3/s,195,ft,624,ft^2,1.28,ft/s,,,Unspecified,Unspecified,Unspecified,Unspecified,Unspecified,Unknown,BridgeCrane,2026-07-09T20:30:36.896003+00:00,point_velocity,Unspecified
05457700,POINT (-92.6738833333333 43.0621944444444),ac6c9c20-6ea6-4631-8160-c0c8cb7a6a75,USGS-05457700,4e6526f3-7dad-aa3d-e053-0100007fb8a8,473,2004-07-13T22:58:00+00:00,Imported Channel 1,3720,ft^3/s,212,ft,1080,ft^2,3.43,ft/s,,ft,Unspecified,Unspecified,Unspecified,Unspecified,Unspecified,Unknown,Unspecified,2026-07-09T20:30:36.896003+00:00,adcp,Unspecified
05457700,POINT (-92.6738833333333 43.0621944444444),ac89b272-4a1d-4e53-87d9-54193e9cb775,USGS-05457700,4e6518c5-5660-a306-e053-0100007f40f9,391,1991-05-06T17:30:00+00:00,Imported Channel 1,6540,ft^3/s,230,ft,1670,ft^2,3.92,ft/s,,,Unspecified,Unspecified,Unspecified,Unspecified,Unspecified,Unknown,BridgeCrane,2026-07-09T20:30:36.896003+00:00,point_velocity,Unspecified
05457700,POINT (-92.6738833333333 43.0621944444444),acb3ace8-1576-4f4a-a53b-c3ed875a2df4,USGS-05457700,4e650dd4-db6d-9daf-e053-0100007f61fc,172,1968-07-15T18:00:00+00:00,Imported Channel 1,565,ft^3/s,165,ft,327,ft^2,1.73,ft/s,,,Unspecified,Unspecified,Unspecified,Unspecified,Unspecified,Unknown,Wading,2026-07-09T20:30:36.896003+00:00,point_velocity,Unspecified
05457700,POINT (-92.6738833333333 43.0621944444444),acccc8d9-3d40-4da6-a5e4-79149f087189,USGS-05457700,4e653c6e-b516-b53c-e053-0100007ff080,506,2008-10-07T11:36:00+00:00,Imported Channel 1,254,ft^3/s,160,ft,193,ft^2,1.32,ft/s,80.00,ft,Firm,Gravel,Even,Even,Unspecified,Unknown,Wading,2026-07-09T20:30:36.896003+00:00,point_velocity,Upstream
05457700,POINT (-92.6738833333333 43.0621944444444),ad26e0b0-f2f5-4b35-bf64-2e147d80941c,USGS-05457700,4e6512aa-3bc1-a045-e053-0100007ff723,64,1950-12-12T20:15:00+00:00,Imported Channel 1,177,ft^3/s,113,ft,96.7,ft^2,1.73,ft/s,,,Unspecified,Unspecified,Unspecified,Unspecified,Unspecified,Unknown,Wading,2026-07-09T20:30:36.896003+00:00,point_velocity,Unspecified
05457700,POINT (-92.6738833333333 43.0621944444444),ad322f13-c9bc-46d5-8339-c3a07bbb0e0b,USGS-05457700,4e6526b2-9361-a855-e053-0100007f9bf8,356,1987-06-29T23:15:00+00:00,Imported Channel 1,220,ft^3/s,166,ft,188,ft^2,1.17,ft/s,,,Unspecified,Unspecified,Unspecified,Unspecified,Unspecified,Unknown,Wading,2026-07-09T20:30:36.896003+00:00,point_velocity,Unspecified
05457700,POINT (-92.6738833333333 43.0621944444444),ae82a9b3-7da4-472c-8838-da8b0ee26b2b,USGS-05457700,4e6522e0-370d-a79e-e053-0100007f5be5,414,1993-10-19T17:25:00+00:00,Imported Channel 1,562,ft^3/s,172,ft,324,ft^2,1.73,ft/s,,,Unspecified,Unspecified,Unspecified,Unspecified,Unspecified,Unknown,BridgeCrane,2026-07-09T20:30:36.896003+00:00,point_velocity,Unspecified
05457700,POINT (-92.6738833333333 43.0621944444444),aeb33c24-6f81-412e-a3f8-119b6dab5b8f,USGS-05457700,4e65108f-9bb1-9f72-e053-0100007fbb82,284,1978-12-21T14:00:00+00:00,Imported Channel 1,204,ft^3/s,159,ft,234,ft^2,0.87,ft/s,,,Unspecified,Unspecified,Unspecified,Unspecified,Unspecified,Unknown,Wading,2026-07-09T20:30:36.896003+00:00,point_velocity,Unspecified
05457700,POINT (-92.6738833333333 43.0621944444444),aefabd21-0c5d-4b4e-87bd-6c5c77ec5e1e,USGS-05457700,4e65203e-6adf-a6f0-e053-0100007fc347,88,1952-10-14T21:00:00+00:00,Imported Channel 1,212,ft^3/s,162,ft,225,ft^2,0.94,ft/s,,,Unspecified,Unspecified,Unspecified,Unspecified,Unspecified,Unknown,Wading,2026-07-09T20:30:36.896003+00:00,point_velocity,Unspecified
05457700,POINT (-92.6738833333333 43.0621944444444),af20e64b-b875-4515-b94c-930f27d5554d,USGS-05457700,4e650c07-a0f6-9bd6-e053-0100007fee83,201,1970-07-20T18:15:00+00:00,Imported Channel 1,233,ft^3/s,162,ft,206,ft^2,1.13,ft/s,,,Unspecified,Unspecified,Unspecified,Unspecified,Unspecified,Unknown,Wading,2026-07-09T20:30:36.896003+00:00,point_velocity,Unspecified
05457700,POINT (-92.6738833333333 43.0621944444444),af800da0-2562-4d42-8b2f-45f354132c41,USGS-05457700,0ed88902-51fd-46ee-b4df-f3b6cecca362,635,2023-07-10T19:09:34+00:00,Main,237,ft^3/s,168,ft,144,ft^2,1.64,ft/s,45.00,ft,Firm,Cobbles,Even,Uneven,Unknown,Steady,Wading,2026-07-09T20:30:36.896003+00:00,point_velocity,Downstream
05457700,POINT (-92.6738833333333 43.0621944444444),b09d3e17-feba-483b-9854-22b7f8cd1d51,USGS-05457700,4e653ae3-9d37-b3ec-e053-0100007f512f,575,2016-04-06T20:24:28+00:00,Charles City,2060,ft^3/s,206,ft,764,ft^2,2.70,ft/s,1200.00,ft,Firm,Gravel,Uneven,Uneven,Standard,Unknown,BridgeDownstreamSide,2026-07-09T20:30:36.896003+00:00,adcp,Upstream
05457700,POINT (-92.6738833333333 43.0621944444444),b17e7ac0-6b3c-497c-9641-efa9cb769027,USGS-05457700,4e6543a9-714c-b868-e053-0100007f6126,584,2017-02-21T18:04:34+00:00,Charles,7140,ft^3/s,215,ft,2410,ft^2,2.97,ft/s,800.00,ft,Soft,Gravel,Uneven,Uneven,Standard,Unknown,BridgeDownstreamSide,2026-07-09T20:30:36.896003+00:00,adcp,Downstream
05457700,POINT (-92.6738833333333 43.0621944444444),b20220c9-b1f0-4aee-a191-30c4d51cbe70,USGS-05457700,f20a1020-5776-4855-87b3-09b1b2964cd8,620,2021-03-08T20:20:30+00:00,Main,785,ft^3/s,195,ft,265,ft^2,2.96,ft/s,40.00,ft,Firm,Cobbles,Uneven,Uneven,NonStandard,Pulsating,Wading,2026-07-09T20:30:36.896003+00:00,point_velocity,Downstream
05457700,POINT (-92.6738833333333 43.0621944444444),b22748b5-c477-41f0-8304-41b5158afb42,USGS-05457700,4e651895-485f-a12f-e053-0100007f85f2,20,1947-02-26T17:40:00+00:00,Imported Channel 1,240,ft^3/s,164,ft,208,ft^2,1.15,ft/s,,,Unspecified,Unspecified,Unspecified,Unspecified,Unspecified,Unknown,Wading,2026-07-09T20:30:36.896003+00:00,point_velocity,Unspecified
05457700,POINT (-92.6738833333333 43.0621944444444),b22f3544-52e4-4925-9b7d-d7d0f85c67f5,USGS-05457700,4e652324-1e5c-a684-e053-0100007f7b28,224,1973-01-24T17:30:00+00:00,Imported Channel 1,714,ft^3/s,174,ft,422,ft^2,1.69,ft/s,,,Unspecified,Unspecified,Unspecified,Unspecified,Unspecified,Unknown,Wading,2026-07-09T20:30:36.896003+00:00,point_velocity,Unspecified
05457700,POINT (-92.6738833333333 43.0621944444444),b2c4e914-cc8b-4d5a-b54e-be654b5c9670,USGS-05457700,4e652e54-6862-ad44-e053-0100007fd19f,486,2005-11-14T17:25:00+00:00,Imported Channel 1,426,ft^3/s,168,ft,263,ft^2,1.62,ft/s,,,Unspecified,Unspecified,Unspecified,Unspecified,Unspecified,Unknown,Wading,2026-07-09T20:30:36.896003+00:00,point_velocity,Unspecified
05457700,POINT (-92.6738833333333 43.0621944444444),b2e83d76-e8b7-411f-bbff-a0f1896943d8,USGS-05457700,4e650e8e-274b-9e2e-e053-0100007f1349,171,1968-06-18T13:20:00+00:00,Imported Channel 1,420,ft^3/s,166,ft,251,ft^2,1.68,ft/s,,,Unspecified,Unspecified,Unspecified,Unspecified,Unspecified,Unknown,Wading,2026-07-09T20:30:36.896003+00:00,point_velocity,Unspecified
05457700,POINT (-92.6738833333333 43.0621944444444),b3d0fbff-f807-47e8-8ef7-4a8d86b27f42,USGS-05457700,4e650d85-feb2-9d9f-e053-0100007fcf43,262,1977-01-18T20:25:00+00:00,Imported Channel 1,95.8,ft^3/s,140,ft,134,ft^2,0.71,ft/s,,,Unspecified,Unspecified,Unspecified,Unspecified,Unspecified,Unknown,Ice,2026-07-09T20:30:36.896003+00:00,point_velocity,Unspecified
05457700,POINT (-92.6738833333333 43.0621944444444),b449688a-b627-4eee-8bd4-6a62a4ab358c,USGS-05457700,4e65203e-6b14-a6f0-e053-0100007fc347,352,1986-10-28T13:30:00+00:00,Imported Channel 1,948,ft^3/s,173,ft,391,ft^2,2.42,ft/s,,,Unspecified,Unspecified,Unspecified,Unspecified,Unspecified,Unknown,Wading,2026-07-09T20:30:36.896003+00:00,point_velocity,Unspecified
05457700,POINT (-92.6738833333333 43.0621944444444),b4739e13-1847-4812-b176-17c9d3f06a00,USGS-05457700,4e65180f-8028-a2b0-e053-0100007ffb32,22,1947-05-13T21:55:00+00:00,Imported Channel 1,532,ft^3/s,169,ft,341,ft^2,1.56,ft/s,,,Unspecified,Unspecified,Unspecified,Unspecified,Unspecified,Unknown,Wading,2026-07-09T20:30:36.896003+00:00,point_velocity,Unspecified
05457700,POINT (-92.6738833333333 43.0621944444444),b4fa4ad0-640a-4b86-9858-f07ce9c0dadc,USGS-05457700,4e65205c-78fe-a6f4-e053-0100007f39d2,93,1953-03-31T21:25:00+00:00,Imported Channel 1,404,ft^3/s,175,ft,184,ft^2,2.20,ft/s,,,Unspecified,Unspecified,Unspecified,Unspecified,Unspecified,Unknown,Wading,2026-07-09T20:30:36.896003+00:00,point_velocity,Unspecified
05457700,POINT (-92.6738833333333 43.0621944444444),b538d687-9a6e-4896-ba66-4e4cfbdb1f02,USGS-05457700,4e652229-7201-a7a2-e053-0100007f0dc5,405,1992-11-04T14:40:00+00:00,Imported Channel 1,2400,ft^3/s,199,ft,808,ft^2,2.97,ft/s,,,Unspecified,Unspecified,Unspecified,Unspecified,Unspecified,Unknown,BridgeCrane,2026-07-09T20:30:36.896003+00:00,point_velocity,Unspecified
05457700,POINT (-92.6738833333333 43.0621944444444),b5424497-82d3-4a0f-9708-d4b6021e14ec,USGS-05457700,bf04d568-51a1-4ed2-9d86-8978455dec3b,618,2020-11-18T19:42:02+00:00,Main,371,ft^3/s,71.7,ft,202,ft^2,1.84,ft/s,800.00,ft,Firm,CobblesBoulders,Uneven,Uneven,NonStandard,Steady,BridgeDownstreamSide,2026-07-09T20:30:36.896003+00:00,adcp,Upstream
05457700,POINT (-92.6738833333333 43.0621944444444),b5f6b408-0455-4f5c-bb8b-31f568f257a3,USGS-05457700,4e6521e4-96bd-a7a0-e053-0100007f9ddb,370,1989-03-16T22:10:00+00:00,Imported Channel 1,1880,ft^3/s,206,ft,868,ft^2,2.16,ft/s,,,Unspecified,Unspecified,Unspecified,Unspecified,Unspecified,Unknown,BridgeCrane,2026-07-09T20:30:36.896003+00:00,point_velocity,Unspecified
05457700,POINT (-92.6738833333333 43.0621944444444),b658c555-7202-42ac-9bdb-c58f1ee9b0d7,USGS-05457700,4e651e31-3905-a597-e053-0100007fedcc,244,1975-04-29T16:10:00+00:00,Imported Channel 1,8960,ft^3/s,246,ft,2250,ft^2,3.98,ft/s,,,Unspecified,Unspecified,Unspecified,Unspecified,Unspecified,Unknown,BridgeCrane,2026-07-09T20:30:36.896003+00:00,point_velocity,Unspecified
05457700,POINT (-92.6738833333333 43.0621944444444),b723eb25-c3d4-4f45-841f-5cf116772d01,USGS-05457700,4e65254e-5d9b-a92e-e053-0100007fdf7e,375,1989-10-17T13:30:00+00:00,Imported Channel 1,133,ft^3/s,160,ft,164,ft^2,0.81,ft/s,,,Unspecified,Unspecified,Unspecified,Unspecified,Unspecified,Unknown,Wading,2026-07-09T20:30:36.896003+00:00,point_velocity,Unspecified
05457700,POINT (-92.6738833333333 43.0621944444444),b731f30b-9d2e-4243-b5da-6dd7e8e7d58c,USGS-05457700,4e6526c4-186e-aa38-e053-0100007f4745,415,1993-12-08T18:00:00+00:00,Imported Channel 1,368,ft^3/s,170,ft,249,ft^2,1.48,ft/s,,,Unspecified,Unspecified,Unspecified,Unspecified,Unspecified,Unknown,Wading,2026-07-09T20:30:36.896003+00:00,point_velocity,Unspecified
05457700,POINT (-92.6738833333333 43.0621944444444),b7fa176d-7e0c-48b7-b1ce-04d0a0601457,USGS-05457700,4e650dfa-4b76-9dd5-e053-0100007f4a26,423,1995-01-10T14:00:00+00:00,Imported Channel 1,283,ft^3/s,170,ft,262,ft^2,1.08,ft/s,,,Unspecified,Unspecified,Unspecified,Unspecified,Unspecified,Unknown,Wading,2026-07-09T20:30:36.896003+00:00,point_velocity,Unspecified
05457700,POINT (-92.6738833333333 43.0621944444444),b8d13760-14e8-4dd0-ba55-cd5ed611f3bc,USGS-05457700,4e653cb6-c95f-b56a-e053-0100007fcc59,573,2016-01-14T17:10:00+00:00,Chaz City,541,ft^3/s,186,ft,361,ft^2,1.50,ft/s,1250.00,ft,Firm,Gravel,Uneven,Uneven,Standard,Unknown,BridgeDownstreamSide,2026-07-09T20:30:36.896003+00:00,adcp,Upstream
05457700,POINT (-92.6738833333333 43.0621944444444),ba068b17-8e86-4fa0-b389-e118ea284fac,USGS-05457700,753c41c8-c849-9a4f-e053-0100007f1159,599,2018-09-06T16:21:30+00:00,05457700,8420,ft^3/s,235,ft,1800,ft^2,4.68,ft/s,0.00,ft,Unspecified,Gravel,Even,Even,Uniform,Steady,MannedMovingBoat,2026-07-09T20:30:36.896003+00:00,adcp,AtTheGage
05457700,POINT (-92.6738833333333 43.0621944444444),ba1f1199-7334-4d49-bc97-026f4c27c68c,USGS-05457700,4e6509e0-85cb-9b44-e053-0100007f617a,145,1966-07-06T13:30:00+00:00,Imported Channel 1,346,ft^3/s,161,ft,229,ft^2,1.51,ft/s,,,Unspecified,Unspecified,Unspecified,Unspecified,Unspecified,Unknown,Wading,2026-07-09T20:30:36.896003+00:00,point_velocity,Unspecified
05457700,POINT (-92.6738833333333 43.0621944444444),ba318e64-d4b3-4916-91ee-cbd151b92367,USGS-05457700,4e6518a7-e28f-a308-e053-0100007f2fa7,417,1994-03-09T15:41:00+00:00,Imported Channel 1,1650,ft^3/s,196,ft,644,ft^2,2.56,ft/s,,,Unspecified,Unspecified,Unspecified,Unspecified,Unspecified,Unknown,BridgeCrane,2026-07-09T20:30:36.896003+00:00,point_velocity,Unspecified
05457700,POINT (-92.6738833333333 43.0621944444444),bb6558fc-bd8b-4abd-b368-f9de11413f77,USGS-05457700,4e65180f-802f-a2b0-e053-0100007ffb32,127,1965-04-11T13:20:00+00:00,Imported Channel 1,8050,ft^3/s,254,ft,2430,ft^2,3.31,ft/s,,,Unspecified,Unspecified,Unspecified,Unspecified,Unspecified,Unknown,BridgeCrane,2026-07-09T20:30:36.896003+00:00,point_velocity,Unspecified
05457700,POINT (-92.6738833333333 43.0621944444444),bbda978e-c5fe-44ce-92f6-33711cd61998,USGS-05457700,9e858546-50ae-44b8-892b-92a42b3b2086,644,2024-11-21T14:52:53+00:00,Main,480,ft^3/s,180,ft,204,ft^2,2.35,ft/s,75.00,ft,Firm,Cobbles,Even,Even,Standard,Steady,Wading,2026-07-09T20:30:36.896003+00:00,point_velocity,Downstream
05457700,POINT (-92.6738833333333 43.0621944444444),bc1d7f58-4034-4cf0-9130-12b83c64d9b1,USGS-05457700,4e6543c0-3f5d-b8df-e053-0100007ff56e,581,2016-09-23T19:06:37+00:00,Charles Check,22000,ft^3/s,250,ft,4660,ft^2,4.72,ft/s,1000.00,ft,Soft,Sand,Uneven,Uneven,Standard,Unknown,BridgeDownstreamSide,2026-07-09T20:30:36.896003+00:00,adcp,Downstream
05457700,POINT (-92.6738833333333 43.0621944444444),bc2f4455-cd68-4a3b-883a-07ef72a5adf3,USGS-05457700,4e651f4b-d520-a666-e053-0100007f3d82,198,1970-04-15T23:10:00+00:00,Imported Channel 1,624,ft^3/s,162,ft,319,ft^2,1.96,ft/s,,,Unspecified,Unspecified,Unspecified,Unspecified,Unspecified,Unknown,Wading,2026-07-09T20:30:36.896003+00:00,point_velocity,Unspecified
05457700,POINT (-92.6738833333333 43.0621944444444),bc8c0e7f-9743-4837-90a7-720f9d0940ff,USGS-05457700,4e652632-7442-a9f4-e053-0100007f956d,203,1970-10-06T19:40:00+00:00,Imported Channel 1,190,ft^3/s,166,ft,206,ft^2,0.92,ft/s,,,Unspecified,Unspecified,Unspecified,Unspecified,Unspecified,Unknown,Wading,2026-07-09T20:30:36.896003+00:00,point_velocity,Unspecified
05457700,POINT (-92.6738833333333 43.0621944444444),bd101d98-16ae-474e-9ff8-594cf44d610e,USGS-05457700,3eee5b3a-62d3-45a0-98e5-25af85281cad,622,2021-06-16T15:42:00+00:00,Main,359,ft^3/s,180,ft,131,ft^2,2.73,ft/s,30.00,ft,Firm,BedrockLedgeArtificial,Even,Uneven,NonStandard,Pulsating,Wading,2026-07-09T20:30:36.896003+00:00,point_velocity,Downstream
05457700,POINT (-92.6738833333333 43.0621944444444),bd23555b-e8c8-4231-a79f-1b25cdfca705,USGS-05457700,718c25d1-2e44-43ae-a8b6-dcc3e0ad2f54,639,2024-02-27T18:50:29+00:00,Main,181,ft^3/s,165,ft,87.0,ft^2,2.08,ft/s,30.00,ft,Firm,Gravel,Uneven,Uneven,Unknown,Steady,Wading,2026-07-09T20:30:36.896003+00:00,point_velocity,Downstream
05457700,POINT (-92.6738833333333 43.0621944444444),be0d7760-30f8-4f7e-a0ce-a423eeac5b3c,USGS-05457700,4e650741-d16b-9a14-e053-0100007fcc2c,139,1966-01-05T14:00:00+00:00,Imported Channel 1,363,ft^3/s,164,ft,250,ft^2,1.45,ft/s,,,Unspecified,Unspecified,Unspecified,Unspecified,Unspecified,Unknown,Wading,2026-07-09T20:30:36.896003+00:00,point_velocity,Unspecified
05457700,POINT (-92.6738833333333 43.0621944444444),be69cdc7-d1a5-4202-89d4-c4cb5ed12b6a,USGS-05457700,4e6511bc-4fb1-9fc9-e053-0100007f81f3,290,1979-07-31T13:10:00+00:00,Imported Channel 1,525,ft^3/s,170,ft,284,ft^2,1.85,ft/s,,,Unspecified,Unspecified,Unspecified,Unspecified,Unspecified,Unknown,Wading,2026-07-09T20:30:36.896003+00:00,point_velocity,Unspecified
05457700,POINT (-92.6738833333333 43.0621944444444),be6a6a5b-a3e2-451f-9939-56b8bd79503f,USGS-05457700,6ea223fa-27b6-03be-e053-0100007fe53d,596,2018-06-14T12:33:47+00:00,Charles City,4000,ft^3/s,206,ft,1060,ft^2,3.77,ft/s,1000.00,ft,Soft,Gravel,Uneven,Uneven,Standard,Pulsating,BridgeDownstreamSide,2026-07-09T20:30:36.896003+00:00,adcp,Upstream
05457700,POINT (-92.6738833333333 43.0621944444444),be9f9768-716e-4f49-8be6-1212d915d023,USGS-05457700,4e653737-e102-b130-e053-0100007fe3d2,444,2001-03-21T19:40:00+00:00,Imported Channel 1,587,ft^3/s,194,ft,248,ft^2,2.37,ft/s,,,Unspecified,Unspecified,Unspecified,Unspecified,Unspecified,Unknown,Wading,2026-07-09T20:30:36.896003+00:00,point_velocity,Unspecified
05457700,POINT (-92.6738833333333 43.0621944444444),bf881a0b-203d-4aae-a8d9-ae1bb42f21e0,USGS-05457700,4e650bbd-aa02-9c46-e053-0100007fbd8b,36,1948-07-14T22:55:00+00:00,Imported Channel 1,191,ft^3/s,147,ft,89.5,ft^2,2.13,ft/s,,,Unspecified,Unspecified,Unspecified,Unspecified,Unspecified,Unknown,Wading,2026-07-09T20:30:36.896003+00:00,point_velocity,Unspecified
05457700,POINT (-92.6738833333333 43.0621944444444),bf8c7cb5-71c7-4aa6-8f84-185e08923c33,USGS-05457700,4e651b5f-d806-a460-e053-0100007f272c,361,1988-03-17T21:00:00+00:00,Imported Channel 1,585,ft^3/s,172,ft,300,ft^2,1.95,ft/s,,,Unspecified,Unspecified,Unspecified,Unspecified,Unspecified,Unknown,Wading,2026-07-09T20:30:36.896003+00:00,point_velocity,Unspecified
05457700,POINT (-92.6738833333333 43.0621944444444),bf96004d-a1fc-4f4a-9995-7f9d1a95474a,USGS-05457700,4e6543c0-3f5d-b8df-e053-0100007ff56e,580,2016-09-23T18:38:29+00:00,Charles City,21500,ft^3/s,246,ft,4620,ft^2,4.65,ft/s,1000.00,ft,Soft,Sand,Uneven,Uneven,Standard,Unknown,BridgeDownstreamSide,2026-07-09T20:30:36.896003+00:00,adcp,Downstream
05457700,POINT (-92.6738833333333 43.0621944444444),bfea9778-c6c2-4c6c-9865-d60b3a30381d,USGS-05457700,4e6518f5-8770-a302-e053-0100007fd64c,192,1969-10-07T14:55:00+00:00,Imported Channel 1,246,ft^3/s,162,ft,211,ft^2,1.17,ft/s,,,Unspecified,Unspecified,Unspecified,Unspecified,Unspecified,Unknown,Wading,2026-07-09T20:30:36.896003+00:00,point_velocity,Unspecified
05457700,POINT (-92.6738833333333 43.0621944444444),c08c8130-d709-417f-907a-c7057a79b352,USGS-05457700,4e6521d8-de72-a688-e053-0100007f5440,433,1999-02-03T18:30:00+00:00,Imported Channel 1,306,ft^3/s,167,ft,213,ft^2,1.44,ft/s,,,Unspecified,Unspecified,Unspecified,Unspecified,Unspecified,Unknown,Wading,2026-07-09T20:30:36.896003+00:00,point_velocity,Unspecified
05457700,POINT (-92.6738833333333 43.0621944444444),c0917eac-8e5b-4a6b-bf90-868093d3621e,USGS-05457700,269def04-0388-4d02-979a-daf7ea426028,641,2024-06-12T20:15:28+00:00,Main,1150,ft^3/s,100,ft,355,ft^2,3.24,ft/s,1500.00,ft,Firm,BedrockLedgeArtificial,Even,Even,NonStandard,Pulsating,BridgeDownstreamSide,2026-07-09T20:30:36.896003+00:00,adcp,Upstream
05457700,POINT (-92.6738833333333 43.0621944444444),c0b159db-f3e4-41c4-b6e0-03a292605e27,USGS-05457700,4e651f60-e393-a66a-e053-0100007f6871,46,1949-07-13T18:40:00+00:00,Imported Channel 1,145,ft^3/s,157,ft,91.2,ft^2,1.59,ft/s,,,Unspecified,Unspecified,Unspecified,Unspecified,Unspecified,Unknown,Wading,2026-07-09T20:30:36.896003+00:00,point_velocity,Unspecified
05457700,POINT (-92.6738833333333 43.0621944444444),c0c5428c-74fa-4fb2-9a2c-5a18e81c3b8c,USGS-05457700,4e651f75-27fd-a694-e053-0100007fa94a,73,1951-06-20T18:50:00+00:00,Imported Channel 1,546,ft^3/s,168,ft,240,ft^2,3.09,ft/s,,,Unspecified,Unspecified,Unspecified,Unspecified,Unspecified,Unknown,Wading,2026-07-09T20:30:36.896003+00:00,point_velocity,Unspecified
05457700,POINT (-92.6738833333333 43.0621944444444),c0fe66f7-1049-48ee-a24a-6211a543d891,USGS-05457700,4e653185-4b30-af9e-e053-0100007ffdfc,429,1995-09-28T13:35:00+00:00,Imported Channel 1,239,ft^3/s,166,ft,199,ft^2,1.20,ft/s,,,Unspecified,Unspecified,Unspecified,Unspecified,Unspecified,Unknown,Wading,2026-07-09T20:30:36.896003+00:00,point_velocity,Unspecified
05457700,POINT (-92.6738833333333 43.0621944444444),c1b1c4ab-bf1c-44ef-8c14-4b53dcb7ca68,USGS-05457700,311062fb-6fbc-41bc-a1ae-0113ae41f6b8,642,2024-06-23T18:42:28+00:00,Main,19100,ft^3/s,299,ft,3830,ft^2,4.99,ft/s,800.00,ft,Soft,Sand,Even,Uneven,Standard,Pulsating,BridgeDownstreamSide,2026-07-09T20:30:36.896003+00:00,adcp,Upstream
05457700,POINT (-92.6738833333333 43.0621944444444),c1befd62-74c3-4b7f-a6cd-ce12ac3380d3,USGS-05457700,4e650d85-fec8-9d9f-e053-0100007fcf43,363,1988-05-31T21:50:00+00:00,Imported Channel 1,293,ft^3/s,168,ft,218,ft^2,1.34,ft/s,,,Unspecified,Unspecified,Unspecified,Unspecified,Unspecified,Unknown,Wading,2026-07-09T20:30:36.896003+00:00,point_velocity,Unspecified
05457700,POINT (-92.6738833333333 43.0621944444444),c1f4abe8-b608-4ff4-be96-28c645f9d7bd,USGS-05457700,4e6523e5-5548-a80b-e053-0100007fac67,263,1977-02-15T14:30:00+00:00,Imported Channel 1,142,ft^3/s,145,ft,132,ft^2,1.08,ft/s,,,Unspecified,Unspecified,Unspecified,Unspecified,Unspecified,Unknown,Wading,2026-07-09T20:30:36.896003+00:00,point_velocity,Unspecified
05457700,POINT (-92.6738833333333 43.0621944444444),c24683e3-684c-4c90-aaad-bdb74d8d4410,USGS-05457700,4e650b40-2419-9c16-e053-0100007fc993,4,1946-03-07T13:05:00+00:00,Imported Channel 1,5070,ft^3/s,235,ft,1770,ft^2,2.86,ft/s,,,Unspecified,Unspecified,Unspecified,Unspecified,Unspecified,Unknown,BridgeCrane,2026-07-09T20:30:36.896003+00:00,point_velocity,Unspecified
05457700,POINT (-92.6738833333333 43.0621944444444),c248e5dd-2cc8-4ab8-87f4-79f5070c9e2b,USGS-05457700,4e651b29-8e54-a435-e053-0100007f6420,202,1970-08-25T14:53:00+00:00,Imported Channel 1,181,ft^3/s,162,ft,186,ft^2,0.97,ft/s,,,Unspecified,Unspecified,Unspecified,Unspecified,Unspecified,Unknown,Wading,2026-07-09T20:30:36.896003+00:00,point_velocity,Unspecified
05457700,POINT (-92.6738833333333 43.0621944444444),c25e0c05-add1-4937-9ac7-2940d172854c,USGS-05457700,4e653cac-3d99-b50a-e053-0100007f7072,563,2014-11-20T20:35:00+00:00,Charles City,347,ft^3/s,164,ft,165,ft^2,2.11,ft/s,,,Firm,Gravel,Even,Even,Uniform,Unknown,Wading,2026-07-09T20:30:36.896003+00:00,point_velocity,AtTheGage
05457700,POINT (-92.6738833333333 43.0621944444444),c2ae228e-e45f-470b-8a76-873d3215d19c,USGS-05457700,4e651d0e-1cbe-a486-e053-0100007f1a31,193,1969-11-17T21:45:00+00:00,Imported Channel 1,217,ft^3/s,162,ft,206,ft^2,1.05,ft/s,,,Unspecified,Unspecified,Unspecified,Unspecified,Unspecified,Unknown,Wading,2026-07-09T20:30:36.896003+00:00,point_velocity,Unspecified
05457700,POINT (-92.6738833333333 43.0621944444444),c3247c8e-b890-4287-9c06-21f61ddbbbe4,USGS-05457700,4e65149c-6f72-a131-e053-0100007f4e3f,235,1974-04-30T20:50:00+00:00,Imported Channel 1,750,ft^3/s,171,ft,329,ft^2,2.28,ft/s,,,Unspecified,Unspecified,Unspecified,Unspecified,Unspecified,Unknown,Wading,2026-07-09T20:30:36.896003+00:00,point_velocity,Unspecified
05457700,POINT (-92.6738833333333 43.0621944444444),c3e3840b-a4be-4109-b92f-4230292758ae,USGS-05457700,4e650c0b-7d73-9b96-e053-0100007fc22b,164,1967-11-14T18:30:00+00:00,Imported Channel 1,165,ft^3/s,162,ft,188,ft^2,0.88,ft/s,,,Unspecified,Unspecified,Unspecified,Unspecified,Unspecified,Unknown,Wading,2026-07-09T20:30:36.896003+00:00,point_velocity,Unspecified
05457700,POINT (-92.6738833333333 43.0621944444444),c427baef-8208-4428-9afc-28ef44115e25,USGS-05457700,4e652af3-d81f-ac14-e053-0100007fa168,436,1999-06-16T17:15:00+00:00,Imported Channel 1,1620,ft^3/s,199,ft,586,ft^2,2.76,ft/s,,,Unspecified,Unspecified,Unspecified,Unspecified,Unspecified,Unknown,BridgeCrane,2026-07-09T20:30:36.896003+00:00,point_velocity,Unspecified
05457700,POINT (-92.6738833333333 43.0621944444444),c5059f00-dbfd-4f58-9a09-13021c2b63eb,USGS-05457700,4e651895-487e-a12f-e053-0100007f85f2,184,1969-04-25T13:30:00+00:00,Imported Channel 1,745,ft^3/s,168,ft,337,ft^2,2.21,ft/s,,,Unspecified,Unspecified,Unspecified,Unspecified,Unspecified,Unknown,Wading,2026-07-09T20:30:36.896003+00:00,point_velocity,Unspecified
05457700,POINT (-92.6738833333333 43.0621944444444),c54d5dd7-35ad-4811-b821-3cbf3b64e3cb,USGS-05457700,4e652ad3-e52f-ac2c-e053-0100007f1693,510,2009-05-05T13:33:00+00:00,Imported Channel 1,851,ft^3/s,220,ft,679,ft^2,1.25,ft/s,1000.00,ft,Firm,Sand,Even,Even,Unspecified,Unknown,BridgeDownstreamSide,2026-07-09T20:30:36.896003+00:00,adcp,Downstream
05457700,POINT (-92.6738833333333 43.0621944444444),c59bf801-1f78-4369-896a-5391f49480d5,USGS-05457700,4e652aea-689f-ac38-e053-0100007f1103,539,2012-06-25T16:05:30+00:00,Imported Channel 1,601,ft^3/s,180,ft,282,ft^2,2.13,ft/s,50.00,ft,Firm,Cobbles,Even,Even,Standard,Unknown,Wading,2026-07-09T20:30:36.896003+00:00,point_velocity,Upstream
05457700,POINT (-92.6738833333333 43.0621944444444),c5ddb121-2a17-419d-aed7-bb1d55192612,USGS-05457700,4e651895-487c-a12f-e053-0100007f85f2,183,1969-03-26T19:10:00+00:00,Imported Channel 1,5240,ft^3/s,219,ft,1450,ft^2,3.61,ft/s,,,Unspecified,Unspecified,Unspecified,Unspecified,Unspecified,Unknown,BridgeCrane,2026-07-09T20:30:36.896003+00:00,point_velocity,Unspecified
05457700,POINT (-92.6738833333333 43.0621944444444),c6154b49-a168-481a-87a0-519159f28085,USGS-05457700,4e652324-1e57-a684-e053-0100007f7b28,196,1970-02-19T20:27:00+00:00,Imported Channel 1,195,ft^3/s,168,ft,187,ft^2,1.40,ft/s,,,Unspecified,Unspecified,Unspecified,Unspecified,Unspecified,Unknown,Ice,2026-07-09T20:30:36.896003+00:00,point_velocity,Unspecified
05457700,POINT (-92.6738833333333 43.0621944444444),c72ad2b7-c2be-4477-bda8-80d6077b4471,USGS-05457700,4e65110e-ae85-9f74-e053-0100007fbaa0,320,1983-02-25T14:00:00+00:00,Imported Channel 1,2910,ft^3/s,205,ft,904,ft^2,3.22,ft/s,,,Unspecified,Unspecified,Unspecified,Unspecified,Unspecified,Unknown,Wading,2026-07-09T20:30:36.896003+00:00,point_velocity,Unspecified
05457700,POINT (-92.6738833333333 43.0621944444444),c7d45152-d241-438b-b6c2-06e507994132,USGS-05457700,4e652e67-d6c8-adb4-e053-0100007fbcd3,577,2016-07-06T12:49:30+00:00,Charles,728,ft^3/s,192,ft,281,ft^2,2.59,ft/s,,,Firm,Cobbles,Uneven,Even,Standard,Unknown,Wading,2026-07-09T20:30:36.896003+00:00,point_velocity,AtTheGage
05457700,POINT (-92.6738833333333 43.0621944444444),c88cfc64-656b-47f6-94d1-6e3455321cbf,USGS-05457700,4e6542b8-d66a-b646-e053-0100007fe67b,555,2013-12-02T16:39:30+00:00,Charles City,258,ft^3/s,168,ft,139,ft^2,1.86,ft/s,25.00,ft,Firm,Gravel,Even,Even,Uniform,Unknown,Wading,2026-07-09T20:30:36.896003+00:00,point_velocity,Upstream
05457700,POINT (-92.6738833333333 43.0621944444444),c8a92be9-48ee-4847-9a5f-37c50537c46c,USGS-05457700,4e652dad-6668-ad25-e053-0100007f0ad5,468,2003-12-09T19:20:00+00:00,Imported Channel 1,183,ft^3/s,162,ft,171,ft^2,1.07,ft/s,,,Unspecified,Unspecified,Unspecified,Unspecified,Unspecified,Unknown,Wading,2026-07-09T20:30:36.896003+00:00,point_velocity,Unspecified
05457700,POINT (-92.6738833333333 43.0621944444444),c8d22c6b-855c-4e46-8cba-b08faf8ce2a7,USGS-05457700,4e65212e-604f-a740-e053-0100007fb6d5,326,1983-11-03T14:30:00+00:00,Imported Channel 1,629,ft^3/s,171,ft,335,ft^2,1.87,ft/s,,,Unspecified,Unspecified,Unspecified,Unspecified,Unspecified,Unknown,Wading,2026-07-09T20:30:36.896003+00:00,point_velocity,Unspecified
05457700,POINT (-92.6738833333333 43.0621944444444),c9563ee0-7c9d-427c-8788-d87b6d593067,USGS-05457700,4e6521d8-de47-a688-e053-0100007f5440,225,1973-03-12T18:20:00+00:00,Imported Channel 1,12500,ft^3/s,276,ft,3030,ft^2,4.12,ft/s,,,Unspecified,Unspecified,Unspecified,Unspecified,Unspecified,Unknown,BridgeCrane,2026-07-09T20:30:36.896003+00:00,point_velocity,Unspecified
05457700,POINT (-92.6738833333333 43.0621944444444),c9717083-8eda-4011-9900-503a252eaf9c,USGS-05457700,4e651495-6c21-a10e-e053-0100007f0f69,70,1951-04-24T21:55:00+00:00,Imported Channel 1,2040,ft^3/s,211,ft,1010,ft^2,2.02,ft/s,,,Unspecified,Unspecified,Unspecified,Unspecified,Unspecified,Unknown,BridgeCrane,2026-07-09T20:30:36.896003+00:00,point_velocity,Unspecified
05457700,POINT (-92.6738833333333 43.0621944444444),c9efd732-ee43-4df3-af50-222d4a4be6b9,USGS-05457700,4e6526f3-7d7c-aa3d-e053-0100007fb8a8,257,1976-08-18T13:10:00+00:00,Imported Channel 1,151,ft^3/s,170,ft,106,ft^2,1.42,ft/s,,,Unspecified,Unspecified,Unspecified,Unspecified,Unspecified,Unknown,Wading,2026-07-09T20:30:36.896003+00:00,point_velocity,Unspecified
05457700,POINT (-92.6738833333333 43.0621944444444),ca0cb10c-4306-45cb-b16d-9d010c6613fc,USGS-05457700,4e6513b3-bef0-a096-e053-0100007fdb30,9,1946-06-28T17:10:00+00:00,Imported Channel 1,376,ft^3/s,165,ft,302,ft^2,1.24,ft/s,,,Unspecified,Unspecified,Unspecified,Unspecified,Unspecified,Unknown,Wading,2026-07-09T20:30:36.896003+00:00,point_velocity,Unspecified
05457700,POINT (-92.6738833333333 43.0621944444444),ca3182b7-507c-4cfa-be59-f1eb88de41bc,USGS-05457700,60cd3358-f603-15c1-e053-0100007ff2c2,592,2017-12-20T17:57:00+00:00,05457700,378,ft^3/s,183,ft,179,ft^2,2.11,ft/s,30.00,ft,Firm,Gravel,Even,Even,Uniform,Steady,Wading,2026-07-09T20:30:36.896003+00:00,point_velocity,Upstream
05457700,POINT (-92.6738833333333 43.0621944444444),ca508125-c2c3-4830-bfbb-d506c0ce6926,USGS-05457700,4e650dfa-4b4c-9dd5-e053-0100007f4a26,169,1968-04-17T20:10:00+00:00,Imported Channel 1,176,ft^3/s,166,ft,223,ft^2,0.79,ft/s,,,Unspecified,Unspecified,Unspecified,Unspecified,Unspecified,Unknown,Wading,2026-07-09T20:30:36.896003+00:00,point_velocity,Unspecified
05457700,POINT (-92.6738833333333 43.0621944444444),caf6e49e-0794-4083-a471-0863b0ddd0fb,USGS-05457700,4e653185-4b3b-af9e-e053-0100007ffdfc,456,2002-08-06T12:45:00+00:00,Imported Channel 1,1860,ft^3/s,196,ft,645,ft^2,2.88,ft/s,,,Unspecified,Unspecified,Unspecified,Unspecified,Unspecified,Unknown,BridgeCrane,2026-07-09T20:30:36.896003+00:00,point_velocity,Unspecified
05457700,POINT (-92.6738833333333 43.0621944444444),cafb10af-7dc4-4dea-9161-b7b54ffc2d84,USGS-05457700,4e651b14-8e3d-a439-e053-0100007f26a2,138,1965-12-09T19:30:00+00:00,Imported Channel 1,356,ft^3/s,166,ft,254,ft^2,1.40,ft/s,,,Unspecified,Unspecified,Unspecified,Unspecified,Unspecified,Unknown,Wading,2026-07-09T20:30:36.896003+00:00,point_velocity,Unspecified
05457700,POINT (-92.6738833333333 43.0621944444444),cb34fcae-38fa-4149-86e6-01c24a151be0,USGS-05457700,4e6518a7-e273-a308-e053-0100007f2fa7,287,1979-04-17T16:35:00+00:00,Imported Channel 1,1330,ft^3/s,173,ft,470,ft^2,2.82,ft/s,,,Unspecified,Unspecified,Unspecified,Unspecified,Unspecified,Unknown,Wading,2026-07-09T20:30:36.896003+00:00,point_velocity,Unspecified
05457700,POINT (-92.6738833333333 43.0621944444444),cbb0eb42-20f4-4bce-8364-12cf0d546f75,USGS-05457700,4e65358e-673e-b12c-e053-0100007f3e12,558,2014-04-14T18:10:30+00:00,Charles City,1090,ft^3/s,190,ft,392,ft^2,2.79,ft/s,50.00,ft,Firm,Cobbles,Even,Even,Uniform,Unknown,Wading,2026-07-09T20:30:36.896003+00:00,point_velocity,Upstream
05457700,POINT (-92.6738833333333 43.0621944444444),cbfd37ec-9175-4829-8183-34704c4d9d21,USGS-05457700,4e652345-8768-a68a-e053-0100007fd9e6,223,1972-12-11T21:00:00+00:00,Imported Channel 1,434,ft^3/s,172,ft,258,ft^2,1.68,ft/s,,,Unspecified,Unspecified,Unspecified,Unspecified,Unspecified,Unknown,Wading,2026-07-09T20:30:36.896003+00:00,point_velocity,Unspecified
05457700,POINT (-92.6738833333333 43.0621944444444),cc12cfda-b8f6-4b0d-a4ac-3ef8bd7ccf94,USGS-05457700,4e652db0-df84-ad42-e053-0100007f81ac,480,2005-03-08T14:14:00+00:00,Imported Channel 1,567,ft^3/s,174,ft,280,ft^2,2.02,ft/s,,,Unspecified,Unspecified,Unspecified,Unspecified,Unspecified,Unknown,Wading,2026-07-09T20:30:36.896003+00:00,point_velocity,Unspecified
05457700,POINT (-92.6738833333333 43.0621944444444),cc3aafd1-170f-4eda-8543-e2cd0338a636,USGS-05457700,4e65205e-8128-a6fc-e053-0100007f3191,113,1961-11-08T14:00:00+00:00,Imported Channel 1,443,ft^3/s,176,ft,197,ft^2,2.25,ft/s,,,Unspecified,Unspecified,Unspecified,Unspecified,Unspecified,Unknown,Wading,2026-07-09T20:30:36.896003+00:00,point_velocity,Unspecified
05457700,POINT (-92.6738833333333 43.0621944444444),cc44c614-1401-4e60-a075-459d5d9a86b2,USGS-05457700,4e651e9d-f280-a593-e053-0100007f07e0,115,1964-12-09T13:10:00+00:00,Imported Channel 1,135,ft^3/s,152,ft,181,ft^2,0.75,ft/s,,,Unspecified,Unspecified,Unspecified,Unspecified,Unspecified,Unknown,Wading,2026-07-09T20:30:36.896003+00:00,point_velocity,Unspecified
05457700,POINT (-92.6738833333333 43.0621944444444),cdb56b3b-1f67-493c-814a-88db314936c9,USGS-05457700,4e650a68-f895-9b42-e053-0100007f0091,134,1965-08-11T21:00:00+00:00,Imported Channel 1,204,ft^3/s,164,ft,210,ft^2,0.97,ft/s,,,Unspecified,Unspecified,Unspecified,Unspecified,Unspecified,Unknown,Wading,2026-07-09T20:30:36.896003+00:00,point_velocity,Unspecified
05457700,POINT (-92.6738833333333 43.0621944444444),cddfa88a-5a5d-4cf7-866f-dcce63733535,USGS-05457700,4e651baa-e3aa-a482-e053-0100007f6761,252,1976-01-20T18:40:00+00:00,Imported Channel 1,201,ft^3/s,168,ft,150,ft^2,1.34,ft/s,,,Unspecified,Unspecified,Unspecified,Unspecified,Unspecified,Unknown,Wading,2026-07-09T20:30:36.896003+00:00,point_velocity,Unspecified
05457700,POINT (-92.6738833333333 43.0621944444444),cdf1d19b-554f-4a68-9fff-afa187b05dbf,USGS-05457700,4e651ccf-c8f6-a2f4-e053-0100007f6685,450,2001-11-28T21:40:00+00:00,Imported Channel 1,289,ft^3/s,181,ft,202,ft^2,1.43,ft/s,,,Unspecified,Unspecified,Unspecified,Unspecified,Unspecified,Unknown,Wading,2026-07-09T20:30:36.896003+00:00,point_velocity,Unspecified
05457700,POINT (-92.6738833333333 43.0621944444444),ce58917c-4c1a-4510-ae23-89f032d60c50,USGS-05457700,4e650c07-a0f2-9bd6-e053-0100007fee83,154,1967-03-01T16:00:00+00:00,Imported Channel 1,192,ft^3/s,167,ft,114,ft^2,1.68,ft/s,,,Unspecified,Unspecified,Unspecified,Unspecified,Unspecified,Unknown,Wading,2026-07-09T20:30:36.896003+00:00,point_velocity,Unspecified
05457700,POINT (-92.6738833333333 43.0621944444444),cf0e52fb-522d-475e-8f65-e4703cf91cc3,USGS-05457700,5444e36d-5395-4ff0-86f1-a4a78b42ad6f,640,2024-04-16T17:51:22+00:00,Main Channel,408,ft^3/s,183,ft,145,ft^2,2.81,ft/s,50.00,ft,Firm,BedrockLedgeArtificial,Even,Uneven,NonStandard,Steady,Wading,2026-07-09T20:30:36.896003+00:00,point_velocity,Downstream
05457700,POINT (-92.6738833333333 43.0621944444444),cf229b5c-73f5-4bc3-917c-1fc057120ef8,USGS-05457700,4e65110e-aeab-9f74-e053-0100007fbaa0,566,2015-03-25T19:28:30+00:00,Charles City,444,ft^3/s,180,ft,200,ft^2,2.22,ft/s,,,Firm,Cobbles,Even,Even,Uniform,Unknown,Wading,2026-07-09T20:30:36.896003+00:00,point_velocity,AtTheGage
05457700,POINT (-92.6738833333333 43.0621944444444),cf3edfc3-0ba8-4b61-a77f-32b2da9c0f7e,USGS-05457700,4e652b73-5f59-ac30-e053-0100007f779a,471,2004-04-12T21:05:00+00:00,Imported Channel 1,252,ft^3/s,171,ft,199,ft^2,1.27,ft/s,,,Unspecified,Unspecified,Unspecified,Unspecified,Unspecified,Unknown,Wading,2026-07-09T20:30:36.896003+00:00,point_velocity,Unspecified
05457700,POINT (-92.6738833333333 43.0621944444444),cf6aed91-0dbc-45ea-a8eb-733240e8fc37,USGS-05457700,4e651495-6c31-a10e-e053-0100007f0f69,230,1973-10-02T19:15:00+00:00,Imported Channel 1,3240,ft^3/s,210,ft,964,ft^2,3.36,ft/s,,,Unspecified,Unspecified,Unspecified,Unspecified,Unspecified,Unknown,BridgeCrane,2026-07-09T20:30:36.896003+00:00,point_velocity,Unspecified
05457700,POINT (-92.6738833333333 43.0621944444444),cfb4db4e-a66f-4c2c-921b-b03ec10e3bbc,USGS-05457700,4e653171-158b-af6c-e053-0100007faa03,385,1990-08-07T12:50:00+00:00,Imported Channel 1,1860,ft^3/s,191,ft,632,ft^2,2.94,ft/s,,,Unspecified,Unspecified,Unspecified,Unspecified,Unspecified,Unknown,BridgeCrane,2026-07-09T20:30:36.896003+00:00,point_velocity,Unspecified
05457700,POINT (-92.6738833333333 43.0621944444444),cfbe80f4-cd74-4148-a0c5-754049ede8b1,USGS-05457700,4e653b1a-8f8e-b3b5-e053-0100007f05e7,477,2004-11-08T22:15:00+00:00,Imported Channel 1,645,ft^3/s,174,ft,310,ft^2,2.08,ft/s,,,Unspecified,Unspecified,Unspecified,Unspecified,Unspecified,Unknown,Wading,2026-07-09T20:30:36.896003+00:00,point_velocity,Unspecified
05457700,POINT (-92.6738833333333 43.0621944444444),cfc95d1b-d03e-49eb-85c1-8ce6984c25ff,USGS-05457700,794381dc-0963-47d4-947b-b02ed886ab36,648,2025-06-04T13:55:47+00:00,Main,887,ft^3/s,186,ft,305,ft^2,2.90,ft/s,30.00,ft,Firm,Cobbles,Uneven,Uneven,Unknown,Pulsating,Wading,2026-07-09T20:30:36.896003+00:00,point_velocity,Downstream
05457700,POINT (-92.6738833333333 43.0621944444444),cfcf67d4-c20b-4c6e-b2f3-d33bf784a2d0,USGS-05457700,4e65265c-ca78-aa15-e053-0100007fc532,476,2004-10-05T13:35:00+00:00,Imported Channel 1,1050,ft^3/s,176,ft,433,ft^2,2.42,ft/s,,,Unspecified,Unspecified,Unspecified,Unspecified,Unspecified,Unknown,Wading,2026-07-09T20:30:36.896003+00:00,point_velocity,Unspecified
05457700,POINT (-92.6738833333333 43.0621944444444),d0296b6c-e87d-430e-a388-c29629e501f3,USGS-05457700,4e6531de-dcf9-afa2-e053-0100007fa38d,538,2012-05-21T18:29:00+00:00,Imported Channel 1,445,ft^3/s,186,ft,216,ft^2,2.05,ft/s,50.00,ft,Unspecified,Cobbles,Unspecified,Unspecified,Unspecified,Unknown,Wading,2026-07-09T20:30:36.896003+00:00,point_velocity,Upstream
05457700,POINT (-92.6738833333333 43.0621944444444),d04cfd79-aa23-41db-924b-58217946e7c4,USGS-05457700,4e65149c-6f70-a131-e053-0100007f4e3f,233,1974-02-12T19:00:00+00:00,Imported Channel 1,294,ft^3/s,178,ft,165,ft^2,1.78,ft/s,,,Unspecified,Unspecified,Unspecified,Unspecified,Unspecified,Unknown,Wading,2026-07-09T20:30:36.896003+00:00,point_velocity,Unspecified
05457700,POINT (-92.6738833333333 43.0621944444444),d0842df7-2671-4175-b53c-9521fb628f0d,USGS-05457700,4e650c0b-7d74-9b96-e053-0100007fc22b,165,1967-12-18T21:40:00+00:00,Imported Channel 1,170,ft^3/s,162,ft,206,ft^2,0.83,ft/s,,,Unspecified,Unspecified,Unspecified,Unspecified,Unspecified,Unknown,Wading,2026-07-09T20:30:36.896003+00:00,point_velocity,Unspecified
05457700,POINT (-92.6738833333333 43.0621944444444),d08bde56-52a4-456d-89f4-5e722a0d73e2,USGS-05457700,4e651132-e631-9fcd-e053-0100007feedf,200,1970-06-16T19:18:00+00:00,Imported Channel 1,432,ft^3/s,168,ft,252,ft^2,1.72,ft/s,,,Unspecified,Unspecified,Unspecified,Unspecified,Unspecified,Unknown,Wading,2026-07-09T20:30:36.896003+00:00,point_velocity,Unspecified
05457700,POINT (-92.6738833333333 43.0621944444444),d096ef39-a68e-45e3-8cda-bfac99f2a5ff,USGS-05457700,202a4310-1a3d-4219-bc04-20fb207a0701,614,2020-03-10T17:10:19+00:00,Charles City,7730,ft^3/s,199,ft,1880,ft^2,4.12,ft/s,5000.00,ft,Soft,SiltMud,Uneven,Even,Standard,Pulsating,BridgeDownstreamSide,2026-07-09T20:30:36.896003+00:00,adcp,Upstream
05457700,POINT (-92.6738833333333 43.0621944444444),d0ba0961-74af-4654-a409-d30b6ecbf147,USGS-05457700,4e65263d-99a4-aa13-e053-0100007f7170,453,2002-04-03T15:20:00+00:00,Imported Channel 1,254,ft^3/s,172,ft,205,ft^2,1.24,ft/s,,,Unspecified,Unspecified,Unspecified,Unspecified,Unspecified,Unknown,Wading,2026-07-09T20:30:36.896003+00:00,point_velocity,Unspecified
05457700,POINT (-92.6738833333333 43.0621944444444),d100f2ff-1070-4568-ab38-c8cd940ec3c3,USGS-05457700,4e652e46-45db-ad3a-e053-0100007fb1d3,339,1985-04-30T05:00:00+00:00,Imported Channel 1,749,ft^3/s,174,ft,386,ft^2,1.94,ft/s,,,Unspecified,Unspecified,Unspecified,Unspecified,Unspecified,Unknown,Wading,2026-07-09T20:30:36.896003+00:00,point_velocity,Unspecified
05457700,POINT (-92.6738833333333 43.0621944444444),d11d2e84-83de-4a3e-89ba-2c52f3166b04,USGS-05457700,4e6536bf-4261-b1c1-e053-0100007f6f43,487,2006-01-23T17:17:00+00:00,Imported Channel 1,279,ft^3/s,182,ft,185,ft^2,1.50,ft/s,,,Unspecified,Unspecified,Unspecified,Unspecified,Unspecified,Unknown,Wading,2026-07-09T20:30:36.896003+00:00,point_velocity,Unspecified
05457700,POINT (-92.6738833333333 43.0621944444444),d1e7487a-3320-4405-a5b4-766dc96f967a,USGS-05457700,4e651c2c-01a0-a2b8-e053-0100007f5540,16,1946-11-06T16:25:00+00:00,Imported Channel 1,606,ft^3/s,195,ft,570,ft^2,1.06,ft/s,,,Unspecified,Unspecified,Unspecified,Unspecified,Unspecified,Unknown,Cableway,2026-07-09T20:30:36.896003+00:00,point_velocity,Unspecified
05457700,POINT (-92.6738833333333 43.0621944444444),d22a5876-cfab-4f48-901b-1976598b5e86,USGS-05457700,4e650d85-feca-9d9f-e053-0100007fcf43,376,1989-11-27T21:40:00+00:00,Imported Channel 1,149,ft^3/s,161,ft,163,ft^2,0.91,ft/s,,,Unspecified,Unspecified,Unspecified,Unspecified,Unspecified,Unknown,Wading,2026-07-09T20:30:36.896003+00:00,point_velocity,Unspecified
05457700,POINT (-92.6738833333333 43.0621944444444),d25f18e4-8c0e-43ba-8bb0-a797233915b4,USGS-05457700,4e65267d-3e02-aa43-e053-0100007fd615,327,1983-12-21T20:30:00+00:00,Imported Channel 1,658,ft^3/s,176,ft,419,ft^2,1.57,ft/s,,,Unspecified,Unspecified,Unspecified,Unspecified,Unspecified,Unknown,Wading,2026-07-09T20:30:36.896003+00:00,point_velocity,Unspecified
05457700,POINT (-92.6738833333333 43.0621944444444),d31b10e0-ae27-4e0e-97f0-d2c7af295428,USGS-05457700,4e6522df-cb0f-a857-e053-0100007fc003,341,1985-07-24T05:00:00+00:00,Imported Channel 1,154,ft^3/s,158,ft,169,ft^2,0.91,ft/s,,,Unspecified,Unspecified,Unspecified,Unspecified,Unspecified,Unknown,Wading,2026-07-09T20:30:36.896003+00:00,point_velocity,Unspecified
05457700,POINT (-92.6738833333333 43.0621944444444),d3bc5876-174a-4952-882a-7ed11ecf3031,USGS-05457700,4e6538b6-1e87-b2f5-e053-0100007f3c28,485,2005-10-04T12:50:00+00:00,Imported Channel 1,901,ft^3/s,178,ft,389,ft^2,2.32,ft/s,,,Unspecified,Unspecified,Unspecified,Unspecified,Unspecified,Unknown,Wading,2026-07-09T20:30:36.896003+00:00,point_velocity,Unspecified
05457700,POINT (-92.6738833333333 43.0621944444444),d46e874d-af9e-4566-a856-6363aeb5497d,USGS-05457700,4e652289-778f-a811-e053-0100007f9a27,288,1979-05-25T12:45:00+00:00,Imported Channel 1,633,ft^3/s,,,,,,,,ft,Unspecified,Unspecified,Unspecified,Unspecified,Unspecified,Unknown,Unspecified,2026-07-09T20:30:36.896003+00:00,other_method,Unspecified
05457700,POINT (-92.6738833333333 43.0621944444444),d67e7f68-e1ea-41dc-943c-cc3919183701,USGS-05457700,39537151-e30b-49c1-9aa6-cba87c4cf06b,615,2020-06-03T22:27:16+00:00,Main,3050,ft^3/s,205,ft,1030,ft^2,2.97,ft/s,2000.00,ft,Firm,CobblesBoulders,Uneven,Uneven,NonStandard,Pulsating,BridgeDownstreamSide,2026-07-09T20:30:36.896003+00:00,adcp,Upstream
05457700,POINT (-92.6738833333333 43.0621944444444),d6e2ddab-6722-4974-bd69-4faeda88d9d2,USGS-05457700,4e650bf7-13e1-9c79-e053-0100007fe09e,209,1971-05-04T13:25:00+00:00,Imported Channel 1,579,ft^3/s,166,ft,310,ft^2,1.87,ft/s,,,Unspecified,Unspecified,Unspecified,Unspecified,Unspecified,Unknown,Wading,2026-07-09T20:30:36.896003+00:00,point_velocity,Unspecified
05457700,POINT (-92.6738833333333 43.0621944444444),d77ebfcd-de1a-4cba-ba32-8e20e6137a62,USGS-05457700,4e653d3d-e13c-b56c-e053-0100007f0324,525,2011-01-13T16:11:00+00:00,Imported Channel 1,457,ft^3/s,186,ft,379,ft^2,1.21,ft/s,50.00,ft,Firm,CobblesBoulders,Even,Even,Uniform,Unknown,Ice,2026-07-09T20:30:36.896003+00:00,point_velocity,Upstream
05457700,POINT (-92.6738833333333 43.0621944444444),d82c1dee-48fd-4a70-bd5b-7494cb0b64af,USGS-05457700,4e652e0b-06d1-ad1d-e053-0100007ffe34,502,2008-05-13T13:20:00+00:00,Imported Channel 1,1220,ft^3/s,176,ft,424,ft^2,2.88,ft/s,,ft,Unspecified,Unspecified,Unspecified,Unspecified,Unspecified,Unknown,Unspecified,2026-07-09T20:30:36.896003+00:00,adcp,Unspecified
05457700,POINT (-92.6738833333333 43.0621944444444),d863de7b-8f1b-4454-8050-c75bab991617,USGS-05457700,4e650dfa-4b46-9dd5-e053-0100007f4a26,118,1965-02-10T21:15:00+00:00,Imported Channel 1,414,ft^3/s,167,ft,317,ft^2,1.31,ft/s,,,Unspecified,Unspecified,Unspecified,Unspecified,Unspecified,Unknown,Wading,2026-07-09T20:30:36.896003+00:00,point_velocity,Unspecified
05457700,POINT (-92.6738833333333 43.0621944444444),d8937a1c-4278-454b-b2af-5fdc0fc85543,USGS-05457700,4e651b5f-d800-a460-e053-0100007f272c,319,1983-01-13T22:20:00+00:00,Imported Channel 1,478,ft^3/s,167,ft,287,ft^2,1.67,ft/s,,,Unspecified,Unspecified,Unspecified,Unspecified,Unspecified,Unknown,Wading,2026-07-09T20:30:36.896003+00:00,point_velocity,Unspecified
05457700,POINT (-92.6738833333333 43.0621944444444),d9a5238f-7388-4ca3-a7b7-2a814783ba66,USGS-05457700,4e651495-6c40-a10e-e053-0100007f0f69,325,1983-09-21T16:45:00+00:00,Imported Channel 1,4350,ft^3/s,225,ft,1220,ft^2,3.57,ft/s,,,Unspecified,Unspecified,Unspecified,Unspecified,Unspecified,Unknown,BridgeCrane,2026-07-09T20:30:36.896003+00:00,point_velocity,Unspecified
05457700,POINT (-92.6738833333333 43.0621944444444),da86a3f3-d1c5-45b3-8d55-e006612415d8,USGS-05457700,4e6517f6-077f-a2b2-e053-0100007f33dc,369,1989-02-14T22:10:00+00:00,Imported Channel 1,144,ft^3/s,155,ft,159,ft^2,0.91,ft/s,,,Unspecified,Unspecified,Unspecified,Unspecified,Unspecified,Unknown,Wading,2026-07-09T20:30:36.896003+00:00,point_velocity,Unspecified
05457700,POINT (-92.6738833333333 43.0621944444444),dd792897-6a58-4a5f-ab54-b81779f02438,USGS-05457700,4e650648-fbdb-99a0-e053-0100007f5c14,75,1951-08-09T12:15:00+00:00,Imported Channel 1,628,ft^3/s,195,ft,607,ft^2,1.03,ft/s,,,Unspecified,Unspecified,Unspecified,Unspecified,Unspecified,Unknown,BridgeCrane,2026-07-09T20:30:36.896003+00:00,point_velocity,Unspecified
05457700,POINT (-92.6738833333333 43.0621944444444),dddfe458-29e8-4625-8d53-bf4e784a389a,USGS-05457700,4e6526c4-185b-aa38-e053-0100007f4745,355,1987-05-18T23:20:00+00:00,Imported Channel 1,246,ft^3/s,166,ft,197,ft^2,1.25,ft/s,,,Unspecified,Unspecified,Unspecified,Unspecified,Unspecified,Unknown,Wading,2026-07-09T20:30:36.896003+00:00,point_velocity,Unspecified
05457700,POINT (-92.6738833333333 43.0621944444444),de1e773d-b50a-4fe0-aa07-0ca2df0d9bd6,USGS-05457700,4e65358e-6731-b12c-e053-0100007f3e12,515,2009-11-12T16:22:00+00:00,Imported Channel 1,860,ft^3/s,205,ft,676,ft^2,1.27,ft/s,1000.00,ft,Firm,CobblesBoulders,Even,Even,Unspecified,Unknown,BridgeDownstreamSide,2026-07-09T20:30:36.896003+00:00,adcp,Upstream
05457700,POINT (-92.6738833333333 43.0621944444444),deee4708-2181-4692-84a4-8ade04613a19,USGS-05457700,4e6522b3-52f3-a805-e053-0100007f713b,312,1982-02-11T14:35:00+00:00,Imported Channel 1,214,ft^3/s,162,ft,194,ft^2,1.10,ft/s,,,Unspecified,Unspecified,Unspecified,Unspecified,Unspecified,Unknown,Ice,2026-07-09T20:30:36.896003+00:00,point_velocity,Unspecified
05457700,POINT (-92.6738833333333 43.0621944444444),df9b4db2-b602-4981-be35-44945615590c,USGS-05457700,4e6531b0-7121-af8c-e053-0100007f5cc2,526,2011-02-15T20:33:00+00:00,Imported Channel 1,375,ft^3/s,190,ft,283,ft^2,1.32,ft/s,75.00,ft,Firm,CobblesBoulders,Even,Even,Uniform,Unknown,Wading,2026-07-09T20:30:36.896003+00:00,point_velocity,Upstream
05457700,POINT (-92.6738833333333 43.0621944444444),dfd57b46-3871-4699-afbe-38be52df0f56,USGS-05457700,4e6509e0-85c3-9b44-e053-0100007f617a,69,1951-04-08T12:10:00+00:00,Imported Channel 1,20100,ft^3/s,290,ft,4490,ft^2,4.48,ft/s,,,Unspecified,Unspecified,Unspecified,Unspecified,Unspecified,Unknown,BridgeCrane,2026-07-09T20:30:36.896003+00:00,point_velocity,Unspecified
05457700,POINT (-92.6738833333333 43.0621944444444),e03bb92f-a77d-42d0-85e8-2ae3d3f18567,USGS-05457700,4e652ad3-e511-ac2c-e053-0100007f1693,412,1993-08-16T17:00:00+00:00,Imported Channel 1,21900,ft^3/s,300,ft,4540,ft^2,4.82,ft/s,,,Unspecified,Unspecified,Unspecified,Unspecified,Unspecified,Unknown,BridgeCrane,2026-07-09T20:30:36.896003+00:00,point_velocity,Unspecified
05457700,POINT (-92.6738833333333 43.0621944444444),e21bde84-5961-46ed-955f-240aafc3b127,USGS-05457700,4e6521d8-de69-a688-e053-0100007f5440,411,1993-08-10T13:05:00+00:00,Imported Channel 1,3620,ft^3/s,205,ft,1070,ft^2,3.38,ft/s,,,Unspecified,Unspecified,Unspecified,Unspecified,Unspecified,Unknown,Cableway,2026-07-09T20:30:36.896003+00:00,point_velocity,Unspecified
05457700,POINT (-92.6738833333333 43.0621944444444),e2529a07-5b20-47e1-a809-b96265f4335f,USGS-05457700,4e65267d-3e00-aa43-e053-0100007fd615,298,1980-05-21T12:40:00+00:00,Imported Channel 1,256,ft^3/s,158,ft,232,ft^2,1.10,ft/s,,,Unspecified,Unspecified,Unspecified,Unspecified,Unspecified,Unknown,Wading,2026-07-09T20:30:36.896003+00:00,point_velocity,Unspecified
05457700,POINT (-92.6738833333333 43.0621944444444),e2d18545-a93d-4079-8305-45976a57790e,USGS-05457700,4e650621-4458-998c-e053-0100007fa936,54,1950-03-27T23:20:00+00:00,Imported Channel 1,19000,ft^3/s,285,ft,4240,ft^2,4.48,ft/s,,,Unspecified,Unspecified,Unspecified,Unspecified,Unspecified,Unknown,BridgeCrane,2026-07-09T20:30:36.896003+00:00,point_velocity,Unspecified
05457700,POINT (-92.6738833333333 43.0621944444444),e3909e13-b275-4b62-a3ad-a6003956e2e8,USGS-05457700,4e651f6e-e94a-a664-e053-0100007fad64,392,1991-05-19T23:00:00+00:00,Imported Channel 1,10000,ft^3/s,249,ft,2530,ft^2,3.95,ft/s,,,Unspecified,Unspecified,Unspecified,Unspecified,Unspecified,Unknown,BridgeCrane,2026-07-09T20:30:36.896003+00:00,point_velocity,Unspecified
05457700,POINT (-92.6738833333333 43.0621944444444),e3ae82ab-8464-4c62-95f2-f3ef8a68c8e8,USGS-05457700,4e6522df-cb1a-a857-e053-0100007fc003,420,1994-08-02T14:45:00+00:00,Imported Channel 1,1630,ft^3/s,197,ft,646,ft^2,2.52,ft/s,,,Unspecified,Unspecified,Unspecified,Unspecified,Unspecified,Unknown,BridgeCrane,2026-07-09T20:30:36.896003+00:00,point_velocity,Unspecified
05457700,POINT (-92.6738833333333 43.0621944444444),e3f776c0-44f2-41cd-87c7-636af340f3f6,USGS-05457700,4e65267d-3e36-aa43-e053-0100007fd615,509,2009-03-25T15:47:00+00:00,Imported Channel 1,979,ft^3/s,190,ft,436,ft^2,2.25,ft/s,800.00,ft,Firm,Gravel,Even,Even,Unspecified,Unknown,BridgeDownstreamSide,2026-07-09T20:30:36.896003+00:00,adcp,Downstream
05457700,POINT (-92.6738833333333 43.0621944444444),e42c5181-2647-49c4-94d9-9d486b248701,USGS-05457700,4e651f75-2826-a694-e053-0100007fa94a,388,1990-12-20T16:15:00+00:00,Imported Channel 1,291,ft^3/s,166,ft,224,ft^2,1.30,ft/s,,,Unspecified,Unspecified,Unspecified,Unspecified,Unspecified,Unknown,Wading,2026-07-09T20:30:36.896003+00:00,point_velocity,Unspecified
05457700,POINT (-92.6738833333333 43.0621944444444),e450b4db-7960-40df-a1ef-3d61df4fcfa4,USGS-05457700,4e650d85-fec1-9d9f-e053-0100007fcf43,331,1984-06-06T13:13:00+00:00,Imported Channel 1,762,ft^3/s,,,,,,,,ft,Unspecified,Unspecified,Unspecified,Unspecified,Unspecified,Unknown,Unspecified,2026-07-09T20:30:36.896003+00:00,other_method,Unspecified
05457700,POINT (-92.6738833333333 43.0621944444444),e5666612-42f8-4520-b315-d014f6a81553,USGS-05457700,4e652aea-686d-ac38-e053-0100007f1103,303,1981-01-29T16:30:00+00:00,Imported Channel 1,221,ft^3/s,155,ft,199,ft^2,1.11,ft/s,,,Unspecified,Unspecified,Unspecified,Unspecified,Unspecified,Unknown,Wading,2026-07-09T20:30:36.896003+00:00,point_velocity,Unspecified
05457700,POINT (-92.6738833333333 43.0621944444444),e5a3612f-05aa-4fb8-aea1-c38e2e36da8d,USGS-05457700,4e65136c-ef82-a047-e053-0100007f9dba,14,1946-09-12T17:20:00+00:00,Imported Channel 1,1270,ft^3/s,203,ft,750,ft^2,1.69,ft/s,,,Unspecified,Unspecified,Unspecified,Unspecified,Unspecified,Unknown,Wading,2026-07-09T20:30:36.896003+00:00,point_velocity,Unspecified
05457700,POINT (-92.6738833333333 43.0621944444444),e5e1d7c1-59f9-4b17-ac44-602da68955b7,USGS-05457700,4e6523e5-5555-a80b-e053-0100007fac67,374,1989-08-29T19:20:00+00:00,Imported Channel 1,184,ft^3/s,161,ft,180,ft^2,1.02,ft/s,,,Unspecified,Unspecified,Unspecified,Unspecified,Unspecified,Unknown,Wading,2026-07-09T20:30:36.896003+00:00,point_velocity,Unspecified
05457700,POINT (-92.6738833333333 43.0621944444444),e630b8a3-711c-4665-8db1-41d9b8570e3e,USGS-05457700,4e653643-13d1-b13c-e053-0100007f8cd6,446,2001-06-11T19:20:00+00:00,Imported Channel 1,1130,ft^3/s,194,ft,424,ft^2,2.66,ft/s,,,Unspecified,Unspecified,Unspecified,Unspecified,Unspecified,Unknown,Wading,2026-07-09T20:30:36.896003+00:00,point_velocity,Unspecified
05457700,POINT (-92.6738833333333 43.0621944444444),e6609b83-c8c7-4a5e-9c79-9bab112a6667,USGS-05457700,4e650648-fbdc-99a0-e053-0100007f5c14,117,1965-02-04T21:10:00+00:00,Imported Channel 1,125,ft^3/s,152,ft,145,ft^2,0.86,ft/s,,,Unspecified,Unspecified,Unspecified,Unspecified,Unspecified,Unknown,Ice,2026-07-09T20:30:36.896003+00:00,point_velocity,Unspecified
05457700,POINT (-92.6738833333333 43.0621944444444),e774182c-14d8-4f6e-83ba-86b930413e28,USGS-05457700,81e3a71e-08f8-b84d-e053-0100007fc8ad,604,2019-02-14T18:28:00+00:00,05457700,477,ft^3/s,202,ft,268,ft^2,1.78,ft/s,25.00,ft,Firm,Gravel,Even,Even,Uniform,Steady,Wading,2026-07-09T20:30:36.896003+00:00,point_velocity,Upstream
05457700,POINT (-92.6738833333333 43.0621944444444),e7ec44bd-68f0-4c32-8a62-26dea7a8e01d,USGS-05457700,012e5d3a-0fe6-46a0-8de1-eaac5cc97fb8,624,2021-10-06T00:05:10+00:00,Main,353,ft^3/s,179,ft,146,ft^2,2.43,ft/s,150.00,ft,Firm,BedrockLedgeArtificial,Even,Uneven,NonStandard,Pulsating,Wading,2026-07-09T20:30:36.896003+00:00,point_velocity,Downstream
05457700,POINT (-92.6738833333333 43.0621944444444),e8728b4a-e1bb-4781-bd90-10a93e15d773,USGS-05457700,4e6522a3-c609-a80d-e053-0100007fcfcd,273,1977-12-20T20:40:00+00:00,Imported Channel 1,203,ft^3/s,154,ft,204,ft^2,1.00,ft/s,,,Unspecified,Unspecified,Unspecified,Unspecified,Unspecified,Unknown,Wading,2026-07-09T20:30:36.896003+00:00,point_velocity,Unspecified
05457700,POINT (-92.6738833333333 43.0621944444444),e8b5548c-63c2-4db7-90df-a23570c7f8e8,USGS-05457700,85a33418-1def-4d47-e053-0100007f9925,606,2019-04-03T15:28:14+00:00,Charles City,1700,ft^3/s,106,ft,432,ft^2,3.93,ft/s,2000.00,ft,Firm,CobblesBoulders,Uneven,Even,Standard,Pulsating,BridgeDownstreamSide,2026-07-09T20:30:36.896003+00:00,adcp,Upstream
05457700,POINT (-92.6738833333333 43.0621944444444),e958eb4f-f03a-49f0-8a51-843f1046d5e7,USGS-05457700,4e650bf7-13d6-9c79-e053-0100007fe09e,78,1951-11-15T18:15:00+00:00,Imported Channel 1,1010,ft^3/s,170,ft,375,ft^2,2.70,ft/s,,,Unspecified,Unspecified,Unspecified,Unspecified,Unspecified,Unknown,Wading,2026-07-09T20:30:36.896003+00:00,point_velocity,Unspecified
05457700,POINT (-92.6738833333333 43.0621944444444),e9cf0b28-1646-4073-aff0-67bfae291791,USGS-05457700,4e653bbc-1f55-b2dd-e053-0100007f722f,568,2015-06-16T12:32:00+00:00,Charles,1380,ft^3/s,183,ft,600,ft^2,2.29,ft/s,1000.00,ft,Soft,Gravel,Even,Uneven,Standard,Unknown,BridgeDownstreamSide,2026-07-09T20:30:36.896003+00:00,adcp,Upstream
05457700,POINT (-92.6738833333333 43.0621944444444),ea317a27-45e0-4868-9a54-8d63f03ddaea,USGS-05457700,4e6522e0-36f0-a79e-e053-0100007f5be5,231,1973-11-07T20:20:00+00:00,Imported Channel 1,461,ft^3/s,168,ft,250,ft^2,1.84,ft/s,,,Unspecified,Unspecified,Unspecified,Unspecified,Unspecified,Unknown,Wading,2026-07-09T20:30:36.896003+00:00,point_velocity,Unspecified
05457700,POINT (-92.6738833333333 43.0621944444444),ea4210e3-82bc-43b8-a4fb-3e7801c9e161,USGS-05457700,9d7f0b50-4821-4acd-a7e7-74d32ef3199c,634,2023-05-09T18:31:10+00:00,MAIN,985,ft^3/s,94.7,ft,326,ft^2,3.02,ft/s,1000.00,ft,Firm,BedrockLedgeArtificial,Uneven,Uneven,NonStandard,Pulsating,BridgeDownstreamSide,2026-07-09T20:30:36.896003+00:00,adcp,Upstream
05457700,POINT (-92.6738833333333 43.0621944444444),eaa623e1-0daf-42c5-b5d8-dc45b116a624,USGS-05457700,4e6518c5-563a-a306-e053-0100007f40f9,84,1952-07-09T12:25:00+00:00,Imported Channel 1,582,ft^3/s,190,ft,524,ft^2,1.11,ft/s,,,Unspecified,Unspecified,Unspecified,Unspecified,Unspecified,Unknown,BridgeCrane,2026-07-09T20:30:36.896003+00:00,point_velocity,Unspecified
05457700,POINT (-92.6738833333333 43.0621944444444),eb3b2ac1-a92e-4d79-88a0-598c8625e493,USGS-05457700,4e651f60-e3cd-a66a-e053-0100007f6871,448,2001-08-29T15:25:00+00:00,Imported Channel 1,276,ft^3/s,178,ft,195,ft^2,1.42,ft/s,,,Unspecified,Unspecified,Unspecified,Unspecified,Unspecified,Unknown,Wading,2026-07-09T20:30:36.896003+00:00,point_velocity,Unspecified
05457700,POINT (-92.6738833333333 43.0621944444444),eb6a5f7d-42a6-4575-8423-83f56c422d4c,USGS-05457700,4e652148-3a08-a748-e053-0100007f5b88,258,1976-09-08T17:15:00+00:00,Imported Channel 1,119,ft^3/s,158,ft,153,ft^2,0.78,ft/s,,,Unspecified,Unspecified,Unspecified,Unspecified,Unspecified,Unknown,Wading,2026-07-09T20:30:36.896003+00:00,point_velocity,Unspecified
05457700,POINT (-92.6738833333333 43.0621944444444),ebd27fd5-97dc-413d-b37a-7e924281086c,USGS-05457700,4e653bb5-23e6-b287-e053-0100007f0b57,529,2011-05-16T20:42:00+00:00,Imported Channel 1,1370,ft^3/s,180,ft,862,ft^2,1.59,ft/s,2640.00,ft,Firm,CobblesBoulders,Even,Even,Standard,Unknown,BridgeDownstreamSide,2026-07-09T20:30:36.896003+00:00,adcp,Downstream
05457700,POINT (-92.6738833333333 43.0621944444444),ebd71e9b-6ec0-4fd5-9226-d4fdf12f0a92,USGS-05457700,4e651e31-3902-a597-e053-0100007fedcc,220,1972-08-08T20:15:00+00:00,Imported Channel 1,326,ft^3/s,162,ft,221,ft^2,1.48,ft/s,,,Unspecified,Unspecified,Unspecified,Unspecified,Unspecified,Unknown,Wading,2026-07-09T20:30:36.896003+00:00,point_velocity,Unspecified
05457700,POINT (-92.6738833333333 43.0621944444444),ec67723d-b4eb-40dc-860d-5edb20450c76,USGS-05457700,4e6512a3-7b06-a049-e053-0100007f70ff,353,1987-01-13T14:00:00+00:00,Imported Channel 1,367,ft^3/s,167,ft,235,ft^2,1.56,ft/s,,,Unspecified,Unspecified,Unspecified,Unspecified,Unspecified,Unknown,Wading,2026-07-09T20:30:36.896003+00:00,point_velocity,Unspecified
05457700,POINT (-92.6738833333333 43.0621944444444),ecfcbe8e-f0fc-4341-a4da-42bd748b1729,USGS-05457700,4e65108f-9bb0-9f72-e053-0100007fbb82,283,1978-11-16T15:45:00+00:00,Imported Channel 1,271,ft^3/s,161,ft,222,ft^2,1.22,ft/s,,,Unspecified,Unspecified,Unspecified,Unspecified,Unspecified,Unknown,Wading,2026-07-09T20:30:36.896003+00:00,point_velocity,Unspecified
05457700,POINT (-92.6738833333333 43.0621944444444),edc51aec-da7f-43e3-8e7a-3199c1fc269a,USGS-05457700,648a185b-2082-4f25-8b6e-1f36d1cb6481,647,2025-04-21T22:08:22+00:00,Main,3280,ft^3/s,111,ft,578,ft^2,5.67,ft/s,3000.00,ft,Firm,BedrockLedgeArtificial,Even,Uneven,NonStandard,Pulsating,BridgeDownstreamSide,2026-07-09T20:30:36.896003+00:00,adcp,Upstream
05457700,POINT (-92.6738833333333 43.0621944444444),eded183c-31b5-44f9-831a-01b09303a180,USGS-05457700,2ab58f40-582e-4b60-bbf9-d70d7b8302cd,638,2024-01-04T16:18:12+00:00,Main Channel,306,ft^3/s,147,ft,99.1,ft^2,3.09,ft/s,70.00,ft,Firm,BedrockLedgeArtificial,Uneven,Uneven,Standard,Steady,Wading,2026-07-09T20:30:36.896003+00:00,point_velocity,Downstream
05457700,POINT (-92.6738833333333 43.0621944444444),eec751de-ca0c-43e2-8ffa-714844314cc6,USGS-05457700,4e65205c-78fd-a6f4-e053-0100007f39d2,89,1952-11-18T17:15:00+00:00,Imported Channel 1,182,ft^3/s,164,ft,227,ft^2,0.80,ft/s,,,Unspecified,Unspecified,Unspecified,Unspecified,Unspecified,Unknown,Wading,2026-07-09T20:30:36.896003+00:00,point_velocity,Unspecified
05457700,POINT (-92.6738833333333 43.0621944444444),ef3bfe7c-7169-4dc6-aa15-8b8913338e37,USGS-05457700,4e652d88-f800-ad4c-e053-0100007fe3f6,416,1994-02-01T17:50:00+00:00,Imported Channel 1,247,ft^3/s,178,ft,205,ft^2,1.20,ft/s,,,Unspecified,Unspecified,Unspecified,Unspecified,Unspecified,Unknown,Ice,2026-07-09T20:30:36.896003+00:00,point_velocity,Unspecified
05457700,POINT (-92.6738833333333 43.0621944444444),ef8b8932-7460-445d-b418-b6946e8b567d,USGS-05457700,4e65319c-76b7-af90-e053-0100007f04f6,422,1994-11-16T14:30:00+00:00,Imported Channel 1,463,ft^3/s,169,ft,267,ft^2,1.73,ft/s,,,Unspecified,Unspecified,Unspecified,Unspecified,Unspecified,Unknown,Wading,2026-07-09T20:30:36.896003+00:00,point_velocity,Unspecified
05457700,POINT (-92.6738833333333 43.0621944444444),efe28d19-a31c-4955-8eb1-8cf8c6127b96,USGS-05457700,4e651495-6c2d-a10e-e053-0100007f0f69,215,1972-01-11T19:55:00+00:00,Imported Channel 1,216,ft^3/s,162,ft,206,ft^2,1.05,ft/s,,,Unspecified,Unspecified,Unspecified,Unspecified,Unspecified,Unknown,Wading,2026-07-09T20:30:36.896003+00:00,point_velocity,Unspecified
05457700,POINT (-92.6738833333333 43.0621944444444),f01be027-f03f-459b-aa0e-c108b767c49c,USGS-05457700,4e652349-6f58-a807-e053-0100007fffa1,552,2013-08-05T18:09:00+00:00,Imported Channel 1,622,ft^3/s,184,ft,269,ft^2,2.31,ft/s,50.00,ft,Firm,Gravel,Even,Even,Uniform,Unknown,Wading,2026-07-09T20:30:36.896003+00:00,point_velocity,Upstream
05457700,POINT (-92.6738833333333 43.0621944444444),f07de479-498c-43fa-a778-390321a0b58f,USGS-05457700,4e65203e-6b1f-a6f0-e053-0100007fc347,359,1987-12-16T21:40:00+00:00,Imported Channel 1,206,ft^3/s,161,ft,184,ft^2,1.12,ft/s,,,Unspecified,Unspecified,Unspecified,Unspecified,Unspecified,Unknown,Wading,2026-07-09T20:30:36.896003+00:00,point_velocity,Unspecified
05457700,POINT (-92.6738833333333 43.0621944444444),f0d48bf3-f6ff-404a-8397-0c21b023d2e8,USGS-05457700,4e6522df-cb11-a857-e053-0100007fc003,343,1985-10-17T05:00:00+00:00,Imported Channel 1,655,ft^3/s,174,ft,330,ft^2,1.98,ft/s,,,Unspecified,Unspecified,Unspecified,Unspecified,Unspecified,Unknown,Wading,2026-07-09T20:30:36.896003+00:00,point_velocity,Unspecified
05457700,POINT (-92.6738833333333 43.0621944444444),f0d6bd7e-7be7-4867-b715-08e2c02fcf6c,USGS-05457700,4e6503a6-9fac-983e-e053-0100007f66fa,27,1947-10-28T20:45:00+00:00,Imported Channel 1,300,ft^3/s,163,ft,277,ft^2,1.08,ft/s,,,Unspecified,Unspecified,Unspecified,Unspecified,Unspecified,Unknown,Wading,2026-07-09T20:30:36.896003+00:00,point_velocity,Unspecified
05457700,POINT (-92.6738833333333 43.0621944444444),f133d026-07f8-408b-9b7a-930f356a616e,USGS-05457700,5aac45d9-d6ce-8ad2-e053-0100007f422f,590,2017-10-03T12:39:30+00:00,05457700,377,ft^3/s,172,ft,179,ft^2,2.11,ft/s,75.00,ft,Firm,Gravel,Even,Unspecified,Unknown,Unknown,Wading,2026-07-09T20:30:36.896003+00:00,point_velocity,Upstream
05457700,POINT (-92.6738833333333 43.0621944444444),f14c63cd-720c-4b87-b70a-9ce8bfa0ca8f,USGS-05457700,4e652ad3-e511-ac2c-e053-0100007f1693,413,1993-08-16T19:05:00+00:00,Imported Channel 1,23900,ft^3/s,318,ft,4800,ft^2,4.98,ft/s,,,Unspecified,Unspecified,Unspecified,Unspecified,Unspecified,Unknown,BridgeCrane,2026-07-09T20:30:36.896003+00:00,point_velocity,Unspecified
05457700,POINT (-92.6738833333333 43.0621944444444),f248eed3-ff03-4598-bd93-6fa8470e2919,USGS-05457700,4e65263d-99a7-aa13-e053-0100007f7170,463,2003-05-20T12:40:00+00:00,Imported Channel 1,1570,ft^3/s,199,ft,588,ft^2,2.67,ft/s,,,Unspecified,Unspecified,Unspecified,Unspecified,Unspecified,Unknown,BridgeCrane,2026-07-09T20:30:36.896003+00:00,point_velocity,Unspecified
05457700,POINT (-92.6738833333333 43.0621944444444),f26b6411-f8b3-4e98-9159-0d4ba3c84cfe,USGS-05457700,4e652a65-3c66-abee-e053-0100007ffe29,349,1986-06-25T05:00:00+00:00,Imported Channel 1,1540,ft^3/s,198,ft,578,ft^2,2.66,ft/s,,,Unspecified,Unspecified,Unspecified,Unspecified,Unspecified,Unknown,BridgeCrane,2026-07-09T20:30:36.896003+00:00,point_velocity,Unspecified
05457700,POINT (-92.6738833333333 43.0621944444444),f2f3160c-df7a-4f87-8fac-9b2a62d12ac9,USGS-05457700,4e65263d-99ad-aa13-e053-0100007f7170,474,2004-08-17T20:10:00+00:00,Imported Channel 1,583,ft^3/s,176,ft,306,ft^2,1.90,ft/s,,,Unspecified,Unspecified,Unspecified,Unspecified,Unspecified,Unknown,Wading,2026-07-09T20:30:36.896003+00:00,point_velocity,Unspecified
05457700,POINT (-92.6738833333333 43.0621944444444),f352e0bb-353a-488c-bafd-b08b67f0d373,USGS-05457700,4e652033-f138-a6f2-e053-0100007ffb12,328,1984-02-02T14:25:00+00:00,Imported Channel 1,351,ft^3/s,171,ft,236,ft^2,1.48,ft/s,,,Unspecified,Unspecified,Unspecified,Unspecified,Unspecified,Unknown,Wading,2026-07-09T20:30:36.896003+00:00,point_velocity,Unspecified
05457700,POINT (-92.6738833333333 43.0621944444444),f3f488b1-06c0-42a2-9228-be1c95bebae4,USGS-05457700,4e650da8-1939-9da3-e053-0100007f6541,103,1953-12-02T14:40:00+00:00,Imported Channel 1,169,ft^3/s,165,ft,220,ft^2,0.77,ft/s,,,Unspecified,Unspecified,Unspecified,Unspecified,Unspecified,Unknown,Wading,2026-07-09T20:30:36.896003+00:00,point_velocity,Unspecified
05457700,POINT (-92.6738833333333 43.0621944444444),f44efb77-7e36-4476-a12b-ab4ee3a5bdb9,USGS-05457700,4e651827-b417-a2b6-e053-0100007f4a0b,275,1978-02-23T15:05:00+00:00,Imported Channel 1,139,ft^3/s,180,ft,232,ft^2,0.60,ft/s,,,Unspecified,Unspecified,Unspecified,Unspecified,Unspecified,Unknown,Ice,2026-07-09T20:30:36.896003+00:00,point_velocity,Unspecified
05457700,POINT (-92.6738833333333 43.0621944444444),f4a0b2c8-8d37-430e-8c3b-09c0329b6093,USGS-05457700,4e650c0b-7d77-9b96-e053-0100007fc22b,210,1971-06-16T12:55:00+00:00,Imported Channel 1,528,ft^3/s,165,ft,277,ft^2,1.91,ft/s,,,Unspecified,Unspecified,Unspecified,Unspecified,Unspecified,Unknown,Wading,2026-07-09T20:30:36.896003+00:00,point_velocity,Unspecified
05457700,POINT (-92.6738833333333 43.0621944444444),f4b2d00c-e79e-4fe3-8a9d-43775846f03d,USGS-05457700,4e650bc8-fd76-9c4a-e053-0100007f111d,32,1948-03-16T16:15:00+00:00,Imported Channel 1,2360,ft^3/s,210,ft,922,ft^2,2.56,ft/s,,,Unspecified,Unspecified,Unspecified,Unspecified,Unspecified,Unknown,Cableway,2026-07-09T20:30:36.896003+00:00,point_velocity,Unspecified
05457700,POINT (-92.6738833333333 43.0621944444444),f4db9b5e-8e92-4cfd-b349-ac12fa152ba5,USGS-05457700,4e650e34-1571-9da1-e053-0100007f8d55,28,1947-11-19T15:35:00+00:00,Imported Channel 1,129,ft^3/s,140,ft,73.8,ft^2,1.75,ft/s,,,Unspecified,Unspecified,Unspecified,Unspecified,Unspecified,Unknown,Wading,2026-07-09T20:30:36.896003+00:00,point_velocity,Unspecified
05457700,POINT (-92.6738833333333 43.0621944444444),f51a69e1-ae7a-408e-acf5-ac2c087ccb7a,USGS-05457700,03cf9740-9811-4025-8bbe-e7e5984f43a8,646,2025-03-04T20:38:46+00:00,Main,287,ft^3/s,163,ft,159,ft^2,1.81,ft/s,300.00,ft,Firm,Cobbles,Even,Even,Standard,Pulsating,Wading,2026-07-09T20:30:36.896003+00:00,point_velocity,Downstream
05457700,POINT (-92.6738833333333 43.0621944444444),f5251200-7879-4f92-a4d0-d4ce89783bce,USGS-05457700,4e651f6e-e943-a664-e053-0100007fad64,383,1990-07-28T16:15:00+00:00,Imported Channel 1,7670,ft^3/s,233,ft,1940,ft^2,3.95,ft/s,,,Unspecified,Unspecified,Unspecified,Unspecified,Unspecified,Unknown,BridgeCrane,2026-07-09T20:30:36.896003+00:00,point_velocity,Unspecified
05457700,POINT (-92.6738833333333 43.0621944444444),f545d717-fa65-4ad5-8293-f42ae113848a,USGS-05457700,4e652229-71d2-a7a2-e053-0100007f0dc5,168,1968-03-19T14:10:00+00:00,Imported Channel 1,207,ft^3/s,162,ft,215,ft^2,0.96,ft/s,,,Unspecified,Unspecified,Unspecified,Unspecified,Unspecified,Unknown,Wading,2026-07-09T20:30:36.896003+00:00,point_velocity,Unspecified
05457700,POINT (-92.6738833333333 43.0621944444444),f55ce571-4628-4763-a464-c173f0a7a5b1,USGS-05457700,4e650ab3-780f-9bda-e053-0100007f33a9,158,1967-05-16T18:40:00+00:00,Imported Channel 1,544,ft^3/s,174,ft,381,ft^2,1.42,ft/s,,,Unspecified,Unspecified,Unspecified,Unspecified,Unspecified,Unknown,Wading,2026-07-09T20:30:36.896003+00:00,point_velocity,Unspecified
05457700,POINT (-92.6738833333333 43.0621944444444),f60b80c4-72e0-429a-b05a-699aca851794,USGS-05457700,4e6535e8-3e7a-b0e0-e053-0100007ff514,531,2011-08-01T16:57:00+00:00,Imported Channel 1,773,ft^3/s,189,ft,311,ft^2,2.50,ft/s,,,Soft,Gravel,Even,Even,Uniform,Unknown,Wading,2026-07-09T20:30:36.896003+00:00,point_velocity,AtTheGage
05457700,POINT (-92.6738833333333 43.0621944444444),f6963ae5-0d51-4a12-a547-602c467b9620,USGS-05457700,4e650c0b-7d71-9b96-e053-0100007fc22b,162,1967-09-20T18:00:00+00:00,Imported Channel 1,174,ft^3/s,163,ft,178,ft^2,0.98,ft/s,,,Unspecified,Unspecified,Unspecified,Unspecified,Unspecified,Unknown,Wading,2026-07-09T20:30:36.896003+00:00,point_velocity,Unspecified
05457700,POINT (-92.6738833333333 43.0621944444444),f6d9fd42-31a7-4ae3-8d1d-c73d2ca832ba,USGS-05457700,5e0e867f-4690-24ec-e053-0100007f2adc,591,2017-11-13T16:47:00+00:00,Charles City,506,ft^3/s,182,ft,245,ft^2,2.06,ft/s,50.00,ft,Firm,Cobbles,Uneven,Uneven,Standard,Pulsating,Wading,2026-07-09T20:30:36.896003+00:00,point_velocity,Upstream
05457700,POINT (-92.6738833333333 43.0621944444444),f710f384-e604-4774-a976-f8ddcf6c5a66,USGS-05457700,4e6522df-cb12-a857-e053-0100007fc003,344,1985-11-27T06:00:00+00:00,Imported Channel 1,568,ft^3/s,175,ft,372,ft^2,1.53,ft/s,,,Unspecified,Unspecified,Unspecified,Unspecified,Unspecified,Unknown,Wading,2026-07-09T20:30:36.896003+00:00,point_velocity,Unspecified
05457700,POINT (-92.6738833333333 43.0621944444444),f7190a34-2832-48b6-9706-a8d062cbde86,USGS-05457700,4e651800-ae0a-a2ba-e053-0100007f8b2d,109,1954-06-03T17:05:00+00:00,Imported Channel 1,563,ft^3/s,166,ft,317,ft^2,1.78,ft/s,,,Unspecified,Unspecified,Unspecified,Unspecified,Unspecified,Unknown,Wading,2026-07-09T20:30:36.896003+00:00,point_velocity,Unspecified
05457700,POINT (-92.6738833333333 43.0621944444444),f7739d6a-0e2f-45cf-8fc0-d245fb0ffe06,USGS-05457700,4e6510da-f046-9f78-e053-0100007f4183,178,1968-11-19T16:05:00+00:00,Imported Channel 1,437,ft^3/s,168,ft,263,ft^2,1.66,ft/s,,,Unspecified,Unspecified,Unspecified,Unspecified,Unspecified,Unknown,Wading,2026-07-09T20:30:36.896003+00:00,point_velocity,Unspecified
05457700,POINT (-92.6738833333333 43.0621944444444),f783b65b-72d1-45ef-81d2-eb13ecf67878,USGS-05457700,480c2e54-505a-4456-b49c-e090254df448,616,2020-09-15T19:49:00+00:00,Main,350,ft^3/s,182,ft,298,ft^2,1.18,ft/s,100.00,ft,Firm,Cobbles,Uneven,Even,Unknown,Steady,Wading,2026-07-09T20:30:36.896003+00:00,point_velocity,Upstream
05457700,POINT (-92.6738833333333 43.0621944444444),f7b2ba7b-ce77-4f3c-a47a-5f6950c08657,USGS-05457700,4e650d94-7a29-9b40-e053-0100007f8f3d,25,1947-08-20T17:15:00+00:00,Imported Channel 1,407,ft^3/s,163,ft,288,ft^2,1.41,ft/s,,,Unspecified,Unspecified,Unspecified,Unspecified,Unspecified,Unknown,Wading,2026-07-09T20:30:36.896003+00:00,point_velocity,Unspecified
05457700,POINT (-92.6738833333333 43.0621944444444),f7e59685-14b8-4797-914c-88f10187c96a,USGS-05457700,4e6509e0-85c4-9b44-e053-0100007f617a,74,1951-07-11T20:50:00+00:00,Imported Channel 1,492,ft^3/s,178,ft,201,ft^2,2.30,ft/s,,,Unspecified,Unspecified,Unspecified,Unspecified,Unspecified,Unknown,Wading,2026-07-09T20:30:36.896003+00:00,point_velocity,Unspecified
05457700,POINT (-92.6738833333333 43.0621944444444),f816450c-f89d-4dae-b6fb-d1e553d8db2c,USGS-05457700,4e65205e-8137-a6fc-e053-0100007f3191,278,1978-05-16T20:00:00+00:00,Imported Channel 1,348,ft^3/s,164,ft,284,ft^2,1.22,ft/s,,,Unspecified,Unspecified,Unspecified,Unspecified,Unspecified,Unknown,Wading,2026-07-09T20:30:36.896003+00:00,point_velocity,Unspecified
05457700,POINT (-92.6738833333333 43.0621944444444),f997e5b6-b816-4cd4-acc8-d0ea406eea49,USGS-05457700,4e652632-7471-a9f4-e053-0100007f956d,497,2007-06-11T17:28:00+00:00,Imported Channel 1,771,ft^3/s,173,ft,397,ft^2,1.95,ft/s,,,Unspecified,Unspecified,Unspecified,Unspecified,Unspecified,Unknown,Wading,2026-07-09T20:30:36.896003+00:00,point_velocity,Unspecified
05457700,POINT (-92.6738833333333 43.0621944444444),fa533644-ff4c-4c64-a99e-cc281009c4ae,USGS-05457700,4e65203e-6af9-a6f0-e053-0100007fc347,277,1978-04-20T14:00:00+00:00,Imported Channel 1,617,ft^3/s,171,ft,360,ft^2,1.71,ft/s,,,Unspecified,Unspecified,Unspecified,Unspecified,Unspecified,Unknown,Wading,2026-07-09T20:30:36.896003+00:00,point_velocity,Unspecified
05457700,POINT (-92.6738833333333 43.0621944444444),fa65364b-bb5d-4655-9fb0-043718d70bb2,USGS-05457700,4e651f6e-e91d-a664-e053-0100007fad64,336,1984-12-28T06:00:00+00:00,Imported Channel 1,664,ft^3/s,173,ft,360,ft^2,1.84,ft/s,,,Unspecified,Unspecified,Unspecified,Unspecified,Unspecified,Unknown,Wading,2026-07-09T20:30:36.896003+00:00,point_velocity,Unspecified
05457700,POINT (-92.6738833333333 43.0621944444444),fa6c02d8-58d0-4575-911a-5f89281e74bc,USGS-05457700,4e651f6e-e919-a664-e053-0100007fad64,264,1977-03-16T14:05:00+00:00,Imported Channel 1,357,ft^3/s,162,ft,237,ft^2,1.50,ft/s,,,Unspecified,Unspecified,Unspecified,Unspecified,Unspecified,Unknown,Wading,2026-07-09T20:30:36.896003+00:00,point_velocity,Unspecified
05457700,POINT (-92.6738833333333 43.0621944444444),fa9f50b4-a9a0-48b2-b3a6-97d6d92ac9c4,USGS-05457700,4e6531a7-d4ce-af8e-e053-0100007fe008,500,2007-11-27T17:35:00+00:00,Imported Channel 1,508,ft^3/s,175,ft,281,ft^2,1.80,ft/s,,,Unspecified,Unspecified,Unspecified,Unspecified,Unspecified,Unknown,Wading,2026-07-09T20:30:36.896003+00:00,point_velocity,Unspecified
05457700,POINT (-92.6738833333333 43.0621944444444),fab301bb-a1c4-4ab0-9a5b-c54564c41438,USGS-05457700,4e651be5-3026-a45e-e053-0100007f1b42,179,1968-12-19T14:25:00+00:00,Imported Channel 1,300,ft^3/s,162,ft,226,ft^2,1.33,ft/s,,,Unspecified,Unspecified,Unspecified,Unspecified,Unspecified,Unknown,Wading,2026-07-09T20:30:36.896003+00:00,point_velocity,Unspecified
05457700,POINT (-92.6738833333333 43.0621944444444),fae47e9d-05a8-4259-b07c-ccbf27201ff4,USGS-05457700,4e652345-876b-a68a-e053-0100007fd9e6,249,1975-09-16T19:50:00+00:00,Imported Channel 1,230,ft^3/s,160,ft,209,ft^2,1.10,ft/s,,,Unspecified,Unspecified,Unspecified,Unspecified,Unspecified,Unknown,Wading,2026-07-09T20:30:36.896003+00:00,point_velocity,Unspecified
05457700,POINT (-92.6738833333333 43.0621944444444),faeae0bb-b8dd-4aac-9de5-3a82cefcce7c,USGS-05457700,4e65149c-6f6f-a131-e053-0100007f4e3f,232,1974-01-09T15:10:00+00:00,Imported Channel 1,361,ft^3/s,180,ft,339,ft^2,1.06,ft/s,,,Unspecified,Unspecified,Unspecified,Unspecified,Unspecified,Unknown,Wading,2026-07-09T20:30:36.896003+00:00,point_velocity,Unspecified
05457700,POINT (-92.6738833333333 43.0621944444444),faf4b18e-3ac0-4594-ba27-dc1712a1d316,USGS-05457700,8eee7620-770d-0a11-e053-0100007f68b1,609,2019-07-30T21:06:13+00:00,Charles City,809,ft^3/s,89.1,ft,272,ft^2,2.98,ft/s,1200.00,ft,Firm,CobblesBoulders,Uneven,Uneven,Standard,Pulsating,BridgeDownstreamSide,2026-07-09T20:30:36.896003+00:00,adcp,Upstream
05457700,POINT (-92.6738833333333 43.0621944444444),fb170293-1661-46c5-a972-ef18cc37e3bc,USGS-05457700,ec6a9e98-0788-44dc-b4cd-fe5773f7e46e,645,2025-01-21T20:29:27+00:00,Main,179,ft^3/s,132,ft,102,ft^2,1.76,ft/s,100.00,ft,Firm,Cobbles,Even,Even,Standard,Steady,Wading,2026-07-09T20:30:36.896003+00:00,point_velocity,Downstream
05457700,POINT (-92.6738833333333 43.0621944444444),fb3010db-6f77-438e-900c-60fdc7d50935,USGS-05457700,4e652b13-259a-ac18-e053-0100007fee69,434,1999-03-17T18:10:00+00:00,Imported Channel 1,1140,ft^3/s,174,ft,437,ft^2,2.61,ft/s,,,Unspecified,Unspecified,Unspecified,Unspecified,Unspecified,Unknown,Wading,2026-07-09T20:30:36.896003+00:00,point_velocity,Unspecified
05457700,POINT (-92.6738833333333 43.0621944444444),fb866419-5844-4025-a554-41a5e961a5f3,USGS-05457700,4e650c07-a0ed-9bd6-e053-0100007fee83,62,1950-10-10T23:00:00+00:00,Imported Channel 1,188,ft^3/s,160,ft,218,ft^2,0.86,ft/s,,,Unspecified,Unspecified,Unspecified,Unspecified,Unspecified,Unknown,Wading,2026-07-09T20:30:36.896003+00:00,point_velocity,Unspecified
05457700,POINT (-92.6738833333333 43.0621944444444),fbb0d6b5-4f51-4599-801b-1f9757a54646,USGS-05457700,4e652373-b998-a867-e053-0100007f787c,431,1998-10-21T14:15:00+00:00,Imported Channel 1,886,ft^3/s,173,ft,446,ft^2,1.99,ft/s,,,Unspecified,Unspecified,Unspecified,Unspecified,Unspecified,Unknown,Wading,2026-07-09T20:30:36.896003+00:00,point_velocity,Unspecified
05457700,POINT (-92.6738833333333 43.0621944444444),fbcf5bc0-8f48-4949-87bc-e7730044e37c,USGS-05457700,4e653dd2-1fff-b532-e053-0100007f7be4,554,2013-10-24T19:50:30+00:00,Charles City,297,ft^3/s,172,ft,169,ft^2,1.76,ft/s,50.00,ft,Firm,Gravel,Even,Even,Uniform,Unknown,Wading,2026-07-09T20:30:36.896003+00:00,point_velocity,Upstream
05457700,POINT (-92.6738833333333 43.0621944444444),fcaf6311-b22e-47a2-be2f-8c133bafedb7,USGS-05457700,7cd19e58-a5d0-47b0-8713-da946f3f3e4c,643,2024-09-25T14:50:16+00:00,Main,301,ft^3/s,170,ft,149,ft^2,2.02,ft/s,100.00,ft,Firm,Cobbles,Even,Even,Standard,Pulsating,Wading,2026-07-09T20:30:36.896003+00:00,point_velocity,Downstream
05457700,POINT (-92.6738833333333 43.0621944444444),fdbcf05a-4f36-44ab-bf1c-c137ca9d6624,USGS-05457700,4e6517f6-0782-a2b2-e053-0100007f33dc,384,1990-07-30T20:00:00+00:00,Imported Channel 1,11200,ft^3/s,253,ft,2750,ft^2,4.07,ft/s,,,Unspecified,Unspecified,Unspecified,Unspecified,Unspecified,Unknown,BridgeCrane,2026-07-09T20:30:36.896003+00:00,point_velocity,Unspecified
05457700,POINT (-92.6738833333333 43.0621944444444),fe88815d-126f-4f14-bffd-4b5d8a3a4e85,USGS-05457700,4e6543ca-9063-b866-e053-0100007fc6fc,562,2014-09-30T13:50:30+00:00,Charles City,386,ft^3/s,173,ft,182,ft^2,2.12,ft/s,25.00,ft,Firm,Gravel,Even,Even,Uniform,Unknown,Wading,2026-07-09T20:30:36.896003+00:00,point_velocity,Upstream
