site_id,geometry,id,monitoring_location_id,field_visit_id,measurement_number,time,channel_name,channel_flow,channel_flow_unit,channel_width,channel_width_unit,channel_area,channel_area_unit,channel_velocity,channel_velocity_unit,channel_location_distance,channel_location_distance_unit,channel_stability,channel_material,channel_evenness,horizontal_velocity_description,vertical_velocity_description,longitudinal_velocity_description,measurement_type,last_modified,channel_measurement_type,channel_location_direction
05466000,POINT (-90.37749166666666 41.27224722222222),00423023-2fc2-4de2-95be-2fdcfb719414,USGS-05466000,4e83c992-fab7-d577-e053-0100007f536e,674,2010-01-11T21:12:00+00:00,Imported Channel 1,151,ft^3/s,70.0,ft,107,ft^2,1.42,ft/s,,,Soft,Sand,Even,Unspecified,Unspecified,Unknown,Ice,2026-06-28T02:04:20.046987+00:00,point_velocity,AtTheGage
05466000,POINT (-90.37749166666666 41.27224722222222),016d1931-db94-4dd8-9907-be0560abb95c,USGS-05466000,4e83d4a3-b825-db5c-e053-0100007f3cad,631,2003-05-07T14:31:00+00:00,Imported Channel 1,228,ft^3/s,69.0,ft,120,ft^2,1.90,ft/s,,,Unspecified,Unspecified,Unspecified,Unspecified,Unspecified,Unknown,Wading,2026-06-28T02:04:20.046987+00:00,point_velocity,Unspecified
05466000,POINT (-90.37749166666666 41.27224722222222),0191ad92-3e1c-448e-b5f7-7d6aebe54200,USGS-05466000,4e83bb14-0dc2-cd5d-e053-0100007f8122,333,1969-11-12T06:00:00+00:00,Imported Channel 1,60.9,ft^3/s,,,,,,,,ft,Unspecified,Unspecified,Unspecified,Unspecified,Unspecified,Unknown,Unspecified,2026-06-28T02:04:20.046987+00:00,other_method,Unspecified
05466000,POINT (-90.37749166666666 41.27224722222222),0196d1e0-77df-45bf-ac21-e60157f62b61,USGS-05466000,4e83d7ee-b542-dcc2-e053-0100007fbaca,641,2004-08-25T13:45:00+00:00,Imported Channel 1,13.4,ft^3/s,43.0,ft,12.2,ft^2,1.10,ft/s,,,Unspecified,Unspecified,Unspecified,Unspecified,Unspecified,Unknown,Wading,2026-06-28T02:04:20.046987+00:00,point_velocity,Unspecified
05466000,POINT (-90.37749166666666 41.27224722222222),02dd6f23-ea18-4561-b579-cf937af9e2fe,USGS-05466000,4e83d425-782c-dae6-e053-0100007f0330,429,1979-10-25T06:00:00+00:00,Imported Channel 1,7.13,ft^3/s,,,,,,,,ft,Unspecified,Unspecified,Unspecified,Unspecified,Unspecified,Unknown,Unspecified,2026-06-28T02:04:20.046987+00:00,other_method,Unspecified
05466000,POINT (-90.37749166666666 41.27224722222222),03494d46-3d72-403b-8439-2524c6fa7dc1,USGS-05466000,4e83bade-a319-cd5f-e053-0100007ffd88,29,1942-12-27T06:00:00+00:00,Imported Channel 1,2360,ft^3/s,,,,,,,,ft,Unspecified,Unspecified,Unspecified,Unspecified,Unspecified,Unknown,Unspecified,2026-06-28T02:04:20.046987+00:00,other_method,Unspecified
05466000,POINT (-90.37749166666666 41.27224722222222),03aa047f-8398-4941-a85c-07cccfb73c62,USGS-05466000,821a227d-4373-4683-9d0e-bb44016a4773,752,2022-05-17T17:16:19+00:00,main,139,ft^3/s,72.8,ft,87.1,ft^2,1.60,ft/s,0.00,ft,Firm,Sand,Even,Even,Standard,Steady,BridgeDownstreamSide,2026-06-28T02:04:20.046987+00:00,adcp,AtTheGage
05466000,POINT (-90.37749166666666 41.27224722222222),03ad1846-eeeb-43b6-99cc-b73b35c23273,USGS-05466000,87d83ff5-8eb1-9377-e053-0100007f169c,731,2019-05-01T17:20:20+00:00,main,3960,ft^3/s,96.3,ft,981,ft^2,4.03,ft/s,0.00,ft,Soft,Sand,Even,Even,Standard,Pulsating,BridgeDownstreamSide,2026-06-28T02:04:20.046987+00:00,adcp,AtTheGage
05466000,POINT (-90.37749166666666 41.27224722222222),04245915-daf0-468f-a6b0-d1571c55480c,USGS-05466000,4e83dc57-8aca-de97-e053-0100007fa831,621,2002-04-10T16:37:00+00:00,Imported Channel 1,455,ft^3/s,68.0,ft,204,ft^2,2.23,ft/s,,,Unspecified,Unspecified,Unspecified,Unspecified,Unspecified,Unknown,BridgeCrane,2026-06-28T02:04:20.046987+00:00,point_velocity,Unspecified
05466000,POINT (-90.37749166666666 41.27224722222222),044a378d-ec67-4c85-a9f5-65b2eeceb1f5,USGS-05466000,4e83d17c-693a-d91b-e053-0100007f9698,334,1969-12-10T06:00:00+00:00,Imported Channel 1,42.5,ft^3/s,,,,,,,,ft,Unspecified,Unspecified,Unspecified,Unspecified,Unspecified,Unknown,Unspecified,2026-06-28T02:04:20.046987+00:00,other_method,Unspecified
05466000,POINT (-90.37749166666666 41.27224722222222),04d02d21-e687-41cd-ad9c-1799cc1fc88e,USGS-05466000,4e83eaab-b3f2-e405-e053-0100007f44e0,709,2015-08-06T15:47:00+00:00,main,63.2,ft^3/s,62.0,ft,46.1,ft^2,1.37,ft/s,100.00,ft,Firm,Sand,Even,Even,Standard,Unknown,Wading,2026-06-28T02:04:20.046987+00:00,point_velocity,Downstream
05466000,POINT (-90.37749166666666 41.27224722222222),06d5583a-20ec-45e5-a962-fee98aa5c350,USGS-05466000,4e83e37f-3e74-e2b8-e053-0100007f387b,632,2003-06-26T19:54:00+00:00,Imported Channel 1,54.6,ft^3/s,68.5,ft,46.2,ft^2,1.18,ft/s,,,Unspecified,Unspecified,Unspecified,Unspecified,Unspecified,Unknown,Wading,2026-06-28T02:04:20.046987+00:00,point_velocity,Unspecified
05466000,POINT (-90.37749166666666 41.27224722222222),06f1972a-8d0a-4098-83d6-d097083b9784,USGS-05466000,4e83d17c-6949-d91b-e053-0100007f9698,514,1988-10-04T16:55:00+00:00,Imported Channel 1,2.36,ft^3/s,11.0,ft,3.29,ft^2,0.72,ft/s,,,Unspecified,Unspecified,Unspecified,Unspecified,Unspecified,Unknown,Wading,2026-06-28T02:04:20.046987+00:00,point_velocity,Unspecified
05466000,POINT (-90.37749166666666 41.27224722222222),07026a07-50fc-4389-8b77-12b61c648fb4,USGS-05466000,4e83d08d-36ec-d935-e053-0100007f47c5,597,1999-08-18T14:11:00+00:00,Imported Channel 1,12.5,ft^3/s,32.5,ft,17.7,ft^2,0.71,ft/s,,,Unspecified,Unspecified,Unspecified,Unspecified,Unspecified,Unknown,Wading,2026-06-28T02:04:20.046987+00:00,point_velocity,Unspecified
05466000,POINT (-90.37749166666666 41.27224722222222),0754e984-2fcb-49d5-869c-8588e71c29cc,USGS-05466000,4e83c20d-f610-d139-e053-0100007f3ce6,330,1969-08-12T06:00:00+00:00,Imported Channel 1,65.8,ft^3/s,,,,,,,,ft,Unspecified,Unspecified,Unspecified,Unspecified,Unspecified,Unknown,Unspecified,2026-06-28T02:04:20.046987+00:00,other_method,Unspecified
05466000,POINT (-90.37749166666666 41.27224722222222),07cd0bed-d8ad-4fb0-af43-9af385aa0e88,USGS-05466000,f1e17681-c3a9-4a40-a28f-1a665d752e41,745,2021-04-26T17:31:29+00:00,main,154,ft^3/s,70.5,ft,93.3,ft^2,1.66,ft/s,0.00,ft,Firm,Sand,Even,Even,Unknown,Steady,BridgeDownstreamSide,2026-06-28T02:04:20.046987+00:00,adcp,AtTheGage
05466000,POINT (-90.37749166666666 41.27224722222222),08535000-aaa8-4bb4-b812-327082edbb31,USGS-05466000,4e83bef6-cee6-cf33-e053-0100007f2ecf,501,1987-08-24T19:50:00+00:00,Imported Channel 1,73.9,ft^3/s,63.0,ft,59.1,ft^2,1.25,ft/s,,,Unspecified,Unspecified,Unspecified,Unspecified,Unspecified,Unknown,Wading,2026-06-28T02:04:20.046987+00:00,point_velocity,Unspecified
05466000,POINT (-90.37749166666666 41.27224722222222),093b11cc-4fb2-4fae-be93-b0cbc1b8dba7,USGS-05466000,4e83c364-f03e-d11d-e053-0100007f3742,526,1990-02-06T16:50:00+00:00,Imported Channel 1,92.8,ft^3/s,54.0,ft,67.2,ft^2,1.38,ft/s,,,Unspecified,Unspecified,Unspecified,Unspecified,Unspecified,Unknown,Wading,2026-06-28T02:04:20.046987+00:00,point_velocity,Unspecified
05466000,POINT (-90.37749166666666 41.27224722222222),099f89cd-7f1b-429c-860d-47f18a765581,USGS-05466000,4e83d8a9-f2e6-dcc8-e053-0100007fd576,464,1983-09-15T06:00:00+00:00,Imported Channel 1,4.15,ft^3/s,23.0,ft,7.01,ft^2,0.59,ft/s,,,Unspecified,Unspecified,Unspecified,Unspecified,Unspecified,Unknown,Wading,2026-06-28T02:04:20.046987+00:00,point_velocity,Unspecified
05466000,POINT (-90.37749166666666 41.27224722222222),0ad51ee4-59df-43f6-a612-f47ea491b440,USGS-05466000,4e83cd0a-c4bd-d75c-e053-0100007f2659,542,1992-05-07T14:20:00+00:00,Imported Channel 1,53.9,ft^3/s,64.0,ft,50.5,ft^2,1.07,ft/s,,,Unspecified,Unspecified,Unspecified,Unspecified,Unspecified,Unknown,Wading,2026-06-28T02:04:20.046987+00:00,point_velocity,Unspecified
05466000,POINT (-90.37749166666666 41.27224722222222),0af663ac-715b-4646-8c9c-c6a3ef63463d,USGS-05466000,4e83e1f2-c86d-e245-e053-0100007f7c00,650,2006-02-28T15:34:00+00:00,Imported Channel 1,8.86,ft^3/s,21.0,ft,12.8,ft^2,0.70,ft/s,,,Unspecified,Unspecified,Unspecified,Unspecified,Unspecified,Unknown,Wading,2026-06-28T02:04:20.046987+00:00,point_velocity,Unspecified
05466000,POINT (-90.37749166666666 41.27224722222222),0b6b7665-42e5-4934-b657-c7b367a3052b,USGS-05466000,4e83d155-ec44-d937-e053-0100007fae1c,559,1994-10-19T16:55:00+00:00,Imported Channel 1,5.11,ft^3/s,29.0,ft,8.71,ft^2,0.59,ft/s,,,Unspecified,Unspecified,Unspecified,Unspecified,Unspecified,Unknown,Wading,2026-06-28T02:04:20.046987+00:00,point_velocity,Unspecified
05466000,POINT (-90.37749166666666 41.27224722222222),0b794fa6-1cf2-4aa9-8b7e-812278741c85,USGS-05466000,4e83c7c9-702b-d439-e053-0100007f9929,371,1973-08-14T06:00:00+00:00,Imported Channel 1,47.4,ft^3/s,,,,,,,,ft,Unspecified,Unspecified,Unspecified,Unspecified,Unspecified,Unknown,Unspecified,2026-06-28T02:04:20.046987+00:00,other_method,Unspecified
05466000,POINT (-90.37749166666666 41.27224722222222),0be432a6-ca4c-47cf-9d47-62f87f916a81,USGS-05466000,4e83ea7f-17a0-e6c1-e053-0100007faba3,673,2009-12-01T17:34:00+00:00,Imported Channel 1,175,ft^3/s,68.5,ft,99.4,ft^2,1.76,ft/s,,,Soft,Sand,Even,Unspecified,Unspecified,Unknown,Wading,2026-06-28T02:04:20.046987+00:00,point_velocity,AtTheGage
05466000,POINT (-90.37749166666666 41.27224722222222),0c23ed8f-3172-4c10-a70c-7945ed71ed91,USGS-05466000,4e83d599-2b7b-dafd-e053-0100007f8c90,470,1984-05-09T06:00:00+00:00,Imported Channel 1,185,ft^3/s,74.0,ft,113,ft^2,1.64,ft/s,,,Unspecified,Unspecified,Unspecified,Unspecified,Unspecified,Unknown,Wading,2026-06-28T02:04:20.046987+00:00,point_velocity,Unspecified
05466000,POINT (-90.37749166666666 41.27224722222222),0c6f41a1-e92a-49a7-8a90-519cd71041a6,USGS-05466000,4e83d9d4-cef4-dcf0-e053-0100007fc65c,520,1989-06-20T15:50:00+00:00,Imported Channel 1,19.2,ft^3/s,30.0,ft,17.2,ft^2,1.12,ft/s,,,Unspecified,Unspecified,Unspecified,Unspecified,Unspecified,Unknown,Wading,2026-06-28T02:04:20.046987+00:00,point_velocity,Unspecified
05466000,POINT (-90.37749166666666 41.27224722222222),0d02cde0-2b65-457e-be20-37f36e2fd04b,USGS-05466000,4e83c55e-3677-d2bc-e053-0100007ff829,536,1991-06-18T21:00:00+00:00,Imported Channel 1,84.2,ft^3/s,66.0,ft,64.2,ft^2,1.31,ft/s,,,Unspecified,Unspecified,Unspecified,Unspecified,Unspecified,Unknown,Wading,2026-06-28T02:04:20.046987+00:00,point_velocity,Unspecified
05466000,POINT (-90.37749166666666 41.27224722222222),0d250cb3-ae3d-432f-9288-f0e9377404e2,USGS-05466000,4e83b8c4-e3d5-cc71-e053-0100007f2fdc,360,1972-07-18T06:00:00+00:00,Imported Channel 1,383,ft^3/s,,,,,,,,ft,Unspecified,Unspecified,Unspecified,Unspecified,Unspecified,Unknown,Unspecified,2026-06-28T02:04:20.046987+00:00,other_method,Unspecified
05466000,POINT (-90.37749166666666 41.27224722222222),0ea4b55f-d48c-47ea-9cdf-972881acee53,USGS-05466000,4e83b429-a67f-c9e9-e053-0100007f3898,538,1991-10-17T16:15:00+00:00,Imported Channel 1,3.01,ft^3/s,30.0,ft,14.4,ft^2,0.21,ft/s,,,Unspecified,Unspecified,Unspecified,Unspecified,Unspecified,Unknown,Wading,2026-06-28T02:04:20.046987+00:00,point_velocity,Unspecified
05466000,POINT (-90.37749166666666 41.27224722222222),0f2d5442-5b9e-40b7-b3d5-f9ea59d74ccb,USGS-05466000,4e83d520-010a-db83-e053-0100007f65e2,534,1991-02-28T17:00:00+00:00,Imported Channel 1,47.7,ft^3/s,63.0,ft,58.0,ft^2,0.82,ft/s,,,Unspecified,Unspecified,Unspecified,Unspecified,Unspecified,Unknown,Wading,2026-06-28T02:04:20.046987+00:00,point_velocity,Unspecified
05466000,POINT (-90.37749166666666 41.27224722222222),10ab0958-effc-4dbd-9922-191495fd90ea,USGS-05466000,4e83ccc4-609b-d75e-e053-0100007f0fce,426,1979-06-21T06:00:00+00:00,Imported Channel 1,70.3,ft^3/s,,,,,,,,ft,Unspecified,Unspecified,Unspecified,Unspecified,Unspecified,Unknown,Unspecified,2026-06-28T02:04:20.046987+00:00,other_method,Unspecified
05466000,POINT (-90.37749166666666 41.27224722222222),11120aa4-d6e2-488b-a838-c7ceb86f1e3b,USGS-05466000,4e83c5a9-1853-d2b8-e053-0100007f86b2,336,1970-04-22T06:00:00+00:00,Imported Channel 1,351,ft^3/s,,,,,,,,ft,Unspecified,Unspecified,Unspecified,Unspecified,Unspecified,Unknown,Unspecified,2026-06-28T02:04:20.046987+00:00,other_method,Unspecified
05466000,POINT (-90.37749166666666 41.27224722222222),115e6fad-35a4-4641-9b3b-5673f39852b9,USGS-05466000,4e83d52c-9e3e-daca-e053-0100007fc3a9,699,2013-09-18T18:46:00+00:00,Edwards r. nr. Orion Il.,5.35,ft^3/s,24.4,ft,8.60,ft^2,0.62,ft/s,100.00,ft,Soft,Sand,Unspecified,Unspecified,Unspecified,Unknown,Wading,2026-06-28T02:04:20.046987+00:00,point_velocity,Downstream
05466000,POINT (-90.37749166666666 41.27224722222222),11607ba7-40fd-4a34-9c87-ea126eb8710d,USGS-05466000,4e83d9d4-cf16-dcf0-e053-0100007fc65c,665,2008-09-03T17:37:00+00:00,Imported Channel 1,8.40,ft^3/s,25.5,ft,11.6,ft^2,0.72,ft/s,,,Unspecified,Unspecified,Unspecified,Unspecified,Unspecified,Unknown,Wading,2026-06-28T02:04:20.046987+00:00,point_velocity,Unspecified
05466000,POINT (-90.37749166666666 41.27224722222222),117edef1-05c5-4c0e-9d55-b747c89fa074,USGS-05466000,4e83d1ff-b51c-d98b-e053-0100007f9eac,680,2010-10-05T13:58:19+00:00,Channel 1,28.9,ft^3/s,69.0,ft,30.2,ft^2,0.95,ft/s,,,Firm,Sand,Even,Unspecified,Unspecified,Unknown,Wading,2026-06-28T02:04:20.046987+00:00,point_velocity,AtTheGage
05466000,POINT (-90.37749166666666 41.27224722222222),11978b97-c069-4f00-a3ef-fa03cd1a8b5a,USGS-05466000,4e83c843-005a-d46f-e053-0100007f1ad6,350,1971-06-22T06:00:00+00:00,Imported Channel 1,12.1,ft^3/s,,,,,,,,ft,Unspecified,Unspecified,Unspecified,Unspecified,Unspecified,Unknown,Unspecified,2026-06-28T02:04:20.046987+00:00,other_method,Unspecified
05466000,POINT (-90.37749166666666 41.27224722222222),12e19f67-8174-415a-b143-4c78d1002485,USGS-05466000,4e83df8b-fe22-e0b2-e053-0100007f10de,580,1997-03-17T21:05:00+00:00,Imported Channel 1,69.2,ft^3/s,65.0,ft,54.2,ft^2,1.28,ft/s,,,Unspecified,Unspecified,Unspecified,Unspecified,Unspecified,Unknown,Wading,2026-06-28T02:04:20.046987+00:00,point_velocity,Unspecified
05466000,POINT (-90.37749166666666 41.27224722222222),130ecad9-578a-452f-815c-721be768b3e2,USGS-05466000,38bb2d06-3fe2-434e-bfe6-61b5ce155052,759,2023-09-19T17:01:09+00:00,main,11.4,ft^3/s,42.0,ft,18.4,ft^2,0.62,ft/s,70.00,ft,Firm,Sand,Even,Even,Standard,Steady,Wading,2026-06-28T02:04:20.046987+00:00,point_velocity,Upstream
05466000,POINT (-90.37749166666666 41.27224722222222),1379bcc4-4cad-45df-996a-f9b15983fc62,USGS-05466000,4e83d599-2b95-dafd-e053-0100007f8c90,616,2001-08-14T19:00:00+00:00,Imported Channel 1,12.4,ft^3/s,58.0,ft,15.5,ft^2,0.80,ft/s,,,Unspecified,Unspecified,Unspecified,Unspecified,Unspecified,Unknown,Wading,2026-06-28T02:04:20.046987+00:00,point_velocity,Unspecified
05466000,POINT (-90.37749166666666 41.27224722222222),138eb010-0ea4-490a-a253-67e30f971fcf,USGS-05466000,4e83b461-7072-ca0f-e053-0100007fe4c5,471,1984-07-06T06:00:00+00:00,Imported Channel 1,50.1,ft^3/s,62.0,ft,45.4,ft^2,1.10,ft/s,,,Unspecified,Unspecified,Unspecified,Unspecified,Unspecified,Unknown,Wading,2026-06-28T02:04:20.046987+00:00,point_velocity,Unspecified
05466000,POINT (-90.37749166666666 41.27224722222222),14b4567b-ec02-449d-a678-279a3af23662,USGS-05466000,4e83db65-a9b4-deb3-e053-0100007fa798,639,2004-05-25T17:48:00+00:00,Imported Channel 1,829,ft^3/s,75.0,ft,335,ft^2,2.47,ft/s,,,Unspecified,Unspecified,Unspecified,Unspecified,Unspecified,Unknown,BridgeCrane,2026-06-28T02:04:20.046987+00:00,point_velocity,Unspecified
05466000,POINT (-90.37749166666666 41.27224722222222),14d26b9c-7411-432d-a3ce-b8320ce189f3,USGS-05466000,4e83c315-431f-d135-e053-0100007fd981,395,1976-04-07T06:00:00+00:00,Imported Channel 1,80.8,ft^3/s,,,,,,,,ft,Unspecified,Unspecified,Unspecified,Unspecified,Unspecified,Unknown,Unspecified,2026-06-28T02:04:20.046987+00:00,other_method,Unspecified
05466000,POINT (-90.37749166666666 41.27224722222222),14f2cbb1-cd9d-4c64-89b7-6d4adee6d1d4,USGS-05466000,4e83db44-3f6c-dcca-e053-0100007f08bb,568,1996-01-03T22:20:00+00:00,Imported Channel 1,26.5,ft^3/s,59.0,ft,32.4,ft^2,0.82,ft/s,,,Unspecified,Unspecified,Unspecified,Unspecified,Unspecified,Unknown,Ice,2026-06-28T02:04:20.046987+00:00,point_velocity,Unspecified
05466000,POINT (-90.37749166666666 41.27224722222222),1897248f-e321-4d1c-825e-9313f52c29ab,USGS-05466000,4e83c81a-093b-d471-e053-0100007feb4d,555,1994-01-27T18:50:00+00:00,Imported Channel 1,84.8,ft^3/s,59.0,ft,88.0,ft^2,0.96,ft/s,,,Unspecified,Unspecified,Unspecified,Unspecified,Unspecified,Unknown,Ice,2026-06-28T02:04:20.046987+00:00,point_velocity,Unspecified
05466000,POINT (-90.37749166666666 41.27224722222222),19213452-2619-4b91-b264-e04e9da25c6e,USGS-05466000,4e83c55e-3658-d2bc-e053-0100007ff829,337,1970-05-27T06:00:00+00:00,Imported Channel 1,212,ft^3/s,,,,,,,,ft,Unspecified,Unspecified,Unspecified,Unspecified,Unspecified,Unknown,Unspecified,2026-06-28T02:04:20.046987+00:00,other_method,Unspecified
05466000,POINT (-90.37749166666666 41.27224722222222),197e4fcd-ab3f-4086-a219-5f37cad0afd8,USGS-05466000,4e83d0f4-19a4-d8e6-e053-0100007facee,435,1980-06-20T06:00:00+00:00,Imported Channel 1,113,ft^3/s,,,,,,,,ft,Unspecified,Unspecified,Unspecified,Unspecified,Unspecified,Unknown,Unspecified,2026-06-28T02:04:20.046987+00:00,other_method,Unspecified
05466000,POINT (-90.37749166666666 41.27224722222222),19a46000-8ad3-449b-bea4-a61cc73d750e,USGS-05466000,4e83c7c9-7043-d439-e053-0100007f9929,595,1999-02-23T21:43:00+00:00,Imported Channel 1,113,ft^3/s,66.0,ft,80.4,ft^2,1.40,ft/s,,,Unspecified,Unspecified,Unspecified,Unspecified,Unspecified,Unknown,Wading,2026-06-28T02:04:20.046987+00:00,point_velocity,Unspecified
05466000,POINT (-90.37749166666666 41.27224722222222),19a904e3-7b9a-475c-a69e-8c765942820c,USGS-05466000,8ded6f79-43b5-43b0-b5c7-b66313faaaaf,766,2024-12-09T17:51:42+00:00,main,20.5,ft^3/s,44.0,ft,26.2,ft^2,0.78,ft/s,100.00,ft,Firm,SiltMud,Even,Even,Standard,Steady,Wading,2026-06-28T02:04:20.046987+00:00,point_velocity,Upstream
05466000,POINT (-90.37749166666666 41.27224722222222),19b21c24-0a0c-4451-9d99-5094e6dae47e,USGS-05466000,4e83d4b7-2087-db5e-e053-0100007f109e,503,1987-10-08T14:40:00+00:00,Imported Channel 1,37.5,ft^3/s,63.0,ft,45.6,ft^2,0.82,ft/s,,,Unspecified,Unspecified,Unspecified,Unspecified,Unspecified,Unknown,Wading,2026-06-28T02:04:20.046987+00:00,point_velocity,Unspecified
05466000,POINT (-90.37749166666666 41.27224722222222),19d33674-a8ba-4365-9b61-5e3a3244bb30,USGS-05466000,518a0ab3-85a0-654c-e053-0100007ffd17,720,2017-06-06T17:41:35+00:00,main,105,ft^3/s,64.6,ft,71.4,ft^2,1.47,ft/s,0.00,ft,Firm,Sand,Even,Even,Standard,Unknown,BridgeDownstreamSide,2026-06-28T02:04:20.046987+00:00,adcp,AtTheGage
05466000,POINT (-90.37749166666666 41.27224722222222),1a22cb21-18bf-40c6-b8fb-d9b5cf953831,USGS-05466000,4e83df47-a45d-e08e-e053-0100007fe15a,716,2016-07-06T21:09:24+00:00,main,1700,ft^3/s,77.6,ft,561,ft^2,3.03,ft/s,15.00,ft,Soft,Sand,Even,Even,NonStandard,Unknown,BridgeDownstreamSide,2026-06-28T02:04:20.046987+00:00,adcp,Downstream
05466000,POINT (-90.37749166666666 41.27224722222222),1a3aced5-99da-4b01-a6a5-b3b5cc05ea3d,USGS-05466000,4e83de4b-355c-e068-e053-0100007ff91f,664,2008-06-26T20:18:00+00:00,Imported Channel 1,214,ft^3/s,69.0,ft,133,ft^2,1.61,ft/s,,,Unspecified,Unspecified,Unspecified,Unspecified,Unspecified,Unknown,Wading,2026-06-28T02:04:20.046987+00:00,point_velocity,Unspecified
05466000,POINT (-90.37749166666666 41.27224722222222),1b084491-8149-4064-a2d7-3dcddd92f3ad,USGS-05466000,4e83d0bd-cbfb-d91f-e053-0100007f1458,602,2000-03-14T18:33:00+00:00,Imported Channel 1,80.7,ft^3/s,68.0,ft,59.0,ft^2,1.37,ft/s,,,Unspecified,Unspecified,Unspecified,Unspecified,Unspecified,Unknown,Wading,2026-06-28T02:04:20.046987+00:00,point_velocity,Unspecified
05466000,POINT (-90.37749166666666 41.27224722222222),1b972bf4-4818-4ac1-ac2c-252a8292a5cc,USGS-05466000,4e83ccc4-60c2-d75e-e053-0100007f0fce,658,2007-08-21T13:30:00+00:00,Imported Channel 1,88.2,ft^3/s,56.0,ft,63.7,ft^2,1.38,ft/s,,,Unspecified,Unspecified,Unspecified,Unspecified,Unspecified,Unknown,Wading,2026-06-28T02:04:20.046987+00:00,point_velocity,Unspecified
05466000,POINT (-90.37749166666666 41.27224722222222),1c2b8ade-4f3d-4aed-af38-40b14991571c,USGS-05466000,1a1048e7-5937-49c8-958a-14f4fe53443f,756,2023-02-27T19:18:45+00:00,main,392,ft^3/s,75.2,ft,186,ft^2,2.11,ft/s,0.00,ft,Firm,Sand,Even,Even,Standard,Steady,BridgeDownstreamSide,2026-06-28T02:04:20.046987+00:00,adcp,AtTheGage
05466000,POINT (-90.37749166666666 41.27224722222222),1caa080b-cfb2-4d38-80b4-8b2bd9b11d59,USGS-05466000,4e83b43b-e36a-ca0d-e053-0100007ffc06,408,1977-09-27T06:00:00+00:00,Imported Channel 1,86.0,ft^3/s,,,,,,,,ft,Unspecified,Unspecified,Unspecified,Unspecified,Unspecified,Unknown,Unspecified,2026-06-28T02:04:20.046987+00:00,other_method,Unspecified
05466000,POINT (-90.37749166666666 41.27224722222222),1d00d4a0-67f1-4cca-9037-71cf20236c1e,USGS-05466000,4e83d7df-6863-dcba-e053-0100007fa7f6,603,2000-05-09T21:10:00+00:00,Imported Channel 1,139,ft^3/s,69.0,ft,98.3,ft^2,1.41,ft/s,,,Unspecified,Unspecified,Unspecified,Unspecified,Unspecified,Unknown,Wading,2026-06-28T02:04:20.046987+00:00,point_velocity,Unspecified
05466000,POINT (-90.37749166666666 41.27224722222222),1d212c34-2038-41ee-aed9-d00fbab29062,USGS-05466000,4e83bfc4-507c-d016-e053-0100007f6c77,370,1973-07-17T06:00:00+00:00,Imported Channel 1,58.8,ft^3/s,,,,,,,,ft,Unspecified,Unspecified,Unspecified,Unspecified,Unspecified,Unknown,Unspecified,2026-06-28T02:04:20.046987+00:00,other_method,Unspecified
05466000,POINT (-90.37749166666666 41.27224722222222),1d2a7700-6057-4c11-9dd8-ea1d7a4fa991,USGS-05466000,4e83c91a-661e-d575-e053-0100007fdd5e,530,1990-07-31T15:25:00+00:00,Imported Channel 1,87.1,ft^3/s,64.0,ft,64.9,ft^2,1.34,ft/s,,,Unspecified,Unspecified,Unspecified,Unspecified,Unspecified,Unknown,Wading,2026-06-28T02:04:20.046987+00:00,point_velocity,Unspecified
05466000,POINT (-90.37749166666666 41.27224722222222),1d9696af-d442-4320-a962-c2e248671ed1,USGS-05466000,4e83d515-3e74-db80-e053-0100007fa0f3,406,1977-07-13T06:00:00+00:00,Imported Channel 1,4.44,ft^3/s,,,,,,,,ft,Unspecified,Unspecified,Unspecified,Unspecified,Unspecified,Unknown,Unspecified,2026-06-28T02:04:20.046987+00:00,other_method,Unspecified
05466000,POINT (-90.37749166666666 41.27224722222222),1db92edd-56cd-42bc-b89d-087bb178a572,USGS-05466000,4e83dc60-59c5-df3d-e053-0100007f3a12,522,1989-09-09T20:55:00+00:00,Imported Channel 1,853,ft^3/s,84.0,ft,406,ft^2,2.10,ft/s,,,Unspecified,Unspecified,Unspecified,Unspecified,Unspecified,Unknown,BridgeCrane,2026-06-28T02:04:20.046987+00:00,point_velocity,Unspecified
05466000,POINT (-90.37749166666666 41.27224722222222),1e2300ea-d9bf-4fe1-a3f3-625e94aebf84,USGS-05466000,4e83d91f-b7c6-dd76-e053-0100007f8662,629,2003-05-01T21:18:00+00:00,Imported Channel 1,1730,ft^3/s,94.0,ft,644,ft^2,2.69,ft/s,,,Unspecified,Unspecified,Unspecified,Unspecified,Unspecified,Unknown,BridgeCrane,2026-06-28T02:04:20.046987+00:00,point_velocity,Unspecified
05466000,POINT (-90.37749166666666 41.27224722222222),1ed8ea68-6e00-4453-ac01-0a12d403476c,USGS-05466000,4e83b622-5862-cace-e053-0100007f4342,342,1970-10-15T06:00:00+00:00,Imported Channel 1,98.9,ft^3/s,,,,,,,,ft,Unspecified,Unspecified,Unspecified,Unspecified,Unspecified,Unknown,Unspecified,2026-06-28T02:04:20.046987+00:00,other_method,Unspecified
05466000,POINT (-90.37749166666666 41.27224722222222),1ee0f86d-01dc-49b5-91e6-2f0b641d0f0f,USGS-05466000,4e83b429-a67c-c9e9-e053-0100007f3898,537,1991-08-15T15:40:00+00:00,Imported Channel 1,5.01,ft^3/s,27.0,ft,9.12,ft^2,0.55,ft/s,,,Unspecified,Unspecified,Unspecified,Unspecified,Unspecified,Unknown,Wading,2026-06-28T02:04:20.046987+00:00,point_velocity,Unspecified
05466000,POINT (-90.37749166666666 41.27224722222222),1f551845-2810-41fe-a356-0c91126324fd,USGS-05466000,4e83b59d-3a22-cad0-e053-0100007f5ebb,345,1971-01-13T06:00:00+00:00,Imported Channel 1,58.4,ft^3/s,,,,,,,,ft,Unspecified,Unspecified,Unspecified,Unspecified,Unspecified,Unknown,Unspecified,2026-06-28T02:04:20.046987+00:00,other_method,Unspecified
05466000,POINT (-90.37749166666666 41.27224722222222),1fa02979-0ab8-4708-a770-12859d9550ad,USGS-05466000,4e83e1fe-5e7f-e249-e053-0100007fd6e4,657,2007-06-01T13:07:00+00:00,Imported Channel 1,123,ft^3/s,56.0,ft,79.7,ft^2,1.54,ft/s,,,Unspecified,Unspecified,Unspecified,Unspecified,Unspecified,Unknown,Wading,2026-06-28T02:04:20.046987+00:00,point_velocity,Unspecified
05466000,POINT (-90.37749166666666 41.27224722222222),1fded8c0-8b40-4cee-ae62-1bcfbc8bf8a5,USGS-05466000,4e83c81a-0941-d471-e053-0100007feb4d,653,2006-10-11T19:18:00+00:00,Imported Channel 1,9.75,ft^3/s,33.0,ft,12.5,ft^2,0.78,ft/s,,,Unspecified,Unspecified,Unspecified,Unspecified,Unspecified,Unknown,Wading,2026-06-28T02:04:20.046987+00:00,point_velocity,Unspecified
05466000,POINT (-90.37749166666666 41.27224722222222),1fe57cba-e0d8-438e-b0ef-2f21c96e1eae,USGS-05466000,4e83c3b3-c62f-d129-e053-0100007fca85,393,1976-01-13T06:00:00+00:00,Imported Channel 1,29.9,ft^3/s,,,,,,,,ft,Unspecified,Unspecified,Unspecified,Unspecified,Unspecified,Unknown,Unspecified,2026-06-28T02:04:20.046987+00:00,other_method,Unspecified
05466000,POINT (-90.37749166666666 41.27224722222222),2203197c-2668-4709-979d-c09baf9b6a93,USGS-05466000,4e83def8-48d6-e08a-e053-0100007ff1b5,561,1995-02-09T16:25:00+00:00,Imported Channel 1,64.3,ft^3/s,60.0,ft,77.6,ft^2,0.83,ft/s,,,Unspecified,Unspecified,Unspecified,Unspecified,Unspecified,Unknown,Ice,2026-06-28T02:04:20.046987+00:00,point_velocity,Unspecified
05466000,POINT (-90.37749166666666 41.27224722222222),229628d1-9e10-4e4f-b3e0-9911d1aca773,USGS-05466000,4e83d4b1-082a-db58-e053-0100007f4f64,468,1984-02-24T06:00:00+00:00,Imported Channel 1,104,ft^3/s,68.0,ft,77.5,ft^2,1.34,ft/s,,,Unspecified,Unspecified,Unspecified,Unspecified,Unspecified,Unknown,Wading,2026-06-28T02:04:20.046987+00:00,point_velocity,Unspecified
05466000,POINT (-90.37749166666666 41.27224722222222),229b63e9-d516-496c-8ce2-60866580c631,USGS-05466000,4e83db44-3f79-dcca-e053-0100007f08bb,662,2008-03-12T14:06:00+00:00,Imported Channel 1,105,ft^3/s,58.5,ft,64.5,ft^2,1.62,ft/s,,,Unspecified,Unspecified,Unspecified,Unspecified,Unspecified,Unknown,Wading,2026-06-28T02:04:20.046987+00:00,point_velocity,Unspecified
05466000,POINT (-90.37749166666666 41.27224722222222),22f4b147-171e-45a5-888b-e92917870a18,USGS-05466000,4e83bb68-2fe1-cdad-e053-0100007f359b,340,1970-08-04T06:00:00+00:00,Imported Channel 1,24.2,ft^3/s,,,,,,,,ft,Unspecified,Unspecified,Unspecified,Unspecified,Unspecified,Unknown,Unspecified,2026-06-28T02:04:20.046987+00:00,other_method,Unspecified
05466000,POINT (-90.37749166666666 41.27224722222222),22f76d2e-97e1-43f1-b980-2c7d39353720,USGS-05466000,4e83c598-4d55-d2b6-e053-0100007f0e3a,385,1975-02-03T06:00:00+00:00,Imported Channel 1,18.3,ft^3/s,,,,,,,,ft,Unspecified,Unspecified,Unspecified,Unspecified,Unspecified,Unknown,Unspecified,2026-06-28T02:04:20.046987+00:00,other_method,Unspecified
05466000,POINT (-90.37749166666666 41.27224722222222),235639ef-c2a5-42cb-8a19-e39674020516,USGS-05466000,4e83d4b1-0824-db58-e053-0100007f4f64,442,1981-04-07T06:00:00+00:00,Imported Channel 1,37.0,ft^3/s,68.0,ft,44.2,ft^2,0.84,ft/s,,,Unspecified,Unspecified,Unspecified,Unspecified,Unspecified,Unknown,Wading,2026-06-28T02:04:20.046987+00:00,point_velocity,Unspecified
05466000,POINT (-90.37749166666666 41.27224722222222),240d0a9d-2eb8-4b06-b15f-54c4032fd542,USGS-05466000,4e83c8fd-7d54-d473-e053-0100007f793a,479,1985-05-30T06:00:00+00:00,Imported Channel 1,66.5,ft^3/s,65.0,ft,57.0,ft^2,1.17,ft/s,,,Unspecified,Unspecified,Unspecified,Unspecified,Unspecified,Unknown,Wading,2026-06-28T02:04:20.046987+00:00,point_velocity,Unspecified
05466000,POINT (-90.37749166666666 41.27224722222222),24b54bb5-6231-4cb1-8f77-3e874d0704ad,USGS-05466000,4e83d790-31f3-dcc6-e053-0100007f0ecc,588,1998-04-03T12:23:00+00:00,Imported Channel 1,358,ft^3/s,68.0,ft,184,ft^2,1.94,ft/s,,,Unspecified,Unspecified,Unspecified,Unspecified,Unspecified,Unknown,Wading,2026-06-28T02:04:20.046987+00:00,point_velocity,Unspecified
05466000,POINT (-90.37749166666666 41.27224722222222),25586009-3012-45e6-b8ca-0f641341b393,USGS-05466000,4e83c55d-dc5e-d29e-e053-0100007f9603,431,1980-01-08T06:00:00+00:00,Imported Channel 1,17.6,ft^3/s,,,,,,,,ft,Unspecified,Unspecified,Unspecified,Unspecified,Unspecified,Unknown,Unspecified,2026-06-28T02:04:20.046987+00:00,other_method,Unspecified
05466000,POINT (-90.37749166666666 41.27224722222222),260c23fa-471f-4a8e-b369-3a2e1b628b50,USGS-05466000,4e83bf11-88c9-cf13-e053-0100007fa647,592,1998-10-01T16:29:00+00:00,Imported Channel 1,15.0,ft^3/s,44.0,ft,22.0,ft^2,0.68,ft/s,,,Unspecified,Unspecified,Unspecified,Unspecified,Unspecified,Unknown,Wading,2026-06-28T02:04:20.046987+00:00,point_velocity,Unspecified
05466000,POINT (-90.37749166666666 41.27224722222222),2610f681-e8cd-46d9-ba99-ad30e76526de,USGS-05466000,dabaf877-3370-4c09-8919-90d2f043fdd5,743,2020-12-07T19:04:37+00:00,main,54.8,ft^3/s,64.0,ft,45.5,ft^2,1.20,ft/s,50.00,ft,Firm,Sand,Even,Even,Standard,Steady,Wading,2026-06-28T02:04:20.046987+00:00,point_velocity,Upstream
05466000,POINT (-90.37749166666666 41.27224722222222),27713807-b654-42ff-993d-a15d5c1b276f,USGS-05466000,4e83bf2e-6e3c-cfa6-e053-0100007f07e8,358,1972-05-12T06:00:00+00:00,Imported Channel 1,204,ft^3/s,,,,,,,,ft,Unspecified,Unspecified,Unspecified,Unspecified,Unspecified,Unknown,Unspecified,2026-06-28T02:04:20.046987+00:00,other_method,Unspecified
05466000,POINT (-90.37749166666666 41.27224722222222),28f8a4e2-f99f-4c75-9916-b766e74bdb6d,USGS-05466000,4e83bfca-5ebc-d014-e053-0100007f7fa3,368,1973-04-23T06:00:00+00:00,Imported Channel 1,2290,ft^3/s,,,,,,,,ft,Unspecified,Unspecified,Unspecified,Unspecified,Unspecified,Unknown,Unspecified,2026-06-28T02:04:20.046987+00:00,other_method,Unspecified
05466000,POINT (-90.37749166666666 41.27224722222222),294f86fa-ca18-46da-b657-61cd5ec8c5c9,USGS-05466000,4e83bf1e-54de-cf11-e053-0100007f5055,363,1972-10-24T06:00:00+00:00,Imported Channel 1,125,ft^3/s,,,,,,,,ft,Unspecified,Unspecified,Unspecified,Unspecified,Unspecified,Unknown,Unspecified,2026-06-28T02:04:20.046987+00:00,other_method,Unspecified
05466000,POINT (-90.37749166666666 41.27224722222222),2a6d5393-e19b-4b07-8d46-454627d4b7bb,USGS-05466000,4e83c564-a5a8-d2ca-e053-0100007f69bd,512,1988-08-17T20:00:00+00:00,Imported Channel 1,1.70,ft^3/s,10.0,ft,2.65,ft^2,0.64,ft/s,,,Unspecified,Unspecified,Unspecified,Unspecified,Unspecified,Unknown,Wading,2026-06-28T02:04:20.046987+00:00,point_velocity,Unspecified
05466000,POINT (-90.37749166666666 41.27224722222222),2a82d1a5-f1d4-4950-b20a-9f11d424a9ef,USGS-05466000,4e83d0f6-6b67-d939-e053-0100007fbaa3,446,1981-09-09T06:00:00+00:00,Imported Channel 1,74.0,ft^3/s,65.0,ft,66.0,ft^2,1.12,ft/s,,,Unspecified,Unspecified,Unspecified,Unspecified,Unspecified,Unknown,Wading,2026-06-28T02:04:20.046987+00:00,point_velocity,Unspecified
05466000,POINT (-90.37749166666666 41.27224722222222),2b185217-2c08-4fe6-8afb-344374c53ebb,USGS-05466000,4e83c87f-b05d-d49f-e053-0100007fbcf7,545,1992-10-22T15:10:00+00:00,Imported Channel 1,47.7,ft^3/s,66.0,ft,48.9,ft^2,0.98,ft/s,,,Unspecified,Unspecified,Unspecified,Unspecified,Unspecified,Unknown,Wading,2026-06-28T02:04:20.046987+00:00,point_velocity,Unspecified
05466000,POINT (-90.37749166666666 41.27224722222222),2bf987aa-cbee-4a8e-bf01-63844158bfff,USGS-05466000,4e83d155-ec32-d937-e053-0100007fae1c,414,1978-04-27T06:00:00+00:00,Imported Channel 1,132,ft^3/s,,,,,,,,ft,Unspecified,Unspecified,Unspecified,Unspecified,Unspecified,Unknown,Unspecified,2026-06-28T02:04:20.046987+00:00,other_method,Unspecified
05466000,POINT (-90.37749166666666 41.27224722222222),2d219c5a-a9ed-41c4-a658-168c43c35b76,USGS-05466000,4e83d155-ec4e-d937-e053-0100007fae1c,585,1997-11-17T20:11:00+00:00,Imported Channel 1,59.3,ft^3/s,57.0,ft,48.4,ft^2,1.23,ft/s,,,Unspecified,Unspecified,Unspecified,Unspecified,Unspecified,Unknown,Wading,2026-06-28T02:04:20.046987+00:00,point_velocity,Unspecified
05466000,POINT (-90.37749166666666 41.27224722222222),2d6fcb92-d6ee-478f-be20-9dde01cf9fe8,USGS-05466000,4e83c364-f021-d11d-e053-0100007f3742,441,1981-02-27T06:00:00+00:00,Imported Channel 1,114,ft^3/s,65.0,ft,8.17,ft^2,1.40,ft/s,,,Unspecified,Unspecified,Unspecified,Unspecified,Unspecified,Unknown,Wading,2026-06-28T02:04:20.046987+00:00,point_velocity,Unspecified
05466000,POINT (-90.37749166666666 41.27224722222222),2d98196a-3ad5-482a-876e-7d42dc2299a0,USGS-05466000,4e83b59d-3a21-cad0-e053-0100007f5ebb,343,1970-11-05T06:00:00+00:00,Imported Channel 1,102,ft^3/s,,,,,,,,ft,Unspecified,Unspecified,Unspecified,Unspecified,Unspecified,Unknown,Unspecified,2026-06-28T02:04:20.046987+00:00,other_method,Unspecified
05466000,POINT (-90.37749166666666 41.27224722222222),2e7b36df-7499-471b-8369-9ff156267f47,USGS-05466000,4e83d9d4-cef2-dcf0-e053-0100007fc65c,489,1986-06-23T06:00:00+00:00,Imported Channel 1,53.2,ft^3/s,63.0,ft,44.5,ft^2,2.36,ft/s,,,Unspecified,Unspecified,Unspecified,Unspecified,Unspecified,Unknown,Wading,2026-06-28T02:04:20.046987+00:00,point_velocity,Unspecified
05466000,POINT (-90.37749166666666 41.27224722222222),2f398407-8530-4d1b-a5e4-5ccb69af4291,USGS-05466000,4e83e61b-216c-e409-e053-0100007ff8e6,682,2011-02-24T14:31:00+00:00,Imported Channel 1,283,ft^3/s,70.0,ft,152,ft^2,1.86,ft/s,,,Unspecified,Unspecified,Unspecified,Unspecified,Unspecified,Unknown,Wading,2026-06-28T02:04:20.046987+00:00,point_velocity,Unspecified
05466000,POINT (-90.37749166666666 41.27224722222222),2fe86697-fe6d-4ede-a131-a8b77429e5a6,USGS-05466000,4e83d0f4-19b6-d8e6-e053-0100007facee,589,1998-05-19T15:12:00+00:00,Imported Channel 1,164,ft^3/s,68.0,ft,99.0,ft^2,1.66,ft/s,,,Unspecified,Unspecified,Unspecified,Unspecified,Unspecified,Unknown,Wading,2026-06-28T02:04:20.046987+00:00,point_velocity,Unspecified
05466000,POINT (-90.37749166666666 41.27224722222222),305dd265-c639-4b76-9f61-727739eca07c,USGS-05466000,4e83c81a-0926-d471-e053-0100007feb4d,323,1969-02-18T06:00:00+00:00,Imported Channel 1,38.2,ft^3/s,,,,,,,,ft,Unspecified,Unspecified,Unspecified,Unspecified,Unspecified,Unknown,Unspecified,2026-06-28T02:04:20.046987+00:00,other_method,Unspecified
05466000,POINT (-90.37749166666666 41.27224722222222),3093ba9f-d8fb-4eae-abb0-fdd0735ae4dd,USGS-05466000,4e83d431-0b0b-daec-e053-0100007f53a7,556,1994-06-02T15:25:00+00:00,Imported Channel 1,44.4,ft^3/s,65.0,ft,42.5,ft^2,1.04,ft/s,,,Unspecified,Unspecified,Unspecified,Unspecified,Unspecified,Unknown,Wading,2026-06-28T02:04:20.046987+00:00,point_velocity,Unspecified
05466000,POINT (-90.37749166666666 41.27224722222222),3129ff76-f000-4138-a05c-30d5bedcb88b,USGS-05466000,4e83bf2e-59b1-cfc6-e053-0100007f1208,376,1974-01-09T06:00:00+00:00,Imported Channel 1,68.6,ft^3/s,,,,,,,,ft,Unspecified,Unspecified,Unspecified,Unspecified,Unspecified,Unknown,Unspecified,2026-06-28T02:04:20.046987+00:00,other_method,Unspecified
05466000,POINT (-90.37749166666666 41.27224722222222),318fa1b7-f8fd-452d-b186-85d3bfb17066,USGS-05466000,4e83b429-a697-c9e9-e053-0100007f3898,612,2001-05-09T13:15:00+00:00,Imported Channel 1,126,ft^3/s,63.0,ft,81.8,ft^2,1.54,ft/s,,,Unspecified,Unspecified,Unspecified,Unspecified,Unspecified,Unknown,Wading,2026-06-28T02:04:20.046987+00:00,point_velocity,Unspecified
05466000,POINT (-90.37749166666666 41.27224722222222),32140cd8-70dc-45f1-8de0-9936fc50abae,USGS-05466000,4e83c5a4-ab03-d2de-e053-0100007f13dd,456,1982-10-06T06:00:00+00:00,Imported Channel 1,24.2,ft^3/s,22.0,ft,23.9,ft^2,1.01,ft/s,,,Unspecified,Unspecified,Unspecified,Unspecified,Unspecified,Unknown,Wading,2026-06-28T02:04:20.046987+00:00,point_velocity,Unspecified
05466000,POINT (-90.37749166666666 41.27224722222222),33ec7bdd-b007-488f-b97d-8c11255a7f7e,USGS-05466000,91d4d6f5-8389-73a8-e053-0100007f3446,735,2019-09-04T18:05:23+00:00,main,12.1,ft^3/s,54.0,ft,16.9,ft^2,0.72,ft/s,65.00,ft,Soft,Sand,Even,Even,Standard,Steady,Wading,2026-06-28T02:04:20.046987+00:00,point_velocity,Upstream
05466000,POINT (-90.37749166666666 41.27224722222222),344c7d58-d11c-4ce8-9ffb-0d75a6a694d2,USGS-05466000,4e83d4bf-09c6-dace-e053-0100007f0e4e,702,2014-06-16T15:24:30+00:00,main,85.0,ft^3/s,67.0,ft,59.9,ft^2,1.42,ft/s,,,Unspecified,Unspecified,Unspecified,Unspecified,Unspecified,Unknown,Wading,2026-06-28T02:04:20.046987+00:00,point_velocity,AtTheGage
05466000,POINT (-90.37749166666666 41.27224722222222),3479ef9d-0a9a-402c-941d-7e6d4b85d339,USGS-05466000,4e83df47-a442-e08e-e053-0100007fe15a,581,1997-05-01T11:28:00+00:00,Imported Channel 1,62.1,ft^3/s,66.0,ft,58.8,ft^2,1.06,ft/s,,,Unspecified,Unspecified,Unspecified,Unspecified,Unspecified,Unknown,Wading,2026-06-28T02:04:20.046987+00:00,point_velocity,Unspecified
05466000,POINT (-90.37749166666666 41.27224722222222),3662390d-1679-4508-9924-de9a18c745cb,USGS-05466000,4e83d41d-700c-dada-e053-0100007f497e,473,1984-09-20T06:00:00+00:00,Imported Channel 1,3.67,ft^3/s,15.0,ft,9.51,ft^2,0.38,ft/s,,,Unspecified,Unspecified,Unspecified,Unspecified,Unspecified,Unknown,Wading,2026-06-28T02:04:20.046987+00:00,point_velocity,Unspecified
05466000,POINT (-90.37749166666666 41.27224722222222),36dfe7ce-392c-4927-a827-ce24c7aca8ba,USGS-05466000,4e83c61a-b7da-d2f8-e053-0100007f5179,362,1972-09-18T06:00:00+00:00,Imported Channel 1,54.0,ft^3/s,,,,,,,,ft,Unspecified,Unspecified,Unspecified,Unspecified,Unspecified,Unknown,Unspecified,2026-06-28T02:04:20.046987+00:00,other_method,Unspecified
05466000,POINT (-90.37749166666666 41.27224722222222),36e1695b-449d-454c-914c-9c1c579000b9,USGS-05466000,8f145569-b3e3-486f-9120-4ae2d3cb5518,764,2024-08-06T16:41:11+00:00,main,43.9,ft^3/s,47.0,ft,39.6,ft^2,1.11,ft/s,75.00,ft,Firm,Sand,Even,Even,Standard,Steady,Wading,2026-06-28T02:04:20.046987+00:00,point_velocity,Upstream
05466000,POINT (-90.37749166666666 41.27224722222222),391b04b1-e3aa-4e00-8a63-c99a2ec81607,USGS-05466000,5de24618-0b3d-5201-e053-0100007f60e6,723,2017-11-08T18:48:15+00:00,main,16.2,ft^3/s,59.0,ft,20.2,ft^2,0.80,ft/s,40.00,ft,Firm,Sand,Even,Even,Standard,Steady,Wading,2026-06-28T02:04:20.046987+00:00,point_velocity,Upstream
05466000,POINT (-90.37749166666666 41.27224722222222),39204b09-0684-4561-bad1-da05ff31dd94,USGS-05466000,4e83b622-5866-cace-e053-0100007f4342,373,1973-10-17T06:00:00+00:00,Imported Channel 1,51.4,ft^3/s,,,,,,,,ft,Unspecified,Unspecified,Unspecified,Unspecified,Unspecified,Unknown,Unspecified,2026-06-28T02:04:20.046987+00:00,other_method,Unspecified
05466000,POINT (-90.37749166666666 41.27224722222222),39256e0f-492b-410f-a6b1-cc457af38f9a,USGS-05466000,4e83d1ff-b508-d98b-e053-0100007f9eac,327,1969-06-03T06:00:00+00:00,Imported Channel 1,31.1,ft^3/s,,,,,,,,ft,Unspecified,Unspecified,Unspecified,Unspecified,Unspecified,Unknown,Unspecified,2026-06-28T02:04:20.046987+00:00,other_method,Unspecified
05466000,POINT (-90.37749166666666 41.27224722222222),3a921a34-78ee-4996-87f5-fd12f3632408,USGS-05466000,4e83d4ce-a66a-dae8-e053-0100007f550f,626,2002-11-26T14:31:00+00:00,Imported Channel 1,6.43,ft^3/s,33.5,ft,21.9,ft^2,0.29,ft/s,,,Unspecified,Unspecified,Unspecified,Unspecified,Unspecified,Unknown,Wading,2026-06-28T02:04:20.046987+00:00,point_velocity,Unspecified
05466000,POINT (-90.37749166666666 41.27224722222222),3b8de3f8-d858-48b6-a307-a29fc68b506d,USGS-05466000,4e83d52c-9e37-daca-e053-0100007fc3a9,636,2004-01-07T17:44:00+00:00,Imported Channel 1,45.5,ft^3/s,56.0,ft,58.1,ft^2,0.78,ft/s,,,Unspecified,Unspecified,Unspecified,Unspecified,Unspecified,Unknown,Wading,2026-06-28T02:04:20.046987+00:00,point_velocity,Unspecified
05466000,POINT (-90.37749166666666 41.27224722222222),3be30209-596f-460e-b469-e69f3266454f,USGS-05466000,4e83d155-ec51-d937-e053-0100007fae1c,590,1998-07-13T20:11:00+00:00,Imported Channel 1,88.2,ft^3/s,64.0,ft,71.3,ft^2,1.23,ft/s,,,Unspecified,Unspecified,Unspecified,Unspecified,Unspecified,Unknown,Wading,2026-06-28T02:04:20.046987+00:00,point_velocity,Unspecified
05466000,POINT (-90.37749166666666 41.27224722222222),3d569129-1dce-4577-b7a9-2a433d7f1973,USGS-05466000,4e83c584-f788-d2b4-e053-0100007fe2f6,424,1979-05-10T06:00:00+00:00,Imported Channel 1,185,ft^3/s,,,,,,,,ft,Unspecified,Unspecified,Unspecified,Unspecified,Unspecified,Unknown,Unspecified,2026-06-28T02:04:20.046987+00:00,other_method,Unspecified
05466000,POINT (-90.37749166666666 41.27224722222222),3d90d4b4-956b-4336-955f-65097778d7a5,USGS-05466000,4e83d4a3-b805-db5c-e053-0100007f3cad,476,1985-01-28T06:00:00+00:00,Imported Channel 1,53.4,ft^3/s,75.0,ft,69.9,ft^2,0.76,ft/s,,,Unspecified,Unspecified,Unspecified,Unspecified,Unspecified,Unknown,Ice,2026-06-28T02:04:20.046987+00:00,point_velocity,Unspecified
05466000,POINT (-90.37749166666666 41.27224722222222),3db4c7ba-04b3-496b-8f29-33f02440d2e0,USGS-05466000,4e83d790-320a-dcc6-e053-0100007f0ecc,659,2007-10-10T14:34:00+00:00,Imported Channel 1,15.0,ft^3/s,43.0,ft,18.1,ft^2,0.83,ft/s,,,Unspecified,Unspecified,Unspecified,Unspecified,Unspecified,Unknown,Wading,2026-06-28T02:04:20.046987+00:00,point_velocity,Unspecified
05466000,POINT (-90.37749166666666 41.27224722222222),3eb4aa22-0573-4dc2-a72d-25ff20737fa1,USGS-05466000,4e83d08d-36e2-d935-e053-0100007f47c5,557,1994-07-13T15:20:00+00:00,Imported Channel 1,37.4,ft^3/s,64.0,ft,36.2,ft^2,1.03,ft/s,,,Unspecified,Unspecified,Unspecified,Unspecified,Unspecified,Unknown,Wading,2026-06-28T02:04:20.046987+00:00,point_velocity,Unspecified
05466000,POINT (-90.37749166666666 41.27224722222222),3fc05931-396f-4c04-bce3-49f952653fd6,USGS-05466000,4e83df64-d337-e0b0-e053-0100007f4ada,675,2010-03-09T14:22:30+00:00,Imported Channel 1,446,ft^3/s,75.5,ft,195,ft^2,2.29,ft/s,,ft,Unspecified,Unspecified,Unspecified,Unspecified,Unspecified,Unknown,BridgeDownstreamSide,2026-06-28T02:04:20.046987+00:00,adcp,Unspecified
05466000,POINT (-90.37749166666666 41.27224722222222),40361b8c-3cf1-434e-a550-0b6baa748072,USGS-05466000,4e83b429-a66f-c9e9-e053-0100007f3898,463,1983-08-12T06:00:00+00:00,Imported Channel 1,8.32,ft^3/s,16.0,ft,8.50,ft^2,0.98,ft/s,,,Unspecified,Unspecified,Unspecified,Unspecified,Unspecified,Unknown,Wading,2026-06-28T02:04:20.046987+00:00,point_velocity,Unspecified
05466000,POINT (-90.37749166666666 41.27224722222222),4037317e-e97b-4bde-b9d7-cf6a3586e134,USGS-05466000,4e83d7ee-b532-dcc2-e053-0100007fbaca,458,1983-01-07T06:00:00+00:00,Imported Channel 1,126,ft^3/s,78.0,ft,93.6,ft^2,1.35,ft/s,,,Unspecified,Unspecified,Unspecified,Unspecified,Unspecified,Unknown,Wading,2026-06-28T02:04:20.046987+00:00,point_velocity,Unspecified
05466000,POINT (-90.37749166666666 41.27224722222222),4057ecbf-1bdc-40be-b9ff-68d5c1aee96d,USGS-05466000,4e83db44-3f6e-dcca-e053-0100007f08bb,569,1996-01-26T19:10:00+00:00,Imported Channel 1,51.1,ft^3/s,61.0,ft,63.6,ft^2,0.80,ft/s,,,Unspecified,Unspecified,Unspecified,Unspecified,Unspecified,Unknown,Ice,2026-06-28T02:04:20.046987+00:00,point_velocity,Unspecified
05466000,POINT (-90.37749166666666 41.27224722222222),40ef768c-ede9-4eb8-b500-dbf0c42523ff,USGS-05466000,4e83c29f-7c20-d171-e053-0100007f2cee,443,1981-05-07T06:00:00+00:00,Imported Channel 1,99.1,ft^3/s,64.0,ft,75.3,ft^2,1.32,ft/s,,,Unspecified,Unspecified,Unspecified,Unspecified,Unspecified,Unknown,Wading,2026-06-28T02:04:20.046987+00:00,point_velocity,Unspecified
05466000,POINT (-90.37749166666666 41.27224722222222),4101926c-8e4a-4661-9b6e-e3fc085b9940,USGS-05466000,d7cd9c3b-5f37-4019-8bd8-5c44c8bad239,762,2024-03-28T16:40:22+00:00,main,224,ft^3/s,72.9,ft,122,ft^2,1.84,ft/s,0.00,ft,Firm,Sand,Even,Even,Standard,Steady,BridgeDownstreamSide,2026-06-28T02:04:20.046987+00:00,adcp,AtTheGage
05466000,POINT (-90.37749166666666 41.27224722222222),423c2374-e26f-47cf-b3a8-4a620e91d6c6,USGS-05466000,4e83dc06-1f13-de99-e053-0100007f88e6,563,1995-07-06T16:30:00+00:00,Imported Channel 1,883,ft^3/s,77.0,ft,378,ft^2,2.33,ft/s,,,Unspecified,Unspecified,Unspecified,Unspecified,Unspecified,Unknown,BridgeCrane,2026-06-28T02:04:20.046987+00:00,point_velocity,Unspecified
05466000,POINT (-90.37749166666666 41.27224722222222),428765f1-6134-41af-8b6d-529fa3317d7a,USGS-05466000,6f3debb6-f9fe-c7c0-e053-0100007f6d69,726,2018-06-20T14:26:12+00:00,main,384,ft^3/s,71.6,ft,193,ft^2,1.99,ft/s,0.00,ft,Firm,Sand,Even,Even,Standard,Steady,BridgeDownstreamSide,2026-06-28T02:04:20.046987+00:00,adcp,AtTheGage
05466000,POINT (-90.37749166666666 41.27224722222222),43211bbe-42eb-4f65-85f7-2c0a993cdda7,USGS-05466000,4e83c8fd-7d4f-d473-e053-0100007f793a,400,1976-11-12T06:00:00+00:00,Imported Channel 1,1.93,ft^3/s,,,,,,,,ft,Unspecified,Unspecified,Unspecified,Unspecified,Unspecified,Unknown,Unspecified,2026-06-28T02:04:20.046987+00:00,other_method,Unspecified
05466000,POINT (-90.37749166666666 41.27224722222222),437c096a-f1b5-4ce1-bcab-6b8166b15c73,USGS-05466000,4e83dc06-1f10-de99-e053-0100007f88e6,546,1992-12-03T21:15:00+00:00,Imported Channel 1,202,ft^3/s,66.0,ft,115,ft^2,1.76,ft/s,,,Unspecified,Unspecified,Unspecified,Unspecified,Unspecified,Unknown,Wading,2026-06-28T02:04:20.046987+00:00,point_velocity,Unspecified
05466000,POINT (-90.37749166666666 41.27224722222222),43c69a80-5f6f-43b0-bc01-7358d86d3c69,USGS-05466000,4e83d9d4-cf0d-dcf0-e053-0100007fc65c,594,1998-12-29T17:15:00+00:00,Imported Channel 1,96.3,ft^3/s,62.0,ft,77.5,ft^2,1.24,ft/s,,,Unspecified,Unspecified,Unspecified,Unspecified,Unspecified,Unknown,Wading,2026-06-28T02:04:20.046987+00:00,point_velocity,Unspecified
05466000,POINT (-90.37749166666666 41.27224722222222),43e11f04-1032-4cc4-8631-b560603346bf,USGS-05466000,4e83c364-f030-d11d-e053-0100007f3742,477,1985-03-06T06:00:00+00:00,Imported Channel 1,690,ft^3/s,83.0,ft,296,ft^2,2.33,ft/s,,,Unspecified,Unspecified,Unspecified,Unspecified,Unspecified,Unknown,BridgeCrane,2026-06-28T02:04:20.046987+00:00,point_velocity,Unspecified
05466000,POINT (-90.37749166666666 41.27224722222222),440c2584-a3f5-49fc-9279-5c7cb7ec19fe,USGS-05466000,4e83bb68-2fea-cdad-e053-0100007f359b,412,1978-02-09T06:00:00+00:00,Imported Channel 1,37.5,ft^3/s,,,,,,,,ft,Unspecified,Unspecified,Unspecified,Unspecified,Unspecified,Unknown,Unspecified,2026-06-28T02:04:20.046987+00:00,other_method,Unspecified
05466000,POINT (-90.37749166666666 41.27224722222222),442770ea-d927-4eae-8a25-e611599f55c2,USGS-05466000,4e83df4c-bf5b-dfb9-e053-0100007fe2b5,601,2000-01-31T18:06:00+00:00,Imported Channel 1,14.0,ft^3/s,60.0,ft,24.2,ft^2,0.57,ft/s,,,Unspecified,Unspecified,Unspecified,Unspecified,Unspecified,Unknown,Ice,2026-06-28T02:04:20.046987+00:00,point_velocity,Unspecified
05466000,POINT (-90.37749166666666 41.27224722222222),44c012c9-a712-493b-8968-79a55e033859,USGS-05466000,4e83d950-b0fb-dd74-e053-0100007fb3e7,494,1986-10-20T06:00:00+00:00,Imported Channel 1,100,ft^3/s,62.0,ft,68.0,ft^2,1.47,ft/s,,,Unspecified,Unspecified,Unspecified,Unspecified,Unspecified,Unknown,Wading,2026-06-28T02:04:20.046987+00:00,point_velocity,Unspecified
05466000,POINT (-90.37749166666666 41.27224722222222),458bb674-347b-4e70-9b8f-9d591355d1e0,USGS-05466000,4e83e5d4-1cc3-e3f5-e053-0100007fe3b3,691,2012-07-19T19:35:00+00:00,Imported Channel 1,10.3,ft^3/s,35.0,ft,14.9,ft^2,0.69,ft/s,,,Unspecified,Unspecified,Unspecified,Unspecified,Unspecified,Unknown,Wading,2026-06-28T02:04:20.046987+00:00,point_velocity,Unspecified
05466000,POINT (-90.37749166666666 41.27224722222222),45ab8178-6cc9-46c7-806a-ee4c9bf2fb78,USGS-05466000,4e83d468-967b-dac8-e053-0100007f14a3,480,1985-07-17T06:00:00+00:00,Imported Channel 1,14.6,ft^3/s,40.0,ft,18.5,ft^2,0.79,ft/s,,,Unspecified,Unspecified,Unspecified,Unspecified,Unspecified,Unknown,Wading,2026-06-28T02:04:20.046987+00:00,point_velocity,Unspecified
05466000,POINT (-90.37749166666666 41.27224722222222),4648ed93-0081-4487-89bd-f692daa2a99c,USGS-05466000,4e83d4b1-083f-db58-e053-0100007f4f64,541,1992-03-11T17:55:00+00:00,Imported Channel 1,52.7,ft^3/s,66.0,ft,51.6,ft^2,1.02,ft/s,,,Unspecified,Unspecified,Unspecified,Unspecified,Unspecified,Unknown,Wading,2026-06-28T02:04:20.046987+00:00,point_velocity,Unspecified
05466000,POINT (-90.37749166666666 41.27224722222222),46eb4da6-edc1-48b0-aa10-770edc3f426f,USGS-05466000,4e83d155-ec49-d937-e053-0100007fae1c,573,1996-04-30T17:15:00+00:00,Imported Channel 1,142,ft^3/s,70.0,ft,99.3,ft^2,1.42,ft/s,,,Unspecified,Unspecified,Unspecified,Unspecified,Unspecified,Unknown,Wading,2026-06-28T02:04:20.046987+00:00,point_velocity,Unspecified
05466000,POINT (-90.37749166666666 41.27224722222222),472eab28-bfcb-4b6b-9551-1aef1cb1f4db,USGS-05466000,4e83c61a-b7d5-d2f8-e053-0100007f5179,136,1950-04-24T06:00:00+00:00,Imported Channel 1,4380,ft^3/s,,,,,,,,ft,Unspecified,Unspecified,Unspecified,Unspecified,Unspecified,Unknown,Unspecified,2026-06-28T02:04:20.046987+00:00,other_method,Unspecified
05466000,POINT (-90.37749166666666 41.27224722222222),474a357e-e1e4-4757-b942-2ed1f8a03071,USGS-05466000,7b1f3a6a-5ab8-4c8a-e053-0100007fbaab,729,2018-11-19T19:13:10+00:00,main,71.1,ft^3/s,64.5,ft,59.9,ft^2,1.19,ft/s,55.00,ft,Firm,Sand,Even,Even,Standard,Steady,Wading,2026-06-28T02:04:20.046987+00:00,point_velocity,Upstream
05466000,POINT (-90.37749166666666 41.27224722222222),477169ee-10f6-42b8-a745-435be3b0876e,USGS-05466000,4e83c2e9-4db3-d133-e053-0100007fa6ee,332,1969-10-17T06:00:00+00:00,Imported Channel 1,171,ft^3/s,,,,,,,,ft,Unspecified,Unspecified,Unspecified,Unspecified,Unspecified,Unknown,Unspecified,2026-06-28T02:04:20.046987+00:00,other_method,Unspecified
05466000,POINT (-90.37749166666666 41.27224722222222),47d91666-311a-4eb4-9cdc-fed13c68f876,USGS-05466000,4e83d91f-b7b8-dd76-e053-0100007f8662,495,1986-12-09T06:00:00+00:00,Imported Channel 1,227,ft^3/s,67.0,ft,124,ft^2,1.84,ft/s,,,Unspecified,Unspecified,Unspecified,Unspecified,Unspecified,Unknown,Wading,2026-06-28T02:04:20.046987+00:00,point_velocity,Unspecified
05466000,POINT (-90.37749166666666 41.27224722222222),485e4b72-64db-4cce-919f-7715221ec0a8,USGS-05466000,3efc39a1-9c0b-4cc0-9c6b-44b5f3393d56,758,2023-07-06T16:47:02+00:00,main,102,ft^3/s,65.8,ft,69.5,ft^2,1.47,ft/s,0.00,ft,Firm,Sand,Even,Even,Standard,Steady,BridgeDownstreamSide,2026-06-28T02:04:20.046987+00:00,adcp,AtTheGage
05466000,POINT (-90.37749166666666 41.27224722222222),491d48ab-4160-4504-8941-338f347bac45,USGS-05466000,4e83df47-a45b-e08e-e053-0100007fe15a,711,2015-12-14T18:46:32+00:00,main,915,ft^3/s,77.2,ft,365,ft^2,2.51,ft/s,25.00,ft,Firm,Sand,Even,Even,Standard,Unknown,BridgeDownstreamSide,2026-06-28T02:04:20.046987+00:00,adcp,Downstream
05466000,POINT (-90.37749166666666 41.27224722222222),496e685c-94a6-4692-af05-cfc15080c1b7,USGS-05466000,4e83b73a-dd20-cbe5-e053-0100007fe411,383,1974-12-02T06:00:00+00:00,Imported Channel 1,9.28,ft^3/s,,,,,,,,ft,Unspecified,Unspecified,Unspecified,Unspecified,Unspecified,Unknown,Unspecified,2026-06-28T02:04:20.046987+00:00,other_method,Unspecified
05466000,POINT (-90.37749166666666 41.27224722222222),499ecbbe-7a10-4951-8fa8-00a15f8088d0,USGS-05466000,4e83b846-f33f-cc6f-e053-0100007fb3c0,339,1970-07-08T06:00:00+00:00,Imported Channel 1,73.1,ft^3/s,,,,,,,,ft,Unspecified,Unspecified,Unspecified,Unspecified,Unspecified,Unknown,Unspecified,2026-06-28T02:04:20.046987+00:00,other_method,Unspecified
05466000,POINT (-90.37749166666666 41.27224722222222),49c5a7a3-a1b1-4f66-9184-d807f5936415,USGS-05466000,4e83c8f8-6f69-d557-e053-0100007fad8f,550,1993-06-04T18:45:00+00:00,Imported Channel 1,113,ft^3/s,65.0,ft,77.8,ft^2,1.45,ft/s,,,Unspecified,Unspecified,Unspecified,Unspecified,Unspecified,Unknown,BridgeCrane,2026-06-28T02:04:20.046987+00:00,point_velocity,Unspecified
05466000,POINT (-90.37749166666666 41.27224722222222),4ad78e50-b23d-4f81-a81d-60fff8b5d346,USGS-05466000,4e83cdba-e291-d748-e053-0100007f61db,483,1985-11-20T06:00:00+00:00,Imported Channel 1,460,ft^3/s,69.0,ft,225,ft^2,2.04,ft/s,,,Unspecified,Unspecified,Unspecified,Unspecified,Unspecified,Unknown,BridgeCrane,2026-06-28T02:04:20.046987+00:00,point_velocity,Unspecified
05466000,POINT (-90.37749166666666 41.27224722222222),4bba94bc-85bf-4a98-a2b8-d7424b0b9b62,USGS-05466000,4e83c55d-dc66-d29e-e053-0100007f9603,529,1990-06-22T17:05:00+00:00,Imported Channel 1,789,ft^3/s,69.0,ft,303,ft^2,2.60,ft/s,,,Unspecified,Unspecified,Unspecified,Unspecified,Unspecified,Unknown,BridgeCrane,2026-06-28T02:04:20.046987+00:00,point_velocity,Unspecified
05466000,POINT (-90.37749166666666 41.27224722222222),4cc875c4-0319-4055-9164-3fe743df7dba,USGS-05466000,4e83e34e-99d8-e0c0-e053-0100007f5e60,654,2006-12-14T15:47:00+00:00,Imported Channel 1,274,ft^3/s,69.0,ft,149,ft^2,1.84,ft/s,,,Unspecified,Unspecified,Unspecified,Unspecified,Unspecified,Unknown,Wading,2026-06-28T02:04:20.046987+00:00,point_velocity,Unspecified
05466000,POINT (-90.37749166666666 41.27224722222222),4e133108-4fe2-4090-87c7-e8345f658636,USGS-05466000,4e83d4bf-09a2-dace-e053-0100007f0e4e,498,1987-04-22T06:00:00+00:00,Imported Channel 1,86.6,ft^3/s,64.0,ft,64.0,ft^2,1.35,ft/s,,,Unspecified,Unspecified,Unspecified,Unspecified,Unspecified,Unknown,Wading,2026-06-28T02:04:20.046987+00:00,point_velocity,Unspecified
05466000,POINT (-90.37749166666666 41.27224722222222),4ec183fa-4d5d-4305-b3af-8e6cfa1e3786,USGS-05466000,4e83d94b-c2f2-dcf4-e053-0100007f1e37,481,1985-08-19T06:00:00+00:00,Imported Channel 1,5.88,ft^3/s,20.0,ft,12.2,ft^2,0.48,ft/s,,,Unspecified,Unspecified,Unspecified,Unspecified,Unspecified,Unknown,Wading,2026-06-28T02:04:20.046987+00:00,point_velocity,Unspecified
05466000,POINT (-90.37749166666666 41.27224722222222),4ef1b132-5768-4abf-b503-9a914c38913b,USGS-05466000,4e83c29f-7c19-d171-e053-0100007f2cee,374,1973-11-12T06:00:00+00:00,Imported Channel 1,38.2,ft^3/s,,,,,,,,ft,Unspecified,Unspecified,Unspecified,Unspecified,Unspecified,Unknown,Unspecified,2026-06-28T02:04:20.046987+00:00,other_method,Unspecified
05466000,POINT (-90.37749166666666 41.27224722222222),4efbb3ee-9709-4e2f-899b-4001d20888ff,USGS-05466000,5827336d-5c0c-7248-e053-0100007fe8e4,722,2017-08-30T18:00:43+00:00,main,19.4,ft^3/s,60.0,ft,23.8,ft^2,0.81,ft/s,55.00,ft,Soft,Sand,Even,Even,Standard,Steady,Wading,2026-06-28T02:04:20.046987+00:00,point_velocity,Upstream
05466000,POINT (-90.37749166666666 41.27224722222222),4f78768b-4232-4d3d-825b-5d5bce409c8e,USGS-05466000,4e83c988-4bb7-d29a-e053-0100007fe06c,422,1979-02-13T06:00:00+00:00,Imported Channel 1,19.1,ft^3/s,,,,,,,,ft,Unspecified,Unspecified,Unspecified,Unspecified,Unspecified,Unknown,Unspecified,2026-06-28T02:04:20.046987+00:00,other_method,Unspecified
05466000,POINT (-90.37749166666666 41.27224722222222),4fccf68e-28b2-4bc1-8eec-673f1a8b01a8,USGS-05466000,4e83bef6-ced3-cf33-e053-0100007f2ecf,384,1975-01-07T06:00:00+00:00,Imported Channel 1,18.1,ft^3/s,,,,,,,,ft,Unspecified,Unspecified,Unspecified,Unspecified,Unspecified,Unknown,Unspecified,2026-06-28T02:04:20.046987+00:00,other_method,Unspecified
05466000,POINT (-90.37749166666666 41.27224722222222),504d5d48-7b25-4e64-80ea-2b44b0f8e0ca,USGS-05466000,4e83c88f-470c-d4a1-e053-0100007f075f,638,2004-03-25T20:50:00+00:00,Imported Channel 1,83.5,ft^3/s,70.0,ft,64.2,ft^2,1.30,ft/s,,,Unspecified,Unspecified,Unspecified,Unspecified,Unspecified,Unknown,Wading,2026-06-28T02:04:20.046987+00:00,point_velocity,Unspecified
05466000,POINT (-90.37749166666666 41.27224722222222),51953a9b-0658-49d2-8a1a-2ac9c768e40c,USGS-05466000,4e83c364-f035-d11d-e053-0100007f3742,488,1986-05-14T06:00:00+00:00,Imported Channel 1,33.0,ft^3/s,40.0,ft,32.9,ft^2,1.00,ft/s,,,Unspecified,Unspecified,Unspecified,Unspecified,Unspecified,Unknown,Wading,2026-06-28T02:04:20.046987+00:00,point_velocity,Unspecified
05466000,POINT (-90.37749166666666 41.27224722222222),51f7317d-b68e-4f35-9e7d-43ec09d6ca75,USGS-05466000,4e83b429-a698-c9e9-e053-0100007f3898,614,2001-06-06T19:45:00+00:00,Imported Channel 1,3240,ft^3/s,246,ft,1230,ft^2,2.63,ft/s,,,Unspecified,Unspecified,Unspecified,Unspecified,Unspecified,Unknown,BridgeCrane,2026-06-28T02:04:20.046987+00:00,point_velocity,Unspecified
05466000,POINT (-90.37749166666666 41.27224722222222),5238eb8c-e21c-4c2b-8ce8-e67cf9aa6e75,USGS-05466000,58ec7a7d-951b-4e3b-bc70-99658f2130e9,760,2023-11-20T18:18:01+00:00,760,19.9,ft^3/s,44.0,ft,23.0,ft^2,0.87,ft/s,75.00,ft,Firm,Sand,Even,Even,Standard,Steady,Wading,2026-06-28T02:04:20.046987+00:00,point_velocity,Upstream
05466000,POINT (-90.37749166666666 41.27224722222222),54005d22-f0c2-4adc-b7fe-469ae8db1c8a,USGS-05466000,4e83de4b-3570-e068-e053-0100007ff91f,710,2015-10-08T12:41:00+00:00,main,16.6,ft^3/s,54.0,ft,20.9,ft^2,0.79,ft/s,180.00,ft,Firm,Sand,Even,Even,Standard,Unknown,Wading,2026-06-28T02:04:20.046987+00:00,point_velocity,Downstream
05466000,POINT (-90.37749166666666 41.27224722222222),54444e9d-21b3-447f-9c8f-f444ddbe252e,USGS-05466000,7846d828-9781-42b7-e053-0100007f25b7,728,2018-10-11T18:38:18+00:00,main,209,ft^3/s,67.3,ft,110,ft^2,1.90,ft/s,0.00,ft,Soft,Sand,Even,Even,Standard,Steady,BridgeDownstreamSide,2026-06-28T02:04:20.046987+00:00,adcp,AtTheGage
05466000,POINT (-90.37749166666666 41.27224722222222),54c1dc54-b770-4e8d-acf0-94c25feaac0b,USGS-05466000,87857a58-36e0-4204-af1a-066d062c309a,763,2024-05-28T16:49:15+00:00,main,166,ft^3/s,70.1,ft,100,ft^2,1.66,ft/s,0.00,ft,Firm,Sand,Even,Even,Standard,Steady,BridgeDownstreamSide,2026-06-28T02:04:20.046987+00:00,adcp,AtTheGage
05466000,POINT (-90.37749166666666 41.27224722222222),557b03d6-86a6-4007-a069-cb5a52520196,USGS-05466000,4e83bb68-2fe9-cdad-e053-0100007f359b,411,1978-01-18T06:00:00+00:00,Imported Channel 1,47.1,ft^3/s,,,,,,,,ft,Unspecified,Unspecified,Unspecified,Unspecified,Unspecified,Unknown,Unspecified,2026-06-28T02:04:20.046987+00:00,other_method,Unspecified
05466000,POINT (-90.37749166666666 41.27224722222222),56c085ea-a0e9-4d04-99c0-7d2d23dbadab,USGS-05466000,4e83daac-ebec-dcc4-e053-0100007f0936,558,1994-08-22T21:10:00+00:00,Imported Channel 1,7.82,ft^3/s,41.0,ft,13.7,ft^2,0.57,ft/s,,,Unspecified,Unspecified,Unspecified,Unspecified,Unspecified,Unknown,Wading,2026-06-28T02:04:20.046987+00:00,point_velocity,Unspecified
05466000,POINT (-90.37749166666666 41.27224722222222),5765af33-7bf5-4fc8-87f1-b4111d7cf1d4,USGS-05466000,4e83be1c-5057-cf0b-e053-0100007fb1fe,466,1983-12-01T06:00:00+00:00,Imported Channel 1,31.7,ft^3/s,67.0,ft,47.0,ft^2,0.67,ft/s,,,Unspecified,Unspecified,Unspecified,Unspecified,Unspecified,Unknown,Wading,2026-06-28T02:04:20.046987+00:00,point_velocity,Unspecified
05466000,POINT (-90.37749166666666 41.27224722222222),579262bc-3cc1-4d93-9c22-1d901ad6df54,USGS-05466000,4e83bfc4-507a-d016-e053-0100007f6c77,364,1972-11-27T06:00:00+00:00,Imported Channel 1,106,ft^3/s,,,,,,,,ft,Unspecified,Unspecified,Unspecified,Unspecified,Unspecified,Unknown,Unspecified,2026-06-28T02:04:20.046987+00:00,other_method,Unspecified
05466000,POINT (-90.37749166666666 41.27224722222222),57e6fa6f-c440-4f51-9f0a-3d43098725f7,USGS-05466000,4e83e300-4eb8-e2f5-e053-0100007f5c87,609,2001-01-10T15:15:00+00:00,Imported Channel 1,16.4,ft^3/s,64.0,ft,30.7,ft^2,0.53,ft/s,,,Unspecified,Unspecified,Unspecified,Unspecified,Unspecified,Unknown,Ice,2026-06-28T02:04:20.046987+00:00,point_velocity,Unspecified
05466000,POINT (-90.37749166666666 41.27224722222222),5821044a-8022-483b-9398-6a49085a4f2d,USGS-05466000,4e83d91f-b7be-dd76-e053-0100007f8662,567,1995-12-12T19:00:00+00:00,Imported Channel 1,32.3,ft^3/s,55.0,ft,36.4,ft^2,0.89,ft/s,,,Unspecified,Unspecified,Unspecified,Unspecified,Unspecified,Unknown,Ice,2026-06-28T02:04:20.046987+00:00,point_velocity,Unspecified
05466000,POINT (-90.37749166666666 41.27224722222222),58438d78-8f21-41e8-afc6-900199f0cb6d,USGS-05466000,4e83be1c-5047-cf0b-e053-0100007fb1fe,347,1971-03-18T06:00:00+00:00,Imported Channel 1,120,ft^3/s,,,,,,,,ft,Unspecified,Unspecified,Unspecified,Unspecified,Unspecified,Unknown,Unspecified,2026-06-28T02:04:20.046987+00:00,other_method,Unspecified
05466000,POINT (-90.37749166666666 41.27224722222222),58adf6d6-27f8-4caa-ba0b-923f03bb7ab5,USGS-05466000,4e83d155-ec4d-d937-e053-0100007fae1c,584,1997-10-15T16:46:00+00:00,Imported Channel 1,16.4,ft^3/s,30.0,ft,18.7,ft^2,0.88,ft/s,,,Unspecified,Unspecified,Unspecified,Unspecified,Unspecified,Unknown,Wading,2026-06-28T02:04:20.046987+00:00,point_velocity,Unspecified
05466000,POINT (-90.37749166666666 41.27224722222222),5a5a4862-a268-424c-8b65-39668502c694,USGS-05466000,4e83c621-5808-d2fa-e053-0100007fb4ea,497,1987-03-04T06:00:00+00:00,Imported Channel 1,64.3,ft^3/s,64.0,ft,61.3,ft^2,1.05,ft/s,,,Unspecified,Unspecified,Unspecified,Unspecified,Unspecified,Unknown,Wading,2026-06-28T02:04:20.046987+00:00,point_velocity,Unspecified
05466000,POINT (-90.37749166666666 41.27224722222222),5a6a4e47-ec16-45b5-963c-0b5e1edb2281,USGS-05466000,4e83d94b-c313-dcf4-e053-0100007f1e37,681,2010-12-07T15:13:00+00:00,Imported Channel 1,40.0,ft^3/s,69.0,ft,45.0,ft^2,0.89,ft/s,,,Unspecified,Unspecified,Unspecified,Unspecified,Unspecified,Unknown,Ice,2026-06-28T02:04:20.046987+00:00,point_velocity,Unspecified
05466000,POINT (-90.37749166666666 41.27224722222222),5b718553-107d-422f-82c2-bf7ed1cd25e3,USGS-05466000,4e83c315-431e-d135-e053-0100007fd981,392,1975-12-01T06:00:00+00:00,Imported Channel 1,41.0,ft^3/s,,,,,,,,ft,Unspecified,Unspecified,Unspecified,Unspecified,Unspecified,Unknown,Unspecified,2026-06-28T02:04:20.046987+00:00,other_method,Unspecified
05466000,POINT (-90.37749166666666 41.27224722222222),5b988749-e046-4980-9d55-089659196721,USGS-05466000,4e83d454-fec6-db13-e053-0100007fc2e6,509,1988-06-01T20:30:00+00:00,Imported Channel 1,36.0,ft^3/s,50.0,ft,38.0,ft^2,0.98,ft/s,,,Unspecified,Unspecified,Unspecified,Unspecified,Unspecified,Unknown,Wading,2026-06-28T02:04:20.046987+00:00,point_velocity,Unspecified
05466000,POINT (-90.37749166666666 41.27224722222222),5bcc0a7d-c475-43c1-88d3-0a1c6c4663ef,USGS-05466000,4e83c91a-660f-d575-e053-0100007fdd5e,452,1982-06-15T06:00:00+00:00,Imported Channel 1,99.5,ft^3/s,72.0,ft,75.0,ft^2,1.33,ft/s,,,Unspecified,Unspecified,Unspecified,Unspecified,Unspecified,Unknown,Wading,2026-06-28T02:04:20.046987+00:00,point_velocity,Unspecified
05466000,POINT (-90.37749166666666 41.27224722222222),5c062190-3e1c-4f94-8792-611a202e91ba,USGS-05466000,59853902-4770-4450-8ef5-d568a408d2ec,741,2020-07-10T17:24:48+00:00,main,64.3,ft^3/s,68.6,ft,54.9,ft^2,1.17,ft/s,0.00,ft,Firm,Sand,Even,Even,Standard,Steady,BridgeDownstreamSide,2026-06-28T02:04:20.046987+00:00,adcp,AtTheGage
05466000,POINT (-90.37749166666666 41.27224722222222),5c0aa750-f47b-42f6-b723-d1791f1abf56,USGS-05466000,4e83d6ec-ac85-db17-e053-0100007f1843,698,2013-07-17T20:37:00+00:00,05466000,65.5,ft^3/s,72.0,ft,55.7,ft^2,1.18,ft/s,,,Unspecified,Sand,Unspecified,Unspecified,Unspecified,Unknown,Wading,2026-06-28T02:04:20.046987+00:00,point_velocity,AtTheGage
05466000,POINT (-90.37749166666666 41.27224722222222),5c461694-325e-4b31-9d38-0ada36c2ae2a,USGS-05466000,4e83c29f-7c27-d171-e053-0100007f2cee,499,1987-05-27T06:00:00+00:00,Imported Channel 1,74.8,ft^3/s,68.0,ft,61.6,ft^2,1.21,ft/s,,,Unspecified,Unspecified,Unspecified,Unspecified,Unspecified,Unknown,Wading,2026-06-28T02:04:20.046987+00:00,point_velocity,Unspecified
05466000,POINT (-90.37749166666666 41.27224722222222),5cc0a323-3839-492a-84a6-9ec39289236c,USGS-05466000,c5cc0df8-4873-4f18-9fd1-15332e56cc92,754,2022-10-04T17:09:44+00:00,main,13.1,ft^3/s,51.0,ft,14.6,ft^2,0.90,ft/s,0.00,ft,Firm,Sand,Even,Even,Standard,Steady,Wading,2026-06-28T02:04:20.046987+00:00,point_velocity,AtTheGage
05466000,POINT (-90.37749166666666 41.27224722222222),5dc9852b-112b-440a-96c2-6e26d5c35dc6,USGS-05466000,4e83c87f-b06d-d49f-e053-0100007fbcf7,656,2007-03-15T14:43:00+00:00,Imported Channel 1,115,ft^3/s,60.5,ft,70.6,ft^2,1.62,ft/s,,,Unspecified,Unspecified,Unspecified,Unspecified,Unspecified,Unknown,Wading,2026-06-28T02:04:20.046987+00:00,point_velocity,Unspecified
05466000,POINT (-90.37749166666666 41.27224722222222),5ded3415-816d-4b00-b48b-f1ae0ed558a0,USGS-05466000,4e83d47d-3093-db01-e053-0100007f3fdc,525,1989-12-27T19:05:00+00:00,Imported Channel 1,7.04,ft^3/s,50.0,ft,13.6,ft^2,0.51,ft/s,,,Unspecified,Unspecified,Unspecified,Unspecified,Unspecified,Unknown,Ice,2026-06-28T02:04:20.046987+00:00,point_velocity,Unspecified
05466000,POINT (-90.37749166666666 41.27224722222222),5f619f26-526b-4364-8bdc-2099e60e6aac,USGS-05466000,4e83cd0a-c4ae-d75c-e053-0100007f2659,425,1979-05-11T06:00:00+00:00,Imported Channel 1,1040,ft^3/s,,,,,,,,ft,Unspecified,Unspecified,Unspecified,Unspecified,Unspecified,Unknown,Unspecified,2026-06-28T02:04:20.046987+00:00,other_method,Unspecified
05466000,POINT (-90.37749166666666 41.27224722222222),6159942b-188e-461a-9bca-3bb2edd70a2c,USGS-05466000,4e83ccc4-60bf-d75e-e053-0100007f0fce,647,2005-07-14T16:18:00+00:00,Imported Channel 1,16.2,ft^3/s,63.5,ft,20.6,ft^2,0.80,ft/s,,,Unspecified,Unspecified,Unspecified,Unspecified,Unspecified,Unknown,Wading,2026-06-28T02:04:20.046987+00:00,point_velocity,Unspecified
05466000,POINT (-90.37749166666666 41.27224722222222),6200ebc4-06de-4b2c-baf4-54f2f188822f,USGS-05466000,4e83edc0-1fec-e852-e053-0100007f5364,708,2015-06-30T16:26:09+00:00,main,1030,ft^3/s,72.7,ft,386,ft^2,2.67,ft/s,25.00,ft,Firm,Gravel,Even,Even,Standard,Unknown,BridgeDownstreamSide,2026-06-28T02:04:20.046987+00:00,adcp,Downstream
05466000,POINT (-90.37749166666666 41.27224722222222),62363eff-cfc8-434f-9317-4b39e14e4949,USGS-05466000,4e83e064-03e7-e064-e053-0100007fb6d4,598,1999-10-13T17:52:00+00:00,Imported Channel 1,12.6,ft^3/s,46.0,ft,21.4,ft^2,0.59,ft/s,,,Unspecified,Unspecified,Unspecified,Unspecified,Unspecified,Unknown,Wading,2026-06-28T02:04:20.046987+00:00,point_velocity,Unspecified
05466000,POINT (-90.37749166666666 41.27224722222222),626d187e-e67c-47b5-a5a7-f4f121bb309a,USGS-05466000,4e83bfc4-5086-d016-e053-0100007f6c77,517,1989-02-14T16:50:00+00:00,Imported Channel 1,3.65,ft^3/s,36.0,ft,9.45,ft^2,0.39,ft/s,,,Unspecified,Unspecified,Unspecified,Unspecified,Unspecified,Unknown,Ice,2026-06-28T02:04:20.046987+00:00,point_velocity,Unspecified
05466000,POINT (-90.37749166666666 41.27224722222222),631efed7-fa3d-4ea5-9d20-74c25fd8e692,USGS-05466000,4e83be1c-505a-cf0b-e053-0100007fb1fe,493,1986-09-15T06:00:00+00:00,Imported Channel 1,12.3,ft^3/s,23.5,ft,29.0,ft^2,0.84,ft/s,,,Unspecified,Unspecified,Unspecified,Unspecified,Unspecified,Unknown,Wading,2026-06-28T02:04:20.046987+00:00,point_velocity,Unspecified
05466000,POINT (-90.37749166666666 41.27224722222222),63ff7d43-e3f2-4890-92d9-452062a9c397,USGS-05466000,4e83c925-0734-d2d4-e053-0100007f747d,335,1970-03-16T06:00:00+00:00,Imported Channel 1,32.8,ft^3/s,,,,,,,,ft,Unspecified,Unspecified,Unspecified,Unspecified,Unspecified,Unknown,Unspecified,2026-06-28T02:04:20.046987+00:00,other_method,Unspecified
05466000,POINT (-90.37749166666666 41.27224722222222),646e7347-9da6-4c94-a2f6-69925ad4aded,USGS-05466000,4e83d4a3-b7fa-db5c-e053-0100007f3cad,394,1976-02-25T06:00:00+00:00,Imported Channel 1,58.9,ft^3/s,,,,,,,,ft,Unspecified,Unspecified,Unspecified,Unspecified,Unspecified,Unknown,Unspecified,2026-06-28T02:04:20.046987+00:00,other_method,Unspecified
05466000,POINT (-90.37749166666666 41.27224722222222),65397243-fa5a-4c9d-b9eb-ded16d14e25a,USGS-05466000,4e83bf2e-6e3b-cfa6-e053-0100007f07e8,357,1972-03-27T06:00:00+00:00,Imported Channel 1,59.4,ft^3/s,,,,,,,,ft,Unspecified,Unspecified,Unspecified,Unspecified,Unspecified,Unknown,Unspecified,2026-06-28T02:04:20.046987+00:00,other_method,Unspecified
05466000,POINT (-90.37749166666666 41.27224722222222),65eb8253-e5b8-4ec7-99e8-cf7f69731b5c,USGS-05466000,4e83d17c-6951-d91b-e053-0100007f9698,606,2000-10-03T19:55:00+00:00,Imported Channel 1,17.4,ft^3/s,47.0,ft,22.0,ft^2,0.79,ft/s,,,Unspecified,Unspecified,Unspecified,Unspecified,Unspecified,Unknown,Wading,2026-06-28T02:04:20.046987+00:00,point_velocity,Unspecified
05466000,POINT (-90.37749166666666 41.27224722222222),65f9c172-2894-46f4-9121-64b9a7b9a4c0,USGS-05466000,4e83dc3b-6b80-de95-e053-0100007fc591,660,2007-12-11T20:42:00+00:00,Imported Channel 1,46.4,ft^3/s,56.0,ft,50.1,ft^2,0.92,ft/s,,,Unspecified,Unspecified,Unspecified,Unspecified,Unspecified,Unknown,Wading,2026-06-28T02:04:20.046987+00:00,point_velocity,Unspecified
05466000,POINT (-90.37749166666666 41.27224722222222),66239bc2-6245-484a-ad8f-6f1ef67e03cd,USGS-05466000,4e83c6ef-9f96-d2a8-e053-0100007fa926,531,1990-10-16T15:30:00+00:00,Imported Channel 1,17.6,ft^3/s,53.0,ft,20.0,ft^2,0.88,ft/s,,,Unspecified,Unspecified,Unspecified,Unspecified,Unspecified,Unknown,Wading,2026-06-28T02:04:20.046987+00:00,point_velocity,Unspecified
05466000,POINT (-90.37749166666666 41.27224722222222),663ecb7a-f38e-4212-9581-6c0e4361812b,USGS-05466000,4e83cddb-fdfe-d75a-e053-0100007fbc8d,366,1973-02-13T06:00:00+00:00,Imported Channel 1,94.4,ft^3/s,,,,,,,,ft,Unspecified,Unspecified,Unspecified,Unspecified,Unspecified,Unknown,Unspecified,2026-06-28T02:04:20.046987+00:00,other_method,Unspecified
05466000,POINT (-90.37749166666666 41.27224722222222),66ac4200-4221-420b-b52a-51ab780cce0d,USGS-05466000,4e83b59d-3a1e-cad0-e053-0100007f5ebb,322,1969-01-10T06:00:00+00:00,Imported Channel 1,4.71,ft^3/s,,,,,,,,ft,Unspecified,Unspecified,Unspecified,Unspecified,Unspecified,Unknown,Unspecified,2026-06-28T02:04:20.046987+00:00,other_method,Unspecified
05466000,POINT (-90.37749166666666 41.27224722222222),694613b5-9538-4b02-8453-529b26acf212,USGS-05466000,4e83c441-a4e3-d119-e053-0100007f406c,352,1971-08-10T06:00:00+00:00,Imported Channel 1,5.99,ft^3/s,,,,,,,,ft,Unspecified,Unspecified,Unspecified,Unspecified,Unspecified,Unknown,Unspecified,2026-06-28T02:04:20.046987+00:00,other_method,Unspecified
05466000,POINT (-90.37749166666666 41.27224722222222),6973e796-31b7-4225-be48-b63f23a8a7ca,USGS-05466000,4e83c315-431a-d135-e053-0100007fd981,361,1972-08-15T06:00:00+00:00,Imported Channel 1,99.6,ft^3/s,,,,,,,,ft,Unspecified,Unspecified,Unspecified,Unspecified,Unspecified,Unknown,Unspecified,2026-06-28T02:04:20.046987+00:00,other_method,Unspecified
05466000,POINT (-90.37749166666666 41.27224722222222),69846c60-4042-4a21-947b-83d8b862809f,USGS-05466000,4e83d7df-684b-dcba-e053-0100007fa7f6,518,1989-03-28T14:40:00+00:00,Imported Channel 1,11.0,ft^3/s,29.0,ft,10.0,ft^2,1.10,ft/s,,,Unspecified,Unspecified,Unspecified,Unspecified,Unspecified,Unknown,Wading,2026-06-28T02:04:20.046987+00:00,point_velocity,Unspecified
05466000,POINT (-90.37749166666666 41.27224722222222),6b80dd27-f53e-4a23-8ad4-f88d736fc16c,USGS-05466000,4e83d17c-6948-d91b-e053-0100007f9698,511,1988-07-29T17:45:00+00:00,Imported Channel 1,3.47,ft^3/s,24.0,ft,6.09,ft^2,0.57,ft/s,,,Unspecified,Unspecified,Unspecified,Unspecified,Unspecified,Unknown,Wading,2026-06-28T02:04:20.046987+00:00,point_velocity,Unspecified
05466000,POINT (-90.37749166666666 41.27224722222222),6b98e76c-ca26-4c05-869c-104c9dc44ad1,USGS-05466000,4e83d431-0af9-daec-e053-0100007f53a7,390,1975-09-02T06:00:00+00:00,Imported Channel 1,22.7,ft^3/s,,,,,,,,ft,Unspecified,Unspecified,Unspecified,Unspecified,Unspecified,Unknown,Unspecified,2026-06-28T02:04:20.046987+00:00,other_method,Unspecified
05466000,POINT (-90.37749166666666 41.27224722222222),6bc0279c-d45e-4322-b1f9-29e43253a740,USGS-05466000,4e83d957-9120-dd78-e053-0100007f9387,624,2002-08-07T20:26:00+00:00,Imported Channel 1,25.2,ft^3/s,61.0,ft,24.4,ft^2,1.03,ft/s,,,Unspecified,Unspecified,Unspecified,Unspecified,Unspecified,Unknown,Wading,2026-06-28T02:04:20.046987+00:00,point_velocity,Unspecified
05466000,POINT (-90.37749166666666 41.27224722222222),6bde276b-838e-404a-9068-7cdb9da9f5aa,USGS-05466000,4e83d7d8-2bc9-dce6-e053-0100007fbd7f,668,2009-02-27T19:06:00+00:00,Imported Channel 1,2180,ft^3/s,89.3,ft,659,ft^2,3.31,ft/s,,ft,Unspecified,Unspecified,Unspecified,Unspecified,Unspecified,Unknown,BridgeDownstreamSide,2026-06-28T02:04:20.046987+00:00,adcp,Unspecified
05466000,POINT (-90.37749166666666 41.27224722222222),6be55ab0-1499-4fe8-aeec-6b53b9149624,USGS-05466000,4e83bb68-2ffa-cdad-e053-0100007f359b,448,1981-12-01T06:00:00+00:00,Imported Channel 1,134,ft^3/s,69.0,ft,98.7,ft^2,1.36,ft/s,,,Unspecified,Unspecified,Unspecified,Unspecified,Unspecified,Unknown,Wading,2026-06-28T02:04:20.046987+00:00,point_velocity,Unspecified
05466000,POINT (-90.37749166666666 41.27224722222222),6c21fd29-fcb6-4003-8ca1-17f5f6053e62,USGS-05466000,4e83ccc4-609c-d75e-e053-0100007f0fce,428,1979-09-11T06:00:00+00:00,Imported Channel 1,12.4,ft^3/s,,,,,,,,ft,Unspecified,Unspecified,Unspecified,Unspecified,Unspecified,Unknown,Unspecified,2026-06-28T02:04:20.046987+00:00,other_method,Unspecified
05466000,POINT (-90.37749166666666 41.27224722222222),6c5a73d5-804b-496a-a7e9-5c0fcb7b8685,USGS-05466000,4e83c992-fa91-d577-e053-0100007f536e,451,1982-04-20T06:00:00+00:00,Imported Channel 1,338,ft^3/s,68.0,ft,151,ft^2,2.24,ft/s,,,Unspecified,Unspecified,Unspecified,Unspecified,Unspecified,Unknown,Cableway,2026-06-28T02:04:20.046987+00:00,point_velocity,Unspecified
05466000,POINT (-90.37749166666666 41.27224722222222),6c6ab19b-807a-473f-a81c-6fe601bae67d,USGS-05466000,4e83de0d-617a-dfb7-e053-0100007ff20d,564,1995-08-31T14:20:00+00:00,Imported Channel 1,30.6,ft^3/s,61.0,ft,27.6,ft^2,1.11,ft/s,,,Unspecified,Unspecified,Unspecified,Unspecified,Unspecified,Unknown,Wading,2026-06-28T02:04:20.046987+00:00,point_velocity,Unspecified
05466000,POINT (-90.37749166666666 41.27224722222222),6d97ef63-8f54-4157-baa7-54b576c3049d,USGS-05466000,4e83d47d-309d-db01-e053-0100007f3fdc,562,1995-04-21T15:00:00+00:00,Imported Channel 1,282,ft^3/s,65.0,ft,140,ft^2,2.01,ft/s,,,Unspecified,Unspecified,Unspecified,Unspecified,Unspecified,Unknown,Wading,2026-06-28T02:04:20.046987+00:00,point_velocity,Unspecified
05466000,POINT (-90.37749166666666 41.27224722222222),6db241cf-7d41-445a-bf97-6819cd76ce9e,USGS-05466000,4e83c797-e450-d431-e053-0100007f0410,372,1973-09-18T06:00:00+00:00,Imported Channel 1,34.0,ft^3/s,,,,,,,,ft,Unspecified,Unspecified,Unspecified,Unspecified,Unspecified,Unknown,Unspecified,2026-06-28T02:04:20.046987+00:00,other_method,Unspecified
05466000,POINT (-90.37749166666666 41.27224722222222),6e3bb90f-4453-4f21-93e0-591339263ab9,USGS-05466000,4e83cddb-fe25-d75a-e053-0100007fbc8d,651,2006-05-17T13:50:00+00:00,Imported Channel 1,97.6,ft^3/s,67.0,ft,72.0,ft^2,1.34,ft/s,,,Unspecified,Unspecified,Unspecified,Unspecified,Unspecified,Unknown,Wading,2026-06-28T02:04:20.046987+00:00,point_velocity,Unspecified
05466000,POINT (-90.37749166666666 41.27224722222222),70186bea-a52b-4e68-9844-db1e8bb28df0,USGS-05466000,4e83d425-7828-dae6-e053-0100007f0330,387,1975-05-01T06:00:00+00:00,Imported Channel 1,137,ft^3/s,,,,,,,,ft,Unspecified,Unspecified,Unspecified,Unspecified,Unspecified,Unknown,Unspecified,2026-06-28T02:04:20.046987+00:00,other_method,Unspecified
05466000,POINT (-90.37749166666666 41.27224722222222),70326204-6efb-487c-be3a-40c19e563a05,USGS-05466000,4e83bf11-88bc-cf13-e053-0100007fa647,484,1986-01-06T06:00:00+00:00,Imported Channel 1,50.2,ft^3/s,72.0,ft,60.9,ft^2,0.87,ft/s,,,Unspecified,Unspecified,Unspecified,Unspecified,Unspecified,Unknown,Ice,2026-06-28T02:04:20.046987+00:00,point_velocity,Unspecified
05466000,POINT (-90.37749166666666 41.27224722222222),716449b0-f3ee-4caf-b2dd-3f084dc73594,USGS-05466000,4e83cddb-fdff-d75a-e053-0100007fbc8d,369,1973-06-07T06:00:00+00:00,Imported Channel 1,206,ft^3/s,,,,,,,,ft,Unspecified,Unspecified,Unspecified,Unspecified,Unspecified,Unknown,Unspecified,2026-06-28T02:04:20.046987+00:00,other_method,Unspecified
05466000,POINT (-90.37749166666666 41.27224722222222),734080dd-7270-4818-b14d-2b3418a15af2,USGS-05466000,4e83d49e-ffd8-db15-e053-0100007f753e,419,1978-10-12T06:00:00+00:00,Imported Channel 1,10.7,ft^3/s,,,,,,,,ft,Unspecified,Unspecified,Unspecified,Unspecified,Unspecified,Unknown,Unspecified,2026-06-28T02:04:20.046987+00:00,other_method,Unspecified
05466000,POINT (-90.37749166666666 41.27224722222222),734f89a8-8b13-4101-a54c-b7feb04aa25a,USGS-05466000,4e83d515-3e76-db80-e053-0100007fa0f3,433,1980-03-21T06:00:00+00:00,Imported Channel 1,75.8,ft^3/s,,,,,,,,ft,Unspecified,Unspecified,Unspecified,Unspecified,Unspecified,Unknown,Unspecified,2026-06-28T02:04:20.046987+00:00,other_method,Unspecified
05466000,POINT (-90.37749166666666 41.27224722222222),74136edd-b140-4117-ac3d-dbb56e0bf594,USGS-05466000,13955b22-1435-4dde-8f91-4314bfa22e22,739,2020-03-16T17:16:53+00:00,main,127,ft^3/s,70.8,ft,77.6,ft^2,1.64,ft/s,0.00,ft,Firm,Sand,Even,Even,Standard,Steady,BridgeDownstreamSide,2026-06-28T02:04:20.046987+00:00,adcp,AtTheGage
05466000,POINT (-90.37749166666666 41.27224722222222),75112998-0550-40a2-8880-06ff6326e778,USGS-05466000,4e83c6ef-9faa-d2a8-e053-0100007fa926,578,1996-12-11T18:46:00+00:00,Imported Channel 1,14.0,ft^3/s,32.5,ft,16.9,ft^2,0.83,ft/s,,,Unspecified,Unspecified,Unspecified,Unspecified,Unspecified,Unknown,Wading,2026-06-28T02:04:20.046987+00:00,point_velocity,Unspecified
05466000,POINT (-90.37749166666666 41.27224722222222),75c295fa-5ed9-4eae-8a69-a08e99e24318,USGS-05466000,4e83dc55-b99d-df3b-e053-0100007fd8fb,593,1998-10-27T17:27:00+00:00,Imported Channel 1,159,ft^3/s,71.0,ft,100,ft^2,1.59,ft/s,,,Unspecified,Unspecified,Unspecified,Unspecified,Unspecified,Unknown,Wading,2026-06-28T02:04:20.046987+00:00,point_velocity,Unspecified
05466000,POINT (-90.37749166666666 41.27224722222222),76075b79-5ca2-4230-995e-f360cf607ea4,USGS-05466000,4e83d9d4-cf15-dcf0-e053-0100007fc65c,661,2008-01-22T20:20:00+00:00,Imported Channel 1,111,ft^3/s,57.0,ft,79.1,ft^2,1.41,ft/s,,,Unspecified,Unspecified,Unspecified,Unspecified,Unspecified,Unknown,Ice,2026-06-28T02:04:20.046987+00:00,point_velocity,Unspecified
05466000,POINT (-90.37749166666666 41.27224722222222),7680ced6-91fe-4ed1-8d0b-405e372edc17,USGS-05466000,4e83d0f4-19a1-d8e6-e053-0100007facee,407,1977-08-18T06:00:00+00:00,Imported Channel 1,32.8,ft^3/s,,,,,,,,ft,Unspecified,Unspecified,Unspecified,Unspecified,Unspecified,Unknown,Unspecified,2026-06-28T02:04:20.046987+00:00,other_method,Unspecified
05466000,POINT (-90.37749166666666 41.27224722222222),76a3a69d-528a-4711-85fd-2648b5b27977,USGS-05466000,01240654-2562-4e0f-aa2a-cc2cb6e242fd,740,2020-04-23T16:51:25+00:00,main,112,ft^3/s,70.2,ft,73.2,ft^2,1.53,ft/s,0.00,ft,Firm,Sand,Even,Even,Standard,Steady,BridgeDownstreamSide,2026-06-28T02:04:20.046987+00:00,adcp,AtTheGage
05466000,POINT (-90.37749166666666 41.27224722222222),77fcb88c-b4db-4274-b89b-300558c6e0e5,USGS-05466000,4e83c90e-d121-d555-e053-0100007f8e9a,513,1988-09-07T16:45:00+00:00,Imported Channel 1,1.76,ft^3/s,10.0,ft,2.37,ft^2,0.74,ft/s,,,Unspecified,Unspecified,Unspecified,Unspecified,Unspecified,Unknown,Wading,2026-06-28T02:04:20.046987+00:00,point_velocity,Unspecified
05466000,POINT (-90.37749166666666 41.27224722222222),78c5dd47-4cdc-4799-b87e-59e66d45434e,USGS-05466000,4e83c992-fab8-d577-e053-0100007f536e,679,2010-08-31T16:11:49+00:00,Channel 1,31.9,ft^3/s,68.0,ft,32.3,ft^2,0.99,ft/s,,,Soft,Sand,Even,Unspecified,Unspecified,Unknown,Wading,2026-06-28T02:04:20.046987+00:00,point_velocity,AtTheGage
05466000,POINT (-90.37749166666666 41.27224722222222),78ce6e4b-002b-4f65-b481-5c2e363ad7b4,USGS-05466000,3071e41a-61f2-462b-8393-3141915f8691,747,2021-06-25T21:44:36+00:00,main,2550,ft^3/s,92.9,ft,859,ft^2,2.97,ft/s,0.00,ft,Firm,Sand,Even,Even,Standard,Pulsating,BridgeDownstreamSide,2026-06-28T02:04:20.046987+00:00,adcp,AtTheGage
05466000,POINT (-90.37749166666666 41.27224722222222),79486472-2381-4133-8cf6-202132e43dd5,USGS-05466000,4e83d7df-6864-dcba-e053-0100007fa7f6,604,2000-06-27T18:08:00+00:00,Imported Channel 1,275,ft^3/s,76.0,ft,154,ft^2,1.78,ft/s,,,Unspecified,Unspecified,Unspecified,Unspecified,Unspecified,Unknown,Wading,2026-06-28T02:04:20.046987+00:00,point_velocity,Unspecified
05466000,POINT (-90.37749166666666 41.27224722222222),794f50bf-355e-4d72-8023-d7ded90b266d,USGS-05466000,4e83bfc4-507b-d016-e053-0100007f6c77,367,1973-03-30T06:00:00+00:00,Imported Channel 1,206,ft^3/s,,,,,,,,ft,Unspecified,Unspecified,Unspecified,Unspecified,Unspecified,Unknown,Unspecified,2026-06-28T02:04:20.046987+00:00,other_method,Unspecified
05466000,POINT (-90.37749166666666 41.27224722222222),79875f27-7ca6-4167-94a8-94c000a140ec,USGS-05466000,4e83c441-a4e2-d119-e053-0100007f406c,351,1971-07-13T06:00:00+00:00,Imported Channel 1,213,ft^3/s,,,,,,,,ft,Unspecified,Unspecified,Unspecified,Unspecified,Unspecified,Unknown,Unspecified,2026-06-28T02:04:20.046987+00:00,other_method,Unspecified
05466000,POINT (-90.37749166666666 41.27224722222222),7a18ea9c-52c9-42c8-a543-fe6d9bc63c51,USGS-05466000,4e83c364-f01a-d11d-e053-0100007f3742,397,1976-06-30T06:00:00+00:00,Imported Channel 1,44.6,ft^3/s,,,,,,,,ft,Unspecified,Unspecified,Unspecified,Unspecified,Unspecified,Unknown,Unspecified,2026-06-28T02:04:20.046987+00:00,other_method,Unspecified
05466000,POINT (-90.37749166666666 41.27224722222222),7a92197d-935c-4766-99bc-6905b3e53b1b,USGS-05466000,4e83cd0a-c4ab-d75c-e053-0100007f2659,382,1974-11-04T06:00:00+00:00,Imported Channel 1,16.5,ft^3/s,,,,,,,,ft,Unspecified,Unspecified,Unspecified,Unspecified,Unspecified,Unknown,Unspecified,2026-06-28T02:04:20.046987+00:00,other_method,Unspecified
05466000,POINT (-90.37749166666666 41.27224722222222),7af259a7-d439-41b6-9f43-cad1d16805ba,USGS-05466000,4e83cd0a-c4c2-d75c-e053-0100007f2659,570,1996-03-05T20:45:00+00:00,Imported Channel 1,206,ft^3/s,64.0,ft,117,ft^2,1.76,ft/s,,,Unspecified,Unspecified,Unspecified,Unspecified,Unspecified,Unknown,Wading,2026-06-28T02:04:20.046987+00:00,point_velocity,Unspecified
05466000,POINT (-90.37749166666666 41.27224722222222),7b5bd005-5f8c-499a-adc7-d9a4e4d542a6,USGS-05466000,4e83be1c-5048-cf0b-e053-0100007fb1fe,355,1971-11-09T06:00:00+00:00,Imported Channel 1,4.07,ft^3/s,,,,,,,,ft,Unspecified,Unspecified,Unspecified,Unspecified,Unspecified,Unknown,Unspecified,2026-06-28T02:04:20.046987+00:00,other_method,Unspecified
05466000,POINT (-90.37749166666666 41.27224722222222),7b7df639-bac3-46f7-82dd-b7101058d3aa,USGS-05466000,4e83d6ec-ac72-db17-e053-0100007f1843,577,1996-10-22T16:30:00+00:00,Imported Channel 1,9.17,ft^3/s,33.0,ft,15.9,ft^2,0.58,ft/s,,,Unspecified,Unspecified,Unspecified,Unspecified,Unspecified,Unknown,Wading,2026-06-28T02:04:20.046987+00:00,point_velocity,Unspecified
05466000,POINT (-90.37749166666666 41.27224722222222),7d24e02d-ab50-43ed-87de-424bf941237b,USGS-05466000,4e83c797-e44e-d431-e053-0100007f0410,356,1971-12-07T06:00:00+00:00,Imported Channel 1,5.12,ft^3/s,,,,,,,,ft,Unspecified,Unspecified,Unspecified,Unspecified,Unspecified,Unknown,Unspecified,2026-06-28T02:04:20.046987+00:00,other_method,Unspecified
05466000,POINT (-90.37749166666666 41.27224722222222),7d86ada2-a61b-48b6-a397-8fc28741c098,USGS-05466000,4e83e6c1-e4dd-e43f-e053-0100007f8dfb,640,2004-07-15T19:19:00+00:00,Imported Channel 1,45.3,ft^3/s,67.5,ft,35.6,ft^2,1.27,ft/s,,,Unspecified,Unspecified,Unspecified,Unspecified,Unspecified,Unknown,Wading,2026-06-28T02:04:20.046987+00:00,point_velocity,Unspecified
05466000,POINT (-90.37749166666666 41.27224722222222),7d8ae0c5-a328-4170-8e6d-4c1b1347dda6,USGS-05466000,4e83d790-31e8-dcc6-e053-0100007f0ecc,457,1982-11-23T06:00:00+00:00,Imported Channel 1,94.4,ft^3/s,71.0,ft,77.5,ft^2,1.22,ft/s,,,Unspecified,Unspecified,Unspecified,Unspecified,Unspecified,Unknown,Wading,2026-06-28T02:04:20.046987+00:00,point_velocity,Unspecified
05466000,POINT (-90.37749166666666 41.27224722222222),7de35234-a9b3-4fd8-8d24-9045c1090bac,USGS-05466000,4e83c274-e90d-d13b-e053-0100007f581b,582,1997-06-25T13:30:00+00:00,Imported Channel 1,23.2,ft^3/s,68.0,ft,28.2,ft^2,0.82,ft/s,,,Unspecified,Unspecified,Unspecified,Unspecified,Unspecified,Unknown,Wading,2026-06-28T02:04:20.046987+00:00,point_velocity,Unspecified
05466000,POINT (-90.37749166666666 41.27224722222222),7f9e2c8c-1e2d-4227-bd7f-5530ab9fcc60,USGS-05466000,4e83bfca-5ebb-d014-e053-0100007f7fa3,365,1973-01-23T06:00:00+00:00,Imported Channel 1,169,ft^3/s,,,,,,,,ft,Unspecified,Unspecified,Unspecified,Unspecified,Unspecified,Unknown,Unspecified,2026-06-28T02:04:20.046987+00:00,other_method,Unspecified
05466000,POINT (-90.37749166666666 41.27224722222222),7fb411ef-db80-4c04-9547-4b59c86d6702,USGS-05466000,4e83d0bd-cbea-d91f-e053-0100007f1458,404,1977-04-27T06:00:00+00:00,Imported Channel 1,15.6,ft^3/s,,,,,,,,ft,Unspecified,Unspecified,Unspecified,Unspecified,Unspecified,Unknown,Unspecified,2026-06-28T02:04:20.046987+00:00,other_method,Unspecified
05466000,POINT (-90.37749166666666 41.27224722222222),7fb49c1a-80a9-4881-8d67-cbb9a75c5af1,USGS-05466000,4e83c7c9-704a-d439-e053-0100007f9929,618,2001-11-28T14:55:00+00:00,Imported Channel 1,27.6,ft^3/s,61.5,ft,31.1,ft^2,0.89,ft/s,,,Unspecified,Unspecified,Unspecified,Unspecified,Unspecified,Unknown,Wading,2026-06-28T02:04:20.046987+00:00,point_velocity,Unspecified
05466000,POINT (-90.37749166666666 41.27224722222222),802577de-f719-4455-beab-97f0d9c6b6dc,USGS-05466000,4e83bf31-49a0-cf35-e053-0100007fe2ee,492,1986-07-28T06:00:00+00:00,Imported Channel 1,56.5,ft^3/s,68.0,ft,46.6,ft^2,1.21,ft/s,,,Unspecified,Unspecified,Unspecified,Unspecified,Unspecified,Unknown,Wading,2026-06-28T02:04:20.046987+00:00,point_velocity,Unspecified
05466000,POINT (-90.37749166666666 41.27224722222222),803cf4b7-423c-40ba-8867-2e52e8561a85,USGS-05466000,4e83c90e-d101-d555-e053-0100007f8e9a,381,1974-10-01T06:00:00+00:00,Imported Channel 1,7.65,ft^3/s,,,,,,,,ft,Unspecified,Unspecified,Unspecified,Unspecified,Unspecified,Unknown,Unspecified,2026-06-28T02:04:20.046987+00:00,other_method,Unspecified
05466000,POINT (-90.37749166666666 41.27224722222222),811f18c6-07d4-45ec-b0f4-3e327df63351,USGS-05466000,4e83df8b-fe24-e0b2-e053-0100007f10de,586,1998-01-20T19:15:00+00:00,Imported Channel 1,152,ft^3/s,69.0,ft,97.2,ft^2,1.56,ft/s,,,Unspecified,Unspecified,Unspecified,Unspecified,Unspecified,Unknown,Wading,2026-06-28T02:04:20.046987+00:00,point_velocity,Unspecified
05466000,POINT (-90.37749166666666 41.27224722222222),81c57bee-6221-4885-849f-ad0ca415b609,USGS-05466000,00d79967-6d34-4ee7-ae44-f1b29ef04146,738,2020-02-06T18:25:50+00:00,main,252,ft^3/s,71.1,ft,123,ft^2,2.04,ft/s,0.00,ft,Firm,Sand,Even,Even,Standard,Steady,BridgeDownstreamSide,2026-06-28T02:04:20.046987+00:00,adcp,AtTheGage
05466000,POINT (-90.37749166666666 41.27224722222222),82d07058-0d83-448f-afe0-1c615ac23d8a,USGS-05466000,4e83d292-5206-d989-e053-0100007f940e,596,1999-06-08T15:01:00+00:00,Imported Channel 1,224,ft^3/s,71.0,ft,135,ft^2,1.66,ft/s,,,Unspecified,Unspecified,Unspecified,Unspecified,Unspecified,Unknown,Wading,2026-06-28T02:04:20.046987+00:00,point_velocity,Unspecified
05466000,POINT (-90.37749166666666 41.27224722222222),8327bd47-0f8f-4b96-986f-f9207112bbbc,USGS-05466000,4e83cd0a-c4af-d75c-e053-0100007f2659,427,1979-08-01T06:00:00+00:00,Imported Channel 1,31.0,ft^3/s,,,,,,,,ft,Unspecified,Unspecified,Unspecified,Unspecified,Unspecified,Unknown,Unspecified,2026-06-28T02:04:20.046987+00:00,other_method,Unspecified
05466000,POINT (-90.37749166666666 41.27224722222222),83407868-a27f-4254-b031-e7e8ad8275a5,USGS-05466000,4e83b622-5863-cace-e053-0100007f4342,344,1970-12-09T06:00:00+00:00,Imported Channel 1,71.2,ft^3/s,,,,,,,,ft,Unspecified,Unspecified,Unspecified,Unspecified,Unspecified,Unknown,Unspecified,2026-06-28T02:04:20.046987+00:00,other_method,Unspecified
05466000,POINT (-90.37749166666666 41.27224722222222),834db5d3-4021-4905-9411-0b341a74066d,USGS-05466000,4e83c441-a4f6-d119-e053-0100007f406c,467,1984-01-11T06:00:00+00:00,Imported Channel 1,30.1,ft^3/s,68.0,ft,39.5,ft^2,0.76,ft/s,,,Unspecified,Unspecified,Unspecified,Unspecified,Unspecified,Unknown,Ice,2026-06-28T02:04:20.046987+00:00,point_velocity,Unspecified
05466000,POINT (-90.37749166666666 41.27224722222222),83da5da8-2731-4fab-a005-541796e7b309,USGS-05466000,4e83bade-a31a-cd5f-e053-0100007ffd88,93,1947-04-05T06:00:00+00:00,Imported Channel 1,3900,ft^3/s,,,,,,,,ft,Unspecified,Unspecified,Unspecified,Unspecified,Unspecified,Unknown,Unspecified,2026-06-28T02:04:20.046987+00:00,other_method,Unspecified
05466000,POINT (-90.37749166666666 41.27224722222222),847fff65-a719-49a1-9500-9dd9ce1e515a,USGS-05466000,4e83d4a3-b7fd-db5c-e053-0100007f3cad,420,1978-11-28T06:00:00+00:00,Imported Channel 1,16.1,ft^3/s,,,,,,,,ft,Unspecified,Unspecified,Unspecified,Unspecified,Unspecified,Unknown,Unspecified,2026-06-28T02:04:20.046987+00:00,other_method,Unspecified
05466000,POINT (-90.37749166666666 41.27224722222222),85260112-4f4b-482c-ab10-a0319ec8bd73,USGS-05466000,4e83d468-968d-dac8-e053-0100007f14a3,646,2005-04-19T17:43:00+00:00,Imported Channel 1,80.9,ft^3/s,65.0,ft,54.7,ft^2,1.48,ft/s,,,Unspecified,Unspecified,Unspecified,Unspecified,Unspecified,Unknown,Wading,2026-06-28T02:04:20.046987+00:00,point_velocity,Unspecified
05466000,POINT (-90.37749166666666 41.27224722222222),855de75c-2d45-4f17-9b11-3148eac9b325,USGS-05466000,4e83d122-6de4-d8ea-e053-0100007f39b2,655,2007-02-09T15:03:00+00:00,Imported Channel 1,55.2,ft^3/s,57.0,ft,58.4,ft^2,0.95,ft/s,,,Unspecified,Unspecified,Unspecified,Unspecified,Unspecified,Unknown,Wading,2026-06-28T02:04:20.046987+00:00,point_velocity,Unspecified
05466000,POINT (-90.37749166666666 41.27224722222222),85e897b2-55fd-4907-a841-e3a3265766a1,USGS-05466000,4e83c5a9-184d-d2b8-e053-0100007f86b2,17,1941-10-03T06:00:00+00:00,Imported Channel 1,2210,ft^3/s,,,,,,,,ft,Unspecified,Unspecified,Unspecified,Unspecified,Unspecified,Unknown,Unspecified,2026-06-28T02:04:20.046987+00:00,other_method,Unspecified
05466000,POINT (-90.37749166666666 41.27224722222222),85f75a57-8fb8-48a1-a1be-d192c728430c,USGS-05466000,4e83d515-3e75-db80-e053-0100007fa0f3,418,1978-08-29T06:00:00+00:00,Imported Channel 1,9.18,ft^3/s,,,,,,,,ft,Unspecified,Unspecified,Unspecified,Unspecified,Unspecified,Unknown,Unspecified,2026-06-28T02:04:20.046987+00:00,other_method,Unspecified
05466000,POINT (-90.37749166666666 41.27224722222222),86acd9b5-1331-4dca-a016-8e81ab19b06e,USGS-05466000,4e83c557-02ff-d2aa-e053-0100007fcf14,401,1976-12-16T06:00:00+00:00,Imported Channel 1,0.79,ft^3/s,,,,,,,,ft,Unspecified,Unspecified,Unspecified,Unspecified,Unspecified,Unknown,Unspecified,2026-06-28T02:04:20.046987+00:00,other_method,Unspecified
05466000,POINT (-90.37749166666666 41.27224722222222),8746be05-b542-41bf-a5ca-2500822cc8a7,USGS-05466000,4e83c61a-b7e2-d2f8-e053-0100007f5179,469,1984-04-06T06:00:00+00:00,Imported Channel 1,188,ft^3/s,68.0,ft,117,ft^2,1.60,ft/s,,,Unspecified,Unspecified,Unspecified,Unspecified,Unspecified,Unknown,Wading,2026-06-28T02:04:20.046987+00:00,point_velocity,Unspecified
05466000,POINT (-90.37749166666666 41.27224722222222),87604cbb-c4c6-43df-9768-32ad8882d082,USGS-05466000,4e83bb68-2fe8-cdad-e053-0100007f359b,410,1977-12-23T06:00:00+00:00,Imported Channel 1,142,ft^3/s,,,,,,,,ft,Unspecified,Unspecified,Unspecified,Unspecified,Unspecified,Unknown,Unspecified,2026-06-28T02:04:20.046987+00:00,other_method,Unspecified
05466000,POINT (-90.37749166666666 41.27224722222222),87894c53-8e41-4973-9408-b5ec03f03f9a,USGS-05466000,4e83b429-a698-c9e9-e053-0100007f3898,613,2001-06-06T17:30:00+00:00,Imported Channel 1,3740,ft^3/s,251,ft,1420,ft^2,2.63,ft/s,,,Unspecified,Unspecified,Unspecified,Unspecified,Unspecified,Unknown,BridgeCrane,2026-06-28T02:04:20.046987+00:00,point_velocity,Unspecified
05466000,POINT (-90.37749166666666 41.27224722222222),882e4b28-8ad9-4ac1-bd59-c6f5e1f012c3,USGS-05466000,4e83cd36-af81-d74a-e053-0100007f4254,600,1999-12-29T14:38:00+00:00,Imported Channel 1,17.9,ft^3/s,68.5,ft,28.9,ft^2,0.62,ft/s,,,Unspecified,Unspecified,Unspecified,Unspecified,Unspecified,Unknown,Ice,2026-06-28T02:04:20.046987+00:00,point_velocity,Unspecified
05466000,POINT (-90.37749166666666 41.27224722222222),88b03ab7-eba7-4956-982b-8efaa4b44da3,USGS-05466000,4e83d950-b103-dd74-e053-0100007fb3e7,587,1998-02-12T19:01:00+00:00,Imported Channel 1,774,ft^3/s,75.0,ft,319,ft^2,2.43,ft/s,,,Unspecified,Unspecified,Unspecified,Unspecified,Unspecified,Unknown,BridgeCrane,2026-06-28T02:04:20.046987+00:00,point_velocity,Unspecified
05466000,POINT (-90.37749166666666 41.27224722222222),893cc62b-f682-4fdc-ba50-7dbb38049a34,USGS-05466000,c5193aa7-6869-44e0-9b50-edd0bcbb3b78,761,2024-01-29T19:40:17+00:00,main,630,ft^3/s,80.6,ft,267,ft^2,2.36,ft/s,0.00,ft,Firm,Sand,Even,Even,Standard,Steady,BridgeDownstreamSide,2026-06-28T02:04:20.046987+00:00,adcp,AtTheGage
05466000,POINT (-90.37749166666666 41.27224722222222),89a48b5a-0448-4674-9a6e-615d32e20110,USGS-05466000,4e83cddb-fe24-d75a-e053-0100007fbc8d,648,2005-10-13T14:21:00+00:00,Imported Channel 1,4.27,ft^3/s,34.0,ft,9.00,ft^2,0.47,ft/s,,,Unspecified,Unspecified,Unspecified,Unspecified,Unspecified,Unknown,Wading,2026-06-28T02:04:20.046987+00:00,point_velocity,Unspecified
05466000,POINT (-90.37749166666666 41.27224722222222),8a6a4e10-a17e-486b-b95b-352cd27a352a,USGS-05466000,4e83e064-03ed-e064-e053-0100007fb6d4,685,2011-08-05T13:59:00+00:00,Imported Channel 1,25.1,ft^3/s,68.5,ft,23.8,ft^2,1.06,ft/s,,,Unspecified,Unspecified,Unspecified,Unspecified,Unspecified,Unknown,Wading,2026-06-28T02:04:20.046987+00:00,point_velocity,Unspecified
05466000,POINT (-90.37749166666666 41.27224722222222),8ad1656b-178a-4876-bf61-5e359e22cab4,USGS-05466000,4e83df47-a449-e08e-e053-0100007fe15a,644,2005-02-17T19:09:00+00:00,Imported Channel 1,194,ft^3/s,68.0,ft,108,ft^2,1.80,ft/s,,,Unspecified,Unspecified,Unspecified,Unspecified,Unspecified,Unknown,Wading,2026-06-28T02:04:20.046987+00:00,point_velocity,Unspecified
05466000,POINT (-90.37749166666666 41.27224722222222),8bbebbde-273a-4cf3-a035-39566af36082,USGS-05466000,4e83d122-6dc1-d8ea-e053-0100007f39b2,444,1981-06-18T06:00:00+00:00,Imported Channel 1,192,ft^3/s,70.0,ft,131,ft^2,1.47,ft/s,,,Unspecified,Unspecified,Unspecified,Unspecified,Unspecified,Unknown,Wading,2026-06-28T02:04:20.046987+00:00,point_velocity,Unspecified
05466000,POINT (-90.37749166666666 41.27224722222222),8e0b3816-18f1-4454-a6a5-aa32b224af11,USGS-05466000,4e83b59d-3a1d-cad0-e053-0100007f5ebb,320,1968-11-06T06:00:00+00:00,Imported Channel 1,2.51,ft^3/s,,,,,,,,ft,Unspecified,Unspecified,Unspecified,Unspecified,Unspecified,Unknown,Unspecified,2026-06-28T02:04:20.046987+00:00,other_method,Unspecified
05466000,POINT (-90.37749166666666 41.27224722222222),8e528a45-5af6-4638-92b2-4a82ea1ea644,USGS-05466000,4e83c3b3-c629-d129-e053-0100007fca85,359,1972-06-19T06:00:00+00:00,Imported Channel 1,169,ft^3/s,,,,,,,,ft,Unspecified,Unspecified,Unspecified,Unspecified,Unspecified,Unknown,Unspecified,2026-06-28T02:04:20.046987+00:00,other_method,Unspecified
05466000,POINT (-90.37749166666666 41.27224722222222),8ec58dc8-9ea7-4b38-abb1-5b84b6a6b44a,USGS-05466000,4e83d515-3e84-db80-e053-0100007fa0f3,535,1991-05-10T22:45:00+00:00,Imported Channel 1,98.1,ft^3/s,66.0,ft,69.0,ft^2,1.42,ft/s,,,Unspecified,Unspecified,Unspecified,Unspecified,Unspecified,Unknown,Wading,2026-06-28T02:04:20.046987+00:00,point_velocity,Unspecified
05466000,POINT (-90.37749166666666 41.27224722222222),8eef3659-e2b9-4599-9714-c3b8e24520fb,USGS-05466000,4e83d520-0105-db83-e053-0100007f65e2,482,1985-10-10T06:00:00+00:00,Imported Channel 1,12.3,ft^3/s,35.0,ft,14.3,ft^2,0.86,ft/s,,,Unspecified,Unspecified,Unspecified,Unspecified,Unspecified,Unknown,Wading,2026-06-28T02:04:20.046987+00:00,point_velocity,Unspecified
05466000,POINT (-90.37749166666666 41.27224722222222),8ef9c766-2eee-4e0a-8e32-9f6faf4f6758,USGS-05466000,4e83c2a4-2fd7-d16f-e053-0100007fd838,505,1987-12-10T21:00:00+00:00,Imported Channel 1,112,ft^3/s,67.0,ft,84.3,ft^2,1.33,ft/s,,,Unspecified,Unspecified,Unspecified,Unspecified,Unspecified,Unknown,Wading,2026-06-28T02:04:20.046987+00:00,point_velocity,Unspecified
05466000,POINT (-90.37749166666666 41.27224722222222),8f0facce-2d51-4708-9f61-b79914657064,USGS-05466000,4e83c992-fa95-d577-e053-0100007f536e,472,1984-08-08T06:00:00+00:00,Imported Channel 1,16.2,ft^3/s,28.0,ft,16.7,ft^2,0.97,ft/s,,,Unspecified,Unspecified,Unspecified,Unspecified,Unspecified,Unknown,Wading,2026-06-28T02:04:20.046987+00:00,point_velocity,Unspecified
05466000,POINT (-90.37749166666666 41.27224722222222),904e4edf-b695-4612-b4b5-20da41e07ebb,USGS-05466000,4e83d425-782a-dae6-e053-0100007f0330,391,1975-10-15T06:00:00+00:00,Imported Channel 1,8.99,ft^3/s,,,,,,,,ft,Unspecified,Unspecified,Unspecified,Unspecified,Unspecified,Unknown,Unspecified,2026-06-28T02:04:20.046987+00:00,other_method,Unspecified
05466000,POINT (-90.37749166666666 41.27224722222222),9075c215-1ead-4312-b42d-165568224dbc,USGS-05466000,4e83d444-ce92-daea-e053-0100007fd136,449,1982-01-28T06:00:00+00:00,Imported Channel 1,21.8,ft^3/s,67.0,ft,35.6,ft^2,0.61,ft/s,,,Unspecified,Unspecified,Unspecified,Unspecified,Unspecified,Unknown,Ice,2026-06-28T02:04:20.046987+00:00,point_velocity,Unspecified
05466000,POINT (-90.37749166666666 41.27224722222222),90d2ec73-68c0-48f9-9a88-40bd04473b72,USGS-05466000,4e83e1bd-3976-e0ca-e053-0100007ff835,663,2008-04-21T22:50:00+00:00,Imported Channel 1,185,ft^3/s,59.0,ft,110,ft^2,1.68,ft/s,,,Unspecified,Unspecified,Unspecified,Unspecified,Unspecified,Unknown,Wading,2026-06-28T02:04:20.046987+00:00,point_velocity,Unspecified
05466000,POINT (-90.37749166666666 41.27224722222222),90f4e986-c9a8-4b63-a9c2-026f7c6f92de,USGS-05466000,4e83c6ef-9f97-d2a8-e053-0100007fa926,532,1990-11-13T21:45:00+00:00,Imported Channel 1,24.6,ft^3/s,58.0,ft,25.5,ft^2,0.96,ft/s,,,Unspecified,Unspecified,Unspecified,Unspecified,Unspecified,Unknown,Wading,2026-06-28T02:04:20.046987+00:00,point_velocity,Unspecified
05466000,POINT (-90.37749166666666 41.27224722222222),910e013f-7e76-4a23-98f3-66e37e7326c4,USGS-05466000,4e83df8b-fe29-e0b2-e053-0100007f10de,671,2009-07-20T17:13:00+00:00,Imported Channel 1,144,ft^3/s,69.0,ft,94.0,ft^2,1.53,ft/s,,,Unspecified,Unspecified,Unspecified,Unspecified,Unspecified,Unknown,Wading,2026-06-28T02:04:20.046987+00:00,point_velocity,Unspecified
05466000,POINT (-90.37749166666666 41.27224722222222),91c94b63-180a-4666-a5be-729190a785f2,USGS-05466000,4e83c2bd-07d8-cf2f-e053-0100007f3ae4,329,1969-07-17T06:00:00+00:00,Imported Channel 1,3290,ft^3/s,,,,,,,,ft,Unspecified,Unspecified,Unspecified,Unspecified,Unspecified,Unknown,Unspecified,2026-06-28T02:04:20.046987+00:00,other_method,Unspecified
05466000,POINT (-90.37749166666666 41.27224722222222),920cc28a-e4be-46aa-b4a7-e2f6ca2fc619,USGS-05466000,4e83ea83-f530-e6c3-e053-0100007f4de1,697,2013-05-15T14:18:00+00:00,05466000,159,ft^3/s,68.0,ft,101,ft^2,1.58,ft/s,,,Soft,Sand,Unspecified,Unspecified,Unspecified,Unknown,Wading,2026-06-28T02:04:20.046987+00:00,point_velocity,AtTheGage
05466000,POINT (-90.37749166666666 41.27224722222222),92d12a7a-3450-48c7-8ec1-7047a185baea,USGS-05466000,4e83dd96-9257-dffe-e053-0100007f4e95,701,2014-03-13T21:55:00+00:00,main,276,ft^3/s,65.0,ft,135,ft^2,2.04,ft/s,30.00,ft,Unspecified,Unspecified,Unspecified,Unspecified,Unspecified,Unknown,Wading,2026-06-28T02:04:20.046987+00:00,point_velocity,Downstream
05466000,POINT (-90.37749166666666 41.27224722222222),9374d1d2-2576-4553-944d-3fadd53210ea,USGS-05466000,4e83c564-a5af-d2ca-e053-0100007f69bd,579,1997-01-29T21:50:00+00:00,Imported Channel 1,11.7,ft^3/s,59.0,ft,29.1,ft^2,0.40,ft/s,,,Unspecified,Unspecified,Unspecified,Unspecified,Unspecified,Unknown,Ice,2026-06-28T02:04:20.046987+00:00,point_velocity,Unspecified
05466000,POINT (-90.37749166666666 41.27224722222222),93b604b8-890e-46c2-b641-510dee11d70d,USGS-05466000,4e83c988-4bbd-d29a-e053-0100007fe06c,454,1982-07-20T06:00:00+00:00,Imported Channel 1,451,ft^3/s,75.0,ft,209,ft^2,2.16,ft/s,,,Unspecified,Unspecified,Unspecified,Unspecified,Unspecified,Unknown,Cableway,2026-06-28T02:04:20.046987+00:00,point_velocity,Unspecified
05466000,POINT (-90.37749166666666 41.27224722222222),95f754e0-d92f-448b-8730-5511f3c7c5ce,USGS-05466000,4e83c25c-1c96-d137-e053-0100007fc5e9,348,1971-04-05T06:00:00+00:00,Imported Channel 1,73.0,ft^3/s,,,,,,,,ft,Unspecified,Unspecified,Unspecified,Unspecified,Unspecified,Unknown,Unspecified,2026-06-28T02:04:20.046987+00:00,other_method,Unspecified
05466000,POINT (-90.37749166666666 41.27224722222222),960ebff7-2a41-4c1e-a85e-dda4f53153e7,USGS-05466000,4e83d52c-9e3c-daca-e053-0100007fc3a9,686,2011-10-04T13:20:00+00:00,Imported Channel 1,5.93,ft^3/s,32.0,ft,9.61,ft^2,0.62,ft/s,,,Unspecified,Unspecified,Unspecified,Unspecified,Unspecified,Unknown,Unspecified,2026-06-28T02:04:20.046987+00:00,point_velocity,Unspecified
05466000,POINT (-90.37749166666666 41.27224722222222),97eb8d69-7f44-4c7b-bd7e-1c602b48c66c,USGS-05466000,4e83e242-42ea-e271-e053-0100007f4dd1,627,2003-01-22T22:07:00+00:00,Imported Channel 1,3.96,ft^3/s,68.0,ft,13.1,ft^2,0.30,ft/s,,,Unspecified,Unspecified,Unspecified,Unspecified,Unspecified,Unknown,Ice,2026-06-28T02:04:20.046987+00:00,point_velocity,Unspecified
05466000,POINT (-90.37749166666666 41.27224722222222),98f6b245-6faa-4d2b-aaad-69bbe8bf34eb,USGS-05466000,4e83ccd7-7db5-d76e-e053-0100007fe45d,516,1989-01-11T16:50:00+00:00,Imported Channel 1,4.58,ft^3/s,23.0,ft,8.20,ft^2,0.56,ft/s,,,Unspecified,Unspecified,Unspecified,Unspecified,Unspecified,Unknown,Wading,2026-06-28T02:04:20.046987+00:00,point_velocity,Unspecified
05466000,POINT (-90.37749166666666 41.27224722222222),9a4fa4e9-2320-4507-bada-f3d1cdec20f3,USGS-05466000,4e83e34e-99da-e0c0-e053-0100007f5e60,683,2011-04-26T14:45:00+00:00,Imported Channel 1,824,ft^3/s,67.8,ft,301,ft^2,2.74,ft/s,,ft,Unspecified,Unspecified,Unspecified,Unspecified,Unspecified,Unknown,BridgeDownstreamSide,2026-06-28T02:04:20.046987+00:00,adcp,Unspecified
05466000,POINT (-90.37749166666666 41.27224722222222),9a6bfadb-f86f-46f1-a6f5-e7c93068d5e3,USGS-05466000,4e83c7c9-7049-d439-e053-0100007f9929,617,2001-10-11T14:00:00+00:00,Imported Channel 1,10.4,ft^3/s,32.0,ft,16.0,ft^2,0.65,ft/s,,,Unspecified,Unspecified,Unspecified,Unspecified,Unspecified,Unknown,Wading,2026-06-28T02:04:20.046987+00:00,point_velocity,Unspecified
05466000,POINT (-90.37749166666666 41.27224722222222),9b88b807-6b60-4706-9a00-1ec5e39a6e56,USGS-05466000,4e83d940-0939-dd20-e053-0100007f5525,554,1993-12-01T16:15:00+00:00,Imported Channel 1,53.0,ft^3/s,65.0,ft,52.1,ft^2,1.02,ft/s,,,Unspecified,Unspecified,Unspecified,Unspecified,Unspecified,Unknown,Wading,2026-06-28T02:04:20.046987+00:00,point_velocity,Unspecified
05466000,POINT (-90.37749166666666 41.27224722222222),9bca9066-2a24-4560-bed6-263a254e29c0,USGS-05466000,4e83c8fd-7d50-d473-e053-0100007f793a,402,1977-01-27T06:00:00+00:00,Imported Channel 1,0.00,ft^3/s,,,,,,,,ft,Unspecified,Unspecified,Unspecified,Unspecified,Unspecified,Unknown,Unspecified,2026-06-28T02:04:20.046987+00:00,other_method,Unspecified
05466000,POINT (-90.37749166666666 41.27224722222222),9c6605b6-11bb-4da5-9420-18ea21466a4b,USGS-05466000,4e83eab1-8531-e6bf-e053-0100007f776b,672,2009-10-01T19:11:00+00:00,Imported Channel 1,61.2,ft^3/s,63.0,ft,44.4,ft^2,1.38,ft/s,,,Firm,Sand,Even,Unspecified,Unspecified,Unknown,Wading,2026-06-28T02:04:20.046987+00:00,point_velocity,AtTheGage
05466000,POINT (-90.37749166666666 41.27224722222222),9e95a2a1-dbc6-4d51-b784-34de5de3e849,USGS-05466000,4e83dc60-59cb-df3d-e053-0100007f3a12,543,1992-06-25T15:10:00+00:00,Imported Channel 1,25.0,ft^3/s,46.0,ft,24.8,ft^2,1.01,ft/s,,,Unspecified,Unspecified,Unspecified,Unspecified,Unspecified,Unknown,Wading,2026-06-28T02:04:20.046987+00:00,point_velocity,Unspecified
05466000,POINT (-90.37749166666666 41.27224722222222),9eaa5e6a-bfcf-4013-a580-72aa7021f89f,USGS-05466000,4e83d08d-36f2-d935-e053-0100007f47c5,611,2001-03-28T15:00:00+00:00,Imported Channel 1,160,ft^3/s,68.0,ft,101,ft^2,1.58,ft/s,,,Unspecified,Unspecified,Unspecified,Unspecified,Unspecified,Unknown,Wading,2026-06-28T02:04:20.046987+00:00,point_velocity,Unspecified
05466000,POINT (-90.37749166666666 41.27224722222222),9f0e3783-ba8a-4bcb-a55f-7066072378e9,USGS-05466000,55456a37-da91-4638-a885-0c668e47ebc1,744,2021-03-16T18:34:11+00:00,main,259,ft^3/s,75.0,ft,136,ft^2,1.90,ft/s,0.00,ft,Firm,Sand,Even,Even,Standard,Steady,BridgeDownstreamSide,2026-06-28T02:04:20.046987+00:00,adcp,AtTheGage
05466000,POINT (-90.37749166666666 41.27224722222222),9f19f8fd-85d2-4671-9e94-f67e64b642e0,USGS-05466000,4e83ccd7-7dbe-d76e-e053-0100007fe45d,571,1996-03-07T19:40:00+00:00,Imported Channel 1,76.0,ft^3/s,68.0,ft,69.6,ft^2,1.09,ft/s,,,Unspecified,Unspecified,Unspecified,Unspecified,Unspecified,Unknown,Ice,2026-06-28T02:04:20.046987+00:00,point_velocity,Unspecified
05466000,POINT (-90.37749166666666 41.27224722222222),9f1fa97d-29f0-41b3-821f-06f376d47107,USGS-05466000,4e83d0f4-19a5-d8e6-e053-0100007facee,439,1980-12-05T06:00:00+00:00,Imported Channel 1,39.8,ft^3/s,62.0,ft,45.5,ft^2,0.87,ft/s,,,Unspecified,Unspecified,Unspecified,Unspecified,Unspecified,Unknown,Wading,2026-06-28T02:04:20.046987+00:00,point_velocity,Unspecified
05466000,POINT (-90.37749166666666 41.27224722222222),9f2bf7e8-f803-4ce0-85ed-7b7823ac4c8d,USGS-05466000,4e83c87f-b05c-d49f-e053-0100007fbcf7,544,1992-08-19T21:55:00+00:00,Imported Channel 1,63.3,ft^3/s,64.0,ft,51.4,ft^2,1.23,ft/s,,,Unspecified,Unspecified,Unspecified,Unspecified,Unspecified,Unknown,Wading,2026-06-28T02:04:20.046987+00:00,point_velocity,Unspecified
05466000,POINT (-90.37749166666666 41.27224722222222),9f56e87f-13fd-461d-91e9-e6644adc0113,USGS-05466000,4e83d520-0141-db83-e053-0100007f65e2,714,2016-06-22T18:06:45+00:00,main,339,ft^3/s,66.8,ft,167,ft^2,2.03,ft/s,20.00,ft,Firm,Sand,Even,Even,Standard,Unknown,BridgeDownstreamSide,2026-06-28T02:04:20.046987+00:00,adcp,Downstream
05466000,POINT (-90.37749166666666 41.27224722222222),9f89e29a-ec0d-4dca-9b4f-04e0e8366c7e,USGS-05466000,4e83c5a9-1854-d2b8-e053-0100007f86b2,338,1970-06-09T06:00:00+00:00,Imported Channel 1,193,ft^3/s,,,,,,,,ft,Unspecified,Unspecified,Unspecified,Unspecified,Unspecified,Unknown,Unspecified,2026-06-28T02:04:20.046987+00:00,other_method,Unspecified
05466000,POINT (-90.37749166666666 41.27224722222222),a08aebde-7b19-4059-9825-26cfc5f599b4,USGS-05466000,4e83db45-d5e2-deb1-e053-0100007f56ee,540,1992-01-16T21:20:00+00:00,Imported Channel 1,56.0,ft^3/s,68.0,ft,57.6,ft^2,0.97,ft/s,,,Unspecified,Unspecified,Unspecified,Unspecified,Unspecified,Unknown,Ice,2026-06-28T02:04:20.046987+00:00,point_velocity,Unspecified
05466000,POINT (-90.37749166666666 41.27224722222222),a08df6a0-0704-4338-b9d6-42e7e6039df1,USGS-05466000,4e83d4b7-2070-db5e-e053-0100007f109e,396,1976-05-20T06:00:00+00:00,Imported Channel 1,16.3,ft^3/s,,,,,,,,ft,Unspecified,Unspecified,Unspecified,Unspecified,Unspecified,Unknown,Unspecified,2026-06-28T02:04:20.046987+00:00,other_method,Unspecified
05466000,POINT (-90.37749166666666 41.27224722222222),a0bd72f3-1853-4e38-bed8-4d4303bed443,USGS-05466000,4e83bf00-9b11-cf9a-e053-0100007f1a64,326,1969-05-13T06:00:00+00:00,Imported Channel 1,80.8,ft^3/s,,,,,,,,ft,Unspecified,Unspecified,Unspecified,Unspecified,Unspecified,Unknown,Unspecified,2026-06-28T02:04:20.046987+00:00,other_method,Unspecified
05466000,POINT (-90.37749166666666 41.27224722222222),a1e27dc1-43a7-4e71-b777-e0d206868ad3,USGS-05466000,8a0ebdc6-fbb2-5dac-e053-0100007f63dc,733,2019-05-29T17:07:01+00:00,main,4620,ft^3/s,111,ft,1170,ft^2,3.94,ft/s,0.00,ft,Soft,Sand,Even,Even,Standard,Pulsating,BridgeDownstreamSide,2026-06-28T02:04:20.046987+00:00,adcp,AtTheGage
05466000,POINT (-90.37749166666666 41.27224722222222),a1fa5f67-5131-45f2-9be9-4f2fb6333378,USGS-05466000,4e83ccd7-7da9-d76e-e053-0100007fe45d,455,1982-09-08T06:00:00+00:00,Imported Channel 1,40.6,ft^3/s,70.0,ft,35.9,ft^2,1.13,ft/s,,,Unspecified,Unspecified,Unspecified,Unspecified,Unspecified,Unknown,Wading,2026-06-28T02:04:20.046987+00:00,point_velocity,Unspecified
05466000,POINT (-90.37749166666666 41.27224722222222),a2ea5e52-5f8e-4ff5-9fe8-c35a30a7d07e,USGS-05466000,4e83d4bf-09a0-dace-e053-0100007f0e4e,487,1986-04-01T06:00:00+00:00,Imported Channel 1,62.2,ft^3/s,61.0,ft,48.1,ft^2,1.29,ft/s,,,Unspecified,Unspecified,Unspecified,Unspecified,Unspecified,Unknown,Wading,2026-06-28T02:04:20.046987+00:00,point_velocity,Unspecified
05466000,POINT (-90.37749166666666 41.27224722222222),a35324e1-f107-4967-a688-0808e24e4215,USGS-05466000,4e83d178-ab9f-d8e8-e053-0100007fe90c,551,1993-07-14T17:15:00+00:00,Imported Channel 1,157,ft^3/s,63.0,ft,95.1,ft^2,1.66,ft/s,,,Unspecified,Unspecified,Unspecified,Unspecified,Unspecified,Unknown,Wading,2026-06-28T02:04:20.046987+00:00,point_velocity,Unspecified
05466000,POINT (-90.37749166666666 41.27224722222222),a3c04e0d-92f8-4f09-a836-e854e69fd3a9,USGS-05466000,4e83bef6-ced6-cf33-e053-0100007f2ecf,417,1978-07-20T06:00:00+00:00,Imported Channel 1,34.7,ft^3/s,,,,,,,,ft,Unspecified,Unspecified,Unspecified,Unspecified,Unspecified,Unknown,Unspecified,2026-06-28T02:04:20.046987+00:00,other_method,Unspecified
05466000,POINT (-90.37749166666666 41.27224722222222),a3d60175-e016-4b47-a290-d42dd9cc097c,USGS-05466000,4e83bf00-9b10-cf9a-e053-0100007f1a64,324,1969-03-24T06:00:00+00:00,Imported Channel 1,62.8,ft^3/s,,,,,,,,ft,Unspecified,Unspecified,Unspecified,Unspecified,Unspecified,Unknown,Unspecified,2026-06-28T02:04:20.046987+00:00,other_method,Unspecified
05466000,POINT (-90.37749166666666 41.27224722222222),a495a598-875f-4811-a411-81523a0aeaff,USGS-05466000,4e83c87f-b060-d49f-e053-0100007fbcf7,552,1993-09-16T16:15:00+00:00,Imported Channel 1,316,ft^3/s,69.0,ft,167,ft^2,1.92,ft/s,,,Unspecified,Unspecified,Unspecified,Unspecified,Unspecified,Unknown,BridgeCrane,2026-06-28T02:04:20.046987+00:00,point_velocity,Unspecified
05466000,POINT (-90.37749166666666 41.27224722222222),a56e8f0f-4f11-4506-a50f-3046f93cf7ea,USGS-05466000,4e83c797-e45a-d431-e053-0100007f0410,465,1983-11-01T06:00:00+00:00,Imported Channel 1,5.77,ft^3/s,20.0,ft,12.8,ft^2,0.45,ft/s,,,Unspecified,Unspecified,Unspecified,Unspecified,Unspecified,Unknown,Wading,2026-06-28T02:04:20.046987+00:00,point_velocity,Unspecified
05466000,POINT (-90.37749166666666 41.27224722222222),a62c39b8-4b47-4ec1-84ae-89c95ea007c1,USGS-05466000,4e83df47-a43d-e08e-e053-0100007fe15a,572,1996-04-01T20:55:00+00:00,Imported Channel 1,42.4,ft^3/s,68.0,ft,42.8,ft^2,0.99,ft/s,,,Unspecified,Unspecified,Unspecified,Unspecified,Unspecified,Unknown,Wading,2026-06-28T02:04:20.046987+00:00,point_velocity,Unspecified
05466000,POINT (-90.37749166666666 41.27224722222222),a6702f9c-6944-433a-9f44-7c1b33a0dbed,USGS-05466000,4e83c5a4-ab06-d2de-e053-0100007f13dd,478,1985-04-17T06:00:00+00:00,Imported Channel 1,101,ft^3/s,74.0,ft,73.6,ft^2,1.37,ft/s,,,Unspecified,Unspecified,Unspecified,Unspecified,Unspecified,Unknown,Wading,2026-06-28T02:04:20.046987+00:00,point_velocity,Unspecified
05466000,POINT (-90.37749166666666 41.27224722222222),a696430e-b716-4759-89e3-727da04aac70,USGS-05466000,4e83e713-d5e9-e449-e053-0100007f2e12,718,2016-08-30T14:42:37+00:00,main,714,ft^3/s,67.8,ft,287,ft^2,2.49,ft/s,30.00,ft,Firm,Sand,Even,Even,Standard,Unknown,BridgeDownstreamSide,2026-06-28T02:04:20.046987+00:00,adcp,Downstream
05466000,POINT (-90.37749166666666 41.27224722222222),a7a98a3d-4fa0-437c-b669-d71cac7d0f9d,USGS-05466000,4e83be1c-5053-cf0b-e053-0100007fb1fe,438,1980-10-24T06:00:00+00:00,Imported Channel 1,36.2,ft^3/s,59.0,ft,39.1,ft^2,0.91,ft/s,,,Unspecified,Unspecified,Unspecified,Unspecified,Unspecified,Unknown,Wading,2026-06-28T02:04:20.046987+00:00,point_velocity,Unspecified
05466000,POINT (-90.37749166666666 41.27224722222222),a80c65e9-eb37-4b8e-85c7-9fa24e0892c2,USGS-05466000,8de559dd-1476-7037-e053-0100007f609f,734,2019-07-16T16:25:01+00:00,main,127,ft^3/s,69.7,ft,81.1,ft^2,1.56,ft/s,0.00,ft,Firm,Sand,Even,Even,Standard,Steady,BridgeDownstreamSide,2026-06-28T02:04:20.046987+00:00,adcp,AtTheGage
05466000,POINT (-90.37749166666666 41.27224722222222),a82a27ae-a45d-440b-a3e4-e8d00cb0c386,USGS-05466000,4e83d0f4-19a3-d8e6-e053-0100007facee,430,1979-11-29T06:00:00+00:00,Imported Channel 1,17.2,ft^3/s,,,,,,,,ft,Unspecified,Unspecified,Unspecified,Unspecified,Unspecified,Unknown,Unspecified,2026-06-28T02:04:20.046987+00:00,other_method,Unspecified
05466000,POINT (-90.37749166666666 41.27224722222222),a8928e27-5b4a-4030-86a7-97897fd26566,USGS-05466000,4e83c81a-0927-d471-e053-0100007feb4d,325,1969-04-29T06:00:00+00:00,Imported Channel 1,37.2,ft^3/s,,,,,,,,ft,Unspecified,Unspecified,Unspecified,Unspecified,Unspecified,Unknown,Unspecified,2026-06-28T02:04:20.046987+00:00,other_method,Unspecified
05466000,POINT (-90.37749166666666 41.27224722222222),a8abceac-dd40-440f-8cc1-518c7521b4d5,USGS-05466000,4e83d277-4539-d913-e053-0100007f1c65,508,1988-04-21T19:50:00+00:00,Imported Channel 1,104,ft^3/s,67.0,ft,83.4,ft^2,1.24,ft/s,,,Unspecified,Unspecified,Unspecified,Unspecified,Unspecified,Unknown,Wading,2026-06-28T02:04:20.046987+00:00,point_velocity,Unspecified
05466000,POINT (-90.37749166666666 41.27224722222222),a8debcca-a230-48db-a355-e8353cb94a8e,USGS-05466000,4e83df47-a45d-e08e-e053-0100007fe15a,715,2016-07-06T19:57:15+00:00,main,1960,ft^3/s,77.3,ft,616,ft^2,3.18,ft/s,20.00,ft,Soft,Sand,Even,Even,NonStandard,Unknown,BridgeDownstreamSide,2026-06-28T02:04:20.046987+00:00,adcp,Downstream
05466000,POINT (-90.37749166666666 41.27224722222222),a970550d-167b-4851-b7c9-bffeb780865f,USGS-05466000,4e83e445-5fef-e2b6-e053-0100007ffcd3,693,2012-12-04T20:38:00+00:00,edwards river orion,3.83,ft^3/s,27.0,ft,10.8,ft^2,0.35,ft/s,200.00,ft,Firm,Sand,Unspecified,Unspecified,Unspecified,Unknown,Wading,2026-06-28T02:04:20.046987+00:00,point_velocity,Upstream
05466000,POINT (-90.37749166666666 41.27224722222222),aa27d25a-4a7a-4ff0-bd24-ecb7c60d17e7,USGS-05466000,8c410fc1-5767-49f8-b0c4-2fcfbd3c307a,749,2021-09-21T17:54:33+00:00,main,32.2,ft^3/s,61.0,ft,28.6,ft^2,1.13,ft/s,60.00,ft,Firm,Sand,Even,Even,Standard,Steady,Wading,2026-06-28T02:04:20.046987+00:00,point_velocity,Upstream
05466000,POINT (-90.37749166666666 41.27224722222222),aadcd701-a9cd-4f70-8ec9-d76c5dd6718a,USGS-05466000,4e83e37f-3e7d-e2b8-e053-0100007f387b,666,2008-10-07T13:41:00+00:00,Imported Channel 1,58.1,ft^3/s,55.0,ft,47.8,ft^2,1.22,ft/s,,,Unspecified,Unspecified,Unspecified,Unspecified,Unspecified,Unknown,Wading,2026-06-28T02:04:20.046987+00:00,point_velocity,Unspecified
05466000,POINT (-90.37749166666666 41.27224722222222),ab18c093-222c-4d02-8e90-6ad55ec1e67a,USGS-05466000,15ef4535-778f-4749-8568-6c174ddf4769,765,2024-10-08T16:35:57+00:00,main,7.93,ft^3/s,44.0,ft,20.5,ft^2,0.39,ft/s,80.00,ft,Firm,Sand,Even,Even,Uniform,Steady,Wading,2026-06-28T02:04:20.046987+00:00,point_velocity,Upstream
05466000,POINT (-90.37749166666666 41.27224722222222),ac4f7bc9-8f1f-49f8-b185-c757128dd894,USGS-05466000,4e83d91f-b7c6-dd76-e053-0100007f8662,630,2003-05-01T22:25:00+00:00,Imported Channel 1,1490,ft^3/s,90.0,ft,562,ft^2,2.65,ft/s,,,Unspecified,Unspecified,Unspecified,Unspecified,Unspecified,Unknown,BridgeCrane,2026-06-28T02:04:20.046987+00:00,point_velocity,Unspecified
05466000,POINT (-90.37749166666666 41.27224722222222),acc9168b-eeb3-4c56-b2e2-8d7db9f896a5,USGS-05466000,4e83c364-f02f-d11d-e053-0100007f3742,475,1984-12-07T06:00:00+00:00,Imported Channel 1,31.7,ft^3/s,65.0,ft,48.1,ft^2,0.66,ft/s,,,Unspecified,Unspecified,Unspecified,Unspecified,Unspecified,Unknown,Wading,2026-06-28T02:04:20.046987+00:00,point_velocity,Unspecified
05466000,POINT (-90.37749166666666 41.27224722222222),ad04e00f-ac90-4373-8eda-c751d3d08611,USGS-05466000,4e83cd36-af88-d74a-e053-0100007f4254,652,2006-08-09T13:42:00+00:00,Imported Channel 1,11.1,ft^3/s,40.0,ft,13.3,ft^2,0.84,ft/s,,,Unspecified,Unspecified,Unspecified,Unspecified,Unspecified,Unknown,Wading,2026-06-28T02:04:20.046987+00:00,point_velocity,Unspecified
05466000,POINT (-90.37749166666666 41.27224722222222),adea547a-ceec-4e0a-9431-0538c1f81653,USGS-05466000,4e83c672-9158-d2fe-e053-0100007faa86,486,1986-02-24T06:00:00+00:00,Imported Channel 1,53.8,ft^3/s,60.0,ft,53.6,ft^2,1.00,ft/s,,,Unspecified,Unspecified,Unspecified,Unspecified,Unspecified,Unknown,Wading,2026-06-28T02:04:20.046987+00:00,point_velocity,Unspecified
05466000,POINT (-90.37749166666666 41.27224722222222),ae18f56c-0642-4321-be4a-126824bc0a5d,USGS-05466000,4e83d0f6-6b60-d939-e053-0100007fbaa3,328,1969-06-13T06:00:00+00:00,Imported Channel 1,50.2,ft^3/s,,,,,,,,ft,Unspecified,Unspecified,Unspecified,Unspecified,Unspecified,Unknown,Unspecified,2026-06-28T02:04:20.046987+00:00,other_method,Unspecified
05466000,POINT (-90.37749166666666 41.27224722222222),ae6f6d3d-8793-47c8-9387-2d32ac848f40,USGS-05466000,4e83d08d-3701-d935-e053-0100007f47c5,689,2012-03-28T14:09:30+00:00,Imported Channel 1,69.1,ft^3/s,69.5,ft,52.5,ft^2,1.32,ft/s,,,Unspecified,Unspecified,Unspecified,Unspecified,Unspecified,Unknown,Wading,2026-06-28T02:04:20.046987+00:00,point_velocity,Unspecified
05466000,POINT (-90.37749166666666 41.27224722222222),aec2163c-1f74-4738-8be0-b6b33ca93722,USGS-05466000,4e83d431-0b1b-daec-e053-0100007f53a7,642,2004-10-14T19:15:00+00:00,Imported Channel 1,6.76,ft^3/s,37.0,ft,11.8,ft^2,0.57,ft/s,,,Unspecified,Unspecified,Unspecified,Unspecified,Unspecified,Unknown,Wading,2026-06-28T02:04:20.046987+00:00,point_velocity,Unspecified
05466000,POINT (-90.37749166666666 41.27224722222222),af0ecfe1-160a-4e23-8521-2427c44f5fa9,USGS-05466000,4e83c5e7-3251-d2b2-e053-0100007f909f,434,1980-05-06T06:00:00+00:00,Imported Channel 1,65.5,ft^3/s,,,,,,,,ft,Unspecified,Unspecified,Unspecified,Unspecified,Unspecified,Unknown,Unspecified,2026-06-28T02:04:20.046987+00:00,other_method,Unspecified
05466000,POINT (-90.37749166666666 41.27224722222222),b0241bea-5ecd-4e39-9a65-179e5873b307,USGS-05466000,4e83e4bf-459c-e2b4-e053-0100007f91b5,695,2013-01-29T21:57:00+00:00,05466000,73.7,ft^3/s,67.5,ft,69.0,ft^2,1.07,ft/s,,,Unspecified,Sand,Unspecified,Unspecified,Unspecified,Unknown,Wading,2026-06-28T02:04:20.046987+00:00,point_velocity,AtTheGage
05466000,POINT (-90.37749166666666 41.27224722222222),b04e3fe2-067a-4b73-9b60-e7d18c648cf9,USGS-05466000,4e83dc3b-6b86-de95-e053-0100007fc591,703,2014-08-13T18:08:00+00:00,main,24.8,ft^3/s,63.2,ft,20.6,ft^2,1.20,ft/s,,,Unspecified,Unspecified,Unspecified,Unspecified,Unspecified,Unknown,Wading,2026-06-28T02:04:20.046987+00:00,point_velocity,AtTheGage
05466000,POINT (-90.37749166666666 41.27224722222222),b1f75cfc-58cd-4d48-9579-3fba793564bf,USGS-05466000,bf07159f-5c2e-40c1-81f5-a748a5eff881,746,2021-06-15T18:03:25+00:00,Main,97.2,ft^3/s,68.0,ft,69.1,ft^2,1.41,ft/s,0.00,ft,Firm,Sand,Even,Even,Uniform,Steady,BridgeDownstreamSide,2026-06-28T02:04:20.046987+00:00,adcp,AtTheGage
05466000,POINT (-90.37749166666666 41.27224722222222),b2364afc-9db4-4047-96bf-311b9abfce50,USGS-05466000,4e83b59d-3a1c-cad0-e053-0100007f5ebb,182,1953-10-10T06:00:00+00:00,Imported Channel 1,4030,ft^3/s,,,,,,,,ft,Unspecified,Unspecified,Unspecified,Unspecified,Unspecified,Unknown,Unspecified,2026-06-28T02:04:20.046987+00:00,other_method,Unspecified
05466000,POINT (-90.37749166666666 41.27224722222222),b2c2bf84-7b63-4a66-9f3a-9b4ae86f3d7a,USGS-05466000,4e83e1f2-c869-e245-e053-0100007f7c00,633,2003-08-20T16:08:00+00:00,Imported Channel 1,7.77,ft^3/s,27.5,ft,11.5,ft^2,0.68,ft/s,,,Unspecified,Unspecified,Unspecified,Unspecified,Unspecified,Unknown,Wading,2026-06-28T02:04:20.046987+00:00,point_velocity,Unspecified
05466000,POINT (-90.37749166666666 41.27224722222222),b39b4677-7f16-4640-a10c-75201becfec0,USGS-05466000,4e83c441-a4e5-d119-e053-0100007f406c,354,1971-10-04T06:00:00+00:00,Imported Channel 1,13.8,ft^3/s,,,,,,,,ft,Unspecified,Unspecified,Unspecified,Unspecified,Unspecified,Unknown,Unspecified,2026-06-28T02:04:20.046987+00:00,other_method,Unspecified
05466000,POINT (-90.37749166666666 41.27224722222222),b3e94eed-8e1e-4e4a-93f3-c6180ed6c73e,USGS-05466000,4e83d4f8-3854-db85-e053-0100007f211a,628,2003-03-19T20:28:00+00:00,Imported Channel 1,30.7,ft^3/s,65.5,ft,32.7,ft^2,0.94,ft/s,,,Unspecified,Unspecified,Unspecified,Unspecified,Unspecified,Unknown,Wading,2026-06-28T02:04:20.046987+00:00,point_velocity,Unspecified
05466000,POINT (-90.37749166666666 41.27224722222222),b449868e-ee85-4b38-bfc7-f5a8f2bac9c8,USGS-05466000,a9896cc2-28ee-4d4c-8870-dbd18aebfe29,757,2023-05-02T17:27:09+00:00,main,101,ft^3/s,66.4,ft,68.7,ft^2,1.47,ft/s,0.00,ft,Soft,Sand,Even,Even,Standard,Steady,BridgeDownstreamSide,2026-06-28T02:04:20.046987+00:00,adcp,AtTheGage
05466000,POINT (-90.37749166666666 41.27224722222222),b4860126-1878-4589-b94a-7f30761bf949,USGS-05466000,5562a445-69c3-a92f-e053-0100007f3e62,721,2017-07-27T17:13:52+00:00,main,136,ft^3/s,63.2,ft,83.4,ft^2,1.64,ft/s,0.00,ft,Firm,Sand,Even,Even,Standard,Steady,BridgeDownstreamSide,2026-06-28T02:04:20.046987+00:00,adcp,AtTheGage
05466000,POINT (-90.37749166666666 41.27224722222222),b5079fbf-1119-436f-9a7e-c123ee5a7593,USGS-05466000,4e83ccc4-60c0-d75e-e053-0100007f0fce,649,2006-01-03T20:21:00+00:00,Imported Channel 1,15.5,ft^3/s,71.5,ft,34.2,ft^2,0.45,ft/s,,,Unspecified,Unspecified,Unspecified,Unspecified,Unspecified,Unknown,Wading,2026-06-28T02:04:20.046987+00:00,point_velocity,Unspecified
05466000,POINT (-90.37749166666666 41.27224722222222),b56a833b-c478-4fba-ab17-34cf615b018f,USGS-05466000,4e83d155-ec4a-d937-e053-0100007fae1c,574,1996-05-30T18:00:00+00:00,Imported Channel 1,580,ft^3/s,77.0,ft,258,ft^2,2.25,ft/s,,,Unspecified,Unspecified,Unspecified,Unspecified,Unspecified,Unknown,BridgeCrane,2026-06-28T02:04:20.046987+00:00,point_velocity,Unspecified
05466000,POINT (-90.37749166666666 41.27224722222222),b78221dd-215c-417b-bb84-cde43c9b48f9,USGS-05466000,4e83c925-073e-d2d4-e053-0100007f747d,459,1983-02-18T06:00:00+00:00,Imported Channel 1,110,ft^3/s,73.0,ft,89.4,ft^2,1.29,ft/s,,,Unspecified,Unspecified,Unspecified,Unspecified,Unspecified,Unknown,Wading,2026-06-28T02:04:20.046987+00:00,point_velocity,Unspecified
05466000,POINT (-90.37749166666666 41.27224722222222),b7e90124-df9e-4eb8-a8c0-339af279398c,USGS-05466000,4e83c990-6d71-d29c-e053-0100007f03e6,421,1979-01-03T06:00:00+00:00,Imported Channel 1,13.2,ft^3/s,,,,,,,,ft,Unspecified,Unspecified,Unspecified,Unspecified,Unspecified,Unknown,Unspecified,2026-06-28T02:04:20.046987+00:00,other_method,Unspecified
05466000,POINT (-90.37749166666666 41.27224722222222),b8040ce7-d491-4e57-bb5b-95c4c4215fb7,USGS-05466000,4e83d94b-c2f8-dcf4-e053-0100007f1e37,523,1989-10-04T16:05:00+00:00,Imported Channel 1,29.8,ft^3/s,30.0,ft,23.6,ft^2,1.26,ft/s,,,Unspecified,Unspecified,Unspecified,Unspecified,Unspecified,Unknown,Wading,2026-06-28T02:04:20.046987+00:00,point_velocity,Unspecified
05466000,POINT (-90.37749166666666 41.27224722222222),b969a74f-5984-46f5-94ee-b863aa0a0334,USGS-05466000,4e83c20d-f62c-d139-e053-0100007f3ce6,583,1997-08-19T11:28:00+00:00,Imported Channel 1,110,ft^3/s,65.0,ft,80.2,ft^2,1.37,ft/s,,,Unspecified,Unspecified,Unspecified,Unspecified,Unspecified,Unknown,Wading,2026-06-28T02:04:20.046987+00:00,point_velocity,Unspecified
05466000,POINT (-90.37749166666666 41.27224722222222),b97bbc02-77d9-4f93-adb5-5ca691c1281f,USGS-05466000,4e83d4a3-b810-db5c-e053-0100007f3cad,506,1988-01-20T19:05:00+00:00,Imported Channel 1,1490,ft^3/s,92.0,ft,575,ft^2,2.59,ft/s,,,Unspecified,Unspecified,Unspecified,Unspecified,Unspecified,Unknown,BridgeCrane,2026-06-28T02:04:20.046987+00:00,point_velocity,Unspecified
05466000,POINT (-90.37749166666666 41.27224722222222),ba32ecf1-2905-436b-adf5-edd2604956cb,USGS-05466000,4e83c94d-b6c4-d573-e053-0100007f6bc0,453,1982-07-08T06:00:00+00:00,Imported Channel 1,4600,ft^3/s,269,ft,1440,ft^2,3.20,ft/s,,,Unspecified,Unspecified,Unspecified,Unspecified,Unspecified,Unknown,BridgeCrane,2026-06-28T02:04:20.046987+00:00,point_velocity,Unspecified
05466000,POINT (-90.37749166666666 41.27224722222222),ba8a9ce8-8d65-49d4-8c21-e8d769cd71a1,USGS-05466000,4e83c992-faa2-d577-e053-0100007f536e,539,1991-11-13T21:35:00+00:00,Imported Channel 1,15.8,ft^3/s,60.0,ft,21.5,ft^2,0.74,ft/s,,,Unspecified,Unspecified,Unspecified,Unspecified,Unspecified,Unknown,Wading,2026-06-28T02:04:20.046987+00:00,point_velocity,Unspecified
05466000,POINT (-90.37749166666666 41.27224722222222),baea7716-eb69-4e70-a11b-59f213d11d00,USGS-05466000,4e83dd75-2edc-e004-e053-0100007f50b8,547,1993-02-02T16:20:00+00:00,Imported Channel 1,150,ft^3/s,60.0,ft,94.8,ft^2,1.58,ft/s,,,Unspecified,Unspecified,Unspecified,Unspecified,Unspecified,Unknown,Wading,2026-06-28T02:04:20.046987+00:00,point_velocity,Unspecified
05466000,POINT (-90.37749166666666 41.27224722222222),bb8a319b-bea9-47fb-890d-8bc1b3b06532,USGS-05466000,4e83bf1e-54e4-cf11-e053-0100007f5055,474,1984-10-30T06:00:00+00:00,Imported Channel 1,28.0,ft^3/s,64.0,ft,36.9,ft^2,0.76,ft/s,,,Unspecified,Unspecified,Unspecified,Unspecified,Unspecified,Unknown,Wading,2026-06-28T02:04:20.046987+00:00,point_velocity,Unspecified
05466000,POINT (-90.37749166666666 41.27224722222222),bb92ff5f-d30a-418e-8997-575353474f27,USGS-05466000,4e83ccd7-7da1-d76e-e053-0100007fe45d,331,1969-09-26T06:00:00+00:00,Imported Channel 1,17.7,ft^3/s,,,,,,,,ft,Unspecified,Unspecified,Unspecified,Unspecified,Unspecified,Unknown,Unspecified,2026-06-28T02:04:20.046987+00:00,other_method,Unspecified
05466000,POINT (-90.37749166666666 41.27224722222222),bc39fa22-8057-4b05-a36c-c25ab92b31aa,USGS-05466000,4e83c61a-b7e0-d2f8-e053-0100007f5179,447,1981-10-21T06:00:00+00:00,Imported Channel 1,76.4,ft^3/s,55.0,ft,71.3,ft^2,1.07,ft/s,,,Unspecified,Unspecified,Unspecified,Unspecified,Unspecified,Unknown,Wading,2026-06-28T02:04:20.046987+00:00,point_velocity,Unspecified
05466000,POINT (-90.37749166666666 41.27224722222222),bcdcea59-134a-413f-9865-90a97d73502a,USGS-05466000,4e83d470-ec67-daff-e053-0100007f386c,462,1983-07-06T06:00:00+00:00,Imported Channel 1,48.4,ft^3/s,69.0,ft,53.2,ft^2,0.91,ft/s,,,Unspecified,Unspecified,Unspecified,Unspecified,Unspecified,Unknown,Wading,2026-06-28T02:04:20.046987+00:00,point_velocity,Unspecified
05466000,POINT (-90.37749166666666 41.27224722222222),be0caac6-5fc5-485f-8f17-3009d5b982eb,USGS-05466000,4e83dc06-1f14-de99-e053-0100007f88e6,576,1996-09-30T21:00:00+00:00,Imported Channel 1,7.32,ft^3/s,24.0,ft,11.2,ft^2,0.65,ft/s,,,Unspecified,Unspecified,Unspecified,Unspecified,Unspecified,Unknown,Wading,2026-06-28T02:04:20.046987+00:00,point_velocity,Unspecified
05466000,POINT (-90.37749166666666 41.27224722222222),bf1e979e-6998-4e67-b995-f8e3f2804d80,USGS-05466000,4e83d4bf-09a1-dace-e053-0100007f0e4e,496,1987-01-20T06:00:00+00:00,Imported Channel 1,61.7,ft^3/s,68.0,ft,107,ft^2,0.57,ft/s,,,Unspecified,Unspecified,Unspecified,Unspecified,Unspecified,Unknown,Wading,2026-06-28T02:04:20.046987+00:00,point_velocity,Unspecified
05466000,POINT (-90.37749166666666 41.27224722222222),bf925612-58f3-4b95-b52e-98976656ffcd,USGS-05466000,731c54a1-3b7b-1649-e053-0100007fbf91,727,2018-08-09T17:54:31+00:00,main,25.0,ft^3/s,63.0,ft,25.0,ft^2,1.00,ft/s,0.00,ft,Firm,Sand,Even,Even,Standard,Steady,Wading,2026-06-28T02:04:20.046987+00:00,point_velocity,AtTheGage
05466000,POINT (-90.37749166666666 41.27224722222222),c1b05533-c874-497b-835a-4e199c4b6d6a,USGS-05466000,4e83d52c-9e39-daca-e053-0100007fc3a9,643,2004-12-13T20:37:00+00:00,Imported Channel 1,151,ft^3/s,68.5,ft,92.6,ft^2,1.63,ft/s,,,Unspecified,Unspecified,Unspecified,Unspecified,Unspecified,Unknown,Wading,2026-06-28T02:04:20.046987+00:00,point_velocity,Unspecified
05466000,POINT (-90.37749166666666 41.27224722222222),c26c4443-a99f-4b86-8cb6-69a48e6b4e78,USGS-05466000,4e83cc6c-8007-d72e-e053-0100007fb2d3,319,1968-10-08T06:00:00+00:00,Imported Channel 1,2.66,ft^3/s,,,,,,,,ft,Unspecified,Unspecified,Unspecified,Unspecified,Unspecified,Unknown,Unspecified,2026-06-28T02:04:20.046987+00:00,other_method,Unspecified
05466000,POINT (-90.37749166666666 41.27224722222222),c2d668df-54a9-461a-b248-5099f461e758,USGS-05466000,4e83def8-48e7-e08a-e053-0100007ff1b5,635,2003-12-10T14:47:00+00:00,Imported Channel 1,2160,ft^3/s,97.0,ft,736,ft^2,2.93,ft/s,,,Unspecified,Unspecified,Unspecified,Unspecified,Unspecified,Unknown,BridgeCrane,2026-06-28T02:04:20.046987+00:00,point_velocity,Unspecified
05466000,POINT (-90.37749166666666 41.27224722222222),c2f9290a-99e6-4d9c-b7f5-1271d382523f,USGS-05466000,4e83c2c5-563f-d179-e053-0100007f7676,416,1978-07-07T06:00:00+00:00,Imported Channel 1,73.0,ft^3/s,,,,,,,,ft,Unspecified,Unspecified,Unspecified,Unspecified,Unspecified,Unknown,Unspecified,2026-06-28T02:04:20.046987+00:00,other_method,Unspecified
05466000,POINT (-90.37749166666666 41.27224722222222),c3458780-c9d7-4a5c-af25-9432936e849c,USGS-05466000,4e83c8f7-1d01-d559-e053-0100007f5e3d,515,1988-11-22T15:25:00+00:00,Imported Channel 1,3.20,ft^3/s,24.0,ft,5.57,ft^2,0.57,ft/s,,,Unspecified,Unspecified,Unspecified,Unspecified,Unspecified,Unknown,Wading,2026-06-28T02:04:20.046987+00:00,point_velocity,Unspecified
05466000,POINT (-90.37749166666666 41.27224722222222),c44f4ede-d660-4e57-941b-ac6f9e0702d1,USGS-05466000,4e83d58e-5a38-dabe-e053-0100007fbc16,504,1987-10-23T14:00:00+00:00,Imported Channel 1,28.8,ft^3/s,68.0,ft,44.8,ft^2,0.64,ft/s,,,Unspecified,Unspecified,Unspecified,Unspecified,Unspecified,Unknown,Wading,2026-06-28T02:04:20.046987+00:00,point_velocity,Unspecified
05466000,POINT (-90.37749166666666 41.27224722222222),c4d105d6-ad9f-49b5-929c-2639309eae96,USGS-05466000,4e83c2e9-4dbf-d133-e053-0100007fa6ee,490,1986-07-08T06:00:00+00:00,Imported Channel 1,1290,ft^3/s,94.0,ft,521,ft^2,2.48,ft/s,,,Unspecified,Unspecified,Unspecified,Unspecified,Unspecified,Unknown,BridgeCrane,2026-06-28T02:04:20.046987+00:00,point_velocity,Unspecified
05466000,POINT (-90.37749166666666 41.27224722222222),c581fe09-dbe3-4943-b3df-ad94b4219264,USGS-05466000,4e83cc6c-8008-d72e-e053-0100007fb2d3,321,1968-12-17T06:00:00+00:00,Imported Channel 1,4.54,ft^3/s,,,,,,,,ft,Unspecified,Unspecified,Unspecified,Unspecified,Unspecified,Unknown,Unspecified,2026-06-28T02:04:20.046987+00:00,other_method,Unspecified
05466000,POINT (-90.37749166666666 41.27224722222222),c5abcd00-2218-4010-b884-9061ab565fab,USGS-05466000,4e83dfaa-8c36-e088-e053-0100007f1aa9,684,2011-06-22T16:38:00+00:00,Imported Channel 1,481,ft^3/s,70.2,ft,210,ft^2,2.26,ft/s,,ft,Unspecified,Unspecified,Unspecified,Unspecified,Unspecified,Unknown,BridgeDownstreamSide,2026-06-28T02:04:20.046987+00:00,adcp,Unspecified
05466000,POINT (-90.37749166666666 41.27224722222222),c5ae7be3-f6ef-49bc-8754-753489a27cc5,USGS-05466000,347f150e-3791-4f21-ab0d-b7d8e45943af,750,2021-11-23T18:43:26+00:00,main,78.3,ft^3/s,68.4,ft,63.9,ft^2,1.23,ft/s,0.00,ft,Firm,Sand,Even,Even,Standard,Steady,BridgeDownstreamSide,2026-06-28T02:04:20.046987+00:00,adcp,AtTheGage
05466000,POINT (-90.37749166666666 41.27224722222222),c6be7cae-cfbd-4ff4-9b23-2ae539251d95,USGS-05466000,4e83d58e-5a37-dabe-e053-0100007fbc16,491,1986-07-09T06:00:00+00:00,Imported Channel 1,2450,ft^3/s,106,ft,908,ft^2,2.70,ft/s,,,Unspecified,Unspecified,Unspecified,Unspecified,Unspecified,Unknown,BridgeCrane,2026-06-28T02:04:20.046987+00:00,point_velocity,Unspecified
05466000,POINT (-90.37749166666666 41.27224722222222),c6e714ff-4d03-4e66-a1e6-494e6a62422b,USGS-05466000,959a47dc-e998-6c17-e053-0100007ff447,736,2019-10-23T15:42:25+00:00,main,110,ft^3/s,68.0,ft,67.1,ft^2,1.64,ft/s,0.00,ft,Soft,Sand,Even,Even,Standard,Steady,BridgeDownstreamSide,2026-06-28T02:04:20.046987+00:00,adcp,AtTheGage
05466000,POINT (-90.37749166666666 41.27224722222222),c6f47f2b-9c82-4fd8-a526-153b243b7535,USGS-05466000,4e83c595-1c0d-d2a6-e053-0100007fdf09,415,1978-06-01T06:00:00+00:00,Imported Channel 1,122,ft^3/s,,,,,,,,ft,Unspecified,Unspecified,Unspecified,Unspecified,Unspecified,Unknown,Unspecified,2026-06-28T02:04:20.046987+00:00,other_method,Unspecified
05466000,POINT (-90.37749166666666 41.27224722222222),c72198bd-e918-4ad9-83c2-a32f8050e38a,USGS-05466000,4e83c672-913d-d2fe-e053-0100007faa86,94,1947-04-20T06:00:00+00:00,Imported Channel 1,2700,ft^3/s,,,,,,,,ft,Unspecified,Unspecified,Unspecified,Unspecified,Unspecified,Unknown,Unspecified,2026-06-28T02:04:20.046987+00:00,other_method,Unspecified
05466000,POINT (-90.37749166666666 41.27224722222222),c8673b56-d80a-4e84-92c1-88448549404c,USGS-05466000,4e83bfca-5ec7-d014-e053-0100007f7fa3,502,1987-08-28T14:25:00+00:00,Imported Channel 1,415,ft^3/s,69.0,ft,187,ft^2,2.22,ft/s,,,Unspecified,Unspecified,Unspecified,Unspecified,Unspecified,Unknown,BridgeCrane,2026-06-28T02:04:20.046987+00:00,point_velocity,Unspecified
05466000,POINT (-90.37749166666666 41.27224722222222),c8be61ae-e947-4b59-87df-2f28ae534f6c,USGS-05466000,4e83c441-a4e4-d119-e053-0100007f406c,353,1971-09-07T06:00:00+00:00,Imported Channel 1,4.19,ft^3/s,,,,,,,,ft,Unspecified,Unspecified,Unspecified,Unspecified,Unspecified,Unknown,Unspecified,2026-06-28T02:04:20.046987+00:00,other_method,Unspecified
05466000,POINT (-90.37749166666666 41.27224722222222),c8e7827a-ada1-4dbe-bf6f-1ca0e0817b8a,USGS-05466000,4e83d7ee-b53b-dcc2-e053-0100007fbaca,620,2002-03-07T14:28:00+00:00,Imported Channel 1,102,ft^3/s,68.5,ft,74.4,ft^2,1.37,ft/s,,,Unspecified,Unspecified,Unspecified,Unspecified,Unspecified,Unknown,Wading,2026-06-28T02:04:20.046987+00:00,point_velocity,Unspecified
05466000,POINT (-90.37749166666666 41.27224722222222),c96a9ba0-3f58-4018-bdd8-a8e6cc650168,USGS-05466000,4e83c20d-f614-d139-e053-0100007f3ce6,375,1973-12-10T06:00:00+00:00,Imported Channel 1,103,ft^3/s,,,,,,,,ft,Unspecified,Unspecified,Unspecified,Unspecified,Unspecified,Unknown,Unspecified,2026-06-28T02:04:20.046987+00:00,other_method,Unspecified
05466000,POINT (-90.37749166666666 41.27224722222222),cac2ed41-3ec2-407d-803c-61adb1b33413,USGS-05466000,4e83c8fd-7d51-d473-e053-0100007f793a,403,1977-03-10T06:00:00+00:00,Imported Channel 1,22.6,ft^3/s,,,,,,,,ft,Unspecified,Unspecified,Unspecified,Unspecified,Unspecified,Unknown,Unspecified,2026-06-28T02:04:20.046987+00:00,other_method,Unspecified
05466000,POINT (-90.37749166666666 41.27224722222222),cb386d8b-8727-4ce8-9815-1bed4a6ea61d,USGS-05466000,4e83c8c7-29c1-d2ce-e053-0100007f2514,386,1975-03-27T06:00:00+00:00,Imported Channel 1,132,ft^3/s,,,,,,,,ft,Unspecified,Unspecified,Unspecified,Unspecified,Unspecified,Unknown,Unspecified,2026-06-28T02:04:20.046987+00:00,other_method,Unspecified
05466000,POINT (-90.37749166666666 41.27224722222222),cb5d9b34-97ca-496e-8d19-66ddfcda41dd,USGS-05466000,4e83c274-e911-d13b-e053-0100007f581b,625,2002-10-16T16:17:00+00:00,Imported Channel 1,6.90,ft^3/s,42.5,ft,21.6,ft^2,0.32,ft/s,,,Unspecified,Unspecified,Unspecified,Unspecified,Unspecified,Unknown,Wading,2026-06-28T02:04:20.046987+00:00,point_velocity,Unspecified
05466000,POINT (-90.37749166666666 41.27224722222222),cbb09dca-51d2-4a0c-9cfc-164476f9f61f,USGS-05466000,4e83d94b-c2f6-dcf4-e053-0100007f1e37,521,1989-08-08T15:45:00+00:00,Imported Channel 1,2.76,ft^3/s,8.00,ft,2.56,ft^2,1.08,ft/s,,,Unspecified,Unspecified,Unspecified,Unspecified,Unspecified,Unknown,Wading,2026-06-28T02:04:20.046987+00:00,point_velocity,Unspecified
05466000,POINT (-90.37749166666666 41.27224722222222),ccab9f46-a542-4578-accf-45e7132f63fc,USGS-05466000,4e83d155-ec36-d937-e053-0100007fae1c,445,1981-07-30T06:00:00+00:00,Imported Channel 1,78.7,ft^3/s,66.0,ft,75.2,ft^2,1.05,ft/s,,,Unspecified,Unspecified,Unspecified,Unspecified,Unspecified,Unknown,Wading,2026-06-28T02:04:20.046987+00:00,point_velocity,Unspecified
05466000,POINT (-90.37749166666666 41.27224722222222),cdba6c1a-57a9-49fa-b29e-e271bfdb17e3,USGS-05466000,4e83b074-a7c3-c81b-e053-0100007f2a78,379,1974-05-27T06:00:00+00:00,Imported Channel 1,220,ft^3/s,,,,,,,,ft,Unspecified,Unspecified,Unspecified,Unspecified,Unspecified,Unknown,Unspecified,2026-06-28T02:04:20.046987+00:00,other_method,Unspecified
05466000,POINT (-90.37749166666666 41.27224722222222),cdcb8d08-13cd-49b4-97c6-acc39a2a18a6,USGS-05466000,856788c5-b017-46f0-a466-69c59ccf6f2a,742,2020-09-28T17:17:58+00:00,main,27.0,ft^3/s,52.0,ft,25.8,ft^2,1.05,ft/s,55.00,ft,Firm,Sand,Even,Even,Uniform,Steady,Wading,2026-06-28T02:04:20.046987+00:00,point_velocity,Upstream
05466000,POINT (-90.37749166666666 41.27224722222222),cfa73897-2c34-415e-a54f-3f65633736c7,USGS-05466000,4e83c843-005f-d46f-e053-0100007f1ad6,378,1974-04-18T06:00:00+00:00,Imported Channel 1,218,ft^3/s,,,,,,,,ft,Unspecified,Unspecified,Unspecified,Unspecified,Unspecified,Unknown,Unspecified,2026-06-28T02:04:20.046987+00:00,other_method,Unspecified
05466000,POINT (-90.37749166666666 41.27224722222222),d029f22d-6452-4a0e-831b-440ec5ff7be6,USGS-05466000,4e83cc6c-8006-d72e-e053-0100007fb2d3,151,1951-05-10T06:00:00+00:00,Imported Channel 1,6100,ft^3/s,,,,,,,,ft,Unspecified,Unspecified,Unspecified,Unspecified,Unspecified,Unknown,Unspecified,2026-06-28T02:04:20.046987+00:00,other_method,Unspecified
05466000,POINT (-90.37749166666666 41.27224722222222),d047736b-acbd-4542-b601-7e4afe93c769,USGS-05466000,4e83e362-a241-e2f9-e053-0100007fc020,688,2012-02-01T14:52:30+00:00,Imported Channel 1,49.7,ft^3/s,68.5,ft,48.9,ft^2,1.02,ft/s,,,Unspecified,Unspecified,Unspecified,Unspecified,Unspecified,Unknown,Wading,2026-06-28T02:04:20.046987+00:00,point_velocity,Unspecified
05466000,POINT (-90.37749166666666 41.27224722222222),d218b830-2c41-470f-9e85-c3b3d6454453,USGS-05466000,4e83d178-abaf-d8e8-e053-0100007fe90c,637,2004-02-05T20:54:00+00:00,Imported Channel 1,59.9,ft^3/s,69.0,ft,72.6,ft^2,0.82,ft/s,,,Unspecified,Unspecified,Unspecified,Unspecified,Unspecified,Unknown,Ice,2026-06-28T02:04:20.046987+00:00,point_velocity,Unspecified
05466000,POINT (-90.37749166666666 41.27224722222222),d24fdfe4-f539-4f94-b90f-8d42db4689d4,USGS-05466000,4e83be93-9f83-cf37-e053-0100007fcea2,460,1983-04-07T06:00:00+00:00,Imported Channel 1,558,ft^3/s,,,,,,,,ft,Unspecified,Unspecified,Unspecified,Unspecified,Unspecified,Unknown,Unspecified,2026-06-28T02:04:20.046987+00:00,other_method,Unspecified
05466000,POINT (-90.37749166666666 41.27224722222222),d2dcbcef-d95d-4cfd-bbcd-0fca407cfaa0,USGS-05466000,4e83d431-0b22-daec-e053-0100007f53a7,700,2014-01-14T22:38:30+00:00,MAIN,181,ft^3/s,71.0,ft,121,ft^2,1.49,ft/s,30.00,ft,Unspecified,Unspecified,Unspecified,Unspecified,Unspecified,Unknown,Wading,2026-06-28T02:04:20.046987+00:00,point_velocity,Downstream
05466000,POINT (-90.37749166666666 41.27224722222222),d34663cc-9346-4f65-9555-b4229b978a1f,USGS-05466000,4e83c364-f01b-d11d-e053-0100007f3742,399,1976-09-30T06:00:00+00:00,Imported Channel 1,2.65,ft^3/s,,,,,,,,ft,Unspecified,Unspecified,Unspecified,Unspecified,Unspecified,Unknown,Unspecified,2026-06-28T02:04:20.046987+00:00,other_method,Unspecified
05466000,POINT (-90.37749166666666 41.27224722222222),d3531e14-a291-4a3a-b979-d28ff022312b,USGS-05466000,4e83dbba-2d23-deb5-e053-0100007fef74,678,2010-07-14T14:29:00+00:00,Imported Channel 1,127,ft^3/s,69.0,ft,94.9,ft^2,1.34,ft/s,,,Unspecified,Unspecified,Unspecified,Unspecified,Unspecified,Unknown,Wading,2026-06-28T02:04:20.046987+00:00,point_velocity,Unspecified
05466000,POINT (-90.37749166666666 41.27224722222222),d36ea912-3b38-4890-adc6-7f28bed73d13,USGS-05466000,69bfeabb-169e-1531-e053-0100007f58e8,725,2018-04-11T18:59:10+00:00,main,112,ft^3/s,63.0,ft,72.7,ft^2,1.54,ft/s,10.00,ft,Firm,Sand,Even,Even,Standard,Steady,Wading,2026-06-28T02:04:20.046987+00:00,point_velocity,Upstream
05466000,POINT (-90.37749166666666 41.27224722222222),d4ef1c77-84ca-492f-a4e7-8325874bda65,USGS-05466000,4e83db45-d5fc-deb1-e053-0100007f56ee,704,2014-10-28T22:57:00+00:00,Main,69.8,ft^3/s,68.0,ft,50.0,ft^2,1.40,ft/s,10.00,ft,Soft,SiltMud,Even,Even,Standard,Unknown,Wading,2026-06-28T02:04:20.046987+00:00,point_velocity,Upstream
05466000,POINT (-90.37749166666666 41.27224722222222),d55449cb-a90d-4ecc-a7b7-b13a81fd2428,USGS-05466000,4e83be1c-5056-cf0b-e053-0100007fb1fe,461,1983-05-16T06:00:00+00:00,Imported Channel 1,83.9,ft^3/s,68.0,ft,64.7,ft^2,1.30,ft/s,,,Unspecified,Unspecified,Unspecified,Unspecified,Unspecified,Unknown,Wading,2026-06-28T02:04:20.046987+00:00,point_velocity,Unspecified
05466000,POINT (-90.37749166666666 41.27224722222222),d58c1113-0c4b-490f-b396-06f3aac6376f,USGS-05466000,85423f7b-efd0-9f7d-e053-0100007f9b6f,730,2019-03-27T16:48:56+00:00,main,128,ft^3/s,66.0,ft,85.1,ft^2,1.50,ft/s,65.00,ft,Soft,Sand,Even,Even,Standard,Steady,Wading,2026-06-28T02:04:20.046987+00:00,point_velocity,Upstream
05466000,POINT (-90.37749166666666 41.27224722222222),d63e8823-33c0-4942-9b01-ee0f4f5442f6,USGS-05466000,4e83c564-a5b0-d2ca-e053-0100007f69bd,591,1998-09-08T22:52:00+00:00,Imported Channel 1,11.5,ft^3/s,39.5,ft,14.8,ft^2,0.78,ft/s,,,Unspecified,Unspecified,Unspecified,Unspecified,Unspecified,Unknown,Wading,2026-06-28T02:04:20.046987+00:00,point_velocity,Unspecified
05466000,POINT (-90.37749166666666 41.27224722222222),d7623e4b-5cc0-43d0-bcc5-832a28ae4901,USGS-05466000,4e83d4f8-3847-db85-e053-0100007f211a,533,1991-01-09T16:20:00+00:00,Imported Channel 1,61.2,ft^3/s,67.0,ft,80.4,ft^2,0.76,ft/s,,,Unspecified,Unspecified,Unspecified,Unspecified,Unspecified,Unknown,Ice,2026-06-28T02:04:20.046987+00:00,point_velocity,Unspecified
05466000,POINT (-90.37749166666666 41.27224722222222),d969efec-4713-4295-81a0-36b2d178ee5a,USGS-05466000,4e83c8bb-048b-d49b-e053-0100007f4e97,500,1987-07-08T06:00:00+00:00,Imported Channel 1,14.4,ft^3/s,39.5,ft,18.1,ft^2,0.79,ft/s,,,Unspecified,Unspecified,Unspecified,Unspecified,Unspecified,Unknown,Wading,2026-06-28T02:04:20.046987+00:00,point_velocity,Unspecified
05466000,POINT (-90.37749166666666 41.27224722222222),d9f60aa8-186c-4a43-8d24-0d3323a5e323,USGS-05466000,53cd0a76-c613-4542-a108-73ef2c4cbbf4,755,2022-12-12T17:54:15+00:00,main,18.8,ft^3/s,62.0,ft,24.9,ft^2,0.76,ft/s,40.00,ft,Firm,Sand,Even,Even,Standard,Steady,Wading,2026-06-28T02:04:20.046987+00:00,point_velocity,Upstream
05466000,POINT (-90.37749166666666 41.27224722222222),da0c98de-79f1-4a96-9588-8ed996ab34f6,USGS-05466000,4e83b59d-3a20-cad0-e053-0100007f5ebb,341,1970-09-17T06:00:00+00:00,Imported Channel 1,259,ft^3/s,,,,,,,,ft,Unspecified,Unspecified,Unspecified,Unspecified,Unspecified,Unknown,Unspecified,2026-06-28T02:04:20.046987+00:00,other_method,Unspecified
05466000,POINT (-90.37749166666666 41.27224722222222),da207ed1-896d-4fb2-8380-8fe48819d703,USGS-05466000,4e83d4f8-3835-db85-e053-0100007f211a,405,1977-06-07T06:00:00+00:00,Imported Channel 1,7.34,ft^3/s,,,,,,,,ft,Unspecified,Unspecified,Unspecified,Unspecified,Unspecified,Unknown,Unspecified,2026-06-28T02:04:20.046987+00:00,other_method,Unspecified
05466000,POINT (-90.37749166666666 41.27224722222222),dacf7252-e79c-4342-bc3d-46dfe05b4d3e,USGS-05466000,4e83e1fe-5ea1-e249-e053-0100007fd6e4,705,2015-04-16T14:14:30+00:00,main,43.6,ft^3/s,57.0,ft,34.8,ft^2,1.25,ft/s,80.00,ft,Firm,Sand,Even,Even,Standard,Unknown,Wading,2026-06-28T02:04:20.046987+00:00,point_velocity,Downstream
05466000,POINT (-90.37749166666666 41.27224722222222),dbced9dd-dfbd-4764-91d7-d4f02124f812,USGS-05466000,4e83c988-4bba-d29a-e053-0100007fe06c,436,1980-08-01T06:00:00+00:00,Imported Channel 1,19.1,ft^3/s,,,,,,,,ft,Unspecified,Unspecified,Unspecified,Unspecified,Unspecified,Unknown,Unspecified,2026-06-28T02:04:20.046987+00:00,other_method,Unspecified
05466000,POINT (-90.37749166666666 41.27224722222222),dc78e5f5-5800-41ba-a408-ae1ce40b6397,USGS-05466000,4e83db31-9d77-deaf-e053-0100007fab1c,524,1989-11-14T17:15:00+00:00,Imported Channel 1,17.6,ft^3/s,37.0,ft,23.3,ft^2,0.76,ft/s,,,Unspecified,Unspecified,Unspecified,Unspecified,Unspecified,Unknown,Wading,2026-06-28T02:04:20.046987+00:00,point_velocity,Unspecified
05466000,POINT (-90.37749166666666 41.27224722222222),dc7d4ee4-074e-4c20-ba09-9330b1835f94,USGS-05466000,4e83d91f-b7c5-dd76-e053-0100007f8662,622,2002-05-22T15:39:00+00:00,Imported Channel 1,211,ft^3/s,68.0,ft,119,ft^2,1.77,ft/s,,,Unspecified,Unspecified,Unspecified,Unspecified,Unspecified,Unknown,Wading,2026-06-28T02:04:20.046987+00:00,point_velocity,Unspecified
05466000,POINT (-90.37749166666666 41.27224722222222),dd72ff05-b5ca-49e9-85a1-5cf6cf384ea7,USGS-05466000,4e83c621-57fb-d2fa-e053-0100007fb4ea,346,1971-02-08T06:00:00+00:00,Imported Channel 1,28.1,ft^3/s,,,,,,,,ft,Unspecified,Unspecified,Unspecified,Unspecified,Unspecified,Unknown,Unspecified,2026-06-28T02:04:20.046987+00:00,other_method,Unspecified
05466000,POINT (-90.37749166666666 41.27224722222222),ddc7447d-ad81-40ec-a3d8-0afcb0adc073,USGS-05466000,4e83c988-4bb9-d29a-e053-0100007fe06c,432,1980-02-07T06:00:00+00:00,Imported Channel 1,10.4,ft^3/s,,,,,,,,ft,Unspecified,Unspecified,Unspecified,Unspecified,Unspecified,Unknown,Unspecified,2026-06-28T02:04:20.046987+00:00,other_method,Unspecified
05466000,POINT (-90.37749166666666 41.27224722222222),de1ee852-c901-4180-9c5c-cc76dca36652,USGS-05466000,4e83dc3b-6b7c-de95-e053-0100007fc591,605,2000-08-31T19:13:00+00:00,Imported Channel 1,15.8,ft^3/s,32.0,ft,16.0,ft^2,0.99,ft/s,,,Unspecified,Unspecified,Unspecified,Unspecified,Unspecified,Unknown,Wading,2026-06-28T02:04:20.046987+00:00,point_velocity,Unspecified
05466000,POINT (-90.37749166666666 41.27224722222222),df2df1eb-6ebf-47da-bf51-15c2189385ed,USGS-05466000,4e83d940-093a-dd20-e053-0100007f5525,565,1995-10-18T22:05:00+00:00,Imported Channel 1,11.3,ft^3/s,29.0,ft,15.3,ft^2,0.74,ft/s,,,Unspecified,Unspecified,Unspecified,Unspecified,Unspecified,Unknown,Wading,2026-06-28T02:04:20.046987+00:00,point_velocity,Unspecified
05466000,POINT (-90.37749166666666 41.27224722222222),df316ae4-6ba5-42ca-8fbc-c410ff1ff0ca,USGS-05466000,4e83d454-fede-db13-e053-0100007fc2e6,670,2009-05-16T17:07:00+00:00,Imported Channel 1,3160,ft^3/s,107,ft,915,ft^2,3.12,ft/s,,ft,Unspecified,Unspecified,Unspecified,Unspecified,Unspecified,Unknown,BridgeDownstreamSide,2026-06-28T02:04:20.046987+00:00,adcp,Unspecified
05466000,POINT (-90.37749166666666 41.27224722222222),dfcf4436-7b35-482b-ba45-83a510008889,USGS-05466000,4e83dc06-1f29-de99-e053-0100007f88e6,717,2016-07-29T19:29:30+00:00,100,103,ft^3/s,54.0,ft,66.5,ft^2,1.54,ft/s,100.00,ft,Soft,SiltMud,Even,Even,NonStandard,Unknown,Wading,2026-06-28T02:04:20.046987+00:00,point_velocity,Downstream
05466000,POINT (-90.37749166666666 41.27224722222222),e0be9dd5-0ca6-439f-9766-dd654d537cc0,USGS-05466000,4e83d178-abb5-d8e8-e053-0100007fe90c,669,2009-05-05T20:58:00+00:00,Imported Channel 1,269,ft^3/s,69.0,ft,155,ft^2,1.74,ft/s,,,Unspecified,Unspecified,Unspecified,Unspecified,Unspecified,Unknown,Wading,2026-06-28T02:04:20.046987+00:00,point_velocity,Unspecified
05466000,POINT (-90.37749166666666 41.27224722222222),e0c406e2-be63-4dc5-8a16-9eaf8aadaff8,USGS-05466000,4e83d0bd-cbf5-d91f-e053-0100007f1458,548,1993-03-05T15:30:00+00:00,Imported Channel 1,1060,ft^3/s,77.0,ft,424,ft^2,2.45,ft/s,,,Unspecified,Unspecified,Unspecified,Unspecified,Unspecified,Unknown,BridgeCrane,2026-06-28T02:04:20.046987+00:00,point_velocity,Unspecified
05466000,POINT (-90.37749166666666 41.27224722222222),e188e545-08ed-4f18-bd86-516ced7855ef,USGS-05466000,4e83c797-e45f-d431-e053-0100007f0410,519,1989-05-16T16:10:00+00:00,Imported Channel 1,7.19,ft^3/s,28.0,ft,9.47,ft^2,0.76,ft/s,,,Unspecified,Unspecified,Unspecified,Unspecified,Unspecified,Unknown,Wading,2026-06-28T02:04:20.046987+00:00,point_velocity,Unspecified
05466000,POINT (-90.37749166666666 41.27224722222222),e2408f7b-ccd5-4263-9515-45ce4a6ef76d,USGS-05466000,4e83dc55-b9a5-df3b-e053-0100007fd8fb,607,2000-11-28T19:40:00+00:00,Imported Channel 1,20.0,ft^3/s,60.0,ft,26.4,ft^2,0.76,ft/s,,,Unspecified,Unspecified,Unspecified,Unspecified,Unspecified,Unknown,Wading,2026-06-28T02:04:20.046987+00:00,point_velocity,Unspecified
05466000,POINT (-90.37749166666666 41.27224722222222),e307df91-c4e9-42b5-b1d8-b5442f9519f3,USGS-05466000,4e83e2ef-c593-e2fd-e053-0100007f1b74,619,2002-01-15T20:33:00+00:00,Imported Channel 1,18.8,ft^3/s,61.0,ft,38.6,ft^2,0.49,ft/s,,,Unspecified,Unspecified,Unspecified,Unspecified,Unspecified,Unknown,Wading,2026-06-28T02:04:20.046987+00:00,point_velocity,Unspecified
05466000,POINT (-90.37749166666666 41.27224722222222),e3d22953-cfdd-4362-bf9f-ed278748ce07,USGS-05466000,4e83e6dd-2a50-e473-e053-0100007f4d30,706,2015-06-16T16:25:33+00:00,main,1240,ft^3/s,81.7,ft,464,ft^2,2.66,ft/s,,ft,Firm,Sand,Even,Even,Standard,Unknown,BridgeDownstreamSide,2026-06-28T02:04:20.046987+00:00,adcp,AtTheGage
05466000,POINT (-90.37749166666666 41.27224722222222),e4873388-d902-461e-b9b5-82cfa91f5c49,USGS-05466000,4e83de4b-3553-e068-e053-0100007ff91f,599,1999-12-09T14:36:00+00:00,Imported Channel 1,23.0,ft^3/s,72.0,ft,27.4,ft^2,0.84,ft/s,,,Unspecified,Unspecified,Unspecified,Unspecified,Unspecified,Unknown,Wading,2026-06-28T02:04:20.046987+00:00,point_velocity,Unspecified
05466000,POINT (-90.37749166666666 41.27224722222222),e5fcf454-719d-4e69-b842-c2144b00171e,USGS-05466000,4e83e4bf-459c-e2b4-e053-0100007f91b5,694,2013-01-29T20:00:00+00:00,Imported Channel 1,83.6,ft^3/s,67.5,ft,73.6,ft^2,1.14,ft/s,,,Unspecified,Unspecified,Unspecified,Unspecified,Unspecified,Unknown,Wading,2026-06-28T02:04:20.046987+00:00,point_velocity,Unspecified
05466000,POINT (-90.37749166666666 41.27224722222222),e6839ddc-0e00-4e88-87f4-fa0ad6d0750d,USGS-05466000,4e83e2ef-c591-e2fd-e053-0100007f1b74,610,2001-01-24T15:20:00+00:00,Imported Channel 1,25.1,ft^3/s,64.0,ft,36.5,ft^2,0.68,ft/s,,,Unspecified,Unspecified,Unspecified,Unspecified,Unspecified,Unknown,Ice,2026-06-28T02:04:20.046987+00:00,point_velocity,Unspecified
05466000,POINT (-90.37749166666666 41.27224722222222),e7b136d2-fca9-4b63-b96f-5eb1f6240f65,USGS-05466000,4e83c2a4-2fd5-d16f-e053-0100007fd838,485,1986-02-18T06:00:00+00:00,Imported Channel 1,278,ft^3/s,72.0,ft,194,ft^2,1.43,ft/s,,,Unspecified,Unspecified,Unspecified,Unspecified,Unspecified,Unknown,Wading,2026-06-28T02:04:20.046987+00:00,point_velocity,Unspecified
05466000,POINT (-90.37749166666666 41.27224722222222),e8195edf-cd16-4088-b0e0-89bed97ef9da,USGS-05466000,4e83d122-6de6-d8ea-e053-0100007f39b2,667,2008-11-24T21:02:00+00:00,Imported Channel 1,60.5,ft^3/s,57.6,ft,49.1,ft^2,1.23,ft/s,,,Unspecified,Unspecified,Unspecified,Unspecified,Unspecified,Unknown,Wading,2026-06-28T02:04:20.046987+00:00,point_velocity,Unspecified
05466000,POINT (-90.37749166666666 41.27224722222222),e8806b57-de2e-40d9-a33e-01baa5d835c0,USGS-05466000,4e83c91a-660d-d575-e053-0100007fdd5e,450,1982-03-12T06:00:00+00:00,Imported Channel 1,283,ft^3/s,69.0,ft,157,ft^2,1.80,ft/s,,,Unspecified,Unspecified,Unspecified,Unspecified,Unspecified,Unknown,Cableway,2026-06-28T02:04:20.046987+00:00,point_velocity,Unspecified
05466000,POINT (-90.37749166666666 41.27224722222222),e8f34259-495c-4e62-8b7f-7a156911790f,USGS-05466000,4e83c8f8-6f66-d557-e053-0100007fad8f,527,1990-03-27T14:40:00+00:00,Imported Channel 1,139,ft^3/s,60.0,ft,89.5,ft^2,1.55,ft/s,,,Unspecified,Unspecified,Unspecified,Unspecified,Unspecified,Unknown,Wading,2026-06-28T02:04:20.046987+00:00,point_velocity,Unspecified
05466000,POINT (-90.37749166666666 41.27224722222222),eb6f1270-553e-43b1-ba42-208b7b1105ba,USGS-05466000,4e83e2ef-c599-e2fd-e053-0100007f1b74,690,2012-05-16T14:57:00+00:00,Imported Channel 1,173,ft^3/s,70.0,ft,105,ft^2,1.65,ft/s,,,Unspecified,Unspecified,Unspecified,Unspecified,Unspecified,Unknown,Wading,2026-06-28T02:04:20.046987+00:00,point_velocity,Unspecified
05466000,POINT (-90.37749166666666 41.27224722222222),ebf841fb-7ce7-400d-b558-b7d88d0776fd,USGS-05466000,4e83d355-8e6c-d987-e053-0100007fb763,377,1974-03-21T06:00:00+00:00,Imported Channel 1,203,ft^3/s,,,,,,,,ft,Unspecified,Unspecified,Unspecified,Unspecified,Unspecified,Unknown,Unspecified,2026-06-28T02:04:20.046987+00:00,other_method,Unspecified
05466000,POINT (-90.37749166666666 41.27224722222222),ee7215bc-dc1a-45cb-b252-e4240f0d945f,USGS-05466000,4e83eab1-8530-e6bf-e053-0100007f776b,687,2011-12-08T21:40:30+00:00,Imported Channel 1,33.0,ft^3/s,70.0,ft,30.0,ft^2,1.10,ft/s,,,Unspecified,Unspecified,Unspecified,Unspecified,Unspecified,Unknown,Wading,2026-06-28T02:04:20.046987+00:00,point_velocity,Unspecified
05466000,POINT (-90.37749166666666 41.27224722222222),eed59cb3-9583-4572-a1fe-153166ff5b39,USGS-05466000,4e83d957-9118-dd78-e053-0100007f9387,575,1996-08-05T15:55:00+00:00,Imported Channel 1,37.2,ft^3/s,57.0,ft,33.8,ft^2,1.10,ft/s,,,Unspecified,Unspecified,Unspecified,Unspecified,Unspecified,Unknown,Wading,2026-06-28T02:04:20.046987+00:00,point_velocity,Unspecified
05466000,POINT (-90.37749166666666 41.27224722222222),efd66f9f-1f94-4fb6-abd4-beb7677f8c8c,USGS-05466000,4e83d431-0af8-daec-e053-0100007f53a7,388,1975-06-19T06:00:00+00:00,Imported Channel 1,116,ft^3/s,,,,,,,,ft,Unspecified,Unspecified,Unspecified,Unspecified,Unspecified,Unknown,Unspecified,2026-06-28T02:04:20.046987+00:00,other_method,Unspecified
05466000,POINT (-90.37749166666666 41.27224722222222),eff3c8d6-e766-4047-a468-5da69f0ae949,USGS-05466000,e9dad425-79ac-40cf-a29d-81b11eb201c2,751,2022-03-24T18:32:00+00:00,main,713,ft^3/s,79.5,ft,300,ft^2,2.38,ft/s,0.00,ft,Soft,Sand,Even,Even,Standard,Pulsating,BridgeDownstreamSide,2026-06-28T02:04:20.046987+00:00,adcp,AtTheGage
05466000,POINT (-90.37749166666666 41.27224722222222),f0249fad-896a-406f-83fe-de1d5bbd5975,USGS-05466000,4e83edc0-1fec-e852-e053-0100007f5364,707,2015-06-30T15:55:03+00:00,main,1060,ft^3/s,74.4,ft,397,ft^2,2.68,ft/s,25.00,ft,Firm,Sand,Even,Even,Standard,Unknown,BridgeDownstreamSide,2026-06-28T02:04:20.046987+00:00,adcp,Downstream
05466000,POINT (-90.37749166666666 41.27224722222222),f160f8b9-217c-46ff-b90a-294d358e0472,USGS-05466000,4e83cdba-e2a3-d748-e053-0100007f61db,553,1993-10-20T16:50:00+00:00,Imported Channel 1,88.9,ft^3/s,67.0,ft,68.6,ft^2,1.30,ft/s,,,Unspecified,Unspecified,Unspecified,Unspecified,Unspecified,Unknown,Wading,2026-06-28T02:04:20.046987+00:00,point_velocity,Unspecified
05466000,POINT (-90.37749166666666 41.27224722222222),f176b83b-7065-4fce-9d07-d4b54e9ec541,USGS-05466000,4e83c2a4-2fc5-d16f-e053-0100007fd838,75,1946-01-09T06:00:00+00:00,Imported Channel 1,2600,ft^3/s,,,,,,,,ft,Unspecified,Unspecified,Unspecified,Unspecified,Unspecified,Unknown,Unspecified,2026-06-28T02:04:20.046987+00:00,other_method,Unspecified
05466000,POINT (-90.37749166666666 41.27224722222222),f1aded63-4251-4518-8d29-6198a0004ec0,USGS-05466000,4e83b429-a66c-c9e9-e053-0100007f3898,413,1978-03-22T06:00:00+00:00,Imported Channel 1,152,ft^3/s,,,,,,,,ft,Unspecified,Unspecified,Unspecified,Unspecified,Unspecified,Unknown,Unspecified,2026-06-28T02:04:20.046987+00:00,other_method,Unspecified
05466000,POINT (-90.37749166666666 41.27224722222222),f1f5365b-e5ed-4d9b-966c-bc9bd9a15fb3,USGS-05466000,4e83c55d-dc65-d29e-e053-0100007f9603,528,1990-05-08T14:10:00+00:00,Imported Channel 1,294,ft^3/s,72.0,ft,161,ft^2,1.83,ft/s,,,Unspecified,Unspecified,Unspecified,Unspecified,Unspecified,Unknown,Wading,2026-06-28T02:04:20.046987+00:00,point_velocity,Unspecified
05466000,POINT (-90.37749166666666 41.27224722222222),f23e252a-6d7e-4fe3-bfce-fe5db369fb05,USGS-05466000,4e83e2f0-64e3-e26f-e053-0100007ff487,623,2002-07-10T15:24:00+00:00,Imported Channel 1,80.2,ft^3/s,68.0,ft,64.3,ft^2,1.25,ft/s,,,Unspecified,Unspecified,Unspecified,Unspecified,Unspecified,Unknown,Wading,2026-06-28T02:04:20.046987+00:00,point_velocity,Unspecified
05466000,POINT (-90.37749166666666 41.27224722222222),f293db27-045e-469d-ae79-aa544bdda4fc,USGS-05466000,4e83db45-d5ef-deb1-e053-0100007f56ee,608,2000-12-19T20:15:00+00:00,Imported Channel 1,20.0,ft^3/s,63.0,ft,32.6,ft^2,0.61,ft/s,,,Unspecified,Unspecified,Unspecified,Unspecified,Unspecified,Unknown,BridgeCrane,2026-06-28T02:04:20.046987+00:00,point_velocity,Unspecified
05466000,POINT (-90.37749166666666 41.27224722222222),f3142f74-4a9a-49e0-b811-ce84c720af16,USGS-05466000,4e83df47-a449-e08e-e053-0100007fe15a,645,2005-02-17T19:41:00+00:00,Imported Channel 1,190,ft^3/s,68.0,ft,107,ft^2,1.78,ft/s,,,Unspecified,Unspecified,Unspecified,Unspecified,Unspecified,Unknown,Wading,2026-06-28T02:04:20.046987+00:00,point_velocity,Unspecified
05466000,POINT (-90.37749166666666 41.27224722222222),f38ea563-1c28-47f5-b11d-f04c3bcbe49b,USGS-05466000,4e83be1c-5050-cf0b-e053-0100007fb1fe,423,1979-03-22T06:00:00+00:00,Imported Channel 1,578,ft^3/s,,,,,,,,ft,Unspecified,Unspecified,Unspecified,Unspecified,Unspecified,Unknown,Unspecified,2026-06-28T02:04:20.046987+00:00,other_method,Unspecified
05466000,POINT (-90.37749166666666 41.27224722222222),f3905af7-e49b-4e1e-9697-7062d0baebac,USGS-05466000,4e83c274-e916-d13b-e053-0100007f581b,676,2010-05-10T16:41:00+00:00,Imported Channel 1,293,ft^3/s,65.5,ft,150,ft^2,1.94,ft/s,,ft,Unspecified,Unspecified,Unspecified,Unspecified,Unspecified,Unknown,BridgeDownstreamSide,2026-06-28T02:04:20.046987+00:00,adcp,Unspecified
05466000,POINT (-90.37749166666666 41.27224722222222),f403b2d6-fbe9-4816-bac0-e21911a2d8e6,USGS-05466000,4e83d425-7829-dae6-e053-0100007f0330,389,1975-07-24T06:00:00+00:00,Imported Channel 1,49.2,ft^3/s,,,,,,,,ft,Unspecified,Unspecified,Unspecified,Unspecified,Unspecified,Unknown,Unspecified,2026-06-28T02:04:20.046987+00:00,other_method,Unspecified
05466000,POINT (-90.37749166666666 41.27224722222222),f410db7c-5365-47ea-88e6-3a6299acb86e,USGS-05466000,4e83dc3d-b82e-df3f-e053-0100007f197a,692,2012-10-04T16:53:00+00:00,edwards r orion,2.97,ft^3/s,26.0,ft,12.6,ft^2,0.24,ft/s,200.00,ft,Soft,Sand,Unspecified,Unspecified,Unspecified,Unknown,Wading,2026-06-28T02:04:20.046987+00:00,point_velocity,Upstream
05466000,POINT (-90.37749166666666 41.27224722222222),f4b2af46-79c6-44e1-82ed-ef9570437c02,USGS-05466000,89a51228-69f5-3fdb-e053-0100007fcbc3,732,2019-05-23T18:32:39+00:00,main,1070,ft^3/s,79.5,ft,393,ft^2,2.72,ft/s,0.00,ft,Soft,Sand,Even,Even,Standard,Steady,BridgeDownstreamSide,2026-06-28T02:04:20.046987+00:00,adcp,AtTheGage
05466000,POINT (-90.37749166666666 41.27224722222222),f5203209-77e2-44c5-ba8a-f3dd1af0ce00,USGS-05466000,4e83e20a-5ec6-e247-e053-0100007f903e,634,2003-10-15T18:53:00+00:00,Imported Channel 1,6.82,ft^3/s,16.5,ft,8.99,ft^2,0.76,ft/s,,,Unspecified,Unspecified,Unspecified,Unspecified,Unspecified,Unknown,Wading,2026-06-28T02:04:20.046987+00:00,point_velocity,Unspecified
05466000,POINT (-90.37749166666666 41.27224722222222),f5f9c47a-f7f4-4fd2-8501-1be201173079,USGS-05466000,4e83c579-7113-d2e0-e053-0100007fa668,380,1974-08-17T06:00:00+00:00,Imported Channel 1,26.6,ft^3/s,,,,,,,,ft,Unspecified,Unspecified,Unspecified,Unspecified,Unspecified,Unknown,Unspecified,2026-06-28T02:04:20.046987+00:00,other_method,Unspecified
05466000,POINT (-90.37749166666666 41.27224722222222),f68fa8f9-ca77-456c-b549-5e4b6b3225a6,USGS-05466000,4e83bb68-2fe7-cdad-e053-0100007f359b,409,1977-11-09T06:00:00+00:00,Imported Channel 1,424,ft^3/s,,,,,,,,ft,Unspecified,Unspecified,Unspecified,Unspecified,Unspecified,Unknown,Unspecified,2026-06-28T02:04:20.046987+00:00,other_method,Unspecified
05466000,POINT (-90.37749166666666 41.27224722222222),f69fb9c7-1bc9-4514-9801-c437dc96b43d,USGS-05466000,878579d3-33b2-473f-94be-c9a5061b3a61,737,2019-12-09T18:15:48+00:00,main,167,ft^3/s,71.1,ft,93.1,ft^2,1.79,ft/s,0.00,ft,Firm,Sand,Even,Even,Standard,Steady,BridgeDownstreamSide,2026-06-28T02:04:20.046987+00:00,adcp,AtTheGage
05466000,POINT (-90.37749166666666 41.27224722222222),f6fb84aa-b7a9-4896-9f70-b4029341b1a0,USGS-05466000,4e83cd0a-c4b5-d75c-e053-0100007f2659,510,1988-06-29T17:20:00+00:00,Imported Channel 1,18.7,ft^3/s,26.0,ft,16.0,ft^2,1.17,ft/s,,,Unspecified,Unspecified,Unspecified,Unspecified,Unspecified,Unknown,Wading,2026-06-28T02:04:20.046987+00:00,point_velocity,Unspecified
05466000,POINT (-90.37749166666666 41.27224722222222),f768e833-c81d-4ec3-a78d-2bac09ae80c8,USGS-05466000,4e83de69-d78e-e06a-e053-0100007fd78e,677,2010-05-13T17:06:00+00:00,Imported Channel 1,4280,ft^3/s,189,ft,1470,ft^2,2.91,ft/s,,ft,Unspecified,Unspecified,Unspecified,Unspecified,Unspecified,Unknown,BridgeDownstreamSide,2026-06-28T02:04:20.046987+00:00,adcp,Unspecified
05466000,POINT (-90.37749166666666 41.27224722222222),f92f2e27-4380-427d-9fe6-7aed09bd9b39,USGS-05466000,4e83c843-0059-d46f-e053-0100007f1ad6,349,1971-05-26T06:00:00+00:00,Imported Channel 1,27.5,ft^3/s,,,,,,,,ft,Unspecified,Unspecified,Unspecified,Unspecified,Unspecified,Unknown,Unspecified,2026-06-28T02:04:20.046987+00:00,other_method,Unspecified
05466000,POINT (-90.37749166666666 41.27224722222222),f9b08e6c-0e53-4429-a5ae-6f057e744677,USGS-05466000,4e83d599-2b94-dafd-e053-0100007f8c90,615,2001-07-10T17:20:00+00:00,Imported Channel 1,77.6,ft^3/s,68.0,ft,57.4,ft^2,1.35,ft/s,,,Unspecified,Unspecified,Unspecified,Unspecified,Unspecified,Unknown,Wading,2026-06-28T02:04:20.046987+00:00,point_velocity,Unspecified
05466000,POINT (-90.37749166666666 41.27224722222222),f9ca0ecf-c99b-48db-aa14-b9abf4254a9a,USGS-05466000,4e83ccc4-60cb-d75e-e053-0100007f0fce,696,2013-03-19T18:55:00+00:00,Edwards r. nr. Orion Il.,121,ft^3/s,68.0,ft,80.4,ft^2,1.50,ft/s,,,Soft,Sand,Unspecified,Unspecified,Unspecified,Unknown,Wading,2026-06-28T02:04:20.046987+00:00,point_velocity,AtTheGage
05466000,POINT (-90.37749166666666 41.27224722222222),fa1c8662-e3b5-489d-a66e-2517620211bf,USGS-05466000,4e83def8-48fa-e08a-e053-0100007ff1b5,712,2016-03-10T14:49:30+00:00,main,67.5,ft^3/s,62.0,ft,48.9,ft^2,1.38,ft/s,100.00,ft,Firm,Sand,Even,Even,Standard,Unknown,Wading,2026-06-28T02:04:20.046987+00:00,point_velocity,Downstream
05466000,POINT (-90.37749166666666 41.27224722222222),fa1eb037-8c1b-4bd8-9644-8bc42e28df5f,USGS-05466000,4e83be4c-0fb9-cf31-e053-0100007f8a32,437,1980-09-11T06:00:00+00:00,Imported Channel 1,61.9,ft^3/s,,,,,,,,ft,Unspecified,Unspecified,Unspecified,Unspecified,Unspecified,Unknown,Unspecified,2026-06-28T02:04:20.046987+00:00,other_method,Unspecified
05466000,POINT (-90.37749166666666 41.27224722222222),fa77383f-0fc3-47ee-af7c-ae1005253e90,USGS-05466000,4e83e9e8-d4c3-e66d-e053-0100007fc664,719,2017-03-07T19:12:45+00:00,main,80.3,ft^3/s,62.0,ft,58.6,ft^2,1.37,ft/s,,ft,Firm,Sand,Even,Unspecified,Standard,Unknown,BridgeDownstreamSide,2026-06-28T02:04:20.046987+00:00,adcp,AtTheGage
05466000,POINT (-90.37749166666666 41.27224722222222),faa8ef44-0345-4168-8c81-969fc4fae4b9,USGS-05466000,4e83c988-4bbc-d29a-e053-0100007fe06c,440,1981-01-15T06:00:00+00:00,Imported Channel 1,23.3,ft^3/s,58.0,ft,53.4,ft^2,0.44,ft/s,,,Unspecified,Unspecified,Unspecified,Unspecified,Unspecified,Unknown,Ice,2026-06-28T02:04:20.046987+00:00,point_velocity,Unspecified
05466000,POINT (-90.37749166666666 41.27224722222222),fbbe9b0a-8569-407a-9c95-e6e819f27309,USGS-05466000,4e83bdcb-2973-ced4-e053-0100007fd7b4,507,1988-03-02T20:22:00+00:00,Imported Channel 1,83.7,ft^3/s,68.0,ft,70.8,ft^2,1.18,ft/s,,,Unspecified,Unspecified,Unspecified,Unspecified,Unspecified,Unknown,Wading,2026-06-28T02:04:20.046987+00:00,point_velocity,Unspecified
05466000,POINT (-90.37749166666666 41.27224722222222),fc1c8d1e-2120-4689-a62c-db395ef29893,USGS-05466000,26f056ec-033c-4990-9fa5-b39d9d235e8e,748,2021-08-05T17:45:46+00:00,main,67.2,ft^3/s,66.0,ft,51.1,ft^2,1.32,ft/s,55.00,ft,Firm,Sand,Even,Even,Standard,Steady,Wading,2026-06-28T02:04:20.046987+00:00,point_velocity,Upstream
05466000,POINT (-90.37749166666666 41.27224722222222),fc2c7c77-7bcd-44af-ba3e-ca9e466e5d7e,USGS-05466000,ebdf9589-af13-4a16-b1df-f9ca63f85b9a,753,2022-07-27T17:44:50+00:00,753,58.3,ft^3/s,67.0,ft,44.8,ft^2,1.30,ft/s,60.00,ft,Firm,Sand,Even,Even,Standard,Steady,Wading,2026-06-28T02:04:20.046987+00:00,point_velocity,Upstream
05466000,POINT (-90.37749166666666 41.27224722222222),fcd75cde-81e1-44df-aebc-4f59538dfaca,USGS-05466000,60ce6229-60a0-d8ae-e053-0100007f47c7,724,2017-12-18T18:49:23+00:00,main,20.0,ft^3/s,61.0,ft,24.8,ft^2,0.81,ft/s,10.00,ft,Firm,Sand,Even,Even,Standard,Steady,Wading,2026-06-28T02:04:20.046987+00:00,point_velocity,Upstream
05466000,POINT (-90.37749166666666 41.27224722222222),fe150f86-c739-4fde-b5ff-19e3f6cc46e0,USGS-05466000,4e83dbba-2d37-deb5-e053-0100007fef74,713,2016-05-09T20:24:30+00:00,main,138,ft^3/s,63.0,ft,82.7,ft^2,1.68,ft/s,100.00,ft,Firm,Sand,Even,Even,NonStandard,Unknown,Wading,2026-06-28T02:04:20.046987+00:00,point_velocity,Downstream
05466000,POINT (-90.37749166666666 41.27224722222222),fe4ef94b-5fbe-43fc-96bd-c0dab6ede634,USGS-05466000,4e83bf31-49ab-cf35-e053-0100007fe2ee,566,1995-11-30T20:10:00+00:00,Imported Channel 1,63.6,ft^3/s,62.0,ft,51.5,ft^2,1.23,ft/s,,,Unspecified,Unspecified,Unspecified,Unspecified,Unspecified,Unknown,Wading,2026-06-28T02:04:20.046987+00:00,point_velocity,Unspecified
05466000,POINT (-90.37749166666666 41.27224722222222),fe6b9a8d-8daf-41b5-864c-7670d2aa6e8d,USGS-05466000,4e83dbba-2d18-deb5-e053-0100007fef74,560,1994-12-13T16:40:00+00:00,Imported Channel 1,122,ft^3/s,66.0,ft,81.4,ft^2,1.50,ft/s,,,Unspecified,Unspecified,Unspecified,Unspecified,Unspecified,Unknown,Wading,2026-06-28T02:04:20.046987+00:00,point_velocity,Unspecified
05466000,POINT (-90.37749166666666 41.27224722222222),ff6e0b25-8d90-403c-b91e-0014af11c908,USGS-05466000,4e83d49e-ffe3-db15-e053-0100007f753e,549,1993-04-06T23:05:00+00:00,Imported Channel 1,212,ft^3/s,61.0,ft,112,ft^2,1.89,ft/s,,,Unspecified,Unspecified,Unspecified,Unspecified,Unspecified,Unknown,Wading,2026-06-28T02:04:20.046987+00:00,point_velocity,Unspecified
05466000,POINT (-90.37749166666666 41.27224722222222),ffea2812-0984-425a-9d02-b6ce121cc789,USGS-05466000,4e83d4b7-2071-db5e-e053-0100007f109e,398,1976-08-12T06:00:00+00:00,Imported Channel 1,23.1,ft^3/s,,,,,,,,ft,Unspecified,Unspecified,Unspecified,Unspecified,Unspecified,Unknown,Unspecified,2026-06-28T02:04:20.046987+00:00,other_method,Unspecified
