site_id,geometry,id,monitoring_location_id,field_visit_id,measurement_number,time,channel_name,channel_flow,channel_flow_unit,channel_width,channel_width_unit,channel_area,channel_area_unit,channel_velocity,channel_velocity_unit,channel_location_distance,channel_location_distance_unit,channel_stability,channel_material,channel_evenness,horizontal_velocity_description,vertical_velocity_description,longitudinal_velocity_description,measurement_type,last_modified,channel_measurement_type,channel_location_direction
05463500,POINT (-92.4632472222222 42.4077638888889),00166ae7-3019-45cf-8890-1c82656bc6a7,USGS-05463500,4e65472f-873d-ba01-e053-0100007fb27b,437,1987-02-25T14:25:00+00:00,Imported Channel 1,116,ft^3/s,71.0,ft,90.1,ft^2,1.29,ft/s,,,Unspecified,Unspecified,Unspecified,Unspecified,Unspecified,Unknown,Wading,2026-06-26T16:20:30.298917+00:00,point_velocity,Unspecified
05463500,POINT (-92.4632472222222 42.4077638888889),0109e9cf-5493-432a-9817-3958026a8909,USGS-05463500,4e655888-dd65-c2dc-e053-0100007fcc44,378,1980-09-09T14:35:00+00:00,Imported Channel 1,35.9,ft^3/s,43.0,ft,26.8,ft^2,1.34,ft/s,,,Unspecified,Unspecified,Unspecified,Unspecified,Unspecified,Unknown,Unspecified,2026-06-26T16:20:30.298917+00:00,point_velocity,Unspecified
05463500,POINT (-92.4632472222222 42.4077638888889),0122e294-415f-4207-88b0-b250e56ac840,USGS-05463500,4e65551f-ea5e-c131-e053-0100007fbd2e,159,1963-01-14T17:25:00+00:00,Imported Channel 1,21.0,ft^3/s,44.0,ft,40.2,ft^2,0.52,ft/s,,,Unspecified,Unspecified,Unspecified,Unspecified,Unspecified,Unknown,Unspecified,2026-06-26T16:20:30.298917+00:00,point_velocity,Unspecified
05463500,POINT (-92.4632472222222 42.4077638888889),01383954-2c1c-43e7-b4c6-c1ce4eb46b0c,USGS-05463500,4e653c65-dcfd-b508-e053-0100007f6e84,75,1957-07-08T16:20:00+00:00,Imported Channel 1,61.1,ft^3/s,52.0,ft,47.4,ft^2,1.29,ft/s,,,Unspecified,Unspecified,Unspecified,Unspecified,Unspecified,Unknown,Wading,2026-06-26T16:20:30.298917+00:00,point_velocity,Unspecified
05463500,POINT (-92.4632472222222 42.4077638888889),01435d52-c343-4d4a-94de-787d1197afeb,USGS-05463500,8a187c17-8d3c-4a14-8eb9-fc3d1d3d1f84,704,2025-07-28T15:49:10+00:00,Main,532,ft^3/s,89.9,ft,303,ft^2,1.75,ft/s,10.00,ft,Soft,SiltMud,Uneven,Uneven,Standard,Pulsating,BridgeDownstreamSide,2026-06-26T16:20:30.298917+00:00,adcp,Downstream
05463500,POINT (-92.4632472222222 42.4077638888889),015263e1-2f87-43fb-9478-051de1c94435,USGS-05463500,4e6535e8-3e8b-b0e0-e053-0100007ff514,83,1957-12-02T16:15:00+00:00,Imported Channel 1,85.0,ft^3/s,43.0,ft,75.4,ft^2,1.13,ft/s,,,Unspecified,Unspecified,Unspecified,Unspecified,Unspecified,Unknown,Wading,2026-06-26T16:20:30.298917+00:00,point_velocity,Unspecified
05463500,POINT (-92.4632472222222 42.4077638888889),01c96fd5-32db-4936-a453-8d9df180a6be,USGS-05463500,4e651f75-2854-a694-e053-0100007fa94a,36,1954-09-07T17:48:00+00:00,Imported Channel 1,72.7,ft^3/s,46.0,ft,42.3,ft^2,1.72,ft/s,,,Unspecified,Unspecified,Unspecified,Unspecified,Unspecified,Unknown,Wading,2026-06-26T16:20:30.298917+00:00,point_velocity,Unspecified
05463500,POINT (-92.4632472222222 42.4077638888889),01f8df31-9aa9-4ab2-a230-4817f4c5f397,USGS-05463500,4e653f7a-ae42-b66a-e053-0100007f0998,506,1995-02-23T15:00:00+00:00,Imported Channel 1,589,ft^3/s,97.0,ft,494,ft^2,1.19,ft/s,,,Unspecified,Unspecified,Unspecified,Unspecified,Unspecified,Unknown,BridgeCrane,2026-06-26T16:20:30.298917+00:00,point_velocity,Unspecified
05463500,POINT (-92.4632472222222 42.4077638888889),027eca70-7862-4eae-bb5f-67286298cc67,USGS-05463500,4e654002-3e29-b66d-e053-0100007ff524,27,1954-05-03T15:40:00+00:00,Imported Channel 1,748,ft^3/s,163,ft,663,ft^2,1.13,ft/s,,,Unspecified,Unspecified,Unspecified,Unspecified,Unspecified,Unknown,BridgeCrane,2026-06-26T16:20:30.298917+00:00,point_velocity,Unspecified
05463500,POINT (-92.4632472222222 42.4077638888889),036dd06e-7941-424b-acbf-cdd808fdb9c4,USGS-05463500,4e653523-6356-b140-e053-0100007f723e,31,1954-06-01T18:00:00+00:00,Imported Channel 1,621,ft^3/s,158,ft,514,ft^2,1.21,ft/s,,,Unspecified,Unspecified,Unspecified,Unspecified,Unspecified,Unknown,BridgeCrane,2026-06-26T16:20:30.298917+00:00,point_velocity,Unspecified
05463500,POINT (-92.4632472222222 42.4077638888889),03951349-47f3-4ead-ad74-d547a38d7b93,USGS-05463500,4e652e67-d6d7-adb4-e053-0100007fbcd3,501,1994-08-01T19:51:00+00:00,Imported Channel 1,188,ft^3/s,86.0,ft,213,ft^2,0.88,ft/s,,,Unspecified,Unspecified,Unspecified,Unspecified,Unspecified,Unknown,BridgeCrane,2026-06-26T16:20:30.298917+00:00,point_velocity,Unspecified
05463500,POINT (-92.4632472222222 42.4077638888889),039acb70-5886-4ca3-9f1c-422ca0bf4792,USGS-05463500,4e6549d9-c1c0-ba07-e053-0100007f074f,464,1990-03-28T19:55:00+00:00,Imported Channel 1,49.5,ft^3/s,59.0,ft,52.2,ft^2,0.95,ft/s,,,Unspecified,Unspecified,Unspecified,Unspecified,Unspecified,Unknown,Wading,2026-06-26T16:20:30.298917+00:00,point_velocity,Unspecified
05463500,POINT (-92.4632472222222 42.4077638888889),041ab6f2-c50a-4fe4-9fa2-e7e81c0069b3,USGS-05463500,4e652324-b94b-a869-e053-0100007fef36,74,1957-06-04T23:20:00+00:00,Imported Channel 1,159,ft^3/s,54.0,ft,129,ft^2,1.23,ft/s,,,Unspecified,Unspecified,Unspecified,Unspecified,Unspecified,Unknown,Wading,2026-06-26T16:20:30.298917+00:00,point_velocity,Unspecified
05463500,POINT (-92.4632472222222 42.4077638888889),042b98f5-c591-425c-999e-430d9ab038c3,USGS-05463500,4e654300-d88b-b83a-e053-0100007f20c9,463,1990-03-09T21:00:00+00:00,Imported Channel 1,637,ft^3/s,100,ft,463,ft^2,1.38,ft/s,,,Unspecified,Unspecified,Unspecified,Unspecified,Unspecified,Unknown,BridgeCrane,2026-06-26T16:20:30.298917+00:00,point_velocity,Unspecified
05463500,POINT (-92.4632472222222 42.4077638888889),0469cf56-50af-4b46-93e7-ed5624f5e371,USGS-05463500,4e654723-c5e2-ba2f-e053-0100007f3d30,96,1958-08-26T14:15:00+00:00,Imported Channel 1,73.4,ft^3/s,36.0,ft,52.2,ft^2,1.41,ft/s,,,Unspecified,Unspecified,Unspecified,Unspecified,Unspecified,Unknown,Unspecified,2026-06-26T16:20:30.298917+00:00,point_velocity,Unspecified
05463500,POINT (-92.4632472222222 42.4077638888889),04ad2e87-b57c-4edb-a29e-07e9665891b9,USGS-05463500,4e653f7c-5dc3-b64a-e053-0100007f79f3,53,1956-01-30T16:15:00+00:00,Imported Channel 1,2.14,ft^3/s,15.0,ft,4.84,ft^2,0.44,ft/s,,,Unspecified,Unspecified,Unspecified,Unspecified,Unspecified,Unknown,Wading,2026-06-26T16:20:30.298917+00:00,point_velocity,Unspecified
05463500,POINT (-92.4632472222222 42.4077638888889),053d93ff-8e96-4f74-849f-cc33200c473b,USGS-05463500,4e6548e7-85c0-bae8-e053-0100007f3ff2,462,1990-02-22T14:35:00+00:00,Imported Channel 1,5.98,ft^3/s,28.0,ft,16.3,ft^2,0.36,ft/s,,,Unspecified,Unspecified,Unspecified,Unspecified,Unspecified,Unknown,Ice,2026-06-26T16:20:30.298917+00:00,point_velocity,Unspecified
05463500,POINT (-92.4632472222222 42.4077638888889),05cf589e-4b31-4436-97c0-968cec4e6a15,USGS-05463500,4e655bc0-f213-c4d7-e053-0100007fef37,315,1974-06-25T12:55:00+00:00,Imported Channel 1,793,ft^3/s,106,ft,570,ft^2,1.39,ft/s,,,Unspecified,Unspecified,Unspecified,Unspecified,Unspecified,Unknown,Unspecified,2026-06-26T16:20:30.298917+00:00,point_velocity,Unspecified
05463500,POINT (-92.4632472222222 42.4077638888889),06090497-c99c-498a-ab07-7b33106784f7,USGS-05463500,4e655be0-aea9-c4d5-e053-0100007f2728,363,1979-02-20T15:55:00+00:00,Imported Channel 1,42.8,ft^3/s,66.0,ft,43.4,ft^2,0.99,ft/s,,,Unspecified,Unspecified,Unspecified,Unspecified,Unspecified,Unknown,Unspecified,2026-06-26T16:20:30.298917+00:00,point_velocity,Unspecified
05463500,POINT (-92.4632472222222 42.4077638888889),0618ba56-0dc0-4dba-896c-b39800b105cf,USGS-05463500,4e6554fe-6fb1-c0ef-e053-0100007fa61d,353,1978-03-23T19:10:00+00:00,Imported Channel 1,820,ft^3/s,102,ft,432,ft^2,1.90,ft/s,,,Unspecified,Unspecified,Unspecified,Unspecified,Unspecified,Unknown,Unspecified,2026-06-26T16:20:30.298917+00:00,point_velocity,Unspecified
05463500,POINT (-92.4632472222222 42.4077638888889),06353b37-0aab-4cb9-a21f-4ed8d7165f08,USGS-05463500,4e6549d9-c1c2-ba07-e053-0100007f074f,474,1991-02-20T21:40:00+00:00,Imported Channel 1,85.3,ft^3/s,75.0,ft,145,ft^2,0.55,ft/s,,,Unspecified,Unspecified,Unspecified,Unspecified,Unspecified,Unknown,Ice,2026-06-26T16:20:30.298917+00:00,point_velocity,Unspecified
05463500,POINT (-92.4632472222222 42.4077638888889),07cdc313-2127-4714-a78c-714a59108ff5,USGS-05463500,4e6558b6-ea59-c341-e053-0100007f37b9,349,1977-12-13T13:55:00+00:00,Imported Channel 1,12.3,ft^3/s,44.0,ft,19.6,ft^2,0.63,ft/s,,,Unspecified,Unspecified,Unspecified,Unspecified,Unspecified,Unknown,Unspecified,2026-06-26T16:20:30.298917+00:00,point_velocity,Unspecified
05463500,POINT (-92.4632472222222 42.4077638888889),0892d27a-40aa-4cf6-99ff-761d63738ce9,USGS-05463500,4e653bbc-1f82-b2dd-e053-0100007f722f,209,1966-02-10T19:15:00+00:00,Imported Channel 1,1520,ft^3/s,177,ft,941,ft^2,1.53,ft/s,,,Unspecified,Unspecified,Unspecified,Unspecified,Unspecified,Unknown,Unspecified,2026-06-26T16:20:30.298917+00:00,point_velocity,Unspecified
05463500,POINT (-92.4632472222222 42.4077638888889),08eae67f-b510-4bb0-9f67-a6e42de87857,USGS-05463500,4e65434a-0712-b84a-e053-0100007f4e03,250,1968-12-30T19:35:00+00:00,Imported Channel 1,70.4,ft^3/s,55.0,ft,50.7,ft^2,1.39,ft/s,,,Unspecified,Unspecified,Unspecified,Unspecified,Unspecified,Unknown,Unspecified,2026-06-26T16:20:30.298917+00:00,point_velocity,Unspecified
05463500,POINT (-92.4632472222222 42.4077638888889),09a7a6d7-5249-4884-8a48-a17985f30ffa,USGS-05463500,4e6558b6-ea65-c341-e053-0100007f37b9,376,1980-06-16T19:10:00+00:00,Imported Channel 1,1320,ft^3/s,175,ft,758,ft^2,1.74,ft/s,,,Unspecified,Unspecified,Unspecified,Unspecified,Unspecified,Unknown,Unspecified,2026-06-26T16:20:30.298917+00:00,point_velocity,Unspecified
05463500,POINT (-92.4632472222222 42.4077638888889),09e2fdf1-b815-4760-9fc6-d5ec26094709,USGS-05463500,4e6552a8-836c-bda1-e053-0100007f8cf2,252,1969-02-20T16:55:00+00:00,Imported Channel 1,49.5,ft^3/s,36.0,ft,52.2,ft^2,0.95,ft/s,,,Unspecified,Unspecified,Unspecified,Unspecified,Unspecified,Unknown,Unspecified,2026-06-26T16:20:30.298917+00:00,point_velocity,Unspecified
05463500,POINT (-92.4632472222222 42.4077638888889),0a061f7d-6ee4-446a-90df-12cddd253cd1,USGS-05463500,4e655541-eb50-c14a-e053-0100007f3945,390,1981-11-16T19:20:00+00:00,Imported Channel 1,40.0,ft^3/s,44.0,ft,43.3,ft^2,0.92,ft/s,,,Unspecified,Unspecified,Unspecified,Unspecified,Unspecified,Unknown,Unspecified,2026-06-26T16:20:30.298917+00:00,point_velocity,Unspecified
05463500,POINT (-92.4632472222222 42.4077638888889),0a510820-24cb-421b-8d10-c01a324052d5,USGS-05463500,4e653fc4-86cc-b648-e053-0100007f877a,314,1974-05-14T13:50:00+00:00,Imported Channel 1,323,ft^3/s,89.0,ft,200,ft^2,1.62,ft/s,,,Unspecified,Unspecified,Unspecified,Unspecified,Unspecified,Unknown,Unspecified,2026-06-26T16:20:30.298917+00:00,point_velocity,Unspecified
05463500,POINT (-92.4632472222222 42.4077638888889),0bc99ff6-fca0-4fa2-98fe-f936e8b4cc0f,USGS-05463500,4e65584e-12ab-c2e9-e053-0100007f0ee1,298,1972-06-29T12:55:00+00:00,Imported Channel 1,178,ft^3/s,50.0,ft,89.6,ft^2,1.99,ft/s,,,Unspecified,Unspecified,Unspecified,Unspecified,Unspecified,Unknown,Unspecified,2026-06-26T16:20:30.298917+00:00,point_velocity,Unspecified
05463500,POINT (-92.4632472222222 42.4077638888889),0be4ada7-024a-45a9-8ab7-a5d479dc59c8,USGS-05463500,4e6542ca-8f2f-b83c-e053-0100007f61c3,571,2008-03-18T17:07:00+00:00,Imported Channel 1,1390,ft^3/s,86.4,ft,630,ft^2,2.21,ft/s,,ft,Unspecified,Unspecified,Unspecified,Unspecified,Unspecified,Unknown,Unspecified,2026-06-26T16:20:30.298917+00:00,adcp,Unspecified
05463500,POINT (-92.4632472222222 42.4077638888889),0c830249-62a1-4d4c-9620-70cc9c3aa919,USGS-05463500,4e654ed8-9856-bd3a-e053-0100007febbb,169,1963-09-10T17:40:00+00:00,Imported Channel 1,18.6,ft^3/s,26.0,ft,17.0,ft^2,1.09,ft/s,,,Unspecified,Unspecified,Unspecified,Unspecified,Unspecified,Unknown,Unspecified,2026-06-26T16:20:30.298917+00:00,point_velocity,Unspecified
05463500,POINT (-92.4632472222222 42.4077638888889),0cc8d09a-ef27-4bb3-93d5-8255b5faefce,USGS-05463500,4e653643-140e-b13c-e053-0100007f8cd6,157,1962-11-05T16:45:00+00:00,Imported Channel 1,38.8,ft^3/s,34.0,ft,33.9,ft^2,1.14,ft/s,,,Unspecified,Unspecified,Unspecified,Unspecified,Unspecified,Unknown,Unspecified,2026-06-26T16:20:30.298917+00:00,point_velocity,Unspecified
05463500,POINT (-92.4632472222222 42.4077638888889),0ce251f9-126b-408b-8fe0-93aa0296c66f,USGS-05463500,24bc758f-e40e-4003-be38-61ccf659809e,688,2023-03-06T18:15:31+00:00,MAIN,122,ft^3/s,58.5,ft,130,ft^2,0.94,ft/s,0.00,ft,Soft,Sand,Uneven,Unspecified,NonStandard,Pulsating,BridgeDownstreamSide,2026-06-26T16:20:30.298917+00:00,adcp,AtTheGage
05463500,POINT (-92.4632472222222 42.4077638888889),0d667f8b-a116-4b5b-a2c9-2b91ff4398e4,USGS-05463500,4e653cfe-9ca6-b4f8-e053-0100007f460e,579,2009-03-04T19:33:00+00:00,Imported Channel 1,143,ft^3/s,83.3,ft,143,ft^2,0.68,ft/s,5.00,ft,Soft,Sand,Even,Even,Unspecified,Unknown,MannedMovingBoat,2026-06-26T16:20:30.298917+00:00,adcp,Downstream
05463500,POINT (-92.4632472222222 42.4077638888889),0dc7e4dd-72dc-4322-b8c5-86cb6d7743d5,USGS-05463500,4e654a81-16bb-bbad-e053-0100007f82c7,101,1959-01-28T14:20:00+00:00,Imported Channel 1,15.3,ft^3/s,24.0,ft,14.6,ft^2,1.05,ft/s,,,Unspecified,Unspecified,Unspecified,Unspecified,Unspecified,Unknown,Unspecified,2026-06-26T16:20:30.298917+00:00,point_velocity,Unspecified
05463500,POINT (-92.4632472222222 42.4077638888889),0e320138-e069-4459-9ccd-bcb7d38cb493,USGS-05463500,4e653fbc-a537-b662-e053-0100007f27ba,496,1994-02-02T20:30:00+00:00,Imported Channel 1,60.5,ft^3/s,73.0,ft,140,ft^2,0.43,ft/s,,,Unspecified,Unspecified,Unspecified,Unspecified,Unspecified,Unknown,Ice,2026-06-26T16:20:30.298917+00:00,point_velocity,Unspecified
05463500,POINT (-92.4632472222222 42.4077638888889),0ed320db-6b4c-41c5-be0d-67f2113d72d4,USGS-05463500,4e653fbc-a535-b662-e053-0100007f27ba,482,1992-05-20T12:55:00+00:00,Imported Channel 1,195,ft^3/s,75.0,ft,193,ft^2,1.01,ft/s,,,Unspecified,Unspecified,Unspecified,Unspecified,Unspecified,Unknown,Wading,2026-06-26T16:20:30.298917+00:00,point_velocity,Unspecified
05463500,POINT (-92.4632472222222 42.4077638888889),0ed45e4e-6967-4909-84b3-594276dd070e,USGS-05463500,4e654045-6de0-b671-e053-0100007faac9,26,1954-03-29T18:05:00+00:00,Imported Channel 1,12.9,ft^3/s,32.0,ft,13.6,ft^2,0.95,ft/s,,,Unspecified,Unspecified,Unspecified,Unspecified,Unspecified,Unknown,Wading,2026-06-26T16:20:30.298917+00:00,point_velocity,Unspecified
05463500,POINT (-92.4632472222222 42.4077638888889),0f129cc2-aa43-434d-beba-3beaebf8bd80,USGS-05463500,4e655882-114f-c2f3-e053-0100007f0038,226,1967-04-20T20:20:00+00:00,Imported Channel 1,83.6,ft^3/s,66.0,ft,67.5,ft^2,1.24,ft/s,,,Unspecified,Unspecified,Unspecified,Unspecified,Unspecified,Unknown,Unspecified,2026-06-26T16:20:30.298917+00:00,point_velocity,Unspecified
05463500,POINT (-92.4632472222222 42.4077638888889),0f9c7b29-4b7d-42af-b892-66a1c1f7865e,USGS-05463500,4e655202-0189-bf55-e053-0100007f57fd,214,1966-07-07T20:30:00+00:00,Imported Channel 1,179,ft^3/s,44.0,ft,100,ft^2,1.79,ft/s,,,Unspecified,Unspecified,Unspecified,Unspecified,Unspecified,Unknown,Unspecified,2026-06-26T16:20:30.298917+00:00,point_velocity,Unspecified
05463500,POINT (-92.4632472222222 42.4077638888889),100d8ded-655f-476c-b03f-091b0f22e063,USGS-05463500,4e653ffc-6f92-b697-e053-0100007f7944,162,1963-04-15T17:10:00+00:00,Imported Channel 1,54.2,ft^3/s,39.0,ft,40.1,ft^2,1.35,ft/s,,,Unspecified,Unspecified,Unspecified,Unspecified,Unspecified,Unknown,Unspecified,2026-06-26T16:20:30.298917+00:00,point_velocity,Unspecified
05463500,POINT (-92.4632472222222 42.4077638888889),102c7b8a-41b0-41f1-acbc-940cc4e7eeca,USGS-05463500,4e654c4e-9227-b9ff-e053-0100007fc8c7,273,1970-05-20T15:55:00+00:00,Imported Channel 1,162,ft^3/s,49.0,ft,105,ft^2,1.54,ft/s,,,Unspecified,Unspecified,Unspecified,Unspecified,Unspecified,Unknown,Unspecified,2026-06-26T16:20:30.298917+00:00,point_velocity,Unspecified
05463500,POINT (-92.4632472222222 42.4077638888889),1090c18c-78f4-4b84-be22-2da880e2c08e,USGS-05463500,4e6546df-6421-ba29-e053-0100007f9a75,448,1988-06-02T13:00:00+00:00,Imported Channel 1,44.8,ft^3/s,66.0,ft,37.7,ft^2,1.19,ft/s,,,Unspecified,Unspecified,Unspecified,Unspecified,Unspecified,Unknown,Wading,2026-06-26T16:20:30.298917+00:00,point_velocity,Unspecified
05463500,POINT (-92.4632472222222 42.4077638888889),1130169b-928f-4ec4-9c1b-bc94667a10d4,USGS-05463500,4e6538d4-d98c-b2bf-e053-0100007fe5ec,2,1952-03-11T14:50:00+00:00,Imported Channel 1,1630,ft^3/s,166,ft,1090,ft^2,1.50,ft/s,,,Unspecified,Unspecified,Unspecified,Unspecified,Unspecified,Unknown,BridgeCrane,2026-06-26T16:20:30.298917+00:00,point_velocity,Unspecified
05463500,POINT (-92.4632472222222 42.4077638888889),1156b21c-a96b-4ae9-b4f2-20e2dd55d3b7,USGS-05463500,4e654a81-16ed-bbad-e053-0100007f82c7,373,1980-02-12T18:45:00+00:00,Imported Channel 1,61.3,ft^3/s,55.0,ft,51.0,ft^2,1.20,ft/s,,,Unspecified,Unspecified,Unspecified,Unspecified,Unspecified,Unknown,Unspecified,2026-06-26T16:20:30.298917+00:00,point_velocity,Unspecified
05463500,POINT (-92.4632472222222 42.4077638888889),1180d8bc-9d7b-4832-a229-5acca9cbc757,USGS-05463500,4e653185-4b6c-af9e-e053-0100007ffdfc,65,1957-01-07T17:55:00+00:00,Imported Channel 1,9.20,ft^3/s,36.0,ft,9.90,ft^2,0.93,ft/s,,,Unspecified,Unspecified,Unspecified,Unspecified,Unspecified,Unknown,Ice,2026-06-26T16:20:30.298917+00:00,point_velocity,Unspecified
05463500,POINT (-92.4632472222222 42.4077638888889),11add2a0-eb3c-4745-b6dc-e528fa0e3c56,USGS-05463500,4e655882-1169-c2f3-e053-0100007f0038,369,1979-08-14T14:55:00+00:00,Imported Channel 1,106,ft^3/s,56.0,ft,99.8,ft^2,1.06,ft/s,,,Unspecified,Unspecified,Unspecified,Unspecified,Unspecified,Unknown,Unspecified,2026-06-26T16:20:30.298917+00:00,point_velocity,Unspecified
05463500,POINT (-92.4632472222222 42.4077638888889),11b3fe08-2efb-4a9a-82e8-87222c0e717f,USGS-05463500,4e6543a9-716f-b868-e053-0100007f6126,583,2009-07-22T13:46:00+00:00,Imported Channel 1,250,ft^3/s,78.4,ft,262,ft^2,0.96,ft/s,,ft,Soft,Sand,Even,Even,Unspecified,Unknown,MannedMovingBoat,2026-06-26T16:20:30.298917+00:00,adcp,AtTheGage
05463500,POINT (-92.4632472222222 42.4077638888889),11b6e2e5-2095-4d3f-8d41-2e457e0a3cec,USGS-05463500,4e6547f1-5a65-ba81-e053-0100007f2798,117,1960-02-25T17:05:00+00:00,Imported Channel 1,65.4,ft^3/s,38.0,ft,57.6,ft^2,1.14,ft/s,,,Unspecified,Unspecified,Unspecified,Unspecified,Unspecified,Unknown,Unspecified,2026-06-26T16:20:30.298917+00:00,point_velocity,Unspecified
05463500,POINT (-92.4632472222222 42.4077638888889),12415c79-ba0b-45f6-bc23-8b743adcb758,USGS-05463500,4e65552a-2f68-c14c-e053-0100007fbee6,219,1966-11-03T15:50:00+00:00,Imported Channel 1,28.8,ft^3/s,38.0,ft,31.1,ft^2,0.93,ft/s,,,Unspecified,Unspecified,Unspecified,Unspecified,Unspecified,Unknown,Unspecified,2026-06-26T16:20:30.298917+00:00,point_velocity,Unspecified
05463500,POINT (-92.4632472222222 42.4077638888889),12523baf-ce6d-4c0e-97fc-fc8aaa95c383,USGS-05463500,4e65549d-8923-c0eb-e053-0100007f8f7c,325,1975-08-20T17:45:00+00:00,Imported Channel 1,41.1,ft^3/s,42.0,ft,31.9,ft^2,1.29,ft/s,,,Unspecified,Unspecified,Unspecified,Unspecified,Unspecified,Unknown,Unspecified,2026-06-26T16:20:30.298917+00:00,point_velocity,Unspecified
05463500,POINT (-92.4632472222222 42.4077638888889),126ff9c7-c6a0-4ccb-bd1b-3514439f664d,USGS-05463500,4e655fc2-53d1-c663-e053-0100007f12cf,341,1977-04-28T15:00:00+00:00,Imported Channel 1,23.9,ft^3/s,44.0,ft,23.6,ft^2,1.01,ft/s,,,Unspecified,Unspecified,Unspecified,Unspecified,Unspecified,Unknown,Unspecified,2026-06-26T16:20:30.298917+00:00,point_velocity,Unspecified
05463500,POINT (-92.4632472222222 42.4077638888889),129f9120-4d80-40e9-9c2a-5d375710d741,USGS-05463500,99526228-3ef7-49a1-bc85-c65efb5c6ac9,694,2024-02-13T17:16:39+00:00,Main,50.0,ft^3/s,66.0,ft,67.2,ft^2,0.74,ft/s,50.00,ft,Soft,Sand,Uneven,Uneven,Unknown,Steady,Wading,2026-06-26T16:20:30.298917+00:00,point_velocity,Downstream
05463500,POINT (-92.4632472222222 42.4077638888889),1310e03e-5410-4bf8-8dc0-f6ce767cfbb9,USGS-05463500,4e653fc4-86ba-b648-e053-0100007f877a,115,1959-12-15T15:20:00+00:00,Imported Channel 1,49.3,ft^3/s,36.0,ft,36.0,ft^2,1.37,ft/s,,,Unspecified,Unspecified,Unspecified,Unspecified,Unspecified,Unknown,Unspecified,2026-06-26T16:20:30.298917+00:00,point_velocity,Unspecified
05463500,POINT (-92.4632472222222 42.4077638888889),13652ca8-17a3-463e-9d27-652d39c4ab6d,USGS-05463500,4e654b19-9175-bbab-e053-0100007fa64f,497,1994-03-15T22:15:00+00:00,Imported Channel 1,320,ft^3/s,97.0,ft,336,ft^2,0.95,ft/s,,,Unspecified,Unspecified,Unspecified,Unspecified,Unspecified,Unknown,BridgeCrane,2026-06-26T16:20:30.298917+00:00,point_velocity,Unspecified
05463500,POINT (-92.4632472222222 42.4077638888889),153148d7-0f5a-48e6-9ae0-e7d8f8b699ea,USGS-05463500,4e654eee-cfbe-bd18-e053-0100007f1680,260,1969-06-16T15:35:00+00:00,Imported Channel 1,491,ft^3/s,89.0,ft,317,ft^2,1.55,ft/s,,,Unspecified,Unspecified,Unspecified,Unspecified,Unspecified,Unknown,Unspecified,2026-06-26T16:20:30.298917+00:00,point_velocity,Unspecified
05463500,POINT (-92.4632472222222 42.4077638888889),15503dc0-3c09-44fc-9833-885e332691dc,USGS-05463500,4e6540ef-6a96-b488-e053-0100007f8c41,222,1967-01-25T17:45:00+00:00,Imported Channel 1,763,ft^3/s,167,ft,687,ft^2,1.11,ft/s,,,Unspecified,Unspecified,Unspecified,Unspecified,Unspecified,Unknown,Unspecified,2026-06-26T16:20:30.298917+00:00,point_velocity,Unspecified
05463500,POINT (-92.4632472222222 42.4077638888889),1609ce94-3f4c-4370-b844-a5acd5ecca6d,USGS-05463500,4e653895-7aea-b2bb-e053-0100007f5f73,466,1990-05-16T12:55:00+00:00,Imported Channel 1,275,ft^3/s,76.0,ft,160,ft^2,1.72,ft/s,,,Unspecified,Unspecified,Unspecified,Unspecified,Unspecified,Unknown,Wading,2026-06-26T16:20:30.298917+00:00,point_velocity,Unspecified
05463500,POINT (-92.4632472222222 42.4077638888889),1617500d-af19-421f-9387-6f45ca3a47aa,USGS-05463500,4e65439e-404a-b8e9-e053-0100007f7f3f,236,1968-02-19T19:45:00+00:00,Imported Channel 1,13.4,ft^3/s,27.0,ft,19.3,ft^2,0.69,ft/s,,,Unspecified,Unspecified,Unspecified,Unspecified,Unspecified,Unknown,Unspecified,2026-06-26T16:20:30.298917+00:00,point_velocity,Unspecified
05463500,POINT (-92.4632472222222 42.4077638888889),164c4f63-08b7-4d90-ad4d-26a6f2d3064d,USGS-05463500,4e653cd5-1104-b52e-e053-0100007f02f9,488,1993-03-02T15:50:00+00:00,Imported Channel 1,80.1,ft^3/s,72.0,ft,86.2,ft^2,0.93,ft/s,,,Unspecified,Unspecified,Unspecified,Unspecified,Unspecified,Unknown,Ice,2026-06-26T16:20:30.298917+00:00,point_velocity,Unspecified
05463500,POINT (-92.4632472222222 42.4077638888889),1678b09a-c00b-40e4-b49f-562623f54563,USGS-05463500,736d1ff4-bd16-4c15-a4b9-16007ab59d61,703,2025-06-03T16:40:59+00:00,Main,237,ft^3/s,82.8,ft,184,ft^2,1.29,ft/s,5.00,ft,Soft,SiltMud,Uneven,Uneven,Standard,Pulsating,BridgeDownstreamSide,2026-06-26T16:20:30.298917+00:00,adcp,Downstream
05463500,POINT (-92.4632472222222 42.4077638888889),169a8a0e-9797-4842-ab30-fbb6a769a58e,USGS-05463500,384b71e3-5bc4-46d0-8ad5-c969f581239e,675,2021-01-28T17:04:30+00:00,Main,42.0,ft^3/s,77.0,ft,68.3,ft^2,0.61,ft/s,50.00,ft,Soft,Sand,Uneven,Uneven,Unknown,Steady,Wading,2026-06-26T16:20:30.298917+00:00,point_velocity,Upstream
05463500,POINT (-92.4632472222222 42.4077638888889),16a6bf6a-4fd1-482f-ae72-4a4de48dbf5b,USGS-05463500,4e655a93-2822-c3be-e053-0100007f4fb7,395,1982-06-15T19:15:00+00:00,Imported Channel 1,1180,ft^3/s,102,ft,637,ft^2,1.85,ft/s,,,Unspecified,Unspecified,Unspecified,Unspecified,Unspecified,Unknown,Unspecified,2026-06-26T16:20:30.298917+00:00,point_velocity,Unspecified
05463500,POINT (-92.4632472222222 42.4077638888889),177e3c0a-cc71-4f10-8ab9-5c1453075565,USGS-05463500,4e654749-1397-ba05-e053-0100007fba13,62,1956-10-01T17:00:00+00:00,Imported Channel 1,9.75,ft^3/s,22.0,ft,9.38,ft^2,1.04,ft/s,,,Unspecified,Unspecified,Unspecified,Unspecified,Unspecified,Unknown,Wading,2026-06-26T16:20:30.298917+00:00,point_velocity,Unspecified
05463500,POINT (-92.4632472222222 42.4077638888889),183354cb-2849-4ef2-961b-e86c0a02fbca,USGS-05463500,4e653d01-ed29-b28b-e053-0100007f13ed,481,1992-04-09T13:35:00+00:00,Imported Channel 1,169,ft^3/s,76.0,ft,172,ft^2,0.98,ft/s,,,Unspecified,Unspecified,Unspecified,Unspecified,Unspecified,Unknown,Wading,2026-06-26T16:20:30.298917+00:00,point_velocity,Unspecified
05463500,POINT (-92.4632472222222 42.4077638888889),18b19481-c5db-4258-baf9-e56db9b29996,USGS-05463500,4e655be1-1696-c4eb-e053-0100007f8fb7,617,2014-02-04T20:57:30+00:00,main,12.9,ft^3/s,38.0,ft,84.5,ft^2,0.15,ft/s,40.00,ft,Firm,Sand,Even,Even,Standard,Unknown,Wading,2026-06-26T16:20:30.298917+00:00,point_velocity,Downstream
05463500,POINT (-92.4632472222222 42.4077638888889),198c4b22-002a-4b8e-b613-d52e2f09c0fd,USGS-05463500,4e655f68-4a9b-c667-e053-0100007f9e3c,364,1979-03-19T17:00:00+00:00,Imported Channel 1,7450,ft^3/s,366,ft,3530,ft^2,2.11,ft/s,,,Unspecified,Unspecified,Unspecified,Unspecified,Unspecified,Unknown,Unspecified,2026-06-26T16:20:30.298917+00:00,point_velocity,Unspecified
05463500,POINT (-92.4632472222222 42.4077638888889),1a2c6649-0d5f-4827-a310-9e8c5b148d1a,USGS-05463500,4e653a3c-d3c0-b3b3-e053-0100007f2054,168,1963-08-19T17:20:00+00:00,Imported Channel 1,22.8,ft^3/s,35.0,ft,29.1,ft^2,0.78,ft/s,,,Unspecified,Unspecified,Unspecified,Unspecified,Unspecified,Unknown,Unspecified,2026-06-26T16:20:30.298917+00:00,point_velocity,Unspecified
05463500,POINT (-92.4632472222222 42.4077638888889),1a96c983-406d-407f-889a-fc5a0a0f8694,USGS-05463500,4e6549d9-c1c7-ba07-e053-0100007f074f,479,1991-10-03T20:55:00+00:00,Imported Channel 1,43.1,ft^3/s,69.0,ft,115,ft^2,0.37,ft/s,,,Unspecified,Unspecified,Unspecified,Unspecified,Unspecified,Unknown,Wading,2026-06-26T16:20:30.298917+00:00,point_velocity,Unspecified
05463500,POINT (-92.4632472222222 42.4077638888889),1ac36f02-0f2a-4172-b798-8d075b649462,USGS-05463500,4e654387-e814-b840-e053-0100007f6631,446,1988-03-18T14:25:00+00:00,Imported Channel 1,108,ft^3/s,72.0,ft,84.8,ft^2,1.27,ft/s,,,Unspecified,Unspecified,Unspecified,Unspecified,Unspecified,Unknown,Wading,2026-06-26T16:20:30.298917+00:00,point_velocity,Unspecified
05463500,POINT (-92.4632472222222 42.4077638888889),1b0e66bd-ab0e-4da4-ab28-c167314353c5,USGS-05463500,4e654c19-977b-bc43-e053-0100007fc312,546,2005-04-19T20:01:00+00:00,Imported Channel 1,126,ft^3/s,72.0,ft,198,ft^2,0.64,ft/s,,ft,Unspecified,Unspecified,Unspecified,Unspecified,Unspecified,Unknown,Unspecified,2026-06-26T16:20:30.298917+00:00,adcp,Unspecified
05463500,POINT (-92.4632472222222 42.4077638888889),1b5b92b4-a409-42be-b348-f7ff95771032,USGS-05463500,4e656240-da98-c786-e053-0100007fbb8f,385,1981-06-02T20:40:00+00:00,Imported Channel 1,27.9,ft^3/s,36.0,ft,25.0,ft^2,1.12,ft/s,,,Unspecified,Unspecified,Unspecified,Unspecified,Unspecified,Unknown,Unspecified,2026-06-26T16:20:30.298917+00:00,point_velocity,Unspecified
05463500,POINT (-92.4632472222222 42.4077638888889),1bfec960-59b4-4c28-9d0d-2e5767b0e182,USGS-05463500,4e65671e-9010-caa6-e053-0100007f3265,615,2013-09-04T15:57:00+00:00,Main Channel,29.7,ft^3/s,76.0,ft,102,ft^2,0.29,ft/s,,,Firm,Sand,Even,Even,Standard,Unknown,Wading,2026-06-26T16:20:30.298917+00:00,point_velocity,AtTheGage
05463500,POINT (-92.4632472222222 42.4077638888889),1cdacbf4-7cda-44f6-9d7c-70f9fd369fe6,USGS-05463500,e6285d57-bc23-40bc-aa6f-2beecbb99d11,679,2021-08-12T14:08:39+00:00,Main,60.2,ft^3/s,68.0,ft,55.7,ft^2,1.08,ft/s,10.00,ft,Soft,Sand,Uneven,Uneven,Unknown,Steady,Wading,2026-06-26T16:20:30.298917+00:00,point_velocity,Downstream
05463500,POINT (-92.4632472222222 42.4077638888889),1d10f5c1-168b-4fe6-b1fc-bd447584b6b2,USGS-05463500,7525f36c-e4cb-9ff2-e053-0100007f6e2f,653,2018-09-05T16:21:44+00:00,Main,4820,ft^3/s,130,ft,1370,ft^2,3.53,ft/s,40.00,ft,Soft,Sand,Uneven,Uneven,NonStandard,Pulsating,BridgeDownstreamSide,2026-06-26T16:20:30.298917+00:00,adcp,Downstream
05463500,POINT (-92.4632472222222 42.4077638888889),1d357ec2-ee90-4b98-9399-14f91c4f7373,USGS-05463500,efb23e9f-73dc-404d-b752-9ce39a4f4a77,677,2021-04-26T22:25:57+00:00,Main,123,ft^3/s,83.0,ft,123,ft^2,1.00,ft/s,50.00,ft,Soft,Sand,Uneven,Uneven,Unknown,Steady,Wading,2026-06-26T16:20:30.298917+00:00,point_velocity,Upstream
05463500,POINT (-92.4632472222222 42.4077638888889),1dca7da4-cb3e-45e5-8f09-57f1f75fb88b,USGS-05463500,4e655127-f5fa-bd97-e053-0100007f624f,217,1966-09-01T21:00:00+00:00,Imported Channel 1,98.9,ft^3/s,65.0,ft,72.8,ft^2,1.36,ft/s,,,Unspecified,Unspecified,Unspecified,Unspecified,Unspecified,Unknown,Unspecified,2026-06-26T16:20:30.298917+00:00,point_velocity,Unspecified
05463500,POINT (-92.4632472222222 42.4077638888889),1fbc651f-18c9-48d1-9283-c256d53a883a,USGS-05463500,4e65468e-fcf0-ba03-e053-0100007f8646,594,2010-10-18T14:37:00+00:00,Imported Channel 1,191,ft^3/s,76.0,ft,151,ft^2,1.27,ft/s,200.00,ft,Firm,Sand,Even,Even,Unspecified,Unknown,Wading,2026-06-26T16:20:30.298917+00:00,point_velocity,Upstream
05463500,POINT (-92.4632472222222 42.4077638888889),1fc50c3f-f01d-418a-8702-351d926fcdbc,USGS-05463500,4e653ffc-6f89-b697-e053-0100007f7944,125,1960-08-04T20:20:00+00:00,Imported Channel 1,44.9,ft^3/s,52.0,ft,56.1,ft^2,0.80,ft/s,,,Unspecified,Unspecified,Unspecified,Unspecified,Unspecified,Unknown,Unspecified,2026-06-26T16:20:30.298917+00:00,point_velocity,Unspecified
05463500,POINT (-92.4632472222222 42.4077638888889),1fdd4269-d673-40a1-93ce-51199dcfb166,USGS-05463500,461a75bd-6958-4810-b5ac-e2700853fdb5,707,2026-02-23T15:36:09+00:00,Main,70.7,ft^3/s,80.0,ft,115,ft^2,0.61,ft/s,0.00,ft,Firm,Sand,Uneven,Unspecified,NonStandard,Pulsating,Wading,2026-06-26T16:20:30.298917+00:00,point_velocity,AtTheGage
05463500,POINT (-92.4632472222222 42.4077638888889),2021f4d8-fed4-49f6-b8ac-e33847c1dd10,USGS-05463500,4e653643-13f2-b13c-e053-0100007f8cd6,509,1995-06-29T23:05:00+00:00,Imported Channel 1,288,ft^3/s,70.0,ft,198,ft^2,1.45,ft/s,,,Unspecified,Unspecified,Unspecified,Unspecified,Unspecified,Unknown,Wading,2026-06-26T16:20:30.298917+00:00,point_velocity,Unspecified
05463500,POINT (-92.4632472222222 42.4077638888889),20795fc7-757b-479f-a6bf-b43853bf0da0,USGS-05463500,4e656240-dab0-c786-e053-0100007fbb8f,629,2015-07-14T18:35:49+00:00,Hudson,183,ft^3/s,86.3,ft,274,ft^2,0.67,ft/s,,ft,Firm,Sand,Even,Even,Standard,Unknown,BridgeDownstreamSide,2026-06-26T16:20:30.298917+00:00,adcp,AtTheGage
05463500,POINT (-92.4632472222222 42.4077638888889),20920e52-c3f3-4534-b9b9-9614d19bbf0e,USGS-05463500,4e655c3e-4a32-c4db-e053-0100007f558c,293,1972-01-10T18:10:00+00:00,Imported Channel 1,23.2,ft^3/s,23.0,ft,18.8,ft^2,1.23,ft/s,,,Unspecified,Unspecified,Unspecified,Unspecified,Unspecified,Unknown,Unspecified,2026-06-26T16:20:30.298917+00:00,point_velocity,Unspecified
05463500,POINT (-92.4632472222222 42.4077638888889),20946a48-b211-4c20-8de8-483d651269ee,USGS-05463500,4e654300-d891-b83a-e053-0100007f20c9,549,2005-08-17T12:51:00+00:00,Imported Channel 1,41.9,ft^3/s,55.0,ft,62.6,ft^2,0.67,ft/s,,,Unspecified,Unspecified,Unspecified,Unspecified,Unspecified,Unknown,Wading,2026-06-26T16:20:30.298917+00:00,point_velocity,Unspecified
05463500,POINT (-92.4632472222222 42.4077638888889),213f2f45-3efc-4847-8cac-2b57a924a8fe,USGS-05463500,e51b39f3-ffbb-41be-8e6b-d9df637602e6,698,2024-09-19T19:19:14+00:00,Main Channel,38.1,ft^3/s,72.0,ft,43.4,ft^2,0.88,ft/s,15.00,ft,Firm,Sand,Even,Even,Unknown,Steady,Wading,2026-06-26T16:20:30.298917+00:00,point_velocity,Downstream
05463500,POINT (-92.4632472222222 42.4077638888889),218efc1a-a2b7-48ef-8112-e740587e9f47,USGS-05463500,4e653d09-bcaa-b573-e053-0100007f618f,430,1986-05-23T05:00:00+00:00,Imported Channel 1,295,ft^3/s,76.0,ft,217,ft^2,1.36,ft/s,,,Unspecified,Unspecified,Unspecified,Unspecified,Unspecified,Unknown,Wading,2026-06-26T16:20:30.298917+00:00,point_velocity,Unspecified
05463500,POINT (-92.4632472222222 42.4077638888889),219c5688-e563-4b35-b26c-440436f18f07,USGS-05463500,4e654863-6159-ba7f-e053-0100007feec1,559,2006-09-13T20:47:00+00:00,Imported Channel 1,1070,ft^3/s,74.9,ft,517,ft^2,2.07,ft/s,,ft,Unspecified,Unspecified,Unspecified,Unspecified,Unspecified,Unknown,Unspecified,2026-06-26T16:20:30.298917+00:00,adcp,Unspecified
05463500,POINT (-92.4632472222222 42.4077638888889),22175d35-eb20-421f-8d63-92fc20270614,USGS-05463500,4e65471e-7caa-ba5b-e053-0100007f6a91,148,1962-03-26T18:10:00+00:00,Imported Channel 1,3840,ft^3/s,351,ft,2480,ft^2,1.55,ft/s,,,Unspecified,Unspecified,Unspecified,Unspecified,Unspecified,Unknown,Unspecified,2026-06-26T16:20:30.298917+00:00,point_velocity,Unspecified
05463500,POINT (-92.4632472222222 42.4077638888889),224478a1-c8b8-4c03-8d39-2d4fec27b477,USGS-05463500,4e65552a-2f86-c14c-e053-0100007fbee6,359,1978-10-18T21:15:00+00:00,Imported Channel 1,146,ft^3/s,65.0,ft,106,ft^2,1.38,ft/s,,,Unspecified,Unspecified,Unspecified,Unspecified,Unspecified,Unknown,Unspecified,2026-06-26T16:20:30.298917+00:00,point_velocity,Unspecified
05463500,POINT (-92.4632472222222 42.4077638888889),226b2d8e-0aa3-41b7-8ecb-1fa58fb8806c,USGS-05463500,4e6535e8-3eca-b0e0-e053-0100007ff514,335,1976-09-08T20:40:00+00:00,Imported Channel 1,12.5,ft^3/s,15.0,ft,10.0,ft^2,1.25,ft/s,,,Unspecified,Unspecified,Unspecified,Unspecified,Unspecified,Unknown,Unspecified,2026-06-26T16:20:30.298917+00:00,point_velocity,Unspecified
05463500,POINT (-92.4632472222222 42.4077638888889),234f6fcf-b0bd-4c1b-931c-814ffe4597f5,USGS-05463500,4e653a3c-d3ad-b3b3-e053-0100007f2054,538,2004-05-24T15:48:00+00:00,Imported Channel 1,3130,ft^3/s,333,ft,2570,ft^2,1.22,ft/s,,,Unspecified,Unspecified,Unspecified,Unspecified,Unspecified,Unknown,BridgeCrane,2026-06-26T16:20:30.298917+00:00,point_velocity,Unspecified
05463500,POINT (-92.4632472222222 42.4077638888889),24618f83-d57e-4cb1-93ba-75e119594017,USGS-05463500,4e65561a-cfb0-c135-e053-0100007f7c26,321,1975-03-03T15:45:00+00:00,Imported Channel 1,57.9,ft^3/s,69.0,ft,66.4,ft^2,0.87,ft/s,,,Unspecified,Unspecified,Unspecified,Unspecified,Unspecified,Unknown,Unspecified,2026-06-26T16:20:30.298917+00:00,point_velocity,Unspecified
05463500,POINT (-92.4632472222222 42.4077638888889),24845498-e437-4742-b063-90f9d6bd3972,USGS-05463500,2beb4a3e-6dc7-465a-8b40-efc5ea25a933,692,2023-10-30T18:10:37+00:00,Main,17.8,ft^3/s,35.0,ft,20.2,ft^2,0.88,ft/s,200.00,ft,Firm,Sand,Uneven,Even,Standard,Pulsating,Wading,2026-06-26T16:20:30.298917+00:00,point_velocity,Upstream
05463500,POINT (-92.4632472222222 42.4077638888889),24882a5c-4727-4003-a4e7-623bf3b162cf,USGS-05463500,4e6565df-cc97-c95f-e053-0100007fcee1,619,2014-04-30T14:15:10+00:00,Main,384,ft^3/s,82.8,ft,324,ft^2,1.19,ft/s,,ft,Soft,Sand,Even,Even,Standard,Unknown,BridgeDownstreamSide,2026-06-26T16:20:30.298917+00:00,adcp,AtTheGage
05463500,POINT (-92.4632472222222 42.4077638888889),24f82192-52b7-4613-a9b4-e84ed8efce05,USGS-05463500,4e654e56-4db1-bd16-e053-0100007ffd34,282,1971-03-26T17:35:00+00:00,Imported Channel 1,240,ft^3/s,95.0,ft,347,ft^2,0.69,ft/s,,,Unspecified,Unspecified,Unspecified,Unspecified,Unspecified,Unknown,Unspecified,2026-06-26T16:20:30.298917+00:00,point_velocity,Unspecified
05463500,POINT (-92.4632472222222 42.4077638888889),250f152b-9557-4fd3-b4a7-0a7035f7161e,USGS-05463500,4e655be0-aeae-c4d5-e053-0100007f2728,608,2012-09-12T19:36:00+00:00,Imported Channel 1,7.40,ft^3/s,27.0,ft,16.0,ft^2,0.46,ft/s,30.00,ft,Firm,Sand,Even,Even,Uniform,Unknown,Wading,2026-06-26T16:20:30.298917+00:00,point_velocity,Downstream
05463500,POINT (-92.4632472222222 42.4077638888889),2532586d-fa68-4d65-9edd-aed22cddd1f5,USGS-05463500,4e6543b8-0e81-b8e7-e053-0100007f06fe,275,1970-07-21T16:05:00+00:00,Imported Channel 1,29.8,ft^3/s,39.0,ft,28.0,ft^2,1.06,ft/s,,,Unspecified,Unspecified,Unspecified,Unspecified,Unspecified,Unknown,Unspecified,2026-06-26T16:20:30.298917+00:00,point_velocity,Unspecified
05463500,POINT (-92.4632472222222 42.4077638888889),254c950f-7886-41f8-80ed-bd41837d987d,USGS-05463500,4e653cd5-1102-b52e-e053-0100007f02f9,472,1990-11-21T14:50:00+00:00,Imported Channel 1,87.3,ft^3/s,69.0,ft,130,ft^2,0.67,ft/s,,,Unspecified,Unspecified,Unspecified,Unspecified,Unspecified,Unknown,Wading,2026-06-26T16:20:30.298917+00:00,point_velocity,Unspecified
05463500,POINT (-92.4632472222222 42.4077638888889),25e585f5-762e-40e3-91ae-e2c41fc1641c,USGS-05463500,4e65468e-fcee-ba03-e053-0100007f8646,593,2010-09-16T19:19:00+00:00,Imported Channel 1,162,ft^3/s,68.0,ft,117,ft^2,1.38,ft/s,200.00,ft,Firm,Sand,Even,Even,Unspecified,Unknown,Wading,2026-06-26T16:20:30.298917+00:00,point_velocity,Upstream
05463500,POINT (-92.4632472222222 42.4077638888889),263a63a4-ff62-451c-a573-e57711eeafff,USGS-05463500,4e65548d-c15c-c0f3-e053-0100007f0a48,143,1961-10-31T16:50:00+00:00,Imported Channel 1,546,ft^3/s,105,ft,322,ft^2,1.70,ft/s,,,Unspecified,Unspecified,Unspecified,Unspecified,Unspecified,Unknown,Unspecified,2026-06-26T16:20:30.298917+00:00,point_velocity,Unspecified
05463500,POINT (-92.4632472222222 42.4077638888889),268698cd-a1eb-4f12-9358-e227a8b0c06d,USGS-05463500,4e65468e-fcdb-ba03-e053-0100007f8646,49,1955-10-03T15:00:00+00:00,Imported Channel 1,9.55,ft^3/s,32.0,ft,11.8,ft^2,0.81,ft/s,,,Unspecified,Unspecified,Unspecified,Unspecified,Unspecified,Unknown,Wading,2026-06-26T16:20:30.298917+00:00,point_velocity,Unspecified
05463500,POINT (-92.4632472222222 42.4077638888889),269ee20c-9f9a-4478-80a5-5d4b4f47894a,USGS-05463500,4e65552a-2f76-c14c-e053-0100007fbee6,308,1973-10-01T18:45:00+00:00,Imported Channel 1,358,ft^3/s,90.0,ft,208,ft^2,1.72,ft/s,,,Unspecified,Unspecified,Unspecified,Unspecified,Unspecified,Unknown,Unspecified,2026-06-26T16:20:30.298917+00:00,point_velocity,Unspecified
05463500,POINT (-92.4632472222222 42.4077638888889),279a4466-1a47-45f4-81bd-5a10c2afa09b,USGS-05463500,4e65432f-668e-b838-e053-0100007f6a61,347,1977-10-18T16:00:00+00:00,Imported Channel 1,43.7,ft^3/s,46.0,ft,44.2,ft^2,0.99,ft/s,,,Unspecified,Unspecified,Unspecified,Unspecified,Unspecified,Unknown,Unspecified,2026-06-26T16:20:30.298917+00:00,point_velocity,Unspecified
05463500,POINT (-92.4632472222222 42.4077638888889),27d9fb88-990f-442b-8505-394da15822f3,USGS-05463500,4e655f68-4a95-c667-e053-0100007f9e3c,340,1977-03-24T15:40:00+00:00,Imported Channel 1,27.0,ft^3/s,45.0,ft,26.9,ft^2,1.00,ft/s,,,Unspecified,Unspecified,Unspecified,Unspecified,Unspecified,Unknown,Unspecified,2026-06-26T16:20:30.298917+00:00,point_velocity,Unspecified
05463500,POINT (-92.4632472222222 42.4077638888889),27e9dfcb-b766-4b1f-b3fe-51a18f300dc6,USGS-05463500,4e654a81-16ce-bbad-e053-0100007f82c7,278,1970-11-12T16:50:00+00:00,Imported Channel 1,125,ft^3/s,50.0,ft,90.4,ft^2,1.38,ft/s,,,Unspecified,Unspecified,Unspecified,Unspecified,Unspecified,Unknown,Unspecified,2026-06-26T16:20:30.298917+00:00,point_velocity,Unspecified
05463500,POINT (-92.4632472222222 42.4077638888889),28aa2af6-01ac-4fda-b0f9-80bcbead73b6,USGS-05463500,4e653c48-b12d-b528-e053-0100007f3471,494,1993-12-07T20:45:00+00:00,Imported Channel 1,136,ft^3/s,83.0,ft,243,ft^2,0.56,ft/s,,,Unspecified,Unspecified,Unspecified,Unspecified,Unspecified,Unknown,BridgeCrane,2026-06-26T16:20:30.298917+00:00,point_velocity,Unspecified
05463500,POINT (-92.4632472222222 42.4077638888889),28c9f35c-421b-4ad6-a7b5-fa5cead6a928,USGS-05463500,4e65632f-7732-c7f4-e053-0100007f3028,401,1983-02-22T19:15:00+00:00,Imported Channel 1,873,ft^3/s,95.0,ft,502,ft^2,1.74,ft/s,,,Unspecified,Unspecified,Unspecified,Unspecified,Unspecified,Unknown,Unspecified,2026-06-26T16:20:30.298917+00:00,point_velocity,Unspecified
05463500,POINT (-92.4632472222222 42.4077638888889),29044ed2-3ae7-4cba-ab52-7e18cbc8cd66,USGS-05463500,4e65548d-c15d-c0f3-e053-0100007f0a48,151,1962-04-30T17:30:00+00:00,Imported Channel 1,230,ft^3/s,60.0,ft,166,ft^2,1.38,ft/s,,,Unspecified,Unspecified,Unspecified,Unspecified,Unspecified,Unknown,Unspecified,2026-06-26T16:20:30.298917+00:00,point_velocity,Unspecified
05463500,POINT (-92.4632472222222 42.4077638888889),295ede2b-5828-412a-b0c5-c204db937bed,USGS-05463500,4e655cd7-1acb-c545-e053-0100007f6e25,592,2010-08-10T15:35:00+00:00,Black Hawk Creek Main Channel,1160,ft^3/s,98.0,ft,672,ft^2,1.73,ft/s,10.00,ft,Firm,Sand,Even,Even,Unspecified,Unknown,BridgeDownstreamSide,2026-06-26T16:20:30.298917+00:00,adcp,Downstream
05463500,POINT (-92.4632472222222 42.4077638888889),2a5f0295-97c7-4785-8549-e4bfe6a50980,USGS-05463500,4e654863-6148-ba7f-e053-0100007feec1,516,2001-11-26T20:30:00+00:00,Imported Channel 1,43.9,ft^3/s,52.0,ft,45.5,ft^2,0.96,ft/s,,,Unspecified,Unspecified,Unspecified,Unspecified,Unspecified,Unknown,Wading,2026-06-26T16:20:30.298917+00:00,point_velocity,Unspecified
05463500,POINT (-92.4632472222222 42.4077638888889),2ac47678-a23f-4467-b1f8-91cd82420bd7,USGS-05463500,4e6543a9-716a-b868-e053-0100007f6126,566,2007-07-18T13:38:00+00:00,Imported Channel 1,134,ft^3/s,74.0,ft,99.0,ft^2,1.36,ft/s,,,Unspecified,Unspecified,Unspecified,Unspecified,Unspecified,Unknown,Wading,2026-06-26T16:20:30.298917+00:00,point_velocity,Unspecified
05463500,POINT (-92.4632472222222 42.4077638888889),2c1f9024-bd38-44e4-9bc6-a56afe7f96a5,USGS-05463500,4e653fbc-a568-b662-e053-0100007f27ba,374,1980-03-24T16:00:00+00:00,Imported Channel 1,159,ft^3/s,51.0,ft,98.5,ft^2,1.61,ft/s,,,Unspecified,Unspecified,Unspecified,Unspecified,Unspecified,Unknown,Unspecified,2026-06-26T16:20:30.298917+00:00,point_velocity,Unspecified
05463500,POINT (-92.4632472222222 42.4077638888889),2c3ef7d2-02ec-482a-9515-4a96e127202d,USGS-05463500,4e654e04-df0f-bd57-e053-0100007f019c,543,2004-12-13T20:55:00+00:00,Imported Channel 1,21.2,ft^3/s,48.0,ft,33.7,ft^2,0.63,ft/s,,,Unspecified,Unspecified,Unspecified,Unspecified,Unspecified,Unknown,Wading,2026-06-26T16:20:30.298917+00:00,point_velocity,Unspecified
05463500,POINT (-92.4632472222222 42.4077638888889),2c741230-fe3b-4766-987e-cf58784b757e,USGS-05463500,4e65512c-8f85-bd9d-e053-0100007f08a4,634,2016-03-22T15:34:05+00:00,main,399,ft^3/s,101,ft,387,ft^2,1.03,ft/s,10.00,ft,Firm,Sand,Even,Even,NonStandard,Unknown,BridgeDownstreamSide,2026-06-26T16:20:30.298917+00:00,adcp,Upstream
05463500,POINT (-92.4632472222222 42.4077638888889),2c791f5b-de47-4bdb-8c74-ee271ce74c96,USGS-05463500,4e65583a-5dd1-c2f1-e053-0100007fb8d8,622,2014-08-04T16:57:57+00:00,Hudson,108,ft^3/s,80.4,ft,246,ft^2,0.44,ft/s,,ft,Soft,SiltMud,Even,Even,Uniform,Unknown,BridgeDownstreamSide,2026-06-26T16:20:30.298917+00:00,adcp,AtTheGage
05463500,POINT (-92.4632472222222 42.4077638888889),2c9df615-a4c0-44be-91ce-ad82df586f90,USGS-05463500,4e654002-3e31-b66d-e053-0100007ff524,507,1995-04-06T13:35:00+00:00,Imported Channel 1,231,ft^3/s,88.0,ft,152,ft^2,1.52,ft/s,,,Unspecified,Unspecified,Unspecified,Unspecified,Unspecified,Unknown,BridgeCrane,2026-06-26T16:20:30.298917+00:00,point_velocity,Unspecified
05463500,POINT (-92.4632472222222 42.4077638888889),2d19ff76-f971-484c-a0de-f573d1769b2b,USGS-05463500,4e653c38-3f37-b4f6-e053-0100007f45ca,480,1991-11-20T14:15:00+00:00,Imported Channel 1,393,ft^3/s,92.0,ft,371,ft^2,1.06,ft/s,,,Unspecified,Unspecified,Unspecified,Unspecified,Unspecified,Unknown,BridgeCrane,2026-06-26T16:20:30.298917+00:00,point_velocity,Unspecified
05463500,POINT (-92.4632472222222 42.4077638888889),2dc9b35a-e03a-4641-8519-dc6d1be2e4fb,USGS-05463500,4e653ffc-6f74-b697-e053-0100007f7944,17,1953-07-20T14:15:00+00:00,Imported Channel 1,101,ft^3/s,83.0,ft,62.5,ft^2,1.62,ft/s,,,Unspecified,Unspecified,Unspecified,Unspecified,Unspecified,Unknown,Wading,2026-06-26T16:20:30.298917+00:00,point_velocity,Unspecified
05463500,POINT (-92.4632472222222 42.4077638888889),2e058463-8664-4941-8a85-221f3df1bf56,USGS-05463500,4e6549f1-f0fa-ba0b-e053-0100007f338e,89,1958-06-02T15:35:00+00:00,Imported Channel 1,108,ft^3/s,53.0,ft,77.4,ft^2,1.40,ft/s,,,Unspecified,Unspecified,Unspecified,Unspecified,Unspecified,Unknown,Unspecified,2026-06-26T16:20:30.298917+00:00,point_velocity,Unspecified
05463500,POINT (-92.4632472222222 42.4077638888889),2e6f9dfa-5e0d-4dc4-8ee1-b629b956726f,USGS-05463500,72638740-b6f9-3911-e053-0100007fbf12,652,2018-08-01T15:55:00+00:00,Mian,100,ft^3/s,74.0,ft,91.5,ft^2,1.10,ft/s,300.00,ft,Firm,Sand,Uneven,Uneven,Unknown,Steady,Wading,2026-06-26T16:20:30.298917+00:00,point_velocity,Downstream
05463500,POINT (-92.4632472222222 42.4077638888889),2e75383f-6d80-40a8-9f0f-a9b650131eef,USGS-05463500,e3091b4d-0dd8-4a7c-ac92-a55b640d5723,689,2023-05-03T17:14:18+00:00,Main,104,ft^3/s,70.0,ft,109,ft^2,0.96,ft/s,75.00,ft,Soft,SiltMud,Uneven,Uneven,Unknown,Steady,Wading,2026-06-26T16:20:30.298917+00:00,point_velocity,Downstream
05463500,POINT (-92.4632472222222 42.4077638888889),2f2d0cf7-3445-4300-9b32-4d5de2dca761,USGS-05463500,4e653c48-b129-b528-e053-0100007f3471,471,1990-09-28T13:25:00+00:00,Imported Channel 1,101,ft^3/s,75.0,ft,166,ft^2,0.61,ft/s,,,Unspecified,Unspecified,Unspecified,Unspecified,Unspecified,Unknown,Wading,2026-06-26T16:20:30.298917+00:00,point_velocity,Unspecified
05463500,POINT (-92.4632472222222 42.4077638888889),2f330268-1872-46ae-9415-80af7a6d28dc,USGS-05463500,4e654387-e813-b840-e053-0100007f6631,445,1988-01-29T14:15:00+00:00,Imported Channel 1,62.4,ft^3/s,78.0,ft,65.2,ft^2,0.98,ft/s,,,Unspecified,Unspecified,Unspecified,Unspecified,Unspecified,Unknown,Ice,2026-06-26T16:20:30.298917+00:00,point_velocity,Unspecified
05463500,POINT (-92.4632472222222 42.4077638888889),2f4a9cae-e560-43ae-8b66-4b931fc9b100,USGS-05463500,4e654ed8-985b-bd3a-e053-0100007febbb,227,1967-05-17T21:10:00+00:00,Imported Channel 1,46.1,ft^3/s,48.0,ft,40.2,ft^2,1.15,ft/s,,,Unspecified,Unspecified,Unspecified,Unspecified,Unspecified,Unknown,Unspecified,2026-06-26T16:20:30.298917+00:00,point_velocity,Unspecified
05463500,POINT (-92.4632472222222 42.4077638888889),30a283a5-0f02-4151-8797-9b7b35619fc5,USGS-05463500,4e6554fe-6fb3-c0ef-e053-0100007fa61d,355,1978-05-16T15:35:00+00:00,Imported Channel 1,371,ft^3/s,88.0,ft,258,ft^2,1.44,ft/s,,,Unspecified,Unspecified,Unspecified,Unspecified,Unspecified,Unknown,Unspecified,2026-06-26T16:20:30.298917+00:00,point_velocity,Unspecified
05463500,POINT (-92.4632472222222 42.4077638888889),30ad952f-7575-4de3-a586-8b2775e9ce49,USGS-05463500,4e6546dd-e9b3-ba09-e053-0100007fe0de,551,2005-11-15T20:23:00+00:00,Imported Channel 1,18.0,ft^3/s,46.0,ft,39.0,ft^2,0.46,ft/s,,,Unspecified,Unspecified,Unspecified,Unspecified,Unspecified,Unknown,Wading,2026-06-26T16:20:30.298917+00:00,point_velocity,Unspecified
05463500,POINT (-92.4632472222222 42.4077638888889),313c388e-122e-4e2e-a766-af4e28d2b36d,USGS-05463500,4e652a0b-bff4-abb6-e053-0100007fe940,135,1961-03-07T14:45:00+00:00,Imported Channel 1,2260,ft^3/s,198,ft,1250,ft^2,1.81,ft/s,,,Unspecified,Unspecified,Unspecified,Unspecified,Unspecified,Unknown,Unspecified,2026-06-26T16:20:30.298917+00:00,point_velocity,Unspecified
05463500,POINT (-92.4632472222222 42.4077638888889),31f6b665-3d5e-4aba-9182-231b5186b613,USGS-05463500,4e653c38-3f32-b4f6-e053-0100007f45ca,69,1957-05-06T15:50:00+00:00,Imported Channel 1,15.8,ft^3/s,24.0,ft,16.5,ft^2,0.96,ft/s,,,Unspecified,Unspecified,Unspecified,Unspecified,Unspecified,Unknown,Wading,2026-06-26T16:20:30.298917+00:00,point_velocity,Unspecified
05463500,POINT (-92.4632472222222 42.4077638888889),31fcd62d-d452-44af-9680-ddf8206bb51f,USGS-05463500,4e65439e-4032-b8e9-e053-0100007f7f3f,146,1962-02-05T17:45:00+00:00,Imported Channel 1,93.8,ft^3/s,47.0,ft,60.5,ft^2,1.55,ft/s,,,Unspecified,Unspecified,Unspecified,Unspecified,Unspecified,Unknown,Unspecified,2026-06-26T16:20:30.298917+00:00,point_velocity,Unspecified
05463500,POINT (-92.4632472222222 42.4077638888889),322473a9-4d8c-479e-bb56-c286299ee3e4,USGS-05463500,4e653f89-d43c-b660-e053-0100007f2dc5,499,1994-06-10T15:40:00+00:00,Imported Channel 1,100,ft^3/s,49.5,ft,78.3,ft^2,1.28,ft/s,,,Unspecified,Unspecified,Unspecified,Unspecified,Unspecified,Unknown,Wading,2026-06-26T16:20:30.298917+00:00,point_velocity,Unspecified
05463500,POINT (-92.4632472222222 42.4077638888889),33443693-5b21-41fc-ba52-50b1a95fb88d,USGS-05463500,19fa47ed-4f5c-409e-810b-b5b9daac20a5,683,2022-06-01T20:00:00+00:00,Main,297,ft^3/s,91.0,ft,209,ft^2,1.42,ft/s,10.00,ft,Firm,Sand,Uneven,Even,NonStandard,Steady,BridgeDownstreamSide,2026-06-26T16:20:30.298917+00:00,adcp,Downstream
05463500,POINT (-92.4632472222222 42.4077638888889),338b08e4-1052-4377-a2c2-823ba8448a33,USGS-05463500,4e6535d7-aabf-b13a-e053-0100007f25bb,66,1957-02-04T17:15:00+00:00,Imported Channel 1,11.3,ft^3/s,24.0,ft,14.6,ft^2,0.77,ft/s,,,Unspecified,Unspecified,Unspecified,Unspecified,Unspecified,Unknown,Ice,2026-06-26T16:20:30.298917+00:00,point_velocity,Unspecified
05463500,POINT (-92.4632472222222 42.4077638888889),33e76ac4-ce03-4460-9181-72677930620e,USGS-05463500,4e653fd4-a937-b69b-e053-0100007fa7d9,124,1960-07-05T19:05:00+00:00,Imported Channel 1,116,ft^3/s,56.0,ft,160,ft^2,0.72,ft/s,,,Unspecified,Unspecified,Unspecified,Unspecified,Unspecified,Unknown,Unspecified,2026-06-26T16:20:30.298917+00:00,point_velocity,Unspecified
05463500,POINT (-92.4632472222222 42.4077638888889),33e8430c-96c8-4c7b-9b6c-4377dd322b31,USGS-05463500,4e6559e1-9315-c2e1-e053-0100007fb355,329,1976-01-14T17:15:00+00:00,Imported Channel 1,9.00,ft^3/s,25.0,ft,11.9,ft^2,0.76,ft/s,,,Unspecified,Unspecified,Unspecified,Unspecified,Unspecified,Unknown,Unspecified,2026-06-26T16:20:30.298917+00:00,point_velocity,Unspecified
05463500,POINT (-92.4632472222222 42.4077638888889),3442e05a-ade3-49e8-9417-05d526358a8a,USGS-05463500,9572d202-a2d9-2eff-e053-0100007f9300,663,2019-10-21T19:56:21+00:00,Main,339,ft^3/s,97.5,ft,253,ft^2,1.34,ft/s,10.00,ft,Firm,Sand,Uneven,Even,NonStandard,Pulsating,BridgeDownstreamSide,2026-06-26T16:20:30.298917+00:00,adcp,Downstream
05463500,POINT (-92.4632472222222 42.4077638888889),344ffc08-aed9-43a2-aa8e-acb1a96a8c92,USGS-05463500,4e653b4a-79a9-b428-e053-0100007fe74f,521,2002-07-02T13:10:00+00:00,Imported Channel 1,65.5,ft^3/s,61.0,ft,69.9,ft^2,0.94,ft/s,,,Unspecified,Unspecified,Unspecified,Unspecified,Unspecified,Unknown,Wading,2026-06-26T16:20:30.298917+00:00,point_velocity,Unspecified
05463500,POINT (-92.4632472222222 42.4077638888889),3464b6c4-ff4d-4ac9-bfb6-caec99c9c971,USGS-05463500,8f7cb5eb-4eb0-74a6-e053-0100007f27fa,661,2019-08-06T16:00:00+00:00,main,103,ft^3/s,86.0,ft,121,ft^2,0.85,ft/s,75.00,ft,Firm,Sand,Even,Even,Standard,Steady,Wading,2026-06-26T16:20:30.298917+00:00,point_velocity,Upstream
05463500,POINT (-92.4632472222222 42.4077638888889),3489698e-ed63-4f45-81cf-927cd2dd8818,USGS-05463500,4e654ed8-9858-bd3a-e053-0100007febbb,189,1965-01-04T21:05:00+00:00,Imported Channel 1,28.6,ft^3/s,32.5,ft,24.1,ft^2,1.19,ft/s,,,Unspecified,Unspecified,Unspecified,Unspecified,Unspecified,Unknown,Unspecified,2026-06-26T16:20:30.298917+00:00,point_velocity,Unspecified
05463500,POINT (-92.4632472222222 42.4077638888889),3492a1f2-62c6-4c00-90cc-b48dda2cbe28,USGS-05463500,4e653472-0ce5-b0d1-e053-0100007ff18f,547,2005-06-03T15:09:00+00:00,Imported Channel 1,108,ft^3/s,75.0,ft,151,ft^2,0.72,ft/s,,ft,Unspecified,Unspecified,Unspecified,Unspecified,Unspecified,Unknown,Unspecified,2026-06-26T16:20:30.298917+00:00,adcp,Unspecified
05463500,POINT (-92.4632472222222 42.4077638888889),35934986-1b68-4bd9-8abf-dce9cb0afb47,USGS-05463500,35a94945-5904-4d73-9e0c-325974f42c33,681,2022-01-27T18:28:50+00:00,Main,47.8,ft^3/s,48.0,ft,52.5,ft^2,0.91,ft/s,50.00,ft,Firm,Sand,Even,Uneven,Unknown,Steady,Wading,2026-06-26T16:20:30.298917+00:00,point_velocity,Downstream
05463500,POINT (-92.4632472222222 42.4077638888889),35cf2f36-84f7-423d-98cd-ce7deb563ad6,USGS-05463500,135dd30f-3969-4544-b575-05f16dd59595,676,2021-03-16T14:52:31+00:00,Main,307,ft^3/s,92.9,ft,224,ft^2,1.37,ft/s,0.00,ft,Soft,Sand,Uneven,Even,Unknown,Steady,BridgeDownstreamSide,2026-06-26T16:20:30.298917+00:00,adcp,AtTheGage
05463500,POINT (-92.4632472222222 42.4077638888889),35d57dec-11ae-484b-993c-f355a06db7dd,USGS-05463500,4e655625-01eb-c11d-e053-0100007f4c58,183,1964-08-31T21:05:00+00:00,Imported Channel 1,41.8,ft^3/s,41.0,ft,32.9,ft^2,1.27,ft/s,,,Unspecified,Unspecified,Unspecified,Unspecified,Unspecified,Unknown,Unspecified,2026-06-26T16:20:30.298917+00:00,point_velocity,Unspecified
05463500,POINT (-92.4632472222222 42.4077638888889),362933e5-a01d-411d-8224-ac8e0e372f03,USGS-05463500,4e65474f-a33a-ba59-e053-0100007f0af6,122,1960-05-02T16:50:00+00:00,Imported Channel 1,644,ft^3/s,161,ft,494,ft^2,1.30,ft/s,,,Unspecified,Unspecified,Unspecified,Unspecified,Unspecified,Unknown,Unspecified,2026-06-26T16:20:30.298917+00:00,point_velocity,Unspecified
05463500,POINT (-92.4632472222222 42.4077638888889),3799e450-19df-4ee4-8219-41699b2b913f,USGS-05463500,4e65552a-2f87-c14c-e053-0100007fbee6,367,1979-06-26T15:15:00+00:00,Imported Channel 1,245,ft^3/s,82.0,ft,289,ft^2,0.85,ft/s,,,Unspecified,Unspecified,Unspecified,Unspecified,Unspecified,Unknown,Unspecified,2026-06-26T16:20:30.298917+00:00,point_velocity,Unspecified
05463500,POINT (-92.4632472222222 42.4077638888889),37a30a8d-7130-40b3-8330-b93af9d2f715,USGS-05463500,4e65319c-76f9-af90-e053-0100007f04f6,467,1990-05-20T18:55:00+00:00,Imported Channel 1,2420,ft^3/s,180,ft,1070,ft^2,2.25,ft/s,,,Unspecified,Unspecified,Unspecified,Unspecified,Unspecified,Unknown,BridgeCrane,2026-06-26T16:20:30.298917+00:00,point_velocity,Unspecified
05463500,POINT (-92.4632472222222 42.4077638888889),38e191fa-89c1-4aaa-8ed3-d6c0ae5b984e,USGS-05463500,4e653c65-dd08-b508-e053-0100007f6e84,493,1993-10-14T18:05:00+00:00,Imported Channel 1,480,ft^3/s,93.0,ft,451,ft^2,1.06,ft/s,,,Unspecified,Unspecified,Unspecified,Unspecified,Unspecified,Unknown,BridgeCrane,2026-06-26T16:20:30.298917+00:00,point_velocity,Unspecified
05463500,POINT (-92.4632472222222 42.4077638888889),39108d4c-b072-48f7-9d70-3f03788288cf,USGS-05463500,4e653523-6364-b140-e053-0100007f723e,505,1995-01-11T14:35:00+00:00,Imported Channel 1,89.5,ft^3/s,72.0,ft,200,ft^2,0.45,ft/s,,,Unspecified,Unspecified,Unspecified,Unspecified,Unspecified,Unknown,Ice,2026-06-26T16:20:30.298917+00:00,point_velocity,Unspecified
05463500,POINT (-92.4632472222222 42.4077638888889),3933349f-82f3-4ae4-b7cd-d538afb5f700,USGS-05463500,4e65474f-a335-ba59-e053-0100007f0af6,113,1959-10-27T20:25:00+00:00,Imported Channel 1,25.2,ft^3/s,32.0,ft,23.0,ft^2,1.09,ft/s,,,Unspecified,Unspecified,Unspecified,Unspecified,Unspecified,Unknown,Unspecified,2026-06-26T16:20:30.298917+00:00,point_velocity,Unspecified
05463500,POINT (-92.4632472222222 42.4077638888889),398838e7-1da6-454f-bad3-4dd95f597ed4,USGS-05463500,4e654a81-16b5-bbad-e053-0100007f82c7,533,2003-10-21T15:40:00+00:00,Imported Channel 1,19.0,ft^3/s,33.0,ft,28.9,ft^2,0.66,ft/s,,,Unspecified,Unspecified,Unspecified,Unspecified,Unspecified,Unknown,Wading,2026-06-26T16:20:30.298917+00:00,point_velocity,Unspecified
05463500,POINT (-92.4632472222222 42.4077638888889),39ba372c-d06d-4543-8e15-12185d4e177f,USGS-05463500,4e65439e-4034-b8e9-e053-0100007f7f3f,150,1962-04-02T17:05:00+00:00,Imported Channel 1,702,ft^3/s,111,ft,446,ft^2,1.58,ft/s,,,Unspecified,Unspecified,Unspecified,Unspecified,Unspecified,Unknown,Unspecified,2026-06-26T16:20:30.298917+00:00,point_velocity,Unspecified
05463500,POINT (-92.4632472222222 42.4077638888889),39d2ab73-d124-4856-aeac-a6a4dc93a75a,USGS-05463500,4e655625-0219-c11d-e053-0100007f4c58,404,1983-07-06T17:50:00+00:00,Imported Channel 1,614,ft^3/s,90.0,ft,374,ft^2,1.64,ft/s,,,Unspecified,Unspecified,Unspecified,Unspecified,Unspecified,Unknown,Unspecified,2026-06-26T16:20:30.298917+00:00,point_velocity,Unspecified
05463500,POINT (-92.4632472222222 42.4077638888889),3b1863fb-086b-42c5-bf77-e9ef0f1ef934,USGS-05463500,4e653d39-14cb-b584-e053-0100007ff647,41,1955-01-31T16:40:00+00:00,Imported Channel 1,22.5,ft^3/s,38.0,ft,29.0,ft^2,0.78,ft/s,,,Unspecified,Unspecified,Unspecified,Unspecified,Unspecified,Unknown,Ice,2026-06-26T16:20:30.298917+00:00,point_velocity,Unspecified
05463500,POINT (-92.4632472222222 42.4077638888889),3b32c166-cd0a-4f9e-a842-b934fe69a615,USGS-05463500,4e653bbc-1f6a-b2dd-e053-0100007f722f,561,2006-11-01T14:54:00+00:00,Imported Channel 1,168,ft^3/s,66.0,ft,139,ft^2,1.21,ft/s,,,Unspecified,Unspecified,Unspecified,Unspecified,Unspecified,Unknown,Wading,2026-06-26T16:20:30.298917+00:00,point_velocity,Unspecified
05463500,POINT (-92.4632472222222 42.4077638888889),3b4adfa1-6466-435d-a494-d87b5a866b54,USGS-05463500,4e6563b5-7963-c83a-e053-0100007fcdac,372,1979-12-12T17:50:00+00:00,Imported Channel 1,61.9,ft^3/s,54.0,ft,87.6,ft^2,0.71,ft/s,,,Unspecified,Unspecified,Unspecified,Unspecified,Unspecified,Unknown,Unspecified,2026-06-26T16:20:30.298917+00:00,point_velocity,Unspecified
05463500,POINT (-92.4632472222222 42.4077638888889),3b7c4795-f85f-4ce3-9a83-007cf09bd145,USGS-05463500,4e654e36-04a0-bd14-e053-0100007fa67f,199,1965-06-14T16:45:00+00:00,Imported Channel 1,120,ft^3/s,51.0,ft,104,ft^2,1.15,ft/s,,,Unspecified,Unspecified,Unspecified,Unspecified,Unspecified,Unknown,Unspecified,2026-06-26T16:20:30.298917+00:00,point_velocity,Unspecified
05463500,POINT (-92.4632472222222 42.4077638888889),3bc2e42d-8d8a-4e4e-9dbc-6c1bda7fcee2,USGS-05463500,4e653cd5-1106-b52e-e053-0100007f02f9,503,1994-10-06T13:43:00+00:00,Imported Channel 1,94.5,ft^3/s,52.0,ft,72.3,ft^2,1.30,ft/s,,,Unspecified,Unspecified,Unspecified,Unspecified,Unspecified,Unknown,Wading,2026-06-26T16:20:30.298917+00:00,point_velocity,Unspecified
05463500,POINT (-92.4632472222222 42.4077638888889),3bd671f6-c985-4cd6-b495-82bd9626f95a,USGS-05463500,4e6540ef-6a81-b488-e053-0100007f8c41,598,2011-05-17T14:53:00+00:00,Main,408,ft^3/s,95.6,ft,268,ft^2,1.52,ft/s,,ft,Firm,Sand,Uneven,Even,Standard,Unknown,BridgeDownstreamSide,2026-06-26T16:20:30.298917+00:00,adcp,AtTheGage
05463500,POINT (-92.4632472222222 42.4077638888889),3decef80-f127-418a-9911-de0532e2ac19,USGS-05463500,4e655c3e-4a2e-c4db-e053-0100007f558c,270,1970-03-04T17:00:00+00:00,Imported Channel 1,2100,ft^3/s,184,ft,1230,ft^2,1.71,ft/s,,,Unspecified,Unspecified,Unspecified,Unspecified,Unspecified,Unknown,Unspecified,2026-06-26T16:20:30.298917+00:00,point_velocity,Unspecified
05463500,POINT (-92.4632472222222 42.4077638888889),3e305daf-2532-42a2-aa1b-0409b1ed1100,USGS-05463500,4e655fa2-0e21-c4ed-e053-0100007f5186,317,1974-09-17T13:30:00+00:00,Imported Channel 1,38.7,ft^3/s,64.0,ft,42.8,ft^2,0.90,ft/s,,,Unspecified,Unspecified,Unspecified,Unspecified,Unspecified,Unknown,Unspecified,2026-06-26T16:20:30.298917+00:00,point_velocity,Unspecified
05463500,POINT (-92.4632472222222 42.4077638888889),3e7cb1b3-556b-4e6e-9ea9-f427009f9443,USGS-05463500,4e6535e8-3eac-b0e0-e053-0100007ff514,223,1967-02-09T19:55:00+00:00,Imported Channel 1,45.6,ft^3/s,37.0,ft,38.2,ft^2,1.22,ft/s,,,Unspecified,Unspecified,Unspecified,Unspecified,Unspecified,Unknown,Unspecified,2026-06-26T16:20:30.298917+00:00,point_velocity,Unspecified
05463500,POINT (-92.4632472222222 42.4077638888889),3eb0dadf-2ace-4eb9-a3f7-073faeb23a0f,USGS-05463500,4e654e36-04a4-bd14-e053-0100007fa67f,276,1970-08-26T18:10:00+00:00,Imported Channel 1,19.9,ft^3/s,29.0,ft,21.1,ft^2,0.94,ft/s,,,Unspecified,Unspecified,Unspecified,Unspecified,Unspecified,Unknown,Unspecified,2026-06-26T16:20:30.298917+00:00,point_velocity,Unspecified
05463500,POINT (-92.4632472222222 42.4077638888889),3ee1c0a5-6f09-4405-9d87-78acd6f03da8,USGS-05463500,4e6549d9-c1bd-ba07-e053-0100007f074f,456,1989-06-15T14:30:00+00:00,Imported Channel 1,13.4,ft^3/s,42.0,ft,20.2,ft^2,0.66,ft/s,,,Unspecified,Unspecified,Unspecified,Unspecified,Unspecified,Unknown,Wading,2026-06-26T16:20:30.298917+00:00,point_velocity,Unspecified
05463500,POINT (-92.4632472222222 42.4077638888889),3febbabb-5069-4f57-968a-91899c565102,USGS-05463500,b4691095-90cd-42ce-9292-6aa853e66258,701,2025-03-07T18:07:32+00:00,Main,233,ft^3/s,86.3,ft,174,ft^2,1.34,ft/s,10.00,ft,Soft,Sand,Even,Even,Standard,Pulsating,BridgeDownstreamSide,2026-06-26T16:20:30.298917+00:00,adcp,Downstream
05463500,POINT (-92.4632472222222 42.4077638888889),402732bb-dba2-4d76-a9ed-481d5ab6f4e9,USGS-05463500,329be936-d104-4051-8e00-f95a61748bf3,672,2020-08-25T17:06:30+00:00,Main,43.4,ft^3/s,73.0,ft,73.1,ft^2,0.59,ft/s,75.00,ft,Soft,Sand,Uneven,Uneven,Unknown,Steady,Wading,2026-06-26T16:20:30.298917+00:00,point_velocity,Upstream
05463500,POINT (-92.4632472222222 42.4077638888889),4127bb87-498a-4b52-82b3-940a20622911,USGS-05463500,4e65471e-7cac-ba5b-e053-0100007f6a91,154,1962-08-06T17:30:00+00:00,Imported Channel 1,83.0,ft^3/s,55.0,ft,87.7,ft^2,0.95,ft/s,,,Unspecified,Unspecified,Unspecified,Unspecified,Unspecified,Unknown,Unspecified,2026-06-26T16:20:30.298917+00:00,point_velocity,Unspecified
05463500,POINT (-92.4632472222222 42.4077638888889),424c6de5-0d21-477c-b28c-db5eb95d2d41,USGS-05463500,4e653472-0d24-b0d1-e053-0100007ff18f,249,1968-11-20T22:00:00+00:00,Imported Channel 1,117,ft^3/s,67.0,ft,104,ft^2,1.12,ft/s,,,Unspecified,Unspecified,Unspecified,Unspecified,Unspecified,Unknown,Unspecified,2026-06-26T16:20:30.298917+00:00,point_velocity,Unspecified
05463500,POINT (-92.4632472222222 42.4077638888889),42c686ea-56b2-4fbd-8314-7accff05a028,USGS-05463500,4e653cfe-9c98-b4f8-e053-0100007f460e,449,1988-06-30T19:45:00+00:00,Imported Channel 1,37.2,ft^3/s,64.0,ft,31.8,ft^2,1.17,ft/s,,,Unspecified,Unspecified,Unspecified,Unspecified,Unspecified,Unknown,Wading,2026-06-26T16:20:30.298917+00:00,point_velocity,Unspecified
05463500,POINT (-92.4632472222222 42.4077638888889),42e21675-0508-4d2b-9614-079cb45a16e0,USGS-05463500,7525f36c-e4cb-9ff2-e053-0100007f6e2f,653,2018-09-05T16:21:44+00:00,Overflow Bridge,1950,ft^3/s,165,ft,1590,ft^2,1.16,ft/s,50.00,ft,Firm,SiltMud,Even,Even,Standard,Steady,BridgeDownstreamSide,2026-06-26T16:20:30.298917+00:00,adcp,Upstream
05463500,POINT (-92.4632472222222 42.4077638888889),4320d460-cfc4-4028-9740-29c2ea0cb184,USGS-05463500,4e654045-6e19-b671-e053-0100007faac9,233,1967-11-16T14:45:00+00:00,Imported Channel 1,23.6,ft^3/s,40.0,ft,24.7,ft^2,0.96,ft/s,,,Unspecified,Unspecified,Unspecified,Unspecified,Unspecified,Unknown,Unspecified,2026-06-26T16:20:30.298917+00:00,point_velocity,Unspecified
05463500,POINT (-92.4632472222222 42.4077638888889),435cf7b7-d628-4767-97bb-241cda66049b,USGS-05463500,4e655fa1-9bc6-c5fc-e053-0100007fc5f3,411,1984-04-19T18:10:00+00:00,Imported Channel 1,372,ft^3/s,84.0,ft,208,ft^2,1.79,ft/s,,,Unspecified,Unspecified,Unspecified,Unspecified,Unspecified,Unknown,Unspecified,2026-06-26T16:20:30.298917+00:00,point_velocity,Unspecified
05463500,POINT (-92.4632472222222 42.4077638888889),43a69cc2-6976-4b8c-af6e-b6c09cb74522,USGS-05463500,4e653472-0cc2-b0d1-e053-0100007ff18f,73,1957-06-03T17:25:00+00:00,Imported Channel 1,225,ft^3/s,108,ft,208,ft^2,1.08,ft/s,,,Unspecified,Unspecified,Unspecified,Unspecified,Unspecified,Unknown,BridgeCrane,2026-06-26T16:20:30.298917+00:00,point_velocity,Unspecified
05463500,POINT (-92.4632472222222 42.4077638888889),43c31f12-c64a-49fe-94b0-60b2054bee82,USGS-05463500,4e6543c0-3f68-b8df-e053-0100007ff56e,436,1987-02-04T14:30:00+00:00,Imported Channel 1,162,ft^3/s,66.0,ft,162,ft^2,1.00,ft/s,,,Unspecified,Unspecified,Unspecified,Unspecified,Unspecified,Unknown,Wading,2026-06-26T16:20:30.298917+00:00,point_velocity,Unspecified
05463500,POINT (-92.4632472222222 42.4077638888889),44597289-e067-4a12-9f93-80e844041727,USGS-05463500,4e653cd5-1113-b52e-e053-0100007f02f9,567,2007-08-14T14:50:00+00:00,Imported Channel 1,186,ft^3/s,75.0,ft,126,ft^2,1.48,ft/s,,,Unspecified,Unspecified,Unspecified,Unspecified,Unspecified,Unknown,Wading,2026-06-26T16:20:30.298917+00:00,point_velocity,Unspecified
05463500,POINT (-92.4632472222222 42.4077638888889),44668669-f60f-423e-8f52-daf8db312c51,USGS-05463500,4e6546dd-e9ac-ba09-e053-0100007fe0de,520,2002-05-15T13:35:00+00:00,Imported Channel 1,297,ft^3/s,78.0,ft,208,ft^2,1.43,ft/s,,,Unspecified,Unspecified,Unspecified,Unspecified,Unspecified,Unknown,Wading,2026-06-26T16:20:30.298917+00:00,point_velocity,Unspecified
05463500,POINT (-92.4632472222222 42.4077638888889),44fc0792-d5aa-4beb-8fd7-8af174ba4822,USGS-05463500,4e654c19-979c-bc43-e053-0100007fc312,225,1967-03-28T18:30:00+00:00,Imported Channel 1,324,ft^3/s,82.0,ft,194,ft^2,1.67,ft/s,,,Unspecified,Unspecified,Unspecified,Unspecified,Unspecified,Unknown,Unspecified,2026-06-26T16:20:30.298917+00:00,point_velocity,Unspecified
05463500,POINT (-92.4632472222222 42.4077638888889),45688ca9-9f05-4a5b-8deb-d17e92269e29,USGS-05463500,4e6549f1-f0f9-ba0b-e053-0100007f338e,88,1958-05-07T23:10:00+00:00,Imported Channel 1,56.1,ft^3/s,51.0,ft,45.4,ft^2,1.24,ft/s,,,Unspecified,Unspecified,Unspecified,Unspecified,Unspecified,Unknown,Unspecified,2026-06-26T16:20:30.298917+00:00,point_velocity,Unspecified
05463500,POINT (-92.4632472222222 42.4077638888889),45ecd82a-2445-439c-907d-fdbf275fc41d,USGS-05463500,4e653c4f-b587-b259-e053-0100007f7239,443,1987-10-27T19:35:00+00:00,Imported Channel 1,78.0,ft^3/s,72.0,ft,68.5,ft^2,1.14,ft/s,,,Unspecified,Unspecified,Unspecified,Unspecified,Unspecified,Unknown,Wading,2026-06-26T16:20:30.298917+00:00,point_velocity,Unspecified
05463500,POINT (-92.4632472222222 42.4077638888889),45f84b37-cb6a-4eba-97d4-a0f8f1991c09,USGS-05463500,4e653f7c-5dc8-b64a-e053-0100007f79f3,438,1987-04-09T14:20:00+00:00,Imported Channel 1,263,ft^3/s,73.0,ft,162,ft^2,1.62,ft/s,,,Unspecified,Unspecified,Unspecified,Unspecified,Unspecified,Unknown,Wading,2026-06-26T16:20:30.298917+00:00,point_velocity,Unspecified
05463500,POINT (-92.4632472222222 42.4077638888889),46c4f172-d5ac-4f9a-ab4e-9e3c11b882cb,USGS-05463500,4e65439e-404f-b8e9-e053-0100007f7f3f,242,1968-07-25T22:50:00+00:00,Imported Channel 1,112,ft^3/s,67.0,ft,75.4,ft^2,1.49,ft/s,,,Unspecified,Unspecified,Unspecified,Unspecified,Unspecified,Unknown,Unspecified,2026-06-26T16:20:30.298917+00:00,point_velocity,Unspecified
05463500,POINT (-92.4632472222222 42.4077638888889),47188196-a418-44f4-8231-570572d26415,USGS-05463500,4e653fd4-a924-b69b-e053-0100007fa7d9,82,1957-11-04T15:55:00+00:00,Imported Channel 1,69.5,ft^3/s,41.0,ft,46.6,ft^2,1.49,ft/s,,,Unspecified,Unspecified,Unspecified,Unspecified,Unspecified,Unknown,Wading,2026-06-26T16:20:30.298917+00:00,point_velocity,Unspecified
05463500,POINT (-92.4632472222222 42.4077638888889),47972488-60c5-4d84-a00e-33a220b98fb1,USGS-05463500,4e6549d9-c1c5-ba07-e053-0100007f074f,477,1991-07-09T20:50:00+00:00,Imported Channel 1,141,ft^3/s,73.0,ft,206,ft^2,0.68,ft/s,,,Unspecified,Unspecified,Unspecified,Unspecified,Unspecified,Unknown,Wading,2026-06-26T16:20:30.298917+00:00,point_velocity,Unspecified
05463500,POINT (-92.4632472222222 42.4077638888889),47aa63d7-24a0-41f5-9b87-c7e74bd14667,USGS-05463500,4e653470-2e99-b0de-e053-0100007fac39,84,1958-01-06T16:50:00+00:00,Imported Channel 1,55.3,ft^3/s,37.0,ft,38.9,ft^2,1.42,ft/s,,,Unspecified,Unspecified,Unspecified,Unspecified,Unspecified,Unknown,Ice,2026-06-26T16:20:30.298917+00:00,point_velocity,Unspecified
05463500,POINT (-92.4632472222222 42.4077638888889),47bfef07-830a-4061-a2db-efd1b7065984,USGS-05463500,4e655901-db5d-c2ef-e053-0100007fd894,310,1974-01-07T20:00:00+00:00,Imported Channel 1,97.5,ft^3/s,64.0,ft,77.0,ft^2,1.27,ft/s,,,Unspecified,Unspecified,Unspecified,Unspecified,Unspecified,Unknown,Unspecified,2026-06-26T16:20:30.298917+00:00,point_velocity,Unspecified
05463500,POINT (-92.4632472222222 42.4077638888889),48476508-47c8-4ddb-af5e-e4531b8675be,USGS-05463500,4e653f7a-ae38-b66a-e053-0100007f0998,32,1954-06-02T17:50:00+00:00,Imported Channel 1,1480,ft^3/s,176,ft,1020,ft^2,1.45,ft/s,,,Unspecified,Unspecified,Unspecified,Unspecified,Unspecified,Unknown,BridgeCrane,2026-06-26T16:20:30.298917+00:00,point_velocity,Unspecified
05463500,POINT (-92.4632472222222 42.4077638888889),487709ca-424e-4b06-b7e5-45c455849e67,USGS-05463500,4e654a81-16ae-bbad-e053-0100007f82c7,484,1992-08-12T12:50:00+00:00,Imported Channel 1,279,ft^3/s,78.0,ft,208,ft^2,1.34,ft/s,,,Unspecified,Unspecified,Unspecified,Unspecified,Unspecified,Unknown,Wading,2026-06-26T16:20:30.298917+00:00,point_velocity,Unspecified
05463500,POINT (-92.4632472222222 42.4077638888889),48d45a42-dcd5-4108-9687-87cc54b22167,USGS-05463500,4e654a81-16b7-bbad-e053-0100007f82c7,588,2010-03-29T14:30:00+00:00,Imported Channel 1,349,ft^3/s,94.3,ft,357,ft^2,0.98,ft/s,,ft,Firm,SiltMud,Uneven,Even,Unspecified,Unknown,BridgeDownstreamSide,2026-06-26T16:20:30.298917+00:00,adcp,AtTheGage
05463500,POINT (-92.4632472222222 42.4077638888889),493c8062-1726-4591-825f-542867d35777,USGS-05463500,4e6547b6-a0d9-ba7d-e053-0100007ff437,421,1985-06-18T05:00:00+00:00,Imported Channel 1,101,ft^3/s,71.0,ft,91.6,ft^2,1.10,ft/s,,,Unspecified,Unspecified,Unspecified,Unspecified,Unspecified,Unknown,Wading,2026-06-26T16:20:30.298917+00:00,point_velocity,Unspecified
05463500,POINT (-92.4632472222222 42.4077638888889),495ab275-5ad1-4015-9e1a-c757238cdd51,USGS-05463500,4e6542b8-d693-b646-e053-0100007fe67b,590,2010-06-21T16:55:00+00:00,Imported Channel 1,993,ft^3/s,105,ft,608,ft^2,1.64,ft/s,,ft,Firm,Sand,Even,Even,Unspecified,Unknown,BridgeDownstreamSide,2026-06-26T16:20:30.298917+00:00,adcp,AtTheGage
05463500,POINT (-92.4632472222222 42.4077638888889),496dbf6b-c0a8-476e-932d-36aa23d6fe25,USGS-05463500,4e654a81-16e2-bbad-e053-0100007f82c7,343,1977-06-21T12:45:00+00:00,Imported Channel 1,22.2,ft^3/s,43.0,ft,23.8,ft^2,0.93,ft/s,,,Unspecified,Unspecified,Unspecified,Unspecified,Unspecified,Unknown,Unspecified,2026-06-26T16:20:30.298917+00:00,point_velocity,Unspecified
05463500,POINT (-92.4632472222222 42.4077638888889),49c77558-556f-47c7-b8ae-4c14ab15acaa,USGS-05463500,4e654863-6159-ba7f-e053-0100007feec1,558,2006-09-13T20:33:00+00:00,Imported Channel 1,1070,ft^3/s,74.2,ft,515,ft^2,2.08,ft/s,,ft,Unspecified,Unspecified,Unspecified,Unspecified,Unspecified,Unknown,Unspecified,2026-06-26T16:20:30.298917+00:00,adcp,Unspecified
05463500,POINT (-92.4632472222222 42.4077638888889),4a27de82-f9a7-4e07-9116-b7bd09d8048a,USGS-05463500,4e654a81-16d1-bbad-e053-0100007f82c7,281,1971-03-16T14:00:00+00:00,Imported Channel 1,1210,ft^3/s,177,ft,930,ft^2,1.18,ft/s,,,Unspecified,Unspecified,Unspecified,Unspecified,Unspecified,Unknown,Unspecified,2026-06-26T16:20:30.298917+00:00,point_velocity,Unspecified
05463500,POINT (-92.4632472222222 42.4077638888889),4a485b9c-e333-4f01-bb1d-7d29d0e12b09,USGS-05463500,4e655be0-aeb0-c4d5-e053-0100007f2728,610,2013-01-15T22:56:00+00:00,Main channel,14.9,ft^3/s,41.0,ft,22.3,ft^2,0.67,ft/s,,,Firm,Sand,Even,Even,Standard,Unknown,Wading,2026-06-26T16:20:30.298917+00:00,point_velocity,AtTheGage
05463500,POINT (-92.4632472222222 42.4077638888889),4ab02e44-4d83-4d72-928c-09aaf68f6397,USGS-05463500,4e654e5b-48b5-bd59-e053-0100007fe6d2,542,2004-11-10T13:50:00+00:00,Imported Channel 1,34.5,ft^3/s,51.0,ft,42.7,ft^2,0.81,ft/s,,,Unspecified,Unspecified,Unspecified,Unspecified,Unspecified,Unknown,Wading,2026-06-26T16:20:30.298917+00:00,point_velocity,Unspecified
05463500,POINT (-92.4632472222222 42.4077638888889),4ac19275-31d1-42e3-82fb-1ed6400e8ac6,USGS-05463500,285db142-2572-4c38-bd31-fabbbd3f7931,671,2020-06-23T18:40:35+00:00,Main,6200,ft^3/s,194,ft,1670,ft^2,3.72,ft/s,15.00,ft,Soft,Sand,Uneven,Uneven,NonStandard,Pulsating,BridgeDownstreamSide,2026-06-26T16:20:30.298917+00:00,adcp,Downstream
05463500,POINT (-92.4632472222222 42.4077638888889),4af2f2ca-7370-412c-ac3f-fa9b52c731f4,USGS-05463500,4e6566f5-d787-caa8-e053-0100007f206d,639,2016-11-22T14:47:30+00:00,main,158,ft^3/s,89.0,ft,125,ft^2,1.26,ft/s,30.00,ft,Firm,Sand,Uneven,Even,Standard,Unknown,Wading,2026-06-26T16:20:30.298917+00:00,point_velocity,Upstream
05463500,POINT (-92.4632472222222 42.4077638888889),4afd54de-443a-421c-9fc8-9b01142dc5f7,USGS-05463500,4e6522a3-c62c-a80d-e053-0100007fcfcd,46,1955-07-06T15:15:00+00:00,Imported Channel 1,55.9,ft^3/s,47.0,ft,43.5,ft^2,1.28,ft/s,,,Unspecified,Unspecified,Unspecified,Unspecified,Unspecified,Unknown,Wading,2026-06-26T16:20:30.298917+00:00,point_velocity,Unspecified
05463500,POINT (-92.4632472222222 42.4077638888889),4b022da7-ef77-4a84-baf5-fa228457c4f0,USGS-05463500,4e654ed8-986a-bd3a-e053-0100007febbb,316,1974-08-06T13:25:00+00:00,Imported Channel 1,80.7,ft^3/s,67.0,ft,78.1,ft^2,1.03,ft/s,,,Unspecified,Unspecified,Unspecified,Unspecified,Unspecified,Unknown,Unspecified,2026-06-26T16:20:30.298917+00:00,point_velocity,Unspecified
05463500,POINT (-92.4632472222222 42.4077638888889),4b14fe41-b816-4f19-8c41-728ad7d8f53a,USGS-05463500,4e654045-6de1-b671-e053-0100007faac9,30,1954-05-04T13:30:00+00:00,Imported Channel 1,466,ft^3/s,148,ft,404,ft^2,1.15,ft/s,,,Unspecified,Unspecified,Unspecified,Unspecified,Unspecified,Unknown,BridgeCrane,2026-06-26T16:20:30.298917+00:00,point_velocity,Unspecified
05463500,POINT (-92.4632472222222 42.4077638888889),4b3b8da3-991d-47e5-9ff5-cc65dbbbcb5f,USGS-05463500,4e654723-c5da-ba2f-e053-0100007f3d30,555,2006-06-01T17:46:00+00:00,Imported Channel 1,150,ft^3/s,65.0,ft,124,ft^2,1.21,ft/s,,,Unspecified,Unspecified,Unspecified,Unspecified,Unspecified,Unknown,Wading,2026-06-26T16:20:30.298917+00:00,point_velocity,Unspecified
05463500,POINT (-92.4632472222222 42.4077638888889),4b9484da-7e2d-4078-af94-9b5b7f75ed49,USGS-05463500,4e653f7c-5ddf-b64a-e053-0100007f79f3,328,1975-12-04T17:30:00+00:00,Imported Channel 1,55.9,ft^3/s,46.0,ft,46.3,ft^2,1.21,ft/s,,,Unspecified,Unspecified,Unspecified,Unspecified,Unspecified,Unknown,Unspecified,2026-06-26T16:20:30.298917+00:00,point_velocity,Unspecified
05463500,POINT (-92.4632472222222 42.4077638888889),4bc008ad-ede6-4af6-b05c-af9acec00b1f,USGS-05463500,4e6538cb-d2da-b2fb-e053-0100007fecf9,461,1990-01-09T18:30:00+00:00,Imported Channel 1,2.08,ft^3/s,27.0,ft,7.25,ft^2,0.29,ft/s,,,Unspecified,Unspecified,Unspecified,Unspecified,Unspecified,Unknown,Ice,2026-06-26T16:20:30.298917+00:00,point_velocity,Unspecified
05463500,POINT (-92.4632472222222 42.4077638888889),4bf63afa-1f9d-4a8c-b81e-f876c1012b32,USGS-05463500,4e6558b6-ea7d-c341-e053-0100007f37b9,618,2014-03-17T17:37:10+00:00,main channel,284,ft^3/s,88.0,ft,309,ft^2,0.92,ft/s,10.00,ft,Soft,Sand,Uneven,Even,Unknown,Unknown,BridgeDownstreamSide,2026-06-26T16:20:30.298917+00:00,adcp,Upstream
05463500,POINT (-92.4632472222222 42.4077638888889),4c69f678-a077-4fe6-92d7-a355b3f7186a,USGS-05463500,4e654723-c5e3-ba2f-e053-0100007f3d30,97,1958-10-02T14:20:00+00:00,Imported Channel 1,35.9,ft^3/s,50.0,ft,28.9,ft^2,1.24,ft/s,,,Unspecified,Unspecified,Unspecified,Unspecified,Unspecified,Unknown,Unspecified,2026-06-26T16:20:30.298917+00:00,point_velocity,Unspecified
05463500,POINT (-92.4632472222222 42.4077638888889),4cba8782-ce32-4939-b14f-17d9a1d4aa7b,USGS-05463500,4e65585f-719f-c2ed-e053-0100007f28b3,641,2017-03-21T13:47:30+00:00,main,232,ft^3/s,94.0,ft,180,ft^2,1.29,ft/s,10.00,ft,Soft,Sand,Uneven,Even,NonStandard,Unknown,Wading,2026-06-26T16:20:30.298917+00:00,point_velocity,Upstream
05463500,POINT (-92.4632472222222 42.4077638888889),4ccd2509-242c-473d-8b92-d9b53ab61bdb,USGS-05463500,4e6551b5-d187-bf57-e053-0100007f3c2d,370,1979-10-02T15:30:00+00:00,Imported Channel 1,56.6,ft^3/s,55.0,ft,71.7,ft^2,0.79,ft/s,,,Unspecified,Unspecified,Unspecified,Unspecified,Unspecified,Unknown,Unspecified,2026-06-26T16:20:30.298917+00:00,point_velocity,Unspecified
05463500,POINT (-92.4632472222222 42.4077638888889),4d66574a-ec2c-4ea2-bdfc-1d08fbb86276,USGS-05463500,4e6549f1-f11d-ba0b-e053-0100007f338e,185,1964-10-02T16:15:00+00:00,Imported Channel 1,26.3,ft^3/s,47.0,ft,28.2,ft^2,0.93,ft/s,,,Unspecified,Unspecified,Unspecified,Unspecified,Unspecified,Unknown,Unspecified,2026-06-26T16:20:30.298917+00:00,point_velocity,Unspecified
05463500,POINT (-92.4632472222222 42.4077638888889),4deb1aa7-074b-4e1d-aea8-f0873ebc70f6,USGS-05463500,4e65552a-2f74-c14c-e053-0100007fbee6,291,1971-10-21T15:30:00+00:00,Imported Channel 1,20.1,ft^3/s,23.0,ft,18.0,ft^2,1.12,ft/s,,,Unspecified,Unspecified,Unspecified,Unspecified,Unspecified,Unknown,Unspecified,2026-06-26T16:20:30.298917+00:00,point_velocity,Unspecified
05463500,POINT (-92.4632472222222 42.4077638888889),4df0ae1e-1ebf-460a-b709-3ea70389d982,USGS-05463500,4e653b7e-ffef-b482-e053-0100007f62ad,522,2002-08-07T14:00:00+00:00,Imported Channel 1,32.6,ft^3/s,51.0,ft,45.6,ft^2,0.71,ft/s,,,Unspecified,Unspecified,Unspecified,Unspecified,Unspecified,Unknown,Wading,2026-06-26T16:20:30.298917+00:00,point_velocity,Unspecified
05463500,POINT (-92.4632472222222 42.4077638888889),4e6ebbcf-3b1e-43d0-a46d-d4a62484ffc8,USGS-05463500,4e6536da-a7aa-b1bf-e053-0100007f8ff4,24,1954-02-01T16:50:00+00:00,Imported Channel 1,4.59,ft^3/s,13.0,ft,6.90,ft^2,0.67,ft/s,,,Unspecified,Unspecified,Unspecified,Unspecified,Unspecified,Unknown,Ice,2026-06-26T16:20:30.298917+00:00,point_velocity,Unspecified
05463500,POINT (-92.4632472222222 42.4077638888889),4e7d4d75-9a5e-47fb-8121-7b8268cd4072,USGS-05463500,039d4b42-b5cd-4621-b269-1fe168f56af5,696,2024-05-22T18:19:29+00:00,Main Channel,3140,ft^3/s,159,ft,1260,ft^2,2.50,ft/s,0.00,ft,Soft,Sand,Uneven,Uneven,Unknown,Steady,BridgeDownstreamSide,2026-06-26T16:20:30.298917+00:00,adcp,AtTheGage
05463500,POINT (-92.4632472222222 42.4077638888889),4eda4074-8c7e-4613-86bc-4d0f39fda8e4,USGS-05463500,4e653b7e-fd61-b486-e053-0100007f6d12,107,1959-04-28T16:50:00+00:00,Imported Channel 1,120,ft^3/s,54.0,ft,96.8,ft^2,1.24,ft/s,,,Unspecified,Unspecified,Unspecified,Unspecified,Unspecified,Unknown,Unspecified,2026-06-26T16:20:30.298917+00:00,point_velocity,Unspecified
05463500,POINT (-92.4632472222222 42.4077638888889),4ee783b7-3c1d-4921-a257-0f9661387731,USGS-05463500,065748d5-d21f-45a3-b88b-31db7458b1f0,699,2024-11-13T17:39:43+00:00,Main Channel,57.0,ft^3/s,72.0,ft,55.2,ft^2,1.03,ft/s,50.00,ft,Firm,Sand,Even,Even,Unknown,Steady,Wading,2026-06-26T16:20:30.298917+00:00,point_velocity,Downstream
05463500,POINT (-92.4632472222222 42.4077638888889),4fa9ab48-db78-429f-93db-833aa60ce74c,USGS-05463500,4e65588a-b9d6-c2da-e053-0100007fa834,297,1972-06-14T19:30:00+00:00,Imported Channel 1,960,ft^3/s,135,ft,608,ft^2,1.58,ft/s,,,Unspecified,Unspecified,Unspecified,Unspecified,Unspecified,Unknown,Unspecified,2026-06-26T16:20:30.298917+00:00,point_velocity,Unspecified
05463500,POINT (-92.4632472222222 42.4077638888889),5000e0d6-be1c-42b4-ba97-5b9bc14aac26,USGS-05463500,4e655ba1-80cc-c4c1-e053-0100007f186d,410,1984-03-13T17:30:00+00:00,Imported Channel 1,168,ft^3/s,73.0,ft,146,ft^2,1.13,ft/s,,,Unspecified,Unspecified,Unspecified,Unspecified,Unspecified,Unknown,Unspecified,2026-06-26T16:20:30.298917+00:00,point_velocity,Unspecified
05463500,POINT (-92.4632472222222 42.4077638888889),5032fb14-b65d-4d12-9255-0274621ff825,USGS-05463500,5760ccc2-ab41-405e-e053-0100007f125d,644,2017-08-22T13:35:30+00:00,main,53.6,ft^3/s,74.0,ft,53.5,ft^2,1.00,ft/s,10.00,ft,Firm,Sand,Uneven,Even,Standard,Steady,Wading,2026-06-26T16:20:30.298917+00:00,point_velocity,Upstream
05463500,POINT (-92.4632472222222 42.4077638888889),513c13df-26c5-44f9-b076-82743d79b1ae,USGS-05463500,4e655882-116d-c2f3-e053-0100007f0038,604,2012-03-22T19:36:00+00:00,Imported Channel 1,142,ft^3/s,81.0,ft,122,ft^2,1.17,ft/s,30.00,ft,Firm,Sand,Even,Even,Uniform,Unknown,Wading,2026-06-26T16:20:30.298917+00:00,point_velocity,Upstream
05463500,POINT (-92.4632472222222 42.4077638888889),5154580c-2981-40ce-b345-f389c2930d9f,USGS-05463500,4e651b29-8ec1-a435-e053-0100007f6420,15,1953-05-25T16:35:00+00:00,Imported Channel 1,140,ft^3/s,94.0,ft,92.2,ft^2,1.52,ft/s,,,Unspecified,Unspecified,Unspecified,Unspecified,Unspecified,Unknown,Wading,2026-06-26T16:20:30.298917+00:00,point_velocity,Unspecified
05463500,POINT (-92.4632472222222 42.4077638888889),5273f243-1ac3-4597-a3a1-8bdad39c5ec8,USGS-05463500,4e654863-6149-ba7f-e053-0100007feec1,517,2002-01-22T19:20:00+00:00,Imported Channel 1,32.8,ft^3/s,48.0,ft,43.1,ft^2,0.76,ft/s,,,Unspecified,Unspecified,Unspecified,Unspecified,Unspecified,Unknown,Wading,2026-06-26T16:20:30.298917+00:00,point_velocity,Unspecified
05463500,POINT (-92.4632472222222 42.4077638888889),5360401a-8f8d-43ab-8b88-8560b7114159,USGS-05463500,4e65583a-5dd5-c2f1-e053-0100007fb8d8,640,2017-02-01T16:32:25+00:00,main,792,ft^3/s,105,ft,410,ft^2,1.93,ft/s,,ft,Firm,Sand,Even,Even,NonStandard,Unknown,BridgeDownstreamSide,2026-06-26T16:20:30.298917+00:00,adcp,AtTheGage
05463500,POINT (-92.4632472222222 42.4077638888889),5401dc20-0d4a-4635-b3e6-35c23522c069,USGS-05463500,4e653d39-14c3-b584-e053-0100007ff647,7,1952-09-08T19:00:00+00:00,Imported Channel 1,16.6,ft^3/s,32.0,ft,13.4,ft^2,1.24,ft/s,,,Unspecified,Unspecified,Unspecified,Unspecified,Unspecified,Unknown,Wading,2026-06-26T16:20:30.298917+00:00,point_velocity,Unspecified
05463500,POINT (-92.4632472222222 42.4077638888889),545b26b2-8856-48ed-b8e0-dae87ba90d18,USGS-05463500,4e6551ee-66bb-bf07-e053-0100007f4dc6,307,1973-08-21T23:20:00+00:00,Imported Channel 1,54.1,ft^3/s,57.0,ft,42.7,ft^2,1.27,ft/s,,,Unspecified,Unspecified,Unspecified,Unspecified,Unspecified,Unknown,Unspecified,2026-06-26T16:20:30.298917+00:00,point_velocity,Unspecified
05463500,POINT (-92.4632472222222 42.4077638888889),54c92c51-e12d-45d1-87f6-3a037370d3e8,USGS-05463500,4e654ed8-9875-bd3a-e053-0100007febbb,408,1983-12-23T17:15:00+00:00,Imported Channel 1,173,ft^3/s,73.0,ft,119,ft^2,1.45,ft/s,,,Unspecified,Unspecified,Unspecified,Unspecified,Unspecified,Unknown,Unspecified,2026-06-26T16:20:30.298917+00:00,point_velocity,Unspecified
05463500,POINT (-92.4632472222222 42.4077638888889),550fd80c-a048-4f72-98d3-48e47a534c9c,USGS-05463500,4e655c32-a886-c4ad-e053-0100007f8b15,625,2014-12-08T16:33:00+00:00,main,54.1,ft^3/s,83.0,ft,176,ft^2,0.31,ft/s,10.00,ft,Soft,Sand,Even,Unspecified,Standard,Unknown,Wading,2026-06-26T16:20:30.298917+00:00,point_velocity,Downstream
05463500,POINT (-92.4632472222222 42.4077638888889),55c54fae-2d62-40de-aa0a-d1531368c1d8,USGS-05463500,4e6547f1-5a67-ba81-e053-0100007f2798,119,1960-03-31T14:00:00+00:00,Imported Channel 1,7720,ft^3/s,369,ft,3620,ft^2,2.10,ft/s,,,Unspecified,Unspecified,Unspecified,Unspecified,Unspecified,Unknown,Unspecified,2026-06-26T16:20:30.298917+00:00,point_velocity,Unspecified
05463500,POINT (-92.4632472222222 42.4077638888889),55c76e56-fcc1-4a8f-8d20-e4d8d1145f5a,USGS-05463500,4e65347d-64e7-b0dc-e053-0100007f9636,81,1957-09-30T17:45:00+00:00,Imported Channel 1,28.1,ft^3/s,26.0,ft,22.1,ft^2,1.27,ft/s,,,Unspecified,Unspecified,Unspecified,Unspecified,Unspecified,Unknown,Wading,2026-06-26T16:20:30.298917+00:00,point_velocity,Unspecified
05463500,POINT (-92.4632472222222 42.4077638888889),564f38b3-df7d-4caa-a598-e7919c85f01e,USGS-05463500,4e6554fe-6fbf-c0ef-e053-0100007fa61d,638,2016-10-12T15:01:27+00:00,main,301,ft^3/s,95.0,ft,195,ft^2,1.54,ft/s,,ft,Firm,Sand,Uneven,Even,NonStandard,Unknown,BridgeDownstreamSide,2026-06-26T16:20:30.298917+00:00,adcp,AtTheGage
05463500,POINT (-92.4632472222222 42.4077638888889),57331a8b-9cf8-44cc-a2d6-3c86060fd3d0,USGS-05463500,4e6535e8-3ea5-b0e0-e053-0100007ff514,152,1962-06-05T23:20:00+00:00,Imported Channel 1,327,ft^3/s,81.0,ft,230,ft^2,1.42,ft/s,,,Unspecified,Unspecified,Unspecified,Unspecified,Unspecified,Unknown,Unspecified,2026-06-26T16:20:30.298917+00:00,point_velocity,Unspecified
05463500,POINT (-92.4632472222222 42.4077638888889),5756d1dd-49f8-4d4a-8bef-23f6c0178af8,USGS-05463500,4e653f89-d431-b660-e053-0100007f2dc5,11,1953-01-19T17:00:00+00:00,Imported Channel 1,39.4,ft^3/s,38.0,ft,37.6,ft^2,1.05,ft/s,,,Unspecified,Unspecified,Unspecified,Unspecified,Unspecified,Unknown,Wading,2026-06-26T16:20:30.298917+00:00,point_velocity,Unspecified
05463500,POINT (-92.4632472222222 42.4077638888889),575d609b-87c2-4994-a619-2f2a36a9f8d2,USGS-05463500,4e655bc0-f21d-c4d7-e053-0100007fef37,407,1983-11-04T18:20:00+00:00,Imported Channel 1,156,ft^3/s,71.0,ft,120,ft^2,1.30,ft/s,,,Unspecified,Unspecified,Unspecified,Unspecified,Unspecified,Unknown,Unspecified,2026-06-26T16:20:30.298917+00:00,point_velocity,Unspecified
05463500,POINT (-92.4632472222222 42.4077638888889),576c5314-fff1-4901-98e0-af5ac3c691be,USGS-05463500,4e653b7f-000e-b482-e053-0100007f62ad,120,1960-04-01T15:20:00+00:00,Imported Channel 1,4490,ft^3/s,367,ft,3250,ft^2,1.38,ft/s,,,Unspecified,Unspecified,Unspecified,Unspecified,Unspecified,Unknown,Unspecified,2026-06-26T16:20:30.298917+00:00,point_velocity,Unspecified
05463500,POINT (-92.4632472222222 42.4077638888889),57bde938-a2ba-4757-abb4-e1c6a26c9794,USGS-05463500,4e6538d4-d992-b2bf-e053-0100007fe5ec,511,1995-09-28T13:20:00+00:00,Imported Channel 1,31.9,ft^3/s,56.0,ft,34.5,ft^2,0.92,ft/s,,,Unspecified,Unspecified,Unspecified,Unspecified,Unspecified,Unknown,Wading,2026-06-26T16:20:30.298917+00:00,point_velocity,Unspecified
05463500,POINT (-92.4632472222222 42.4077638888889),57ed86a6-dc99-4fae-9ed4-8f1ff4034da8,USGS-05463500,4e653cac-3dc9-b50a-e053-0100007f7072,155,1962-09-03T15:00:00+00:00,Imported Channel 1,35.8,ft^3/s,31.0,ft,31.9,ft^2,1.12,ft/s,,,Unspecified,Unspecified,Unspecified,Unspecified,Unspecified,Unknown,Unspecified,2026-06-26T16:20:30.298917+00:00,point_velocity,Unspecified
05463500,POINT (-92.4632472222222 42.4077638888889),57ff5e76-68bc-49af-8fda-c3e52b57bf30,USGS-05463500,4e65321c-9669-af6e-e053-0100007ff293,218,1966-10-07T18:20:00+00:00,Imported Channel 1,33.0,ft^3/s,36.0,ft,39.3,ft^2,0.84,ft/s,,,Unspecified,Unspecified,Unspecified,Unspecified,Unspecified,Unknown,Unspecified,2026-06-26T16:20:30.298917+00:00,point_velocity,Unspecified
05463500,POINT (-92.4632472222222 42.4077638888889),58361fc7-b671-493b-b4bf-6dbdc9dd3c77,USGS-05463500,4e653fd4-a922-b69b-e053-0100007fa7d9,45,1955-06-06T14:30:00+00:00,Imported Channel 1,47.7,ft^3/s,46.0,ft,40.4,ft^2,1.18,ft/s,,,Unspecified,Unspecified,Unspecified,Unspecified,Unspecified,Unknown,Wading,2026-06-26T16:20:30.298917+00:00,point_velocity,Unspecified
05463500,POINT (-92.4632472222222 42.4077638888889),583fbda8-0275-466b-9d81-ebfacb8888bb,USGS-05463500,4e65439e-4049-b8e9-e053-0100007f7f3f,235,1968-01-16T22:45:00+00:00,Imported Channel 1,3.65,ft^3/s,9.00,ft,4.15,ft^2,0.88,ft/s,,,Unspecified,Unspecified,Unspecified,Unspecified,Unspecified,Unknown,Unspecified,2026-06-26T16:20:30.298917+00:00,point_velocity,Unspecified
05463500,POINT (-92.4632472222222 42.4077638888889),5879ad1c-a3fb-42f3-9d91-11d85f18c7d3,USGS-05463500,4e656555-c7bd-c92c-e053-0100007f3d4b,394,1982-05-03T17:55:00+00:00,Imported Channel 1,119,ft^3/s,70.0,ft,176,ft^2,0.67,ft/s,,,Unspecified,Unspecified,Unspecified,Unspecified,Unspecified,Unknown,Unspecified,2026-06-26T16:20:30.298917+00:00,point_velocity,Unspecified
05463500,POINT (-92.4632472222222 42.4077638888889),58a437a6-d732-4566-8fdc-810d362a8ceb,USGS-05463500,4e654e56-4dab-bd16-e053-0100007ffd34,166,1963-07-19T22:10:00+00:00,Imported Channel 1,1140,ft^3/s,161,ft,692,ft^2,1.65,ft/s,,,Unspecified,Unspecified,Unspecified,Unspecified,Unspecified,Unknown,Unspecified,2026-06-26T16:20:30.298917+00:00,point_velocity,Unspecified
05463500,POINT (-92.4632472222222 42.4077638888889),58d96b2a-bd22-4160-88ec-836e1f5b66e2,USGS-05463500,4e655127-f5f5-bd97-e053-0100007f624f,198,1965-05-26T17:10:00+00:00,Imported Channel 1,325,ft^3/s,81.0,ft,279,ft^2,1.26,ft/s,,,Unspecified,Unspecified,Unspecified,Unspecified,Unspecified,Unknown,Unspecified,2026-06-26T16:20:30.298917+00:00,point_velocity,Unspecified
05463500,POINT (-92.4632472222222 42.4077638888889),593a2ac2-b904-4795-8592-8e55c33511cb,USGS-05463500,4e652324-b954-a869-e053-0100007fef36,491,1993-07-09T23:00:00+00:00,Imported Channel 1,9540,ft^3/s,369,ft,3560,ft^2,2.68,ft/s,,,Unspecified,Unspecified,Unspecified,Unspecified,Unspecified,Unknown,BridgeCrane,2026-06-26T16:20:30.298917+00:00,point_velocity,Unspecified
05463500,POINT (-92.4632472222222 42.4077638888889),59e963ff-11bf-4f82-8ad1-ccce4cebd10c,USGS-05463500,4e655143-23e7-bf02-e053-0100007fd7c1,295,1972-04-05T14:15:00+00:00,Imported Channel 1,68.5,ft^3/s,41.0,ft,54.9,ft^2,1.25,ft/s,,,Unspecified,Unspecified,Unspecified,Unspecified,Unspecified,Unknown,Unspecified,2026-06-26T16:20:30.298917+00:00,point_velocity,Unspecified
05463500,POINT (-92.4632472222222 42.4077638888889),5a075eef-a0d3-4337-b0a2-972f1cc05074,USGS-05463500,4e655494-2abd-c0e5-e053-0100007f50b4,161,1963-03-18T18:15:00+00:00,Imported Channel 1,865,ft^3/s,157,ft,604,ft^2,1.28,ft/s,,,Unspecified,Unspecified,Unspecified,Unspecified,Unspecified,Unknown,Unspecified,2026-06-26T16:20:30.298917+00:00,point_velocity,Unspecified
05463500,POINT (-92.4632472222222 42.4077638888889),5a138ac3-531c-4ef2-a0fb-763dceab4a5e,USGS-05463500,4e652a0b-bff1-abb6-e053-0100007fe940,103,1959-03-20T17:40:00+00:00,Imported Channel 1,2590,ft^3/s,188,ft,1170,ft^2,2.28,ft/s,,,Unspecified,Unspecified,Unspecified,Unspecified,Unspecified,Unknown,Unspecified,2026-06-26T16:20:30.298917+00:00,point_velocity,Unspecified
05463500,POINT (-92.4632472222222 42.4077638888889),5a1eaf5a-8922-4c53-adb5-813ddc7b341f,USGS-05463500,4e65434a-06fe-b84a-e053-0100007f4e03,172,1963-12-10T17:25:00+00:00,Imported Channel 1,12.8,ft^3/s,27.0,ft,17.5,ft^2,0.73,ft/s,,,Unspecified,Unspecified,Unspecified,Unspecified,Unspecified,Unknown,Unspecified,2026-06-26T16:20:30.298917+00:00,point_velocity,Unspecified
05463500,POINT (-92.4632472222222 42.4077638888889),5a1f9872-00f4-4649-8231-79e682f76b86,USGS-05463500,4e65512c-8f62-bd9d-e053-0100007f08a4,320,1975-01-21T15:20:00+00:00,Imported Channel 1,91.9,ft^3/s,72.0,ft,86.9,ft^2,1.05,ft/s,,,Unspecified,Unspecified,Unspecified,Unspecified,Unspecified,Unknown,Unspecified,2026-06-26T16:20:30.298917+00:00,point_velocity,Unspecified
05463500,POINT (-92.4632472222222 42.4077638888889),5a8d9756-bdc0-48ab-88af-c7c536721fdb,USGS-05463500,4e6543a9-7170-b868-e053-0100007f6126,585,2009-10-14T22:30:00+00:00,Imported Channel 1,264,ft^3/s,84.6,ft,284,ft^2,0.93,ft/s,,ft,Soft,Sand,Even,Even,Unspecified,Unknown,MannedMovingBoat,2026-06-26T16:20:30.298917+00:00,adcp,AtTheGage
05463500,POINT (-92.4632472222222 42.4077638888889),5b499ba2-f60b-4193-9302-63c9f8a2f15a,USGS-05463500,4e65512c-8f53-bd9d-e053-0100007f08a4,253,1969-03-17T16:40:00+00:00,Imported Channel 1,411,ft^3/s,76.0,ft,302,ft^2,1.36,ft/s,,,Unspecified,Unspecified,Unspecified,Unspecified,Unspecified,Unknown,Unspecified,2026-06-26T16:20:30.298917+00:00,point_velocity,Unspecified
05463500,POINT (-92.4632472222222 42.4077638888889),5b8ab5bf-d938-4a63-a0b0-b72472f13b56,USGS-05463500,4e654387-e815-b840-e053-0100007f6631,447,1988-04-20T21:15:00+00:00,Imported Channel 1,97.2,ft^3/s,71.0,ft,73.1,ft^2,1.33,ft/s,,,Unspecified,Unspecified,Unspecified,Unspecified,Unspecified,Unknown,Wading,2026-06-26T16:20:30.298917+00:00,point_velocity,Unspecified
05463500,POINT (-92.4632472222222 42.4077638888889),5c1f0e0b-4de0-4e7d-ab85-4ff84827b8e6,USGS-05463500,4e653cac-3db3-b50a-e053-0100007f7072,545,2005-03-10T14:19:00+00:00,Imported Channel 1,101,ft^3/s,73.0,ft,133,ft^2,0.76,ft/s,,,Unspecified,Unspecified,Unspecified,Unspecified,Unspecified,Unknown,Wading,2026-06-26T16:20:30.298917+00:00,point_velocity,Unspecified
05463500,POINT (-92.4632472222222 42.4077638888889),5c3013be-641f-4949-8da3-d965d156529a,USGS-05463500,4e65457a-9761-b864-e053-0100007f0efd,51,1955-11-28T16:45:00+00:00,Imported Channel 1,5.01,ft^3/s,18.0,ft,10.2,ft^2,0.49,ft/s,,,Unspecified,Unspecified,Unspecified,Unspecified,Unspecified,Unknown,Ice,2026-06-26T16:20:30.298917+00:00,point_velocity,Unspecified
05463500,POINT (-92.4632472222222 42.4077638888889),5cc19a37-5677-407b-8049-903a2d0c68dc,USGS-05463500,4e653fbc-a56c-b662-e053-0100007f27ba,386,1981-06-25T18:25:00+00:00,Imported Channel 1,1130,ft^3/s,97.0,ft,598,ft^2,1.89,ft/s,,,Unspecified,Unspecified,Unspecified,Unspecified,Unspecified,Unknown,Unspecified,2026-06-26T16:20:30.298917+00:00,point_velocity,Unspecified
05463500,POINT (-92.4632472222222 42.4077638888889),5d7162cc-6c96-438d-92a8-5ea17bcd2feb,USGS-05463500,4e653fbc-a538-b662-e053-0100007f27ba,500,1994-07-14T18:50:00+00:00,Imported Channel 1,952,ft^3/s,107,ft,610,ft^2,1.56,ft/s,,,Unspecified,Unspecified,Unspecified,Unspecified,Unspecified,Unknown,BridgeCrane,2026-06-26T16:20:30.298917+00:00,point_velocity,Unspecified
05463500,POINT (-92.4632472222222 42.4077638888889),5d73ee8f-bf51-47f7-aa4f-043d30e55d07,USGS-05463500,4e65468e-fd11-ba03-e053-0100007f8646,311,1974-02-20T16:15:00+00:00,Imported Channel 1,280,ft^3/s,85.0,ft,261,ft^2,1.07,ft/s,,,Unspecified,Unspecified,Unspecified,Unspecified,Unspecified,Unknown,Unspecified,2026-06-26T16:20:30.298917+00:00,point_velocity,Unspecified
05463500,POINT (-92.4632472222222 42.4077638888889),5db49655-f4ab-45a5-9ddb-a062fd5600e1,USGS-05463500,4e652e3d-45f0-adb6-e053-0100007fb139,524,2002-10-28T17:10:00+00:00,Imported Channel 1,49.9,ft^3/s,46.0,ft,52.9,ft^2,0.94,ft/s,,,Unspecified,Unspecified,Unspecified,Unspecified,Unspecified,Unknown,Wading,2026-06-26T16:20:30.298917+00:00,point_velocity,Unspecified
05463500,POINT (-92.4632472222222 42.4077638888889),5e0a7357-1888-48a6-8cfd-480512103548,USGS-05463500,4e653b7e-fd60-b486-e053-0100007f6d12,106,1959-03-28T14:15:00+00:00,Imported Channel 1,1840,ft^3/s,179,ft,1240,ft^2,1.48,ft/s,,,Unspecified,Unspecified,Unspecified,Unspecified,Unspecified,Unknown,Unspecified,2026-06-26T16:20:30.298917+00:00,point_velocity,Unspecified
05463500,POINT (-92.4632472222222 42.4077638888889),5e757df6-72c4-4491-a5ff-ffd0f07a053b,USGS-05463500,842942f9-fc9a-b02e-e053-0100007feec4,658,2019-03-15T19:46:59+00:00,overflow,2310,ft^3/s,181,ft,1590,ft^2,1.46,ft/s,10.00,ft,Firm,SiltMud,Even,Uneven,NonStandard,Steady,BridgeDownstreamSide,2026-06-26T16:20:30.298917+00:00,adcp,Downstream
05463500,POINT (-92.4632472222222 42.4077638888889),5e82464f-9d5a-46f2-a126-8947efdc86cc,USGS-05463500,4e654a81-16d0-bbad-e053-0100007f82c7,280,1971-02-10T20:15:00+00:00,Imported Channel 1,27.8,ft^3/s,43.0,ft,32.0,ft^2,0.87,ft/s,,,Unspecified,Unspecified,Unspecified,Unspecified,Unspecified,Unknown,Unspecified,2026-06-26T16:20:30.298917+00:00,point_velocity,Unspecified
05463500,POINT (-92.4632472222222 42.4077638888889),5f27a3a2-e8c2-48a7-a1bd-0a2daa799eb7,USGS-05463500,4e654002-3e4a-b66d-e053-0100007ff524,108,1959-05-26T18:10:00+00:00,Imported Channel 1,144,ft^3/s,55.0,ft,145,ft^2,0.99,ft/s,,,Unspecified,Unspecified,Unspecified,Unspecified,Unspecified,Unknown,Unspecified,2026-06-26T16:20:30.298917+00:00,point_velocity,Unspecified
05463500,POINT (-92.4632472222222 42.4077638888889),5fb418ed-4a55-4eb9-97bf-603d17ce52c0,USGS-05463500,4e655bc0-f214-c4d7-e053-0100007fef37,360,1978-11-14T14:00:00+00:00,Imported Channel 1,391,ft^3/s,83.0,ft,245,ft^2,1.60,ft/s,,,Unspecified,Unspecified,Unspecified,Unspecified,Unspecified,Unknown,Unspecified,2026-06-26T16:20:30.298917+00:00,point_velocity,Unspecified
05463500,POINT (-92.4632472222222 42.4077638888889),5fc6952b-1db7-408b-be24-a51ef7df1ba2,USGS-05463500,4e656817-c115-caeb-e053-0100007f2f17,613,2013-05-28T18:00:00+00:00,Overflow channel,761,ft^3/s,151,ft,1220,ft^2,0.62,ft/s,,ft,Unspecified,Unspecified,Even,Even,Standard,Unknown,BridgeDownstreamSide,2026-06-26T16:20:30.298917+00:00,adcp,AtTheGage
05463500,POINT (-92.4632472222222 42.4077638888889),600f09be-9589-4aee-ac28-d26c5e149d17,USGS-05463500,4e655555-564e-c119-e053-0100007f401c,167,1963-07-21T00:40:00+00:00,Imported Channel 1,703,ft^3/s,110,ft,449,ft^2,1.56,ft/s,,,Unspecified,Unspecified,Unspecified,Unspecified,Unspecified,Unknown,Unspecified,2026-06-26T16:20:30.298917+00:00,point_velocity,Unspecified
05463500,POINT (-92.4632472222222 42.4077638888889),60104a17-172f-4028-b319-732befad3333,USGS-05463500,4e653cd5-1106-b52e-e053-0100007f02f9,502,1994-10-06T13:19:00+00:00,Imported Channel 1,97.1,ft^3/s,52.0,ft,70.2,ft^2,1.38,ft/s,,,Unspecified,Unspecified,Unspecified,Unspecified,Unspecified,Unknown,Wading,2026-06-26T16:20:30.298917+00:00,point_velocity,Unspecified
05463500,POINT (-92.4632472222222 42.4077638888889),60222688-52b8-4cd4-8f9a-2e45400a6862,USGS-05463500,fb8a7ada-5e77-4ff3-9104-193383e41fe5,700,2025-02-11T19:10:29+00:00,Main,38.4,ft^3/s,43.0,ft,53.1,ft^2,0.72,ft/s,0.00,ft,Firm,Sand,Even,Uneven,Unknown,Steady,Wading,2026-06-26T16:20:30.298917+00:00,point_velocity,AtTheGage
05463500,POINT (-92.4632472222222 42.4077638888889),603de145-3b9a-4bbe-9c64-b5dba95a0856,USGS-05463500,777d6ef6-e2d2-f7a7-e053-0100007fb512,655,2018-10-03T18:42:30+00:00,Main channel,4330,ft^3/s,137,ft,1310,ft^2,3.32,ft/s,10.00,ft,Soft,Sand,Even,Uneven,Standard,Pulsating,BridgeDownstreamSide,2026-06-26T16:20:30.298917+00:00,adcp,Downstream
05463500,POINT (-92.4632472222222 42.4077638888889),603f7bcc-2272-4b55-ad46-85fc1a8cb5cc,USGS-05463500,4e654767-2ec6-ba5d-e053-0100007f13b4,326,1975-09-11T15:15:00+00:00,Imported Channel 1,26.4,ft^3/s,36.0,ft,20.2,ft^2,1.30,ft/s,,,Unspecified,Unspecified,Unspecified,Unspecified,Unspecified,Unknown,Unspecified,2026-06-26T16:20:30.298917+00:00,point_velocity,Unspecified
05463500,POINT (-92.4632472222222 42.4077638888889),60cb3095-cc5b-4730-9112-2f7f64e8cf70,USGS-05463500,4e654e07-515e-bd20-e053-0100007fb220,134,1961-03-06T20:20:00+00:00,Imported Channel 1,1440,ft^3/s,184,ft,934,ft^2,1.54,ft/s,,,Unspecified,Unspecified,Unspecified,Unspecified,Unspecified,Unknown,Unspecified,2026-06-26T16:20:30.298917+00:00,point_velocity,Unspecified
05463500,POINT (-92.4632472222222 42.4077638888889),60e3b126-fc92-48e4-be33-0234dd64011a,USGS-05463500,4e6531de-dd07-afa2-e053-0100007fa38d,57,1956-06-04T13:40:00+00:00,Imported Channel 1,15.7,ft^3/s,36.5,ft,15.0,ft^2,1.05,ft/s,,,Unspecified,Unspecified,Unspecified,Unspecified,Unspecified,Unknown,Wading,2026-06-26T16:20:30.298917+00:00,point_velocity,Unspecified
05463500,POINT (-92.4632472222222 42.4077638888889),60fefce3-1b8f-466a-80a5-b10282598f0a,USGS-05463500,4e654995-2de2-bae6-e053-0100007f4ee4,457,1989-07-25T14:25:00+00:00,Imported Channel 1,4.88,ft^3/s,23.0,ft,10.3,ft^2,0.47,ft/s,,,Unspecified,Unspecified,Unspecified,Unspecified,Unspecified,Unknown,Wading,2026-06-26T16:20:30.298917+00:00,point_velocity,Unspecified
05463500,POINT (-92.4632472222222 42.4077638888889),61112812-18b7-47ac-8d70-fa3c068003a6,USGS-05463500,4e6540ef-6a7d-b488-e053-0100007f8c41,586,2009-11-24T14:44:00+00:00,Imported Channel 1,289,ft^3/s,87.3,ft,268,ft^2,1.08,ft/s,0.00,ft,Soft,Sand,Even,Unspecified,Unspecified,Unknown,MannedMovingBoat,2026-06-26T16:20:30.298917+00:00,adcp,Downstream
05463500,POINT (-92.4632472222222 42.4077638888889),611379fe-51db-4e7a-9ced-84439d9b2b96,USGS-05463500,4e65457a-977b-b864-e053-0100007f0efd,132,1961-02-20T19:40:00+00:00,Imported Channel 1,1390,ft^3/s,184,ft,959,ft^2,1.45,ft/s,,,Unspecified,Unspecified,Unspecified,Unspecified,Unspecified,Unknown,Unspecified,2026-06-26T16:20:30.298917+00:00,point_velocity,Unspecified
05463500,POINT (-92.4632472222222 42.4077638888889),6122fecd-1e8f-4194-ae52-af93f4e9050c,USGS-05463500,4e653cac-3dc7-b50a-e053-0100007f7072,153,1962-07-11T17:45:00+00:00,Imported Channel 1,91.0,ft^3/s,60.0,ft,83.7,ft^2,1.09,ft/s,,,Unspecified,Unspecified,Unspecified,Unspecified,Unspecified,Unknown,Unspecified,2026-06-26T16:20:30.298917+00:00,point_velocity,Unspecified
05463500,POINT (-92.4632472222222 42.4077638888889),616abbb2-91d3-4233-90fc-0fdc4800f5e9,USGS-05463500,4e652e67-d6d1-adb4-e053-0100007fbcd3,468,1990-06-18T22:15:00+00:00,Imported Channel 1,4750,ft^3/s,322,ft,2870,ft^2,1.66,ft/s,,,Unspecified,Unspecified,Unspecified,Unspecified,Unspecified,Unknown,BridgeCrane,2026-06-26T16:20:30.298917+00:00,point_velocity,Unspecified
05463500,POINT (-92.4632472222222 42.4077638888889),61db7ff3-bf88-4c39-b242-72ab99fcea82,USGS-05463500,4e655901-db65-c2ef-e053-0100007fd894,601,2011-09-28T15:44:00+00:00,Main,53.7,ft^3/s,74.0,ft,53.3,ft^2,1.01,ft/s,80.00,ft,Soft,Sand,Uneven,Uneven,Standard,Unknown,Wading,2026-06-26T16:20:30.298917+00:00,point_velocity,Upstream
05463500,POINT (-92.4632472222222 42.4077638888889),62032d0c-5472-4660-9c2c-57028364f497,USGS-05463500,4e653f7c-5dc5-b64a-e053-0100007f79f3,77,1957-08-14T23:30:00+00:00,Imported Channel 1,711,ft^3/s,159,ft,593,ft^2,1.20,ft/s,,,Unspecified,Unspecified,Unspecified,Unspecified,Unspecified,Unknown,BridgeCrane,2026-06-26T16:20:30.298917+00:00,point_velocity,Unspecified
05463500,POINT (-92.4632472222222 42.4077638888889),621d6321-ff16-464b-b757-f35bc5ed6589,USGS-05463500,4e656659-e4dd-c4f1-e053-0100007fca7b,616,2013-11-05T18:42:00+00:00,Main Channel,23.3,ft^3/s,66.0,ft,92.4,ft^2,0.25,ft/s,,,Firm,Sand,Even,Even,Standard,Unknown,Wading,2026-06-26T16:20:30.298917+00:00,point_velocity,AtTheGage
05463500,POINT (-92.4632472222222 42.4077638888889),6223a928-2363-415a-9114-eb3edda10f9f,USGS-05463500,4e6554ab-9606-c0e7-e053-0100007f79b2,141,1961-09-13T14:30:00+00:00,Imported Channel 1,167,ft^3/s,63.0,ft,107,ft^2,1.56,ft/s,,,Unspecified,Unspecified,Unspecified,Unspecified,Unspecified,Unknown,Unspecified,2026-06-26T16:20:30.298917+00:00,point_velocity,Unspecified
05463500,POINT (-92.4632472222222 42.4077638888889),62284eed-8d2f-4fe1-932b-cdbb0b8ee21c,USGS-05463500,4e653d11-6572-b582-e053-0100007fde8e,9,1952-11-22T20:45:00+00:00,Imported Channel 1,14.0,ft^3/s,17.5,ft,12.1,ft^2,1.16,ft/s,,,Unspecified,Unspecified,Unspecified,Unspecified,Unspecified,Unknown,Wading,2026-06-26T16:20:30.298917+00:00,point_velocity,Unspecified
05463500,POINT (-92.4632472222222 42.4077638888889),62b1361d-1a7a-4c48-86a7-02ec7f6bfe2e,USGS-05463500,285db142-2572-4c38-bd31-fabbbd3f7931,671,2020-06-23T18:40:35+00:00,Overflow,4330,ft^3/s,180,ft,1850,ft^2,2.18,ft/s,1000.00,ft,Soft,Sand,Uneven,Even,NonStandard,Pulsating,BridgeDownstreamSide,2026-06-26T16:20:30.298917+00:00,adcp,Downstream
05463500,POINT (-92.4632472222222 42.4077638888889),630de6fb-ac04-4b57-8916-ccef750c6d00,USGS-05463500,4e6547f1-5a63-ba81-e053-0100007f2798,99,1958-11-25T17:50:00+00:00,Imported Channel 1,65.1,ft^3/s,53.0,ft,56.0,ft^2,1.16,ft/s,,,Unspecified,Unspecified,Unspecified,Unspecified,Unspecified,Unknown,Unspecified,2026-06-26T16:20:30.298917+00:00,point_velocity,Unspecified
05463500,POINT (-92.4632472222222 42.4077638888889),6350a301-4c30-4b12-b604-68c32f299dd3,USGS-05463500,4e655123-de6c-bf00-e053-0100007f9887,294,1972-02-23T19:00:00+00:00,Imported Channel 1,12.2,ft^3/s,28.0,ft,31.2,ft^2,0.39,ft/s,,,Unspecified,Unspecified,Unspecified,Unspecified,Unspecified,Unknown,Unspecified,2026-06-26T16:20:30.298917+00:00,point_velocity,Unspecified
05463500,POINT (-92.4632472222222 42.4077638888889),63f27a21-b8ac-41af-9172-6c2929f95c89,USGS-05463500,4e6552a8-835d-bda1-e053-0100007f8cf2,136,1961-04-03T17:40:00+00:00,Imported Channel 1,280,ft^3/s,78.0,ft,155,ft^2,1.81,ft/s,,,Unspecified,Unspecified,Unspecified,Unspecified,Unspecified,Unknown,Unspecified,2026-06-26T16:20:30.298917+00:00,point_velocity,Unspecified
05463500,POINT (-92.4632472222222 42.4077638888889),641280c8-c0df-4751-9a2e-670c4ac9050a,USGS-05463500,4e65319c-76ec-af90-e053-0100007f04f6,432,1986-08-07T05:00:00+00:00,Imported Channel 1,132,ft^3/s,72.0,ft,111,ft^2,1.19,ft/s,,,Unspecified,Unspecified,Unspecified,Unspecified,Unspecified,Unknown,Wading,2026-06-26T16:20:30.298917+00:00,point_velocity,Unspecified
05463500,POINT (-92.4632472222222 42.4077638888889),642c1872-5bd5-4e58-8c7b-dcafddf43afa,USGS-05463500,4e653cec-e488-b586-e053-0100007fdd6e,8,1952-10-13T17:00:00+00:00,Imported Channel 1,13.6,ft^3/s,16.5,ft,10.4,ft^2,1.31,ft/s,,,Unspecified,Unspecified,Unspecified,Unspecified,Unspecified,Unknown,Wading,2026-06-26T16:20:30.298917+00:00,point_velocity,Unspecified
05463500,POINT (-92.4632472222222 42.4077638888889),646c3fb6-9d98-4cf8-874b-3c844851644c,USGS-05463500,4e653d11-6579-b582-e053-0100007fde8e,34,1954-07-06T14:55:00+00:00,Imported Channel 1,74.0,ft^3/s,41.0,ft,41.1,ft^2,1.80,ft/s,,,Unspecified,Unspecified,Unspecified,Unspecified,Unspecified,Unknown,Wading,2026-06-26T16:20:30.298917+00:00,point_velocity,Unspecified
05463500,POINT (-92.4632472222222 42.4077638888889),64fdd797-35ae-4d92-9db5-eb4ecc14eede,USGS-05463500,4e653643-13f1-b13c-e053-0100007f8cd6,504,1994-11-14T19:45:00+00:00,Imported Channel 1,72.4,ft^3/s,54.0,ft,69.1,ft^2,1.05,ft/s,,,Unspecified,Unspecified,Unspecified,Unspecified,Unspecified,Unknown,Wading,2026-06-26T16:20:30.298917+00:00,point_velocity,Unspecified
05463500,POINT (-92.4632472222222 42.4077638888889),65b40a22-e7c3-40b0-817d-a89a664f2b5f,USGS-05463500,4e6561a5-a633-c72f-e053-0100007f1952,413,1984-07-16T17:00:00+00:00,Imported Channel 1,1750,ft^3/s,145,ft,808,ft^2,2.16,ft/s,,,Unspecified,Unspecified,Unspecified,Unspecified,Unspecified,Unknown,Unspecified,2026-06-26T16:20:30.298917+00:00,point_velocity,Unspecified
05463500,POINT (-92.4632472222222 42.4077638888889),66769764-cad5-4d39-9b4d-c0fac36e01e7,USGS-05463500,4e65585f-7182-c2ed-e053-0100007f28b3,247,1968-10-03T16:55:00+00:00,Imported Channel 1,80.2,ft^3/s,68.0,ft,74.6,ft^2,1.08,ft/s,,,Unspecified,Unspecified,Unspecified,Unspecified,Unspecified,Unknown,Unspecified,2026-06-26T16:20:30.298917+00:00,point_velocity,Unspecified
05463500,POINT (-92.4632472222222 42.4077638888889),6693a768-c139-4771-acd1-2a94a97a767a,USGS-05463500,7991d537-07e7-1b35-e053-0100007fbeb0,656,2018-10-31T18:07:13+00:00,Main,367,ft^3/s,99.9,ft,288,ft^2,1.28,ft/s,0.00,ft,Firm,Sand,Even,Even,NonStandard,Pulsating,BridgeDownstreamSide,2026-06-26T16:20:30.298917+00:00,adcp,Downstream
05463500,POINT (-92.4632472222222 42.4077638888889),674c4820-1af8-43ad-b3ca-b912b33668b5,USGS-05463500,4e655143-23c9-bf02-e053-0100007fd7c1,584,2009-09-01T14:04:00+00:00,Imported Channel 1,204,ft^3/s,81.1,ft,243,ft^2,0.84,ft/s,,ft,Soft,Sand,Even,Even,Unspecified,Unknown,MannedMovingBoat,2026-06-26T16:20:30.298917+00:00,adcp,AtTheGage
05463500,POINT (-92.4632472222222 42.4077638888889),67b177e4-6d66-44ee-87ce-3d934bd4b430,USGS-05463500,4e65588a-b9cd-c2da-e053-0100007fa834,205,1965-11-16T20:25:00+00:00,Imported Channel 1,314,ft^3/s,82.0,ft,205,ft^2,1.53,ft/s,,,Unspecified,Unspecified,Unspecified,Unspecified,Unspecified,Unknown,Unspecified,2026-06-26T16:20:30.298917+00:00,point_velocity,Unspecified
05463500,POINT (-92.4632472222222 42.4077638888889),68439273-7840-4f0a-b838-9c6d9ad185f9,USGS-05463500,4e654e36-04a5-bd14-e053-0100007fa67f,277,1970-10-05T15:50:00+00:00,Imported Channel 1,36.6,ft^3/s,57.0,ft,42.0,ft^2,0.87,ft/s,,,Unspecified,Unspecified,Unspecified,Unspecified,Unspecified,Unknown,Unspecified,2026-06-26T16:20:30.298917+00:00,point_velocity,Unspecified
05463500,POINT (-92.4632472222222 42.4077638888889),693aaedf-a965-4b7b-b140-7043a0dbdc79,USGS-05463500,4e653bbc-1f79-b2dd-e053-0100007f722f,138,1961-06-05T17:15:00+00:00,Imported Channel 1,68.7,ft^3/s,54.0,ft,47.2,ft^2,1.46,ft/s,,,Unspecified,Unspecified,Unspecified,Unspecified,Unspecified,Unknown,Unspecified,2026-06-26T16:20:30.298917+00:00,point_velocity,Unspecified
05463500,POINT (-92.4632472222222 42.4077638888889),69990c63-ee21-44f6-a71d-6ed738c7a304,USGS-05463500,4e655888-dd5e-c2dc-e053-0100007fcc44,330,1976-02-24T19:10:00+00:00,Imported Channel 1,32.2,ft^3/s,43.0,ft,35.3,ft^2,0.92,ft/s,,,Unspecified,Unspecified,Unspecified,Unspecified,Unspecified,Unknown,Unspecified,2026-06-26T16:20:30.298917+00:00,point_velocity,Unspecified
05463500,POINT (-92.4632472222222 42.4077638888889),699ead66-2ddf-4577-9882-4186e78d4a15,USGS-05463500,4e654e7d-1ce5-bd93-e053-0100007ff562,176,1964-04-13T17:25:00+00:00,Imported Channel 1,82.0,ft^3/s,46.0,ft,56.2,ft^2,1.46,ft/s,,,Unspecified,Unspecified,Unspecified,Unspecified,Unspecified,Unknown,Unspecified,2026-06-26T16:20:30.298917+00:00,point_velocity,Unspecified
05463500,POINT (-92.4632472222222 42.4077638888889),69a72cf2-231c-4161-ad73-f60978bbb835,USGS-05463500,4e6540ef-6a89-b488-e053-0100007f8c41,181,1964-07-06T16:35:00+00:00,Imported Channel 1,24.8,ft^3/s,42.0,ft,25.4,ft^2,0.98,ft/s,,,Unspecified,Unspecified,Unspecified,Unspecified,Unspecified,Unknown,Unspecified,2026-06-26T16:20:30.298917+00:00,point_velocity,Unspecified
05463500,POINT (-92.4632472222222 42.4077638888889),69c0af6d-bb1a-4fc4-aced-e544f9d843ad,USGS-05463500,4e653bd4-a293-b263-e053-0100007f735c,102,1959-02-24T19:20:00+00:00,Imported Channel 1,15.3,ft^3/s,34.0,ft,15.9,ft^2,0.96,ft/s,,,Unspecified,Unspecified,Unspecified,Unspecified,Unspecified,Unknown,Unspecified,2026-06-26T16:20:30.298917+00:00,point_velocity,Unspecified
05463500,POINT (-92.4632472222222 42.4077638888889),69ce4e4e-7af4-4e5f-9e30-7370ff4e33eb,USGS-05463500,4e653c9f-1ff6-b522-e053-0100007f54d8,489,1993-04-02T00:02:00+00:00,Imported Channel 1,3370,ft^3/s,349,ft,2920,ft^2,1.15,ft/s,,,Unspecified,Unspecified,Unspecified,Unspecified,Unspecified,Unknown,BridgeCrane,2026-06-26T16:20:30.298917+00:00,point_velocity,Unspecified
05463500,POINT (-92.4632472222222 42.4077638888889),69fad2f6-5ea7-4e13-b328-d869f57aabfd,USGS-05463500,4e6547f1-5a64-ba81-e053-0100007f2798,116,1960-01-19T20:40:00+00:00,Imported Channel 1,149,ft^3/s,52.0,ft,124,ft^2,1.20,ft/s,,,Unspecified,Unspecified,Unspecified,Unspecified,Unspecified,Unknown,Unspecified,2026-06-26T16:20:30.298917+00:00,point_velocity,Unspecified
05463500,POINT (-92.4632472222222 42.4077638888889),6a363676-9419-4655-ae39-4430258be3f8,USGS-05463500,4e6549f1-f110-ba0b-e053-0100007f338e,127,1960-10-03T16:40:00+00:00,Imported Channel 1,62.8,ft^3/s,59.0,ft,68.5,ft^2,0.92,ft/s,,,Unspecified,Unspecified,Unspecified,Unspecified,Unspecified,Unknown,Unspecified,2026-06-26T16:20:30.298917+00:00,point_velocity,Unspecified
05463500,POINT (-92.4632472222222 42.4077638888889),6a5be8f9-8c76-4fe2-965d-ec4fa0c9a7c8,USGS-05463500,4e655901-db67-c2ef-e053-0100007fd894,605,2012-04-23T16:24:00+00:00,Imported Channel 1,468,ft^3/s,93.0,ft,305,ft^2,1.54,ft/s,5.00,ft,Soft,Sand,Even,Even,Uniform,Unknown,MannedMovingBoat,2026-06-26T16:20:30.298917+00:00,adcp,Upstream
05463500,POINT (-92.4632472222222 42.4077638888889),6bf13ed3-b8a4-4223-816d-19a8a0d82269,USGS-05463500,4e656817-c115-caeb-e053-0100007f2f17,613,2013-05-28T18:00:00+00:00,South Culvert,15.2,ft^3/s,,,,,,,,ft,Unspecified,Unspecified,Even,Unspecified,Standard,Unknown,Other,2026-06-26T16:20:30.298917+00:00,other_method,Unspecified
05463500,POINT (-92.4632472222222 42.4077638888889),6c78d7c0-14b5-4736-ac07-436472671828,USGS-05463500,66ee3bd7-1a2e-43a1-e053-0100007fb76d,648,2018-03-08T19:54:30+00:00,Main,145,ft^3/s,87.0,ft,101,ft^2,1.42,ft/s,0.00,ft,Firm,Sand,Uneven,Uneven,NonStandard,Steady,Wading,2026-06-26T16:20:30.298917+00:00,point_velocity,AtTheGage
05463500,POINT (-92.4632472222222 42.4077638888889),6ca8c9f2-24ef-4260-964a-998d2e362240,USGS-05463500,4e653472-0cc6-b0d1-e053-0100007ff18f,425,1985-12-04T06:00:00+00:00,Imported Channel 1,45.4,ft^3/s,71.0,ft,49.1,ft^2,0.92,ft/s,,,Unspecified,Unspecified,Unspecified,Unspecified,Unspecified,Unknown,Ice,2026-06-26T16:20:30.298917+00:00,point_velocity,Unspecified
05463500,POINT (-92.4632472222222 42.4077638888889),6ccc76b3-a28d-4ad9-8c09-eb037a5abb32,USGS-05463500,4e6559ed-a861-c3bc-e053-0100007fa46c,327,1975-10-21T18:15:00+00:00,Imported Channel 1,20.8,ft^3/s,30.0,ft,18.0,ft^2,1.16,ft/s,,,Unspecified,Unspecified,Unspecified,Unspecified,Unspecified,Unknown,Unspecified,2026-06-26T16:20:30.298917+00:00,point_velocity,Unspecified
05463500,POINT (-92.4632472222222 42.4077638888889),6d0e9dab-427d-45db-b828-3411b1d86bdb,USGS-05463500,53bbce63-01b6-4ed0-bdb3-a4c22772d5ea,693,2023-12-19T16:23:29+00:00,MAIN,15.1,ft^3/s,45.0,ft,48.5,ft^2,0.31,ft/s,50.00,ft,Soft,Sand,Uneven,Unspecified,NonStandard,Pulsating,Wading,2026-06-26T16:20:30.298917+00:00,point_velocity,Upstream
05463500,POINT (-92.4632472222222 42.4077638888889),6d55cd1b-ec1f-490c-a6e4-491bfe989db8,USGS-05463500,4e6535e8-3eaf-b0e0-e053-0100007ff514,256,1969-03-27T16:40:00+00:00,Imported Channel 1,544,ft^3/s,88.0,ft,424,ft^2,1.28,ft/s,,,Unspecified,Unspecified,Unspecified,Unspecified,Unspecified,Unknown,Unspecified,2026-06-26T16:20:30.298917+00:00,point_velocity,Unspecified
05463500,POINT (-92.4632472222222 42.4077638888889),6d5eceb0-9ddd-4210-bac9-46713491aebe,USGS-05463500,4e6543b8-0e80-b8e7-e053-0100007f06fe,274,1970-06-15T15:15:00+00:00,Imported Channel 1,74.5,ft^3/s,54.0,ft,71.4,ft^2,1.04,ft/s,,,Unspecified,Unspecified,Unspecified,Unspecified,Unspecified,Unknown,Unspecified,2026-06-26T16:20:30.298917+00:00,point_velocity,Unspecified
05463500,POINT (-92.4632472222222 42.4077638888889),6df6ee7c-5267-4996-b268-a2ca5903aeb5,USGS-05463500,4e6549d9-c1c4-ba07-e053-0100007f074f,476,1991-04-25T13:10:00+00:00,Imported Channel 1,503,ft^3/s,92.0,ft,450,ft^2,1.12,ft/s,,,Unspecified,Unspecified,Unspecified,Unspecified,Unspecified,Unknown,BridgeCrane,2026-06-26T16:20:30.298917+00:00,point_velocity,Unspecified
05463500,POINT (-92.4632472222222 42.4077638888889),6e485f6e-9a38-42d4-b869-213939c62e65,USGS-05463500,4e654a81-16cf-bbad-e053-0100007f82c7,279,1970-12-30T20:55:00+00:00,Imported Channel 1,48.3,ft^3/s,48.0,ft,54.8,ft^2,0.88,ft/s,,,Unspecified,Unspecified,Unspecified,Unspecified,Unspecified,Unknown,Unspecified,2026-06-26T16:20:30.298917+00:00,point_velocity,Unspecified
05463500,POINT (-92.4632472222222 42.4077638888889),6e8607eb-3400-4a4c-8172-d4d14ab0b0f2,USGS-05463500,4e65319c-7707-af90-e053-0100007f04f6,563,2007-03-13T19:40:00+00:00,Imported Channel 1,4530,ft^3/s,328,ft,2440,ft^2,1.86,ft/s,,ft,Unspecified,Unspecified,Unspecified,Unspecified,Unspecified,Unknown,Unspecified,2026-06-26T16:20:30.298917+00:00,adcp,Unspecified
05463500,POINT (-92.4632472222222 42.4077638888889),6eb0b4d3-cd14-47a0-9089-0ea3445e9bee,USGS-05463500,5f350b1c-439a-f996-e053-0100007f169b,647,2017-11-28T15:40:30+00:00,main,75.2,ft^3/s,72.0,ft,68.8,ft^2,1.09,ft/s,200.00,ft,Firm,Sand,Even,Even,Standard,Steady,Wading,2026-06-26T16:20:30.298917+00:00,point_velocity,Downstream
05463500,POINT (-92.4632472222222 42.4077638888889),6ed7a59a-8770-41da-888c-b10e35a00d15,USGS-05463500,4e65434a-0714-b84a-e053-0100007f4e03,258,1969-05-15T15:40:00+00:00,Imported Channel 1,366,ft^3/s,80.0,ft,269,ft^2,1.36,ft/s,,,Unspecified,Unspecified,Unspecified,Unspecified,Unspecified,Unknown,Unspecified,2026-06-26T16:20:30.298917+00:00,point_velocity,Unspecified
05463500,POINT (-92.4632472222222 42.4077638888889),6ef4af8e-9abf-4551-92b2-ef874d148c9f,USGS-05463500,4e653cfe-9cb4-b4f8-e053-0100007f460e,232,1967-10-18T19:40:00+00:00,Imported Channel 1,19.6,ft^3/s,40.0,ft,21.4,ft^2,0.92,ft/s,,,Unspecified,Unspecified,Unspecified,Unspecified,Unspecified,Unknown,Unspecified,2026-06-26T16:20:30.298917+00:00,point_velocity,Unspecified
05463500,POINT (-92.4632472222222 42.4077638888889),6efdac22-a96c-4cda-8006-be22ee9f71ca,USGS-05463500,4e6547b6-a0f9-ba7d-e053-0100007ff437,560,2006-10-10T21:08:00+00:00,Imported Channel 1,82.4,ft^3/s,62.0,ft,79.7,ft^2,1.03,ft/s,,,Unspecified,Unspecified,Unspecified,Unspecified,Unspecified,Unknown,Wading,2026-06-26T16:20:30.298917+00:00,point_velocity,Unspecified
05463500,POINT (-92.4632472222222 42.4077638888889),6f00c0d3-bc37-49bf-b933-2b5e49388d93,USGS-05463500,4e653bd4-a27a-b263-e053-0100007f735c,452,1988-11-09T19:30:00+00:00,Imported Channel 1,10.8,ft^3/s,58.0,ft,17.2,ft^2,0.63,ft/s,,,Unspecified,Unspecified,Unspecified,Unspecified,Unspecified,Unknown,Wading,2026-06-26T16:20:30.298917+00:00,point_velocity,Unspecified
05463500,POINT (-92.4632472222222 42.4077638888889),70318a5d-d14c-4501-8fef-526932a6ec24,USGS-05463500,4e653b7e-fff4-b482-e053-0100007f62ad,534,2003-12-10T20:30:00+00:00,Imported Channel 1,25.1,ft^3/s,39.0,ft,33.3,ft^2,0.75,ft/s,,,Unspecified,Unspecified,Unspecified,Unspecified,Unspecified,Unknown,Wading,2026-06-26T16:20:30.298917+00:00,point_velocity,Unspecified
05463500,POINT (-92.4632472222222 42.4077638888889),71a0fd73-bef4-42b3-abff-af5773769688,USGS-05463500,4e65474f-a327-ba59-e053-0100007f0af6,427,1986-02-25T06:00:00+00:00,Imported Channel 1,82.7,ft^3/s,72.0,ft,74.6,ft^2,1.11,ft/s,,,Unspecified,Unspecified,Unspecified,Unspecified,Unspecified,Unknown,Ice,2026-06-26T16:20:30.298917+00:00,point_velocity,Unspecified
05463500,POINT (-92.4632472222222 42.4077638888889),71b3e74b-dbee-45bb-9685-d9f6d428cf4e,USGS-05463500,4e655c3e-4a36-c4db-e053-0100007f558c,365,1979-04-24T14:45:00+00:00,Imported Channel 1,614,ft^3/s,92.0,ft,505,ft^2,1.22,ft/s,,,Unspecified,Unspecified,Unspecified,Unspecified,Unspecified,Unknown,Unspecified,2026-06-26T16:20:30.298917+00:00,point_velocity,Unspecified
05463500,POINT (-92.4632472222222 42.4077638888889),71b3f074-e23f-4341-b9e7-e7549bee7367,USGS-05463500,4e654a81-16e1-bbad-e053-0100007f82c7,342,1977-05-18T13:10:00+00:00,Imported Channel 1,15.7,ft^3/s,42.0,ft,19.8,ft^2,0.79,ft/s,,,Unspecified,Unspecified,Unspecified,Unspecified,Unspecified,Unknown,Unspecified,2026-06-26T16:20:30.298917+00:00,point_velocity,Unspecified
05463500,POINT (-92.4632472222222 42.4077638888889),71dcde00-10ab-4781-abd8-ca5aaafe2859,USGS-05463500,4e6543c0-3f5f-b8df-e053-0100007ff56e,43,1955-04-04T16:45:00+00:00,Imported Channel 1,70.2,ft^3/s,47.0,ft,50.6,ft^2,1.39,ft/s,,,Unspecified,Unspecified,Unspecified,Unspecified,Unspecified,Unknown,Wading,2026-06-26T16:20:30.298917+00:00,point_velocity,Unspecified
05463500,POINT (-92.4632472222222 42.4077638888889),72188e39-3ed9-4900-9878-fdaa3f588170,USGS-05463500,4e6522a3-c634-a80d-e053-0100007fcfcd,418,1985-02-12T06:00:00+00:00,Imported Channel 1,32.9,ft^3/s,69.0,ft,33.8,ft^2,0.97,ft/s,,,Unspecified,Unspecified,Unspecified,Unspecified,Unspecified,Unknown,Ice,2026-06-26T16:20:30.298917+00:00,point_velocity,Unspecified
05463500,POINT (-92.4632472222222 42.4077638888889),722b4f2a-37a0-484f-91f6-2bd5759c476e,USGS-05463500,4e654baf-aa39-bc41-e053-0100007f23d7,581,2009-04-22T14:10:00+00:00,Imported Channel 1,178,ft^3/s,80.7,ft,234,ft^2,0.76,ft/s,7.00,ft,Firm,Sand,Even,Even,Unspecified,Unknown,BridgeDownstreamSide,2026-06-26T16:20:30.298917+00:00,adcp,Downstream
05463500,POINT (-92.4632472222222 42.4077638888889),72434147-e48c-499a-9bd8-133b94a50936,USGS-05463500,4e653643-13fe-b13c-e053-0100007f8cd6,575,2008-08-12T18:27:00+00:00,Imported Channel 1,172,ft^3/s,76.3,ft,232,ft^2,0.74,ft/s,,ft,Unspecified,Unspecified,Unspecified,Unspecified,Unspecified,Unknown,Unspecified,2026-06-26T16:20:30.298917+00:00,adcp,Unspecified
05463500,POINT (-92.4632472222222 42.4077638888889),72bd8dd0-2127-43f4-9d5e-0bb3dcf6bac0,USGS-05463500,4e6543b8-0e7b-b8e7-e053-0100007f06fe,239,1968-05-15T20:45:00+00:00,Imported Channel 1,35.5,ft^3/s,55.0,ft,36.7,ft^2,0.97,ft/s,,,Unspecified,Unspecified,Unspecified,Unspecified,Unspecified,Unknown,Unspecified,2026-06-26T16:20:30.298917+00:00,point_velocity,Unspecified
05463500,POINT (-92.4632472222222 42.4077638888889),72d0054c-6fcd-48ab-8708-ea28a7f70908,USGS-05463500,4e6547f1-5a6f-ba81-e053-0100007f2798,160,1963-02-18T17:40:00+00:00,Imported Channel 1,18.1,ft^3/s,38.0,ft,29.2,ft^2,0.62,ft/s,,,Unspecified,Unspecified,Unspecified,Unspecified,Unspecified,Unknown,Unspecified,2026-06-26T16:20:30.298917+00:00,point_velocity,Unspecified
05463500,POINT (-92.4632472222222 42.4077638888889),734fe779-77db-44b7-a5af-a1e56c3754f7,USGS-05463500,4e654eee-cfaa-bd18-e053-0100007f1680,95,1958-08-04T17:00:00+00:00,Imported Channel 1,101,ft^3/s,53.0,ft,67.3,ft^2,1.50,ft/s,,,Unspecified,Unspecified,Unspecified,Unspecified,Unspecified,Unknown,Unspecified,2026-06-26T16:20:30.298917+00:00,point_velocity,Unspecified
05463500,POINT (-92.4632472222222 42.4077638888889),73b62f3b-67ed-46b5-bdd7-1eaa7d487fd2,USGS-05463500,4e65549d-8922-c0eb-e053-0100007f8f7c,324,1975-07-07T15:35:00+00:00,Imported Channel 1,146,ft^3/s,60.0,ft,108,ft^2,1.35,ft/s,,,Unspecified,Unspecified,Unspecified,Unspecified,Unspecified,Unknown,Unspecified,2026-06-26T16:20:30.298917+00:00,point_velocity,Unspecified
05463500,POINT (-92.4632472222222 42.4077638888889),743a96d7-5170-487e-92e3-efa9220abb95,USGS-05463500,4e653ffc-6f7d-b697-e053-0100007f7944,580,2009-03-10T14:53:00+00:00,Imported Channel 1,2830,ft^3/s,152,ft,1240,ft^2,2.29,ft/s,,ft,Firm,SiltMud,Uneven,Even,Unspecified,Unknown,BridgeDownstreamSide,2026-06-26T16:20:30.298917+00:00,adcp,AtTheGage
05463500,POINT (-92.4632472222222 42.4077638888889),7500bfd6-402c-4aee-90a0-0a8b2d831da5,USGS-05463500,4e6543b8-0e72-b8e7-e053-0100007f06fe,203,1965-09-10T19:15:00+00:00,Imported Channel 1,2410,ft^3/s,326,ft,2270,ft^2,1.06,ft/s,,,Unspecified,Unspecified,Unspecified,Unspecified,Unspecified,Unknown,Unspecified,2026-06-26T16:20:30.298917+00:00,point_velocity,Unspecified
05463500,POINT (-92.4632472222222 42.4077638888889),7574f44f-ebb2-4fb7-913e-0b61857b81ab,USGS-05463500,db133ee5-dab4-4198-b88f-e9328a5803ff,695,2024-04-09T18:42:55+00:00,MAIN,57.1,ft^3/s,50.0,ft,67.6,ft^2,0.84,ft/s,75.00,ft,Soft,Sand,Uneven,Unspecified,NonStandard,Pulsating,Wading,2026-06-26T16:20:30.298917+00:00,point_velocity,Upstream
05463500,POINT (-92.4632472222222 42.4077638888889),7593a472-29a1-49f8-aa33-f225fdf83b6f,USGS-05463500,4e654e3d-b589-bd49-e053-0100007f11ad,554,2006-04-19T20:28:00+00:00,Imported Channel 1,262,ft^3/s,76.0,ft,203,ft^2,1.29,ft/s,,,Unspecified,Unspecified,Unspecified,Unspecified,Unspecified,Unknown,Wading,2026-06-26T16:20:30.298917+00:00,point_velocity,Unspecified
05463500,POINT (-92.4632472222222 42.4077638888889),75c2df84-0b61-4881-aac4-7c35c70ac5d5,USGS-05463500,4e653523-6365-b140-e053-0100007f723e,510,1995-08-11T13:10:00+00:00,Imported Channel 1,99.9,ft^3/s,71.0,ft,81.8,ft^2,1.22,ft/s,,,Unspecified,Unspecified,Unspecified,Unspecified,Unspecified,Unknown,Wading,2026-06-26T16:20:30.298917+00:00,point_velocity,Unspecified
05463500,POINT (-92.4632472222222 42.4077638888889),75e0695a-6e1e-4ac4-8b99-d38c65f30e3b,USGS-05463500,4e656432-5448-c8b0-e053-0100007f846e,623,2014-09-15T15:33:30+00:00,Hudson,47.3,ft^3/s,86.0,ft,212,ft^2,0.22,ft/s,,,Soft,SiltMud,Even,Even,Standard,Unknown,Wading,2026-06-26T16:20:30.298917+00:00,point_velocity,AtTheGage
05463500,POINT (-92.4632472222222 42.4077638888889),75e3c256-f0d8-471d-8095-d72db3663ace,USGS-05463500,4e65468e-fcfc-ba03-e053-0100007f8646,197,1965-04-20T17:15:00+00:00,Imported Channel 1,99.6,ft^3/s,51.0,ft,105,ft^2,0.95,ft/s,,,Unspecified,Unspecified,Unspecified,Unspecified,Unspecified,Unknown,Unspecified,2026-06-26T16:20:30.298917+00:00,point_velocity,Unspecified
05463500,POINT (-92.4632472222222 42.4077638888889),763dca77-1ab4-4f04-8da9-92e64842f631,USGS-05463500,4e6543c0-3f6d-b8df-e053-0100007ff56e,492,1993-08-12T16:50:00+00:00,Imported Channel 1,499,ft^3/s,92.0,ft,471,ft^2,1.06,ft/s,,,Unspecified,Unspecified,Unspecified,Unspecified,Unspecified,Unknown,BridgeCrane,2026-06-26T16:20:30.298917+00:00,point_velocity,Unspecified
05463500,POINT (-92.4632472222222 42.4077638888889),7697dbb6-0531-4808-afa3-ee0ae07efd29,USGS-05463500,4e654dfc-8607-bd22-e053-0100007f3b34,137,1961-05-01T17:15:00+00:00,Imported Channel 1,218,ft^3/s,68.0,ft,123,ft^2,1.77,ft/s,,,Unspecified,Unspecified,Unspecified,Unspecified,Unspecified,Unknown,Unspecified,2026-06-26T16:20:30.298917+00:00,point_velocity,Unspecified
05463500,POINT (-92.4632472222222 42.4077638888889),769a1804-e56c-4fd9-b284-711b45fde969,USGS-05463500,4e654749-13b2-ba05-e053-0100007fba13,174,1964-02-12T21:00:00+00:00,Imported Channel 1,15.9,ft^3/s,33.0,ft,15.4,ft^2,1.03,ft/s,,,Unspecified,Unspecified,Unspecified,Unspecified,Unspecified,Unknown,Unspecified,2026-06-26T16:20:30.298917+00:00,point_velocity,Unspecified
05463500,POINT (-92.4632472222222 42.4077638888889),7748212a-551f-4951-8e75-4f6fbf533a55,USGS-05463500,4e65516c-201f-bf53-e053-0100007f82f4,216,1966-08-22T19:25:00+00:00,Imported Channel 1,2060,ft^3/s,184,ft,1100,ft^2,1.87,ft/s,,,Unspecified,Unspecified,Unspecified,Unspecified,Unspecified,Unknown,Unspecified,2026-06-26T16:20:30.298917+00:00,point_velocity,Unspecified
05463500,POINT (-92.4632472222222 42.4077638888889),77a61c6f-b6a4-4ee6-b37d-d6c9873cd729,USGS-05463500,4e655529-2b9a-c148-e053-0100007fbab2,188,1964-12-07T19:45:00+00:00,Imported Channel 1,9.86,ft^3/s,29.0,ft,14.3,ft^2,0.80,ft/s,,,Unspecified,Unspecified,Unspecified,Unspecified,Unspecified,Unknown,Unspecified,2026-06-26T16:20:30.298917+00:00,point_velocity,Unspecified
05463500,POINT (-92.4632472222222 42.4077638888889),77aca738-09dd-4415-950c-bb5aa017ddcc,USGS-05463500,4e6554fe-6fb5-c0ef-e053-0100007fa61d,357,1978-08-22T14:30:00+00:00,Imported Channel 1,41.2,ft^3/s,44.0,ft,32.7,ft^2,1.26,ft/s,,,Unspecified,Unspecified,Unspecified,Unspecified,Unspecified,Unknown,Unspecified,2026-06-26T16:20:30.298917+00:00,point_velocity,Unspecified
05463500,POINT (-92.4632472222222 42.4077638888889),78011907-7d4a-49e5-9774-83a193a5ae78,USGS-05463500,4e65566b-96ed-c11b-e053-0100007fb61a,186,1964-11-02T16:50:00+00:00,Imported Channel 1,19.3,ft^3/s,39.0,ft,23.0,ft^2,0.84,ft/s,,,Unspecified,Unspecified,Unspecified,Unspecified,Unspecified,Unknown,Unspecified,2026-06-26T16:20:30.298917+00:00,point_velocity,Unspecified
05463500,POINT (-92.4632472222222 42.4077638888889),798080b5-cf75-4d2e-81b6-3fc9ec4f6cce,USGS-05463500,4e654723-c5d2-ba2f-e053-0100007f3d30,434,1986-10-29T20:30:00+00:00,Imported Channel 1,178,ft^3/s,72.0,ft,127,ft^2,1.40,ft/s,,,Unspecified,Unspecified,Unspecified,Unspecified,Unspecified,Unknown,Wading,2026-06-26T16:20:30.298917+00:00,point_velocity,Unspecified
05463500,POINT (-92.4632472222222 42.4077638888889),7a8ec854-9c0c-48d3-99e2-80fde9b07a6c,USGS-05463500,4e6543a9-718b-b868-e053-0100007f6126,345,1977-08-23T15:10:00+00:00,Imported Channel 1,10.1,ft^3/s,41.0,ft,13.3,ft^2,0.76,ft/s,,,Unspecified,Unspecified,Unspecified,Unspecified,Unspecified,Unknown,Unspecified,2026-06-26T16:20:30.298917+00:00,point_velocity,Unspecified
05463500,POINT (-92.4632472222222 42.4077638888889),7afd8333-0a2c-4b8f-8372-23e09bf9dc5a,USGS-05463500,4e655c3e-4a3b-c4db-e053-0100007f558c,412,1984-05-29T17:15:00+00:00,Imported Channel 1,1930,ft^3/s,178,ft,944,ft^2,2.04,ft/s,,,Unspecified,Unspecified,Unspecified,Unspecified,Unspecified,Unknown,Unspecified,2026-06-26T16:20:30.298917+00:00,point_velocity,Unspecified
05463500,POINT (-92.4632472222222 42.4077638888889),7b2871f6-10f8-4ee2-a6a4-f571d972fb0a,USGS-05463500,4e6549f1-f10f-ba0b-e053-0100007f338e,126,1960-09-12T17:30:00+00:00,Imported Channel 1,23.0,ft^3/s,35.0,ft,18.3,ft^2,1.26,ft/s,,,Unspecified,Unspecified,Unspecified,Unspecified,Unspecified,Unknown,Unspecified,2026-06-26T16:20:30.298917+00:00,point_velocity,Unspecified
05463500,POINT (-92.4632472222222 42.4077638888889),7b66bb1b-0d9e-4865-8b66-b9e56323245b,USGS-05463500,4e653c9f-1ffe-b522-e053-0100007f54d8,523,2002-09-11T18:30:00+00:00,Imported Channel 1,39.0,ft^3/s,43.0,ft,42.7,ft^2,0.91,ft/s,,,Unspecified,Unspecified,Unspecified,Unspecified,Unspecified,Unknown,Wading,2026-06-26T16:20:30.298917+00:00,point_velocity,Unspecified
05463500,POINT (-92.4632472222222 42.4077638888889),7ba5eaf0-3dde-4e0f-a7c5-32cb35f763dd,USGS-05463500,4e6536bf-4281-b1c1-e053-0100007f6f43,416,1984-11-20T06:00:00+00:00,Imported Channel 1,77.3,ft^3/s,69.0,ft,64.6,ft^2,1.20,ft/s,,,Unspecified,Unspecified,Unspecified,Unspecified,Unspecified,Unknown,Wading,2026-06-26T16:20:30.298917+00:00,point_velocity,Unspecified
05463500,POINT (-92.4632472222222 42.4077638888889),7be038b5-a348-4b1b-b1ef-f648d29c1da4,USGS-05463500,4e65474f-a33b-ba59-e053-0100007f0af6,123,1960-06-06T17:30:00+00:00,Imported Channel 1,223,ft^3/s,56.0,ft,189,ft^2,1.18,ft/s,,,Unspecified,Unspecified,Unspecified,Unspecified,Unspecified,Unknown,Unspecified,2026-06-26T16:20:30.298917+00:00,point_velocity,Unspecified
05463500,POINT (-92.4632472222222 42.4077638888889),7c4b6826-fee9-40ad-b25d-a8263c7fb9e6,USGS-05463500,4e654045-6df9-b671-e053-0100007faac9,112,1959-09-30T18:35:00+00:00,Imported Channel 1,35.2,ft^3/s,34.0,ft,26.6,ft^2,1.32,ft/s,,,Unspecified,Unspecified,Unspecified,Unspecified,Unspecified,Unknown,Unspecified,2026-06-26T16:20:30.298917+00:00,point_velocity,Unspecified
05463500,POINT (-92.4632472222222 42.4077638888889),7deb9364-44d3-4527-ba17-1d7005b03b06,USGS-05463500,4e65583a-5dd2-c2f1-e053-0100007fb8d8,633,2015-12-30T16:04:52+00:00,main,596,ft^3/s,106,ft,619,ft^2,0.96,ft/s,10.00,ft,Firm,Sand,Uneven,Uneven,NonStandard,Unknown,BridgeDownstreamSide,2026-06-26T16:20:30.298917+00:00,adcp,Upstream
05463500,POINT (-92.4632472222222 42.4077638888889),7e01e9e7-bae7-4c97-b52e-9e86d60c83a2,USGS-05463500,4e655625-01fb-c11d-e053-0100007f4c58,303,1973-03-13T21:25:00+00:00,Imported Channel 1,809,ft^3/s,99.0,ft,479,ft^2,1.69,ft/s,,,Unspecified,Unspecified,Unspecified,Unspecified,Unspecified,Unknown,Unspecified,2026-06-26T16:20:30.298917+00:00,point_velocity,Unspecified
05463500,POINT (-92.4632472222222 42.4077638888889),7e02a0f1-7feb-4d77-a383-92683c3cbb16,USGS-05463500,4e6535e8-3eec-b0e0-e053-0100007ff514,409,1984-01-24T19:40:00+00:00,Imported Channel 1,78.5,ft^3/s,72.0,ft,65.7,ft^2,1.19,ft/s,,,Unspecified,Unspecified,Unspecified,Unspecified,Unspecified,Unknown,Unspecified,2026-06-26T16:20:30.298917+00:00,point_velocity,Unspecified
05463500,POINT (-92.4632472222222 42.4077638888889),7e9509d2-5028-439b-948d-34bf6f074162,USGS-05463500,4e654e2f-2ee0-bd5b-e053-0100007f5551,193,1965-04-01T12:10:00+00:00,Imported Channel 1,4140,ft^3/s,185,ft,1260,ft^2,2.89,ft/s,,,Unspecified,Unspecified,Unspecified,Unspecified,Unspecified,Unknown,Unspecified,2026-06-26T16:20:30.298917+00:00,point_velocity,Unspecified
05463500,POINT (-92.4632472222222 42.4077638888889),7eda0978-1104-4d49-8261-37891d6c79af,USGS-05463500,4e654a45-1303-bbaf-e053-0100007f851a,587,2010-02-02T21:17:00+00:00,Imported Channel 1,212,ft^3/s,76.0,ft,202,ft^2,1.05,ft/s,100.00,ft,Firm,Sand,Uneven,Even,Unspecified,Unknown,Ice,2026-06-26T16:20:30.298917+00:00,point_velocity,Upstream
05463500,POINT (-92.4632472222222 42.4077638888889),7edfef71-b426-4225-ae8a-c95e5b96d70b,USGS-05463500,4e6546e0-f43a-ba2b-e053-0100007ff590,419,1985-03-26T06:00:00+00:00,Imported Channel 1,135,ft^3/s,70.0,ft,161,ft^2,0.84,ft/s,,,Unspecified,Unspecified,Unspecified,Unspecified,Unspecified,Unknown,Wading,2026-06-26T16:20:30.298917+00:00,point_velocity,Unspecified
05463500,POINT (-92.4632472222222 42.4077638888889),7f7a5807-ace2-4bc3-b074-fe8cbfb00f39,USGS-05463500,1faa4778-0e19-49df-a694-40d228978645,678,2021-06-23T15:46:27+00:00,Main,93.8,ft^3/s,43.0,ft,67.8,ft^2,1.38,ft/s,5.00,ft,Firm,Sand,Even,Even,NonStandard,Steady,Wading,2026-06-26T16:20:30.298917+00:00,point_velocity,Downstream
05463500,POINT (-92.4632472222222 42.4077638888889),7f8ac774-2ad1-4bc2-98ac-83170d7fbc74,USGS-05463500,2edb84f6-7c44-4867-804d-e32c53b3ba89,682,2022-04-07T18:25:13+00:00,Main,216,ft^3/s,96.7,ft,230,ft^2,0.94,ft/s,0.00,ft,Soft,Sand,Uneven,Uneven,Unknown,Steady,BridgeDownstreamSide,2026-06-26T16:20:30.298917+00:00,adcp,AtTheGage
05463500,POINT (-92.4632472222222 42.4077638888889),7f8c0cc9-b482-48d9-bfa2-fd827e6c5fc7,USGS-05463500,4e655494-2ac3-c0e5-e053-0100007f50b4,243,1968-08-05T17:25:00+00:00,Imported Channel 1,1840,ft^3/s,187,ft,1070,ft^2,1.72,ft/s,,,Unspecified,Unspecified,Unspecified,Unspecified,Unspecified,Unknown,Unspecified,2026-06-26T16:20:30.298917+00:00,point_velocity,Unspecified
05463500,POINT (-92.4632472222222 42.4077638888889),7f9ab927-a1d6-46e6-938f-c6ad45086862,USGS-05463500,4e653c6e-b54f-b53c-e053-0100007ff080,158,1962-12-10T17:50:00+00:00,Imported Channel 1,18.1,ft^3/s,34.0,ft,31.0,ft^2,0.58,ft/s,,,Unspecified,Unspecified,Unspecified,Unspecified,Unspecified,Unknown,Unspecified,2026-06-26T16:20:30.298917+00:00,point_velocity,Unspecified
05463500,POINT (-92.4632472222222 42.4077638888889),7fb3c190-d80e-47ca-9deb-57ad099641f4,USGS-05463500,4e654b0c-6693-b9fd-e053-0100007f8d70,539,2004-07-14T13:17:00+00:00,Imported Channel 1,124,ft^3/s,73.0,ft,135,ft^2,0.92,ft/s,,ft,Unspecified,Unspecified,Unspecified,Unspecified,Unspecified,Unknown,Unspecified,2026-06-26T16:20:30.298917+00:00,adcp,Unspecified
05463500,POINT (-92.4632472222222 42.4077638888889),808af8c2-096b-4a0f-9b3b-6238fdcffa50,USGS-05463500,4e6569b6-61d9-cb52-e053-0100007fc285,624,2014-10-27T16:55:30+00:00,Hudson,76.3,ft^3/s,48.0,ft,60.9,ft^2,1.25,ft/s,1000.00,ft,Firm,Sand,Even,Even,Standard,Unknown,Wading,2026-06-26T16:20:30.298917+00:00,point_velocity,Downstream
05463500,POINT (-92.4632472222222 42.4077638888889),80bbec71-d5c3-4183-b840-58c9736f161e,USGS-05463500,4e653c4f-b586-b259-e053-0100007f7239,442,1987-09-23T12:55:00+00:00,Imported Channel 1,176,ft^3/s,72.0,ft,116,ft^2,1.52,ft/s,,,Unspecified,Unspecified,Unspecified,Unspecified,Unspecified,Unknown,Wading,2026-06-26T16:20:30.298917+00:00,point_velocity,Unspecified
05463500,POINT (-92.4632472222222 42.4077638888889),827b30cd-2f7b-4b81-80f1-faa821306e6a,USGS-05463500,4e655529-2baa-c148-e053-0100007fbab2,251,1969-01-22T17:40:00+00:00,Imported Channel 1,123,ft^3/s,42.0,ft,80.9,ft^2,1.52,ft/s,,,Unspecified,Unspecified,Unspecified,Unspecified,Unspecified,Unknown,Unspecified,2026-06-26T16:20:30.298917+00:00,point_velocity,Unspecified
05463500,POINT (-92.4632472222222 42.4077638888889),82bab15d-db0c-4f20-b269-256bad3a88f3,USGS-05463500,4e654a39-4ebe-bae4-e053-0100007f06c1,513,2001-05-22T17:35:00+00:00,Imported Channel 1,320,ft^3/s,81.0,ft,212,ft^2,1.51,ft/s,,,Unspecified,Unspecified,Unspecified,Unspecified,Unspecified,Unknown,BridgeCrane,2026-06-26T16:20:30.298917+00:00,point_velocity,Unspecified
05463500,POINT (-92.4632472222222 42.4077638888889),834b68f2-118c-4374-87d4-e6aba9af992e,USGS-05463500,4e653a3c-d3c1-b3b3-e053-0100007f2054,171,1963-11-04T16:55:00+00:00,Imported Channel 1,15.4,ft^3/s,27.5,ft,15.8,ft^2,0.97,ft/s,,,Unspecified,Unspecified,Unspecified,Unspecified,Unspecified,Unknown,Unspecified,2026-06-26T16:20:30.298917+00:00,point_velocity,Unspecified
05463500,POINT (-92.4632472222222 42.4077638888889),8466def2-55cd-4a96-95fc-21331b0cdc95,USGS-05463500,4e653b7e-fd6e-b486-e053-0100007f6d12,201,1965-08-10T19:15:00+00:00,Imported Channel 1,35.4,ft^3/s,40.0,ft,47.2,ft^2,0.75,ft/s,,,Unspecified,Unspecified,Unspecified,Unspecified,Unspecified,Unknown,Unspecified,2026-06-26T16:20:30.298917+00:00,point_velocity,Unspecified
05463500,POINT (-92.4632472222222 42.4077638888889),84a35cbc-26e9-4b97-ba26-3b94f6a533da,USGS-05463500,4e65585f-7187-c2ed-e053-0100007f28b3,283,1971-04-07T19:30:00+00:00,Imported Channel 1,168,ft^3/s,50.0,ft,110,ft^2,1.53,ft/s,,,Unspecified,Unspecified,Unspecified,Unspecified,Unspecified,Unknown,Unspecified,2026-06-26T16:20:30.298917+00:00,point_velocity,Unspecified
05463500,POINT (-92.4632472222222 42.4077638888889),84d7fa6e-c24b-4650-8226-798d03461075,USGS-05463500,4e655a38-e176-c3c0-e053-0100007fb6b2,405,1983-08-17T17:10:00+00:00,Imported Channel 1,62.0,ft^3/s,45.0,ft,42.8,ft^2,1.45,ft/s,,,Unspecified,Unspecified,Unspecified,Unspecified,Unspecified,Unknown,Unspecified,2026-06-26T16:20:30.298917+00:00,point_velocity,Unspecified
05463500,POINT (-92.4632472222222 42.4077638888889),858d5383-b469-4f99-87c4-e46aa854f765,USGS-05463500,4e655cb7-2917-c4c7-e053-0100007f189c,292,1971-11-30T18:10:00+00:00,Imported Channel 1,27.8,ft^3/s,23.0,ft,21.4,ft^2,1.30,ft/s,,,Unspecified,Unspecified,Unspecified,Unspecified,Unspecified,Unknown,Unspecified,2026-06-26T16:20:30.298917+00:00,point_velocity,Unspecified
05463500,POINT (-92.4632472222222 42.4077638888889),8593306d-a92d-4109-a026-69645c9f2c80,USGS-05463500,039d4b42-b5cd-4621-b269-1fe168f56af5,696,2024-05-22T18:19:29+00:00,Culvert,10.0,ft^3/s,,,,,,,,ft,Firm,BedrockLedgeArtificial,Even,Uneven,Unknown,Pulsating,Other,2026-06-26T16:20:30.298917+00:00,other_method,Unspecified
05463500,POINT (-92.4632472222222 42.4077638888889),85b16125-4881-4d13-a81b-6d0416122cf7,USGS-05463500,4e656817-c115-caeb-e053-0100007f2f17,613,2013-05-28T18:00:00+00:00,Main Channel,4090,ft^3/s,182,ft,1190,ft^2,3.43,ft/s,,ft,Unspecified,Unspecified,Even,Even,Standard,Unknown,BridgeDownstreamSide,2026-06-26T16:20:30.298917+00:00,adcp,AtTheGage
05463500,POINT (-92.4632472222222 42.4077638888889),8606c98c-0e5e-4470-8f45-d2ce17c34fc0,USGS-05463500,4e654eee-cfc3-bd18-e053-0100007f1680,318,1974-10-29T19:30:00+00:00,Imported Channel 1,57.7,ft^3/s,66.0,ft,63.3,ft^2,0.91,ft/s,,,Unspecified,Unspecified,Unspecified,Unspecified,Unspecified,Unknown,Unspecified,2026-06-26T16:20:30.298917+00:00,point_velocity,Unspecified
05463500,POINT (-92.4632472222222 42.4077638888889),86691fe5-1a1a-4af5-a41d-51e5ad8e2878,USGS-05463500,4e653c38-3f36-b4f6-e053-0100007f45ca,450,1988-08-10T19:30:00+00:00,Imported Channel 1,9.46,ft^3/s,58.0,ft,12.8,ft^2,0.74,ft/s,,,Unspecified,Unspecified,Unspecified,Unspecified,Unspecified,Unknown,Wading,2026-06-26T16:20:30.298917+00:00,point_velocity,Unspecified
05463500,POINT (-92.4632472222222 42.4077638888889),86bca002-45c2-45e3-9842-d57cb627da33,USGS-05463500,4e653472-0d2b-b0d1-e053-0100007ff18f,290,1971-09-10T15:55:00+00:00,Imported Channel 1,18.3,ft^3/s,22.0,ft,15.8,ft^2,1.16,ft/s,,,Unspecified,Unspecified,Unspecified,Unspecified,Unspecified,Unknown,Unspecified,2026-06-26T16:20:30.298917+00:00,point_velocity,Unspecified
05463500,POINT (-92.4632472222222 42.4077638888889),86dceacb-fbc7-45a3-bc43-825eb25e9fa9,USGS-05463500,4e6543b8-0e92-b8e7-e053-0100007f06fe,313,1974-04-02T15:50:00+00:00,Imported Channel 1,219,ft^3/s,72.0,ft,152,ft^2,1.44,ft/s,,,Unspecified,Unspecified,Unspecified,Unspecified,Unspecified,Unknown,Unspecified,2026-06-26T16:20:30.298917+00:00,point_velocity,Unspecified
05463500,POINT (-92.4632472222222 42.4077638888889),86e7c94f-61f1-40b2-a2e6-f96219d79757,USGS-05463500,4e653cac-3db2-b50a-e053-0100007f7072,544,2005-01-27T14:28:00+00:00,Imported Channel 1,22.7,ft^3/s,50.0,ft,35.7,ft^2,0.63,ft/s,,,Unspecified,Unspecified,Unspecified,Unspecified,Unspecified,Unknown,Ice,2026-06-26T16:20:30.298917+00:00,point_velocity,Unspecified
05463500,POINT (-92.4632472222222 42.4077638888889),8743b9ab-fad2-46d7-b2a0-a2ce77f9b501,USGS-05463500,4e654c19-9784-bc43-e053-0100007fc312,570,2008-01-28T18:09:00+00:00,Imported Channel 1,113,ft^3/s,60.0,ft,93.3,ft^2,1.21,ft/s,,,Unspecified,Unspecified,Unspecified,Unspecified,Unspecified,Unknown,Wading,2026-06-26T16:20:30.298917+00:00,point_velocity,Unspecified
05463500,POINT (-92.4632472222222 42.4077638888889),87891d3f-bd7f-450d-9fd8-06d96a080f1f,USGS-05463500,4e65588a-b9cf-c2da-e053-0100007fa834,259,1969-06-09T17:55:00+00:00,Imported Channel 1,849,ft^3/s,95.0,ft,496,ft^2,1.71,ft/s,,,Unspecified,Unspecified,Unspecified,Unspecified,Unspecified,Unknown,Unspecified,2026-06-26T16:20:30.298917+00:00,point_velocity,Unspecified
05463500,POINT (-92.4632472222222 42.4077638888889),8791c739-8c8f-4a86-9aa7-e06983178a61,USGS-05463500,4e653b7e-fd66-b486-e053-0100007f6d12,140,1961-08-08T17:10:00+00:00,Imported Channel 1,83.8,ft^3/s,55.0,ft,48.6,ft^2,1.72,ft/s,,,Unspecified,Unspecified,Unspecified,Unspecified,Unspecified,Unknown,Unspecified,2026-06-26T16:20:30.298917+00:00,point_velocity,Unspecified
05463500,POINT (-92.4632472222222 42.4077638888889),88819639-2ead-4a3c-9f31-4ed792f90f0a,USGS-05463500,4e653472-0d40-b0d1-e053-0100007ff18f,366,1979-05-15T16:50:00+00:00,Imported Channel 1,332,ft^3/s,88.0,ft,372,ft^2,0.89,ft/s,,,Unspecified,Unspecified,Unspecified,Unspecified,Unspecified,Unknown,Unspecified,2026-06-26T16:20:30.298917+00:00,point_velocity,Unspecified
05463500,POINT (-92.4632472222222 42.4077638888889),88823810-dde6-488b-9b30-9050a498a2de,USGS-05463500,93f6253d-010d-4042-e053-0100007fee08,662,2019-10-02T22:05:43+00:00,Qm,888,ft^3/s,105,ft,519,ft^2,1.71,ft/s,0.00,ft,Firm,Sand,Even,Even,Standard,Steady,BridgeDownstreamSide,2026-06-26T16:20:30.298917+00:00,adcp,AtTheGage
05463500,POINT (-92.4632472222222 42.4077638888889),88823d1b-9e3f-4a84-aef4-16de9f5329b6,USGS-05463500,4e6547f1-5a62-ba81-e053-0100007f2798,98,1958-10-29T20:20:00+00:00,Imported Channel 1,31.9,ft^3/s,49.0,ft,32.2,ft^2,0.99,ft/s,,,Unspecified,Unspecified,Unspecified,Unspecified,Unspecified,Unknown,Unspecified,2026-06-26T16:20:30.298917+00:00,point_velocity,Unspecified
05463500,POINT (-92.4632472222222 42.4077638888889),88968bd7-d2c2-464a-a4f2-868d31368192,USGS-05463500,4e654723-c5e8-ba2f-e053-0100007f3d30,165,1963-07-15T17:40:00+00:00,Imported Channel 1,28.0,ft^3/s,30.0,ft,24.3,ft^2,1.15,ft/s,,,Unspecified,Unspecified,Unspecified,Unspecified,Unspecified,Unknown,Unspecified,2026-06-26T16:20:30.298917+00:00,point_velocity,Unspecified
05463500,POINT (-92.4632472222222 42.4077638888889),889bfa7b-cc17-4451-baca-1d36e2774c78,USGS-05463500,4e652e67-d6dc-adb4-e053-0100007fbcd3,525,2002-12-11T14:05:00+00:00,Imported Channel 1,29.9,ft^3/s,41.0,ft,42.5,ft^2,0.70,ft/s,,,Unspecified,Unspecified,Unspecified,Unspecified,Unspecified,Unknown,Ice,2026-06-26T16:20:30.298917+00:00,point_velocity,Unspecified
05463500,POINT (-92.4632472222222 42.4077638888889),88ea1920-fe49-4bff-9ff3-68b7b3095d52,USGS-05463500,4e65439e-4031-b8e9-e053-0100007f7f3f,145,1962-01-03T17:55:00+00:00,Imported Channel 1,120,ft^3/s,53.0,ft,73.6,ft^2,1.63,ft/s,,,Unspecified,Unspecified,Unspecified,Unspecified,Unspecified,Unknown,Unspecified,2026-06-26T16:20:30.298917+00:00,point_velocity,Unspecified
05463500,POINT (-92.4632472222222 42.4077638888889),8a9db182-093c-47bc-9e9b-151e7d8c9545,USGS-05463500,4e653c48-b14b-b528-e053-0100007f3471,192,1965-03-23T18:00:00+00:00,Imported Channel 1,38.0,ft^3/s,34.0,ft,33.1,ft^2,1.15,ft/s,,,Unspecified,Unspecified,Unspecified,Unspecified,Unspecified,Unknown,Unspecified,2026-06-26T16:20:30.298917+00:00,point_velocity,Unspecified
05463500,POINT (-92.4632472222222 42.4077638888889),8acca14f-436d-4f59-aab6-db4d7cd50b13,USGS-05463500,4e6563b5-7967-c83a-e053-0100007fcdac,399,1982-12-02T16:55:00+00:00,Imported Channel 1,176,ft^3/s,67.0,ft,122,ft^2,1.44,ft/s,,,Unspecified,Unspecified,Unspecified,Unspecified,Unspecified,Unknown,Unspecified,2026-06-26T16:20:30.298917+00:00,point_velocity,Unspecified
05463500,POINT (-92.4632472222222 42.4077638888889),8ae1328c-7c47-4594-8239-0d5d09f76f36,USGS-05463500,4e652e3d-4607-adb6-e053-0100007fb139,194,1965-04-03T21:05:00+00:00,Imported Channel 1,1470,ft^3/s,178,ft,799,ft^2,1.84,ft/s,,,Unspecified,Unspecified,Unspecified,Unspecified,Unspecified,Unknown,Unspecified,2026-06-26T16:20:30.298917+00:00,point_velocity,Unspecified
05463500,POINT (-92.4632472222222 42.4077638888889),8afd438e-a7ee-47ef-9708-1217e6724611,USGS-05463500,4e654f90-f9c1-bd9b-e053-0100007fa050,263,1969-08-14T16:10:00+00:00,Imported Channel 1,148,ft^3/s,71.0,ft,227,ft^2,0.65,ft/s,,,Unspecified,Unspecified,Unspecified,Unspecified,Unspecified,Unknown,Unspecified,2026-06-26T16:20:30.298917+00:00,point_velocity,Unspecified
05463500,POINT (-92.4632472222222 42.4077638888889),8b2aa07b-a0d1-4442-bc3b-d8e869ea490f,USGS-05463500,4e6561da-39b4-c731-e053-0100007fca8c,344,1977-07-19T13:05:00+00:00,Imported Channel 1,54.9,ft^3/s,47.0,ft,42.1,ft^2,1.30,ft/s,,,Unspecified,Unspecified,Unspecified,Unspecified,Unspecified,Unknown,Unspecified,2026-06-26T16:20:30.298917+00:00,point_velocity,Unspecified
05463500,POINT (-92.4632472222222 42.4077638888889),8c0752cb-2dcc-45bf-ab5e-674905797958,USGS-05463500,e92ebee2-7a06-41c2-98e8-732bb5fd937e,708,2026-05-14T13:03:00+00:00,Main,201,ft^3/s,73.0,ft,134,ft^2,1.50,ft/s,5.00,ft,Soft,Sand,Uneven,Uneven,Standard,Steady,Wading,2026-06-26T16:20:30.298917+00:00,point_velocity,Upstream
05463500,POINT (-92.4632472222222 42.4077638888889),8c4d9e17-fe6e-426e-af98-be88236bc9ed,USGS-05463500,4e65319c-76eb-af90-e053-0100007f04f6,431,1986-07-03T05:00:00+00:00,Imported Channel 1,500,ft^3/s,92.0,ft,301,ft^2,1.66,ft/s,,,Unspecified,Unspecified,Unspecified,Unspecified,Unspecified,Unknown,BridgeCrane,2026-06-26T16:20:30.298917+00:00,point_velocity,Unspecified
05463500,POINT (-92.4632472222222 42.4077638888889),8d83a3ff-9579-4ce7-b935-ea3ae1e0d5d7,USGS-05463500,4e65583a-5dcd-c2f1-e053-0100007fb8d8,596,2011-03-09T18:55:00+00:00,main channel,182,ft^3/s,79.0,ft,174,ft^2,1.05,ft/s,500.00,ft,Soft,Sand,Even,Even,Standard,Unknown,Wading,2026-06-26T16:20:30.298917+00:00,point_velocity,Upstream
05463500,POINT (-92.4632472222222 42.4077638888889),8ee4ebd2-cd2c-442a-9565-b4cf02d662d0,USGS-05463500,813e05af-b616-b262-e053-0100007f93fb,657,2019-02-06T16:54:38+00:00,Main,511,ft^3/s,83.5,ft,385,ft^2,1.32,ft/s,1118.00,ft,Firm,Sand,Even,Even,NonStandard,Pulsating,BridgeDownstreamSide,2026-06-26T16:20:30.298917+00:00,adcp,Downstream
05463500,POINT (-92.4632472222222 42.4077638888889),8f6e417e-f444-4321-8e12-4b5b7e2bcaa4,USGS-05463500,4e6522a3-c62b-a80d-e053-0100007fcfcd,20,1953-10-06T16:55:00+00:00,Imported Channel 1,12.9,ft^3/s,21.0,ft,10.8,ft^2,1.19,ft/s,,,Unspecified,Unspecified,Unspecified,Unspecified,Unspecified,Unknown,Wading,2026-06-26T16:20:30.298917+00:00,point_velocity,Unspecified
05463500,POINT (-92.4632472222222 42.4077638888889),8f77b15d-6361-4bee-9baf-0e703f3d2c95,USGS-05463500,4e6559e1-930e-c2e1-e053-0100007fb355,288,1971-07-29T21:00:00+00:00,Imported Channel 1,50.3,ft^3/s,33.0,ft,29.9,ft^2,1.68,ft/s,,,Unspecified,Unspecified,Unspecified,Unspecified,Unspecified,Unknown,Unspecified,2026-06-26T16:20:30.298917+00:00,point_velocity,Unspecified
05463500,POINT (-92.4632472222222 42.4077638888889),8f7c8a34-058d-4854-a591-158dbafb357a,USGS-05463500,4e655555-567a-c119-e053-0100007f401c,384,1981-04-20T19:30:00+00:00,Imported Channel 1,52.6,ft^3/s,44.0,ft,42.4,ft^2,1.24,ft/s,,,Unspecified,Unspecified,Unspecified,Unspecified,Unspecified,Unknown,Unspecified,2026-06-26T16:20:30.298917+00:00,point_velocity,Unspecified
05463500,POINT (-92.4632472222222 42.4077638888889),904c2368-ed77-4690-a29c-b953c12e5830,USGS-05463500,4e6543b8-0e7a-b8e7-e053-0100007f06fe,238,1968-04-19T18:05:00+00:00,Imported Channel 1,31.1,ft^3/s,62.0,ft,32.7,ft^2,0.95,ft/s,,,Unspecified,Unspecified,Unspecified,Unspecified,Unspecified,Unknown,Unspecified,2026-06-26T16:20:30.298917+00:00,point_velocity,Unspecified
05463500,POINT (-92.4632472222222 42.4077638888889),906a7257-3f92-4224-a613-0bf3b1d12101,USGS-05463500,4e6547f1-5a66-ba81-e053-0100007f2798,118,1960-03-14T19:00:00+00:00,Imported Channel 1,48.7,ft^3/s,42.0,ft,47.4,ft^2,1.03,ft/s,,,Unspecified,Unspecified,Unspecified,Unspecified,Unspecified,Unknown,Unspecified,2026-06-26T16:20:30.298917+00:00,point_velocity,Unspecified
05463500,POINT (-92.4632472222222 42.4077638888889),9082236c-b52e-4936-bf7c-b07e175d27a7,USGS-05463500,4e6552a8-8370-bda1-e053-0100007f8cf2,285,1971-06-08T16:40:00+00:00,Imported Channel 1,624,ft^3/s,96.0,ft,474,ft^2,1.17,ft/s,,,Unspecified,Unspecified,Unspecified,Unspecified,Unspecified,Unknown,Unspecified,2026-06-26T16:20:30.298917+00:00,point_velocity,Unspecified
05463500,POINT (-92.4632472222222 42.4077638888889),90be6f9e-1c97-46e0-a36f-62841e45bef7,USGS-05463500,4e65561a-cfa2-c135-e053-0100007f7c26,210,1966-03-02T15:20:00+00:00,Imported Channel 1,98.8,ft^3/s,62.0,ft,80.0,ft^2,1.24,ft/s,,,Unspecified,Unspecified,Unspecified,Unspecified,Unspecified,Unknown,Unspecified,2026-06-26T16:20:30.298917+00:00,point_velocity,Unspecified
05463500,POINT (-92.4632472222222 42.4077638888889),914eb7dc-0c32-4334-a66b-a38952a283f9,USGS-05463500,4e6549f1-f0fc-ba0b-e053-0100007f338e,91,1958-07-15T20:10:00+00:00,Imported Channel 1,1150,ft^3/s,172,ft,910,ft^2,1.26,ft/s,,,Unspecified,Unspecified,Unspecified,Unspecified,Unspecified,Unknown,Unspecified,2026-06-26T16:20:30.298917+00:00,point_velocity,Unspecified
05463500,POINT (-92.4632472222222 42.4077638888889),91f3c5ea-e105-4535-bb9e-10d9492e5a85,USGS-05463500,4e653f7c-5de0-b64a-e053-0100007f79f3,331,1976-04-09T15:50:00+00:00,Imported Channel 1,94.0,ft^3/s,62.0,ft,60.4,ft^2,1.56,ft/s,,,Unspecified,Unspecified,Unspecified,Unspecified,Unspecified,Unknown,Unspecified,2026-06-26T16:20:30.298917+00:00,point_velocity,Unspecified
05463500,POINT (-92.4632472222222 42.4077638888889),92862d88-3a1a-47b4-aa93-fbfb91e33854,USGS-05463500,4e653c48-b121-b528-e053-0100007f3471,67,1957-03-04T16:15:00+00:00,Imported Channel 1,34.9,ft^3/s,40.5,ft,30.4,ft^2,1.15,ft/s,,,Unspecified,Unspecified,Unspecified,Unspecified,Unspecified,Unknown,Wading,2026-06-26T16:20:30.298917+00:00,point_velocity,Unspecified
05463500,POINT (-92.4632472222222 42.4077638888889),933dfab0-2ad6-4138-90ac-adfc0c0d5ad3,USGS-05463500,4e655f68-4a9e-c667-e053-0100007f9e3c,383,1981-03-27T16:10:00+00:00,Imported Channel 1,39.0,ft^3/s,45.0,ft,34.4,ft^2,1.13,ft/s,,,Unspecified,Unspecified,Unspecified,Unspecified,Unspecified,Unknown,Unspecified,2026-06-26T16:20:30.298917+00:00,point_velocity,Unspecified
05463500,POINT (-92.4632472222222 42.4077638888889),934cc94f-80b5-46e3-b1a0-a71a1aa3b8ca,USGS-05463500,4e65512c-8f52-bd9d-e053-0100007f08a4,246,1968-09-16T16:45:00+00:00,Imported Channel 1,43.4,ft^3/s,46.0,ft,50.6,ft^2,0.86,ft/s,,,Unspecified,Unspecified,Unspecified,Unspecified,Unspecified,Unknown,Unspecified,2026-06-26T16:20:30.298917+00:00,point_velocity,Unspecified
05463500,POINT (-92.4632472222222 42.4077638888889),934ededd-a71a-4559-b4a9-83922faddf1a,USGS-05463500,4e653643-1406-b13c-e053-0100007f8cd6,111,1959-08-25T23:05:00+00:00,Imported Channel 1,51.6,ft^3/s,37.0,ft,35.4,ft^2,1.46,ft/s,,,Unspecified,Unspecified,Unspecified,Unspecified,Unspecified,Unknown,Unspecified,2026-06-26T16:20:30.298917+00:00,point_velocity,Unspecified
05463500,POINT (-92.4632472222222 42.4077638888889),94386050-147a-41e1-bd30-84bc4d3803c6,USGS-05463500,4e654002-3e40-b66d-e053-0100007ff524,574,2008-06-30T20:09:00+00:00,Imported Channel 1,401,ft^3/s,88.4,ft,407,ft^2,0.99,ft/s,,ft,Unspecified,Unspecified,Unspecified,Unspecified,Unspecified,Unknown,Unspecified,2026-06-26T16:20:30.298917+00:00,adcp,Unspecified
05463500,POINT (-92.4632472222222 42.4077638888889),94be6f67-a2f7-4abf-984e-12c85077e869,USGS-05463500,4e654723-c5e9-ba2f-e053-0100007f3d30,178,1964-05-08T22:40:00+00:00,Imported Channel 1,787,ft^3/s,107,ft,426,ft^2,1.85,ft/s,,,Unspecified,Unspecified,Unspecified,Unspecified,Unspecified,Unknown,Unspecified,2026-06-26T16:20:30.298917+00:00,point_velocity,Unspecified
05463500,POINT (-92.4632472222222 42.4077638888889),94c67bca-9664-4d8f-8e46-8d0f6f56ae39,USGS-05463500,4e655901-db66-c2ef-e053-0100007fd894,603,2012-01-09T16:50:00+00:00,Imported Channel 1,94.7,ft^3/s,84.5,ft,83.6,ft^2,1.13,ft/s,15.00,ft,Firm,Sand,Even,Even,Standard,Unknown,Wading,2026-06-26T16:20:30.298917+00:00,point_velocity,Upstream
05463500,POINT (-92.4632472222222 42.4077638888889),952dc357-b1a2-4f65-a24a-279399b68be3,USGS-05463500,4e6549f1-f0fc-ba0b-e053-0100007f338e,92,1958-07-15T23:15:00+00:00,Imported Channel 1,1160,ft^3/s,178,ft,935,ft^2,1.24,ft/s,,,Unspecified,Unspecified,Unspecified,Unspecified,Unspecified,Unknown,Unspecified,2026-06-26T16:20:30.298917+00:00,point_velocity,Unspecified
05463500,POINT (-92.4632472222222 42.4077638888889),955369d7-1152-47e9-b3c6-d509f3867918,USGS-05463500,4e654e7d-1ce6-bd93-e053-0100007ff562,177,1964-04-27T18:30:00+00:00,Imported Channel 1,113,ft^3/s,51.0,ft,74.4,ft^2,1.52,ft/s,,,Unspecified,Unspecified,Unspecified,Unspecified,Unspecified,Unknown,Unspecified,2026-06-26T16:20:30.298917+00:00,point_velocity,Unspecified
05463500,POINT (-92.4632472222222 42.4077638888889),9582cd56-bcdc-4036-8cd8-55ba46ac5f51,USGS-05463500,4e654ed8-985d-bd3a-e053-0100007febbb,229,1967-07-20T17:00:00+00:00,Imported Channel 1,58.7,ft^3/s,66.0,ft,49.5,ft^2,1.19,ft/s,,,Unspecified,Unspecified,Unspecified,Unspecified,Unspecified,Unknown,Unspecified,2026-06-26T16:20:30.298917+00:00,point_velocity,Unspecified
05463500,POINT (-92.4632472222222 42.4077638888889),95b0da1b-6f28-4305-b269-e51c5f9b5d7a,USGS-05463500,4e653c48-b128-b528-e053-0100007f3471,469,1990-07-11T13:35:00+00:00,Imported Channel 1,197,ft^3/s,75.0,ft,193,ft^2,1.02,ft/s,,,Unspecified,Unspecified,Unspecified,Unspecified,Unspecified,Unknown,BridgeCrane,2026-06-26T16:20:30.298917+00:00,point_velocity,Unspecified
05463500,POINT (-92.4632472222222 42.4077638888889),95b3aedd-d8cf-46a4-a069-c0ccfc36b787,USGS-05463500,0960a16c-a58d-40ca-a8ee-78342f434348,667,2020-02-25T00:00:45+00:00,Main,504,ft^3/s,98.3,ft,374,ft^2,1.35,ft/s,0.00,ft,Soft,SiltMud,Uneven,Even,Unknown,Steady,BridgeDownstreamSide,2026-06-26T16:20:30.298917+00:00,adcp,AtTheGage
05463500,POINT (-92.4632472222222 42.4077638888889),95ba2cce-ea1b-4fd5-ab76-533e53690d2b,USGS-05463500,4e6565af-710b-c7f0-e053-0100007f5794,400,1983-01-12T16:00:00+00:00,Imported Channel 1,107,ft^3/s,68.0,ft,89.3,ft^2,1.20,ft/s,,,Unspecified,Unspecified,Unspecified,Unspecified,Unspecified,Unknown,Unspecified,2026-06-26T16:20:30.298917+00:00,point_velocity,Unspecified
05463500,POINT (-92.4632472222222 42.4077638888889),965dfb65-a9fd-4935-856a-609a87d0dcb1,USGS-05463500,4e6554fe-6fb4-c0ef-e053-0100007fa61d,356,1978-06-20T20:15:00+00:00,Imported Channel 1,1060,ft^3/s,109,ft,569,ft^2,1.86,ft/s,,,Unspecified,Unspecified,Unspecified,Unspecified,Unspecified,Unknown,Unspecified,2026-06-26T16:20:30.298917+00:00,point_velocity,Unspecified
05463500,POINT (-92.4632472222222 42.4077638888889),9692cc30-a12d-4af3-add9-282c8cbe9b22,USGS-05463500,4e655bc0-f210-c4d7-e053-0100007fef37,306,1973-07-11T13:25:00+00:00,Imported Channel 1,268,ft^3/s,74.0,ft,200,ft^2,1.34,ft/s,,,Unspecified,Unspecified,Unspecified,Unspecified,Unspecified,Unknown,Unspecified,2026-06-26T16:20:30.298917+00:00,point_velocity,Unspecified
05463500,POINT (-92.4632472222222 42.4077638888889),9844e2d0-d3e1-42a0-8b70-c7b6e4efae60,USGS-05463500,bff8cd4b-4c24-443d-8bb0-d3c3023225ba,669,2020-06-09T14:35:08+00:00,Main,555,ft^3/s,96.8,ft,288,ft^2,1.93,ft/s,0.00,ft,Soft,Sand,Uneven,Even,NonStandard,Pulsating,BridgeDownstreamSide,2026-06-26T16:20:30.298917+00:00,adcp,AtTheGage
05463500,POINT (-92.4632472222222 42.4077638888889),987fca71-b1ca-4805-9616-872ac565d845,USGS-05463500,4e65468e-fcfb-ba03-e053-0100007f8646,196,1965-04-13T19:15:00+00:00,Imported Channel 1,228,ft^3/s,84.0,ft,241,ft^2,0.95,ft/s,,,Unspecified,Unspecified,Unspecified,Unspecified,Unspecified,Unknown,Unspecified,2026-06-26T16:20:30.298917+00:00,point_velocity,Unspecified
05463500,POINT (-92.4632472222222 42.4077638888889),9996b3bb-95d8-4652-bcff-d79c99bb437c,USGS-05463500,4e6535e8-3ea7-b0e0-e053-0100007ff514,164,1963-06-17T16:50:00+00:00,Imported Channel 1,32.2,ft^3/s,331,ft,29.9,ft^2,1.08,ft/s,,,Unspecified,Unspecified,Unspecified,Unspecified,Unspecified,Unknown,Unspecified,2026-06-26T16:20:30.298917+00:00,point_velocity,Unspecified
05463500,POINT (-92.4632472222222 42.4077638888889),99b7cf8c-c788-41f5-a307-d52b086ddd79,USGS-05463500,4e6535e8-3eb1-b0e0-e053-0100007ff514,261,1969-07-09T14:45:00+00:00,Imported Channel 1,11000,ft^3/s,372,ft,4110,ft^2,2.63,ft/s,,,Unspecified,Unspecified,Unspecified,Unspecified,Unspecified,Unknown,Unspecified,2026-06-26T16:20:30.298917+00:00,point_velocity,Unspecified
05463500,POINT (-92.4632472222222 42.4077638888889),9a157a4b-43b2-478f-8ebe-acc75e3b84ba,USGS-05463500,4e654b19-917c-bbab-e053-0100007fa64f,589,2010-05-04T19:41:00+00:00,Imported Channel 1,320,ft^3/s,91.7,ft,304,ft^2,1.05,ft/s,5.00,ft,Firm,Sand,Even,Even,Unspecified,Unknown,BridgeDownstreamSide,2026-06-26T16:20:30.298917+00:00,adcp,Upstream
05463500,POINT (-92.4632472222222 42.4077638888889),9aa784cb-7455-4d2f-b530-ba77ea969d43,USGS-05463500,4e652aea-68aa-ac38-e053-0100007f1103,12,1953-02-23T14:20:00+00:00,Imported Channel 1,498,ft^3/s,89.0,ft,404,ft^2,1.23,ft/s,,,Unspecified,Unspecified,Unspecified,Unspecified,Unspecified,Unknown,BridgeCrane,2026-06-26T16:20:30.298917+00:00,point_velocity,Unspecified
05463500,POINT (-92.4632472222222 42.4077638888889),9bbf9427-fa8c-464b-b5cc-bddaf4313170,USGS-05463500,4e6549d9-c1c6-ba07-e053-0100007f074f,478,1991-08-21T13:10:00+00:00,Imported Channel 1,31.8,ft^3/s,71.0,ft,110,ft^2,0.29,ft/s,,,Unspecified,Unspecified,Unspecified,Unspecified,Unspecified,Unknown,Wading,2026-06-26T16:20:30.298917+00:00,point_velocity,Unspecified
05463500,POINT (-92.4632472222222 42.4077638888889),9bff3115-0b36-43f0-aef1-03ca3af3948c,USGS-05463500,8f8a3250-8214-4b9e-ba69-27a9a2406eb4,687,2023-01-11T20:42:09+00:00,Main Channel,75.6,ft^3/s,68.0,ft,87.0,ft^2,0.87,ft/s,20.00,ft,Soft,Sand,Uneven,Uneven,Standard,Pulsating,Wading,2026-06-26T16:20:30.298917+00:00,point_velocity,Downstream
05463500,POINT (-92.4632472222222 42.4077638888889),9c3e2dea-daba-40d8-a3a0-519b79f53888,USGS-05463500,4e654300-d886-b83a-e053-0100007f20c9,54,1956-02-27T17:10:00+00:00,Imported Channel 1,4.45,ft^3/s,15.8,ft,5.64,ft^2,0.79,ft/s,,,Unspecified,Unspecified,Unspecified,Unspecified,Unspecified,Unknown,Wading,2026-06-26T16:20:30.298917+00:00,point_velocity,Unspecified
05463500,POINT (-92.4632472222222 42.4077638888889),9ce7bc31-0223-4eb0-b739-fb710dbc6f25,USGS-05463500,4e654baf-aa4b-bc41-e053-0100007f23d7,211,1966-03-28T18:10:00+00:00,Imported Channel 1,350,ft^3/s,81.0,ft,259,ft^2,1.35,ft/s,,,Unspecified,Unspecified,Unspecified,Unspecified,Unspecified,Unknown,Unspecified,2026-06-26T16:20:30.298917+00:00,point_velocity,Unspecified
05463500,POINT (-92.4632472222222 42.4077638888889),9cf1ef5a-51d0-4780-ac32-682bda66eeac,USGS-05463500,4e65439e-4021-b8e9-e053-0100007f7f3f,85,1958-02-03T17:10:00+00:00,Imported Channel 1,35.5,ft^3/s,46.0,ft,30.2,ft^2,1.18,ft/s,,,Unspecified,Unspecified,Unspecified,Unspecified,Unspecified,Unknown,Wading,2026-06-26T16:20:30.298917+00:00,point_velocity,Unspecified
05463500,POINT (-92.4632472222222 42.4077638888889),9d6a6b5c-4e3c-4a15-abb3-3a5e8491fa1e,USGS-05463500,5f3416f5-c9d4-477d-939b-f2cb4341749b,665,2019-11-26T22:41:36+00:00,Check,217,ft^3/s,91.0,ft,169,ft^2,1.28,ft/s,0.00,ft,Soft,SiltMud,Uneven,Even,NonStandard,Pulsating,BridgeDownstreamSide,2026-06-26T16:20:30.298917+00:00,adcp,AtTheGage
05463500,POINT (-92.4632472222222 42.4077638888889),9d74a356-6813-4731-882b-201ac4145d56,USGS-05463500,4e656510-fbe7-c92e-e053-0100007fbdeb,402,1983-04-04T19:15:00+00:00,Imported Channel 1,1370,ft^3/s,110,ft,673,ft^2,2.04,ft/s,,,Unspecified,Unspecified,Unspecified,Unspecified,Unspecified,Unknown,Unspecified,2026-06-26T16:20:30.298917+00:00,point_velocity,Unspecified
05463500,POINT (-92.4632472222222 42.4077638888889),9dc827d7-9766-4e13-aec2-4baf8212ed7c,USGS-05463500,4e656762-296b-ca62-e053-0100007fa308,621,2014-06-30T21:13:06+00:00,overflow,1320,ft^3/s,143,ft,1380,ft^2,0.96,ft/s,25.00,ft,Firm,Sand,Even,Even,Standard,Unknown,BridgeDownstreamSide,2026-06-26T16:20:30.298917+00:00,adcp,Downstream
05463500,POINT (-92.4632472222222 42.4077638888889),9e019cb0-1ebe-4d65-98a0-b3e1eb99ae4d,USGS-05463500,4e652b73-5f7e-ac30-e053-0100007f779a,48,1955-08-29T15:40:00+00:00,Imported Channel 1,6.31,ft^3/s,17.0,ft,8.82,ft^2,0.71,ft/s,,,Unspecified,Unspecified,Unspecified,Unspecified,Unspecified,Unknown,Wading,2026-06-26T16:20:30.298917+00:00,point_velocity,Unspecified
05463500,POINT (-92.4632472222222 42.4077638888889),9e0bfe16-9605-4287-bee6-df0d0da584b4,USGS-05463500,4e65471e-7cad-ba5b-e053-0100007f6a91,156,1962-10-01T17:50:00+00:00,Imported Channel 1,41.0,ft^3/s,32.0,ft,30.6,ft^2,1.34,ft/s,,,Unspecified,Unspecified,Unspecified,Unspecified,Unspecified,Unknown,Unspecified,2026-06-26T16:20:30.298917+00:00,point_velocity,Unspecified
05463500,POINT (-92.4632472222222 42.4077638888889),9e0c32f0-e728-4faf-8e10-7169a055f52d,USGS-05463500,4e65552a-2f62-c14c-e053-0100007fbee6,187,1964-11-30T21:55:00+00:00,Imported Channel 1,8.34,ft^3/s,18.0,ft,10.8,ft^2,0.94,ft/s,,,Unspecified,Unspecified,Unspecified,Unspecified,Unspecified,Unknown,Unspecified,2026-06-26T16:20:30.298917+00:00,point_velocity,Unspecified
05463500,POINT (-92.4632472222222 42.4077638888889),9e30c40c-4627-473d-a8fa-b6197978d8f4,USGS-05463500,4e655901-db56-c2ef-e053-0100007fd894,269,1970-02-18T16:25:00+00:00,Imported Channel 1,31.4,ft^3/s,54.0,ft,31.3,ft^2,1.00,ft/s,,,Unspecified,Unspecified,Unspecified,Unspecified,Unspecified,Unknown,Unspecified,2026-06-26T16:20:30.298917+00:00,point_velocity,Unspecified
05463500,POINT (-92.4632472222222 42.4077638888889),9ed47adc-7651-45c8-bf43-98224548ee36,USGS-05463500,4e6540ef-6a87-b488-e053-0100007f8c41,179,1964-05-13T19:25:00+00:00,Imported Channel 1,308,ft^3/s,64.0,ft,180,ft^2,1.71,ft/s,,,Unspecified,Unspecified,Unspecified,Unspecified,Unspecified,Unknown,Unspecified,2026-06-26T16:20:30.298917+00:00,point_velocity,Unspecified
05463500,POINT (-92.4632472222222 42.4077638888889),9f32c803-8a68-44b8-983c-f153ce4bf2b3,USGS-05463500,4e653a3c-d39e-b3b3-e053-0100007f2054,13,1953-03-30T14:35:00+00:00,Imported Channel 1,118,ft^3/s,92.0,ft,76.6,ft^2,1.54,ft/s,,,Unspecified,Unspecified,Unspecified,Unspecified,Unspecified,Unknown,Wading,2026-06-26T16:20:30.298917+00:00,point_velocity,Unspecified
05463500,POINT (-92.4632472222222 42.4077638888889),a02faa5f-769d-43cf-ba26-344dd9c9ee87,USGS-05463500,9ab7d104-a8ac-4194-9711-ac5e67352dd4,706,2025-11-24T16:29:09+00:00,Main,76.9,ft^3/s,60.0,ft,70.7,ft^2,1.09,ft/s,0.00,ft,Soft,Sand,Even,Uneven,Standard,Pulsating,Wading,2026-06-26T16:20:30.298917+00:00,point_velocity,AtTheGage
05463500,POINT (-92.4632472222222 42.4077638888889),a1077d01-ea14-4729-8078-cc4cd3ab4256,USGS-05463500,4e655be0-aeaf-c4d5-e053-0100007f2728,609,2012-11-01T21:43:00+00:00,Main Channel,14.6,ft^3/s,30.0,ft,19.8,ft^2,0.74,ft/s,40.00,ft,Firm,Sand,Even,Even,Standard,Unknown,Wading,2026-06-26T16:20:30.298917+00:00,point_velocity,Downstream
05463500,POINT (-92.4632472222222 42.4077638888889),a11d21b5-6ef2-4565-aa4d-0e6428735587,USGS-05463500,2d9e0581-18cc-47b5-a1ff-aae506d81ad9,684,2022-08-08T16:49:58+00:00,Main,72.8,ft^3/s,60.5,ft,59.6,ft^2,1.22,ft/s,60.00,ft,Firm,Sand,Uneven,Uneven,Unknown,Steady,Wading,2026-06-26T16:20:30.298917+00:00,point_velocity,Downstream
05463500,POINT (-92.4632472222222 42.4077638888889),a1554579-8156-433d-9c7c-672ef517229b,USGS-05463500,4e6558e6-5ade-c33f-e053-0100007fdd72,612,2013-05-22T16:48:00+00:00,Main Channel,1270,ft^3/s,99.8,ft,622,ft^2,2.04,ft/s,,ft,Unspecified,Sand,Even,Even,Standard,Unknown,BridgeDownstreamSide,2026-06-26T16:20:30.298917+00:00,adcp,AtTheGage
05463500,POINT (-92.4632472222222 42.4077638888889),a17953e8-59c0-4547-82e8-d91b71a8e8c4,USGS-05463500,4e654723-c5cf-ba2f-e053-0100007f3d30,417,1985-01-23T06:00:00+00:00,Imported Channel 1,46.1,ft^3/s,64.0,ft,64.0,ft^2,1.11,ft/s,,,Unspecified,Unspecified,Unspecified,Unspecified,Unspecified,Unknown,Ice,2026-06-26T16:20:30.298917+00:00,point_velocity,Unspecified
05463500,POINT (-92.4632472222222 42.4077638888889),a1d220bd-2df4-4ef3-9ed9-8c0a9b883932,USGS-05463500,4e6540ef-6ac1-b488-e053-0100007f8c41,396,1982-07-27T17:20:00+00:00,Imported Channel 1,161,ft^3/s,70.0,ft,151,ft^2,1.07,ft/s,,,Unspecified,Unspecified,Unspecified,Unspecified,Unspecified,Unknown,Unspecified,2026-06-26T16:20:30.298917+00:00,point_velocity,Unspecified
05463500,POINT (-92.4632472222222 42.4077638888889),a2b3e3bb-aede-4f11-8268-718ad6a437c0,USGS-05463500,4e655e4d-e949-c541-e053-0100007fc4f6,631,2015-10-14T13:17:10+00:00,main,124,ft^3/s,87.2,ft,226,ft^2,0.55,ft/s,20.00,ft,Firm,Sand,Uneven,Even,Standard,Unknown,BridgeDownstreamSide,2026-06-26T16:20:30.298917+00:00,adcp,Downstream
05463500,POINT (-92.4632472222222 42.4077638888889),a2b5c682-ab87-488c-8a28-792c8b148941,USGS-05463500,4e653c4f-b583-b259-e053-0100007f7239,76,1957-08-05T16:00:00+00:00,Imported Channel 1,100,ft^3/s,50.0,ft,74.2,ft^2,1.35,ft/s,,,Unspecified,Unspecified,Unspecified,Unspecified,Unspecified,Unknown,Wading,2026-06-26T16:20:30.298917+00:00,point_velocity,Unspecified
05463500,POINT (-92.4632472222222 42.4077638888889),a2d9e139-edd3-4c5e-a7b3-090d07c4b5f2,USGS-05463500,4e656762-296b-ca62-e053-0100007fa308,621,2014-06-30T21:13:06+00:00,main channel,4250,ft^3/s,132,ft,1430,ft^2,2.98,ft/s,25.00,ft,Firm,Sand,Even,Even,Uniform,Unknown,BridgeDownstreamSide,2026-06-26T16:20:30.298917+00:00,adcp,Downstream
05463500,POINT (-92.4632472222222 42.4077638888889),a3204b84-9d83-44ff-81cb-4612330aa654,USGS-05463500,7525f36c-e4cb-9ff2-e053-0100007f6e2f,654,2018-09-05T18:43:25+00:00,Overflow bridge/ Culvert,1860,ft^3/s,172,ft,1610,ft^2,1.09,ft/s,50.00,ft,Firm,SiltMud,Even,Even,NonStandard,Steady,BridgeUpstreamSide,2026-06-26T16:20:30.298917+00:00,adcp,Upstream
05463500,POINT (-92.4632472222222 42.4077638888889),a38979a6-6d99-4f23-b648-f287ae4fe347,USGS-05463500,4e653c9f-1ff1-b522-e053-0100007f54d8,458,1989-08-30T19:15:00+00:00,Imported Channel 1,1.56,ft^3/s,15.0,ft,2.28,ft^2,0.68,ft/s,,,Unspecified,Unspecified,Unspecified,Unspecified,Unspecified,Unknown,Wading,2026-06-26T16:20:30.298917+00:00,point_velocity,Unspecified
05463500,POINT (-92.4632472222222 42.4077638888889),a434eba4-83bc-438e-899e-6fd2a6c8f810,USGS-05463500,4e653f7a-ae38-b66a-e053-0100007f0998,33,1954-06-02T21:10:00+00:00,Imported Channel 1,1610,ft^3/s,178,ft,1080,ft^2,1.49,ft/s,,,Unspecified,Unspecified,Unspecified,Unspecified,Unspecified,Unknown,BridgeCrane,2026-06-26T16:20:30.298917+00:00,point_velocity,Unspecified
05463500,POINT (-92.4632472222222 42.4077638888889),a4b49e62-d5eb-4bc3-9b9a-51f9f92e45fa,USGS-05463500,4e655202-01a2-bf55-e053-0100007f57fd,382,1981-02-24T15:35:00+00:00,Imported Channel 1,47.0,ft^3/s,60.0,ft,82.3,ft^2,0.57,ft/s,,,Unspecified,Unspecified,Unspecified,Unspecified,Unspecified,Unknown,Unspecified,2026-06-26T16:20:30.298917+00:00,point_velocity,Unspecified
05463500,POINT (-92.4632472222222 42.4077638888889),a4fd9684-029e-4ce4-932b-49090b17f0b2,USGS-05463500,4e65319c-76ed-af90-e053-0100007f04f6,433,1986-09-18T05:00:00+00:00,Imported Channel 1,54.8,ft^3/s,70.0,ft,57.1,ft^2,0.96,ft/s,,,Unspecified,Unspecified,Unspecified,Unspecified,Unspecified,Unknown,Wading,2026-06-26T16:20:30.298917+00:00,point_velocity,Unspecified
05463500,POINT (-92.4632472222222 42.4077638888889),a4fef1dd-fa4d-4ba7-948e-f19f3a60d1ad,USGS-05463500,4e654749-13bf-ba05-e053-0100007fba13,206,1965-12-02T18:35:00+00:00,Imported Channel 1,194,ft^3/s,56.0,ft,150,ft^2,1.29,ft/s,,,Unspecified,Unspecified,Unspecified,Unspecified,Unspecified,Unknown,Unspecified,2026-06-26T16:20:30.298917+00:00,point_velocity,Unspecified
05463500,POINT (-92.4632472222222 42.4077638888889),a5bed6db-df94-411a-92d2-51021460b112,USGS-05463500,4e654002-3e29-b66d-e053-0100007ff524,29,1954-05-03T21:15:00+00:00,Imported Channel 1,733,ft^3/s,158,ft,629,ft^2,1.16,ft/s,,,Unspecified,Unspecified,Unspecified,Unspecified,Unspecified,Unknown,BridgeCrane,2026-06-26T16:20:30.298917+00:00,point_velocity,Unspecified
05463500,POINT (-92.4632472222222 42.4077638888889),a5dc245d-18de-44eb-a2f9-45c42f99809d,USGS-05463500,4e654a81-16c0-bbad-e053-0100007f82c7,267,1969-12-16T22:20:00+00:00,Imported Channel 1,36.1,ft^3/s,61.0,ft,38.0,ft^2,0.95,ft/s,,,Unspecified,Unspecified,Unspecified,Unspecified,Unspecified,Unknown,Unspecified,2026-06-26T16:20:30.298917+00:00,point_velocity,Unspecified
05463500,POINT (-92.4632472222222 42.4077638888889),a689bfc4-1023-441e-99a2-8d90ac6379ac,USGS-05463500,4e6540ef-6a95-b488-e053-0100007f8c41,221,1967-01-05T19:45:00+00:00,Imported Channel 1,17.5,ft^3/s,27.0,ft,23.5,ft^2,0.74,ft/s,,,Unspecified,Unspecified,Unspecified,Unspecified,Unspecified,Unknown,Unspecified,2026-06-26T16:20:30.298917+00:00,point_velocity,Unspecified
05463500,POINT (-92.4632472222222 42.4077638888889),a70d7f43-0ebe-437d-b954-befeed29746d,USGS-05463500,4e654a81-16ba-bbad-e053-0100007f82c7,100,1959-01-05T17:35:00+00:00,Imported Channel 1,20.2,ft^3/s,41.0,ft,19.6,ft^2,1.03,ft/s,,,Unspecified,Unspecified,Unspecified,Unspecified,Unspecified,Unknown,Unspecified,2026-06-26T16:20:30.298917+00:00,point_velocity,Unspecified
05463500,POINT (-92.4632472222222 42.4077638888889),a72ac77f-4275-4c10-b8d0-0a9ccb7358eb,USGS-05463500,4e65549d-8921-c0eb-e053-0100007f8f7c,323,1975-05-27T15:40:00+00:00,Imported Channel 1,149,ft^3/s,60.0,ft,102,ft^2,1.46,ft/s,,,Unspecified,Unspecified,Unspecified,Unspecified,Unspecified,Unknown,Unspecified,2026-06-26T16:20:30.298917+00:00,point_velocity,Unspecified
05463500,POINT (-92.4632472222222 42.4077638888889),a7eba991-d57d-4904-8647-a258488f85b7,USGS-05463500,4e653cac-3da5-b50a-e053-0100007f7072,37,1954-10-04T15:25:00+00:00,Imported Channel 1,132,ft^3/s,61.0,ft,88.2,ft^2,1.50,ft/s,,,Unspecified,Unspecified,Unspecified,Unspecified,Unspecified,Unknown,Wading,2026-06-26T16:20:30.298917+00:00,point_velocity,Unspecified
05463500,POINT (-92.4632472222222 42.4077638888889),a85453c3-9b8f-4ef2-83b6-1f9b546ee2ad,USGS-05463500,4e655cd7-1ac4-c545-e053-0100007f6e25,351,1978-02-22T17:15:00+00:00,Imported Channel 1,22.1,ft^3/s,46.0,ft,21.8,ft^2,1.01,ft/s,,,Unspecified,Unspecified,Unspecified,Unspecified,Unspecified,Unknown,Unspecified,2026-06-26T16:20:30.298917+00:00,point_velocity,Unspecified
05463500,POINT (-92.4632472222222 42.4077638888889),a86f5126-b4d0-4ddb-bca2-b81686039d71,USGS-05463500,4e6549d9-c1c3-ba07-e053-0100007f074f,475,1991-03-28T17:20:00+00:00,Imported Channel 1,1700,ft^3/s,172,ft,880,ft^2,1.93,ft/s,,,Unspecified,Unspecified,Unspecified,Unspecified,Unspecified,Unknown,BridgeCrane,2026-06-26T16:20:30.298917+00:00,point_velocity,Unspecified
05463500,POINT (-92.4632472222222 42.4077638888889),a873bf06-3923-45c5-bdb0-4268d3443e01,USGS-05463500,4e653d3d-e14d-b56c-e053-0100007f0324,22,1953-11-30T22:15:00+00:00,Imported Channel 1,17.0,ft^3/s,21.0,ft,13.9,ft^2,1.22,ft/s,,,Unspecified,Unspecified,Unspecified,Unspecified,Unspecified,Unknown,Wading,2026-06-26T16:20:30.298917+00:00,point_velocity,Unspecified
05463500,POINT (-92.4632472222222 42.4077638888889),a8910daa-faad-41a2-95f1-62f5fd2f4bf3,USGS-05463500,4e65512c-8f43-bd9d-e053-0100007f08a4,129,1960-12-05T16:25:00+00:00,Imported Channel 1,82.0,ft^3/s,65.0,ft,92.6,ft^2,0.88,ft/s,,,Unspecified,Unspecified,Unspecified,Unspecified,Unspecified,Unknown,Unspecified,2026-06-26T16:20:30.298917+00:00,point_velocity,Unspecified
05463500,POINT (-92.4632472222222 42.4077638888889),a8fc408c-459f-42c3-ac31-159db6802489,USGS-05463500,4e653472-0d2f-b0d1-e053-0100007ff18f,309,1973-11-12T18:20:00+00:00,Imported Channel 1,87.0,ft^3/s,63.0,ft,61.3,ft^2,1.42,ft/s,,,Unspecified,Unspecified,Unspecified,Unspecified,Unspecified,Unknown,Unspecified,2026-06-26T16:20:30.298917+00:00,point_velocity,Unspecified
05463500,POINT (-92.4632472222222 42.4077638888889),a9b3713e-7d04-4e93-81f2-c4fbef2614f5,USGS-05463500,4e656240-dab3-c786-e053-0100007fbb8f,637,2016-08-15T17:19:41+00:00,main,287,ft^3/s,94.4,ft,264,ft^2,1.09,ft/s,,ft,Firm,Sand,Uneven,Even,NonStandard,Unknown,BridgeDownstreamSide,2026-06-26T16:20:30.298917+00:00,adcp,AtTheGage
05463500,POINT (-92.4632472222222 42.4077638888889),a9c97919-8909-4b68-8fcb-7a8530ada2fd,USGS-05463500,4e65548d-c164-c0f3-e053-0100007f0a48,231,1967-09-19T15:10:00+00:00,Imported Channel 1,20.9,ft^3/s,38.0,ft,21.3,ft^2,0.98,ft/s,,,Unspecified,Unspecified,Unspecified,Unspecified,Unspecified,Unknown,Unspecified,2026-06-26T16:20:30.298917+00:00,point_velocity,Unspecified
05463500,POINT (-92.4632472222222 42.4077638888889),aa3e6b59-c648-4f11-8fae-97f004b91c9f,USGS-05463500,4e653cfe-9c9c-b4f8-e053-0100007f460e,473,1990-12-28T17:40:00+00:00,Imported Channel 1,57.8,ft^3/s,72.0,ft,115,ft^2,0.51,ft/s,,,Unspecified,Unspecified,Unspecified,Unspecified,Unspecified,Unknown,Ice,2026-06-26T16:20:30.298917+00:00,point_velocity,Unspecified
05463500,POINT (-92.4632472222222 42.4077638888889),aa6b0f50-e93b-4374-b962-2363a70eb473,USGS-05463500,4e6540ef-6a88-b488-e053-0100007f8c41,180,1964-06-08T16:00:00+00:00,Imported Channel 1,43.7,ft^3/s,42.0,ft,36.5,ft^2,1.20,ft/s,,,Unspecified,Unspecified,Unspecified,Unspecified,Unspecified,Unknown,Unspecified,2026-06-26T16:20:30.298917+00:00,point_velocity,Unspecified
05463500,POINT (-92.4632472222222 42.4077638888889),aab536c4-10fd-4e29-94f8-196b9d1e66db,USGS-05463500,4e655c03-c7d4-c4d3-e053-0100007f913a,630,2015-08-31T18:14:41+00:00,Hudson,2410,ft^3/s,108,ft,1120,ft^2,2.16,ft/s,,ft,Firm,Sand,Even,Even,Standard,Unknown,BridgeDownstreamSide,2026-06-26T16:20:30.298917+00:00,adcp,AtTheGage
05463500,POINT (-92.4632472222222 42.4077638888889),ab216585-c878-42cc-a24e-2656b3a02907,USGS-05463500,4e653c65-dd05-b508-e053-0100007f6e84,435,1987-01-13T20:20:00+00:00,Imported Channel 1,116,ft^3/s,71.0,ft,90.6,ft^2,1.28,ft/s,,,Unspecified,Unspecified,Unspecified,Unspecified,Unspecified,Unknown,Wading,2026-06-26T16:20:30.298917+00:00,point_velocity,Unspecified
05463500,POINT (-92.4632472222222 42.4077638888889),ab2feb62-765c-4d4d-b8aa-97e2180f7e70,USGS-05463500,4e6531e6-14a8-ad5a-e053-0100007fbbea,19,1953-09-21T14:20:00+00:00,Imported Channel 1,13.7,ft^3/s,22.0,ft,15.1,ft^2,0.00,ft/s,,,Unspecified,Unspecified,Unspecified,Unspecified,Unspecified,Unknown,Wading,2026-06-26T16:20:30.298917+00:00,point_velocity,Unspecified
05463500,POINT (-92.4632472222222 42.4077638888889),ab7dc16c-eb06-427f-99e6-7b6141a958b6,USGS-05463500,4e6536bf-4280-b1c1-e053-0100007f6f43,415,1984-10-17T05:00:00+00:00,Imported Channel 1,98.0,ft^3/s,66.0,ft,84.2,ft^2,1.17,ft/s,,,Unspecified,Unspecified,Unspecified,Unspecified,Unspecified,Unknown,Wading,2026-06-26T16:20:30.298917+00:00,point_velocity,Unspecified
05463500,POINT (-92.4632472222222 42.4077638888889),ab9636b6-59bb-420e-ab1b-822a53cdab06,USGS-05463500,4e653b1a-8fc8-b3b5-e053-0100007f05e7,170,1963-10-01T16:15:00+00:00,Imported Channel 1,17.8,ft^3/s,29.0,ft,18.5,ft^2,0.96,ft/s,,,Unspecified,Unspecified,Unspecified,Unspecified,Unspecified,Unknown,Unspecified,2026-06-26T16:20:30.298917+00:00,point_velocity,Unspecified
05463500,POINT (-92.4632472222222 42.4077638888889),aba08153-b786-4564-995c-d46bc9efc266,USGS-05463500,4e653f7c-5dd8-b64a-e053-0100007f79f3,241,1968-07-16T21:15:00+00:00,Imported Channel 1,23.8,ft^3/s,39.0,ft,21.1,ft^2,1.13,ft/s,,,Unspecified,Unspecified,Unspecified,Unspecified,Unspecified,Unknown,Unspecified,2026-06-26T16:20:30.298917+00:00,point_velocity,Unspecified
05463500,POINT (-92.4632472222222 42.4077638888889),ada12a1b-818e-40b0-a0e4-736efb7e7c42,USGS-05463500,4e652e3d-45e6-adb6-e053-0100007fb139,470,1990-08-08T13:30:00+00:00,Imported Channel 1,259,ft^3/s,88.0,ft,338,ft^2,0.77,ft/s,,,Unspecified,Unspecified,Unspecified,Unspecified,Unspecified,Unknown,BridgeCrane,2026-06-26T16:20:30.298917+00:00,point_velocity,Unspecified
05463500,POINT (-92.4632472222222 42.4077638888889),ae544931-54f7-447a-9934-3c50d099897c,USGS-05463500,4e653cb6-c962-b56a-e053-0100007fcc59,21,1953-11-02T15:00:00+00:00,Imported Channel 1,13.3,ft^3/s,21.0,ft,11.6,ft^2,1.14,ft/s,,,Unspecified,Unspecified,Unspecified,Unspecified,Unspecified,Unknown,Wading,2026-06-26T16:20:30.298917+00:00,point_velocity,Unspecified
05463500,POINT (-92.4632472222222 42.4077638888889),ae68792f-266b-4662-a8ed-810e84bee3cc,USGS-05463500,4e6536bf-4290-b1c1-e053-0100007f6f43,512,2000-11-15T19:30:00+00:00,Imported Channel 1,66.3,ft^3/s,84.0,ft,146,ft^2,0.45,ft/s,,,Unspecified,Unspecified,Unspecified,Unspecified,Unspecified,Unknown,Wading,2026-06-26T16:20:30.298917+00:00,point_velocity,Unspecified
05463500,POINT (-92.4632472222222 42.4077638888889),ae946c28-5864-4887-82f3-5a0058bf16f5,USGS-05463500,4e6546dd-e9ab-ba09-e053-0100007fe0de,519,2002-04-01T19:00:00+00:00,Imported Channel 1,48.3,ft^3/s,59.0,ft,54.2,ft^2,0.89,ft/s,,,Unspecified,Unspecified,Unspecified,Unspecified,Unspecified,Unknown,Wading,2026-06-26T16:20:30.298917+00:00,point_velocity,Unspecified
05463500,POINT (-92.4632472222222 42.4077638888889),aed9c0e3-ed40-4d27-bb06-219d5a615847,USGS-05463500,4e6565aa-7373-c95b-e053-0100007f9ef7,611,2013-03-26T17:23:00+00:00,Main Channel,268,ft^3/s,88.4,ft,208,ft^2,1.30,ft/s,,ft,Soft,SiltMud,Even,Even,Standard,Unknown,BridgeDownstreamSide,2026-06-26T16:20:30.298917+00:00,adcp,AtTheGage
05463500,POINT (-92.4632472222222 42.4077638888889),aef73aca-da92-4ce5-89bf-a6d2d355883c,USGS-05463500,4e653b1a-8fae-b3b5-e053-0100007f05e7,55,1956-03-30T20:45:00+00:00,Imported Channel 1,29.4,ft^3/s,48.0,ft,30.2,ft^2,0.97,ft/s,,,Unspecified,Unspecified,Unspecified,Unspecified,Unspecified,Unknown,Wading,2026-06-26T16:20:30.298917+00:00,point_velocity,Unspecified
05463500,POINT (-92.4632472222222 42.4077638888889),af074bda-690d-4468-8428-bbe94595b775,USGS-05463500,4e653486-da7f-b0d3-e053-0100007f45ff,3,1952-04-28T16:15:00+00:00,Imported Channel 1,176,ft^3/s,89.0,ft,110,ft^2,1.60,ft/s,,,Unspecified,Unspecified,Unspecified,Unspecified,Unspecified,Unknown,Wading,2026-06-26T16:20:30.298917+00:00,point_velocity,Unspecified
05463500,POINT (-92.4632472222222 42.4077638888889),af128cc7-b9c4-4d62-a59e-a3f1cbd8a649,USGS-05463500,4e653b7e-fd5f-b486-e053-0100007f6d12,105,1959-03-27T14:00:00+00:00,Imported Channel 1,6840,ft^3/s,200,ft,1780,ft^2,2.68,ft/s,,,Unspecified,Unspecified,Unspecified,Unspecified,Unspecified,Unknown,Unspecified,2026-06-26T16:20:30.298917+00:00,point_velocity,Unspecified
05463500,POINT (-92.4632472222222 42.4077638888889),af246f2b-815c-42ad-9e9d-ab54dce4cf61,USGS-05463500,4e6558b6-ea66-c341-e053-0100007f37b9,377,1980-07-28T14:50:00+00:00,Imported Channel 1,41.3,ft^3/s,47.0,ft,60.4,ft^2,0.68,ft/s,,,Unspecified,Unspecified,Unspecified,Unspecified,Unspecified,Unknown,Unspecified,2026-06-26T16:20:30.298917+00:00,point_velocity,Unspecified
05463500,POINT (-92.4632472222222 42.4077638888889),af5cf8d7-ecc4-4181-ab1c-2e08632772a7,USGS-05463500,fe1e9ab3-7668-42b4-ad09-63307194ec83,670,2020-06-11T17:07:21+00:00,Main,2000,ft^3/s,105,ft,828,ft^2,2.41,ft/s,15.00,ft,Soft,Sand,Uneven,Even,NonStandard,Pulsating,BridgeDownstreamSide,2026-06-26T16:20:30.298917+00:00,adcp,Upstream
05463500,POINT (-92.4632472222222 42.4077638888889),af6a288b-56e2-4288-a99c-8559c3a75b02,USGS-05463500,4e653d11-6571-b582-e053-0100007fde8e,6,1952-08-11T17:05:00+00:00,Imported Channel 1,28.9,ft^3/s,32.0,ft,19.9,ft^2,1.45,ft/s,,,Unspecified,Unspecified,Unspecified,Unspecified,Unspecified,Unknown,Wading,2026-06-26T16:20:30.298917+00:00,point_velocity,Unspecified
05463500,POINT (-92.4632472222222 42.4077638888889),af8e2ac3-99cd-481b-ae15-4ad29905ae36,USGS-05463500,4e65439e-4033-b8e9-e053-0100007f7f3f,149,1962-03-29T14:45:00+00:00,Imported Channel 1,3280,ft^3/s,352,ft,2770,ft^2,1.18,ft/s,,,Unspecified,Unspecified,Unspecified,Unspecified,Unspecified,Unknown,Unspecified,2026-06-26T16:20:30.298917+00:00,point_velocity,Unspecified
05463500,POINT (-92.4632472222222 42.4077638888889),afa33969-7fa9-4562-b364-ad562620aa61,USGS-05463500,4e654eee-cfd5-bd18-e053-0100007f1680,406,1983-10-04T16:00:00+00:00,Imported Channel 1,61.4,ft^3/s,50.0,ft,49.1,ft^2,1.24,ft/s,,,Unspecified,Unspecified,Unspecified,Unspecified,Unspecified,Unknown,Unspecified,2026-06-26T16:20:30.298917+00:00,point_velocity,Unspecified
05463500,POINT (-92.4632472222222 42.4077638888889),afd91090-74aa-4e11-843d-c6eb41503241,USGS-05463500,4e6548e7-85ce-bae8-e053-0100007f3ff2,556,2006-07-11T15:02:00+00:00,Imported Channel 1,72.0,ft^3/s,72.0,ft,83.8,ft^2,0.86,ft/s,,,Unspecified,Unspecified,Unspecified,Unspecified,Unspecified,Unknown,Wading,2026-06-26T16:20:30.298917+00:00,point_velocity,Unspecified
05463500,POINT (-92.4632472222222 42.4077638888889),b0373772-dda6-4efe-8ce9-2915ed47d672,USGS-05463500,4e654c19-9787-bc43-e053-0100007fc312,578,2009-01-27T14:30:00+00:00,Imported Channel 1,74.6,ft^3/s,59.0,ft,123,ft^2,0.61,ft/s,100.00,ft,Firm,Sand,Even,Even,Unspecified,Unknown,Wading,2026-06-26T16:20:30.298917+00:00,point_velocity,Upstream
05463500,POINT (-92.4632472222222 42.4077638888889),b09e2021-d52d-48ff-85ca-9e6189cb2d36,USGS-05463500,4e653d11-657c-b582-e053-0100007fde8e,40,1955-01-03T16:10:00+00:00,Imported Channel 1,38.0,ft^3/s,35.0,ft,33.6,ft^2,1.13,ft/s,,,Unspecified,Unspecified,Unspecified,Unspecified,Unspecified,Unknown,Ice,2026-06-26T16:20:30.298917+00:00,point_velocity,Unspecified
05463500,POINT (-92.4632472222222 42.4077638888889),b1719fb4-d156-414d-9732-f6bd1fedd5fe,USGS-05463500,4e6554fe-6f9c-c0ef-e053-0100007fa61d,255,1969-03-21T18:20:00+00:00,Imported Channel 1,2310,ft^3/s,189,ft,1260,ft^2,1.83,ft/s,,,Unspecified,Unspecified,Unspecified,Unspecified,Unspecified,Unknown,Unspecified,2026-06-26T16:20:30.298917+00:00,point_velocity,Unspecified
05463500,POINT (-92.4632472222222 42.4077638888889),b182a79d-d39b-446a-a31c-22ae3ed06242,USGS-05463500,4e655123-de6d-bf00-e053-0100007f9887,296,1972-05-18T12:25:00+00:00,Imported Channel 1,157,ft^3/s,46.0,ft,85.6,ft^2,1.83,ft/s,,,Unspecified,Unspecified,Unspecified,Unspecified,Unspecified,Unknown,Unspecified,2026-06-26T16:20:30.298917+00:00,point_velocity,Unspecified
05463500,POINT (-92.4632472222222 42.4077638888889),b23cc93c-07ec-4375-b85a-d773f543762a,USGS-05463500,a1c68e35-28b7-44e1-933c-4b4fc69038d0,702,2025-04-23T19:54:42+00:00,Main,751,ft^3/s,100,ft,427,ft^2,1.76,ft/s,5.00,ft,Soft,Sand,Uneven,Uneven,Standard,Pulsating,MannedMovingBoat,2026-06-26T16:20:30.298917+00:00,adcp,Downstream
05463500,POINT (-92.4632472222222 42.4077638888889),b3105695-b3b5-484e-8ec1-1f5ae18928c8,USGS-05463500,4e65468e-fced-ba03-e053-0100007f8646,591,2010-07-08T18:55:00+00:00,Imported Channel 1,3050,ft^3/s,239,ft,2020,ft^2,1.51,ft/s,,ft,Firm,Sand,Even,Even,Unspecified,Unknown,BridgeDownstreamSide,2026-06-26T16:20:30.298917+00:00,adcp,AtTheGage
05463500,POINT (-92.4632472222222 42.4077638888889),b34f0a90-e34e-4c15-b17e-713c8d1762ae,USGS-05463500,4e65563c-fea5-c133-e053-0100007fc46d,300,1972-09-21T16:15:00+00:00,Imported Channel 1,86.6,ft^3/s,38.0,ft,51.4,ft^2,1.68,ft/s,,,Unspecified,Unspecified,Unspecified,Unspecified,Unspecified,Unknown,Unspecified,2026-06-26T16:20:30.298917+00:00,point_velocity,Unspecified
05463500,POINT (-92.4632472222222 42.4077638888889),b3685c2d-36f8-4685-bf5c-1c37ff021431,USGS-05463500,4e654f90-f99a-bd9b-e053-0100007fa050,557,2006-08-21T20:34:00+00:00,Imported Channel 1,44.8,ft^3/s,60.0,ft,47.7,ft^2,0.94,ft/s,,,Unspecified,Unspecified,Unspecified,Unspecified,Unspecified,Unknown,Wading,2026-06-26T16:20:30.298917+00:00,point_velocity,Unspecified
05463500,POINT (-92.4632472222222 42.4077638888889),b38768e1-b776-4cf8-ab50-26623b6ae241,USGS-05463500,4e653cfe-9c92-b4f8-e053-0100007f460e,59,1956-07-31T19:45:00+00:00,Imported Channel 1,205,ft^3/s,101,ft,243,ft^2,0.84,ft/s,,,Unspecified,Unspecified,Unspecified,Unspecified,Unspecified,Unknown,Wading,2026-06-26T16:20:30.298917+00:00,point_velocity,Unspecified
05463500,POINT (-92.4632472222222 42.4077638888889),b452f4e8-de48-46a9-8b8b-0bcfe11a8269,USGS-05463500,4e65588a-b9d4-c2da-e053-0100007fa834,289,1971-09-02T13:05:00+00:00,Imported Channel 1,16.7,ft^3/s,21.0,ft,17.0,ft^2,0.98,ft/s,,,Unspecified,Unspecified,Unspecified,Unspecified,Unspecified,Unknown,Unspecified,2026-06-26T16:20:30.298917+00:00,point_velocity,Unspecified
05463500,POINT (-92.4632472222222 42.4077638888889),b4d13e8b-5cd1-448d-8a61-80ff028d3b6d,USGS-05463500,4e6540ef-6a80-b488-e053-0100007f8c41,595,2011-01-12T17:15:00+00:00,Imported Channel 1,90.0,ft^3/s,68.0,ft,79.9,ft^2,1.13,ft/s,100.00,ft,Firm,Sand,Unspecified,Even,Unspecified,Unknown,Wading,2026-06-26T16:20:30.298917+00:00,point_velocity,Downstream
05463500,POINT (-92.4632472222222 42.4077638888889),b57422df-f56f-4120-b7bf-59807ca67295,USGS-05463500,4e6535e8-3eee-b0e0-e053-0100007ff514,599,2011-07-06T15:40:00+00:00,main,200,ft^3/s,88.0,ft,141,ft^2,1.42,ft/s,0.00,ft,Soft,Sand,Uneven,Even,Standard,Unknown,Wading,2026-06-26T16:20:30.298917+00:00,point_velocity,Downstream
05463500,POINT (-92.4632472222222 42.4077638888889),b58b654c-621b-4e06-99ff-3c598635daa4,USGS-05463500,4e65658b-05af-c95d-e053-0100007f85d1,606,2012-06-11T16:17:00+00:00,Imported Channel 1,136,ft^3/s,80.0,ft,124,ft^2,1.10,ft/s,50.00,ft,Soft,Sand,Even,Even,Uniform,Unknown,Wading,2026-06-26T16:20:30.298917+00:00,point_velocity,Upstream
05463500,POINT (-92.4632472222222 42.4077638888889),b59301ca-2055-48e3-b2b3-d3bb3df73bc3,USGS-05463500,4e654045-6df3-b671-e053-0100007faac9,576,2008-10-21T13:16:00+00:00,Imported Channel 1,118,ft^3/s,75.9,ft,190,ft^2,0.56,ft/s,,ft,Firm,Sand,Even,Even,Unspecified,Unknown,BridgeDownstreamSide,2026-06-26T16:20:30.298917+00:00,adcp,AtTheGage
05463500,POINT (-92.4632472222222 42.4077638888889),b5c65466-8b66-4915-9a58-162f590e4af5,USGS-05463500,4e6546df-6436-ba29-e053-0100007f9a75,190,1965-02-02T21:35:00+00:00,Imported Channel 1,6.04,ft^3/s,14.0,ft,7.06,ft^2,0.86,ft/s,,,Unspecified,Unspecified,Unspecified,Unspecified,Unspecified,Unknown,Unspecified,2026-06-26T16:20:30.298917+00:00,point_velocity,Unspecified
05463500,POINT (-92.4632472222222 42.4077638888889),b5d6686a-8b19-4b3a-a9c8-dc78ff80aba8,USGS-05463500,4e653ffc-6f98-b697-e053-0100007f7944,224,1967-03-02T18:20:00+00:00,Imported Channel 1,33.6,ft^3/s,35.0,ft,30.3,ft^2,1.11,ft/s,,,Unspecified,Unspecified,Unspecified,Unspecified,Unspecified,Unknown,Unspecified,2026-06-26T16:20:30.298917+00:00,point_velocity,Unspecified
05463500,POINT (-92.4632472222222 42.4077638888889),b5de8e5c-455c-4428-9c7c-69b65ea472b0,USGS-05463500,4e656004-e0a3-c4a9-e053-0100007f5264,397,1982-09-14T18:05:00+00:00,Imported Channel 1,61.3,ft^3/s,62.0,ft,53.3,ft^2,1.15,ft/s,,,Unspecified,Unspecified,Unspecified,Unspecified,Unspecified,Unknown,Unspecified,2026-06-26T16:20:30.298917+00:00,point_velocity,Unspecified
05463500,POINT (-92.4632472222222 42.4077638888889),b5f4f2a1-3f66-4e61-8a38-44b5d4adbff6,USGS-05463500,4e655127-f5f9-bd97-e053-0100007f624f,212,1966-04-28T16:35:00+00:00,Imported Channel 1,169,ft^3/s,67.0,ft,104,ft^2,1.62,ft/s,,,Unspecified,Unspecified,Unspecified,Unspecified,Unspecified,Unknown,Unspecified,2026-06-26T16:20:30.298917+00:00,point_velocity,Unspecified
05463500,POINT (-92.4632472222222 42.4077638888889),b60d388e-0635-423a-9b13-f0d39872dbb0,USGS-05463500,4e6547b6-a0ea-ba7d-e053-0100007ff437,490,1993-05-26T18:40:00+00:00,Imported Channel 1,337,ft^3/s,94.0,ft,416,ft^2,0.81,ft/s,,,Unspecified,Unspecified,Unspecified,Unspecified,Unspecified,Unknown,BridgeCrane,2026-06-26T16:20:30.298917+00:00,point_velocity,Unspecified
05463500,POINT (-92.4632472222222 42.4077638888889),b6d1be34-d93a-4298-9d34-13e11b70d1fb,USGS-05463500,4e6543ca-908a-b866-e053-0100007fc6fc,254,1969-03-18T17:50:00+00:00,Imported Channel 1,1370,ft^3/s,167,ft,973,ft^2,1.41,ft/s,,,Unspecified,Unspecified,Unspecified,Unspecified,Unspecified,Unknown,Unspecified,2026-06-26T16:20:30.298917+00:00,point_velocity,Unspecified
05463500,POINT (-92.4632472222222 42.4077638888889),b6d6ed47-f5a7-4689-b1a6-10b04cbfc683,USGS-05463500,4e655202-0184-bf55-e053-0100007f57fd,133,1961-02-23T21:25:00+00:00,Imported Channel 1,2790,ft^3/s,186,ft,1390,ft^2,2.00,ft/s,,,Unspecified,Unspecified,Unspecified,Unspecified,Unspecified,Unknown,Unspecified,2026-06-26T16:20:30.298917+00:00,point_velocity,Unspecified
05463500,POINT (-92.4632472222222 42.4077638888889),b7ef930d-ffe4-402f-9454-bcf810f334c6,USGS-05463500,4e6543a9-7184-b868-e053-0100007f6126,268,1970-01-23T16:40:00+00:00,Imported Channel 1,22.6,ft^3/s,57.0,ft,40.9,ft^2,0.55,ft/s,,,Unspecified,Unspecified,Unspecified,Unspecified,Unspecified,Unknown,Unspecified,2026-06-26T16:20:30.298917+00:00,point_velocity,Unspecified
05463500,POINT (-92.4632472222222 42.4077638888889),b8683b9d-1aaf-46ee-bb97-eafb66f4217a,USGS-05463500,4e6567e0-68bc-caef-e053-0100007fbe88,614,2013-07-09T13:55:00+00:00,Imported Channel 1,247,ft^3/s,87.1,ft,274,ft^2,0.90,ft/s,10.00,ft,Soft,Sand,Even,Even,Uniform,Unknown,BridgeDownstreamSide,2026-06-26T16:20:30.298917+00:00,adcp,Upstream
05463500,POINT (-92.4632472222222 42.4077638888889),b8e6c477-8505-4d47-9bf3-6c72481c66f2,USGS-05463500,4e654dd6-5c55-bd41-e053-0100007fdd97,564,2007-04-25T18:49:00+00:00,Imported Channel 1,1100,ft^3/s,85.0,ft,535,ft^2,2.06,ft/s,,ft,Unspecified,Unspecified,Unspecified,Unspecified,Unspecified,Unknown,Unspecified,2026-06-26T16:20:30.298917+00:00,adcp,Unspecified
05463500,POINT (-92.4632472222222 42.4077638888889),b8ea1f22-5f79-461a-8bf0-485f48f0ae56,USGS-05463500,4e653f7c-5dc1-b64a-e053-0100007f79f3,1,1952-02-19T16:50:00+00:00,Imported Channel 1,152,ft^3/s,85.0,ft,157,ft^2,0.97,ft/s,,,Unspecified,Unspecified,Unspecified,Unspecified,Unspecified,Unknown,Wading,2026-06-26T16:20:30.298917+00:00,point_velocity,Unspecified
05463500,POINT (-92.4632472222222 42.4077638888889),b90e1c41-96aa-4d49-b41e-ea2fd7e1864b,USGS-05463500,28c9b902-ca71-49cb-b2fb-278a719cfc45,666,2020-01-14T22:00:01+00:00,Main,171,ft^3/s,70.0,ft,165,ft^2,1.03,ft/s,300.00,ft,Soft,Sand,Uneven,Even,Unknown,Steady,Wading,2026-06-26T16:20:30.298917+00:00,point_velocity,Upstream
05463500,POINT (-92.4632472222222 42.4077638888889),b950202a-0ee7-4045-90b8-02a1fba93fb7,USGS-05463500,4e6538e6-2ee2-b2bd-e053-0100007ff694,38,1954-11-01T16:10:00+00:00,Imported Channel 1,98.1,ft^3/s,66.0,ft,66.8,ft^2,1.47,ft/s,,,Unspecified,Unspecified,Unspecified,Unspecified,Unspecified,Unknown,Wading,2026-06-26T16:20:30.298917+00:00,point_velocity,Unspecified
05463500,POINT (-92.4632472222222 42.4077638888889),b9933f9b-b77e-4c21-b494-1cc9c7b3f931,USGS-05463500,4e655494-2abf-c0e5-e053-0100007f50b4,173,1964-01-13T20:10:00+00:00,Imported Channel 1,7.84,ft^3/s,29.0,ft,10.5,ft^2,0.75,ft/s,,,Unspecified,Unspecified,Unspecified,Unspecified,Unspecified,Unknown,Unspecified,2026-06-26T16:20:30.298917+00:00,point_velocity,Unspecified
05463500,POINT (-92.4632472222222 42.4077638888889),ba0107a5-2a77-495a-9ecf-121160592315,USGS-05463500,4e65471e-7ca9-ba5b-e053-0100007f6a91,147,1962-03-06T18:20:00+00:00,Imported Channel 1,72.3,ft^3/s,49.0,ft,46.6,ft^2,1.55,ft/s,,,Unspecified,Unspecified,Unspecified,Unspecified,Unspecified,Unknown,Unspecified,2026-06-26T16:20:30.298917+00:00,point_velocity,Unspecified
05463500,POINT (-92.4632472222222 42.4077638888889),bb2aa5bf-8c15-424c-b1e6-5fc58beeeaa3,USGS-05463500,4e65563c-fea8-c133-e053-0100007fc46d,312,1974-03-13T13:10:00+00:00,Imported Channel 1,368,ft^3/s,89.0,ft,238,ft^2,1.54,ft/s,,,Unspecified,Unspecified,Unspecified,Unspecified,Unspecified,Unknown,Unspecified,2026-06-26T16:20:30.298917+00:00,point_velocity,Unspecified
05463500,POINT (-92.4632472222222 42.4077638888889),bb736e23-f267-4fcb-a18f-8f8da5144b6b,USGS-05463500,4e65563c-fea6-c133-e053-0100007fc46d,302,1973-02-02T15:45:00+00:00,Imported Channel 1,4650,ft^3/s,350,ft,1870,ft^2,2.49,ft/s,,,Unspecified,Unspecified,Unspecified,Unspecified,Unspecified,Unknown,Unspecified,2026-06-26T16:20:30.298917+00:00,point_velocity,Unspecified
05463500,POINT (-92.4632472222222 42.4077638888889),bc09efa9-74ac-4b17-9b4e-8e8f1de9fe52,USGS-05463500,b084c892-c816-4309-a2b0-f35ca2180bf3,686,2022-11-15T21:57:14+00:00,MAIN,37.2,ft^3/s,31.0,ft,30.7,ft^2,1.21,ft/s,,,Unspecified,Unspecified,Unspecified,Unspecified,Unspecified,Unspecified,Wading,2026-06-26T16:20:30.298917+00:00,point_velocity,Unspecified
05463500,POINT (-92.4632472222222 42.4077638888889),bc439908-6864-4782-ae2b-c2fdd76790be,USGS-05463500,4e65474f-a331-ba59-e053-0100007f0af6,531,2003-07-22T16:10:00+00:00,Imported Channel 1,129,ft^3/s,70.0,ft,105,ft^2,1.23,ft/s,,,Unspecified,Unspecified,Unspecified,Unspecified,Unspecified,Unknown,Wading,2026-06-26T16:20:30.298917+00:00,point_velocity,Unspecified
05463500,POINT (-92.4632472222222 42.4077638888889),bc593eae-0743-454a-85d4-1cf3b1e1a514,USGS-05463500,4e6536bf-427e-b1c1-e053-0100007f6f43,86,1958-03-03T16:20:00+00:00,Imported Channel 1,96.1,ft^3/s,59.0,ft,64.6,ft^2,1.49,ft/s,,,Unspecified,Unspecified,Unspecified,Unspecified,Unspecified,Unknown,Wading,2026-06-26T16:20:30.298917+00:00,point_velocity,Unspecified
05463500,POINT (-92.4632472222222 42.4077638888889),bc7caeb0-f51f-49e9-ab2d-d628f903ab50,USGS-05463500,4e653fac-481e-b65e-e053-0100007f5d2b,487,1993-02-03T18:00:00+00:00,Imported Channel 1,107,ft^3/s,74.0,ft,112,ft^2,0.96,ft/s,,,Unspecified,Unspecified,Unspecified,Unspecified,Unspecified,Unknown,Ice,2026-06-26T16:20:30.298917+00:00,point_velocity,Unspecified
05463500,POINT (-92.4632472222222 42.4077638888889),bcdfea91-39b9-423f-9c08-205e4ef689c0,USGS-05463500,b32ec190-2a94-4c49-a897-8881f90ba6d6,691,2023-08-31T19:35:12+00:00,Main Channel,11.4,ft^3/s,35.0,ft,32.3,ft^2,0.35,ft/s,0.00,ft,Soft,SiltMud,Uneven,Uneven,Standard,Steady,Wading,2026-06-26T16:20:30.298917+00:00,point_velocity,AtTheGage
05463500,POINT (-92.4632472222222 42.4077638888889),bd2c5eb1-7cec-4ef1-80cc-d441b2c1495d,USGS-05463500,4e653fbc-a547-b662-e053-0100007f27ba,264,1969-09-16T21:10:00+00:00,Imported Channel 1,62.1,ft^3/s,64.0,ft,57.6,ft^2,1.11,ft/s,,,Unspecified,Unspecified,Unspecified,Unspecified,Unspecified,Unknown,Unspecified,2026-06-26T16:20:30.298917+00:00,point_velocity,Unspecified
05463500,POINT (-92.4632472222222 42.4077638888889),bd8338a3-592a-4e1d-8f4c-2cf704be876d,USGS-05463500,4e6551b5-d171-bf57-e053-0100007f3c2d,213,1966-05-24T20:05:00+00:00,Imported Channel 1,641,ft^3/s,89.0,ft,340,ft^2,1.89,ft/s,,,Unspecified,Unspecified,Unspecified,Unspecified,Unspecified,Unknown,Unspecified,2026-06-26T16:20:30.298917+00:00,point_velocity,Unspecified
05463500,POINT (-92.4632472222222 42.4077638888889),bd97a440-383d-4730-894d-843ee19228e1,USGS-05463500,4e654723-c5e1-ba2f-e053-0100007f3d30,94,1958-07-18T17:00:00+00:00,Imported Channel 1,458,ft^3/s,103,ft,302,ft^2,1.52,ft/s,,,Unspecified,Unspecified,Unspecified,Unspecified,Unspecified,Unknown,Unspecified,2026-06-26T16:20:30.298917+00:00,point_velocity,Unspecified
05463500,POINT (-92.4632472222222 42.4077638888889),bdc87b2a-c819-4518-9025-d97aacc3897d,USGS-05463500,4e65590b-51f9-c347-e053-0100007fed97,234,1967-12-15T19:25:00+00:00,Imported Channel 1,22.0,ft^3/s,32.0,ft,25.1,ft^2,0.88,ft/s,,,Unspecified,Unspecified,Unspecified,Unspecified,Unspecified,Unknown,Unspecified,2026-06-26T16:20:30.298917+00:00,point_velocity,Unspecified
05463500,POINT (-92.4632472222222 42.4077638888889),bdd31bef-9909-4be6-80ec-421b5fa54bac,USGS-05463500,4e654e36-0485-bd14-e053-0100007fa67f,541,2004-10-06T13:30:00+00:00,Imported Channel 1,25.1,ft^3/s,51.0,ft,31.3,ft^2,0.80,ft/s,,,Unspecified,Unspecified,Unspecified,Unspecified,Unspecified,Unknown,Wading,2026-06-26T16:20:30.298917+00:00,point_velocity,Unspecified
05463500,POINT (-92.4632472222222 42.4077638888889),be12ac13-9d12-4591-95bd-2c1193207558,USGS-05463500,4e653c48-b131-b528-e053-0100007f3471,527,2003-02-27T23:20:00+00:00,Imported Channel 1,19.0,ft^3/s,35.0,ft,33.3,ft^2,0.57,ft/s,,,Unspecified,Unspecified,Unspecified,Unspecified,Unspecified,Unknown,Ice,2026-06-26T16:20:30.298917+00:00,point_velocity,Unspecified
05463500,POINT (-92.4632472222222 42.4077638888889),be2f92c2-d5c3-43cf-a7e2-e29cd31a4a7f,USGS-05463500,4e6535e8-3ea4-b0e0-e053-0100007ff514,144,1961-12-04T18:10:00+00:00,Imported Channel 1,208,ft^3/s,68.0,ft,130,ft^2,1.60,ft/s,,,Unspecified,Unspecified,Unspecified,Unspecified,Unspecified,Unknown,Unspecified,2026-06-26T16:20:30.298917+00:00,point_velocity,Unspecified
05463500,POINT (-92.4632472222222 42.4077638888889),beaae31e-0ac1-43fd-8922-4a76a25b5005,USGS-05463500,4e6549f1-f111-ba0b-e053-0100007f338e,128,1960-10-31T17:30:00+00:00,Imported Channel 1,142,ft^3/s,55.0,ft,154,ft^2,0.92,ft/s,,,Unspecified,Unspecified,Unspecified,Unspecified,Unspecified,Unknown,Unspecified,2026-06-26T16:20:30.298917+00:00,point_velocity,Unspecified
05463500,POINT (-92.4632472222222 42.4077638888889),befd67a6-bed1-4b16-97b7-bf090977eed6,USGS-05463500,4e653b4a-79aa-b428-e053-0100007fe74f,535,2004-01-21T13:55:00+00:00,Imported Channel 1,16.0,ft^3/s,38.0,ft,27.5,ft^2,0.58,ft/s,,,Unspecified,Unspecified,Unspecified,Unspecified,Unspecified,Unknown,Ice,2026-06-26T16:20:30.298917+00:00,point_velocity,Unspecified
05463500,POINT (-92.4632472222222 42.4077638888889),bf2740b9-90f6-44e4-915c-cc9fae0d8013,USGS-05463500,4e655e4d-e94b-c541-e053-0100007fc4f6,635,2016-05-11T19:00:53+00:00,Main,327,ft^3/s,98.2,ft,298,ft^2,1.10,ft/s,20.00,ft,Firm,SiltMud,Uneven,Uneven,Standard,Unknown,BridgeDownstreamSide,2026-06-26T16:20:30.298917+00:00,adcp,Upstream
05463500,POINT (-92.4632472222222 42.4077638888889),bf4bc835-be6d-4070-b371-c02e4277b12f,USGS-05463500,4e6538e6-2ee3-b2bd-e053-0100007ff694,52,1956-01-03T17:00:00+00:00,Imported Channel 1,2.82,ft^3/s,18.0,ft,4.69,ft^2,0.60,ft/s,,,Unspecified,Unspecified,Unspecified,Unspecified,Unspecified,Unknown,Wading,2026-06-26T16:20:30.298917+00:00,point_velocity,Unspecified
05463500,POINT (-92.4632472222222 42.4077638888889),bf864b59-6fe3-4adb-b7bd-dcab21ea9ce6,USGS-05463500,53a9d7dc-daa0-57f6-e053-0100007f2c9b,643,2017-07-06T14:10:00+00:00,main,192,ft^3/s,90.0,ft,138,ft^2,1.39,ft/s,0.00,ft,Firm,Sand,Uneven,Uneven,Standard,Steady,Wading,2026-06-26T16:20:30.298917+00:00,point_velocity,AtTheGage
05463500,POINT (-92.4632472222222 42.4077638888889),bfaf729f-5648-40cf-b1d7-fbb289e7b6c8,USGS-05463500,4e65468e-fd0b-ba03-e053-0100007f8646,284,1971-05-05T16:20:00+00:00,Imported Channel 1,92.4,ft^3/s,41.0,ft,52.9,ft^2,1.75,ft/s,,,Unspecified,Unspecified,Unspecified,Unspecified,Unspecified,Unknown,Unspecified,2026-06-26T16:20:30.298917+00:00,point_velocity,Unspecified
05463500,POINT (-92.4632472222222 42.4077638888889),bfb084ae-6c1d-4df3-81ee-8362f3bdd313,USGS-05463500,4e65439e-404b-b8e9-e053-0100007f7f3f,237,1968-03-20T18:00:00+00:00,Imported Channel 1,41.4,ft^3/s,63.0,ft,43.6,ft^2,0.95,ft/s,,,Unspecified,Unspecified,Unspecified,Unspecified,Unspecified,Unknown,Unspecified,2026-06-26T16:20:30.298917+00:00,point_velocity,Unspecified
05463500,POINT (-92.4632472222222 42.4077638888889),c04cb793-cf3d-4988-95cc-ebeded6b5fc7,USGS-05463500,4e6546dd-e9b2-ba09-e053-0100007fe0de,550,2005-10-05T17:15:00+00:00,Imported Channel 1,22.8,ft^3/s,46.0,ft,38.2,ft^2,0.60,ft/s,,,Unspecified,Unspecified,Unspecified,Unspecified,Unspecified,Unknown,Wading,2026-06-26T16:20:30.298917+00:00,point_velocity,Unspecified
05463500,POINT (-92.4632472222222 42.4077638888889),c0965257-6f0d-4742-a5bb-7b042d064e54,USGS-05463500,4e6543a9-716e-b868-e053-0100007f6126,582,2009-06-11T14:17:00+00:00,Imported Channel 1,474,ft^3/s,93.6,ft,418,ft^2,1.14,ft/s,10.00,ft,Unspecified,Unspecified,Unspecified,Even,Unspecified,Unknown,MannedMovingBoat,2026-06-26T16:20:30.298917+00:00,adcp,Downstream
05463500,POINT (-92.4632472222222 42.4077638888889),c11bd6d8-e654-44f8-b52c-683a32dd4864,USGS-05463500,4e653643-1419-b13c-e053-0100007f8cd6,200,1965-07-12T16:15:00+00:00,Imported Channel 1,397,ft^3/s,85.0,ft,339,ft^2,1.17,ft/s,,,Unspecified,Unspecified,Unspecified,Unspecified,Unspecified,Unknown,Unspecified,2026-06-26T16:20:30.298917+00:00,point_velocity,Unspecified
05463500,POINT (-92.4632472222222 42.4077638888889),c13f1b79-baea-4e51-a244-e7fc91f1aa53,USGS-05463500,4e653883-2943-b28d-e053-0100007f4ef8,569,2007-11-21T19:27:00+00:00,Imported Channel 1,199,ft^3/s,83.0,ft,165,ft^2,1.20,ft/s,,,Unspecified,Unspecified,Unspecified,Unspecified,Unspecified,Unknown,Wading,2026-06-26T16:20:30.298917+00:00,point_velocity,Unspecified
05463500,POINT (-92.4632472222222 42.4077638888889),c16b8f8b-8716-482e-a4dc-daa70768f27f,USGS-05463500,4e6546a0-c03c-b9fb-e053-0100007f0319,202,1965-09-07T18:50:00+00:00,Imported Channel 1,210,ft^3/s,73.0,ft,214,ft^2,1.05,ft/s,,,Unspecified,Unspecified,Unspecified,Unspecified,Unspecified,Unknown,Unspecified,2026-06-26T16:20:30.298917+00:00,point_velocity,Unspecified
05463500,POINT (-92.4632472222222 42.4077638888889),c1c2914b-b3b1-4c14-8ffe-1c33030cb1c1,USGS-05463500,4e653ffc-6f94-b697-e053-0100007f7944,207,1966-01-06T21:25:00+00:00,Imported Channel 1,211,ft^3/s,69.0,ft,171,ft^2,1.23,ft/s,,,Unspecified,Unspecified,Unspecified,Unspecified,Unspecified,Unknown,Unspecified,2026-06-26T16:20:30.298917+00:00,point_velocity,Unspecified
05463500,POINT (-92.4632472222222 42.4077638888889),c1c7c2c6-9c33-4cbd-b941-e20937cc8ce8,USGS-05463500,4e653f7c-5dde-b64a-e053-0100007f79f3,319,1974-12-12T15:05:00+00:00,Imported Channel 1,122,ft^3/s,73.0,ft,128,ft^2,0.95,ft/s,,,Unspecified,Unspecified,Unspecified,Unspecified,Unspecified,Unknown,Unspecified,2026-06-26T16:20:30.298917+00:00,point_velocity,Unspecified
05463500,POINT (-92.4632472222222 42.4077638888889),c1d5f9f7-e4ba-419d-b7b7-965aa9690f36,USGS-05463500,4e653ffc-6f7d-b697-e053-0100007f7944,580,2009-03-10T14:53:00+00:00,Overflow Channel,116,ft^3/s,,ft,,ft^2,,ft/s,,ft,Unspecified,Unspecified,Unspecified,Even,Unspecified,Unknown,Unspecified,2026-06-26T16:20:30.298917+00:00,adcp,Unspecified
05463500,POINT (-92.4632472222222 42.4077638888889),c26d5f92-2be0-42a3-9831-fd060efa42a0,USGS-05463500,4e65319c-76df-af90-e053-0100007f04f6,39,1954-11-29T15:40:00+00:00,Imported Channel 1,31.2,ft^3/s,56.0,ft,39.6,ft^2,0.79,ft/s,,,Unspecified,Unspecified,Unspecified,Unspecified,Unspecified,Unknown,Wading,2026-06-26T16:20:30.298917+00:00,point_velocity,Unspecified
05463500,POINT (-92.4632472222222 42.4077638888889),c2917b85-f13c-4e04-a8f1-ecb01adc77c1,USGS-05463500,4e6540ef-6a83-b488-e053-0100007f8c41,600,2011-08-16T13:19:00+00:00,Imported Channel 1,60.8,ft^3/s,76.0,ft,61.2,ft^2,1.00,ft/s,75.00,ft,Soft,Sand,Uneven,Even,Standard,Unknown,Wading,2026-06-26T16:20:30.298917+00:00,point_velocity,Upstream
05463500,POINT (-92.4632472222222 42.4077638888889),c297a9c5-a2a8-46ae-ab9f-c88b7110628d,USGS-05463500,4e6543a9-7168-b868-e053-0100007f6126,565,2007-06-05T22:20:00+00:00,Imported Channel 1,642,ft^3/s,77.4,ft,361,ft^2,1.78,ft/s,,ft,Unspecified,Unspecified,Unspecified,Unspecified,Unspecified,Unknown,Unspecified,2026-06-26T16:20:30.298917+00:00,adcp,Unspecified
05463500,POINT (-92.4632472222222 42.4077638888889),c320b342-d0a0-418e-ac42-e4f2217c0b15,USGS-05463500,4e653c4f-b588-b259-e053-0100007f7239,444,1987-12-17T20:10:00+00:00,Imported Channel 1,130,ft^3/s,72.0,ft,128,ft^2,1.02,ft/s,,,Unspecified,Unspecified,Unspecified,Unspecified,Unspecified,Unknown,Wading,2026-06-26T16:20:30.298917+00:00,point_velocity,Unspecified
05463500,POINT (-92.4632472222222 42.4077638888889),c32da2f8-872a-4fd9-9de0-1092118a70ec,USGS-05463500,4e654e2f-2ed2-bd5b-e053-0100007f5551,568,2007-10-10T16:12:00+00:00,Imported Channel 1,1110,ft^3/s,78.9,ft,514,ft^2,2.16,ft/s,,ft,Unspecified,Unspecified,Unspecified,Unspecified,Unspecified,Unknown,Unspecified,2026-06-26T16:20:30.298917+00:00,adcp,Unspecified
05463500,POINT (-92.4632472222222 42.4077638888889),c40b0f0c-03eb-437f-9caa-fc4955cdc5b4,USGS-05463500,4e653fc4-86b3-b648-e053-0100007f877a,573,2008-05-07T23:28:00+00:00,Imported Channel 1,1120,ft^3/s,105,ft,806,ft^2,1.39,ft/s,,ft,Unspecified,Unspecified,Unspecified,Unspecified,Unspecified,Unknown,Unspecified,2026-06-26T16:20:30.298917+00:00,adcp,Unspecified
05463500,POINT (-92.4632472222222 42.4077638888889),c42552bd-c0df-4638-8be6-9066e2c6bf22,USGS-05463500,4e6558b6-ea5a-c341-e053-0100007f37b9,350,1978-01-17T16:55:00+00:00,Imported Channel 1,42.6,ft^3/s,46.0,ft,65.1,ft^2,0.65,ft/s,,,Unspecified,Unspecified,Unspecified,Unspecified,Unspecified,Unknown,Unspecified,2026-06-26T16:20:30.298917+00:00,point_velocity,Unspecified
05463500,POINT (-92.4632472222222 42.4077638888889),c42a9201-8888-4589-bc65-c962c458f8a5,USGS-05463500,4e655cb7-2911-c4c7-e053-0100007f189c,272,1970-04-14T19:25:00+00:00,Imported Channel 1,116,ft^3/s,41.0,ft,58.1,ft^2,2.00,ft/s,,,Unspecified,Unspecified,Unspecified,Unspecified,Unspecified,Unknown,Unspecified,2026-06-26T16:20:30.298917+00:00,point_velocity,Unspecified
05463500,POINT (-92.4632472222222 42.4077638888889),c518a60f-26de-4ce9-bb62-bf805ae4fa29,USGS-05463500,4e6543b8-0e8b-b8e7-e053-0100007f06fe,299,1972-08-10T13:00:00+00:00,Imported Channel 1,429,ft^3/s,89.0,ft,302,ft^2,1.42,ft/s,,,Unspecified,Unspecified,Unspecified,Unspecified,Unspecified,Unknown,Unspecified,2026-06-26T16:20:30.298917+00:00,point_velocity,Unspecified
05463500,POINT (-92.4632472222222 42.4077638888889),c5503fb4-1b8a-48c5-9824-df4ee0cbe7bf,USGS-05463500,4e6546dd-e9b5-ba09-e053-0100007fe0de,552,2006-01-10T16:13:00+00:00,Imported Channel 1,48.7,ft^3/s,77.0,ft,85.4,ft^2,0.57,ft/s,,,Unspecified,Unspecified,Unspecified,Unspecified,Unspecified,Unknown,Wading,2026-06-26T16:20:30.298917+00:00,point_velocity,Unspecified
05463500,POINT (-92.4632472222222 42.4077638888889),c5aa809b-fa8e-4459-95ef-6e6fca7714fd,USGS-05463500,4e6547f1-5a6e-ba81-e053-0100007f2798,142,1961-10-02T17:35:00+00:00,Imported Channel 1,379,ft^3/s,85.0,ft,229,ft^2,1.65,ft/s,,,Unspecified,Unspecified,Unspecified,Unspecified,Unspecified,Unknown,Unspecified,2026-06-26T16:20:30.298917+00:00,point_velocity,Unspecified
05463500,POINT (-92.4632472222222 42.4077638888889),c5bb9797-61c3-4f5c-8091-059223ba3217,USGS-05463500,4e6531e9-a84f-afa0-e053-0100007f2af8,56,1956-04-30T16:20:00+00:00,Imported Channel 1,56.6,ft^3/s,51.0,ft,47.6,ft^2,1.19,ft/s,,,Unspecified,Unspecified,Unspecified,Unspecified,Unspecified,Unknown,Wading,2026-06-26T16:20:30.298917+00:00,point_velocity,Unspecified
05463500,POINT (-92.4632472222222 42.4077638888889),c60dc75b-c0b3-468e-b8a0-1692b33ca36e,USGS-05463500,4e652324-b955-a869-e053-0100007fef36,495,1993-12-09T18:45:00+00:00,Imported Channel 1,149,ft^3/s,83.0,ft,259,ft^2,0.58,ft/s,,,Unspecified,Unspecified,Unspecified,Unspecified,Unspecified,Unknown,BridgeCrane,2026-06-26T16:20:30.298917+00:00,point_velocity,Unspecified
05463500,POINT (-92.4632472222222 42.4077638888889),c6645669-d4fd-40ba-9f37-c7ff3cb3db2b,USGS-05463500,4e655fd5-7a6b-c665-e053-0100007fb0fe,336,1976-10-06T15:20:00+00:00,Imported Channel 1,15.1,ft^3/s,41.0,ft,16.9,ft^2,0.89,ft/s,,,Unspecified,Unspecified,Unspecified,Unspecified,Unspecified,Unknown,Unspecified,2026-06-26T16:20:30.298917+00:00,point_velocity,Unspecified
05463500,POINT (-92.4632472222222 42.4077638888889),c68327ec-dc65-4911-ac8c-e8d6b90ea1b9,USGS-05463500,4e65468e-fcdd-ba03-e053-0100007f8646,60,1956-08-06T16:25:00+00:00,Imported Channel 1,16.9,ft^3/s,35.0,ft,16.8,ft^2,1.01,ft/s,,,Unspecified,Unspecified,Unspecified,Unspecified,Unspecified,Unknown,Wading,2026-06-26T16:20:30.298917+00:00,point_velocity,Unspecified
05463500,POINT (-92.4632472222222 42.4077638888889),c6ce73c9-5220-4902-bbc5-8013971c13ba,USGS-05463500,5b618b94-89fb-757f-e053-0100007f7640,645,2017-10-11T13:36:30+00:00,main,196,ft^3/s,90.0,ft,159,ft^2,1.23,ft/s,10.00,ft,Firm,Sand,Uneven,Uneven,Standard,Steady,Wading,2026-06-26T16:20:30.298917+00:00,point_velocity,Upstream
05463500,POINT (-92.4632472222222 42.4077638888889),c73b9bab-783d-42bb-8007-183d3e82b1b8,USGS-05463500,4e6558e6-5aca-c33f-e053-0100007fdd72,362,1979-01-22T15:35:00+00:00,Imported Channel 1,48.8,ft^3/s,62.0,ft,46.4,ft^2,1.05,ft/s,,,Unspecified,Unspecified,Unspecified,Unspecified,Unspecified,Unknown,Unspecified,2026-06-26T16:20:30.298917+00:00,point_velocity,Unspecified
05463500,POINT (-92.4632472222222 42.4077638888889),c795787f-e820-4283-9707-e24365192d38,USGS-05463500,4e653fb5-60b9-b695-e053-0100007f63f7,78,1957-08-15T16:30:00+00:00,Imported Channel 1,762,ft^3/s,167,ft,622,ft^2,1.23,ft/s,,,Unspecified,Unspecified,Unspecified,Unspecified,Unspecified,Unknown,BridgeCrane,2026-06-26T16:20:30.298917+00:00,point_velocity,Unspecified
05463500,POINT (-92.4632472222222 42.4077638888889),c7b18dfc-8da6-4107-9d86-97413435eb37,USGS-05463500,4e65549d-8909-c0eb-e053-0100007f8f7c,220,1966-12-02T17:10:00+00:00,Imported Channel 1,21.8,ft^3/s,30.0,ft,26.6,ft^2,0.89,ft/s,,,Unspecified,Unspecified,Unspecified,Unspecified,Unspecified,Unknown,Unspecified,2026-06-26T16:20:30.298917+00:00,point_velocity,Unspecified
05463500,POINT (-92.4632472222222 42.4077638888889),c7eec407-1509-4246-8551-1332ff50116e,USGS-05463500,4e65347d-64e7-b0dc-e053-0100007f9636,80,1957-09-30T16:15:00+00:00,Imported Channel 1,28.0,ft^3/s,26.5,ft,21.2,ft^2,1.32,ft/s,,,Unspecified,Unspecified,Unspecified,Unspecified,Unspecified,Unknown,Wading,2026-06-26T16:20:30.298917+00:00,point_velocity,Unspecified
05463500,POINT (-92.4632472222222 42.4077638888889),c7f01f19-b18b-463e-8871-fc83f7a2bd2b,USGS-05463500,4e65548d-c167-c0f3-e053-0100007f0a48,265,1969-10-06T15:20:00+00:00,Imported Channel 1,48.8,ft^3/s,40.0,ft,42.5,ft^2,1.18,ft/s,,,Unspecified,Unspecified,Unspecified,Unspecified,Unspecified,Unknown,Unspecified,2026-06-26T16:20:30.298917+00:00,point_velocity,Unspecified
05463500,POINT (-92.4632472222222 42.4077638888889),c85ed9d2-e090-46dd-b967-27e525323e6c,USGS-05463500,8b27594d-2961-07ac-e053-0100007f0da3,660,2019-06-12T14:36:07+00:00,Main,391,ft^3/s,97.8,ft,309,ft^2,1.26,ft/s,50.00,ft,Soft,SiltMud,Even,Even,NonStandard,Steady,BridgeDownstreamSide,2026-06-26T16:20:30.298917+00:00,adcp,Downstream
05463500,POINT (-92.4632472222222 42.4077638888889),c97fce87-b3c3-4b6e-bc5a-3e0b06c4bb15,USGS-05463500,a94efcba-ad21-490a-a925-9776d6b100e0,685,2022-09-19T17:19:57+00:00,MAIN,38.9,ft^3/s,54.0,ft,39.5,ft^2,0.98,ft/s,10.00,ft,Soft,Sand,Uneven,Unspecified,NonStandard,Pulsating,Wading,2026-06-26T16:20:30.298917+00:00,point_velocity,Upstream
05463500,POINT (-92.4632472222222 42.4077638888889),cbbea794-73ef-4fff-a976-3efaf474f579,USGS-05463500,4e655882-1177-c2f3-e053-0100007f0038,628,2015-06-19T13:27:04+00:00,Hudson,586,ft^3/s,102,ft,503,ft^2,1.17,ft/s,,ft,Firm,Sand,Even,Even,Standard,Unknown,BridgeDownstreamSide,2026-06-26T16:20:30.298917+00:00,adcp,AtTheGage
05463500,POINT (-92.4632472222222 42.4077638888889),cbf9e31f-bc86-4270-8291-2603535086ef,USGS-05463500,4e655fc2-53d0-c663-e053-0100007f12cf,338,1976-12-15T16:15:00+00:00,Imported Channel 1,6.42,ft^3/s,19.0,ft,8.02,ft^2,0.80,ft/s,,,Unspecified,Unspecified,Unspecified,Unspecified,Unspecified,Unknown,Unspecified,2026-06-26T16:20:30.298917+00:00,point_velocity,Unspecified
05463500,POINT (-92.4632472222222 42.4077638888889),cc9a8757-c6f3-425e-a3f2-aa3f7ccdad22,USGS-05463500,4e65474f-a336-ba59-e053-0100007f0af6,114,1959-11-17T20:00:00+00:00,Imported Channel 1,64.4,ft^3/s,42.0,ft,52.6,ft^2,1.22,ft/s,,,Unspecified,Unspecified,Unspecified,Unspecified,Unspecified,Unknown,Unspecified,2026-06-26T16:20:30.298917+00:00,point_velocity,Unspecified
05463500,POINT (-92.4632472222222 42.4077638888889),cdd32daa-b854-4f07-9bfb-fbc03da59576,USGS-05463500,4e65583a-5db9-c2f1-e053-0100007fb8d8,287,1971-07-08T17:35:00+00:00,Imported Channel 1,195,ft^3/s,63.0,ft,138,ft^2,1.41,ft/s,,,Unspecified,Unspecified,Unspecified,Unspecified,Unspecified,Unknown,Unspecified,2026-06-26T16:20:30.298917+00:00,point_velocity,Unspecified
05463500,POINT (-92.4632472222222 42.4077638888889),cde70d13-16e6-46d7-83c5-6bf91b179331,USGS-05463500,4e655555-5651-c119-e053-0100007f401c,182,1964-08-04T20:40:00+00:00,Imported Channel 1,23.8,ft^3/s,39.0,ft,20.3,ft^2,1.17,ft/s,,,Unspecified,Unspecified,Unspecified,Unspecified,Unspecified,Unknown,Unspecified,2026-06-26T16:20:30.298917+00:00,point_velocity,Unspecified
05463500,POINT (-92.4632472222222 42.4077638888889),cdf9dc8a-7ab7-41d8-9174-97ad282f8917,USGS-05463500,4e652b73-5f80-ac30-e053-0100007f779a,79,1957-09-03T15:15:00+00:00,Imported Channel 1,142,ft^3/s,53.0,ft,97.8,ft^2,1.45,ft/s,,,Unspecified,Unspecified,Unspecified,Unspecified,Unspecified,Unknown,Wading,2026-06-26T16:20:30.298917+00:00,point_velocity,Unspecified
05463500,POINT (-92.4632472222222 42.4077638888889),ce4fb632-e662-4cee-abf2-443d94765d50,USGS-05463500,4e653bbc-1f88-b2dd-e053-0100007f722f,257,1969-04-25T15:30:00+00:00,Imported Channel 1,252,ft^3/s,67.0,ft,167,ft^2,1.51,ft/s,,,Unspecified,Unspecified,Unspecified,Unspecified,Unspecified,Unknown,Unspecified,2026-06-26T16:20:30.298917+00:00,point_velocity,Unspecified
05463500,POINT (-92.4632472222222 42.4077638888889),ce7e5b44-bd7e-4430-a1aa-706a9554d691,USGS-05463500,4e65439e-4067-b8e9-e053-0100007f7f3f,361,1978-12-20T14:15:00+00:00,Imported Channel 1,162,ft^3/s,67.0,ft,108,ft^2,1.50,ft/s,,,Unspecified,Unspecified,Unspecified,Unspecified,Unspecified,Unknown,Unspecified,2026-06-26T16:20:30.298917+00:00,point_velocity,Unspecified
05463500,POINT (-92.4632472222222 42.4077638888889),cead6022-4493-49b3-878b-e53073246dc4,USGS-05463500,4e653d39-14cc-b584-e053-0100007ff647,42,1955-03-07T16:25:00+00:00,Imported Channel 1,66.7,ft^3/s,83.0,ft,100,ft^2,0.67,ft/s,,,Unspecified,Unspecified,Unspecified,Unspecified,Unspecified,Unknown,Wading,2026-06-26T16:20:30.298917+00:00,point_velocity,Unspecified
05463500,POINT (-92.4632472222222 42.4077638888889),cf83be74-803b-4a16-9d20-c0fdeb76967e,USGS-05463500,4e6549f1-f0fb-ba0b-e053-0100007f338e,90,1958-07-07T17:15:00+00:00,Imported Channel 1,253,ft^3/s,84.0,ft,191,ft^2,1.32,ft/s,,,Unspecified,Unspecified,Unspecified,Unspecified,Unspecified,Unknown,Unspecified,2026-06-26T16:20:30.298917+00:00,point_velocity,Unspecified
05463500,POINT (-92.4632472222222 42.4077638888889),cfacfcec-834f-4b31-ab6d-f6307c2deddd,USGS-05463500,4e653cfe-9c91-b4f8-e053-0100007f460e,47,1955-08-01T16:00:00+00:00,Imported Channel 1,15.2,ft^3/s,34.0,ft,11.7,ft^2,1.30,ft/s,,,Unspecified,Unspecified,Unspecified,Unspecified,Unspecified,Unknown,Wading,2026-06-26T16:20:30.298917+00:00,point_velocity,Unspecified
05463500,POINT (-92.4632472222222 42.4077638888889),d000fb7c-a329-4ba0-b0ab-cbfd8631d804,USGS-05463500,4e652e67-d6ca-adb4-e053-0100007fbcd3,35,1954-08-02T15:30:00+00:00,Imported Channel 1,21.1,ft^3/s,48.0,ft,17.2,ft^2,1.23,ft/s,,,Unspecified,Unspecified,Unspecified,Unspecified,Unspecified,Unknown,Wading,2026-06-26T16:20:30.298917+00:00,point_velocity,Unspecified
05463500,POINT (-92.4632472222222 42.4077638888889),d0310b0c-626d-42bb-8c24-6829ff2ed592,USGS-05463500,4e6561a5-a631-c72f-e053-0100007f1952,387,1981-07-14T14:45:00+00:00,Imported Channel 1,30.0,ft^3/s,46.0,ft,25.3,ft^2,1.18,ft/s,,,Unspecified,Unspecified,Unspecified,Unspecified,Unspecified,Unknown,Unspecified,2026-06-26T16:20:30.298917+00:00,point_velocity,Unspecified
05463500,POINT (-92.4632472222222 42.4077638888889),d0621be5-1871-4b09-876b-3f8a436f1760,USGS-05463500,4e6543ca-9083-b866-e053-0100007fc6fc,139,1961-07-10T16:45:00+00:00,Imported Channel 1,34.6,ft^3/s,65.0,ft,27.6,ft^2,1.25,ft/s,,,Unspecified,Unspecified,Unspecified,Unspecified,Unspecified,Unknown,Unspecified,2026-06-26T16:20:30.298917+00:00,point_velocity,Unspecified
05463500,POINT (-92.4632472222222 42.4077638888889),d094015b-8b1b-4a0f-88ad-afafe0309fd7,USGS-05463500,4e65358e-6744-b12c-e053-0100007f3e12,426,1986-01-14T06:00:00+00:00,Imported Channel 1,65.8,ft^3/s,73.0,ft,71.2,ft^2,0.92,ft/s,,,Unspecified,Unspecified,Unspecified,Unspecified,Unspecified,Unknown,Ice,2026-06-26T16:20:30.298917+00:00,point_velocity,Unspecified
05463500,POINT (-92.4632472222222 42.4077638888889),d0b0ffb0-4136-44fd-a1ef-f50395cf8d25,USGS-05463500,4e65471e-7c9f-ba5b-e053-0100007f6a91,515,2001-10-02T20:10:00+00:00,Imported Channel 1,40.2,ft^3/s,52.0,ft,40.2,ft^2,1.00,ft/s,,,Unspecified,Unspecified,Unspecified,Unspecified,Unspecified,Unknown,Wading,2026-06-26T16:20:30.298917+00:00,point_velocity,Unspecified
05463500,POINT (-92.4632472222222 42.4077638888889),d1211871-0cb6-41e4-8dff-e87dc15334dc,USGS-05463500,4e65563c-fe9c-c133-e053-0100007fc46d,163,1963-05-21T21:10:00+00:00,Imported Channel 1,73.6,ft^3/s,55.0,ft,56.5,ft^2,1.30,ft/s,,,Unspecified,Unspecified,Unspecified,Unspecified,Unspecified,Unknown,Unspecified,2026-06-26T16:20:30.298917+00:00,point_velocity,Unspecified
05463500,POINT (-92.4632472222222 42.4077638888889),d1728b8c-9baa-4064-8190-a72a519560fd,USGS-05463500,4e6538d4-d99d-b2bf-e053-0100007fe5ec,93,1958-07-16T16:20:00+00:00,Imported Channel 1,2370,ft^3/s,182,ft,1360,ft^2,1.74,ft/s,,,Unspecified,Unspecified,Unspecified,Unspecified,Unspecified,Unknown,Unspecified,2026-06-26T16:20:30.298917+00:00,point_velocity,Unspecified
05463500,POINT (-92.4632472222222 42.4077638888889),d17b5608-b0b8-4e02-8243-0819b05b1b6f,USGS-05463500,4e65472f-8739-ba01-e053-0100007fb27b,63,1956-11-29T16:10:00+00:00,Imported Channel 1,10.3,ft^3/s,16.0,ft,7.95,ft^2,1.30,ft/s,,,Unspecified,Unspecified,Unspecified,Unspecified,Unspecified,Unknown,Wading,2026-06-26T16:20:30.298917+00:00,point_velocity,Unspecified
05463500,POINT (-92.4632472222222 42.4077638888889),d26342c6-8ee4-4e75-8503-6c292f43c276,USGS-05463500,4e653472-0ce6-b0d1-e053-0100007ff18f,548,2005-06-29T16:23:00+00:00,Imported Channel 1,2840,ft^3/s,306,ft,2400,ft^2,1.26,ft/s,,ft,Unspecified,Unspecified,Unspecified,Unspecified,Unspecified,Unknown,Unspecified,2026-06-26T16:20:30.298917+00:00,adcp,Unspecified
05463500,POINT (-92.4632472222222 42.4077638888889),d28b54f0-7908-419c-89fb-47bcb00abc65,USGS-05463500,4e6548e7-85e2-bae8-e053-0100007f3ff2,215,1966-08-06T13:40:00+00:00,Imported Channel 1,70.8,ft^3/s,64.0,ft,53.7,ft^2,1.32,ft/s,,,Unspecified,Unspecified,Unspecified,Unspecified,Unspecified,Unknown,Unspecified,2026-06-26T16:20:30.298917+00:00,point_velocity,Unspecified
05463500,POINT (-92.4632472222222 42.4077638888889),d2aae45b-3b40-45a3-aafa-5ea2d92263cf,USGS-05463500,4e653470-2ea7-b0de-e053-0100007fac39,540,2004-08-18T13:09:00+00:00,Imported Channel 1,116,ft^3/s,70.0,ft,120,ft^2,0.97,ft/s,,ft,Unspecified,Unspecified,Unspecified,Unspecified,Unspecified,Unknown,Unspecified,2026-06-26T16:20:30.298917+00:00,adcp,Unspecified
05463500,POINT (-92.4632472222222 42.4077638888889),d2afe800-5147-4f6a-906b-65a095de3bda,USGS-05463500,4e653fac-481d-b65e-e053-0100007f5d2b,483,1992-07-08T21:00:00+00:00,Imported Channel 1,2120,ft^3/s,175,ft,1140,ft^2,1.86,ft/s,,,Unspecified,Unspecified,Unspecified,Unspecified,Unspecified,Unknown,BridgeCrane,2026-06-26T16:20:30.298917+00:00,point_velocity,Unspecified
05463500,POINT (-92.4632472222222 42.4077638888889),d2eb807f-f01b-4230-9010-8dbf446b731c,USGS-05463500,4e654045-6dea-b671-e053-0100007faac9,508,1995-06-01T19:00:00+00:00,Imported Channel 1,315,ft^3/s,93.0,ft,217,ft^2,1.45,ft/s,,,Unspecified,Unspecified,Unspecified,Unspecified,Unspecified,Unknown,BridgeCrane,2026-06-26T16:20:30.298917+00:00,point_velocity,Unspecified
05463500,POINT (-92.4632472222222 42.4077638888889),d3399744-336f-462a-bfe5-02500412cde9,USGS-05463500,4e655882-116c-c2f3-e053-0100007f0038,602,2011-10-24T21:19:00+00:00,Imported Channel 1,51.9,ft^3/s,68.0,ft,58.4,ft^2,0.89,ft/s,,,Firm,Sand,Even,Even,Uniform,Unknown,Wading,2026-06-26T16:20:30.298917+00:00,point_velocity,Unspecified
05463500,POINT (-92.4632472222222 42.4077638888889),d348b6b1-b874-4acc-9904-3fd0e2bf216a,USGS-05463500,6e014657-f207-7403-e053-0100007faa06,651,2018-06-06T16:42:00+00:00,Main,135,ft^3/s,89.0,ft,109,ft^2,1.24,ft/s,2.00,ft,Firm,Sand,Uneven,Uneven,NonStandard,Steady,Wading,2026-06-26T16:20:30.298917+00:00,point_velocity,Downstream
05463500,POINT (-92.4632472222222 42.4077638888889),d35cdb0d-f18d-4823-ae2f-86f8165eed39,USGS-05463500,4e652e67-d6cf-adb4-e053-0100007fbcd3,422,1985-07-23T05:00:00+00:00,Imported Channel 1,39.2,ft^3/s,48.0,ft,35.2,ft^2,1.14,ft/s,,,Unspecified,Unspecified,Unspecified,Unspecified,Unspecified,Unknown,Wading,2026-06-26T16:20:30.298917+00:00,point_velocity,Unspecified
05463500,POINT (-92.4632472222222 42.4077638888889),d38b8943-91fa-4033-a664-f6d9f43312cc,USGS-05463500,4e65563c-feae-c133-e053-0100007fc46d,597,2011-04-13T18:19:59+00:00,main channel,157,ft^3/s,90.0,ft,127,ft^2,1.23,ft/s,10.00,ft,Soft,Sand,Uneven,Even,Standard,Unknown,Wading,2026-06-26T16:20:30.298917+00:00,point_velocity,Upstream
05463500,POINT (-92.4632472222222 42.4077638888889),d45eeaa6-e3f5-4ee3-8568-eeaa627c6f6a,USGS-05463500,4e655888-dd63-c2dc-e053-0100007fcc44,368,1979-07-24T17:00:00+00:00,Imported Channel 1,260,ft^3/s,80.0,ft,372,ft^2,0.70,ft/s,,,Unspecified,Unspecified,Unspecified,Unspecified,Unspecified,Unknown,Unspecified,2026-06-26T16:20:30.298917+00:00,point_velocity,Unspecified
05463500,POINT (-92.4632472222222 42.4077638888889),d477c3e5-6e2b-4618-b7b6-a94504d99288,USGS-05463500,4e655be0-ae9e-c4d5-e053-0100007f2728,286,1971-06-17T18:15:00+00:00,Imported Channel 1,162,ft^3/s,44.0,ft,79.3,ft^2,2.04,ft/s,,,Unspecified,Unspecified,Unspecified,Unspecified,Unspecified,Unknown,Unspecified,2026-06-26T16:20:30.298917+00:00,point_velocity,Unspecified
05463500,POINT (-92.4632472222222 42.4077638888889),d47c7192-c75a-4f76-bfe3-992a49bd328f,USGS-05463500,4e655b8c-528a-c4af-e053-0100007f3450,626,2015-02-03T17:08:30+00:00,channel,72.5,ft^3/s,47.5,ft,70.2,ft^2,1.03,ft/s,1000.00,ft,Firm,Sand,Even,Even,Standard,Unknown,Wading,2026-06-26T16:20:30.298917+00:00,point_velocity,Downstream
05463500,POINT (-92.4632472222222 42.4077638888889),d4dd4f22-bdae-4dc0-99a2-dbd75f332393,USGS-05463500,4e654002-3e29-b66d-e053-0100007ff524,28,1954-05-03T21:05:00+00:00,Imported Channel 1,741,ft^3/s,158,ft,630,ft^2,1.18,ft/s,,,Unspecified,Unspecified,Unspecified,Unspecified,Unspecified,Unknown,BridgeCrane,2026-06-26T16:20:30.298917+00:00,point_velocity,Unspecified
05463500,POINT (-92.4632472222222 42.4077638888889),d56fe0b8-2a8c-46d9-8b8c-254f8fb464bb,USGS-05463500,4e65457a-9772-b864-e053-0100007f0efd,104,1959-03-21T14:45:00+00:00,Imported Channel 1,3580,ft^3/s,342,ft,1520,ft^2,2.27,ft/s,,,Unspecified,Unspecified,Unspecified,Unspecified,Unspecified,Unknown,Unspecified,2026-06-26T16:20:30.298917+00:00,point_velocity,Unspecified
05463500,POINT (-92.4632472222222 42.4077638888889),d5b05996-d02c-4e99-897f-ba00c256bd29,USGS-05463500,4e653cd5-10fe-b52e-e053-0100007f02f9,68,1957-04-01T16:25:00+00:00,Imported Channel 1,20.3,ft^3/s,43.0,ft,23.7,ft^2,0.86,ft/s,,,Unspecified,Unspecified,Unspecified,Unspecified,Unspecified,Unknown,Wading,2026-06-26T16:20:30.298917+00:00,point_velocity,Unspecified
05463500,POINT (-92.4632472222222 42.4077638888889),d60c87a4-7ea4-4da7-9260-6f69419e1f43,USGS-05463500,4e65321c-966d-af6e-e053-0100007ff293,244,1968-08-06T18:15:00+00:00,Imported Channel 1,2990,ft^3/s,1890,ft,2060,ft^2,1.45,ft/s,,,Unspecified,Unspecified,Unspecified,Unspecified,Unspecified,Unknown,Unspecified,2026-06-26T16:20:30.298917+00:00,point_velocity,Unspecified
05463500,POINT (-92.4632472222222 42.4077638888889),d6310455-5b40-43c4-afbe-85c35eb0775d,USGS-05463500,4e65474f-a330-ba59-e053-0100007f0af6,530,2003-06-24T22:10:00+00:00,Imported Channel 1,170,ft^3/s,75.0,ft,132,ft^2,1.29,ft/s,,,Unspecified,Unspecified,Unspecified,Unspecified,Unspecified,Unknown,Wading,2026-06-26T16:20:30.298917+00:00,point_velocity,Unspecified
05463500,POINT (-92.4632472222222 42.4077638888889),d646815d-0942-444c-8c18-fafb45d23347,USGS-05463500,5f350b1c-439a-f996-e053-0100007f169b,646,2017-11-28T14:34:00+00:00,main,75.0,ft^3/s,80.0,ft,72.0,ft^2,1.04,ft/s,0.00,ft,Firm,Sand,Uneven,Uneven,Standard,Steady,Wading,2026-06-26T16:20:30.298917+00:00,point_velocity,AtTheGage
05463500,POINT (-92.4632472222222 42.4077638888889),d657efe1-615d-416b-a934-9646bd88fc4d,USGS-05463500,4e653c9f-1ff2-b522-e053-0100007f54d8,465,1990-05-10T16:25:00+00:00,Imported Channel 1,1400,ft^3/s,97.0,ft,613,ft^2,2.28,ft/s,,,Unspecified,Unspecified,Unspecified,Unspecified,Unspecified,Unknown,BridgeCrane,2026-06-26T16:20:30.298917+00:00,point_velocity,Unspecified
05463500,POINT (-92.4632472222222 42.4077638888889),d67895a2-dabe-4fe7-aad1-80595e041883,USGS-05463500,4e65457a-9764-b864-e053-0100007f0efd,441,1987-08-12T14:20:00+00:00,Imported Channel 1,66.8,ft^3/s,71.0,ft,56.1,ft^2,1.19,ft/s,,,Unspecified,Unspecified,Unspecified,Unspecified,Unspecified,Unknown,Wading,2026-06-26T16:20:30.298917+00:00,point_velocity,Unspecified
05463500,POINT (-92.4632472222222 42.4077638888889),d6f5cd74-d5aa-407d-b05d-887643f56d8b,USGS-05463500,4e6561da-39ba-c731-e053-0100007fca8c,379,1980-10-20T16:00:00+00:00,Imported Channel 1,24.6,ft^3/s,41.0,ft,23.6,ft^2,1.04,ft/s,,,Unspecified,Unspecified,Unspecified,Unspecified,Unspecified,Unknown,Unspecified,2026-06-26T16:20:30.298917+00:00,point_velocity,Unspecified
05463500,POINT (-92.4632472222222 42.4077638888889),d7f328e6-55ab-46b0-8252-e4ff5e973cbb,USGS-05463500,4e654b19-9174-bbab-e053-0100007fa64f,485,1992-10-06T15:20:00+00:00,Imported Channel 1,49.5,ft^3/s,77.0,ft,86.0,ft^2,0.58,ft/s,,,Unspecified,Unspecified,Unspecified,Unspecified,Unspecified,Unknown,Wading,2026-06-26T16:20:30.298917+00:00,point_velocity,Unspecified
05463500,POINT (-92.4632472222222 42.4077638888889),d919ec00-7e6f-4d39-8960-3fcea8b44b47,USGS-05463500,4e653c6a-54d4-b534-e053-0100007f166c,424,1985-10-23T05:00:00+00:00,Imported Channel 1,260,ft^3/s,77.0,ft,165,ft^2,1.58,ft/s,,,Unspecified,Unspecified,Unspecified,Unspecified,Unspecified,Unknown,Wading,2026-06-26T16:20:30.298917+00:00,point_velocity,Unspecified
05463500,POINT (-92.4632472222222 42.4077638888889),d9845ddd-57c5-44ad-9689-8488b869c3a1,USGS-05463500,4e655ba1-80ba-c4c1-e053-0100007f186d,271,1970-03-19T17:00:00+00:00,Imported Channel 1,108,ft^3/s,46.0,ft,73.8,ft^2,1.46,ft/s,,,Unspecified,Unspecified,Unspecified,Unspecified,Unspecified,Unknown,Unspecified,2026-06-26T16:20:30.298917+00:00,point_velocity,Unspecified
05463500,POINT (-92.4632472222222 42.4077638888889),d998a0ac-b9b2-4f91-8c3f-89a41edd3026,USGS-05463500,4e655fd5-7a6c-c665-e053-0100007fb0fe,339,1977-01-26T18:00:00+00:00,Imported Channel 1,0.12,ft^3/s,3.50,ft,0.35,ft^2,0.33,ft/s,,,Unspecified,Unspecified,Unspecified,Unspecified,Unspecified,Unknown,Unspecified,2026-06-26T16:20:30.298917+00:00,point_velocity,Unspecified
05463500,POINT (-92.4632472222222 42.4077638888889),d9cf16c5-256f-4cc6-b73c-046a9c77c367,USGS-05463500,4e654387-e809-b840-e053-0100007f6631,72,1957-05-31T22:40:00+00:00,Imported Channel 1,1180,ft^3/s,169,ft,937,ft^2,1.26,ft/s,,,Unspecified,Unspecified,Unspecified,Unspecified,Unspecified,Unknown,BridgeCrane,2026-06-26T16:20:30.298917+00:00,point_velocity,Unspecified
05463500,POINT (-92.4632472222222 42.4077638888889),da747830-7f42-4c96-967b-92b4e4ce81ee,USGS-05463500,4e653fbc-a536-b662-e053-0100007f27ba,486,1992-11-05T15:50:00+00:00,Imported Channel 1,339,ft^3/s,93.0,ft,311,ft^2,1.09,ft/s,,,Unspecified,Unspecified,Unspecified,Unspecified,Unspecified,Unknown,BridgeCrane,2026-06-26T16:20:30.298917+00:00,point_velocity,Unspecified
05463500,POINT (-92.4632472222222 42.4077638888889),dad57599-7b89-447f-97a1-4b059cfaed98,USGS-05463500,4e65319c-76f0-af90-e053-0100007f04f6,439,1987-05-20T18:40:00+00:00,Imported Channel 1,143,ft^3/s,73.0,ft,105,ft^2,1.36,ft/s,,,Unspecified,Unspecified,Unspecified,Unspecified,Unspecified,Unknown,Wading,2026-06-26T16:20:30.298917+00:00,point_velocity,Unspecified
05463500,POINT (-92.4632472222222 42.4077638888889),dbb4bc25-6ad8-453f-945a-5e1c01ba5cd2,USGS-05463500,4e654d06-9005-bc3b-e053-0100007fe81d,532,2003-10-03T13:00:00+00:00,Imported Channel 1,15.4,ft^3/s,35.0,ft,27.5,ft^2,0.56,ft/s,,,Unspecified,Unspecified,Unspecified,Unspecified,Unspecified,Unknown,Wading,2026-06-26T16:20:30.298917+00:00,point_velocity,Unspecified
05463500,POINT (-92.4632472222222 42.4077638888889),dcabd07f-761a-417f-a5ac-19641e3bf887,USGS-05463500,50a60555-a2bb-4c57-a377-2e7ba0b57a13,697,2024-07-16T13:37:34+00:00,Main,1170,ft^3/s,102,ft,559,ft^2,2.10,ft/s,0.00,ft,Soft,Sand,Uneven,Uneven,Unknown,Pulsating,BridgeDownstreamSide,2026-06-26T16:20:30.298917+00:00,adcp,AtTheGage
05463500,POINT (-92.4632472222222 42.4077638888889),dd6497be-1269-4652-b4dd-7d3671c5f29f,USGS-05463500,4e652ada-3313-ac3c-e053-0100007f1da8,10,1952-12-15T19:15:00+00:00,Imported Channel 1,11.8,ft^3/s,30.0,ft,13.0,ft^2,0.91,ft/s,,,Unspecified,Unspecified,Unspecified,Unspecified,Unspecified,Unknown,Ice,2026-06-26T16:20:30.298917+00:00,point_velocity,Unspecified
05463500,POINT (-92.4632472222222 42.4077638888889),dd841d67-8e52-411c-b516-17e30f9522d9,USGS-05463500,4e6540ef-6a6a-b488-e053-0100007f8c41,16,1953-06-22T14:00:00+00:00,Imported Channel 1,89.2,ft^3/s,84.0,ft,57.3,ft^2,1.56,ft/s,,,Unspecified,Unspecified,Unspecified,Unspecified,Unspecified,Unknown,Wading,2026-06-26T16:20:30.298917+00:00,point_velocity,Unspecified
05463500,POINT (-92.4632472222222 42.4077638888889),ddaef17b-f070-4cf1-ab50-d1480fa58db5,USGS-05463500,4e6536bf-4288-b1c1-e053-0100007f6f43,459,1989-10-18T13:45:00+00:00,Imported Channel 1,2.93,ft^3/s,16.0,ft,4.01,ft^2,0.73,ft/s,,,Unspecified,Unspecified,Unspecified,Unspecified,Unspecified,Unknown,Wading,2026-06-26T16:20:30.298917+00:00,point_velocity,Unspecified
05463500,POINT (-92.4632472222222 42.4077638888889),ddd7b96e-0f6b-4709-8480-94fe80409bd7,USGS-05463500,4e653b7f-000f-b482-e053-0100007f62ad,121,1960-04-04T17:10:00+00:00,Imported Channel 1,1060,ft^3/s,177,ft,809,ft^2,1.31,ft/s,,,Unspecified,Unspecified,Unspecified,Unspecified,Unspecified,Unknown,Unspecified,2026-06-26T16:20:30.298917+00:00,point_velocity,Unspecified
05463500,POINT (-92.4632472222222 42.4077638888889),ddf9f460-f130-4a46-a17e-c441dc62d638,USGS-05463500,a293ff01-3949-4543-955b-ff155ab004d2,705,2025-09-18T15:40:00+00:00,Main,102,ft^3/s,85.0,ft,90.8,ft^2,1.13,ft/s,50.00,ft,Soft,Sand,Uneven,Uneven,Standard,Pulsating,Wading,2026-06-26T16:20:30.298917+00:00,point_velocity,Downstream
05463500,POINT (-92.4632472222222 42.4077638888889),dec81113-70e0-4121-b0fb-f71d276bf622,USGS-05463500,8636f7ce-7745-39f6-e053-0100007f2d23,659,2019-04-10T23:27:02+00:00,Main,484,ft^3/s,96.2,ft,382,ft^2,1.27,ft/s,20.00,ft,Firm,Sand,Even,Uneven,NonStandard,Steady,BridgeDownstreamSide,2026-06-26T16:20:30.298917+00:00,adcp,Downstream
05463500,POINT (-92.4632472222222 42.4077638888889),df015ce6-b4a2-4acf-8e50-0710fdc68416,USGS-05463500,039d4b42-b5cd-4621-b269-1fe168f56af5,696,2024-05-22T18:19:29+00:00,OverFlow,187,ft^3/s,155,ft,1170,ft^2,0.16,ft/s,,ft,Firm,SiltMud,Uneven,Uneven,Unknown,Steady,BridgeDownstreamSide,2026-06-26T16:20:30.298917+00:00,adcp,Unspecified
05463500,POINT (-92.4632472222222 42.4077638888889),df1499e5-82e9-4f83-b9f4-01e20ac06e5e,USGS-05463500,777d6ef6-e2d2-f7a7-e053-0100007fb512,655,2018-10-03T18:42:30+00:00,Overflow,932,ft^3/s,176,ft,1470,ft^2,0.64,ft/s,20.00,ft,Firm,SiltMud,Uneven,Uneven,NonStandard,Pulsating,BridgeDownstreamSide,2026-06-26T16:20:30.298917+00:00,adcp,Downstream
05463500,POINT (-92.4632472222222 42.4077638888889),df189b3c-f523-4020-87e8-a93cc2f33c75,USGS-05463500,4e65319c-76f7-af90-e053-0100007f04f6,454,1989-02-13T17:00:00+00:00,Imported Channel 1,13.5,ft^3/s,63.0,ft,34.8,ft^2,0.39,ft/s,,,Unspecified,Unspecified,Unspecified,Unspecified,Unspecified,Unknown,Ice,2026-06-26T16:20:30.298917+00:00,point_velocity,Unspecified
05463500,POINT (-92.4632472222222 42.4077638888889),e086dd5f-c470-4fcb-a52c-3a14b0423a8a,USGS-05463500,4e654045-6e1e-b671-e053-0100007faac9,305,1973-05-30T15:55:00+00:00,Imported Channel 1,1440,ft^3/s,108,ft,719,ft^2,2.00,ft/s,,,Unspecified,Unspecified,Unspecified,Unspecified,Unspecified,Unknown,Unspecified,2026-06-26T16:20:30.298917+00:00,point_velocity,Unspecified
05463500,POINT (-92.4632472222222 42.4077638888889),e0d6d051-913f-47ad-9121-ab252e829108,USGS-05463500,4e653cec-e49f-b586-e053-0100007fdd6e,460,1989-11-29T13:45:00+00:00,Imported Channel 1,6.52,ft^3/s,20.0,ft,10.6,ft^2,0.62,ft/s,,,Unspecified,Unspecified,Unspecified,Unspecified,Unspecified,Unknown,Wading,2026-06-26T16:20:30.298917+00:00,point_velocity,Unspecified
05463500,POINT (-92.4632472222222 42.4077638888889),e11b161f-fd60-4357-bf21-53b4c9a00cb8,USGS-05463500,4e6554fe-6fb2-c0ef-e053-0100007fa61d,354,1978-04-11T18:45:00+00:00,Imported Channel 1,499,ft^3/s,93.0,ft,300,ft^2,1.66,ft/s,,,Unspecified,Unspecified,Unspecified,Unspecified,Unspecified,Unknown,Unspecified,2026-06-26T16:20:30.298917+00:00,point_velocity,Unspecified
05463500,POINT (-92.4632472222222 42.4077638888889),e149685d-70f7-42b2-9201-ab99a2e46376,USGS-05463500,4e653c6a-54d3-b534-e053-0100007f166c,423,1985-09-09T05:00:00+00:00,Imported Channel 1,39.5,ft^3/s,56.0,ft,43.8,ft^2,0.90,ft/s,,,Unspecified,Unspecified,Unspecified,Unspecified,Unspecified,Unknown,Wading,2026-06-26T16:20:30.298917+00:00,point_velocity,Unspecified
05463500,POINT (-92.4632472222222 42.4077638888889),e21e65dd-8f1b-4d6b-99e9-96bf692f37ab,USGS-05463500,4e654074-6b6a-b48a-e053-0100007f92b0,403,1983-05-17T17:15:00+00:00,Imported Channel 1,435,ft^3/s,85.0,ft,270,ft^2,1.61,ft/s,,,Unspecified,Unspecified,Unspecified,Unspecified,Unspecified,Unknown,Unspecified,2026-06-26T16:20:30.298917+00:00,point_velocity,Unspecified
05463500,POINT (-92.4632472222222 42.4077638888889),e242eaba-9a79-4f75-8048-2439943b9afe,USGS-05463500,4e653472-0cf2-b0d1-e053-0100007ff18f,577,2008-11-26T16:51:00+00:00,Imported Channel 1,159,ft^3/s,80.0,ft,223,ft^2,0.71,ft/s,5.00,ft,Firm,Sand,Even,Even,Unspecified,Unknown,BridgeDownstreamSide,2026-06-26T16:20:30.298917+00:00,adcp,Downstream
05463500,POINT (-92.4632472222222 42.4077638888889),e25388a8-ebef-4608-8cfe-6298f5917be5,USGS-05463500,4e654c19-97a8-bc43-e053-0100007fc312,346,1977-09-22T12:50:00+00:00,Imported Channel 1,36.8,ft^3/s,44.0,ft,34.4,ft^2,1.07,ft/s,,,Unspecified,Unspecified,Unspecified,Unspecified,Unspecified,Unknown,Unspecified,2026-06-26T16:20:30.298917+00:00,point_velocity,Unspecified
05463500,POINT (-92.4632472222222 42.4077638888889),e2781a83-19d0-417d-b120-6b9c15160862,USGS-05463500,4e656234-fb57-c788-e053-0100007f06e4,348,1977-11-15T16:00:00+00:00,Imported Channel 1,78.9,ft^3/s,58.0,ft,67.7,ft^2,1.17,ft/s,,,Unspecified,Unspecified,Unspecified,Unspecified,Unspecified,Unknown,Unspecified,2026-06-26T16:20:30.298917+00:00,point_velocity,Unspecified
05463500,POINT (-92.4632472222222 42.4077638888889),e27ad123-4757-4266-a7d4-2c3b7f5cd522,USGS-05463500,4e653185-4b6b-af9e-e053-0100007ffdfc,58,1956-07-16T15:05:00+00:00,Imported Channel 1,2.54,ft^3/s,7.00,ft,2.21,ft^2,1.15,ft/s,,,Unspecified,Unspecified,Unspecified,Unspecified,Unspecified,Unknown,Wading,2026-06-26T16:20:30.298917+00:00,point_velocity,Unspecified
05463500,POINT (-92.4632472222222 42.4077638888889),e2dc2439-66f2-4048-af0f-b552a27be9c0,USGS-05463500,4e6536da-a7a9-b1bf-e053-0100007f8ff4,23,1954-01-04T16:25:00+00:00,Imported Channel 1,11.5,ft^3/s,36.0,ft,14.8,ft^2,0.77,ft/s,,,Unspecified,Unspecified,Unspecified,Unspecified,Unspecified,Unknown,Ice,2026-06-26T16:20:30.298917+00:00,point_velocity,Unspecified
05463500,POINT (-92.4632472222222 42.4077638888889),e307bd3f-918a-414c-af3f-4fce22036de8,USGS-05463500,842942f9-fc9a-b02e-e053-0100007feec4,658,2019-03-15T19:46:59+00:00,main,5690,ft^3/s,186,ft,1620,ft^2,3.50,ft/s,10.00,ft,Firm,Sand,Uneven,Uneven,NonStandard,Steady,BridgeDownstreamSide,2026-06-26T16:20:30.298917+00:00,adcp,Downstream
05463500,POINT (-92.4632472222222 42.4077638888889),e3793642-c408-46b4-814e-4139cd3034f8,USGS-05463500,4e6554fe-6fb0-c0ef-e053-0100007fa61d,352,1978-03-15T19:10:00+00:00,Imported Channel 1,42.3,ft^3/s,46.0,ft,36.8,ft^2,1.15,ft/s,,,Unspecified,Unspecified,Unspecified,Unspecified,Unspecified,Unknown,Unspecified,2026-06-26T16:20:30.298917+00:00,point_velocity,Unspecified
05463500,POINT (-92.4632472222222 42.4077638888889),e39eb199-a4a2-4173-b46d-19cfd2724365,USGS-05463500,7525f36c-e4cb-9ff2-e053-0100007f6e2f,654,2018-09-05T18:43:25+00:00,Main,4620,ft^3/s,133,ft,1350,ft^2,3.41,ft/s,0.00,ft,Soft,Sand,Uneven,Uneven,NonStandard,Pulsating,BridgeDownstreamSide,2026-06-26T16:20:30.298917+00:00,adcp,AtTheGage
05463500,POINT (-92.4632472222222 42.4077638888889),e41dddf0-5152-4a41-971d-050f82b529ae,USGS-05463500,4e654dfc-861c-bd22-e053-0100007f3b34,304,1973-04-19T17:05:00+00:00,Imported Channel 1,990,ft^3/s,110,ft,640,ft^2,1.55,ft/s,,,Unspecified,Unspecified,Unspecified,Unspecified,Unspecified,Unknown,Unspecified,2026-06-26T16:20:30.298917+00:00,point_velocity,Unspecified
05463500,POINT (-92.4632472222222 42.4077638888889),e4b16046-b5e1-49cf-b8b3-8971aad2c57f,USGS-05463500,4e65321c-9664-af6e-e053-0100007ff293,184,1964-09-09T13:25:00+00:00,Imported Channel 1,547,ft^3/s,84.0,ft,310,ft^2,1.76,ft/s,,,Unspecified,Unspecified,Unspecified,Unspecified,Unspecified,Unknown,Unspecified,2026-06-26T16:20:30.298917+00:00,point_velocity,Unspecified
05463500,POINT (-92.4632472222222 42.4077638888889),e4b95ab1-f46a-4540-8af4-fb0eee647e41,USGS-05463500,4e655f68-4a94-c667-e053-0100007f9e3c,337,1976-11-02T16:00:00+00:00,Imported Channel 1,15.8,ft^3/s,40.0,ft,17.2,ft^2,0.92,ft/s,,,Unspecified,Unspecified,Unspecified,Unspecified,Unspecified,Unknown,Unspecified,2026-06-26T16:20:30.298917+00:00,point_velocity,Unspecified
05463500,POINT (-92.4632472222222 42.4077638888889),e63e42ca-0008-42e1-ab06-429d039dc56d,USGS-05463500,4e653cb6-c964-b56a-e053-0100007fcc59,44,1955-05-02T16:20:00+00:00,Imported Channel 1,84.1,ft^3/s,42.0,ft,50.8,ft^2,1.66,ft/s,,,Unspecified,Unspecified,Unspecified,Unspecified,Unspecified,Unknown,Wading,2026-06-26T16:20:30.298917+00:00,point_velocity,Unspecified
05463500,POINT (-92.4632472222222 42.4077638888889),e64cbfe0-38aa-4006-922f-188395071de6,USGS-05463500,4e655c32-a86a-c4ad-e053-0100007f8b15,371,1979-11-14T16:30:00+00:00,Imported Channel 1,151,ft^3/s,58.0,ft,134,ft^2,1.13,ft/s,,,Unspecified,Unspecified,Unspecified,Unspecified,Unspecified,Unknown,Unspecified,2026-06-26T16:20:30.298917+00:00,point_velocity,Unspecified
05463500,POINT (-92.4632472222222 42.4077638888889),e67a1ac8-2335-477b-b19d-bd8d2262bf60,USGS-05463500,4e656204-a4d3-c6af-e053-0100007f97af,414,1984-08-30T21:24:00+00:00,Imported Channel 1,31.8,ft^3/s,66.0,ft,45.9,ft^2,0.69,ft/s,,,Unspecified,Unspecified,Unspecified,Unspecified,Unspecified,Unknown,Unspecified,2026-06-26T16:20:30.298917+00:00,point_velocity,Unspecified
05463500,POINT (-92.4632472222222 42.4077638888889),e6e54a28-ca8a-48c5-982e-54779fe5563c,USGS-05463500,4e65549d-8920-c0eb-e053-0100007f8f7c,322,1975-04-14T15:35:00+00:00,Imported Channel 1,523,ft^3/s,95.0,ft,473,ft^2,1.11,ft/s,,,Unspecified,Unspecified,Unspecified,Unspecified,Unspecified,Unknown,Unspecified,2026-06-26T16:20:30.298917+00:00,point_velocity,Unspecified
05463500,POINT (-92.4632472222222 42.4077638888889),e72f2116-6ff2-462f-a58a-1f0a5389766c,USGS-05463500,4e6522a3-c630-a80d-e053-0100007fcfcd,71,1957-05-30T22:00:00+00:00,Imported Channel 1,2380,ft^3/s,182,ft,1370,ft^2,1.74,ft/s,,,Unspecified,Unspecified,Unspecified,Unspecified,Unspecified,Unknown,BridgeCrane,2026-06-26T16:20:30.298917+00:00,point_velocity,Unspecified
05463500,POINT (-92.4632472222222 42.4077638888889),e731c0a4-3e2e-44c7-98a5-4fafc2a92de6,USGS-05463500,4e653a3c-d3ab-b3b3-e053-0100007f2054,528,2003-04-14T23:35:00+00:00,Imported Channel 1,90.1,ft^3/s,71.0,ft,78.7,ft^2,1.14,ft/s,,,Unspecified,Unspecified,Unspecified,Unspecified,Unspecified,Unknown,Wading,2026-06-26T16:20:30.298917+00:00,point_velocity,Unspecified
05463500,POINT (-92.4632472222222 42.4077638888889),e7cb72fb-13cf-468f-be56-26a18a07fe15,USGS-05463500,4e653fd4-a941-b69b-e053-0100007fa7d9,208,1966-02-02T22:40:00+00:00,Imported Channel 1,70.9,ft^3/s,46.0,ft,63.7,ft^2,1.11,ft/s,,,Unspecified,Unspecified,Unspecified,Unspecified,Unspecified,Unknown,Unspecified,2026-06-26T16:20:30.298917+00:00,point_velocity,Unspecified
05463500,POINT (-92.4632472222222 42.4077638888889),e7dff657-01a3-40c7-8e13-a0753d290bca,USGS-05463500,4e6549d9-c1bc-ba07-e053-0100007f074f,455,1989-04-19T17:20:00+00:00,Imported Channel 1,19.2,ft^3/s,49.0,ft,23.1,ft^2,0.83,ft/s,,,Unspecified,Unspecified,Unspecified,Unspecified,Unspecified,Unknown,Wading,2026-06-26T16:20:30.298917+00:00,point_velocity,Unspecified
05463500,POINT (-92.4632472222222 42.4077638888889),e7f7ad3f-a3db-4541-a881-bb1aa06f2955,USGS-05463500,4e654723-c5fc-ba2f-e053-0100007f3d30,333,1976-06-25T16:25:00+00:00,Imported Channel 1,136,ft^3/s,57.0,ft,97.5,ft^2,1.39,ft/s,,,Unspecified,Unspecified,Unspecified,Unspecified,Unspecified,Unknown,Unspecified,2026-06-26T16:20:30.298917+00:00,point_velocity,Unspecified
05463500,POINT (-92.4632472222222 42.4077638888889),e8082473-61ce-41b7-85b3-d414d07a6654,USGS-05463500,4e655bc0-f226-c4d7-e053-0100007fef37,620,2014-06-09T17:51:30+00:00,new channel,91.2,ft^3/s,86.0,ft,167,ft^2,0.55,ft/s,,,Soft,Sand,Even,Even,Standard,Unknown,Wading,2026-06-26T16:20:30.298917+00:00,point_velocity,AtTheGage
05463500,POINT (-92.4632472222222 42.4077638888889),e80ea057-5bf1-4ddc-8ca5-6761e3b61887,USGS-05463500,4e653f7a-ae53-b66a-e053-0100007f0998,109,1959-06-24T14:35:00+00:00,Imported Channel 1,33.2,ft^3/s,35.0,ft,31.8,ft^2,1.04,ft/s,,,Unspecified,Unspecified,Unspecified,Unspecified,Unspecified,Unknown,Unspecified,2026-06-26T16:20:30.298917+00:00,point_velocity,Unspecified
05463500,POINT (-92.4632472222222 42.4077638888889),e862016d-905a-4d84-82f5-428317b44f8f,USGS-05463500,4e65468e-fcdc-ba03-e053-0100007f8646,50,1955-10-31T17:35:00+00:00,Imported Channel 1,10.4,ft^3/s,25.0,ft,12.5,ft^2,0.83,ft/s,,,Unspecified,Unspecified,Unspecified,Unspecified,Unspecified,Unknown,Wading,2026-06-26T16:20:30.298917+00:00,point_velocity,Unspecified
05463500,POINT (-92.4632472222222 42.4077638888889),e88dba7c-9beb-4193-a0c1-7880e880a9f6,USGS-05463500,4fb10858-0f74-48e6-8a85-c5327fb693fc,680,2021-11-09T22:36:26+00:00,Main,86.9,ft^3/s,72.0,ft,79.3,ft^2,1.10,ft/s,10.00,ft,Soft,Sand,Uneven,Uneven,Unknown,Steady,Wading,2026-06-26T16:20:30.298917+00:00,point_velocity,Downstream
05463500,POINT (-92.4632472222222 42.4077638888889),e90eb688-96f4-4004-9eac-bcc383604cdc,USGS-05463500,4e6554c1-6def-c0e3-e053-0100007fade3,266,1969-11-18T21:50:00+00:00,Imported Channel 1,56.8,ft^3/s,44.0,ft,39.1,ft^2,1.45,ft/s,,,Unspecified,Unspecified,Unspecified,Unspecified,Unspecified,Unknown,Unspecified,2026-06-26T16:20:30.298917+00:00,point_velocity,Unspecified
05463500,POINT (-92.4632472222222 42.4077638888889),e9b2808f-293d-4552-9f2c-37f3bc98e4f2,USGS-05463500,4e653c6a-54d1-b534-e053-0100007f166c,420,1985-04-29T05:00:00+00:00,Imported Channel 1,120,ft^3/s,68.0,ft,108,ft^2,1.11,ft/s,,,Unspecified,Unspecified,Unspecified,Unspecified,Unspecified,Unknown,Wading,2026-06-26T16:20:30.298917+00:00,point_velocity,Unspecified
05463500,POINT (-92.4632472222222 42.4077638888889),e9e0bc8a-87ff-4395-9dfc-549ab9cc1e5a,USGS-05463500,4e653b1a-8fc0-b3b5-e053-0100007f05e7,562,2006-12-13T18:15:00+00:00,Imported Channel 1,172,ft^3/s,75.0,ft,144,ft^2,1.19,ft/s,,,Unspecified,Unspecified,Unspecified,Unspecified,Unspecified,Unknown,Wading,2026-06-26T16:20:30.298917+00:00,point_velocity,Unspecified
05463500,POINT (-92.4632472222222 42.4077638888889),ea1f8297-7347-41c8-8a51-d8fdda59bb75,USGS-05463500,4e656a20-1f79-cc49-e053-0100007fd7f0,627,2015-03-30T20:50:31+00:00,main,112,ft^3/s,97.8,ft,277,ft^2,0.41,ft/s,,ft,Soft,SiltMud,Even,Unspecified,Standard,Unknown,BridgeDownstreamSide,2026-06-26T16:20:30.298917+00:00,adcp,AtTheGage
05463500,POINT (-92.4632472222222 42.4077638888889),ea24a286-c298-419b-9886-0e03b25258c5,USGS-05463500,4e6546dd-e9a4-ba09-e053-0100007fe0de,514,2001-08-27T18:30:00+00:00,Imported Channel 1,28.8,ft^3/s,28.0,ft,27.0,ft^2,1.07,ft/s,,,Unspecified,Unspecified,Unspecified,Unspecified,Unspecified,Unknown,Wading,2026-06-26T16:20:30.298917+00:00,point_velocity,Unspecified
05463500,POINT (-92.4632472222222 42.4077638888889),ea851bf7-b5d3-47a9-aa23-44d554e07fbc,USGS-05463500,4e654387-e805-b840-e053-0100007f6631,4,1952-06-02T15:35:00+00:00,Imported Channel 1,138,ft^3/s,52.0,ft,79.8,ft^2,1.73,ft/s,,,Unspecified,Unspecified,Unspecified,Unspecified,Unspecified,Unknown,Wading,2026-06-26T16:20:30.298917+00:00,point_velocity,Unspecified
05463500,POINT (-92.4632472222222 42.4077638888889),eabc7a7a-b2d6-4706-91b1-8013cd516bdd,USGS-05463500,4e6546e0-f459-ba2b-e053-0100007ff590,334,1976-08-10T17:40:00+00:00,Imported Channel 1,23.3,ft^3/s,40.0,ft,19.9,ft^2,1.17,ft/s,,,Unspecified,Unspecified,Unspecified,Unspecified,Unspecified,Unknown,Unspecified,2026-06-26T16:20:30.298917+00:00,point_velocity,Unspecified
05463500,POINT (-92.4632472222222 42.4077638888889),eb46a06d-d6a0-4bc5-8d2b-793b07a2079c,USGS-05463500,4e656510-fbe5-c92e-e053-0100007fbdeb,389,1981-10-06T17:50:00+00:00,Imported Channel 1,21.0,ft^3/s,38.0,ft,27.6,ft^2,0.76,ft/s,,,Unspecified,Unspecified,Unspecified,Unspecified,Unspecified,Unknown,Unspecified,2026-06-26T16:20:30.298917+00:00,point_velocity,Unspecified
05463500,POINT (-92.4632472222222 42.4077638888889),eb545b7b-13d1-4662-aaae-d04580a71260,USGS-05463500,4e6535d7-aabb-b13a-e053-0100007f25bb,25,1954-03-01T15:05:00+00:00,Imported Channel 1,14.7,ft^3/s,21.0,ft,12.0,ft^2,1.21,ft/s,,,Unspecified,Unspecified,Unspecified,Unspecified,Unspecified,Unknown,Wading,2026-06-26T16:20:30.298917+00:00,point_velocity,Unspecified
05463500,POINT (-92.4632472222222 42.4077638888889),ebb708e9-d37c-42fb-8e48-97c478d88074,USGS-05463500,4e654ed8-985c-bd3a-e053-0100007febbb,228,1967-06-23T17:55:00+00:00,Imported Channel 1,107,ft^3/s,65.0,ft,77.0,ft^2,1.39,ft/s,,,Unspecified,Unspecified,Unspecified,Unspecified,Unspecified,Unknown,Unspecified,2026-06-26T16:20:30.298917+00:00,point_velocity,Unspecified
05463500,POINT (-92.4632472222222 42.4077638888889),ebbdcdf5-a5b4-4237-a181-7c582a1e3fd6,USGS-05463500,4e653470-2ea5-b0de-e053-0100007fac39,536,2004-03-01T16:05:00+00:00,Imported Channel 1,286,ft^3/s,81.0,ft,237,ft^2,1.21,ft/s,,,Unspecified,Unspecified,Unspecified,Unspecified,Unspecified,Unknown,BridgeCrane,2026-06-26T16:20:30.298917+00:00,point_velocity,Unspecified
05463500,POINT (-92.4632472222222 42.4077638888889),ec653887-3a82-4157-8e51-f646abfd47f7,USGS-05463500,4e6522a3-c630-a80d-e053-0100007fcfcd,70,1957-05-30T15:50:00+00:00,Imported Channel 1,2120,ft^3/s,186,ft,1340,ft^2,1.58,ft/s,,,Unspecified,Unspecified,Unspecified,Unspecified,Unspecified,Unknown,BridgeCrane,2026-06-26T16:20:30.298917+00:00,point_velocity,Unspecified
05463500,POINT (-92.4632472222222 42.4077638888889),ed061bc6-123c-473e-95db-e2dbfa380a9e,USGS-05463500,4e655541-eb51-c14a-e053-0100007f3945,393,1982-03-22T20:15:00+00:00,Imported Channel 1,429,ft^3/s,87.0,ft,360,ft^2,1.19,ft/s,,,Unspecified,Unspecified,Unspecified,Unspecified,Unspecified,Unknown,Unspecified,2026-06-26T16:20:30.298917+00:00,point_velocity,Unspecified
05463500,POINT (-92.4632472222222 42.4077638888889),ed5255bb-e80b-4e23-b2d1-877da723c141,USGS-05463500,4e653523-635b-b140-e053-0100007f723e,64,1956-12-03T16:15:00+00:00,Imported Channel 1,11.7,ft^3/s,21.0,ft,15.5,ft^2,0.75,ft/s,,,Unspecified,Unspecified,Unspecified,Unspecified,Unspecified,Unknown,Wading,2026-06-26T16:20:30.298917+00:00,point_velocity,Unspecified
05463500,POINT (-92.4632472222222 42.4077638888889),edd8d458-77cc-4c30-b824-751b6fab912b,USGS-05463500,4e6546e0-f44a-ba2b-e053-0100007ff590,131,1961-02-06T17:05:00+00:00,Imported Channel 1,15.8,ft^3/s,33.0,ft,28.6,ft^2,0.55,ft/s,,,Unspecified,Unspecified,Unspecified,Unspecified,Unspecified,Unknown,Unspecified,2026-06-26T16:20:30.298917+00:00,point_velocity,Unspecified
05463500,POINT (-92.4632472222222 42.4077638888889),ee2a4bdd-8e8e-4b78-bd9f-44b009c1a159,USGS-05463500,4e6554fe-6f9a-c0ef-e053-0100007fa61d,230,1967-08-17T16:00:00+00:00,Imported Channel 1,35.6,ft^3/s,54.0,ft,30.2,ft^2,1.18,ft/s,,,Unspecified,Unspecified,Unspecified,Unspecified,Unspecified,Unknown,Unspecified,2026-06-26T16:20:30.298917+00:00,point_velocity,Unspecified
05463500,POINT (-92.4632472222222 42.4077638888889),ee52a9a3-826d-4de0-a422-9760f245a3b3,USGS-05463500,4e654e5b-48e6-bd59-e053-0100007fe6d2,632,2015-11-18T21:37:36+00:00,main,235,ft^3/s,98.2,ft,327,ft^2,0.72,ft/s,20.00,ft,Firm,Sand,Even,Even,Standard,Unknown,BridgeDownstreamSide,2026-06-26T16:20:30.298917+00:00,adcp,Downstream
05463500,POINT (-92.4632472222222 42.4077638888889),eef2f653-76bd-46d5-9936-a14171dcbfb4,USGS-05463500,4e653472-0d46-b0d1-e053-0100007ff18f,391,1981-12-28T19:40:00+00:00,Imported Channel 1,32.5,ft^3/s,40.0,ft,36.5,ft^2,0.89,ft/s,,,Unspecified,Unspecified,Unspecified,Unspecified,Unspecified,Unknown,Unspecified,2026-06-26T16:20:30.298917+00:00,point_velocity,Unspecified
05463500,POINT (-92.4632472222222 42.4077638888889),ef29822a-0be8-4bf7-822e-c0a27d666dd0,USGS-05463500,4e6536bf-427f-b1c1-e053-0100007f6f43,87,1958-04-07T16:45:00+00:00,Imported Channel 1,491,ft^3/s,151,ft,445,ft^2,1.10,ft/s,,,Unspecified,Unspecified,Unspecified,Unspecified,Unspecified,Unknown,BridgeCrane,2026-06-26T16:20:30.298917+00:00,point_velocity,Unspecified
05463500,POINT (-92.4632472222222 42.4077638888889),efc54ea8-9536-4f88-90fc-9fc4048d84aa,USGS-05463500,4e654a81-16b3-bbad-e053-0100007f82c7,518,2002-02-19T19:00:00+00:00,Imported Channel 1,77.4,ft^3/s,57.0,ft,66.5,ft^2,1.16,ft/s,,,Unspecified,Unspecified,Unspecified,Unspecified,Unspecified,Unknown,Wading,2026-06-26T16:20:30.298917+00:00,point_velocity,Unspecified
05463500,POINT (-92.4632472222222 42.4077638888889),eff8d3d0-ffc7-4409-9cf2-e9526f761a23,USGS-05463500,4e653d11-657f-b582-e053-0100007fde8e,61,1956-09-03T15:30:00+00:00,Imported Channel 1,34.2,ft^3/s,27.0,ft,25.5,ft^2,1.32,ft/s,,,Unspecified,Unspecified,Unspecified,Unspecified,Unspecified,Unknown,Wading,2026-06-26T16:20:30.298917+00:00,point_velocity,Unspecified
05463500,POINT (-92.4632472222222 42.4077638888889),f01f1a89-9c8f-430e-aae6-e7a471078a59,USGS-05463500,4e65432f-667d-b838-e053-0100007f6a61,175,1964-03-16T19:00:00+00:00,Imported Channel 1,28.9,ft^3/s,35.0,ft,30.1,ft^2,0.96,ft/s,,,Unspecified,Unspecified,Unspecified,Unspecified,Unspecified,Unknown,Unspecified,2026-06-26T16:20:30.298917+00:00,point_velocity,Unspecified
05463500,POINT (-92.4632472222222 42.4077638888889),f02bfd08-7aaa-4835-80e3-150dea7f2eaf,USGS-05463500,4e654baf-aa36-bc41-e053-0100007f23d7,572,2008-04-25T17:09:00+00:00,Imported Channel 1,10100,ft^3/s,379,ft,3330,ft^2,3.03,ft/s,,ft,Unspecified,Unspecified,Unspecified,Unspecified,Unspecified,Unknown,Unspecified,2026-06-26T16:20:30.298917+00:00,adcp,Unspecified
05463500,POINT (-92.4632472222222 42.4077638888889),f0414b4f-a7e7-4615-b3fa-1d168c49d376,USGS-05463500,4e653d09-bca8-b573-e053-0100007f618f,428,1986-03-19T06:00:00+00:00,Imported Channel 1,3420,ft^3/s,179,ft,1280,ft^2,2.67,ft/s,,,Unspecified,Unspecified,Unspecified,Unspecified,Unspecified,Unknown,BridgeCrane,2026-06-26T16:20:30.298917+00:00,point_velocity,Unspecified
05463500,POINT (-92.4632472222222 42.4077638888889),f062f2d2-4f02-4f49-b19d-fccfefc24871,USGS-05463500,4e653c48-b130-b528-e053-0100007f3471,526,2003-01-21T20:45:00+00:00,Imported Channel 1,14.5,ft^3/s,36.0,ft,26.1,ft^2,0.56,ft/s,,,Unspecified,Unspecified,Unspecified,Unspecified,Unspecified,Unknown,Ice,2026-06-26T16:20:30.298917+00:00,point_velocity,Unspecified
05463500,POINT (-92.4632472222222 42.4077638888889),f0d3f3c8-de67-4983-8664-762bb0ba63e6,USGS-05463500,4e654c19-97ae-bc43-e053-0100007fc312,607,2012-07-31T23:04:00+00:00,Main channel,19.9,ft^3/s,49.0,ft,29.3,ft^2,0.68,ft/s,70.00,ft,Soft,SiltMud,Even,Even,Standard,Unknown,Wading,2026-06-26T16:20:30.298917+00:00,point_velocity,Upstream
05463500,POINT (-92.4632472222222 42.4077638888889),f0e67810-a7b2-49c2-92d7-f98e9112e780,USGS-05463500,4e6547b6-a0f8-ba7d-e053-0100007ff437,553,2006-03-08T22:44:00+00:00,Imported Channel 1,45.9,ft^3/s,66.0,ft,69.8,ft^2,0.66,ft/s,,,Unspecified,Unspecified,Unspecified,Unspecified,Unspecified,Unknown,Wading,2026-06-26T16:20:30.298917+00:00,point_velocity,Unspecified
05463500,POINT (-92.4632472222222 42.4077638888889),f0ec7e72-b914-4fbb-abbc-d305734bca90,USGS-05463500,4e65319c-76f1-af90-e053-0100007f04f6,440,1987-07-01T13:45:00+00:00,Imported Channel 1,57.6,ft^3/s,68.0,ft,49.3,ft^2,1.17,ft/s,,,Unspecified,Unspecified,Unspecified,Unspecified,Unspecified,Unknown,Wading,2026-06-26T16:20:30.298917+00:00,point_velocity,Unspecified
05463500,POINT (-92.4632472222222 42.4077638888889),f1579cf2-354d-4954-8f4d-de561169b7ab,USGS-05463500,4e653a3c-d39f-b3b3-e053-0100007f2054,14,1953-04-27T15:15:00+00:00,Imported Channel 1,223,ft^3/s,107,ft,164,ft^2,1.36,ft/s,,,Unspecified,Unspecified,Unspecified,Unspecified,Unspecified,Unknown,Wading,2026-06-26T16:20:30.298917+00:00,point_velocity,Unspecified
05463500,POINT (-92.4632472222222 42.4077638888889),f279b1a4-4f92-4c55-b23c-125392c6cdc4,USGS-05463500,4e6558e6-5aba-c33f-e053-0100007fdd72,245,1968-08-22T15:15:00+00:00,Imported Channel 1,84.7,ft^3/s,70.0,ft,89.3,ft^2,0.95,ft/s,,,Unspecified,Unspecified,Unspecified,Unspecified,Unspecified,Unknown,Unspecified,2026-06-26T16:20:30.298917+00:00,point_velocity,Unspecified
05463500,POINT (-92.4632472222222 42.4077638888889),f34def32-b398-44a2-80bc-c19dbc20b168,USGS-05463500,9ccfbf0a-72a8-435d-b0d1-b42077f0e624,673,2020-10-07T15:29:30+00:00,Main,38.0,ft^3/s,79.0,ft,90.9,ft^2,0.42,ft/s,50.00,ft,Soft,SiltMud,Uneven,Uneven,Unknown,Steady,Wading,2026-06-26T16:20:30.298917+00:00,point_velocity,Upstream
05463500,POINT (-92.4632472222222 42.4077638888889),f3c1ae5a-0a6f-4e00-bdcf-aacbfd94790d,USGS-05463500,4e653bd4-a279-b263-e053-0100007f735c,451,1988-10-05T14:00:00+00:00,Imported Channel 1,6.52,ft^3/s,47.0,ft,10.1,ft^2,0.64,ft/s,,,Unspecified,Unspecified,Unspecified,Unspecified,Unspecified,Unknown,Wading,2026-06-26T16:20:30.298917+00:00,point_velocity,Unspecified
05463500,POINT (-92.4632472222222 42.4077638888889),f47130bf-007a-4c25-934c-4a772796885f,USGS-05463500,4e6543a9-717b-b868-e053-0100007f6126,204,1965-10-06T17:20:00+00:00,Imported Channel 1,437,ft^3/s,81.0,ft,315,ft^2,1.39,ft/s,,,Unspecified,Unspecified,Unspecified,Unspecified,Unspecified,Unknown,Unspecified,2026-06-26T16:20:30.298917+00:00,point_velocity,Unspecified
05463500,POINT (-92.4632472222222 42.4077638888889),f48762f5-6dab-4ce2-89bc-4cd686ffc882,USGS-05463500,4e656a72-ce63-cc81-e053-0100007ff2f1,636,2016-07-05T16:30:54+00:00,hudson,374,ft^3/s,93.9,ft,287,ft^2,1.30,ft/s,,ft,Firm,SiltMud,Even,Even,Standard,Unknown,BridgeDownstreamSide,2026-06-26T16:20:30.298917+00:00,adcp,AtTheGage
05463500,POINT (-92.4632472222222 42.4077638888889),f4ef05b8-3781-4838-ab6d-cbd5d14cb2aa,USGS-05463500,d64dc392-0cf2-4c89-950e-5fc58f35cd2a,668,2020-04-28T15:05:09+00:00,Main,234,ft^3/s,91.1,ft,154,ft^2,1.52,ft/s,0.00,ft,Soft,SiltMud,Even,Even,Unknown,Steady,BridgeDownstreamSide,2026-06-26T16:20:30.298917+00:00,adcp,AtTheGage
05463500,POINT (-92.4632472222222 42.4077638888889),f4fa3d49-d5bd-4f4a-ab35-31ce33fc7a6a,USGS-05463500,4e653fbc-a56f-b662-e053-0100007f27ba,398,1982-10-26T19:55:00+00:00,Imported Channel 1,50.7,ft^3/s,44.5,ft,47.7,ft^2,1.06,ft/s,,,Unspecified,Unspecified,Unspecified,Unspecified,Unspecified,Unknown,Unspecified,2026-06-26T16:20:30.298917+00:00,point_velocity,Unspecified
05463500,POINT (-92.4632472222222 42.4077638888889),f4fe739c-1949-4a70-9f5a-6706e04bdf30,USGS-05463500,4e65548d-c165-c0f3-e053-0100007f0a48,240,1968-06-19T18:50:00+00:00,Imported Channel 1,24.8,ft^3/s,43.0,ft,22.5,ft^2,1.10,ft/s,,,Unspecified,Unspecified,Unspecified,Unspecified,Unspecified,Unknown,Unspecified,2026-06-26T16:20:30.298917+00:00,point_velocity,Unspecified
05463500,POINT (-92.4632472222222 42.4077638888889),f568741b-4730-4cad-9fe7-6eb191dfc360,USGS-05463500,4e653523-6375-b140-e053-0100007f723e,110,1959-07-28T15:35:00+00:00,Imported Channel 1,32.8,ft^3/s,33.0,ft,24.8,ft^2,1.32,ft/s,,,Unspecified,Unspecified,Unspecified,Unspecified,Unspecified,Unknown,Unspecified,2026-06-26T16:20:30.298917+00:00,point_velocity,Unspecified
05463500,POINT (-92.4632472222222 42.4077638888889),f5c99cb9-5b20-4975-8c6d-7df042b55fb3,USGS-05463500,4e653fb5-60bd-b695-e053-0100007f63f7,537,2004-04-12T15:50:00+00:00,Imported Channel 1,150,ft^3/s,73.0,ft,117,ft^2,1.28,ft/s,,,Unspecified,Unspecified,Unspecified,Unspecified,Unspecified,Unknown,Wading,2026-06-26T16:20:30.298917+00:00,point_velocity,Unspecified
05463500,POINT (-92.4632472222222 42.4077638888889),f5dbed69-780d-4e53-87b2-8e661aadab26,USGS-05463500,4e653a3c-d3ac-b3b3-e053-0100007f2054,529,2003-05-21T13:55:00+00:00,Imported Channel 1,466,ft^3/s,86.0,ft,281,ft^2,1.66,ft/s,,,Unspecified,Unspecified,Unspecified,Unspecified,Unspecified,Unknown,BridgeCrane,2026-06-26T16:20:30.298917+00:00,point_velocity,Unspecified
05463500,POINT (-92.4632472222222 42.4077638888889),f5e3f37c-fe1c-4593-a175-2c5947144bae,USGS-05463500,6a0c65ae-ac12-a797-e053-0100007f7ba8,650,2018-04-17T12:55:11+00:00,Main,440,ft^3/s,97.1,ft,249,ft^2,1.76,ft/s,5.00,ft,Soft,Sand,Uneven,Uneven,NonStandard,Steady,BridgeDownstreamSide,2026-06-26T16:20:30.298917+00:00,adcp,Upstream
05463500,POINT (-92.4632472222222 42.4077638888889),f5f5ca83-4b2a-4800-b8eb-24284c604084,USGS-05463500,4e656406-bf71-c842-e053-0100007fd707,375,1980-05-05T17:45:00+00:00,Imported Channel 1,83.8,ft^3/s,54.0,ft,101,ft^2,0.83,ft/s,,,Unspecified,Unspecified,Unspecified,Unspecified,Unspecified,Unknown,Unspecified,2026-06-26T16:20:30.298917+00:00,point_velocity,Unspecified
05463500,POINT (-92.4632472222222 42.4077638888889),f6b99b90-f1c7-4267-8c9e-0cce07afc909,USGS-05463500,8cb0ecf6-e557-4549-87b5-6a053fa53c65,690,2023-07-20T19:46:40+00:00,Main,36.9,ft^3/s,44.0,ft,45.2,ft^2,0.82,ft/s,0.00,ft,Firm,Sand,Even,Even,Unknown,Steady,Wading,2026-06-26T16:20:30.298917+00:00,point_velocity,AtTheGage
05463500,POINT (-92.4632472222222 42.4077638888889),f6f50a17-07e2-41fb-9920-85cda1f05c38,USGS-05463500,4e6552a8-835b-bda1-e053-0100007f8cf2,130,1961-01-03T17:25:00+00:00,Imported Channel 1,36.7,ft^3/s,39.0,ft,46.6,ft^2,0.79,ft/s,,,Unspecified,Unspecified,Unspecified,Unspecified,Unspecified,Unknown,Unspecified,2026-06-26T16:20:30.298917+00:00,point_velocity,Unspecified
05463500,POINT (-92.4632472222222 42.4077638888889),f775ee85-a5cf-4ac8-bfca-69b3e8854608,USGS-05463500,4e653d09-bca9-b573-e053-0100007f618f,429,1986-04-07T06:00:00+00:00,Imported Channel 1,448,ft^3/s,90.0,ft,336,ft^2,1.33,ft/s,,,Unspecified,Unspecified,Unspecified,Unspecified,Unspecified,Unknown,BridgeCrane,2026-06-26T16:20:30.298917+00:00,point_velocity,Unspecified
05463500,POINT (-92.4632472222222 42.4077638888889),f7b47d54-55f9-4320-b1d2-3372ac3fbbd9,USGS-05463500,4e6561da-39be-c731-e053-0100007fca8c,388,1981-08-24T19:00:00+00:00,Imported Channel 1,22.6,ft^3/s,34.0,ft,21.5,ft^2,1.05,ft/s,,,Unspecified,Unspecified,Unspecified,Unspecified,Unspecified,Unknown,Unspecified,2026-06-26T16:20:30.298917+00:00,point_velocity,Unspecified
05463500,POINT (-92.4632472222222 42.4077638888889),f859ecec-d8c7-4cc5-b3a6-20760d5408eb,USGS-05463500,4e6543b8-0e6f-b8e7-e053-0100007f06fe,195,1965-04-08T22:00:00+00:00,Imported Channel 1,605,ft^3/s,107,ft,450,ft^2,1.34,ft/s,,,Unspecified,Unspecified,Unspecified,Unspecified,Unspecified,Unknown,Unspecified,2026-06-26T16:20:30.298917+00:00,point_velocity,Unspecified
05463500,POINT (-92.4632472222222 42.4077638888889),f86723bb-bea1-4b10-a70f-73ab627b62b6,USGS-05463500,4e6546df-6437-ba29-e053-0100007f9a75,191,1965-03-04T21:10:00+00:00,Imported Channel 1,648,ft^3/s,107,ft,360,ft^2,1.80,ft/s,,,Unspecified,Unspecified,Unspecified,Unspecified,Unspecified,Unknown,Unspecified,2026-06-26T16:20:30.298917+00:00,point_velocity,Unspecified
05463500,POINT (-92.4632472222222 42.4077638888889),f9c87582-088d-4257-b73c-c39751e3948f,USGS-05463500,4e653f7c-5dc2-b64a-e053-0100007f79f3,18,1953-08-17T13:45:00+00:00,Imported Channel 1,44.0,ft^3/s,65.0,ft,32.5,ft^2,1.35,ft/s,,,Unspecified,Unspecified,Unspecified,Unspecified,Unspecified,Unknown,Wading,2026-06-26T16:20:30.298917+00:00,point_velocity,Unspecified
05463500,POINT (-92.4632472222222 42.4077638888889),f9e49b91-b6cc-49c7-b728-ba7d75c887ea,USGS-05463500,4e65552a-2f8e-c14c-e053-0100007fbee6,392,1982-02-09T17:55:00+00:00,Imported Channel 1,5.50,ft^3/s,32.0,ft,18.4,ft^2,0.30,ft/s,,,Unspecified,Unspecified,Unspecified,Unspecified,Unspecified,Unknown,Unspecified,2026-06-26T16:20:30.298917+00:00,point_velocity,Unspecified
05463500,POINT (-92.4632472222222 42.4077638888889),f9e5b576-d1aa-4d40-bfa4-2c94fe22ce65,USGS-05463500,4e656817-c115-caeb-e053-0100007f2f17,613,2013-05-28T18:00:00+00:00,North Culvert,132,ft^3/s,,,,,,,,ft,Unspecified,Unspecified,Even,Unspecified,Standard,Unknown,Other,2026-06-26T16:20:30.298917+00:00,other_method,Unspecified
05463500,POINT (-92.4632472222222 42.4077638888889),facb3b90-4bb3-4d64-9207-b559c7b1acb4,USGS-05463500,4e654a45-1301-bbaf-e053-0100007f851a,498,1994-04-22T14:23:00+00:00,Imported Channel 1,173,ft^3/s,71.0,ft,233,ft^2,0.74,ft/s,,,Unspecified,Unspecified,Unspecified,Unspecified,Unspecified,Unknown,BridgeCrane,2026-06-26T16:20:30.298917+00:00,point_velocity,Unspecified
05463500,POINT (-92.4632472222222 42.4077638888889),fadabd20-50c0-45c2-a65c-115da26da7b1,USGS-05463500,4fbb9614-0783-195f-e053-0100007f926c,642,2017-05-17T15:18:20+00:00,main,286,ft^3/s,88.6,ft,182,ft^2,1.57,ft/s,0.00,ft,Firm,Sand,Uneven,Uneven,NonStandard,Unknown,BridgeDownstreamSide,2026-06-26T16:20:30.298917+00:00,adcp,AtTheGage
05463500,POINT (-92.4632472222222 42.4077638888889),fb2f294f-2ac4-4d37-9774-efa9aeab17b3,USGS-05463500,4e653cec-e49e-b586-e053-0100007fdd6e,453,1989-01-12T17:00:00+00:00,Imported Channel 1,6.08,ft^3/s,72.0,ft,15.3,ft^2,0.40,ft/s,,,Unspecified,Unspecified,Unspecified,Unspecified,Unspecified,Unknown,Ice,2026-06-26T16:20:30.298917+00:00,point_velocity,Unspecified
05463500,POINT (-92.4632472222222 42.4077638888889),fbb442f6-5c9b-4038-bff4-cf1f99a5c227,USGS-05463500,4e6558b6-ea55-c341-e053-0100007f37b9,332,1976-05-19T17:25:00+00:00,Imported Channel 1,185,ft^3/s,62.0,ft,128,ft^2,1.45,ft/s,,,Unspecified,Unspecified,Unspecified,Unspecified,Unspecified,Unknown,Unspecified,2026-06-26T16:20:30.298917+00:00,point_velocity,Unspecified
05463500,POINT (-92.4632472222222 42.4077638888889),fbc6a41f-cf01-4b24-88fe-9fd3a33a2dc7,USGS-05463500,3a4c7116-d908-44a5-8de1-c41af0ba59c8,674,2020-11-30T15:39:00+00:00,Main,77.7,ft^3/s,82.0,ft,77.7,ft^2,1.00,ft/s,40.00,ft,Soft,Sand,Uneven,Uneven,Unknown,Steady,Wading,2026-06-26T16:20:30.298917+00:00,point_velocity,Upstream
05463500,POINT (-92.4632472222222 42.4077638888889),fc3b211f-59fe-4c52-aab0-f2a33931072d,USGS-05463500,4e6552a8-836b-bda1-e053-0100007f8cf2,248,1968-10-10T15:30:00+00:00,Imported Channel 1,983,ft^3/s,162,ft,680,ft^2,1.45,ft/s,,,Unspecified,Unspecified,Unspecified,Unspecified,Unspecified,Unknown,Unspecified,2026-06-26T16:20:30.298917+00:00,point_velocity,Unspecified
05463500,POINT (-92.4632472222222 42.4077638888889),fc718563-92ee-43e6-b96a-8c8b3a973c06,USGS-05463500,4e6536da-a7a3-b1bf-e053-0100007f8ff4,5,1952-07-07T17:20:00+00:00,Imported Channel 1,60.2,ft^3/s,83.0,ft,44.0,ft^2,1.37,ft/s,,,Unspecified,Unspecified,Unspecified,Unspecified,Unspecified,Unknown,Wading,2026-06-26T16:20:30.298917+00:00,point_velocity,Unspecified
05463500,POINT (-92.4632472222222 42.4077638888889),fd1c5750-6b1f-4161-9188-24edcbce668e,USGS-05463500,4e6554fe-6fb6-c0ef-e053-0100007fa61d,358,1978-09-19T15:30:00+00:00,Imported Channel 1,338,ft^3/s,75.0,ft,199,ft^2,1.70,ft/s,,,Unspecified,Unspecified,Unspecified,Unspecified,Unspecified,Unknown,Unspecified,2026-06-26T16:20:30.298917+00:00,point_velocity,Unspecified
05463500,POINT (-92.4632472222222 42.4077638888889),fd7288e0-35bc-4555-9d43-bf1ce421dca2,USGS-05463500,4e653ffc-6fa4-b697-e053-0100007f7944,301,1972-11-03T18:40:00+00:00,Imported Channel 1,711,ft^3/s,101,ft,435,ft^2,1.63,ft/s,,,Unspecified,Unspecified,Unspecified,Unspecified,Unspecified,Unknown,Unspecified,2026-06-26T16:20:30.298917+00:00,point_velocity,Unspecified
05463500,POINT (-92.4632472222222 42.4077638888889),fdb8155d-3b1d-477c-8c98-a10a429a4b78,USGS-05463500,4e6551b5-d189-bf57-e053-0100007f3c2d,380,1980-12-03T17:50:00+00:00,Imported Channel 1,12.3,ft^3/s,31.0,ft,12.6,ft^2,0.98,ft/s,,,Unspecified,Unspecified,Unspecified,Unspecified,Unspecified,Unknown,Unspecified,2026-06-26T16:20:30.298917+00:00,point_velocity,Unspecified
05463500,POINT (-92.4632472222222 42.4077638888889),fdc998db-f838-4fe8-a860-19be91df4583,USGS-05463500,4e654c4e-9224-b9ff-e053-0100007fc8c7,262,1969-07-18T12:20:00+00:00,Imported Channel 1,4440,ft^3/s,352,ft,3330,ft^2,1.33,ft/s,,,Unspecified,Unspecified,Unspecified,Unspecified,Unspecified,Unknown,Unspecified,2026-06-26T16:20:30.298917+00:00,point_velocity,Unspecified
05463500,POINT (-92.4632472222222 42.4077638888889),ff8a3737-89a5-46cf-97f5-570007da9427,USGS-05463500,4e654ed8-9871-bd3a-e053-0100007febbb,381,1981-01-13T18:00:00+00:00,Imported Channel 1,10.1,ft^3/s,21.0,ft,9.88,ft^2,1.02,ft/s,,,Unspecified,Unspecified,Unspecified,Unspecified,Unspecified,Unknown,Unspecified,2026-06-26T16:20:30.298917+00:00,point_velocity,Unspecified
05463500,POINT (-92.4632472222222 42.4077638888889),fff12085-9f0d-4ca8-9285-700ce378f481,USGS-05463500,66ee3bd7-1a2e-43a1-e053-0100007fb76d,649,2018-03-08T19:56:31+00:00,Main,149,ft^3/s,89.0,ft,109,ft^2,1.37,ft/s,10.00,ft,Firm,Sand,Uneven,Uneven,NonStandard,Steady,Wading,2026-06-26T16:20:30.298917+00:00,point_velocity,Upstream
