site_id,geometry,id,monitoring_location_id,field_visit_id,measurement_number,time,channel_name,channel_flow,channel_flow_unit,channel_width,channel_width_unit,channel_area,channel_area_unit,channel_velocity,channel_velocity_unit,channel_location_distance,channel_location_distance_unit,channel_stability,channel_material,channel_evenness,horizontal_velocity_description,vertical_velocity_description,longitudinal_velocity_description,measurement_type,last_modified,channel_measurement_type,channel_location_direction
05463000,POINT (-92.6182777777778 42.572),004a1539-1e9d-4b35-a6f3-bca1180d17f7,USGS-05463000,4e65563c-febb-c133-e053-0100007fc46d,633,2003-07-22T20:20:00+00:00,Imported Channel 1,268,ft^3/s,94.0,ft,164,ft^2,1.63,ft/s,,,Unspecified,Unspecified,Unspecified,Unspecified,Unspecified,Unknown,Wading,2026-06-28T02:09:53.109613+00:00,point_velocity,Unspecified
05463000,POINT (-92.6182777777778 42.572),009c0022-2739-48dc-acff-6289c2c5f7af,USGS-05463000,4e6554c1-6df3-c0e3-e053-0100007fade3,511,1990-03-28T18:20:00+00:00,Imported Channel 1,118,ft^3/s,69.0,ft,104,ft^2,1.13,ft/s,,,Unspecified,Unspecified,Unspecified,Unspecified,Unspecified,Unknown,Wading,2026-06-28T02:09:53.109613+00:00,point_velocity,Unspecified
05463000,POINT (-92.6182777777778 42.572),00bb5c6d-e967-4ad4-bd94-a3adf917b7d6,USGS-05463000,4e653a58-7d16-b3b1-e053-0100007f1db0,197,1962-03-26T21:50:00+00:00,Imported Channel 1,3570,ft^3/s,235,ft,1700,ft^2,2.10,ft/s,,,Unspecified,Unspecified,Unspecified,Unspecified,Unspecified,Unknown,BridgeCrane,2026-06-28T02:09:53.109613+00:00,point_velocity,Unspecified
05463000,POINT (-92.6182777777778 42.572),00c38564-95b4-4291-aef4-1eb82c37b80d,USGS-05463000,4e6547f1-5a39-ba81-e053-0100007f2798,184,1961-03-28T00:25:00+00:00,Imported Channel 1,2250,ft^3/s,235,ft,1440,ft^2,1.57,ft/s,,,Unspecified,Unspecified,Unspecified,Unspecified,Unspecified,Unknown,BridgeCrane,2026-06-28T02:09:53.109613+00:00,point_velocity,Unspecified
05463000,POINT (-92.6182777777778 42.572),00d33205-6fb1-403c-9e9e-5cee34ba7de4,USGS-05463000,4e653fbc-a52e-b662-e053-0100007f27ba,99,1954-11-29T17:15:00+00:00,Imported Channel 1,37.6,ft^3/s,40.0,ft,45.9,ft^2,0.82,ft/s,,,Unspecified,Unspecified,Unspecified,Unspecified,Unspecified,Unknown,Wading,2026-06-28T02:09:53.109613+00:00,point_velocity,Unspecified
05463000,POINT (-92.6182777777778 42.572),017c932b-fd65-4157-a856-b00f0cdcd526,USGS-05463000,4e653472-0cce-b0d1-e053-0100007ff18f,183,1961-03-06T16:35:00+00:00,Imported Channel 1,1170,ft^3/s,224,ft,1310,ft^2,0.89,ft/s,,,Unspecified,Unspecified,Unspecified,Unspecified,Unspecified,Unknown,BridgeCrane,2026-06-28T02:09:53.109613+00:00,point_velocity,Unspecified
05463000,POINT (-92.6182777777778 42.572),01a498ca-4622-4344-848b-c90ffa67298b,USGS-05463000,4e655888-dd5b-c2dc-e053-0100007fcc44,528,1991-11-13T19:25:00+00:00,Imported Channel 1,187,ft^3/s,92.0,ft,132,ft^2,1.40,ft/s,,,Unspecified,Unspecified,Unspecified,Unspecified,Unspecified,Unknown,Wading,2026-06-28T02:09:53.109613+00:00,point_velocity,Unspecified
05463000,POINT (-92.6182777777778 42.572),01e4a75d-f3a0-4fd3-9580-497baaf2e914,USGS-05463000,4e6538d4-d987-b2bf-e053-0100007fe5ec,49,1951-01-16T17:15:00+00:00,Imported Channel 1,12.4,ft^3/s,30.0,ft,20.6,ft^2,0.60,ft/s,,,Unspecified,Unspecified,Unspecified,Unspecified,Unspecified,Unknown,Ice,2026-06-28T02:09:53.109613+00:00,point_velocity,Unspecified
05463000,POINT (-92.6182777777778 42.572),0225da92-3767-4346-a0da-c8f589f397ec,USGS-05463000,4e654045-6e0c-b671-e053-0100007faac9,420,1979-12-12T14:20:00+00:00,Imported Channel 1,93.0,ft^3/s,78.0,ft,105,ft^2,0.89,ft/s,,,Unspecified,Unspecified,Unspecified,Unspecified,Unspecified,Unknown,Wading,2026-06-28T02:09:53.109613+00:00,point_velocity,Unspecified
05463000,POINT (-92.6182777777778 42.572),02445c18-7780-4f66-a090-f02bc2585f79,USGS-05463000,4e65434a-0713-b84a-e053-0100007f4e03,481,1987-02-04T16:25:00+00:00,Imported Channel 1,180,ft^3/s,81.0,ft,124,ft^2,1.45,ft/s,,,Unspecified,Unspecified,Unspecified,Unspecified,Unspecified,Unknown,Ice,2026-06-28T02:09:53.109613+00:00,point_velocity,Unspecified
05463000,POINT (-92.6182777777778 42.572),0255e118-1fc3-474b-ac3f-f79379f73d63,USGS-05463000,4e653c65-dcfe-b508-e053-0100007f6e84,161,1959-07-28T18:20:00+00:00,Imported Channel 1,39.7,ft^3/s,32.0,ft,25.5,ft^2,1.56,ft/s,,,Unspecified,Unspecified,Unspecified,Unspecified,Unspecified,Unknown,Wading,2026-06-28T02:09:53.109613+00:00,point_velocity,Unspecified
05463000,POINT (-92.6182777777778 42.572),03149aff-1eb7-4f6f-8809-1b35466fd812,USGS-05463000,4e6569f1-f9be-cc45-e053-0100007f7407,665,2007-05-01T16:50:00+00:00,Imported Channel 1,966,ft^3/s,195,ft,671,ft^2,1.44,ft/s,,ft,Unspecified,Unspecified,Unspecified,Unspecified,Unspecified,Unknown,Unspecified,2026-06-28T02:09:53.109613+00:00,adcp,Unspecified
05463000,POINT (-92.6182777777778 42.572),0379025b-1ffd-47e8-9ca1-e23d4191cfea,USGS-05463000,4e6547f1-5a58-ba81-e053-0100007f2798,332,1971-06-17T13:00:00+00:00,Imported Channel 1,441,ft^3/s,236,ft,484,ft^2,0.91,ft/s,,,Unspecified,Unspecified,Unspecified,Unspecified,Unspecified,Unknown,BridgeCrane,2026-06-28T02:09:53.109613+00:00,point_velocity,Unspecified
05463000,POINT (-92.6182777777778 42.572),03d5ac43-2de7-4631-8537-e5d8131b2e11,USGS-05463000,4e654002-3e2d-b66d-e053-0100007ff524,154,1959-02-26T21:20:00+00:00,Imported Channel 1,5.41,ft^3/s,16.0,ft,11.9,ft^2,45.0,ft/s,,,Unspecified,Unspecified,Unspecified,Unspecified,Unspecified,Unknown,Ice,2026-06-28T02:09:53.109613+00:00,point_velocity,Unspecified
05463000,POINT (-92.6182777777778 42.572),04c8052f-4e57-4575-8aae-65cc6a40bfa2,USGS-05463000,4e65563c-fec5-c133-e053-0100007fc46d,677,2009-01-20T22:50:00+00:00,Imported Channel 1,58.0,ft^3/s,128,ft,231,ft^2,0.25,ft/s,,,Firm,Sand,Even,Even,Unspecified,Unknown,Ice,2026-06-28T02:09:53.109613+00:00,point_velocity,Unspecified
05463000,POINT (-92.6182777777778 42.572),04f70ca8-ffe0-4090-a41b-0b10e93dc72a,USGS-05463000,4e654002-3e2b-b66d-e053-0100007ff524,130,1957-06-03T20:25:00+00:00,Imported Channel 1,173,ft^3/s,68.0,ft,137,ft^2,1.26,ft/s,,,Unspecified,Unspecified,Unspecified,Unspecified,Unspecified,Unknown,Wading,2026-06-28T02:09:53.109613+00:00,point_velocity,Unspecified
05463000,POINT (-92.6182777777778 42.572),05547be2-40fb-4251-8f9d-0ad060b87537,USGS-05463000,4e6563c2-db3c-c6bb-e053-0100007f213e,604,2000-08-07T15:15:00+00:00,Imported Channel 1,85.8,ft^3/s,55.0,ft,87.9,ft^2,0.98,ft/s,,,Unspecified,Unspecified,Unspecified,Unspecified,Unspecified,Unknown,Wading,2026-06-28T02:09:53.109613+00:00,point_velocity,Unspecified
05463000,POINT (-92.6182777777778 42.572),05b1e0fe-fa27-4f9e-a5f6-5719ef0a9f5d,USGS-05463000,4e654c19-97b3-bc43-e053-0100007fc312,627,2003-01-21T17:25:00+00:00,Imported Channel 1,20.6,ft^3/s,36.0,ft,31.3,ft^2,0.66,ft/s,,,Unspecified,Unspecified,Unspecified,Unspecified,Unspecified,Unknown,Ice,2026-06-28T02:09:53.109613+00:00,point_velocity,Unspecified
05463000,POINT (-92.6182777777778 42.572),06312b71-31b9-4649-88d8-5b1ac98b0f14,USGS-05463000,4e651b29-8eb2-a435-e053-0100007f6420,33,1949-11-11T21:35:00+00:00,Imported Channel 1,14.3,ft^3/s,25.0,ft,17.1,ft^2,0.84,ft/s,,,Unspecified,Unspecified,Unspecified,Unspecified,Unspecified,Unknown,Wading,2026-06-28T02:09:53.109613+00:00,point_velocity,Unspecified
05463000,POINT (-92.6182777777778 42.572),06b565b3-bfb9-4fd5-9309-949eb41d30d1,USGS-05463000,ead139db-165f-4f91-ab50-7565b1108c09,770,2021-01-22T17:15:00+00:00,MAIN,33.4,ft^3/s,41.0,ft,55.8,ft^2,0.60,ft/s,100.00,ft,Soft,Sand,Uneven,Uneven,NonStandard,Pulsating,Wading,2026-06-28T02:09:53.109613+00:00,point_velocity,Downstream
05463000,POINT (-92.6182777777778 42.572),07265139-7ffd-49d6-b5e3-a3d8a7eaecdd,USGS-05463000,4e65549d-8906-c0eb-e053-0100007f8f7c,440,1982-03-22T22:30:00+00:00,Imported Channel 1,767,ft^3/s,232,ft,785,ft^2,0.98,ft/s,,,Unspecified,Unspecified,Unspecified,Unspecified,Unspecified,Unknown,BridgeCrane,2026-06-28T02:09:53.109613+00:00,point_velocity,Unspecified
05463000,POINT (-92.6182777777778 42.572),07aec92c-2d88-4b7b-8a35-9bae5dfe5e0c,USGS-05463000,4e6531e9-a869-afa0-e053-0100007f2af8,298,1968-11-20T20:30:00+00:00,Imported Channel 1,140,ft^3/s,71.0,ft,105,ft^2,1.33,ft/s,,,Unspecified,Unspecified,Unspecified,Unspecified,Unspecified,Unknown,Wading,2026-06-28T02:09:53.109613+00:00,point_velocity,Unspecified
05463000,POINT (-92.6182777777778 42.572),07c831f1-00b7-4283-bceb-268ee1a6e100,USGS-05463000,4e6547f1-5a3d-ba81-e053-0100007f2798,189,1961-08-08T19:30:00+00:00,Imported Channel 1,47.2,ft^3/s,43.0,ft,34.2,ft^2,1.38,ft/s,,,Unspecified,Unspecified,Unspecified,Unspecified,Unspecified,Unknown,Wading,2026-06-28T02:09:53.109613+00:00,point_velocity,Unspecified
05463000,POINT (-92.6182777777778 42.572),07d6c132-a345-4837-a779-58cf07d855b7,USGS-05463000,4e654e2f-2edf-bd5b-e053-0100007f5551,425,1980-07-29T16:05:00+00:00,Imported Channel 1,58.6,ft^3/s,44.0,ft,38.7,ft^2,1.51,ft/s,,,Unspecified,Unspecified,Unspecified,Unspecified,Unspecified,Unknown,Wading,2026-06-28T02:09:53.109613+00:00,point_velocity,Unspecified
05463000,POINT (-92.6182777777778 42.572),0821add7-9071-47a9-96aa-ed813fc025c8,USGS-05463000,4e655123-de54-bf00-e053-0100007f9887,388,1977-05-17T21:00:00+00:00,Imported Channel 1,20.2,ft^3/s,25.0,ft,16.8,ft^2,1.20,ft/s,,,Unspecified,Unspecified,Unspecified,Unspecified,Unspecified,Unknown,Wading,2026-06-28T02:09:53.109613+00:00,point_velocity,Unspecified
05463000,POINT (-92.6182777777778 42.572),08579afc-501f-4935-94c4-f811e657ab3c,USGS-05463000,4e654723-c5d8-ba2f-e053-0100007f3d30,259,1966-02-10T16:55:00+00:00,Imported Channel 1,2120,ft^3/s,231,ft,1500,ft^2,1.41,ft/s,,,Unspecified,Unspecified,Unspecified,Unspecified,Unspecified,Unknown,BridgeCrane,2026-06-28T02:09:53.109613+00:00,point_velocity,Unspecified
05463000,POINT (-92.6182777777778 42.572),086e2c41-3b96-4ab4-92d9-fa8c58b0e6bf,USGS-05463000,4e654e7d-1cd1-bd93-e053-0100007ff562,276,1967-06-12T20:55:00+00:00,Imported Channel 1,82.4,ft^3/s,224,ft,909,ft^2,0.91,ft/s,,,Unspecified,Unspecified,Unspecified,Unspecified,Unspecified,Unknown,Cableway,2026-06-28T02:09:53.109613+00:00,point_velocity,Unspecified
05463000,POINT (-92.6182777777778 42.572),08d34a50-d2d9-4aaf-986e-26be9bbb4494,USGS-05463000,4e6567b8-c69b-cae9-e053-0100007fd21e,616,2001-10-02T17:45:00+00:00,Imported Channel 1,72.2,ft^3/s,47.0,ft,41.7,ft^2,1.73,ft/s,,,Unspecified,Unspecified,Unspecified,Unspecified,Unspecified,Unknown,Wading,2026-06-28T02:09:53.109613+00:00,point_velocity,Unspecified
05463000,POINT (-92.6182777777778 42.572),09024938-4e79-4e5b-8914-4ccb4a508067,USGS-05463000,4e655157-ead4-bd9f-e053-0100007f51f9,530,1992-04-08T20:35:00+00:00,Imported Channel 1,192,ft^3/s,79.0,ft,138,ft^2,1.39,ft/s,,,Unspecified,Unspecified,Unspecified,Unspecified,Unspecified,Unknown,Wading,2026-06-28T02:09:53.109613+00:00,point_velocity,Unspecified
05463000,POINT (-92.6182777777778 42.572),098426d4-cff0-4f58-8fbd-815a0f8beaf5,USGS-05463000,4e655c71-e367-c4b9-e053-0100007fc513,598,1999-11-29T17:15:00+00:00,Imported Channel 1,45.1,ft^3/s,44.0,ft,46.3,ft^2,0.97,ft/s,,,Unspecified,Unspecified,Unspecified,Unspecified,Unspecified,Unknown,Wading,2026-06-28T02:09:53.109613+00:00,point_velocity,Unspecified
05463000,POINT (-92.6182777777778 42.572),0a56796a-2e39-4f5a-8b33-7da012d0f6df,USGS-05463000,4e653c43-8c2e-b538-e053-0100007f525c,193,1961-12-04T22:30:00+00:00,Imported Channel 1,100,ft^3/s,66.0,ft,76.5,ft^2,1.30,ft/s,,,Unspecified,Unspecified,Unspecified,Unspecified,Unspecified,Unknown,Wading,2026-06-28T02:09:53.109613+00:00,point_velocity,Unspecified
05463000,POINT (-92.6182777777778 42.572),0aaa025f-d088-41dc-8029-e83a8f19ebe4,USGS-05463000,4e655c32-a87a-c4ad-e053-0100007f8b15,605,2000-09-21T17:55:00+00:00,Imported Channel 1,28.7,ft^3/s,48.0,ft,33.1,ft^2,0.87,ft/s,,,Unspecified,Unspecified,Unspecified,Unspecified,Unspecified,Unknown,Wading,2026-06-28T02:09:53.109613+00:00,point_velocity,Unspecified
05463000,POINT (-92.6182777777778 42.572),0ac8ea7c-90b5-4acf-99e9-14e356eef6d9,USGS-05463000,4e656778-b90e-ca66-e053-0100007fddd0,725,2015-06-19T15:21:55+00:00,New Harford,577,ft^3/s,190,ft,751,ft^2,0.77,ft/s,,ft,Firm,Sand,Even,Even,Standard,Unknown,BridgeDownstreamSide,2026-06-28T02:09:53.109613+00:00,adcp,AtTheGage
05463000,POINT (-92.6182777777778 42.572),0ae5c036-cfef-460a-b6d4-492eac2a97fc,USGS-05463000,4e655529-2b93-c148-e053-0100007fbab2,396,1977-12-12T22:05:00+00:00,Imported Channel 1,17.2,ft^3/s,64.0,ft,24.1,ft^2,0.71,ft/s,,,Unspecified,Unspecified,Unspecified,Unspecified,Unspecified,Unknown,Ice,2026-06-28T02:09:53.109613+00:00,point_velocity,Unspecified
05463000,POINT (-92.6182777777778 42.572),0afdc187-3650-4371-b4b9-4661c860db12,USGS-05463000,4e654dfc-8600-bd22-e053-0100007f3b34,272,1967-03-02T15:05:00+00:00,Imported Channel 1,36.6,ft^3/s,69.0,ft,46.6,ft^2,0.78,ft/s,,,Unspecified,Unspecified,Unspecified,Unspecified,Unspecified,Unknown,Ice,2026-06-28T02:09:53.109613+00:00,point_velocity,Unspecified
05463000,POINT (-92.6182777777778 42.572),0aff266f-691e-4ac7-84fb-923b8c85a697,USGS-05463000,f114d81b-6e50-4bac-9188-d9f6e061777d,791,2024-02-28T16:48:29+00:00,Main,22.6,ft^3/s,61.0,ft,46.7,ft^2,0.48,ft/s,80.00,ft,Firm,Sand,Even,Uneven,NonStandard,Pulsating,Wading,2026-06-28T02:09:53.109613+00:00,point_velocity,Downstream
05463000,POINT (-92.6182777777778 42.572),0b0f486f-3aaa-4bca-8ea6-55dc42ccaa16,USGS-05463000,4e653643-142a-b13c-e053-0100007f8cd6,509,1990-02-21T20:00:00+00:00,Imported Channel 1,9.47,ft^3/s,36.0,ft,19.0,ft^2,0.50,ft/s,,,Unspecified,Unspecified,Unspecified,Unspecified,Unspecified,Unknown,Wading,2026-06-28T02:09:53.109613+00:00,point_velocity,Unspecified
05463000,POINT (-92.6182777777778 42.572),0b5deb80-289a-4b1f-aa1a-8c74905450f7,USGS-05463000,4e65358e-674a-b12c-e053-0100007f3e12,234,1964-10-01T22:00:00+00:00,Imported Channel 1,53.6,ft^3/s,50.0,ft,52.1,ft^2,1.03,ft/s,,,Unspecified,Unspecified,Unspecified,Unspecified,Unspecified,Unknown,Wading,2026-06-28T02:09:53.109613+00:00,point_velocity,Unspecified
05463000,POINT (-92.6182777777778 42.572),0bc03aff-e065-4de1-886f-983fe39b5e25,USGS-05463000,4e65552a-2fa3-c14c-e053-0100007fbee6,643,2004-08-18T15:46:00+00:00,Imported Channel 1,693,ft^3/s,208,ft,867,ft^2,0.80,ft/s,,ft,Unspecified,Unspecified,Unspecified,Unspecified,Unspecified,Unknown,Unspecified,2026-06-28T02:09:53.109613+00:00,adcp,Unspecified
05463000,POINT (-92.6182777777778 42.572),0be0bd86-d826-4c39-85aa-59dd17bad836,USGS-05463000,4e656817-c119-caeb-e053-0100007f2f17,629,2003-04-14T16:10:00+00:00,Imported Channel 1,166,ft^3/s,75.0,ft,108,ft^2,1.54,ft/s,,,Unspecified,Unspecified,Unspecified,Unspecified,Unspecified,Unknown,Wading,2026-06-28T02:09:53.109613+00:00,point_velocity,Unspecified
05463000,POINT (-92.6182777777778 42.572),0c2e5e2e-2712-4322-84a3-f505562b9186,USGS-05463000,4e6563c2-db43-c6bb-e053-0100007f213e,614,2001-07-17T16:55:00+00:00,Imported Channel 1,119,ft^3/s,67.0,ft,81.4,ft^2,1.46,ft/s,,,Unspecified,Unspecified,Unspecified,Unspecified,Unspecified,Unknown,Wading,2026-06-28T02:09:53.109613+00:00,point_velocity,Unspecified
05463000,POINT (-92.6182777777778 42.572),0c7da7a2-8b93-4e9d-b66a-284313a10ac4,USGS-05463000,4e6546e0-f43e-ba2b-e053-0100007ff590,196,1962-03-07T16:30:00+00:00,Imported Channel 1,40.0,ft^3/s,69.0,ft,52.9,ft^2,0.76,ft/s,,,Unspecified,Unspecified,Unspecified,Unspecified,Unspecified,Unknown,Ice,2026-06-28T02:09:53.109613+00:00,point_velocity,Unspecified
05463000,POINT (-92.6182777777778 42.572),0cc4d804-57dc-41c7-9cdf-f0f5a1db38d3,USGS-05463000,4e6538d4-d98a-b2bf-e053-0100007fe5ec,78,1953-05-21T14:55:00+00:00,Imported Channel 1,103,ft^3/s,610,ft,89.0,ft^2,1.16,ft/s,,,Unspecified,Unspecified,Unspecified,Unspecified,Unspecified,Unknown,Wading,2026-06-28T02:09:53.109613+00:00,point_velocity,Unspecified
05463000,POINT (-92.6182777777778 42.572),0ccc0af9-e19a-44a3-a0c2-1ae26c99cba7,USGS-05463000,4e65752d-efc5-d169-e053-0100007f74ab,721,2014-10-27T19:21:08+00:00,New Hartford,228,ft^3/s,189,ft,562,ft^2,0.41,ft/s,,ft,Soft,Sand,Even,Even,Standard,Unknown,BridgeDownstreamSide,2026-06-28T02:09:53.109613+00:00,adcp,AtTheGage
05463000,POINT (-92.6182777777778 42.572),0d2601d4-4374-4376-b827-797119f9dfbe,USGS-05463000,4e653fd4-a943-b69b-e053-0100007fa7d9,445,1982-10-26T22:00:00+00:00,Imported Channel 1,154,ft^3/s,74.0,ft,119,ft^2,1.29,ft/s,,,Unspecified,Unspecified,Unspecified,Unspecified,Unspecified,Unknown,Wading,2026-06-28T02:09:53.109613+00:00,point_velocity,Unspecified
05463000,POINT (-92.6182777777778 42.572),0d501de2-4f33-40d4-bde0-34cef3bd9728,USGS-05463000,4e6535e8-3eba-b0e0-e053-0100007ff514,523,1991-05-19T16:05:00+00:00,Imported Channel 1,6300,ft^3/s,265,ft,2300,ft^2,2.74,ft/s,,,Unspecified,Unspecified,Unspecified,Unspecified,Unspecified,Unknown,BridgeCrane,2026-06-28T02:09:53.109613+00:00,point_velocity,Unspecified
05463000,POINT (-92.6182777777778 42.572),0dad4fa4-3d3a-45c2-acff-98981a4e6467,USGS-05463000,4e6554ab-961d-c0e7-e053-0100007f79b2,550,1994-10-05T13:19:00+00:00,Imported Channel 1,378,ft^3/s,166,ft,292,ft^2,1.29,ft/s,,,Unspecified,Unspecified,Unspecified,Unspecified,Unspecified,Unknown,BridgeCrane,2026-06-28T02:09:53.109613+00:00,point_velocity,Unspecified
05463000,POINT (-92.6182777777778 42.572),0e1ce862-b8b9-4224-8528-03f203c8d584,USGS-05463000,4e653ffc-6f95-b697-e053-0100007f7944,446,1982-12-02T19:20:00+00:00,Imported Channel 1,222,ft^3/s,82.0,ft,142,ft^2,1.56,ft/s,,,Unspecified,Unspecified,Unspecified,Unspecified,Unspecified,Unknown,Wading,2026-06-28T02:09:53.109613+00:00,point_velocity,Unspecified
05463000,POINT (-92.6182777777778 42.572),0eec664c-5fe0-45ab-818b-30cd2947b64c,USGS-05463000,4e654e5b-48d5-bd59-e053-0100007fe6d2,534,1992-10-06T18:35:00+00:00,Imported Channel 1,70.5,ft^3/s,64.0,ft,61.8,ft^2,1.14,ft/s,,,Unspecified,Unspecified,Unspecified,Unspecified,Unspecified,Unknown,Wading,2026-06-28T02:09:53.109613+00:00,point_velocity,Unspecified
05463000,POINT (-92.6182777777778 42.572),0fa3caf0-fbb6-4b80-ac0f-4b36fad1ea14,USGS-05463000,4e656796-2517-caaa-e053-0100007fb538,670,2007-11-28T16:35:00+00:00,Imported Channel 1,219,ft^3/s,126,ft,147,ft^2,1.50,ft/s,,,Unspecified,Unspecified,Unspecified,Unspecified,Unspecified,Unknown,Wading,2026-06-28T02:09:53.109613+00:00,point_velocity,Unspecified
05463000,POINT (-92.6182777777778 42.572),0fbd6951-03f5-4a3b-96f9-5d8fd13aa6bc,USGS-05463000,77e3e9a5-d7b3-93c2-e053-0100007f5a07,755,2018-10-10T16:27:16+00:00,Qm 755,3380,ft^3/s,235,ft,1510,ft^2,2.24,ft/s,5.00,ft,Firm,Sand,Even,Even,Standard,Pulsating,BridgeDownstreamSide,2026-06-28T02:09:53.109613+00:00,adcp,Downstream
05463000,POINT (-92.6182777777778 42.572),0fe40946-365c-4be8-9e45-61782b1ea410,USGS-05463000,4e65628f-fb10-c78a-e053-0100007f94fa,697,2011-05-17T20:12:00+00:00,main,426,ft^3/s,188,ft,326,ft^2,1.31,ft/s,,,Firm,Sand,Uneven,Even,Standard,Unknown,Wading,2026-06-28T02:09:53.109613+00:00,point_velocity,AtTheGage
05463000,POINT (-92.6182777777778 42.572),0ff184da-179a-475c-84a1-33aa9cae3684,USGS-05463000,4e654045-6ddd-b671-e053-0100007faac9,68,1952-07-07T23:50:00+00:00,Imported Channel 1,111,ft^3/s,69.0,ft,74.0,ft^2,1.50,ft/s,,,Unspecified,Unspecified,Unspecified,Unspecified,Unspecified,Unknown,Wading,2026-06-28T02:09:53.109613+00:00,point_velocity,Unspecified
05463000,POINT (-92.6182777777778 42.572),10c14824-f0cd-4aad-a011-1afd7a60ed2f,USGS-05463000,4e654c19-9781-bc43-e053-0100007fc312,297,1968-10-10T20:25:00+00:00,Imported Channel 1,1.89,ft^3/s,236,ft,1460,ft^2,1.29,ft/s,,,Unspecified,Unspecified,Unspecified,Unspecified,Unspecified,Unknown,BridgeCrane,2026-06-28T02:09:53.109613+00:00,point_velocity,Unspecified
05463000,POINT (-92.6182777777778 42.572),112abf5b-d5f6-4e79-b171-4450133e3f51,USGS-05463000,4e653c6e-b53c-b53c-e053-0100007ff080,309,1969-07-17T14:45:00+00:00,Imported Channel 1,742,ft^3/s,236,ft,1210,ft^2,0.57,ft/s,,,Unspecified,Unspecified,Unspecified,Unspecified,Unspecified,Unknown,BridgeCrane,2026-06-28T02:09:53.109613+00:00,point_velocity,Unspecified
05463000,POINT (-92.6182777777778 42.572),1134842a-32e4-4a03-ba63-0564d430e6e7,USGS-05463000,4e653cec-e498-b586-e053-0100007fdd6e,173,1960-05-02T19:55:00+00:00,Imported Channel 1,620,ft^3/s,234,ft,879,ft^2,0.70,ft/s,,,Unspecified,Unspecified,Unspecified,Unspecified,Unspecified,Unknown,BridgeCrane,2026-06-28T02:09:53.109613+00:00,point_velocity,Unspecified
05463000,POINT (-92.6182777777778 42.572),11d963be-0c9e-4282-b4ae-52875d645462,USGS-05463000,4e6563cd-de7e-c6b9-e053-0100007fe049,615,2001-08-27T15:50:00+00:00,Imported Channel 1,45.5,ft^3/s,42.0,ft,36.0,ft^2,1.26,ft/s,,,Unspecified,Unspecified,Unspecified,Unspecified,Unspecified,Unknown,Wading,2026-06-28T02:09:53.109613+00:00,point_velocity,Unspecified
05463000,POINT (-92.6182777777778 42.572),12c082d3-dc2c-4f5e-9489-3195ff29f83f,USGS-05463000,842680d9-4564-23a8-e053-0100007fa7bd,757,2019-03-15T16:30:12+00:00,Main,10300,ft^3/s,283,ft,2560,ft^2,4.00,ft/s,0.00,ft,Soft,Sand,Uneven,Uneven,NonStandard,Pulsating,BridgeDownstreamSide,2026-06-28T02:09:53.109613+00:00,adcp,AtTheGage
05463000,POINT (-92.6182777777778 42.572),1331f739-7436-486e-9f0e-82643a539b80,USGS-05463000,4e653ffc-6f7c-b697-e053-0100007f7944,315,1970-01-22T21:30:00+00:00,Imported Channel 1,24.9,ft^3/s,68.0,ft,107,ft^2,0.23,ft/s,,,Unspecified,Unspecified,Unspecified,Unspecified,Unspecified,Unknown,Ice,2026-06-28T02:09:53.109613+00:00,point_velocity,Unspecified
05463000,POINT (-92.6182777777778 42.572),1349f0d1-43ee-4f0c-9208-1236d55a87a0,USGS-05463000,4e6547b6-a0e2-ba7d-e053-0100007ff437,223,1963-12-11T14:25:00+00:00,Imported Channel 1,15.9,ft^3/s,24.0,ft,24.7,ft^2,0.64,ft/s,,,Unspecified,Unspecified,Unspecified,Unspecified,Unspecified,Unknown,Wading,2026-06-28T02:09:53.109613+00:00,point_velocity,Unspecified
05463000,POINT (-92.6182777777778 42.572),13953197-a5b6-4da9-a665-8147169b4dbb,USGS-05463000,68c8fb80-ca28-4490-b867-ffa38a005718,789,2023-11-07T16:00:57+00:00,Main,15.8,ft^3/s,33.0,ft,16.1,ft^2,0.98,ft/s,50.00,ft,Firm,Sand,Even,Even,Standard,Pulsating,Wading,2026-06-28T02:09:53.109613+00:00,point_velocity,Unspecified
05463000,POINT (-92.6182777777778 42.572),13972c77-d04c-44fa-a1ea-89485ddbe64b,USGS-05463000,4e654eee-cfbd-bd18-e053-0100007f1680,436,1981-10-06T16:00:00+00:00,Imported Channel 1,54.4,ft^3/s,39.0,ft,41.2,ft^2,1.32,ft/s,,,Unspecified,Unspecified,Unspecified,Unspecified,Unspecified,Unknown,Wading,2026-06-28T02:09:53.109613+00:00,point_velocity,Unspecified
05463000,POINT (-92.6182777777778 42.572),13b503e0-269b-4934-9a21-116a9acdceae,USGS-05463000,4e655494-2acb-c0e5-e053-0100007f50b4,512,1990-05-16T15:15:00+00:00,Imported Channel 1,222,ft^3/s,86.0,ft,161,ft^2,1.38,ft/s,,,Unspecified,Unspecified,Unspecified,Unspecified,Unspecified,Unknown,Wading,2026-06-28T02:09:53.109613+00:00,point_velocity,Unspecified
05463000,POINT (-92.6182777777778 42.572),14050f4a-7089-43b5-bf2f-6e37e78fd27a,USGS-05463000,1c6a38ff-974d-42ad-9990-cbc8dd613577,800,2025-06-27T20:55:53+00:00,Main,1050,ft^3/s,135,ft,502,ft^2,2.09,ft/s,10.00,ft,Soft,Sand,Uneven,Uneven,Standard,Pulsating,BridgeDownstreamSide,2026-06-28T02:09:53.109613+00:00,adcp,Downstream
05463000,POINT (-92.6182777777778 42.572),147dbab6-6c82-4e73-9176-b9a0fb473b0d,USGS-05463000,4e653fb5-60be-b695-e053-0100007f63f7,266,1966-09-01T19:25:00+00:00,Imported Channel 1,90.8,ft^3/s,54.0,ft,62.5,ft^2,1.45,ft/s,,,Unspecified,Unspecified,Unspecified,Unspecified,Unspecified,Unknown,Wading,2026-06-28T02:09:53.109613+00:00,point_velocity,Unspecified
05463000,POINT (-92.6182777777778 42.572),14aa1fb8-1d03-4eb9-bd6d-f39ca15b65d2,USGS-05463000,4e6543ca-908e-b866-e053-0100007fc6fc,506,1989-10-18T15:55:00+00:00,Imported Channel 1,10.5,ft^3/s,35.0,ft,14.3,ft^2,0.74,ft/s,,,Unspecified,Unspecified,Unspecified,Unspecified,Unspecified,Unknown,Wading,2026-06-28T02:09:53.109613+00:00,point_velocity,Unspecified
05463000,POINT (-92.6182777777778 42.572),1524d2d1-267a-4fa7-b88e-1ba66b8f1534,USGS-05463000,4e6546df-643c-ba29-e053-0100007f9a75,467,1985-07-22T05:00:00+00:00,Imported Channel 1,65.4,ft^3/s,38.0,ft,46.9,ft^2,1.39,ft/s,,,Unspecified,Unspecified,Unspecified,Unspecified,Unspecified,Unknown,Wading,2026-06-28T02:09:53.109613+00:00,point_velocity,Unspecified
05463000,POINT (-92.6182777777778 42.572),154b46d5-8759-45f5-b1e8-b2b84ecb95b4,USGS-05463000,4e654074-6b1c-b48a-e053-0100007f92b0,202,1962-06-04T17:25:00+00:00,Imported Channel 1,196,ft^3/s,59.0,ft,141,ft^2,1.39,ft/s,,,Unspecified,Unspecified,Unspecified,Unspecified,Unspecified,Unknown,Wading,2026-06-28T02:09:53.109613+00:00,point_velocity,Unspecified
05463000,POINT (-92.6182777777778 42.572),157b4b2d-340d-40f2-b2d4-ca807f09ba0d,USGS-05463000,4e653643-13e9-b13c-e053-0100007f8cd6,153,1959-01-30T19:40:00+00:00,Imported Channel 1,5.92,ft^3/s,17.0,ft,9.89,ft^2,0.60,ft/s,,,Unspecified,Unspecified,Unspecified,Unspecified,Unspecified,Unknown,Ice,2026-06-28T02:09:53.109613+00:00,point_velocity,Unspecified
05463000,POINT (-92.6182777777778 42.572),15a8f64a-b341-481e-bd4f-6013348b91f9,USGS-05463000,4e65551f-ea5c-c131-e053-0100007fbd2e,382,1976-11-01T21:55:00+00:00,Imported Channel 1,21.0,ft^3/s,27.0,ft,17.6,ft^2,1.19,ft/s,,,Unspecified,Unspecified,Unspecified,Unspecified,Unspecified,Unknown,Wading,2026-06-28T02:09:53.109613+00:00,point_velocity,Unspecified
05463000,POINT (-92.6182777777778 42.572),15e0e9e9-782b-483f-bf7e-903511ec21e4,USGS-05463000,4e655cb7-2912-c4c7-e053-0100007f189c,497,1988-09-12T18:35:00+00:00,Imported Channel 1,4.47,ft^3/s,25.0,ft,11.0,ft^2,0.41,ft/s,,,Unspecified,Unspecified,Unspecified,Unspecified,Unspecified,Unknown,Wading,2026-06-28T02:09:53.109613+00:00,point_velocity,Unspecified
05463000,POINT (-92.6182777777778 42.572),15e4b071-7216-401a-9fb2-7fe64b4fc390,USGS-05463000,4e652ada-3312-ac3c-e053-0100007f1da8,96,1954-09-07T23:30:00+00:00,Imported Channel 1,44.2,ft^3/s,37.0,ft,37.7,ft^2,1.17,ft/s,,,Unspecified,Unspecified,Unspecified,Unspecified,Unspecified,Unknown,Wading,2026-06-28T02:09:53.109613+00:00,point_velocity,Unspecified
05463000,POINT (-92.6182777777778 42.572),163fb1d0-9aca-4e38-8348-6d68c5fe1576,USGS-05463000,6decd811-dec4-4700-b180-6d55ddee2021,772,2021-05-03T19:56:30+00:00,MAIN,78.6,ft^3/s,48.0,ft,58.1,ft^2,1.35,ft/s,110.00,ft,Soft,Sand,Even,Even,Standard,Steady,Wading,2026-06-28T02:09:53.109613+00:00,point_velocity,Downstream
05463000,POINT (-92.6182777777778 42.572),16a0e597-f21f-434a-bfea-da3d35f3faf1,USGS-05463000,4e656c61-e880-cb56-e053-0100007fa58c,724,2015-03-30T23:48:30+00:00,New Hartford,128,ft^3/s,197,ft,455,ft^2,0.28,ft/s,,,Soft,Sand,Even,Uneven,Standard,Unknown,Wading,2026-06-28T02:09:53.109613+00:00,point_velocity,AtTheGage
05463000,POINT (-92.6182777777778 42.572),16b20db2-6f41-49e0-94ad-d7f82ae8073b,USGS-05463000,4e6535e8-3e8a-b0e0-e053-0100007ff514,158,1959-04-28T19:10:00+00:00,Imported Channel 1,84.1,ft^3/s,49.0,ft,91.6,ft^2,0.92,ft/s,,,Unspecified,Unspecified,Unspecified,Unspecified,Unspecified,Unknown,Wading,2026-06-28T02:09:53.109613+00:00,point_velocity,Unspecified
05463000,POINT (-92.6182777777778 42.572),179640c0-bc37-488e-87e8-e708c9ccc520,USGS-05463000,4e655541-eb2a-c14a-e053-0100007f3945,409,1978-12-19T21:50:00+00:00,Imported Channel 1,77.1,ft^3/s,48.0,ft,66.9,ft^2,1.15,ft/s,,,Unspecified,Unspecified,Unspecified,Unspecified,Unspecified,Unknown,Ice,2026-06-28T02:09:53.109613+00:00,point_velocity,Unspecified
05463000,POINT (-92.6182777777778 42.572),17c60ce8-2c0c-4b77-af62-b69c6aadfd5e,USGS-05463000,4e656796-250e-caaa-e053-0100007fb538,630,2003-05-21T19:50:00+00:00,Imported Channel 1,438,ft^3/s,117,ft,259,ft^2,1.69,ft/s,,,Unspecified,Unspecified,Unspecified,Unspecified,Unspecified,Unknown,BridgeCrane,2026-06-28T02:09:53.109613+00:00,point_velocity,Unspecified
05463000,POINT (-92.6182777777778 42.572),17cbe181-da44-4d24-a847-e9631b95e00f,USGS-05463000,4e65265c-ca85-aa15-e053-0100007fc532,37,1950-03-28T13:40:00+00:00,Imported Channel 1,553,ft^3/s,228,ft,1040,ft^2,0.53,ft/s,,,Unspecified,Unspecified,Unspecified,Unspecified,Unspecified,Unknown,BridgeCrane,2026-06-28T02:09:53.109613+00:00,point_velocity,Unspecified
05463000,POINT (-92.6182777777778 42.572),17d634f6-aa6c-4486-b196-c97fcd7b1aa5,USGS-05463000,4e654e3d-b58e-bd49-e053-0100007f11ad,313,1969-11-18T18:00:00+00:00,Imported Channel 1,66.8,ft^3/s,,,,,,,,ft,Unspecified,Unspecified,Unspecified,Unspecified,Unspecified,Unknown,Unspecified,2026-06-28T02:09:53.109613+00:00,other_method,Unspecified
05463000,POINT (-92.6182777777778 42.572),18316c56-8179-45b4-88c9-f879c691cefe,USGS-05463000,4e65468e-fce2-ba03-e053-0100007f8646,174,1960-06-06T20:40:00+00:00,Imported Channel 1,210,ft^3/s,68.0,ft,163,ft^2,1.29,ft/s,,,Unspecified,Unspecified,Unspecified,Unspecified,Unspecified,Unknown,Wading,2026-06-28T02:09:53.109613+00:00,point_velocity,Unspecified
05463000,POINT (-92.6182777777778 42.572),1843ca4b-eed9-4ee7-9637-30f4057a29b1,USGS-05463000,6a9863e7-27db-e0d5-e053-0100007f4448,749,2018-04-23T17:16:07+00:00,main,449,ft^3/s,189,ft,367,ft^2,1.22,ft/s,10.00,ft,Firm,Sand,Even,Even,Standard,Steady,BridgeDownstreamSide,2026-06-28T02:09:53.109613+00:00,adcp,Downstream
05463000,POINT (-92.6182777777778 42.572),184b7957-d833-49c8-8ba6-9e0c48b0f7e2,USGS-05463000,4e655bec-27f3-c4d9-e053-0100007f7ca7,631,2003-06-25T15:40:00+00:00,Imported Channel 1,172,ft^3/s,69.0,ft,110,ft^2,1.56,ft/s,,,Unspecified,Unspecified,Unspecified,Unspecified,Unspecified,Unknown,Wading,2026-06-28T02:09:53.109613+00:00,point_velocity,Unspecified
05463000,POINT (-92.6182777777778 42.572),184c0447-105a-4699-b68d-6e261b4d3e8c,USGS-05463000,4e655888-dd4f-c2dc-e053-0100007fcc44,460,1984-11-20T06:00:00+00:00,Imported Channel 1,72.8,ft^3/s,45.0,ft,52.6,ft^2,1.38,ft/s,,,Unspecified,Unspecified,Unspecified,Unspecified,Unspecified,Unknown,Wading,2026-06-28T02:09:53.109613+00:00,point_velocity,Unspecified
05463000,POINT (-92.6182777777778 42.572),18b58f6c-37ad-4545-84a1-88c53a3757fb,USGS-05463000,4e6531e9-a86c-afa0-e053-0100007f2af8,301,1969-02-19T21:00:00+00:00,Imported Channel 1,56.1,ft^3/s,63.0,ft,57.6,ft^2,0.97,ft/s,,,Unspecified,Unspecified,Unspecified,Unspecified,Unspecified,Unknown,Ice,2026-06-28T02:09:53.109613+00:00,point_velocity,Unspecified
05463000,POINT (-92.6182777777778 42.572),18b9cecc-c6ab-4725-9902-3f3beaa6b030,USGS-05463000,4e656368-6410-c7e4-e053-0100007f1c55,656,2006-04-05T20:34:00+00:00,Imported Channel 1,465,ft^3/s,141,ft,303,ft^2,1.54,ft/s,,ft,Unspecified,Unspecified,Unspecified,Unspecified,Unspecified,Unknown,Unspecified,2026-06-28T02:09:53.109613+00:00,adcp,Unspecified
05463000,POINT (-92.6182777777778 42.572),18c352a1-7da9-4fe3-a0d9-60dd9746ece2,USGS-05463000,4e656713-bddf-c7e8-e053-0100007f8f1c,698,2011-06-20T18:07:00+00:00,Imported Channel 1,413,ft^3/s,180,ft,274,ft^2,1.51,ft/s,30.00,ft,Soft,Sand,Uneven,Even,Unspecified,Unknown,Wading,2026-06-28T02:09:53.109613+00:00,point_velocity,Downstream
05463000,POINT (-92.6182777777778 42.572),19738662-f087-47c2-a23a-59cd6a8ea6c5,USGS-05463000,4e6543ca-906b-b866-e053-0100007fc6fc,230,1964-07-06T21:30:00+00:00,Imported Channel 1,29.1,ft^3/s,32.0,ft,24.7,ft^2,1.18,ft/s,,,Unspecified,Unspecified,Unspecified,Unspecified,Unspecified,Unknown,Wading,2026-06-28T02:09:53.109613+00:00,point_velocity,Unspecified
05463000,POINT (-92.6182777777778 42.572),199822cd-b169-45be-9297-5d591be5c087,USGS-05463000,4e6551b5-d19f-bf57-e053-0100007f3c2d,672,2008-04-26T13:20:00+00:00,Imported Channel 1,11300,ft^3/s,662,ft,2690,ft^2,4.20,ft/s,,ft,Unspecified,Unspecified,Unspecified,Unspecified,Unspecified,Unknown,Unspecified,2026-06-28T02:09:53.109613+00:00,adcp,Unspecified
05463000,POINT (-92.6182777777778 42.572),19a7e6e4-83f6-4596-b360-5e6a40c79fa5,USGS-05463000,4e65261c-21f4-a9fd-e053-0100007f6717,126,1957-03-04T18:30:00+00:00,Imported Channel 1,51.0,ft^3/s,42.0,ft,50.1,ft^2,1.02,ft/s,,,Unspecified,Unspecified,Unspecified,Unspecified,Unspecified,Unknown,Wading,2026-06-28T02:09:53.109613+00:00,point_velocity,Unspecified
05463000,POINT (-92.6182777777778 42.572),19d91a71-004e-4f58-a06b-b253b8c495d0,USGS-05463000,4e6546e0-f436-ba2b-e053-0100007ff590,140,1958-03-04T14:25:00+00:00,Imported Channel 1,86.8,ft^3/s,42.0,ft,61.4,ft^2,1.41,ft/s,,,Unspecified,Unspecified,Unspecified,Unspecified,Unspecified,Unknown,Wading,2026-06-28T02:09:53.109613+00:00,point_velocity,Unspecified
05463000,POINT (-92.6182777777778 42.572),1a63c35a-3430-49bd-9ebc-b8ef3558f13b,USGS-05463000,4e655bc0-f21a-c4d7-e053-0100007fef37,580,1998-02-23T16:50:00+00:00,Imported Channel 1,409,ft^3/s,153,ft,273,ft^2,1.50,ft/s,,,Unspecified,Unspecified,Unspecified,Unspecified,Unspecified,Unknown,BridgeCrane,2026-06-28T02:09:53.109613+00:00,point_velocity,Unspecified
05463000,POINT (-92.6182777777778 42.572),1acae69e-02fe-4f6e-baf9-9bcdbdce8a3e,USGS-05463000,4e6543c0-3f5b-b8df-e053-0100007ff56e,113,1956-01-30T19:10:00+00:00,Imported Channel 1,3.03,ft^3/s,32.0,ft,7.59,ft^2,0.40,ft/s,,,Unspecified,Unspecified,Unspecified,Unspecified,Unspecified,Unknown,Ice,2026-06-28T02:09:53.109613+00:00,point_velocity,Unspecified
05463000,POINT (-92.6182777777778 42.572),1afd32b8-3b42-4efc-97c1-3c33b9dd3726,USGS-05463000,4e653b7e-fd7f-b486-e053-0100007f6d12,471,1986-01-13T06:00:00+00:00,Imported Channel 1,82.8,ft^3/s,43.0,ft,68.6,ft^2,1.21,ft/s,,,Unspecified,Unspecified,Unspecified,Unspecified,Unspecified,Unknown,Ice,2026-06-28T02:09:53.109613+00:00,point_velocity,Unspecified
05463000,POINT (-92.6182777777778 42.572),1b795891-47de-4ad4-b611-eb81768ef847,USGS-05463000,4e653171-15a8-af6c-e053-0100007faa03,50,1951-01-23T14:55:00+00:00,Imported Channel 1,12.2,ft^3/s,50.0,ft,45.6,ft^2,0.30,ft/s,,,Unspecified,Unspecified,Unspecified,Unspecified,Unspecified,Unknown,Ice,2026-06-28T02:09:53.109613+00:00,point_velocity,Unspecified
05463000,POINT (-92.6182777777778 42.572),1bb2cb4c-77c6-4dad-b47a-525d9691a7ac,USGS-05463000,4e6543a9-7163-b868-e053-0100007f6126,286,1968-04-18T20:55:00+00:00,Imported Channel 1,29.6,ft^3/s,24.0,ft,23.4,ft^2,1.26,ft/s,,,Unspecified,Unspecified,Unspecified,Unspecified,Unspecified,Unknown,Wading,2026-06-28T02:09:53.109613+00:00,point_velocity,Unspecified
05463000,POINT (-92.6182777777778 42.572),1c796966-2c6a-46c6-bccf-e71be2476e7d,USGS-05463000,4e65321c-965a-af6e-e053-0100007ff293,368,1975-07-21T16:30:00+00:00,Imported Channel 1,67.1,ft^3/s,67.0,ft,59.2,ft^2,1.13,ft/s,,,Unspecified,Unspecified,Unspecified,Unspecified,Unspecified,Unknown,Wading,2026-06-28T02:09:53.109613+00:00,point_velocity,Unspecified
05463000,POINT (-92.6182777777778 42.572),1ce568ce-9bf5-4732-b957-737eb4c46b60,USGS-05463000,4e6552a8-8367-bda1-e053-0100007f8cf2,437,1981-11-16T17:05:00+00:00,Imported Channel 1,63.8,ft^3/s,57.0,ft,55.7,ft^2,1.14,ft/s,,,Unspecified,Unspecified,Unspecified,Unspecified,Unspecified,Unknown,Wading,2026-06-28T02:09:53.109613+00:00,point_velocity,Unspecified
05463000,POINT (-92.6182777777778 42.572),1dcebd40-dab6-4cc0-9131-64ff1e632fe0,USGS-05463000,4e654002-3e65-b66d-e053-0100007ff524,456,1984-01-24T17:50:00+00:00,Imported Channel 1,90.0,ft^3/s,72.0,ft,65.6,ft^2,1.37,ft/s,,,Unspecified,Unspecified,Unspecified,Unspecified,Unspecified,Unknown,Ice,2026-06-28T02:09:53.109613+00:00,point_velocity,Unspecified
05463000,POINT (-92.6182777777778 42.572),1dfcfed9-e9fe-4dea-bc5e-85ee992004cd,USGS-05463000,4e6554fe-6f9e-c0ef-e053-0100007fa61d,488,1987-10-27T18:20:00+00:00,Imported Channel 1,37.6,ft^3/s,40.0,ft,32.6,ft^2,1.15,ft/s,,,Unspecified,Unspecified,Unspecified,Unspecified,Unspecified,Unknown,Wading,2026-06-28T02:09:53.109613+00:00,point_velocity,Unspecified
05463000,POINT (-92.6182777777778 42.572),1e3b8470-b086-4cec-acb1-bdbe24fbf361,USGS-05463000,4e6546df-641b-ba29-e053-0100007f9a75,138,1958-01-07T16:55:00+00:00,Imported Channel 1,27.0,ft^3/s,37.0,ft,30.4,ft^2,0.89,ft/s,,,Unspecified,Unspecified,Unspecified,Unspecified,Unspecified,Unknown,Ice,2026-06-28T02:09:53.109613+00:00,point_velocity,Unspecified
05463000,POINT (-92.6182777777778 42.572),1e46f80f-3890-4531-81a2-6e10a587cb5c,USGS-05463000,4e653b7e-ffed-b482-e053-0100007f62ad,244,1965-04-06T19:30:00+00:00,Imported Channel 1,9240,ft^3/s,236,ft,2240,ft^2,4.12,ft/s,,,Unspecified,Unspecified,Unspecified,Unspecified,Unspecified,Unknown,BridgeCrane,2026-06-28T02:09:53.109613+00:00,point_velocity,Unspecified
05463000,POINT (-92.6182777777778 42.572),1e5339c5-9046-4340-af72-56f6bdde1afb,USGS-05463000,4e655882-1164-c2f3-e053-0100007f0038,547,1994-06-10T19:10:00+00:00,Imported Channel 1,104,ft^3/s,61.5,ft,77.6,ft^2,1.34,ft/s,,,Unspecified,Unspecified,Unspecified,Unspecified,Unspecified,Unknown,Wading,2026-06-28T02:09:53.109613+00:00,point_velocity,Unspecified
05463000,POINT (-92.6182777777778 42.572),1e7a04dc-5c09-4bdd-af05-aaad2514026e,USGS-05463000,4e652a0b-bfed-abb6-e053-0100007fe940,273,1967-03-29T14:35:00+00:00,Imported Channel 1,188,ft^3/s,59.0,ft,1.29,ft^2,1.46,ft/s,,,Unspecified,Unspecified,Unspecified,Unspecified,Unspecified,Unknown,Wading,2026-06-28T02:09:53.109613+00:00,point_velocity,Unspecified
05463000,POINT (-92.6182777777778 42.572),1ea67d33-f32e-4dc8-8144-aaed77a91719,USGS-05463000,4e653467-96e2-b0d5-e053-0100007f0211,44,1950-09-11T22:15:00+00:00,Imported Channel 1,19.3,ft^3/s,24.0,ft,17.0,ft^2,1.12,ft/s,,,Unspecified,Unspecified,Unspecified,Unspecified,Unspecified,Unknown,Wading,2026-06-28T02:09:53.109613+00:00,point_velocity,Unspecified
05463000,POINT (-92.6182777777778 42.572),203fb297-0f64-4fe5-820d-0887940a6cd5,USGS-05463000,4e652a0b-bff9-abb6-e053-0100007fe940,414,1979-05-15T12:15:00+00:00,Imported Channel 1,350,ft^3/s,126,ft,244,ft^2,1.43,ft/s,,,Unspecified,Unspecified,Unspecified,Unspecified,Unspecified,Unknown,BridgeCrane,2026-06-28T02:09:53.109613+00:00,point_velocity,Unspecified
05463000,POINT (-92.6182777777778 42.572),2050abc7-cedc-468c-8271-00cbdc396575,USGS-05463000,4e656f40-3244-ce82-e053-0100007f86a1,689,2010-07-19T20:54:00+00:00,Left channel.,23.0,ft^3/s,19.0,ft,16.1,ft^2,1.40,ft/s,,,Firm,Sand,Uneven,Even,Unspecified,Unknown,Wading,2026-06-28T02:09:53.109613+00:00,point_velocity,Unspecified
05463000,POINT (-92.6182777777778 42.572),20514dce-7339-4859-8b64-943531c60082,USGS-05463000,4e653c38-3f35-b4f6-e053-0100007f45ca,195,1962-02-06T16:40:00+00:00,Imported Channel 1,39.4,ft^3/s,38.0,ft,41.5,ft^2,0.95,ft/s,,,Unspecified,Unspecified,Unspecified,Unspecified,Unspecified,Unknown,Ice,2026-06-28T02:09:53.109613+00:00,point_velocity,Unspecified
05463000,POINT (-92.6182777777778 42.572),20571a56-fa6e-4a23-ae35-20c092f4d849,USGS-05463000,4e652aea-68ac-ac38-e053-0100007f1103,108,1955-08-29T22:00:00+00:00,Imported Channel 1,8.21,ft^3/s,22.0,ft,7.40,ft^2,1.11,ft/s,,,Unspecified,Unspecified,Unspecified,Unspecified,Unspecified,Unknown,Wading,2026-06-28T02:09:53.109613+00:00,point_velocity,Unspecified
05463000,POINT (-92.6182777777778 42.572),20ac3168-011f-454f-a5e5-f751063bfb6c,USGS-05463000,4e653fbc-a52f-b662-e053-0100007f27ba,107,1955-08-01T19:00:00+00:00,Imported Channel 1,20.3,ft^3/s,35.0,ft,18.6,ft^2,1.09,ft/s,,,Unspecified,Unspecified,Unspecified,Unspecified,Unspecified,Unknown,Wading,2026-06-28T02:09:53.109613+00:00,point_velocity,Unspecified
05463000,POINT (-92.6182777777778 42.572),21445095-d70f-4d4e-b360-8c56c17cb100,USGS-05463000,4e651b29-8eb3-a435-e053-0100007f6420,35,1950-01-13T20:00:00+00:00,Imported Channel 1,8.21,ft^3/s,29.0,ft,17.6,ft^2,0.48,ft/s,,,Unspecified,Unspecified,Unspecified,Unspecified,Unspecified,Unknown,Ice,2026-06-28T02:09:53.109613+00:00,point_velocity,Unspecified
05463000,POINT (-92.6182777777778 42.572),214bb07c-84f4-4d90-a032-7293cb8bfc94,USGS-05463000,4e653cec-e4b6-b586-e053-0100007fdd6e,390,1977-07-18T21:20:00+00:00,Imported Channel 1,6.44,ft^3/s,16.7,ft,8.07,ft^2,0.80,ft/s,,,Unspecified,Unspecified,Unspecified,Unspecified,Unspecified,Unknown,Wading,2026-06-28T02:09:53.109613+00:00,point_velocity,Unspecified
05463000,POINT (-92.6182777777778 42.572),215c0e85-ca1d-4d85-9ed0-2c0f7c1b4b7c,USGS-05463000,4e653b1a-8fac-b3b5-e053-0100007f05e7,125,1957-02-05T13:50:00+00:00,Imported Channel 1,13.1,ft^3/s,37.0,ft,14.5,ft^2,0.90,ft/s,,,Unspecified,Unspecified,Unspecified,Unspecified,Unspecified,Unknown,Ice,2026-06-28T02:09:53.109613+00:00,point_velocity,Unspecified
05463000,POINT (-92.6182777777778 42.572),21cc8c4a-d39d-49e7-b2f3-c0e6455d6fa3,USGS-05463000,4e6538d4-d991-b2bf-e053-0100007fe5ec,219,1963-08-20T13:30:00+00:00,Imported Channel 1,39.7,ft^3/s,47.0,ft,53.8,ft^2,0.74,ft/s,,,Unspecified,Unspecified,Unspecified,Unspecified,Unspecified,Unknown,Wading,2026-06-28T02:09:53.109613+00:00,point_velocity,Unspecified
05463000,POINT (-92.6182777777778 42.572),227c0af7-b6ff-4d52-a7a4-88d6c01c2d72,USGS-05463000,4e653d01-ed15-b28b-e053-0100007f13ed,7,1946-09-10T16:30:00+00:00,Imported Channel 1,809,ft^3/s,225,ft,955,ft^2,0.85,ft/s,,,Unspecified,Unspecified,Unspecified,Unspecified,Unspecified,Unknown,BridgeCrane,2026-06-28T02:09:53.109613+00:00,point_velocity,Unspecified
05463000,POINT (-92.6182777777778 42.572),228e5b3a-e0a9-4c24-bf2c-f4b3af82a9de,USGS-05463000,4e655f12-f106-c543-e053-0100007f6f87,649,2005-04-20T16:50:00+00:00,Imported Channel 1,250,ft^3/s,76.0,ft,163,ft^2,1.53,ft/s,,,Unspecified,Unspecified,Unspecified,Unspecified,Unspecified,Unknown,Wading,2026-06-28T02:09:53.109613+00:00,point_velocity,Unspecified
05463000,POINT (-92.6182777777778 42.572),2298caf7-035a-46f5-8a7a-2adc3f4578bb,USGS-05463000,4e654dd6-5c60-bd41-e053-0100007fdd97,429,1981-01-14T18:15:00+00:00,Imported Channel 1,17.5,ft^3/s,41.0,ft,20.6,ft^2,0.85,ft/s,,,Unspecified,Unspecified,Unspecified,Unspecified,Unspecified,Unknown,Ice,2026-06-28T02:09:53.109613+00:00,point_velocity,Unspecified
05463000,POINT (-92.6182777777778 42.572),22ab6ce9-cf5b-4b59-86fc-28a9a7fb319a,USGS-05463000,4e652e3d-45e3-adb6-e053-0100007fb139,149,1958-09-30T20:45:00+00:00,Imported Channel 1,31.9,ft^3/s,41.0,ft,31.4,ft^2,1.02,ft/s,,,Unspecified,Unspecified,Unspecified,Unspecified,Unspecified,Unknown,Wading,2026-06-28T02:09:53.109613+00:00,point_velocity,Unspecified
05463000,POINT (-92.6182777777778 42.572),234fa477-23b3-4860-b9d9-0a4a05509bc1,USGS-05463000,4e653fc4-869c-b648-e053-0100007f877a,61,1951-09-17T21:30:00+00:00,Imported Channel 1,218,ft^3/s,212,ft,512,ft^2,0.43,ft/s,,,Unspecified,Unspecified,Unspecified,Unspecified,Unspecified,Unknown,BridgeCrane,2026-06-28T02:09:53.109613+00:00,point_velocity,Unspecified
05463000,POINT (-92.6182777777778 42.572),2353431f-a8b0-43fd-976d-5764d02488eb,USGS-05463000,4e655a38-e18a-c3c0-e053-0100007fb6b2,703,2012-03-20T19:18:00+00:00,Imported Channel 1,109,ft^3/s,72.0,ft,78.3,ft^2,1.39,ft/s,150.00,ft,Firm,Sand,Even,Even,Uniform,Unknown,Wading,2026-06-28T02:09:53.109613+00:00,point_velocity,Upstream
05463000,POINT (-92.6182777777778 42.572),236b617b-3862-4a18-9322-cd57de91b697,USGS-05463000,4e6563cd-de7d-c6b9-e053-0100007fe049,613,2001-06-12T17:40:00+00:00,Imported Channel 1,750,ft^3/s,220,ft,561,ft^2,1.34,ft/s,,,Unspecified,Unspecified,Unspecified,Unspecified,Unspecified,Unknown,BridgeCrane,2026-06-28T02:09:53.109613+00:00,point_velocity,Unspecified
05463000,POINT (-92.6182777777778 42.572),239d8ce9-19fd-4de5-a47d-8dc44ff3e994,USGS-05463000,5d0517b8-4944-d4a6-e053-0100007f7b42,745,2017-11-02T15:16:30+00:00,MAIN,92.2,ft^3/s,99.0,ft,87.8,ft^2,1.05,ft/s,75.00,ft,Firm,Sand,Uneven,Uneven,Standard,Pulsating,Wading,2026-06-28T02:09:53.109613+00:00,point_velocity,Downstream
05463000,POINT (-92.6182777777778 42.572),23f84e0b-d1f4-4252-bebe-f419c54eec7c,USGS-05463000,4e652a0b-bfd8-abb6-e053-0100007fe940,59,1951-07-13T17:10:00+00:00,Imported Channel 1,379,ft^3/s,117,ft,275,ft^2,1.38,ft/s,,,Unspecified,Unspecified,Unspecified,Unspecified,Unspecified,Unknown,BridgeCrane,2026-06-28T02:09:53.109613+00:00,point_velocity,Unspecified
05463000,POINT (-92.6182777777778 42.572),240e3e1d-76e0-4620-9889-7c7e4a240b10,USGS-05463000,4e65512c-8f4c-bd9d-e053-0100007f08a4,433,1981-06-02T15:10:00+00:00,Imported Channel 1,56.5,ft^3/s,46.0,ft,43.2,ft^2,1.30,ft/s,,,Unspecified,Unspecified,Unspecified,Unspecified,Unspecified,Unknown,Wading,2026-06-28T02:09:53.109613+00:00,point_velocity,Unspecified
05463000,POINT (-92.6182777777778 42.572),24c9bc8c-29f1-46ac-b146-f26c56ae8377,USGS-05463000,4e653185-4b69-af9e-e053-0100007ffdfc,58,1951-06-21T14:00:00+00:00,Imported Channel 1,223,ft^3/s,91.0,ft,157,ft^2,1.42,ft/s,,,Unspecified,Unspecified,Unspecified,Unspecified,Unspecified,Unknown,Wading,2026-06-28T02:09:53.109613+00:00,point_velocity,Unspecified
05463000,POINT (-92.6182777777778 42.572),25ad4b16-68f4-4c4d-938a-66c14c9a6c62,USGS-05463000,4e653fd4-a948-b69b-e053-0100007fa7d9,492,1988-04-20T19:00:00+00:00,Imported Channel 1,92.2,ft^3/s,75.0,ft,78.3,ft^2,1.18,ft/s,,,Unspecified,Unspecified,Unspecified,Unspecified,Unspecified,Unknown,Wading,2026-06-28T02:09:53.109613+00:00,point_velocity,Unspecified
05463000,POINT (-92.6182777777778 42.572),261092d8-28ed-4ecc-8207-939d0da8fbf6,USGS-05463000,4e65671e-901f-caa6-e053-0100007f3265,715,2013-11-04T16:23:00+00:00,Imported Channel 1,35.7,ft^3/s,29.0,ft,29.9,ft^2,1.20,ft/s,500.00,ft,Soft,Sand,Even,Even,Uniform,Unknown,Wading,2026-06-28T02:09:53.109613+00:00,point_velocity,Downstream
05463000,POINT (-92.6182777777778 42.572),261a9316-d1b4-4d62-89f2-7363f4c93eb3,USGS-05463000,4e655555-5677-c119-e053-0100007f401c,568,1997-01-15T22:02:00+00:00,Imported Channel 1,122,ft^3/s,60.0,ft,132,ft^2,0.92,ft/s,,,Unspecified,Unspecified,Unspecified,Unspecified,Unspecified,Unknown,Ice,2026-06-28T02:09:53.109613+00:00,point_velocity,Unspecified
05463000,POINT (-92.6182777777778 42.572),263ba45f-f9fa-4e10-b4f6-65900548a5d1,USGS-05463000,76b021f4-4d1e-4a4b-96fb-734ddcba87de,767,2020-09-02T17:12:28+00:00,Main,40.7,ft^3/s,41.0,ft,29.6,ft^2,1.37,ft/s,300.00,ft,Firm,Sand,Even,Uneven,Unknown,Steady,Wading,2026-06-28T02:09:53.109613+00:00,point_velocity,Downstream
05463000,POINT (-92.6182777777778 42.572),27119366-a3f6-4d53-b786-7fb94ae55d46,USGS-05463000,4e65628f-fafa-c78a-e053-0100007f94fa,572,1997-06-23T16:10:00+00:00,Imported Channel 1,3450,ft^3/s,265,ft,1510,ft^2,2.28,ft/s,,,Unspecified,Unspecified,Unspecified,Unspecified,Unspecified,Unknown,BridgeCrane,2026-06-28T02:09:53.109613+00:00,point_velocity,Unspecified
05463000,POINT (-92.6182777777778 42.572),279527ae-4c9e-4867-a4ae-81fcc24ff9ed,USGS-05463000,4e655986-8a35-c383-e053-0100007f34da,641,2004-07-14T17:06:00+00:00,Imported Channel 1,143,ft^3/s,72.0,ft,118,ft^2,1.21,ft/s,,ft,Unspecified,Unspecified,Unspecified,Unspecified,Unspecified,Unknown,Unspecified,2026-06-28T02:09:53.109613+00:00,adcp,Unspecified
05463000,POINT (-92.6182777777778 42.572),2798c61c-8afc-4fe9-9fb8-3093b04c471a,USGS-05463000,4e653cec-e484-b586-e053-0100007fdd6e,86,1953-12-01T15:30:00+00:00,Imported Channel 1,13.0,ft^3/s,47.0,ft,37.7,ft^2,0.35,ft/s,,,Unspecified,Unspecified,Unspecified,Unspecified,Unspecified,Unknown,Wading,2026-06-28T02:09:53.109613+00:00,point_velocity,Unspecified
05463000,POINT (-92.6182777777778 42.572),27c7aea2-78e5-4d05-a93e-e3c99032f720,USGS-05463000,4e655bec-27e8-c4d9-e053-0100007f7ca7,533,1992-08-11T19:40:00+00:00,Imported Channel 1,289,ft^3/s,105,ft,195,ft^2,1.48,ft/s,,,Unspecified,Unspecified,Unspecified,Unspecified,Unspecified,Unknown,Wading,2026-06-28T02:09:53.109613+00:00,point_velocity,Unspecified
05463000,POINT (-92.6182777777778 42.572),2879b399-0aaa-4a96-a31f-91edd4b2d78c,USGS-05463000,4e6538e6-2edc-b2bd-e053-0100007ff694,30,1949-07-12T14:20:00+00:00,Imported Channel 1,43.9,ft^3/s,54.0,ft,40.6,ft^2,1.08,ft/s,,,Unspecified,Unspecified,Unspecified,Unspecified,Unspecified,Unknown,Wading,2026-06-28T02:09:53.109613+00:00,point_velocity,Unspecified
05463000,POINT (-92.6182777777778 42.572),287c4a12-15d9-4356-bc75-8c6413fd45fd,USGS-05463000,4e65472f-874d-ba01-e053-0100007fb27b,394,1977-10-18T13:35:00+00:00,Imported Channel 1,86.8,ft^3/s,68.0,ft,67.4,ft^2,1.29,ft/s,,,Unspecified,Unspecified,Unspecified,Unspecified,Unspecified,Unknown,Wading,2026-06-28T02:09:53.109613+00:00,point_velocity,Unspecified
05463000,POINT (-92.6182777777778 42.572),28a7a1b4-0b77-472d-89fe-3a9a73a79dc2,USGS-05463000,4e655555-564b-c119-e053-0100007f401c,386,1977-03-24T18:05:00+00:00,Imported Channel 1,35.5,ft^3/s,42.0,ft,31.2,ft^2,1.14,ft/s,,,Unspecified,Unspecified,Unspecified,Unspecified,Unspecified,Unknown,Wading,2026-06-28T02:09:53.109613+00:00,point_velocity,Unspecified
05463000,POINT (-92.6182777777778 42.572),29671d73-266e-4e45-875c-8696806ce2e5,USGS-05463000,4e653643-1420-b13c-e053-0100007f8cd6,454,1983-11-16T16:00:00+00:00,Imported Channel 1,182,ft^3/s,79.0,ft,130,ft^2,1.40,ft/s,,,Unspecified,Unspecified,Unspecified,Unspecified,Unspecified,Unknown,Wading,2026-06-28T02:09:53.109613+00:00,point_velocity,Unspecified
05463000,POINT (-92.6182777777778 42.572),29afd5f9-4c8e-40b7-bdea-2edf6b470853,USGS-05463000,0a5afed5-b875-4865-bc17-e5089bae7814,764,2020-04-30T17:15:30+00:00,Main,214,ft^3/s,82.0,ft,125,ft^2,1.71,ft/s,200.00,ft,Soft,Sand,Uneven,Even,Unknown,Steady,Wading,2026-06-28T02:09:53.109613+00:00,point_velocity,Downstream
05463000,POINT (-92.6182777777778 42.572),2a7f0fa4-9f58-4d1c-af7c-9ba43d50cff5,USGS-05463000,4e655cd7-1aed-c545-e053-0100007f6e25,704,2012-04-25T14:14:00+00:00,Imported Channel 1,317,ft^3/s,194,ft,344,ft^2,0.92,ft/s,75.00,ft,Soft,SiltMud,Even,Even,Uniform,Unknown,Wading,2026-06-28T02:09:53.109613+00:00,point_velocity,Upstream
05463000,POINT (-92.6182777777778 42.572),2aa076a7-fcfd-4376-ad29-917476ea6df2,USGS-05463000,4e65512c-8f83-bd9d-e053-0100007f08a4,635,2003-10-23T17:15:00+00:00,Imported Channel 1,30.4,ft^3/s,48.0,ft,25.5,ft^2,1.19,ft/s,,,Unspecified,Unspecified,Unspecified,Unspecified,Unspecified,Unknown,Wading,2026-06-28T02:09:53.109613+00:00,point_velocity,Unspecified
05463000,POINT (-92.6182777777778 42.572),2abcf1da-a7d3-4411-bfab-64d8bfaa9cab,USGS-05463000,4e655e4d-e93a-c541-e053-0100007fc4f6,518,1990-11-21T16:55:00+00:00,Imported Channel 1,95.4,ft^3/s,66.0,ft,82.7,ft^2,1.15,ft/s,,,Unspecified,Unspecified,Unspecified,Unspecified,Unspecified,Unknown,Wading,2026-06-28T02:09:53.109613+00:00,point_velocity,Unspecified
05463000,POINT (-92.6182777777778 42.572),2b696eec-f93a-46b8-a8ce-c2b0fbefd41a,USGS-05463000,4e653cb6-c955-b56a-e053-0100007fcc59,39,1950-04-16T22:00:00+00:00,Imported Channel 1,82.1,ft^3/s,49.0,ft,57.3,ft^2,1.43,ft/s,,,Unspecified,Unspecified,Unspecified,Unspecified,Unspecified,Unknown,Wading,2026-06-28T02:09:53.109613+00:00,point_velocity,Unspecified
05463000,POINT (-92.6182777777778 42.572),2bf5c50d-180f-4e4f-b77d-e772dc246dd7,USGS-05463000,4e652324-b953-a869-e053-0100007fef36,229,1964-06-08T21:25:00+00:00,Imported Channel 1,48.6,ft^3/s,46.0,ft,35.7,ft^2,1.36,ft/s,,,Unspecified,Unspecified,Unspecified,Unspecified,Unspecified,Unknown,Wading,2026-06-28T02:09:53.109613+00:00,point_velocity,Unspecified
05463000,POINT (-92.6182777777778 42.572),2c8164af-5c0f-4dba-b228-8ed06136b07e,USGS-05463000,8bb5eda2-6647-7da9-e053-0100007f592c,758,2019-06-19T21:12:14+00:00,Main,644,ft^3/s,192,ft,492,ft^2,1.31,ft/s,20.00,ft,Firm,Sand,Uneven,Uneven,NonStandard,Pulsating,MannedMovingBoat,2026-06-28T02:09:53.109613+00:00,adcp,Downstream
05463000,POINT (-92.6182777777778 42.572),2d442193-0efc-4164-942d-9fd95b3d2241,USGS-05463000,4e653737-e12e-b130-e053-0100007fe3d2,336,1971-09-09T16:45:00+00:00,Imported Channel 1,23.9,ft^3/s,37.0,ft,21.0,ft^2,1.14,ft/s,,,Unspecified,Unspecified,Unspecified,Unspecified,Unspecified,Unknown,Wading,2026-06-28T02:09:53.109613+00:00,point_velocity,Unspecified
05463000,POINT (-92.6182777777778 42.572),2d9e4319-893e-4243-97d0-2729a86f8c4e,USGS-05463000,04dc7442-66b1-4895-8bf1-937d48a37038,793,2024-06-11T20:24:34+00:00,Main Channel,379,ft^3/s,129,ft,363,ft^2,1.04,ft/s,0.00,ft,Soft,Sand,Uneven,Uneven,Standard,Steady,BridgeDownstreamSide,2026-06-28T02:09:53.109613+00:00,adcp,AtTheGage
05463000,POINT (-92.6182777777778 42.572),2dbe150e-c5b8-41f9-96a9-f150a9005b46,USGS-05463000,4e655541-eb27-c14a-e053-0100007f3945,400,1978-03-20T22:05:00+00:00,Imported Channel 1,999,ft^3/s,235,ft,969,ft^2,1.03,ft/s,,,Unspecified,Unspecified,Unspecified,Unspecified,Unspecified,Unknown,BridgeCrane,2026-06-28T02:09:53.109613+00:00,point_velocity,Unspecified
05463000,POINT (-92.6182777777778 42.572),2e1d4792-103e-4d7a-910d-3f307121ab6b,USGS-05463000,4e65457a-9783-b864-e053-0100007f0efd,403,1978-06-19T21:25:00+00:00,Imported Channel 1,1180,ft^3/s,235,ft,1200,ft^2,0.98,ft/s,,,Unspecified,Unspecified,Unspecified,Unspecified,Unspecified,Unknown,BridgeCrane,2026-06-28T02:09:53.109613+00:00,point_velocity,Unspecified
05463000,POINT (-92.6182777777778 42.572),2e556e63-760c-4df7-af02-78e082b8d5a0,USGS-05463000,4e654b0c-66ce-b9fd-e053-0100007f8d70,529,1992-02-12T19:35:00+00:00,Imported Channel 1,166,ft^3/s,83.0,ft,135,ft^2,1.23,ft/s,,,Unspecified,Unspecified,Unspecified,Unspecified,Unspecified,Unknown,Wading,2026-06-28T02:09:53.109613+00:00,point_velocity,Unspecified
05463000,POINT (-92.6182777777778 42.572),2e6f335c-2642-4bc0-87eb-2b278f8b9c09,USGS-05463000,4e6543b8-0e3f-b8e7-e053-0100007f06fe,116,1956-04-30T18:15:00+00:00,Imported Channel 1,45.6,ft^3/s,142,ft,36.2,ft^2,1.26,ft/s,,,Unspecified,Unspecified,Unspecified,Unspecified,Unspecified,Unknown,Wading,2026-06-28T02:09:53.109613+00:00,point_velocity,Unspecified
05463000,POINT (-92.6182777777778 42.572),2f66445e-2bfb-4c36-bf06-7745c7b5d7c3,USGS-05463000,4e653643-13e7-b13c-e053-0100007f8cd6,135,1957-10-02T00:50:00+00:00,Imported Channel 1,9.75,ft^3/s,32.0,ft,14.0,ft^2,0.70,ft/s,,,Unspecified,Unspecified,Unspecified,Unspecified,Unspecified,Unknown,Wading,2026-06-28T02:09:53.109613+00:00,point_velocity,Unspecified
05463000,POINT (-92.6182777777778 42.572),2fc4af86-8e99-4478-92fb-b83a1a7f9841,USGS-05463000,4e654c19-97bb-bc43-e053-0100007fc312,688,2010-06-07T17:21:00+00:00,Imported Channel 1,633,ft^3/s,185,ft,530,ft^2,1.20,ft/s,20.00,ft,Firm,Sand,Even,Even,Unspecified,Unknown,BridgeUpstreamSide,2026-06-28T02:09:53.109613+00:00,adcp,Upstream
05463000,POINT (-92.6182777777778 42.572),300985d1-bcbe-4769-85e4-f62a75641723,USGS-05463000,4e652e32-1ea0-ad60-e053-0100007faef4,123,1956-12-03T20:40:00+00:00,Imported Channel 1,12.4,ft^3/s,32.0,ft,18.9,ft^2,0.66,ft/s,,,Unspecified,Unspecified,Unspecified,Unspecified,Unspecified,Unknown,Wading,2026-06-28T02:09:53.109613+00:00,point_velocity,Unspecified
05463000,POINT (-92.6182777777778 42.572),3065b2fc-c9ff-4a38-b0d0-dd90305ceb91,USGS-05463000,4e654e36-0487-bd14-e053-0100007fa67f,302,1969-03-18T14:15:00+00:00,Imported Channel 1,627,ft^3/s,236,ft,647,ft^2,0.97,ft/s,,,Unspecified,Unspecified,Unspecified,Unspecified,Unspecified,Unknown,BridgeCrane,2026-06-28T02:09:53.109613+00:00,point_velocity,Unspecified
05463000,POINT (-92.6182777777778 42.572),309eedee-3892-4e16-9621-a62a6a2a31c4,USGS-05463000,4e653683-938d-b1c3-e053-0100007f356d,89,1954-03-02T15:40:00+00:00,Imported Channel 1,27.2,ft^3/s,46.0,ft,36.2,ft^2,0.75,ft/s,,,Unspecified,Unspecified,Unspecified,Unspecified,Unspecified,Unknown,Wading,2026-06-28T02:09:53.109613+00:00,point_velocity,Unspecified
05463000,POINT (-92.6182777777778 42.572),30e3d6a3-0c5a-490d-92cd-3ccaf8696108,USGS-05463000,4e656240-dabb-c786-e053-0100007fbb8f,682,2009-09-08T14:58:00+00:00,Imported Channel 1,75.0,ft^3/s,50.0,ft,53.0,ft^2,1.41,ft/s,100.00,ft,Firm,Sand,Even,Even,Unspecified,Unknown,Wading,2026-06-28T02:09:53.109613+00:00,point_velocity,Upstream
05463000,POINT (-92.6182777777778 42.572),30e5c47f-7a40-4c15-bec5-1535ee094b6c,USGS-05463000,66dcbb77-eaf2-f811-e053-0100007fa032,748,2018-03-07T22:45:23+00:00,Main,248,ft^3/s,105,ft,204,ft^2,1.22,ft/s,200.00,ft,Firm,Sand,Uneven,Uneven,Standard,Pulsating,Wading,2026-06-28T02:09:53.109613+00:00,point_velocity,Upstream
05463000,POINT (-92.6182777777778 42.572),317f1e74-0c1a-48d0-a197-c7b46e4949c5,USGS-05463000,4e653643-1421-b13c-e053-0100007f8cd6,458,1984-08-29T19:45:00+00:00,Imported Channel 1,35.5,ft^3/s,42.0,ft,44.2,ft^2,0.80,ft/s,,,Unspecified,Unspecified,Unspecified,Unspecified,Unspecified,Unknown,Wading,2026-06-28T02:09:53.109613+00:00,point_velocity,Unspecified
05463000,POINT (-92.6182777777778 42.572),319aeae2-8a3c-43ef-8116-7d43496fd34f,USGS-05463000,569186f3-bda9-4641-9d31-dc54c1fa0d6c,775,2021-10-06T19:36:28+00:00,Main,20.1,ft^3/s,37.0,ft,24.8,ft^2,0.81,ft/s,75.00,ft,Soft,Sand,Even,Even,Standard,Pulsating,Wading,2026-06-28T02:09:53.109613+00:00,point_velocity,Downstream
05463000,POINT (-92.6182777777778 42.572),31b3aab1-be16-4ed7-8505-7ba25f813c75,USGS-05463000,4e656555-c7c6-c92c-e053-0100007f3d4b,666,2007-06-12T16:15:00+00:00,Imported Channel 1,515,ft^3/s,178,ft,364,ft^2,1.42,ft/s,,ft,Unspecified,Unspecified,Unspecified,Unspecified,Unspecified,Unknown,Unspecified,2026-06-28T02:09:53.109613+00:00,adcp,Unspecified
05463000,POINT (-92.6182777777778 42.572),31e6c30e-fb5f-4281-b333-cc9818bf49ef,USGS-05463000,4e6543ca-908d-b866-e053-0100007fc6fc,498,1988-10-05T15:55:00+00:00,Imported Channel 1,6.19,ft^3/s,26.0,ft,12.8,ft^2,0.48,ft/s,,,Unspecified,Unspecified,Unspecified,Unspecified,Unspecified,Unknown,Wading,2026-06-28T02:09:53.109613+00:00,point_velocity,Unspecified
05463000,POINT (-92.6182777777778 42.572),3203ab07-9020-49e7-87d8-d4b23dc5fa2e,USGS-05463000,4e6546e0-f441-ba2b-e053-0100007ff590,255,1965-11-16T16:00:00+00:00,Imported Channel 1,294,ft^3/s,63.0,ft,156,ft^2,1.88,ft/s,,,Unspecified,Unspecified,Unspecified,Unspecified,Unspecified,Unknown,Wading,2026-06-28T02:09:53.109613+00:00,point_velocity,Unspecified
05463000,POINT (-92.6182777777778 42.572),32c238c2-a198-4e5c-98b4-2c3b21b5541d,USGS-05463000,97e60474-7c1e-47e8-9a41-34aacbf59125,794,2024-09-26T13:30:01+00:00,Main,39.9,ft^3/s,65.0,ft,48.8,ft^2,0.82,ft/s,50.00,ft,Firm,Sand,Even,Even,Standard,Pulsating,Wading,2026-06-28T02:09:53.109613+00:00,point_velocity,Downstream
05463000,POINT (-92.6182777777778 42.572),32e506fb-88d5-469d-a314-76cb6cd300d7,USGS-05463000,4e653f7a-ae31-b66a-e053-0100007f0998,66,1952-04-28T21:30:00+00:00,Imported Channel 1,193,ft^3/s,80.0,ft,139,ft^2,1.39,ft/s,,,Unspecified,Unspecified,Unspecified,Unspecified,Unspecified,Unknown,Wading,2026-06-28T02:09:53.109613+00:00,point_velocity,Unspecified
05463000,POINT (-92.6182777777778 42.572),32e75894-fb9b-426e-95b6-c9d53e04bd54,USGS-05463000,4e653b1a-8f97-b3b5-e053-0100007f05e7,22,1948-08-03T16:50:00+00:00,Imported Channel 1,25.3,ft^3/s,42.0,ft,22.3,ft^2,1.13,ft/s,,,Unspecified,Unspecified,Unspecified,Unspecified,Unspecified,Unknown,Wading,2026-06-28T02:09:53.109613+00:00,point_velocity,Unspecified
05463000,POINT (-92.6182777777778 42.572),32f320c5-9860-4118-9ade-21de173256d2,USGS-05463000,cb1c26a2-8c23-4175-bb1e-8fda4dc5e72d,778,2022-04-14T18:01:54+00:00,Main Channel,247,ft^3/s,120,ft,167,ft^2,1.48,ft/s,100.00,ft,Firm,Sand,Uneven,Uneven,NonStandard,Pulsating,Wading,2026-06-28T02:09:53.109613+00:00,point_velocity,Downstream
05463000,POINT (-92.6182777777778 42.572),33276385-8369-45c4-85c9-09dca1ece64f,USGS-05463000,4e6548e7-85ca-bae8-e053-0100007f3ff2,279,1967-09-19T17:50:00+00:00,Imported Channel 1,23.6,ft^3/s,23.0,ft,19.6,ft^2,1.20,ft/s,,,Unspecified,Unspecified,Unspecified,Unspecified,Unspecified,Unknown,Wading,2026-06-28T02:09:53.109613+00:00,point_velocity,Unspecified
05463000,POINT (-92.6182777777778 42.572),3375b027-7969-463b-80ae-a067b1ecc082,USGS-05463000,4e656f40-3246-ce82-e053-0100007f86a1,691,2010-08-31T21:25:00+00:00,Imported Channel 1,202,ft^3/s,121,ft,178,ft^2,1.13,ft/s,20.00,ft,Firm,Sand,Even,Even,Unspecified,Unknown,Wading,2026-06-28T02:09:53.109613+00:00,point_velocity,Downstream
05463000,POINT (-92.6182777777778 42.572),343b0d22-784d-4ab6-9a97-dfef58c3be4d,USGS-05463000,4e65439e-402d-b8e9-e053-0100007f7f3f,296,1968-10-03T15:30:00+00:00,Imported Channel 1,11.0,ft^3/s,68.0,ft,90.0,ft^2,1.28,ft/s,,,Unspecified,Unspecified,Unspecified,Unspecified,Unspecified,Unknown,Wading,2026-06-28T02:09:53.109613+00:00,point_velocity,Unspecified
05463000,POINT (-92.6182777777778 42.572),343fd121-afcb-4052-a0e9-c0d0a4e134be,USGS-05463000,4e656e09-f3f7-ce34-e053-0100007f95a9,737,2016-10-26T22:55:21+00:00,New Hartford,567,ft^3/s,189,ft,518,ft^2,1.09,ft/s,,ft,Firm,Sand,Uneven,Uneven,Standard,Unknown,BridgeDownstreamSide,2026-06-28T02:09:53.109613+00:00,adcp,AtTheGage
05463000,POINT (-92.6182777777778 42.572),34461742-9a89-4933-938d-1f9143f56d52,USGS-05463000,4e65432f-6672-b838-e053-0100007f6a61,349,1973-03-06T18:15:00+00:00,Imported Channel 1,570,ft^3/s,91.0,ft,312,ft^2,1.82,ft/s,,,Unspecified,Unspecified,Unspecified,Unspecified,Unspecified,Unknown,BridgeCrane,2026-06-28T02:09:53.109613+00:00,point_velocity,Unspecified
05463000,POINT (-92.6182777777778 42.572),353c8021-883b-43b5-bf1d-4e046e20861d,USGS-05463000,4e653f7a-ae4a-b66a-e053-0100007f0998,280,1967-10-18T18:15:00+00:00,Imported Channel 1,17.8,ft^3/s,22.0,ft,16.6,ft^2,1.07,ft/s,,,Unspecified,Unspecified,Unspecified,Unspecified,Unspecified,Unknown,Wading,2026-06-28T02:09:53.109613+00:00,point_velocity,Unspecified
05463000,POINT (-92.6182777777778 42.572),359e6060-432e-46cd-840f-7cb44980e67a,USGS-05463000,4e653f7a-ae35-b66a-e053-0100007f0998,80,1953-06-22T20:20:00+00:00,Imported Channel 1,64.7,ft^3/s,73.0,ft,55.7,ft^2,1.16,ft/s,,,Unspecified,Unspecified,Unspecified,Unspecified,Unspecified,Unknown,Wading,2026-06-28T02:09:53.109613+00:00,point_velocity,Unspecified
05463000,POINT (-92.6182777777778 42.572),35a24ba8-83c3-44b8-a636-6be813619b8d,USGS-05463000,4e653c9f-1ffd-b522-e053-0100007f54d8,248,1965-05-25T22:45:00+00:00,Imported Channel 1,179,ft^3/s,56.0,ft,115,ft^2,1.56,ft/s,,,Unspecified,Unspecified,Unspecified,Unspecified,Unspecified,Unknown,Wading,2026-06-28T02:09:53.109613+00:00,point_velocity,Unspecified
05463000,POINT (-92.6182777777778 42.572),3662b005-1e3e-4b9a-9ca7-12166651bd64,USGS-05463000,4e653fac-4821-b65e-e053-0100007f5d2b,249,1965-06-15T13:25:00+00:00,Imported Channel 1,180,ft^3/s,55.0,ft,118,ft^2,1.52,ft/s,,,Unspecified,Unspecified,Unspecified,Unspecified,Unspecified,Unknown,Wading,2026-06-28T02:09:53.109613+00:00,point_velocity,Unspecified
05463000,POINT (-92.6182777777778 42.572),371b0c4d-2d35-45df-8d86-66433dfd017c,USGS-05463000,4e654e7d-1cd5-bd93-e053-0100007ff562,300,1969-01-21T22:30:00+00:00,Imported Channel 1,75.7,ft^3/s,68.0,ft,82.7,ft^2,0.91,ft/s,,,Unspecified,Unspecified,Unspecified,Unspecified,Unspecified,Unknown,Ice,2026-06-28T02:09:53.109613+00:00,point_velocity,Unspecified
05463000,POINT (-92.6182777777778 42.572),37202465-02f4-4b9d-b152-36c7816955c4,USGS-05463000,4e655888-dd53-c2dc-e053-0100007fcc44,493,1988-06-02T15:00:00+00:00,Imported Channel 1,44.9,ft^3/s,50.0,ft,41.9,ft^2,1.07,ft/s,,,Unspecified,Unspecified,Unspecified,Unspecified,Unspecified,Unknown,Wading,2026-06-28T02:09:53.109613+00:00,point_velocity,Unspecified
05463000,POINT (-92.6182777777778 42.572),3764d47b-aa3f-430a-acca-1bd09199d598,USGS-05463000,4e6547f1-5a59-ba81-e053-0100007f2798,333,1971-07-08T15:40:00+00:00,Imported Channel 1,176,ft^3/s,81.0,ft,99.8,ft^2,1.76,ft/s,,,Unspecified,Unspecified,Unspecified,Unspecified,Unspecified,Unknown,Wading,2026-06-28T02:09:53.109613+00:00,point_velocity,Unspecified
05463000,POINT (-92.6182777777778 42.572),37d5ef21-98eb-4f2b-88fc-c7e5bdaa5049,USGS-05463000,4e654e04-df23-bd57-e053-0100007f019c,426,1980-09-09T12:55:00+00:00,Imported Channel 1,70.7,ft^3/s,45.0,ft,48.4,ft^2,1.46,ft/s,,,Unspecified,Unspecified,Unspecified,Unspecified,Unspecified,Unknown,Wading,2026-06-28T02:09:53.109613+00:00,point_velocity,Unspecified
05463000,POINT (-92.6182777777778 42.572),37e4615f-f858-4c78-8171-6321278de91f,USGS-05463000,4e6547b6-a0e7-ba7d-e053-0100007ff437,228,1964-05-14T15:20:00+00:00,Imported Channel 1,250,ft^3/s,65.0,ft,165,ft^2,1.52,ft/s,,,Unspecified,Unspecified,Unspecified,Unspecified,Unspecified,Unknown,Wading,2026-06-28T02:09:53.109613+00:00,point_velocity,Unspecified
05463000,POINT (-92.6182777777778 42.572),3815bfba-4d78-427a-91ed-48e78efa0ae0,USGS-05463000,4e6547b6-a0e6-ba7d-e053-0100007ff437,227,1964-04-14T13:40:00+00:00,Imported Channel 1,117,ft^3/s,53.0,ft,98.0,ft^2,1.19,ft/s,,,Unspecified,Unspecified,Unspecified,Unspecified,Unspecified,Unknown,Wading,2026-06-28T02:09:53.109613+00:00,point_velocity,Unspecified
05463000,POINT (-92.6182777777778 42.572),381c170e-3401-46ba-a305-3b5f115d4c65,USGS-05463000,4e656df3-470a-cc6b-e053-0100007f7f1d,693,2010-11-22T20:44:00+00:00,Imported Channel 1,185,ft^3/s,119,ft,161,ft^2,1.15,ft/s,15.00,ft,Firm,Sand,Even,Even,Uniform,Unknown,Wading,2026-06-28T02:09:53.109613+00:00,point_velocity,Downstream
05463000,POINT (-92.6182777777778 42.572),38b842f0-575f-4cd6-973b-e0847bcd8f33,USGS-05463000,4e655494-2ad4-c0e5-e053-0100007f50b4,551,1994-11-15T14:33:00+00:00,Imported Channel 1,155,ft^3/s,98.0,ft,94.7,ft^2,1.64,ft/s,,,Unspecified,Unspecified,Unspecified,Unspecified,Unspecified,Unknown,Wading,2026-06-28T02:09:53.109613+00:00,point_velocity,Unspecified
05463000,POINT (-92.6182777777778 42.572),38e0c9f6-f35e-40da-bde3-45e96303e207,USGS-05463000,4e6547b6-a0e4-ba7d-e053-0100007ff437,225,1964-02-13T16:55:00+00:00,Imported Channel 1,24.1,ft^3/s,22.0,ft,27.2,ft^2,0.91,ft/s,,,Unspecified,Unspecified,Unspecified,Unspecified,Unspecified,Unknown,Wading,2026-06-28T02:09:53.109613+00:00,point_velocity,Unspecified
05463000,POINT (-92.6182777777778 42.572),3926b295-1595-4b0f-92b1-ac3f4f922e28,USGS-05463000,4e6547f1-5a42-ba81-e053-0100007f2798,206,1962-10-02T20:00:00+00:00,Imported Channel 1,53.9,ft^3/s,48.0,ft,58.8,ft^2,0.92,ft/s,,,Unspecified,Unspecified,Unspecified,Unspecified,Unspecified,Unknown,Wading,2026-06-28T02:09:53.109613+00:00,point_velocity,Unspecified
05463000,POINT (-92.6182777777778 42.572),392cbda2-5e4d-492f-acf9-4749c87621be,USGS-05463000,4e656536-5a90-c92a-e053-0100007f244e,707,2012-09-10T22:13:00+00:00,Imported Channel 1,5.83,ft^3/s,20.0,ft,8.25,ft^2,0.71,ft/s,40.00,ft,Soft,Sand,Even,Even,Uniform,Unknown,Wading,2026-06-28T02:09:53.109613+00:00,point_velocity,Downstream
05463000,POINT (-92.6182777777778 42.572),39504ea7-8c0b-4a88-9898-413958d6d950,USGS-05463000,4e653f89-d43e-b660-e053-0100007f2dc5,250,1965-07-13T18:50:00+00:00,Imported Channel 1,900,ft^3/s,237,ft,1160,ft^2,0.78,ft/s,,,Unspecified,Unspecified,Unspecified,Unspecified,Unspecified,Unknown,BridgeCrane,2026-06-28T02:09:53.109613+00:00,point_velocity,Unspecified
05463000,POINT (-92.6182777777778 42.572),3a7e1082-20f1-4718-bde5-e46c2a6f3ec8,USGS-05463000,4e6563c2-db25-c6bb-e053-0100007f213e,575,1997-08-04T18:20:00+00:00,Imported Channel 1,117,ft^3/s,66.0,ft,72.7,ft^2,1.61,ft/s,,,Unspecified,Unspecified,Unspecified,Unspecified,Unspecified,Unknown,Wading,2026-06-28T02:09:53.109613+00:00,point_velocity,Unspecified
05463000,POINT (-92.6182777777778 42.572),3a9a3bea-a505-45a6-97d3-77b1e92c0060,USGS-05463000,4e6536bf-4277-b1c1-e053-0100007f6f43,124,1957-01-08T15:00:00+00:00,Imported Channel 1,7.61,ft^3/s,32.0,ft,12.5,ft^2,0.60,ft/s,,,Unspecified,Unspecified,Unspecified,Unspecified,Unspecified,Unknown,Ice,2026-06-28T02:09:53.109613+00:00,point_velocity,Unspecified
05463000,POINT (-92.6182777777778 42.572),3b28eeb8-6231-4e78-85a6-35de450335fe,USGS-05463000,4e652e67-d6dd-adb4-e053-0100007fbcd3,257,1966-01-17T18:00:00+00:00,Imported Channel 1,131,ft^3/s,60.0,ft,141,ft^2,0.93,ft/s,,,Unspecified,Unspecified,Unspecified,Unspecified,Unspecified,Unknown,Ice,2026-06-28T02:09:53.109613+00:00,point_velocity,Unspecified
05463000,POINT (-92.6182777777778 42.572),3b3f5824-5449-4313-8bb4-c5a3c033a173,USGS-05463000,4e654749-139f-ba05-e053-0100007fba13,205,1962-09-03T18:20:00+00:00,Imported Channel 1,60.4,ft^3/s,40.0,ft,44.0,ft^2,1.37,ft/s,,,Unspecified,Unspecified,Unspecified,Unspecified,Unspecified,Unknown,Wading,2026-06-28T02:09:53.109613+00:00,point_velocity,Unspecified
05463000,POINT (-92.6182777777778 42.572),3b4645e3-fa2e-4dc0-a9a0-edd82f112e0a,USGS-05463000,4e6535d7-aab7-b13a-e053-0100007f25bb,65,1952-03-17T18:40:00+00:00,Imported Channel 1,348,ft^3/s,101,ft,208,ft^2,1.67,ft/s,,,Unspecified,Unspecified,Unspecified,Unspecified,Unspecified,Unknown,BridgeCrane,2026-06-28T02:09:53.109613+00:00,point_velocity,Unspecified
05463000,POINT (-92.6182777777778 42.572),3b57a5ab-f064-4af2-bc90-7d5597651098,USGS-05463000,4e655143-23ee-bf02-e053-0100007fd7c1,581,1998-04-01T17:05:00+00:00,Imported Channel 1,1190,ft^3/s,257,ft,893,ft^2,1.33,ft/s,,,Unspecified,Unspecified,Unspecified,Unspecified,Unspecified,Unknown,BridgeCrane,2026-06-28T02:09:53.109613+00:00,point_velocity,Unspecified
05463000,POINT (-92.6182777777778 42.572),3c161b27-4754-4648-ad1d-f681ded57a4f,USGS-05463000,4e654002-3e2f-b66d-e053-0100007ff524,199,1962-03-28T21:50:00+00:00,Imported Channel 1,9460,ft^3/s,235,ft,2440,ft^2,3.88,ft/s,,,Unspecified,Unspecified,Unspecified,Unspecified,Unspecified,Unknown,BridgeCrane,2026-06-28T02:09:53.109613+00:00,point_velocity,Unspecified
05463000,POINT (-92.6182777777778 42.572),3c4c9ccf-f898-4a48-9445-434a2727c763,USGS-05463000,4e654002-3e64-b66d-e053-0100007ff524,452,1983-08-18T14:20:00+00:00,Imported Channel 1,89.2,ft^3/s,49.0,ft,58.0,ft^2,1.54,ft/s,,,Unspecified,Unspecified,Unspecified,Unspecified,Unspecified,Unknown,Wading,2026-06-28T02:09:53.109613+00:00,point_velocity,Unspecified
05463000,POINT (-92.6182777777778 42.572),3d43ba61-fa85-428e-8df9-56255165ff99,USGS-05463000,4e65457a-977f-b864-e053-0100007f0efd,393,1977-09-21T16:20:00+00:00,Imported Channel 1,42.2,ft^3/s,44.0,ft,35.0,ft^2,1.21,ft/s,,,Unspecified,Unspecified,Unspecified,Unspecified,Unspecified,Unknown,Wading,2026-06-28T02:09:53.109613+00:00,point_velocity,Unspecified
05463000,POINT (-92.6182777777778 42.572),3db59146-eabf-4ada-8323-8a9cea27d203,USGS-05463000,4e6552a8-8374-bda1-e053-0100007f8cf2,542,1993-12-09T17:00:00+00:00,Imported Channel 1,149,ft^3/s,79.0,ft,97.4,ft^2,1.53,ft/s,,,Unspecified,Unspecified,Unspecified,Unspecified,Unspecified,Unknown,Wading,2026-06-28T02:09:53.109613+00:00,point_velocity,Unspecified
05463000,POINT (-92.6182777777778 42.572),3dca0ba3-6682-4f3f-a414-45dc64ebdf16,USGS-05463000,4e6546df-6424-ba29-e053-0100007f9a75,237,1965-01-05T17:00:00+00:00,Imported Channel 1,19.9,ft^3/s,27.0,ft,27.0,ft^2,0.74,ft/s,,,Unspecified,Unspecified,Unspecified,Unspecified,Unspecified,Unknown,Ice,2026-06-28T02:09:53.109613+00:00,point_velocity,Unspecified
05463000,POINT (-92.6182777777778 42.572),3df26d81-59e4-425e-a49f-633cb0717957,USGS-05463000,66dcbb77-eaf2-f811-e053-0100007fa032,747,2018-03-07T22:41:00+00:00,Main,234,ft^3/s,105,ft,204,ft^2,1.15,ft/s,200.00,ft,Firm,Sand,Uneven,Uneven,Standard,Pulsating,Wading,2026-06-28T02:09:53.109613+00:00,point_velocity,Upstream
05463000,POINT (-92.6182777777778 42.572),3dff1d1f-e2f1-4e32-862c-8e9ba58a236a,USGS-05463000,4e6551b5-d1ba-bf57-e053-0100007f3c2d,717,2014-04-29T22:32:12+00:00,Main,809,ft^3/s,189,ft,1010,ft^2,0.80,ft/s,,ft,Soft,Sand,Uneven,Uneven,Unknown,Unknown,BridgeDownstreamSide,2026-06-28T02:09:53.109613+00:00,adcp,AtTheGage
05463000,POINT (-92.6182777777778 42.572),3e18a987-26cd-4b83-a77e-b4a14e05bbd6,USGS-05463000,4e655b8c-527b-c4af-e053-0100007f3450,596,1999-09-10T17:40:00+00:00,Imported Channel 1,91.4,ft^3/s,100,ft,179,ft^2,0.51,ft/s,,,Unspecified,Unspecified,Unspecified,Unspecified,Unspecified,Unknown,Wading,2026-06-28T02:09:53.109613+00:00,point_velocity,Unspecified
05463000,POINT (-92.6182777777778 42.572),3e552a41-bbf4-4bae-91dc-f52918931b55,USGS-05463000,4e6565df-cc8e-c95f-e053-0100007fcee1,599,2000-01-27T15:20:00+00:00,Imported Channel 1,26.0,ft^3/s,40.0,ft,33.3,ft^2,0.78,ft/s,,,Unspecified,Unspecified,Unspecified,Unspecified,Unspecified,Unknown,Ice,2026-06-28T02:09:53.109613+00:00,point_velocity,Unspecified
05463000,POINT (-92.6182777777778 42.572),3f35bc33-5ec9-4da6-8014-5bd8fab32d52,USGS-05463000,4e654e56-4db0-bd16-e053-0100007ffd34,487,1987-09-23T15:00:00+00:00,Imported Channel 1,54.8,ft^3/s,50.0,ft,38.6,ft^2,1.42,ft/s,,,Unspecified,Unspecified,Unspecified,Unspecified,Unspecified,Unknown,Wading,2026-06-28T02:09:53.109613+00:00,point_velocity,Unspecified
05463000,POINT (-92.6182777777778 42.572),3f4d1518-f651-4d92-8d8e-f2a8d3c6d27d,USGS-05463000,4e655a38-e18f-c3c0-e053-0100007fb6b2,712,2013-06-25T17:12:00+00:00,Top of peowaukee road.,2.53,ft^3/s,8.00,ft,0.77,ft^2,3.27,ft/s,400.00,ft,Firm,BedrockLedgeArtificial,Even,Even,Standard,Unknown,Wading,2026-06-28T02:09:53.109613+00:00,point_velocity,Upstream
05463000,POINT (-92.6182777777778 42.572),3f54937d-414b-4419-a76b-6bd51b85a6ea,USGS-05463000,4e6548e7-85fb-bae8-e053-0100007f3ff2,564,1996-07-31T13:30:00+00:00,Imported Channel 1,71.9,ft^3/s,58.0,ft,67.9,ft^2,1.06,ft/s,,,Unspecified,Unspecified,Unspecified,Unspecified,Unspecified,Unknown,Wading,2026-06-28T02:09:53.109613+00:00,point_velocity,Unspecified
05463000,POINT (-92.6182777777778 42.572),3f6fe847-28e6-493f-80bc-2093d81a6da6,USGS-05463000,4e653ae3-9d39-b3ec-e053-0100007f512f,220,1963-09-11T14:00:00+00:00,Imported Channel 1,31.4,ft^3/s,28.0,ft,25.1,ft^2,1.27,ft/s,,,Unspecified,Unspecified,Unspecified,Unspecified,Unspecified,Unknown,Wading,2026-06-28T02:09:53.109613+00:00,point_velocity,Unspecified
05463000,POINT (-92.6182777777778 42.572),3fa289c7-4116-4e03-844e-dcb02c633594,USGS-05463000,c6766868-076a-479e-8b44-6b96583c743b,805,2026-05-13T16:38:17+00:00,Main,265,ft^3/s,104,ft,174,ft^2,1.52,ft/s,20.00,ft,Soft,Sand,Uneven,Uneven,Standard,Steady,Wading,2026-06-28T02:09:53.109613+00:00,point_velocity,Downstream
05463000,POINT (-92.6182777777778 42.572),3fb664f6-2265-4037-91f8-cb41b231108f,USGS-05463000,4e653fc4-86b9-b648-e053-0100007f877a,355,1973-11-12T16:20:00+00:00,Imported Channel 1,157,ft^3/s,71.0,ft,120,ft^2,1.31,ft/s,,,Unspecified,Unspecified,Unspecified,Unspecified,Unspecified,Unknown,Wading,2026-06-28T02:09:53.109613+00:00,point_velocity,Unspecified
05463000,POINT (-92.6182777777778 42.572),3fc8a27b-b667-49e8-8a6f-9d84ac1ffcc8,USGS-05463000,4e653cd5-1108-b52e-e053-0100007f02f9,238,1965-02-03T18:30:00+00:00,Imported Channel 1,11.4,ft^3/s,26.0,ft,20.1,ft^2,0.57,ft/s,,,Unspecified,Unspecified,Unspecified,Unspecified,Unspecified,Unknown,Ice,2026-06-28T02:09:53.109613+00:00,point_velocity,Unspecified
05463000,POINT (-92.6182777777778 42.572),404d91e3-0940-46b9-b936-b83cfdabdf28,USGS-05463000,4e65549d-8918-c0eb-e053-0100007f8f7c,539,1993-05-26T16:10:00+00:00,Imported Channel 1,480,ft^3/s,220,ft,720,ft^2,0.67,ft/s,,,Unspecified,Unspecified,Unspecified,Unspecified,Unspecified,Unknown,BridgeCrane,2026-06-28T02:09:53.109613+00:00,point_velocity,Unspecified
05463000,POINT (-92.6182777777778 42.572),40639768-2952-4af8-ad49-f4b461ec4dce,USGS-05463000,4e6559e1-932c-c2e1-e053-0100007fb355,686,2010-03-17T00:00:00+00:00,Imported Channel 1,3050,ft^3/s,223,ft,1410,ft^2,2.16,ft/s,5.00,ft,Firm,SiltMud,Uneven,Even,Unspecified,Unknown,BridgeDownstreamSide,2026-06-28T02:09:53.109613+00:00,adcp,Downstream
05463000,POINT (-92.6182777777778 42.572),409a1830-89e5-4c4a-8a50-4d3518ff7b62,USGS-05463000,4e651b29-8ebf-a435-e053-0100007f6420,93,1954-06-17T16:20:00+00:00,Imported Channel 1,1820,ft^3/s,236,ft,1420,ft^2,1.28,ft/s,,,Unspecified,Unspecified,Unspecified,Unspecified,Unspecified,Unknown,BridgeCrane,2026-06-28T02:09:53.109613+00:00,point_velocity,Unspecified
05463000,POINT (-92.6182777777778 42.572),413ac7de-bb93-4476-b95a-f4bd9b9bbeb1,USGS-05463000,4e653470-2e91-b0de-e053-0100007fac39,53,1951-03-22T15:20:00+00:00,Imported Channel 1,55.0,ft^3/s,52.0,ft,61.2,ft^2,0.90,ft/s,,,Unspecified,Unspecified,Unspecified,Unspecified,Unspecified,Unknown,Wading,2026-06-28T02:09:53.109613+00:00,point_velocity,Unspecified
05463000,POINT (-92.6182777777778 42.572),4141653e-5609-4ea4-90ff-0acc2d9b0900,USGS-05463000,4e653f7a-ae32-b66a-e053-0100007f0998,71,1952-09-09T15:00:00+00:00,Imported Channel 1,23.8,ft^3/s,36.0,ft,21.8,ft^2,1.09,ft/s,,,Unspecified,Unspecified,Unspecified,Unspecified,Unspecified,Unknown,Wading,2026-06-28T02:09:53.109613+00:00,point_velocity,Unspecified
05463000,POINT (-92.6182777777778 42.572),415f0ea4-97a5-44ce-8755-1603e12af40c,USGS-05463000,4e65432f-66a0-b838-e053-0100007f6a61,617,2001-11-26T18:00:00+00:00,Imported Channel 1,69.6,ft^3/s,52.0,ft,46.3,ft^2,1.50,ft/s,,,Unspecified,Unspecified,Unspecified,Unspecified,Unspecified,Unknown,Wading,2026-06-28T02:09:53.109613+00:00,point_velocity,Unspecified
05463000,POINT (-92.6182777777778 42.572),419d75dc-c177-40b1-871d-824d98c7ac63,USGS-05463000,4e6547f1-5a55-ba81-e053-0100007f2798,329,1971-03-15T20:30:00+00:00,Imported Channel 1,4190,ft^3/s,236,ft,1850,ft^2,2.26,ft/s,,,Unspecified,Unspecified,Unspecified,Unspecified,Unspecified,Unknown,BridgeCrane,2026-06-28T02:09:53.109613+00:00,point_velocity,Unspecified
05463000,POINT (-92.6182777777778 42.572),427c6c17-c2f3-4efd-afa8-3d625f593bcb,USGS-05463000,4e656951-2c2c-cb54-e053-0100007f2a50,700,2011-09-12T18:08:00+00:00,Main,39.7,ft^3/s,42.5,ft,34.8,ft^2,1.14,ft/s,20.00,ft,Firm,Sand,Even,Even,Standard,Unknown,Wading,2026-06-28T02:09:53.109613+00:00,point_velocity,Downstream
05463000,POINT (-92.6182777777778 42.572),4315032f-cfce-4e57-838b-3cacb84df0c7,USGS-05463000,4e6547b6-a0fa-ba7d-e053-0100007ff437,318,1970-03-18T21:00:00+00:00,Imported Channel 1,126,ft^3/s,40.0,ft,97.6,ft^2,1.29,ft/s,,,Unspecified,Unspecified,Unspecified,Unspecified,Unspecified,Unknown,Wading,2026-06-28T02:09:53.109613+00:00,point_velocity,Unspecified
05463000,POINT (-92.6182777777778 42.572),4364b187-e1ae-4e72-9c5e-b3cfce543d72,USGS-05463000,4e654e5b-48dd-bd59-e053-0100007fe6d2,594,1999-06-14T16:45:00+00:00,Imported Channel 1,1280,ft^3/s,223,ft,1080,ft^2,1.18,ft/s,,,Unspecified,Unspecified,Unspecified,Unspecified,Unspecified,Unknown,BridgeCrane,2026-06-28T02:09:53.109613+00:00,point_velocity,Unspecified
05463000,POINT (-92.6182777777778 42.572),437c55d1-9608-49d5-8e47-3c1c88064df5,USGS-05463000,4e6561fb-a5bd-c602-e053-0100007f965d,667,2007-07-31T15:01:00+00:00,Imported Channel 1,153,ft^3/s,71.0,ft,119,ft^2,1.29,ft/s,,,Unspecified,Unspecified,Unspecified,Unspecified,Unspecified,Unknown,Wading,2026-06-28T02:09:53.109613+00:00,point_velocity,Unspecified
05463000,POINT (-92.6182777777778 42.572),43dd93bf-9af8-4316-94af-59676d7a91d0,USGS-05463000,4e655127-f5eb-bd97-e053-0100007f624f,381,1976-10-06T17:05:00+00:00,Imported Channel 1,15.7,ft^3/s,26.0,ft,14.1,ft^2,1.11,ft/s,,,Unspecified,Unspecified,Unspecified,Unspecified,Unspecified,Unknown,Wading,2026-06-28T02:09:53.109613+00:00,point_velocity,Unspecified
05463000,POINT (-92.6182777777778 42.572),4458e6c5-e672-4727-85a8-08ded5c00180,USGS-05463000,4e654767-2ea8-ba5d-e053-0100007f13b4,164,1959-10-01T22:30:00+00:00,Imported Channel 1,109,ft^3/s,58.0,ft,80.7,ft^2,1.35,ft/s,,,Unspecified,Unspecified,Unspecified,Unspecified,Unspecified,Unknown,Wading,2026-06-28T02:09:53.109613+00:00,point_velocity,Unspecified
05463000,POINT (-92.6182777777778 42.572),44a0949a-298b-4899-a537-a9859d6ecb8b,USGS-05463000,4e65628f-fafa-c78a-e053-0100007f94fa,573,1997-06-23T18:45:00+00:00,Imported Channel 1,3530,ft^3/s,275,ft,1500,ft^2,2.35,ft/s,,,Unspecified,Unspecified,Unspecified,Unspecified,Unspecified,Unknown,BridgeCrane,2026-06-28T02:09:53.109613+00:00,point_velocity,Unspecified
05463000,POINT (-92.6182777777778 42.572),44d5c943-696e-4fcb-a476-ff2679b3157b,USGS-05463000,4e653bd4-a27c-b263-e053-0100007f735c,204,1962-08-06T20:05:00+00:00,Imported Channel 1,103,ft^3/s,67.0,ft,77.3,ft^2,1.33,ft/s,,,Unspecified,Unspecified,Unspecified,Unspecified,Unspecified,Unknown,Wading,2026-06-28T02:09:53.109613+00:00,point_velocity,Unspecified
05463000,POINT (-92.6182777777778 42.572),44f89bf8-257d-4aea-b0d3-74fdeb66af2c,USGS-05463000,4e6549f1-f119-ba0b-e053-0100007f338e,408,1978-11-13T21:05:00+00:00,Imported Channel 1,106,ft^3/s,55.0,ft,7.40,ft^2,1.51,ft/s,,,Unspecified,Unspecified,Unspecified,Unspecified,Unspecified,Unknown,Wading,2026-06-28T02:09:53.109613+00:00,point_velocity,Unspecified
05463000,POINT (-92.6182777777778 42.572),4530f277-08f5-4f75-a6eb-e5f15e6bb06e,USGS-05463000,4e6569b6-6213-cb52-e053-0100007fc285,706,2012-07-31T18:19:00+00:00,Main channel,18.7,ft^3/s,35.5,ft,18.9,ft^2,0.98,ft/s,30.00,ft,Firm,Sand,Even,Even,Standard,Unknown,Wading,2026-06-28T02:09:53.109613+00:00,point_velocity,Downstream
05463000,POINT (-92.6182777777778 42.572),453b7d24-49e0-4eda-b5ec-e630670a087b,USGS-05463000,4e6522a3-c63d-a80d-e053-0100007fcfcd,240,1965-03-03T17:00:00+00:00,Imported Channel 1,934,ft^3/s,23.8,ft,772,ft^2,1.21,ft/s,,,Unspecified,Unspecified,Unspecified,Unspecified,Unspecified,Unknown,BridgeCrane,2026-06-28T02:09:53.109613+00:00,point_velocity,Unspecified
05463000,POINT (-92.6182777777778 42.572),453eb2b2-e8f3-4d2f-bfbd-283427eb60ac,USGS-05463000,4e65432f-666e-b838-e053-0100007f6a61,327,1970-12-30T19:30:00+00:00,Imported Channel 1,47.7,ft^3/s,38.0,ft,42.2,ft^2,1.13,ft/s,,,Unspecified,Unspecified,Unspecified,Unspecified,Unspecified,Unknown,Ice,2026-06-28T02:09:53.109613+00:00,point_velocity,Unspecified
05463000,POINT (-92.6182777777778 42.572),45a9f343-9d5e-481d-8850-e0ad55432cb8,USGS-05463000,8bb5eda2-6647-7da9-e053-0100007f592c,759,2019-06-19T21:47:55+00:00,Check,645,ft^3/s,189,ft,494,ft^2,1.31,ft/s,20.00,ft,Firm,Sand,Uneven,Uneven,NonStandard,Pulsating,MannedMovingBoat,2026-06-28T02:09:53.109613+00:00,adcp,Downstream
05463000,POINT (-92.6182777777778 42.572),4699a72b-d8a9-42dd-bd3c-08c7b73e7d06,USGS-05463000,4e65512c-8f60-bd9d-e053-0100007f08a4,521,1991-03-28T20:00:00+00:00,Imported Channel 1,868,ft^3/s,241,ft,798,ft^2,1.09,ft/s,,,Unspecified,Unspecified,Unspecified,Unspecified,Unspecified,Unknown,Wading,2026-06-28T02:09:53.109613+00:00,point_velocity,Unspecified
05463000,POINT (-92.6182777777778 42.572),46aff73c-33ba-426b-bfa3-957dc81f9ab3,USGS-05463000,4e653b1a-8fb8-b3b5-e053-0100007f05e7,253,1965-09-21T21:50:00+00:00,Imported Channel 1,2980,ft^3/s,2.36,ft,1760,ft^2,1.69,ft/s,,,Unspecified,Unspecified,Unspecified,Unspecified,Unspecified,Unknown,BridgeCrane,2026-06-28T02:09:53.109613+00:00,point_velocity,Unspecified
05463000,POINT (-92.6182777777778 42.572),46bdde09-42e6-4748-a15b-a5e74b2d2901,USGS-05463000,4e6543c0-3f53-b8df-e053-0100007ff56e,87,1954-01-04T20:15:00+00:00,Imported Channel 1,15.1,ft^3/s,36.0,ft,19.3,ft^2,0.78,ft/s,,,Unspecified,Unspecified,Unspecified,Unspecified,Unspecified,Unknown,Ice,2026-06-28T02:09:53.109613+00:00,point_velocity,Unspecified
05463000,POINT (-92.6182777777778 42.572),46e52ee7-c8aa-4831-a3ce-cb47dbe02b9f,USGS-05463000,4e656951-2c0e-cb54-e053-0100007f2a50,624,2002-09-17T20:45:00+00:00,Imported Channel 1,39.0,ft^3/s,59.0,ft,33.6,ft^2,1.16,ft/s,,,Unspecified,Unspecified,Unspecified,Unspecified,Unspecified,Unknown,Wading,2026-06-28T02:09:53.109613+00:00,point_velocity,Unspecified
05463000,POINT (-92.6182777777778 42.572),46eb350d-d74d-442d-949c-7b6e022839ea,USGS-05463000,4e65552a-2f98-c14c-e053-0100007fbee6,601,2000-04-10T15:20:00+00:00,Imported Channel 1,68.0,ft^3/s,41.0,ft,50.2,ft^2,1.35,ft/s,,,Unspecified,Unspecified,Unspecified,Unspecified,Unspecified,Unknown,Wading,2026-06-28T02:09:53.109613+00:00,point_velocity,Unspecified
05463000,POINT (-92.6182777777778 42.572),46f1e11a-1f53-485b-94ca-58b1c41a7c84,USGS-05463000,4e6563cd-de6b-c6b9-e053-0100007fe049,574,1997-07-01T13:20:00+00:00,Imported Channel 1,1280,ft^3/s,240,ft,924,ft^2,1.39,ft/s,,,Unspecified,Unspecified,Unspecified,Unspecified,Unspecified,Unknown,BridgeCrane,2026-06-28T02:09:53.109613+00:00,point_velocity,Unspecified
05463000,POINT (-92.6182777777778 42.572),474e4e2c-4017-4929-815a-9e5f4b825d42,USGS-05463000,4e65563c-feba-c133-e053-0100007fc46d,628,2003-02-27T19:25:00+00:00,Imported Channel 1,29.5,ft^3/s,42.0,ft,42.5,ft^2,0.69,ft/s,,,Unspecified,Unspecified,Unspecified,Unspecified,Unspecified,Unknown,Ice,2026-06-28T02:09:53.109613+00:00,point_velocity,Unspecified
05463000,POINT (-92.6182777777778 42.572),47552ada-8bda-4e55-8146-6887552f50e9,USGS-05463000,4e6542f5-537b-b84c-e053-0100007f6429,139,1958-02-03T22:30:00+00:00,Imported Channel 1,24.1,ft^3/s,37.0,ft,32.7,ft^2,0.74,ft/s,,,Unspecified,Unspecified,Unspecified,Unspecified,Unspecified,Unknown,Ice,2026-06-28T02:09:53.109613+00:00,point_velocity,Unspecified
05463000,POINT (-92.6182777777778 42.572),48297c5e-0741-4271-b7ac-a31dd8b5d8dc,USGS-05463000,4e654f2e-2ae9-bd24-e053-0100007fa36a,443,1982-07-28T21:45:00+00:00,Imported Channel 1,255,ft^3/s,114,ft,161,ft^2,1.58,ft/s,,,Unspecified,Unspecified,Unspecified,Unspecified,Unspecified,Unknown,Wading,2026-06-28T02:09:53.109613+00:00,point_velocity,Unspecified
05463000,POINT (-92.6182777777778 42.572),4867f7ea-9a6a-4bc8-aaf4-5e042d0834db,USGS-05463000,4e65552a-2f84-c14c-e053-0100007fbee6,563,1996-06-18T21:30:00+00:00,Imported Channel 1,913,ft^3/s,231,ft,736,ft^2,1.24,ft/s,,,Unspecified,Unspecified,Unspecified,Unspecified,Unspecified,Unknown,BridgeCrane,2026-06-28T02:09:53.109613+00:00,point_velocity,Unspecified
05463000,POINT (-92.6182777777778 42.572),49a52779-a28a-4665-863f-c67c2c9d265f,USGS-05463000,4e6563d9-5010-c886-e053-0100007f3f62,651,2005-06-29T20:59:00+00:00,Imported Channel 1,1490,ft^3/s,250,ft,1320,ft^2,1.12,ft/s,,ft,Unspecified,Unspecified,Unspecified,Unspecified,Unspecified,Unknown,Unspecified,2026-06-28T02:09:53.109613+00:00,adcp,Unspecified
05463000,POINT (-92.6182777777778 42.572),4a4a8969-90c5-4c82-ade3-9681c0e4f104,USGS-05463000,4e654387-e80d-b840-e053-0100007f6631,169,1960-02-25T19:35:00+00:00,Imported Channel 1,88.4,ft^3/s,49.0,ft,76.8,ft^2,1.15,ft/s,,,Unspecified,Unspecified,Unspecified,Unspecified,Unspecified,Unknown,Ice,2026-06-28T02:09:53.109613+00:00,point_velocity,Unspecified
05463000,POINT (-92.6182777777778 42.572),4a553e08-97d2-4acb-857d-485a45c0ce45,USGS-05463000,4e6522a3-c63b-a80d-e053-0100007fcfcd,217,1963-07-20T19:00:00+00:00,Imported Channel 1,1460,ft^3/s,237,ft,1490,ft^2,0.98,ft/s,,,Unspecified,Unspecified,Unspecified,Unspecified,Unspecified,Unknown,BridgeCrane,2026-06-28T02:09:53.109613+00:00,point_velocity,Unspecified
05463000,POINT (-92.6182777777778 42.572),4a7cf40f-cf9f-40f6-ad87-f54e94557b7f,USGS-05463000,4e654e5b-48c0-bd59-e053-0100007fe6d2,311,1969-09-16T17:40:00+00:00,Imported Channel 1,62.9,ft^3/s,44.0,ft,45.3,ft^2,1.39,ft/s,,,Unspecified,Unspecified,Unspecified,Unspecified,Unspecified,Unknown,Wading,2026-06-28T02:09:53.109613+00:00,point_velocity,Unspecified
05463000,POINT (-92.6182777777778 42.572),4ab67d5d-e58e-48e5-b537-d674ef5a686a,USGS-05463000,4e656817-c122-caeb-e053-0100007f2f17,687,2010-04-19T18:40:00+00:00,Imported Channel 1,300,ft^3/s,108,ft,217,ft^2,1.38,ft/s,100.00,ft,Firm,Sand,Even,Even,Unspecified,Unknown,BridgeDownstreamSide,2026-06-28T02:09:53.109613+00:00,point_velocity,Downstream
05463000,POINT (-92.6182777777778 42.572),4b217ade-314c-4f5d-afbd-39099d0a3d6f,USGS-05463000,3444e3e9-5cb4-4920-9e64-5bb060b0807d,799,2025-06-03T18:35:12+00:00,Main,262,ft^3/s,108,ft,176,ft^2,1.49,ft/s,5.00,ft,Soft,Sand,Uneven,Uneven,Standard,Pulsating,BridgeDownstreamSide,2026-06-28T02:09:53.109613+00:00,adcp,Downstream
05463000,POINT (-92.6182777777778 42.572),4bd649bb-1b75-4be2-a8c1-220cd7e14741,USGS-05463000,4e6546a0-c026-b9fb-e053-0100007f0319,134,1957-09-03T22:00:00+00:00,Imported Channel 1,19.6,ft^3/s,35.0,ft,22.4,ft^2,0.88,ft/s,,,Unspecified,Unspecified,Unspecified,Unspecified,Unspecified,Unknown,Wading,2026-06-28T02:09:53.109613+00:00,point_velocity,Unspecified
05463000,POINT (-92.6182777777778 42.572),4c2c49f3-ebd1-40db-958d-d100ef7a2103,USGS-05463000,4e654e56-4da0-bd16-e053-0100007ffd34,344,1972-06-28T19:50:00+00:00,Imported Channel 1,170,ft^3/s,74.0,ft,96.5,ft^2,1.76,ft/s,,,Unspecified,Unspecified,Unspecified,Unspecified,Unspecified,Unknown,Wading,2026-06-28T02:09:53.109613+00:00,point_velocity,Unspecified
05463000,POINT (-92.6182777777778 42.572),4c7badd5-884a-4b75-8ddc-f77dc92a4854,USGS-05463000,4e655b8c-527e-c4af-e053-0100007f3450,606,2000-11-01T17:15:00+00:00,Imported Channel 1,36.1,ft^3/s,40.0,ft,30.4,ft^2,1.19,ft/s,,,Unspecified,Unspecified,Unspecified,Unspecified,Unspecified,Unknown,Wading,2026-06-28T02:09:53.109613+00:00,point_velocity,Unspecified
05463000,POINT (-92.6182777777778 42.572),4d81570f-6e13-45fa-8f40-41a520187657,USGS-05463000,4e654002-3e21-b66d-e053-0100007ff524,27,1949-02-07T15:15:00+00:00,Imported Channel 1,17.9,ft^3/s,59.0,ft,32.2,ft^2,0.56,ft/s,,,Unspecified,Unspecified,Unspecified,Unspecified,Unspecified,Unknown,Ice,2026-06-28T02:09:53.109613+00:00,point_velocity,Unspecified
05463000,POINT (-92.6182777777778 42.572),4e128354-60c4-4521-b144-9d3ea6c89063,USGS-05463000,4e654300-d885-b83a-e053-0100007f20c9,54,1951-03-30T20:50:00+00:00,Imported Channel 1,3080,ft^3/s,236,ft,2060,ft^2,1.49,ft/s,,,Unspecified,Unspecified,Unspecified,Unspecified,Unspecified,Unknown,BridgeCrane,2026-06-28T02:09:53.109613+00:00,point_velocity,Unspecified
05463000,POINT (-92.6182777777778 42.572),4e3315ec-6c7f-4dc4-934e-07d13256e948,USGS-05463000,1acc0e8f-3575-460b-98e9-bf459849d454,771,2021-03-09T23:45:23+00:00,Left,22.8,ft^3/s,42.4,ft,39.1,ft^2,0.58,ft/s,0.00,ft,Firm,Sand,Uneven,Uneven,NonStandard,Pulsating,BridgeDownstreamSide,2026-06-28T02:09:53.109613+00:00,adcp,AtTheGage
05463000,POINT (-92.6182777777778 42.572),4e45acd4-3322-475d-b366-52eff2956eb1,USGS-05463000,4e6558b6-ea49-c341-e053-0100007f37b9,491,1988-03-17T16:35:00+00:00,Imported Channel 1,125,ft^3/s,68.0,ft,93.9,ft^2,1.33,ft/s,,,Unspecified,Unspecified,Unspecified,Unspecified,Unspecified,Unknown,Wading,2026-06-28T02:09:53.109613+00:00,point_velocity,Unspecified
05463000,POINT (-92.6182777777778 42.572),4e94c82e-793e-4358-981e-0f7392ada2c4,USGS-05463000,4e65347d-64e0-b0dc-e053-0100007f9636,48,1950-12-13T18:20:00+00:00,Imported Channel 1,171,ft^3/s,39.0,ft,24.1,ft^2,0.71,ft/s,,,Unspecified,Unspecified,Unspecified,Unspecified,Unspecified,Unknown,Ice,2026-06-28T02:09:53.109613+00:00,point_velocity,Unspecified
05463000,POINT (-92.6182777777778 42.572),4ecb9d29-797e-4f39-9288-7878b23a026f,USGS-05463000,4e654baf-aa33-bc41-e053-0100007f23d7,282,1967-12-18T16:00:00+00:00,Imported Channel 1,22.3,ft^3/s,21.0,ft,18.9,ft^2,1.18,ft/s,,,Unspecified,Unspecified,Unspecified,Unspecified,Unspecified,Unknown,Wading,2026-06-28T02:09:53.109613+00:00,point_velocity,Unspecified
05463000,POINT (-92.6182777777778 42.572),4ee82490-bc13-4f7d-97ab-d6988094befe,USGS-05463000,4e6535e8-3e89-b0e0-e053-0100007ff514,141,1958-04-07T20:35:00+00:00,Imported Channel 1,433,ft^3/s,224,ft,684,ft^2,0.63,ft/s,,,Unspecified,Unspecified,Unspecified,Unspecified,Unspecified,Unknown,BridgeCrane,2026-06-28T02:09:53.109613+00:00,point_velocity,Unspecified
05463000,POINT (-92.6182777777778 42.572),4f7c3400-f8fc-4a5d-96d1-6f556c211971,USGS-05463000,4e65319c-7706-af90-e053-0100007f04f6,291,1968-07-19T18:35:00+00:00,Imported Channel 1,1190,ft^3/s,235,ft,1220,ft^2,1.15,ft/s,,,Unspecified,Unspecified,Unspecified,Unspecified,Unspecified,Unknown,Wading,2026-06-28T02:09:53.109613+00:00,point_velocity,Unspecified
05463000,POINT (-92.6182777777778 42.572),4f82e6ec-85fd-43a2-90a7-0063edd1dca8,USGS-05463000,4e6563d1-b5ef-c884-e053-0100007fd7fe,640,2004-05-24T19:50:00+00:00,Imported Channel 1,3490,ft^3/s,270,ft,1550,ft^2,2.25,ft/s,,,Unspecified,Unspecified,Unspecified,Unspecified,Unspecified,Unknown,BridgeCrane,2026-06-28T02:09:53.109613+00:00,point_velocity,Unspecified
05463000,POINT (-92.6182777777778 42.572),4fab6280-a561-4091-831a-037e13d4c946,USGS-05463000,06e589fd-8784-4ef1-9a64-a412a9c98e2b,777,2022-02-03T16:12:48+00:00,Beaver Ice Qm,47.1,ft^3/s,33.0,ft,51.1,ft^2,0.92,ft/s,20.00,ft,Soft,Sand,Even,Even,Unknown,Steady,Wading,2026-06-28T02:09:53.109613+00:00,point_velocity,Downstream
05463000,POINT (-92.6182777777778 42.572),4fae7fee-be4d-4ee4-b121-ec37aa2d6344,USGS-05463000,4e6554c1-6df7-c0e3-e053-0100007fade3,537,1993-03-01T21:50:00+00:00,Imported Channel 1,97.5,ft^3/s,71.0,ft,1.02,ft^2,0.96,ft/s,,,Unspecified,Unspecified,Unspecified,Unspecified,Unspecified,Unknown,Ice,2026-06-28T02:09:53.109613+00:00,point_velocity,Unspecified
05463000,POINT (-92.6182777777778 42.572),4fd8966d-ddaf-49b5-8c66-7d4afe458dc3,USGS-05463000,4e655ffb-f2b6-c6b1-e053-0100007f8c2b,722,2014-12-08T19:06:00+00:00,left channel,16.9,ft^3/s,37.0,ft,45.1,ft^2,0.38,ft/s,30.00,ft,Firm,Sand,Even,Even,Standard,Unknown,Wading,2026-06-28T02:09:53.109613+00:00,point_velocity,Downstream
05463000,POINT (-92.6182777777778 42.572),502d33e4-64b6-4b3a-8dbe-4af8f3301d8e,USGS-05463000,4e6551b5-d161-bf57-e053-0100007f3c2d,335,1971-09-02T14:55:00+00:00,Imported Channel 1,22.2,ft^3/s,34.0,ft,18.5,ft^2,1.20,ft/s,,,Unspecified,Unspecified,Unspecified,Unspecified,Unspecified,Unknown,Wading,2026-06-28T02:09:53.109613+00:00,point_velocity,Unspecified
05463000,POINT (-92.6182777777778 42.572),50837592-ed55-4b96-9b75-677a21ac0835,USGS-05463000,4e6540ef-6aae-b488-e053-0100007f8c41,555,1995-06-01T16:35:00+00:00,Imported Channel 1,351,ft^3/s,105,ft,200,ft^2,1.76,ft/s,,,Unspecified,Unspecified,Unspecified,Unspecified,Unspecified,Unknown,Wading,2026-06-28T02:09:53.109613+00:00,point_velocity,Unspecified
05463000,POINT (-92.6182777777778 42.572),50be5ef5-6684-4b84-a763-e0937bb68766,USGS-05463000,4e654749-13ad-ba05-e053-0100007fba13,365,1975-02-05T14:00:00+00:00,Imported Channel 1,62.0,ft^3/s,51.0,ft,48.4,ft^2,1.28,ft/s,,,Unspecified,Unspecified,Unspecified,Unspecified,Unspecified,Unknown,Wading,2026-06-28T02:09:53.109613+00:00,point_velocity,Unspecified
05463000,POINT (-92.6182777777778 42.572),50e0e0d6-bbf1-48a3-b3e9-504591495886,USGS-05463000,4e654e56-4da5-bd16-e053-0100007ffd34,363,1974-11-12T14:20:00+00:00,Imported Channel 1,146,ft^3/s,69.0,ft,96.8,ft^2,1.51,ft/s,,,Unspecified,Unspecified,Unspecified,Unspecified,Unspecified,Unknown,Wading,2026-06-28T02:09:53.109613+00:00,point_velocity,Unspecified
05463000,POINT (-92.6182777777778 42.572),5114661d-2ac9-489d-8375-479c2922de4b,USGS-05463000,4e653b1a-8f99-b3b5-e053-0100007f05e7,24,1948-10-29T22:30:00+00:00,Imported Channel 1,14.8,ft^3/s,33.0,ft,13.7,ft^2,1.08,ft/s,,,Unspecified,Unspecified,Unspecified,Unspecified,Unspecified,Unknown,Wading,2026-06-28T02:09:53.109613+00:00,point_velocity,Unspecified
05463000,POINT (-92.6182777777778 42.572),516c98fc-dd1a-4260-896d-ac4fea6b1132,USGS-05463000,4e654a81-16bc-bbad-e053-0100007f82c7,431,1981-03-27T14:15:00+00:00,Imported Channel 1,60.8,ft^3/s,43.0,ft,38.2,ft^2,1.59,ft/s,,,Unspecified,Unspecified,Unspecified,Unspecified,Unspecified,Unknown,Wading,2026-06-28T02:09:53.109613+00:00,point_velocity,Unspecified
05463000,POINT (-92.6182777777778 42.572),52971dae-e932-4b7f-abea-d965411524b5,USGS-05463000,4e655c71-e364-c4b9-e053-0100007fc513,586,1998-10-19T18:05:00+00:00,Imported Channel 1,1660,ft^3/s,265,ft,1200,ft^2,1.38,ft/s,,,Unspecified,Unspecified,Unspecified,Unspecified,Unspecified,Unknown,BridgeCrane,2026-06-28T02:09:53.109613+00:00,point_velocity,Unspecified
05463000,POINT (-92.6182777777778 42.572),52d25d72-bee4-4fd9-bc5b-0d56d326b67b,USGS-05463000,4e6563b5-acb4-c882-e053-0100007f1e1a,647,2005-01-26T18:05:00+00:00,Imported Channel 1,41.5,ft^3/s,61.0,ft,44.3,ft^2,0.94,ft/s,,,Unspecified,Unspecified,Unspecified,Unspecified,Unspecified,Unknown,Ice,2026-06-28T02:09:53.109613+00:00,point_velocity,Unspecified
05463000,POINT (-92.6182777777778 42.572),52fbeac5-8e2d-4751-85b8-9c3c3ab04505,USGS-05463000,4e655419-2a69-bbcb-e053-0100007f39b0,489,1987-12-10T16:50:00+00:00,Imported Channel 1,91.7,ft^3/s,78.0,ft,68.2,ft^2,1.34,ft/s,,,Unspecified,Unspecified,Unspecified,Unspecified,Unspecified,Unknown,Wading,2026-06-28T02:09:53.109613+00:00,point_velocity,Unspecified
05463000,POINT (-92.6182777777778 42.572),5330eabf-a638-4e5a-9dc1-4467d63c0ab2,USGS-05463000,4e655882-115f-c2f3-e053-0100007f0038,531,1992-05-20T15:50:00+00:00,Imported Channel 1,208,ft^3/s,74.0,ft,142,ft^2,1.46,ft/s,,,Unspecified,Unspecified,Unspecified,Unspecified,Unspecified,Unknown,Wading,2026-06-28T02:09:53.109613+00:00,point_velocity,Unspecified
05463000,POINT (-92.6182777777778 42.572),53647682-2a0b-4086-8ee8-5afc111e9b68,USGS-05463000,4e6567b8-c6bc-cae9-e053-0100007fd21e,734,2016-06-06T18:46:03+00:00,MAIN,1780,ft^3/s,203,ft,1100,ft^2,1.61,ft/s,20.00,ft,Firm,Sand,Even,Uneven,NonStandard,Unknown,BridgeDownstreamSide,2026-06-28T02:09:53.109613+00:00,adcp,Downstream
05463000,POINT (-92.6182777777778 42.572),53955adc-b337-4020-b4ce-485acf74d688,USGS-05463000,4e656c61-e849-cb56-e053-0100007fa58c,652,2005-08-17T18:29:00+00:00,Imported Channel 1,73.5,ft^3/s,62.0,ft,60.4,ft^2,1.22,ft/s,,,Unspecified,Unspecified,Unspecified,Unspecified,Unspecified,Unknown,Wading,2026-06-28T02:09:53.109613+00:00,point_velocity,Unspecified
05463000,POINT (-92.6182777777778 42.572),53ad2094-a93a-4d58-a946-47246c4e0fa6,USGS-05463000,4e653b7e-fd40-b486-e053-0100007f6d12,92,1954-06-02T15:00:00+00:00,Imported Channel 1,315,ft^3/s,224,ft,468,ft^2,0.67,ft/s,,,Unspecified,Unspecified,Unspecified,Unspecified,Unspecified,Unknown,BridgeCrane,2026-06-28T02:09:53.109613+00:00,point_velocity,Unspecified
05463000,POINT (-92.6182777777778 42.572),53e6326e-a1bb-49c2-9f57-bd51c604bf67,USGS-05463000,4e6535e8-3e9d-b0e0-e053-0100007ff514,358,1974-04-17T13:05:00+00:00,Imported Channel 1,389,ft^3/s,225,ft,364,ft^2,1.07,ft/s,,,Unspecified,Unspecified,Unspecified,Unspecified,Unspecified,Unknown,BridgeCrane,2026-06-28T02:09:53.109613+00:00,point_velocity,Unspecified
05463000,POINT (-92.6182777777778 42.572),544060d2-4aec-4e91-a3b3-0dc8a5f8722f,USGS-05463000,4e654c19-97a6-bc43-e053-0100007fc312,538,1993-04-01T22:25:00+00:00,Imported Channel 1,4820,ft^3/s,280,ft,2190,ft^2,2.20,ft/s,,,Unspecified,Unspecified,Unspecified,Unspecified,Unspecified,Unknown,BridgeCrane,2026-06-28T02:09:53.109613+00:00,point_velocity,Unspecified
05463000,POINT (-92.6182777777778 42.572),54859c0b-f73a-4908-bdaa-9687cfaf7517,USGS-05463000,4e654eee-cfad-bd18-e053-0100007f1680,364,1974-12-23T20:55:00+00:00,Imported Channel 1,115,ft^3/s,71.0,ft,90.8,ft^2,1.27,ft/s,,,Unspecified,Unspecified,Unspecified,Unspecified,Unspecified,Unknown,Wading,2026-06-28T02:09:53.109613+00:00,point_velocity,Unspecified
05463000,POINT (-92.6182777777778 42.572),54dd6d75-1109-4dd2-8ec9-2c1342d1e811,USGS-05463000,4e6569b6-61f4-cb52-e053-0100007fc285,657,2006-05-10T11:51:00+00:00,Imported Channel 1,324,ft^3/s,126,ft,216,ft^2,1.59,ft/s,,ft,Unspecified,Unspecified,Unspecified,Unspecified,Unspecified,Unknown,Unspecified,2026-06-28T02:09:53.109613+00:00,adcp,Unspecified
05463000,POINT (-92.6182777777778 42.572),54f21068-2b7a-40b2-8a38-fe64c0dc6376,USGS-05463000,4e655e4d-e953-c541-e053-0100007fc4f6,671,2008-03-31T13:22:00+00:00,Imported Channel 1,422,ft^3/s,144,ft,348,ft^2,1.21,ft/s,,ft,Unspecified,Unspecified,Unspecified,Unspecified,Unspecified,Unknown,Unspecified,2026-06-28T02:09:53.109613+00:00,adcp,Unspecified
05463000,POINT (-92.6182777777778 42.572),55a8619b-8e6b-454a-9c23-0216f35e42b1,USGS-05463000,4e6531e9-a857-afa0-e053-0100007f2af8,171,1960-11-30T20:15:00+00:00,Imported Channel 1,10600,ft^3/s,234,ft,2470,ft^2,4.29,ft/s,,,Unspecified,Unspecified,Unspecified,Unspecified,Unspecified,Unknown,BridgeCrane,2026-06-28T02:09:53.109613+00:00,point_velocity,Unspecified
05463000,POINT (-92.6182777777778 42.572),55e9e560-7f15-48c4-b424-fb59e4cc3d72,USGS-05463000,4e6558e6-5abe-c33f-e053-0100007fdd72,485,1987-06-25T17:20:00+00:00,Imported Channel 1,76.5,ft^3/s,69.0,ft,67.4,ft^2,1.14,ft/s,,,Unspecified,Unspecified,Unspecified,Unspecified,Unspecified,Unknown,Wading,2026-06-28T02:09:53.109613+00:00,point_velocity,Unspecified
05463000,POINT (-92.6182777777778 42.572),56eaf821-163f-4f25-b499-c4328e6c2b8f,USGS-05463000,4e65471e-7cc4-ba5b-e053-0100007f6a91,553,1995-02-22T21:15:00+00:00,Imported Channel 1,476,ft^3/s,227,ft,556,ft^2,0.86,ft/s,,,Unspecified,Unspecified,Unspecified,Unspecified,Unspecified,Unknown,BridgeCrane,2026-06-28T02:09:53.109613+00:00,point_velocity,Unspecified
05463000,POINT (-92.6182777777778 42.572),571dcafe-fcd6-444f-b12f-de7d420c6631,USGS-05463000,a95fdc57-87eb-45df-98c0-59a45706c5cc,785,2023-03-15T15:32:14+00:00,Main,225,ft^3/s,102,ft,138,ft^2,1.62,ft/s,50.00,ft,Soft,Sand,Uneven,Uneven,Standard,Pulsating,Wading,2026-06-28T02:09:53.109613+00:00,point_velocity,Downstream
05463000,POINT (-92.6182777777778 42.572),577842ce-c7ea-4e73-8c70-52660f9afd23,USGS-05463000,4e654e2f-2f28-bd5b-e053-0100007f5551,679,2009-05-04T14:40:00+00:00,Imported Channel 1,847,ft^3/s,188,ft,936,ft^2,0.90,ft/s,10.00,ft,Firm,Sand,Even,Even,Unspecified,Unknown,BridgeDownstreamSide,2026-06-28T02:09:53.109613+00:00,adcp,Upstream
05463000,POINT (-92.6182777777778 42.572),5798c72e-f534-438a-aa29-e4a356dea99c,USGS-05463000,4e653fbc-a570-b662-e053-0100007f27ba,593,1999-05-17T21:55:00+00:00,Imported Channel 1,10700,ft^3/s,300,ft,2260,ft^2,4.73,ft/s,,,Unspecified,Unspecified,Unspecified,Unspecified,Unspecified,Unknown,BridgeCrane,2026-06-28T02:09:53.109613+00:00,point_velocity,Unspecified
05463000,POINT (-92.6182777777778 42.572),579bd0c1-361c-462b-acc0-59c0333d3826,USGS-05463000,4e6563d9-5003-c886-e053-0100007f3f62,622,2002-07-01T21:55:00+00:00,Imported Channel 1,136,ft^3/s,63.0,ft,95.7,ft^2,0.70,ft/s,,,Unspecified,Unspecified,Unspecified,Unspecified,Unspecified,Unknown,Wading,2026-06-28T02:09:53.109613+00:00,point_velocity,Unspecified
05463000,POINT (-92.6182777777778 42.572),57b49bcc-6af0-4542-995e-0649071f0545,USGS-05463000,4e654767-2eb8-ba5d-e053-0100007f13b4,413,1979-03-28T17:30:00+00:00,Imported Channel 1,538,ft^3/s,225,ft,706,ft^2,0.76,ft/s,,,Unspecified,Unspecified,Unspecified,Unspecified,Unspecified,Unknown,BridgeCrane,2026-06-28T02:09:53.109613+00:00,point_velocity,Unspecified
05463000,POINT (-92.6182777777778 42.572),585facce-eef3-4251-bfa6-7f2593ea019c,USGS-05463000,4e656ac3-43f0-cc83-e053-0100007f0bf2,663,2007-01-11T15:02:00+00:00,Imported Channel 1,372,ft^3/s,146,ft,268,ft^2,1.39,ft/s,,,Unspecified,Unspecified,Unspecified,Unspecified,Unspecified,Unknown,Wading,2026-06-28T02:09:53.109613+00:00,point_velocity,Unspecified
05463000,POINT (-92.6182777777778 42.572),58f1c159-b590-4796-963a-506ea6987baf,USGS-05463000,4e655143-23e4-bf02-e053-0100007fd7c1,504,1989-07-24T19:30:00+00:00,Imported Channel 1,8.34,ft^3/s,30.0,ft,17.8,ft^2,0.47,ft/s,,,Unspecified,Unspecified,Unspecified,Unspecified,Unspecified,Unknown,Wading,2026-06-28T02:09:53.109613+00:00,point_velocity,Unspecified
05463000,POINT (-92.6182777777778 42.572),5926f67f-55ac-41ba-b533-ae82b286e59b,USGS-05463000,4e65680f-02e7-caed-e053-0100007f61f1,723,2015-02-03T19:39:00+00:00,723,98.3,ft^3/s,83.0,ft,304,ft^2,0.32,ft/s,200.00,ft,Firm,SiltMud,Even,Even,Standard,Unknown,Wading,2026-06-28T02:09:53.109613+00:00,point_velocity,Downstream
05463000,POINT (-92.6182777777778 42.572),59dfa722-7116-4829-a7eb-738c89f733a1,USGS-05463000,4e65432f-667a-b838-e053-0100007f6a61,401,1978-04-11T21:05:00+00:00,Imported Channel 1,388,ft^3/s,123,ft,258,ft^2,1.50,ft/s,,,Unspecified,Unspecified,Unspecified,Unspecified,Unspecified,Unknown,BridgeCrane,2026-06-28T02:09:53.109613+00:00,point_velocity,Unspecified
05463000,POINT (-92.6182777777778 42.572),5a1e9a29-0924-406c-9b1d-9fdf3c588712,USGS-05463000,4e653c6e-b53b-b53c-e053-0100007ff080,308,1969-07-09T17:45:00+00:00,Imported Channel 1,13800,ft^3/s,236,ft,2850,ft^2,4.84,ft/s,,,Unspecified,Unspecified,Unspecified,Unspecified,Unspecified,Unknown,Cableway,2026-06-28T02:09:53.109613+00:00,point_velocity,Unspecified
05463000,POINT (-92.6182777777778 42.572),5a4f36e8-ecd6-4727-a698-de6f3e9682fc,USGS-05463000,4e655bc0-f21f-c4d7-e053-0100007fef37,595,1999-07-26T18:40:00+00:00,Imported Channel 1,516,ft^3/s,207,ft,786,ft^2,0.66,ft/s,,,Unspecified,Unspecified,Unspecified,Unspecified,Unspecified,Unknown,BridgeCrane,2026-06-28T02:09:53.109613+00:00,point_velocity,Unspecified
05463000,POINT (-92.6182777777778 42.572),5aaba67c-0980-42a7-a26c-7d0f3be92818,USGS-05463000,4e65386a-dddb-b257-e053-0100007f3166,105,1955-06-06T17:00:00+00:00,Imported Channel 1,37.1,ft^3/s,41.0,ft,31.0,ft^2,1.19,ft/s,,,Unspecified,Unspecified,Unspecified,Unspecified,Unspecified,Unknown,Wading,2026-06-28T02:09:53.109613+00:00,point_velocity,Unspecified
05463000,POINT (-92.6182777777778 42.572),5b6d34fe-e2db-409a-9df7-e896c2e9d445,USGS-05463000,4e653523-635a-b140-e053-0100007f723e,143,1958-06-02T18:30:00+00:00,Imported Channel 1,71.0,ft^3/s,40.0,ft,44.8,ft^2,1.58,ft/s,,,Unspecified,Unspecified,Unspecified,Unspecified,Unspecified,Unknown,Wading,2026-06-28T02:09:53.109613+00:00,point_velocity,Unspecified
05463000,POINT (-92.6182777777778 42.572),5bdadd2a-2b97-451d-9bf2-e75c69020522,USGS-05463000,4e653b7e-fd80-b486-e053-0100007f6d12,472,1986-02-24T06:00:00+00:00,Imported Channel 1,118,ft^3/s,47.0,ft,92.0,ft^2,1.28,ft/s,,,Unspecified,Unspecified,Unspecified,Unspecified,Unspecified,Unknown,Ice,2026-06-28T02:09:53.109613+00:00,point_velocity,Unspecified
05463000,POINT (-92.6182777777778 42.572),5bdc2f99-9508-4cbd-902c-e7b5c869c729,USGS-05463000,6e68006e-cf8a-50f2-e053-0100007fb47c,751,2018-06-11T23:04:57+00:00,main,289,ft^3/s,125,ft,195,ft^2,1.48,ft/s,0.00,ft,Firm,Sand,Even,Even,NonStandard,Steady,BridgeDownstreamSide,2026-06-28T02:09:53.109613+00:00,adcp,AtTheGage
05463000,POINT (-92.6182777777778 42.572),5c6cfb5e-30e8-4bfc-a94a-b6d166a677b8,USGS-05463000,4e653c4d-091b-b52c-e053-0100007fdf51,102,1955-03-07T19:50:00+00:00,Imported Channel 1,101,ft^3/s,78.0,ft,150,ft^2,0.67,ft/s,,,Unspecified,Unspecified,Unspecified,Unspecified,Unspecified,Unknown,Wading,2026-06-28T02:09:53.109613+00:00,point_velocity,Unspecified
05463000,POINT (-92.6182777777778 42.572),5d2928dc-6479-4839-88a3-5eb3868b0340,USGS-05463000,4e6554c1-6df9-c0e3-e053-0100007fade3,543,1994-02-02T18:10:00+00:00,Imported Channel 1,72.8,ft^3/s,77.0,ft,64.1,ft^2,1.14,ft/s,,,Unspecified,Unspecified,Unspecified,Unspecified,Unspecified,Unknown,Ice,2026-06-28T02:09:53.109613+00:00,point_velocity,Unspecified
05463000,POINT (-92.6182777777778 42.572),5e301ad5-6d94-481b-852a-e72c4284974c,USGS-05463000,4e6543ca-9065-b866-e053-0100007fc6fc,101,1955-01-31T19:00:00+00:00,Imported Channel 1,13.7,ft^3/s,41.0,ft,24.0,ft^2,0.57,ft/s,,,Unspecified,Unspecified,Unspecified,Unspecified,Unspecified,Unknown,Ice,2026-06-28T02:09:53.109613+00:00,point_velocity,Unspecified
05463000,POINT (-92.6182777777778 42.572),5ede6c27-7f5b-4571-b329-341811ae0a11,USGS-05463000,4e655e4d-e94f-c541-e053-0100007fc4f6,654,2005-11-15T16:31:00+00:00,Imported Channel 1,36.0,ft^3/s,54.0,ft,33.6,ft^2,1.07,ft/s,,,Unspecified,Unspecified,Unspecified,Unspecified,Unspecified,Unknown,Wading,2026-06-28T02:09:53.109613+00:00,point_velocity,Unspecified
05463000,POINT (-92.6182777777778 42.572),5efdb95d-a51d-4222-88ec-a3d2c898b0e2,USGS-05463000,4e655202-0186-bf55-e053-0100007f57fd,434,1981-07-14T21:10:00+00:00,Imported Channel 1,61.6,ft^3/s,50.0,ft,46.0,ft^2,1.34,ft/s,,,Unspecified,Unspecified,Unspecified,Unspecified,Unspecified,Unknown,Wading,2026-06-28T02:09:53.109613+00:00,point_velocity,Unspecified
05463000,POINT (-92.6182777777778 42.572),5f206f75-e1ab-4ef3-a003-1f9ba0ef67fe,USGS-05463000,4e65552a-2f88-c14c-e053-0100007fbee6,569,1997-02-24T20:15:00+00:00,Imported Channel 1,429,ft^3/s,225,ft,446,ft^2,0.96,ft/s,,,Unspecified,Unspecified,Unspecified,Unspecified,Unspecified,Unknown,BridgeCrane,2026-06-28T02:09:53.109613+00:00,point_velocity,Unspecified
05463000,POINT (-92.6182777777778 42.572),5fe54c1f-8e15-4035-99ec-b101e9853e8e,USGS-05463000,4e65584e-12a4-c2e9-e053-0100007f0ee1,465,1985-04-29T05:00:00+00:00,Imported Channel 1,122,ft^3/s,48.0,ft,96.0,ft^2,1.27,ft/s,,,Unspecified,Unspecified,Unspecified,Unspecified,Unspecified,Unknown,Wading,2026-06-28T02:09:53.109613+00:00,point_velocity,Unspecified
05463000,POINT (-92.6182777777778 42.572),602aaef2-c753-412d-905a-a1c8efccb3a8,USGS-05463000,4e653c38-3f31-b4f6-e053-0100007f45ca,137,1957-12-02T21:20:00+00:00,Imported Channel 1,38.3,ft^3/s,35.0,ft,42.7,ft^2,0.90,ft/s,,,Unspecified,Unspecified,Unspecified,Unspecified,Unspecified,Unknown,Wading,2026-06-28T02:09:53.109613+00:00,point_velocity,Unspecified
05463000,POINT (-92.6182777777778 42.572),604ce29f-c593-4c0f-8c86-fe38bb022db5,USGS-05463000,4e656c61-e84b-cb56-e053-0100007fa58c,653,2005-10-05T15:10:00+00:00,Imported Channel 1,43.0,ft^3/s,53.0,ft,40.5,ft^2,1.06,ft/s,,,Unspecified,Unspecified,Unspecified,Unspecified,Unspecified,Unknown,Wading,2026-06-28T02:09:53.109613+00:00,point_velocity,Unspecified
05463000,POINT (-92.6182777777778 42.572),60a6194f-eb0d-4790-ae69-7bb583d4fbc1,USGS-05463000,4e655c37-5e1a-c4cf-e053-0100007f41a0,690,2010-07-25T15:36:00+00:00,Imported Channel 1,5110,ft^3/s,242,ft,1760,ft^2,2.90,ft/s,,ft,Soft,Sand,Even,Even,Unspecified,Unknown,BridgeDownstreamSide,2026-06-28T02:09:53.109613+00:00,adcp,AtTheGage
05463000,POINT (-92.6182777777778 42.572),60e77e6a-f7c7-401c-80a7-c0f54e8c3df8,USGS-05463000,4e65457a-9770-b864-e053-0100007f0efd,346,1972-09-20T19:55:00+00:00,Imported Channel 1,110,ft^3/s,74.0,ft,74.5,ft^2,1.48,ft/s,,,Unspecified,Unspecified,Unspecified,Unspecified,Unspecified,Unknown,Wading,2026-06-28T02:09:53.109613+00:00,point_velocity,Unspecified
05463000,POINT (-92.6182777777778 42.572),610d37b9-6bc8-4416-9574-9c9f8fcc9368,USGS-05463000,4e653fc4-869b-b648-e053-0100007f877a,60,1951-08-08T17:00:00+00:00,Imported Channel 1,105,ft^3/s,65.0,ft,76.2,ft^2,1.38,ft/s,,,Unspecified,Unspecified,Unspecified,Unspecified,Unspecified,Unknown,Wading,2026-06-28T02:09:53.109613+00:00,point_velocity,Unspecified
05463000,POINT (-92.6182777777778 42.572),61cd04b7-a450-459d-aa35-614e2ea1351b,USGS-05463000,4e652b73-5f79-ac30-e053-0100007f779a,76,1953-03-30T21:00:00+00:00,Imported Channel 1,144,ft^3/s,62.0,ft,103,ft^2,1.40,ft/s,,,Unspecified,Unspecified,Unspecified,Unspecified,Unspecified,Unknown,Wading,2026-06-28T02:09:53.109613+00:00,point_velocity,Unspecified
05463000,POINT (-92.6182777777778 42.572),6294d191-bfcd-4dd7-adf7-a74719672b01,USGS-05463000,d7920d25-a1d4-43cb-a202-26891b9971f5,773,2021-06-14T14:10:23+00:00,Main,103,ft^3/s,81.0,ft,70.3,ft^2,1.46,ft/s,300.00,ft,Firm,Sand,Even,Even,Unknown,Steady,Wading,2026-06-28T02:09:53.109613+00:00,point_velocity,Downstream
05463000,POINT (-92.6182777777778 42.572),62a30dc1-5839-42af-b150-b18e2a5539b5,USGS-05463000,4e654c19-979b-bc43-e053-0100007fc312,449,1983-04-04T22:45:00+00:00,Imported Channel 1,1700,ft^3/s,234,ft,1170,ft^2,1.45,ft/s,,,Unspecified,Unspecified,Unspecified,Unspecified,Unspecified,Unknown,BridgeCrane,2026-06-28T02:09:53.109613+00:00,point_velocity,Unspecified
05463000,POINT (-92.6182777777778 42.572),6317ede8-7a53-44f1-93ed-38a4f3b34fd1,USGS-05463000,4e6547b6-a0e5-ba7d-e053-0100007ff437,226,1964-03-17T14:10:00+00:00,Imported Channel 1,36.1,ft^3/s,25.0,ft,28.4,ft^2,1.27,ft/s,,,Unspecified,Unspecified,Unspecified,Unspecified,Unspecified,Unknown,Wading,2026-06-28T02:09:53.109613+00:00,point_velocity,Unspecified
05463000,POINT (-92.6182777777778 42.572),631cb2fc-3aaa-4180-9ff6-d18983193a49,USGS-05463000,4e653c20-c21f-b2db-e053-0100007f9f2a,306,1969-05-14T20:15:00+00:00,Imported Channel 1,338,ft^3/s,225,ft,450,ft^2,0.75,ft/s,,,Unspecified,Unspecified,Unspecified,Unspecified,Unspecified,Unknown,BridgeCrane,2026-06-28T02:09:53.109613+00:00,point_velocity,Unspecified
05463000,POINT (-92.6182777777778 42.572),638eab68-3fc3-4f2a-9c85-7da4af5d6a35,USGS-05463000,4e653cfe-9ca1-b4f8-e053-0100007f460e,274,1967-04-20T18:50:00+00:00,Imported Channel 1,76.2,ft^3/s,61.0,ft,58.2,ft^2,1.31,ft/s,,,Unspecified,Unspecified,Unspecified,Unspecified,Unspecified,Unknown,Wading,2026-06-28T02:09:53.109613+00:00,point_velocity,Unspecified
05463000,POINT (-92.6182777777778 42.572),63947c8f-a5b0-4799-8ab5-e9438f6cdc6a,USGS-05463000,4e65434a-06fc-b84a-e053-0100007f4e03,406,1978-09-19T12:45:00+00:00,Imported Channel 1,79.9,ft^3/s,47.0,ft,58.8,ft^2,1.36,ft/s,,,Unspecified,Unspecified,Unspecified,Unspecified,Unspecified,Unknown,Wading,2026-06-28T02:09:53.109613+00:00,point_velocity,Unspecified
05463000,POINT (-92.6182777777778 42.572),63a4285b-f337-4e27-ad9a-df61910e13ad,USGS-05463000,4e65432f-6678-b838-e053-0100007f6a61,391,1977-08-04T17:35:00+00:00,Imported Channel 1,3.72,ft^3/s,13.0,ft,5.93,ft^2,0.63,ft/s,,,Unspecified,Unspecified,Unspecified,Unspecified,Unspecified,Unknown,Wading,2026-06-28T02:09:53.109613+00:00,point_velocity,Unspecified
05463000,POINT (-92.6182777777778 42.572),63c7ff57-e774-43ae-908f-abcc7230eaa4,USGS-05463000,4e65551f-ea65-c131-e053-0100007fbd2e,470,1985-12-03T06:00:00+00:00,Imported Channel 1,66.4,ft^3/s,46.0,ft,75.4,ft^2,0.88,ft/s,,,Unspecified,Unspecified,Unspecified,Unspecified,Unspecified,Unknown,Ice,2026-06-28T02:09:53.109613+00:00,point_velocity,Unspecified
05463000,POINT (-92.6182777777778 42.572),64152113-e032-48dc-a5f3-9edc68444f8e,USGS-05463000,4e656a76-d7be-cc6d-e053-0100007fea3d,730,2016-01-12T16:30:33+00:00,Main,442,ft^3/s,219,ft,667,ft^2,0.66,ft/s,,ft,Firm,Sand,Even,Even,Standard,Unknown,BridgeDownstreamSide,2026-06-28T02:09:53.109613+00:00,adcp,AtTheGage
05463000,POINT (-92.6182777777778 42.572),647d92f8-d125-4fc5-8381-6d62daee36b0,USGS-05463000,4e654749-13ae-ba05-e053-0100007fba13,384,1977-01-26T14:50:00+00:00,Imported Channel 1,3.03,ft^3/s,16.0,ft,7.46,ft^2,0.41,ft/s,,,Unspecified,Unspecified,Unspecified,Unspecified,Unspecified,Unknown,Ice,2026-06-28T02:09:53.109613+00:00,point_velocity,Unspecified
05463000,POINT (-92.6182777777778 42.572),656c4d83-7dea-44f3-934d-a2472b0aff35,USGS-05463000,a4581922-8b32-47b9-a797-7164a2b7c50b,780,2022-08-16T17:21:20+00:00,Main,63.5,ft^3/s,64.0,ft,48.2,ft^2,1.32,ft/s,250.00,ft,Firm,Sand,Uneven,Even,Unknown,Steady,Wading,2026-06-28T02:09:53.109613+00:00,point_velocity,Downstream
05463000,POINT (-92.6182777777778 42.572),65a6e1a2-eb5a-46b6-9eec-fe696d2ff4c9,USGS-05463000,4e65563c-fe9e-c133-e053-0100007fc46d,419,1979-11-13T20:55:00+00:00,Imported Channel 1,292,ft^3/s,70.0,ft,174,ft^2,1.68,ft/s,,,Unspecified,Unspecified,Unspecified,Unspecified,Unspecified,Unknown,Wading,2026-06-28T02:09:53.109613+00:00,point_velocity,Unspecified
05463000,POINT (-92.6182777777778 42.572),65e53bd4-a3e8-44b9-87fa-fb300a8a122a,USGS-05463000,4e655202-0183-bf55-e053-0100007f57fd,372,1975-12-04T19:35:00+00:00,Imported Channel 1,63.1,ft^3/s,67.0,ft,70.1,ft^2,0.90,ft/s,,,Unspecified,Unspecified,Unspecified,Unspecified,Unspecified,Unknown,Wading,2026-06-28T02:09:53.109613+00:00,point_velocity,Unspecified
05463000,POINT (-92.6182777777778 42.572),66007413-ffa2-4f78-bda0-68432ff6c6eb,USGS-05463000,4e653c65-dd01-b508-e053-0100007f6e84,165,1959-10-27T22:15:00+00:00,Imported Channel 1,77.8,ft^3/s,49.0,ft,62.8,ft^2,1.24,ft/s,,,Unspecified,Unspecified,Unspecified,Unspecified,Unspecified,Unknown,Wading,2026-06-28T02:09:53.109613+00:00,point_velocity,Unspecified
05463000,POINT (-92.6182777777778 42.572),66201e7c-d73c-4198-aeb2-fb2475f8c70d,USGS-05463000,4e653fd4-a93b-b69b-e053-0100007fa7d9,371,1975-10-21T16:40:00+00:00,Imported Channel 1,24.8,ft^3/s,57.0,ft,34.6,ft^2,0.72,ft/s,,,Unspecified,Unspecified,Unspecified,Unspecified,Unspecified,Unknown,Wading,2026-06-28T02:09:53.109613+00:00,point_velocity,Unspecified
05463000,POINT (-92.6182777777778 42.572),666c8c6c-2233-4986-8c2f-04e64c216c19,USGS-05463000,150579d1-0beb-4669-87a1-3d57fad7ed02,788,2023-09-27T21:46:33+00:00,Main,13.0,ft^3/s,30.0,ft,17.9,ft^2,0.73,ft/s,40.00,ft,Firm,Sand,Even,Even,Standard,Pulsating,Wading,2026-06-28T02:09:53.109613+00:00,point_velocity,Downstream
05463000,POINT (-92.6182777777778 42.572),66abb7a6-82d1-49b6-8735-13d2f2733382,USGS-05463000,4e655541-eb39-c14a-e053-0100007f3945,479,1986-10-29T18:30:00+00:00,Imported Channel 1,292,ft^3/s,89.0,ft,174,ft^2,1.68,ft/s,,,Unspecified,Unspecified,Unspecified,Unspecified,Unspecified,Unknown,Wading,2026-06-28T02:09:53.109613+00:00,point_velocity,Unspecified
05463000,POINT (-92.6182777777778 42.572),6772e986-c929-48ba-8aa2-d8277458b6c9,USGS-05463000,4e6558b6-ea3e-c341-e053-0100007f37b9,453,1983-10-05T22:00:00+00:00,Imported Channel 1,91.7,ft^3/s,42.0,ft,60.0,ft^2,1.53,ft/s,,,Unspecified,Unspecified,Unspecified,Unspecified,Unspecified,Unknown,Wading,2026-06-28T02:09:53.109613+00:00,point_velocity,Unspecified
05463000,POINT (-92.6182777777778 42.572),67bb4f02-5c0d-4825-b98c-5f20115344bb,USGS-05463000,4e653737-e11c-b130-e053-0100007fe3d2,46,1950-10-10T17:40:00+00:00,Imported Channel 1,65.7,ft^3/s,42.0,ft,48.6,ft^2,1.32,ft/s,,,Unspecified,Unspecified,Unspecified,Unspecified,Unspecified,Unknown,Wading,2026-06-28T02:09:53.109613+00:00,point_velocity,Unspecified
05463000,POINT (-92.6182777777778 42.572),67cbafd3-b937-4064-bb5a-f9b060d5e487,USGS-05463000,4e656536-5a6b-c92a-e053-0100007f244e,584,1998-07-27T18:55:00+00:00,Imported Channel 1,131,ft^3/s,52.0,ft,86.0,ft^2,1.52,ft/s,,,Unspecified,Unspecified,Unspecified,Unspecified,Unspecified,Unknown,Wading,2026-06-28T02:09:53.109613+00:00,point_velocity,Unspecified
05463000,POINT (-92.6182777777778 42.572),67eff862-18aa-4108-b7ad-6870b256ae06,USGS-05463000,4e653bbc-1f5c-b2dd-e053-0100007f722f,117,1956-06-04T16:20:00+00:00,Imported Channel 1,20.5,ft^3/s,41.0,ft,23.7,ft^2,0.86,ft/s,,,Unspecified,Unspecified,Unspecified,Unspecified,Unspecified,Unknown,Wading,2026-06-28T02:09:53.109613+00:00,point_velocity,Unspecified
05463000,POINT (-92.6182777777778 42.572),67f33597-0376-4342-8b11-4a1976803983,USGS-05463000,4e6531e9-a855-afa0-e053-0100007f2af8,168,1960-01-21T15:05:00+00:00,Imported Channel 1,121,ft^3/s,70.0,ft,90.1,ft^2,1.34,ft/s,,,Unspecified,Unspecified,Unspecified,Unspecified,Unspecified,Unknown,Ice,2026-06-28T02:09:53.109613+00:00,point_velocity,Unspecified
05463000,POINT (-92.6182777777778 42.572),6817b235-a22d-4718-a9af-250ea25742ac,USGS-05463000,4e653486-da7c-b0d3-e053-0100007f45ff,47,1950-11-07T14:20:00+00:00,Imported Channel 1,26.9,ft^3/s,42.0,ft,25.0,ft^2,1.08,ft/s,,,Unspecified,Unspecified,Unspecified,Unspecified,Unspecified,Unknown,Wading,2026-06-28T02:09:53.109613+00:00,point_velocity,Unspecified
05463000,POINT (-92.6182777777778 42.572),693916c1-e9c9-4ca8-8b0e-005adfda5e0d,USGS-05463000,4e653fbc-a58e-b662-e053-0100007f27ba,696,2011-05-03T17:16:00+00:00,Imported Channel 1,617,ft^3/s,208,ft,410,ft^2,1.50,ft/s,10.00,ft,Soft,Sand,Uneven,Even,Standard,Unknown,BridgeDownstreamSide,2026-06-28T02:09:53.109613+00:00,adcp,Downstream
05463000,POINT (-92.6182777777778 42.572),6a663d8d-0f95-4cb0-9142-c4493cd9d1d4,USGS-05463000,4e655fa2-0e34-c4ed-e053-0100007f5186,669,2007-10-16T20:28:00+00:00,Imported Channel 1,1690,ft^3/s,231,ft,1070,ft^2,1.58,ft/s,,ft,Unspecified,Unspecified,Unspecified,Unspecified,Unspecified,Unknown,Unspecified,2026-06-28T02:09:53.109613+00:00,adcp,Unspecified
05463000,POINT (-92.6182777777778 42.572),6ad7c1a3-b3cd-441f-8a03-807144aca807,USGS-05463000,4e654baf-aa4a-bc41-e053-0100007f23d7,427,1980-10-21T17:35:00+00:00,Imported Channel 1,46.5,ft^3/s,42.0,ft,27.4,ft^2,1.24,ft/s,,,Unspecified,Unspecified,Unspecified,Unspecified,Unspecified,Unknown,Wading,2026-06-28T02:09:53.109613+00:00,point_velocity,Unspecified
05463000,POINT (-92.6182777777778 42.572),6ad96a77-0e2a-4a61-8902-c1580be8a336,USGS-05463000,4e6558f9-164c-c2eb-e053-0100007f5b90,545,1994-03-22T19:49:00+00:00,Imported Channel 1,227,ft^3/s,165,ft,176,ft^2,1.29,ft/s,,,Unspecified,Unspecified,Unspecified,Unspecified,Unspecified,Unknown,Wading,2026-06-28T02:09:53.109613+00:00,point_velocity,Unspecified
05463000,POINT (-92.6182777777778 42.572),6b33f75e-bde6-410c-86f5-d1f6e1c9d30d,USGS-05463000,4e656ac3-4411-cc83-e053-0100007f0bf2,739,2017-02-14T17:00:00+00:00,main,408,ft^3/s,140,ft,277,ft^2,1.48,ft/s,100.00,ft,Firm,Sand,Uneven,Uneven,NonStandard,Unknown,Wading,2026-06-28T02:09:53.109613+00:00,point_velocity,Downstream
05463000,POINT (-92.6182777777778 42.572),6c19d6ee-b409-4920-96a6-1a7c17350cd2,USGS-05463000,4e653486-da7b-b0d3-e053-0100007f45ff,45,1950-09-21T18:35:00+00:00,Imported Channel 1,888,ft^3/s,234,ft,1200,ft^2,0.74,ft/s,,,Unspecified,Unspecified,Unspecified,Unspecified,Unspecified,Unknown,Cableway,2026-06-28T02:09:53.109613+00:00,point_velocity,Unspecified
05463000,POINT (-92.6182777777778 42.572),6c687ec2-b9f5-4ccb-be68-095451caa358,USGS-05463000,4e655c37-5e0b-c4cf-e053-0100007f41a0,626,2002-12-11T16:35:00+00:00,Imported Channel 1,45.1,ft^3/s,45.0,ft,55.2,ft^2,0.82,ft/s,,,Unspecified,Unspecified,Unspecified,Unspecified,Unspecified,Unknown,Ice,2026-06-28T02:09:53.109613+00:00,point_velocity,Unspecified
05463000,POINT (-92.6182777777778 42.572),6cf28726-e7da-4dd5-b88d-71d41b1a113a,USGS-05463000,4e65658b-05b9-c95d-e053-0100007f85d1,719,2014-08-04T21:24:01+00:00,new channel,186,ft^3/s,190,ft,638,ft^2,0.29,ft/s,,ft,Soft,SiltMud,Even,Even,Uniform,Unknown,BridgeUpstreamSide,2026-06-28T02:09:53.109613+00:00,adcp,AtTheGage
05463000,POINT (-92.6182777777778 42.572),6cf2fdf5-9cc8-4a2a-832b-2db778059b87,USGS-05463000,4e653bbc-1f4c-b2dd-e053-0100007f722f,43,1950-08-14T19:10:00+00:00,Imported Channel 1,31.5,ft^3/s,26.0,ft,27.8,ft^2,1.13,ft/s,,,Unspecified,Unspecified,Unspecified,Unspecified,Unspecified,Unknown,Wading,2026-06-28T02:09:53.109613+00:00,point_velocity,Unspecified
05463000,POINT (-92.6182777777778 42.572),6d8f1fa7-b17d-456c-9511-3c9edbe354cc,USGS-05463000,4e65261c-21f7-a9fd-e053-0100007f6717,166,1959-11-23T20:50:00+00:00,Imported Channel 1,196,ft^3/s,71.0,ft,132,ft^2,1.48,ft/s,,,Unspecified,Unspecified,Unspecified,Unspecified,Unspecified,Unknown,Wading,2026-06-28T02:09:53.109613+00:00,point_velocity,Unspecified
05463000,POINT (-92.6182777777778 42.572),6db0e07e-f501-4256-9cbe-35d3157fbac0,USGS-05463000,4e656a26-edea-cc4d-e053-0100007f4bc9,634,2003-10-03T15:00:00+00:00,Imported Channel 1,28.6,ft^3/s,48.0,ft,24.9,ft^2,1.15,ft/s,,,Unspecified,Unspecified,Unspecified,Unspecified,Unspecified,Unknown,Wading,2026-06-28T02:09:53.109613+00:00,point_velocity,Unspecified
05463000,POINT (-92.6182777777778 42.572),6dbd4d43-a7a6-4bf6-b8d2-f8efb3e857d6,USGS-05463000,4e6535e8-3ebc-b0e0-e053-0100007ff514,525,1991-07-09T18:25:00+00:00,Imported Channel 1,176,ft^3/s,188,ft,504,ft^2,0.35,ft/s,,,Unspecified,Unspecified,Unspecified,Unspecified,Unspecified,Unknown,Wading,2026-06-28T02:09:53.109613+00:00,point_velocity,Unspecified
05463000,POINT (-92.6182777777778 42.572),6e50ed4d-0669-42b3-a739-ede853778281,USGS-05463000,4e653bb5-23e7-b287-e053-0100007f0b57,10,1947-04-07T19:00:00+00:00,Imported Channel 1,523,ft^3/s,227,ft,739,ft^2,0.71,ft/s,,,Unspecified,Unspecified,Unspecified,Unspecified,Unspecified,Unknown,BridgeCrane,2026-06-28T02:09:53.109613+00:00,point_velocity,Unspecified
05463000,POINT (-92.6182777777778 42.572),6e7f5bfb-85d5-42d5-92ea-433bd3324ebd,USGS-05463000,4e654dd6-5c56-bd41-e053-0100007fdd97,304,1969-03-27T21:15:00+00:00,Imported Channel 1,818,ft^3/s,235,ft,1030,ft^2,0.82,ft/s,,,Unspecified,Unspecified,Unspecified,Unspecified,Unspecified,Unknown,BridgeCrane,2026-06-28T02:09:53.109613+00:00,point_velocity,Unspecified
05463000,POINT (-92.6182777777778 42.572),6ea125d5-279d-4126-86ac-c38469885e7d,USGS-05463000,4e6538cb-d2e0-b2fb-e053-0100007fecf9,287,1968-05-15T16:30:00+00:00,Imported Channel 1,35.3,ft^3/s,24.0,ft,25.1,ft^2,1.41,ft/s,,,Unspecified,Unspecified,Unspecified,Unspecified,Unspecified,Unknown,Wading,2026-06-28T02:09:53.109613+00:00,point_velocity,Unspecified
05463000,POINT (-92.6182777777778 42.572),6f10cd30-7ac9-4b7b-9639-d8d5d27788e3,USGS-05463000,4e652349-6f5f-a807-e053-0100007fffa1,94,1954-07-06T17:00:00+00:00,Imported Channel 1,77.1,ft^3/s,43.0,ft,53.8,ft^2,1.44,ft/s,,,Unspecified,Unspecified,Unspecified,Unspecified,Unspecified,Unknown,Wading,2026-06-28T02:09:53.109613+00:00,point_velocity,Unspecified
05463000,POINT (-92.6182777777778 42.572),6f9a7628-6a93-4ab7-a076-d9c149d45850,USGS-05463000,4e653a58-7d0b-b3b1-e053-0100007f1db0,17,1948-04-29T14:45:00+00:00,Imported Channel 1,162,ft^3/s,62.0,ft,108,ft^2,1.50,ft/s,,,Unspecified,Unspecified,Unspecified,Unspecified,Unspecified,Unknown,Wading,2026-06-28T02:09:53.109613+00:00,point_velocity,Unspecified
05463000,POINT (-92.6182777777778 42.572),6fbca668-0a97-4d48-81be-e96fd2cadedc,USGS-05463000,4e6558b6-ea3f-c341-e053-0100007f37b9,457,1984-04-19T20:00:00+00:00,Imported Channel 1,484,ft^3/s,130,ft,277,ft^2,1.75,ft/s,,,Unspecified,Unspecified,Unspecified,Unspecified,Unspecified,Unknown,BridgeCrane,2026-06-28T02:09:53.109613+00:00,point_velocity,Unspecified
05463000,POINT (-92.6182777777778 42.572),6fc4a4e1-9118-4f1e-b4d0-02f7747b7300,USGS-05463000,4e6531e9-a846-afa0-e053-0100007f2af8,15,1948-03-17T19:05:00+00:00,Imported Channel 1,4210,ft^3/s,234,ft,2030,ft^2,2.97,ft/s,,,Unspecified,Unspecified,Unspecified,Unspecified,Unspecified,Unknown,BridgeCrane,2026-06-28T02:09:53.109613+00:00,point_velocity,Unspecified
05463000,POINT (-92.6182777777778 42.572),701927d0-28d2-45cf-87cc-36aa2ce23312,USGS-05463000,4e6535d7-aab9-b13a-e053-0100007f25bb,79,1953-05-25T19:15:00+00:00,Imported Channel 1,147,ft^3/s,71.0,ft,92.0,ft^2,1.60,ft/s,,,Unspecified,Unspecified,Unspecified,Unspecified,Unspecified,Unknown,Wading,2026-06-28T02:09:53.109613+00:00,point_velocity,Unspecified
05463000,POINT (-92.6182777777778 42.572),7032f8d6-e901-424d-8963-37f7febb2ee3,USGS-05463000,4e654045-6e27-b671-e053-0100007faac9,561,1996-03-18T19:05:00+00:00,Imported Channel 1,139,ft^3/s,76.0,ft,113,ft^2,1.23,ft/s,,,Unspecified,Unspecified,Unspecified,Unspecified,Unspecified,Unknown,Wading,2026-06-28T02:09:53.109613+00:00,point_velocity,Unspecified
05463000,POINT (-92.6182777777778 42.572),7060de26-0158-484e-8788-cd8ed40924fe,USGS-05463000,4e655c37-5e12-c4cf-e053-0100007f41a0,661,2006-10-04T13:01:00+00:00,Imported Channel 1,188,ft^3/s,71.0,ft,131,ft^2,1.44,ft/s,,,Unspecified,Unspecified,Unspecified,Unspecified,Unspecified,Unknown,Wading,2026-06-28T02:09:53.109613+00:00,point_velocity,Unspecified
05463000,POINT (-92.6182777777778 42.572),709d4c03-2f23-442b-af50-658074f888ff,USGS-05463000,4e655c03-c7cf-c4d3-e053-0100007f913a,619,2002-02-19T16:25:00+00:00,Imported Channel 1,87.8,ft^3/s,64.0,ft,63.0,ft^2,1.39,ft/s,,,Unspecified,Unspecified,Unspecified,Unspecified,Unspecified,Unknown,Wading,2026-06-28T02:09:53.109613+00:00,point_velocity,Unspecified
05463000,POINT (-92.6182777777778 42.572),713e3298-e32f-45c4-a1a9-c96520bd5a8a,USGS-05463000,4e655541-eb44-c14a-e053-0100007f3945,549,1994-08-03T20:49:00+00:00,Imported Channel 1,158,ft^3/s,96.0,ft,101,ft^2,1.56,ft/s,,,Unspecified,Unspecified,Unspecified,Unspecified,Unspecified,Unknown,Wading,2026-06-28T02:09:53.109613+00:00,point_velocity,Unspecified
05463000,POINT (-92.6182777777778 42.572),71a9dd3b-2261-4ab7-9302-616caf766d4d,USGS-05463000,4e656dca-3b22-cdc1-e053-0100007fc51e,684,2009-11-03T18:22:00+00:00,Imported Channel 1,1190,ft^3/s,206,ft,931,ft^2,1.28,ft/s,,ft,Firm,Sand,Uneven,Even,Unspecified,Unknown,BridgeDownstreamSide,2026-06-28T02:09:53.109613+00:00,adcp,AtTheGage
05463000,POINT (-92.6182777777778 42.572),7289ddda-52fd-4ea7-96ab-a0c662cbad02,USGS-05463000,4e653643-13ff-b13c-e053-0100007f8cd6,324,1970-08-26T15:20:00+00:00,Imported Channel 1,19.7,ft^3/s,31.0,ft,20.1,ft^2,0.98,ft/s,,,Unspecified,Unspecified,Unspecified,Unspecified,Unspecified,Unknown,Wading,2026-06-28T02:09:53.109613+00:00,point_velocity,Unspecified
05463000,POINT (-92.6182777777778 42.572),7319bc28-93d4-4a0b-8783-55bdd1cab8a0,USGS-05463000,4e653b7f-0014-b482-e053-0100007f62ad,404,1978-07-18T22:00:00+00:00,Imported Channel 1,864,ft^3/s,235,ft,936,ft^2,0.92,ft/s,,,Unspecified,Unspecified,Unspecified,Unspecified,Unspecified,Unknown,BridgeCrane,2026-06-28T02:09:53.109613+00:00,point_velocity,Unspecified
05463000,POINT (-92.6182777777778 42.572),73b3cd7c-3e93-4e76-82c2-ca247cd35a95,USGS-05463000,4e653b7e-fd71-b486-e053-0100007f6d12,438,1981-12-29T15:45:00+00:00,Imported Channel 1,47.7,ft^3/s,62.0,ft,44.6,ft^2,1.07,ft/s,,,Unspecified,Unspecified,Unspecified,Unspecified,Unspecified,Unknown,Ice,2026-06-28T02:09:53.109613+00:00,point_velocity,Unspecified
05463000,POINT (-92.6182777777778 42.572),73cc84bf-5eab-4770-bea4-b06270aff907,USGS-05463000,4e653b7e-fd72-b486-e053-0100007f6d12,439,1982-02-10T15:10:00+00:00,Imported Channel 1,15.0,ft^3/s,32.0,ft,19.0,ft^2,0.79,ft/s,,,Unspecified,Unspecified,Unspecified,Unspecified,Unspecified,Unknown,Ice,2026-06-28T02:09:53.109613+00:00,point_velocity,Unspecified
05463000,POINT (-92.6182777777778 42.572),74227f13-574d-4890-a945-f1979eeb95f1,USGS-05463000,4e653472-0d0f-b0d1-e053-0100007ff18f,392,1977-08-23T16:25:00+00:00,Imported Channel 1,24.0,ft^3/s,25.0,ft,18.8,ft^2,1.28,ft/s,,,Unspecified,Unspecified,Unspecified,Unspecified,Unspecified,Unknown,Wading,2026-06-28T02:09:53.109613+00:00,point_velocity,Unspecified
05463000,POINT (-92.6182777777778 42.572),744ecc50-a557-44c9-81fd-0c248d0d4b40,USGS-05463000,4e656f07-d23d-ce30-e053-0100007f1d7d,702,2012-01-09T19:28:00+00:00,Imported Channel 1,90.8,ft^3/s,72.0,ft,73.0,ft^2,1.24,ft/s,25.00,ft,Firm,Sand,Even,Uneven,Standard,Unknown,Wading,2026-06-28T02:09:53.109613+00:00,point_velocity,Downstream
05463000,POINT (-92.6182777777778 42.572),74a18d0c-72f0-46a5-8279-282fee2af01b,USGS-05463000,6e68006e-cf8a-50f2-e053-0100007fb47c,752,2018-06-11T23:30:30+00:00,main,322,ft^3/s,139,ft,227,ft^2,1.42,ft/s,100.00,ft,Soft,Sand,Even,Uneven,Standard,Steady,Wading,2026-06-28T02:09:53.109613+00:00,point_velocity,Downstream
05463000,POINT (-92.6182777777778 42.572),751bd1b8-f27c-49f8-8d60-bd3ebeea6726,USGS-05463000,4e6565aa-736e-c95b-e053-0100007f9ef7,589,1999-03-15T17:30:00+00:00,Imported Channel 1,166,ft^3/s,60.0,ft,107,ft^2,1.55,ft/s,,,Unspecified,Unspecified,Unspecified,Unspecified,Unspecified,Unknown,Wading,2026-06-28T02:09:53.109613+00:00,point_velocity,Unspecified
05463000,POINT (-92.6182777777778 42.572),752b0796-7fe7-4f48-99cb-1df5f38970f2,USGS-05463000,4e651f75-2852-a694-e053-0100007fa94a,119,1956-08-07T00:40:00+00:00,Imported Channel 1,7.55,ft^3/s,22.0,ft,7.03,ft^2,1.07,ft/s,,,Unspecified,Unspecified,Unspecified,Unspecified,Unspecified,Unknown,Wading,2026-06-28T02:09:53.109613+00:00,point_velocity,Unspecified
05463000,POINT (-92.6182777777778 42.572),75758a46-05e6-499f-a86d-614b4add4081,USGS-05463000,4e65585f-71c0-c2ed-e053-0100007f28b3,727,2015-08-31T21:58:38+00:00,New Hartford,3420,ft^3/s,213,ft,1700,ft^2,2.01,ft/s,,ft,Soft,Sand,Even,Even,Standard,Unknown,BridgeDownstreamSide,2026-06-28T02:09:53.109613+00:00,adcp,AtTheGage
05463000,POINT (-92.6182777777778 42.572),75916618-758f-4857-a44d-7fbaa7584ba1,USGS-05463000,4e653c58-579b-b4f2-e053-0100007faa4d,95,1954-08-02T20:40:00+00:00,Imported Channel 1,25.4,ft^3/s,30.0,ft,20.6,ft^2,1.23,ft/s,,,Unspecified,Unspecified,Unspecified,Unspecified,Unspecified,Unknown,Wading,2026-06-28T02:09:53.109613+00:00,point_velocity,Unspecified
05463000,POINT (-92.6182777777778 42.572),7597d8f1-6955-41cf-8667-745a1bd60fdc,USGS-05463000,4e65471e-7cb2-ba5b-e053-0100007f6a91,422,1980-03-25T16:45:00+00:00,Imported Channel 1,171,ft^3/s,77.0,ft,112,ft^2,1.53,ft/s,,,Unspecified,Unspecified,Unspecified,Unspecified,Unspecified,Unknown,Wading,2026-06-28T02:09:53.109613+00:00,point_velocity,Unspecified
05463000,POINT (-92.6182777777778 42.572),7616845d-cbdc-47aa-90d9-1624a7a95604,USGS-05463000,4e6543c0-3f60-b8df-e053-0100007ff56e,155,1959-03-20T20:20:00+00:00,Imported Channel 1,1790,ft^3/s,236,ft,1400,ft^2,1.28,ft/s,,,Unspecified,Unspecified,Unspecified,Unspecified,Unspecified,Unknown,BridgeCrane,2026-06-28T02:09:53.109613+00:00,point_velocity,Unspecified
05463000,POINT (-92.6182777777778 42.572),7676fa88-c589-4845-a6a2-72c7ba054e59,USGS-05463000,4e656deb-8a46-cdbf-e053-0100007fba32,673,2008-05-12T14:50:00+00:00,Imported Channel 1,797,ft^3/s,190,ft,831,ft^2,0.96,ft/s,,ft,Unspecified,Unspecified,Unspecified,Unspecified,Unspecified,Unknown,Unspecified,2026-06-28T02:09:53.109613+00:00,adcp,Unspecified
05463000,POINT (-92.6182777777778 42.572),767a9236-e012-43ec-a3d9-257de63d7d75,USGS-05463000,4e653fc4-86b8-b648-e053-0100007f877a,354,1973-10-01T16:20:00+00:00,Imported Channel 1,715,ft^3/s,86.0,ft,305,ft^2,2.34,ft/s,,,Unspecified,Unspecified,Unspecified,Unspecified,Unspecified,Unknown,BridgeCrane,2026-06-28T02:09:53.109613+00:00,point_velocity,Unspecified
05463000,POINT (-92.6182777777778 42.572),76c68932-0813-451f-8b31-d89e077312e6,USGS-05463000,4e65585f-71a3-c2ed-e053-0100007f28b3,659,2006-08-01T17:15:00+00:00,Imported Channel 1,165,ft^3/s,73.0,ft,109,ft^2,1.52,ft/s,,,Unspecified,Unspecified,Unspecified,Unspecified,Unspecified,Unknown,Wading,2026-06-28T02:09:53.109613+00:00,point_velocity,Unspecified
05463000,POINT (-92.6182777777778 42.572),76d86567-8888-4edd-80d3-3b0cf40cc06b,USGS-05463000,4e653bd4-a27b-b263-e053-0100007f735c,203,1962-07-11T23:05:00+00:00,Imported Channel 1,83.4,ft^3/s,66.0,ft,59.5,ft^2,1.41,ft/s,,,Unspecified,Unspecified,Unspecified,Unspecified,Unspecified,Unknown,Wading,2026-06-28T02:09:53.109613+00:00,point_velocity,Unspecified
05463000,POINT (-92.6182777777778 42.572),780eeb03-8d86-4298-b48f-2c7aa45c67ec,USGS-05463000,4e653f7a-ae4f-b66a-e053-0100007f0998,322,1970-07-01T17:00:00+00:00,Imported Channel 1,55.5,ft^3/s,43.0,ft,40.5,ft^2,1.37,ft/s,,,Unspecified,Unspecified,Unspecified,Unspecified,Unspecified,Unknown,Wading,2026-06-28T02:09:53.109613+00:00,point_velocity,Unspecified
05463000,POINT (-92.6182777777778 42.572),787b9057-36b9-4688-a4f3-35ce34e60665,USGS-05463000,4e655a38-e174-c3c0-e053-0100007fb6b2,583,1998-06-22T18:15:00+00:00,Imported Channel 1,6100,ft^3/s,280,ft,1800,ft^2,3.39,ft/s,,,Unspecified,Unspecified,Unspecified,Unspecified,Unspecified,Unknown,BridgeCrane,2026-06-28T02:09:53.109613+00:00,point_velocity,Unspecified
05463000,POINT (-92.6182777777778 42.572),78c9bea8-94ca-4fa5-a7c6-88cf6c0c6c2f,USGS-05463000,4e65358e-6736-b12c-e053-0100007f3e12,2,1946-04-01T21:00:00+00:00,Imported Channel 1,177,ft^3/s,74.0,ft,160,ft^2,1.11,ft/s,,,Unspecified,Unspecified,Unspecified,Unspecified,Unspecified,Unknown,Wading,2026-06-28T02:09:53.109613+00:00,point_velocity,Unspecified
05463000,POINT (-92.6182777777778 42.572),78f8d886-4d6e-4b06-917e-8d44f40c4e96,USGS-05463000,9468ad74-b67c-0bee-e053-0100007fe6bf,761,2019-10-08T14:20:02+00:00,main,704,ft^3/s,174,ft,490,ft^2,1.44,ft/s,10.00,ft,Firm,Sand,Even,Even,NonStandard,Steady,BridgeDownstreamSide,2026-06-28T02:09:53.109613+00:00,adcp,Downstream
05463000,POINT (-92.6182777777778 42.572),79159b9a-6d5f-4d1f-bc36-4ef58f3ced6f,USGS-05463000,4e653d39-14bd-b584-e053-0100007ff647,81,1953-07-20T20:35:00+00:00,Imported Channel 1,73.4,ft^3/s,74.0,ft,66.5,ft^2,1.10,ft/s,,,Unspecified,Unspecified,Unspecified,Unspecified,Unspecified,Unknown,Wading,2026-06-28T02:09:53.109613+00:00,point_velocity,Unspecified
05463000,POINT (-92.6182777777778 42.572),7919465f-bb6e-4f39-a234-6ebcb8f5cf01,USGS-05463000,4e653f7a-ae3b-b66a-e053-0100007f0998,151,1958-11-26T14:55:00+00:00,Imported Channel 1,9.68,ft^3/s,42.0,ft,37.8,ft^2,0.26,ft/s,,,Unspecified,Unspecified,Unspecified,Unspecified,Unspecified,Unknown,Wading,2026-06-28T02:09:53.109613+00:00,point_velocity,Unspecified
05463000,POINT (-92.6182777777778 42.572),7921726d-b512-42f2-bfed-c4018e5d9ace,USGS-05463000,4e654045-6e16-b671-e053-0100007faac9,459,1984-10-03T05:00:00+00:00,Imported Channel 1,31.5,ft^3/s,36.0,ft,24.9,ft^2,1.26,ft/s,,,Unspecified,Unspecified,Unspecified,Unspecified,Unspecified,Unknown,Wading,2026-06-28T02:09:53.109613+00:00,point_velocity,Unspecified
05463000,POINT (-92.6182777777778 42.572),79250219-ece9-49b3-94ad-334717a00e68,USGS-05463000,4e65439e-405a-b8e9-e053-0100007f7f3f,486,1987-08-11T16:00:00+00:00,Imported Channel 1,42.8,ft^3/s,50.0,ft,33.5,ft^2,1.28,ft/s,,,Unspecified,Unspecified,Unspecified,Unspecified,Unspecified,Unknown,Wading,2026-06-28T02:09:53.109613+00:00,point_velocity,Unspecified
05463000,POINT (-92.6182777777778 42.572),7943c6d6-0d5f-42d6-b4f7-34c42aeeac4e,USGS-05463000,4e65434a-070d-b84a-e053-0100007f4e03,464,1985-03-25T06:00:00+00:00,Imported Channel 1,179,ft^3/s,55.0,ft,125,ft^2,1.43,ft/s,,,Unspecified,Unspecified,Unspecified,Unspecified,Unspecified,Unknown,Wading,2026-06-28T02:09:53.109613+00:00,point_velocity,Unspecified
05463000,POINT (-92.6182777777778 42.572),796aa2ab-9954-49ff-9eae-fcbc345b074e,USGS-05463000,4e654c19-979d-bc43-e053-0100007fc312,469,1985-10-21T05:00:00+00:00,Imported Channel 1,510,ft^3/s,191,ft,512,ft^2,1.00,ft/s,,,Unspecified,Unspecified,Unspecified,Unspecified,Unspecified,Unknown,Wading,2026-06-28T02:09:53.109613+00:00,point_velocity,Unspecified
05463000,POINT (-92.6182777777778 42.572),79c7dcc3-b52b-4ca6-a2e8-f50a66f9a35a,USGS-05463000,4e654baf-aa40-bc41-e053-0100007f23d7,357,1974-03-20T17:40:00+00:00,Imported Channel 1,286,ft^3/s,72.0,ft,170,ft^2,1.68,ft/s,,,Unspecified,Unspecified,Unspecified,Unspecified,Unspecified,Unknown,Wading,2026-06-28T02:09:53.109613+00:00,point_velocity,Unspecified
05463000,POINT (-92.6182777777778 42.572),7a1264f5-fb0e-412a-9b0e-3e255592c77a,USGS-05463000,4e654dfc-860d-bd22-e053-0100007f3b34,444,1982-09-14T20:40:00+00:00,Imported Channel 1,147,ft^3/s,102,ft,103,ft^2,1.43,ft/s,,,Unspecified,Unspecified,Unspecified,Unspecified,Unspecified,Unknown,Wading,2026-06-28T02:09:53.109613+00:00,point_velocity,Unspecified
05463000,POINT (-92.6182777777778 42.572),7a1a9924-ffd2-4cf7-8fee-b8dcfecbd3d5,USGS-05463000,4e65588a-b9ce-c2da-e053-0100007fa834,441,1982-05-04T13:35:00+00:00,Imported Channel 1,204,ft^3/s,90.0,ft,120,ft^2,1.70,ft/s,,,Unspecified,Unspecified,Unspecified,Unspecified,Unspecified,Unknown,Wading,2026-06-28T02:09:53.109613+00:00,point_velocity,Unspecified
05463000,POINT (-92.6182777777778 42.572),7a419054-0ed2-49e7-bc5f-66ef18afa673,USGS-05463000,4e656004-e09a-c4a9-e053-0100007f5264,556,1995-06-29T15:10:00+00:00,Imported Channel 1,1690,ft^3/s,231,ft,1100,ft^2,1.54,ft/s,,,Unspecified,Unspecified,Unspecified,Unspecified,Unspecified,Unknown,BridgeCrane,2026-06-28T02:09:53.109613+00:00,point_velocity,Unspecified
05463000,POINT (-92.6182777777778 42.572),7aee1734-27cc-45fc-b2c2-55ca52c26d45,USGS-05463000,4e653d81-1cf7-b530-e053-0100007f33ef,64,1952-01-16T14:20:00+00:00,Imported Channel 1,104,ft^3/s,86.0,ft,112,ft^2,0.93,ft/s,,,Unspecified,Unspecified,Unspecified,Unspecified,Unspecified,Unknown,Ice,2026-06-28T02:09:53.109613+00:00,point_velocity,Unspecified
05463000,POINT (-92.6182777777778 42.572),7b58fa31-9a5d-4711-8162-909a55542a87,USGS-05463000,4e655cb7-2919-c4c7-e053-0100007f189c,527,1991-10-03T18:55:00+00:00,Imported Channel 1,40.8,ft^3/s,55.0,ft,38.0,ft^2,1.07,ft/s,,,Unspecified,Unspecified,Unspecified,Unspecified,Unspecified,Unknown,Wading,2026-06-28T02:09:53.109613+00:00,point_velocity,Unspecified
05463000,POINT (-92.6182777777778 42.572),7b8cb72e-3cfb-47a9-9fa4-d50212505f54,USGS-05463000,4e651f75-2847-a694-e053-0100007fa94a,14,1948-03-01T17:20:00+00:00,Imported Channel 1,339,ft^3/s,85.0,ft,343,ft^2,0.99,ft/s,,,Unspecified,Unspecified,Unspecified,Unspecified,Unspecified,Unknown,BridgeCrane,2026-06-28T02:09:53.109613+00:00,point_velocity,Unspecified
05463000,POINT (-92.6182777777778 42.572),7bbaf64e-187b-4dee-9932-d4dd6d89c8c4,USGS-05463000,4e6563b5-aca4-c882-e053-0100007f1e1a,611,2001-05-02T14:00:00+00:00,Imported Channel 1,429,ft^3/s,195,ft,396,ft^2,1.08,ft/s,,,Unspecified,Unspecified,Unspecified,Unspecified,Unspecified,Unknown,BridgeCrane,2026-06-28T02:09:53.109613+00:00,point_velocity,Unspecified
05463000,POINT (-92.6182777777778 42.572),7c1e5ebe-94cc-4fdd-a878-806ca3e8b4d9,USGS-05463000,4e655127-f5e8-bd97-e053-0100007f624f,321,1970-06-15T21:00:00+00:00,Imported Channel 1,107,ft^3/s,58.0,ft,72.6,ft^2,1.47,ft/s,,,Unspecified,Unspecified,Unspecified,Unspecified,Unspecified,Unknown,Wading,2026-06-28T02:09:53.109613+00:00,point_velocity,Unspecified
05463000,POINT (-92.6182777777778 42.572),7c1e80d3-e946-45df-b0e3-1b51c75eeae4,USGS-05463000,4e65471e-7c9d-ba5b-e053-0100007f6a91,232,1964-09-01T15:50:00+00:00,Imported Channel 1,57.2,ft^3/s,51.0,ft,43.4,ft^2,1.32,ft/s,,,Unspecified,Unspecified,Unspecified,Unspecified,Unspecified,Unknown,Wading,2026-06-28T02:09:53.109613+00:00,point_velocity,Unspecified
05463000,POINT (-92.6182777777778 42.572),7c9dfd1a-2264-4e3e-ad21-514b939d6460,USGS-05463000,4e653cfe-9c9f-b4f8-e053-0100007f460e,254,1965-10-05T13:45:00+00:00,Imported Channel 1,638,ft^3/s,236,ft,846,ft^2,0.75,ft/s,,,Unspecified,Unspecified,Unspecified,Unspecified,Unspecified,Unknown,BridgeCrane,2026-06-28T02:09:53.109613+00:00,point_velocity,Unspecified
05463000,POINT (-92.6182777777778 42.572),7cd12af5-b17d-4119-9b98-910c16e6c6ff,USGS-05463000,4e6543a9-7173-b868-e053-0100007f6126,353,1973-08-21T15:35:00+00:00,Imported Channel 1,58.0,ft^3/s,64.0,ft,46.9,ft^2,1.24,ft/s,,,Unspecified,Unspecified,Unspecified,Unspecified,Unspecified,Unknown,Wading,2026-06-28T02:09:53.109613+00:00,point_velocity,Unspecified
05463000,POINT (-92.6182777777778 42.572),7cdd7e0c-f959-40d7-9335-5f4d396272ed,USGS-05463000,4e652349-6f5a-a807-e053-0100007fffa1,72,1952-10-13T22:20:00+00:00,Imported Channel 1,20.0,ft^3/s,37.0,ft,19.8,ft^2,1.01,ft/s,,,Unspecified,Unspecified,Unspecified,Unspecified,Unspecified,Unknown,Wading,2026-06-28T02:09:53.109613+00:00,point_velocity,Unspecified
05463000,POINT (-92.6182777777778 42.572),7d02a2e7-34d6-476e-933f-6a6aa8dd3306,USGS-05463000,4e65439e-401d-b8e9-e053-0100007f7f3f,132,1957-07-08T18:45:00+00:00,Imported Channel 1,37.3,ft^3/s,38.0,ft,29.8,ft^2,1.25,ft/s,,,Unspecified,Unspecified,Unspecified,Unspecified,Unspecified,Unknown,Wading,2026-06-28T02:09:53.109613+00:00,point_velocity,Unspecified
05463000,POINT (-92.6182777777778 42.572),7d069c06-04fc-4bc3-81c5-8ccb76cfc1e1,USGS-05463000,4e654d06-900c-bc3b-e053-0100007fe81d,294,1968-07-21T19:10:00+00:00,Imported Channel 1,1.58,ft^3/s,72.0,ft,113,ft^2,1.40,ft/s,,,Unspecified,Unspecified,Unspecified,Unspecified,Unspecified,Unknown,Wading,2026-06-28T02:09:53.109613+00:00,point_velocity,Unspecified
05463000,POINT (-92.6182777777778 42.572),7e0d58d3-8a8d-4d74-a999-75e4cff1e58c,USGS-05463000,4e653bd4-a283-b263-e053-0100007f735c,242,1965-04-02T14:30:00+00:00,Imported Channel 1,5140,ft^3/s,236,ft,4260,ft^2,1.21,ft/s,,,Unspecified,Unspecified,Unspecified,Unspecified,Unspecified,Unknown,BridgeCrane,2026-06-28T02:09:53.109613+00:00,point_velocity,Unspecified
05463000,POINT (-92.6182777777778 42.572),7e75ba45-eda5-4a9b-bebd-6b6e7eaf0081,USGS-05463000,4e653472-0cc3-b0d1-e053-0100007ff18f,160,1959-06-22T22:40:00+00:00,Imported Channel 1,44.8,ft^3/s,44.0,ft,31.6,ft^2,1.42,ft/s,,,Unspecified,Unspecified,Unspecified,Unspecified,Unspecified,Unknown,Wading,2026-06-28T02:09:53.109613+00:00,point_velocity,Unspecified
05463000,POINT (-92.6182777777778 42.572),7ee4f0dd-ecba-466c-9450-341a7fd29215,USGS-05463000,4e653f7c-5dba-b64a-e053-0100007f79f3,4,1946-06-07T16:45:00+00:00,Imported Channel 1,62.9,ft^3/s,61.0,ft,51.0,ft^2,1.23,ft/s,,,Unspecified,Unspecified,Unspecified,Unspecified,Unspecified,Unknown,Wading,2026-06-28T02:09:53.109613+00:00,point_velocity,Unspecified
05463000,POINT (-92.6182777777778 42.572),7f1485f3-8325-410a-8f69-dd9af937b8d6,USGS-05463000,4e653fbc-a53e-b662-e053-0100007f27ba,314,1969-12-16T21:05:00+00:00,Imported Channel 1,42.7,ft^3/s,30.0,ft,37.7,ft^2,1.13,ft/s,,,Unspecified,Unspecified,Unspecified,Unspecified,Unspecified,Unknown,Wading,2026-06-28T02:09:53.109613+00:00,point_velocity,Unspecified
05463000,POINT (-92.6182777777778 42.572),7f2eadf7-bc46-40c1-8c8d-b507475a5f10,USGS-05463000,4e65721e-2357-d01a-e053-0100007f22a5,711,2013-05-29T16:31:00+00:00,Imported Channel 1,3750,ft^3/s,239,ft,1750,ft^2,2.14,ft/s,5.00,ft,Soft,Sand,Even,Even,Uniform,Unknown,MannedMovingBoat,2026-06-28T02:09:53.109613+00:00,adcp,Downstream
05463000,POINT (-92.6182777777778 42.572),80440fc4-45db-4c2c-abaf-d2c04fcc5ecd,USGS-05463000,4e654995-2e0c-bae6-e053-0100007f4ee4,510,1990-03-09T16:55:00+00:00,Imported Channel 1,617,ft^3/s,245,ft,832,ft^2,0.74,ft/s,,,Unspecified,Unspecified,Unspecified,Unspecified,Unspecified,Unknown,BridgeCrane,2026-06-28T02:09:53.109613+00:00,point_velocity,Unspecified
05463000,POINT (-92.6182777777778 42.572),806d018e-935c-4845-ae6d-2147ae78ec13,USGS-05463000,4e65516c-200e-bf53-e053-0100007f82f4,343,1972-05-17T19:20:00+00:00,Imported Channel 1,230,ft^3/s,89.0,ft,140,ft^2,1.64,ft/s,,,Unspecified,Unspecified,Unspecified,Unspecified,Unspecified,Unknown,BridgeCrane,2026-06-28T02:09:53.109613+00:00,point_velocity,Unspecified
05463000,POINT (-92.6182777777778 42.572),80759da3-47b8-45dc-ab6b-aec3d8db2daa,USGS-05463000,4e6542b8-d674-b646-e053-0100007fe67b,198,1962-03-27T15:25:00+00:00,Imported Channel 1,5790,ft^3/s,235,ft,1940,ft^2,2.98,ft/s,,,Unspecified,Unspecified,Unspecified,Unspecified,Unspecified,Unknown,BridgeCrane,2026-06-28T02:09:53.109613+00:00,point_velocity,Unspecified
05463000,POINT (-92.6182777777778 42.572),80ff47d6-8674-4ff5-99dc-ed043a2af987,USGS-05463000,4e653fc4-86b5-b648-e053-0100007f877a,323,1970-07-21T19:50:00+00:00,Imported Channel 1,35.1,ft^3/s,,,,,,,,ft,Unspecified,Unspecified,Unspecified,Unspecified,Unspecified,Unknown,Unspecified,2026-06-28T02:09:53.109613+00:00,other_method,Unspecified
05463000,POINT (-92.6182777777778 42.572),814aa253-e90c-4119-8160-c9cca7202eca,USGS-05463000,4e654e56-4d9f-bd16-e053-0100007ffd34,340,1972-01-10T16:10:00+00:00,Imported Channel 1,24.9,ft^3/s,37.0,ft,37.0,ft^2,0.67,ft/s,,,Unspecified,Unspecified,Unspecified,Unspecified,Unspecified,Unknown,Ice,2026-06-28T02:09:53.109613+00:00,point_velocity,Unspecified
05463000,POINT (-92.6182777777778 42.572),8187287b-6ab1-4adc-8d84-86e9f7bcacad,USGS-05463000,4e6551ee-66d2-bf07-e053-0100007f4dc6,658,2006-06-19T16:53:00+00:00,Imported Channel 1,107,ft^3/s,65.5,ft,82.4,ft^2,1.30,ft/s,,,Unspecified,Unspecified,Unspecified,Unspecified,Unspecified,Unknown,Wading,2026-06-28T02:09:53.109613+00:00,point_velocity,Unspecified
05463000,POINT (-92.6182777777778 42.572),822b3fab-7705-4c4f-ad24-9d0206d157d9,USGS-05463000,4e6552a8-8360-bda1-e053-0100007f8cf2,383,1976-12-15T19:00:00+00:00,Imported Channel 1,7.02,ft^3/s,26.0,ft,11.8,ft^2,0.59,ft/s,,,Unspecified,Unspecified,Unspecified,Unspecified,Unspecified,Unknown,Ice,2026-06-28T02:09:53.109613+00:00,point_velocity,Unspecified
05463000,POINT (-92.6182777777778 42.572),826b96a6-2ee8-406d-a668-7bd7f80cac4a,USGS-05463000,4e653472-0d19-b0d1-e053-0100007ff18f,428,1980-12-04T18:10:00+00:00,Imported Channel 1,28.5,ft^3/s,46.0,ft,28.8,ft^2,0.99,ft/s,,,Unspecified,Unspecified,Unspecified,Unspecified,Unspecified,Unknown,Ice,2026-06-28T02:09:53.109613+00:00,point_velocity,Unspecified
05463000,POINT (-92.6182777777778 42.572),82732393-2575-4ddc-b65f-0ba81c57ebc2,USGS-05463000,4e656432-5451-c8b0-e053-0100007f846e,681,2009-07-27T15:01:00+00:00,Imported Channel 1,236,ft^3/s,111,ft,277,ft^2,0.85,ft/s,,,Firm,Sand,Even,Even,Unspecified,Unknown,Wading,2026-06-28T02:09:53.109613+00:00,point_velocity,Unspecified
05463000,POINT (-92.6182777777778 42.572),83181d1b-1e73-46dc-b50c-57fdfb8b7059,USGS-05463000,f2437161-3071-4857-8bb2-49c52a40f0f7,762,2019-12-03T14:18:27+00:00,05463000,530,ft^3/s,173,ft,388,ft^2,1.37,ft/s,0.00,ft,Soft,Sand,Uneven,Uneven,NonStandard,Pulsating,BridgeDownstreamSide,2026-06-28T02:09:53.109613+00:00,adcp,AtTheGage
05463000,POINT (-92.6182777777778 42.572),832cdff7-d97f-4353-b1f3-54cebd6443c6,USGS-05463000,4e6538e6-2ed9-b2bd-e053-0100007ff694,18,1948-05-18T14:20:00+00:00,Imported Channel 1,175,ft^3/s,86.0,ft,131,ft^2,1.33,ft/s,,,Unspecified,Unspecified,Unspecified,Unspecified,Unspecified,Unknown,Wading,2026-06-28T02:09:53.109613+00:00,point_velocity,Unspecified
05463000,POINT (-92.6182777777778 42.572),8359c054-b1bc-41b4-97f9-678ffda40e9b,USGS-05463000,4e65628f-fb1b-c78a-e053-0100007f94fa,731,2016-02-22T17:00:33+00:00,Main,1710,ft^3/s,217,ft,1130,ft^2,1.52,ft/s,10.00,ft,Firm,Sand,Even,Even,Standard,Unknown,BridgeDownstreamSide,2026-06-28T02:09:53.109613+00:00,adcp,Downstream
05463000,POINT (-92.6182777777778 42.572),8391e12c-06e2-4cfd-8fc5-04e191969fd5,USGS-05463000,4e653ffc-6f73-b697-e053-0100007f7944,82,1953-08-17T19:15:00+00:00,Imported Channel 1,71.5,ft^3/s,53.0,ft,62.8,ft^2,1.14,ft/s,,,Unspecified,Unspecified,Unspecified,Unspecified,Unspecified,Unknown,Wading,2026-06-28T02:09:53.109613+00:00,point_velocity,Unspecified
05463000,POINT (-92.6182777777778 42.572),841934ae-a9e2-4df5-93fe-dd5cbf4bc8bd,USGS-05463000,4e65552a-2fa3-c14c-e053-0100007fbee6,642,2004-08-18T14:45:00+00:00,Imported Channel 1,726,ft^3/s,205,ft,870,ft^2,0.84,ft/s,,ft,Unspecified,Unspecified,Unspecified,Unspecified,Unspecified,Unknown,Unspecified,2026-06-28T02:09:53.109613+00:00,adcp,Unspecified
05463000,POINT (-92.6182777777778 42.572),8424d08d-46b1-46f8-bcf7-3b9c8902991f,USGS-05463000,4e65585f-71ac-c2ed-e053-0100007f28b3,699,2011-08-01T21:21:30+00:00,Imported Channel 1,121,ft^3/s,74.0,ft,87.5,ft^2,1.38,ft/s,200.00,ft,Firm,Sand,Uneven,Even,Standard,Unknown,Wading,2026-06-28T02:09:53.109613+00:00,point_velocity,Downstream
05463000,POINT (-92.6182777777778 42.572),84253b74-a4a6-4e52-b869-406968ca3caa,USGS-05463000,4e655888-dd5c-c2dc-e053-0100007fcc44,541,1993-10-14T21:50:00+00:00,Imported Channel 1,432,ft^3/s,221,ft,458,ft^2,0.94,ft/s,,,Unspecified,Unspecified,Unspecified,Unspecified,Unspecified,Unknown,BridgeCrane,2026-06-28T02:09:53.109613+00:00,point_velocity,Unspecified
05463000,POINT (-92.6182777777778 42.572),843194ce-4004-4cd1-8826-d31c9eefc58a,USGS-05463000,4e6547f1-5a6d-ba81-e053-0100007f2798,376,1976-04-19T21:05:00+00:00,Imported Channel 1,3580,ft^3/s,235,ft,1690,ft^2,2.12,ft/s,,,Unspecified,Unspecified,Unspecified,Unspecified,Unspecified,Unknown,BridgeCrane,2026-06-28T02:09:53.109613+00:00,point_velocity,Unspecified
05463000,POINT (-92.6182777777778 42.572),8442c8c8-2fbb-4a6a-a114-4b072a3353fd,USGS-05463000,4e65551f-ea71-c131-e053-0100007fbd2e,567,1996-12-03T19:15:00+00:00,Imported Channel 1,194,ft^3/s,112,ft,142,ft^2,1.37,ft/s,,,Unspecified,Unspecified,Unspecified,Unspecified,Unspecified,Unknown,Ice,2026-06-28T02:09:53.109613+00:00,point_velocity,Unspecified
05463000,POINT (-92.6182777777778 42.572),84615bb7-9f90-4508-9f0d-bea9f81f9eb7,USGS-05463000,4e653c65-dcf9-b508-e053-0100007f6e84,115,1956-03-30T18:40:00+00:00,Imported Channel 1,93.5,ft^3/s,48.0,ft,65.2,ft^2,1.43,ft/s,,,Unspecified,Unspecified,Unspecified,Unspecified,Unspecified,Unknown,Wading,2026-06-28T02:09:53.109613+00:00,point_velocity,Unspecified
05463000,POINT (-92.6182777777778 42.572),8469474f-d716-4c57-81e0-a33909b64f18,USGS-05463000,4e653523-6352-b140-e053-0100007f723e,67,1952-06-02T21:00:00+00:00,Imported Channel 1,122,ft^3/s,69.0,ft,79.9,ft^2,1.53,ft/s,,,Unspecified,Unspecified,Unspecified,Unspecified,Unspecified,Unknown,Wading,2026-06-28T02:09:53.109613+00:00,point_velocity,Unspecified
05463000,POINT (-92.6182777777778 42.572),847f3d12-0ed6-4888-a2fc-b1ec323189f6,USGS-05463000,4339671f-34c0-4ccd-abdf-96d2640a9e0f,792,2024-04-16T22:37:47+00:00,Main Channel,60.8,ft^3/s,59.0,ft,42.7,ft^2,1.42,ft/s,100.00,ft,Firm,Gravel,Uneven,Uneven,Standard,Steady,Wading,2026-06-28T02:09:53.109613+00:00,point_velocity,Downstream
05463000,POINT (-92.6182777777778 42.572),856e0c90-df58-4348-9b32-f55c0d0cc851,USGS-05463000,4e653d09-bc95-b573-e053-0100007f618f,38,1950-03-30T18:00:00+00:00,Imported Channel 1,205,ft^3/s,95.0,ft,201,ft^2,1.02,ft/s,,,Unspecified,Unspecified,Unspecified,Unspecified,Unspecified,Unknown,BridgeCrane,2026-06-28T02:09:53.109613+00:00,point_velocity,Unspecified
05463000,POINT (-92.6182777777778 42.572),85841b65-5b26-4a7b-8118-d483ed836314,USGS-05463000,4e654e56-4da6-bd16-e053-0100007ffd34,367,1975-06-09T15:20:00+00:00,Imported Channel 1,142,ft^3/s,69.0,ft,102,ft^2,1.39,ft/s,,,Unspecified,Unspecified,Unspecified,Unspecified,Unspecified,Unknown,Wading,2026-06-28T02:09:53.109613+00:00,point_velocity,Unspecified
05463000,POINT (-92.6182777777778 42.572),858bd8d6-7cfb-4fbf-b2b2-79d73c72cf7c,USGS-05463000,4e654e7d-1cd2-bd93-e053-0100007ff562,277,1967-07-20T15:05:00+00:00,Imported Channel 1,71.4,ft^3/s,42.0,ft,60.8,ft^2,1.17,ft/s,,,Unspecified,Unspecified,Unspecified,Unspecified,Unspecified,Unknown,Wading,2026-06-28T02:09:53.109613+00:00,point_velocity,Unspecified
05463000,POINT (-92.6182777777778 42.572),858cc593-3005-4491-96ad-f887d7c3c759,USGS-05463000,4e656ec9-003f-ce84-e053-0100007f668b,713,2013-07-16T15:13:00+00:00,Main,206,ft^3/s,98.0,ft,99.1,ft^2,2.08,ft/s,300.00,ft,Soft,Gravel,Even,Uneven,Standard,Unknown,Wading,2026-06-28T02:09:53.109613+00:00,point_velocity,Downstream
05463000,POINT (-92.6182777777778 42.572),85942f24-1be9-4b19-8bac-2e13f30f83b4,USGS-05463000,4e6548e7-85c9-bae8-e053-0100007f3ff2,278,1967-08-16T20:05:00+00:00,Imported Channel 1,36.5,ft^3/s,42.0,ft,49.2,ft^2,0.74,ft/s,,,Unspecified,Unspecified,Unspecified,Unspecified,Unspecified,Unknown,Wading,2026-06-28T02:09:53.109613+00:00,point_velocity,Unspecified
05463000,POINT (-92.6182777777778 42.572),85dc49ed-6966-4a83-a998-a91c51f2babc,USGS-05463000,4e654002-3e72-b66d-e053-0100007ff524,508,1990-01-09T19:45:00+00:00,Imported Channel 1,5.88,ft^3/s,29.0,ft,12.2,ft^2,0.48,ft/s,,,Unspecified,Unspecified,Unspecified,Unspecified,Unspecified,Unknown,Ice,2026-06-28T02:09:53.109613+00:00,point_velocity,Unspecified
05463000,POINT (-92.6182777777778 42.572),8618d895-0b85-4401-8a54-377fc8fa7935,USGS-05463000,4e655927-6a4e-c37f-e053-0100007f817d,451,1983-07-07T18:45:00+00:00,Imported Channel 1,777,ft^3/s,221,ft,567,ft^2,1.37,ft/s,,,Unspecified,Unspecified,Unspecified,Unspecified,Unspecified,Unknown,BridgeCrane,2026-06-28T02:09:53.109613+00:00,point_velocity,Unspecified
05463000,POINT (-92.6182777777778 42.572),862f661b-1164-4918-a4f8-f5accb915369,USGS-05463000,4e65261c-21f6-a9fd-e053-0100007f6717,152,1959-01-05T20:10:00+00:00,Imported Channel 1,8.18,ft^3/s,37.0,ft,14.0,ft^2,0.58,ft/s,,,Unspecified,Unspecified,Unspecified,Unspecified,Unspecified,Unknown,Ice,2026-06-28T02:09:53.109613+00:00,point_velocity,Unspecified
05463000,POINT (-92.6182777777778 42.572),862fb4ce-7de9-47fc-9894-b833132dff25,USGS-05463000,4e653fbc-a570-b662-e053-0100007f27ba,592,1999-05-17T20:02:00+00:00,Imported Channel 1,9210,ft^3/s,285,ft,2090,ft^2,4.41,ft/s,,,Unspecified,Unspecified,Unspecified,Unspecified,Unspecified,Unknown,BridgeCrane,2026-06-28T02:09:53.109613+00:00,point_velocity,Unspecified
05463000,POINT (-92.6182777777778 42.572),86348763-8527-4d73-bd95-67336053a4e5,USGS-05463000,4e652e3d-45ff-adb6-e053-0100007fb139,397,1978-01-17T15:00:00+00:00,Imported Channel 1,52.1,ft^3/s,42.0,ft,57.6,ft^2,0.90,ft/s,,,Unspecified,Unspecified,Unspecified,Unspecified,Unspecified,Unknown,Ice,2026-06-28T02:09:53.109613+00:00,point_velocity,Unspecified
05463000,POINT (-92.6182777777778 42.572),86a22963-1a34-4f99-8697-690978dd9555,USGS-05463000,4e653737-e124-b130-e053-0100007fe3d2,207,1962-11-06T14:00:00+00:00,Imported Channel 1,45.7,ft^3/s,48.0,ft,57.3,ft^2,0.80,ft/s,,,Unspecified,Unspecified,Unspecified,Unspecified,Unspecified,Unknown,Wading,2026-06-28T02:09:53.109613+00:00,point_velocity,Unspecified
05463000,POINT (-92.6182777777778 42.572),87cdf051-1040-4032-ae9b-8c29ebb10213,USGS-05463000,4e653bbc-1f83-b2dd-e053-0100007f722f,447,1983-01-12T18:00:00+00:00,Imported Channel 1,185,ft^3/s,116,ft,163,ft^2,1.14,ft/s,,,Unspecified,Unspecified,Unspecified,Unspecified,Unspecified,Unknown,Wading,2026-06-28T02:09:53.109613+00:00,point_velocity,Unspecified
05463000,POINT (-92.6182777777778 42.572),8878b4ab-8fb6-4e2e-bd5c-28a1379b6f8a,USGS-05463000,4e65457a-9778-b864-e053-0100007f0efd,366,1975-04-28T16:40:00+00:00,Imported Channel 1,994,ft^3/s,230,ft,996,ft^2,0.90,ft/s,,,Unspecified,Unspecified,Unspecified,Unspecified,Unspecified,Unknown,BridgeCrane,2026-06-28T02:09:53.109613+00:00,point_velocity,Unspecified
05463000,POINT (-92.6182777777778 42.572),888fe349-9e10-4a44-9607-af81f706e4ac,USGS-05463000,4e6543b8-0e3e-b8e7-e053-0100007f06fe,112,1956-01-13T19:50:00+00:00,Imported Channel 1,3.57,ft^3/s,20.0,ft,9.20,ft^2,0.39,ft/s,,,Unspecified,Unspecified,Unspecified,Unspecified,Unspecified,Unknown,Ice,2026-06-28T02:09:53.109613+00:00,point_velocity,Unspecified
05463000,POINT (-92.6182777777778 42.572),88c2c8ae-37b0-48e9-b36a-0dbe825cb5ca,USGS-05463000,4e653d01-ed14-b28b-e053-0100007f13ed,5,1946-06-25T14:30:00+00:00,Imported Channel 1,170,ft^3/s,74.0,ft,157,ft^2,1.08,ft/s,,,Unspecified,Unspecified,Unspecified,Unspecified,Unspecified,Unknown,Wading,2026-06-28T02:09:53.109613+00:00,point_velocity,Unspecified
05463000,POINT (-92.6182777777778 42.572),88c955f8-8a44-458d-864a-546d16ae8159,USGS-05463000,4e6552a8-836e-bda1-e053-0100007f8cf2,494,1988-06-30T17:55:00+00:00,Imported Channel 1,43.1,ft^3/s,50.0,ft,38.7,ft^2,1.11,ft/s,,,Unspecified,Unspecified,Unspecified,Unspecified,Unspecified,Unknown,Wading,2026-06-28T02:09:53.109613+00:00,point_velocity,Unspecified
05463000,POINT (-92.6182777777778 42.572),88ce1272-210b-48b2-8b97-0cb10dfbc301,USGS-05463000,4e653fbc-a570-b662-e053-0100007f27ba,591,1999-05-17T18:10:00+00:00,Imported Channel 1,8020,ft^3/s,284,ft,1950,ft^2,4.11,ft/s,,,Unspecified,Unspecified,Unspecified,Unspecified,Unspecified,Unknown,BridgeCrane,2026-06-28T02:09:53.109613+00:00,point_velocity,Unspecified
05463000,POINT (-92.6182777777778 42.572),88e74e19-cf57-4835-852f-bcb9abea12e5,USGS-05463000,4e6554c1-6dfb-c0e3-e053-0100007fade3,548,1994-07-14T16:10:00+00:00,Imported Channel 1,1850,ft^3/s,250,ft,1230,ft^2,1.50,ft/s,,,Unspecified,Unspecified,Unspecified,Unspecified,Unspecified,Unknown,BridgeCrane,2026-06-28T02:09:53.109613+00:00,point_velocity,Unspecified
05463000,POINT (-92.6182777777778 42.572),88f9b5f3-6dbd-4847-aa0c-9d79863f0624,USGS-05463000,4e653c43-8c2d-b538-e053-0100007f525c,192,1961-11-06T16:20:00+00:00,Imported Channel 1,128,ft^3/s,58.0,ft,93.5,ft^2,1.37,ft/s,,,Unspecified,Unspecified,Unspecified,Unspecified,Unspecified,Unknown,Wading,2026-06-28T02:09:53.109613+00:00,point_velocity,Unspecified
05463000,POINT (-92.6182777777778 42.572),895bdb25-7a15-46bb-afbd-cb12140c9c2b,USGS-05463000,4e653643-1407-b13c-e053-0100007f8cd6,356,1974-01-07T16:50:00+00:00,Imported Channel 1,124,ft^3/s,68.0,ft,95.4,ft^2,1.30,ft/s,,,Unspecified,Unspecified,Unspecified,Unspecified,Unspecified,Unknown,Ice,2026-06-28T02:09:53.109613+00:00,point_velocity,Unspecified
05463000,POINT (-92.6182777777778 42.572),898053bc-c56e-4ecb-a25c-e75b75fec2af,USGS-05463000,4e653643-13df-b13c-e053-0100007f8cd6,26,1949-01-10T20:30:00+00:00,Imported Channel 1,87.4,ft^3/s,54.0,ft,71.5,ft^2,1.22,ft/s,,,Unspecified,Unspecified,Unspecified,Unspecified,Unspecified,Unknown,Ice,2026-06-28T02:09:53.109613+00:00,point_velocity,Unspecified
05463000,POINT (-92.6182777777778 42.572),89b55cc7-df9f-42b6-9d9b-67c673e2c416,USGS-05463000,4e653bbc-1f73-b2dd-e053-0100007f722f,350,1973-04-18T14:30:00+00:00,Imported Channel 1,2380,ft^3/s,235,ft,1530,ft^2,1.56,ft/s,,,Unspecified,Unspecified,Unspecified,Unspecified,Unspecified,Unknown,BridgeCrane,2026-06-28T02:09:53.109613+00:00,point_velocity,Unspecified
05463000,POINT (-92.6182777777778 42.572),89e729ca-8a2b-473f-9d01-acdae4eae1c0,USGS-05463000,4e65551f-ea67-c131-e053-0100007fbd2e,496,1988-08-10T14:15:00+00:00,Imported Channel 1,10.9,ft^3/s,28.0,ft,15.1,ft^2,0.72,ft/s,,,Unspecified,Unspecified,Unspecified,Unspecified,Unspecified,Unknown,Wading,2026-06-28T02:09:53.109613+00:00,point_velocity,Unspecified
05463000,POINT (-92.6182777777778 42.572),89f47d75-5981-4d4e-9bea-21e3de73c201,USGS-05463000,4e6542b8-d67b-b646-e053-0100007fe67b,246,1965-04-13T16:45:00+00:00,Imported Channel 1,517,ft^3/s,227,ft,795,ft^2,0.65,ft/s,,,Unspecified,Unspecified,Unspecified,Unspecified,Unspecified,Unknown,BridgeCrane,2026-06-28T02:09:53.109613+00:00,point_velocity,Unspecified
05463000,POINT (-92.6182777777778 42.572),8a3939ef-8341-431e-aa04-f8cc30a8b380,USGS-05463000,4e65474f-a32d-ba59-e053-0100007f0af6,231,1964-08-04T13:30:00+00:00,Imported Channel 1,78.5,ft^3/s,50.0,ft,57.0,ft^2,1.38,ft/s,,,Unspecified,Unspecified,Unspecified,Unspecified,Unspecified,Unknown,Wading,2026-06-28T02:09:53.109613+00:00,point_velocity,Unspecified
05463000,POINT (-92.6182777777778 42.572),8ac7db71-d8b6-4ee8-8cf7-99701eb3d24d,USGS-05463000,4e6536bf-428d-b1c1-e053-0100007f6f43,236,1964-12-08T14:50:00+00:00,Imported Channel 1,19.4,ft^3/s,31.0,ft,25.5,ft^2,0.76,ft/s,,,Unspecified,Unspecified,Unspecified,Unspecified,Unspecified,Unknown,Ice,2026-06-28T02:09:53.109613+00:00,point_velocity,Unspecified
05463000,POINT (-92.6182777777778 42.572),8afef8d6-bcfe-4c04-b8ef-b7f6228a7411,USGS-05463000,4e656dde-d59d-cdf1-e053-0100007f2eb0,718,2014-06-10T23:53:00+00:00,new channel,194,ft^3/s,80.0,ft,156,ft^2,1.24,ft/s,500.00,ft,Soft,SiltMud,Even,Even,Standard,Unknown,Wading,2026-06-28T02:09:53.109613+00:00,point_velocity,Downstream
05463000,POINT (-92.6182777777778 42.572),8b69573e-48a4-4782-99db-3b6ea2d9c379,USGS-05463000,4e65474f-a338-ba59-e053-0100007f0af6,360,1974-07-09T14:00:00+00:00,Imported Channel 1,232,ft^3/s,82.0,ft,217,ft^2,1.07,ft/s,,,Unspecified,Unspecified,Unspecified,Unspecified,Unspecified,Unknown,Wading,2026-06-28T02:09:53.109613+00:00,point_velocity,Unspecified
05463000,POINT (-92.6182777777778 42.572),8bd80600-2293-455e-8200-ff87b0105023,USGS-05463000,4e653d01-ed1e-b28b-e053-0100007f13ed,100,1955-01-03T18:50:00+00:00,Imported Channel 1,26.6,ft^3/s,45.0,ft,36.4,ft^2,0.73,ft/s,,,Unspecified,Unspecified,Unspecified,Unspecified,Unspecified,Unknown,Ice,2026-06-28T02:09:53.109613+00:00,point_velocity,Unspecified
05463000,POINT (-92.6182777777778 42.572),8c7ff761-afb5-4088-830f-57406dc40b6b,USGS-05463000,4e6547b6-a0e3-ba7d-e053-0100007ff437,224,1964-01-14T21:50:00+00:00,Imported Channel 1,10.6,ft^3/s,18.0,ft,14.1,ft^2,0.75,ft/s,,,Unspecified,Unspecified,Unspecified,Unspecified,Unspecified,Unknown,Ice,2026-06-28T02:09:53.109613+00:00,point_velocity,Unspecified
05463000,POINT (-92.6182777777778 42.572),8c87568c-c116-4eb3-9f52-e9b9dc33f0f4,USGS-05463000,4e655f68-4a92-c667-e053-0100007f9e3c,544,1994-03-16T22:20:00+00:00,Imported Channel 1,289,ft^3/s,180,ft,252,ft^2,1.15,ft/s,,,Unspecified,Unspecified,Unspecified,Unspecified,Unspecified,Unknown,Wading,2026-06-28T02:09:53.109613+00:00,point_velocity,Unspecified
05463000,POINT (-92.6182777777778 42.572),8c88a470-c2eb-4b0e-b933-1b2795617716,USGS-05463000,084ba35a-c4c1-4069-91f4-41411c67c35c,768,2020-10-16T20:26:00+00:00,Main,35.2,ft^3/s,34.0,ft,25.8,ft^2,1.36,ft/s,80.00,ft,Firm,Gravel,Uneven,Even,Standard,Pulsating,Wading,2026-06-28T02:09:53.109613+00:00,point_velocity,Downstream
05463000,POINT (-92.6182777777778 42.572),8cc52858-86d8-46f0-ac6a-2e1d7263dd7b,USGS-05463000,4e655a38-e183-c3c0-e053-0100007fb6b2,680,2009-06-15T15:12:00+00:00,Imported Channel 1,390,ft^3/s,196,ft,496,ft^2,0.79,ft/s,5.00,ft,Firm,Sand,Even,Unspecified,Unspecified,Unknown,BridgeDownstreamSide,2026-06-28T02:09:53.109613+00:00,adcp,Upstream
05463000,POINT (-92.6182777777778 42.572),8d48ebac-967b-45ec-bbe9-a580d4437869,USGS-05463000,4e653b4a-7998-b428-e053-0100007fe74f,36,1950-02-14T15:15:00+00:00,Imported Channel 1,6.11,ft^3/s,24.0,ft,15.4,ft^2,0.40,ft/s,,,Unspecified,Unspecified,Unspecified,Unspecified,Unspecified,Unknown,Ice,2026-06-28T02:09:53.109613+00:00,point_velocity,Unspecified
05463000,POINT (-92.6182777777778 42.572),8dc6c093-a67f-46a1-a6f1-267d2b607756,USGS-05463000,4e65584e-12ac-c2e9-e053-0100007f0ee1,526,1991-08-21T14:55:00+00:00,Imported Channel 1,82.0,ft^3/s,76.0,ft,66.0,ft^2,1.24,ft/s,,,Unspecified,Unspecified,Unspecified,Unspecified,Unspecified,Unknown,Wading,2026-06-28T02:09:53.109613+00:00,point_velocity,Unspecified
05463000,POINT (-92.6182777777778 42.572),8e09ac97-0056-4c9b-a469-dfa505ebb412,USGS-05463000,4e654c4e-9220-b9ff-e053-0100007fc8c7,476,1986-07-02T05:00:00+00:00,Imported Channel 1,349,ft^3/s,72.0,ft,178,ft^2,1.96,ft/s,,,Unspecified,Unspecified,Unspecified,Unspecified,Unspecified,Unknown,Wading,2026-06-28T02:09:53.109613+00:00,point_velocity,Unspecified
05463000,POINT (-92.6182777777778 42.572),8e1c7507-2c49-4759-ad02-eed8999766a0,USGS-05463000,4e654c19-9791-bc43-e053-0100007fc312,375,1976-04-07T21:45:00+00:00,Imported Channel 1,167,ft^3/s,69.0,ft,103,ft^2,1.62,ft/s,,,Unspecified,Unspecified,Unspecified,Unspecified,Unspecified,Unknown,Wading,2026-06-28T02:09:53.109613+00:00,point_velocity,Unspecified
05463000,POINT (-92.6182777777778 42.572),8e4d80dc-a610-4ee3-9754-fd87ac00f846,USGS-05463000,4e655c37-5e02-c4cf-e053-0100007f41a0,609,2001-02-05T17:45:00+00:00,Imported Channel 1,34.4,ft^3/s,42.0,ft,37.2,ft^2,0.93,ft/s,,,Unspecified,Unspecified,Unspecified,Unspecified,Unspecified,Unknown,Ice,2026-06-28T02:09:53.109613+00:00,point_velocity,Unspecified
05463000,POINT (-92.6182777777778 42.572),8e5d8096-8a85-48fb-b93c-ab5ca002ea19,USGS-05463000,4e65319c-76f8-af90-e053-0100007f04f6,210,1963-02-19T15:30:00+00:00,Imported Channel 1,16.2,ft^3/s,44.0,ft,29.8,ft^2,0.54,ft/s,,,Unspecified,Unspecified,Unspecified,Unspecified,Unspecified,Unknown,Ice,2026-06-28T02:09:53.109613+00:00,point_velocity,Unspecified
05463000,POINT (-92.6182777777778 42.572),8e6e26bb-1a4e-4f2f-9a43-27bf5e64258c,USGS-05463000,4e653a58-7d1d-b3b1-e053-0100007f1db0,216,1963-07-16T17:20:00+00:00,Imported Channel 1,79.8,ft^3/s,42.0,ft,51.4,ft^2,1.55,ft/s,,,Unspecified,Unspecified,Unspecified,Unspecified,Unspecified,Unknown,Wading,2026-06-28T02:09:53.109613+00:00,point_velocity,Unspecified
05463000,POINT (-92.6182777777778 42.572),8f36b7db-e2af-4b18-bf0f-a6af9ab47771,USGS-05463000,4e6551b5-d179-bf57-e053-0100007f3c2d,495,1988-07-08T17:15:00+00:00,Imported Channel 1,20.3,ft^3/s,31.0,ft,17.9,ft^2,1.13,ft/s,,,Unspecified,Unspecified,Unspecified,Unspecified,Unspecified,Unknown,Wading,2026-06-28T02:09:53.109613+00:00,point_velocity,Unspecified
05463000,POINT (-92.6182777777778 42.572),8f7dbca6-5736-4a0e-bcb8-3b76ab4db569,USGS-05463000,4e651b29-8ebe-a435-e053-0100007f6420,91,1954-05-03T20:25:00+00:00,Imported Channel 1,434,ft^3/s,224,ft,525,ft^2,0.83,ft/s,,,Unspecified,Unspecified,Unspecified,Unspecified,Unspecified,Unknown,BridgeCrane,2026-06-28T02:09:53.109613+00:00,point_velocity,Unspecified
05463000,POINT (-92.6182777777778 42.572),8f964523-6cae-40a5-b242-2be4817d15b0,USGS-05463000,4e6569ee-ff7c-cc43-e053-0100007f6ede,735,2016-07-28T14:24:30+00:00,New Hartford,172,ft^3/s,88.0,ft,140,ft^2,1.23,ft/s,100.00,ft,Soft,Sand,Even,Even,Standard,Unknown,Wading,2026-06-28T02:09:53.109613+00:00,point_velocity,Downstream
05463000,POINT (-92.6182777777778 42.572),8feb0f2c-7526-426e-9481-e33624e2408e,USGS-05463000,193e23df-d7b1-49a3-a102-edfd71bfddce,763,2020-01-29T17:03:30+00:00,Main,144,ft^3/s,65.0,ft,102,ft^2,1.41,ft/s,400.00,ft,Soft,Sand,Uneven,Even,Unknown,Steady,Ice,2026-06-28T02:09:53.109613+00:00,point_velocity,Downstream
05463000,POINT (-92.6182777777778 42.572),9011a190-701d-4f9b-9038-3030eb35f73a,USGS-05463000,4e654f90-f9a2-bd9b-e053-0100007fa050,338,1971-11-03T17:25:00+00:00,Imported Channel 1,110,ft^3/s,66.0,ft,83.6,ft^2,1.32,ft/s,,,Unspecified,Unspecified,Unspecified,Unspecified,Unspecified,Unknown,Wading,2026-06-28T02:09:53.109613+00:00,point_velocity,Unspecified
05463000,POINT (-92.6182777777778 42.572),9072f01a-cb89-4e6c-8c6d-242e035ef717,USGS-05463000,4e654387-e835-b840-e053-0100007f6631,283,1968-01-17T18:35:00+00:00,Imported Channel 1,6.66,ft^3/s,22.0,ft,18.8,ft^2,0.35,ft/s,,,Unspecified,Unspecified,Unspecified,Unspecified,Unspecified,Unknown,Wading,2026-06-28T02:09:53.109613+00:00,point_velocity,Unspecified
05463000,POINT (-92.6182777777778 42.572),90ed26f4-9ff9-4f1f-beba-87ea407fdcd0,USGS-05463000,4e654dd6-5c57-bd41-e053-0100007fdd97,312,1969-10-06T19:40:00+00:00,Imported Channel 1,56.6,ft^3/s,30.0,ft,39.5,ft^2,1.43,ft/s,,,Unspecified,Unspecified,Unspecified,Unspecified,Unspecified,Unknown,Wading,2026-06-28T02:09:53.109613+00:00,point_velocity,Unspecified
05463000,POINT (-92.6182777777778 42.572),91641da1-9f30-4aa9-8211-8661020152a5,USGS-05463000,76c51eaa-f7aa-6afa-e053-0100007f042e,754,2018-09-25T23:22:25+00:00,QM 754,1390,ft^3/s,197,ft,911,ft^2,1.53,ft/s,5.00,ft,Firm,SiltMud,Even,Even,Standard,Steady,BridgeDownstreamSide,2026-06-28T02:09:53.109613+00:00,adcp,Downstream
05463000,POINT (-92.6182777777778 42.572),91a74734-4580-435a-af6d-b07493cfd6d8,USGS-05463000,4e6552a8-835f-bda1-e053-0100007f8cf2,380,1976-09-09T19:55:00+00:00,Imported Channel 1,14.8,ft^3/s,23.0,ft,13.1,ft^2,1.13,ft/s,,,Unspecified,Unspecified,Unspecified,Unspecified,Unspecified,Unknown,Wading,2026-06-28T02:09:53.109613+00:00,point_velocity,Unspecified
05463000,POINT (-92.6182777777778 42.572),92587674-4ba8-427a-b9ee-d07ba1fb11fd,USGS-05463000,4e6543c0-3f7e-b8df-e053-0100007ff56e,432,1981-04-20T17:05:00+00:00,Imported Channel 1,178,ft^3/s,77.0,ft,123,ft^2,1.45,ft/s,,,Unspecified,Unspecified,Unspecified,Unspecified,Unspecified,Unknown,Wading,2026-06-28T02:09:53.109613+00:00,point_velocity,Unspecified
05463000,POINT (-92.6182777777778 42.572),92dc4bf2-ab01-490a-80aa-6d6106f456d8,USGS-05463000,4e6551ee-66ac-bf07-e053-0100007f4dc6,412,1979-03-19T20:35:00+00:00,Imported Channel 1,8620,ft^3/s,234,ft,2260,ft^2,3.81,ft/s,,,Unspecified,Unspecified,Unspecified,Unspecified,Unspecified,Unknown,BridgeCrane,2026-06-28T02:09:53.109613+00:00,point_velocity,Unspecified
05463000,POINT (-92.6182777777778 42.572),92ddb6c4-abb9-4430-88a8-8299a2f32d1d,USGS-05463000,76276568-b82b-4a23-a9fe-057f1f352af3,796,2025-01-22T19:52:18+00:00,Main,19.6,ft^3/s,34.0,ft,28.2,ft^2,0.70,ft/s,100.00,ft,Soft,Sand,Uneven,Even,Standard,Steady,Wading,2026-06-28T02:09:53.109613+00:00,point_velocity,Downstream
05463000,POINT (-92.6182777777778 42.572),92eda216-cfaf-498f-95b3-bf5863ce6fcc,USGS-05463000,4e6554c1-6de0-c0e3-e053-0100007fade3,377,1976-05-19T20:35:00+00:00,Imported Channel 1,343,ft^3/s,73.0,ft,190,ft^2,1.81,ft/s,,,Unspecified,Unspecified,Unspecified,Unspecified,Unspecified,Unknown,Wading,2026-06-28T02:09:53.109613+00:00,point_velocity,Unspecified
05463000,POINT (-92.6182777777778 42.572),933059be-5e97-4166-a08d-e500857e57ef,USGS-05463000,4e653fac-4815-b65e-e053-0100007f5d2b,98,1954-11-01T17:55:00+00:00,Imported Channel 1,71.8,ft^3/s,42.0,ft,59.1,ft^2,1.21,ft/s,,,Unspecified,Unspecified,Unspecified,Unspecified,Unspecified,Unknown,Wading,2026-06-28T02:09:53.109613+00:00,point_velocity,Unspecified
05463000,POINT (-92.6182777777778 42.572),937f8b86-1f11-4aff-9fce-630e40b4c85b,USGS-05463000,ca79ec12-83b3-4a6c-a102-d428482b8db9,804,2026-03-25T14:50:50+00:00,Main,308,ft^3/s,92.7,ft,169,ft^2,1.82,ft/s,5.00,ft,Soft,Sand,Uneven,Uneven,Standard,Steady,BridgeDownstreamSide,2026-06-28T02:09:53.109613+00:00,adcp,Downstream
05463000,POINT (-92.6182777777778 42.572),93b5c6b4-e6da-4d39-8cf7-8fe73e932c92,USGS-05463000,4e65583a-5dc7-c2f1-e053-0100007fb8d8,582,1998-05-11T15:20:00+00:00,Imported Channel 1,276,ft^3/s,104,ft,161,ft^2,1.71,ft/s,,,Unspecified,Unspecified,Unspecified,Unspecified,Unspecified,Unknown,Wading,2026-06-28T02:09:53.109613+00:00,point_velocity,Unspecified
05463000,POINT (-92.6182777777778 42.572),93e60385-c147-4ea3-96c8-9c2781154629,USGS-05463000,4e65585f-71bf-c2ed-e053-0100007f28b3,726,2015-07-14T20:29:00+00:00,New Harford,207,ft^3/s,139,ft,239,ft^2,0.87,ft/s,50.00,ft,Soft,Sand,Even,Even,Standard,Unknown,Wading,2026-06-28T02:09:53.109613+00:00,point_velocity,Downstream
05463000,POINT (-92.6182777777778 42.572),9434307f-daee-4e87-a92d-80236dd301e9,USGS-05463000,4e653cac-3da3-b50a-e053-0100007f7072,114,1956-02-27T20:20:00+00:00,Imported Channel 1,4.75,ft^3/s,19.0,ft,18.8,ft^2,0.25,ft/s,,,Unspecified,Unspecified,Unspecified,Unspecified,Unspecified,Unknown,Wading,2026-06-28T02:09:53.109613+00:00,point_velocity,Unspecified
05463000,POINT (-92.6182777777778 42.572),945aeec4-a5d4-4f19-9c77-9ac2d58983d1,USGS-05463000,4e654e01-72ec-bd38-e053-0100007f2ed5,270,1967-01-05T16:00:00+00:00,Imported Channel 1,16.1,ft^3/s,28.0,ft,20.3,ft^2,0.79,ft/s,,,Unspecified,Unspecified,Unspecified,Unspecified,Unspecified,Unknown,Ice,2026-06-28T02:09:53.109613+00:00,point_velocity,Unspecified
05463000,POINT (-92.6182777777778 42.572),94663c22-0fb6-48ad-a802-d48fa30510d9,USGS-05463000,554ff324-6a58-fcf9-e053-0100007feab2,743,2017-07-26T19:41:30+00:00,Main,143,ft^3/s,92.0,ft,109,ft^2,1.32,ft/s,50.00,ft,Firm,Sand,Even,Uneven,Standard,Steady,Wading,2026-06-28T02:09:53.109613+00:00,point_velocity,Upstream
05463000,POINT (-92.6182777777778 42.572),94ba3398-16fa-492b-868d-c2ab730f5244,USGS-05463000,4e655fd5-7a70-c665-e053-0100007fb0fe,560,1996-01-03T17:50:00+00:00,Imported Channel 1,52.2,ft^3/s,54.0,ft,61.8,ft^2,0.84,ft/s,,,Unspecified,Unspecified,Unspecified,Unspecified,Unspecified,Unknown,Ice,2026-06-28T02:09:53.109613+00:00,point_velocity,Unspecified
05463000,POINT (-92.6182777777778 42.572),94d16ee7-a32d-4a57-8157-737a6627b13f,USGS-05463000,4e655f68-4aa9-c667-e053-0100007f9e3c,668,2007-08-22T15:10:00+00:00,Imported Channel 1,5310,ft^3/s,274,ft,1700,ft^2,3.12,ft/s,,ft,Unspecified,Unspecified,Unspecified,Unspecified,Unspecified,Unknown,Unspecified,2026-06-28T02:09:53.109613+00:00,adcp,Unspecified
05463000,POINT (-92.6182777777778 42.572),94e59c48-87e6-403b-ac8a-95fb6d0b7f47,USGS-05463000,4e6535e8-3ea2-b0e0-e053-0100007ff514,369,1975-09-02T15:45:00+00:00,Imported Channel 1,35.8,ft^3/s,66.0,ft,36.6,ft^2,0.98,ft/s,,,Unspecified,Unspecified,Unspecified,Unspecified,Unspecified,Unknown,Wading,2026-06-28T02:09:53.109613+00:00,point_velocity,Unspecified
05463000,POINT (-92.6182777777778 42.572),9573ed07-56ea-4ff9-bc62-d090d4068874,USGS-05463000,8609e45f-16ef-4008-8e91-373798704cc3,776,2021-12-08T19:36:51+00:00,Main,94.6,ft^3/s,63.0,ft,101,ft^2,0.93,ft/s,800.00,ft,Soft,Sand,Uneven,Uneven,NonStandard,Pulsating,Wading,2026-06-28T02:09:53.109613+00:00,point_velocity,Downstream
05463000,POINT (-92.6182777777778 42.572),95d7ab95-d31c-4d40-9551-fc87eecdca2d,USGS-05463000,4e655123-de66-bf00-e053-0100007f9887,502,1989-05-05T16:45:00+00:00,Imported Channel 1,52.8,ft^3/s,53.0,ft,54.2,ft^2,0.97,ft/s,,,Unspecified,Unspecified,Unspecified,Unspecified,Unspecified,Unknown,Wading,2026-06-28T02:09:53.109613+00:00,point_velocity,Unspecified
05463000,POINT (-92.6182777777778 42.572),95f65114-8eb7-41e1-b62a-af2c18612f41,USGS-05463000,4e654e2f-2f40-bd5b-e053-0100007f5551,736,2016-09-07T18:14:00+00:00,new hartford,173,ft^3/s,108,ft,127,ft^2,1.37,ft/s,250.00,ft,Soft,Sand,Even,Even,Standard,Unknown,Wading,2026-06-28T02:09:53.109613+00:00,point_velocity,Downstream
05463000,POINT (-92.6182777777778 42.572),964a0902-8f12-4c0f-abfb-83238b2d56c3,USGS-05463000,4e653cd5-110e-b52e-e053-0100007f02f9,269,1966-12-02T14:35:00+00:00,Imported Channel 1,25.5,ft^3/s,30.0,ft,21.2,ft^2,1.20,ft/s,,,Unspecified,Unspecified,Unspecified,Unspecified,Unspecified,Unknown,Wading,2026-06-28T02:09:53.109613+00:00,point_velocity,Unspecified
05463000,POINT (-92.6182777777778 42.572),96546f36-fd29-4c65-9f3b-5b5d37b1db3f,USGS-05463000,4e652349-6f60-a807-e053-0100007fffa1,104,1955-05-02T18:35:00+00:00,Imported Channel 1,78.3,ft^3/s,46.0,ft,54.3,ft^2,1.44,ft/s,,,Unspecified,Unspecified,Unspecified,Unspecified,Unspecified,Unknown,Wading,2026-06-28T02:09:53.109613+00:00,point_velocity,Unspecified
05463000,POINT (-92.6182777777778 42.572),96745acf-f7ba-4120-a93e-fbf1c04a4bc2,USGS-05463000,4e6535d7-aab8-b13a-e053-0100007f25bb,69,1952-07-30T17:25:00+00:00,Imported Channel 1,54.0,ft^3/s,,,,,,,,ft,Unspecified,Unspecified,Unspecified,Unspecified,Unspecified,Unknown,Unspecified,2026-06-28T02:09:53.109613+00:00,other_method,Unspecified
05463000,POINT (-92.6182777777778 42.572),968254e4-8214-48d1-b3b4-7713f44907d1,USGS-05463000,4e65472f-8745-ba01-e053-0100007fb27b,288,1968-06-19T14:05:00+00:00,Imported Channel 1,18.2,ft^3/s,23.0,ft,18.8,ft^2,0.97,ft/s,,,Unspecified,Unspecified,Unspecified,Unspecified,Unspecified,Unknown,Wading,2026-06-28T02:09:53.109613+00:00,point_velocity,Unspecified
05463000,POINT (-92.6182777777778 42.572),96e9b880-715a-4189-93d9-b2405321b98e,USGS-05463000,4e6538d4-d996-b2bf-e053-0100007fe5ec,281,1967-11-15T19:15:00+00:00,Imported Channel 1,20.5,ft^3/s,22.0,ft,17.8,ft^2,1.15,ft/s,,,Unspecified,Unspecified,Unspecified,Unspecified,Unspecified,Unknown,Wading,2026-06-28T02:09:53.109613+00:00,point_velocity,Unspecified
05463000,POINT (-92.6182777777778 42.572),96f2410d-b2ed-4e0b-8986-529b00751dd3,USGS-05463000,4e653895-7ae8-b2bb-e053-0100007f5f73,176,1960-08-04T14:45:00+00:00,Imported Channel 1,44.0,ft^3/s,43.0,ft,31.4,ft^2,1.40,ft/s,,,Unspecified,Unspecified,Unspecified,Unspecified,Unspecified,Unknown,Wading,2026-06-28T02:09:53.109613+00:00,point_velocity,Unspecified
05463000,POINT (-92.6182777777778 42.572),972d8cb8-1498-4c90-a381-dd8f3bc49d7a,USGS-05463000,4e655c32-a881-c4ad-e053-0100007f8b15,621,2002-05-13T19:00:00+00:00,Imported Channel 1,636,ft^3/s,208,ft,502,ft^2,1.27,ft/s,,,Unspecified,Unspecified,Unspecified,Unspecified,Unspecified,Unknown,BridgeCrane,2026-06-28T02:09:53.109613+00:00,point_velocity,Unspecified
05463000,POINT (-92.6182777777778 42.572),97598ee0-2fe0-4676-94ff-a441d9abd2a0,USGS-05463000,4e65321c-963b-af6e-e053-0100007ff293,265,1966-08-10T16:30:00+00:00,Imported Channel 1,73.9,ft^3/s,64.0,ft,53.6,ft^2,1.38,ft/s,,,Unspecified,Unspecified,Unspecified,Unspecified,Unspecified,Unknown,Wading,2026-06-28T02:09:53.109613+00:00,point_velocity,Unspecified
05463000,POINT (-92.6182777777778 42.572),977bd531-162f-4ad8-9ddf-2c294482533e,USGS-05463000,4e655c3e-4a3a-c4db-e053-0100007f558c,588,1999-02-01T20:20:00+00:00,Imported Channel 1,99.5,ft^3/s,56.0,ft,92.1,ft^2,1.08,ft/s,,,Unspecified,Unspecified,Unspecified,Unspecified,Unspecified,Unknown,Ice,2026-06-28T02:09:53.109613+00:00,point_velocity,Unspecified
05463000,POINT (-92.6182777777778 42.572),97de9fbe-6535-414c-abfd-5fba326c9977,USGS-05463000,1acc0e8f-3575-460b-98e9-bf459849d454,771,2021-03-09T23:45:23+00:00,Main,411,ft^3/s,101,ft,255,ft^2,1.61,ft/s,0.00,ft,Firm,Sand,Even,Uneven,NonStandard,Pulsating,BridgeDownstreamSide,2026-06-28T02:09:53.109613+00:00,adcp,AtTheGage
05463000,POINT (-92.6182777777778 42.572),984b21a9-66cd-440c-935c-1d8e85dd001c,USGS-05463000,4e65472f-8742-ba01-e053-0100007fb27b,209,1963-01-15T15:00:00+00:00,Imported Channel 1,19.2,ft^3/s,36.0,ft,26.2,ft^2,0.73,ft/s,,,Unspecified,Unspecified,Unspecified,Unspecified,Unspecified,Unknown,Ice,2026-06-28T02:09:53.109613+00:00,point_velocity,Unspecified
05463000,POINT (-92.6182777777778 42.572),985210a9-506e-48e9-a345-53dd80a0f09c,USGS-05463000,4e6543a9-71a0-b868-e053-0100007f6126,639,2004-04-12T17:55:00+00:00,Imported Channel 1,190,ft^3/s,74.0,ft,139,ft^2,1.37,ft/s,,,Unspecified,Unspecified,Unspecified,Unspecified,Unspecified,Unknown,Wading,2026-06-28T02:09:53.109613+00:00,point_velocity,Unspecified
05463000,POINT (-92.6182777777778 42.572),98896ed4-9ca8-4ee5-b829-d3ce55ea5b2f,USGS-05463000,4e654c4e-9228-b9ff-e053-0100007fc8c7,516,1990-08-08T15:40:00+00:00,Imported Channel 1,284,ft^3/s,185,ft,272,ft^2,1.04,ft/s,,,Unspecified,Unspecified,Unspecified,Unspecified,Unspecified,Unknown,BridgeCrane,2026-06-28T02:09:53.109613+00:00,point_velocity,Unspecified
05463000,POINT (-92.6182777777778 42.572),99008e5c-bb53-4511-a1a6-62b6612116ae,USGS-05463000,4e655143-23dc-bf02-e053-0100007fd7c1,484,1987-05-20T16:10:00+00:00,Imported Channel 1,137,ft^3/s,72.0,ft,106,ft^2,1.29,ft/s,,,Unspecified,Unspecified,Unspecified,Unspecified,Unspecified,Unknown,Wading,2026-06-28T02:09:53.109613+00:00,point_velocity,Unspecified
05463000,POINT (-92.6182777777778 42.572),992f0265-6c80-42c8-b905-09e3bb4a5a00,USGS-05463000,5166e0b0-f8a4-4d48-e053-0100007f4284,741,2017-06-06T21:19:00+00:00,main,296,ft^3/s,120,ft,185,ft^2,1.60,ft/s,300.00,ft,Firm,Sand,Uneven,Even,NonStandard,Unknown,Wading,2026-06-28T02:09:53.109613+00:00,point_velocity,Downstream
05463000,POINT (-92.6182777777778 42.572),993abdde-3ef8-43e5-8876-94f53f63d9ed,USGS-05463000,4e656762-2986-ca62-e053-0100007fa308,695,2011-03-29T19:16:00+00:00,Channel 2,161,ft^3/s,99.0,ft,104,ft^2,1.55,ft/s,10.00,ft,Unspecified,Sand,Uneven,Even,Unspecified,Unknown,Wading,2026-06-28T02:09:53.109613+00:00,point_velocity,Downstream
05463000,POINT (-92.6182777777778 42.572),994d798c-ad2b-44f1-894c-679a9a4af832,USGS-05463000,4e6536bf-428c-b1c1-e053-0100007f6f43,235,1964-11-03T14:10:00+00:00,Imported Channel 1,40.2,ft^3/s,30.0,ft,34.7,ft^2,1.16,ft/s,,,Unspecified,Unspecified,Unspecified,Unspecified,Unspecified,Unknown,Wading,2026-06-28T02:09:53.109613+00:00,point_velocity,Unspecified
05463000,POINT (-92.6182777777778 42.572),995b3547-ae8b-4f7a-a49d-cbc69cae39aa,USGS-05463000,4e6543c0-3f54-b8df-e053-0100007ff56e,90,1954-03-30T15:55:00+00:00,Imported Channel 1,25.8,ft^3/s,38.0,ft,24.0,ft^2,1.08,ft/s,,,Unspecified,Unspecified,Unspecified,Unspecified,Unspecified,Unknown,Wading,2026-06-28T02:09:53.109613+00:00,point_velocity,Unspecified
05463000,POINT (-92.6182777777778 42.572),999a7a70-1a56-4f6b-bd55-856203683b8b,USGS-05463000,4e65468e-fd18-ba03-e053-0100007f8646,546,1994-04-21T21:46:00+00:00,Imported Channel 1,205,ft^3/s,114,ft,140,ft^2,1.46,ft/s,,,Unspecified,Unspecified,Unspecified,Unspecified,Unspecified,Unknown,Wading,2026-06-28T02:09:53.109613+00:00,point_velocity,Unspecified
05463000,POINT (-92.6182777777778 42.572),9b3d5f03-e3fc-4ef6-a32a-3f7d8a0d42aa,USGS-05463000,4e65548d-c187-c0f3-e053-0100007f0a48,570,1997-04-08T18:30:00+00:00,Imported Channel 1,429,ft^3/s,136,ft,261,ft^2,1.64,ft/s,,,Unspecified,Unspecified,Unspecified,Unspecified,Unspecified,Unknown,BridgeCrane,2026-06-28T02:09:53.109613+00:00,point_velocity,Unspecified
05463000,POINT (-92.6182777777778 42.572),9b73f6c5-ff66-40c4-b2b3-7631b9911a52,USGS-05463000,4e65679b-57a5-cae7-e053-0100007ff8bf,648,2005-03-09T17:25:00+00:00,Imported Channel 1,142,ft^3/s,65.0,ft,92.5,ft^2,1.54,ft/s,,,Unspecified,Unspecified,Unspecified,Unspecified,Unspecified,Unknown,Wading,2026-06-28T02:09:53.109613+00:00,point_velocity,Unspecified
05463000,POINT (-92.6182777777778 42.572),9b7fd092-e5e1-47f9-baaf-0c95c7c74021,USGS-05463000,4e6536da-a7ab-b1bf-e053-0100007f8ff4,118,1956-07-16T16:30:00+00:00,Imported Channel 1,3.36,ft^3/s,10.0,ft,3.46,ft^2,0.97,ft/s,,,Unspecified,Unspecified,Unspecified,Unspecified,Unspecified,Unknown,Wading,2026-06-28T02:09:53.109613+00:00,point_velocity,Unspecified
05463000,POINT (-92.6182777777778 42.572),9b8fc629-25c3-4831-a624-656388c75210,USGS-05463000,4e656240-dac8-c786-e053-0100007fbb8f,708,2012-11-05T19:49:00+00:00,Imported Channel 1,14.3,ft^3/s,37.0,ft,19.1,ft^2,0.75,ft/s,20.00,ft,Soft,Sand,Even,Even,Uniform,Unknown,Wading,2026-06-28T02:09:53.109613+00:00,point_velocity,Downstream
05463000,POINT (-92.6182777777778 42.572),9c4d5514-6568-47f4-94f6-a8dbbec49bd2,USGS-05463000,4e656dde-d59c-cdf1-e053-0100007f2eb0,714,2013-09-03T16:01:00+00:00,Imported Channel 1,59.0,ft^3/s,30.0,ft,36.8,ft^2,1.60,ft/s,500.00,ft,Soft,Sand,Even,Even,Uniform,Unknown,Wading,2026-06-28T02:09:53.109613+00:00,point_velocity,Downstream
05463000,POINT (-92.6182777777778 42.572),9c6d4ec7-19cb-4385-9770-bd87d86b3673,USGS-05463000,4e656e2d-193e-ce32-e053-0100007f3692,710,2013-04-08T20:41:00+00:00,Imported Channel 1,161,ft^3/s,100,ft,140,ft^2,1.15,ft/s,125.00,ft,Soft,Sand,Even,Even,Uniform,Unknown,Wading,2026-06-28T02:09:53.109613+00:00,point_velocity,Downstream
05463000,POINT (-92.6182777777778 42.572),9ce6a3e7-ff6f-4854-b01c-3a41d4b7f4f4,USGS-05463000,4e656f40-3255-ce82-e053-0100007f86a1,740,2017-04-11T14:36:43+00:00,main,502,ft^3/s,120,ft,268,ft^2,1.88,ft/s,150.00,ft,Firm,Sand,Uneven,Uneven,Standard,Unknown,BridgeDownstreamSide,2026-06-28T02:09:53.109613+00:00,adcp,Downstream
05463000,POINT (-92.6182777777778 42.572),9d2bb2af-2032-40df-acee-69d47ba62927,USGS-05463000,4e653cfe-9caa-b4f8-e053-0100007f460e,347,1972-11-02T19:30:00+00:00,Imported Channel 1,1200,ft^3/s,236,ft,1130,ft^2,1.06,ft/s,,,Unspecified,Unspecified,Unspecified,Unspecified,Unspecified,Unknown,BridgeCrane,2026-06-28T02:09:53.109613+00:00,point_velocity,Unspecified
05463000,POINT (-92.6182777777778 42.572),9d521c4e-e752-4f1a-8d26-3262896b4848,USGS-05463000,4e6543b8-0e49-b8e7-e053-0100007f06fe,194,1962-01-04T13:55:00+00:00,Imported Channel 1,57.5,ft^3/s,55.0,ft,45.1,ft^2,1.28,ft/s,,,Unspecified,Unspecified,Unspecified,Unspecified,Unspecified,Unknown,Ice,2026-06-28T02:09:53.109613+00:00,point_velocity,Unspecified
05463000,POINT (-92.6182777777778 42.572),9dd3af01-efc1-4fe9-b7c3-3e72e1774006,USGS-05463000,4e653f7c-5dbb-b64a-e053-0100007f79f3,6,1946-07-30T14:05:00+00:00,Imported Channel 1,227,ft^3/s,58.0,ft,123,ft^2,1.85,ft/s,,,Unspecified,Unspecified,Unspecified,Unspecified,Unspecified,Unknown,Wading,2026-06-28T02:09:53.109613+00:00,point_velocity,Unspecified
05463000,POINT (-92.6182777777778 42.572),9def69cf-449f-4fc1-ad9a-5b5f9cb0e9ac,USGS-05463000,4e6563cd-de79-c6b9-e053-0100007fe049,603,2000-06-26T16:00:00+00:00,Imported Channel 1,723,ft^3/s,220,ft,821,ft^2,0.88,ft/s,,,Unspecified,Unspecified,Unspecified,Unspecified,Unspecified,Unknown,BridgeCrane,2026-06-28T02:09:53.109613+00:00,point_velocity,Unspecified
05463000,POINT (-92.6182777777778 42.572),9e9afe7e-56ab-4d58-98f9-24fb899bbbac,USGS-05463000,4e653a3c-d3b2-b3b3-e053-0100007f2054,295,1968-09-17T13:45:00+00:00,Imported Channel 1,84.3,ft^3/s,54.0,ft,72.3,ft^2,1.17,ft/s,,,Unspecified,Unspecified,Unspecified,Unspecified,Unspecified,Unknown,Wading,2026-06-28T02:09:53.109613+00:00,point_velocity,Unspecified
05463000,POINT (-92.6182777777778 42.572),9f269cea-c4b8-486c-aa40-ee70ff04f9c0,USGS-05463000,4e6548e7-85c3-bae8-e053-0100007f3ff2,213,1963-05-20T23:50:00+00:00,Imported Channel 1,105,ft^3/s,53.0,ft,87.5,ft^2,1.20,ft/s,,,Unspecified,Unspecified,Unspecified,Unspecified,Unspecified,Unknown,Wading,2026-06-28T02:09:53.109613+00:00,point_velocity,Unspecified
05463000,POINT (-92.6182777777778 42.572),9f3bd0ec-f442-44f5-8703-3d88575a7ba1,USGS-05463000,4e6540ef-6a72-b488-e053-0100007f8c41,245,1965-04-09T18:30:00+00:00,Imported Channel 1,1910,ft^3/s,,,,,,,,ft,Unspecified,Unspecified,Unspecified,Unspecified,Unspecified,Unknown,Unspecified,2026-06-28T02:09:53.109613+00:00,other_method,Unspecified
05463000,POINT (-92.6182777777778 42.572),9f882f5a-88be-4b79-bfa1-3394a0a81152,USGS-05463000,4e654c4e-921e-b9ff-e053-0100007fc8c7,474,1986-04-07T06:00:00+00:00,Imported Channel 1,861,ft^3/s,240,ft,770,ft^2,1.12,ft/s,,,Unspecified,Unspecified,Unspecified,Unspecified,Unspecified,Unknown,BridgeCrane,2026-06-28T02:09:53.109613+00:00,point_velocity,Unspecified
05463000,POINT (-92.6182777777778 42.572),a081b67c-eeec-49df-9d6a-c7f29999c695,USGS-05463000,4e6542ca-8f28-b83c-e053-0100007f61c3,262,1966-04-27T22:25:00+00:00,Imported Channel 1,174,ft^3/s,57.0,ft,97.0,ft^2,1.79,ft/s,,,Unspecified,Unspecified,Unspecified,Unspecified,Unspecified,Unknown,Wading,2026-06-28T02:09:53.109613+00:00,point_velocity,Unspecified
05463000,POINT (-92.6182777777778 42.572),a0dea3e2-0ee2-4b4a-8475-755cb9ec9055,USGS-05463000,4e656e09-f3e4-ce34-e053-0100007f95a9,694,2011-02-14T20:04:00+00:00,Imported Channel 1,76.5,ft^3/s,51.0,ft,53.6,ft^2,1.43,ft/s,75.00,ft,Firm,Gravel,Unspecified,Even,Unspecified,Unknown,Ice,2026-06-28T02:09:53.109613+00:00,point_velocity,Downstream
05463000,POINT (-92.6182777777778 42.572),a0e4bd0c-2d9b-45be-bfcc-5cbf0f23a556,USGS-05463000,4e654b0c-66cb-b9fd-e053-0100007f8d70,517,1990-09-27T20:30:00+00:00,Imported Channel 1,160,ft^3/s,64.0,ft,89.9,ft^2,1.78,ft/s,,,Unspecified,Unspecified,Unspecified,Unspecified,Unspecified,Unknown,Wading,2026-06-28T02:09:53.109613+00:00,point_velocity,Unspecified
05463000,POINT (-92.6182777777778 42.572),a162f302-6a52-41c9-9495-d0036f5b2643,USGS-05463000,4e653895-7adf-b2bb-e053-0100007f5f73,40,1950-05-09T16:30:00+00:00,Imported Channel 1,1230,ft^3/s,231,ft,1430,ft^2,0.86,ft/s,,,Unspecified,Unspecified,Unspecified,Unspecified,Unspecified,Unknown,BridgeCrane,2026-06-28T02:09:53.109613+00:00,point_velocity,Unspecified
05463000,POINT (-92.6182777777778 42.572),a1c2d02d-188f-4a26-a003-46cf21d2d79f,USGS-05463000,4e653a3c-d39d-b3b3-e053-0100007f2054,77,1953-04-27T21:35:00+00:00,Imported Channel 1,256,ft^3/s,75.0,ft,156,ft^2,1.64,ft/s,,,Unspecified,Unspecified,Unspecified,Unspecified,Unspecified,Unknown,Wading,2026-06-28T02:09:53.109613+00:00,point_velocity,Unspecified
05463000,POINT (-92.6182777777778 42.572),a216eabe-4db3-4cef-ba22-b08982a3cfa0,USGS-05463000,4e656e09-f3da-ce34-e053-0100007f95a9,678,2009-03-24T16:15:00+00:00,Imported Channel 1,428,ft^3/s,188,ft,697,ft^2,0.62,ft/s,5.00,ft,Firm,Sand,Even,Even,Unspecified,Unknown,BridgeDownstreamSide,2026-06-28T02:09:53.109613+00:00,adcp,Downstream
05463000,POINT (-92.6182777777778 42.572),a21706ae-151d-45f8-b7a1-594673617291,USGS-05463000,4e6538cb-d2e2-b2fb-e053-0100007fecf9,316,1970-02-18T20:00:00+00:00,Imported Channel 1,33.2,ft^3/s,32.0,ft,37.1,ft^2,0.89,ft/s,,,Unspecified,Unspecified,Unspecified,Unspecified,Unspecified,Unknown,Ice,2026-06-28T02:09:53.109613+00:00,point_velocity,Unspecified
05463000,POINT (-92.6182777777778 42.572),a22db05e-33d8-41ed-b6ea-ab50ef3f65ff,USGS-05463000,4e655123-de4a-bf00-e053-0100007f9887,317,1970-03-13T19:50:00+00:00,Imported Channel 1,103,ft^3/s,40.0,ft,60.9,ft^2,1.69,ft/s,,,Unspecified,Unspecified,Unspecified,Unspecified,Unspecified,Unknown,Wading,2026-06-28T02:09:53.109613+00:00,point_velocity,Unspecified
05463000,POINT (-92.6182777777778 42.572),a32c7332-fdf3-4053-b1c6-34464d5c4af3,USGS-05463000,4e65474f-a329-ba59-e053-0100007f0af6,190,1961-09-11T17:55:00+00:00,Imported Channel 1,24.5,ft^3/s,22.0,ft,19.9,ft^2,1.23,ft/s,,,Unspecified,Unspecified,Unspecified,Unspecified,Unspecified,Unknown,Wading,2026-06-28T02:09:53.109613+00:00,point_velocity,Unspecified
05463000,POINT (-92.6182777777778 42.572),a3829c87-1d07-4a07-ab5b-84de37579a69,USGS-05463000,4e65386a-dde0-b257-e053-0100007f3166,122,1956-10-30T14:20:00+00:00,Imported Channel 1,7.40,ft^3/s,25.0,ft,7.82,ft^2,0.95,ft/s,,,Unspecified,Unspecified,Unspecified,Unspecified,Unspecified,Unknown,Wading,2026-06-28T02:09:53.109613+00:00,point_velocity,Unspecified
05463000,POINT (-92.6182777777778 42.572),a3ea41ff-627d-4c49-8353-0dbbe903dad5,USGS-05463000,4e653ffc-6f78-b697-e053-0100007f7944,191,1961-10-02T22:40:00+00:00,Imported Channel 1,65.8,ft^3/s,65.0,ft,53.4,ft^2,1.23,ft/s,,,Unspecified,Unspecified,Unspecified,Unspecified,Unspecified,Unknown,Wading,2026-06-28T02:09:53.109613+00:00,point_velocity,Unspecified
05463000,POINT (-92.6182777777778 42.572),a3fc0bf9-549e-49ce-a75d-f82199537845,USGS-05463000,4e65474f-a339-ba59-e053-0100007f0af6,361,1974-08-20T13:20:00+00:00,Imported Channel 1,139,ft^3/s,68.0,ft,94.1,ft^2,1.48,ft/s,,,Unspecified,Unspecified,Unspecified,Unspecified,Unspecified,Unknown,Wading,2026-06-28T02:09:53.109613+00:00,point_velocity,Unspecified
05463000,POINT (-92.6182777777778 42.572),a45b3bca-d91f-41a3-9f18-e26d9a13793b,USGS-05463000,58f7024c-5eac-6f21-e053-0100007faf8b,744,2017-09-11T17:19:00+00:00,MAIN,39.9,ft^3/s,36.0,ft,26.1,ft^2,1.53,ft/s,10.00,ft,Firm,Sand,Even,Uneven,Standard,Pulsating,Wading,2026-06-28T02:09:53.109613+00:00,point_velocity,Downstream
05463000,POINT (-92.6182777777778 42.572),a49f9886-6d0f-44c9-8d07-3da8ee3905d9,USGS-05463000,4e653cfe-9ca0-b4f8-e053-0100007f460e,256,1965-12-03T15:45:00+00:00,Imported Channel 1,184,ft^3/s,54.0,ft,116,ft^2,1.59,ft/s,,,Unspecified,Unspecified,Unspecified,Unspecified,Unspecified,Unknown,Wading,2026-06-28T02:09:53.109613+00:00,point_velocity,Unspecified
05463000,POINT (-92.6182777777778 42.572),a4a650fd-a66e-4653-a556-0306b323d380,USGS-05463000,4e655b8c-526a-c4af-e053-0100007f3450,554,1995-04-06T15:50:00+00:00,Imported Channel 1,257,ft^3/s,81.0,ft,183,ft^2,1.40,ft/s,,,Unspecified,Unspecified,Unspecified,Unspecified,Unspecified,Unknown,Wading,2026-06-28T02:09:53.109613+00:00,point_velocity,Unspecified
05463000,POINT (-92.6182777777778 42.572),a5c0cb4c-52d4-471f-9dc5-30dcf08d7d86,USGS-05463000,4e651f75-2853-a694-e053-0100007fa94a,120,1956-09-03T17:15:00+00:00,Imported Channel 1,6.90,ft^3/s,20.0,ft,6.29,ft^2,1.10,ft/s,,,Unspecified,Unspecified,Unspecified,Unspecified,Unspecified,Unknown,Wading,2026-06-28T02:09:53.109613+00:00,point_velocity,Unspecified
05463000,POINT (-92.6182777777778 42.572),a640e89e-616c-4dcf-b6e2-96499d89d55f,USGS-05463000,4e654a81-16b4-bbad-e053-0100007f82c7,251,1965-08-11T12:30:00+00:00,Imported Channel 1,52.6,ft^3/s,38.0,ft,44.3,ft^2,1.19,ft/s,,,Unspecified,Unspecified,Unspecified,Unspecified,Unspecified,Unknown,Wading,2026-06-28T02:09:53.109613+00:00,point_velocity,Unspecified
05463000,POINT (-92.6182777777778 42.572),a6757f79-7cb7-43b9-9a46-bb702a5dbb8f,USGS-05463000,4e6569b6-61e7-cb52-e053-0100007fc285,645,2004-11-09T21:35:00+00:00,Imported Channel 1,85.4,ft^3/s,65.0,ft,69.6,ft^2,1.23,ft/s,,,Unspecified,Unspecified,Unspecified,Unspecified,Unspecified,Unknown,Wading,2026-06-28T02:09:53.109613+00:00,point_velocity,Unspecified
05463000,POINT (-92.6182777777778 42.572),a6a88ce4-a525-4884-8498-3093ec7a38a6,USGS-05463000,f9800597-3998-44b0-b6bf-576a7b713aba,779,2022-06-16T14:51:48+00:00,MAIN,1590,ft^3/s,166,ft,817,ft^2,1.94,ft/s,0.00,ft,Firm,Sand,Uneven,Uneven,NonStandard,Pulsating,BridgeDownstreamSide,2026-06-28T02:09:53.109613+00:00,adcp,Downstream
05463000,POINT (-92.6182777777778 42.572),a6dd1b92-57ad-40f2-be4b-587d121bd2a3,USGS-05463000,4e655bec-27e1-c4d9-e053-0100007f7ca7,501,1989-02-15T19:10:00+00:00,Imported Channel 1,12.2,ft^3/s,49.0,ft,28.5,ft^2,0.43,ft/s,,,Unspecified,Unspecified,Unspecified,Unspecified,Unspecified,Unknown,Ice,2026-06-28T02:09:53.109613+00:00,point_velocity,Unspecified
05463000,POINT (-92.6182777777778 42.572),a714af0d-4a4d-487e-92c9-65f619529402,USGS-05463000,4e653c48-b11b-b528-e053-0100007f3471,74,1952-12-16T14:35:00+00:00,Imported Channel 1,16.4,ft^3/s,32.0,ft,19.0,ft^2,0.86,ft/s,,,Unspecified,Unspecified,Unspecified,Unspecified,Unspecified,Unknown,Ice,2026-06-28T02:09:53.109613+00:00,point_velocity,Unspecified
05463000,POINT (-92.6182777777778 42.572),a78a9ba5-67ef-43af-971e-953d4016e0b7,USGS-05463000,4e654c4e-9222-b9ff-e053-0100007fc8c7,477,1986-08-07T05:00:00+00:00,Imported Channel 1,99.7,ft^3/s,70.0,ft,80.2,ft^2,1.24,ft/s,,,Unspecified,Unspecified,Unspecified,Unspecified,Unspecified,Unknown,Wading,2026-06-28T02:09:53.109613+00:00,point_velocity,Unspecified
05463000,POINT (-92.6182777777778 42.572),a7f29597-6ee5-4b69-ad9e-a9fecd021386,USGS-05463000,4e65561a-cfc3-c135-e053-0100007f7c26,602,2000-05-15T16:15:00+00:00,Imported Channel 1,47.9,ft^3/s,40.0,ft,45.8,ft^2,1.05,ft/s,,,Unspecified,Unspecified,Unspecified,Unspecified,Unspecified,Unknown,Wading,2026-06-28T02:09:53.109613+00:00,point_velocity,Unspecified
05463000,POINT (-92.6182777777778 42.572),a82a404e-aa29-493a-a53a-e13021e78d9e,USGS-05463000,4e65432f-667e-b838-e053-0100007f6a61,416,1979-07-23T18:40:00+00:00,Imported Channel 1,199,ft^3/s,70.0,ft,142,ft^2,1.40,ft/s,,,Unspecified,Unspecified,Unspecified,Unspecified,Unspecified,Unknown,Wading,2026-06-28T02:09:53.109613+00:00,point_velocity,Unspecified
05463000,POINT (-92.6182777777778 42.572),a8580c47-e5bc-413c-90b9-36411ab4ae47,USGS-05463000,4e65471e-7cda-ba5b-e053-0100007f6a91,637,2004-01-20T22:15:00+00:00,Imported Channel 1,25.1,ft^3/s,52.0,ft,29.1,ft^2,0.86,ft/s,,,Unspecified,Unspecified,Unspecified,Unspecified,Unspecified,Unknown,Ice,2026-06-28T02:09:53.109613+00:00,point_velocity,Unspecified
05463000,POINT (-92.6182777777778 42.572),a92d8326-9125-4957-9569-dd71d62fadc3,USGS-05463000,4e6542f5-5381-b84c-e053-0100007f6429,170,1960-03-14T16:40:00+00:00,Imported Channel 1,58.5,ft^3/s,55.0,ft,62.3,ft^2,0.94,ft/s,,,Unspecified,Unspecified,Unspecified,Unspecified,Unspecified,Unknown,Ice,2026-06-28T02:09:53.109613+00:00,point_velocity,Unspecified
05463000,POINT (-92.6182777777778 42.572),a9377767-bc36-4bee-9f8d-bd0055029203,USGS-05463000,4e653bd4-a282-b263-e053-0100007f735c,241,1965-03-24T14:15:00+00:00,Imported Channel 1,38.9,ft^3/s,64.0,ft,36.8,ft^2,1.06,ft/s,,,Unspecified,Unspecified,Unspecified,Unspecified,Unspecified,Unknown,Ice,2026-06-28T02:09:53.109613+00:00,point_velocity,Unspecified
05463000,POINT (-92.6182777777778 42.572),a95cbd12-a767-4994-9527-9da5056e21f4,USGS-05463000,4e656de4-bda0-cdf9-e053-0100007f06a4,729,2015-12-07T22:48:21+00:00,Main,540,ft^3/s,189,ft,487,ft^2,1.11,ft/s,15.00,ft,Soft,Sand,Uneven,Uneven,Standard,Unknown,BridgeDownstreamSide,2026-06-28T02:09:53.109613+00:00,adcp,Downstream
05463000,POINT (-92.6182777777778 42.572),a96d592c-16a5-4d64-b0e0-4a6fac065e96,USGS-05463000,54428a11-2c29-455c-86e4-f78d1f43c5e8,787,2023-07-12T18:55:00+00:00,Main Channel,61.7,ft^3/s,61.0,ft,46.5,ft^2,1.33,ft/s,150.00,ft,Soft,Sand,Uneven,Uneven,Standard,Steady,Wading,2026-06-28T02:09:53.109613+00:00,point_velocity,Downstream
05463000,POINT (-92.6182777777778 42.572),a9cba049-4e1d-487b-9d11-2e568334dcff,USGS-05463000,4e654045-6de4-b671-e053-0100007faac9,145,1958-07-16T22:15:00+00:00,Imported Channel 1,1540,ft^3/s,233,ft,1480,ft^2,1.04,ft/s,,,Unspecified,Unspecified,Unspecified,Unspecified,Unspecified,Unknown,BridgeCrane,2026-06-28T02:09:53.109613+00:00,point_velocity,Unspecified
05463000,POINT (-92.6182777777778 42.572),a9d6edeb-2ce2-4000-bd1a-6adaeb0ae30e,USGS-05463000,4e653bbc-1f69-b2dd-e053-0100007f722f,292,1968-07-26T19:10:00+00:00,Imported Channel 1,217,ft^3/s,73.0,ft,134,ft^2,1.62,ft/s,,,Unspecified,Unspecified,Unspecified,Unspecified,Unspecified,Unknown,Wading,2026-06-28T02:09:53.109613+00:00,point_velocity,Unspecified
05463000,POINT (-92.6182777777778 42.572),aa66d21b-3484-4d0e-bd69-8783dcee494a,USGS-05463000,4e653c58-5798-b4f2-e053-0100007faa4d,73,1952-11-22T18:45:00+00:00,Imported Channel 1,25.3,ft^3/s,40.0,ft,23.2,ft^2,1.09,ft/s,,,Unspecified,Unspecified,Unspecified,Unspecified,Unspecified,Unknown,Wading,2026-06-28T02:09:53.109613+00:00,point_velocity,Unspecified
05463000,POINT (-92.6182777777778 42.572),ab0e9d5e-893a-474a-b8b0-bd2e94c54417,USGS-05463000,4e6535e8-3ebb-b0e0-e053-0100007ff514,524,1991-06-01T20:05:00+00:00,Imported Channel 1,11100,ft^3/s,270,ft,2510,ft^2,4.42,ft/s,,,Unspecified,Unspecified,Unspecified,Unspecified,Unspecified,Unknown,BridgeCrane,2026-06-28T02:09:53.109613+00:00,point_velocity,Unspecified
05463000,POINT (-92.6182777777778 42.572),ab82c422-5052-4e76-acfe-5149fa0e2eb0,USGS-05463000,4e656004-e0a8-c4a9-e053-0100007f5264,607,2000-11-15T16:25:00+00:00,Imported Channel 1,55.6,ft^3/s,61.5,ft,46.6,ft^2,1.19,ft/s,,,Unspecified,Unspecified,Unspecified,Unspecified,Unspecified,Unknown,Wading,2026-06-28T02:09:53.109613+00:00,point_velocity,Unspecified
05463000,POINT (-92.6182777777778 42.572),abbb0572-45b7-4cc2-b012-0f36d2bc9c90,USGS-05463000,4e652e3d-45f2-adb6-e053-0100007fb139,258,1966-02-02T20:45:00+00:00,Imported Channel 1,58.4,ft^3/s,52.0,ft,40.4,ft^2,1.44,ft/s,,,Unspecified,Unspecified,Unspecified,Unspecified,Unspecified,Unknown,Ice,2026-06-28T02:09:53.109613+00:00,point_velocity,Unspecified
05463000,POINT (-92.6182777777778 42.572),ac23f1d0-c48c-4488-9b42-48c5849f0f9b,USGS-05463000,4e655cb7-2927-c4c7-e053-0100007f189c,625,2002-10-29T18:30:00+00:00,Imported Channel 1,78.9,ft^3/s,63.0,ft,72.7,ft^2,1.08,ft/s,,,Unspecified,Unspecified,Unspecified,Unspecified,Unspecified,Unknown,Wading,2026-06-28T02:09:53.109613+00:00,point_velocity,Unspecified
05463000,POINT (-92.6182777777778 42.572),ac2796cc-171d-48fb-bd85-128286f4b85b,USGS-05463000,4e65386a-dddf-b257-e053-0100007f3166,121,1956-10-01T22:10:00+00:00,Imported Channel 1,4.33,ft^3/s,22.0,ft,5.66,ft^2,0.76,ft/s,,,Unspecified,Unspecified,Unspecified,Unspecified,Unspecified,Unknown,Wading,2026-06-28T02:09:53.109613+00:00,point_velocity,Unspecified
05463000,POINT (-92.6182777777778 42.572),ac5048e9-8589-4d94-b707-46d78c2f6127,USGS-05463000,4e654002-3e37-b66d-e053-0100007ff524,268,1966-11-02T21:05:00+00:00,Imported Channel 1,41.9,ft^3/s,35.0,ft,28.8,ft^2,1.45,ft/s,,,Unspecified,Unspecified,Unspecified,Unspecified,Unspecified,Unknown,Wading,2026-06-28T02:09:53.109613+00:00,point_velocity,Unspecified
05463000,POINT (-92.6182777777778 42.572),ac77c013-1ffd-43d9-9169-b0e12fecdc16,USGS-05463000,64294629-3dcb-e5aa-e053-0100007f7335,746,2018-01-31T18:39:00+00:00,Main,132,ft^3/s,66.0,ft,99.5,ft^2,1.33,ft/s,200.00,ft,Soft,Sand,Uneven,Uneven,NonStandard,Pulsating,Wading,2026-06-28T02:09:53.109613+00:00,point_velocity,Upstream
05463000,POINT (-92.6182777777778 42.572),ad36ba38-90ef-4c49-8495-3047a6039cee,USGS-05463000,4e653a58-7d1c-b3b1-e053-0100007f1db0,215,1963-06-18T13:25:00+00:00,Imported Channel 1,72.6,ft^3/s,48.0,ft,60.3,ft^2,1.20,ft/s,,,Unspecified,Unspecified,Unspecified,Unspecified,Unspecified,Unknown,Wading,2026-06-28T02:09:53.109613+00:00,point_velocity,Unspecified
05463000,POINT (-92.6182777777778 42.572),ad45172c-7e1b-4ec7-b912-dc42492263fa,USGS-05463000,4e654002-3e5f-b66d-e053-0100007ff524,430,1981-02-25T16:25:00+00:00,Imported Channel 1,130,ft^3/s,51.0,ft,75.3,ft^2,1.73,ft/s,,,Unspecified,Unspecified,Unspecified,Unspecified,Unspecified,Unknown,Wading,2026-06-28T02:09:53.109613+00:00,point_velocity,Unspecified
05463000,POINT (-92.6182777777778 42.572),ae5c6a7b-fb26-43bc-9c40-c0b10432c6c7,USGS-05463000,4e653fd4-a91e-b69b-e053-0100007fa7d9,84,1953-10-06T18:55:00+00:00,Imported Channel 1,17.7,ft^3/s,42.0,ft,28.7,ft^2,0.62,ft/s,,,Unspecified,Unspecified,Unspecified,Unspecified,Unspecified,Unknown,Wading,2026-06-28T02:09:53.109613+00:00,point_velocity,Unspecified
05463000,POINT (-92.6182777777778 42.572),ae624787-1375-4166-a667-609749afb8e3,USGS-05463000,4e655986-8a2a-c383-e053-0100007f34da,514,1990-07-10T14:05:00+00:00,Imported Channel 1,215,ft^3/s,168,ft,191,ft^2,1.12,ft/s,,,Unspecified,Unspecified,Unspecified,Unspecified,Unspecified,Unknown,Wading,2026-06-28T02:09:53.109613+00:00,point_velocity,Unspecified
05463000,POINT (-92.6182777777778 42.572),ae640a58-f6a8-48af-a347-113edd23ddfc,USGS-05463000,4e655143-23e3-bf02-e053-0100007fd7c1,500,1989-01-16T19:55:00+00:00,Imported Channel 1,3.26,ft^3/s,50.0,ft,8.62,ft^2,0.38,ft/s,,,Unspecified,Unspecified,Unspecified,Unspecified,Unspecified,Unknown,Ice,2026-06-28T02:09:53.109613+00:00,point_velocity,Unspecified
05463000,POINT (-92.6182777777778 42.572),aec1c7e2-2599-435f-b0b8-a275218019cf,USGS-05463000,4e653fb5-60b7-b695-e053-0100007f63f7,157,1959-03-28T19:20:00+00:00,Imported Channel 1,1630,ft^3/s,234,ft,1420,ft^2,1.15,ft/s,,,Unspecified,Unspecified,Unspecified,Unspecified,Unspecified,Unknown,BridgeCrane,2026-06-28T02:09:53.109613+00:00,point_velocity,Unspecified
05463000,POINT (-92.6182777777778 42.572),b0b9bdb6-33b5-4988-bece-e2b879e88913,USGS-05463000,4e652e67-d6c6-adb4-e053-0100007fbcd3,106,1955-07-06T16:50:00+00:00,Imported Channel 1,91.3,ft^3/s,52.0,ft,61.1,ft^2,1.49,ft/s,,,Unspecified,Unspecified,Unspecified,Unspecified,Unspecified,Unknown,Wading,2026-06-28T02:09:53.109613+00:00,point_velocity,Unspecified
05463000,POINT (-92.6182777777778 42.572),b12d8c81-9c66-49c3-9717-513e6b5b93bd,USGS-05463000,4e654f90-f9af-bd9b-e053-0100007fa050,405,1978-08-21T20:55:00+00:00,Imported Channel 1,49.4,ft^3/s,45.0,ft,36.2,ft^2,1.36,ft/s,,,Unspecified,Unspecified,Unspecified,Unspecified,Unspecified,Unknown,Wading,2026-06-28T02:09:53.109613+00:00,point_velocity,Unspecified
05463000,POINT (-92.6182777777778 42.572),b1a4da94-a788-40d7-9d09-49cc61fd8515,USGS-05463000,4e6535e8-3ea6-b0e0-e053-0100007ff514,399,1978-03-15T20:50:00+00:00,Imported Channel 1,48.5,ft^3/s,46.0,ft,46.3,ft^2,1.05,ft/s,,,Unspecified,Unspecified,Unspecified,Unspecified,Unspecified,Unknown,Wading,2026-06-28T02:09:53.109613+00:00,point_velocity,Unspecified
05463000,POINT (-92.6182777777778 42.572),b1b8455c-d607-4550-84c5-beaf3086cb65,USGS-05463000,4e6543a9-714b-b868-e053-0100007f6126,127,1957-04-02T13:30:00+00:00,Imported Channel 1,36.6,ft^3/s,42.0,ft,33.1,ft^2,1.11,ft/s,,,Unspecified,Unspecified,Unspecified,Unspecified,Unspecified,Unknown,Wading,2026-06-28T02:09:53.109613+00:00,point_velocity,Unspecified
05463000,POINT (-92.6182777777778 42.572),b1da428e-920a-42a9-84eb-dd9a0cf5795e,USGS-05463000,4e655888-dd4e-c2dc-e053-0100007fcc44,442,1982-06-15T21:50:00+00:00,Imported Channel 1,588,ft^3/s,227,ft,497,ft^2,1.18,ft/s,,,Unspecified,Unspecified,Unspecified,Unspecified,Unspecified,Unknown,BridgeCrane,2026-06-28T02:09:53.109613+00:00,point_velocity,Unspecified
05463000,POINT (-92.6182777777778 42.572),b200ab34-9057-4fa2-af7d-8ce85a2b282b,USGS-05463000,4e65434a-06fb-b84a-e053-0100007f4e03,398,1978-02-22T19:25:00+00:00,Imported Channel 1,34.5,ft^3/s,56.0,ft,47.2,ft^2,0.73,ft/s,,,Unspecified,Unspecified,Unspecified,Unspecified,Unspecified,Unknown,Ice,2026-06-28T02:09:53.109613+00:00,point_velocity,Unspecified
05463000,POINT (-92.6182777777778 42.572),b216464d-e675-49b0-a92d-f5fb492bce2f,USGS-05463000,4e653c9f-1fed-b522-e053-0100007f54d8,150,1958-10-28T14:50:00+00:00,Imported Channel 1,21.7,ft^3/s,34.0,ft,23.2,ft^2,0.94,ft/s,,,Unspecified,Unspecified,Unspecified,Unspecified,Unspecified,Unknown,Wading,2026-06-28T02:09:53.109613+00:00,point_velocity,Unspecified
05463000,POINT (-92.6182777777778 42.572),b256b1d7-1236-4f48-b7d3-2dcd9463abea,USGS-05463000,92927c98-d9e3-4526-a7bf-6fd1633cf66e,795,2024-11-22T13:56:54+00:00,Main,73.0,ft^3/s,77.0,ft,82.4,ft^2,0.89,ft/s,100.00,ft,Soft,Sand,Even,Even,Standard,Steady,Wading,2026-06-28T02:09:53.109613+00:00,point_velocity,Downstream
05463000,POINT (-92.6182777777778 42.572),b283db99-5c15-480c-bb07-d888327e5973,USGS-05463000,4e653b3c-ead3-b3e8-e053-0100007f9120,133,1957-08-06T14:20:00+00:00,Imported Channel 1,25.7,ft^3/s,35.0,ft,25.0,ft^2,1.03,ft/s,,,Unspecified,Unspecified,Unspecified,Unspecified,Unspecified,Unknown,Wading,2026-06-28T02:09:53.109613+00:00,point_velocity,Unspecified
05463000,POINT (-92.6182777777778 42.572),b292673e-6d50-4d18-81b8-269a75d6ed4e,USGS-05463000,4e655a38-e18f-c3c0-e053-0100007fb6b2,712,2013-06-25T17:12:00+00:00,Main,17900,ft^3/s,295,ft,3430,ft^2,5.22,ft/s,15.00,ft,Soft,Sand,Even,Even,NonStandard,Unknown,BridgeDownstreamSide,2026-06-28T02:09:53.109613+00:00,adcp,Downstream
05463000,POINT (-92.6182777777778 42.572),b297b4ee-b02e-4f14-a73c-6378095a49a9,USGS-05463000,4e6547f1-5a3a-ba81-e053-0100007f2798,185,1961-04-04T13:15:00+00:00,Imported Channel 1,377,ft^3/s,236,ft,527,ft^2,0.72,ft/s,,,Unspecified,Unspecified,Unspecified,Unspecified,Unspecified,Unknown,BridgeCrane,2026-06-28T02:09:53.109613+00:00,point_velocity,Unspecified
05463000,POINT (-92.6182777777778 42.572),b2c89b1a-c220-4f21-8196-4f1a1616501a,USGS-05463000,4e655157-eacc-bd9f-e053-0100007f51f9,483,1987-04-09T17:05:00+00:00,Imported Channel 1,252,ft^3/s,83.0,ft,157,ft^2,1.60,ft/s,,,Unspecified,Unspecified,Unspecified,Unspecified,Unspecified,Unknown,Wading,2026-06-28T02:09:53.109613+00:00,point_velocity,Unspecified
05463000,POINT (-92.6182777777778 42.572),b2fdb9e3-1cdb-41c3-8c03-e0bee98db7a9,USGS-05463000,4e6563c2-db42-c6bb-e053-0100007f213e,612,2001-05-22T14:10:00+00:00,Imported Channel 1,542,ft^3/s,206,ft,442,ft^2,1.23,ft/s,,,Unspecified,Unspecified,Unspecified,Unspecified,Unspecified,Unknown,BridgeCrane,2026-06-28T02:09:53.109613+00:00,point_velocity,Unspecified
05463000,POINT (-92.6182777777778 42.572),b44faa54-d925-4d4e-b5c2-1acbbe01e87c,USGS-05463000,3254c0c2-53fc-48a0-ad13-d7da76cad631,774,2021-08-13T16:32:56+00:00,main,20.9,ft^3/s,35.0,ft,22.9,ft^2,0.91,ft/s,50.00,ft,Firm,Sand,Even,Even,Unknown,Pulsating,Wading,2026-06-28T02:09:53.109613+00:00,point_velocity,Downstream
05463000,POINT (-92.6182777777778 42.572),b49323e0-d3eb-4c04-8b91-0ce4842362b5,USGS-05463000,4e654e56-4da7-bd16-e053-0100007ffd34,373,1976-01-14T19:40:00+00:00,Imported Channel 1,11.9,ft^3/s,48.0,ft,22.5,ft^2,0.53,ft/s,,,Unspecified,Unspecified,Unspecified,Unspecified,Unspecified,Unknown,Ice,2026-06-28T02:09:53.109613+00:00,point_velocity,Unspecified
05463000,POINT (-92.6182777777778 42.572),b4f0d765-a7ea-4617-b85a-891cd2def7bd,USGS-05463000,4e653f7c-5dbc-b64a-e053-0100007f79f3,8,1946-11-05T18:05:00+00:00,Imported Channel 1,119,ft^3/s,68.0,ft,91.0,ft^2,1.30,ft/s,,,Unspecified,Unspecified,Unspecified,Unspecified,Unspecified,Unknown,Wading,2026-06-28T02:09:53.109613+00:00,point_velocity,Unspecified
05463000,POINT (-92.6182777777778 42.572),b55d85ab-0cc4-4c90-913e-b7be328307b7,USGS-05463000,4e653472-0d22-b0d1-e053-0100007ff18f,463,1985-02-12T06:00:00+00:00,Imported Channel 1,30.2,ft^3/s,33.0,ft,34.1,ft^2,0.88,ft/s,,,Unspecified,Unspecified,Unspecified,Unspecified,Unspecified,Unknown,Ice,2026-06-28T02:09:53.109613+00:00,point_velocity,Unspecified
05463000,POINT (-92.6182777777778 42.572),b585dc25-21c4-4072-a9e4-bfa78657b31b,USGS-05463000,4e653ffc-6f70-b697-e053-0100007f7944,56,1951-05-15T16:00:00+00:00,Imported Channel 1,210,ft^3/s,218,ft,658,ft^2,0.32,ft/s,,,Unspecified,Unspecified,Unspecified,Unspecified,Unspecified,Unknown,BridgeCrane,2026-06-28T02:09:53.109613+00:00,point_velocity,Unspecified
05463000,POINT (-92.6182777777778 42.572),b58ffa43-588b-4161-b589-5f50b7146b94,USGS-05463000,4e653c6e-b54c-b53c-e053-0100007ff080,387,1977-04-28T12:45:00+00:00,Imported Channel 1,31.1,ft^3/s,43.0,ft,26.9,ft^2,1.16,ft/s,,,Unspecified,Unspecified,Unspecified,Unspecified,Unspecified,Unknown,Wading,2026-06-28T02:09:53.109613+00:00,point_velocity,Unspecified
05463000,POINT (-92.6182777777778 42.572),b610cfa2-f2e9-48c3-9fb9-ce6ca267aa49,USGS-05463000,4e6546e0-f457-ba2b-e053-0100007ff590,535,1992-11-05T17:15:00+00:00,Imported Channel 1,491,ft^3/s,225,ft,589,ft^2,0.83,ft/s,,,Unspecified,Unspecified,Unspecified,Unspecified,Unspecified,Unknown,BridgeCrane,2026-06-28T02:09:53.109613+00:00,point_velocity,Unspecified
05463000,POINT (-92.6182777777778 42.572),b66edeca-dbdd-4b32-8011-70add5e9421e,USGS-05463000,4e6554fe-6fc2-c0ef-e053-0100007fa61d,655,2006-01-24T17:22:00+00:00,Imported Channel 1,76.2,ft^3/s,64.0,ft,71.7,ft^2,1.06,ft/s,,,Unspecified,Unspecified,Unspecified,Unspecified,Unspecified,Unknown,Wading,2026-06-28T02:09:53.109613+00:00,point_velocity,Unspecified
05463000,POINT (-92.6182777777778 42.572),b6946b2b-cb4e-4e2a-9b77-9098acc225d5,USGS-05463000,e5e2c843-b61b-4bc0-8ee1-19bc30f6dc32,765,2020-06-05T16:09:28+00:00,Main,646,ft^3/s,177,ft,388,ft^2,1.66,ft/s,10.00,ft,Firm,SiltMud,Uneven,Uneven,NonStandard,Pulsating,BridgeDownstreamSide,2026-06-28T02:09:53.109613+00:00,adcp,Downstream
05463000,POINT (-92.6182777777778 42.572),b6cdddc1-0280-47bf-947d-a5f811d14337,USGS-05463000,4e653c9f-2003-b522-e053-0100007f54d8,267,1966-10-06T21:50:00+00:00,Imported Channel 1,37.7,ft^3/s,39.0,ft,32.2,ft^2,1.17,ft/s,,,Unspecified,Unspecified,Unspecified,Unspecified,Unspecified,Unknown,Wading,2026-06-28T02:09:53.109613+00:00,point_velocity,Unspecified
05463000,POINT (-92.6182777777778 42.572),b702c159-64c1-4572-a34c-b447f8a17686,USGS-05463000,4e653d11-6585-b582-e053-0100007fde8e,172,1960-04-14T19:55:00+00:00,Imported Channel 1,1010,ft^3/s,235,ft,1460,ft^2,0.69,ft/s,,,Unspecified,Unspecified,Unspecified,Unspecified,Unspecified,Unknown,BridgeCrane,2026-06-28T02:09:53.109613+00:00,point_velocity,Unspecified
05463000,POINT (-92.6182777777778 42.572),b70c0bb9-0e75-47f5-8380-2a74990252ac,USGS-05463000,4e653d11-6567-b582-e053-0100007fde8e,42,1950-07-13T14:15:00+00:00,Imported Channel 1,67.6,ft^3/s,59.0,ft,57.8,ft^2,1.17,ft/s,,,Unspecified,Unspecified,Unspecified,Unspecified,Unspecified,Unknown,Wading,2026-06-28T02:09:53.109613+00:00,point_velocity,Unspecified
05463000,POINT (-92.6182777777778 42.572),b7417fe0-38a7-40db-8905-1167cf984427,USGS-05463000,4e65358e-6748-b12c-e053-0100007f3e12,211,1963-03-18T20:00:00+00:00,Imported Channel 1,2000,ft^3/s,236,ft,1520,ft^2,1.32,ft/s,,,Unspecified,Unspecified,Unspecified,Unspecified,Unspecified,Unknown,BridgeCrane,2026-06-28T02:09:53.109613+00:00,point_velocity,Unspecified
05463000,POINT (-92.6182777777778 42.572),b7817292-d080-4e3b-ae55-e8be8ee5da9e,USGS-05463000,4e653f89-d430-b660-e053-0100007f2dc5,97,1954-10-04T17:30:00+00:00,Imported Channel 1,175,ft^3/s,75.0,ft,118,ft^2,1.48,ft/s,,,Unspecified,Unspecified,Unspecified,Unspecified,Unspecified,Unknown,Wading,2026-06-28T02:09:53.109613+00:00,point_velocity,Unspecified
05463000,POINT (-92.6182777777778 42.572),b7cbf61f-ee6a-4d6d-a269-33dfe9a1c41b,USGS-05463000,4e653b7f-0018-b482-e053-0100007f62ad,424,1980-06-17T18:35:00+00:00,Imported Channel 1,2220,ft^3/s,236,ft,1380,ft^2,1.61,ft/s,,,Unspecified,Unspecified,Unspecified,Unspecified,Unspecified,Unknown,BridgeCrane,2026-06-28T02:09:53.109613+00:00,point_velocity,Unspecified
05463000,POINT (-92.6182777777778 42.572),b819cbf0-c59d-4f27-99f9-0cda995c3c34,USGS-05463000,4e6531e9-a846-afa0-e053-0100007f2af8,16,1948-03-18T01:30:00+00:00,Imported Channel 1,6120,ft^3/s,234,ft,2280,ft^2,2.69,ft/s,,,Unspecified,Unspecified,Unspecified,Unspecified,Unspecified,Unknown,BridgeCrane,2026-06-28T02:09:53.109613+00:00,point_velocity,Unspecified
05463000,POINT (-92.6182777777778 42.572),b89be3a0-df44-468d-8d0f-68aa09a532c6,USGS-05463000,4e6547f1-5a56-ba81-e053-0100007f2798,330,1971-03-24T20:10:00+00:00,Imported Channel 1,474,ft^3/s,,,,,,,,ft,Unspecified,Unspecified,Unspecified,Unspecified,Unspecified,Unknown,Unspecified,2026-06-28T02:09:53.109613+00:00,other_method,Unspecified
05463000,POINT (-92.6182777777778 42.572),b8b23a08-caa1-4ca5-816f-233c8897bf2e,USGS-05463000,4e653643-13e8-b13c-e053-0100007f8cd6,144,1958-07-08T14:05:00+00:00,Imported Channel 1,121,ft^3/s,44.0,ft,82.1,ft^2,1.49,ft/s,,,Unspecified,Unspecified,Unspecified,Unspecified,Unspecified,Unknown,Wading,2026-06-28T02:09:53.109613+00:00,point_velocity,Unspecified
05463000,POINT (-92.6182777777778 42.572),b9241be5-b79c-4e81-9670-d6a3bc425e96,USGS-05463000,4e6561da-39bc-c731-e053-0100007fca8c,578,1997-11-19T22:00:00+00:00,Imported Channel 1,80.0,ft^3/s,64.0,ft,58.0,ft^2,1.37,ft/s,,,Unspecified,Unspecified,Unspecified,Unspecified,Unspecified,Unknown,Wading,2026-06-28T02:09:53.109613+00:00,point_velocity,Unspecified
05463000,POINT (-92.6182777777778 42.572),b931854a-f2aa-4041-90b4-370ac44ed8f6,USGS-05463000,4e655a38-e18f-c3c0-e053-0100007fb6b2,712,2013-06-25T17:12:00+00:00,Culvert crossing peowaukee road,56.6,ft^3/s,4.00,ft,8.00,ft^2,7.08,ft/s,400.00,ft,Firm,BedrockLedgeArtificial,Even,Even,NonStandard,Unknown,Wading,2026-06-28T02:09:53.109613+00:00,point_velocity,Upstream
05463000,POINT (-92.6182777777778 42.572),b99e1131-54e5-4d19-9886-1afc94ace1b5,USGS-05463000,4e652b73-5f7f-ac30-e053-0100007f779a,156,1959-03-21T18:05:00+00:00,Imported Channel 1,6010,ft^3/s,234,ft,1950,ft^2,3.08,ft/s,,,Unspecified,Unspecified,Unspecified,Unspecified,Unspecified,Unknown,BridgeCrane,2026-06-28T02:09:53.109613+00:00,point_velocity,Unspecified
05463000,POINT (-92.6182777777778 42.572),b9d1c349-ca02-4483-8cb7-387ea46400f7,USGS-05463000,4e653643-13ec-b13c-e053-0100007f8cd6,167,1959-12-16T15:20:00+00:00,Imported Channel 1,117,ft^3/s,50.0,ft,78.5,ft^2,1.49,ft/s,,,Unspecified,Unspecified,Unspecified,Unspecified,Unspecified,Unknown,Wading,2026-06-28T02:09:53.109613+00:00,point_velocity,Unspecified
05463000,POINT (-92.6182777777778 42.572),b9ebc955-79c8-4897-b6a4-e56dd6140d79,USGS-05463000,4e653d01-ed17-b28b-e053-0100007f13ed,11,1947-06-02T20:30:00+00:00,Imported Channel 1,4810,ft^3/s,235,ft,1850,ft^2,2.60,ft/s,,,Unspecified,Unspecified,Unspecified,Unspecified,Unspecified,Unknown,BridgeCrane,2026-06-28T02:09:53.109613+00:00,point_velocity,Unspecified
05463000,POINT (-92.6182777777778 42.572),ba965aa3-3b98-4a9e-84fe-20e863ecf5f3,USGS-05463000,4e654300-d898-b83a-e053-0100007f20c9,339,1971-11-30T16:00:00+00:00,Imported Channel 1,47.6,ft^3/s,30.0,ft,36.3,ft^2,1.31,ft/s,,,Unspecified,Unspecified,Unspecified,Unspecified,Unspecified,Unknown,Wading,2026-06-28T02:09:53.109613+00:00,point_velocity,Unspecified
05463000,POINT (-92.6182777777778 42.572),bab8b4db-91d8-4830-9a63-fa7393d54ec1,USGS-05463000,4e653f7a-ae3a-b66a-e053-0100007f0998,146,1958-07-18T19:15:00+00:00,Imported Channel 1,41.8,ft^3/s,215,ft,623,ft^2,0.69,ft/s,,,Unspecified,Unspecified,Unspecified,Unspecified,Unspecified,Unknown,BridgeCrane,2026-06-28T02:09:53.109613+00:00,point_velocity,Unspecified
05463000,POINT (-92.6182777777778 42.572),bb277cb0-ed27-425c-9243-2f4c5af631dd,USGS-05463000,4e656dca-3b2a-cdc1-e053-0100007fc51e,709,2013-01-14T20:42:00+00:00,Main channel,7.88,ft^3/s,36.0,ft,17.3,ft^2,0.46,ft/s,,,Firm,Sand,Even,Even,Standard,Unknown,Wading,2026-06-28T02:09:53.109613+00:00,point_velocity,AtTheGage
05463000,POINT (-92.6182777777778 42.572),bb9ae3b8-6d2c-4140-9030-2041221983fd,USGS-05463000,4e65658b-05ba-c95d-e053-0100007f85d1,720,2014-09-15T18:14:30+00:00,New Hartford,96.4,ft^3/s,163,ft,281,ft^2,0.34,ft/s,50.00,ft,Soft,Sand,Even,Even,Standard,Unknown,Wading,2026-06-28T02:09:53.109613+00:00,point_velocity,Downstream
05463000,POINT (-92.6182777777778 42.572),bc933f9a-0819-4cef-9323-c7d6f1347a3c,USGS-05463000,4e653bb5-23e8-b287-e053-0100007f0b57,12,1947-08-19T19:35:00+00:00,Imported Channel 1,4.10,ft^3/s,49.0,ft,30.0,ft^2,1.37,ft/s,,,Unspecified,Unspecified,Unspecified,Unspecified,Unspecified,Unknown,Wading,2026-06-28T02:09:53.109613+00:00,point_velocity,Unspecified
05463000,POINT (-92.6182777777778 42.572),be0fe3a3-195e-4b50-8634-5ae82129fa6e,USGS-05463000,4e65680f-02d1-caed-e053-0100007f61f1,632,2003-07-09T18:00:00+00:00,Imported Channel 1,1350,ft^3/s,220,ft,916,ft^2,1.47,ft/s,,,Unspecified,Unspecified,Unspecified,Unspecified,Unspecified,Unknown,BridgeCrane,2026-06-28T02:09:53.109613+00:00,point_velocity,Unspecified
05463000,POINT (-92.6182777777778 42.572),bead4d1c-2ffd-4546-a836-4ad3e4bcf738,USGS-05463000,4e653c9f-1fe8-b522-e053-0100007f54d8,75,1953-01-19T22:45:00+00:00,Imported Channel 1,22.1,ft^3/s,32.0,ft,26.5,ft^2,0.83,ft/s,,,Unspecified,Unspecified,Unspecified,Unspecified,Unspecified,Unknown,Ice,2026-06-28T02:09:53.109613+00:00,point_velocity,Unspecified
05463000,POINT (-92.6182777777778 42.572),beb8aeef-a462-43e8-bf8d-b472cb64f86a,USGS-05463000,4e653472-0d52-b0d1-e053-0100007ff18f,600,2000-02-28T16:20:00+00:00,Imported Channel 1,133,ft^3/s,60.0,ft,84.7,ft^2,1.57,ft/s,,,Unspecified,Unspecified,Unspecified,Unspecified,Unspecified,Unknown,Wading,2026-06-28T02:09:53.109613+00:00,point_velocity,Unspecified
05463000,POINT (-92.6182777777778 42.572),beba9c6e-53b6-4937-ab20-22b52183b172,USGS-05463000,9d39693e-b161-489b-973a-ea78678261ac,798,2025-04-23T14:01:42+00:00,Main,668,ft^3/s,150,ft,468,ft^2,1.43,ft/s,5.00,ft,Soft,Sand,Uneven,Uneven,Standard,Pulsating,BridgeDownstreamSide,2026-06-28T02:09:53.109613+00:00,adcp,Downstream
05463000,POINT (-92.6182777777778 42.572),bf01b8ca-92eb-462b-9d97-ab239ca0d0ac,USGS-05463000,4e654d06-9004-bc3b-e053-0100007fe81d,260,1966-03-01T22:50:00+00:00,Imported Channel 1,95.0,ft^3/s,56.0,ft,64.7,ft^2,1.47,ft/s,,,Unspecified,Unspecified,Unspecified,Unspecified,Unspecified,Unknown,Wading,2026-06-28T02:09:53.109613+00:00,point_velocity,Unspecified
05463000,POINT (-92.6182777777778 42.572),bf30c0a6-b8cd-47d2-9d6c-46204a4d8915,USGS-05463000,4e655494-2ac4-c0e5-e053-0100007f50b4,473,1986-03-19T06:00:00+00:00,Imported Channel 1,5090,ft^3/s,277,ft,1890,ft^2,2.69,ft/s,,,Unspecified,Unspecified,Unspecified,Unspecified,Unspecified,Unknown,BridgeCrane,2026-06-28T02:09:53.109613+00:00,point_velocity,Unspecified
05463000,POINT (-92.6182777777778 42.572),bf8a26ca-3f78-487c-bef2-ee6fc117916e,USGS-05463000,4e6547f1-5a57-ba81-e053-0100007f2798,331,1971-05-04T21:05:00+00:00,Imported Channel 1,140,ft^3/s,78.0,ft,91.9,ft^2,1.52,ft/s,,,Unspecified,Unspecified,Unspecified,Unspecified,Unspecified,Unknown,Wading,2026-06-28T02:09:53.109613+00:00,point_velocity,Unspecified
05463000,POINT (-92.6182777777778 42.572),bfa4ef22-13f3-4514-a919-0fdf32fa4630,USGS-05463000,4e6547f1-5a54-ba81-e053-0100007f2798,328,1971-02-10T18:35:00+00:00,Imported Channel 1,25.9,ft^3/s,69.0,ft,29.2,ft^2,0.89,ft/s,,,Unspecified,Unspecified,Unspecified,Unspecified,Unspecified,Unknown,Ice,2026-06-28T02:09:53.109613+00:00,point_velocity,Unspecified
05463000,POINT (-92.6182777777778 42.572),bfbbe85b-3344-4d20-b42e-f68eeb4ba3a4,USGS-05463000,4e6540ef-6aba-b488-e053-0100007f8c41,576,1997-09-24T15:00:00+00:00,Imported Channel 1,87.1,ft^3/s,62.0,ft,56.8,ft^2,1.53,ft/s,,,Unspecified,Unspecified,Unspecified,Unspecified,Unspecified,Unknown,Wading,2026-06-28T02:09:53.109613+00:00,point_velocity,Unspecified
05463000,POINT (-92.6182777777778 42.572),bfc0a27e-2401-427f-a1a8-7338a4a071e2,USGS-05463000,4e653cac-3da2-b50a-e053-0100007f7072,110,1955-10-31T20:00:00+00:00,Imported Channel 1,14.3,ft^3/s,25.0,ft,12.8,ft^2,1.12,ft/s,,,Unspecified,Unspecified,Unspecified,Unspecified,Unspecified,Unknown,Wading,2026-06-28T02:09:53.109613+00:00,point_velocity,Unspecified
05463000,POINT (-92.6182777777778 42.572),c0373bb0-7e7a-4e66-a5d6-91411723b953,USGS-05463000,4e653c65-dcf8-b508-e053-0100007f6e84,111,1955-11-28T19:20:00+00:00,Imported Channel 1,8.17,ft^3/s,27.0,ft,8.59,ft^2,0.95,ft/s,,,Unspecified,Unspecified,Unspecified,Unspecified,Unspecified,Unknown,Ice,2026-06-28T02:09:53.109613+00:00,point_velocity,Unspecified
05463000,POINT (-92.6182777777778 42.572),c03f82f8-2c07-4e9b-a871-c9db3e7613e0,USGS-05463000,4e653472-0cca-b0d1-e053-0100007ff18f,181,1961-01-03T20:40:00+00:00,Imported Channel 1,49.9,ft^3/s,64.0,ft,48.2,ft^2,1.04,ft/s,,,Unspecified,Unspecified,Unspecified,Unspecified,Unspecified,Unknown,Ice,2026-06-28T02:09:53.109613+00:00,point_velocity,Unspecified
05463000,POINT (-92.6182777777778 42.572),c03fb486-0b14-4648-8b1a-a35566eb2d91,USGS-05463000,4e653b1a-8f96-b3b5-e053-0100007f05e7,21,1948-07-15T20:25:00+00:00,Imported Channel 1,220,ft^3/s,58.0,ft,12.0,ft^2,1.83,ft/s,,,Unspecified,Unspecified,Unspecified,Unspecified,Unspecified,Unknown,Wading,2026-06-28T02:09:53.109613+00:00,point_velocity,Unspecified
05463000,POINT (-92.6182777777778 42.572),c068db4b-8c2a-4dd1-9809-6ff7c9ff9c7a,USGS-05463000,4e654e36-04a9-bd14-e053-0100007fa67f,536,1993-02-03T21:30:00+00:00,Imported Channel 1,114,ft^3/s,76.0,ft,94.8,ft^2,1.20,ft/s,,,Unspecified,Unspecified,Unspecified,Unspecified,Unspecified,Unknown,Ice,2026-06-28T02:09:53.109613+00:00,point_velocity,Unspecified
05463000,POINT (-92.6182777777778 42.572),c0e9f9e9-eebc-44fd-a5f2-5b94c156ddae,USGS-05463000,4e653b1a-8f98-b3b5-e053-0100007f05e7,23,1948-09-14T14:30:00+00:00,Imported Channel 1,11.3,ft^3/s,31.0,ft,10.5,ft^2,1.07,ft/s,,,Unspecified,Unspecified,Unspecified,Unspecified,Unspecified,Unknown,Wading,2026-06-28T02:09:53.109613+00:00,point_velocity,Unspecified
05463000,POINT (-92.6182777777778 42.572),c10a82da-841d-4b60-ba07-1e89e303623e,USGS-05463000,4e653ffc-6f87-b697-e053-0100007f7944,359,1974-05-29T13:20:00+00:00,Imported Channel 1,480,ft^3/s,226,ft,426,ft^2,1.13,ft/s,,,Unspecified,Unspecified,Unspecified,Unspecified,Unspecified,Unknown,BridgeCrane,2026-06-28T02:09:53.109613+00:00,point_velocity,Unspecified
05463000,POINT (-92.6182777777778 42.572),c1565398-6b90-4834-8a8a-d84c29175bc7,USGS-05463000,4e654f2e-2af0-bd24-e053-0100007fa36a,515,1990-07-29T16:15:00+00:00,Imported Channel 1,4960,ft^3/s,275,ft,1930,ft^2,2.57,ft/s,,,Unspecified,Unspecified,Unspecified,Unspecified,Unspecified,Unknown,BridgeCrane,2026-06-28T02:09:53.109613+00:00,point_velocity,Unspecified
05463000,POINT (-92.6182777777778 42.572),c157e7cd-680e-47bb-9563-1bf1409987a1,USGS-05463000,4e654032-7ed5-b42a-e053-0100007f7c56,201,1962-04-30T19:35:00+00:00,Imported Channel 1,179,ft^3/s,59.0,ft,132,ft^2,1.35,ft/s,,,Unspecified,Unspecified,Unspecified,Unspecified,Unspecified,Unknown,Wading,2026-06-28T02:09:53.109613+00:00,point_velocity,Unspecified
05463000,POINT (-92.6182777777778 42.572),c35696b8-9590-4e9a-8030-b4bc7ddf59c2,USGS-05463000,4e653472-0ccb-b0d1-e053-0100007ff18f,182,1961-02-06T19:40:00+00:00,Imported Channel 1,19.9,ft^3/s,48.0,ft,20.9,ft^2,0.95,ft/s,,,Unspecified,Unspecified,Unspecified,Unspecified,Unspecified,Unknown,Ice,2026-06-28T02:09:53.109613+00:00,point_velocity,Unspecified
05463000,POINT (-92.6182777777778 42.572),c38791b6-f908-4224-9839-d727b4e19a12,USGS-05463000,4e656337-3b3b-c7f2-e053-0100007ffcce,566,1996-10-15T18:00:00+00:00,Imported Channel 1,33.8,ft^3/s,54.0,ft,34.1,ft^2,0.99,ft/s,,,Unspecified,Unspecified,Unspecified,Unspecified,Unspecified,Unknown,Wading,2026-06-28T02:09:53.109613+00:00,point_velocity,Unspecified
05463000,POINT (-92.6182777777778 42.572),c3c5e3d8-4053-4dbc-985b-b8a354128385,USGS-05463000,736704c0-d943-82fd-e053-0100007f5030,753,2018-08-14T13:35:30+00:00,Qm 753,227,ft^3/s,112,ft,119,ft^2,1.90,ft/s,75.00,ft,Soft,SiltMud,Uneven,Uneven,Standard,Steady,Wading,2026-06-28T02:09:53.109613+00:00,point_velocity,Downstream
05463000,POINT (-92.6182777777778 42.572),c40ab6a4-3fd6-4e05-add5-bd1fab44da73,USGS-05463000,4e6562f5-fc29-c6bd-e053-0100007fa3bb,597,1999-10-19T20:00:00+00:00,Imported Channel 1,56.2,ft^3/s,44.0,ft,59.7,ft^2,0.94,ft/s,,,Unspecified,Unspecified,Unspecified,Unspecified,Unspecified,Unknown,Wading,2026-06-28T02:09:53.109613+00:00,point_velocity,Unspecified
05463000,POINT (-92.6182777777778 42.572),c420e6e8-9c40-4162-ac96-675f59c77f3f,USGS-05463000,4e65110e-aea7-9f74-e053-0100007fbaa0,51,1951-02-09T17:40:00+00:00,Imported Channel 1,6.57,ft^3/s,22.0,ft,16.3,ft^2,0.40,ft/s,,,Unspecified,Unspecified,Unspecified,Unspecified,Unspecified,Unknown,Ice,2026-06-28T02:09:53.109613+00:00,point_velocity,Unspecified
05463000,POINT (-92.6182777777778 42.572),c47054e7-8475-4d20-84d8-458635866daf,USGS-05463000,4e65267d-3e3c-aa43-e053-0100007fd615,63,1951-11-16T21:10:00+00:00,Imported Channel 1,236,ft^3/s,214,ft,506,ft^2,0.47,ft/s,,,Unspecified,Unspecified,Unspecified,Unspecified,Unspecified,Unknown,BridgeCrane,2026-06-28T02:09:53.109613+00:00,point_velocity,Unspecified
05463000,POINT (-92.6182777777778 42.572),c4977064-60b1-492b-b5b3-ddcd6e659b20,USGS-05463000,4e656762-2986-ca62-e053-0100007fa308,695,2011-03-29T19:16:00+00:00,Imported Channel 1,273,ft^3/s,64.4,ft,189,ft^2,1.45,ft/s,10.00,ft,Firm,Sand,Uneven,Even,Unspecified,Unknown,BridgeDownstreamSide,2026-06-28T02:09:53.109613+00:00,adcp,Downstream
05463000,POINT (-92.6182777777778 42.572),c4c475bb-f9f2-4cdd-b3c6-8b1603260143,USGS-05463000,4e6538d4-d9a5-b2bf-e053-0100007fe5ec,395,1977-11-14T21:40:00+00:00,Imported Channel 1,102,ft^3/s,,,,,,,,ft,Unspecified,Unspecified,Unspecified,Unspecified,Unspecified,Unknown,Unspecified,2026-06-28T02:09:53.109613+00:00,other_method,Unspecified
05463000,POINT (-92.6182777777778 42.572),c50d8e85-8502-4668-88cd-cd79bb8034d0,USGS-05463000,4e653fc4-86a8-b648-e053-0100007f877a,212,1963-04-16T14:05:00+00:00,Imported Channel 1,70.8,ft^3/s,50.0,ft,58.4,ft^2,1.21,ft/s,,,Unspecified,Unspecified,Unspecified,Unspecified,Unspecified,Unknown,Wading,2026-06-28T02:09:53.109613+00:00,point_velocity,Unspecified
05463000,POINT (-92.6182777777778 42.572),c548b429-ac99-4c37-afdd-f6829545ee42,USGS-05463000,5166e0b0-f8a4-4d48-e053-0100007f4284,742,2017-06-06T21:23:30+00:00,main,301,ft^3/s,120,ft,185,ft^2,1.62,ft/s,300.00,ft,Firm,Sand,Uneven,Even,NonStandard,Unknown,Wading,2026-06-28T02:09:53.109613+00:00,point_velocity,Downstream
05463000,POINT (-92.6182777777778 42.572),c58cc212-396e-423d-b59a-c7d74b3a1a8c,USGS-05463000,4e65386a-ddce-b257-e053-0100007f3166,3,1946-04-26T16:10:00+00:00,Imported Channel 1,59.4,ft^3/s,57.5,ft,55.2,ft^2,1.13,ft/s,,,Unspecified,Unspecified,Unspecified,Unspecified,Unspecified,Unknown,Wading,2026-06-28T02:09:53.109613+00:00,point_velocity,Unspecified
05463000,POINT (-92.6182777777778 42.572),c5a937d5-e357-4e48-9722-e12b41e1871c,USGS-05463000,4e653fbc-a53d-b662-e053-0100007f27ba,263,1966-05-24T15:15:00+00:00,Imported Channel 1,1980,ft^3/s,236,ft,1500,ft^2,1.32,ft/s,,,Unspecified,Unspecified,Unspecified,Unspecified,Unspecified,Unknown,BridgeCrane,2026-06-28T02:09:53.109613+00:00,point_velocity,Unspecified
05463000,POINT (-92.6182777777778 42.572),c6605dbd-0cf0-42b8-ab08-d3444f030927,USGS-05463000,4e65386a-dde7-b257-e053-0100007f3166,208,1962-12-11T17:30:00+00:00,Imported Channel 1,18.8,ft^3/s,48.0,ft,27.4,ft^2,0.69,ft/s,,,Unspecified,Unspecified,Unspecified,Unspecified,Unspecified,Unknown,Ice,2026-06-28T02:09:53.109613+00:00,point_velocity,Unspecified
05463000,POINT (-92.6182777777778 42.572),c66e4e22-3c4d-4ad2-bb2e-57b57cdee12b,USGS-05463000,4e656713-bdf8-c7e8-e053-0100007f8f1c,728,2015-10-26T16:35:00+00:00,main,129,ft^3/s,100,ft,190,ft^2,0.68,ft/s,150.00,ft,Soft,Sand,Even,Even,NonStandard,Unknown,Wading,2026-06-28T02:09:53.109613+00:00,point_velocity,Upstream
05463000,POINT (-92.6182777777778 42.572),c69652bc-9356-4f69-9e5c-5c3c176a1c12,USGS-05463000,4e653470-2e98-b0de-e053-0100007fac39,159,1959-05-27T14:40:00+00:00,Imported Channel 1,133,ft^3/s,52.0,ft,140,ft^2,0.95,ft/s,,,Unspecified,Unspecified,Unspecified,Unspecified,Unspecified,Unknown,Wading,2026-06-28T02:09:53.109613+00:00,point_velocity,Unspecified
05463000,POINT (-92.6182777777778 42.572),c71d033e-8966-4d6a-bace-0010c2bcf8c0,USGS-05463000,4e652e32-1ea5-ad60-e053-0100007faef4,179,1960-11-01T13:25:00+00:00,Imported Channel 1,193,ft^3/s,68.0,ft,127,ft^2,1.53,ft/s,,,Unspecified,Unspecified,Unspecified,Unspecified,Unspecified,Unknown,Wading,2026-06-28T02:09:53.109613+00:00,point_velocity,Unspecified
05463000,POINT (-92.6182777777778 42.572),c7442ac0-f7e8-4486-b5c4-ffecde6ab16d,USGS-05463000,4e653467-96de-b0d5-e053-0100007f0211,29,1949-06-07T21:45:00+00:00,Imported Channel 1,43.0,ft^3/s,57.0,ft,37.5,ft^2,1.15,ft/s,,,Unspecified,Unspecified,Unspecified,Unspecified,Unspecified,Unknown,Wading,2026-06-28T02:09:53.109613+00:00,point_velocity,Unspecified
05463000,POINT (-92.6182777777778 42.572),c7cd7b38-0386-4b32-9a39-31e8d2f2a206,USGS-05463000,4e6531e9-a862-afa0-e053-0100007f2af8,284,1968-02-20T16:55:00+00:00,Imported Channel 1,12.2,ft^3/s,16.0,ft,17.9,ft^2,0.68,ft/s,,,Unspecified,Unspecified,Unspecified,Unspecified,Unspecified,Unknown,Wading,2026-06-28T02:09:53.109613+00:00,point_velocity,Unspecified
05463000,POINT (-92.6182777777778 42.572),c902407a-d453-4c8e-8eba-cd882f667589,USGS-05463000,e56e7afd-5914-4167-a4a9-a8df79bb090d,786,2023-05-11T14:53:36+00:00,Main,190,ft^3/s,98.0,ft,122,ft^2,1.56,ft/s,200.00,ft,Soft,Sand,Uneven,Uneven,Standard,Pulsating,Wading,2026-06-28T02:09:53.109613+00:00,point_velocity,Downstream
05463000,POINT (-92.6182777777778 42.572),c909e83e-c3d7-4add-a360-010eb4a9b142,USGS-05463000,4e65261c-21f5-a9fd-e053-0100007f6717,131,1957-06-04T20:25:00+00:00,Imported Channel 1,132,ft^3/s,78.5,ft,108,ft^2,1.22,ft/s,,,Unspecified,Unspecified,Unspecified,Unspecified,Unspecified,Unknown,Wading,2026-06-28T02:09:53.109613+00:00,point_velocity,Unspecified
05463000,POINT (-92.6182777777778 42.572),c9cb4334-7e6d-467c-b994-65e162bb87e1,USGS-05463000,4e655625-01ea-c11d-e053-0100007f4c58,407,1978-10-18T19:30:00+00:00,Imported Channel 1,23.8,ft^3/s,48.0,ft,53.9,ft^2,1.37,ft/s,,,Unspecified,Unspecified,Unspecified,Unspecified,Unspecified,Unknown,Wading,2026-06-28T02:09:53.109613+00:00,point_velocity,Unspecified
05463000,POINT (-92.6182777777778 42.572),cb687749-9f97-420b-9c2c-84ea3c3726cc,USGS-05463000,434c0bcd-4745-4763-8050-6eb3e4db06bb,803,2025-12-09T20:23:01+00:00,Main,72.4,ft^3/s,76.0,ft,74.3,ft^2,0.97,ft/s,50.00,ft,Soft,Sand,Uneven,Uneven,NonStandard,Pulsating,Wading,2026-06-28T02:09:53.109613+00:00,point_velocity,Downstream
05463000,POINT (-92.6182777777778 42.572),cb81c0b4-3ad2-49c3-8a28-73b7b512a1cb,USGS-05463000,4e654074-6b34-b48a-e053-0100007f92b0,410,1979-01-22T17:20:00+00:00,Imported Channel 1,22.8,ft^3/s,47.0,ft,34.8,ft^2,0.66,ft/s,,,Unspecified,Unspecified,Unspecified,Unspecified,Unspecified,Unknown,Ice,2026-06-28T02:09:53.109613+00:00,point_velocity,Unspecified
05463000,POINT (-92.6182777777778 42.572),cb8c6a73-3179-44a2-a6be-aab9209d45f2,USGS-05463000,4e6543ca-9084-b866-e053-0100007fc6fc,421,1980-02-12T17:00:00+00:00,Imported Channel 1,77.5,ft^3/s,75.0,ft,58.8,ft^2,1.32,ft/s,,,Unspecified,Unspecified,Unspecified,Unspecified,Unspecified,Unknown,Ice,2026-06-28T02:09:53.109613+00:00,point_velocity,Unspecified
05463000,POINT (-92.6182777777778 42.572),cb8f2787-2982-49df-b760-743ee5933e17,USGS-05463000,4e6546df-643d-ba29-e053-0100007f9a75,468,1985-09-09T05:00:00+00:00,Imported Channel 1,66.0,ft^3/s,48.0,ft,53.7,ft^2,1.23,ft/s,,,Unspecified,Unspecified,Unspecified,Unspecified,Unspecified,Unknown,Wading,2026-06-28T02:09:53.109613+00:00,point_velocity,Unspecified
05463000,POINT (-92.6182777777778 42.572),cc64dedb-8a81-4154-87b6-54939b6f3679,USGS-05463000,4e655ffb-f2b6-c6b1-e053-0100007f8c2b,722,2014-12-08T19:06:00+00:00,right channel,72.1,ft^3/s,89.0,ft,135,ft^2,0.53,ft/s,30.00,ft,Soft,Sand,Even,Even,Standard,Unknown,Wading,2026-06-28T02:09:53.109613+00:00,point_velocity,Downstream
05463000,POINT (-92.6182777777778 42.572),cca9b960-7887-4c22-8b09-9c165e805715,USGS-05463000,4e656240-da90-c786-e053-0100007fbb8f,559,1995-11-09T13:50:00+00:00,Imported Channel 1,140,ft^3/s,88.0,ft,134,ft^2,1.04,ft/s,,,Unspecified,Unspecified,Unspecified,Unspecified,Unspecified,Unknown,Wading,2026-06-28T02:09:53.109613+00:00,point_velocity,Unspecified
05463000,POINT (-92.6182777777778 42.572),ccc866f3-83d5-4f44-921a-d61ca73e34cf,USGS-05463000,4e65551f-ea61-c131-e053-0100007fbd2e,418,1979-10-01T20:40:00+00:00,Imported Channel 1,105,ft^3/s,67.0,ft,82.1,ft^2,1.28,ft/s,,,Unspecified,Unspecified,Unspecified,Unspecified,Unspecified,Unknown,Wading,2026-06-28T02:09:53.109613+00:00,point_velocity,Unspecified
05463000,POINT (-92.6182777777778 42.572),ccdd179f-c11a-4e3c-a3c2-a906ef7bad89,USGS-05463000,4e65319c-76de-af90-e053-0100007f04f6,57,1951-06-11T20:10:00+00:00,Imported Channel 1,380,ft^3/s,177,ft,527,ft^2,0.72,ft/s,,,Unspecified,Unspecified,Unspecified,Unspecified,Unspecified,Unknown,BridgeCrane,2026-06-28T02:09:53.109613+00:00,point_velocity,Unspecified
05463000,POINT (-92.6182777777778 42.572),cda51095-5b2b-45be-8eaf-6fce9e8479b6,USGS-05463000,4e653523-6353-b140-e053-0100007f723e,70,1952-08-11T23:10:00+00:00,Imported Channel 1,51.2,ft^3/s,47.0,ft,40.2,ft^2,1.27,ft/s,,,Unspecified,Unspecified,Unspecified,Unspecified,Unspecified,Unknown,Wading,2026-06-28T02:09:53.109613+00:00,point_velocity,Unspecified
05463000,POINT (-92.6182777777778 42.572),cdfc7806-f774-4701-b5b4-2554f46f0ef0,USGS-05463000,4e6538cb-d2e1-b2fb-e053-0100007fecf9,293,1968-07-06T15:40:00+00:00,Imported Channel 1,2430,ft^3/s,234,ft,1610,ft^2,1.51,ft/s,,,Unspecified,Unspecified,Unspecified,Unspecified,Unspecified,Unknown,BridgeCrane,2026-06-28T02:09:53.109613+00:00,point_velocity,Unspecified
05463000,POINT (-92.6182777777778 42.572),ce0bb865-655f-4a6d-b44c-1b29c3de1062,USGS-05463000,4e655be0-aea6-c4d5-e053-0100007f2728,558,1995-09-28T16:05:00+00:00,Imported Channel 1,64.9,ft^3/s,56.0,ft,60.5,ft^2,1.07,ft/s,,,Unspecified,Unspecified,Unspecified,Unspecified,Unspecified,Unknown,Wading,2026-06-28T02:09:53.109613+00:00,point_velocity,Unspecified
05463000,POINT (-92.6182777777778 42.572),ce14c6a6-2732-4733-98f7-453eb0ff32db,USGS-05463000,8d82ed3a-8b63-4845-bbcf-90230ca229b7,797,2025-03-06T22:45:03+00:00,Main,240,ft^3/s,118,ft,223,ft^2,1.08,ft/s,10.00,ft,Soft,SiltMud,Uneven,Even,Standard,Pulsating,BridgeDownstreamSide,2026-06-28T02:09:53.109613+00:00,adcp,Downstream
05463000,POINT (-92.6182777777778 42.572),ce1918c5-35f0-4862-b307-9f82c860b610,USGS-05463000,4e65471e-7ca1-ba5b-e053-0100007f6a91,261,1966-03-29T14:00:00+00:00,Imported Channel 1,361,ft^3/s,228,ft,478,ft^2,0.76,ft/s,,,Unspecified,Unspecified,Unspecified,Unspecified,Unspecified,Unknown,BridgeCrane,2026-06-28T02:09:53.109613+00:00,point_velocity,Unspecified
05463000,POINT (-92.6182777777778 42.572),ce29968a-f15e-4870-8cb3-8537460992c6,USGS-05463000,4e653a3c-d3b4-b3b3-e053-0100007f2054,310,1969-08-13T20:00:00+00:00,Imported Channel 1,138,ft^3/s,40.0,ft,88.9,ft^2,1.55,ft/s,,,Unspecified,Unspecified,Unspecified,Unspecified,Unspecified,Unknown,Wading,2026-06-28T02:09:53.109613+00:00,point_velocity,Unspecified
05463000,POINT (-92.6182777777778 42.572),ce3d883d-8867-4c90-9463-4c7a4010eb9e,USGS-05463000,4e6548e7-85c4-bae8-e053-0100007f3ff2,214,1963-05-23T21:30:00+00:00,Imported Channel 1,83.9,ft^3/s,52.0,ft,77.6,ft^2,1.08,ft/s,,,Unspecified,Unspecified,Unspecified,Unspecified,Unspecified,Unknown,Wading,2026-06-28T02:09:53.109613+00:00,point_velocity,Unspecified
05463000,POINT (-92.6182777777778 42.572),ce56d49e-b0e4-419a-aa56-cd2556843786,USGS-05463000,4e6535d7-aab6-b13a-e053-0100007f25bb,28,1949-04-25T16:40:00+00:00,Imported Channel 1,103,ft^3/s,79.0,ft,81.5,ft^2,1.16,ft/s,,,Unspecified,Unspecified,Unspecified,Unspecified,Unspecified,Unknown,Wading,2026-06-28T02:09:53.109613+00:00,point_velocity,Unspecified
05463000,POINT (-92.6182777777778 42.572),ce888aba-ffc1-420a-b1ca-24a760943608,USGS-05463000,4e653c6e-b53a-b53c-e053-0100007ff080,307,1969-06-17T18:25:00+00:00,Imported Channel 1,265,ft^3/s,71.0,ft,150,ft^2,1.77,ft/s,,,Unspecified,Unspecified,Unspecified,Unspecified,Unspecified,Unknown,Wading,2026-06-28T02:09:53.109613+00:00,point_velocity,Unspecified
05463000,POINT (-92.6182777777778 42.572),cee43f60-8da9-476b-9b94-31ef80a295d4,USGS-05463000,4e6562f5-fc44-c6bd-e053-0100007fa3bb,716,2014-02-04T18:10:00+00:00,main,16.9,ft^3/s,26.5,ft,26.0,ft^2,0.65,ft/s,500.00,ft,Firm,Sand,Even,Even,Standard,Unknown,Wading,2026-06-28T02:09:53.109613+00:00,point_velocity,Downstream
05463000,POINT (-92.6182777777778 42.572),cf078529-a532-4224-b44f-f0295a61fc04,USGS-05463000,4e651f75-2846-a694-e053-0100007fa94a,13,1947-10-28T14:45:00+00:00,Imported Channel 1,85.9,ft^3/s,72.0,ft,805,ft^2,1.07,ft/s,,,Unspecified,Unspecified,Unspecified,Unspecified,Unspecified,Unknown,Wading,2026-06-28T02:09:53.109613+00:00,point_velocity,Unspecified
05463000,POINT (-92.6182777777778 42.572),cf678480-1657-4a12-8b38-a7557b1931c6,USGS-05463000,4e65512c-8f66-bd9d-e053-0100007f08a4,557,1995-08-10T20:00:00+00:00,Imported Channel 1,97.3,ft^3/s,75.0,ft,79.8,ft^2,1.22,ft/s,,,Unspecified,Unspecified,Unspecified,Unspecified,Unspecified,Unknown,Wading,2026-06-28T02:09:53.109613+00:00,point_velocity,Unspecified
05463000,POINT (-92.6182777777778 42.572),cfa46345-a20f-496c-8f2b-fa390022af17,USGS-05463000,4e654c4e-921f-b9ff-e053-0100007fc8c7,475,1986-05-22T05:00:00+00:00,Imported Channel 1,397,ft^3/s,82.0,ft,201,ft^2,1.98,ft/s,,,Unspecified,Unspecified,Unspecified,Unspecified,Unspecified,Unknown,Wading,2026-06-28T02:09:53.109613+00:00,point_velocity,Unspecified
05463000,POINT (-92.6182777777778 42.572),cfd69998-84ad-4a02-abf6-e46a346b335b,USGS-05463000,4e65551f-ea66-c131-e053-0100007fbd2e,495A,1988-07-24T16:55:00+00:00,Imported Channel 1,19.8,ft^3/s,,,,,,,,ft,Unspecified,Unspecified,Unspecified,Unspecified,Unspecified,Unknown,Unspecified,2026-06-28T02:09:53.109613+00:00,other_method,Unspecified
05463000,POINT (-92.6182777777778 42.572),d07244e5-4bf4-401c-a24f-56e32041c31b,USGS-05463000,4e653fc4-86bc-b648-e053-0100007f877a,362,1974-10-01T20:25:00+00:00,Imported Channel 1,44.4,ft^3/s,67.0,ft,42.3,ft^2,1.05,ft/s,,,Unspecified,Unspecified,Unspecified,Unspecified,Unspecified,Unknown,Wading,2026-06-28T02:09:53.109613+00:00,point_velocity,Unspecified
05463000,POINT (-92.6182777777778 42.572),d0770849-43b1-4e71-bf6d-9ebe0cbc8dd0,USGS-05463000,4e652e32-1ea6-ad60-e053-0100007faef4,180,1960-12-05T21:45:00+00:00,Imported Channel 1,107,ft^3/s,56.0,ft,81.4,ft^2,1.31,ft/s,,,Unspecified,Unspecified,Unspecified,Unspecified,Unspecified,Unknown,Wading,2026-06-28T02:09:53.109613+00:00,point_velocity,Unspecified
05463000,POINT (-92.6182777777778 42.572),d09724e2-f682-474f-91d0-b60ad1ecad1f,USGS-05463000,4e653cd5-1109-b52e-e053-0100007f02f9,239,1965-02-11T20:55:00+00:00,Imported Channel 1,936,ft^3/s,259,ft,1230,ft^2,0.76,ft/s,,,Unspecified,Unspecified,Unspecified,Unspecified,Unspecified,Unknown,BridgeCrane,2026-06-28T02:09:53.109613+00:00,point_velocity,Unspecified
05463000,POINT (-92.6182777777778 42.572),d0c768c2-4e50-49a1-bd7a-62f211e3a393,USGS-05463000,4e653fd4-a94c-b69b-e053-0100007fa7d9,505,1989-08-30T16:20:00+00:00,Imported Channel 1,3.80,ft^3/s,19.0,ft,5.63,ft^2,0.68,ft/s,,,Unspecified,Unspecified,Unspecified,Unspecified,Unspecified,Unknown,Wading,2026-06-28T02:09:53.109613+00:00,point_velocity,Unspecified
05463000,POINT (-92.6182777777778 42.572),d0edb8fc-39f0-4f19-a881-608d0c31411a,USGS-05463000,4e65552a-2f67-c14c-e053-0100007fbee6,448,1983-02-22T21:15:00+00:00,Imported Channel 1,1440,ft^3/s,,,,,,,,ft,Unspecified,Unspecified,Unspecified,Unspecified,Unspecified,Unknown,Unspecified,2026-06-28T02:09:53.109613+00:00,other_method,Unspecified
05463000,POINT (-92.6182777777778 42.572),d10307ff-42a0-419e-ad44-6918bb9dcbaf,USGS-05463000,4e653737-e114-b130-e053-0100007fe3d2,1,1946-03-06T23:35:00+00:00,Imported Channel 1,3440,ft^3/s,234,ft,1670,ft^2,2.06,ft/s,,,Unspecified,Unspecified,Unspecified,Unspecified,Unspecified,Unknown,BridgeCrane,2026-06-28T02:09:53.109613+00:00,point_velocity,Unspecified
05463000,POINT (-92.6182777777778 42.572),d120742e-54aa-48aa-8973-539f4599e833,USGS-05463000,4e655541-eb2f-c14a-e053-0100007f3945,423,1980-05-06T19:10:00+00:00,Imported Channel 1,113,ft^3/s,73.0,ft,76.8,ft^2,1.47,ft/s,,,Unspecified,Unspecified,Unspecified,Unspecified,Unspecified,Unknown,Wading,2026-06-28T02:09:53.109613+00:00,point_velocity,Unspecified
05463000,POINT (-92.6182777777778 42.572),d1216efd-d4c7-430e-9915-8c12e47d7830,USGS-05463000,9204f803-a639-466f-9678-6ffaee7fd7eb,766,2020-08-10T18:26:38+00:00,Main,83.7,ft^3/s,42.0,ft,50.2,ft^2,1.67,ft/s,75.00,ft,Firm,Sand,Even,Even,Standard,Pulsating,Wading,2026-06-28T02:09:53.109613+00:00,point_velocity,Downstream
05463000,POINT (-92.6182777777778 42.572),d197ab9b-72b5-4968-8cee-ef8af53d42ab,USGS-05463000,4e6547f1-5a2d-ba81-e053-0100007f2798,163,1959-08-26T23:25:00+00:00,Imported Channel 1,181,ft^3/s,72.0,ft,121,ft^2,1.50,ft/s,,,Unspecified,Unspecified,Unspecified,Unspecified,Unspecified,Unknown,Wading,2026-06-28T02:09:53.109613+00:00,point_velocity,Unspecified
05463000,POINT (-92.6182777777778 42.572),d1e1876f-dff3-4545-ac29-2ec6590e5e18,USGS-05463000,4e65516c-201b-bf53-e053-0100007f82f4,435,1981-08-24T20:45:00+00:00,Imported Channel 1,5.40,ft^3/s,44.0,ft,40.7,ft^2,1.33,ft/s,,,Unspecified,Unspecified,Unspecified,Unspecified,Unspecified,Unknown,Wading,2026-06-28T02:09:53.109613+00:00,point_velocity,Unspecified
05463000,POINT (-92.6182777777778 42.572),d22a389e-cbfc-4669-8dce-e6baabfb5986,USGS-05463000,4e653c48-b120-b528-e053-0100007f3471,148,1958-08-26T16:00:00+00:00,Imported Channel 1,75.9,ft^3/s,40.0,ft,59.9,ft^2,1.27,ft/s,,,Unspecified,Unspecified,Unspecified,Unspecified,Unspecified,Unknown,Wading,2026-06-28T02:09:53.109613+00:00,point_velocity,Unspecified
05463000,POINT (-92.6182777777778 42.572),d262e4eb-953f-4d6b-9eac-24ce1bd7f33c,USGS-05463000,4e653683-93a3-b1c3-e053-0100007f356d,319,1970-04-14T16:55:00+00:00,Imported Channel 1,120,ft^3/s,64.0,ft,85.1,ft^2,1.41,ft/s,,,Unspecified,Unspecified,Unspecified,Unspecified,Unspecified,Unknown,Wading,2026-06-28T02:09:53.109613+00:00,point_velocity,Unspecified
05463000,POINT (-92.6182777777778 42.572),d28ff91d-4156-4f18-847e-c960e77f1aca,USGS-05463000,4e655cd7-1add-c545-e053-0100007f6e25,676,2008-11-17T15:49:00+00:00,Imported Channel 1,255,ft^3/s,186,ft,603,ft^2,0.42,ft/s,5.00,ft,Firm,Sand,Even,Unspecified,Unspecified,Unknown,BridgeDownstreamSide,2026-06-28T02:09:53.109613+00:00,adcp,Upstream
05463000,POINT (-92.6182777777778 42.572),d2e0024f-0642-4210-b346-0dfad9654ad8,USGS-05463000,4e652e32-1ea4-ad60-e053-0100007faef4,178,1960-10-03T22:10:00+00:00,Imported Channel 1,194,ft^3/s,54.0,ft,107,ft^2,1.81,ft/s,,,Unspecified,Unspecified,Unspecified,Unspecified,Unspecified,Unknown,Wading,2026-06-28T02:09:53.109613+00:00,point_velocity,Unspecified
05463000,POINT (-92.6182777777778 42.572),d2f24f07-0f03-4034-b5cd-457230003390,USGS-05463000,4e654e5b-48e7-bd59-e053-0100007fe6d2,638,2004-03-01T18:50:00+00:00,Imported Channel 1,698,ft^3/s,203,ft,472,ft^2,1.48,ft/s,,,Unspecified,Unspecified,Unspecified,Unspecified,Unspecified,Unknown,BridgeCrane,2026-06-28T02:09:53.109613+00:00,point_velocity,Unspecified
05463000,POINT (-92.6182777777778 42.572),d3a5c1fd-6e84-4395-a2f8-9b3ab7eda263,USGS-05463000,4e654c19-978c-bc43-e053-0100007fc312,351,1973-05-31T16:55:00+00:00,Imported Channel 1,900,ft^3/s,106,ft,428,ft^2,2.10,ft/s,,,Unspecified,Unspecified,Unspecified,Unspecified,Unspecified,Unknown,BridgeCrane,2026-06-28T02:09:53.109613+00:00,point_velocity,Unspecified
05463000,POINT (-92.6182777777778 42.572),d464a47b-50ca-4305-a469-bfd733c11798,USGS-05463000,4e65386a-ddcf-b257-e053-0100007f3166,31,1949-08-30T18:30:00+00:00,Imported Channel 1,11.6,ft^3/s,25.0,ft,14.9,ft^2,0.78,ft/s,,,Unspecified,Unspecified,Unspecified,Unspecified,Unspecified,Unknown,Wading,2026-06-28T02:09:53.109613+00:00,point_velocity,Unspecified
05463000,POINT (-92.6182777777778 42.572),d48b1e0e-9ece-42fc-8058-63657abc1190,USGS-05463000,4e6554ab-9612-c0e7-e053-0100007f79b2,513,1990-05-20T16:30:00+00:00,Imported Channel 1,2250,ft^3/s,250,ft,1440,ft^2,1.56,ft/s,,,Unspecified,Unspecified,Unspecified,Unspecified,Unspecified,Unknown,BridgeCrane,2026-06-28T02:09:53.109613+00:00,point_velocity,Unspecified
05463000,POINT (-92.6182777777778 42.572),d4b72c5a-477f-4148-8cb9-5cc82213bb73,USGS-05463000,4e6558e6-5ac5-c33f-e053-0100007fdd72,540,1993-08-11T19:20:00+00:00,Imported Channel 1,565,ft^3/s,222,ft,590,ft^2,0.96,ft/s,,,Unspecified,Unspecified,Unspecified,Unspecified,Unspecified,Unknown,BridgeCrane,2026-06-28T02:09:53.109613+00:00,point_velocity,Unspecified
05463000,POINT (-92.6182777777778 42.572),d4f6fdac-d78e-480b-b979-284d84956a4b,USGS-05463000,4e655123-de77-bf00-e053-0100007f9887,579,1998-01-12T19:05:00+00:00,Imported Channel 1,62.1,ft^3/s,62.0,ft,54.7,ft^2,1.13,ft/s,,,Unspecified,Unspecified,Unspecified,Unspecified,Unspecified,Unknown,Ice,2026-06-28T02:09:53.109613+00:00,point_velocity,Unspecified
05463000,POINT (-92.6182777777778 42.572),d5935338-2a88-4149-bdb0-4deb545b1818,USGS-05463000,4e653cec-e4ad-b586-e053-0100007fdd6e,374,1976-02-24T20:50:00+00:00,Imported Channel 1,36.8,ft^3/s,67.0,ft,40.6,ft^2,0.91,ft/s,,,Unspecified,Unspecified,Unspecified,Unspecified,Unspecified,Unknown,Wading,2026-06-28T02:09:53.109613+00:00,point_velocity,Unspecified
05463000,POINT (-92.6182777777778 42.572),d5ab828c-172e-4dab-a9cf-b507919a1bf8,USGS-05463000,4e6558b6-ea4c-c341-e053-0100007f37b9,507,1989-11-28T22:00:00+00:00,Imported Channel 1,12.4,ft^3/s,34.0,ft,17.9,ft^2,0.69,ft/s,,,Unspecified,Unspecified,Unspecified,Unspecified,Unspecified,Unknown,Wading,2026-06-28T02:09:53.109613+00:00,point_velocity,Unspecified
05463000,POINT (-92.6182777777778 42.572),d5fbb84d-6cc8-4440-aad0-b6ed4f3c3b2b,USGS-05463000,4e65110e-aea8-9f74-e053-0100007fbaa0,62,1951-10-22T20:00:00+00:00,Imported Channel 1,828,ft^3/s,184,ft,734,ft^2,1.13,ft/s,,,Unspecified,Unspecified,Unspecified,Unspecified,Unspecified,Unknown,BridgeCrane,2026-06-28T02:09:53.109613+00:00,point_velocity,Unspecified
05463000,POINT (-92.6182777777778 42.572),d6476203-12df-41b5-9f02-f1a54248f8c2,USGS-05463000,aa35c3e5-2bc7-4078-ad11-c012171c564b,782,2022-11-14T20:02:42+00:00,Main,50.0,ft^3/s,54.0,ft,40.8,ft^2,1.23,ft/s,100.00,ft,Firm,Sand,Even,Even,Unknown,Steady,Wading,2026-06-28T02:09:53.109613+00:00,point_velocity,Downstream
05463000,POINT (-92.6182777777778 42.572),d758d470-3da0-4391-8f8b-286163f2c197,USGS-05463000,4e653cfe-9c8d-b4f8-e053-0100007f460e,103,1955-04-04T18:35:00+00:00,Imported Channel 1,76.2,ft^3/s,64.0,ft,59.0,ft^2,1.29,ft/s,,,Unspecified,Unspecified,Unspecified,Unspecified,Unspecified,Unknown,Wading,2026-06-28T02:09:53.109613+00:00,point_velocity,Unspecified
05463000,POINT (-92.6182777777778 42.572),d7832a63-7793-4b6c-8fa6-215d351cc629,USGS-05463000,4e6540ef-6a71-b488-e053-0100007f8c41,243,1965-04-05T21:20:00+00:00,Imported Channel 1,6760,ft^3/s,237,ft,1820,ft^2,3.71,ft/s,,,Unspecified,Unspecified,Unspecified,Unspecified,Unspecified,Unknown,BridgeCrane,2026-06-28T02:09:53.109613+00:00,point_velocity,Unspecified
05463000,POINT (-92.6182777777778 42.572),d798f5dc-a039-4c53-8215-a8b089320cad,USGS-05463000,4e65432f-667f-b838-e053-0100007f6a61,417,1979-08-14T12:40:00+00:00,Imported Channel 1,179,ft^3/s,67.0,ft,116,ft^2,1.54,ft/s,,,Unspecified,Unspecified,Unspecified,Unspecified,Unspecified,Unknown,Wading,2026-06-28T02:09:53.109613+00:00,point_velocity,Unspecified
05463000,POINT (-92.6182777777778 42.572),d7aa2823-b7eb-4ef7-b9f5-7b4d047bb722,USGS-05463000,4e656f07-d23c-ce30-e053-0100007f1d7d,701,2011-10-25T17:01:00+00:00,Imported Channel 1,38.5,ft^3/s,44.0,ft,34.3,ft^2,1.12,ft/s,20.00,ft,Firm,Sand,Even,Even,Standard,Unknown,Wading,2026-06-28T02:09:53.109613+00:00,point_velocity,Downstream
05463000,POINT (-92.6182777777778 42.572),d7b0658b-3da0-4f6f-9083-7711ebd34526,USGS-05463000,4e6547b6-a0e1-ba7d-e053-0100007ff437,222,1963-11-04T21:55:00+00:00,Imported Channel 1,23.8,ft^3/s,20.0,ft,23.1,ft^2,1.03,ft/s,,,Unspecified,Unspecified,Unspecified,Unspecified,Unspecified,Unknown,Wading,2026-06-28T02:09:53.109613+00:00,point_velocity,Unspecified
05463000,POINT (-92.6182777777778 42.572),d8b77df8-769e-4599-9535-e7211548c569,USGS-05463000,4e6547f1-5a70-ba81-e053-0100007f2798,411,1979-02-20T18:35:00+00:00,Imported Channel 1,27.3,ft^3/s,44.0,ft,37.4,ft^2,0.73,ft/s,,,Unspecified,Unspecified,Unspecified,Unspecified,Unspecified,Unknown,Ice,2026-06-28T02:09:53.109613+00:00,point_velocity,Unspecified
05463000,POINT (-92.6182777777778 42.572),d8bb7a39-f1d7-4f71-b5b3-c8e7bfa98e51,USGS-05463000,4e653b4a-7997-b428-e053-0100007fe74f,34,1949-12-09T19:00:00+00:00,Imported Channel 1,7.31,ft^3/s,28.0,ft,14.3,ft^2,0.51,ft/s,,,Unspecified,Unspecified,Unspecified,Unspecified,Unspecified,Unknown,Wading,2026-06-28T02:09:53.109613+00:00,point_velocity,Unspecified
05463000,POINT (-92.6182777777778 42.572),d8ef5166-a729-4adc-b23b-6de3a67534d8,USGS-05463000,4e654749-13af-ba05-e053-0100007fba13,385,1977-03-09T14:00:00+00:00,Imported Channel 1,54.3,ft^3/s,72.0,ft,58.6,ft^2,0.93,ft/s,,,Unspecified,Unspecified,Unspecified,Unspecified,Unspecified,Unknown,Wading,2026-06-28T02:09:53.109613+00:00,point_velocity,Unspecified
05463000,POINT (-92.6182777777778 42.572),d9008f0a-9693-4a86-a4f6-5a7a6239a068,USGS-05463000,4e6546a0-c035-b9fb-e053-0100007f0319,389,1977-06-21T14:20:00+00:00,Imported Channel 1,11.4,ft^3/s,23.0,ft,13.0,ft^2,0.88,ft/s,,,Unspecified,Unspecified,Unspecified,Unspecified,Unspecified,Unknown,Wading,2026-06-28T02:09:53.109613+00:00,point_velocity,Unspecified
05463000,POINT (-92.6182777777778 42.572),d9696285-5251-4b3a-9fff-38863c1c48bb,USGS-05463000,4e6547f1-5a3b-ba81-e053-0100007f2798,187,1961-06-05T22:10:00+00:00,Imported Channel 1,84.0,ft^3/s,54.0,ft,60.0,ft^2,1.40,ft/s,,,Unspecified,Unspecified,Unspecified,Unspecified,Unspecified,Unknown,Wading,2026-06-28T02:09:53.109613+00:00,point_velocity,Unspecified
05463000,POINT (-92.6182777777778 42.572),d9c40db6-3708-4268-94a5-a3f20d66c9ec,USGS-05463000,4e654e56-4d9d-bd16-e053-0100007ffd34,303,1969-03-21T15:50:00+00:00,Imported Channel 1,5250,ft^3/s,236,ft,1970,ft^2,2.66,ft/s,,,Unspecified,Unspecified,Unspecified,Unspecified,Unspecified,Unknown,Cableway,2026-06-28T02:09:53.109613+00:00,point_velocity,Unspecified
05463000,POINT (-92.6182777777778 42.572),da59bb8c-cdca-440f-8a4b-80ff5b728431,USGS-05463000,4e653523-634d-b140-e053-0100007f723e,25,1948-12-02T16:15:00+00:00,Imported Channel 1,13.2,ft^3/s,38.0,ft,24.6,ft^2,0.54,ft/s,,,Unspecified,Unspecified,Unspecified,Unspecified,Unspecified,Unknown,Wading,2026-06-28T02:09:53.109613+00:00,point_velocity,Unspecified
05463000,POINT (-92.6182777777778 42.572),daa0ab1a-15e4-45c3-9357-88b40ee29af0,USGS-05463000,4e65319c-7704-af90-e053-0100007f04f6,289,1968-07-16T16:05:00+00:00,Imported Channel 1,24.0,ft^3/s,28.0,ft,25.0,ft^2,0.96,ft/s,,,Unspecified,Unspecified,Unspecified,Unspecified,Unspecified,Unknown,Wading,2026-06-28T02:09:53.109613+00:00,point_velocity,Unspecified
05463000,POINT (-92.6182777777778 42.572),db16d37f-96b5-4990-96af-486fd7dc700e,USGS-05463000,4e654074-6b52-b48a-e053-0100007f92b0,482,1987-02-25T16:00:00+00:00,Imported Channel 1,154,ft^3/s,77.0,ft,112,ft^2,1.37,ft/s,,,Unspecified,Unspecified,Unspecified,Unspecified,Unspecified,Unknown,Wading,2026-06-28T02:09:53.109613+00:00,point_velocity,Unspecified
05463000,POINT (-92.6182777777778 42.572),db29096c-2d3b-470a-92e8-29cd25ad7aa6,USGS-05463000,4e6558e6-5abf-c33f-e053-0100007fdd72,490,1988-01-29T15:50:00+00:00,Imported Channel 1,25.3,ft^3/s,52.0,ft,31.4,ft^2,0.81,ft/s,,,Unspecified,Unspecified,Unspecified,Unspecified,Unspecified,Unknown,Ice,2026-06-28T02:09:53.109613+00:00,point_velocity,Unspecified
05463000,POINT (-92.6182777777778 42.572),db504e6d-4286-4b36-97a3-c3e7f9880f7e,USGS-05463000,4e65548d-c188-c0f3-e053-0100007f0a48,571,1997-05-19T18:30:00+00:00,Imported Channel 1,296,ft^3/s,120,ft,167,ft^2,1.77,ft/s,,,Unspecified,Unspecified,Unspecified,Unspecified,Unspecified,Unknown,Wading,2026-06-28T02:09:53.109613+00:00,point_velocity,Unspecified
05463000,POINT (-92.6182777777778 42.572),db77ee3e-0dbb-485a-bf6e-5de52d492c58,USGS-05463000,4e654c19-9793-bc43-e053-0100007fc312,379,1976-08-10T19:40:00+00:00,Imported Channel 1,32.0,ft^3/s,65.0,ft,33.6,ft^2,0.95,ft/s,,,Unspecified,Unspecified,Unspecified,Unspecified,Unspecified,Unknown,Wading,2026-06-28T02:09:53.109613+00:00,point_velocity,Unspecified
05463000,POINT (-92.6182777777778 42.572),dbd2e7aa-d73f-45b0-b157-f58bfd58a01f,USGS-05463000,4e653b1a-8fb7-b3b5-e053-0100007f05e7,252,1965-09-08T14:00:00+00:00,Imported Channel 1,1150,ft^3/s,234,ft,1320,ft^2,0.87,ft/s,,,Unspecified,Unspecified,Unspecified,Unspecified,Unspecified,Unknown,BridgeCrane,2026-06-28T02:09:53.109613+00:00,point_velocity,Unspecified
05463000,POINT (-92.6182777777778 42.572),dbfad1a9-c89f-44d1-a63e-69aad16c9782,USGS-05463000,4e6547f1-5a2c-ba81-e053-0100007f2798,162,1959-07-30T21:45:00+00:00,Imported Channel 1,1160,ft^3/s,233,ft,1310,ft^2,0.88,ft/s,,,Unspecified,Unspecified,Unspecified,Unspecified,Unspecified,Unknown,BridgeCrane,2026-06-28T02:09:53.109613+00:00,point_velocity,Unspecified
05463000,POINT (-92.6182777777778 42.572),dc48c3f0-3fad-4aa7-b74f-fc3de85edcd6,USGS-05463000,4e656a76-d7b0-cc6d-e053-0100007fea3d,675,2008-10-06T14:49:00+00:00,Imported Channel 1,57.0,ft^3/s,141,ft,340,ft^2,0.17,ft/s,,,Soft,Sand,Even,Even,Unspecified,Unknown,Wading,2026-06-28T02:09:53.109613+00:00,point_velocity,Unspecified
05463000,POINT (-92.6182777777778 42.572),dc91ad56-6083-4559-bbdc-2d5c21f650d8,USGS-05463000,4e6551ee-66b7-bf07-e053-0100007f4dc6,503,1989-06-15T16:15:00+00:00,Imported Channel 1,20.0,ft^3/s,33.0,ft,22.1,ft^2,0.90,ft/s,,,Unspecified,Unspecified,Unspecified,Unspecified,Unspecified,Unknown,Wading,2026-06-28T02:09:53.109613+00:00,point_velocity,Unspecified
05463000,POINT (-92.6182777777778 42.572),dce0d506-1dee-4bf3-88a1-2d84c93ffb45,USGS-05463000,6cccf2e1-74b6-491f-b8f4-ff3a5ab9b89c,802,2025-09-17T17:58:00+00:00,Main,79.6,ft^3/s,77.0,ft,66.4,ft^2,1.20,ft/s,20.00,ft,Soft,Sand,Uneven,Uneven,Standard,Pulsating,Wading,2026-06-28T02:09:53.109613+00:00,point_velocity,Downstream
05463000,POINT (-92.6182777777778 42.572),dd872110-32d0-4f62-8148-3e27f530cc5b,USGS-05463000,4e653ffc-6f8d-b697-e053-0100007f7944,370,1975-09-11T16:35:00+00:00,Imported Channel 1,30.5,ft^3/s,59.0,ft,36.5,ft^2,0.84,ft/s,,,Unspecified,Unspecified,Unspecified,Unspecified,Unspecified,Unknown,Wading,2026-06-28T02:09:53.109613+00:00,point_velocity,Unspecified
05463000,POINT (-92.6182777777778 42.572),de18e2b5-a3ea-4201-b456-492574e43a4f,USGS-05463000,4e653fac-4818-b65e-e053-0100007f5d2b,128,1957-05-06T17:35:00+00:00,Imported Channel 1,19.0,ft^3/s,37.0,ft,19.3,ft^2,0.98,ft/s,,,Unspecified,Unspecified,Unspecified,Unspecified,Unspecified,Unknown,Wading,2026-06-28T02:09:53.109613+00:00,point_velocity,Unspecified
05463000,POINT (-92.6182777777778 42.572),de1975aa-09d4-4970-a106-3ca9010842d1,USGS-05463000,4e654002-3e30-b66d-e053-0100007ff524,218,1963-07-21T15:45:00+00:00,Imported Channel 1,856,ft^3/s,236,ft,1160,ft^2,0.74,ft/s,,,Unspecified,Unspecified,Unspecified,Unspecified,Unspecified,Unknown,BridgeCrane,2026-06-28T02:09:53.109613+00:00,point_velocity,Unspecified
05463000,POINT (-92.6182777777778 42.572),de377baa-4f6e-46b3-9385-7ab8c4eb5690,USGS-05463000,4e6563d9-500f-c886-e053-0100007f3f62,650,2005-06-02T22:28:00+00:00,Imported Channel 1,198,ft^3/s,77.0,ft,125,ft^2,1.58,ft/s,,,Unspecified,Unspecified,Unspecified,Unspecified,Unspecified,Unknown,Wading,2026-06-28T02:09:53.109613+00:00,point_velocity,Unspecified
05463000,POINT (-92.6182777777778 42.572),de7f6d5d-a2b5-4dae-a80f-c013d019a9da,USGS-05463000,9006e465-f396-220a-e053-0100007f084a,760,2019-08-13T15:28:00+00:00,Main,87.5,ft^3/s,66.0,ft,51.5,ft^2,1.70,ft/s,800.00,ft,Soft,Sand,Uneven,Uneven,NonStandard,Pulsating,Wading,2026-06-28T02:09:53.109613+00:00,point_velocity,Downstream
05463000,POINT (-92.6182777777778 42.572),df1155e6-c66a-4a7d-96f3-e599a2e9c5aa,USGS-05463000,4e65512c-8f84-bd9d-e053-0100007f08a4,636,2003-12-10T14:30:00+00:00,Imported Channel 1,44.4,ft^3/s,52.0,ft,37.1,ft^2,1.20,ft/s,,,Unspecified,Unspecified,Unspecified,Unspecified,Unspecified,Unknown,Wading,2026-06-28T02:09:53.109613+00:00,point_velocity,Unspecified
05463000,POINT (-92.6182777777778 42.572),df165744-0a3f-4874-95b1-b27e873d8e52,USGS-05463000,4e653cfe-9cab-b4f8-e053-0100007f460e,348,1972-12-13T21:25:00+00:00,Imported Channel 1,164,ft^3/s,85.0,ft,106,ft^2,1.55,ft/s,,,Unspecified,Unspecified,Unspecified,Unspecified,Unspecified,Unknown,Ice,2026-06-28T02:09:53.109613+00:00,point_velocity,Unspecified
05463000,POINT (-92.6182777777778 42.572),e03468d7-7ba2-4911-8595-bc363bbc58db,USGS-05463000,4e655fd5-7a85-c665-e053-0100007fb0fe,674,2008-07-28T15:50:00+00:00,Imported Channel 1,452,ft^3/s,194,ft,824,ft^2,0.55,ft/s,,ft,Unspecified,Unspecified,Unspecified,Unspecified,Unspecified,Unknown,Unspecified,2026-06-28T02:09:53.109613+00:00,adcp,Unspecified
05463000,POINT (-92.6182777777778 42.572),e0d93204-9f75-4dac-8fac-1d1d9d24b95d,USGS-05463000,4e653cac-3dbb-b50a-e053-0100007f7072,320,1970-05-20T21:15:00+00:00,Imported Channel 1,138,ft^3/s,63.0,ft,87.4,ft^2,1.58,ft/s,,,Unspecified,Unspecified,Unspecified,Unspecified,Unspecified,Unknown,Wading,2026-06-28T02:09:53.109613+00:00,point_velocity,Unspecified
05463000,POINT (-92.6182777777778 42.572),e120bfd8-b35b-4211-907e-3ec485501e37,USGS-05463000,4e654c19-9792-bc43-e053-0100007fc312,378,1976-06-25T13:45:00+00:00,Imported Channel 1,121,ft^3/s,69.0,ft,89.1,ft^2,1.36,ft/s,,,Unspecified,Unspecified,Unspecified,Unspecified,Unspecified,Unknown,Wading,2026-06-28T02:09:53.109613+00:00,point_velocity,Unspecified
05463000,POINT (-92.6182777777778 42.572),e19b9542-a284-49e4-8e73-d97d7e5d828a,USGS-05463000,4e653472-0d2d-b0d1-e053-0100007ff18f,520,1991-02-01T16:20:00+00:00,Imported Channel 1,38.9,ft^3/s,52.0,ft,39.1,ft^2,0.99,ft/s,,,Unspecified,Unspecified,Unspecified,Unspecified,Unspecified,Unknown,Ice,2026-06-28T02:09:53.109613+00:00,point_velocity,Unspecified
05463000,POINT (-92.6182777777778 42.572),e1ba153c-06d1-4a92-92f8-976cfc7eaa42,USGS-05463000,4e6554ab-9639-c0e7-e053-0100007f79b2,662,2006-11-07T16:05:00+00:00,Imported Channel 1,177,ft^3/s,68.0,ft,125,ft^2,1.41,ft/s,,,Unspecified,Unspecified,Unspecified,Unspecified,Unspecified,Unknown,Wading,2026-06-28T02:09:53.109613+00:00,point_velocity,Unspecified
05463000,POINT (-92.6182777777778 42.572),e20b4efc-b698-49b2-a99c-decc68d618e0,USGS-05463000,4e654767-2eb1-ba5d-e053-0100007f13b4,233,1964-09-08T22:00:00+00:00,Imported Channel 1,354,ft^3/s,91.0,ft,252,ft^2,1.40,ft/s,,,Unspecified,Unspecified,Unspecified,Unspecified,Unspecified,Unknown,BridgeCrane,2026-06-28T02:09:53.109613+00:00,point_velocity,Unspecified
05463000,POINT (-92.6182777777778 42.572),e23b2b2b-9fca-40d2-a7f2-56f6bbb27f68,USGS-05463000,4e653d01-ed23-b28b-e053-0100007f13ed,175,1960-07-05T14:55:00+00:00,Imported Channel 1,107,ft^3/s,60.0,ft,78.3,ft^2,1.37,ft/s,,,Unspecified,Unspecified,Unspecified,Unspecified,Unspecified,Unknown,Wading,2026-06-28T02:09:53.109613+00:00,point_velocity,Unspecified
05463000,POINT (-92.6182777777778 42.572),e2536f95-f2d2-4c1a-ab15-a10bd15eb35f,USGS-05463000,4e65628f-fb0e-c78a-e053-0100007f94fa,683,2009-10-19T15:10:00+00:00,Imported Channel 1,191,ft^3/s,180,ft,304,ft^2,0.63,ft/s,,,Firm,Sand,Even,Even,Unspecified,Unknown,Wading,2026-06-28T02:09:53.109613+00:00,point_velocity,AtTheGage
05463000,POINT (-92.6182777777778 42.572),e2696a17-a058-4016-885c-adf0a359bc46,USGS-05463000,79ff3d25-2b29-a91b-e053-0100007fa86b,756,2018-11-05T19:22:56+00:00,Qm 756,1060,ft^3/s,195,ft,727,ft^2,1.46,ft/s,,ft,Soft,SiltMud,Even,Unspecified,Standard,Pulsating,BridgeDownstreamSide,2026-06-28T02:09:53.109613+00:00,adcp,Unspecified
05463000,POINT (-92.6182777777778 42.572),e3cd3cc0-9677-4c7c-84be-4862e7c9f9ba,USGS-05463000,4e654e7d-1cd7-bd93-e053-0100007ff562,325,1970-10-05T21:20:00+00:00,Imported Channel 1,29.9,ft^3/s,32.0,ft,26.7,ft^2,1.12,ft/s,,,Unspecified,Unspecified,Unspecified,Unspecified,Unspecified,Unknown,Wading,2026-06-28T02:09:53.109613+00:00,point_velocity,Unspecified
05463000,POINT (-92.6182777777778 42.572),e3ea9ede-1456-4ca7-9f44-c1ae5470f8a4,USGS-05463000,4e6536bf-4293-b1c1-e053-0100007f6f43,264,1966-07-07T13:15:00+00:00,Imported Channel 1,117,ft^3/s,39.0,ft,65.8,ft^2,1.78,ft/s,,,Unspecified,Unspecified,Unspecified,Unspecified,Unspecified,Unknown,Wading,2026-06-28T02:09:53.109613+00:00,point_velocity,Unspecified
05463000,POINT (-92.6182777777778 42.572),e3ee0eb0-94f9-4c1e-8836-18d31a247fef,USGS-05463000,4e6543c0-3f5a-b8df-e053-0100007ff56e,109,1955-10-03T23:40:00+00:00,Imported Channel 1,8.42,ft^3/s,23.0,ft,7.58,ft^2,1.11,ft/s,,,Unspecified,Unspecified,Unspecified,Unspecified,Unspecified,Unknown,Wading,2026-06-28T02:09:53.109613+00:00,point_velocity,Unspecified
05463000,POINT (-92.6182777777778 42.572),e429e570-1528-4738-938a-d34f0205cebb,USGS-05463000,4e6546df-643b-ba29-e053-0100007f9a75,466,1985-06-17T05:00:00+00:00,Imported Channel 1,128,ft^3/s,48.0,ft,77.5,ft^2,1.65,ft/s,,,Unspecified,Unspecified,Unspecified,Unspecified,Unspecified,Unknown,Wading,2026-06-28T02:09:53.109613+00:00,point_velocity,Unspecified
05463000,POINT (-92.6182777777778 42.572),e42cfd8a-d151-4e37-943c-7632067c30fa,USGS-05463000,4e656c61-e855-cb56-e053-0100007fa58c,664,2007-03-20T18:14:00+00:00,Imported Channel 1,625,ft^3/s,182,ft,494,ft^2,1.27,ft/s,,ft,Unspecified,Unspecified,Unspecified,Unspecified,Unspecified,Unknown,Unspecified,2026-06-28T02:09:53.109613+00:00,adcp,Unspecified
05463000,POINT (-92.6182777777778 42.572),e4367ee3-8e86-4a7f-a518-58490ddf4920,USGS-05463000,4e653472-0ccd-b0d1-e053-0100007ff18f,186,1961-03-03T20:50:00+00:00,Imported Channel 1,238,ft^3/s,69.0,ft,145,ft^2,1.64,ft/s,,,Unspecified,Unspecified,Unspecified,Unspecified,Unspecified,Unknown,Wading,2026-06-28T02:09:53.109613+00:00,point_velocity,Unspecified
05463000,POINT (-92.6182777777778 42.572),e4d0a64e-599d-4e36-bb0b-308ef6c4acf4,USGS-05463000,4e653bbc-1f66-b2dd-e053-0100007f722f,275,1967-05-17T14:25:00+00:00,Imported Channel 1,67.4,ft^3/s,56.0,ft,53.9,ft^2,1.25,ft/s,,,Unspecified,Unspecified,Unspecified,Unspecified,Unspecified,Unknown,Wading,2026-06-28T02:09:53.109613+00:00,point_velocity,Unspecified
05463000,POINT (-92.6182777777778 42.572),e50ca37a-bcf2-49d0-8ddd-769caa945900,USGS-05463000,4e653c38-3f34-b4f6-e053-0100007f45ca,177,1960-09-12T20:30:00+00:00,Imported Channel 1,51.3,ft^3/s,51.0,ft,38.9,ft^2,1.32,ft/s,,,Unspecified,Unspecified,Unspecified,Unspecified,Unspecified,Unknown,Wading,2026-06-28T02:09:53.109613+00:00,point_velocity,Unspecified
05463000,POINT (-92.6182777777778 42.572),e50dafdb-e2d9-450a-ad6f-55446075b948,USGS-05463000,4e655202-017a-bf55-e053-0100007f57fd,342,1972-04-04T21:30:00+00:00,Imported Channel 1,91.0,ft^3/s,50.0,ft,66.2,ft^2,1.38,ft/s,,,Unspecified,Unspecified,Unspecified,Unspecified,Unspecified,Unknown,Wading,2026-06-28T02:09:53.109613+00:00,point_velocity,Unspecified
05463000,POINT (-92.6182777777778 42.572),e5e6c1a1-3441-4607-9f54-9e1962a7ee20,USGS-05463000,4e6559e1-930b-c2e1-e053-0100007fb355,499,1988-11-09T14:45:00+00:00,Imported Channel 1,10.1,ft^3/s,27.0,ft,15.6,ft^2,0.65,ft/s,,,Unspecified,Unspecified,Unspecified,Unspecified,Unspecified,Unknown,Wading,2026-06-28T02:09:53.109613+00:00,point_velocity,Unspecified
05463000,POINT (-92.6182777777778 42.572),e6302943-7d61-421f-af28-ad655cd55560,USGS-05463000,4e653a58-7d0c-b3b1-e053-0100007f1db0,20,1948-06-28T22:10:00+00:00,Imported Channel 1,1370,ft^3/s,234,ft,1630,ft^2,0.84,ft/s,,,Unspecified,Unspecified,Unspecified,Unspecified,Unspecified,Unknown,BridgeCrane,2026-06-28T02:09:53.109613+00:00,point_velocity,Unspecified
05463000,POINT (-92.6182777777778 42.572),e643a634-188c-4493-928e-61f9ec894658,USGS-05463000,4e655c03-c7cd-c4d3-e053-0100007f913a,618,2002-01-22T16:45:00+00:00,Imported Channel 1,50.2,ft^3/s,59.0,ft,60.0,ft^2,0.84,ft/s,,,Unspecified,Unspecified,Unspecified,Unspecified,Unspecified,Unknown,Wading,2026-06-28T02:09:53.109613+00:00,point_velocity,Unspecified
05463000,POINT (-92.6182777777778 42.572),e6cc9a67-beb7-4b7f-97df-510c92282210,USGS-05463000,4e656f40-3244-ce82-e053-0100007f86a1,689,2010-07-19T20:54:00+00:00,Main channel,301,ft^3/s,114,ft,207,ft^2,1.46,ft/s,15.00,ft,Firm,Sand,Uneven,Even,Unspecified,Unknown,Wading,2026-06-28T02:09:53.109613+00:00,point_velocity,Downstream
05463000,POINT (-92.6182777777778 42.572),e78218a3-fe0e-4947-944c-b583034eeac6,USGS-05463000,6a9863e7-27db-e0d5-e053-0100007f4448,750,2018-04-23T18:32:06+00:00,main check qm,514,ft^3/s,191,ft,391,ft^2,1.32,ft/s,30.00,ft,Firm,Sand,Even,Even,Standard,Steady,BridgeUpstreamSide,2026-06-28T02:09:53.109613+00:00,adcp,Upstream
05463000,POINT (-92.6182777777778 42.572),e7a51e29-8b8a-408b-a8c9-2b9d83b70684,USGS-05463000,4e654f90-f99d-bd9b-e053-0100007fa050,305,1969-04-25T13:10:00+00:00,Imported Channel 1,281,ft^3/s,65.0,ft,161,ft^2,1.75,ft/s,,,Unspecified,Unspecified,Unspecified,Unspecified,Unspecified,Unknown,Wading,2026-06-28T02:09:53.109613+00:00,point_velocity,Unspecified
05463000,POINT (-92.6182777777778 42.572),e8996d32-c784-4306-beb9-cfe5c22c1cd4,USGS-05463000,4e654e36-048c-bd14-e053-0100007fa67f,341,1972-02-23T16:45:00+00:00,Imported Channel 1,15.3,ft^3/s,37.0,ft,30.0,ft^2,0.51,ft/s,,,Unspecified,Unspecified,Unspecified,Unspecified,Unspecified,Unknown,Ice,2026-06-28T02:09:53.109613+00:00,point_velocity,Unspecified
05463000,POINT (-92.6182777777778 42.572),e8b9ba0b-9a5c-451b-9375-7903b9ba8c81,USGS-05463000,4e653470-2ea6-b0de-e053-0100007fac39,271,1967-02-09T17:40:00+00:00,Imported Channel 1,39.9,ft^3/s,66.0,ft,44.0,ft^2,0.91,ft/s,,,Unspecified,Unspecified,Unspecified,Unspecified,Unspecified,Unknown,Ice,2026-06-28T02:09:53.109613+00:00,point_velocity,Unspecified
05463000,POINT (-92.6182777777778 42.572),e90a8cba-80d8-48be-954d-7a2d9e198eb3,USGS-05463000,4e654e7d-1cd4-bd93-e053-0100007ff562,299,1968-12-30T17:30:00+00:00,Imported Channel 1,94.3,ft^3/s,63.0,ft,10.3,ft^2,0.92,ft/s,,,Unspecified,Unspecified,Unspecified,Unspecified,Unspecified,Unknown,Ice,2026-06-28T02:09:53.109613+00:00,point_velocity,Unspecified
05463000,POINT (-92.6182777777778 42.572),e92feee1-2e7b-4955-8ad7-f82d3e5af021,USGS-05463000,619fba62-3929-44ba-98fd-2c147a347df0,790,2024-01-03T15:22:41+00:00,Main Channel,16.7,ft^3/s,31.0,ft,17.1,ft^2,0.98,ft/s,60.00,ft,Soft,SiltMud,Uneven,Uneven,Standard,Steady,Wading,2026-06-28T02:09:53.109613+00:00,point_velocity,Upstream
05463000,POINT (-92.6182777777778 42.572),e9417e3a-4afb-4600-8f8e-8ee0a686d7ef,USGS-05463000,4e65319c-7705-af90-e053-0100007f04f6,290,1968-07-17T17:00:00+00:00,Imported Channel 1,6.03,ft^3/s,221,ft,819,ft^2,0.74,ft/s,,,Unspecified,Unspecified,Unspecified,Unspecified,Unspecified,Unknown,BridgeCrane,2026-06-28T02:09:53.109613+00:00,point_velocity,Unspecified
05463000,POINT (-92.6182777777778 42.572),e9d7f8a6-4e91-49a8-98a0-1b5d3fd5ece1,USGS-05463000,4e65552a-2f6e-c14c-e053-0100007fbee6,478,1986-09-17T05:00:00+00:00,Imported Channel 1,81.8,ft^3/s,68.0,ft,67.7,ft^2,1.20,ft/s,,,Unspecified,Unspecified,Unspecified,Unspecified,Unspecified,Unknown,Wading,2026-06-28T02:09:53.109613+00:00,point_velocity,Unspecified
05463000,POINT (-92.6182777777778 42.572),eafca0a4-f982-47b4-bf69-dfb474f0cb81,USGS-05463000,4e654baf-aa3f-bc41-e053-0100007f23d7,352,1973-07-11T15:40:00+00:00,Imported Channel 1,420,ft^3/s,109,ft,227,ft^2,1.85,ft/s,,,Unspecified,Unspecified,Unspecified,Unspecified,Unspecified,Unknown,BridgeCrane,2026-06-28T02:09:53.109613+00:00,point_velocity,Unspecified
05463000,POINT (-92.6182777777778 42.572),eb0703ee-c527-414b-9559-3cd2cf205e04,USGS-05463000,4e6569b6-61e6-cb52-e053-0100007fc285,644,2004-10-06T15:50:00+00:00,Imported Channel 1,58.7,ft^3/s,58.0,ft,51.8,ft^2,1.13,ft/s,,,Unspecified,Unspecified,Unspecified,Unspecified,Unspecified,Unknown,Wading,2026-06-28T02:09:53.109613+00:00,point_velocity,Unspecified
05463000,POINT (-92.6182777777778 42.572),eb5bd548-76c2-4473-b973-b45cb14f04b8,USGS-05463000,24e845f8-72d2-4528-942d-53f456a58daa,781,2022-09-29T19:54:50+00:00,Main,35.5,ft^3/s,53.0,ft,31.0,ft^2,1.14,ft/s,100.00,ft,Soft,Sand,Even,Even,Standard,Pulsating,Wading,2026-06-28T02:09:53.109613+00:00,point_velocity,Upstream
05463000,POINT (-92.6182777777778 42.572),ebf62c1f-e95f-4acb-851f-20f566fd389f,USGS-05463000,4e6543ca-9081-b866-e053-0100007fc6fc,337,1971-10-21T17:35:00+00:00,Imported Channel 1,25.2,ft^3/s,31.0,ft,24.6,ft^2,1.02,ft/s,,,Unspecified,Unspecified,Unspecified,Unspecified,Unspecified,Unknown,Wading,2026-06-28T02:09:53.109613+00:00,point_velocity,Unspecified
05463000,POINT (-92.6182777777778 42.572),ebf7d708-1b3b-4a53-8123-424f8044fbd2,USGS-05463000,4e65583a-5dbd-c2f1-e053-0100007fb8d8,532,1992-07-08T16:50:00+00:00,Imported Channel 1,198,ft^3/s,88.0,ft,129,ft^2,1.53,ft/s,,,Unspecified,Unspecified,Unspecified,Unspecified,Unspecified,Unknown,Wading,2026-06-28T02:09:53.109613+00:00,point_velocity,Unspecified
05463000,POINT (-92.6182777777778 42.572),ec20e924-5718-4de6-95b5-39ff5ff64dc2,USGS-05463000,4e6551b5-d185-bf57-e053-0100007f3c2d,562,1996-05-06T19:45:00+00:00,Imported Channel 1,118,ft^3/s,79.0,ft,86.7,ft^2,1.36,ft/s,,,Unspecified,Unspecified,Unspecified,Unspecified,Unspecified,Unknown,Wading,2026-06-28T02:09:53.109613+00:00,point_velocity,Unspecified
05463000,POINT (-92.6182777777778 42.572),ecb670ae-1dc5-4fc5-8f10-a73aeda9a55d,USGS-05463000,4e656a32-8d5e-cc47-e053-0100007feb7d,733,2016-04-04T18:47:19+00:00,main,436,ft^3/s,88.7,ft,221,ft^2,1.97,ft/s,150.00,ft,Soft,Sand,Even,Even,Standard,Unknown,Cableway,2026-06-28T02:09:53.109613+00:00,adcp,Downstream
05463000,POINT (-92.6182777777778 42.572),ed11b84e-c465-4395-8025-17ee1efadbad,USGS-05463000,4e653fb5-60b3-b695-e053-0100007f63f7,83,1953-09-21T19:00:00+00:00,Imported Channel 1,18.7,ft^3/s,27.0,ft,24.8,ft^2,0.75,ft/s,,,Unspecified,Unspecified,Unspecified,Unspecified,Unspecified,Unknown,Wading,2026-06-28T02:09:53.109613+00:00,point_velocity,Unspecified
05463000,POINT (-92.6182777777778 42.572),ed84c5d8-31e4-4f03-8cc5-8d8ed5344c14,USGS-05463000,4e6559e1-9306-c2e1-e053-0100007fb355,461,1984-12-11T06:00:00+00:00,Imported Channel 1,63.6,ft^3/s,36.0,ft,52.1,ft^2,1.22,ft/s,,,Unspecified,Unspecified,Unspecified,Unspecified,Unspecified,Unknown,Ice,2026-06-28T02:09:53.109613+00:00,point_velocity,Unspecified
05463000,POINT (-92.6182777777778 42.572),edb22b67-cfc1-44ce-9aef-baa9ed237ad1,USGS-05463000,4e656536-5a6d-c92a-e053-0100007f244e,590,1999-05-03T16:25:00+00:00,Imported Channel 1,412,ft^3/s,183,ft,336,ft^2,1.23,ft/s,,,Unspecified,Unspecified,Unspecified,Unspecified,Unspecified,Unknown,Wading,2026-06-28T02:09:53.109613+00:00,point_velocity,Unspecified
05463000,POINT (-92.6182777777778 42.572),ee1d4e01-2270-45ee-b42a-0eea5de8b578,USGS-05463000,4e6554fe-6fa6-c0ef-e053-0100007fa61d,522,1991-04-25T15:35:00+00:00,Imported Channel 1,688,ft^3/s,218,ft,636,ft^2,1.08,ft/s,,,Unspecified,Unspecified,Unspecified,Unspecified,Unspecified,Unknown,BridgeCrane,2026-06-28T02:09:53.109613+00:00,point_velocity,Unspecified
05463000,POINT (-92.6182777777778 42.572),ee89980b-70d7-49d6-a32d-72d1baf0895e,USGS-05463000,4e65628f-fb1b-c78a-e053-0100007f94fa,732,2016-02-22T17:55:14+00:00,Main,1770,ft^3/s,221,ft,1130,ft^2,1.57,ft/s,5.00,ft,Soft,Sand,Even,Even,Standard,Unknown,BridgeDownstreamSide,2026-06-28T02:09:53.109613+00:00,adcp,Downstream
05463000,POINT (-92.6182777777778 42.572),efabe1fc-cd5d-42d4-bf17-dff601e08253,USGS-05463000,4e65432f-6671-b838-e053-0100007f6a61,345,1972-08-09T20:00:00+00:00,Imported Channel 1,459,ft^3/s,236,ft,485,ft^2,0.95,ft/s,,,Unspecified,Unspecified,Unspecified,Unspecified,Unspecified,Unknown,BridgeCrane,2026-06-28T02:09:53.109613+00:00,point_velocity,Unspecified
05463000,POINT (-92.6182777777778 42.572),efcef8e7-386b-4a46-a646-a9a6fab834d5,USGS-05463000,4e656713-bda5-c7e8-e053-0100007f8f1c,610,2001-03-21T14:15:00+00:00,Imported Channel 1,1870,ft^3/s,246,ft,1400,ft^2,1.34,ft/s,,,Unspecified,Unspecified,Unspecified,Unspecified,Unspecified,Unknown,BridgeCrane,2026-06-28T02:09:53.109613+00:00,point_velocity,Unspecified
05463000,POINT (-92.6182777777778 42.572),efd0b098-8873-46ae-982b-64266edc57bb,USGS-05463000,4e655934-f2fe-c381-e053-0100007f0ece,450,1983-05-19T21:30:00+00:00,Imported Channel 1,5110,ft^3/s,233,ft,164,ft^2,3.12,ft/s,,,Unspecified,Unspecified,Unspecified,Unspecified,Unspecified,Unknown,BridgeCrane,2026-06-28T02:09:53.109613+00:00,point_velocity,Unspecified
05463000,POINT (-92.6182777777778 42.572),f05a3323-284b-46f8-81f4-842918db2bed,USGS-05463000,4e654074-6b1f-b48a-e053-0100007f92b0,221,1963-10-01T21:15:00+00:00,Imported Channel 1,24.2,ft^3/s,24.0,ft,21.8,ft^2,1.11,ft/s,,,Unspecified,Unspecified,Unspecified,Unspecified,Unspecified,Unknown,Wading,2026-06-28T02:09:53.109613+00:00,point_velocity,Unspecified
05463000,POINT (-92.6182777777778 42.572),f11ee5b4-1c1e-4878-a807-196a0e0f6ac5,USGS-05463000,4e654045-6e15-b671-e053-0100007faac9,455,1984-01-03T19:15:00+00:00,Imported Channel 1,130,ft^3/s,75.0,ft,96.8,ft^2,1.34,ft/s,,,Unspecified,Unspecified,Unspecified,Unspecified,Unspecified,Unknown,Ice,2026-06-28T02:09:53.109613+00:00,point_velocity,Unspecified
05463000,POINT (-92.6182777777778 42.572),f158fece-4ddb-491b-ae5a-a4439250a31e,USGS-05463000,4e6535d7-aabe-b13a-e053-0100007f25bb,147,1958-08-04T19:15:00+00:00,Imported Channel 1,69.7,ft^3/s,40.0,ft,61.0,ft^2,1.14,ft/s,,,Unspecified,Unspecified,Unspecified,Unspecified,Unspecified,Unknown,Wading,2026-06-28T02:09:53.109613+00:00,point_velocity,Unspecified
05463000,POINT (-92.6182777777778 42.572),f1a68c96-1bdb-4eaa-b297-069c8d1e171c,USGS-05463000,4e654dfc-861b-bd22-e053-0100007f3b34,519,1990-12-27T22:40:00+00:00,Imported Channel 1,60.1,ft^3/s,60.0,ft,50.4,ft^2,1.19,ft/s,,,Unspecified,Unspecified,Unspecified,Unspecified,Unspecified,Unknown,Ice,2026-06-28T02:09:53.109613+00:00,point_velocity,Unspecified
05463000,POINT (-92.6182777777778 42.572),f1d963af-430f-499e-b530-f8bbc2e2c449,USGS-05463000,4e653472-0cf4-b0d1-e053-0100007ff18f,326,1970-11-13T20:50:00+00:00,Imported Channel 1,145,ft^3/s,72.0,ft,98.3,ft^2,1.48,ft/s,,,Unspecified,Unspecified,Unspecified,Unspecified,Unspecified,Unknown,Wading,2026-06-28T02:09:53.109613+00:00,point_velocity,Unspecified
05463000,POINT (-92.6182777777778 42.572),f21b5692-60d5-47da-bff4-920f856ae340,USGS-05463000,4e655c37-5e11-c4cf-e053-0100007f41a0,660,2006-09-13T18:50:00+00:00,Imported Channel 1,1920,ft^3/s,228,ft,1090,ft^2,1.76,ft/s,,ft,Unspecified,Unspecified,Unspecified,Unspecified,Unspecified,Unknown,Unspecified,2026-06-28T02:09:53.109613+00:00,adcp,Unspecified
05463000,POINT (-92.6182777777778 42.572),f375319a-ae13-450c-b837-ee2a811af2cc,USGS-05463000,4e654995-2df5-bae6-e053-0100007f4ee4,334,1971-07-29T19:00:00+00:00,Imported Channel 1,60.0,ft^3/s,59.0,ft,49.1,ft^2,1.22,ft/s,,,Unspecified,Unspecified,Unspecified,Unspecified,Unspecified,Unknown,Wading,2026-06-28T02:09:53.109613+00:00,point_velocity,Unspecified
05463000,POINT (-92.6182777777778 42.572),f3933e90-ff6a-44ac-9606-f4d37fc1c029,USGS-05463000,4e65358e-6737-b12c-e053-0100007f3e12,19,1948-06-10T17:30:00+00:00,Imported Channel 1,47.9,ft^3/s,50.0,ft,35.0,ft^2,1.37,ft/s,,,Unspecified,Unspecified,Unspecified,Unspecified,Unspecified,Unknown,Wading,2026-06-28T02:09:53.109613+00:00,point_velocity,Unspecified
05463000,POINT (-92.6182777777778 42.572),f3b8f3a3-39c8-499d-ad1b-fc51159859da,USGS-05463000,4e652a0b-bfd7-abb6-e053-0100007fe940,55,1951-04-24T17:10:00+00:00,Imported Channel 1,378,ft^3/s,223,ft,966,ft^2,0.39,ft/s,,,Unspecified,Unspecified,Unspecified,Unspecified,Unspecified,Unknown,BridgeCrane,2026-06-28T02:09:53.109613+00:00,point_velocity,Unspecified
05463000,POINT (-92.6182777777778 42.572),f43600ad-e883-4e01-97c7-6034f6a45949,USGS-05463000,4e65434a-070c-b84a-e053-0100007f4e03,462,1985-01-03T06:00:00+00:00,Imported Channel 1,144,ft^3/s,72.0,ft,103,ft^2,1.40,ft/s,,,Unspecified,Unspecified,Unspecified,Unspecified,Unspecified,Unknown,Ice,2026-06-28T02:09:53.109613+00:00,point_velocity,Unspecified
05463000,POINT (-92.6182777777778 42.572),f45915c2-5da1-4ddc-809b-ddfc45e5f957,USGS-05463000,4e652324-b943-a869-e053-0100007fef36,88,1954-02-01T19:40:00+00:00,Imported Channel 1,6.38,ft^3/s,44.0,ft,16.0,ft^2,0.40,ft/s,,,Unspecified,Unspecified,Unspecified,Unspecified,Unspecified,Unknown,Wading,2026-06-28T02:09:53.109613+00:00,point_velocity,Unspecified
05463000,POINT (-92.6182777777778 42.572),f4a13c66-5c49-4aa3-bca3-48b9e14618ac,USGS-05463000,4e654767-2eb9-ba5d-e053-0100007f13b4,415,1979-06-26T12:40:00+00:00,Imported Channel 1,300,ft^3/s,70.0,ft,166,ft^2,1.81,ft/s,,,Unspecified,Unspecified,Unspecified,Unspecified,Unspecified,Unknown,Wading,2026-06-28T02:09:53.109613+00:00,point_velocity,Unspecified
05463000,POINT (-92.6182777777778 42.572),f4da3cce-67fa-4fe5-91ef-f1b90dc97033,USGS-05463000,4e6538d4-d985-b2bf-e053-0100007fe5ec,41,1950-06-10T18:00:00+00:00,Imported Channel 1,3240,ft^3/s,235,ft,1830,ft^2,1.78,ft/s,,,Unspecified,Unspecified,Unspecified,Unspecified,Unspecified,Unknown,BridgeCrane,2026-06-28T02:09:53.109613+00:00,point_velocity,Unspecified
05463000,POINT (-92.6182777777778 42.572),f52e53cd-624c-458f-9b47-87dcbe269707,USGS-05463000,4e655c32-a87b-c4ad-e053-0100007f8b15,608,2000-12-14T15:30:00+00:00,Imported Channel 1,22.1,ft^3/s,42.0,ft,21.4,ft^2,1.03,ft/s,,,Unspecified,Unspecified,Unspecified,Unspecified,Unspecified,Unknown,Ice,2026-06-28T02:09:53.109613+00:00,point_velocity,Unspecified
05463000,POINT (-92.6182777777778 42.572),f64ee858-3c1d-469a-9c36-e9f50218df9b,USGS-05463000,4e656dfd-e0d2-cdf5-e053-0100007fa780,692,2010-10-18T21:52:00+00:00,Imported Channel 1,133,ft^3/s,54.0,ft,93.0,ft^2,1.44,ft/s,150.00,ft,Firm,Sand,Even,Even,Unspecified,Unknown,Wading,2026-06-28T02:09:53.109613+00:00,point_velocity,Downstream
05463000,POINT (-92.6182777777778 42.572),f6b93a31-0363-4d0b-b97e-162482be192e,USGS-05463000,4e6535e8-3e86-b0e0-e053-0100007ff514,85,1953-11-02T20:45:00+00:00,Imported Channel 1,19.0,ft^3/s,44.0,ft,29.8,ft^2,0.65,ft/s,,,Unspecified,Unspecified,Unspecified,Unspecified,Unspecified,Unknown,Wading,2026-06-28T02:09:53.109613+00:00,point_velocity,Unspecified
05463000,POINT (-92.6182777777778 42.572),f6cd7583-2531-49eb-9988-35af28ed4e89,USGS-05463000,4e653472-0d26-b0d1-e053-0100007ff18f,480,1987-01-13T18:40:00+00:00,Imported Channel 1,141,ft^3/s,75.0,ft,101,ft^2,1.40,ft/s,,,Unspecified,Unspecified,Unspecified,Unspecified,Unspecified,Unknown,Wading,2026-06-28T02:09:53.109613+00:00,point_velocity,Unspecified
05463000,POINT (-92.6182777777778 42.572),f73de922-84d7-4f73-86fa-3b1f01ab7eeb,USGS-05463000,4e654045-6de3-b671-e053-0100007faac9,129,1957-05-31T19:00:00+00:00,Imported Channel 1,1070,ft^3/s,231,ft,1270,ft^2,0.84,ft/s,,,Unspecified,Unspecified,Unspecified,Unspecified,Unspecified,Unknown,BridgeCrane,2026-06-28T02:09:53.109613+00:00,point_velocity,Unspecified
05463000,POINT (-92.6182777777778 42.572),f7a42d42-f9a7-4f9a-9bed-209042289048,USGS-05463000,4e653fbc-a57c-b662-e053-0100007f27ba,620,2002-04-01T16:30:00+00:00,Imported Channel 1,79.8,ft^3/s,69.0,ft,55.2,ft^2,1.45,ft/s,,,Unspecified,Unspecified,Unspecified,Unspecified,Unspecified,Unknown,Wading,2026-06-28T02:09:53.109613+00:00,point_velocity,Unspecified
05463000,POINT (-92.6182777777778 42.572),f7c53960-a266-4b95-800c-1502fd79fb72,USGS-05463000,4e654e2f-2f12-bd5b-e053-0100007f5551,623,2002-08-07T16:05:00+00:00,Imported Channel 1,146,ft^3/s,72.0,ft,108,ft^2,1.35,ft/s,,,Unspecified,Unspecified,Unspecified,Unspecified,Unspecified,Unknown,Wading,2026-06-28T02:09:53.109613+00:00,point_velocity,Unspecified
05463000,POINT (-92.6182777777778 42.572),f7d76b4a-945d-4ad6-a383-2efd76df4880,USGS-05463000,53b35e3e-ef30-422c-8a56-77a1a7f23539,783,2022-11-23T17:04:12+00:00,Main,50.3,ft^3/s,49.0,ft,38.5,ft^2,1.31,ft/s,75.00,ft,Soft,Sand,Even,Even,Standard,Pulsating,Wading,2026-06-28T02:09:53.109613+00:00,point_velocity,Upstream
05463000,POINT (-92.6182777777778 42.572),f7dfa095-1b7b-45b9-8e1c-fcf80784b292,USGS-05463000,4e653523-6360-b140-e053-0100007f723e,200,1962-04-02T20:10:00+00:00,Imported Channel 1,833,ft^3/s,231,ft,1190,ft^2,0.70,ft/s,,,Unspecified,Unspecified,Unspecified,Unspecified,Unspecified,Unknown,BridgeCrane,2026-06-28T02:09:53.109613+00:00,point_velocity,Unspecified
05463000,POINT (-92.6182777777778 42.572),f8fcc194-598f-44f9-95df-4987bc84a924,USGS-05463000,4e655fa2-0e22-c4ed-e053-0100007f5186,565,1996-09-10T20:40:00+00:00,Imported Channel 1,32.9,ft^3/s,34.0,ft,33.4,ft^2,0.98,ft/s,,,Unspecified,Unspecified,Unspecified,Unspecified,Unspecified,Unknown,Wading,2026-06-28T02:09:53.109613+00:00,point_velocity,Unspecified
05463000,POINT (-92.6182777777778 42.572),f91d7d74-e0c9-4d88-84e7-4192eb8b87ea,USGS-05463000,4e655a38-e16a-c3c0-e053-0100007fb6b2,552,1995-01-11T20:15:00+00:00,Imported Channel 1,125,ft^3/s,84.0,ft,102,ft^2,1.23,ft/s,,,Unspecified,Unspecified,Unspecified,Unspecified,Unspecified,Unknown,Ice,2026-06-28T02:09:53.109613+00:00,point_velocity,Unspecified
05463000,POINT (-92.6182777777778 42.572),f9ef8aa0-37b6-4cc2-8eb3-c91c108d8770,USGS-05463000,4e652a0b-bfde-abb6-e053-0100007fe940,136,1957-11-04T18:05:00+00:00,Imported Channel 1,25.8,ft^3/s,36.0,ft,25.4,ft^2,1.02,ft/s,,,Unspecified,Unspecified,Unspecified,Unspecified,Unspecified,Unknown,Wading,2026-06-28T02:09:53.109613+00:00,point_velocity,Unspecified
05463000,POINT (-92.6182777777778 42.572),fa17560f-0e1e-427d-a775-c37a721a5927,USGS-05463000,4e6542b8-d67c-b646-e053-0100007fe67b,247,1965-04-20T21:00:00+00:00,Imported Channel 1,206,ft^3/s,61.0,ft,124,ft^2,1.66,ft/s,,,Unspecified,Unspecified,Unspecified,Unspecified,Unspecified,Unknown,Wading,2026-06-28T02:09:53.109613+00:00,point_velocity,Unspecified
05463000,POINT (-92.6182777777778 42.572),fb73bee2-2e2d-44fd-9be2-84d2a8ad31a9,USGS-05463000,4e653f7c-5de8-b64a-e053-0100007f79f3,577,1997-10-15T16:50:00+00:00,Imported Channel 1,199,ft^3/s,78.0,ft,205,ft^2,1.03,ft/s,,,Unspecified,Unspecified,Unspecified,Unspecified,Unspecified,Unknown,Wading,2026-06-28T02:09:53.109613+00:00,point_velocity,Unspecified
05463000,POINT (-92.6182777777778 42.572),fb7b8114-1207-4092-88ab-1e90dc38d96c,USGS-05463000,a4e5cb55-457c-4052-b0c9-b7554fe6432f,769,2020-11-18T16:11:37+00:00,Main,56.4,ft^3/s,65.0,ft,52.4,ft^2,1.08,ft/s,300.00,ft,Firm,Sand,Uneven,Uneven,Unknown,Steady,Wading,2026-06-28T02:09:53.109613+00:00,point_velocity,Downstream
05463000,POINT (-92.6182777777778 42.572),fc073eab-0e27-49b1-97b1-605241251945,USGS-05463000,4e653d01-ed16-b28b-e053-0100007f13ed,9,1947-02-25T17:10:00+00:00,Imported Channel 1,82.9,ft^3/s,59.0,ft,78.4,ft^2,1.03,ft/s,,,Unspecified,Unspecified,Unspecified,Unspecified,Unspecified,Unknown,Ice,2026-06-28T02:09:53.109613+00:00,point_velocity,Unspecified
05463000,POINT (-92.6182777777778 42.572),fc6fe31a-9eac-4e94-8971-469f3e6dc9bf,USGS-05463000,4e653ffc-6f6e-b697-e053-0100007f7944,52,1951-02-26T23:50:00+00:00,Imported Channel 1,7240,ft^3/s,234,ft,2240,ft^2,3.23,ft/s,,,Unspecified,Unspecified,Unspecified,Unspecified,Unspecified,Unknown,BridgeCrane,2026-06-28T02:09:53.109613+00:00,point_velocity,Unspecified
05463000,POINT (-92.6182777777778 42.572),fc8fd477-fea4-431e-abe7-00e70d19ed55,USGS-05463000,4e656e75-7f1f-cdb9-e053-0100007f5b9f,705,2012-06-11T20:34:00+00:00,Imported Channel 1,154,ft^3/s,58.0,ft,107,ft^2,1.43,ft/s,250.00,ft,Firm,Sand,Even,Even,Uniform,Unknown,Wading,2026-06-28T02:09:53.109613+00:00,point_velocity,Upstream
05463000,POINT (-92.6182777777778 42.572),fd080071-abb5-429f-9c2f-444864c326ab,USGS-05463000,4e6547f1-5a3c-ba81-e053-0100007f2798,188,1961-07-10T21:10:00+00:00,Imported Channel 1,53.6,ft^3/s,48.0,ft,37.7,ft^2,1.42,ft/s,,,Unspecified,Unspecified,Unspecified,Unspecified,Unspecified,Unknown,Wading,2026-06-28T02:09:53.109613+00:00,point_velocity,Unspecified
05463000,POINT (-92.6182777777778 42.572),fe2184b9-26e9-41c7-bef7-9512ebc44dce,USGS-05463000,4e655202-01a5-bf55-e053-0100007f57fd,585,1998-09-08T16:25:00+00:00,Imported Channel 1,59.4,ft^3/s,36.0,ft,51.6,ft^2,1.15,ft/s,,,Unspecified,Unspecified,Unspecified,Unspecified,Unspecified,Unknown,Wading,2026-06-28T02:09:53.109613+00:00,point_velocity,Unspecified
05463000,POINT (-92.6182777777778 42.572),fe4d157d-be28-4a5d-ab4d-ae90d1042f92,USGS-05463000,89a9ecd8-5ed3-40ff-82ce-107329515b87,784,2023-01-19T16:03:43+00:00,Main,226,ft^3/s,97.3,ft,180,ft^2,1.25,ft/s,0.00,ft,Soft,Sand,Uneven,Uneven,Unknown,Steady,BridgeDownstreamSide,2026-06-28T02:09:53.109613+00:00,adcp,AtTheGage
05463000,POINT (-92.6182777777778 42.572),febae3bd-467d-4b65-84fd-015df9492b71,USGS-05463000,4e6535d7-aabd-b13a-e053-0100007f25bb,142,1958-05-07T16:15:00+00:00,Imported Channel 1,43.7,ft^3/s,38.0,ft,45.5,ft^2,0.96,ft/s,,,Unspecified,Unspecified,Unspecified,Unspecified,Unspecified,Unknown,Wading,2026-06-28T02:09:53.109613+00:00,point_velocity,Unspecified
05463000,POINT (-92.6182777777778 42.572),fed72e98-8a10-414d-9d36-9a82ef4dec29,USGS-05463000,4e6569b6-61e8-cb52-e053-0100007fc285,646,2004-12-14T15:20:00+00:00,Imported Channel 1,30.3,ft^3/s,65.0,ft,74.1,ft^2,0.41,ft/s,,,Unspecified,Unspecified,Unspecified,Unspecified,Unspecified,Unknown,Ice,2026-06-28T02:09:53.109613+00:00,point_velocity,Unspecified
05463000,POINT (-92.6182777777778 42.572),fee65e9f-92b7-4cf9-b6e1-98f1ef86b320,USGS-05463000,4e6559e1-932b-c2e1-e053-0100007fb355,685,2010-01-12T15:45:00+00:00,Imported Channel 1,176,ft^3/s,164,ft,142,ft^2,1.24,ft/s,25.00,ft,Unspecified,Sand,Unspecified,Even,Unspecified,Unknown,Ice,2026-06-28T02:09:53.109613+00:00,point_velocity,Downstream
05463000,POINT (-92.6182777777778 42.572),fef4eda5-dbc3-4a34-8c0c-6c1207f7b08b,USGS-05463000,4e655c3e-4a39-c4db-e053-0100007f558c,587,1998-11-30T17:20:00+00:00,Imported Channel 1,177,ft^3/s,66.0,ft,123,ft^2,1.44,ft/s,,,Unspecified,Unspecified,Unspecified,Unspecified,Unspecified,Unknown,Wading,2026-06-28T02:09:53.109613+00:00,point_velocity,Unspecified
05463000,POINT (-92.6182777777778 42.572),ff029453-776b-434a-b45c-f6cf30fe0d7c,USGS-05463000,ee63ca30-e3a9-490f-b219-572f1f283661,801,2025-07-28T17:15:24+00:00,New Hartford,683,ft^3/s,143,ft,378,ft^2,1.81,ft/s,0.00,ft,Soft,Sand,Uneven,Uneven,Standard,Pulsating,BridgeDownstreamSide,2026-06-28T02:09:53.109613+00:00,adcp,AtTheGage
05463000,POINT (-92.6182777777778 42.572),ff185900-6f5a-498e-a95b-36076027dbe6,USGS-05463000,4e653b4a-7996-b428-e053-0100007fe74f,32,1949-10-17T20:10:00+00:00,Imported Channel 1,13.0,ft^3/s,26.7,ft,14.1,ft^2,0.92,ft/s,,,Unspecified,Unspecified,Unspecified,Unspecified,Unspecified,Unknown,Wading,2026-06-28T02:09:53.109613+00:00,point_velocity,Unspecified
05463000,POINT (-92.6182777777778 42.572),ffcd17a5-df0e-41ba-86a1-9e1a3df9f480,USGS-05463000,4e653472-0d11-b0d1-e053-0100007ff18f,402,1978-05-16T12:55:00+00:00,Imported Channel 1,305,ft^3/s,66.0,ft,169,ft^2,1.80,ft/s,,,Unspecified,Unspecified,Unspecified,Unspecified,Unspecified,Unknown,Wading,2026-06-28T02:09:53.109613+00:00,point_velocity,Unspecified
