site_id,geometry,id,monitoring_location_id,field_visit_id,measurement_number,time,channel_name,channel_flow,channel_flow_unit,channel_width,channel_width_unit,channel_area,channel_area_unit,channel_velocity,channel_velocity_unit,channel_location_distance,channel_location_distance_unit,channel_stability,channel_material,channel_evenness,horizontal_velocity_description,vertical_velocity_description,longitudinal_velocity_description,measurement_type,last_modified,channel_measurement_type,channel_location_direction
05471000,POINT (-93.5959722222222 42.0082222222222),00d43f53-6922-4f24-83d9-f5a89a1fd841,USGS-05471000,55bed984-841f-46ae-9357-d596458c1aee,690,2022-06-29T17:14:25+00:00,Skunk Below,376,ft^3/s,97.0,ft,216,ft^2,1.74,ft/s,0.00,ft,Firm,Sand,Even,Even,Standard,Steady,BridgeDownstreamSide,2026-07-08T18:15:47.402049+00:00,adcp,AtTheGage
05471000,POINT (-93.5959722222222 42.0082222222222),00f6c8b3-b0c3-4d6a-82d2-78ccb2e20118,USGS-05471000,4e6587a9-1dbf-da5d-e053-0100007f6588,436,1994-11-03T15:30:00+00:00,Imported Channel 1,198,ft^3/s,119,ft,148,ft^2,1.34,ft/s,,,Unspecified,Unspecified,Unspecified,Unspecified,Unspecified,Unknown,Wading,2026-07-08T18:15:47.402049+00:00,point_velocity,Unspecified
05471000,POINT (-93.5959722222222 42.0082222222222),011fa85a-ee00-4046-a137-602460887e09,USGS-05471000,4e6587b1-9ad1-da55-e053-0100007fe6db,480,1999-05-10T20:25:00+00:00,Imported Channel 1,537,ft^3/s,153,ft,309,ft^2,1.74,ft/s,,,Unspecified,Unspecified,Unspecified,Unspecified,Unspecified,Unknown,Wading,2026-07-08T18:15:47.402049+00:00,point_velocity,Unspecified
05471000,POINT (-93.5959722222222 42.0082222222222),011fdcd9-64aa-48e4-96ae-6ef2dee4a702,USGS-05471000,4e6576e4-24a5-d229-e053-0100007f6c71,91,1959-02-18T18:05:00+00:00,Imported Channel 1,0.21,ft^3/s,2.60,ft,0.35,ft^2,0.60,ft/s,,,Unspecified,Unspecified,Unspecified,Unspecified,Unspecified,Unknown,Wading,2026-07-08T18:15:47.402049+00:00,point_velocity,Unspecified
05471000,POINT (-93.5959722222222 42.0082222222222),0150cd9b-2307-4daa-836b-4ddce40873ed,USGS-05471000,4e6592d3-6846-e006-e053-0100007f65f2,511,2003-02-26T22:40:00+00:00,Imported Channel 1,20.3,ft^3/s,72.0,ft,35.8,ft^2,0.57,ft/s,,,Unspecified,Unspecified,Unspecified,Unspecified,Unspecified,Unknown,Ice,2026-07-08T18:15:47.402049+00:00,point_velocity,Unspecified
05471000,POINT (-93.5959722222222 42.0082222222222),01849847-095d-4dc2-84fb-d1fa497e3fd4,USGS-05471000,4e6567e0-68f6-caef-e053-0100007fbe88,297,1971-08-13T18:15:00+00:00,Imported Channel 1,9.92,ft^3/s,42.0,ft,10.2,ft^2,0.97,ft/s,,,Unspecified,Unspecified,Unspecified,Unspecified,Unspecified,Unknown,Wading,2026-07-08T18:15:47.402049+00:00,point_velocity,Unspecified
05471000,POINT (-93.5959722222222 42.0082222222222),019f9412-7b24-499d-ae5f-b97c1f992617,USGS-05471000,4e656a76-d7bb-cc6d-e053-0100007fea3d,27,1953-11-04T18:30:00+00:00,Imported Channel 1,0.47,ft^3/s,12.0,ft,3.66,ft^2,0.13,ft/s,,,Unspecified,Unspecified,Unspecified,Unspecified,Unspecified,Unknown,Wading,2026-07-08T18:15:47.402049+00:00,point_velocity,Unspecified
05471000,POINT (-93.5959722222222 42.0082222222222),01b3261b-d169-4859-a52d-170472827b31,USGS-05471000,4e6566f5-d7b2-caa8-e053-0100007f206d,139,1962-02-27T19:45:00+00:00,Imported Channel 1,180,ft^3/s,99.0,ft,114,ft^2,1.58,ft/s,,,Unspecified,Unspecified,Unspecified,Unspecified,Unspecified,Unknown,Wading,2026-07-08T18:15:47.402049+00:00,point_velocity,Unspecified
05471000,POINT (-93.5959722222222 42.0082222222222),01eb40cf-7ec8-441a-8e72-4eb67b1ea5b7,USGS-05471000,4e65679b-57cc-cae7-e053-0100007ff8bf,148,1962-07-15T16:20:00+00:00,Imported Channel 1,6080,ft^3/s,222,ft,2210,ft^2,2.75,ft/s,,,Unspecified,Unspecified,Unspecified,Unspecified,Unspecified,Unknown,BridgeCrane,2026-07-08T18:15:47.402049+00:00,point_velocity,Unspecified
05471000,POINT (-93.5959722222222 42.0082222222222),02a32e89-4e87-4625-bac9-f496444d79f0,USGS-05471000,4e658e65-81f5-de0e-e053-0100007f9b1f,606,2013-05-23T17:47:00+00:00,Imported Channel 1,560,ft^3/s,125,ft,257,ft^2,2.18,ft/s,1320.00,ft,Firm,Sand,Even,Even,Uniform,Unknown,Wading,2026-07-08T18:15:47.402049+00:00,point_velocity,Upstream
05471000,POINT (-93.5959722222222 42.0082222222222),02e97f50-7160-45f5-be71-187fb63ad8f7,USGS-05471000,95f41812-dd36-4d5b-86c7-ca072ab86962,683,2021-10-19T17:49:34+00:00,05471000,3.87,ft^3/s,21.0,ft,11.8,ft^2,0.33,ft/s,1420.00,ft,Firm,Sand,Even,Even,Uniform,Steady,Wading,2026-07-08T18:15:47.402049+00:00,point_velocity,Downstream
05471000,POINT (-93.5959722222222 42.0082222222222),03745013-742c-430c-b2c0-5bec64803512,USGS-05471000,4e654e2f-2f42-bd5b-e053-0100007f5551,86,1958-10-27T21:55:00+00:00,Imported Channel 1,14.7,ft^3/s,22.0,ft,10.9,ft^2,1.36,ft/s,,,Unspecified,Unspecified,Unspecified,Unspecified,Unspecified,Unknown,Wading,2026-07-08T18:15:47.402049+00:00,point_velocity,Unspecified
05471000,POINT (-93.5959722222222 42.0082222222222),03f7474b-1f67-4bd6-a380-04642e30d1e7,USGS-05471000,4e65552a-2fe3-c14c-e053-0100007fbee6,180,1964-10-06T22:05:00+00:00,Imported Channel 1,0.94,ft^3/s,13.0,ft,3.59,ft^2,0.26,ft/s,,,Unspecified,Unspecified,Unspecified,Unspecified,Unspecified,Unknown,Wading,2026-07-08T18:15:47.402049+00:00,point_velocity,Unspecified
05471000,POINT (-93.5959722222222 42.0082222222222),043b1a58-9ea9-4306-a2b8-7c358243495c,USGS-05471000,4e656e75-7f34-cdb9-e053-0100007f5b9f,103,1959-09-10T14:20:00+00:00,Imported Channel 1,54.9,ft^3/s,61.0,ft,42.8,ft^2,1.28,ft/s,,,Unspecified,Unspecified,Unspecified,Unspecified,Unspecified,Unknown,Wading,2026-07-08T18:15:47.402049+00:00,point_velocity,Unspecified
05471000,POINT (-93.5959722222222 42.0082222222222),04550005-2913-4b3a-9c04-a910d9e5798c,USGS-05471000,4e6571e8-38d7-cffc-e053-0100007fe6ba,321,1973-08-06T15:25:00+00:00,Imported Channel 1,137,ft^3/s,89.0,ft,88.7,ft^2,1.54,ft/s,,,Unspecified,Unspecified,Unspecified,Unspecified,Unspecified,Unknown,Wading,2026-07-08T18:15:47.402049+00:00,point_velocity,Unspecified
05471000,POINT (-93.5959722222222 42.0082222222222),045625ae-169a-4331-994d-a3d5894c74f7,USGS-05471000,4e656c61-e897-cb56-e053-0100007fa58c,208,1966-06-12T20:00:00+00:00,Imported Channel 1,6120,ft^3/s,260,ft,1860,ft^2,3.29,ft/s,,,Unspecified,Unspecified,Unspecified,Unspecified,Unspecified,Unknown,BridgeCrane,2026-07-08T18:15:47.402049+00:00,point_velocity,Unspecified
05471000,POINT (-93.5959722222222 42.0082222222222),0488d0b3-fe4c-4fab-b24d-9229940673d1,USGS-05471000,4e6578d0-52ca-d382-e053-0100007f103c,222,1967-06-01T13:50:00+00:00,Imported Channel 1,6.79,ft^3/s,27.0,ft,15.3,ft^2,0.44,ft/s,,,Unspecified,Unspecified,Unspecified,Unspecified,Unspecified,Unknown,Wading,2026-07-08T18:15:47.402049+00:00,point_velocity,Unspecified
05471000,POINT (-93.5959722222222 42.0082222222222),04dc1845-b968-4a0d-9afe-017242a82ded,USGS-05471000,4e6576e4-24c4-d229-e053-0100007f6c71,214,1966-09-28T15:55:00+00:00,Imported Channel 1,1.14,ft^3/s,4.00,ft,1.14,ft^2,1.00,ft/s,,,Unspecified,Unspecified,Unspecified,Unspecified,Unspecified,Unknown,Wading,2026-07-08T18:15:47.402049+00:00,point_velocity,Unspecified
05471000,POINT (-93.5959722222222 42.0082222222222),050f8f58-fde3-4d5a-98b5-fd3da3bf99bc,USGS-05471000,4e657f99-3b70-d708-e053-0100007fbf7c,413,1992-06-18T12:40:00+00:00,Imported Channel 1,133,ft^3/s,83.0,ft,95.9,ft^2,1.39,ft/s,,,Unspecified,Unspecified,Unspecified,Unspecified,Unspecified,Unknown,Wading,2026-07-08T18:15:47.402049+00:00,point_velocity,Unspecified
05471000,POINT (-93.5959722222222 42.0082222222222),05481981-d48d-4f80-9702-1567330b9ef1,USGS-05471000,4e656ad0-3f9a-cc4b-e053-0100007fd04c,402,1979-08-02T19:40:00+00:00,Imported Channel 1,648,ft^3/s,173,ft,295,ft^2,2.20,ft/s,,,Unspecified,Unspecified,Unspecified,Unspecified,Unspecified,Unknown,Wading,2026-07-08T18:15:47.402049+00:00,point_velocity,Unspecified
05471000,POINT (-93.5959722222222 42.0082222222222),05712015-00fe-4305-8e77-f67b7c6f558e,USGS-05471000,4e65721e-236a-d01a-e053-0100007f22a5,115,1960-07-06T19:45:00+00:00,Imported Channel 1,145,ft^3/s,90.0,ft,94.5,ft^2,1.53,ft/s,,,Unspecified,Unspecified,Unspecified,Unspecified,Unspecified,Unknown,Wading,2026-07-08T18:15:47.402049+00:00,point_velocity,Unspecified
05471000,POINT (-93.5959722222222 42.0082222222222),058ad918-8f05-4f75-91cb-fe1e60ec0ca6,USGS-05471000,4e65678b-f934-cae5-e053-0100007fdb7f,45,1955-04-02T16:40:00+00:00,Imported Channel 1,140,ft^3/s,89.0,ft,82.4,ft^2,1.70,ft/s,,,Unspecified,Unspecified,Unspecified,Unspecified,Unspecified,Unknown,Wading,2026-07-08T18:15:47.402049+00:00,point_velocity,Unspecified
05471000,POINT (-93.5959722222222 42.0082222222222),058f0d64-97c2-4ab6-886e-a2ec6f419d7b,USGS-05471000,4e65998f-d43a-e34f-e053-0100007fb63e,572,2009-11-02T15:56:00+00:00,Imported Channel 1,1750,ft^3/s,192,ft,652,ft^2,2.68,ft/s,660.00,ft,Firm,Sand,Uneven,Even,Unspecified,Unknown,BridgeDownstreamSide,2026-07-08T18:15:47.402049+00:00,adcp,Upstream
05471000,POINT (-93.5959722222222 42.0082222222222),05eef96a-3a50-421e-9dd7-b068260fa39d,USGS-05471000,4e656ac3-4423-cc83-e053-0100007f0bf2,216,1966-11-08T19:40:00+00:00,Imported Channel 1,0.54,ft^3/s,7.00,ft,1.70,ft^2,0.32,ft/s,,,Unspecified,Unspecified,Unspecified,Unspecified,Unspecified,Unknown,Wading,2026-07-08T18:15:47.402049+00:00,point_velocity,Unspecified
05471000,POINT (-93.5959722222222 42.0082222222222),062a50a1-7fbd-4bec-b9d7-7ce9277bbf80,USGS-05471000,4e655bec-2847-c4d9-e053-0100007f7ca7,162,1963-07-11T21:30:00+00:00,Imported Channel 1,49.3,ft^3/s,61.0,ft,36.0,ft^2,1.37,ft/s,,,Unspecified,Unspecified,Unspecified,Unspecified,Unspecified,Unknown,Wading,2026-07-08T18:15:47.402049+00:00,point_velocity,Unspecified
05471000,POINT (-93.5959722222222 42.0082222222222),063d9305-3715-46ac-b0c2-c872fb3807aa,USGS-05471000,4e659239-f488-dffa-e053-0100007f7f6d,524,2004-07-07T21:40:00+00:00,Imported Channel 1,559,ft^3/s,148,ft,346,ft^2,1.62,ft/s,,,Unspecified,Unspecified,Unspecified,Unspecified,Unspecified,Unknown,Wading,2026-07-08T18:15:47.402049+00:00,point_velocity,Unspecified
05471000,POINT (-93.5959722222222 42.0082222222222),06572181-37cd-4f0e-8c6d-c9ecf362d3f0,USGS-05471000,4e658730-b71b-da3b-e053-0100007f1978,398,1979-04-11T15:35:00+00:00,Imported Channel 1,680,ft^3/s,157,ft,319,ft^2,2.13,ft/s,,,Unspecified,Unspecified,Unspecified,Unspecified,Unspecified,Unknown,BridgeCrane,2026-07-08T18:15:47.402049+00:00,point_velocity,Unspecified
05471000,POINT (-93.5959722222222 42.0082222222222),0759fdb7-8294-4fd2-a84f-6e8a31aebecd,USGS-05471000,4e658038-fe44-d72c-e053-0100007fa188,395,1979-02-06T21:30:00+00:00,Imported Channel 1,35.3,ft^3/s,80.0,ft,45.0,ft^2,0.78,ft/s,,,Unspecified,Unspecified,Unspecified,Unspecified,Unspecified,Unknown,Ice,2026-07-08T18:15:47.402049+00:00,point_velocity,Unspecified
05471000,POINT (-93.5959722222222 42.0082222222222),07ae78a0-2ddd-4a5d-944d-8b797501d8f0,USGS-05471000,4e656e75-7f31-cdb9-e053-0100007f5b9f,88,1958-12-04T15:40:00+00:00,Imported Channel 1,9.75,ft^3/s,26.0,ft,8.86,ft^2,1.10,ft/s,,,Unspecified,Unspecified,Unspecified,Unspecified,Unspecified,Unknown,Wading,2026-07-08T18:15:47.402049+00:00,point_velocity,Unspecified
05471000,POINT (-93.5959722222222 42.0082222222222),091bc789-ae39-48cc-9f99-ac1b0b4f6f70,USGS-05471000,4e656ec9-004f-ce84-e053-0100007f668b,127,1961-04-24T20:20:00+00:00,Imported Channel 1,1310,ft^3/s,135,ft,557,ft^2,2.35,ft/s,,,Unspecified,Unspecified,Unspecified,Unspecified,Unspecified,Unknown,BridgeCrane,2026-07-08T18:15:47.402049+00:00,point_velocity,Unspecified
05471000,POINT (-93.5959722222222 42.0082222222222),09308385-f9e6-46bc-b7bd-cfd2a337641c,USGS-05471000,4e65a362-6420-e86e-e053-0100007f62eb,608,2013-08-15T16:46:00+00:00,Imported Channel 1,15.0,ft^3/s,44.0,ft,15.4,ft^2,0.97,ft/s,1320.00,ft,Firm,Sand,Even,Even,Uniform,Unknown,Wading,2026-07-08T18:15:47.402049+00:00,point_velocity,Upstream
05471000,POINT (-93.5959722222222 42.0082222222222),09ab6581-f1cd-48da-b460-cd0f5d55b4af,USGS-05471000,4e657590-b32a-d167-e053-0100007faf79,81,1958-07-04T20:20:00+00:00,Imported Channel 1,8460,ft^3/s,270,ft,2780,ft^2,3.04,ft/s,,,Unspecified,Unspecified,Unspecified,Unspecified,Unspecified,Unknown,BridgeCrane,2026-07-08T18:15:47.402049+00:00,point_velocity,Unspecified
05471000,POINT (-93.5959722222222 42.0082222222222),09c13c40-dbca-4961-a081-f133611b6ef6,USGS-05471000,4e656de4-bda7-cdf9-e053-0100007f06a4,101,1959-07-13T21:20:00+00:00,Imported Channel 1,131,ft^3/s,66.0,ft,73.0,ft^2,1.79,ft/s,,,Unspecified,Unspecified,Unspecified,Unspecified,Unspecified,Unknown,Wading,2026-07-08T18:15:47.402049+00:00,point_velocity,Unspecified
05471000,POINT (-93.5959722222222 42.0082222222222),09ebe3e1-a035-4e4c-b3b6-db82727693f1,USGS-05471000,4e659939-2695-e35b-e053-0100007f6976,554,2007-11-14T15:07:00+00:00,Imported Channel 1,302,ft^3/s,101,ft,168,ft^2,1.79,ft/s,,,Unspecified,Unspecified,Unspecified,Unspecified,Unspecified,Unknown,Wading,2026-07-08T18:15:47.402049+00:00,point_velocity,Unspecified
05471000,POINT (-93.5959722222222 42.0082222222222),0a127c79-5d0a-4684-93c8-e52c1fb26102,USGS-05471000,4e657fa5-efd7-d70a-e053-0100007f2945,421,1993-07-09T21:55:00+00:00,Imported Channel 1,25200,ft^3/s,3570,ft,5210,ft^2,4.84,ft/s,,,Unspecified,Unspecified,Unspecified,Unspecified,Unspecified,Unknown,BridgeCrane,2026-07-08T18:15:47.402049+00:00,point_velocity,Unspecified
05471000,POINT (-93.5959722222222 42.0082222222222),0a365da9-b1cb-4635-b324-0effcd15c59c,USGS-05471000,4e656a32-8d7d-cc47-e053-0100007feb7d,314,1972-11-29T19:45:00+00:00,Imported Channel 1,712,ft^3/s,150,ft,346,ft^2,2.06,ft/s,,,Unspecified,Unspecified,Unspecified,Unspecified,Unspecified,Unknown,BridgeCrane,2026-07-08T18:15:47.402049+00:00,point_velocity,Unspecified
05471000,POINT (-93.5959722222222 42.0082222222222),0a5ba197-56c4-4d80-8a7f-8e97b76ec531,USGS-05471000,4e658761-a101-da6d-e053-0100007f341a,360,1976-06-14T19:15:00+00:00,Imported Channel 1,6030,ft^3/s,254,ft,1830,ft^2,3.30,ft/s,,,Unspecified,Unspecified,Unspecified,Unspecified,Unspecified,Unknown,BridgeCrane,2026-07-08T18:15:47.402049+00:00,point_velocity,Unspecified
05471000,POINT (-93.5959722222222 42.0082222222222),0a5f929c-f289-489c-a5cc-f8597de541ba,USGS-05471000,4e656a20-1fa8-cc49-e053-0100007fd7f0,298,1971-08-26T16:45:00+00:00,Imported Channel 1,8.81,ft^3/s,17.0,ft,8.37,ft^2,1.05,ft/s,,,Unspecified,Unspecified,Unspecified,Unspecified,Unspecified,Unknown,Wading,2026-07-08T18:15:47.402049+00:00,point_velocity,Unspecified
05471000,POINT (-93.5959722222222 42.0082222222222),0ac90cac-a88c-46ee-88b2-12d05cccdf35,USGS-05471000,4e658e98-3fcc-de47-e053-0100007f822b,553,2007-10-04T13:56:00+00:00,Imported Channel 1,375,ft^3/s,139,ft,204,ft^2,1.84,ft/s,,,Unspecified,Unspecified,Unspecified,Unspecified,Unspecified,Unknown,Wading,2026-07-08T18:15:47.402049+00:00,point_velocity,Unspecified
05471000,POINT (-93.5959722222222 42.0082222222222),0b123957-96b7-4552-bac1-d69eb75f852c,USGS-05471000,4e659239-f479-dffa-e053-0100007f7f6d,499,2001-10-10T13:45:00+00:00,Imported Channel 1,31.6,ft^3/s,54.0,ft,34.2,ft^2,0.92,ft/s,,,Unspecified,Unspecified,Unspecified,Unspecified,Unspecified,Unknown,Wading,2026-07-08T18:15:47.402049+00:00,point_velocity,Unspecified
05471000,POINT (-93.5959722222222 42.0082222222222),0b1e131f-0e81-416b-84f0-3017908e712d,USGS-05471000,3bd26fe1-1c7c-406a-95bb-d11b328442de,705,2024-06-17T18:22:25+00:00,main,464,ft^3/s,96.8,ft,259,ft^2,1.79,ft/s,0.00,ft,Firm,Sand,Even,Even,Standard,Steady,BridgeDownstreamSide,2026-07-08T18:15:47.402049+00:00,adcp,AtTheGage
05471000,POINT (-93.5959722222222 42.0082222222222),0bb38439-5942-4ee3-8547-c7bae58705d5,USGS-05471000,4e655bec-2830-c4d9-e053-0100007f7ca7,83,1958-08-04T16:30:00+00:00,Imported Channel 1,288,ft^3/s,81.0,ft,145,ft^2,1.99,ft/s,,,Unspecified,Unspecified,Unspecified,Unspecified,Unspecified,Unknown,Wading,2026-07-08T18:15:47.402049+00:00,point_velocity,Unspecified
05471000,POINT (-93.5959722222222 42.0082222222222),0c1cb1b9-e186-422c-b846-3654a97c63ac,USGS-05471000,4e656778-b90a-ca66-e053-0100007fddd0,8,1944-05-19T20:35:00+00:00,Imported Channel 1,9790,ft^3/s,751,ft,2220,ft^2,4.41,ft/s,,,Unspecified,Unspecified,Unspecified,Unspecified,Unspecified,Unknown,BridgeCrane,2026-07-08T18:15:47.402049+00:00,point_velocity,Unspecified
05471000,POINT (-93.5959722222222 42.0082222222222),0c45d85d-b788-47b6-aa3e-399fddb442ed,USGS-05471000,4e655934-f336-c381-e053-0100007f0ece,152,1962-10-29T19:30:00+00:00,Imported Channel 1,54.7,ft^3/s,65.0,ft,40.0,ft^2,1.37,ft/s,,,Unspecified,Unspecified,Unspecified,Unspecified,Unspecified,Unknown,Wading,2026-07-08T18:15:47.402049+00:00,point_velocity,Unspecified
05471000,POINT (-93.5959722222222 42.0082222222222),0cb1e93d-cdf3-4223-a4b9-77993f6acfaa,USGS-05471000,eedc4e2e-2138-4e56-b950-5b2bff558c0d,669,2019-12-02T18:55:02+00:00,Left channel,125,ft^3/s,51.0,ft,76.2,ft^2,1.65,ft/s,,ft,Unspecified,Unspecified,Unspecified,Unspecified,Unspecified,Unspecified,BridgeDownstreamSide,2026-07-08T18:15:47.402049+00:00,adcp,Unspecified
05471000,POINT (-93.5959722222222 42.0082222222222),0cc90660-3514-4794-b12c-d447da7789f4,USGS-05471000,4e6551b5-d1ce-bf57-e053-0100007f3c2d,199,1965-11-03T16:55:00+00:00,Imported Channel 1,179,ft^3/s,88.0,ft,104,ft^2,1.72,ft/s,,,Unspecified,Unspecified,Unspecified,Unspecified,Unspecified,Unknown,Wading,2026-07-08T18:15:47.402049+00:00,point_velocity,Unspecified
05471000,POINT (-93.5959722222222 42.0082222222222),0d6e027e-7777-4e4f-8b3b-d2691ffb3452,USGS-05471000,1e7d21de-9a78-4ea1-acb5-707931a3a91a,714,2025-09-09T19:34:24+00:00,main,143,ft^3/s,69.4,ft,153,ft^2,0.94,ft/s,0.00,ft,Firm,Sand,Even,Uneven,Uniform,Steady,BridgeDownstreamSide,2026-07-08T18:15:47.402049+00:00,adcp,AtTheGage
05471000,POINT (-93.5959722222222 42.0082222222222),0da2fa87-56ed-47b8-961e-11b02ca03518,USGS-05471000,a30e0b16-e7b0-4725-b2f0-5714a7e50346,672,2020-06-08T18:35:51+00:00,05471000,730,ft^3/s,106,ft,309,ft^2,2.36,ft/s,0.00,ft,Firm,Sand,Uneven,Uneven,Unknown,Pulsating,BridgeDownstreamSide,2026-07-08T18:15:47.402049+00:00,adcp,AtTheGage
05471000,POINT (-93.5959722222222 42.0082222222222),0e0d0848-ae94-47b2-8f17-28477b02cdbe,USGS-05471000,4e659c34-6ced-e345-e053-0100007f8275,629,2015-09-01T15:10:00+00:00,Below,3800,ft^3/s,198,ft,1180,ft^2,3.22,ft/s,1000.00,ft,Firm,Sand,Uneven,Even,Uniform,Unknown,BridgeDownstreamSide,2026-07-08T18:15:47.402049+00:00,adcp,Upstream
05471000,POINT (-93.5959722222222 42.0082222222222),0e69b660-4161-48da-b9b3-223805b408cb,USGS-05471000,4e6587b1-9ae1-da55-e053-0100007fe6db,555,2008-01-07T18:58:00+00:00,Imported Channel 1,153,ft^3/s,106,ft,104,ft^2,1.47,ft/s,,,Unspecified,Unspecified,Unspecified,Unspecified,Unspecified,Unknown,Ice,2026-07-08T18:15:47.402049+00:00,point_velocity,Unspecified
05471000,POINT (-93.5959722222222 42.0082222222222),0f081050-d22d-48a1-891a-4583db97f3f4,USGS-05471000,4e657bed-2478-d522-e053-0100007f6bae,234,1968-02-09T16:35:00+00:00,Imported Channel 1,2.59,ft^3/s,31.0,ft,14.3,ft^2,0.18,ft/s,,,Unspecified,Unspecified,Unspecified,Unspecified,Unspecified,Unknown,Ice,2026-07-08T18:15:47.402049+00:00,point_velocity,Unspecified
05471000,POINT (-93.5959722222222 42.0082222222222),0f3b0282-2f2e-4c2d-b5c6-2bf11febfc18,USGS-05471000,4e657c66-6001-d5b8-e053-0100007f91e5,193,1965-06-07T21:40:00+00:00,Imported Channel 1,1430,ft^3/s,145,ft,514,ft^2,2.78,ft/s,,,Unspecified,Unspecified,Unspecified,Unspecified,Unspecified,Unknown,BridgeCrane,2026-07-08T18:15:47.402049+00:00,point_velocity,Unspecified
05471000,POINT (-93.5959722222222 42.0082222222222),0fea1025-90c1-4d27-8d98-a5c43b732450,USGS-05471000,4e658b83-d085-dc05-e053-0100007f867c,406,1991-10-30T17:45:00+00:00,Imported Channel 1,131,ft^3/s,71.0,ft,87.2,ft^2,1.50,ft/s,,,Unspecified,Unspecified,Unspecified,Unspecified,Unspecified,Unknown,Wading,2026-07-08T18:15:47.402049+00:00,point_velocity,Unspecified
05471000,POINT (-93.5959722222222 42.0082222222222),1015827d-1001-4025-a2b4-b38836140594,USGS-05471000,75137394-fbdd-dc86-e053-0100007ff850,659,2018-09-04T19:36:53+00:00,Left Channel,395,ft^3/s,63.7,ft,168,ft^2,2.36,ft/s,0.00,ft,Soft,Sand,Uneven,Uneven,Standard,Pulsating,BridgeDownstreamSide,2026-07-08T18:15:47.402049+00:00,adcp,AtTheGage
05471000,POINT (-93.5959722222222 42.0082222222222),101a242f-1b34-4838-a34b-f4ec5f14e161,USGS-05471000,0ffe999a-da43-49bb-a1b5-d34d197c0df7,713,2025-07-23T18:14:34+00:00,right,1120,ft^3/s,115,ft,443,ft^2,2.54,ft/s,0.00,ft,Firm,Sand,Even,Even,Uniform,Steady,BridgeDownstreamSide,2026-07-08T18:15:47.402049+00:00,adcp,AtTheGage
05471000,POINT (-93.5959722222222 42.0082222222222),10589f7c-85fa-4efe-9c64-e1ea3baad4ff,USGS-05471000,4e65aae3-fd52-ec38-e053-0100007f6362,633,2016-01-11T20:17:00+00:00,Skunk Below,860,ft^3/s,76.4,ft,305,ft^2,2.82,ft/s,500.00,ft,Soft,Sand,Uneven,Uneven,Standard,Unknown,BridgeDownstreamSide,2026-07-08T18:15:47.402049+00:00,adcp,Upstream
05471000,POINT (-93.5959722222222 42.0082222222222),109d0449-fe0d-41a6-a708-31103d50e767,USGS-05471000,4e658038-fe32-d72c-e053-0100007fa188,251,1969-03-21T18:05:00+00:00,Imported Channel 1,4890,ft^3/s,260,ft,1590,ft^2,3.08,ft/s,,,Unspecified,Unspecified,Unspecified,Unspecified,Unspecified,Unknown,BridgeCrane,2026-07-08T18:15:47.402049+00:00,point_velocity,Unspecified
05471000,POINT (-93.5959722222222 42.0082222222222),10e8fc54-5e28-4ae4-ab6e-436e6f3c10ce,USGS-05471000,4e65ac2d-2cc3-ec0c-e053-0100007f20e6,637,2016-05-17T17:30:03+00:00,Sk Above,473,ft^3/s,109,ft,280,ft^2,1.69,ft/s,1400.00,ft,Soft,Sand,Uneven,Uneven,Standard,Unknown,BridgeDownstreamSide,2026-07-08T18:15:47.402049+00:00,adcp,Upstream
05471000,POINT (-93.5959722222222 42.0082222222222),10ff7a7d-09d5-4831-9923-1d4749ad3bbd,USGS-05471000,4e657883-9d18-d328-e053-0100007fa6f7,174,1964-05-28T15:30:00+00:00,Imported Channel 1,346,ft^3/s,114,ft,174,ft^2,1.99,ft/s,,,Unspecified,Unspecified,Unspecified,Unspecified,Unspecified,Unknown,Wading,2026-07-08T18:15:47.402049+00:00,point_velocity,Unspecified
05471000,POINT (-93.5959722222222 42.0082222222222),11938b9a-db14-4441-8138-fc04813de5c0,USGS-05471000,4e659314-d864-e07b-e053-0100007f8db2,571,2009-10-02T18:44:00+00:00,Imported Channel 1,110,ft^3/s,78.0,ft,90.0,ft^2,1.22,ft/s,1320.00,ft,Firm,Sand,Uneven,Even,Unspecified,Unknown,Wading,2026-07-08T18:15:47.402049+00:00,point_velocity,Upstream
05471000,POINT (-93.5959722222222 42.0082222222222),119da2f3-dc89-451a-b116-ceb5f7744962,USGS-05471000,4e657892-63f8-d330-e053-0100007f2b61,347,1975-06-09T20:50:00+00:00,Imported Channel 1,804,ft^3/s,156,ft,351,ft^2,2.29,ft/s,,,Unspecified,Unspecified,Unspecified,Unspecified,Unspecified,Unknown,BridgeCrane,2026-07-08T18:15:47.402049+00:00,point_velocity,Unspecified
05471000,POINT (-93.5959722222222 42.0082222222222),1254bff2-c927-4c57-9eef-ef59a4d8bf61,USGS-05471000,4e656ac3-442f-cc83-e053-0100007f0bf2,228,1967-10-12T14:20:00+00:00,Imported Channel 1,4.07,ft^3/s,13.0,ft,7.30,ft^2,0.56,ft/s,,,Unspecified,Unspecified,Unspecified,Unspecified,Unspecified,Unknown,Wading,2026-07-08T18:15:47.402049+00:00,point_velocity,Unspecified
05471000,POINT (-93.5959722222222 42.0082222222222),1266f1e2-abe6-4b51-af9a-24e7c8ddcbd3,USGS-05471000,4e656536-5a99-c92a-e053-0100007f244e,4,1942-09-15T16:30:00+00:00,Imported Channel 1,3270,ft^3/s,135,ft,9.60,ft^2,3.61,ft/s,,,Unspecified,Unspecified,Unspecified,Unspecified,Unspecified,Unknown,BridgeCrane,2026-07-08T18:15:47.402049+00:00,point_velocity,Unspecified
05471000,POINT (-93.5959722222222 42.0082222222222),130a02c7-ddd8-4065-914b-dae0e6c2ddb8,USGS-05471000,4e656e09-f3ff-ce34-e053-0100007f95a9,149,1962-08-07T23:15:00+00:00,Imported Channel 1,224,ft^3/s,78.0,ft,116,ft^2,1.93,ft/s,,,Unspecified,Unspecified,Unspecified,Unspecified,Unspecified,Unknown,Wading,2026-07-08T18:15:47.402049+00:00,point_velocity,Unspecified
05471000,POINT (-93.5959722222222 42.0082222222222),136f1eef-009d-4444-8e3b-077bfc3b3a75,USGS-05471000,4e6587b1-9ac2-da55-e053-0100007fe6db,388,1978-07-12T17:50:00+00:00,Imported Channel 1,264,ft^3/s,106,ft,164,ft^2,1.61,ft/s,,,Unspecified,Unspecified,Unspecified,Unspecified,Unspecified,Unknown,Wading,2026-07-08T18:15:47.402049+00:00,point_velocity,Unspecified
05471000,POINT (-93.5959722222222 42.0082222222222),13c13222-4bd4-49ae-85b4-73e670c6448a,USGS-05471000,4e65838b-6e72-d873-e053-0100007f9c4b,336,1974-05-30T14:00:00+00:00,Imported Channel 1,1130,ft^3/s,146,ft,427,ft^2,2.65,ft/s,,,Unspecified,Unspecified,Unspecified,Unspecified,Unspecified,Unknown,BridgeCrane,2026-07-08T18:15:47.402049+00:00,point_velocity,Unspecified
05471000,POINT (-93.5959722222222 42.0082222222222),141a9eba-474e-4b3e-b1ab-c66f910e9562,USGS-05471000,4e657ceb-f267-d5b6-e053-0100007fd3f5,475,1998-09-21T20:55:00+00:00,Imported Channel 1,22.7,ft^3/s,42.0,ft,39.3,ft^2,0.58,ft/s,,,Unspecified,Unspecified,Unspecified,Unspecified,Unspecified,Unknown,Wading,2026-07-08T18:15:47.402049+00:00,point_velocity,Unspecified
05471000,POINT (-93.5959722222222 42.0082222222222),1573356a-6624-4d10-b3f8-3bf50936aecb,USGS-05471000,4e657d76-01ae-d5b0-e053-0100007f9656,583,2010-11-18T14:17:00+00:00,Imported Channel 1,649,ft^3/s,120,ft,335,ft^2,1.92,ft/s,686.00,ft,Firm,Sand,Even,Even,Uniform,Unknown,BridgeDownstreamSide,2026-07-08T18:15:47.402049+00:00,adcp,Upstream
05471000,POINT (-93.5959722222222 42.0082222222222),15a44658-f6f3-4b64-8fc7-4580683a31b6,USGS-05471000,4e658775-d9ec-da57-e053-0100007f3ef6,573,2009-12-16T17:23:00+00:00,Imported Channel 1,189,ft^3/s,160,ft,148,ft^2,1.28,ft/s,1300.00,ft,Firm,Sand,Even,Uneven,Unspecified,Unknown,Ice,2026-07-08T18:15:47.402049+00:00,point_velocity,Upstream
05471000,POINT (-93.5959722222222 42.0082222222222),16f2973e-323e-42dd-a9af-3cc393046459,USGS-05471000,4e6561a5-a64e-c72f-e053-0100007f1952,112,1960-04-05T15:00:00+00:00,Imported Channel 1,2250,ft^3/s,140,ft,960,ft^2,2.34,ft/s,,,Unspecified,Unspecified,Unspecified,Unspecified,Unspecified,Unknown,BridgeCrane,2026-07-08T18:15:47.402049+00:00,point_velocity,Unspecified
05471000,POINT (-93.5959722222222 42.0082222222222),170ae6d4-9a5c-4450-b5fe-7678834c5d2d,USGS-05471000,4e6591b0-7abd-dffc-e053-0100007f45ba,610,2013-10-23T16:51:30+00:00,Below,0.11,ft^3/s,19.0,ft,4.80,ft^2,0.02,ft/s,2640.00,ft,Firm,Sand,Even,Even,Uniform,Unknown,Wading,2026-07-08T18:15:47.402049+00:00,point_velocity,Upstream
05471000,POINT (-93.5959722222222 42.0082222222222),1780bbc8-cf0f-417f-8dad-a43b7de6b34b,USGS-05471000,4e658e98-3fdf-de47-e053-0100007f822b,601,2012-10-02T18:21:00+00:00,Channel 1,0.00,ft^3/s,0.00,ft,0.00,ft^2,,,,,Unspecified,Unspecified,Unspecified,Unspecified,Unspecified,Unknown,Unspecified,2026-07-08T18:15:47.402049+00:00,point_velocity,Unspecified
05471000,POINT (-93.5959722222222 42.0082222222222),17a58de5-66d9-4252-b10d-2fd0de7a3967,USGS-05471000,4e656a26-ee18-cc4d-e053-0100007f4bc9,312,1972-09-11T20:20:00+00:00,Imported Channel 1,559,ft^3/s,131,ft,269,ft^2,2.08,ft/s,,,Unspecified,Unspecified,Unspecified,Unspecified,Unspecified,Unknown,Wading,2026-07-08T18:15:47.402049+00:00,point_velocity,Unspecified
05471000,POINT (-93.5959722222222 42.0082222222222),17ce2628-e794-4e5c-8702-b745dd1495c6,USGS-05471000,6ea224d0-dddf-1050-e053-0100007f8361,656,2018-06-14T18:37:13+00:00,Sk. Below,6280,ft^3/s,219,ft,1880,ft^2,3.34,ft/s,0.00,ft,Soft,Sand,Uneven,Uneven,Standard,Pulsating,BridgeDownstreamSide,2026-07-08T18:15:47.402049+00:00,adcp,AtTheGage
05471000,POINT (-93.5959722222222 42.0082222222222),18341506-5fcc-4e54-a5ff-cc2733a11c18,USGS-05471000,4e656778-b912-ca66-e053-0100007fddd0,89,1958-12-17T17:30:00+00:00,Imported Channel 1,1.71,ft^3/s,9.50,ft,3.53,ft^2,0.48,ft/s,,,Unspecified,Unspecified,Unspecified,Unspecified,Unspecified,Unknown,Wading,2026-07-08T18:15:47.402049+00:00,point_velocity,Unspecified
05471000,POINT (-93.5959722222222 42.0082222222222),18756879-558e-4811-99a2-1db860c461c6,USGS-05471000,4e656817-c137-caeb-e053-0100007f2f17,95,1959-03-22T15:25:00+00:00,Imported Channel 1,946,ft^3/s,129,ft,599,ft^2,1.58,ft/s,,,Unspecified,Unspecified,Unspecified,Unspecified,Unspecified,Unknown,BridgeCrane,2026-07-08T18:15:47.402049+00:00,point_velocity,Unspecified
05471000,POINT (-93.5959722222222 42.0082222222222),1947e507-5c91-4c13-b230-54f1c0cf88d1,USGS-05471000,4e656a26-ee6d-cc4d-e053-0100007f4bc9,504,2002-05-15T13:30:00+00:00,Imported Channel 1,1050,ft^3/s,193,ft,453,ft^2,2.32,ft/s,,,Unspecified,Unspecified,Unspecified,Unspecified,Unspecified,Unknown,BridgeCrane,2026-07-08T18:15:47.402049+00:00,point_velocity,Unspecified
05471000,POINT (-93.5959722222222 42.0082222222222),1a47a3c4-6184-4eca-8764-68f19ac611f0,USGS-05471000,4e656337-3b59-c7f2-e053-0100007ffcce,74,1957-12-02T17:10:00+00:00,Imported Channel 1,210,ft^3/s,68.0,ft,117,ft^2,1.80,ft/s,,,Unspecified,Unspecified,Unspecified,Unspecified,Unspecified,Unknown,Wading,2026-07-08T18:15:47.402049+00:00,point_velocity,Unspecified
05471000,POINT (-93.5959722222222 42.0082222222222),1a65bb79-2bae-4180-8303-36267002480d,USGS-05471000,784b924f-324a-eb26-e053-0100007fb06f,660,2018-10-15T20:25:41+00:00,Left Channel,229,ft^3/s,60.6,ft,116,ft^2,1.98,ft/s,0.00,ft,Soft,Sand,Uneven,Uneven,Standard,Pulsating,BridgeDownstreamSide,2026-07-08T18:15:47.402049+00:00,adcp,AtTheGage
05471000,POINT (-93.5959722222222 42.0082222222222),1a782ceb-1aa8-430d-80ef-38c6e1d7962e,USGS-05471000,4e6573ca-c63c-d0a9-e053-0100007f81c9,177,1964-07-17T17:35:00+00:00,Imported Channel 1,115,ft^3/s,71.0,ft,69.9,ft^2,1.64,ft/s,,,Unspecified,Unspecified,Unspecified,Unspecified,Unspecified,Unknown,Wading,2026-07-08T18:15:47.402049+00:00,point_velocity,Unspecified
05471000,POINT (-93.5959722222222 42.0082222222222),1a870327-937d-49a6-85e3-2cc8ecd88a04,USGS-05471000,ac27a8a3-8a47-4eb8-aa06-6d0b3f96d979,718,2026-05-11T17:21:31+00:00,main,438,ft^3/s,95.4,ft,243,ft^2,1.80,ft/s,0.00,ft,Firm,Sand,Even,Even,Uniform,Steady,BridgeDownstreamSide,2026-07-08T18:15:47.402049+00:00,adcp,AtTheGage
05471000,POINT (-93.5959722222222 42.0082222222222),1ad2be46-23d4-4cfe-a501-92b24231625f,USGS-05471000,4e656a47-57a7-cc4f-e053-0100007f2409,440,1995-04-28T15:45:00+00:00,Imported Channel 1,820,ft^3/s,140,ft,414,ft^2,1.98,ft/s,,,Unspecified,Unspecified,Unspecified,Unspecified,Unspecified,Unknown,Wading,2026-07-08T18:15:47.402049+00:00,point_velocity,Unspecified
05471000,POINT (-93.5959722222222 42.0082222222222),1af1a290-87d5-4d25-874d-b2322e366505,USGS-05471000,4e6592c3-dd9a-e038-e053-0100007f3dbd,487,2000-03-07T14:10:00+00:00,Imported Channel 1,32.4,ft^3/s,62.0,ft,34.3,ft^2,0.94,ft/s,,,Unspecified,Unspecified,Unspecified,Unspecified,Unspecified,Unknown,Wading,2026-07-08T18:15:47.402049+00:00,point_velocity,Unspecified
05471000,POINT (-93.5959722222222 42.0082222222222),1af98e38-983d-43d3-b1dc-104935b21c29,USGS-05471000,4e658739-f6f8-da5f-e053-0100007f58ae,587,2011-06-21T17:02:00+00:00,Imported Channel 1,704,ft^3/s,165,ft,337,ft^2,2.09,ft/s,1320.00,ft,Firm,Sand,Even,Even,Uniform,Unknown,Wading,2026-07-08T18:15:47.402049+00:00,point_velocity,Upstream
05471000,POINT (-93.5959722222222 42.0082222222222),1b2baa4f-1d23-4470-becd-a672be609b29,USGS-05471000,4e65809a-7ab2-d730-e053-0100007f9098,325,1973-10-11T17:30:00+00:00,Imported Channel 1,4480,ft^3/s,227,ft,1510,ft^2,2.97,ft/s,,,Unspecified,Unspecified,Unspecified,Unspecified,Unspecified,Unknown,BridgeCrane,2026-07-08T18:15:47.402049+00:00,point_velocity,Unspecified
05471000,POINT (-93.5959722222222 42.0082222222222),1bb49557-d6ff-47c7-8f64-d778ee5e12f0,USGS-05471000,4e6551b5-d1cc-bf57-e053-0100007f3c2d,195,1965-08-05T18:50:00+00:00,Imported Channel 1,11.5,ft^3/s,24.0,ft,20.2,ft^2,0.57,ft/s,,,Unspecified,Unspecified,Unspecified,Unspecified,Unspecified,Unknown,Wading,2026-07-08T18:15:47.402049+00:00,point_velocity,Unspecified
05471000,POINT (-93.5959722222222 42.0082222222222),1bcb4e33-abd3-414d-af8e-5c6f4cfcafbb,USGS-05471000,2371c891-de14-4e53-b2fe-3c7237db668e,695,2023-02-27T15:15:50+00:00,Skunk Below,5270,ft^3/s,241,ft,1760,ft^2,3.00,ft/s,0.00,ft,Soft,Sand,Even,Even,Standard,Pulsating,BridgeDownstreamSide,2026-07-08T18:15:47.402049+00:00,adcp,AtTheGage
05471000,POINT (-93.5959722222222 42.0082222222222),1bd6bbef-78bd-40de-a00d-8e04dfa0ebc3,USGS-05471000,4e657be4-1da0-d524-e053-0100007faf2a,189,1965-04-01T18:50:00+00:00,Imported Channel 1,5950,ft^3/s,280,ft,1770,ft^2,3.36,ft/s,,,Unspecified,Unspecified,Unspecified,Unspecified,Unspecified,Unknown,BridgeCrane,2026-07-08T18:15:47.402049+00:00,point_velocity,Unspecified
05471000,POINT (-93.5959722222222 42.0082222222222),1c96b76b-b389-4063-9dba-96e34ec87a50,USGS-05471000,4e656a20-1f90-cc49-e053-0100007fd7f0,132,1961-07-24T19:25:00+00:00,Imported Channel 1,138,ft^3/s,102,ft,84.5,ft^2,1.63,ft/s,,,Unspecified,Unspecified,Unspecified,Unspecified,Unspecified,Unknown,Wading,2026-07-08T18:15:47.402049+00:00,point_velocity,Unspecified
05471000,POINT (-93.5959722222222 42.0082222222222),1d36caa5-34cc-40fa-a78d-691b7e6fcca5,USGS-05471000,4e6575ed-f2c4-d1ad-e053-0100007f5dec,229,1967-10-20T15:25:00+00:00,Imported Channel 1,1.59,ft^3/s,36.0,ft,10.7,ft^2,0.15,ft/s,,,Unspecified,Unspecified,Unspecified,Unspecified,Unspecified,Unknown,Wading,2026-07-08T18:15:47.402049+00:00,point_velocity,Unspecified
05471000,POINT (-93.5959722222222 42.0082222222222),1dd4a647-82f7-4c3a-8e1e-4b8a7e8120f3,USGS-05471000,0ffe999a-da43-49bb-a1b5-d34d197c0df7,713,2025-07-23T18:14:34+00:00,left,137,ft^3/s,36.3,ft,87.7,ft^2,1.57,ft/s,0.00,ft,Firm,Sand,Even,Even,Uniform,Steady,BridgeDownstreamSide,2026-07-08T18:15:47.402049+00:00,adcp,AtTheGage
05471000,POINT (-93.5959722222222 42.0082222222222),1e2ea9da-3845-4e59-ac1b-8e11a8fdb375,USGS-05471000,4e658739-f6ab-da5f-e053-0100007f58ae,338,1974-06-19T16:50:00+00:00,Imported Channel 1,6820,ft^3/s,260,ft,2030,ft^2,3.34,ft/s,,,Unspecified,Unspecified,Unspecified,Unspecified,Unspecified,Unknown,BridgeCrane,2026-07-08T18:15:47.402049+00:00,point_velocity,Unspecified
05471000,POINT (-93.5959722222222 42.0082222222222),1ecd3cf4-faa7-4b3d-8e1c-48f1f37dae5e,USGS-05471000,4e656deb-8a53-cdbf-e053-0100007fba32,9,1947-03-29T22:25:00+00:00,Imported Channel 1,192,ft^3/s,112,ft,111,ft^2,1.73,ft/s,,,Unspecified,Unspecified,Unspecified,Unspecified,Unspecified,Unknown,Wading,2026-07-08T18:15:47.402049+00:00,point_velocity,Unspecified
05471000,POINT (-93.5959722222222 42.0082222222222),1eda4615-0e28-43e7-9524-05ca00054691,USGS-05471000,4e6566f5-d79f-caa8-e053-0100007f206d,21,1953-05-07T17:55:00+00:00,Imported Channel 1,476,ft^3/s,95.0,ft,246,ft^2,1.93,ft/s,,,Unspecified,Unspecified,Unspecified,Unspecified,Unspecified,Unknown,BridgeCrane,2026-07-08T18:15:47.402049+00:00,point_velocity,Unspecified
05471000,POINT (-93.5959722222222 42.0082222222222),1f2e7cbd-8314-4776-bf7b-228fe174f47b,USGS-05471000,4e656a94-7815-cc85-e053-0100007f1148,67,1957-06-16T21:40:00+00:00,Imported Channel 1,6080,ft^3/s,145,ft,1840,ft^2,3.31,ft/s,,,Unspecified,Unspecified,Unspecified,Unspecified,Unspecified,Unknown,BridgeCrane,2026-07-08T18:15:47.402049+00:00,point_velocity,Unspecified
05471000,POINT (-93.5959722222222 42.0082222222222),1feb2d20-6938-4788-8700-e7518d0a50dc,USGS-05471000,10391e32-5c98-4f87-8d82-9d8464d25c86,670,2020-01-27T21:24:19+00:00,Sk Blw,238,ft^3/s,92.1,ft,139,ft^2,1.71,ft/s,0.00,ft,Soft,Sand,Uneven,Uneven,Standard,Pulsating,BridgeDownstreamSide,2026-07-08T18:15:47.402049+00:00,adcp,AtTheGage
05471000,POINT (-93.5959722222222 42.0082222222222),201cf302-3521-4642-820a-bb32912a6190,USGS-05471000,4e65552a-2fdf-c14c-e053-0100007fbee6,161,1963-06-07T18:50:00+00:00,Imported Channel 1,222,ft^3/s,99.0,ft,117,ft^2,1.90,ft/s,,,Unspecified,Unspecified,Unspecified,Unspecified,Unspecified,Unknown,Wading,2026-07-08T18:15:47.402049+00:00,point_velocity,Unspecified
05471000,POINT (-93.5959722222222 42.0082222222222),2071f8bb-0fbc-4faf-8158-b6c0961e5859,USGS-05471000,4e656a26-ee1c-cc4d-e053-0100007f4bc9,333,1974-02-27T18:50:00+00:00,Imported Channel 1,330,ft^3/s,130,ft,172,ft^2,1.92,ft/s,,,Unspecified,Unspecified,Unspecified,Unspecified,Unspecified,Unknown,Wading,2026-07-08T18:15:47.402049+00:00,point_velocity,Unspecified
05471000,POINT (-93.5959722222222 42.0082222222222),20c062bd-2f8d-40b1-8e0f-d96d72c8df1f,USGS-05471000,4e655b8c-52a8-c4af-e053-0100007f3450,48,1955-07-10T12:30:00+00:00,Imported Channel 1,2200,ft^3/s,129,ft,735,ft^2,2.99,ft/s,,,Unspecified,Unspecified,Unspecified,Unspecified,Unspecified,Unknown,BridgeCrane,2026-07-08T18:15:47.402049+00:00,point_velocity,Unspecified
05471000,POINT (-93.5959722222222 42.0082222222222),2106f5fa-379f-4d65-8da6-b35d770eaa74,USGS-05471000,4e658739-f6b6-da5f-e053-0100007f58ae,418,1993-04-06T16:45:00+00:00,Imported Channel 1,1280,ft^3/s,160,ft,567,ft^2,2.26,ft/s,,,Unspecified,Unspecified,Unspecified,Unspecified,Unspecified,Unknown,BridgeCrane,2026-07-08T18:15:47.402049+00:00,point_velocity,Unspecified
05471000,POINT (-93.5959722222222 42.0082222222222),21109b99-8029-4e28-b0dd-7be39862eb1a,USGS-05471000,4e658f2e-64dd-de85-e053-0100007f1d29,510,2003-01-14T16:40:00+00:00,Imported Channel 1,18.6,ft^3/s,65.0,ft,26.3,ft^2,0.71,ft/s,,,Unspecified,Unspecified,Unspecified,Unspecified,Unspecified,Unknown,Ice,2026-07-08T18:15:47.402049+00:00,point_velocity,Unspecified
05471000,POINT (-93.5959722222222 42.0082222222222),21396edd-85cb-42cf-8caa-e7fb4b647694,USGS-05471000,4e6578cc-28f6-d364-e053-0100007f2984,447,1996-01-26T16:15:00+00:00,Imported Channel 1,18.1,ft^3/s,40.0,ft,27.2,ft^2,0.66,ft/s,,,Unspecified,Unspecified,Unspecified,Unspecified,Unspecified,Unknown,Ice,2026-07-08T18:15:47.402049+00:00,point_velocity,Unspecified
05471000,POINT (-93.5959722222222 42.0082222222222),21948593-46c1-425c-8bae-77018af73fea,USGS-05471000,4e65876c-e232-da97-e053-0100007f37cf,549,2007-05-08T17:56:00+00:00,Imported Channel 1,2090,ft^3/s,147,ft,673,ft^2,3.10,ft/s,,,Unspecified,Unspecified,Unspecified,Unspecified,Unspecified,Unknown,Wading,2026-07-08T18:15:47.402049+00:00,point_velocity,Unspecified
05471000,POINT (-93.5959722222222 42.0082222222222),21b6a1ca-5ea4-4f24-b2db-c3d49726e114,USGS-05471000,4e657822-81cb-d225-e053-0100007f5a56,99,1959-06-17T19:35:00+00:00,Imported Channel 1,165,ft^3/s,61.0,ft,91.2,ft^2,1.81,ft/s,,,Unspecified,Unspecified,Unspecified,Unspecified,Unspecified,Unknown,Wading,2026-07-08T18:15:47.402049+00:00,point_velocity,Unspecified
05471000,POINT (-93.5959722222222 42.0082222222222),222eab01-988a-4227-8cfe-f72e31e7a694,USGS-05471000,4e657713-443f-d227-e053-0100007f828c,318,1973-04-17T17:10:00+00:00,Imported Channel 1,5450,ft^3/s,265,ft,1620,ft^2,3.36,ft/s,,,Unspecified,Unspecified,Unspecified,Unspecified,Unspecified,Unknown,BridgeCrane,2026-07-08T18:15:47.402049+00:00,point_velocity,Unspecified
05471000,POINT (-93.5959722222222 42.0082222222222),22503d70-1008-4f51-8667-29193f6da102,USGS-05471000,4e6578df-ceb5-d362-e053-0100007f4afd,171,1964-04-30T21:40:00+00:00,Imported Channel 1,242,ft^3/s,110,ft,137,ft^2,1.77,ft/s,,,Unspecified,Unspecified,Unspecified,Unspecified,Unspecified,Unknown,Wading,2026-07-08T18:15:47.402049+00:00,point_velocity,Unspecified
05471000,POINT (-93.5959722222222 42.0082222222222),2267b804-6e4a-4cb8-9768-5a640d1b44b3,USGS-05471000,4e65585f-71d6-c2ed-e053-0100007f28b3,169,1964-03-02T19:20:00+00:00,Imported Channel 1,14.9,ft^3/s,39.0,ft,18.7,ft^2,0.80,ft/s,,,Unspecified,Unspecified,Unspecified,Unspecified,Unspecified,Unknown,Wading,2026-07-08T18:15:47.402049+00:00,point_velocity,Unspecified
05471000,POINT (-93.5959722222222 42.0082222222222),22c8c114-5602-43b6-a5b9-eda1af93093e,USGS-05471000,4e656817-c131-caeb-e053-0100007f2f17,38,1954-09-09T17:50:00+00:00,Imported Channel 1,172,ft^3/s,81.0,ft,106,ft^2,1.62,ft/s,,,Unspecified,Unspecified,Unspecified,Unspecified,Unspecified,Unknown,Wading,2026-07-08T18:15:47.402049+00:00,point_velocity,Unspecified
05471000,POINT (-93.5959722222222 42.0082222222222),22d89631-47b3-4927-97a5-6b0df13a86da,USGS-05471000,4e656368-644a-c7e4-e053-0100007f1c55,138,1962-01-29T19:40:00+00:00,Imported Channel 1,96.8,ft^3/s,99.0,ft,71.0,ft^2,1.36,ft/s,,,Unspecified,Unspecified,Unspecified,Unspecified,Unspecified,Unknown,Wading,2026-07-08T18:15:47.402049+00:00,point_velocity,Unspecified
05471000,POINT (-93.5959722222222 42.0082222222222),23190e2d-1070-40c3-9e9a-a207f3e8f02b,USGS-05471000,4e658f09-cff3-de81-e053-0100007f0d58,522,2004-04-06T15:15:00+00:00,Imported Channel 1,348,ft^3/s,138,ft,234,ft^2,1.49,ft/s,,,Unspecified,Unspecified,Unspecified,Unspecified,Unspecified,Unknown,Wading,2026-07-08T18:15:47.402049+00:00,point_velocity,Unspecified
05471000,POINT (-93.5959722222222 42.0082222222222),234d1b9c-046d-4802-9419-f7038696af91,USGS-05471000,4e659cda-5741-e5a1-e053-0100007ff61c,605,2013-04-08T19:26:00+00:00,Imported Channel 1,62.3,ft^3/s,42.0,ft,43.4,ft^2,1.43,ft/s,1320.00,ft,Firm,Sand,Even,Even,Uniform,Unknown,Wading,2026-07-08T18:15:47.402049+00:00,point_velocity,Upstream
05471000,POINT (-93.5959722222222 42.0082222222222),239cf1cd-69df-4e91-82ca-57b4c3695453,USGS-05471000,4e6578ca-cb68-d36c-e053-0100007fcbe2,245,1968-11-07T19:55:00+00:00,Imported Channel 1,58.3,ft^3/s,64.0,ft,50.6,ft^2,1.15,ft/s,,,Unspecified,Unspecified,Unspecified,Unspecified,Unspecified,Unknown,Wading,2026-07-08T18:15:47.402049+00:00,point_velocity,Unspecified
05471000,POINT (-93.5959722222222 42.0082222222222),23c2f1a3-20a1-465e-8fb4-85a2691ffdd0,USGS-05471000,4e659f7f-d88e-e34b-e053-0100007f9416,617,2014-06-18T15:05:00+00:00,Skunk Below,3290,ft^3/s,193,ft,1100,ft^2,2.98,ft/s,1320.00,ft,Firm,Sand,Even,Even,Uniform,Unknown,BridgeDownstreamSide,2026-07-08T18:15:47.402049+00:00,adcp,Upstream
05471000,POINT (-93.5959722222222 42.0082222222222),23f258b4-cf40-4368-ad59-a5e6e4a09252,USGS-05471000,4e659609-3714-e1bd-e053-0100007f1204,535,2005-10-04T22:01:00+00:00,Imported Channel 1,24.2,ft^3/s,76.0,ft,32.0,ft^2,0.76,ft/s,,,Unspecified,Unspecified,Unspecified,Unspecified,Unspecified,Unknown,Wading,2026-07-08T18:15:47.402049+00:00,point_velocity,Unspecified
05471000,POINT (-93.5959722222222 42.0082222222222),24614dcf-b291-4a71-843a-e387bdeaf0be,USGS-05471000,4e656c61-e8b6-cb56-e053-0100007fa58c,357,1976-03-29T21:15:00+00:00,Imported Channel 1,173,ft^3/s,94.0,ft,113,ft^2,1.53,ft/s,,,Unspecified,Unspecified,Unspecified,Unspecified,Unspecified,Unknown,Wading,2026-07-08T18:15:47.402049+00:00,point_velocity,Unspecified
05471000,POINT (-93.5959722222222 42.0082222222222),249826aa-b3e9-4776-ac96-7500381cef54,USGS-05471000,4e656e1d-5de4-cc69-e053-0100007fafdf,79,1958-05-08T17:10:00+00:00,Imported Channel 1,92.8,ft^3/s,60.0,ft,58.6,ft^2,1.58,ft/s,,,Unspecified,Unspecified,Unspecified,Unspecified,Unspecified,Unknown,Wading,2026-07-08T18:15:47.402049+00:00,point_velocity,Unspecified
05471000,POINT (-93.5959722222222 42.0082222222222),24d69d64-b413-474d-941c-03a6c4d5c4ff,USGS-05471000,4e656432-546d-c8b0-e053-0100007f846e,135,1961-10-23T19:20:00+00:00,Imported Channel 1,327,ft^3/s,101,ft,161,ft^2,2.03,ft/s,,,Unspecified,Unspecified,Unspecified,Unspecified,Unspecified,Unknown,Wading,2026-07-08T18:15:47.402049+00:00,point_velocity,Unspecified
05471000,POINT (-93.5959722222222 42.0082222222222),250c3800-caf5-4179-9a9f-9c7b989799dc,USGS-05471000,4e65680f-02ee-caed-e053-0100007f61f1,96,1959-03-26T21:25:00+00:00,Imported Channel 1,1830,ft^3/s,137,ft,776,ft^2,2.36,ft/s,,,Unspecified,Unspecified,Unspecified,Unspecified,Unspecified,Unknown,BridgeCrane,2026-07-08T18:15:47.402049+00:00,point_velocity,Unspecified
05471000,POINT (-93.5959722222222 42.0082222222222),25847687-e879-4acd-8762-845720a8fd03,USGS-05471000,4e6575ed-f2c4-d1ad-e053-0100007f5dec,229B,1967-10-20T13:10:00+00:00,Imported Channel 1,0.66,ft^3/s,13.0,ft,2.40,ft^2,0.28,ft/s,,,Unspecified,Unspecified,Unspecified,Unspecified,Unspecified,Unknown,Wading,2026-07-08T18:15:47.402049+00:00,point_velocity,Unspecified
05471000,POINT (-93.5959722222222 42.0082222222222),25b45f0a-5b8c-4032-ab41-7ba9cc62396e,USGS-05471000,4e657c30-cbf3-d55a-e053-0100007f0a77,172,1964-05-08T20:00:00+00:00,Imported Channel 1,3480,ft^3/s,158,ft,1110,ft^2,3.14,ft/s,,,Unspecified,Unspecified,Unspecified,Unspecified,Unspecified,Unknown,BridgeCrane,2026-07-08T18:15:47.402049+00:00,point_velocity,Unspecified
05471000,POINT (-93.5959722222222 42.0082222222222),26163b0a-013a-4564-bdbe-7f496b959ba4,USGS-05471000,4e656c61-e8d1-cb56-e053-0100007fa58c,399,1979-05-10T13:40:00+00:00,Imported Channel 1,507,ft^3/s,117,ft,285,ft^2,1.78,ft/s,,,Unspecified,Unspecified,Unspecified,Unspecified,Unspecified,Unknown,Wading,2026-07-08T18:15:47.402049+00:00,point_velocity,Unspecified
05471000,POINT (-93.5959722222222 42.0082222222222),2680da25-f7db-4d5a-b794-fbe7fdbf8223,USGS-05471000,4e65839c-6980-d8ab-e053-0100007f5a3a,376,1977-09-21T18:00:00+00:00,Imported Channel 1,240,ft^3/s,108,ft,152,ft^2,1.58,ft/s,,,Unspecified,Unspecified,Unspecified,Unspecified,Unspecified,Unknown,Wading,2026-07-08T18:15:47.402049+00:00,point_velocity,Unspecified
05471000,POINT (-93.5959722222222 42.0082222222222),2688583b-5725-439f-9a80-cc588f825271,USGS-05471000,4e658245-2d8c-d72e-e053-0100007f0cd6,525,2004-08-16T20:10:00+00:00,Imported Channel 1,75.7,ft^3/s,62.0,ft,62.1,ft^2,1.22,ft/s,,,Unspecified,Unspecified,Unspecified,Unspecified,Unspecified,Unknown,Wading,2026-07-08T18:15:47.402049+00:00,point_velocity,Unspecified
05471000,POINT (-93.5959722222222 42.0082222222222),26f585cb-ba26-47c3-a6d1-ec46577b7353,USGS-05471000,66d13ffb-515a-4c95-8c35-45da0e470ca3,697,2023-05-30T19:55:23+00:00,main,205,ft^3/s,73.7,ft,171,ft^2,1.20,ft/s,0.00,ft,Firm,Sand,Even,Even,Uniform,Steady,BridgeDownstreamSide,2026-07-08T18:15:47.402049+00:00,adcp,AtTheGage
05471000,POINT (-93.5959722222222 42.0082222222222),28403ba2-f862-4362-8dcd-8dda204b19cb,USGS-05471000,4e656dca-3b32-cdc1-e053-0100007fc51e,53,1955-11-28T17:30:00+00:00,Imported Channel 1,0.24,ft^3/s,20.0,ft,13.0,ft^2,0.18,ft/s,,,Unspecified,Unspecified,Unspecified,Unspecified,Unspecified,Unknown,Wading,2026-07-08T18:15:47.402049+00:00,point_velocity,Unspecified
05471000,POINT (-93.5959722222222 42.0082222222222),284a42c2-58fe-4539-8812-7ee98918ac86,USGS-05471000,4e656e6d-af26-cdf7-e053-0100007fa9fc,305,1972-01-18T16:00:00+00:00,Imported Channel 1,0.63,ft^3/s,18.0,ft,4.50,ft^2,0.14,ft/s,,,Unspecified,Unspecified,Unspecified,Unspecified,Unspecified,Unknown,Wading,2026-07-08T18:15:47.402049+00:00,point_velocity,Unspecified
05471000,POINT (-93.5959722222222 42.0082222222222),288858a7-2bc9-4379-823c-eae8a95558e5,USGS-05471000,4e659239-f486-dffa-e053-0100007f7f6d,523,2004-05-18T22:20:00+00:00,Imported Channel 1,528,ft^3/s,132,ft,287,ft^2,1.84,ft/s,,,Unspecified,Unspecified,Unspecified,Unspecified,Unspecified,Unknown,Wading,2026-07-08T18:15:47.402049+00:00,point_velocity,Unspecified
05471000,POINT (-93.5959722222222 42.0082222222222),28942da6-f5bd-44f1-b14c-f48e56ccefb2,USGS-05471000,4e656ea0-415e-cdff-e053-0100007f5fa3,36,1954-07-08T18:35:00+00:00,Imported Channel 1,112,ft^3/s,68.0,ft,79.0,ft^2,1.42,ft/s,,,Unspecified,Unspecified,Unspecified,Unspecified,Unspecified,Unknown,Wading,2026-07-08T18:15:47.402049+00:00,point_velocity,Unspecified
05471000,POINT (-93.5959722222222 42.0082222222222),28bdcc4c-847d-48c0-8937-2a7f5547e233,USGS-05471000,4e657c30-cc17-d55a-e053-0100007f0a77,339,1974-07-09T14:00:00+00:00,Imported Channel 1,419,ft^3/s,78.0,ft,173,ft^2,2.42,ft/s,,,Unspecified,Unspecified,Unspecified,Unspecified,Unspecified,Unknown,BridgeCrane,2026-07-08T18:15:47.402049+00:00,point_velocity,Unspecified
05471000,POINT (-93.5959722222222 42.0082222222222),293d2ea0-4e4c-4739-af23-23f1a414df1f,USGS-05471000,4e658775-d9e7-da57-e053-0100007f3ef6,530,2005-03-16T13:40:00+00:00,Imported Channel 1,156,ft^3/s,130,ft,111,ft^2,1.40,ft/s,,,Unspecified,Unspecified,Unspecified,Unspecified,Unspecified,Unknown,Wading,2026-07-08T18:15:47.402049+00:00,point_velocity,Unspecified
05471000,POINT (-93.5959722222222 42.0082222222222),29ad58e6-8e84-4efe-8e2e-07733108f3f0,USGS-05471000,4e6580ab-e502-d722-e053-0100007fb8ae,381,1978-02-07T19:10:00+00:00,Imported Channel 1,35.2,ft^3/s,98.0,ft,62.5,ft^2,0.56,ft/s,,,Unspecified,Unspecified,Unspecified,Unspecified,Unspecified,Unknown,Ice,2026-07-08T18:15:47.402049+00:00,point_velocity,Unspecified
05471000,POINT (-93.5959722222222 42.0082222222222),2a4e523f-c83a-4b48-a3e5-df2086630479,USGS-05471000,4e656e6d-af19-cdf7-e053-0100007fa9fc,184,1965-02-09T21:20:00+00:00,Imported Channel 1,70.4,ft^3/s,78.0,ft,61.9,ft^2,1.14,ft/s,,,Unspecified,Unspecified,Unspecified,Unspecified,Unspecified,Unknown,Wading,2026-07-08T18:15:47.402049+00:00,point_velocity,Unspecified
05471000,POINT (-93.5959722222222 42.0082222222222),2b823b5d-7b8b-45df-8938-931eec366517,USGS-05471000,4e657ca1-f44c-d54e-e053-0100007f2424,238,1968-06-05T17:00:00+00:00,Imported Channel 1,21.2,ft^3/s,29.0,ft,28.1,ft^2,0.75,ft/s,,,Unspecified,Unspecified,Unspecified,Unspecified,Unspecified,Unknown,Wading,2026-07-08T18:15:47.402049+00:00,point_velocity,Unspecified
05471000,POINT (-93.5959722222222 42.0082222222222),2bc86043-64ca-4034-b1a4-f767ba440abd,USGS-05471000,4e65abe6-df10-ec3a-e053-0100007fefca,631,2015-12-01T14:09:00+00:00,Skunk Below,1120,ft^3/s,113,ft,380,ft^2,2.94,ft/s,500.00,ft,Soft,Sand,Uneven,Uneven,Standard,Unknown,BridgeDownstreamSide,2026-07-08T18:15:47.402049+00:00,adcp,Upstream
05471000,POINT (-93.5959722222222 42.0082222222222),2c43ba22-28b7-4531-af29-fa52919c9f33,USGS-05471000,4e65876c-bcbc-da9f-e053-0100007f1dbd,526,2004-10-06T22:55:00+00:00,Imported Channel 1,11.2,ft^3/s,40.0,ft,16.5,ft^2,0.68,ft/s,,,Unspecified,Unspecified,Unspecified,Unspecified,Unspecified,Unknown,Wading,2026-07-08T18:15:47.402049+00:00,point_velocity,Unspecified
05471000,POINT (-93.5959722222222 42.0082222222222),2d01a7af-6ccb-4a94-b9f4-ca11c8783460,USGS-05471000,4e656432-5474-c8b0-e053-0100007f846e,175,1964-06-19T13:40:00+00:00,Imported Channel 1,168,ft^3/s,83.0,ft,97.6,ft^2,1.72,ft/s,,,Unspecified,Unspecified,Unspecified,Unspecified,Unspecified,Unknown,Wading,2026-07-08T18:15:47.402049+00:00,point_velocity,Unspecified
05471000,POINT (-93.5959722222222 42.0082222222222),2da446b9-12ce-48a2-b744-7ab57a83d318,USGS-05471000,4e65552a-2fce-c14c-e053-0100007fbee6,63,1957-04-01T17:55:00+00:00,Imported Channel 1,34.8,ft^3/s,28.0,ft,31.0,ft^2,11.2,ft/s,,,Unspecified,Unspecified,Unspecified,Unspecified,Unspecified,Unknown,Wading,2026-07-08T18:15:47.402049+00:00,point_velocity,Unspecified
05471000,POINT (-93.5959722222222 42.0082222222222),2e32f4da-542a-4ba3-8d20-46f97f24468e,USGS-05471000,4e65658b-05fd-c95d-e053-0100007f85d1,365,1976-10-20T19:40:00+00:00,Imported Channel 1,0.04,ft^3/s,,,,,,,,ft,Unspecified,Unspecified,Unspecified,Unspecified,Unspecified,Unknown,Unspecified,2026-07-08T18:15:47.402049+00:00,other_method,Unspecified
05471000,POINT (-93.5959722222222 42.0082222222222),2e4754c1-d44c-47f0-8d25-151f165a3f67,USGS-05471000,4e658e98-3fca-de47-e053-0100007f822b,541,2006-06-15T15:39:00+00:00,Imported Channel 1,159,ft^3/s,115,ft,122,ft^2,1.30,ft/s,,,Unspecified,Unspecified,Unspecified,Unspecified,Unspecified,Unknown,Wading,2026-07-08T18:15:47.402049+00:00,point_velocity,Unspecified
05471000,POINT (-93.5959722222222 42.0082222222222),2e7508dd-cbe1-4d03-bdbd-7e4c78b34755,USGS-05471000,4e655cd7-1b06-c545-e053-0100007f6e25,121,1961-01-03T20:55:00+00:00,Imported Channel 1,22.7,ft^3/s,81.0,ft,30.0,ft^2,0.76,ft/s,,,Unspecified,Unspecified,Unspecified,Unspecified,Unspecified,Unknown,Wading,2026-07-08T18:15:47.402049+00:00,point_velocity,Unspecified
05471000,POINT (-93.5959722222222 42.0082222222222),2e861c6b-7e96-4a97-a2ea-08948dfa7e55,USGS-05471000,4e657582-1164-d1ab-e053-0100007f4fbd,324,1973-09-30T15:45:00+00:00,Imported Channel 1,3490,ft^3/s,162,ft,1110,ft^2,3.05,ft/s,,,Unspecified,Unspecified,Unspecified,Unspecified,Unspecified,Unknown,BridgeCrane,2026-07-08T18:15:47.402049+00:00,point_velocity,Unspecified
05471000,POINT (-93.5959722222222 42.0082222222222),2e894c50-d59a-441f-a8b2-1a9551964681,USGS-05471000,4e6571ec-9bd7-d01c-e053-0100007f5df2,29,1954-03-01T17:45:00+00:00,Imported Channel 1,3.49,ft^3/s,16.0,ft,6.11,ft^2,0.57,ft/s,,,Unspecified,Unspecified,Unspecified,Unspecified,Unspecified,Unknown,Wading,2026-07-08T18:15:47.402049+00:00,point_velocity,Unspecified
05471000,POINT (-93.5959722222222 42.0082222222222),2f9931ac-f110-4bbd-8b2a-89a2b2b31036,USGS-05471000,4e65835f-513e-d8a9-e053-0100007f4ab1,380,1978-01-12T19:30:00+00:00,Imported Channel 1,58.1,ft^3/s,100,ft,86.2,ft^2,0.67,ft/s,,,Unspecified,Unspecified,Unspecified,Unspecified,Unspecified,Unknown,Ice,2026-07-08T18:15:47.402049+00:00,point_velocity,Unspecified
05471000,POINT (-93.5959722222222 42.0082222222222),2f9d6a0f-dcac-4df6-ae16-d2433829bf82,USGS-05471000,4e658789-4931-daa3-e053-0100007f15b5,611,2013-11-20T18:54:00+00:00,Below Ames,1.57,ft^3/s,18.5,ft,9.66,ft^2,0.16,ft/s,1320.00,ft,Firm,Sand,Even,Even,Uniform,Unknown,Wading,2026-07-08T18:15:47.402049+00:00,point_velocity,Upstream
05471000,POINT (-93.5959722222222 42.0082222222222),31155300-6c2a-4d9a-a39f-c77e9034129b,USGS-05471000,4e6578fe-2da1-d388-e053-0100007f2584,266,1970-01-30T15:15:00+00:00,Imported Channel 1,18.9,ft^3/s,50.0,ft,37.9,ft^2,0.50,ft/s,,,Unspecified,Unspecified,Unspecified,Unspecified,Unspecified,Unknown,Wading,2026-07-08T18:15:47.402049+00:00,point_velocity,Unspecified
05471000,POINT (-93.5959722222222 42.0082222222222),313dc5c4-d1e9-4c6f-9e98-7fafe68e88f4,USGS-05471000,4e6586a3-acaf-da37-e053-0100007f6ed1,519,2003-11-19T22:20:00+00:00,Imported Channel 1,19.0,ft^3/s,56.0,ft,27.7,ft^2,0.69,ft/s,,,Unspecified,Unspecified,Unspecified,Unspecified,Unspecified,Unknown,Wading,2026-07-08T18:15:47.402049+00:00,point_velocity,Unspecified
05471000,POINT (-93.5959722222222 42.0082222222222),3198b928-7f94-4bea-820c-e69301a58772,USGS-05471000,4e65720b-e8ab-d01e-e053-0100007f25e6,287,1971-02-18T20:00:00+00:00,Imported Channel 1,1360,ft^3/s,130,ft,529,ft^2,2.57,ft/s,,,Unspecified,Unspecified,Unspecified,Unspecified,Unspecified,Unknown,BridgeCrane,2026-07-08T18:15:47.402049+00:00,point_velocity,Unspecified
05471000,POINT (-93.5959722222222 42.0082222222222),31eeaec2-dd0d-4e9a-b517-30801cfbc707,USGS-05471000,4e657a73-3177-d35e-e053-0100007ff292,477,1998-12-16T17:25:00+00:00,Imported Channel 1,73.7,ft^3/s,58.0,ft,64.7,ft^2,1.14,ft/s,,,Unspecified,Unspecified,Unspecified,Unspecified,Unspecified,Unknown,Wading,2026-07-08T18:15:47.402049+00:00,point_velocity,Unspecified
05471000,POINT (-93.5959722222222 42.0082222222222),3226a65c-aa30-4418-9ee1-f907397dbbd3,USGS-05471000,4e65835f-515c-d8a9-e053-0100007f4ab1,514,2003-06-17T13:05:00+00:00,Imported Channel 1,277,ft^3/s,134,ft,181,ft^2,1.53,ft/s,,,Unspecified,Unspecified,Unspecified,Unspecified,Unspecified,Unknown,Wading,2026-07-08T18:15:47.402049+00:00,point_velocity,Unspecified
05471000,POINT (-93.5959722222222 42.0082222222222),32a622fb-f3a3-4b5c-9980-a0035034f22e,USGS-05471000,4e6580da-9e16-d710-e053-0100007f686b,374,1977-08-25T18:55:00+00:00,Imported Channel 1,179,ft^3/s,126,ft,190,ft^2,0.94,ft/s,,,Unspecified,Unspecified,Unspecified,Unspecified,Unspecified,Unknown,Wading,2026-07-08T18:15:47.402049+00:00,point_velocity,Unspecified
05471000,POINT (-93.5959722222222 42.0082222222222),32b33bdf-bba6-4033-a45e-d5d5e3f8c2c3,USGS-05471000,4e656ad0-3f7b-cc4b-e053-0100007fd04c,313,1972-10-18T19:30:00+00:00,Imported Channel 1,248,ft^3/s,126,ft,143,ft^2,1.73,ft/s,,,Unspecified,Unspecified,Unspecified,Unspecified,Unspecified,Unknown,Wading,2026-07-08T18:15:47.402049+00:00,point_velocity,Unspecified
05471000,POINT (-93.5959722222222 42.0082222222222),32ea0e1d-69bc-43dd-b616-3b6cc2efa618,USGS-05471000,4e65838b-6e75-d873-e053-0100007f9c4b,359,1976-05-10T18:50:00+00:00,Imported Channel 1,276,ft^3/s,106,ft,150,ft^2,1.84,ft/s,,,Unspecified,Unspecified,Unspecified,Unspecified,Unspecified,Unknown,Wading,2026-07-08T18:15:47.402049+00:00,point_velocity,Unspecified
05471000,POINT (-93.5959722222222 42.0082222222222),3382083b-8900-49d0-bc47-d162b653dc40,USGS-05471000,4e656510-fc0d-c92e-e053-0100007fbdeb,92,1959-02-27T20:40:00+00:00,Imported Channel 1,5.05,ft^3/s,13.0,ft,4.90,ft^2,1.03,ft/s,,,Unspecified,Unspecified,Unspecified,Unspecified,Unspecified,Unknown,Wading,2026-07-08T18:15:47.402049+00:00,point_velocity,Unspecified
05471000,POINT (-93.5959722222222 42.0082222222222),33b3aa9d-c794-4943-8b49-3f1d2fa27569,USGS-05471000,4e658038-fe3b-d72c-e053-0100007fa188,311,1972-07-27T19:00:00+00:00,Imported Channel 1,136,ft^3/s,64.0,ft,94.5,ft^2,1.44,ft/s,,,Unspecified,Unspecified,Unspecified,Unspecified,Unspecified,Unknown,Wading,2026-07-08T18:15:47.402049+00:00,point_velocity,Unspecified
05471000,POINT (-93.5959722222222 42.0082222222222),33bf3892-34fc-482a-8453-ee99142389d4,USGS-05471000,4e657fa5-efbe-d70a-e053-0100007f2945,240,1968-06-27T17:00:00+00:00,Imported Channel 1,1930,ft^3/s,149,ft,714,ft^2,2.70,ft/s,,,Unspecified,Unspecified,Unspecified,Unspecified,Unspecified,Unknown,BridgeCrane,2026-07-08T18:15:47.402049+00:00,point_velocity,Unspecified
05471000,POINT (-93.5959722222222 42.0082222222222),34985563-af2b-4561-830c-ad8f20f7cdb9,USGS-05471000,4e656dd8-345d-cdf3-e053-0100007f8f83,17,1953-02-02T18:10:00+00:00,Imported Channel 1,3.95,ft^3/s,14.0,ft,8.45,ft^2,0.47,ft/s,,,Unspecified,Unspecified,Unspecified,Unspecified,Unspecified,Unknown,Wading,2026-07-08T18:15:47.402049+00:00,point_velocity,Unspecified
05471000,POINT (-93.5959722222222 42.0082222222222),359e11a6-5978-4fb7-b8d1-1e8a4c4e503a,USGS-05471000,4e65721e-2365-d01a-e053-0100007f22a5,75,1958-01-06T19:15:00+00:00,Imported Channel 1,91.3,ft^3/s,55.0,ft,84.2,ft^2,1.08,ft/s,,,Unspecified,Unspecified,Unspecified,Unspecified,Unspecified,Unknown,Ice,2026-07-08T18:15:47.402049+00:00,point_velocity,Unspecified
05471000,POINT (-93.5959722222222 42.0082222222222),35cfb17c-cc86-4c8b-80f6-a9bb3585d636,USGS-05471000,4e658a68-bd9a-dc0f-e053-0100007f2be2,518,2003-10-07T15:15:00+00:00,Imported Channel 1,0.00,ft^3/s,,,,,,,,ft,Unspecified,Unspecified,Unspecified,Unspecified,Unspecified,Unknown,Unspecified,2026-07-08T18:15:47.402049+00:00,other_method,Unspecified
05471000,POINT (-93.5959722222222 42.0082222222222),35f01e99-bab1-4197-a4e4-6c13a6533be7,USGS-05471000,4e65a378-0047-e876-e053-0100007f880f,590,2011-09-13T14:26:00+00:00,Imported Channel 1,4.02,ft^3/s,22.0,ft,7.21,ft^2,0.56,ft/s,1320.00,ft,Unspecified,Sand,Unspecified,Unspecified,Unspecified,Unknown,Wading,2026-07-08T18:15:47.402049+00:00,point_velocity,Upstream
05471000,POINT (-93.5959722222222 42.0082222222222),3642280a-2e98-4322-be79-8a78b622fa50,USGS-05471000,608bd9bb-c341-4647-b71d-f9548df44011,704,2024-04-29T18:35:46+00:00,main,620,ft^3/s,119,ft,278,ft^2,2.23,ft/s,0.00,ft,Firm,Sand,Even,Even,Uniform,Steady,BridgeDownstreamSide,2026-07-08T18:15:47.402049+00:00,adcp,AtTheGage
05471000,POINT (-93.5959722222222 42.0082222222222),3725424d-db24-4cc2-a337-d19b7d6fd4d9,USGS-05471000,4e65585f-71db-c2ed-e053-0100007f28b3,182,1964-11-30T17:45:00+00:00,Imported Channel 1,0.23,ft^3/s,14.0,ft,2.61,ft^2,0.09,ft/s,,,Unspecified,Unspecified,Unspecified,Unspecified,Unspecified,Unknown,Wading,2026-07-08T18:15:47.402049+00:00,point_velocity,Unspecified
05471000,POINT (-93.5959722222222 42.0082222222222),3783c7ee-cdfd-47ae-82ba-575e8426e7b9,USGS-05471000,037b6849-279c-4ce9-b77f-23ce60010731,707,2024-10-02T18:59:20+00:00,main,4.11,ft^3/s,11.2,ft,3.90,ft^2,1.05,ft/s,0.00,ft,Firm,Sand,Even,Even,Uniform,Steady,Wading,2026-07-08T18:15:47.402049+00:00,point_velocity,AtTheGage
05471000,POINT (-93.5959722222222 42.0082222222222),37d4fca9-5632-4a92-abe7-7deac90bba77,USGS-05471000,4e657889-545b-d32c-e053-0100007f5dd3,166,1963-11-07T16:00:00+00:00,Imported Channel 1,2.47,ft^3/s,6.40,ft,2.13,ft^2,1.16,ft/s,,,Unspecified,Unspecified,Unspecified,Unspecified,Unspecified,Unknown,Wading,2026-07-08T18:15:47.402049+00:00,point_velocity,Unspecified
05471000,POINT (-93.5959722222222 42.0082222222222),37d6de90-38f0-4681-8658-bed391255892,USGS-05471000,4e655934-f336-c381-e053-0100007f0ece,153,1962-10-29T20:35:00+00:00,Imported Channel 1,55.2,ft^3/s,66.0,ft,40.5,ft^2,1.36,ft/s,,,Unspecified,Unspecified,Unspecified,Unspecified,Unspecified,Unknown,Wading,2026-07-08T18:15:47.402049+00:00,point_velocity,Unspecified
05471000,POINT (-93.5959722222222 42.0082222222222),3853dff9-1cc0-4ab8-b1d7-cceb3fbe8be8,USGS-05471000,4e657902-8a62-d394-e053-0100007f8164,144,1962-05-01T20:30:00+00:00,Imported Channel 1,351,ft^3/s,98.0,ft,174,ft^2,2.02,ft/s,,,Unspecified,Unspecified,Unspecified,Unspecified,Unspecified,Unknown,Wading,2026-07-08T18:15:47.402049+00:00,point_velocity,Unspecified
05471000,POINT (-93.5959722222222 42.0082222222222),387c24ff-198d-4ac0-a8e4-7ef05d51d24c,USGS-05471000,4e658c9b-bc69-dd19-e053-0100007f99f3,394,1979-01-09T21:10:00+00:00,Imported Channel 1,39.5,ft^3/s,88.0,ft,37.8,ft^2,1.04,ft/s,,,Unspecified,Unspecified,Unspecified,Unspecified,Unspecified,Unknown,Ice,2026-07-08T18:15:47.402049+00:00,point_velocity,Unspecified
05471000,POINT (-93.5959722222222 42.0082222222222),391b0645-3988-4649-9672-cd1b94747c6d,USGS-05471000,4e657973-7d0b-d32a-e053-0100007fa4da,151,1962-10-01T19:30:00+00:00,Imported Channel 1,46.3,ft^3/s,50.0,ft,35.0,ft^2,1.32,ft/s,,,Unspecified,Unspecified,Unspecified,Unspecified,Unspecified,Unknown,Wading,2026-07-08T18:15:47.402049+00:00,point_velocity,Unspecified
05471000,POINT (-93.5959722222222 42.0082222222222),391fa154-023f-4830-878d-6f7322223190,USGS-05471000,4e659c5c-d8ff-e547-e053-0100007f6a26,528,2004-12-16T21:00:00+00:00,Imported Channel 1,44.0,ft^3/s,54.0,ft,42.4,ft^2,1.04,ft/s,,,Unspecified,Unspecified,Unspecified,Unspecified,Unspecified,Unknown,Ice,2026-07-08T18:15:47.402049+00:00,point_velocity,Unspecified
05471000,POINT (-93.5959722222222 42.0082222222222),393f3f6f-dd5c-40a0-acb2-ce2e4fdddbd3,USGS-05471000,4e6586a3-acb0-da37-e053-0100007f6ed1,520,2004-01-06T14:20:00+00:00,Imported Channel 1,30.2,ft^3/s,45.0,ft,69.6,ft^2,0.43,ft/s,,,Unspecified,Unspecified,Unspecified,Unspecified,Unspecified,Unknown,Ice,2026-07-08T18:15:47.402049+00:00,point_velocity,Unspecified
05471000,POINT (-93.5959722222222 42.0082222222222),39841b60-de22-4cdc-a3f1-efa6450e266f,USGS-05471000,4e6587c4-e025-dabb-e053-0100007fa75f,469,1998-03-12T13:55:00+00:00,Imported Channel 1,166,ft^3/s,155,ft,195,ft^2,0.85,ft/s,,,Unspecified,Unspecified,Unspecified,Unspecified,Unspecified,Unknown,Wading,2026-07-08T18:15:47.402049+00:00,point_velocity,Unspecified
05471000,POINT (-93.5959722222222 42.0082222222222),39a184cf-dbfc-468c-a9c6-4dcf5026abf9,USGS-05471000,4e65876c-bcc1-da9f-e053-0100007f1dbd,533,2005-07-21T12:06:00+00:00,Imported Channel 1,106,ft^3/s,136,ft,98.1,ft^2,1.08,ft/s,,,Unspecified,Unspecified,Unspecified,Unspecified,Unspecified,Unknown,Wading,2026-07-08T18:15:47.402049+00:00,point_velocity,Unspecified
05471000,POINT (-93.5959722222222 42.0082222222222),39d3f2fb-256a-4bf1-bc08-22b4536941fe,USGS-05471000,4e65835f-5129-d8a9-e053-0100007f4ab1,289,1971-03-12T19:05:00+00:00,Imported Channel 1,1810,ft^3/s,153,ft,718,ft^2,2.52,ft/s,,,Unspecified,Unspecified,Unspecified,Unspecified,Unspecified,Unknown,BridgeCrane,2026-07-08T18:15:47.402049+00:00,point_velocity,Unspecified
05471000,POINT (-93.5959722222222 42.0082222222222),3a590d22-04a0-427c-8383-06c82e8ccc73,USGS-05471000,4e657822-81cc-d225-e053-0100007f5a56,100,1959-06-19T19:40:00+00:00,Imported Channel 1,145,ft^3/s,61.0,ft,79.9,ft^2,1.81,ft/s,,,Unspecified,Unspecified,Unspecified,Unspecified,Unspecified,Unknown,Wading,2026-07-08T18:15:47.402049+00:00,point_velocity,Unspecified
05471000,POINT (-93.5959722222222 42.0082222222222),3a5d2f08-9d8f-42d3-9b52-c9d52cfbf8b6,USGS-05471000,4e656f40-3254-ce82-e053-0100007f86a1,73,1957-11-04T15:15:00+00:00,Imported Channel 1,110,ft^3/s,50.0,ft,66.0,ft^2,1.67,ft/s,,,Unspecified,Unspecified,Unspecified,Unspecified,Unspecified,Unknown,Wading,2026-07-08T18:15:47.402049+00:00,point_velocity,Unspecified
05471000,POINT (-93.5959722222222 42.0082222222222),3afc5f58-3760-4ec8-9315-801712451db7,USGS-05471000,4e655bec-284f-c4d9-e053-0100007f7ca7,190,1965-04-09T16:05:00+00:00,Imported Channel 1,3390,ft^3/s,159,ft,1540,ft^2,2.20,ft/s,,,Unspecified,Unspecified,Unspecified,Unspecified,Unspecified,Unknown,BridgeCrane,2026-07-08T18:15:47.402049+00:00,point_velocity,Unspecified
05471000,POINT (-93.5959722222222 42.0082222222222),3b2fde3a-bff7-4ea3-b161-826e912debec,USGS-05471000,4e658788-3291-da6f-e053-0100007f0b10,488,2000-04-19T21:37:00+00:00,Imported Channel 1,13.2,ft^3/s,34.0,ft,18.4,ft^2,0.72,ft/s,,,Unspecified,Unspecified,Unspecified,Unspecified,Unspecified,Unknown,Wading,2026-07-08T18:15:47.402049+00:00,point_velocity,Unspecified
05471000,POINT (-93.5959722222222 42.0082222222222),3b5e3c9b-3afa-411c-b996-5a614e98f89a,USGS-05471000,784b924f-324a-eb26-e053-0100007fb06f,660,2018-10-15T20:25:41+00:00,Right Channel,1340,ft^3/s,120,ft,519,ft^2,2.58,ft/s,0.00,ft,Soft,Sand,Uneven,Uneven,Standard,Pulsating,BridgeDownstreamSide,2026-07-08T18:15:47.402049+00:00,adcp,AtTheGage
05471000,POINT (-93.5959722222222 42.0082222222222),3c045a4b-01ee-4d10-a224-33b52dfc5adf,USGS-05471000,4e656df3-4714-cc6b-e053-0100007f7f1d,52,1955-10-31T17:10:00+00:00,Imported Channel 1,0.46,ft^3/s,5.10,ft,0.92,ft^2,0.50,ft/s,,,Unspecified,Unspecified,Unspecified,Unspecified,Unspecified,Unknown,Wading,2026-07-08T18:15:47.402049+00:00,point_velocity,Unspecified
05471000,POINT (-93.5959722222222 42.0082222222222),3c8848f2-a380-4c57-a9d6-d3e5b5c20a8a,USGS-05471000,4e659d02-d32b-e59f-e053-0100007f4be2,636,2016-04-04T22:10:30+00:00,Sk Below,632,ft^3/s,117,ft,343,ft^2,1.84,ft/s,1200.00,ft,Soft,Sand,Uneven,Uneven,Standard,Unknown,BridgeDownstreamSide,2026-07-08T18:15:47.402049+00:00,adcp,Upstream
05471000,POINT (-93.5959722222222 42.0082222222222),3ce9893e-e256-4b24-88d3-c0f0f2cf37c6,USGS-05471000,4e658005-752e-d712-e053-0100007fe7c0,232A,1968-01-02T19:25:00+00:00,Imported Channel 1,0.00,ft^3/s,30.0,ft,1.78,ft^2,0.00,ft/s,,,Unspecified,Unspecified,Unspecified,Unspecified,Unspecified,Unknown,Ice,2026-07-08T18:15:47.402049+00:00,point_velocity,Unspecified
05471000,POINT (-93.5959722222222 42.0082222222222),3cfcf985-e892-4755-9376-7d93bc65bc33,USGS-05471000,4e65752d-efe8-d169-e053-0100007f74ab,259,1969-07-31T15:50:00+00:00,Imported Channel 1,910,ft^3/s,150,ft,410,ft^2,2.22,ft/s,,,Unspecified,Unspecified,Unspecified,Unspecified,Unspecified,Unknown,BridgeCrane,2026-07-08T18:15:47.402049+00:00,point_velocity,Unspecified
05471000,POINT (-93.5959722222222 42.0082222222222),3d26c2cc-8de1-4844-b5de-cda7c8613c87,USGS-05471000,4e655f68-4af7-c667-e053-0100007f9e3c,178,1964-08-13T15:45:00+00:00,Imported Channel 1,8.18,ft^3/s,19.0,ft,10.8,ft^2,0.76,ft/s,,,Unspecified,Unspecified,Unspecified,Unspecified,Unspecified,Unknown,Wading,2026-07-08T18:15:47.402049+00:00,point_velocity,Unspecified
05471000,POINT (-93.5959722222222 42.0082222222222),3e1d6745-9cc4-4eff-b946-0f89f11dacfb,USGS-05471000,4e6586a3-ac95-da37-e053-0100007f6ed1,385,1978-04-18T23:40:00+00:00,Imported Channel 1,3590,ft^3/s,165,ft,1050,ft^2,3.42,ft/s,,,Unspecified,Unspecified,Unspecified,Unspecified,Unspecified,Unknown,BridgeCrane,2026-07-08T18:15:47.402049+00:00,point_velocity,Unspecified
05471000,POINT (-93.5959722222222 42.0082222222222),3ecbec6a-7538-4fb3-8280-efebac0a04e1,USGS-05471000,4e6551b5-d1c2-bf57-e053-0100007f3c2d,141,1962-03-23T17:30:00+00:00,Imported Channel 1,4510,ft^3/s,178,ft,1780,ft^2,2.54,ft/s,,,Unspecified,Unspecified,Unspecified,Unspecified,Unspecified,Unknown,BridgeCrane,2026-07-08T18:15:47.402049+00:00,point_velocity,Unspecified
05471000,POINT (-93.5959722222222 42.0082222222222),3f0c7fde-218b-451e-812a-0cf800dfd7a9,USGS-05471000,4e659298-7572-e07f-e053-0100007f539c,614,2014-02-26T17:51:00+00:00,Skunk Below,0.00,ft^3/s,,,,,,,,ft,Unspecified,Unspecified,Unspecified,Unspecified,Unspecified,Unknown,Other,2026-07-08T18:15:47.402049+00:00,other_method,AtTheGage
05471000,POINT (-93.5959722222222 42.0082222222222),3f77263c-3226-411c-83fd-ac892e1db36e,USGS-05471000,4e65acee-ad66-ec3e-e053-0100007f071f,644,2017-03-07T13:27:10+00:00,Sk. Below,648,ft^3/s,128,ft,326,ft^2,1.99,ft/s,800.00,ft,Soft,Sand,Uneven,Uneven,Standard,Unknown,BridgeDownstreamSide,2026-07-08T18:15:47.402049+00:00,adcp,Upstream
05471000,POINT (-93.5959722222222 42.0082222222222),3f7f74f4-fc0c-4a2f-add7-d9523db8b2e5,USGS-05471000,4e6587b1-9abf-da55-e053-0100007fe6db,372,1977-08-10T18:30:00+00:00,Imported Channel 1,1860,ft^3/s,175,ft,962,ft^2,1.94,ft/s,,,Unspecified,Unspecified,Unspecified,Unspecified,Unspecified,Unknown,BridgeCrane,2026-07-08T18:15:47.402049+00:00,point_velocity,Unspecified
05471000,POINT (-93.5959722222222 42.0082222222222),4046f842-9f2a-4d37-8ae8-82f4ec1150ad,USGS-05471000,4e6573ca-c640-d0a9-e053-0100007f81c9,198,1965-10-07T18:45:00+00:00,Imported Channel 1,439,ft^3/s,95.0,ft,180,ft^2,2.44,ft/s,,,Unspecified,Unspecified,Unspecified,Unspecified,Unspecified,Unknown,Wading,2026-07-08T18:15:47.402049+00:00,point_velocity,Unspecified
05471000,POINT (-93.5959722222222 42.0082222222222),40b8a813-1d26-48ef-9f55-36cfef615307,USGS-05471000,4e657622-3ef3-d195-e053-0100007fa0d4,414,1992-08-24T19:00:00+00:00,Imported Channel 1,73.4,ft^3/s,47.0,ft,57.7,ft^2,1.27,ft/s,,,Unspecified,Unspecified,Unspecified,Unspecified,Unspecified,Unknown,Wading,2026-07-08T18:15:47.402049+00:00,point_velocity,Unspecified
05471000,POINT (-93.5959722222222 42.0082222222222),40bfa570-a321-4432-90c1-255935d5e9da,USGS-05471000,4e657892-63f4-d330-e053-0100007f2b61,281,1970-10-21T15:30:00+00:00,Imported Channel 1,198,ft^3/s,106,ft,119,ft^2,1.66,ft/s,,,Unspecified,Unspecified,Unspecified,Unspecified,Unspecified,Unknown,Wading,2026-07-08T18:15:47.402049+00:00,point_velocity,Unspecified
05471000,POINT (-93.5959722222222 42.0082222222222),40e1159c-420c-463f-a73a-e423647ab7c1,USGS-05471000,4e658e08-d6ce-de10-e053-0100007f791c,548,2007-03-14T19:56:00+00:00,Imported Channel 1,5980,ft^3/s,267,ft,1810,ft^2,3.31,ft/s,,,Unspecified,Unspecified,Unspecified,Unspecified,Unspecified,Unknown,Wading,2026-07-08T18:15:47.402049+00:00,point_velocity,Unspecified
05471000,POINT (-93.5959722222222 42.0082222222222),40ec00ed-930b-494b-9164-b45dd87a205c,USGS-05471000,b5a73b48-17bb-4257-92ba-00055ae7c227,706,2024-08-13T17:47:50+00:00,main,82.8,ft^3/s,54.4,ft,83.5,ft^2,0.99,ft/s,0.00,ft,Firm,Cobbles,Uneven,Even,Standard,Steady,Wading,2026-07-08T18:15:47.402049+00:00,adcp,AtTheGage
05471000,POINT (-93.5959722222222 42.0082222222222),410a79dc-1d92-436b-9fe2-fe4edc4589fe,USGS-05471000,4e6578dc-4f70-d384-e053-0100007f0d52,294,1971-06-22T17:00:00+00:00,Imported Channel 1,81.9,ft^3/s,60.0,ft,65.4,ft^2,1.25,ft/s,,,Unspecified,Unspecified,Unspecified,Unspecified,Unspecified,Unknown,Wading,2026-07-08T18:15:47.402049+00:00,point_velocity,Unspecified
05471000,POINT (-93.5959722222222 42.0082222222222),410be6a0-2030-4db8-bec7-3020cddc8cff,USGS-05471000,4e656f28-f75e-ce80-e053-0100007fbe50,3,1942-08-31T22:00:00+00:00,Imported Channel 1,311,ft^3/s,108,ft,169,ft^2,1.84,ft/s,,,Unspecified,Unspecified,Unspecified,Unspecified,Unspecified,Unknown,Wading,2026-07-08T18:15:47.402049+00:00,point_velocity,Unspecified
05471000,POINT (-93.5959722222222 42.0082222222222),412a976f-bf8b-483b-8a7e-72a35ba6dfde,USGS-05471000,4e656dde-d5b7-cdf1-e053-0100007f2eb0,94,1959-03-16T19:30:00+00:00,Imported Channel 1,284,ft^3/s,68.0,ft,122,ft^2,2.33,ft/s,,,Unspecified,Unspecified,Unspecified,Unspecified,Unspecified,Unknown,Wading,2026-07-08T18:15:47.402049+00:00,point_velocity,Unspecified
05471000,POINT (-93.5959722222222 42.0082222222222),414d6ab2-bc1b-403d-9a08-77e599ca7d65,USGS-05471000,4e659753-6d3a-e256-e053-0100007f9c8e,492,2000-11-06T21:10:00+00:00,Imported Channel 1,92.9,ft^3/s,70.0,ft,68.4,ft^2,1.36,ft/s,,,Unspecified,Unspecified,Unspecified,Unspecified,Unspecified,Unknown,Wading,2026-07-08T18:15:47.402049+00:00,point_velocity,Unspecified
05471000,POINT (-93.5959722222222 42.0082222222222),415e9bd5-7095-4c62-bf39-fcb1c8ced993,USGS-05471000,4e6587b8-e422-dab7-e053-0100007fe134,521,2004-03-10T19:20:00+00:00,Imported Channel 1,468,ft^3/s,140,ft,316,ft^2,1.48,ft/s,,,Unspecified,Unspecified,Unspecified,Unspecified,Unspecified,Unknown,Wading,2026-07-08T18:15:47.402049+00:00,point_velocity,Unspecified
05471000,POINT (-93.5959722222222 42.0082222222222),417d09a8-82bd-4833-b034-9a4133bd3ff0,USGS-05471000,4e654e2f-2f64-bd5b-e053-0100007f5551,255,1969-04-30T18:20:00+00:00,Imported Channel 1,453,ft^3/s,119,ft,230,ft^2,1.89,ft/s,,,Unspecified,Unspecified,Unspecified,Unspecified,Unspecified,Unknown,Wading,2026-07-08T18:15:47.402049+00:00,point_velocity,Unspecified
05471000,POINT (-93.5959722222222 42.0082222222222),418399f8-e7ec-4753-9c5d-f41bf69bc34d,USGS-05471000,4e657590-b338-d167-e053-0100007faf79,168,1964-02-05T23:30:00+00:00,Imported Channel 1,12.0,ft^3/s,44.0,ft,43.7,ft^2,0.28,ft/s,,,Unspecified,Unspecified,Unspecified,Unspecified,Unspecified,Unknown,Wading,2026-07-08T18:15:47.402049+00:00,point_velocity,Unspecified
05471000,POINT (-93.5959722222222 42.0082222222222),4206f6ec-e89d-49ab-939e-065f1594cc41,USGS-05471000,4e656e1d-5de3-cc69-e053-0100007fafdf,78,1958-04-17T17:45:00+00:00,Imported Channel 1,716,ft^3/s,105,ft,314,ft^2,2.28,ft/s,,,Unspecified,Unspecified,Unspecified,Unspecified,Unspecified,Unknown,BridgeCrane,2026-07-08T18:15:47.402049+00:00,point_velocity,Unspecified
05471000,POINT (-93.5959722222222 42.0082222222222),42525665-99f2-4a0a-ab8e-baff2406fa9d,USGS-05471000,75137394-fbdd-dc86-e053-0100007ff850,659,2018-09-04T19:36:53+00:00,Right Channel,1280,ft^3/s,125,ft,496,ft^2,2.58,ft/s,0.00,ft,Soft,Sand,Uneven,Uneven,Standard,Pulsating,BridgeDownstreamSide,2026-07-08T18:15:47.402049+00:00,adcp,AtTheGage
05471000,POINT (-93.5959722222222 42.0082222222222),431ad364-d34c-4a19-b268-3cadfa7ecd9e,USGS-05471000,4e659441-1327-e079-e053-0100007ff337,568,2009-06-24T18:55:00+00:00,Imported Channel 1,1250,ft^3/s,183,ft,539,ft^2,2.33,ft/s,1320.00,ft,Firm,Sand,Uneven,Unspecified,Unspecified,Unknown,BridgeUpstreamSide,2026-07-08T18:15:47.402049+00:00,adcp,Upstream
05471000,POINT (-93.5959722222222 42.0082222222222),43289963-6872-4e48-952c-4d8c413f269b,USGS-05471000,4e656ec9-0047-ce84-e053-0100007f668b,97,1959-04-22T17:00:00+00:00,Imported Channel 1,483,ft^3/s,81.0,ft,204,ft^2,2.37,ft/s,,,Unspecified,Unspecified,Unspecified,Unspecified,Unspecified,Unknown,Wading,2026-07-08T18:15:47.402049+00:00,point_velocity,Unspecified
05471000,POINT (-93.5959722222222 42.0082222222222),434d6bc6-e4ca-4f8c-bdbc-0a810f96b0da,USGS-05471000,adb80873-d46b-4565-bd63-f44acc925b9f,699,2023-08-29T18:57:39+00:00,main,9.84,ft^3/s,14.0,ft,5.94,ft^2,1.66,ft/s,75.00,ft,Firm,Sand,Even,Even,Uniform,Steady,Wading,2026-07-08T18:15:47.402049+00:00,point_velocity,Downstream
05471000,POINT (-93.5959722222222 42.0082222222222),437d0bc9-ccf9-4286-94c0-5dd5a96957a0,USGS-05471000,4e65720b-e8aa-d01e-e053-0100007f25e6,286,1971-01-27T20:00:00+00:00,Imported Channel 1,55.6,ft^3/s,53.0,ft,50.9,ft^2,1.09,ft/s,,,Unspecified,Unspecified,Unspecified,Unspecified,Unspecified,Unknown,Ice,2026-07-08T18:15:47.402049+00:00,point_velocity,Unspecified
05471000,POINT (-93.5959722222222 42.0082222222222),44dfea0c-7374-4ad0-93e0-9fedcdadc137,USGS-05471000,4e65658b-05f6-c95d-e053-0100007f85d1,352,1975-09-15T15:50:00+00:00,Imported Channel 1,17.4,ft^3/s,51.0,ft,26.3,ft^2,0.66,ft/s,,,Unspecified,Unspecified,Unspecified,Unspecified,Unspecified,Unknown,Wading,2026-07-08T18:15:47.402049+00:00,point_velocity,Unspecified
05471000,POINT (-93.5959722222222 42.0082222222222),450acca6-d009-473d-aaa2-ba0f7f029891,USGS-05471000,4e656f28-f7b2-ce80-e053-0100007fbe50,303,1971-11-30T15:55:00+00:00,Imported Channel 1,14.0,ft^3/s,28.5,ft,10.2,ft^2,1.37,ft/s,,,Unspecified,Unspecified,Unspecified,Unspecified,Unspecified,Unknown,Wading,2026-07-08T18:15:47.402049+00:00,point_velocity,Unspecified
05471000,POINT (-93.5959722222222 42.0082222222222),454aa5b6-cd0e-45a2-a565-847893d3c072,USGS-05471000,4e65658b-05be-c95d-e053-0100007f85d1,123,1961-02-14T18:15:00+00:00,Imported Channel 1,94.1,ft^3/s,104,ft,108,ft^2,0.87,ft/s,,,Unspecified,Unspecified,Unspecified,Unspecified,Unspecified,Unknown,Wading,2026-07-08T18:15:47.402049+00:00,point_velocity,Unspecified
05471000,POINT (-93.5959722222222 42.0082222222222),457d1ecc-2149-4b52-92d5-dbd705ba60cb,USGS-05471000,4e655bec-2864-c4d9-e053-0100007f7ca7,285,1971-01-08T15:45:00+00:00,Imported Channel 1,44.4,ft^3/s,106,ft,49.5,ft^2,0.90,ft/s,,,Unspecified,Unspecified,Unspecified,Unspecified,Unspecified,Unknown,Ice,2026-07-08T18:15:47.402049+00:00,point_velocity,Unspecified
05471000,POINT (-93.5959722222222 42.0082222222222),45f388d9-3ba2-4a61-b5d1-40a40ad7668e,USGS-05471000,4e658005-754e-d712-e053-0100007fe7c0,433,1994-07-05T17:20:00+00:00,Imported Channel 1,891,ft^3/s,141,ft,420,ft^2,2.12,ft/s,,,Unspecified,Unspecified,Unspecified,Unspecified,Unspecified,Unknown,Wading,2026-07-08T18:15:47.402049+00:00,point_velocity,Unspecified
05471000,POINT (-93.5959722222222 42.0082222222222),464c79bc-c2ea-4d35-83d5-c5e174891dd6,USGS-05471000,4e657a73-316f-d35e-e053-0100007ff292,430,1994-05-31T16:20:00+00:00,Imported Channel 1,109,ft^3/s,64.0,ft,72.6,ft^2,1.50,ft/s,,,Unspecified,Unspecified,Unspecified,Unspecified,Unspecified,Unknown,Wading,2026-07-08T18:15:47.402049+00:00,point_velocity,Unspecified
05471000,POINT (-93.5959722222222 42.0082222222222),469bbb28-9957-4e80-84de-60c167f6e7d7,USGS-05471000,4e65790c-b2b5-d358-e053-0100007f67a3,462,1997-06-25T13:35:00+00:00,Imported Channel 1,1180,ft^3/s,190,ft,437,ft^2,2.70,ft/s,,,Unspecified,Unspecified,Unspecified,Unspecified,Unspecified,Unknown,BridgeCrane,2026-07-08T18:15:47.402049+00:00,point_velocity,Unspecified
05471000,POINT (-93.5959722222222 42.0082222222222),4771b038-90de-4e20-b918-bd6b53254d2e,USGS-05471000,4e6578d0-52cf-d382-e053-0100007f103c,283,1970-12-01T18:00:00+00:00,Imported Channel 1,304,ft^3/s,122,ft,166,ft^2,1.83,ft/s,,,Unspecified,Unspecified,Unspecified,Unspecified,Unspecified,Unknown,Wading,2026-07-08T18:15:47.402049+00:00,point_velocity,Unspecified
05471000,POINT (-93.5959722222222 42.0082222222222),47816cfa-2b74-4ffd-8baf-a1ef9be43eb3,USGS-05471000,4e6562f5-fc4f-c6bd-e053-0100007fa3bb,66,1957-06-03T16:45:00+00:00,Imported Channel 1,170,ft^3/s,72.0,ft,88.2,ft^2,1.93,ft/s,,,Unspecified,Unspecified,Unspecified,Unspecified,Unspecified,Unknown,Wading,2026-07-08T18:15:47.402049+00:00,point_velocity,Unspecified
05471000,POINT (-93.5959722222222 42.0082222222222),4904c626-e25b-48c5-8446-8dcd3b56aed7,USGS-05471000,4e657fa5-efd7-d70a-e053-0100007f2945,424,1993-07-10T18:30:00+00:00,Imported Channel 1,13600,ft^3/s,307,ft,3360,ft^2,4.05,ft/s,,,Unspecified,Unspecified,Unspecified,Unspecified,Unspecified,Unknown,BridgeCrane,2026-07-08T18:15:47.402049+00:00,point_velocity,Unspecified
05471000,POINT (-93.5959722222222 42.0082222222222),496a1fe4-fd2e-409e-b4f4-f157a15dce24,USGS-05471000,4e6575d6-684c-d1af-e053-0100007f1433,143,1962-04-16T18:20:00+00:00,Imported Channel 1,707,ft^3/s,133,ft,344,ft^2,2.06,ft/s,,,Unspecified,Unspecified,Unspecified,Unspecified,Unspecified,Unknown,BridgeCrane,2026-07-08T18:15:47.402049+00:00,point_velocity,Unspecified
05471000,POINT (-93.5959722222222 42.0082222222222),498b7fa7-8741-4221-9ba8-b26c2c50fbd4,USGS-05471000,4e656e09-f405-ce34-e053-0100007f95a9,234A,1968-03-04T20:05:00+00:00,Imported Channel 1,0.00,ft^3/s,3.00,ft,1.69,ft^2,0.00,ft/s,,,Unspecified,Unspecified,Unspecified,Unspecified,Unspecified,Unknown,Wading,2026-07-08T18:15:47.402049+00:00,point_velocity,Unspecified
05471000,POINT (-93.5959722222222 42.0082222222222),49a1698e-6227-4de0-93f9-31d544542b9c,USGS-05471000,4e6587a9-1de0-da5d-e053-0100007f6588,527,2004-11-18T17:25:00+00:00,Imported Channel 1,31.0,ft^3/s,48.0,ft,32.1,ft^2,0.97,ft/s,,,Unspecified,Unspecified,Unspecified,Unspecified,Unspecified,Unknown,Wading,2026-07-08T18:15:47.402049+00:00,point_velocity,Unspecified
05471000,POINT (-93.5959722222222 42.0082222222222),49b48b3b-9b81-40f1-95f2-553fadcd1bc9,USGS-05471000,8ed68c6b-6e6d-5b02-e053-0100007fd6ed,666,2019-07-29T17:27:42+00:00,Sk Blw,208,ft^3/s,72.3,ft,178,ft^2,1.17,ft/s,0.00,ft,Soft,Sand,Uneven,Uneven,Standard,Pulsating,BridgeDownstreamSide,2026-07-08T18:15:47.402049+00:00,adcp,AtTheGage
05471000,POINT (-93.5959722222222 42.0082222222222),49c0e083-0e2d-45f0-921e-a32430853a93,USGS-05471000,6ea2248f-376c-0f4c-e053-0100007f60df,655,2018-06-12T19:32:30+00:00,Sk. Below,459,ft^3/s,150,ft,277,ft^2,1.66,ft/s,200.00,ft,Soft,Sand,Uneven,Uneven,Standard,Pulsating,Wading,2026-07-08T18:15:47.402049+00:00,point_velocity,Upstream
05471000,POINT (-93.5959722222222 42.0082222222222),4a0b6dbf-6087-4a55-8e2e-b1107f5d032a,USGS-05471000,4e6561a5-a64f-c72f-e053-0100007f1952,133,1961-08-28T19:25:00+00:00,Imported Channel 1,42.8,ft^3/s,56.0,ft,32.8,ft^2,1.30,ft/s,,,Unspecified,Unspecified,Unspecified,Unspecified,Unspecified,Unknown,Wading,2026-07-08T18:15:47.402049+00:00,point_velocity,Unspecified
05471000,POINT (-93.5959722222222 42.0082222222222),4a86b718-ef9d-473c-b5d8-3ec0a99942b3,USGS-05471000,4e65871e-65c2-da41-e053-0100007f0654,489,2000-05-19T14:00:00+00:00,Imported Channel 1,125,ft^3/s,72.0,ft,80.3,ft^2,1.56,ft/s,,,Unspecified,Unspecified,Unspecified,Unspecified,Unspecified,Unknown,Wading,2026-07-08T18:15:47.402049+00:00,point_velocity,Unspecified
05471000,POINT (-93.5959722222222 42.0082222222222),4b227ed3-034a-480a-9519-5ff591ec4a8b,USGS-05471000,4e657c66-6011-d5b8-e053-0100007f91e5,342,1974-11-11T19:00:00+00:00,Imported Channel 1,282,ft^3/s,129,ft,163,ft^2,1.73,ft/s,,,Unspecified,Unspecified,Unspecified,Unspecified,Unspecified,Unknown,Wading,2026-07-08T18:15:47.402049+00:00,point_velocity,Unspecified
05471000,POINT (-93.5959722222222 42.0082222222222),4b7b963f-d39f-4b32-97d2-9883ab045cd9,USGS-05471000,4e655cd7-1afd-c545-e053-0100007f6e25,71,1957-09-03T16:35:00+00:00,Imported Channel 1,37.0,ft^3/s,40.0,ft,32.3,ft^2,1.15,ft/s,,,Unspecified,Unspecified,Unspecified,Unspecified,Unspecified,Unknown,Wading,2026-07-08T18:15:47.402049+00:00,point_velocity,Unspecified
05471000,POINT (-93.5959722222222 42.0082222222222),4c8e1643-fa4c-4946-8d0d-52d248a9150b,USGS-05471000,46ec2ab4-8877-4d97-8167-66de4eae4704,673,2020-07-22T21:20:30+00:00,05471000,67.8,ft^3/s,62.0,ft,50.2,ft^2,1.35,ft/s,1320.00,ft,Firm,Sand,Even,Even,Uniform,Steady,Wading,2026-07-08T18:15:47.402049+00:00,point_velocity,Downstream
05471000,POINT (-93.5959722222222 42.0082222222222),4c9ae120-3310-47d1-ade9-0b152734d7dc,USGS-05471000,4e6578c9-6240-d38a-e053-0100007f622f,437,1994-12-08T21:55:00+00:00,Imported Channel 1,175,ft^3/s,134,ft,169,ft^2,1.04,ft/s,,,Unspecified,Unspecified,Unspecified,Unspecified,Unspecified,Unknown,Wading,2026-07-08T18:15:47.402049+00:00,point_velocity,Unspecified
05471000,POINT (-93.5959722222222 42.0082222222222),4da7223f-e93c-43ef-93cd-44e192065408,USGS-05471000,4e6587a9-1dc5-da5d-e053-0100007f6588,456,1996-08-20T13:20:00+00:00,Imported Channel 1,164,ft^3/s,85.0,ft,124,ft^2,1.32,ft/s,,,Unspecified,Unspecified,Unspecified,Unspecified,Unspecified,Unknown,Wading,2026-07-08T18:15:47.402049+00:00,point_velocity,Unspecified
05471000,POINT (-93.5959722222222 42.0082222222222),4de54b94-9442-4e4f-90cd-2adf060518a6,USGS-05471000,4e65803c-e996-d718-e053-0100007f9460,427,1993-11-16T19:50:00+00:00,Imported Channel 1,209,ft^3/s,144,ft,148,ft^2,1.41,ft/s,,,Unspecified,Unspecified,Unspecified,Unspecified,Unspecified,Unknown,Wading,2026-07-08T18:15:47.402049+00:00,point_velocity,Unspecified
05471000,POINT (-93.5959722222222 42.0082222222222),4e2c0528-9628-4712-9e52-f69275b58589,USGS-05471000,4e6591b0-7ab4-dffc-e053-0100007f45ba,578,2010-07-15T19:01:00+00:00,Imported Channel 1,563,ft^3/s,160,ft,319,ft^2,1.76,ft/s,1320.00,ft,Firm,Sand,Even,Unspecified,Unspecified,Unknown,Wading,2026-07-08T18:15:47.402049+00:00,point_velocity,Upstream
05471000,POINT (-93.5959722222222 42.0082222222222),4e4db57a-6ef2-4186-8ec3-26db6c84f7c8,USGS-05471000,4e65a489-853b-e87e-e053-0100007fac9b,588,2011-08-04T14:35:00+00:00,Imported Channel 1,42.5,ft^3/s,72.0,ft,42.5,ft^2,1.00,ft/s,1500.00,ft,Firm,Sand,Even,Even,Uniform,Unknown,Wading,2026-07-08T18:15:47.402049+00:00,point_velocity,Upstream
05471000,POINT (-93.5959722222222 42.0082222222222),4e6a53b2-7eae-469c-874c-1bba7b318a66,USGS-05471000,4e657902-8a6a-d394-e053-0100007f8164,205,1966-05-06T13:20:00+00:00,Imported Channel 1,142,ft^3/s,98.0,ft,101,ft^2,1.41,ft/s,,,Unspecified,Unspecified,Unspecified,Unspecified,Unspecified,Unknown,Wading,2026-07-08T18:15:47.402049+00:00,point_velocity,Unspecified
05471000,POINT (-93.5959722222222 42.0082222222222),4ebc3bb9-5f73-45ee-a6ea-f9446d7eaf48,USGS-05471000,4e65720b-e889-d01e-e053-0100007f25e6,186,1965-03-04T15:20:00+00:00,Imported Channel 1,289,ft^3/s,82.0,ft,143,ft^2,2.02,ft/s,,,Unspecified,Unspecified,Unspecified,Unspecified,Unspecified,Unknown,Wading,2026-07-08T18:15:47.402049+00:00,point_velocity,Unspecified
05471000,POINT (-93.5959722222222 42.0082222222222),4f749c63-b781-414c-8835-4121e8023fea,USGS-05471000,4e65839c-696c-d8ab-e053-0100007f5a3a,295,1971-07-15T20:00:00+00:00,Imported Channel 1,129,ft^3/s,120,ft,90.9,ft^2,1.42,ft/s,,,Unspecified,Unspecified,Unspecified,Unspecified,Unspecified,Unknown,Wading,2026-07-08T18:15:47.402049+00:00,point_velocity,Unspecified
05471000,POINT (-93.5959722222222 42.0082222222222),4f74b0af-80c8-46d9-ab6f-04f968818ced,USGS-05471000,4e657f99-3b66-d708-e053-0100007fbf7c,369,1977-04-12T22:15:00+00:00,Imported Channel 1,5.68,ft^3/s,16.0,ft,4.53,ft^2,1.25,ft/s,,,Unspecified,Unspecified,Unspecified,Unspecified,Unspecified,Unknown,Wading,2026-07-08T18:15:47.402049+00:00,point_velocity,Unspecified
05471000,POINT (-93.5959722222222 42.0082222222222),503c8d32-807f-4fde-b1f8-47cc47f79d6f,USGS-05471000,4e657c59-c0a8-d532-e053-0100007f3c21,278,1970-08-13T14:25:00+00:00,Imported Channel 1,115,ft^3/s,100,ft,82.3,ft^2,1.40,ft/s,,,Unspecified,Unspecified,Unspecified,Unspecified,Unspecified,Unknown,Wading,2026-07-08T18:15:47.402049+00:00,point_velocity,Unspecified
05471000,POINT (-93.5959722222222 42.0082222222222),50cfb3df-40e1-4157-802c-f154039ec4eb,USGS-05471000,4e6575bb-0f5c-d193-e053-0100007f4087,425,1993-08-16T20:10:00+00:00,Imported Channel 1,13400,ft^3/s,305,ft,2950,ft^2,4.54,ft/s,,,Unspecified,Unspecified,Unspecified,Unspecified,Unspecified,Unknown,BridgeCrane,2026-07-08T18:15:47.402049+00:00,point_velocity,Unspecified
05471000,POINT (-93.5959722222222 42.0082222222222),50e94708-666a-40a3-b96a-805e055c3a39,USGS-05471000,4e6551b5-d1c4-bf57-e053-0100007f3c2d,150,1962-09-04T21:00:00+00:00,Imported Channel 1,84.9,ft^3/s,71.0,ft,55.2,ft^2,1.54,ft/s,,,Unspecified,Unspecified,Unspecified,Unspecified,Unspecified,Unknown,Wading,2026-07-08T18:15:47.402049+00:00,point_velocity,Unspecified
05471000,POINT (-93.5959722222222 42.0082222222222),513a5755-2b13-4010-b0d2-fe2dc42195d5,USGS-05471000,4e6575ed-f2ca-d1ad-e053-0100007f5dec,243,1968-09-03T16:25:00+00:00,Imported Channel 1,10.2,ft^3/s,30.0,ft,23.2,ft^2,0.44,ft/s,,,Unspecified,Unspecified,Unspecified,Unspecified,Unspecified,Unknown,Wading,2026-07-08T18:15:47.402049+00:00,point_velocity,Unspecified
05471000,POINT (-93.5959722222222 42.0082222222222),51925cc3-c2a3-4993-abfd-d6d4adab9a4e,USGS-05471000,4e657ca1-f455-d54e-e053-0100007f2424,330,1973-10-29T19:45:00+00:00,Imported Channel 1,438,ft^3/s,143,ft,224,ft^2,1.96,ft/s,,,Unspecified,Unspecified,Unspecified,Unspecified,Unspecified,Unknown,Wading,2026-07-08T18:15:47.402049+00:00,point_velocity,Unspecified
05471000,POINT (-93.5959722222222 42.0082222222222),51ae630f-c4a0-446c-8b9a-b7f23c729c6c,USGS-05471000,eedc4e2e-2138-4e56-b950-5b2bff558c0d,669,2019-12-02T18:55:02+00:00,Sk Blw,758,ft^3/s,98.7,ft,318,ft^2,2.38,ft/s,0.00,ft,Soft,Sand,Uneven,Uneven,Standard,Pulsating,BridgeDownstreamSide,2026-07-08T18:15:47.402049+00:00,adcp,AtTheGage
05471000,POINT (-93.5959722222222 42.0082222222222),51b3c121-f338-44c7-911a-e7066e7fbadb,USGS-05471000,89631465-7ed7-4a54-9337-f9c7e5d299eb,686,2022-03-01T17:41:57+00:00,Below,43.7,ft^3/s,54.0,ft,86.2,ft^2,0.51,ft/s,0.00,ft,Soft,Sand,Uneven,Uneven,Standard,Pulsating,Wading,2026-07-08T18:15:47.402049+00:00,point_velocity,AtTheGage
05471000,POINT (-93.5959722222222 42.0082222222222),51ba1d9d-d043-4205-882c-9ad419b0b1dc,USGS-05471000,580a00ec-fc4b-4c97-ba82-5fc8f8e79860,671,2020-03-10T13:40:23+00:00,Sk Blw,274,ft^3/s,97.6,ft,146,ft^2,1.88,ft/s,0.00,ft,Soft,Sand,Uneven,Uneven,Standard,Pulsating,BridgeDownstreamSide,2026-07-08T18:15:47.402049+00:00,adcp,AtTheGage
05471000,POINT (-93.5959722222222 42.0082222222222),51bd9925-b6a1-4663-99e9-2706e4eeba98,USGS-05471000,55cc6e97-b79f-4ec9-9251-d6509c5d9538,716,2026-02-03T18:44:02+00:00,main,157,ft^3/s,101,ft,113,ft^2,1.39,ft/s,75.00,ft,Firm,Sand,Even,Even,Uniform,Steady,Wading,2026-07-08T18:15:47.402049+00:00,adcp,Downstream
05471000,POINT (-93.5959722222222 42.0082222222222),51c4bca7-af56-49af-8ca1-96360bc024b8,USGS-05471000,4e65809a-7ab2-d730-e053-0100007f9098,327,1973-10-12T03:15:00+00:00,Imported Channel 1,5500,ft^3/s,279,ft,2000,ft^2,2.75,ft/s,,,Unspecified,Unspecified,Unspecified,Unspecified,Unspecified,Unknown,BridgeCrane,2026-07-08T18:15:47.402049+00:00,point_velocity,Unspecified
05471000,POINT (-93.5959722222222 42.0082222222222),52121423-7caa-4649-a9f2-25bfae18f106,USGS-05471000,4e658d54-758a-dd17-e053-0100007f243b,407,1991-11-04T19:45:00+00:00,Imported Channel 1,353,ft^3/s,132,ft,213,ft^2,1.66,ft/s,,,Unspecified,Unspecified,Unspecified,Unspecified,Unspecified,Unknown,Wading,2026-07-08T18:15:47.402049+00:00,point_velocity,Unspecified
05471000,POINT (-93.5959722222222 42.0082222222222),5266f6d9-54c1-4d4e-b44c-d29f7bb3c656,USGS-05471000,97291982-e1ad-4ac6-92a6-8887a2c6b4b7,712,2025-06-03T14:52:05+00:00,Skunk Below,425,ft^3/s,107,ft,269,ft^2,1.58,ft/s,0.00,ft,Firm,Gravel,Even,Even,Standard,Steady,BridgeDownstreamSide,2026-07-08T18:15:47.402049+00:00,adcp,AtTheGage
05471000,POINT (-93.5959722222222 42.0082222222222),52976f19-99b3-4295-bfe0-d400035ddac4,USGS-05471000,4e656f40-3283-ce82-e053-0100007f86a1,265,1970-01-09T17:35:00+00:00,Imported Channel 1,16.9,ft^3/s,58.0,ft,26.0,ft^2,0.65,ft/s,,,Unspecified,Unspecified,Unspecified,Unspecified,Unspecified,Unknown,Ice,2026-07-08T18:15:47.402049+00:00,point_velocity,Unspecified
05471000,POINT (-93.5959722222222 42.0082222222222),5391c9c2-966d-49e9-9df5-85fc2026ab32,USGS-05471000,4e6562f5-fc51-c6bd-e053-0100007fa3bb,84,1958-09-17T17:00:00+00:00,Imported Channel 1,71.9,ft^3/s,60.0,ft,53.0,ft^2,1.36,ft/s,,,Unspecified,Unspecified,Unspecified,Unspecified,Unspecified,Unknown,Wading,2026-07-08T18:15:47.402049+00:00,point_velocity,Unspecified
05471000,POINT (-93.5959722222222 42.0082222222222),53ae47cf-eb60-4eab-8419-afd0b305b4c2,USGS-05471000,4e6576e4-249f-d229-e053-0100007f6c71,61,1957-02-04T19:55:00+00:00,Imported Channel 1,1.18,ft^3/s,25.0,ft,11.8,ft^2,0.10,ft/s,,,Unspecified,Unspecified,Unspecified,Unspecified,Unspecified,Unknown,Ice,2026-07-08T18:15:47.402049+00:00,point_velocity,Unspecified
05471000,POINT (-93.5959722222222 42.0082222222222),53f48c19-c2f0-4a35-a06c-52bf94d00cee,USGS-05471000,4e656713-be08-c7e8-e053-0100007f8f1c,146,1962-05-28T20:10:00+00:00,Imported Channel 1,384,ft^3/s,100,ft,179,ft^2,2.14,ft/s,,,Unspecified,Unspecified,Unspecified,Unspecified,Unspecified,Unknown,Wading,2026-07-08T18:15:47.402049+00:00,point_velocity,Unspecified
05471000,POINT (-93.5959722222222 42.0082222222222),5418b080-09b3-43b5-807c-ddb7f0d4c798,USGS-05471000,4e65721e-2361-d01a-e053-0100007f22a5,58,1956-09-04T18:40:00+00:00,Imported Channel 1,54.9,ft^3/s,67.0,ft,50.0,ft^2,1.10,ft/s,,,Unspecified,Unspecified,Unspecified,Unspecified,Unspecified,Unknown,Wading,2026-07-08T18:15:47.402049+00:00,point_velocity,Unspecified
05471000,POINT (-93.5959722222222 42.0082222222222),5497b04e-991e-43b3-9d95-4f29ba1a2368,USGS-05471000,4e65725c-aacf-cffa-e053-0100007f83c2,20,1953-05-01T18:50:00+00:00,Imported Channel 1,1520,ft^3/s,124,ft,567,ft^2,2.68,ft/s,,,Unspecified,Unspecified,Unspecified,Unspecified,Unspecified,Unknown,BridgeCrane,2026-07-08T18:15:47.402049+00:00,point_velocity,Unspecified
05471000,POINT (-93.5959722222222 42.0082222222222),54b82ed3-3121-44a0-9006-628eba2e9364,USGS-05471000,4e6587ac-ce5d-da99-e053-0100007f129b,363,1976-08-25T19:15:00+00:00,Imported Channel 1,2.11,ft^3/s,19.0,ft,10.8,ft^2,0.19,ft/s,,,Unspecified,Unspecified,Unspecified,Unspecified,Unspecified,Unknown,Wading,2026-07-08T18:15:47.402049+00:00,point_velocity,Unspecified
05471000,POINT (-93.5959722222222 42.0082222222222),54c49210-4bce-4175-b8f2-8b991afb635d,USGS-05471000,5e0e88ac-73c0-319e-e053-0100007f8f6b,650,2017-11-14T20:46:30+00:00,Sk Below,34.7,ft^3/s,58.0,ft,38.2,ft^2,0.91,ft/s,50.00,ft,Soft,Sand,Uneven,Uneven,Standard,Pulsating,Wading,2026-07-08T18:15:47.402049+00:00,point_velocity,Upstream
05471000,POINT (-93.5959722222222 42.0082222222222),54f63eec-940e-4ecd-b2bd-d365578338da,USGS-05471000,4e65680f-02e4-caed-e053-0100007f61f1,6,1942-12-09T22:05:00+00:00,Imported Channel 1,96.4,ft^3/s,80.0,ft,81.0,ft^2,1.19,ft/s,,,Unspecified,Unspecified,Unspecified,Unspecified,Unspecified,Unknown,Ice,2026-07-08T18:15:47.402049+00:00,point_velocity,Unspecified
05471000,POINT (-93.5959722222222 42.0082222222222),550936c9-d905-4d18-afb9-342de1dc9af1,USGS-05471000,4e6571e8-38ab-cffc-e053-0100007fe6ba,59,1956-12-03T16:15:00+00:00,Imported Channel 1,4.17,ft^3/s,35.0,ft,18.9,ft^2,0.22,ft/s,,,Unspecified,Unspecified,Unspecified,Unspecified,Unspecified,Unknown,Ice,2026-07-08T18:15:47.402049+00:00,point_velocity,Unspecified
05471000,POINT (-93.5959722222222 42.0082222222222),55aa1d1f-e16b-4f69-9d24-f8830670c94d,USGS-05471000,4e657be4-1d9e-d524-e053-0100007faf2a,185,1965-03-01T22:15:00+00:00,Imported Channel 1,6380,ft^3/s,29.5,ft,1880,ft^2,3.39,ft/s,,,Unspecified,Unspecified,Unspecified,Unspecified,Unspecified,Unknown,BridgeCrane,2026-07-08T18:15:47.402049+00:00,point_velocity,Unspecified
05471000,POINT (-93.5959722222222 42.0082222222222),55d374ad-b63e-4a8e-b14b-9475f1485e8b,USGS-05471000,b42df736-761c-4921-9b96-0b7a50d9648c,719,2026-06-30T17:51:19+00:00,Skunk Below,511,ft^3/s,124,ft,269,ft^2,1.90,ft/s,0.00,ft,Firm,Sand,Even,Uneven,Standard,Pulsating,BridgeDownstreamSide,2026-07-08T18:15:47.402049+00:00,adcp,AtTheGage
05471000,POINT (-93.5959722222222 42.0082222222222),5605d926-d505-454e-8e45-95ff62c577b8,USGS-05471000,60cd3199-9455-103b-e053-0100007f186f,651,2017-12-19T14:08:00+00:00,05471000,26.6,ft^3/s,64.0,ft,36.2,ft^2,0.73,ft/s,100.00,ft,Unspecified,Sand,Even,Even,Uniform,Steady,Wading,2026-07-08T18:15:47.402049+00:00,point_velocity,Upstream
05471000,POINT (-93.5959722222222 42.0082222222222),560b903b-8b5f-49e5-ad16-30b1650ee15a,USGS-05471000,4e6597bd-dddb-e25b-e053-0100007f7bc2,595,2012-03-07T16:06:30+00:00,Imported Channel 1,80.6,ft^3/s,73.0,ft,49.5,ft^2,1.63,ft/s,1320.00,ft,Unspecified,Sand,Unspecified,Unspecified,Unspecified,Unknown,Wading,2026-07-08T18:15:47.402049+00:00,point_velocity,Upstream
05471000,POINT (-93.5959722222222 42.0082222222222),56340a59-4f23-4f09-a505-67c3313c55bf,USGS-05471000,4e659346-d028-e0b5-e053-0100007f9359,470,1998-04-13T21:15:00+00:00,Imported Channel 1,747,ft^3/s,168,ft,389,ft^2,1.92,ft/s,,,Unspecified,Unspecified,Unspecified,Unspecified,Unspecified,Unknown,Wading,2026-07-08T18:15:47.402049+00:00,point_velocity,Unspecified
05471000,POINT (-93.5959722222222 42.0082222222222),56d5ec32-0a73-4152-a916-be3fac73b171,USGS-05471000,4e6587ac-ce73-da99-e053-0100007f129b,515,2003-07-10T12:45:00+00:00,Imported Channel 1,4990,ft^3/s,175,ft,1430,ft^2,0.00,ft/s,,,Unspecified,Unspecified,Unspecified,Unspecified,Unspecified,Unknown,BridgeCrane,2026-07-08T18:15:47.402049+00:00,point_velocity,Unspecified
05471000,POINT (-93.5959722222222 42.0082222222222),572d02e0-c8ac-4521-a869-fbf9e4a549ec,USGS-05471000,f416430e-4dfc-4e29-a9b7-17b49f386cc5,674,2020-09-01T18:36:00+00:00,05471000,18.0,ft^3/s,46.0,ft,21.9,ft^2,0.82,ft/s,1320.00,ft,Firm,Sand,Even,Even,Unknown,Steady,Wading,2026-07-08T18:15:47.402049+00:00,point_velocity,Downstream
05471000,POINT (-93.5959722222222 42.0082222222222),57374240-13b7-4e89-a686-42a7fd8f12dc,USGS-05471000,4e6578c0-31f7-d360-e053-0100007f3217,474,1998-08-26T19:00:00+00:00,Imported Channel 1,170,ft^3/s,111,ft,107,ft^2,1.59,ft/s,,,Unspecified,Unspecified,Unspecified,Unspecified,Unspecified,Unknown,Wading,2026-07-08T18:15:47.402049+00:00,point_velocity,Unspecified
05471000,POINT (-93.5959722222222 42.0082222222222),57501576-67e5-4251-ae6d-3c3dbc1a9ae1,USGS-05471000,4e6580ab-e4d6-d722-e053-0100007fb8ae,280,1970-09-24T18:00:00+00:00,Imported Channel 1,95.3,ft^3/s,55.0,ft,66.8,ft^2,1.43,ft/s,,,Unspecified,Unspecified,Unspecified,Unspecified,Unspecified,Unknown,Wading,2026-07-08T18:15:47.402049+00:00,point_velocity,Unspecified
05471000,POINT (-93.5959722222222 42.0082222222222),5789b7f0-93ae-445e-910e-4c3585f89eac,USGS-05471000,4e65721e-235d-d01a-e053-0100007f22a5,30,1954-03-29T18:15:00+00:00,Imported Channel 1,3.57,ft^3/s,20.0,ft,6.83,ft^2,0.52,ft/s,,,Unspecified,Unspecified,Unspecified,Unspecified,Unspecified,Unknown,Wading,2026-07-08T18:15:47.402049+00:00,point_velocity,Unspecified
05471000,POINT (-93.5959722222222 42.0082222222222),57cb5689-f9a2-4072-92f1-21075d3f1fb0,USGS-05471000,4e657c01-cdde-d526-e053-0100007fd293,308,1972-05-04T16:30:00+00:00,Imported Channel 1,226,ft^3/s,112,ft,119,ft^2,1.90,ft/s,,,Unspecified,Unspecified,Unspecified,Unspecified,Unspecified,Unknown,Wading,2026-07-08T18:15:47.402049+00:00,point_velocity,Unspecified
05471000,POINT (-93.5959722222222 42.0082222222222),57f02bec-89b8-4453-9cf5-d0044641ec29,USGS-05471000,4e656536-5a9a-c92a-e053-0100007f244e,5,1942-09-16T16:30:00+00:00,Imported Channel 1,1820,ft^3/s,129,ft,612,ft^2,2.97,ft/s,,,Unspecified,Unspecified,Unspecified,Unspecified,Unspecified,Unknown,BridgeCrane,2026-07-08T18:15:47.402049+00:00,point_velocity,Unspecified
05471000,POINT (-93.5959722222222 42.0082222222222),57f4c502-67e7-4869-8fb9-cd5b502b3f3b,USGS-05471000,4e656713-bdff-c7e8-e053-0100007f8f1c,80,1958-06-02T16:45:00+00:00,Imported Channel 1,60.6,ft^3/s,69.0,ft,50.1,ft^2,1.21,ft/s,,,Unspecified,Unspecified,Unspecified,Unspecified,Unspecified,Unknown,Wading,2026-07-08T18:15:47.402049+00:00,point_velocity,Unspecified
05471000,POINT (-93.5959722222222 42.0082222222222),581fb0d5-f9a6-44b3-973d-455f88e528e3,USGS-05471000,4e655f68-4af3-c667-e053-0100007f9e3c,142,1962-03-27T22:25:00+00:00,Imported Channel 1,5210,ft^3/s,178,ft,1800,ft^2,2.89,ft/s,,,Unspecified,Unspecified,Unspecified,Unspecified,Unspecified,Unknown,BridgeCrane,2026-07-08T18:15:47.402049+00:00,point_velocity,Unspecified
05471000,POINT (-93.5959722222222 42.0082222222222),58a63c1f-469d-45a0-9047-64553d030156,USGS-05471000,4e6579d3-3a8c-d35a-e053-0100007f9217,279,1970-09-09T16:55:00+00:00,Imported Channel 1,8.28,ft^3/s,20.0,ft,7.73,ft^2,1.07,ft/s,,,Unspecified,Unspecified,Unspecified,Unspecified,Unspecified,Unknown,Wading,2026-07-08T18:15:47.402049+00:00,point_velocity,Unspecified
05471000,POINT (-93.5959722222222 42.0082222222222),58cec902-c5cd-4409-b3df-1ab63972c7db,USGS-05471000,4e658789-4924-daa3-e053-0100007f15b5,543,2006-10-03T16:03:00+00:00,Imported Channel 1,401,ft^3/s,141,ft,254,ft^2,1.58,ft/s,,,Unspecified,Unspecified,Unspecified,Unspecified,Unspecified,Unknown,Wading,2026-07-08T18:15:47.402049+00:00,point_velocity,Unspecified
05471000,POINT (-93.5959722222222 42.0082222222222),59084a10-0e29-4b23-9e68-dd50c6e51237,USGS-05471000,4e65784e-2dd0-d32e-e053-0100007f404c,350,1975-07-21T18:50:00+00:00,Imported Channel 1,179,ft^3/s,90.0,ft,107,ft^2,1.67,ft/s,,,Unspecified,Unspecified,Unspecified,Unspecified,Unspecified,Unknown,Wading,2026-07-08T18:15:47.402049+00:00,point_velocity,Unspecified
05471000,POINT (-93.5959722222222 42.0082222222222),59161f85-5129-488a-b09f-d9bef70779b9,USGS-05471000,4e65876c-e226-da97-e053-0100007f37cf,503,2002-04-02T22:20:00+00:00,Imported Channel 1,75.0,ft^3/s,66.0,ft,62.2,ft^2,1.21,ft/s,,,Unspecified,Unspecified,Unspecified,Unspecified,Unspecified,Unknown,Wading,2026-07-08T18:15:47.402049+00:00,point_velocity,Unspecified
05471000,POINT (-93.5959722222222 42.0082222222222),59515c7b-28fb-4cf4-9679-aa5966b877e2,USGS-05471000,4e657883-9d34-d328-e053-0100007fa6f7,366,1976-12-07T18:30:00+00:00,Imported Channel 1,0.04,ft^3/s,,,,,,,,ft,Unspecified,Unspecified,Unspecified,Unspecified,Unspecified,Unknown,Unspecified,2026-07-08T18:15:47.402049+00:00,other_method,Unspecified
05471000,POINT (-93.5959722222222 42.0082222222222),5967c494-283f-4938-80c6-8f21fea6f6ad,USGS-05471000,4e656817-c12b-caeb-e053-0100007f2f17,11,1951-10-25T16:30:00+00:00,Imported Channel 1,265,ft^3/s,100,ft,158,ft^2,1.68,ft/s,,,Unspecified,Unspecified,Unspecified,Unspecified,Unspecified,Unknown,Wading,2026-07-08T18:15:47.402049+00:00,point_velocity,Unspecified
05471000,POINT (-93.5959722222222 42.0082222222222),59dad4f5-fa78-44d8-ab08-38308d488d25,USGS-05471000,4e657622-3ed4-d195-e053-0100007fa0d4,252,1969-03-24T16:30:00+00:00,Imported Channel 1,3520,ft^3/s,165,ft,1140,ft^2,3.09,ft/s,,,Unspecified,Unspecified,Unspecified,Unspecified,Unspecified,Unknown,BridgeCrane,2026-07-08T18:15:47.402049+00:00,point_velocity,Unspecified
05471000,POINT (-93.5959722222222 42.0082222222222),5a804b34-5e1a-4c2d-a4e4-20ed9b55062f,USGS-05471000,4e6587c4-e00d-dabb-e053-0100007fa75f,417,1993-02-24T19:15:00+00:00,Imported Channel 1,79.2,ft^3/s,105,ft,77.0,ft^2,1.03,ft/s,,,Unspecified,Unspecified,Unspecified,Unspecified,Unspecified,Unknown,Ice,2026-07-08T18:15:47.402049+00:00,point_velocity,Unspecified
05471000,POINT (-93.5959722222222 42.0082222222222),5acf457e-24ec-4997-bc4c-0e4c94625dcb,USGS-05471000,4e656f28-f7ab-ce80-e053-0100007fbe50,293,1971-06-03T15:45:00+00:00,Imported Channel 1,152,ft^3/s,75.0,ft,101,ft^2,1.50,ft/s,,,Unspecified,Unspecified,Unspecified,Unspecified,Unspecified,Unknown,Wading,2026-07-08T18:15:47.402049+00:00,point_velocity,Unspecified
05471000,POINT (-93.5959722222222 42.0082222222222),5b10f35a-8d92-44ab-8389-41ffb8e5f706,USGS-05471000,4e657590-b337-d167-e053-0100007faf79,167,1963-12-05T21:00:00+00:00,Imported Channel 1,5.06,ft^3/s,27.5,ft,6.74,ft^2,0.75,ft/s,,,Unspecified,Unspecified,Unspecified,Unspecified,Unspecified,Unknown,Wading,2026-07-08T18:15:47.402049+00:00,point_velocity,Unspecified
05471000,POINT (-93.5959722222222 42.0082222222222),5b1b6bb8-2a7b-4857-8e14-c614582d2819,USGS-05471000,4e6578ca-cb83-d36c-e053-0100007fcbe2,458,1996-11-14T13:40:00+00:00,Imported Channel 1,297,ft^3/s,135,ft,183,ft^2,1.62,ft/s,,,Unspecified,Unspecified,Unspecified,Unspecified,Unspecified,Unknown,Wading,2026-07-08T18:15:47.402049+00:00,point_velocity,Unspecified
05471000,POINT (-93.5959722222222 42.0082222222222),5b2586a0-ccc1-4379-8511-ffbe96f001a4,USGS-05471000,d9bfd045-e44f-4982-a216-5e90e1ce398e,694,2022-12-28T17:22:27+00:00,Skunk Below,4.75,ft^3/s,38.0,ft,17.1,ft^2,0.28,ft/s,20.00,ft,Firm,Sand,Even,Even,Standard,Steady,Wading,2026-07-08T18:15:47.402049+00:00,point_velocity,Downstream
05471000,POINT (-93.5959722222222 42.0082222222222),5b2950fe-4312-4e59-bd35-cbb698ffe226,USGS-05471000,4e659a42-42c7-e399-e053-0100007fe470,596,2012-04-12T13:29:30+00:00,Imported Channel 1,44.1,ft^3/s,77.0,ft,33.9,ft^2,1.30,ft/s,1200.00,ft,Unspecified,Sand,Unspecified,Unspecified,Unspecified,Unknown,Wading,2026-07-08T18:15:47.402049+00:00,point_velocity,Upstream
05471000,POINT (-93.5959722222222 42.0082222222222),5b29acb5-9d91-4172-9ef9-ca675b5d5ddf,USGS-05471000,4e659609-3705-e1bd-e053-0100007f1204,485,1999-12-07T15:06:00+00:00,Imported Channel 1,11.4,ft^3/s,23.0,ft,9.36,ft^2,1.22,ft/s,,,Unspecified,Unspecified,Unspecified,Unspecified,Unspecified,Unknown,Wading,2026-07-08T18:15:47.402049+00:00,point_velocity,Unspecified
05471000,POINT (-93.5959722222222 42.0082222222222),5b46f54d-947a-4aa6-9c34-8f0109951538,USGS-05471000,4e657c59-c0ca-d532-e053-0100007f3c21,478,1999-02-08T21:00:00+00:00,Imported Channel 1,319,ft^3/s,133,ft,203,ft^2,1.57,ft/s,,,Unspecified,Unspecified,Unspecified,Unspecified,Unspecified,Unknown,Wading,2026-07-08T18:15:47.402049+00:00,point_velocity,Unspecified
05471000,POINT (-93.5959722222222 42.0082222222222),5b4a63c6-3d6b-432d-8229-99e2fa4ed0ac,USGS-05471000,4e6591af-eba3-dfdc-e053-0100007fb4e1,472,1998-06-12T15:00:00+00:00,Imported Channel 1,5010,ft^3/s,270,ft,1860,ft^2,2.69,ft/s,,,Unspecified,Unspecified,Unspecified,Unspecified,Unspecified,Unknown,BridgeCrane,2026-07-08T18:15:47.402049+00:00,point_velocity,Unspecified
05471000,POINT (-93.5959722222222 42.0082222222222),5ba68197-a9b5-4f3d-9627-0d61c4f8fe1e,USGS-05471000,65652d7e-1ce5-4cf0-860f-a41aed0175ef,687,2022-04-05T15:15:35+00:00,Skunk blw Ioway,412,ft^3/s,85.7,ft,194,ft^2,2.12,ft/s,0.00,ft,Soft,Sand,Uneven,Uneven,Standard,Pulsating,BridgeDownstreamSide,2026-07-08T18:15:47.402049+00:00,adcp,AtTheGage
05471000,POINT (-93.5959722222222 42.0082222222222),5bf404c4-70d2-4291-a62b-2a0752b99ed0,USGS-05471000,4e6595ce-44b8-e1bb-e053-0100007f099a,593,2011-11-28T19:08:00+00:00,Imported Channel 1,7.37,ft^3/s,43.0,ft,10.7,ft^2,0.69,ft/s,1600.00,ft,Unspecified,Sand,Unspecified,Unspecified,Unspecified,Unknown,Wading,2026-07-08T18:15:47.402049+00:00,point_velocity,Upstream
05471000,POINT (-93.5959722222222 42.0082222222222),5c642d37-4882-44a2-ae85-dc04eb2dad0b,USGS-05471000,4e6578a9-3ee5-d356-e053-0100007fc3fc,332,1974-01-24T15:45:00+00:00,Imported Channel 1,185,ft^3/s,110,ft,112,ft^2,1.65,ft/s,,,Unspecified,Unspecified,Unspecified,Unspecified,Unspecified,Unknown,Wading,2026-07-08T18:15:47.402049+00:00,point_velocity,Unspecified
05471000,POINT (-93.5959722222222 42.0082222222222),5d9c1933-f070-4fb2-986e-df607c206b8f,USGS-05471000,4e658005-7567-d712-e053-0100007fe7c0,482,1999-08-03T21:30:00+00:00,Imported Channel 1,71.1,ft^3/s,69.0,ft,74.7,ft^2,0.95,ft/s,,,Unspecified,Unspecified,Unspecified,Unspecified,Unspecified,Unknown,Wading,2026-07-08T18:15:47.402049+00:00,point_velocity,Unspecified
05471000,POINT (-93.5959722222222 42.0082222222222),5dd5dc2c-b821-4cbe-b806-9cb2e3cb9967,USGS-05471000,4e659b90-ddef-e45c-e053-0100007f8dc0,586,2011-05-10T14:56:00+00:00,Imported Channel 1,475,ft^3/s,159,ft,248,ft^2,1.91,ft/s,1320.00,ft,Firm,Sand,Even,Even,Uniform,Unknown,Wading,2026-07-08T18:15:47.402049+00:00,point_velocity,Upstream
05471000,POINT (-93.5959722222222 42.0082222222222),5dd7e41d-714b-48fc-a30f-fefcc096073d,USGS-05471000,4e659b33-185f-e45e-e053-0100007fb5f1,580,2010-08-11T14:52:00+00:00,Imported Channel 1,33300,ft^3/s,3390,ft,6190,ft^2,3.98,ft/s,,ft,Firm,Sand,Even,Even,Unspecified,Unknown,BridgeDownstreamSide,2026-07-08T18:15:47.402049+00:00,adcp,AtTheGage
05471000,POINT (-93.5959722222222 42.0082222222222),5e39bd5f-e7e2-4f29-8d06-ae7c76905648,USGS-05471000,4e658789-492e-daa3-e053-0100007f15b5,600,2012-09-20T20:37:30+00:00,Imported Channel 1,0.00,ft^3/s,0.00,ft,0.00,ft^2,,,,,Firm,Sand,Even,Even,Standard,Unknown,Wading,2026-07-08T18:15:47.402049+00:00,point_velocity,AtTheGage
05471000,POINT (-93.5959722222222 42.0082222222222),5e9df1bf-aa0c-4b5e-881c-6d69a336b245,USGS-05471000,4e655934-f322-c381-e053-0100007f0ece,15,1952-12-09T21:10:00+00:00,Imported Channel 1,5.01,ft^3/s,26.0,ft,6.85,ft^2,0.73,ft/s,,,Unspecified,Unspecified,Unspecified,Unspecified,Unspecified,Unknown,Wading,2026-07-08T18:15:47.402049+00:00,point_velocity,Unspecified
05471000,POINT (-93.5959722222222 42.0082222222222),5ee79f14-3380-4238-9098-31787ea03c9b,USGS-05471000,4e657fa5-efd7-d70a-e053-0100007f2945,422,1993-07-10T01:35:00+00:00,Imported Channel 1,23000,ft^3/s,3280,ft,4730,ft^2,4.87,ft/s,,,Unspecified,Unspecified,Unspecified,Unspecified,Unspecified,Unknown,BridgeCrane,2026-07-08T18:15:47.402049+00:00,point_velocity,Unspecified
05471000,POINT (-93.5959722222222 42.0082222222222),5f51c668-5240-4775-82ff-b60d0e4c66ab,USGS-05471000,4e6567b8-c6b4-cae9-e053-0100007fd21e,32,1954-06-01T22:40:00+00:00,Imported Channel 1,4070,ft^3/s,136,ft,1370,ft^2,2.97,ft/s,,,Unspecified,Unspecified,Unspecified,Unspecified,Unspecified,Unknown,BridgeCrane,2026-07-08T18:15:47.402049+00:00,point_velocity,Unspecified
05471000,POINT (-93.5959722222222 42.0082222222222),5f6c360c-0a84-41d3-bc79-12d015d5cfdb,USGS-05471000,4e6586a3-accb-da37-e053-0100007f6ed1,566,2009-05-06T17:46:00+00:00,Imported Channel 1,893,ft^3/s,156,ft,385,ft^2,2.32,ft/s,1320.00,ft,Soft,Sand,Uneven,Uneven,Unspecified,Unknown,Wading,2026-07-08T18:15:47.402049+00:00,point_velocity,Upstream
05471000,POINT (-93.5959722222222 42.0082222222222),5fd2c00d-1800-47df-bb9d-84909ec268ba,USGS-05471000,5aa9652e-0fcf-6134-e053-0100007fc0e4,649,2017-10-03T12:15:30+00:00,Sk Below,11.7,ft^3/s,51.0,ft,19.3,ft^2,0.60,ft/s,100.00,ft,Soft,Sand,Uneven,Uneven,Standard,Unknown,Wading,2026-07-08T18:15:47.402049+00:00,point_velocity,Upstream
05471000,POINT (-93.5959722222222 42.0082222222222),605455bb-cf4d-4d8f-b183-521e8c8c7c99,USGS-05471000,4e65680f-02f2-caed-e053-0100007f61f1,126,1961-04-03T22:00:00+00:00,Imported Channel 1,472,ft^3/s,110,ft,226,ft^2,2.09,ft/s,,,Unspecified,Unspecified,Unspecified,Unspecified,Unspecified,Unknown,Wading,2026-07-08T18:15:47.402049+00:00,point_velocity,Unspecified
05471000,POINT (-93.5959722222222 42.0082222222222),6138a9b2-05f8-4392-bc78-c5069821f444,USGS-05471000,4e6575ed-f2c4-d1ad-e053-0100007f5dec,229A,1967-10-20T11:55:00+00:00,Imported Channel 1,2.48,ft^3/s,32.0,ft,19.2,ft^2,0.13,ft/s,,,Unspecified,Unspecified,Unspecified,Unspecified,Unspecified,Unknown,Wading,2026-07-08T18:15:47.402049+00:00,point_velocity,Unspecified
05471000,POINT (-93.5959722222222 42.0082222222222),61472fc0-9f66-4b9c-849e-8889d5fd11b2,USGS-05471000,4e658fe6-bfcd-de12-e053-0100007f5d87,584,2011-01-19T17:31:00+00:00,Imported Channel 1,107,ft^3/s,115,ft,109,ft^2,0.98,ft/s,1320.00,ft,Soft,Sand,Even,Even,Unknown,Unknown,Ice,2026-07-08T18:15:47.402049+00:00,point_velocity,Upstream
05471000,POINT (-93.5959722222222 42.0082222222222),6173f14f-8362-46bf-85d2-e746ea11727e,USGS-05471000,4e657c01-cdcd-d526-e053-0100007fd293,249,1969-03-05T20:40:00+00:00,Imported Channel 1,134,ft^3/s,124,ft,142,ft^2,0.94,ft/s,,,Unspecified,Unspecified,Unspecified,Unspecified,Unspecified,Unknown,Wading,2026-07-08T18:15:47.402049+00:00,point_velocity,Unspecified
05471000,POINT (-93.5959722222222 42.0082222222222),61d0fa3e-e2f3-43b6-ac31-d16b5409d8b4,USGS-05471000,4e657c86-a57b-d552-e053-0100007f5e6a,270,1970-05-07T16:45:00+00:00,Imported Channel 1,104,ft^3/s,58.0,ft,74.4,ft^2,1.40,ft/s,,,Unspecified,Unspecified,Unspecified,Unspecified,Unspecified,Unknown,Wading,2026-07-08T18:15:47.402049+00:00,point_velocity,Unspecified
05471000,POINT (-93.5959722222222 42.0082222222222),61f88118-02db-4200-a4aa-b90c1afe09b5,USGS-05471000,4e659692-a8f9-e201-e053-0100007f7339,623,2015-01-22T13:59:30+00:00,Skunk Below,189,ft^3/s,86.0,ft,131,ft^2,1.44,ft/s,1000.00,ft,Firm,Sand,Even,Even,Uniform,Unknown,Wading,2026-07-08T18:15:47.402049+00:00,point_velocity,Upstream
05471000,POINT (-93.5959722222222 42.0082222222222),61fcdf1e-d69c-4403-91d2-c27187c18db8,USGS-05471000,4e657c66-6012-d5b8-e053-0100007f91e5,362,1976-08-02T19:25:00+00:00,Imported Channel 1,18.6,ft^3/s,40.0,ft,24.8,ft^2,0.75,ft/s,,,Unspecified,Unspecified,Unspecified,Unspecified,Unspecified,Unknown,Wading,2026-07-08T18:15:47.402049+00:00,point_velocity,Unspecified
05471000,POINT (-93.5959722222222 42.0082222222222),62ec23fa-57fc-4f96-8b69-b48780ea3a89,USGS-05471000,4e658e8b-531d-de3f-e053-0100007fd4c4,539,2006-03-22T20:29:00+00:00,Imported Channel 1,128,ft^3/s,85.0,ft,89.1,ft^2,1.44,ft/s,,,Unspecified,Unspecified,Unspecified,Unspecified,Unspecified,Unknown,Wading,2026-07-08T18:15:47.402049+00:00,point_velocity,Unspecified
05471000,POINT (-93.5959722222222 42.0082222222222),63553898-941c-46e5-a6ad-0496ea6e8944,USGS-05471000,4e65a7ce-80cc-ea55-e053-0100007f6e0d,615,2014-04-08T20:26:30+00:00,Below,37.4,ft^3/s,48.0,ft,27.6,ft^2,1.35,ft/s,1320.00,ft,Firm,Sand,Even,Uneven,Uniform,Unknown,Wading,2026-07-08T18:15:47.402049+00:00,point_velocity,Upstream
05471000,POINT (-93.5959722222222 42.0082222222222),6358c00b-7eb4-4614-a6f4-9a1b2e3cd845,USGS-05471000,4e6570f9-e5b0-cf85-e053-0100007fd1b1,215,1966-10-06T14:45:00+00:00,Imported Channel 1,0.30,ft^3/s,3.60,ft,0.50,ft^2,0.60,ft/s,,,Unspecified,Unspecified,Unspecified,Unspecified,Unspecified,Unknown,Wading,2026-07-08T18:15:47.402049+00:00,point_velocity,Unspecified
05471000,POINT (-93.5959722222222 42.0082222222222),639caa03-093e-49b1-92f2-a2c27678bcf4,USGS-05471000,4e6578dc-4f63-d384-e053-0100007f0d52,192,1965-05-06T21:20:00+00:00,Imported Channel 1,174,ft^3/s,89.0,ft,111,ft^2,1.57,ft/s,,,Unspecified,Unspecified,Unspecified,Unspecified,Unspecified,Unknown,Wading,2026-07-08T18:15:47.402049+00:00,point_velocity,Unspecified
05471000,POINT (-93.5959722222222 42.0082222222222),63de51d1-32a5-49ea-8860-8ffd8f0cbda7,USGS-05471000,098768cc-03f7-4e89-8d96-6b8a429fc9fa,692,2022-09-19T17:17:54+00:00,05471000,14.5,ft^3/s,47.0,ft,23.0,ft^2,0.63,ft/s,1320.00,ft,Soft,Sand,Even,Even,Uniform,Steady,Wading,2026-07-08T18:15:47.402049+00:00,point_velocity,Downstream
05471000,POINT (-93.5959722222222 42.0082222222222),64e46d17-5423-4a59-8a72-c35755e4a2a9,USGS-05471000,4e6576e4-24a9-d229-e053-0100007f6c71,129,1961-06-07T18:55:00+00:00,Imported Channel 1,2460,ft^3/s,148,ft,913,ft^2,2.69,ft/s,,,Unspecified,Unspecified,Unspecified,Unspecified,Unspecified,Unknown,BridgeCrane,2026-07-08T18:15:47.402049+00:00,point_velocity,Unspecified
05471000,POINT (-93.5959722222222 42.0082222222222),64ec4717-d93a-4a99-832c-0af9c4c82f22,USGS-05471000,4e657ceb-f24a-d5b6-e053-0100007fd3f5,209,1966-07-12T17:55:00+00:00,Imported Channel 1,99.5,ft^3/s,92.0,ft,84.1,ft^2,1.18,ft/s,,,Unspecified,Unspecified,Unspecified,Unspecified,Unspecified,Unknown,Wading,2026-07-08T18:15:47.402049+00:00,point_velocity,Unspecified
05471000,POINT (-93.5959722222222 42.0082222222222),65999d0d-d044-4b9a-928e-00be53a5e8ac,USGS-05471000,4e6563b5-acd6-c882-e053-0100007f1e1a,1,1942-05-08T18:10:00+00:00,Imported Channel 1,709,ft^3/s,100,ft,319,ft^2,2.22,ft/s,,,Unspecified,Unspecified,Unspecified,Unspecified,Unspecified,Unknown,BridgeCrane,2026-07-08T18:15:47.402049+00:00,point_velocity,Unspecified
05471000,POINT (-93.5959722222222 42.0082222222222),65ade228-1aac-4c6d-942a-70090ece2be4,USGS-05471000,4e659609-371d-e1bd-e053-0100007f1204,559,2008-05-30T21:03:00+00:00,Imported Channel 1,18500,ft^3/s,358,ft,4560,ft^2,4.06,ft/s,,ft,Unspecified,Unspecified,Unspecified,Unspecified,Unspecified,Unknown,Unspecified,2026-07-08T18:15:47.402049+00:00,adcp,Unspecified
05471000,POINT (-93.5959722222222 42.0082222222222),662d42d5-0b8e-489c-b7d8-883124690db9,USGS-05471000,d13d9196-9eb9-4862-9835-354615306016,688,2022-05-16T14:49:10+00:00,South Skunk Below Ames,474,ft^3/s,119,ft,245,ft^2,1.94,ft/s,0.00,ft,Firm,Sand,Even,Even,Standard,Steady,BridgeDownstreamSide,2026-07-08T18:15:47.402049+00:00,adcp,AtTheGage
05471000,POINT (-93.5959722222222 42.0082222222222),66309852-39b3-4557-a6be-344eeba0db1a,USGS-05471000,4e656713-bdf2-c7e8-e053-0100007f8f1c,10,1947-04-28T19:15:00+00:00,Imported Channel 1,406,ft^3/s,159,ft,208,ft^2,1.95,ft/s,,,Unspecified,Unspecified,Unspecified,Unspecified,Unspecified,Unknown,Wading,2026-07-08T18:15:47.402049+00:00,point_velocity,Unspecified
05471000,POINT (-93.5959722222222 42.0082222222222),663bbc20-3e08-4a24-93ba-ae90c3235deb,USGS-05471000,4e6595ec-6475-e19f-e053-0100007fec14,642,2016-12-12T19:19:30+00:00,Sk Below,272,ft^3/s,144,ft,180,ft^2,1.51,ft/s,100.00,ft,Soft,Sand,Uneven,Uneven,Standard,Unknown,Wading,2026-07-08T18:15:47.402049+00:00,point_velocity,Downstream
05471000,POINT (-93.5959722222222 42.0082222222222),663c1dd4-758b-443f-a705-5bc288c81707,USGS-05471000,4e6580da-9e6a-d710-e053-0100007f686b,532,2005-06-08T13:16:00+00:00,Imported Channel 1,267,ft^3/s,157,ft,194,ft^2,1.38,ft/s,,,Unspecified,Unspecified,Unspecified,Unspecified,Unspecified,Unknown,Wading,2026-07-08T18:15:47.402049+00:00,point_velocity,Unspecified
05471000,POINT (-93.5959722222222 42.0082222222222),666d8c84-cfeb-46c2-9866-a954f8a8e15e,USGS-05471000,4e657d76-017f-d5b0-e053-0100007f9656,441,1995-05-31T17:50:00+00:00,Imported Channel 1,697,ft^3/s,160,ft,394,ft^2,1.77,ft/s,,,Unspecified,Unspecified,Unspecified,Unspecified,Unspecified,Unknown,Wading,2026-07-08T18:15:47.402049+00:00,point_velocity,Unspecified
05471000,POINT (-93.5959722222222 42.0082222222222),6696054c-9239-45fb-b9a4-f22b9187fede,USGS-05471000,4e65aa94-da37-ebdc-e053-0100007fbf91,634,2016-02-23T15:00:30+00:00,Sk Below,2260,ft^3/s,189,ft,820,ft^2,2.75,ft/s,,ft,Unspecified,Unspecified,Unspecified,Unspecified,Unspecified,Unknown,BridgeDownstreamSide,2026-07-08T18:15:47.402049+00:00,adcp,Unspecified
05471000,POINT (-93.5959722222222 42.0082222222222),66a9ef28-1925-466a-846d-b620805b3c53,USGS-05471000,4e6596f1-ecbf-e205-e053-0100007fcdf3,574,2010-01-28T17:49:00+00:00,Imported Channel 1,311,ft^3/s,164,ft,247,ft^2,1.26,ft/s,1320.00,ft,Firm,Sand,Uneven,Even,Unspecified,Unknown,Ice,2026-07-08T18:15:47.402049+00:00,point_velocity,Upstream
05471000,POINT (-93.5959722222222 42.0082222222222),66ad3f65-6ff8-46cf-93f4-204456b92495,USGS-05471000,4e6580ab-e4ed-d722-e053-0100007fb8ae,353,1975-10-14T18:50:00+00:00,Imported Channel 1,4.84,ft^3/s,28.0,ft,15.5,ft^2,0.29,ft/s,,,Unspecified,Unspecified,Unspecified,Unspecified,Unspecified,Unknown,Wading,2026-07-08T18:15:47.402049+00:00,point_velocity,Unspecified
05471000,POINT (-93.5959722222222 42.0082222222222),66d91199-2c48-440a-b1a1-779b538e5a48,USGS-05471000,4e65658b-05bc-c95d-e053-0100007f85d1,62,1957-03-04T18:30:00+00:00,Imported Channel 1,35.5,ft^3/s,52.0,ft,35.2,ft^2,1.01,ft/s,,,Unspecified,Unspecified,Unspecified,Unspecified,Unspecified,Unknown,Wading,2026-07-08T18:15:47.402049+00:00,point_velocity,Unspecified
05471000,POINT (-93.5959722222222 42.0082222222222),67128343-3340-463f-9fb3-60326d667b5b,USGS-05471000,4e656e6d-af32-cdf7-e053-0100007fa9fc,329,1973-10-19T15:55:00+00:00,Imported Channel 1,857,ft^3/s,147,ft,351,ft^2,2.44,ft/s,,,Unspecified,Unspecified,Unspecified,Unspecified,Unspecified,Unknown,BridgeCrane,2026-07-08T18:15:47.402049+00:00,point_velocity,Unspecified
05471000,POINT (-93.5959722222222 42.0082222222222),67dce7c0-0d1a-4991-8dc8-873332e97c9e,USGS-05471000,4e659441-1311-e079-e053-0100007ff337,509,2002-12-09T20:20:00+00:00,Imported Channel 1,55.0,ft^3/s,76.0,ft,51.3,ft^2,1.07,ft/s,,,Unspecified,Unspecified,Unspecified,Unspecified,Unspecified,Unknown,Wading,2026-07-08T18:15:47.402049+00:00,point_velocity,Unspecified
05471000,POINT (-93.5959722222222 42.0082222222222),67ea77a0-fa70-4eb6-af85-130c8236a6a7,USGS-05471000,4e6578ca-cb6f-d36c-e053-0100007fcbe2,275,1970-06-23T16:30:00+00:00,Imported Channel 1,168,ft^3/s,104,ft,99.9,ft^2,1.68,ft/s,,,Unspecified,Unspecified,Unspecified,Unspecified,Unspecified,Unknown,Wading,2026-07-08T18:15:47.402049+00:00,point_velocity,Unspecified
05471000,POINT (-93.5959722222222 42.0082222222222),67eb7047-e6c6-49cd-9b11-b1db53a63e64,USGS-05471000,4e656dca-3b5b-cdc1-e053-0100007fc51e,379,1977-12-13T19:15:00+00:00,Imported Channel 1,89.7,ft^3/s,95.0,ft,115,ft^2,0.78,ft/s,,,Unspecified,Unspecified,Unspecified,Unspecified,Unspecified,Unknown,Ice,2026-07-08T18:15:47.402049+00:00,point_velocity,Unspecified
05471000,POINT (-93.5959722222222 42.0082222222222),683c5993-36f1-46a6-bb1b-65b3f0de9379,USGS-05471000,4e657622-3ed7-d195-e053-0100007fa0d4,263,1969-11-06T17:45:00+00:00,Imported Channel 1,174,ft^3/s,58.0,ft,93.8,ft^2,1.85,ft/s,,,Unspecified,Unspecified,Unspecified,Unspecified,Unspecified,Unknown,Wading,2026-07-08T18:15:47.402049+00:00,point_velocity,Unspecified
05471000,POINT (-93.5959722222222 42.0082222222222),684c7558-96c3-4ac6-a928-380695a8a978,USGS-05471000,521414be-18fc-d83b-e053-0100007f1b11,646,2017-05-30T21:30:22+00:00,SK Below,721,ft^3/s,139,ft,351,ft^2,2.05,ft/s,800.00,ft,Soft,Sand,Uneven,Uneven,Standard,Unknown,BridgeDownstreamSide,2026-07-08T18:15:47.402049+00:00,adcp,Upstream
05471000,POINT (-93.5959722222222 42.0082222222222),68cdba3e-7334-435c-bfc6-0791c8c2ab37,USGS-05471000,4e659b26-8d70-e45a-e053-0100007f0aec,581,2010-09-01T20:42:00+00:00,Imported Channel 1,2150,ft^3/s,185,ft,869,ft^2,2.47,ft/s,1320.00,ft,Firm,Sand,Even,Even,Unspecified,Unknown,BridgeDownstreamSide,2026-07-08T18:15:47.402049+00:00,adcp,Upstream
05471000,POINT (-93.5959722222222 42.0082222222222),6976cd37-f4ad-4373-b078-a49d95d51db5,USGS-05471000,4e6575ed-f2c4-d1ad-e053-0100007f5dec,229D,1967-10-20T16:10:00+00:00,Imported Channel 1,1.63,ft^3/s,9.00,ft,2.63,ft^2,0.62,ft/s,,,Unspecified,Unspecified,Unspecified,Unspecified,Unspecified,Unknown,Wading,2026-07-08T18:15:47.402049+00:00,point_velocity,Unspecified
05471000,POINT (-93.5959722222222 42.0082222222222),6976fc52-3baa-4081-a12c-e26b94805aaf,USGS-05471000,4e656ac3-4407-cc83-e053-0100007f0bf2,51,1955-10-03T19:05:00+00:00,Imported Channel 1,0.73,ft^3/s,13.0,ft,2.99,ft^2,0.24,ft/s,,,Unspecified,Unspecified,Unspecified,Unspecified,Unspecified,Unknown,Wading,2026-07-08T18:15:47.402049+00:00,point_velocity,Unspecified
05471000,POINT (-93.5959722222222 42.0082222222222),6998ed84-5996-4fe7-8ecc-f43e930c0b51,USGS-05471000,4e6581f7-9c08-d714-e053-0100007fc55d,443,1995-08-24T20:30:00+00:00,Imported Channel 1,46.3,ft^3/s,60.0,ft,59.7,ft^2,0.78,ft/s,,,Unspecified,Unspecified,Unspecified,Unspecified,Unspecified,Unknown,Wading,2026-07-08T18:15:47.402049+00:00,point_velocity,Unspecified
05471000,POINT (-93.5959722222222 42.0082222222222),6a12660e-3121-40fd-a232-3234985bf096,USGS-05471000,8c187f25-46d1-7416-e053-0100007fc92e,665,2019-06-24T19:53:59+00:00,Sk Blw,2000,ft^3/s,187,ft,702,ft^2,2.85,ft/s,0.00,ft,Soft,Sand,Uneven,Uneven,Standard,Pulsating,BridgeDownstreamSide,2026-07-08T18:15:47.402049+00:00,adcp,AtTheGage
05471000,POINT (-93.5959722222222 42.0082222222222),6a18af55-43da-49a7-94bd-0d6c7ab29af5,USGS-05471000,4e6587ac-ce72-da99-e053-0100007f129b,513,2003-05-06T18:15:00+00:00,Imported Channel 1,2570,ft^3/s,200,ft,936,ft^2,2.75,ft/s,,,Unspecified,Unspecified,Unspecified,Unspecified,Unspecified,Unknown,BridgeCrane,2026-07-08T18:15:47.402049+00:00,point_velocity,Unspecified
05471000,POINT (-93.5959722222222 42.0082222222222),6a4169e6-3e3e-4f38-acb3-8e2aa9757fd0,USGS-05471000,4e6587ac-ce52-da99-e053-0100007f129b,344,1975-02-10T21:20:00+00:00,Imported Channel 1,85.8,ft^3/s,128,ft,72.1,ft^2,1.19,ft/s,,,Unspecified,Unspecified,Unspecified,Unspecified,Unspecified,Unknown,Ice,2026-07-08T18:15:47.402049+00:00,point_velocity,Unspecified
05471000,POINT (-93.5959722222222 42.0082222222222),6a4a6935-f2ea-400f-b1be-21ee2ac63e60,USGS-05471000,4e6580da-9e37-d710-e053-0100007f686b,448,1996-03-12T14:30:00+00:00,Imported Channel 1,75.4,ft^3/s,111,ft,81.9,ft^2,0.92,ft/s,,,Unspecified,Unspecified,Unspecified,Unspecified,Unspecified,Unknown,Ice,2026-07-08T18:15:47.402049+00:00,point_velocity,Unspecified
05471000,POINT (-93.5959722222222 42.0082222222222),6a53309e-11d2-4841-b158-ba86bac2c7a5,USGS-05471000,4e657fa5-efd7-d70a-e053-0100007f2945,423,1993-07-10T14:35:00+00:00,Imported Channel 1,14300,ft^3/s,301,ft,3440,ft^2,4.16,ft/s,,,Unspecified,Unspecified,Unspecified,Unspecified,Unspecified,Unknown,BridgeCrane,2026-07-08T18:15:47.402049+00:00,point_velocity,Unspecified
05471000,POINT (-93.5959722222222 42.0082222222222),6b35d01e-ba26-4775-96c4-95c7e126a7a3,USGS-05471000,4e6566f5-d7aa-caa8-e053-0100007f206d,119,1960-10-31T20:45:00+00:00,Imported Channel 1,102,ft^3/s,78.0,ft,60.0,ft^2,1.70,ft/s,,,Unspecified,Unspecified,Unspecified,Unspecified,Unspecified,Unknown,Wading,2026-07-08T18:15:47.402049+00:00,point_velocity,Unspecified
05471000,POINT (-93.5959722222222 42.0082222222222),6b8cb215-97da-4d80-b419-a3249e773044,USGS-05471000,4e657902-8a73-d394-e053-0100007f8164,260,1969-09-04T17:20:00+00:00,Imported Channel 1,133,ft^3/s,108,ft,79.5,ft^2,1.67,ft/s,,,Unspecified,Unspecified,Unspecified,Unspecified,Unspecified,Unknown,Wading,2026-07-08T18:15:47.402049+00:00,point_velocity,Unspecified
05471000,POINT (-93.5959722222222 42.0082222222222),6cb95fde-6aed-40fe-b102-318a13f9bea8,USGS-05471000,4e65720b-e8b9-d01e-e053-0100007f25e6,328,1973-10-15T15:45:00+00:00,Imported Channel 1,1470,ft^3/s,149,ft,553,ft^2,2.66,ft/s,,,Unspecified,Unspecified,Unspecified,Unspecified,Unspecified,Unknown,BridgeCrane,2026-07-08T18:15:47.402049+00:00,point_velocity,Unspecified
05471000,POINT (-93.5959722222222 42.0082222222222),6d44b276-c8d9-4d0c-8b61-95ed7011e46b,USGS-05471000,4e65720b-e869-d01e-e053-0100007f25e6,43,1955-01-31T17:20:00+00:00,Imported Channel 1,32.9,ft^3/s,54.0,ft,42.9,ft^2,0.79,ft/s,,,Unspecified,Unspecified,Unspecified,Unspecified,Unspecified,Unknown,Wading,2026-07-08T18:15:47.402049+00:00,point_velocity,Unspecified
05471000,POINT (-93.5959722222222 42.0082222222222),6de8f816-6cbb-4f04-8223-903cd11c97b4,USGS-05471000,4e658fe6-bfb7-de12-e053-0100007f5d87,547,2007-02-14T16:15:00+00:00,Imported Channel 1,143,ft^3/s,140,ft,124,ft^2,1.15,ft/s,,,Unspecified,Unspecified,Unspecified,Unspecified,Unspecified,Unknown,Ice,2026-07-08T18:15:47.402049+00:00,point_velocity,Unspecified
05471000,POINT (-93.5959722222222 42.0082222222222),6df95388-0444-4baf-92fd-1cbb2847e9f4,USGS-05471000,4e658a68-bd6d-dc0f-e053-0100007f2be2,419,1993-06-17T16:20:00+00:00,Imported Channel 1,4510,ft^3/s,170,ft,1530,ft^2,2.77,ft/s,,,Unspecified,Unspecified,Unspecified,Unspecified,Unspecified,Unknown,BridgeCrane,2026-07-08T18:15:47.402049+00:00,point_velocity,Unspecified
05471000,POINT (-93.5959722222222 42.0082222222222),6e194039-0ca2-4640-925b-cec06bc9aede,USGS-05471000,4e658ee0-5891-de83-e053-0100007f5c78,483,1999-09-13T20:15:00+00:00,Imported Channel 1,14.0,ft^3/s,57.0,ft,23.9,ft^2,0.59,ft/s,,,Unspecified,Unspecified,Unspecified,Unspecified,Unspecified,Unknown,Wading,2026-07-08T18:15:47.402049+00:00,point_velocity,Unspecified
05471000,POINT (-93.5959722222222 42.0082222222222),6e2bcf91-32f0-4c5f-ac7b-9340bb91dc5e,USGS-05471000,4e6580ab-e4cc-d722-e053-0100007fb8ae,239,1968-06-25T18:40:00+00:00,Imported Channel 1,7160,ft^3/s,290,ft,2080,ft^2,3.44,ft/s,,,Unspecified,Unspecified,Unspecified,Unspecified,Unspecified,Unknown,BridgeCrane,2026-07-08T18:15:47.402049+00:00,point_velocity,Unspecified
05471000,POINT (-93.5959722222222 42.0082222222222),6e9ed9b0-e28a-45a5-82cb-f4d958d08b88,USGS-05471000,4e6576e4-24c3-d229-e053-0100007f6c71,212,1966-08-16T15:45:00+00:00,Imported Channel 1,8.84,ft^3/s,17.0,ft,13.8,ft^2,0.56,ft/s,,,Unspecified,Unspecified,Unspecified,Unspecified,Unspecified,Unknown,Wading,2026-07-08T18:15:47.402049+00:00,point_velocity,Unspecified
05471000,POINT (-93.5959722222222 42.0082222222222),6f662ad5-8c94-49fd-862c-4eab126e7b14,USGS-05471000,4e6561da-39f1-c731-e053-0100007fca8c,202,1966-02-09T16:35:00+00:00,Imported Channel 1,1500,ft^3/s,145,ft,600,ft^2,2.50,ft/s,,,Unspecified,Unspecified,Unspecified,Unspecified,Unspecified,Unknown,BridgeCrane,2026-07-08T18:15:47.402049+00:00,point_velocity,Unspecified
05471000,POINT (-93.5959722222222 42.0082222222222),6fe61ef8-578b-4b5f-ba74-9247776454be,USGS-05471000,4e6580da-9e2d-d710-e053-0100007f686b,420,1993-06-19T15:50:00+00:00,Imported Channel 1,7750,ft^3/s,280,ft,2050,ft^2,3.78,ft/s,,,Unspecified,Unspecified,Unspecified,Unspecified,Unspecified,Unknown,BridgeCrane,2026-07-08T18:15:47.402049+00:00,point_velocity,Unspecified
05471000,POINT (-93.5959722222222 42.0082222222222),701d9da1-a529-4e57-bfcb-1a630c770da2,USGS-05471000,4e6583cc-7d38-d86f-e053-0100007f96a3,544,2006-11-15T14:54:00+00:00,Imported Channel 1,382,ft^3/s,116,ft,202,ft^2,1.90,ft/s,,,Unspecified,Unspecified,Unspecified,Unspecified,Unspecified,Unknown,Wading,2026-07-08T18:15:47.402049+00:00,point_velocity,Unspecified
05471000,POINT (-93.5959722222222 42.0082222222222),70c855dd-556b-49b9-8aff-93c9de37e7de,USGS-05471000,4e657f99-3b72-d708-e053-0100007fbf7c,432,1994-06-24T17:10:00+00:00,Imported Channel 1,4290,ft^3/s,175,ft,1520,ft^2,2.82,ft/s,,,Unspecified,Unspecified,Unspecified,Unspecified,Unspecified,Unknown,BridgeCrane,2026-07-08T18:15:47.402049+00:00,point_velocity,Unspecified
05471000,POINT (-93.5959722222222 42.0082222222222),710525c9-d98b-4211-8ec7-87f2fbd24311,USGS-05471000,842872bc-ad6f-38f4-e053-0100007fd02a,662,2019-03-15T19:34:58+00:00,Sk Blw,7010,ft^3/s,227,ft,1920,ft^2,3.65,ft/s,0.00,ft,Soft,Sand,Uneven,Uneven,Standard,Pulsating,BridgeDownstreamSide,2026-07-08T18:15:47.402049+00:00,adcp,AtTheGage
05471000,POINT (-93.5959722222222 42.0082222222222),710b829b-06f1-461a-a2a5-a608bea167e4,USGS-05471000,4e658d54-758c-dd17-e053-0100007f243b,410,1992-03-06T16:30:00+00:00,Imported Channel 1,2370,ft^3/s,165,ft,931,ft^2,2.58,ft/s,,,Unspecified,Unspecified,Unspecified,Unspecified,Unspecified,Unknown,BridgeCrane,2026-07-08T18:15:47.402049+00:00,point_velocity,Unspecified
05471000,POINT (-93.5959722222222 42.0082222222222),7175d2b8-77dd-4dad-9336-dae49431f6e0,USGS-05471000,4e65a44e-2471-e886-e053-0100007f0454,609,2013-09-17T19:21:00+00:00,Imported Channel 1,0.42,ft^3/s,10.2,ft,2.07,ft^2,0.20,ft/s,1320.00,ft,Firm,Sand,Even,Even,Uniform,Unknown,Wading,2026-07-08T18:15:47.402049+00:00,point_velocity,Upstream
05471000,POINT (-93.5959722222222 42.0082222222222),71e3cec3-f754-40fe-8320-4327cb228d2d,USGS-05471000,4e65a34d-3096-e84a-e053-0100007f9371,621,2014-11-13T21:34:30+00:00,Skunk Below,205,ft^3/s,45.0,ft,106,ft^2,1.93,ft/s,500.00,ft,Soft,Sand,Even,Even,Uniform,Unknown,Wading,2026-07-08T18:15:47.402049+00:00,point_velocity,Downstream
05471000,POINT (-93.5959722222222 42.0082222222222),71f2a0c9-c844-4ff2-839e-4eae518ce828,USGS-05471000,4e65805a-7bff-d716-e053-0100007f9a43,461,1997-05-07T12:55:00+00:00,Imported Channel 1,970,ft^3/s,189,ft,422,ft^2,2.30,ft/s,,,Unspecified,Unspecified,Unspecified,Unspecified,Unspecified,Unknown,BridgeCrane,2026-07-08T18:15:47.402049+00:00,point_velocity,Unspecified
05471000,POINT (-93.5959722222222 42.0082222222222),7287ebbc-e488-4a50-883b-a6178b8c4d48,USGS-05471000,4e6578ca-cb82-d36c-e053-0100007fcbe2,457,1996-10-01T22:45:00+00:00,Imported Channel 1,87.4,ft^3/s,58.0,ft,76.0,ft^2,1.15,ft/s,,,Unspecified,Unspecified,Unspecified,Unspecified,Unspecified,Unknown,Wading,2026-07-08T18:15:47.402049+00:00,point_velocity,Unspecified
05471000,POINT (-93.5959722222222 42.0082222222222),72f2df72-fed4-4b96-874e-9234e5818f38,USGS-05471000,4e659c5c-d921-e547-e053-0100007f6a26,627,2015-06-17T14:41:00+00:00,Below,864,ft^3/s,160,ft,437,ft^2,1.98,ft/s,100.00,ft,Soft,Sand,Uneven,Even,Standard,Unknown,Wading,2026-07-08T18:15:47.402049+00:00,point_velocity,Downstream
05471000,POINT (-93.5959722222222 42.0082222222222),7457853c-02b7-461e-a61a-b7d5d8c6515a,USGS-05471000,4e6578ca-cb5a-d36c-e053-0100007fcbe2,197,1965-09-20T17:50:00+00:00,Imported Channel 1,3520,ft^3/s,152,ft,1120,ft^2,3.14,ft/s,,,Unspecified,Unspecified,Unspecified,Unspecified,Unspecified,Unknown,BridgeCrane,2026-07-08T18:15:47.402049+00:00,point_velocity,Unspecified
05471000,POINT (-93.5959722222222 42.0082222222222),74ea2b40-c252-482e-99d3-b72a2a4496b9,USGS-05471000,4e656c61-e89b-cb56-e053-0100007fa58c,221,1967-05-03T13:30:00+00:00,Imported Channel 1,3.84,ft^3/s,20.0,ft,12.6,ft^2,0.30,ft/s,,,Unspecified,Unspecified,Unspecified,Unspecified,Unspecified,Unknown,Wading,2026-07-08T18:15:47.402049+00:00,point_velocity,Unspecified
05471000,POINT (-93.5959722222222 42.0082222222222),752b6007-33c4-4cb6-84c4-c0647816c62c,USGS-05471000,4e657c30-cbf3-d55a-e053-0100007f0a77,173,1964-05-09T00:45:00+00:00,Imported Channel 1,2960,ft^3/s,141,ft,948,ft^2,3.12,ft/s,,,Unspecified,Unspecified,Unspecified,Unspecified,Unspecified,Unknown,BridgeCrane,2026-07-08T18:15:47.402049+00:00,point_velocity,Unspecified
05471000,POINT (-93.5959722222222 42.0082222222222),756b45e5-3892-4ed3-87fb-5b0256807fff,USGS-05471000,4e6586a3-ac92-da37-e053-0100007f6ed1,371,1977-08-03T01:00:00+00:00,Imported Channel 1,2110,ft^3/s,126,ft,92.8,ft^2,2.27,ft/s,,,Unspecified,Unspecified,Unspecified,Unspecified,Unspecified,Unknown,BridgeCrane,2026-07-08T18:15:47.402049+00:00,point_velocity,Unspecified
05471000,POINT (-93.5959722222222 42.0082222222222),75c7378e-098e-41dd-9589-8b094a642d13,USGS-05471000,4e659205-95da-e032-e053-0100007fe8f9,479,1999-03-16T21:35:00+00:00,Imported Channel 1,307,ft^3/s,129,ft,190,ft^2,1.62,ft/s,,,Unspecified,Unspecified,Unspecified,Unspecified,Unspecified,Unknown,Wading,2026-07-08T18:15:47.402049+00:00,point_velocity,Unspecified
05471000,POINT (-93.5959722222222 42.0082222222222),75ddbea5-e74c-4091-b20e-13a214123de5,USGS-05471000,4e659178-54a2-dfda-e053-0100007f3a93,603,2013-01-07T20:32:00+00:00,Channel 1,0.00,ft^3/s,,,,,,,,,Unspecified,Unspecified,Unspecified,Unspecified,Unspecified,Unknown,Unspecified,2026-07-08T18:15:47.402049+00:00,point_velocity,Unspecified
05471000,POINT (-93.5959722222222 42.0082222222222),767d0516-65d7-474b-9289-f1a52720f2b6,USGS-05471000,4e65ac2d-2cc6-ec0c-e053-0100007f20e6,638,2016-07-05T19:28:30+00:00,05471000,81.2,ft^3/s,105,ft,61.3,ft^2,1.32,ft/s,300.00,ft,Firm,Sand,Even,Unspecified,Unknown,Unknown,Wading,2026-07-08T18:15:47.402049+00:00,point_velocity,Downstream
05471000,POINT (-93.5959722222222 42.0082222222222),767ed7dc-b1fd-4443-991b-9f3222169c8f,USGS-05471000,4e658789-4900-daa3-e053-0100007f15b5,495,2001-05-08T18:10:00+00:00,Imported Channel 1,688,ft^3/s,152,ft,483,ft^2,1.42,ft/s,,,Unspecified,Unspecified,Unspecified,Unspecified,Unspecified,Unknown,Wading,2026-07-08T18:15:47.402049+00:00,point_velocity,Unspecified
05471000,POINT (-93.5959722222222 42.0082222222222),76d96ffd-5cf2-448b-adc3-8e29ea2b19ed,USGS-05471000,4e658070-e55d-d726-e053-0100007f8798,345,1975-03-20T14:35:00+00:00,Imported Channel 1,4010,ft^3/s,165,ft,1210,ft^2,3.31,ft/s,,,Unspecified,Unspecified,Unspecified,Unspecified,Unspecified,Unknown,BridgeCrane,2026-07-08T18:15:47.402049+00:00,point_velocity,Unspecified
05471000,POINT (-93.5959722222222 42.0082222222222),7704c352-fec4-47c5-b814-4e96f4c36cf0,USGS-05471000,793ca22b-05a2-4f61-80f4-1b836416d46d,679,2021-05-04T17:15:30+00:00,05471000,65.6,ft^3/s,62.0,ft,37.6,ft^2,1.75,ft/s,500.00,ft,Firm,Sand,Uneven,Uneven,Unknown,Pulsating,Wading,2026-07-08T18:15:47.402049+00:00,point_velocity,Downstream
05471000,POINT (-93.5959722222222 42.0082222222222),77efc543-eea1-4e14-bef9-8ab146abf131,USGS-05471000,4e657fd6-cadf-d70c-e053-0100007f04d8,276,1970-07-02T15:50:00+00:00,Imported Channel 1,65.8,ft^3/s,50.0,ft,63.3,ft^2,1.04,ft/s,,,Unspecified,Unspecified,Unspecified,Unspecified,Unspecified,Unknown,Wading,2026-07-08T18:15:47.402049+00:00,point_velocity,Unspecified
05471000,POINT (-93.5959722222222 42.0082222222222),7815a287-6c99-40a2-80b6-f794b88cf010,USGS-05471000,4e65876c-e237-da97-e053-0100007f37cf,569,2009-08-04T18:58:00+00:00,Imported Channel 1,75.4,ft^3/s,86.0,ft,80.7,ft^2,0.94,ft/s,1320.00,ft,Firm,Sand,Uneven,Unspecified,Unspecified,Unknown,Wading,2026-07-08T18:15:47.402049+00:00,point_velocity,Upstream
05471000,POINT (-93.5959722222222 42.0082222222222),7939d2a3-0dfc-49d7-af9f-72875f00f62a,USGS-05471000,4e656713-be1b-c7e8-e053-0100007f8f1c,210,1966-07-28T13:50:00+00:00,Imported Channel 1,37.8,ft^3/s,54.0,ft,31.0,ft^2,1.22,ft/s,,,Unspecified,Unspecified,Unspecified,Unspecified,Unspecified,Unknown,Wading,2026-07-08T18:15:47.402049+00:00,point_velocity,Unspecified
05471000,POINT (-93.5959722222222 42.0082222222222),7a2c0dce-10fd-493c-8846-1fa15ae9a55e,USGS-05471000,4e656a26-ee42-cc4d-e053-0100007f4bc9,439,1995-03-10T14:40:00+00:00,Imported Channel 1,147,ft^3/s,129,ft,131,ft^2,1.12,ft/s,,,Unspecified,Unspecified,Unspecified,Unspecified,Unspecified,Unknown,Wading,2026-07-08T18:15:47.402049+00:00,point_velocity,Unspecified
05471000,POINT (-93.5959722222222 42.0082222222222),7a5b33e3-3d83-4178-8789-824d3293d36a,USGS-05471000,4e655cd7-1b05-c545-e053-0100007f6e25,120,1960-12-05T20:55:00+00:00,Imported Channel 1,91.3,ft^3/s,78.0,ft,63.6,ft^2,1.43,ft/s,,,Unspecified,Unspecified,Unspecified,Unspecified,Unspecified,Unknown,Wading,2026-07-08T18:15:47.402049+00:00,point_velocity,Unspecified
05471000,POINT (-93.5959722222222 42.0082222222222),7b052005-cc8b-46c0-bfe8-f781a1fa2a75,USGS-05471000,c67fffc4-632e-496c-8fbc-0d575a6a9833,702,2024-02-05T18:12:29+00:00,main,214,ft^3/s,96.0,ft,118,ft^2,1.81,ft/s,1500.00,ft,Firm,Sand,Even,Even,Uniform,Steady,Wading,2026-07-08T18:15:47.402049+00:00,point_velocity,Downstream
05471000,POINT (-93.5959722222222 42.0082222222222),7b2c5348-d641-44c5-9136-11dc35fddce0,USGS-05471000,4e659178-549b-dfda-e053-0100007f3a93,585,2011-03-30T19:44:00+00:00,Imported Channel 1,330,ft^3/s,,,,,,,,ft,Firm,Gravel,Even,Even,Unspecified,Unknown,Wading,2026-07-08T18:15:47.402049+00:00,other_method,Unspecified
05471000,POINT (-93.5959722222222 42.0082222222222),7cab0f41-723a-41c0-b4e5-92adaca56a7c,USGS-05471000,4e657c8d-2b98-d5b4-e053-0100007fd8fe,194,1965-07-06T22:50:00+00:00,Imported Channel 1,79.8,ft^3/s,74.0,ft,59.2,ft^2,1.35,ft/s,,,Unspecified,Unspecified,Unspecified,Unspecified,Unspecified,Unknown,Wading,2026-07-08T18:15:47.402049+00:00,point_velocity,Unspecified
05471000,POINT (-93.5959722222222 42.0082222222222),7d5748f5-b9fa-4da5-a2c1-009dd3149070,USGS-05471000,70cdca8f-5f62-4a97-b9fd-f1c84974b994,682,2021-08-31T19:08:32+00:00,05471000,47.2,ft^3/s,48.0,ft,47.1,ft^2,1.00,ft/s,1320.00,ft,Soft,Sand,Even,Even,Uniform,Steady,Wading,2026-07-08T18:15:47.402049+00:00,point_velocity,Downstream
05471000,POINT (-93.5959722222222 42.0082222222222),7dd6f15e-757a-4af4-92cc-45f5011f783a,USGS-05471000,4e65a442-5fa3-e842-e053-0100007f4ba9,628,2015-07-28T13:32:30+00:00,Below,281,ft^3/s,154,ft,183,ft^2,1.53,ft/s,1000.00,ft,Soft,Sand,Even,Even,Standard,Unknown,Wading,2026-07-08T18:15:47.402049+00:00,point_velocity,Upstream
05471000,POINT (-93.5959722222222 42.0082222222222),7e32917c-33fe-47c1-b5cd-5498f9da6bcb,USGS-05471000,4e65a732-57e7-ea57-e053-0100007f83f4,626,2015-04-28T13:20:00+00:00,Skunk below,502,ft^3/s,150,ft,270,ft^2,1.86,ft/s,100.00,ft,Soft,Sand,Uneven,Even,Uniform,Unknown,Wading,2026-07-08T18:15:47.402049+00:00,point_velocity,Downstream
05471000,POINT (-93.5959722222222 42.0082222222222),7e38e64e-7775-42fe-91b6-55c780383e2e,USGS-05471000,4e658af9-7a0c-dc94-e053-0100007f84a6,468,1998-01-26T21:00:00+00:00,Imported Channel 1,47.9,ft^3/s,82.0,ft,55.0,ft^2,0.87,ft/s,,,Unspecified,Unspecified,Unspecified,Unspecified,Unspecified,Unknown,Ice,2026-07-08T18:15:47.402049+00:00,point_velocity,Unspecified
05471000,POINT (-93.5959722222222 42.0082222222222),7e67cd03-689e-498a-8cac-d80decf25c5b,USGS-05471000,4e65a394-7973-e84c-e053-0100007f94bc,607,2013-07-02T18:54:00+00:00,Imported Channel 1,322,ft^3/s,96.0,ft,194,ft^2,1.66,ft/s,1320.00,ft,Firm,Sand,Even,Even,Uniform,Unknown,Wading,2026-07-08T18:15:47.402049+00:00,point_velocity,Upstream
05471000,POINT (-93.5959722222222 42.0082222222222),7ea23128-96df-4830-afc6-47472a169b0d,USGS-05471000,4e65838b-6e92-d873-e053-0100007f9c4b,538,2006-02-07T22:12:00+00:00,Imported Channel 1,147,ft^3/s,88.0,ft,90.7,ft^2,1.62,ft/s,,,Unspecified,Unspecified,Unspecified,Unspecified,Unspecified,Unknown,Wading,2026-07-08T18:15:47.402049+00:00,point_velocity,Unspecified
05471000,POINT (-93.5959722222222 42.0082222222222),7ea2dc33-b716-4d52-bcf2-d04549edc54f,USGS-05471000,4e6578fe-2dc3-d388-e053-0100007f2584,416,1993-02-03T20:45:00+00:00,Imported Channel 1,134,ft^3/s,120,ft,121,ft^2,1.11,ft/s,,,Unspecified,Unspecified,Unspecified,Unspecified,Unspecified,Unknown,Ice,2026-07-08T18:15:47.402049+00:00,point_velocity,Unspecified
05471000,POINT (-93.5959722222222 42.0082222222222),7ef9c09c-1908-4d47-9967-7d7b8487cca7,USGS-05471000,4e659d7c-3166-e5d1-e053-0100007ff7e3,563,2008-10-01T19:24:00+00:00,Imported Channel 1,94.1,ft^3/s,86.0,ft,78.0,ft^2,1.21,ft/s,,,Unspecified,Unspecified,Unspecified,Unspecified,Unspecified,Unknown,Wading,2026-07-08T18:15:47.402049+00:00,point_velocity,Unspecified
05471000,POINT (-93.5959722222222 42.0082222222222),7f09490b-1e01-4db9-8c3a-78bb14ec769f,USGS-05471000,4e658789-4901-daa3-e053-0100007f15b5,496,2001-06-05T17:00:00+00:00,Imported Channel 1,630,ft^3/s,111,ft,287,ft^2,2.20,ft/s,,,Unspecified,Unspecified,Unspecified,Unspecified,Unspecified,Unknown,Wading,2026-07-08T18:15:47.402049+00:00,point_velocity,Unspecified
05471000,POINT (-93.5959722222222 42.0082222222222),7f19136a-7063-4e85-a985-dc96b7ee18d3,USGS-05471000,4e65713a-f8d8-cf8a-e053-0100007fca45,196,1965-09-03T18:00:00+00:00,Imported Channel 1,15.7,ft^3/s,36.0,ft,18.2,ft^2,0.86,ft/s,,,Unspecified,Unspecified,Unspecified,Unspecified,Unspecified,Unknown,Wading,2026-07-08T18:15:47.402049+00:00,point_velocity,Unspecified
05471000,POINT (-93.5959722222222 42.0082222222222),7f250e31-7725-4eb9-bba9-851bcd3de345,USGS-05471000,4e658777-8439-da9b-e053-0100007f961b,452,1996-06-17T18:55:00+00:00,Imported Channel 1,19600,ft^3/s,1710,ft,3460,ft^2,5.66,ft/s,,,Unspecified,Unspecified,Unspecified,Unspecified,Unspecified,Unknown,BridgeCrane,2026-07-08T18:15:47.402049+00:00,point_velocity,Unspecified
05471000,POINT (-93.5959722222222 42.0082222222222),7f3635f8-7443-4f31-97ee-623b3ff87192,USGS-05471000,4e6583a9-9468-d86d-e053-0100007f32e5,473,1998-07-07T22:00:00+00:00,Imported Channel 1,1570,ft^3/s,202,ft,785,ft^2,2.00,ft/s,,,Unspecified,Unspecified,Unspecified,Unspecified,Unspecified,Unknown,BridgeCrane,2026-07-08T18:15:47.402049+00:00,point_velocity,Unspecified
05471000,POINT (-93.5959722222222 42.0082222222222),7f99c99b-42c7-47ed-bd15-03b44291dbe3,USGS-05471000,4e6587ac-ce80-da99-e053-0100007f129b,550,2007-06-12T19:16:00+00:00,Imported Channel 1,566,ft^3/s,143,ft,354,ft^2,1.60,ft/s,,,Unspecified,Unspecified,Unspecified,Unspecified,Unspecified,Unknown,Wading,2026-07-08T18:15:47.402049+00:00,point_velocity,Unspecified
05471000,POINT (-93.5959722222222 42.0082222222222),7ff9b1f5-b2ab-452c-8650-f00da3650c18,USGS-05471000,4e65a04e-9da2-e6f2-e053-0100007f3904,557,2008-03-26T15:58:00+00:00,Imported Channel 1,414,ft^3/s,146,ft,269,ft^2,1.54,ft/s,,,Unspecified,Unspecified,Unspecified,Unspecified,Unspecified,Unknown,Wading,2026-07-08T18:15:47.402049+00:00,point_velocity,Unspecified
05471000,POINT (-93.5959722222222 42.0082222222222),808c0f66-181c-4cc8-9371-53c0483f94a5,USGS-05471000,4e655934-f33d-c381-e053-0100007f0ece,203,1966-03-08T22:35:00+00:00,Imported Channel 1,109,ft^3/s,84.0,ft,96.9,ft^2,1.12,ft/s,,,Unspecified,Unspecified,Unspecified,Unspecified,Unspecified,Unknown,Wading,2026-07-08T18:15:47.402049+00:00,point_velocity,Unspecified
05471000,POINT (-93.5959722222222 42.0082222222222),80a87f97-4f1f-46e5-bea0-7e276ee9ff58,USGS-05471000,4e656e2d-1948-ce32-e053-0100007f3692,110,1960-03-29T15:00:00+00:00,Imported Channel 1,2950,ft^3/s,186,ft,1130,ft^2,2.61,ft/s,,,Unspecified,Unspecified,Unspecified,Unspecified,Unspecified,Unknown,BridgeCrane,2026-07-08T18:15:47.402049+00:00,point_velocity,Unspecified
05471000,POINT (-93.5959722222222 42.0082222222222),80ad99a7-aea0-4154-9251-88acf64a6e78,USGS-05471000,05f82877-8bd2-4f1c-b4c4-bcabe8757692,701,2023-12-13T16:59:47+00:00,Skunk Below,3.31,ft^3/s,16.5,ft,6.46,ft^2,0.51,ft/s,50.00,ft,Firm,Gravel,Even,Even,Unknown,Steady,Wading,2026-07-08T18:15:47.402049+00:00,point_velocity,Downstream
05471000,POINT (-93.5959722222222 42.0082222222222),81250760-dc1c-4c0c-9560-b4f397c8b4f3,USGS-05471000,4e65720b-e89b-d01e-e053-0100007f25e6,247,1969-01-08T20:10:00+00:00,Imported Channel 1,34.5,ft^3/s,86.0,ft,39.7,ft^2,0.87,ft/s,,,Unspecified,Unspecified,Unspecified,Unspecified,Unspecified,Unknown,Wading,2026-07-08T18:15:47.402049+00:00,point_velocity,Unspecified
05471000,POINT (-93.5959722222222 42.0082222222222),81675ba8-53e3-44e0-a68c-e3e54140691c,USGS-05471000,4e659c91-cf98-e347-e053-0100007f7169,620,2014-09-29T17:30:30+00:00,Below,290,ft^3/s,81.0,ft,173,ft^2,1.67,ft/s,500.00,ft,Firm,Sand,Even,Even,Uniform,Unknown,Wading,2026-07-08T18:15:47.402049+00:00,point_velocity,Downstream
05471000,POINT (-93.5959722222222 42.0082222222222),818aaa33-a973-46ed-8fcb-68e9d2ea66c0,USGS-05471000,4e6578fe-2da5-d388-e053-0100007f2584,282,1970-11-03T18:45:00+00:00,Imported Channel 1,276,ft^3/s,120,ft,158,ft^2,1.75,ft/s,,,Unspecified,Unspecified,Unspecified,Unspecified,Unspecified,Unknown,Wading,2026-07-08T18:15:47.402049+00:00,point_velocity,Unspecified
05471000,POINT (-93.5959722222222 42.0082222222222),81c595ed-8b8f-4c6a-8e04-788935e32f03,USGS-05471000,4e659239-f47a-dffa-e053-0100007f7f6d,500,2001-11-27T14:35:00+00:00,Imported Channel 1,131,ft^3/s,107,ft,107,ft^2,1.22,ft/s,,,Unspecified,Unspecified,Unspecified,Unspecified,Unspecified,Unknown,Wading,2026-07-08T18:15:47.402049+00:00,point_velocity,Unspecified
05471000,POINT (-93.5959722222222 42.0082222222222),82052224-0b85-4256-8590-795a1e3aedee,USGS-05471000,4e65585f-71e7-c2ed-e053-0100007f28b3,220,1967-04-05T16:00:00+00:00,Imported Channel 1,8.87,ft^3/s,33.0,ft,16.3,ft^2,0.54,ft/s,,,Unspecified,Unspecified,Unspecified,Unspecified,Unspecified,Unknown,Wading,2026-07-08T18:15:47.402049+00:00,point_velocity,Unspecified
05471000,POINT (-93.5959722222222 42.0082222222222),82153158-5bba-4ac1-bf21-4a65534ec832,USGS-05471000,4e6578dc-4f92-d384-e053-0100007f0d52,442,1995-07-12T18:10:00+00:00,Imported Channel 1,271,ft^3/s,132,ft,184,ft^2,1.47,ft/s,,,Unspecified,Unspecified,Unspecified,Unspecified,Unspecified,Unknown,Wading,2026-07-08T18:15:47.402049+00:00,point_velocity,Unspecified
05471000,POINT (-93.5959722222222 42.0082222222222),827b7745-374b-447a-af7b-b499740881e8,USGS-05471000,4e6571ec-9bd8-d01c-e053-0100007f5df2,42,1955-01-03T19:10:00+00:00,Imported Channel 1,69.4,ft^3/s,63.0,ft,55.3,ft^2,1.26,ft/s,,,Unspecified,Unspecified,Unspecified,Unspecified,Unspecified,Unknown,Wading,2026-07-08T18:15:47.402049+00:00,point_velocity,Unspecified
05471000,POINT (-93.5959722222222 42.0082222222222),82d89ed1-86b7-49e4-9844-a2424c941d0b,USGS-05471000,4e657902-85b1-d366-e053-0100007f7d62,335,1974-05-17T17:00:00+00:00,Imported Channel 1,2600,ft^3/s,155,ft,793,ft^2,3.28,ft/s,,,Unspecified,Unspecified,Unspecified,Unspecified,Unspecified,Unknown,BridgeCrane,2026-07-08T18:15:47.402049+00:00,point_velocity,Unspecified
05471000,POINT (-93.5959722222222 42.0082222222222),83b7b60c-a1ce-4a89-b391-a16180e11334,USGS-05471000,4e65721e-2361-d01a-e053-0100007f22a5,57,1956-09-04T17:15:00+00:00,Imported Channel 1,72.9,ft^3/s,108,ft,98.9,ft^2,0.74,ft/s,,,Unspecified,Unspecified,Unspecified,Unspecified,Unspecified,Unknown,Wading,2026-07-08T18:15:47.402049+00:00,point_velocity,Unspecified
05471000,POINT (-93.5959722222222 42.0082222222222),83e384d1-1894-467e-a4c7-1739f27a7a3e,USGS-05471000,4e655934-f331-c381-e053-0100007f0ece,137,1961-12-26T18:20:00+00:00,Imported Channel 1,216,ft^3/s,87.0,ft,119,ft^2,1.82,ft/s,,,Unspecified,Unspecified,Unspecified,Unspecified,Unspecified,Unknown,Wading,2026-07-08T18:15:47.402049+00:00,point_velocity,Unspecified
05471000,POINT (-93.5959722222222 42.0082222222222),844f3b55-4d99-4d68-a434-d1b76255e4d3,USGS-05471000,4e6578c0-31e4-d360-e053-0100007f3217,387,1978-06-13T17:40:00+00:00,Imported Channel 1,110,ft^3/s,103,ft,95.0,ft^2,1.16,ft/s,,,Unspecified,Unspecified,Unspecified,Unspecified,Unspecified,Unknown,Wading,2026-07-08T18:15:47.402049+00:00,point_velocity,Unspecified
05471000,POINT (-93.5959722222222 42.0082222222222),85055f07-09e1-40ee-b724-84c8c6874000,USGS-05471000,4e6596f1-ecc1-e205-e053-0100007fcdf3,582,2010-10-04T15:55:00+00:00,Imported Channel 1,435,ft^3/s,146,ft,272,ft^2,1.60,ft/s,1320.00,ft,Firm,Sand,Even,Even,Unspecified,Unknown,Wading,2026-07-08T18:15:47.402049+00:00,point_velocity,Upstream
05471000,POINT (-93.5959722222222 42.0082222222222),85057fba-a2ea-48b0-ad82-5ab18706b08c,USGS-05471000,4e657c8d-2baf-d5b4-e053-0100007fd8fe,315,1973-01-09T15:25:00+00:00,Imported Channel 1,287,ft^3/s,130,ft,160,ft^2,1.79,ft/s,,,Unspecified,Unspecified,Unspecified,Unspecified,Unspecified,Unknown,Wading,2026-07-08T18:15:47.402049+00:00,point_velocity,Unspecified
05471000,POINT (-93.5959722222222 42.0082222222222),85216e00-ce19-4983-bef4-3d070f42c86b,USGS-05471000,4e656deb-8a7d-cdbf-e053-0100007fba32,348,1975-06-27T15:55:00+00:00,Imported Channel 1,12300,ft^3/s,314,ft,2560,ft^2,4.80,ft/s,,,Unspecified,Unspecified,Unspecified,Unspecified,Unspecified,Unknown,BridgeCrane,2026-07-08T18:15:47.402049+00:00,point_velocity,Unspecified
05471000,POINT (-93.5959722222222 42.0082222222222),8585c243-8bd8-4fa2-a1f6-15c55676fabf,USGS-05471000,4e659f7f-d88f-e34b-e053-0100007f9416,618,2014-07-01T23:36:00+00:00,Skunk Below,12800,ft^3/s,312,ft,2950,ft^2,4.33,ft/s,1320.00,ft,Firm,Gravel,Even,Even,Uniform,Unknown,BridgeDownstreamSide,2026-07-08T18:15:47.402049+00:00,adcp,Upstream
05471000,POINT (-93.5959722222222 42.0082222222222),86405051-cbb1-4b50-9e7f-4dff9f8e459b,USGS-05471000,4e658775-d9cb-da57-e053-0100007f3ef6,383,1978-03-20T18:30:00+00:00,Imported Channel 1,1170,ft^3/s,161,ft,440,ft^2,2.66,ft/s,,,Unspecified,Unspecified,Unspecified,Unspecified,Unspecified,Unknown,BridgeCrane,2026-07-08T18:15:47.402049+00:00,point_velocity,Unspecified
05471000,POINT (-93.5959722222222 42.0082222222222),86923e3b-ac51-4add-8987-4609615520f5,USGS-05471000,8584874f-f8d7-49b1-bca7-ec325aa32d91,696,2023-04-03T18:42:39+00:00,main,286,ft^3/s,91.2,ft,193,ft^2,1.48,ft/s,0.00,ft,Firm,Sand,Even,Even,Unknown,Steady,BridgeDownstreamSide,2026-07-08T18:15:47.402049+00:00,adcp,AtTheGage
05471000,POINT (-93.5959722222222 42.0082222222222),86ae7139-a5ff-4dd6-9407-c9d9fd12e505,USGS-05471000,4e656ec9-0090-ce84-e053-0100007f668b,346,1975-05-07T16:00:00+00:00,Imported Channel 1,554,ft^3/s,130,ft,264,ft^2,2.06,ft/s,,,Unspecified,Unspecified,Unspecified,Unspecified,Unspecified,Unknown,Wading,2026-07-08T18:15:47.402049+00:00,point_velocity,Unspecified
05471000,POINT (-93.5959722222222 42.0082222222222),8736627b-7821-48c8-be99-d4fa199c6861,USGS-05471000,4e657c01-cde2-d526-e053-0100007fd293,310,1972-06-21T19:00:00+00:00,Imported Channel 1,420,ft^3/s,130,ft,219,ft^2,1.92,ft/s,,,Unspecified,Unspecified,Unspecified,Unspecified,Unspecified,Unknown,Wading,2026-07-08T18:15:47.402049+00:00,point_velocity,Unspecified
05471000,POINT (-93.5959722222222 42.0082222222222),873abbba-6790-4f0f-b0ec-5dee2552dc76,USGS-05471000,4e656368-6453-c7e4-e053-0100007f1c55,159,1963-04-01T19:40:00+00:00,Imported Channel 1,166,ft^3/s,87.0,ft,93.7,ft^2,1.77,ft/s,,,Unspecified,Unspecified,Unspecified,Unspecified,Unspecified,Unknown,Wading,2026-07-08T18:15:47.402049+00:00,point_velocity,Unspecified
05471000,POINT (-93.5959722222222 42.0082222222222),87617970-d60b-463c-9400-2d991d77c045,USGS-05471000,4e658e87-8e50-de1e-e053-0100007f13b1,551,2007-07-24T21:18:00+00:00,Imported Channel 1,84.3,ft^3/s,80.0,ft,62.5,ft^2,1.35,ft/s,,,Unspecified,Unspecified,Unspecified,Unspecified,Unspecified,Unknown,Wading,2026-07-08T18:15:47.402049+00:00,point_velocity,Unspecified
05471000,POINT (-93.5959722222222 42.0082222222222),878052dc-d075-4423-85bb-daa6ad7caa00,USGS-05471000,4e6578c0-31d2-d360-e053-0100007f3217,262,1969-10-13T18:30:00+00:00,Imported Channel 1,71.8,ft^3/s,66.0,ft,47.0,ft^2,1.53,ft/s,,,Unspecified,Unspecified,Unspecified,Unspecified,Unspecified,Unknown,Wading,2026-07-08T18:15:47.402049+00:00,point_velocity,Unspecified
05471000,POINT (-93.5959722222222 42.0082222222222),879fa961-8967-4c26-a49d-88e5ae0372d0,USGS-05471000,4e656a76-d7bc-cc6d-e053-0100007fea3d,28,1953-11-30T16:35:00+00:00,Imported Channel 1,0.17,ft^3/s,4.00,ft,0.49,ft^2,0.35,ft/s,,,Unspecified,Unspecified,Unspecified,Unspecified,Unspecified,Unknown,Wading,2026-07-08T18:15:47.402049+00:00,point_velocity,Unspecified
05471000,POINT (-93.5959722222222 42.0082222222222),87b5be1c-4723-428b-9d6f-8ce81da842f9,USGS-05471000,4e658751-97c9-da71-e053-0100007f7d60,640,2016-09-19T20:48:30+00:00,2nd channel,114,ft^3/s,40.0,ft,83.2,ft^2,1.37,ft/s,1320.00,ft,Unspecified,Unspecified,Unspecified,Unspecified,Unspecified,Unknown,BridgeDownstreamSide,2026-07-08T18:15:47.402049+00:00,adcp,Upstream
05471000,POINT (-93.5959722222222 42.0082222222222),8851dd03-c951-4f47-9ae0-02b9de3a74fe,USGS-05471000,4e655934-f33e-c381-e053-0100007f0ece,204,1966-04-06T17:05:00+00:00,Imported Channel 1,373,ft^3/s,105,ft,177,ft^2,2.11,ft/s,,,Unspecified,Unspecified,Unspecified,Unspecified,Unspecified,Unknown,Wading,2026-07-08T18:15:47.402049+00:00,point_velocity,Unspecified
05471000,POINT (-93.5959722222222 42.0082222222222),886dc0b7-22c0-4e8f-a93e-d8d08420b3f8,USGS-05471000,4e65935c-ce22-e077-e053-0100007f5798,508,2002-11-05T14:25:00+00:00,Imported Channel 1,114,ft^3/s,73.0,ft,85.0,ft^2,1.34,ft/s,,,Unspecified,Unspecified,Unspecified,Unspecified,Unspecified,Unknown,Wading,2026-07-08T18:15:47.402049+00:00,point_velocity,Unspecified
05471000,POINT (-93.5959722222222 42.0082222222222),88ede845-8855-44ad-89b0-133a433fd3b8,USGS-05471000,4e65752d-efcd-d169-e053-0100007f74ab,69,1957-07-09T13:00:00+00:00,Imported Channel 1,310,ft^3/s,82.0,ft,154,ft^2,2.00,ft/s,,,Unspecified,Unspecified,Unspecified,Unspecified,Unspecified,Unknown,Wading,2026-07-08T18:15:47.402049+00:00,point_velocity,Unspecified
05471000,POINT (-93.5959722222222 42.0082222222222),890b4e34-61c2-4c47-abfc-3b18e4cfcd95,USGS-05471000,7264ae85-74c1-f8e4-e053-0100007f74cc,658,2018-07-30T19:53:30+00:00,Sk. Below,120,ft^3/s,92.0,ft,189,ft^2,0.64,ft/s,150.00,ft,Soft,Sand,Uneven,Uneven,Standard,Pulsating,Wading,2026-07-08T18:15:47.402049+00:00,point_velocity,Upstream
05471000,POINT (-93.5959722222222 42.0082222222222),890d0d7d-e2f4-4405-bc9f-856e60d58a33,USGS-05471000,4e6578f6-ebdd-d396-e053-0100007f255d,481,1999-06-22T12:10:00+00:00,Imported Channel 1,606,ft^3/s,160,ft,345,ft^2,1.76,ft/s,,,Unspecified,Unspecified,Unspecified,Unspecified,Unspecified,Unknown,Wading,2026-07-08T18:15:47.402049+00:00,point_velocity,Unspecified
05471000,POINT (-93.5959722222222 42.0082222222222),8931ee75-e942-4035-aafa-e57c5251cba4,USGS-05471000,4e6592f9-c259-e0ab-e053-0100007fd09f,564,2008-11-20T18:51:00+00:00,Imported Channel 1,527,ft^3/s,140,ft,271,ft^2,1.95,ft/s,1300.00,ft,Soft,Sand,Uneven,Unspecified,Unspecified,Unknown,Wading,2026-07-08T18:15:47.402049+00:00,point_velocity,Upstream
05471000,POINT (-93.5959722222222 42.0082222222222),89a04670-7c89-48d3-be22-e94a46fcf075,USGS-05471000,a30e0b16-e7b0-4725-b2f0-5714a7e50346,672,2020-06-08T18:35:51+00:00,05471000b,151,ft^3/s,57.9,ft,87.2,ft^2,1.73,ft/s,,ft,Unspecified,Unspecified,Unspecified,Unspecified,Unspecified,Unspecified,BridgeDownstreamSide,2026-07-08T18:15:47.402049+00:00,adcp,Unspecified
05471000,POINT (-93.5959722222222 42.0082222222222),89c592d4-cf74-458a-8274-77a75e9eb88c,USGS-05471000,4e65876c-bcc3-da9f-e053-0100007f1dbd,534,2005-08-24T12:41:00+00:00,Imported Channel 1,24.7,ft^3/s,60.0,ft,24.7,ft^2,1.00,ft/s,,,Unspecified,Unspecified,Unspecified,Unspecified,Unspecified,Unknown,Wading,2026-07-08T18:15:47.402049+00:00,point_velocity,Unspecified
05471000,POINT (-93.5959722222222 42.0082222222222),8a35298f-0cc4-42a7-aa7b-cd2152d47808,USGS-05471000,4e657582-115a-d1ab-e053-0100007f4fbd,244,1968-10-01T15:50:00+00:00,Imported Channel 1,26.5,ft^3/s,70.0,ft,27.4,ft^2,0.97,ft/s,,,Unspecified,Unspecified,Unspecified,Unspecified,Unspecified,Unknown,Wading,2026-07-08T18:15:47.402049+00:00,point_velocity,Unspecified
05471000,POINT (-93.5959722222222 42.0082222222222),8a6074ec-3a1a-407c-9184-a476844a1aa9,USGS-05471000,4e6599ae-a1ec-e395-e053-0100007ffe03,505,2002-06-25T23:45:00+00:00,Imported Channel 1,184,ft^3/s,75.0,ft,101,ft^2,1.82,ft/s,,,Unspecified,Unspecified,Unspecified,Unspecified,Unspecified,Unknown,Wading,2026-07-08T18:15:47.402049+00:00,point_velocity,Unspecified
05471000,POINT (-93.5959722222222 42.0082222222222),8a7ffceb-d770-4e61-a75c-8b460073243b,USGS-05471000,4e656a32-8d6b-cc47-e053-0100007feb7d,170,1964-03-31T19:35:00+00:00,Imported Channel 1,30.1,ft^3/s,50.0,ft,33.8,ft^2,0.89,ft/s,,,Unspecified,Unspecified,Unspecified,Unspecified,Unspecified,Unknown,Wading,2026-07-08T18:15:47.402049+00:00,point_velocity,Unspecified
05471000,POINT (-93.5959722222222 42.0082222222222),8aafd88b-1b4f-4d13-b716-0f4b3e7d276e,USGS-05471000,4e6578ca-cb62-d36c-e053-0100007fcbe2,218,1967-01-30T22:20:00+00:00,Imported Channel 1,11.2,ft^3/s,77.0,ft,25.5,ft^2,0.44,ft/s,,,Unspecified,Unspecified,Unspecified,Unspecified,Unspecified,Unknown,Ice,2026-07-08T18:15:47.402049+00:00,point_velocity,Unspecified
05471000,POINT (-93.5959722222222 42.0082222222222),8af8673c-7eae-4ab0-8c8e-9227417fae47,USGS-05471000,4e6575ed-f2c4-d1ad-e053-0100007f5dec,229E,1967-10-20T17:10:00+00:00,Imported Channel 1,10.1,ft^3/s,21.0,ft,10.2,ft^2,0.99,ft/s,,,Unspecified,Unspecified,Unspecified,Unspecified,Unspecified,Unknown,Wading,2026-07-08T18:15:47.402049+00:00,point_velocity,Unspecified
05471000,POINT (-93.5959722222222 42.0082222222222),8b2c6d26-a911-4247-8bf6-ec67ea08af93,USGS-05471000,4e655b8c-52a9-c4af-e053-0100007f3450,49,1955-08-01T16:10:00+00:00,Imported Channel 1,11.9,ft^3/s,42.0,ft,11.8,ft^2,1.01,ft/s,,,Unspecified,Unspecified,Unspecified,Unspecified,Unspecified,Unknown,Wading,2026-07-08T18:15:47.402049+00:00,point_velocity,Unspecified
05471000,POINT (-93.5959722222222 42.0082222222222),8b80d2cd-0285-4c41-bc8d-292d2667ab67,USGS-05471000,4e656337-3b60-c7f2-e053-0100007ffcce,116,1960-08-03T15:15:00+00:00,Imported Channel 1,57.6,ft^3/s,46.0,ft,41.1,ft^2,1.40,ft/s,,,Unspecified,Unspecified,Unspecified,Unspecified,Unspecified,Unknown,Wading,2026-07-08T18:15:47.402049+00:00,point_velocity,Unspecified
05471000,POINT (-93.5959722222222 42.0082222222222),8c56afc9-917f-4d4c-b882-82cce2edcc41,USGS-05471000,2c10295b-fe6e-4f71-b4cd-df4792af75f8,700,2023-10-23T19:51:02+00:00,main,5.78,ft^3/s,16.0,ft,4.24,ft^2,1.36,ft/s,50.00,ft,Firm,Sand,Even,Even,Uniform,Steady,Wading,2026-07-08T18:15:47.402049+00:00,point_velocity,Downstream
05471000,POINT (-93.5959722222222 42.0082222222222),8cacb5c6-561c-418d-948f-152dcdcec457,USGS-05471000,4e65679b-57b0-cae7-e053-0100007ff8bf,14,1952-11-03T18:40:00+00:00,Imported Channel 1,2.06,ft^3/s,13.0,ft,2.87,ft^2,0.72,ft/s,,,Unspecified,Unspecified,Unspecified,Unspecified,Unspecified,Unknown,Wading,2026-07-08T18:15:47.402049+00:00,point_velocity,Unspecified
05471000,POINT (-93.5959722222222 42.0082222222222),8df310bb-fb69-41f3-b27a-25b11aa15d78,USGS-05471000,4e65a00e-05a5-e6f6-e053-0100007f480b,589,2011-08-22T16:10:00+00:00,Imported Channel 1,12.0,ft^3/s,33.0,ft,11.0,ft^2,1.10,ft/s,1320.00,ft,Unspecified,Sand,Unspecified,Unspecified,Unspecified,Unknown,Wading,2026-07-08T18:15:47.402049+00:00,point_velocity,Upstream
05471000,POINT (-93.5959722222222 42.0082222222222),8ec4a1b9-590f-4613-8903-2db03e093fab,USGS-05471000,4e65a342-e829-e856-e053-0100007f5a41,613,2014-02-11T17:55:30+00:00,Skunk Below,0.00,ft^3/s,,,,,,,,ft,Firm,Sand,Unspecified,Unspecified,Unknown,Unknown,Other,2026-07-08T18:15:47.402049+00:00,other_method,AtTheGage
05471000,POINT (-93.5959722222222 42.0082222222222),90f37467-b026-4437-8c65-66b1507ecdd3,USGS-05471000,d0a0a138-1bdf-4a83-9807-13d48f6bd2ce,675,2020-10-13T19:55:15+00:00,05471000,2.23,ft^3/s,21.0,ft,9.38,ft^2,0.24,ft/s,1320.00,ft,Firm,Sand,Even,Even,Uniform,Steady,Wading,2026-07-08T18:15:47.402049+00:00,point_velocity,Downstream
05471000,POINT (-93.5959722222222 42.0082222222222),91077549-10b8-4158-bdf9-85c121c68b10,USGS-05471000,4e656f28-f766-ce80-e053-0100007fbe50,90,1959-01-28T16:30:00+00:00,Imported Channel 1,0.29,ft^3/s,2.80,ft,0.41,ft^2,0.71,ft/s,,,Unspecified,Unspecified,Unspecified,Unspecified,Unspecified,Unknown,Wading,2026-07-08T18:15:47.402049+00:00,point_velocity,Unspecified
05471000,POINT (-93.5959722222222 42.0082222222222),910ad96d-4e17-413c-ac4d-8fde389d4abf,USGS-05471000,4e656368-6452-c7e4-e053-0100007f1c55,158,1963-03-12T16:25:00+00:00,Imported Channel 1,632,ft^3/s,126,ft,331,ft^2,1.91,ft/s,,,Unspecified,Unspecified,Unspecified,Unspecified,Unspecified,Unknown,BridgeCrane,2026-07-08T18:15:47.402049+00:00,point_velocity,Unspecified
05471000,POINT (-93.5959722222222 42.0082222222222),9158d8f9-dac8-4bc3-8f75-639d3868941b,USGS-05471000,4e654e2f-2f3a-bd5b-e053-0100007f5551,2,1942-07-07T12:10:00+00:00,Imported Channel 1,230,ft^3/s,86.0,ft,127,ft^2,1.81,ft/s,,,Unspecified,Unspecified,Unspecified,Unspecified,Unspecified,Unknown,BridgeCrane,2026-07-08T18:15:47.402049+00:00,point_velocity,Unspecified
05471000,POINT (-93.5959722222222 42.0082222222222),916f97c1-3cee-45ed-9a05-01fc76f62938,USGS-05471000,4e6587ae-bcd9-dab9-e053-0100007f0448,446,1996-01-03T14:50:00+00:00,Imported Channel 1,10.2,ft^3/s,40.0,ft,18.9,ft^2,0.54,ft/s,,,Unspecified,Unspecified,Unspecified,Unspecified,Unspecified,Unknown,Ice,2026-07-08T18:15:47.402049+00:00,point_velocity,Unspecified
05471000,POINT (-93.5959722222222 42.0082222222222),918a1da1-cbf0-401e-bf24-6cd9035d9cec,USGS-05471000,4e6575bb-0f5f-d193-e053-0100007f4087,435,1994-09-22T16:00:00+00:00,Imported Channel 1,470,ft^3/s,143,ft,318,ft^2,1.48,ft/s,,,Unspecified,Unspecified,Unspecified,Unspecified,Unspecified,Unknown,Wading,2026-07-08T18:15:47.402049+00:00,point_velocity,Unspecified
05471000,POINT (-93.5959722222222 42.0082222222222),91bbe77c-aded-4a35-ac3a-3f71ea74a2a0,USGS-05471000,e023e51f-e30c-45e9-b761-0336194c53d1,710,2025-02-24T19:52:21+00:00,SK Blw,41.6,ft^3/s,77.8,ft,63.8,ft^2,0.65,ft/s,100.00,ft,Soft,Sand,Uneven,Uneven,Standard,Steady,Wading,2026-07-08T18:15:47.402049+00:00,adcp,Downstream
05471000,POINT (-93.5959722222222 42.0082222222222),92acbab9-929d-4269-b567-d6c90571cd06,USGS-05471000,4e659270-ea6f-e07d-e053-0100007f55e0,552,2007-09-11T13:26:00+00:00,Imported Channel 1,205,ft^3/s,88.0,ft,108,ft^2,1.90,ft/s,,,Unspecified,Unspecified,Unspecified,Unspecified,Unspecified,Unknown,Wading,2026-07-08T18:15:47.402049+00:00,point_velocity,Unspecified
05471000,POINT (-93.5959722222222 42.0082222222222),92bb6558-4ad4-4534-aaad-f9395ee5d745,USGS-05471000,4e6575ed-f2db-d1ad-e053-0100007f5dec,392,1978-11-06T21:25:00+00:00,Imported Channel 1,130,ft^3/s,112,ft,105,ft^2,1.24,ft/s,,,Unspecified,Unspecified,Unspecified,Unspecified,Unspecified,Unknown,Wading,2026-07-08T18:15:47.402049+00:00,point_velocity,Unspecified
05471000,POINT (-93.5959722222222 42.0082222222222),92c60abc-6a3f-44e4-b478-a3477b4fb0b7,USGS-05471000,4e6569f1-f9c9-cc45-e053-0100007f7407,7,1944-04-19T16:52:00+00:00,Imported Channel 1,747,ft^3/s,101,ft,319,ft^2,2.34,ft/s,,,Unspecified,Unspecified,Unspecified,Unspecified,Unspecified,Unknown,BridgeCrane,2026-07-08T18:15:47.402049+00:00,point_velocity,Unspecified
05471000,POINT (-93.5959722222222 42.0082222222222),939cfed1-7312-4643-8fcf-25fa1efacb4e,USGS-05471000,4e6595ec-6474-e19f-e053-0100007fec14,641,2016-10-24T20:23:30+00:00,Sk Below,259,ft^3/s,141,ft,159,ft^2,1.63,ft/s,150.00,ft,Soft,Sand,Uneven,Uneven,Standard,Unknown,Wading,2026-07-08T18:15:47.402049+00:00,point_velocity,Downstream
05471000,POINT (-93.5959722222222 42.0082222222222),941f845e-d0a3-4f8f-9431-2cdc82c74502,USGS-05471000,e00bf3ae-915c-4ead-bff0-f1f0dab54079,689,2022-06-15T17:55:04+00:00,skunk below,8280,ft^3/s,236,ft,2100,ft^2,3.94,ft/s,0.00,ft,Firm,Sand,Uneven,Uneven,Unknown,Pulsating,BridgeDownstreamSide,2026-07-08T18:15:47.402049+00:00,adcp,AtTheGage
05471000,POINT (-93.5959722222222 42.0082222222222),945c7a19-ec79-433e-a720-23fc5404603b,USGS-05471000,4e65628f-fb1e-c78a-e053-0100007f94fa,107,1960-01-08T15:45:00+00:00,Imported Channel 1,153,ft^3/s,65.0,ft,89.0,ft^2,1.72,ft/s,,,Unspecified,Unspecified,Unspecified,Unspecified,Unspecified,Unknown,Wading,2026-07-08T18:15:47.402049+00:00,point_velocity,Unspecified
05471000,POINT (-93.5959722222222 42.0082222222222),94960ddb-0b99-4529-887b-e6be2941cb84,USGS-05471000,4e654e2f-2f6f-bd5b-e053-0100007f5551,271,1970-05-13T16:40:00+00:00,Imported Channel 1,4250,ft^3/s,220,ft,1480,ft^2,2.87,ft/s,,,Unspecified,Unspecified,Unspecified,Unspecified,Unspecified,Unknown,BridgeCrane,2026-07-08T18:15:47.402049+00:00,point_velocity,Unspecified
05471000,POINT (-93.5959722222222 42.0082222222222),94b76b7e-3ac1-4082-a5e0-5eecfd76e1e1,USGS-05471000,94fa5dff-a968-5ac3-e053-0100007f41ab,668,2019-10-15T19:21:34+00:00,Left Channel,149,ft^3/s,50.0,ft,75.3,ft^2,1.98,ft/s,,ft,Unspecified,Unspecified,Unspecified,Unspecified,Unspecified,Unspecified,BridgeDownstreamSide,2026-07-08T18:15:47.402049+00:00,adcp,Unspecified
05471000,POINT (-93.5959722222222 42.0082222222222),94f8d383-3ba4-46e2-9b08-968604f35d41,USGS-05471000,4e656e75-7f30-cdb9-e053-0100007f5b9f,87,1958-11-18T21:20:00+00:00,Imported Channel 1,35.1,ft^3/s,52.0,ft,27.5,ft^2,1.28,ft/s,,,Unspecified,Unspecified,Unspecified,Unspecified,Unspecified,Unknown,Wading,2026-07-08T18:15:47.402049+00:00,point_velocity,Unspecified
05471000,POINT (-93.5959722222222 42.0082222222222),958462d9-f9a1-47a1-979f-23d4b3920675,USGS-05471000,4e658a68-bd79-dc0f-e053-0100007f2be2,449,1996-03-19T13:40:00+00:00,Imported Channel 1,84.5,ft^3/s,94.0,ft,66.6,ft^2,1.27,ft/s,,,Unspecified,Unspecified,Unspecified,Unspecified,Unspecified,Unknown,Wading,2026-07-08T18:15:47.402049+00:00,point_velocity,Unspecified
05471000,POINT (-93.5959722222222 42.0082222222222),959dca8c-5418-4ae4-9510-d1fee777d231,USGS-05471000,4e6578c9-6202-d38a-e053-0100007f622f,114,1960-06-07T22:05:00+00:00,Imported Channel 1,361,ft^3/s,109,ft,187,ft^2,1.92,ft/s,,,Unspecified,Unspecified,Unspecified,Unspecified,Unspecified,Unknown,Wading,2026-07-08T18:15:47.402049+00:00,point_velocity,Unspecified
05471000,POINT (-93.5959722222222 42.0082222222222),97583da9-7a52-4ab3-8e26-089ec2ff7f00,USGS-05471000,4e658d54-758b-dd17-e053-0100007f243b,408,1991-12-04T20:30:00+00:00,Imported Channel 1,110,ft^3/s,118,ft,105,ft^2,1.05,ft/s,,,Unspecified,Unspecified,Unspecified,Unspecified,Unspecified,Unknown,Wading,2026-07-08T18:15:47.402049+00:00,point_velocity,Unspecified
05471000,POINT (-93.5959722222222 42.0082222222222),97f841c5-b90c-41b9-815c-56aa43bc55bc,USGS-05471000,4e65678b-f92c-cae5-e053-0100007fdb7f,19,1953-03-30T18:30:00+00:00,Imported Channel 1,189,ft^3/s,59.0,ft,96.9,ft^2,1.95,ft/s,,,Unspecified,Unspecified,Unspecified,Unspecified,Unspecified,Unknown,Wading,2026-07-08T18:15:47.402049+00:00,point_velocity,Unspecified
05471000,POINT (-93.5959722222222 42.0082222222222),97faa458-eff9-4b95-ac97-9d7bd31d3aaa,USGS-05471000,4e65958e-5b7b-e1bf-e053-0100007f6829,624,2015-02-25T15:32:00+00:00,Below,86.6,ft^3/s,86.0,ft,59.3,ft^2,1.46,ft/s,1000.00,ft,Firm,Sand,Even,Even,Uniform,Unknown,Wading,2026-07-08T18:15:47.402049+00:00,point_velocity,Upstream
05471000,POINT (-93.5959722222222 42.0082222222222),984e3b65-53b5-4bd7-b97b-c0c8f4a76c52,USGS-05471000,4e655bec-285e-c4d9-e053-0100007f7ca7,248,1969-02-05T21:30:00+00:00,Imported Channel 1,33.8,ft^3/s,45.0,ft,60.4,ft^2,0.56,ft/s,,,Unspecified,Unspecified,Unspecified,Unspecified,Unspecified,Unknown,Wading,2026-07-08T18:15:47.402049+00:00,point_velocity,Unspecified
05471000,POINT (-93.5959722222222 42.0082222222222),987c5d64-0345-4e0d-b491-f8761ee5a7c1,USGS-05471000,4e656ad0-3f9b-cc4b-e053-0100007fd04c,403,1979-09-06T19:40:00+00:00,Imported Channel 1,742,ft^3/s,174,ft,413,ft^2,1.80,ft/s,,,Unspecified,Unspecified,Unspecified,Unspecified,Unspecified,Unknown,BridgeCrane,2026-07-08T18:15:47.402049+00:00,point_velocity,Unspecified
05471000,POINT (-93.5959722222222 42.0082222222222),98fc1556-e24f-41fb-9d65-6b73734eb973,USGS-05471000,4e655b8c-529f-c4af-e053-0100007f3450,16,1953-01-05T16:10:00+00:00,Imported Channel 1,2.75,ft^3/s,14.0,ft,7.82,ft^2,0.35,ft/s,,,Unspecified,Unspecified,Unspecified,Unspecified,Unspecified,Unknown,Wading,2026-07-08T18:15:47.402049+00:00,point_velocity,Unspecified
05471000,POINT (-93.5959722222222 42.0082222222222),99b73bfe-f62a-489c-8f21-2d0f34bb34b3,USGS-05471000,4e6566f5-d7b3-caa8-e053-0100007f206d,140,1962-03-20T19:40:00+00:00,Imported Channel 1,2230,ft^3/s,141,ft,888,ft^2,2.51,ft/s,,,Unspecified,Unspecified,Unspecified,Unspecified,Unspecified,Unknown,BridgeCrane,2026-07-08T18:15:47.402049+00:00,point_velocity,Unspecified
05471000,POINT (-93.5959722222222 42.0082222222222),9a531ea7-fe4b-4860-a200-021f2b15e00c,USGS-05471000,4e657118-654d-cf88-e053-0100007fdaa8,145,1962-05-08T15:55:00+00:00,Imported Channel 1,3090,ft^3/s,152,ft,1150,ft^2,2.68,ft/s,,,Unspecified,Unspecified,Unspecified,Unspecified,Unspecified,Unknown,BridgeCrane,2026-07-08T18:15:47.402049+00:00,point_velocity,Unspecified
05471000,POINT (-93.5959722222222 42.0082222222222),9a6b061e-0d06-486e-8c64-9b9cbf7b4f71,USGS-05471000,4e657c8d-2bb0-d5b4-e053-0100007fd8fe,316,1973-02-21T15:30:00+00:00,Imported Channel 1,392,ft^3/s,121,ft,242,ft^2,1.62,ft/s,,,Unspecified,Unspecified,Unspecified,Unspecified,Unspecified,Unknown,Wading,2026-07-08T18:15:47.402049+00:00,point_velocity,Unspecified
05471000,POINT (-93.5959722222222 42.0082222222222),9bc20cd4-ce7c-4a8b-8ff3-e32fd99eeceb,USGS-05471000,4e659918-e663-e2f5-e053-0100007f9431,536,2005-11-30T13:59:00+00:00,Imported Channel 1,17.9,ft^3/s,63.0,ft,35.0,ft^2,0.51,ft/s,,,Unspecified,Unspecified,Unspecified,Unspecified,Unspecified,Unknown,Wading,2026-07-08T18:15:47.402049+00:00,point_velocity,Unspecified
05471000,POINT (-93.5959722222222 42.0082222222222),9c06c889-78af-4832-9da0-aa69aa6b6c5d,USGS-05471000,4e656f28-f7b0-ce80-e053-0100007fbe50,301,1971-11-03T16:45:00+00:00,Imported Channel 1,56.4,ft^3/s,62.0,ft,51.8,ft^2,1.09,ft/s,,,Unspecified,Unspecified,Unspecified,Unspecified,Unspecified,Unknown,Wading,2026-07-08T18:15:47.402049+00:00,point_velocity,Unspecified
05471000,POINT (-93.5959722222222 42.0082222222222),9d45c8f4-ce2e-41bf-a606-34d1b3c72ea9,USGS-05471000,4e65752d-efcf-d169-e053-0100007f74ab,72,1957-09-30T16:10:00+00:00,Imported Channel 1,9.52,ft^3/s,49.0,ft,23.4,ft^2,0.41,ft/s,,,Unspecified,Unspecified,Unspecified,Unspecified,Unspecified,Unknown,Wading,2026-07-08T18:15:47.402049+00:00,point_velocity,Unspecified
05471000,POINT (-93.5959722222222 42.0082222222222),9d50f7e8-3d95-4177-a867-35c0d9e64299,USGS-05471000,4e656817-c12c-caeb-e053-0100007f2f17,12,1951-12-10T16:30:00+00:00,Imported Channel 1,43.1,ft^3/s,51.0,ft,40.1,ft^2,1.07,ft/s,,,Unspecified,Unspecified,Unspecified,Unspecified,Unspecified,Unknown,Wading,2026-07-08T18:15:47.402049+00:00,point_velocity,Unspecified
05471000,POINT (-93.5959722222222 42.0082222222222),9e09d421-635a-45ba-aec2-86604fdc0f35,USGS-05471000,4e657c30-cc14-d55a-e053-0100007f0a77,320,1973-06-28T15:05:00+00:00,Imported Channel 1,366,ft^3/s,149,ft,189,ft^2,1.94,ft/s,,,Unspecified,Unspecified,Unspecified,Unspecified,Unspecified,Unknown,Wading,2026-07-08T18:15:47.402049+00:00,point_velocity,Unspecified
05471000,POINT (-93.5959722222222 42.0082222222222),9e1ff76e-4309-4183-b660-4046eb05bd5d,USGS-05471000,4e6579d3-3aab-d35a-e053-0100007f9217,465,1997-09-16T15:15:00+00:00,Imported Channel 1,7.97,ft^3/s,40.0,ft,14.6,ft^2,0.55,ft/s,,,Unspecified,Unspecified,Unspecified,Unspecified,Unspecified,Unknown,Wading,2026-07-08T18:15:47.402049+00:00,point_velocity,Unspecified
05471000,POINT (-93.5959722222222 42.0082222222222),9ea15608-8f2d-4e07-bd13-18d87e9b01b6,USGS-05471000,4e6595ce-44a8-e1bb-e053-0100007f099a,562,2008-09-03T18:38:00+00:00,Imported Channel 1,68.1,ft^3/s,44.0,ft,48.1,ft^2,1.42,ft/s,,,Unspecified,Unspecified,Unspecified,Unspecified,Unspecified,Unknown,Wading,2026-07-08T18:15:47.402049+00:00,point_velocity,Unspecified
05471000,POINT (-93.5959722222222 42.0082222222222),9efb1555-9ef7-43b3-9711-48058b80bd48,USGS-05471000,4e657c66-6008-d5b8-e053-0100007f91e5,217,1966-12-08T14:50:00+00:00,Imported Channel 1,0.94,ft^3/s,22.5,ft,3.59,ft^2,0.26,ft/s,,,Unspecified,Unspecified,Unspecified,Unspecified,Unspecified,Unknown,Wading,2026-07-08T18:15:47.402049+00:00,point_velocity,Unspecified
05471000,POINT (-93.5959722222222 42.0082222222222),9f504789-147d-4749-9988-172ee41ad9b6,USGS-05471000,4e656d89-9978-cdc3-e053-0100007f9cbd,261,1969-10-02T16:20:00+00:00,Imported Channel 1,36.9,ft^3/s,62.0,ft,35.1,ft^2,1.05,ft/s,,,Unspecified,Unspecified,Unspecified,Unspecified,Unspecified,Unknown,Wading,2026-07-08T18:15:47.402049+00:00,point_velocity,Unspecified
05471000,POINT (-93.5959722222222 42.0082222222222),9fb9303f-7947-4056-981c-25c1e7db38b9,USGS-05471000,4e656ad0-3f5c-cc4b-e053-0100007fd04c,117,1960-09-07T17:50:00+00:00,Imported Channel 1,53.5,ft^3/s,72.0,ft,40.5,ft^2,1.32,ft/s,,,Unspecified,Unspecified,Unspecified,Unspecified,Unspecified,Unknown,Wading,2026-07-08T18:15:47.402049+00:00,point_velocity,Unspecified
05471000,POINT (-93.5959722222222 42.0082222222222),9fd505da-a4d3-48f7-aabe-03c84a8995eb,USGS-05471000,4e6571e8-38ac-cffc-e053-0100007fe6ba,64,1957-05-06T17:00:00+00:00,Imported Channel 1,13.8,ft^3/s,29.0,ft,20.5,ft^2,0.67,ft/s,,,Unspecified,Unspecified,Unspecified,Unspecified,Unspecified,Unknown,Wading,2026-07-08T18:15:47.402049+00:00,point_velocity,Unspecified
05471000,POINT (-93.5959722222222 42.0082222222222),a0066bbb-f222-4631-a5c8-05108ac34885,USGS-05471000,4e656f28-f7b1-ce80-e053-0100007fbe50,302,1971-11-16T16:00:00+00:00,Imported Channel 1,5.33,ft^3/s,18.0,ft,5.00,ft^2,1.07,ft/s,,,Unspecified,Unspecified,Unspecified,Unspecified,Unspecified,Unknown,Wading,2026-07-08T18:15:47.402049+00:00,point_velocity,Unspecified
05471000,POINT (-93.5959722222222 42.0082222222222),a00e6f18-85ce-472b-9db7-ddd259a30a02,USGS-05471000,4e6575ed-f2ce-d1ad-e053-0100007f5dec,264,1969-12-01T17:30:00+00:00,Imported Channel 1,72.3,ft^3/s,56.0,ft,61.2,ft^2,1.18,ft/s,,,Unspecified,Unspecified,Unspecified,Unspecified,Unspecified,Unknown,Wading,2026-07-08T18:15:47.402049+00:00,point_velocity,Unspecified
05471000,POINT (-93.5959722222222 42.0082222222222),a059c5d3-0b6a-4b42-9275-3357cccc089c,USGS-05471000,a8efbb56-af9e-4865-99e3-695933367309,678,2021-03-16T18:42:17+00:00,05471000,172,ft^3/s,79.8,ft,167,ft^2,1.03,ft/s,0.00,ft,Firm,Sand,Uneven,Unspecified,Unknown,Pulsating,BridgeDownstreamSide,2026-07-08T18:15:47.402049+00:00,adcp,AtTheGage
05471000,POINT (-93.5959722222222 42.0082222222222),a07bcbbf-4873-44e7-afd7-e005b118eafe,USGS-05471000,4e6578e5-0798-d392-e053-0100007f831c,246,1968-12-02T17:20:00+00:00,Imported Channel 1,98.6,ft^3/s,102,ft,80.2,ft^2,1.23,ft/s,,,Unspecified,Unspecified,Unspecified,Unspecified,Unspecified,Unknown,Wading,2026-07-08T18:15:47.402049+00:00,point_velocity,Unspecified
05471000,POINT (-93.5959722222222 42.0082222222222),a0995231-c249-4f2a-8884-6f8154be05ff,USGS-05471000,4e658005-752d-d712-e053-0100007fe7c0,231,1967-11-14T20:30:00+00:00,Imported Channel 1,3.11,ft^3/s,17.0,ft,14.0,ft^2,0.22,ft/s,,,Unspecified,Unspecified,Unspecified,Unspecified,Unspecified,Unknown,Wading,2026-07-08T18:15:47.402049+00:00,point_velocity,Unspecified
05471000,POINT (-93.5959722222222 42.0082222222222),a0b849b7-6cf9-433a-8ceb-54607a0d20a1,USGS-05471000,4e658245-2d77-d72e-e053-0100007f0cd6,431,1994-06-17T14:15:00+00:00,Imported Channel 1,405,ft^3/s,143,ft,245,ft^2,1.65,ft/s,,,Unspecified,Unspecified,Unspecified,Unspecified,Unspecified,Unknown,Wading,2026-07-08T18:15:47.402049+00:00,point_velocity,Unspecified
05471000,POINT (-93.5959722222222 42.0082222222222),a1345624-c6c0-4157-a991-530ddb7cff0a,USGS-05471000,4e657973-7d2d-d32a-e053-0100007fa4da,331,1973-12-17T19:55:00+00:00,Imported Channel 1,305,ft^3/s,96.0,ft,179,ft^2,1.70,ft/s,,,Unspecified,Unspecified,Unspecified,Unspecified,Unspecified,Unknown,Wading,2026-07-08T18:15:47.402049+00:00,point_velocity,Unspecified
05471000,POINT (-93.5959722222222 42.0082222222222),a17454ed-c2e7-4d13-9c45-6a980c6aff69,USGS-05471000,4e658736-2571-da5b-e053-0100007f8815,434,1994-08-10T15:45:00+00:00,Imported Channel 1,114,ft^3/s,120,ft,134,ft^2,0.86,ft/s,,,Unspecified,Unspecified,Unspecified,Unspecified,Unspecified,Unknown,Wading,2026-07-08T18:15:47.402049+00:00,point_velocity,Unspecified
05471000,POINT (-93.5959722222222 42.0082222222222),a194b829-687e-4a6e-9f32-1caf7c6af81e,USGS-05471000,4e6580da-9e44-d710-e053-0100007f686b,460,1997-03-21T14:25:00+00:00,Imported Channel 1,534,ft^3/s,171,ft,289,ft^2,1.85,ft/s,,,Unspecified,Unspecified,Unspecified,Unspecified,Unspecified,Unknown,Wading,2026-07-08T18:15:47.402049+00:00,point_velocity,Unspecified
05471000,POINT (-93.5959722222222 42.0082222222222),a19b413d-7c57-4e6c-a699-fd1078a54ca3,USGS-05471000,4e6570f9-e5d2-cf85-e053-0100007fd1b1,343,1974-12-18T19:10:00+00:00,Imported Channel 1,251,ft^3/s,127,ft,138,ft^2,1.82,ft/s,,,Unspecified,Unspecified,Unspecified,Unspecified,Unspecified,Unknown,Wading,2026-07-08T18:15:47.402049+00:00,point_velocity,Unspecified
05471000,POINT (-93.5959722222222 42.0082222222222),a1b9c45e-9771-40ec-bb9c-de08248009c9,USGS-05471000,4e659755-86c2-e25d-e053-0100007ff233,597,2012-05-31T17:11:00+00:00,Imported Channel 1,137,ft^3/s,143,ft,92.6,ft^2,1.48,ft/s,1320.00,ft,Unspecified,Sand,Unspecified,Unspecified,Unspecified,Unknown,Wading,2026-07-08T18:15:47.402049+00:00,point_velocity,Upstream
05471000,POINT (-93.5959722222222 42.0082222222222),a21d3411-3df1-4bb3-83ec-9d6dbd978b6b,USGS-05471000,4e6573f4-2fe1-d0ab-e053-0100007f2449,187,1965-03-23T23:00:00+00:00,Imported Channel 1,174,ft^3/s,81.0,ft,108,ft^2,1.61,ft/s,,,Unspecified,Unspecified,Unspecified,Unspecified,Unspecified,Unknown,Wading,2026-07-08T18:15:47.402049+00:00,point_velocity,Unspecified
05471000,POINT (-93.5959722222222 42.0082222222222),a23160d0-61de-4873-84d4-45f6f7d6e59c,USGS-05471000,7767c92d-147f-4ff5-bb2c-ee30923c6d87,711,2025-04-07T18:13:46+00:00,main,352,ft^3/s,154,ft,201,ft^2,1.75,ft/s,150.00,ft,Firm,Sand,Even,Even,Uniform,Steady,Wading,2026-07-08T18:15:47.402049+00:00,point_velocity,Downstream
05471000,POINT (-93.5959722222222 42.0082222222222),a246c417-f8e6-49bc-ac7f-4bbb4ef1edb5,USGS-05471000,e6ebee9f-be34-455a-a9d2-1156378c7bbc,693,2022-11-16T20:51:17+00:00,main,10.5,ft^3/s,45.0,ft,20.8,ft^2,0.50,ft/s,1080.00,ft,Firm,Sand,Even,Even,Standard,Steady,Wading,2026-07-08T18:15:47.402049+00:00,point_velocity,Downstream
05471000,POINT (-93.5959722222222 42.0082222222222),a2b2c463-3dcb-4bf9-b4d5-b3f7b448d3ac,USGS-05471000,4e657be4-1d9d-d524-e053-0100007faf2a,183A,1964-12-31T15:25:00+00:00,Imported Channel 1,0.04,ft^3/s,10.0,ft,1.12,ft^2,0.00,ft/s,,,Unspecified,Unspecified,Unspecified,Unspecified,Unspecified,Unknown,Ice,2026-07-08T18:15:47.402049+00:00,point_velocity,Unspecified
05471000,POINT (-93.5959722222222 42.0082222222222),a2e69c59-8855-4626-84e4-62d4f4589b70,USGS-05471000,4e6580da-9e0a-d710-e053-0100007f686b,242,1968-08-02T15:50:00+00:00,Imported Channel 1,57.2,ft^3/s,0.74,ft,47.4,ft^2,1.21,ft/s,,,Unspecified,Unspecified,Unspecified,Unspecified,Unspecified,Unknown,Wading,2026-07-08T18:15:47.402049+00:00,point_velocity,Unspecified
05471000,POINT (-93.5959722222222 42.0082222222222),a2f0c4d8-9c7a-4156-a445-fe4982aba282,USGS-05471000,4e656c61-e8d2-cb56-e053-0100007fa58c,400,1979-06-11T23:55:00+00:00,Imported Channel 1,963,ft^3/s,170,ft,415,ft^2,2.32,ft/s,,,Unspecified,Unspecified,Unspecified,Unspecified,Unspecified,Unknown,BridgeCrane,2026-07-08T18:15:47.402049+00:00,point_velocity,Unspecified
05471000,POINT (-93.5959722222222 42.0082222222222),a2fb7383-7b6d-47c4-9e23-b4fc841f6733,USGS-05471000,4e6598b4-3f21-e2ef-e053-0100007fbe6a,599,2012-08-20T17:31:00+00:00,Imported Channel 1,0.20,ft^3/s,4.00,ft,0.83,ft^2,0.24,ft/s,1320.00,ft,Unspecified,Sand,Unspecified,Unspecified,Unspecified,Unknown,Wading,2026-07-08T18:15:47.402049+00:00,point_velocity,Upstream
05471000,POINT (-93.5959722222222 42.0082222222222),a352e485-dbf0-49b9-a56f-edc08a7b583e,USGS-05471000,4e6580da-9e0d-d710-e053-0100007f686b,277,1970-08-06T15:30:00+00:00,Imported Channel 1,520,ft^3/s,111,ft,231,ft^2,2.25,ft/s,,,Unspecified,Unspecified,Unspecified,Unspecified,Unspecified,Unknown,Wading,2026-07-08T18:15:47.402049+00:00,point_velocity,Unspecified
05471000,POINT (-93.5959722222222 42.0082222222222),a35e3284-1de5-48b2-b6a3-63d04333e988,USGS-05471000,4e657c7c-d911-d5ae-e053-0100007fc8fa,426,1993-09-29T14:30:00+00:00,Imported Channel 1,846,ft^3/s,186,ft,572,ft^2,1.48,ft/s,,,Unspecified,Unspecified,Unspecified,Unspecified,Unspecified,Unknown,BridgeCrane,2026-07-08T18:15:47.402049+00:00,point_velocity,Unspecified
05471000,POINT (-93.5959722222222 42.0082222222222),a36fbdaa-ea97-4f44-bb85-ac71d31a4fbb,USGS-05471000,4e655bec-2869-c4d9-e053-0100007f7ca7,300,1971-10-22T16:55:00+00:00,Imported Channel 1,0.76,ft^3/s,11.0,ft,1.50,ft^2,0.50,ft/s,,,Unspecified,Unspecified,Unspecified,Unspecified,Unspecified,Unknown,Wading,2026-07-08T18:15:47.402049+00:00,point_velocity,Unspecified
05471000,POINT (-93.5959722222222 42.0082222222222),a440daf4-f774-4175-b3f8-51182daf27da,USGS-05471000,4e6578fe-2d8d-d388-e053-0100007f2584,105,1959-11-03T20:25:00+00:00,Imported Channel 1,33.4,ft^3/s,59.0,ft,32.2,ft^2,1.04,ft/s,,,Unspecified,Unspecified,Unspecified,Unspecified,Unspecified,Unknown,Wading,2026-07-08T18:15:47.402049+00:00,point_velocity,Unspecified
05471000,POINT (-93.5959722222222 42.0082222222222),a524e621-f32e-4a3c-9d7b-0e5895ec40f2,USGS-05471000,4e658730-b728-da3b-e053-0100007f1978,490,2000-06-28T20:05:00+00:00,Imported Channel 1,129,ft^3/s,78.0,ft,83.8,ft^2,1.54,ft/s,,,Unspecified,Unspecified,Unspecified,Unspecified,Unspecified,Unknown,Wading,2026-07-08T18:15:47.402049+00:00,point_velocity,Unspecified
05471000,POINT (-93.5959722222222 42.0082222222222),a58ba0c7-3620-4fa1-851f-04aa3e7ef550,USGS-05471000,4e654e2f-2f65-bd5b-e053-0100007f5551,256,1969-06-04T16:40:00+00:00,Imported Channel 1,213,ft^3/s,96.0,ft,130,ft^2,1.64,ft/s,,,Unspecified,Unspecified,Unspecified,Unspecified,Unspecified,Unknown,Wading,2026-07-08T18:15:47.402049+00:00,point_velocity,Unspecified
05471000,POINT (-93.5959722222222 42.0082222222222),a5a6f3bf-0985-4eb7-83db-fde4a16df913,USGS-05471000,200a2228-ea8e-411f-bdb4-923995faf77d,676,2020-11-24T16:34:00+00:00,05471000,21.5,ft^3/s,38.0,ft,19.1,ft^2,1.12,ft/s,100.00,ft,Firm,Sand,Uneven,Unspecified,Unknown,Pulsating,Wading,2026-07-08T18:15:47.402049+00:00,point_velocity,Downstream
05471000,POINT (-93.5959722222222 42.0082222222222),a632fff4-859d-4c01-9c18-5d9d5815df94,USGS-05471000,4e658777-8438-da9b-e053-0100007f961b,451,1996-05-30T12:05:00+00:00,Imported Channel 1,1070,ft^3/s,161,ft,546,ft^2,1.96,ft/s,,,Unspecified,Unspecified,Unspecified,Unspecified,Unspecified,Unknown,BridgeCrane,2026-07-08T18:15:47.402049+00:00,point_velocity,Unspecified
05471000,POINT (-93.5959722222222 42.0082222222222),a67a0027-ab1f-4a80-9ddf-0eb0b2158308,USGS-05471000,4e65958e-5b4f-e1bf-e053-0100007f6829,516,2003-07-29T12:55:00+00:00,Imported Channel 1,133,ft^3/s,67.0,ft,223,ft^2,0.60,ft/s,,,Unspecified,Unspecified,Unspecified,Unspecified,Unspecified,Unknown,Wading,2026-07-08T18:15:47.402049+00:00,point_velocity,Unspecified
05471000,POINT (-93.5959722222222 42.0082222222222),a77f4c88-205f-4d59-8dfc-f7a349fc52fc,USGS-05471000,4e6578e5-0789-d392-e053-0100007f831c,147,1962-07-04T15:25:00+00:00,Imported Channel 1,688,ft^3/s,136,ft,392,ft^2,1.76,ft/s,,,Unspecified,Unspecified,Unspecified,Unspecified,Unspecified,Unknown,BridgeCrane,2026-07-08T18:15:47.402049+00:00,point_velocity,Unspecified
05471000,POINT (-93.5959722222222 42.0082222222222),a79ce969-b860-4862-a1e2-8d2fb1d7be2c,USGS-05471000,4e656dca-3b35-cdc1-e053-0100007fc51e,104,1959-10-06T20:25:00+00:00,Imported Channel 1,103,ft^3/s,70.0,ft,62.8,ft^2,1.64,ft/s,,,Unspecified,Unspecified,Unspecified,Unspecified,Unspecified,Unknown,Wading,2026-07-08T18:15:47.402049+00:00,point_velocity,Unspecified
05471000,POINT (-93.5959722222222 42.0082222222222),a7cd7e37-8020-4553-8529-7c29bbd55b14,USGS-05471000,4e65713a-f91a-cf8a-e053-0100007fca45,375,1977-09-13T20:20:00+00:00,Imported Channel 1,1020,ft^3/s,165,ft,433,ft^2,2.35,ft/s,,,Unspecified,Unspecified,Unspecified,Unspecified,Unspecified,Unknown,BridgeCrane,2026-07-08T18:15:47.402049+00:00,point_velocity,Unspecified
05471000,POINT (-93.5959722222222 42.0082222222222),a86f27f5-f912-4027-9028-b3d26e7b5fd2,USGS-05471000,4e6578c0-31f4-d360-e053-0100007f3217,445,1995-11-21T21:40:00+00:00,Imported Channel 1,15.6,ft^3/s,38.0,ft,20.8,ft^2,0.75,ft/s,,,Unspecified,Unspecified,Unspecified,Unspecified,Unspecified,Unknown,Wading,2026-07-08T18:15:47.402049+00:00,point_velocity,Unspecified
05471000,POINT (-93.5959722222222 42.0082222222222),a9347aad-30a1-465b-ba6f-632761c36ae9,USGS-05471000,4e655bec-282b-c4d9-e053-0100007f7ca7,41,1954-11-29T17:00:00+00:00,Imported Channel 1,109,ft^3/s,91.0,ft,72.1,ft^2,1.51,ft/s,,,Unspecified,Unspecified,Unspecified,Unspecified,Unspecified,Unknown,Wading,2026-07-08T18:15:47.402049+00:00,point_velocity,Unspecified
05471000,POINT (-93.5959722222222 42.0082222222222),a9b92e3a-69ca-46fc-98a1-7fe1220e6775,USGS-05471000,4e6587ac-ce7e-da99-e053-0100007f129b,540,2006-05-02T19:27:00+00:00,Imported Channel 1,1740,ft^3/s,189,ft,636,ft^2,2.74,ft/s,,ft,Unspecified,Unspecified,Unspecified,Unspecified,Unspecified,Unknown,Unspecified,2026-07-08T18:15:47.402049+00:00,adcp,Unspecified
05471000,POINT (-93.5959722222222 42.0082222222222),a9c2bdd6-799d-4971-b34a-d37691a36d3c,USGS-05471000,4e6578df-cebb-d362-e053-0100007f4afd,334,1974-04-15T19:35:00+00:00,Imported Channel 1,716,ft^3/s,152,ft,334,ft^2,2.14,ft/s,,,Unspecified,Unspecified,Unspecified,Unspecified,Unspecified,Unknown,BridgeCrane,2026-07-08T18:15:47.402049+00:00,point_velocity,Unspecified
05471000,POINT (-93.5959722222222 42.0082222222222),aa48bb85-e819-4beb-a103-83505bfe2a5a,USGS-05471000,4e657bea-1f53-d52e-e053-0100007f6e89,309,1972-06-06T20:00:00+00:00,Imported Channel 1,1960,ft^3/s,158,ft,776,ft^2,2.53,ft/s,,,Unspecified,Unspecified,Unspecified,Unspecified,Unspecified,Unknown,BridgeCrane,2026-07-08T18:15:47.402049+00:00,point_velocity,Unspecified
05471000,POINT (-93.5959722222222 42.0082222222222),aa6979fa-08b3-4496-8f53-c7aeb44bcc4d,USGS-05471000,4e657c01-cddb-d526-e053-0100007fd293,299,1971-10-07T20:10:00+00:00,Imported Channel 1,0.95,ft^3/s,9.50,ft,1.71,ft^2,0.55,ft/s,,,Unspecified,Unspecified,Unspecified,Unspecified,Unspecified,Unknown,Wading,2026-07-08T18:15:47.402049+00:00,point_velocity,Unspecified
05471000,POINT (-93.5959722222222 42.0082222222222),aa6b0fe3-4d43-4782-bc32-bf9e35d848d4,USGS-05471000,4e656ad0-3f99-cc4b-e053-0100007fd04c,401,1979-07-02T23:30:00+00:00,Imported Channel 1,438,ft^3/s,118,ft,223,ft^2,1.96,ft/s,,,Unspecified,Unspecified,Unspecified,Unspecified,Unspecified,Unknown,Wading,2026-07-08T18:15:47.402049+00:00,point_velocity,Unspecified
05471000,POINT (-93.5959722222222 42.0082222222222),aabc4baf-1432-4254-9613-8a44bd6226c3,USGS-05471000,4e658739-f6b2-da5f-e053-0100007f58ae,364,1976-09-13T17:50:00+00:00,Imported Channel 1,0.08,ft^3/s,2.60,ft,0.10,ft^2,0.81,ft/s,,,Unspecified,Unspecified,Unspecified,Unspecified,Unspecified,Unknown,Wading,2026-07-08T18:15:47.402049+00:00,point_velocity,Unspecified
05471000,POINT (-93.5959722222222 42.0082222222222),ab14b920-fda8-4905-b327-8014aee166ac,USGS-05471000,4e655cb7-293d-c4c7-e053-0100007f189c,98,1959-05-20T15:45:00+00:00,Imported Channel 1,268,ft^3/s,83.0,ft,146,ft^2,1.84,ft/s,,,Unspecified,Unspecified,Unspecified,Unspecified,Unspecified,Unknown,Wading,2026-07-08T18:15:47.402049+00:00,point_velocity,Unspecified
05471000,POINT (-93.5959722222222 42.0082222222222),ab991758-709e-427a-9a2f-b8ceca8af3ad,USGS-05471000,4e658ea7-be0b-de1c-e053-0100007fcff9,531,2005-04-28T13:20:00+00:00,Imported Channel 1,356,ft^3/s,142,ft,229,ft^2,1.55,ft/s,,,Unspecified,Unspecified,Unspecified,Unspecified,Unspecified,Unknown,Wading,2026-07-08T18:15:47.402049+00:00,point_velocity,Unspecified
05471000,POINT (-93.5959722222222 42.0082222222222),ac4313d2-f1d7-44dd-ab73-4173eb7dcdc0,USGS-05471000,4e6575ed-f2c4-d1ad-e053-0100007f5dec,229C,1967-10-20T15:25:00+00:00,Imported Channel 1,1.59,ft^3/s,36.0,ft,10.7,ft^2,0.15,ft/s,,,Unspecified,Unspecified,Unspecified,Unspecified,Unspecified,Unknown,Wading,2026-07-08T18:15:47.402049+00:00,point_velocity,Unspecified
05471000,POINT (-93.5959722222222 42.0082222222222),acf277ff-a1ea-4626-b90e-dc9f2a83b140,USGS-05471000,4e6578fe-2da7-d388-e053-0100007f2584,284,1970-12-17T20:25:00+00:00,Imported Channel 1,187,ft^3/s,119,ft,118,ft^2,1.58,ft/s,,,Unspecified,Unspecified,Unspecified,Unspecified,Unspecified,Unknown,Wading,2026-07-08T18:15:47.402049+00:00,point_velocity,Unspecified
05471000,POINT (-93.5959722222222 42.0082222222222),ad413dcb-f6ae-4471-aadf-fbfe20e6eb99,USGS-05471000,4e6576e4-24b9-d229-e053-0100007f6c71,165,1963-10-01T17:05:00+00:00,Imported Channel 1,2.75,ft^3/s,11.0,ft,3.07,ft^2,0.90,ft/s,,,Unspecified,Unspecified,Unspecified,Unspecified,Unspecified,Unknown,Wading,2026-07-08T18:15:47.402049+00:00,point_velocity,Unspecified
05471000,POINT (-93.5959722222222 42.0082222222222),adcbda7a-bfd4-410c-90a2-17dd5e11f0ac,USGS-05471000,4e655fe3-f05c-c6b3-e053-0100007fcc7b,269,1970-04-23T16:35:00+00:00,Imported Channel 1,182,ft^3/s,110,ft,116,ft^2,1.57,ft/s,,,Unspecified,Unspecified,Unspecified,Unspecified,Unspecified,Unknown,Wading,2026-07-08T18:15:47.402049+00:00,point_velocity,Unspecified
05471000,POINT (-93.5959722222222 42.0082222222222),ae49d03e-4a90-409c-9e27-6c5a384994c5,USGS-05471000,4e656ea0-4181-cdff-e053-0100007f5fa3,213,1966-09-13T14:30:00+00:00,Imported Channel 1,3.58,ft^3/s,19.0,ft,10.1,ft^2,0.35,ft/s,,,Unspecified,Unspecified,Unspecified,Unspecified,Unspecified,Unknown,Wading,2026-07-08T18:15:47.402049+00:00,point_velocity,Unspecified
05471000,POINT (-93.5959722222222 42.0082222222222),aef9daf9-f8bf-481d-879f-3bffecc12a6b,USGS-05471000,4e657713-4427-d227-e053-0100007f828c,131,1961-06-19T19:10:00+00:00,Imported Channel 1,275,ft^3/s,99.0,ft,145,ft^2,1.90,ft/s,,,Unspecified,Unspecified,Unspecified,Unspecified,Unspecified,Unknown,Wading,2026-07-08T18:15:47.402049+00:00,point_velocity,Unspecified
05471000,POINT (-93.5959722222222 42.0082222222222),aefb38ac-06b4-4bd8-8780-a8206acc49fe,USGS-05471000,4e65920f-ab09-dfde-e053-0100007ffacf,455,1996-07-10T13:35:00+00:00,Imported Channel 1,239,ft^3/s,129,ft,156,ft^2,1.53,ft/s,,,Unspecified,Unspecified,Unspecified,Unspecified,Unspecified,Unknown,Wading,2026-07-08T18:15:47.402049+00:00,point_velocity,Unspecified
05471000,POINT (-93.5959722222222 42.0082222222222),af001317-f83a-4fd3-b0cf-4c83580579f0,USGS-05471000,4e657be4-1daa-d524-e053-0100007faf2a,218B,1967-03-02T13:55:00+00:00,Imported Channel 1,0.00,ft^3/s,,,,,0.00,ft/s,,,Unspecified,Unspecified,Unspecified,Unspecified,Unspecified,Unknown,Ice,2026-07-08T18:15:47.402049+00:00,point_velocity,Unspecified
05471000,POINT (-93.5959722222222 42.0082222222222),af6ec30e-8235-485a-b035-7f8a46f3d720,USGS-05471000,4e656ad0-3f5d-cc4b-e053-0100007fd04c,118,1960-10-03T20:20:00+00:00,Imported Channel 1,102,ft^3/s,88.0,ft,71.5,ft^2,1.43,ft/s,,,Unspecified,Unspecified,Unspecified,Unspecified,Unspecified,Unknown,Wading,2026-07-08T18:15:47.402049+00:00,point_velocity,Unspecified
05471000,POINT (-93.5959722222222 42.0082222222222),afae3732-918e-4dd0-9440-2ea2c314c488,USGS-05471000,4e658a68-bd7e-dc0f-e053-0100007f2be2,459,1997-02-11T21:20:00+00:00,Imported Channel 1,117,ft^3/s,84.0,ft,95.0,ft^2,1.23,ft/s,,,Unspecified,Unspecified,Unspecified,Unspecified,Unspecified,Unknown,Wading,2026-07-08T18:15:47.402049+00:00,point_velocity,Unspecified
05471000,POINT (-93.5959722222222 42.0082222222222),b00accba-a655-4b5e-ab71-1c80cbc0d3c7,USGS-05471000,7bad9d75-ad8d-fccb-e053-0100007f744a,661,2018-11-27T20:15:24+00:00,Sk. Below,321,ft^3/s,99.6,ft,230,ft^2,1.40,ft/s,0.00,ft,Soft,Sand,Uneven,Uneven,Standard,Pulsating,BridgeDownstreamSide,2026-07-08T18:15:47.402049+00:00,adcp,AtTheGage
05471000,POINT (-93.5959722222222 42.0082222222222),b04b5b13-e6b6-4d1f-b353-348a25254c89,USGS-05471000,4e657f99-3b63-d708-e053-0100007fbf7c,322,1973-09-19T15:55:00+00:00,Imported Channel 1,221,ft^3/s,125,ft,133,ft^2,1.66,ft/s,,,Unspecified,Unspecified,Unspecified,Unspecified,Unspecified,Unknown,Wading,2026-07-08T18:15:47.402049+00:00,point_velocity,Unspecified
05471000,POINT (-93.5959722222222 42.0082222222222),b0e32673-6c96-447b-98c6-31c09090da9c,USGS-05471000,4e659239-f478-dffa-e053-0100007f7f6d,491,2000-08-15T18:55:00+00:00,Imported Channel 1,11.5,ft^3/s,42.0,ft,10.9,ft^2,1.06,ft/s,,,Unspecified,Unspecified,Unspecified,Unspecified,Unspecified,Unknown,Wading,2026-07-08T18:15:47.402049+00:00,point_velocity,Unspecified
05471000,POINT (-93.5959722222222 42.0082222222222),b112b358-91e2-4db2-8cd9-67ee51ce3a0e,USGS-05471000,4e655c3e-4a6b-c4db-e053-0100007f558c,122,1961-02-06T19:50:00+00:00,Imported Channel 1,3.83,ft^3/s,20.0,ft,4.62,ft^2,0.82,ft/s,,,Unspecified,Unspecified,Unspecified,Unspecified,Unspecified,Unknown,Wading,2026-07-08T18:15:47.402049+00:00,point_velocity,Unspecified
05471000,POINT (-93.5959722222222 42.0082222222222),b1c09abe-0ed7-4afe-b45a-b82696723f53,USGS-05471000,4e6578ea-dfcb-d36a-e053-0100007f5b90,164,1963-09-05T17:05:00+00:00,Imported Channel 1,7.38,ft^3/s,23.0,ft,8.43,ft^2,0.88,ft/s,,,Unspecified,Unspecified,Unspecified,Unspecified,Unspecified,Unknown,Wading,2026-07-08T18:15:47.402049+00:00,point_velocity,Unspecified
05471000,POINT (-93.5959722222222 42.0082222222222),b221aa93-66b3-400f-a479-20126eb924e5,USGS-05471000,4e65a414-960f-e858-e053-0100007f4cd2,594,2012-01-25T19:44:30+00:00,Imported Channel 1,5.45,ft^3/s,36.0,ft,8.75,ft^2,0.62,ft/s,1320.00,ft,Unspecified,Sand,Unspecified,Unspecified,Unspecified,Unknown,Wading,2026-07-08T18:15:47.402049+00:00,point_velocity,Upstream
05471000,POINT (-93.5959722222222 42.0082222222222),b2672929-aa46-404a-92dc-0425b257566d,USGS-05471000,4e6569f1-f9ce-cc45-e053-0100007f7407,56,1956-05-28T18:30:00+00:00,Imported Channel 1,2.21,ft^3/s,21.0,ft,3.82,ft^2,0.58,ft/s,,,Unspecified,Unspecified,Unspecified,Unspecified,Unspecified,Unknown,Wading,2026-07-08T18:15:47.402049+00:00,point_velocity,Unspecified
05471000,POINT (-93.5959722222222 42.0082222222222),b30311b4-27e5-42f9-bc8d-33df5bc04258,USGS-05471000,4e656337-3b5e-c7f2-e053-0100007ffcce,111,1960-03-31T15:10:00+00:00,Imported Channel 1,8000,ft^3/s,1050,ft,3170,ft^2,2.48,ft/s,,,Unspecified,Unspecified,Unspecified,Unspecified,Unspecified,Unknown,BridgeCrane,2026-07-08T18:15:47.402049+00:00,point_velocity,Unspecified
05471000,POINT (-93.5959722222222 42.0082222222222),b3192ed0-f28a-4653-bf36-9784ee6db7e1,USGS-05471000,4e656a47-5764-cc4f-e053-0100007f2409,128,1961-05-23T20:40:00+00:00,Imported Channel 1,186,ft^3/s,98.0,ft,110,ft^2,1.69,ft/s,,,Unspecified,Unspecified,Unspecified,Unspecified,Unspecified,Unknown,Wading,2026-07-08T18:15:47.402049+00:00,point_velocity,Unspecified
05471000,POINT (-93.5959722222222 42.0082222222222),b32e5137-9fe9-4cd2-bdf1-4966b3bfb8fb,USGS-05471000,4e656713-bdfd-c7e8-e053-0100007f8f1c,77,1958-03-03T19:05:00+00:00,Imported Channel 1,187,ft^3/s,81.0,ft,114,ft^2,1.64,ft/s,,,Unspecified,Unspecified,Unspecified,Unspecified,Unspecified,Unknown,Wading,2026-07-08T18:15:47.402049+00:00,point_velocity,Unspecified
05471000,POINT (-93.5959722222222 42.0082222222222),b3400b39-b0aa-4225-b972-d7d0cab02dce,USGS-05471000,4e656e3f-14d2-cdbd-e053-0100007ffc0f,307,1972-03-20T16:10:00+00:00,Imported Channel 1,204,ft^3/s,120,ft,142,ft^2,1.44,ft/s,,,Unspecified,Unspecified,Unspecified,Unspecified,Unspecified,Unknown,Wading,2026-07-08T18:15:47.402049+00:00,point_velocity,Unspecified
05471000,POINT (-93.5959722222222 42.0082222222222),b390d652-c8d2-46d7-8c26-1404d851092c,USGS-05471000,4e657883-9d49-d328-e053-0100007fa6f7,463,1997-07-07T20:30:00+00:00,Imported Channel 1,374,ft^3/s,166,ft,209,ft^2,1.78,ft/s,,,Unspecified,Unspecified,Unspecified,Unspecified,Unspecified,Unknown,Wading,2026-07-08T18:15:47.402049+00:00,point_velocity,Unspecified
05471000,POINT (-93.5959722222222 42.0082222222222),b3d16beb-5791-4f6e-9a4b-9b2eeb32be2a,USGS-05471000,4e658763-6fd3-da8f-e053-0100007f07de,337,1974-06-09T22:30:00+00:00,Imported Channel 1,4900,ft^3/s,160,ft,1420,ft^2,3.45,ft/s,,,Unspecified,Unspecified,Unspecified,Unspecified,Unspecified,Unknown,BridgeCrane,2026-07-08T18:15:47.402049+00:00,point_velocity,Unspecified
05471000,POINT (-93.5959722222222 42.0082222222222),b3da8658-750a-4656-9eee-5adf1d98ead1,USGS-05471000,4e6587a9-1dc0-da5d-e053-0100007f6588,438,1995-01-18T21:30:00+00:00,Imported Channel 1,112,ft^3/s,132,ft,106,ft^2,1.06,ft/s,,,Unspecified,Unspecified,Unspecified,Unspecified,Unspecified,Unknown,Ice,2026-07-08T18:15:47.402049+00:00,point_velocity,Unspecified
05471000,POINT (-93.5959722222222 42.0082222222222),b3ddd43a-9e94-4377-9d5e-6fe3e75c79ce,USGS-05471000,4e6578c0-31e3-d360-e053-0100007f3217,370,1977-05-10T18:05:00+00:00,Imported Channel 1,5.88,ft^3/s,,,,,,,,ft,Unspecified,Unspecified,Unspecified,Unspecified,Unspecified,Unknown,Unspecified,2026-07-08T18:15:47.402049+00:00,other_method,Unspecified
05471000,POINT (-93.5959722222222 42.0082222222222),b3deb16c-e330-4c06-bb83-eb2c1b07df5e,USGS-05471000,4e6567e0-68e1-caef-e053-0100007fbe88,223,1967-06-08T19:25:00+00:00,Imported Channel 1,4340,ft^3/s,230,ft,1340,ft^2,3.24,ft/s,,,Unspecified,Unspecified,Unspecified,Unspecified,Unspecified,Unknown,BridgeCrane,2026-07-08T18:15:47.402049+00:00,point_velocity,Unspecified
05471000,POINT (-93.5959722222222 42.0082222222222),b41f563c-32ad-4a87-95fa-55d9a467fd6b,USGS-05471000,4e65720b-e88d-d01e-e053-0100007f25e6,207,1966-06-09T22:05:00+00:00,Imported Channel 1,1090,ft^3/s,144,ft,443,ft^2,2.46,ft/s,,,Unspecified,Unspecified,Unspecified,Unspecified,Unspecified,Unknown,BridgeCrane,2026-07-08T18:15:47.402049+00:00,point_velocity,Unspecified
05471000,POINT (-93.5959722222222 42.0082222222222),b464cef4-7ec3-4391-a6bb-c2b7917aea61,USGS-05471000,4e6578c0-31c9-d360-e053-0100007f3217,160,1963-05-01T15:20:00+00:00,Imported Channel 1,1900,ft^3/s,148,ft,889,ft^2,2.14,ft/s,,,Unspecified,Unspecified,Unspecified,Unspecified,Unspecified,Unknown,BridgeCrane,2026-07-08T18:15:47.402049+00:00,point_velocity,Unspecified
05471000,POINT (-93.5959722222222 42.0082222222222),b4a9977e-2e4f-4351-9068-7cd0c28c99e7,USGS-05471000,4e6596f1-ecab-e205-e053-0100007fcdf3,484,1999-10-27T21:30:00+00:00,Imported Channel 1,4.20,ft^3/s,23.0,ft,6.56,ft^2,0.64,ft/s,,,Unspecified,Unspecified,Unspecified,Unspecified,Unspecified,Unknown,Wading,2026-07-08T18:15:47.402049+00:00,point_velocity,Unspecified
05471000,POINT (-93.5959722222222 42.0082222222222),b4cc2607-1fb5-4a40-b174-c5be24afe63e,USGS-05471000,4e6573f4-2feb-d0ab-e053-0100007f2449,236,1968-04-02T23:15:00+00:00,Imported Channel 1,5.20,ft^3/s,22.0,ft,14.4,ft^2,0.36,ft/s,,,Unspecified,Unspecified,Unspecified,Unspecified,Unspecified,Unknown,Wading,2026-07-08T18:15:47.402049+00:00,point_velocity,Unspecified
05471000,POINT (-93.5959722222222 42.0082222222222),b4fe1427-8d7e-4563-9e05-8da56b48d1c5,USGS-05471000,4e65720b-e88a-d01e-e053-0100007f25e6,191,1965-04-13T20:45:00+00:00,Imported Channel 1,1150,ft^3/s,130,ft,401,ft^2,2.87,ft/s,,,Unspecified,Unspecified,Unspecified,Unspecified,Unspecified,Unknown,BridgeCrane,2026-07-08T18:15:47.402049+00:00,point_velocity,Unspecified
05471000,POINT (-93.5959722222222 42.0082222222222),b60a0045-4184-48cd-b6d5-1463ed70a2e9,USGS-05471000,4e656ac3-442e-cc83-e053-0100007f0bf2,227,1967-10-03T16:00:00+00:00,Imported Channel 1,1.75,ft^3/s,21.0,ft,5.90,ft^2,0.30,ft/s,,,Unspecified,Unspecified,Unspecified,Unspecified,Unspecified,Unknown,Wading,2026-07-08T18:15:47.402049+00:00,point_velocity,Unspecified
05471000,POINT (-93.5959722222222 42.0082222222222),b6b50893-69bc-48a9-8a58-6ccbd54f5a53,USGS-05471000,4e658789-48db-daa3-e053-0100007f15b5,389,1978-08-08T18:25:00+00:00,Imported Channel 1,45.7,ft^3/s,70.0,ft,41.0,ft^2,1.11,ft/s,,,Unspecified,Unspecified,Unspecified,Unspecified,Unspecified,Unknown,Wading,2026-07-08T18:15:47.402049+00:00,point_velocity,Unspecified
05471000,POINT (-93.5959722222222 42.0082222222222),b78999ba-2c60-41e2-b52f-643434cd5139,USGS-05471000,4e6580da-9e53-d710-e053-0100007f686b,466,1997-10-28T16:20:00+00:00,Imported Channel 1,41.8,ft^3/s,77.0,ft,37.1,ft^2,1.13,ft/s,,,Unspecified,Unspecified,Unspecified,Unspecified,Unspecified,Unknown,Wading,2026-07-08T18:15:47.402049+00:00,point_velocity,Unspecified
05471000,POINT (-93.5959722222222 42.0082222222222),b794bd6d-0992-409f-ad31-aa13cb081685,USGS-05471000,4e655934-f323-c381-e053-0100007f0ece,18,1953-03-02T15:30:00+00:00,Imported Channel 1,203,ft^3/s,105,ft,170,ft^2,1.19,ft/s,,,Unspecified,Unspecified,Unspecified,Unspecified,Unspecified,Unknown,Wading,2026-07-08T18:15:47.402049+00:00,point_velocity,Unspecified
05471000,POINT (-93.5959722222222 42.0082222222222),b7d2ae3f-6099-4f42-a979-3386c18811aa,USGS-05471000,4e657713-4440-d227-e053-0100007f828c,319,1973-05-14T16:00:00+00:00,Imported Channel 1,1000,ft^3/s,151,ft,393,ft^2,2.54,ft/s,,,Unspecified,Unspecified,Unspecified,Unspecified,Unspecified,Unknown,BridgeCrane,2026-07-08T18:15:47.402049+00:00,point_velocity,Unspecified
05471000,POINT (-93.5959722222222 42.0082222222222),b7db80e1-ee41-43e2-9ffb-7b8427288da9,USGS-05471000,4e6597bd-ddd2-e25b-e053-0100007f7bc2,558,2008-05-05T19:24:00+00:00,Imported Channel 1,866,ft^3/s,154,ft,433,ft^2,2.00,ft/s,,,Unspecified,Unspecified,Unspecified,Unspecified,Unspecified,Unknown,Wading,2026-07-08T18:15:47.402049+00:00,point_velocity,Unspecified
05471000,POINT (-93.5959722222222 42.0082222222222),b7ebc26e-c282-42f6-bb82-fad95d1c644d,USGS-05471000,4e657889-5453-d32c-e053-0100007f5dd3,134,1961-09-25T18:45:00+00:00,Imported Channel 1,48.5,ft^3/s,55.0,ft,33.1,ft^2,1.46,ft/s,,,Unspecified,Unspecified,Unspecified,Unspecified,Unspecified,Unknown,Wading,2026-07-08T18:15:47.402049+00:00,point_velocity,Unspecified
05471000,POINT (-93.5959722222222 42.0082222222222),b9285efe-385f-4b7f-8ecc-6eb4133090f8,USGS-05471000,4e6567b8-c6b5-cae9-e053-0100007fd21e,33,1954-06-02T16:00:00+00:00,Imported Channel 1,2220,ft^3/s,128,ft,876,ft^2,2.53,ft/s,,,Unspecified,Unspecified,Unspecified,Unspecified,Unspecified,Unknown,BridgeCrane,2026-07-08T18:15:47.402049+00:00,point_velocity,Unspecified
05471000,POINT (-93.5959722222222 42.0082222222222),ba288403-5c8a-4e1c-abb0-a84f575e7bf8,USGS-05471000,4e659239-f47c-dffa-e053-0100007f7f6d,502,2002-02-19T21:00:00+00:00,Imported Channel 1,144,ft^3/s,66.0,ft,87.4,ft^2,1.65,ft/s,,,Unspecified,Unspecified,Unspecified,Unspecified,Unspecified,Unknown,Wading,2026-07-08T18:15:47.402049+00:00,point_velocity,Unspecified
05471000,POINT (-93.5959722222222 42.0082222222222),bb38ee68-c7ae-4f9c-85a0-4b1814aaff3a,USGS-05471000,4e656dd8-345f-cdf3-e053-0100007f8f83,46,1955-05-07T14:30:00+00:00,Imported Channel 1,215,ft^3/s,115,ft,175,ft^2,1.23,ft/s,,,Unspecified,Unspecified,Unspecified,Unspecified,Unspecified,Unknown,BridgeCrane,2026-07-08T18:15:47.402049+00:00,point_velocity,Unspecified
05471000,POINT (-93.5959722222222 42.0082222222222),bb6a3053-0e5f-4d18-96dd-2d1a7670e77b,USGS-05471000,4e656817-c132-caeb-e053-0100007f2f17,54,1956-03-26T16:25:00+00:00,Imported Channel 1,28.2,ft^3/s,48.0,ft,25.2,ft^2,1.12,ft/s,,,Unspecified,Unspecified,Unspecified,Unspecified,Unspecified,Unknown,Wading,2026-07-08T18:15:47.402049+00:00,point_velocity,Unspecified
05471000,POINT (-93.5959722222222 42.0082222222222),bb86fa4c-1dba-4858-a935-246b7852e3fe,USGS-05471000,4e658056-7055-d70e-e053-0100007f97d8,411,1992-03-25T18:00:00+00:00,Imported Channel 1,394,ft^3/s,118,ft,252,ft^2,1.56,ft/s,,,Unspecified,Unspecified,Unspecified,Unspecified,Unspecified,Unknown,Wading,2026-07-08T18:15:47.402049+00:00,point_velocity,Unspecified
05471000,POINT (-93.5959722222222 42.0082222222222),bbb73aec-076a-44e6-b405-465ec0750470,USGS-05471000,4e659cc9-12fe-e59d-e053-0100007ff403,537,2006-01-10T19:56:00+00:00,Imported Channel 1,187,ft^3/s,152,ft,198,ft^2,0.94,ft/s,,,Unspecified,Unspecified,Unspecified,Unspecified,Unspecified,Unknown,Wading,2026-07-08T18:15:47.402049+00:00,point_velocity,Unspecified
05471000,POINT (-93.5959722222222 42.0082222222222),bbd80a5f-1ebd-4792-ade8-0d35fef836f4,USGS-05471000,4e656e09-f408-ce34-e053-0100007f95a9,249A,1969-03-18T19:55:00+00:00,Imported Channel 1,0.00,ft^3/s,,,,,0.00,ft/s,,,Unspecified,Unspecified,Unspecified,Unspecified,Unspecified,Unknown,Wading,2026-07-08T18:15:47.402049+00:00,point_velocity,Unspecified
05471000,POINT (-93.5959722222222 42.0082222222222),bbe03bd5-daeb-4466-8078-4290efff7e11,USGS-05471000,4e6566f5-d7c4-caa8-e053-0100007f206d,226,1967-09-06T15:30:00+00:00,Imported Channel 1,3.21,ft^3/s,9.00,ft,3.37,ft^2,0.95,ft/s,,,Unspecified,Unspecified,Unspecified,Unspecified,Unspecified,Unknown,Wading,2026-07-08T18:15:47.402049+00:00,point_velocity,Unspecified
05471000,POINT (-93.5959722222222 42.0082222222222),bbe409cd-7635-498a-9678-fe8f789eb44b,USGS-05471000,92b3f031-105f-2cf9-e053-0100007f776c,667,2019-09-16T20:52:06+00:00,Sk Blw,121,ft^3/s,72.3,ft,162,ft^2,0.75,ft/s,0.00,ft,Soft,Sand,Uneven,Uneven,Standard,Pulsating,BridgeDownstreamSide,2026-07-08T18:15:47.402049+00:00,adcp,AtTheGage
05471000,POINT (-93.5959722222222 42.0082222222222),bbfbda66-0951-4c21-9d59-0ed6ccc7475d,USGS-05471000,16bad8f2-715c-47bf-8e21-90dbe75a8819,681,2021-07-28T19:47:25+00:00,05471000,0.67,ft^3/s,17.0,ft,14.4,ft^2,0.05,ft/s,75.00,ft,Firm,Sand,Even,Even,Uniform,Steady,Wading,2026-07-08T18:15:47.402049+00:00,point_velocity,Upstream
05471000,POINT (-93.5959722222222 42.0082222222222),bcd4d2f0-bd1b-4f98-a029-4d6aa6592550,USGS-05471000,4e657f99-3b57-d708-e053-0100007fbf7c,241,1968-07-02T18:10:00+00:00,Imported Channel 1,393,ft^3/s,130,ft,270,ft^2,2.20,ft/s,,,Unspecified,Unspecified,Unspecified,Unspecified,Unspecified,Unknown,BridgeCrane,2026-07-08T18:15:47.402049+00:00,point_velocity,Unspecified
05471000,POINT (-93.5959722222222 42.0082222222222),bd72aeb1-1625-45f5-8c2a-8490313cd326,USGS-05471000,4e65aa94-da37-ebdc-e053-0100007fbf91,635,2016-02-23T16:00:30+00:00,Sk Below Check,2230,ft^3/s,198,ft,840,ft^2,2.66,ft/s,1240.00,ft,Soft,Sand,Uneven,Uneven,Standard,Unknown,BridgeDownstreamSide,2026-07-08T18:15:47.402049+00:00,adcp,Upstream
05471000,POINT (-93.5959722222222 42.0082222222222),bd9477a3-dc28-42c6-a92b-2735f282bb9f,USGS-05471000,4e6578c0-31da-d360-e053-0100007f3217,288,1971-03-10T18:25:00+00:00,Imported Channel 1,350,ft^3/s,137,ft,216,ft^2,1.62,ft/s,,,Unspecified,Unspecified,Unspecified,Unspecified,Unspecified,Unknown,Wading,2026-07-08T18:15:47.402049+00:00,point_velocity,Unspecified
05471000,POINT (-93.5959722222222 42.0082222222222),be5abcae-bfdb-46e0-81ec-74bf4537f986,USGS-05471000,4e657889-b819-d368-e053-0100007fc15e,224,1967-07-05T19:35:00+00:00,Imported Channel 1,199,ft^3/s,103,ft,142,ft^2,1.40,ft/s,,,Unspecified,Unspecified,Unspecified,Unspecified,Unspecified,Unknown,Wading,2026-07-08T18:15:47.402049+00:00,point_velocity,Unspecified
05471000,POINT (-93.5959722222222 42.0082222222222),bff02404-f388-4cdf-9002-1115c17f1e94,USGS-05471000,4e657622-3efc-d195-e053-0100007fa0d4,444,1995-10-06T13:05:00+00:00,Imported Channel 1,7.99,ft^3/s,26.0,ft,14.1,ft^2,0.57,ft/s,,,Unspecified,Unspecified,Unspecified,Unspecified,Unspecified,Unknown,Wading,2026-07-08T18:15:47.402049+00:00,point_velocity,Unspecified
05471000,POINT (-93.5959722222222 42.0082222222222),c076ed09-b53b-4b4d-971a-4e5ec95edfcb,USGS-05471000,4e658775-d9ca-da57-e053-0100007f3ef6,373,1977-08-16T20:15:00+00:00,Imported Channel 1,6030,ft^3/s,256,ft,1950,ft^2,3.09,ft/s,,,Unspecified,Unspecified,Unspecified,Unspecified,Unspecified,Unknown,BridgeCrane,2026-07-08T18:15:47.402049+00:00,point_velocity,Unspecified
05471000,POINT (-93.5959722222222 42.0082222222222),c0b77450-347e-4642-bc4d-a7ffe1dc1a10,USGS-05471000,4e656dca-3b5d-cdc1-e053-0100007fc51e,390,1978-09-12T17:25:00+00:00,Imported Channel 1,34.6,ft^3/s,72.0,ft,30.3,ft^2,1.14,ft/s,,,Unspecified,Unspecified,Unspecified,Unspecified,Unspecified,Unknown,Wading,2026-07-08T18:15:47.402049+00:00,point_velocity,Unspecified
05471000,POINT (-93.5959722222222 42.0082222222222),c0dfb1a2-4d4b-4957-82ab-cdb3bafd8a7b,USGS-05471000,4e6563b5-acd9-c882-e053-0100007f1e1a,37,1954-08-02T17:00:00+00:00,Imported Channel 1,15.1,ft^3/s,37.0,ft,19.0,ft^2,0.79,ft/s,,,Unspecified,Unspecified,Unspecified,Unspecified,Unspecified,Unknown,Wading,2026-07-08T18:15:47.402049+00:00,point_velocity,Unspecified
05471000,POINT (-93.5959722222222 42.0082222222222),c14d9b4c-e503-467a-9226-9185496d9dc9,USGS-05471000,4e656f28-f7a9-ce80-e053-0100007fbe50,291,1971-04-23T19:30:00+00:00,Imported Channel 1,172,ft^3/s,121,ft,118,ft^2,1.46,ft/s,,,Unspecified,Unspecified,Unspecified,Unspecified,Unspecified,Unknown,Wading,2026-07-08T18:15:47.402049+00:00,point_velocity,Unspecified
05471000,POINT (-93.5959722222222 42.0082222222222),c1b5dde4-65f5-4fc4-bee8-bc8aa2152b77,USGS-05471000,20f409b4-8630-4fa3-83ab-70e7674e8204,684,2021-11-30T20:19:39+00:00,05471000,99.0,ft^3/s,60.0,ft,69.8,ft^2,1.42,ft/s,1320.00,ft,Firm,Sand,Even,Even,Uniform,Steady,Wading,2026-07-08T18:15:47.402049+00:00,point_velocity,Downstream
05471000,POINT (-93.5959722222222 42.0082222222222),c250f4de-b2be-47ca-8104-d27a521050b7,USGS-05471000,4e6591af-eb9b-dfdc-e053-0100007fb4e1,450,1996-04-17T12:35:00+00:00,Imported Channel 1,72.2,ft^3/s,107,ft,76.0,ft^2,0.95,ft/s,,,Unspecified,Unspecified,Unspecified,Unspecified,Unspecified,Unknown,Wading,2026-07-08T18:15:47.402049+00:00,point_velocity,Unspecified
05471000,POINT (-93.5959722222222 42.0082222222222),c35f3d9e-d46f-488f-a26b-4568fc6d78b1,USGS-05471000,4e655fe3-f059-c6b3-e053-0100007fcc7b,254,1969-04-22T20:05:00+00:00,Imported Channel 1,490,ft^3/s,120,ft,225,ft^2,2.18,ft/s,,,Unspecified,Unspecified,Unspecified,Unspecified,Unspecified,Unknown,Wading,2026-07-08T18:15:47.402049+00:00,point_velocity,Unspecified
05471000,POINT (-93.5959722222222 42.0082222222222),c57cbdf8-c8d5-4ac5-a494-dc362b8d3c7b,USGS-05471000,4e6578ea-dfdb-d36a-e053-0100007f5b90,274,1970-06-04T18:10:00+00:00,Imported Channel 1,286,ft^3/s,115,ft,171,ft^2,1.67,ft/s,,,Unspecified,Unspecified,Unspecified,Unspecified,Unspecified,Unknown,Wading,2026-07-08T18:15:47.402049+00:00,point_velocity,Unspecified
05471000,POINT (-93.5959722222222 42.0082222222222),c5873a5a-45ae-4f2d-b788-3eb7598f5e0c,USGS-05471000,4e656a26-ee11-cc4d-e053-0100007f4bc9,232,1967-12-07T16:10:00+00:00,Imported Channel 1,6.25,ft^3/s,28.0,ft,17.6,ft^2,0.36,ft/s,,,Unspecified,Unspecified,Unspecified,Unspecified,Unspecified,Unknown,Wading,2026-07-08T18:15:47.402049+00:00,point_velocity,Unspecified
05471000,POINT (-93.5959722222222 42.0082222222222),c5b1251e-2227-47b4-bce5-2a4a1c1aeafb,USGS-05471000,4e658789-4902-daa3-e053-0100007f15b5,497,2001-07-17T21:05:00+00:00,Imported Channel 1,41.9,ft^3/s,53.0,ft,35.6,ft^2,1.18,ft/s,,,Unspecified,Unspecified,Unspecified,Unspecified,Unspecified,Unknown,Wading,2026-07-08T18:15:47.402049+00:00,point_velocity,Unspecified
05471000,POINT (-93.5959722222222 42.0082222222222),c5c86dee-7d6c-4339-be27-65882925b215,USGS-05471000,4e657582-1131-d1ab-e053-0100007f4fbd,23,1953-07-06T16:25:00+00:00,Imported Channel 1,138,ft^3/s,122,ft,91.9,ft^2,1.50,ft/s,,,Unspecified,Unspecified,Unspecified,Unspecified,Unspecified,Unknown,Wading,2026-07-08T18:15:47.402049+00:00,point_velocity,Unspecified
05471000,POINT (-93.5959722222222 42.0082222222222),c6709038-ab75-4be1-b5ed-0f5f5becc602,USGS-05471000,4e6578dc-4f9f-d384-e053-0100007f0d52,498,2001-08-28T22:40:00+00:00,Imported Channel 1,6.10,ft^3/s,22.0,ft,7.52,ft^2,0.81,ft/s,,,Unspecified,Unspecified,Unspecified,Unspecified,Unspecified,Unknown,Wading,2026-07-08T18:15:47.402049+00:00,point_velocity,Unspecified
05471000,POINT (-93.5959722222222 42.0082222222222),c77eeb28-ad37-4bce-8557-ee276c44c102,USGS-05471000,4e656f28-f760-ce80-e053-0100007fbe50,25,1953-08-31T15:45:00+00:00,Imported Channel 1,2.94,ft^3/s,9.00,ft,2.75,ft^2,1.07,ft/s,,,Unspecified,Unspecified,Unspecified,Unspecified,Unspecified,Unknown,Wading,2026-07-08T18:15:47.402049+00:00,point_velocity,Unspecified
05471000,POINT (-93.5959722222222 42.0082222222222),c78faf38-20cc-4a9b-88cc-a424152c6d80,USGS-05471000,4e65784e-2dcf-d32e-e053-0100007f404c,349,1975-06-28T12:35:00+00:00,Imported Channel 1,9200,ft^3/s,310,ft,2440,ft^2,3.77,ft/s,,,Unspecified,Unspecified,Unspecified,Unspecified,Unspecified,Unknown,BridgeCrane,2026-07-08T18:15:47.402049+00:00,point_velocity,Unspecified
05471000,POINT (-93.5959722222222 42.0082222222222),c85ea6cb-56c6-4cf2-bdde-fe658735e8e9,USGS-05471000,4e657582-115c-d1ab-e053-0100007f4fbd,253,1969-04-04T19:30:00+00:00,Imported Channel 1,622,ft^3/s,138,ft,277,ft^2,2.25,ft/s,,,Unspecified,Unspecified,Unspecified,Unspecified,Unspecified,Unknown,BridgeCrane,2026-07-08T18:15:47.402049+00:00,point_velocity,Unspecified
05471000,POINT (-93.5959722222222 42.0082222222222),c86cbeda-dc6a-4213-8a37-ace20455a00e,USGS-05471000,4e6563b5-ace0-c882-e053-0100007f1e1a,55,1956-04-30T17:25:00+00:00,Imported Channel 1,6.33,ft^3/s,18.0,ft,5.70,ft^2,1.11,ft/s,,,Unspecified,Unspecified,Unspecified,Unspecified,Unspecified,Unknown,Wading,2026-07-08T18:15:47.402049+00:00,point_velocity,Unspecified
05471000,POINT (-93.5959722222222 42.0082222222222),c8f8fb35-f3aa-4ffb-bdb7-49d58d78af7a,USGS-05471000,fb5e80a9-1f59-41b4-aa9c-bfc5755f20a9,709,2025-01-08T19:23:58+00:00,main,80.9,ft^3/s,72.0,ft,73.8,ft^2,1.10,ft/s,100.00,ft,Firm,Sand,Even,Even,Uniform,Steady,Wading,2026-07-08T18:15:47.402049+00:00,point_velocity,Downstream
05471000,POINT (-93.5959722222222 42.0082222222222),c926353a-7875-43b0-8eaa-cb694acbe0db,USGS-05471000,4e656ea0-416c-cdff-e053-0100007f5fa3,70,1957-08-05T17:00:00+00:00,Imported Channel 1,60.5,ft^3/s,57.0,ft,60.6,ft^2,1.00,ft/s,,,Unspecified,Unspecified,Unspecified,Unspecified,Unspecified,Unknown,Wading,2026-07-08T18:15:47.402049+00:00,point_velocity,Unspecified
05471000,POINT (-93.5959722222222 42.0082222222222),c99dba6d-87a8-4a9c-8020-620338872dc0,USGS-05471000,4e657c01-cdb9-d526-e053-0100007fd293,183,1964-12-03T21:25:00+00:00,Imported Channel 1,0.21,ft^3/s,4.50,ft,0.69,ft^2,0.30,ft/s,,,Unspecified,Unspecified,Unspecified,Unspecified,Unspecified,Unknown,Ice,2026-07-08T18:15:47.402049+00:00,point_velocity,Unspecified
05471000,POINT (-93.5959722222222 42.0082222222222),c9f86b04-772b-425a-9407-e4dd0d059cce,USGS-05471000,4e658a4e-d3b9-dc0b-e053-0100007fb6fc,367,1977-02-28T17:20:00+00:00,Imported Channel 1,0.00,ft^3/s,,,,,,,,ft,Unspecified,Unspecified,Unspecified,Unspecified,Unspecified,Unknown,Other,2026-07-08T18:15:47.402049+00:00,engineered_structure,Unspecified
05471000,POINT (-93.5959722222222 42.0082222222222),c9fbc2da-39a6-41d4-b05c-79e9de7b9d76,USGS-05471000,4e65a769-7c88-ea91-e053-0100007f21d9,616,2014-05-28T17:54:00+00:00,Below,219,ft^3/s,76.0,ft,136,ft^2,1.61,ft/s,1320.00,ft,Firm,Sand,Even,Even,Uniform,Unknown,Wading,2026-07-08T18:15:47.402049+00:00,point_velocity,Upstream
05471000,POINT (-93.5959722222222 42.0082222222222),c9fd4eab-4035-4fe1-af73-dcd153db2b7d,USGS-05471000,4e65720b-e87f-d01e-e053-0100007f25e6,156,1963-01-07T20:00:00+00:00,Imported Channel 1,13.3,ft^3/s,61.0,ft,27.3,ft^2,0.49,ft/s,,,Unspecified,Unspecified,Unspecified,Unspecified,Unspecified,Unknown,Wading,2026-07-08T18:15:47.402049+00:00,point_velocity,Unspecified
05471000,POINT (-93.5959722222222 42.0082222222222),ca0a6ab7-5a96-4a5e-a3d2-6701eca0e08c,USGS-05471000,4e656ea0-4160-cdff-e053-0100007f5fa3,47,1955-06-06T15:55:00+00:00,Imported Channel 1,171,ft^3/s,115,ft,109,ft^2,1.57,ft/s,,,Unspecified,Unspecified,Unspecified,Unspecified,Unspecified,Unknown,Wading,2026-07-08T18:15:47.402049+00:00,point_velocity,Unspecified
05471000,POINT (-93.5959722222222 42.0082222222222),ca85899c-8d9d-4d8a-8df9-cea2a6b4f755,USGS-05471000,4e659609-371d-e1bd-e053-0100007f1204,560,2008-05-31T00:06:00+00:00,Imported Channel 1,18500,ft^3/s,412,ft,4740,ft^2,3.90,ft/s,,ft,Unspecified,Unspecified,Unspecified,Unspecified,Unspecified,Unknown,Unspecified,2026-07-08T18:15:47.402049+00:00,adcp,Unspecified
05471000,POINT (-93.5959722222222 42.0082222222222),cb636d44-a911-4b1d-920f-539a32c760fc,USGS-05471000,4e6576e4-24c2-d229-e053-0100007f6c71,211,1966-08-11T14:20:00+00:00,Imported Channel 1,10.6,ft^3/s,35.0,ft,19.4,ft^2,0.55,ft/s,,,Unspecified,Unspecified,Unspecified,Unspecified,Unspecified,Unknown,Wading,2026-07-08T18:15:47.402049+00:00,point_velocity,Unspecified
05471000,POINT (-93.5959722222222 42.0082222222222),cb846b8c-d59b-43ae-8a92-83f01341efc2,USGS-05471000,4e65585f-71d9-c2ed-e053-0100007f28b3,179,1964-09-14T17:35:00+00:00,Imported Channel 1,4.35,ft^3/s,29.0,ft,9.98,ft^2,0.46,ft/s,,,Unspecified,Unspecified,Unspecified,Unspecified,Unspecified,Unknown,Wading,2026-07-08T18:15:47.402049+00:00,point_velocity,Unspecified
05471000,POINT (-93.5959722222222 42.0082222222222),cc71c905-0893-484a-9800-f45941ec21f2,USGS-05471000,4e657925-1ab1-d37a-e053-0100007f8d4e,377,1977-10-11T20:30:00+00:00,Imported Channel 1,480,ft^3/s,110,ft,276,ft^2,1.74,ft/s,,,Unspecified,Unspecified,Unspecified,Unspecified,Unspecified,Unknown,Wading,2026-07-08T18:15:47.402049+00:00,point_velocity,Unspecified
05471000,POINT (-93.5959722222222 42.0082222222222),cccddd58-9819-4180-8a73-33514ea6e417,USGS-05471000,4e658777-8439-da9b-e053-0100007f961b,453,1996-06-17T21:30:00+00:00,Imported Channel 1,24200,ft^3/s,2670,ft,4400,ft^2,5.50,ft/s,,,Unspecified,Unspecified,Unspecified,Unspecified,Unspecified,Unknown,BridgeCrane,2026-07-08T18:15:47.402049+00:00,point_velocity,Unspecified
05471000,POINT (-93.5959722222222 42.0082222222222),cd7f9cee-bddd-4b65-858b-425270df679b,USGS-05471000,4e65a394-7971-e84c-e053-0100007f94bc,602,2012-11-19T17:00:00+00:00,Channel 1,0.00,ft^3/s,,,,,,,,,Unspecified,Unspecified,Unspecified,Unspecified,Unspecified,Unknown,Unspecified,2026-07-08T18:15:47.402049+00:00,point_velocity,Unspecified
05471000,POINT (-93.5959722222222 42.0082222222222),ce74d764-0f05-4010-af6b-68932c5d2c4f,USGS-05471000,4e6587b8-e403-dab7-e053-0100007fe134,378,1977-11-08T18:50:00+00:00,Imported Channel 1,331,ft^3/s,105,ft,210,ft^2,1.58,ft/s,,,Unspecified,Unspecified,Unspecified,Unspecified,Unspecified,Unknown,Wading,2026-07-08T18:15:47.402049+00:00,point_velocity,Unspecified
05471000,POINT (-93.5959722222222 42.0082222222222),cf08aa88-bf7f-4118-8796-10187d7b3d9e,USGS-05471000,4e657875-41be-d35c-e053-0100007f8d57,384,1978-04-11T20:10:00+00:00,Imported Channel 1,991,ft^3/s,162,ft,382,ft^2,2.59,ft/s,,,Unspecified,Unspecified,Unspecified,Unspecified,Unspecified,Unknown,BridgeCrane,2026-07-08T18:15:47.402049+00:00,point_velocity,Unspecified
05471000,POINT (-93.5959722222222 42.0082222222222),cf3ff89e-169f-4619-9cea-71240254da93,USGS-05471000,4e6592c3-dda7-e038-e053-0100007f3dbd,598,2012-07-09T17:02:30+00:00,Imported Channel 1,7.68,ft^3/s,28.0,ft,10.5,ft^2,0.73,ft/s,1250.00,ft,Unspecified,Sand,Unspecified,Unspecified,Unspecified,Unknown,Wading,2026-07-08T18:15:47.402049+00:00,point_velocity,Upstream
05471000,POINT (-93.5959722222222 42.0082222222222),cf44e699-b824-4061-b79b-5677af7d4304,USGS-05471000,4e6565aa-7386-c95b-e053-0100007f9ef7,102,1959-08-12T14:20:00+00:00,Imported Channel 1,21.7,ft^3/s,55.0,ft,23.8,ft^2,0.91,ft/s,,,Unspecified,Unspecified,Unspecified,Unspecified,Unspecified,Unknown,Wading,2026-07-08T18:15:47.402049+00:00,point_velocity,Unspecified
05471000,POINT (-93.5959722222222 42.0082222222222),cf985052-a8ad-45a3-9e23-959fd141c1ad,USGS-05471000,4e659411-9d87-e0b3-e053-0100007f225d,529,2005-02-01T20:54:00+00:00,Imported Channel 1,29.4,ft^3/s,60.0,ft,51.0,ft^2,0.58,ft/s,,,Unspecified,Unspecified,Unspecified,Unspecified,Unspecified,Unknown,Ice,2026-07-08T18:15:47.402049+00:00,point_velocity,Unspecified
05471000,POINT (-93.5959722222222 42.0082222222222),cfc36a8e-eee3-403b-8389-2d1362cc8d6c,USGS-05471000,4e6598b4-3f0a-e2ef-e053-0100007fbe6a,494,2001-03-19T18:20:00+00:00,Imported Channel 1,2200,ft^3/s,195,ft,763,ft^2,2.88,ft/s,,,Unspecified,Unspecified,Unspecified,Unspecified,Unspecified,Unknown,BridgeCrane,2026-07-08T18:15:47.402049+00:00,point_velocity,Unspecified
05471000,POINT (-93.5959722222222 42.0082222222222),cfcc00de-b174-481b-acc8-b5bd7d4f61d6,USGS-05471000,4e657850-b613-d334-e053-0100007fc8f4,136,1961-11-27T21:00:00+00:00,Imported Channel 1,407,ft^3/s,110,ft,203,ft^2,2.00,ft/s,,,Unspecified,Unspecified,Unspecified,Unspecified,Unspecified,Unknown,Wading,2026-07-08T18:15:47.402049+00:00,point_velocity,Unspecified
05471000,POINT (-93.5959722222222 42.0082222222222),d07438ef-92cc-4782-b2b4-da628f3c6828,USGS-05471000,4e657850-b64b-d334-e053-0100007fc8f4,386,1978-05-08T19:35:00+00:00,Imported Channel 1,389,ft^3/s,129,ft,225,ft^2,1.73,ft/s,,,Unspecified,Unspecified,Unspecified,Unspecified,Unspecified,Unknown,Wading,2026-07-08T18:15:47.402049+00:00,point_velocity,Unspecified
05471000,POINT (-93.5959722222222 42.0082222222222),d07da116-4c23-4ea7-93cc-09b637412978,USGS-05471000,4e658c9b-bc82-dd19-e053-0100007f99f3,556,2008-02-13T18:59:00+00:00,Imported Channel 1,57.1,ft^3/s,80.0,ft,60.9,ft^2,0.94,ft/s,,,Unspecified,Unspecified,Unspecified,Unspecified,Unspecified,Unknown,Wading,2026-07-08T18:15:47.402049+00:00,point_velocity,Unspecified
05471000,POINT (-93.5959722222222 42.0082222222222),d080dbeb-c1bf-4191-8dac-10316263b1f0,USGS-05471000,4e65790c-b29c-d358-e053-0100007f67a3,351,1975-09-02T20:15:00+00:00,Imported Channel 1,64.0,ft^3/s,78.0,ft,51.6,ft^2,1.24,ft/s,,,Unspecified,Unspecified,Unspecified,Unspecified,Unspecified,Unknown,Wading,2026-07-08T18:15:47.402049+00:00,point_velocity,Unspecified
05471000,POINT (-93.5959722222222 42.0082222222222),d0b4eea7-c573-4eb7-8868-f988f9c979f0,USGS-05471000,4e65958e-5b5c-e1bf-e053-0100007f6829,561,2008-07-29T17:28:00+00:00,Imported Channel 1,792,ft^3/s,128,ft,313,ft^2,2.53,ft/s,,ft,Unspecified,Unspecified,Unspecified,Unspecified,Unspecified,Unknown,Unspecified,2026-07-08T18:15:47.402049+00:00,adcp,Unspecified
05471000,POINT (-93.5959722222222 42.0082222222222),d0cb69dd-7de5-420e-b5b6-6a9971e472fe,USGS-05471000,4e655b8c-52af-c4af-e053-0100007f3450,93,1959-03-03T20:15:00+00:00,Imported Channel 1,882,ft^3/s,131,ft,370,ft^2,2.38,ft/s,,,Unspecified,Unspecified,Unspecified,Unspecified,Unspecified,Unknown,Wading,2026-07-08T18:15:47.402049+00:00,point_velocity,Unspecified
05471000,POINT (-93.5959722222222 42.0082222222222),d1357b3f-8c7f-4c9e-8021-9e4a1ad65b86,USGS-05471000,4e654e2f-2f6b-bd5b-e053-0100007f5551,268,1970-04-03T17:10:00+00:00,Imported Channel 1,275,ft^3/s,72.0,ft,151,ft^2,1.82,ft/s,,,Unspecified,Unspecified,Unspecified,Unspecified,Unspecified,Unknown,Wading,2026-07-08T18:15:47.402049+00:00,point_velocity,Unspecified
05471000,POINT (-93.5959722222222 42.0082222222222),d146055f-6930-46e0-9057-78b63907c0cd,USGS-05471000,4e657582-1140-d1ab-e053-0100007f4fbd,125,1961-03-06T21:10:00+00:00,Imported Channel 1,680,ft^3/s,126,ft,324,ft^2,2.10,ft/s,,,Unspecified,Unspecified,Unspecified,Unspecified,Unspecified,Unknown,BridgeCrane,2026-07-08T18:15:47.402049+00:00,point_velocity,Unspecified
05471000,POINT (-93.5959722222222 42.0082222222222),d1467505-1b24-4f86-aefa-ec575fbacd64,USGS-05471000,4e6578ea-dfd4-d36a-e053-0100007f5b90,219,1967-03-16T19:25:00+00:00,Imported Channel 1,13.4,ft^3/s,35.0,ft,20.6,ft^2,0.65,ft/s,,,Unspecified,Unspecified,Unspecified,Unspecified,Unspecified,Unknown,Wading,2026-07-08T18:15:47.402049+00:00,point_velocity,Unspecified
05471000,POINT (-93.5959722222222 42.0082222222222),d20a76f4-95fa-4aa4-8738-7a7539a0956d,USGS-05471000,db5eaa19-111f-44ec-923c-d820613e92d5,715,2025-12-16T19:00:45+00:00,main,126,ft^3/s,82.0,ft,91.6,ft^2,1.38,ft/s,50.00,ft,Firm,Sand,Even,Even,Uniform,Steady,Wading,2026-07-08T18:15:47.402049+00:00,adcp,Downstream
05471000,POINT (-93.5959722222222 42.0082222222222),d27d36a9-3daf-4bb2-b8e1-46f5f8739314,USGS-05471000,4e656817-c13e-caeb-e053-0100007f2f17,155,1962-12-20T15:00:00+00:00,Imported Channel 1,17.1,ft^3/s,49.0,ft,27.3,ft^2,0.63,ft/s,,,Unspecified,Unspecified,Unspecified,Unspecified,Unspecified,Unknown,Wading,2026-07-08T18:15:47.402049+00:00,point_velocity,Unspecified
05471000,POINT (-93.5959722222222 42.0082222222222),d2acb138-8e89-4e23-8aba-0db0037edd70,USGS-05471000,4e655934-f32f-c381-e053-0100007f0ece,109,1960-03-02T18:30:00+00:00,Imported Channel 1,68.6,ft^3/s,66.0,ft,56.6,ft^2,1.21,ft/s,,,Unspecified,Unspecified,Unspecified,Unspecified,Unspecified,Unknown,Wading,2026-07-08T18:15:47.402049+00:00,point_velocity,Unspecified
05471000,POINT (-93.5959722222222 42.0082222222222),d2b68967-4272-44b2-b7cb-3209cd5722f1,USGS-05471000,4e657590-b351-d167-e053-0100007faf79,273,1970-05-19T16:35:00+00:00,Imported Channel 1,467,ft^3/s,118,ft,223,ft^2,2.09,ft/s,,,Unspecified,Unspecified,Unspecified,Unspecified,Unspecified,Unknown,Wading,2026-07-08T18:15:47.402049+00:00,point_velocity,Unspecified
05471000,POINT (-93.5959722222222 42.0082222222222),d2c3e1be-5a2c-4c6c-b3a8-46782818ae24,USGS-05471000,4e656337-3b5e-c7f2-e053-0100007ffcce,111A,1960-03-31T14:35:00+00:00,Imported Channel 1,7960,ft^3/s,1090,ft,3160,ft^2,2.52,ft/s,,,Unspecified,Unspecified,Unspecified,Unspecified,Unspecified,Unknown,BridgeCrane,2026-07-08T18:15:47.402049+00:00,point_velocity,Unspecified
05471000,POINT (-93.5959722222222 42.0082222222222),d2c8da6a-34fb-4e11-a9f4-b1119365362e,USGS-05471000,4e65839c-69c2-d8ab-e053-0100007f5a3a,570,2009-09-08T16:57:00+00:00,Imported Channel 1,25.4,ft^3/s,90.0,ft,47.1,ft^2,0.54,ft/s,1320.00,ft,Firm,Sand,Uneven,Unspecified,Unspecified,Unknown,Wading,2026-07-08T18:15:47.402049+00:00,point_velocity,Upstream
05471000,POINT (-93.5959722222222 42.0082222222222),d2d1e1be-38ef-4423-9f11-524d7ced66cd,USGS-05471000,4e65646f-596c-c8ac-e053-0100007f8033,34,1954-06-11T12:05:00+00:00,Imported Channel 1,7950,ft^3/s,145,ft,1840,ft^2,4.32,ft/s,,,Unspecified,Unspecified,Unspecified,Unspecified,Unspecified,Unknown,BridgeCrane,2026-07-08T18:15:47.402049+00:00,point_velocity,Unspecified
05471000,POINT (-93.5959722222222 42.0082222222222),d343b9e1-1c95-4342-95d4-7259159fc60c,USGS-05471000,4e657973-7d16-d32a-e053-0100007fa4da,201,1966-01-13T17:20:00+00:00,Imported Channel 1,235,ft^3/s,129,ft,139,ft^2,1.69,ft/s,,,Unspecified,Unspecified,Unspecified,Unspecified,Unspecified,Unknown,Wading,2026-07-08T18:15:47.402049+00:00,point_velocity,Unspecified
05471000,POINT (-93.5959722222222 42.0082222222222),d37d3b5e-d391-4591-8907-a02a9589e9ed,USGS-05471000,4e6578ce-5b65-d332-e053-0100007f19f0,356,1976-02-17T19:30:00+00:00,Imported Channel 1,25.9,ft^3/s,47.0,ft,27.0,ft^2,0.96,ft/s,,,Unspecified,Unspecified,Unspecified,Unspecified,Unspecified,Unknown,Wading,2026-07-08T18:15:47.402049+00:00,point_velocity,Unspecified
05471000,POINT (-93.5959722222222 42.0082222222222),d39641d6-219c-47ba-b4ed-0fd640733424,USGS-05471000,4e657c66-6024-d5b8-e053-0100007f91e5,397,1979-03-19T20:25:00+00:00,Imported Channel 1,9360,ft^3/s,290,ft,2240,ft^2,4.18,ft/s,,,Unspecified,Unspecified,Unspecified,Unspecified,Unspecified,Unknown,BridgeCrane,2026-07-08T18:15:47.402049+00:00,point_velocity,Unspecified
05471000,POINT (-93.5959722222222 42.0082222222222),d46eeb31-c743-4e67-8d26-af6267d846ba,USGS-05471000,4e6576e4-24a9-d229-e053-0100007f6c71,130,1961-06-07T21:20:00+00:00,Imported Channel 1,2590,ft^3/s,151,ft,927,ft^2,2.80,ft/s,,,Unspecified,Unspecified,Unspecified,Unspecified,Unspecified,Unknown,BridgeCrane,2026-07-08T18:15:47.402049+00:00,point_velocity,Unspecified
05471000,POINT (-93.5959722222222 42.0082222222222),d4ca2a7b-09ef-4786-8066-bae8a02bfbe0,USGS-05471000,4e659c82-11b4-e54d-e053-0100007ffcdc,643,2017-01-23T22:10:14+00:00,Sk Below,785,ft^3/s,104,ft,316,ft^2,2.49,ft/s,800.00,ft,Soft,Sand,Uneven,Uneven,Standard,Unknown,BridgeDownstreamSide,2026-07-08T18:15:47.402049+00:00,adcp,Upstream
05471000,POINT (-93.5959722222222 42.0082222222222),d4e6a587-09c6-4f1d-a3da-8332b0789261,USGS-05471000,4e6567b8-c6b3-cae9-e053-0100007fd21e,31,1954-05-06T15:45:00+00:00,Imported Channel 1,243,ft^3/s,89.0,ft,134,ft^2,1.81,ft/s,,,Unspecified,Unspecified,Unspecified,Unspecified,Unspecified,Unknown,Wading,2026-07-08T18:15:47.402049+00:00,point_velocity,Unspecified
05471000,POINT (-93.5959722222222 42.0082222222222),d5b4ec70-d6e5-4a7b-beef-84270dc3aeaa,USGS-05471000,4e6562f5-fc4e-c6bd-e053-0100007fa3bb,65,1957-05-16T17:15:00+00:00,Imported Channel 1,514,ft^3/s,109,ft,367,ft^2,1.40,ft/s,,,Unspecified,Unspecified,Unspecified,Unspecified,Unspecified,Unknown,BridgeCrane,2026-07-08T18:15:47.402049+00:00,point_velocity,Unspecified
05471000,POINT (-93.5959722222222 42.0082222222222),d604ced0-4060-4413-8189-5992abd0fd9b,USGS-05471000,4e657c20-44df-d558-e053-0100007fc166,361,1976-06-24T21:00:00+00:00,Imported Channel 1,373,ft^3/s,131,ft,219,ft^2,1.70,ft/s,,,Unspecified,Unspecified,Unspecified,Unspecified,Unspecified,Unknown,Wading,2026-07-08T18:15:47.402049+00:00,point_velocity,Unspecified
05471000,POINT (-93.5959722222222 42.0082222222222),d679d08f-b80d-47f3-b198-406563d963fc,USGS-05471000,4e65809a-7ab2-d730-e053-0100007f9098,326,1973-10-11T21:15:00+00:00,Imported Channel 1,5190,ft^3/s,241,ft,1790,ft^2,2.90,ft/s,,,Unspecified,Unspecified,Unspecified,Unspecified,Unspecified,Unknown,BridgeCrane,2026-07-08T18:15:47.402049+00:00,point_velocity,Unspecified
05471000,POINT (-93.5959722222222 42.0082222222222),d6a75fd8-ad38-410c-9397-a3726b2a9c00,USGS-05471000,4e658056-7056-d70e-e053-0100007f97d8,412,1992-05-05T17:10:00+00:00,Imported Channel 1,425,ft^3/s,120,ft,268,ft^2,1.58,ft/s,,,Unspecified,Unspecified,Unspecified,Unspecified,Unspecified,Unknown,Wading,2026-07-08T18:15:47.402049+00:00,point_velocity,Unspecified
05471000,POINT (-93.5959722222222 42.0082222222222),d6d4f982-5963-44d5-8660-20038f2aeabe,USGS-05471000,4e656f28-f78f-ce80-e053-0100007fbe50,230,1967-10-31T20:55:00+00:00,Imported Channel 1,13.4,ft^3/s,30.0,ft,27.9,ft^2,0.48,ft/s,,,Unspecified,Unspecified,Unspecified,Unspecified,Unspecified,Unknown,Wading,2026-07-08T18:15:47.402049+00:00,point_velocity,Unspecified
05471000,POINT (-93.5959722222222 42.0082222222222),d6dd1e6f-406f-458f-a338-230d1711a83f,USGS-05471000,4e657bea-1f62-d52e-e053-0100007f6e89,415,1992-10-06T16:55:00+00:00,Imported Channel 1,24.7,ft^3/s,34.0,ft,19.0,ft^2,1.30,ft/s,,,Unspecified,Unspecified,Unspecified,Unspecified,Unspecified,Unknown,Wading,2026-07-08T18:15:47.402049+00:00,point_velocity,Unspecified
05471000,POINT (-93.5959722222222 42.0082222222222),d70859ae-76f2-48c7-bf5c-ccfb19b09227,USGS-05471000,4e65721e-235e-d01a-e053-0100007f22a5,40,1954-11-01T20:30:00+00:00,Imported Channel 1,293,ft^3/s,93.0,ft,150,ft^2,1.95,ft/s,,,Unspecified,Unspecified,Unspecified,Unspecified,Unspecified,Unknown,Wading,2026-07-08T18:15:47.402049+00:00,point_velocity,Unspecified
05471000,POINT (-93.5959722222222 42.0082222222222),d72d0c40-0a7f-4ce8-a839-91d193ea44f4,USGS-05471000,4e65803c-e9ab-d718-e053-0100007f9460,464,1997-07-30T16:15:00+00:00,Imported Channel 1,235,ft^3/s,103,ft,134,ft^2,1.75,ft/s,,,Unspecified,Unspecified,Unspecified,Unspecified,Unspecified,Unknown,Wading,2026-07-08T18:15:47.402049+00:00,point_velocity,Unspecified
05471000,POINT (-93.5959722222222 42.0082222222222),d7642cd2-4a6b-485c-aa44-e94c37794146,USGS-05471000,4e65966c-6c14-e203-e053-0100007ff91e,579,2010-08-10T16:43:00+00:00,Imported Channel 1,8300,ft^3/s,276,ft,2730,ft^2,3.04,ft/s,1320.00,ft,Firm,Gravel,Even,Uneven,Unspecified,Unknown,BridgeDownstreamSide,2026-07-08T18:15:47.402049+00:00,adcp,Upstream
05471000,POINT (-93.5959722222222 42.0082222222222),d86958f8-9d37-40d8-aa10-643775f31a87,USGS-05471000,4e657c20-44e1-d558-e053-0100007fc166,368,1977-03-21T19:40:00+00:00,Imported Channel 1,24.4,ft^3/s,38.0,ft,23.6,ft^2,1.03,ft/s,,,Unspecified,Unspecified,Unspecified,Unspecified,Unspecified,Unknown,Wading,2026-07-08T18:15:47.402049+00:00,point_velocity,Unspecified
05471000,POINT (-93.5959722222222 42.0082222222222),d88e3093-d97a-4d4b-a994-cd0eeb98e9f9,USGS-05471000,4e656406-bf98-c842-e053-0100007fd707,26,1953-10-05T16:15:00+00:00,Imported Channel 1,0.63,ft^3/s,6.00,ft,1.74,ft^2,0.36,ft/s,,,Unspecified,Unspecified,Unspecified,Unspecified,Unspecified,Unknown,Wading,2026-07-08T18:15:47.402049+00:00,point_velocity,Unspecified
05471000,POINT (-93.5959722222222 42.0082222222222),d8a105b2-1f1e-479f-b5a5-a63e5f16d434,USGS-05471000,4e656f07-d25f-ce30-e053-0100007f1d7d,163,1963-08-09T14:10:00+00:00,Imported Channel 1,39.2,ft^3/s,86.0,ft,47.0,ft^2,0.83,ft/s,,,Unspecified,Unspecified,Unspecified,Unspecified,Unspecified,Unknown,Wading,2026-07-08T18:15:47.402049+00:00,point_velocity,Unspecified
05471000,POINT (-93.5959722222222 42.0082222222222),d8ac26e8-92ae-4181-b661-b6749459c61c,USGS-05471000,4e657850-b634-d334-e053-0100007fc8f4,272,1970-05-14T17:35:00+00:00,Imported Channel 1,2270,ft^3/s,156,ft,808,ft^2,2.81,ft/s,,,Unspecified,Unspecified,Unspecified,Unspecified,Unspecified,Unknown,BridgeCrane,2026-07-08T18:15:47.402049+00:00,point_velocity,Unspecified
05471000,POINT (-93.5959722222222 42.0082222222222),d912332d-64d5-4003-8832-d76618b4eb02,USGS-05471000,4e659178-5483-dfda-e053-0100007f3a93,471,1998-05-27T21:40:00+00:00,Imported Channel 1,596,ft^3/s,156,ft,314,ft^2,1.90,ft/s,,,Unspecified,Unspecified,Unspecified,Unspecified,Unspecified,Unknown,Wading,2026-07-08T18:15:47.402049+00:00,point_velocity,Unspecified
05471000,POINT (-93.5959722222222 42.0082222222222),d938c565-bb66-4dad-8ee4-f6c0c2301715,USGS-05471000,4e6575d6-6848-d1af-e053-0100007f1433,113,1960-05-04T17:15:00+00:00,Imported Channel 1,729,ft^3/s,127,ft,357,ft^2,2.11,ft/s,,,Unspecified,Unspecified,Unspecified,Unspecified,Unspecified,Unknown,BridgeCrane,2026-07-08T18:15:47.402049+00:00,point_velocity,Unspecified
05471000,POINT (-93.5959722222222 42.0082222222222),d9b38ac5-7764-4770-87eb-506bef88d7e9,USGS-05471000,4e6586ab-bb31-da45-e053-0100007f6171,382,1978-03-15T18:25:00+00:00,Imported Channel 1,329,ft^3/s,104,ft,180,ft^2,1.83,ft/s,,,Unspecified,Unspecified,Unspecified,Unspecified,Unspecified,Unknown,Wading,2026-07-08T18:15:47.402049+00:00,point_velocity,Unspecified
05471000,POINT (-93.5959722222222 42.0082222222222),d9de74ed-cee9-418e-a2a8-7841bb615dd6,USGS-05471000,4e657ceb-f278-d5b6-e053-0100007fd3f5,576,2010-04-20T14:50:00+00:00,Imported Channel 1,371,ft^3/s,109,ft,233,ft^2,1.59,ft/s,1320.00,ft,Soft,Sand,Even,Even,Unspecified,Unknown,Wading,2026-07-08T18:15:47.402049+00:00,point_velocity,Upstream
05471000,POINT (-93.5959722222222 42.0082222222222),da5e0b36-302a-4b76-a135-20c78625c5c1,USGS-05471000,4e6565df-cce0-c95f-e053-0100007fcee1,306,1972-02-09T18:30:00+00:00,Imported Channel 1,0.22,ft^3/s,9.50,ft,1.31,ft^2,0.17,ft/s,,,Unspecified,Unspecified,Unspecified,Unspecified,Unspecified,Unknown,Wading,2026-07-08T18:15:47.402049+00:00,point_velocity,Unspecified
05471000,POINT (-93.5959722222222 42.0082222222222),da97f3ac-d348-489f-a8b8-92d49f015b16,USGS-05471000,4e655f68-4b07-c667-e053-0100007f9e3c,250,1969-03-19T18:50:00+00:00,Imported Channel 1,4410,ft^3/s,210,ft,1380,ft^2,3.20,ft/s,,,Unspecified,Unspecified,Unspecified,Unspecified,Unspecified,Unknown,BridgeCrane,2026-07-08T18:15:47.402049+00:00,point_velocity,Unspecified
05471000,POINT (-93.5959722222222 42.0082222222222),da9c54c4-8f11-4aab-bafb-a81609ac891c,USGS-05471000,4e6562f5-fc52-c6bd-e053-0100007fa3bb,85,1958-10-20T15:05:00+00:00,Imported Channel 1,13.9,ft^3/s,25.0,ft,11.5,ft^2,1.21,ft/s,,,Unspecified,Unspecified,Unspecified,Unspecified,Unspecified,Unknown,Wading,2026-07-08T18:15:47.402049+00:00,point_velocity,Unspecified
05471000,POINT (-93.5959722222222 42.0082222222222),daef4f67-d169-43b6-abba-0d9ff08a2fd4,USGS-05471000,4e65678b-f933-cae5-e053-0100007fdb7f,44,1955-03-08T14:00:00+00:00,Imported Channel 1,151,ft^3/s,96.0,ft,99.1,ft^2,1.52,ft/s,,,Unspecified,Unspecified,Unspecified,Unspecified,Unspecified,Unknown,Wading,2026-07-08T18:15:47.402049+00:00,point_velocity,Unspecified
05471000,POINT (-93.5959722222222 42.0082222222222),dc04f8e6-45b8-4817-b52b-8a9918a9b217,USGS-05471000,4e657622-3ed1-d195-e053-0100007fa0d4,237,1968-05-02T20:50:00+00:00,Imported Channel 1,65.0,ft^3/s,36.0,ft,43.1,ft^2,1.51,ft/s,,,Unspecified,Unspecified,Unspecified,Unspecified,Unspecified,Unknown,Wading,2026-07-08T18:15:47.402049+00:00,point_velocity,Unspecified
05471000,POINT (-93.5959722222222 42.0082222222222),dc4be64f-e78f-4887-afbb-91bb0570011d,USGS-05471000,49f9203b-817b-4bf5-86e5-a8a13c18e96b,691,2022-08-09T18:48:27+00:00,SKUNK BLW MAIN,28.9,ft^3/s,32.0,ft,29.9,ft^2,0.97,ft/s,80.00,ft,Firm,Sand,Even,Even,Standard,Steady,Wading,2026-07-08T18:15:47.402049+00:00,point_velocity,Downstream
05471000,POINT (-93.5959722222222 42.0082222222222),dc4efcf8-057b-426e-bff1-ae4aba5c3b1a,USGS-05471000,4e656df3-4725-cc6b-e053-0100007f7f1d,108,1960-02-01T20:00:00+00:00,Imported Channel 1,103,ft^3/s,76.0,ft,79.1,ft^2,1.30,ft/s,,,Unspecified,Unspecified,Unspecified,Unspecified,Unspecified,Unknown,Wading,2026-07-08T18:15:47.402049+00:00,point_velocity,Unspecified
05471000,POINT (-93.5959722222222 42.0082222222222),dcbc60b6-4551-4b80-a47f-49bda3756128,USGS-05471000,4e65a9c6-0bee-ea95-e053-0100007f6e7a,639,2016-08-16T17:20:00+00:00,Sk Below,194,ft^3/s,135,ft,126,ft^2,1.54,ft/s,300.00,ft,Soft,Sand,Uneven,Uneven,Standard,Unknown,Wading,2026-07-08T18:15:47.402049+00:00,point_velocity,Downstream
05471000,POINT (-93.5959722222222 42.0082222222222),dcbdcc6b-0efb-4ce2-a33b-3b0c80a2db12,USGS-05471000,4e655bec-2867-c4d9-e053-0100007f7ca7,290,1971-03-17T17:55:00+00:00,Imported Channel 1,921,ft^3/s,150,ft,451,ft^2,2.03,ft/s,,,Unspecified,Unspecified,Unspecified,Unspecified,Unspecified,Unknown,BridgeCrane,2026-07-08T18:15:47.402049+00:00,point_velocity,Unspecified
05471000,POINT (-93.5959722222222 42.0082222222222),dd05b142-f3e9-4884-b064-94bd84bd68c3,USGS-05471000,4e659692-a8f7-e201-e053-0100007f7339,604,2013-02-21T17:29:00+00:00,South Skunk belwo Squaw Cr. nr Ames,2.76,ft^3/s,28.0,ft,10.4,ft^2,0.26,ft/s,500.00,ft,Firm,Sand,Even,Even,Uniform,Unknown,Wading,2026-07-08T18:15:47.402049+00:00,point_velocity,Upstream
05471000,POINT (-93.5959722222222 42.0082222222222),df1d91c0-9630-4f19-b2f3-0219f947a1fc,USGS-05471000,6ac04cb7-9794-4850-e053-0100007f54b1,654,2018-04-24T13:59:16+00:00,Sk. Below,626,ft^3/s,115,ft,218,ft^2,2.86,ft/s,0.00,ft,Soft,Sand,Uneven,Uneven,Standard,Pulsating,BridgeDownstreamSide,2026-07-08T18:15:47.402049+00:00,adcp,AtTheGage
05471000,POINT (-93.5959722222222 42.0082222222222),df44b801-6345-4276-90fa-cdc68a5ca8e1,USGS-05471000,4e656713-be15-c7e8-e053-0100007f8f1c,200,1965-12-16T17:15:00+00:00,Imported Channel 1,482,ft^3/s,131,ft,232,ft^2,2.08,ft/s,,,Unspecified,Unspecified,Unspecified,Unspecified,Unspecified,Unknown,Wading,2026-07-08T18:15:47.402049+00:00,point_velocity,Unspecified
05471000,POINT (-93.5959722222222 42.0082222222222),dfe4b718-b7b5-481d-a054-3589fc11e30b,USGS-05471000,4e6578dc-4f7c-d384-e053-0100007f0d52,358,1976-04-19T17:30:00+00:00,Imported Channel 1,1880,ft^3/s,160,ft,610,ft^2,3.08,ft/s,,,Unspecified,Unspecified,Unspecified,Unspecified,Unspecified,Unknown,BridgeCrane,2026-07-08T18:15:47.402049+00:00,point_velocity,Unspecified
05471000,POINT (-93.5959722222222 42.0082222222222),dfe9e084-0577-457e-9244-a06c636e3d85,USGS-05471000,4e656a20-1f86-cc49-e053-0100007fd7f0,24,1953-08-10T16:20:00+00:00,Imported Channel 1,39.5,ft^3/s,38.0,ft,34.3,ft^2,1.15,ft/s,,,Unspecified,Unspecified,Unspecified,Unspecified,Unspecified,Unknown,Wading,2026-07-08T18:15:47.402049+00:00,point_velocity,Unspecified
05471000,POINT (-93.5959722222222 42.0082222222222),e0b45af2-e21a-4cf1-b133-9ad613bb0a8e,USGS-05471000,4e65720b-e86a-d01e-e053-0100007f25e6,76,1958-02-03T17:35:00+00:00,Imported Channel 1,60.7,ft^3/s,44.0,ft,45.9,ft^2,1.32,ft/s,,,Unspecified,Unspecified,Unspecified,Unspecified,Unspecified,Unknown,Wading,2026-07-08T18:15:47.402049+00:00,point_velocity,Unspecified
05471000,POINT (-93.5959722222222 42.0082222222222),e0c283cb-1628-4389-9565-a0692d972c0d,USGS-05471000,64a71cf1-c45b-f7ca-e053-0100007f1e2e,652,2018-02-07T16:58:30+00:00,SK Blw,25.8,ft^3/s,74.0,ft,49.6,ft^2,0.52,ft/s,100.00,ft,Soft,Sand,Uneven,Uneven,Standard,Pulsating,Wading,2026-07-08T18:15:47.402049+00:00,point_velocity,Upstream
05471000,POINT (-93.5959722222222 42.0082222222222),e0cda7e3-ef7e-456c-8ccc-523dc530ff28,USGS-05471000,4e656f28-f7aa-ce80-e053-0100007fbe50,292,1971-05-14T16:35:00+00:00,Imported Channel 1,94.3,ft^3/s,64.0,ft,67.3,ft^2,1.40,ft/s,,,Unspecified,Unspecified,Unspecified,Unspecified,Unspecified,Unknown,Wading,2026-07-08T18:15:47.402049+00:00,point_velocity,Unspecified
05471000,POINT (-93.5959722222222 42.0082222222222),e0f5a6bb-c2f5-4d6a-b6b0-8044ed5e2a09,USGS-05471000,4e656c61-e885-cb56-e053-0100007fa58c,60,1957-01-07T17:25:00+00:00,Imported Channel 1,94.0,ft^3/s,15.0,ft,3.15,ft^2,30.0,ft/s,,,Unspecified,Unspecified,Unspecified,Unspecified,Unspecified,Unknown,Ice,2026-07-08T18:15:47.402049+00:00,point_velocity,Unspecified
05471000,POINT (-93.5959722222222 42.0082222222222),e1b438bc-0408-4a4f-8f27-1eb21b5ab721,USGS-05471000,4e65871e-65be-da41-e053-0100007f0654,486,2000-01-26T19:10:00+00:00,Imported Channel 1,0.60,ft^3/s,13.0,ft,1.42,ft^2,0.42,ft/s,,,Unspecified,Unspecified,Unspecified,Unspecified,Unspecified,Unknown,Wading,2026-07-08T18:15:47.402049+00:00,point_velocity,Unspecified
05471000,POINT (-93.5959722222222 42.0082222222222),e1ed4213-67a7-4052-be22-93a2b4139aed,USGS-05471000,4e6598a8-2295-e2f1-e053-0100007f986c,545,2007-01-08T17:25:00+00:00,Imported Channel 1,696,ft^3/s,142,ft,352,ft^2,1.98,ft/s,,,Unspecified,Unspecified,Unspecified,Unspecified,Unspecified,Unknown,Wading,2026-07-08T18:15:47.402049+00:00,point_velocity,Unspecified
05471000,POINT (-93.5959722222222 42.0082222222222),e207b564-ea85-4ca1-8d3e-2c6ba166ab54,USGS-05471000,4e657fd8-1fa9-d720-e053-0100007f50ce,393,1978-12-13T19:50:00+00:00,Imported Channel 1,145,ft^3/s,115,ft,97.9,ft^2,1.48,ft/s,,,Unspecified,Unspecified,Unspecified,Unspecified,Unspecified,Unknown,Wading,2026-07-08T18:15:47.402049+00:00,point_velocity,Unspecified
05471000,POINT (-93.5959722222222 42.0082222222222),e26df9e7-1a3d-4023-b7df-4e930c893cdd,USGS-05471000,4e65958e-5b73-e1bf-e053-0100007f6829,592,2011-10-12T16:53:00+00:00,Imported Channel 1,0.22,ft^3/s,10.0,ft,1.52,ft^2,0.15,ft/s,1500.00,ft,Unspecified,Sand,Unspecified,Unspecified,Unspecified,Unknown,Wading,2026-07-08T18:15:47.402049+00:00,point_velocity,Upstream
05471000,POINT (-93.5959722222222 42.0082222222222),e2709378-de02-49b9-acdf-797696602f9b,USGS-05471000,4e656e3f-14c7-cdbd-e053-0100007ffc0f,258,1969-07-01T17:20:00+00:00,Imported Channel 1,3510,ft^3/s,195,ft,1190,ft^2,2.95,ft/s,,,Unspecified,Unspecified,Unspecified,Unspecified,Unspecified,Unknown,BridgeCrane,2026-07-08T18:15:47.402049+00:00,point_velocity,Unspecified
05471000,POINT (-93.5959722222222 42.0082222222222),e2a9e3d3-4820-4e08-bd83-22a1ad140879,USGS-05471000,4e656e6d-af25-cdf7-e053-0100007fa9fc,304,1971-12-29T18:00:00+00:00,Imported Channel 1,5.60,ft^3/s,28.0,ft,9.46,ft^2,0.60,ft/s,,,Unspecified,Unspecified,Unspecified,Unspecified,Unspecified,Unknown,Wading,2026-07-08T18:15:47.402049+00:00,point_velocity,Unspecified
05471000,POINT (-93.5959722222222 42.0082222222222),e2d2a79e-0175-48f0-9c0b-065d6d82e6fc,USGS-05471000,4e6578bd-0f89-d386-e053-0100007f52f8,106,1959-12-01T21:40:00+00:00,Imported Channel 1,148,ft^3/s,64.0,ft,75.6,ft^2,1.95,ft/s,,,Unspecified,Unspecified,Unspecified,Unspecified,Unspecified,Unknown,Wading,2026-07-08T18:15:47.402049+00:00,point_velocity,Unspecified
05471000,POINT (-93.5959722222222 42.0082222222222),e32ce8dd-13c3-4f85-89bc-caac1009095b,USGS-05471000,4e658789-491b-daa3-e053-0100007f15b5,517,2003-09-03T13:35:00+00:00,Imported Channel 1,3.35,ft^3/s,19.5,ft,3.13,ft^2,1.07,ft/s,,,Unspecified,Unspecified,Unspecified,Unspecified,Unspecified,Unknown,Wading,2026-07-08T18:15:47.402049+00:00,point_velocity,Unspecified
05471000,POINT (-93.5959722222222 42.0082222222222),e35b8832-e67b-41ad-981c-276e58cb3453,USGS-05471000,4e659cda-5747-e5a1-e053-0100007ff61c,622,2014-12-18T14:34:00+00:00,05471000,144,ft^3/s,112,ft,106,ft^2,1.36,ft/s,100.00,ft,Unspecified,Unspecified,Unspecified,Unspecified,Unspecified,Unknown,Wading,2026-07-08T18:15:47.402049+00:00,point_velocity,Downstream
05471000,POINT (-93.5959722222222 42.0082222222222),e3ada477-69a0-4035-a51d-40584517d2f9,USGS-05471000,4fad58b0-a215-4324-bd89-c22b417c2bf0,680,2021-06-08T17:23:38+00:00,Sk Blw,131,ft^3/s,74.2,ft,115,ft^2,1.13,ft/s,0.00,ft,Soft,Sand,Uneven,Uneven,Standard,Pulsating,BridgeDownstreamSide,2026-07-08T18:15:47.402049+00:00,adcp,AtTheGage
05471000,POINT (-93.5959722222222 42.0082222222222),e4116200-aacc-468d-8368-1f91c94220e4,USGS-05471000,4e657889-5467-d32c-e053-0100007f5dd3,225,1967-07-31T20:15:00+00:00,Imported Channel 1,30.3,ft^3/s,31.0,ft,31.1,ft^2,0.97,ft/s,,,Unspecified,Unspecified,Unspecified,Unspecified,Unspecified,Unknown,Wading,2026-07-08T18:15:47.402049+00:00,point_velocity,Unspecified
05471000,POINT (-93.5959722222222 42.0082222222222),e4866755-1932-4f82-8ff1-8547d3c781d7,USGS-05471000,5772d08a-e734-6d14-e053-0100007f7f84,648,2017-08-21T20:46:30+00:00,Sk Below,33.7,ft^3/s,70.0,ft,38.9,ft^2,0.87,ft/s,1000.00,ft,Soft,Sand,Uneven,Uneven,Standard,Unknown,Wading,2026-07-08T18:15:47.402049+00:00,point_velocity,Upstream
05471000,POINT (-93.5959722222222 42.0082222222222),e4f4244d-bb9c-40f4-9e1b-bce9c7bf8abc,USGS-05471000,9fc5363e-0b79-44a0-91e8-23abc4502616,698,2023-07-10T19:14:23+00:00,main,125,ft^3/s,78.0,ft,84.3,ft^2,1.48,ft/s,1050.00,ft,Firm,Sand,Even,Even,Uniform,Steady,Wading,2026-07-08T18:15:47.402049+00:00,point_velocity,Downstream
05471000,POINT (-93.5959722222222 42.0082222222222),e5457a6c-b140-4715-9e3a-71efae544d47,USGS-05471000,4e6578df-cebf-d362-e053-0100007f4afd,341,1974-10-08T13:30:00+00:00,Imported Channel 1,75.4,ft^3/s,82.0,ft,57.3,ft^2,1.32,ft/s,,,Unspecified,Unspecified,Unspecified,Unspecified,Unspecified,Unknown,Wading,2026-07-08T18:15:47.402049+00:00,point_velocity,Unspecified
05471000,POINT (-93.5959722222222 42.0082222222222),e5846975-38db-408c-b40d-9cb9f940fd34,USGS-05471000,4e657c66-6023-d5b8-e053-0100007f91e5,396,1979-03-15T16:10:00+00:00,Imported Channel 1,1300,ft^3/s,169,ft,522,ft^2,2.48,ft/s,,,Unspecified,Unspecified,Unspecified,Unspecified,Unspecified,Unknown,BridgeCrane,2026-07-08T18:15:47.402049+00:00,point_velocity,Unspecified
05471000,POINT (-93.5959722222222 42.0082222222222),e5f8c30b-7981-4b56-9e12-3b4654b868fb,USGS-05471000,4e6578e5-0790-d392-e053-0100007f831c,206,1966-05-24T12:00:00+00:00,Imported Channel 1,2870,ft^3/s,158,ft,1000,ft^2,2.87,ft/s,,,Unspecified,Unspecified,Unspecified,Unspecified,Unspecified,Unknown,BridgeCrane,2026-07-08T18:15:47.402049+00:00,point_velocity,Unspecified
05471000,POINT (-93.5959722222222 42.0082222222222),e61243b5-ab7c-48bb-8e3a-449b8b295b9b,USGS-05471000,4e657875-4197-d35c-e053-0100007f8d57,124,1961-02-21T17:15:00+00:00,Imported Channel 1,271,ft^3/s,92.0,ft,127,ft^2,2.14,ft/s,,,Unspecified,Unspecified,Unspecified,Unspecified,Unspecified,Unknown,Wading,2026-07-08T18:15:47.402049+00:00,point_velocity,Unspecified
05471000,POINT (-93.5959722222222 42.0082222222222),e69d87fe-6919-484e-a1a7-57f2b2d62401,USGS-05471000,4e656a94-781f-cc85-e053-0100007f1148,181,1964-11-04T22:35:00+00:00,Imported Channel 1,1.96,ft^3/s,13.0,ft,4.22,ft^2,0.46,ft/s,,,Unspecified,Unspecified,Unspecified,Unspecified,Unspecified,Unknown,Wading,2026-07-08T18:15:47.402049+00:00,point_velocity,Unspecified
05471000,POINT (-93.5959722222222 42.0082222222222),e6f61e8c-e0ab-4cf1-a1a6-9af3292e3eca,USGS-05471000,4e65646f-596c-c8ac-e053-0100007f8033,35,1954-06-11T11:45:00+00:00,Imported Channel 1,6290,ft^3/s,144,ft,1740,ft^2,3.61,ft/s,,,Unspecified,Unspecified,Unspecified,Unspecified,Unspecified,Unknown,BridgeCrane,2026-07-08T18:15:47.402049+00:00,point_velocity,Unspecified
05471000,POINT (-93.5959722222222 42.0082222222222),e97215d1-da31-4a77-8db2-d53fe62efac0,USGS-05471000,4e6571e8-38aa-cffc-e053-0100007fe6ba,50,1955-08-29T16:10:00+00:00,Imported Channel 1,6.16,ft^3/s,18.0,ft,17.1,ft^2,0.36,ft/s,,,Unspecified,Unspecified,Unspecified,Unspecified,Unspecified,Unknown,Wading,2026-07-08T18:15:47.402049+00:00,point_velocity,Unspecified
05471000,POINT (-93.5959722222222 42.0082222222222),e97c0166-1d54-4a17-a600-64da65098205,USGS-05471000,4e658fe6-bfb7-de12-e053-0100007f5d87,546,2007-02-14T15:07:00+00:00,Imported Channel 1,129,ft^3/s,140,ft,118,ft^2,1.09,ft/s,,,Unspecified,Unspecified,Unspecified,Unspecified,Unspecified,Unknown,Ice,2026-07-08T18:15:47.402049+00:00,point_velocity,Unspecified
05471000,POINT (-93.5959722222222 42.0082222222222),e9a7fdf8-8c59-4770-b86d-163e3d5eab87,USGS-05471000,4e65838b-6e95-d873-e053-0100007f9c4b,542,2006-07-25T21:55:00+00:00,Imported Channel 1,50.8,ft^3/s,91.0,ft,74.2,ft^2,0.69,ft/s,,,Unspecified,Unspecified,Unspecified,Unspecified,Unspecified,Unknown,Wading,2026-07-08T18:15:47.402049+00:00,point_velocity,Unspecified
05471000,POINT (-93.5959722222222 42.0082222222222),e9b31024-6fc0-4455-bce9-0aad0a6f2404,USGS-05471000,53fd4df0-a263-e533-e053-0100007fde11,647,2017-07-10T17:39:30+00:00,SK Below,119,ft^3/s,146,ft,113,ft^2,1.05,ft/s,500.00,ft,Soft,Sand,Uneven,Uneven,Standard,Unknown,Wading,2026-07-08T18:15:47.402049+00:00,point_velocity,Downstream
05471000,POINT (-93.5959722222222 42.0082222222222),e9f71f8e-0373-4be8-b4a8-dd143d809864,USGS-05471000,2199c097-ccef-46c2-a30e-83e958069fd1,685,2022-01-31T19:41:55+00:00,South Skunk Below Ames,18.6,ft^3/s,32.0,ft,34.0,ft^2,0.55,ft/s,500.00,ft,Firm,Sand,Even,Even,Standard,Steady,Wading,2026-07-08T18:15:47.402049+00:00,point_velocity,Downstream
05471000,POINT (-93.5959722222222 42.0082222222222),e9ff032f-571d-4d03-bdfa-9efb701b00f2,USGS-05471000,4e6566f5-d79c-caa8-e053-0100007f206d,13,1952-10-06T16:20:00+00:00,Imported Channel 1,1.76,ft^3/s,8.80,ft,2.21,ft^2,0.80,ft/s,,,Unspecified,Unspecified,Unspecified,Unspecified,Unspecified,Unknown,Wading,2026-07-08T18:15:47.402049+00:00,point_velocity,Unspecified
05471000,POINT (-93.5959722222222 42.0082222222222),eb47ad35-c768-4382-8aa9-42b311f376fc,USGS-05471000,4e658f09-cfe4-de81-e053-0100007f0d58,429,1994-04-15T13:30:00+00:00,Imported Channel 1,187,ft^3/s,155,ft,150,ft^2,1.25,ft/s,,,Unspecified,Unspecified,Unspecified,Unspecified,Unspecified,Unknown,Wading,2026-07-08T18:15:47.402049+00:00,point_velocity,Unspecified
05471000,POINT (-93.5959722222222 42.0082222222222),eb5908e7-abb5-49f1-90b7-0caf8c52ce5f,USGS-05471000,5f5a0335-ae62-4d33-9d96-d7b85cedc750,677,2021-01-21T19:49:00+00:00,05471000,15.0,ft^3/s,36.0,ft,14.8,ft^2,1.01,ft/s,300.00,ft,Firm,Sand,Even,Even,Uniform,Steady,Wading,2026-07-08T18:15:47.402049+00:00,point_velocity,Downstream
05471000,POINT (-93.5959722222222 42.0082222222222),ebdae28c-ee79-467d-84e2-c70665c90037,USGS-05471000,4e655934-f325-c381-e053-0100007f0ece,22,1953-06-01T15:50:00+00:00,Imported Channel 1,145,ft^3/s,80.0,ft,87.7,ft^2,1.65,ft/s,,,Unspecified,Unspecified,Unspecified,Unspecified,Unspecified,Unknown,Wading,2026-07-08T18:15:47.402049+00:00,point_velocity,Unspecified
05471000,POINT (-93.5959722222222 42.0082222222222),ebe39e6f-c78f-49eb-a7c4-a2eb9e8c7fca,USGS-05471000,4e656ec9-00b3-ce84-e053-0100007f668b,409,1992-02-13T19:00:00+00:00,Imported Channel 1,219,ft^3/s,114,ft,150,ft^2,1.31,ft/s,,,Unspecified,Unspecified,Unspecified,Unspecified,Unspecified,Unknown,Wading,2026-07-08T18:15:47.402049+00:00,point_velocity,Unspecified
05471000,POINT (-93.5959722222222 42.0082222222222),ec34c043-b317-4a4f-98aa-c57a3e8b280b,USGS-05471000,4e657be4-1dc6-d524-e053-0100007faf2a,404,1979-10-16T20:00:00+00:00,Imported Channel 1,46.9,ft^3/s,53.0,ft,32.9,ft^2,1.43,ft/s,,,Unspecified,Unspecified,Unspecified,Unspecified,Unspecified,Unknown,Wading,2026-07-08T18:15:47.402049+00:00,point_velocity,Unspecified
05471000,POINT (-93.5959722222222 42.0082222222222),ec37da82-ad4d-4282-9b26-0075809c0b6e,USGS-05471000,4e657fa5-efd1-d70a-e053-0100007f2945,391,1978-10-12T19:35:00+00:00,Imported Channel 1,279,ft^3/s,108,ft,177,ft^2,1.58,ft/s,,,Unspecified,Unspecified,Unspecified,Unspecified,Unspecified,Unknown,Wading,2026-07-08T18:15:47.402049+00:00,point_velocity,Unspecified
05471000,POINT (-93.5959722222222 42.0082222222222),ec3e6d6b-f50b-4328-bd40-8d26f61ca8a7,USGS-05471000,4e657bed-249c-d522-e053-0100007f6bae,405,1991-10-23T17:45:00+00:00,Imported Channel 1,11.0,ft^3/s,37.0,ft,12.4,ft^2,0.89,ft/s,,,Unspecified,Unspecified,Unspecified,Unspecified,Unspecified,Unknown,Wading,2026-07-08T18:15:47.402049+00:00,point_velocity,Unspecified
05471000,POINT (-93.5959722222222 42.0082222222222),ec6ec7b5-deb1-497e-b4fe-0e0c4e34974d,USGS-05471000,4e656a94-782b-cc85-e053-0100007f1148,218A,1967-02-06T17:25:00+00:00,Imported Channel 1,0.00,ft^3/s,28.0,ft,19.8,ft^2,0.00,ft/s,,,Unspecified,Unspecified,Unspecified,Unspecified,Unspecified,Unknown,Ice,2026-07-08T18:15:47.402049+00:00,point_velocity,Unspecified
05471000,POINT (-93.5959722222222 42.0082222222222),ecd76449-177c-4e42-9476-23761907d797,USGS-05471000,4e657c8d-2b93-d5b4-e053-0100007fd8fe,176,1964-06-23T20:30:00+00:00,Imported Channel 1,1760,ft^3/s,127,ft,624,ft^2,2.82,ft/s,,,Unspecified,Unspecified,Unspecified,Unspecified,Unspecified,Unknown,BridgeCrane,2026-07-08T18:15:47.402049+00:00,point_velocity,Unspecified
05471000,POINT (-93.5959722222222 42.0082222222222),ed428bae-abab-4f32-afa7-d0c002750e8d,USGS-05471000,4e6578c0-31f8-d360-e053-0100007f3217,476,1998-10-27T20:15:00+00:00,Imported Channel 1,130,ft^3/s,68.0,ft,90.8,ft^2,1.43,ft/s,,,Unspecified,Unspecified,Unspecified,Unspecified,Unspecified,Unknown,Wading,2026-07-08T18:15:47.402049+00:00,point_velocity,Unspecified
05471000,POINT (-93.5959722222222 42.0082222222222),ed450973-268a-4c1e-9d02-7e57523bd498,USGS-05471000,4e659441-1333-e079-e053-0100007ff337,612,2014-01-15T14:05:30+00:00,Skunk Below,0.00,ft^3/s,,,,,,,,ft,Unspecified,Unspecified,Unspecified,Unspecified,Unspecified,Unknown,Other,2026-07-08T18:15:47.402049+00:00,other_method,AtTheGage
05471000,POINT (-93.5959722222222 42.0082222222222),ed77124e-ac7c-4108-9384-46e6e4a0ad89,USGS-05471000,2da39a48-376f-4a3a-b9e5-0e8b9229fc21,703,2024-03-18T17:33:19+00:00,main,39.7,ft^3/s,18.6,ft,21.7,ft^2,1.83,ft/s,0.00,ft,Firm,Sand,Even,Even,Uniform,Steady,BridgeDownstreamSide,2026-07-08T18:15:47.402049+00:00,adcp,AtTheGage
05471000,POINT (-93.5959722222222 42.0082222222222),edc19c41-a03f-4496-9991-0756abbb7435,USGS-05471000,4e655f68-4b03-c667-e053-0100007f9e3c,235,1968-03-18T17:50:00+00:00,Imported Channel 1,18.3,ft^3/s,32.0,ft,22.4,ft^2,0.82,ft/s,,,Unspecified,Unspecified,Unspecified,Unspecified,Unspecified,Unknown,Wading,2026-07-08T18:15:47.402049+00:00,point_velocity,Unspecified
05471000,POINT (-93.5959722222222 42.0082222222222),eeeba887-2c79-475a-934c-b8d906935288,USGS-05471000,4e6579d3-3a97-d35a-e053-0100007f9217,355,1976-01-05T20:15:00+00:00,Imported Channel 1,5.38,ft^3/s,15.5,ft,11.5,ft^2,0.47,ft/s,,,Unspecified,Unspecified,Unspecified,Unspecified,Unspecified,Unknown,Wading,2026-07-08T18:15:47.402049+00:00,point_velocity,Unspecified
05471000,POINT (-93.5959722222222 42.0082222222222),ef281818-85ff-444a-94a4-20a48139f118,USGS-05471000,4e65a068-b467-e724-e053-0100007fae1d,565,2009-01-29T17:04:00+00:00,Imported Channel 1,91.5,ft^3/s,129,ft,84.6,ft^2,1.08,ft/s,,,Soft,Sand,Uneven,Unspecified,Unspecified,Unknown,Ice,2026-07-08T18:15:47.402049+00:00,point_velocity,AtTheGage
05471000,POINT (-93.5959722222222 42.0082222222222),ef87c7b9-74d3-4c9f-9106-27e0e01b15b9,USGS-05471000,4e658d54-759e-dd17-e053-0100007f243b,493,2001-02-14T14:30:00+00:00,Imported Channel 1,0.10,ft^3/s,4.40,ft,0.68,ft^2,0.15,ft/s,,,Unspecified,Unspecified,Unspecified,Unspecified,Unspecified,Unknown,Ice,2026-07-08T18:15:47.402049+00:00,point_velocity,Unspecified
05471000,POINT (-93.5959722222222 42.0082222222222),efaa2054-8dd8-40c5-b6c9-d0835c77b5c9,USGS-05471000,4e657fa5-efc1-d70a-e053-0100007f2945,257,1969-06-12T18:40:00+00:00,Imported Channel 1,1920,ft^3/s,148,ft,754,ft^2,2.55,ft/s,,,Unspecified,Unspecified,Unspecified,Unspecified,Unspecified,Unknown,BridgeCrane,2026-07-08T18:15:47.402049+00:00,point_velocity,Unspecified
05471000,POINT (-93.5959722222222 42.0082222222222),efc417ca-7984-4962-a525-7553b229f9bf,USGS-05471000,8593e836-8882-f3ce-e053-0100007f0f00,663,2019-04-02T19:41:54+00:00,Sk Blw,465,ft^3/s,94.5,ft,266,ft^2,1.75,ft/s,0.00,ft,Soft,Sand,Uneven,Uneven,Standard,Pulsating,BridgeDownstreamSide,2026-07-08T18:15:47.402049+00:00,adcp,AtTheGage
05471000,POINT (-93.5959722222222 42.0082222222222),efe2bc2b-7a32-4e9a-8c17-a677b498a126,USGS-05471000,4e6592d3-6847-e006-e053-0100007f65f2,512,2003-03-31T20:55:00+00:00,Imported Channel 1,93.4,ft^3/s,77.0,ft,67.9,ft^2,1.37,ft/s,,,Unspecified,Unspecified,Unspecified,Unspecified,Unspecified,Unknown,Wading,2026-07-08T18:15:47.402049+00:00,point_velocity,Unspecified
05471000,POINT (-93.5959722222222 42.0082222222222),f01beb06-8210-4761-824b-aaba840f7aa6,USGS-05471000,4e657822-81d2-d225-e053-0100007f5a56,232B,1968-01-17T16:10:00+00:00,Imported Channel 1,0.00,ft^3/s,17.0,ft,,,0.00,ft/s,,,Unspecified,Unspecified,Unspecified,Unspecified,Unspecified,Unknown,Ice,2026-07-08T18:15:47.402049+00:00,point_velocity,Unspecified
05471000,POINT (-93.5959722222222 42.0082222222222),f03fbf3b-d796-4e2d-987f-51c0a03f10bd,USGS-05471000,4e6573ca-c63e-d0a9-e053-0100007f81c9,188,1965-03-30T19:30:00+00:00,Imported Channel 1,427,ft^3/s,126,ft,210,ft^2,2.22,ft/s,,,Unspecified,Unspecified,Unspecified,Unspecified,Unspecified,Unknown,BridgeCrane,2026-07-08T18:15:47.402049+00:00,point_velocity,Unspecified
05471000,POINT (-93.5959722222222 42.0082222222222),f040a4ef-024e-4e2b-a081-d7b0cef54dce,USGS-05471000,4e65721e-2366-d01a-e053-0100007f22a5,82,1958-07-07T17:40:00+00:00,Imported Channel 1,1550,ft^3/s,140,ft,840,ft^2,1.84,ft/s,,,Unspecified,Unspecified,Unspecified,Unspecified,Unspecified,Unknown,BridgeCrane,2026-07-08T18:15:47.402049+00:00,point_velocity,Unspecified
05471000,POINT (-93.5959722222222 42.0082222222222),f068cfa3-ba19-4395-9487-f50d5eacb869,USGS-05471000,4e658b83-d08f-dc05-e053-0100007f867c,467,1997-12-15T22:10:00+00:00,Imported Channel 1,101,ft^3/s,99.0,ft,73.7,ft^2,1.37,ft/s,,,Unspecified,Unspecified,Unspecified,Unspecified,Unspecified,Unknown,Wading,2026-07-08T18:15:47.402049+00:00,point_velocity,Unspecified
05471000,POINT (-93.5959722222222 42.0082222222222),f110cbe6-086c-4476-9d99-932656d00c64,USGS-05471000,4e657c30-cc35-d55a-e053-0100007f0a77,506,2002-08-08T13:00:00+00:00,Imported Channel 1,105,ft^3/s,76.0,ft,71.1,ft^2,1.48,ft/s,,,Unspecified,Unspecified,Unspecified,Unspecified,Unspecified,Unknown,Wading,2026-07-08T18:15:47.402049+00:00,point_velocity,Unspecified
05471000,POINT (-93.5959722222222 42.0082222222222),f139e950-be47-441c-85b7-9c9612ac63b9,USGS-05471000,4e65aaa6-7be5-ebfc-e053-0100007fdc46,625,2015-03-23T19:04:00+00:00,Below,169,ft^3/s,146,ft,103,ft^2,1.63,ft/s,100.00,ft,Soft,Sand,Even,Even,Uniform,Unknown,Wading,2026-07-08T18:15:47.402049+00:00,point_velocity,Downstream
05471000,POINT (-93.5959722222222 42.0082222222222),f2011bf0-0d94-4323-bf51-0ab190a56498,USGS-05471000,4e657883-9d2d-d328-e053-0100007fa6f7,317,1973-04-12T18:55:00+00:00,Imported Channel 1,1300,ft^3/s,144,ft,600,ft^2,2.17,ft/s,,,Unspecified,Unspecified,Unspecified,Unspecified,Unspecified,Unknown,BridgeCrane,2026-07-08T18:15:47.402049+00:00,point_velocity,Unspecified
05471000,POINT (-93.5959722222222 42.0082222222222),f29b86b9-519d-41fd-84b9-23d033c3a61d,USGS-05471000,4e65a068-b470-e724-e053-0100007fae1d,577,2010-06-03T16:57:00+00:00,Imported Channel 1,380,ft^3/s,148,ft,232,ft^2,1.64,ft/s,1320.00,ft,Firm,Sand,Even,Even,Unspecified,Unknown,Wading,2026-07-08T18:15:47.402049+00:00,point_velocity,Upstream
05471000,POINT (-93.5959722222222 42.0082222222222),f2ab0d4a-fd88-43a0-836b-96230b4a8108,USGS-05471000,4e659c91-cf97-e347-e053-0100007f7169,619,2014-08-12T21:43:00+00:00,Below,64.9,ft^3/s,54.0,ft,58.4,ft^2,1.11,ft/s,500.00,ft,Firm,Sand,Even,Even,Uniform,Unknown,Wading,2026-07-08T18:15:47.402049+00:00,point_velocity,Downstream
05471000,POINT (-93.5959722222222 42.0082222222222),f2e6eb09-280d-404e-90df-41ffdb277f04,USGS-05471000,4e658a68-bd72-dc0f-e053-0100007f2be2,428,1994-03-18T15:50:00+00:00,Imported Channel 1,270,ft^3/s,162,ft,179,ft^2,1.51,ft/s,,,Unspecified,Unspecified,Unspecified,Unspecified,Unspecified,Unknown,Wading,2026-07-08T18:15:47.402049+00:00,point_velocity,Unspecified
05471000,POINT (-93.5959722222222 42.0082222222222),f2fbea91-ef39-4758-b04d-dca2291468bc,USGS-05471000,4e65a061-1ccc-e722-e053-0100007f75a1,632,2015-12-14T20:49:00+00:00,Sk. Below,8700,ft^3/s,257,ft,2480,ft^2,3.51,ft/s,1200.00,ft,Soft,Sand,Uneven,Uneven,Standard,Unknown,BridgeDownstreamSide,2026-07-08T18:15:47.402049+00:00,adcp,Upstream
05471000,POINT (-93.5959722222222 42.0082222222222),f32f1dd8-80bc-4fdc-af87-582e934972f7,USGS-05471000,4e655bec-2845-c4d9-e053-0100007f7ca7,157,1963-02-04T19:40:00+00:00,Imported Channel 1,3.43,ft^3/s,17.0,ft,6.40,ft^2,0.54,ft/s,,,Unspecified,Unspecified,Unspecified,Unspecified,Unspecified,Unknown,Wading,2026-07-08T18:15:47.402049+00:00,point_velocity,Unspecified
05471000,POINT (-93.5959722222222 42.0082222222222),f362c038-e811-4492-9524-67c143f45450,USGS-05471000,92ff3898-f96b-4a78-88d5-1838d12e379c,708,2024-11-18T20:33:09+00:00,main,114,ft^3/s,78.1,ft,127,ft^2,0.90,ft/s,0.00,ft,Firm,Sand,Even,Uneven,Uniform,Pulsating,BridgeDownstreamSide,2026-07-08T18:15:47.402049+00:00,adcp,AtTheGage
05471000,POINT (-93.5959722222222 42.0082222222222),f37301d2-7fce-4e14-a211-b44dde7252eb,USGS-05471000,88df9052-0c69-425d-e053-0100007fc164,664,2019-05-14T19:41:51+00:00,Sk. Blw,627,ft^3/s,92.3,ft,276,ft^2,2.27,ft/s,0.00,ft,Soft,Sand,Uneven,Uneven,Standard,Pulsating,BridgeDownstreamSide,2026-07-08T18:15:47.402049+00:00,adcp,AtTheGage
05471000,POINT (-93.5959722222222 42.0082222222222),f3c8fea4-946e-4b06-8726-096e2d00bd1d,USGS-05471000,4e657fff-2655-d706-e053-0100007fd205,296,1971-07-29T19:05:00+00:00,Imported Channel 1,32.8,ft^3/s,61.0,ft,56.0,ft^2,0.59,ft/s,,,Unspecified,Unspecified,Unspecified,Unspecified,Unspecified,Unknown,Wading,2026-07-08T18:15:47.402049+00:00,point_velocity,Unspecified
05471000,POINT (-93.5959722222222 42.0082222222222),f4c8dd89-1ecf-4086-a3d7-51fca88ba6bc,USGS-05471000,4e65585f-71c4-c2ed-e053-0100007f28b3,68,1957-06-17T17:00:00+00:00,Imported Channel 1,4100,ft^3/s,142,ft,1650,ft^2,2.39,ft/s,,,Unspecified,Unspecified,Unspecified,Unspecified,Unspecified,Unknown,BridgeCrane,2026-07-08T18:15:47.402049+00:00,point_velocity,Unspecified
05471000,POINT (-93.5959722222222 42.0082222222222),f5044938-07bd-4342-938f-ba842ce37dbd,USGS-05471000,4e659c82-1192-e54d-e053-0100007ffcdc,591,2011-10-12T14:28:30+00:00,Imported Channel 1,0.17,ft^3/s,9.00,ft,1.10,ft^2,0.16,ft/s,1500.00,ft,Firm,Sand,Unspecified,Even,Unspecified,Unknown,Wading,2026-07-08T18:15:47.402049+00:00,point_velocity,Upstream
05471000,POINT (-93.5959722222222 42.0082222222222),f55980d8-c15c-4432-9a30-57a933b6019a,USGS-05471000,4e6569f1-f9dc-cc45-e053-0100007f7407,154,1962-11-26T19:35:00+00:00,Imported Channel 1,35.9,ft^3/s,65.0,ft,382,ft^2,0.94,ft/s,,,Unspecified,Unspecified,Unspecified,Unspecified,Unspecified,Unknown,Wading,2026-07-08T18:15:47.402049+00:00,point_velocity,Unspecified
05471000,POINT (-93.5959722222222 42.0082222222222),f5f9292f-9cd1-4ac9-9410-905968b8d39d,USGS-05471000,4e657883-9d2e-d328-e053-0100007fa6f7,323,1973-09-29T21:20:00+00:00,Imported Channel 1,3400,ft^3/s,182,ft,1560,ft^2,2.18,ft/s,,,Unspecified,Unspecified,Unspecified,Unspecified,Unspecified,Unknown,BridgeCrane,2026-07-08T18:15:47.402049+00:00,point_velocity,Unspecified
05471000,POINT (-93.5959722222222 42.0082222222222),f64f8927-7029-456f-a71b-07fc73e1ee5a,USGS-05471000,4e657622-3ec0-d195-e053-0100007fa0d4,39,1954-10-04T17:00:00+00:00,Imported Channel 1,530,ft^3/s,113,ft,321,ft^2,1.65,ft/s,,,Unspecified,Unspecified,Unspecified,Unspecified,Unspecified,Unknown,BridgeCrane,2026-07-08T18:15:47.402049+00:00,point_velocity,Unspecified
05471000,POINT (-93.5959722222222 42.0082222222222),f6b1a832-12ae-4bc0-a88a-60e26b09b949,USGS-05471000,4e65839c-697a-d8ab-e053-0100007f5a3a,354,1975-11-24T20:55:00+00:00,Imported Channel 1,20.1,ft^3/s,43.0,ft,22.5,ft^2,0.89,ft/s,,,Unspecified,Unspecified,Unspecified,Unspecified,Unspecified,Unknown,Wading,2026-07-08T18:15:47.402049+00:00,point_velocity,Unspecified
05471000,POINT (-93.5959722222222 42.0082222222222),f7e5d7d1-4d8c-4b8f-9c55-a733f49edfc1,USGS-05471000,4e658751-97c9-da71-e053-0100007f7d60,640,2016-09-19T20:48:30+00:00,05471000,869,ft^3/s,109,ft,366,ft^2,2.37,ft/s,1320.00,ft,Firm,Gravel,Uneven,Unspecified,Unknown,Unknown,BridgeDownstreamSide,2026-07-08T18:15:47.402049+00:00,adcp,Upstream
05471000,POINT (-93.5959722222222 42.0082222222222),f8866295-b1ab-42db-bce3-628d70a5c70c,USGS-05471000,a1926000-655c-453e-bc77-65032e8b898e,717,2026-03-23T18:13:14+00:00,main,447,ft^3/s,89.7,ft,230,ft^2,1.95,ft/s,0.00,ft,Firm,Sand,Even,Even,Uniform,Steady,BridgeDownstreamSide,2026-07-08T18:15:47.402049+00:00,adcp,AtTheGage
05471000,POINT (-93.5959722222222 42.0082222222222),f8f9c68a-e118-4794-b911-05dabbe14bd3,USGS-05471000,4e656ac3-4424-cc83-e053-0100007f0bf2,217A,1967-01-12T21:45:00+00:00,Imported Channel 1,0.00,ft^3/s,,,,,,,,ft,Unspecified,Unspecified,Unspecified,Unspecified,Unspecified,Unknown,Unspecified,2026-07-08T18:15:47.402049+00:00,other_method,Unspecified
05471000,POINT (-93.5959722222222 42.0082222222222),f91bec90-e593-4ccf-bbc9-6238b94628e9,USGS-05471000,4e659b33-186d-e45e-e053-0100007fb5f1,645,2017-04-17T19:21:49+00:00,Below,1040,ft^3/s,193,ft,577,ft^2,1.81,ft/s,800.00,ft,Soft,Sand,Uneven,Uneven,Standard,Unknown,BridgeDownstreamSide,2026-07-08T18:15:47.402049+00:00,adcp,Upstream
05471000,POINT (-93.5959722222222 42.0082222222222),f99c9d34-3a08-4419-bc8b-44ec98ecff2d,USGS-05471000,4e657902-85b3-d366-e053-0100007f7d62,340,1974-08-19T18:15:00+00:00,Imported Channel 1,352,ft^3/s,134,ft,185,ft^2,1.90,ft/s,,,Unspecified,Unspecified,Unspecified,Unspecified,Unspecified,Unknown,Wading,2026-07-08T18:15:47.402049+00:00,point_velocity,Unspecified
05471000,POINT (-93.5959722222222 42.0082222222222),fa5c6f21-4a2c-453f-a009-a398ade55646,USGS-05471000,4e65920f-ab08-dfde-e053-0100007ffacf,454,1996-06-18T16:20:00+00:00,Imported Channel 1,10700,ft^3/s,302,ft,3200,ft^2,3.34,ft/s,,,Unspecified,Unspecified,Unspecified,Unspecified,Unspecified,Unknown,BridgeCrane,2026-07-08T18:15:47.402049+00:00,point_velocity,Unspecified
05471000,POINT (-93.5959722222222 42.0082222222222),fc17b66a-59dc-40fa-95fe-05bdb3736755,USGS-05471000,6892ddf7-2863-a818-e053-0100007f3e56,653,2018-03-28T12:18:01+00:00,Sk Below,915,ft^3/s,69.0,ft,183,ft^2,5.01,ft/s,0.00,ft,Soft,Sand,Uneven,Uneven,Standard,Pulsating,BridgeUpstreamSide,2026-07-08T18:15:47.402049+00:00,adcp,AtTheGage
05471000,POINT (-93.5959722222222 42.0082222222222),fca9d4f5-2d31-43d4-aaf3-423fd7a5d621,USGS-05471000,4e659239-f47b-dffa-e053-0100007f7f6d,501,2002-01-24T15:20:00+00:00,Imported Channel 1,30.6,ft^3/s,73.0,ft,49.9,ft^2,0.61,ft/s,,,Unspecified,Unspecified,Unspecified,Unspecified,Unspecified,Unknown,Ice,2026-07-08T18:15:47.402049+00:00,point_velocity,Unspecified
05471000,POINT (-93.5959722222222 42.0082222222222),fce2ceff-34a6-4999-b2e6-09eee5ff9087,USGS-05471000,6eb451cd-ed6f-d72b-e053-0100007fb977,657,2018-06-15T17:00:13+00:00,05471000,9670,ft^3/s,226,ft,2280,ft^2,4.24,ft/s,0.00,ft,Firm,Gravel,Even,Even,Uniform,Steady,BridgeDownstreamSide,2026-07-08T18:15:47.402049+00:00,adcp,AtTheGage
05471000,POINT (-93.5959722222222 42.0082222222222),fd5a2e2b-d50a-4e0c-97b0-958f95aa11ee,USGS-05471000,4e6578c9-6213-d38a-e053-0100007f622f,267,1970-03-02T18:05:00+00:00,Imported Channel 1,261,ft^3/s,110,ft,141,ft^2,1.85,ft/s,,,Unspecified,Unspecified,Unspecified,Unspecified,Unspecified,Unknown,Wading,2026-07-08T18:15:47.402049+00:00,point_velocity,Unspecified
05471000,POINT (-93.5959722222222 42.0082222222222),fd6a9022-3600-45d2-9df9-408bebfdf28c,USGS-05471000,4e659c5c-d909-e547-e053-0100007f6a26,575,2010-03-11T14:48:00+00:00,Imported Channel 1,6160,ft^3/s,219,ft,1900,ft^2,3.24,ft/s,660.00,ft,Firm,Sand,Even,Even,Unspecified,Unknown,BridgeDownstreamSide,2026-07-08T18:15:47.402049+00:00,adcp,Upstream
05471000,POINT (-93.5959722222222 42.0082222222222),fd7bc538-94de-4103-a102-fbb28215f039,USGS-05471000,4e65876c-e236-da97-e053-0100007f37cf,567,2009-05-27T19:22:00+00:00,Imported Channel 1,5370,ft^3/s,220,ft,1800,ft^2,2.99,ft/s,1320.00,ft,Firm,Sand,Even,Even,Unspecified,Unknown,BridgeDownstreamSide,2026-07-08T18:15:47.402049+00:00,adcp,Upstream
05471000,POINT (-93.5959722222222 42.0082222222222),fdb82e97-928c-4002-a042-aea02b3bad68,USGS-05471000,4e65a346-2943-e848-e053-0100007f9b64,630,2015-10-14T13:23:30+00:00,"South Skunk.Below Squwa.Cr. @ Ames, IA",344,ft^3/s,140,ft,298,ft^2,1.16,ft/s,300.00,ft,Firm,Sand,Even,Even,Uniform,Unknown,Wading,2026-07-08T18:15:47.402049+00:00,point_velocity,Upstream
05471000,POINT (-93.5959722222222 42.0082222222222),fe3badc2-4b61-42dd-8193-2d724bf254b5,USGS-05471000,4e658736-258b-da5b-e053-0100007f8815,507,2002-09-25T18:05:00+00:00,Imported Channel 1,39.6,ft^3/s,50.0,ft,39.7,ft^2,1.00,ft/s,,,Unspecified,Unspecified,Unspecified,Unspecified,Unspecified,Unknown,Wading,2026-07-08T18:15:47.402049+00:00,point_velocity,Unspecified
05471000,POINT (-93.5959722222222 42.0082222222222),ff4ef67c-1109-4892-a18f-dd1f8868db2a,USGS-05471000,4e6570f9-e5b6-cf85-e053-0100007fd1b1,233,1968-02-07T18:05:00+00:00,Imported Channel 1,2.71,ft^3/s,31.0,ft,14.5,ft^2,0.19,ft/s,,,Unspecified,Unspecified,Unspecified,Unspecified,Unspecified,Unknown,Ice,2026-07-08T18:15:47.402049+00:00,point_velocity,Unspecified
05471000,POINT (-93.5959722222222 42.0082222222222),ff9a7588-00cd-4e63-a4f9-65aa7d6e8d94,USGS-05471000,94fa5dff-a968-5ac3-e053-0100007f41ab,668,2019-10-15T19:21:34+00:00,Sk Blw,725,ft^3/s,97.2,ft,313,ft^2,2.31,ft/s,0.00,ft,Soft,Sand,Uneven,Uneven,Standard,Pulsating,BridgeDownstreamSide,2026-07-08T18:15:47.402049+00:00,adcp,AtTheGage
