site_id,geometry,id,monitoring_location_id,field_visit_id,measurement_number,time,channel_name,channel_flow,channel_flow_unit,channel_width,channel_width_unit,channel_area,channel_area_unit,channel_velocity,channel_velocity_unit,channel_location_distance,channel_location_distance_unit,channel_stability,channel_material,channel_evenness,horizontal_velocity_description,vertical_velocity_description,longitudinal_velocity_description,measurement_type,last_modified,channel_measurement_type,channel_location_direction
05472500,POINT (-92.2046222222222 41.3008444444444),001080b0-d7ad-4413-befc-fba38862329d,USGS-05472500,4e65995b-dfa7-e397-e053-0100007f67e7,347,1972-06-28T05:00:00+00:00,Imported Channel 1,354,ft^3/s,88.0,ft,224,ft^2,1.58,ft/s,,,Unspecified,Unspecified,Unspecified,Unspecified,Unspecified,Unknown,Unspecified,2026-07-01T16:35:28.854214+00:00,point_velocity,Unspecified
05472500,POINT (-92.2046222222222 41.3008444444444),00f0f1ec-fe36-44c4-9b8f-70b072fd68e9,USGS-05472500,4e658788-3282-da6f-e053-0100007f0b10,92,1952-09-08T06:00:00+00:00,Imported Channel 1,194,ft^3/s,81.0,ft,96.8,ft^2,2.00,ft/s,,,Unspecified,Unspecified,Unspecified,Unspecified,Unspecified,Unknown,Unspecified,2026-07-01T16:35:28.854214+00:00,point_velocity,Unspecified
05472500,POINT (-92.2046222222222 41.3008444444444),0167d4eb-b3e2-4215-af5c-f26601a6aa47,USGS-05472500,4e65839c-6972-d8ab-e053-0100007f5a3a,612,2000-02-14T13:50:00+00:00,Imported Channel 1,49.2,ft^3/s,51.0,ft,42.1,ft^2,1.17,ft/s,,,Unspecified,Unspecified,Unspecified,Unspecified,Unspecified,Unknown,Wading,2026-07-01T16:35:28.854214+00:00,point_velocity,Unspecified
05472500,POINT (-92.2046222222222 41.3008444444444),016c28ab-1bd2-41e8-b3eb-a45a1808e783,USGS-05472500,4e65aabb-da68-ec18-e053-0100007fc435,712,2012-03-22T22:21:00+00:00,Main,248,ft^3/s,82.0,ft,140,ft^2,1.77,ft/s,,,Firm,Sand,Even,Even,Standard,Unknown,Wading,2026-07-01T16:35:28.854214+00:00,point_velocity,AtTheGage
05472500,POINT (-92.2046222222222 41.3008444444444),0173845d-6802-453e-964b-3c759f0ab36b,USGS-05472500,4e656deb-8a88-cdbf-e053-0100007fba32,694,2009-11-17T15:37:00+00:00,Imported Channel 1,1250,ft^3/s,117,ft,603,ft^2,2.07,ft/s,15.00,ft,Firm,Sand,Even,Uneven,Unspecified,Unknown,MannedMovingBoat,2026-07-01T16:35:28.854214+00:00,adcp,Downstream
05472500,POINT (-92.2046222222222 41.3008444444444),018580f3-2efb-44b2-bb1e-0819da99ff7d,USGS-05472500,92a3a70a-1325-44d0-b9c6-1e1af24c5797,794,2023-07-19T23:42:29+00:00,Main,79.7,ft^3/s,90.0,ft,86.4,ft^2,0.92,ft/s,30.00,ft,Firm,Cobbles,Uneven,Uneven,Unknown,Steady,Wading,2026-07-01T16:35:28.854214+00:00,point_velocity,Downstream
05472500,POINT (-92.2046222222222 41.3008444444444),01dd054f-10af-420a-bef5-55aadf3824b5,USGS-05472500,4e65871e-65cc-da41-e053-0100007f0654,257,1965-02-23T06:00:00+00:00,Imported Channel 1,499,ft^3/s,80.0,ft,534,ft^2,0.93,ft/s,,,Unspecified,Unspecified,Unspecified,Unspecified,Unspecified,Unknown,Unspecified,2026-07-01T16:35:28.854214+00:00,point_velocity,Unspecified
05472500,POINT (-92.2046222222222 41.3008444444444),024684e7-d635-47b3-924e-30cd0adf9904,USGS-05472500,4e657ceb-f250-d5b6-e053-0100007fd3f5,705,2011-05-10T15:21:00+00:00,Imported Channel 1,527,ft^3/s,74.6,ft,198,ft^2,2.66,ft/s,20.00,ft,Firm,BedrockLedgeArtificial,Even,Even,Unspecified,Unknown,BridgeDownstreamSide,2026-07-01T16:35:28.854214+00:00,adcp,Downstream
05472500,POINT (-92.2046222222222 41.3008444444444),02830a1a-0961-4737-b4ad-de3a517aebcc,USGS-05472500,4e6575d6-685c-d1af-e053-0100007f1433,466,1985-08-05T05:00:00+00:00,Imported Channel 1,28.4,ft^3/s,52.0,ft,52.0,ft^2,0.55,ft/s,,,Unspecified,Unspecified,Unspecified,Unspecified,Unspecified,Unknown,Wading,2026-07-01T16:35:28.854214+00:00,point_velocity,Unspecified
05472500,POINT (-92.2046222222222 41.3008444444444),02d24a16-a8f0-4b93-ba0a-20afee99967f,USGS-05472500,4e659239-f459-dffa-e053-0100007f7f6d,106,1953-11-19T06:00:00+00:00,Imported Channel 1,5.47,ft^3/s,10.5,ft,3.39,ft^2,1.61,ft/s,,,Unspecified,Unspecified,Unspecified,Unspecified,Unspecified,Unknown,Unspecified,2026-07-01T16:35:28.854214+00:00,point_velocity,Unspecified
05472500,POINT (-92.2046222222222 41.3008444444444),02d36b47-adb4-4a34-94c9-e37799f26d83,USGS-05472500,4e65995b-df8c-e397-e053-0100007f67e7,251,1964-10-01T06:00:00+00:00,Imported Channel 1,37.9,ft^3/s,40.0,ft,41.2,ft^2,0.92,ft/s,,,Unspecified,Unspecified,Unspecified,Unspecified,Unspecified,Unknown,Unspecified,2026-07-01T16:35:28.854214+00:00,point_velocity,Unspecified
05472500,POINT (-92.2046222222222 41.3008444444444),033e34c8-7064-443e-bb54-50ea34b9d299,USGS-05472500,4e6581f7-9c11-d714-e053-0100007fc55d,115,1954-08-16T06:00:00+00:00,Imported Channel 1,11.8,ft^3/s,38.0,ft,15.2,ft^2,0.78,ft/s,,,Unspecified,Unspecified,Unspecified,Unspecified,Unspecified,Unknown,Unspecified,2026-07-01T16:35:28.854214+00:00,point_velocity,Unspecified
05472500,POINT (-92.2046222222222 41.3008444444444),03a27f68-628d-417e-b061-eac9276306a6,USGS-05472500,4e65835f-513a-d8a9-e053-0100007f4ab1,673,2007-03-15T21:39:00+00:00,Imported Channel 1,3890,ft^3/s,137,ft,1440,ft^2,2.71,ft/s,,ft,Unspecified,Unspecified,Unspecified,Unspecified,Unspecified,Unknown,Unspecified,2026-07-01T16:35:28.854214+00:00,adcp,Unspecified
05472500,POINT (-92.2046222222222 41.3008444444444),03a9d924-abb3-4c56-b678-f2a28065b2b4,USGS-05472500,4e657c66-600e-d5b8-e053-0100007f91e5,560,1994-05-04T15:40:00+00:00,Imported Channel 1,169,ft^3/s,69.5,ft,123,ft^2,1.37,ft/s,,,Unspecified,Unspecified,Unspecified,Unspecified,Unspecified,Unknown,Wading,2026-07-01T16:35:28.854214+00:00,point_velocity,Unspecified
05472500,POINT (-92.2046222222222 41.3008444444444),03c29aff-5ba4-4a9b-b67d-0fb34441777b,USGS-05472500,4e659298-7537-e07f-e053-0100007f539c,179,1959-07-27T06:00:00+00:00,Imported Channel 1,132,ft^3/s,65.0,ft,105,ft^2,1.26,ft/s,,,Unspecified,Unspecified,Unspecified,Unspecified,Unspecified,Unknown,Unspecified,2026-07-01T16:35:28.854214+00:00,point_velocity,Unspecified
05472500,POINT (-92.2046222222222 41.3008444444444),03e10069-bebb-49dd-a385-5b3128e8a3f3,USGS-05472500,4e65a3eb-2edb-e8a2-e053-0100007fec97,741,2015-12-17T21:20:00+00:00,main,7720,ft^3/s,354,ft,2540,ft^2,3.05,ft/s,10.00,ft,Soft,Sand,Even,Uneven,NonStandard,Unknown,BridgeUpstreamSide,2026-07-01T16:35:28.854214+00:00,adcp,Downstream
05472500,POINT (-92.2046222222222 41.3008444444444),03e5b8d3-7f6a-4b09-a44e-ec60f342a67c,USGS-05472500,4e658af9-7a2a-dc94-e053-0100007f84a6,374,1975-04-14T05:00:00+00:00,Imported Channel 1,723,ft^3/s,95.0,ft,476,ft^2,1.52,ft/s,,,Unspecified,Unspecified,Unspecified,Unspecified,Unspecified,Unknown,Unspecified,2026-07-01T16:35:28.854214+00:00,point_velocity,Unspecified
05472500,POINT (-92.2046222222222 41.3008444444444),03ee3949-8c62-44b8-9e03-22530f5928a7,USGS-05472500,4e657fff-2679-d706-e053-0100007fd205,204,1961-05-22T06:00:00+00:00,Imported Channel 1,163,ft^3/s,73.0,ft,96.4,ft^2,1.69,ft/s,,,Unspecified,Unspecified,Unspecified,Unspecified,Unspecified,Unknown,Unspecified,2026-07-01T16:35:28.854214+00:00,point_velocity,Unspecified
05472500,POINT (-92.2046222222222 41.3008444444444),03f17953-c67a-4c49-8709-6b4de66d1c0a,USGS-05472500,4e656a76-d7e5-cc6d-e053-0100007fea3d,490,1988-04-07T14:45:00+00:00,Imported Channel 1,286,ft^3/s,92.0,ft,194,ft^2,1.50,ft/s,,,Unspecified,Unspecified,Unspecified,Unspecified,Unspecified,Unknown,BridgeCrane,2026-07-01T16:35:28.854214+00:00,point_velocity,Unspecified
05472500,POINT (-92.2046222222222 41.3008444444444),03f6b256-4fa0-4f2a-922f-68e4517487b9,USGS-05472500,4e658e08-d6e4-de10-e053-0100007f791c,399,1977-10-13T05:00:00+00:00,Imported Channel 1,247,ft^3/s,66.0,ft,108,ft^2,2.29,ft/s,,,Unspecified,Unspecified,Unspecified,Unspecified,Unspecified,Unknown,Unspecified,2026-07-01T16:35:28.854214+00:00,point_velocity,Unspecified
05472500,POINT (-92.2046222222222 41.3008444444444),044de8b0-a390-4bd2-9c7d-3acfdd70ea5a,USGS-05472500,4e65713a-f91c-cf8a-e053-0100007fca45,38,1947-12-17T06:00:00+00:00,Imported Channel 1,88.7,ft^3/s,71.0,ft,79.6,ft^2,1.11,ft/s,,,Unspecified,Unspecified,Unspecified,Unspecified,Unspecified,Unknown,Unspecified,2026-07-01T16:35:28.854214+00:00,point_velocity,Unspecified
05472500,POINT (-92.2046222222222 41.3008444444444),0467b4bf-676c-4c4e-8d2f-d7794cf817b9,USGS-05472500,4e657ceb-f256-d5b6-e053-0100007fd3f5,57,1949-07-19T06:00:00+00:00,Imported Channel 1,63.3,ft^3/s,59.0,ft,93.6,ft^2,0.68,ft/s,,,Unspecified,Unspecified,Unspecified,Unspecified,Unspecified,Unknown,Unspecified,2026-07-01T16:35:28.854214+00:00,point_velocity,Unspecified
05472500,POINT (-92.2046222222222 41.3008444444444),04bfa50d-4c29-4fca-922f-a021f12cfb72,USGS-05472500,4e65784e-2dab-d32e-e053-0100007f404c,500,1989-03-21T15:30:00+00:00,Imported Channel 1,57.5,ft^3/s,24.0,ft,31.1,ft^2,1.85,ft/s,,,Unspecified,Unspecified,Unspecified,Unspecified,Unspecified,Unknown,Wading,2026-07-01T16:35:28.854214+00:00,point_velocity,Unspecified
05472500,POINT (-92.2046222222222 41.3008444444444),057f0408-37c6-400c-98b1-ea389792425f,USGS-05472500,4e65876c-e212-da97-e053-0100007f37cf,1,1945-09-21T05:00:00+00:00,Imported Channel 1,22.6,ft^3/s,71.0,ft,124,ft^2,0.18,ft/s,,,Unspecified,Unspecified,Unspecified,Unspecified,Unspecified,Unknown,Unspecified,2026-07-01T16:35:28.854214+00:00,point_velocity,Unspecified
05472500,POINT (-92.2046222222222 41.3008444444444),0632f0a3-10b6-486c-8c44-66d98160e269,USGS-05472500,4e6591ef-b9e1-dfc8-e053-0100007f8f8e,227,1962-11-26T06:00:00+00:00,Imported Channel 1,66.6,ft^3/s,63.0,ft,61.4,ft^2,1.08,ft/s,,,Unspecified,Unspecified,Unspecified,Unspecified,Unspecified,Unknown,Unspecified,2026-07-01T16:35:28.854214+00:00,point_velocity,Unspecified
05472500,POINT (-92.2046222222222 41.3008444444444),064327a3-d946-425c-8acc-833de63b7e8a,USGS-05472500,4e656a26-ee65-cc4d-e053-0100007f4bc9,208,1961-08-31T06:00:00+00:00,Imported Channel 1,64.4,ft^3/s,62.0,ft,96.2,ft^2,0.67,ft/s,,,Unspecified,Unspecified,Unspecified,Unspecified,Unspecified,Unknown,Unspecified,2026-07-01T16:35:28.854214+00:00,point_velocity,Unspecified
05472500,POINT (-92.2046222222222 41.3008444444444),064eca9b-5118-4902-bb31-028597aa66c2,USGS-05472500,4e6595ce-44c2-e1bb-e053-0100007f099a,405,1978-03-21T06:00:00+00:00,Imported Channel 1,2980,ft^3/s,116,ft,1290,ft^2,2.31,ft/s,,,Unspecified,Unspecified,Unspecified,Unspecified,Unspecified,Unknown,Unspecified,2026-07-01T16:35:28.854214+00:00,point_velocity,Unspecified
05472500,POINT (-92.2046222222222 41.3008444444444),06ff8096-8708-49c1-ba3a-813a74462bed,USGS-05472500,4e65aaa6-7bed-ebfc-e053-0100007fdc46,750,2017-03-14T20:31:37+00:00,MAIN,223,ft^3/s,101,ft,198,ft^2,1.12,ft/s,50.00,ft,Firm,Sand,Even,Uneven,NonStandard,Unknown,BridgeDownstreamSide,2026-07-01T16:35:28.854214+00:00,adcp,Upstream
05472500,POINT (-92.2046222222222 41.3008444444444),08914485-ed9b-43ba-af95-3269072227fe,USGS-05472500,4e658789-48f4-daa3-e053-0100007f15b5,175,1959-05-23T06:00:00+00:00,Imported Channel 1,2280,ft^3/s,108,ft,913,ft^2,2.49,ft/s,,,Unspecified,Unspecified,Unspecified,Unspecified,Unspecified,Unknown,Unspecified,2026-07-01T16:35:28.854214+00:00,point_velocity,Unspecified
05472500,POINT (-92.2046222222222 41.3008444444444),08e39ea4-b005-4374-abd6-05d9092c9f7c,USGS-05472500,4e657ca1-f440-d54e-e053-0100007f2424,463,1985-04-01T06:00:00+00:00,Imported Channel 1,719,ft^3/s,90.0,ft,364,ft^2,1.98,ft/s,,,Unspecified,Unspecified,Unspecified,Unspecified,Unspecified,Unknown,BridgeCrane,2026-07-01T16:35:28.854214+00:00,point_velocity,Unspecified
05472500,POINT (-92.2046222222222 41.3008444444444),09191704-12b5-4a92-88a8-12fd9082d21b,USGS-05472500,e358d338-9dc6-4fbe-8420-138048da84e1,771,2020-03-02T14:41:33+00:00,Main,539,ft^3/s,113,ft,402,ft^2,1.34,ft/s,20.00,ft,Firm,SiltMud,Uneven,Even,NonStandard,Steady,BridgeDownstreamSide,2026-07-01T16:35:28.854214+00:00,adcp,Upstream
05472500,POINT (-92.2046222222222 41.3008444444444),092aabe6-bcf0-4339-a58c-02f75d426ff4,USGS-05472500,4e6571ec-9c0c-d01c-e053-0100007f5df2,471,1986-03-17T06:00:00+00:00,Imported Channel 1,864,ft^3/s,85.0,ft,443,ft^2,1.95,ft/s,,,Unspecified,Unspecified,Unspecified,Unspecified,Unspecified,Unknown,BridgeCrane,2026-07-01T16:35:28.854214+00:00,point_velocity,Unspecified
05472500,POINT (-92.2046222222222 41.3008444444444),0989ee48-4023-4b45-97e9-f02ce3141ed9,USGS-05472500,4e658c9b-bc6d-dd19-e053-0100007f99f3,168,1958-10-21T06:00:00+00:00,Imported Channel 1,45.2,ft^3/s,57.0,ft,87.0,ft^2,0.52,ft/s,,,Unspecified,Unspecified,Unspecified,Unspecified,Unspecified,Unknown,Unspecified,2026-07-01T16:35:28.854214+00:00,point_velocity,Unspecified
05472500,POINT (-92.2046222222222 41.3008444444444),09d9d12b-6017-4867-832c-82cc884fcf5e,USGS-05472500,4e65a04e-9da3-e6f2-e053-0100007f3904,326,1970-04-21T06:00:00+00:00,Imported Channel 1,873,ft^3/s,95.0,ft,491,ft^2,1.78,ft/s,,,Unspecified,Unspecified,Unspecified,Unspecified,Unspecified,Unknown,Unspecified,2026-07-01T16:35:28.854214+00:00,point_velocity,Unspecified
05472500,POINT (-92.2046222222222 41.3008444444444),0a0e19ab-2c64-4dd5-8715-2712b95591ff,USGS-05472500,4e657850-b63f-d334-e053-0100007fc8f4,637,2003-01-02T15:15:00+00:00,Imported Channel 1,64.3,ft^3/s,33.0,ft,54.0,ft^2,1.19,ft/s,,,Unspecified,Unspecified,Unspecified,Unspecified,Unspecified,Unknown,Wading,2026-07-01T16:35:28.854214+00:00,point_velocity,Unspecified
05472500,POINT (-92.2046222222222 41.3008444444444),0a20dfe1-c573-4464-9cb4-8097c20149ed,USGS-05472500,4e658730-b740-da3b-e053-0100007f1978,314,1969-05-19T05:00:00+00:00,Imported Channel 1,326,ft^3/s,87.0,ft,258,ft^2,1.26,ft/s,,,Unspecified,Unspecified,Unspecified,Unspecified,Unspecified,Unknown,Unspecified,2026-07-01T16:35:28.854214+00:00,point_velocity,Unspecified
05472500,POINT (-92.2046222222222 41.3008444444444),0a2856b7-3c36-4385-a5c0-3f19035a39c6,USGS-05472500,4e656a76-d7e0-cc6d-e053-0100007fea3d,480,1987-03-16T15:40:00+00:00,Imported Channel 1,381,ft^3/s,65.0,ft,135,ft^2,2.82,ft/s,,,Unspecified,Unspecified,Unspecified,Unspecified,Unspecified,Unknown,BridgeCrane,2026-07-01T16:35:28.854214+00:00,point_velocity,Unspecified
05472500,POINT (-92.2046222222222 41.3008444444444),0a3be4d9-edc4-4bd7-8fd9-874cf8ec9c9a,USGS-05472500,4e658789-4929-daa3-e053-0100007f15b5,364,1974-05-01T05:00:00+00:00,Imported Channel 1,9710,ft^3/s,385,ft,1810,ft^2,5.36,ft/s,,,Unspecified,Unspecified,Unspecified,Unspecified,Unspecified,Unknown,Unspecified,2026-07-01T16:35:28.854214+00:00,point_velocity,Unspecified
05472500,POINT (-92.2046222222222 41.3008444444444),0a432c78-6ec0-416d-98c2-89f8f21ae59d,USGS-05472500,4e658a60-1569-dc13-e053-0100007fb60f,108,1954-01-22T06:00:00+00:00,Imported Channel 1,2.01,ft^3/s,10.0,ft,3.16,ft^2,0.64,ft/s,,,Unspecified,Unspecified,Unspecified,Unspecified,Unspecified,Unknown,Unspecified,2026-07-01T16:35:28.854214+00:00,point_velocity,Unspecified
05472500,POINT (-92.2046222222222 41.3008444444444),0a44e15e-a43b-4f99-97bf-631d5bd112c4,USGS-05472500,4e65713a-f8ea-cf8a-e053-0100007fca45,533,1991-08-07T17:50:00+00:00,Imported Channel 1,59.1,ft^3/s,52.0,ft,42.2,ft^2,1.40,ft/s,,,Unspecified,Unspecified,Unspecified,Unspecified,Unspecified,Unknown,Wading,2026-07-01T16:35:28.854214+00:00,point_velocity,Unspecified
05472500,POINT (-92.2046222222222 41.3008444444444),0a627221-22d9-469a-a4c2-a1290cc9bd99,USGS-05472500,4e656a47-579f-cc4f-e053-0100007f2409,42,1948-04-20T06:00:00+00:00,Imported Channel 1,98.9,ft^3/s,68.0,ft,76.8,ft^2,1.29,ft/s,,,Unspecified,Unspecified,Unspecified,Unspecified,Unspecified,Unknown,Unspecified,2026-07-01T16:35:28.854214+00:00,point_velocity,Unspecified
05472500,POINT (-92.2046222222222 41.3008444444444),0aca58fe-0324-4040-b1f6-889bdcbd0ac5,USGS-05472500,4e6578cc-28d8-d364-e053-0100007f2984,653,2004-10-04T14:30:00+00:00,Imported Channel 1,69.9,ft^3/s,63.0,ft,62.7,ft^2,1.11,ft/s,,,Unspecified,Unspecified,Unspecified,Unspecified,Unspecified,Unknown,Wading,2026-07-01T16:35:28.854214+00:00,point_velocity,Unspecified
05472500,POINT (-92.2046222222222 41.3008444444444),0b20722c-ecf0-4705-965b-4a913f108055,USGS-05472500,4e656a26-ee71-cc4d-e053-0100007f4bc9,240,1963-11-18T06:00:00+00:00,Imported Channel 1,26.1,ft^3/s,36.0,ft,50.4,ft^2,0.52,ft/s,,,Unspecified,Unspecified,Unspecified,Unspecified,Unspecified,Unknown,Unspecified,2026-07-01T16:35:28.854214+00:00,point_velocity,Unspecified
05472500,POINT (-92.2046222222222 41.3008444444444),0ba6e8e1-8575-42fc-b159-2aefada1a36d,USGS-05472500,4e656a94-7873-cc85-e053-0100007f1148,82,1951-09-12T06:00:00+00:00,Imported Channel 1,236,ft^3/s,70.0,ft,180,ft^2,1.31,ft/s,,,Unspecified,Unspecified,Unspecified,Unspecified,Unspecified,Unknown,Unspecified,2026-07-01T16:35:28.854214+00:00,point_velocity,Unspecified
05472500,POINT (-92.2046222222222 41.3008444444444),0be4ca25-34a9-4a09-af19-c18d8bd0c88f,USGS-05472500,4e6578ca-cb89-d36c-e053-0100007fcbe2,144,1957-01-24T06:00:00+00:00,Imported Channel 1,0.92,ft^3/s,11.0,ft,2.80,ft^2,0.33,ft/s,,,Unspecified,Unspecified,Unspecified,Unspecified,Unspecified,Unknown,Unspecified,2026-07-01T16:35:28.854214+00:00,point_velocity,Unspecified
05472500,POINT (-92.2046222222222 41.3008444444444),0c225438-2576-4508-a5e6-e1c14986928d,USGS-05472500,4e65935c-ce49-e077-e053-0100007f5798,386,1976-09-13T05:00:00+00:00,Imported Channel 1,10.8,ft^3/s,48.0,ft,54.5,ft^2,0.20,ft/s,,,Unspecified,Unspecified,Unspecified,Unspecified,Unspecified,Unknown,Unspecified,2026-07-01T16:35:28.854214+00:00,point_velocity,Unspecified
05472500,POINT (-92.2046222222222 41.3008444444444),0cae8c99-5110-40da-a4f8-69de518bc857,USGS-05472500,4e6592a4-b35d-e083-e053-0100007f5751,235,1963-07-22T06:00:00+00:00,Imported Channel 1,170,ft^3/s,68.0,ft,142,ft^2,1.20,ft/s,,,Unspecified,Unspecified,Unspecified,Unspecified,Unspecified,Unknown,Unspecified,2026-07-01T16:35:28.854214+00:00,point_velocity,Unspecified
05472500,POINT (-92.2046222222222 41.3008444444444),0ce5dd05-9be2-4fec-8341-daef248f71ca,USGS-05472500,4e657f99-3b88-d708-e053-0100007fbf7c,213,1961-12-26T06:00:00+00:00,Imported Channel 1,452,ft^3/s,75.0,ft,289,ft^2,1.56,ft/s,,,Unspecified,Unspecified,Unspecified,Unspecified,Unspecified,Unknown,Unspecified,2026-07-01T16:35:28.854214+00:00,point_velocity,Unspecified
05472500,POINT (-92.2046222222222 41.3008444444444),0d063c57-4e58-46e0-b5ab-47063a823e3b,USGS-05472500,4e658245-2d4d-d72e-e053-0100007f0cd6,585,1997-03-31T15:10:00+00:00,Imported Channel 1,214,ft^3/s,85.0,ft,137,ft^2,1.56,ft/s,,,Unspecified,Unspecified,Unspecified,Unspecified,Unspecified,Unknown,BridgeCrane,2026-07-01T16:35:28.854214+00:00,point_velocity,Unspecified
05472500,POINT (-92.2046222222222 41.3008444444444),0d7f9c22-62db-4057-8247-2c76e7172dc3,USGS-05472500,4e6591af-ebac-dfdc-e053-0100007fb4e1,261,1965-04-19T06:00:00+00:00,Imported Channel 1,278,ft^3/s,77.0,ft,159,ft^2,1.75,ft/s,,,Unspecified,Unspecified,Unspecified,Unspecified,Unspecified,Unknown,Unspecified,2026-07-01T16:35:28.854214+00:00,point_velocity,Unspecified
05472500,POINT (-92.2046222222222 41.3008444444444),0d993821-ca6c-456a-8d34-7193b9dcf2c5,USGS-05472500,4e65a3aa-a8c1-e8a6-e053-0100007f6bff,449,1983-07-07T05:00:00+00:00,Imported Channel 1,3190,ft^3/s,102,ft,1120,ft^2,2.85,ft/s,,,Unspecified,Unspecified,Unspecified,Unspecified,Unspecified,Unknown,Unspecified,2026-07-01T16:35:28.854214+00:00,point_velocity,Unspecified
05472500,POINT (-92.2046222222222 41.3008444444444),0dedfd42-7a3d-4267-acac-16aaa2df7844,USGS-05472500,4e657850-b659-d334-e053-0100007fc8f4,99,1953-03-27T06:00:00+00:00,Imported Channel 1,525,ft^3/s,85.0,ft,346,ft^2,1.52,ft/s,,,Unspecified,Unspecified,Unspecified,Unspecified,Unspecified,Unknown,Unspecified,2026-07-01T16:35:28.854214+00:00,point_velocity,Unspecified
05472500,POINT (-92.2046222222222 41.3008444444444),0e1f9f7b-9a18-444c-b673-09ec8c1c666d,USGS-05472500,4e6567b8-c6f1-cae9-e053-0100007fd21e,549,1993-03-15T17:53:00+00:00,Imported Channel 1,510,ft^3/s,110,ft,223,ft^2,2.29,ft/s,,,Unspecified,Unspecified,Unspecified,Unspecified,Unspecified,Unknown,BridgeCrane,2026-07-01T16:35:28.854214+00:00,point_velocity,Unspecified
05472500,POINT (-92.2046222222222 41.3008444444444),0eae3178-9be2-43af-be4c-c8288282b64e,USGS-05472500,4e6575d6-6868-d1af-e053-0100007f1433,556,1993-08-16T17:15:00+00:00,Imported Channel 1,8500,ft^3/s,325,ft,2810,ft^2,3.02,ft/s,,,Unspecified,Unspecified,Unspecified,Unspecified,Unspecified,Unknown,BridgeCrane,2026-07-01T16:35:28.854214+00:00,point_velocity,Unspecified
05472500,POINT (-92.2046222222222 41.3008444444444),0ef1d05f-0ed9-4ebb-bc7d-fc0540b1cb92,USGS-05472500,16b64160-d247-4a57-948c-b78eb7a69313,797,2024-01-11T15:46:38+00:00,Main,20.3,ft^3/s,53.0,ft,37.8,ft^2,0.54,ft/s,50.00,ft,Unspecified,Gravel,Uneven,Uneven,Unknown,Steady,Wading,2026-07-01T16:35:28.854214+00:00,point_velocity,Upstream
05472500,POINT (-92.2046222222222 41.3008444444444),0f16ff1d-9fa5-4fd6-b247-fc23f398fcaa,USGS-05472500,4e65aabf-24fa-ec1c-e053-0100007f720e,719,2013-03-13T18:02:00+00:00,channel2,255,ft^3/s,107,ft,183,ft^2,1.40,ft/s,,ft,Firm,Sand,Even,Even,Standard,Unknown,MannedMovingBoat,2026-07-01T16:35:28.854214+00:00,adcp,AtTheGage
05472500,POINT (-92.2046222222222 41.3008444444444),0f36d203-be83-4247-979a-823c7ffa5333,USGS-05472500,4e6587a9-1de6-da5d-e053-0100007f6588,323,1970-01-19T06:00:00+00:00,Imported Channel 1,36.7,ft^3/s,48.0,ft,42.8,ft^2,0.85,ft/s,,,Unspecified,Unspecified,Unspecified,Unspecified,Unspecified,Unknown,Unspecified,2026-07-01T16:35:28.854214+00:00,point_velocity,Unspecified
05472500,POINT (-92.2046222222222 41.3008444444444),0fbf111c-5ec3-4cc8-a391-d6f3e0e66983,USGS-05472500,4e6587b1-9adc-da55-e053-0100007fe6db,265,1965-08-16T06:00:00+00:00,Imported Channel 1,44.6,ft^3/s,44.0,ft,27.6,ft^2,1.62,ft/s,,,Unspecified,Unspecified,Unspecified,Unspecified,Unspecified,Unknown,Unspecified,2026-07-01T16:35:28.854214+00:00,point_velocity,Unspecified
05472500,POINT (-92.2046222222222 41.3008444444444),0fdbcfdf-ff41-4d67-b6a2-30ff12851c11,USGS-05472500,4e65a442-5f9b-e842-e053-0100007f4ba9,439,1981-11-30T06:00:00+00:00,Imported Channel 1,153,ft^3/s,67.0,ft,137,ft^2,1.12,ft/s,,,Unspecified,Unspecified,Unspecified,Unspecified,Unspecified,Unknown,Unspecified,2026-07-01T16:35:28.854214+00:00,point_velocity,Unspecified
05472500,POINT (-92.2046222222222 41.3008444444444),109cf417-ff8e-4ebc-858a-b02e8f683e3d,USGS-05472500,4e659755-86b5-e25d-e053-0100007ff233,342,1972-01-17T06:00:00+00:00,Imported Channel 1,25.4,ft^3/s,73.0,ft,26.4,ft^2,0.96,ft/s,,,Unspecified,Unspecified,Unspecified,Unspecified,Unspecified,Unknown,Unspecified,2026-07-01T16:35:28.854214+00:00,point_velocity,Unspecified
05472500,POINT (-92.2046222222222 41.3008444444444),10d38ed5-607b-458b-a534-657192d4bef9,USGS-05472500,4e65958e-5b49-e1bf-e053-0100007f6829,222,1962-06-18T06:00:00+00:00,Imported Channel 1,355,ft^3/s,81.0,ft,203,ft^2,1.75,ft/s,,,Unspecified,Unspecified,Unspecified,Unspecified,Unspecified,Unknown,Unspecified,2026-07-01T16:35:28.854214+00:00,point_velocity,Unspecified
05472500,POINT (-92.2046222222222 41.3008444444444),10df4388-bcd3-4928-b38f-7d6f1f1b4db1,USGS-05472500,4e659ca0-065a-e549-e053-0100007f4e20,416,1979-07-12T05:00:00+00:00,Imported Channel 1,192,ft^3/s,70.0,ft,146,ft^2,1.32,ft/s,,,Unspecified,Unspecified,Unspecified,Unspecified,Unspecified,Unknown,Unspecified,2026-07-01T16:35:28.854214+00:00,point_velocity,Unspecified
05472500,POINT (-92.2046222222222 41.3008444444444),1121cacc-2fe7-4fe1-8f2d-b6d742a505e7,USGS-05472500,4e65a070-87d0-e726-e053-0100007f429a,744,2016-05-03T16:57:58+00:00,Main channel,1230,ft^3/s,120,ft,633,ft^2,1.94,ft/s,10.00,ft,Firm,Sand,Even,Even,Standard,Unknown,BridgeDownstreamSide,2026-07-01T16:35:28.854214+00:00,adcp,Upstream
05472500,POINT (-92.2046222222222 41.3008444444444),115df044-3e2e-46cc-b8f3-157bfdc36667,USGS-05472500,4e658751-97b0-da71-e053-0100007f7d60,412,1979-02-23T06:00:00+00:00,Imported Channel 1,163,ft^3/s,67.0,ft,122,ft^2,1.34,ft/s,,,Unspecified,Unspecified,Unspecified,Unspecified,Unspecified,Unknown,Unspecified,2026-07-01T16:35:28.854214+00:00,point_velocity,Unspecified
05472500,POINT (-92.2046222222222 41.3008444444444),11b7b281-07ca-465b-add5-36b3f1c7b597,USGS-05472500,4e6587b1-9ad0-da55-e053-0100007fe6db,164,1958-06-21T06:00:00+00:00,Imported Channel 1,87.4,ft^3/s,69.0,ft,110,ft^2,0.79,ft/s,,,Unspecified,Unspecified,Unspecified,Unspecified,Unspecified,Unknown,Unspecified,2026-07-01T16:35:28.854214+00:00,point_velocity,Unspecified
05472500,POINT (-92.2046222222222 41.3008444444444),11c55fda-fe4c-4411-b345-716bd3f64d95,USGS-05472500,4e657fff-2651-d706-e053-0100007fd205,522,1991-02-22T19:10:00+00:00,Imported Channel 1,398,ft^3/s,105,ft,342,ft^2,1.16,ft/s,,,Unspecified,Unspecified,Unspecified,Unspecified,Unspecified,Unknown,BridgeCrane,2026-07-01T16:35:28.854214+00:00,point_velocity,Unspecified
05472500,POINT (-92.2046222222222 41.3008444444444),11daafa7-7898-4303-8988-12bef484ba54,USGS-05472500,4e6565af-7132-c7f0-e053-0100007f5794,461,1985-01-08T06:00:00+00:00,Imported Channel 1,423,ft^3/s,83.0,ft,220,ft^2,1.92,ft/s,,,Unspecified,Unspecified,Unspecified,Unspecified,Unspecified,Unknown,Ice,2026-07-01T16:35:28.854214+00:00,point_velocity,Unspecified
05472500,POINT (-92.2046222222222 41.3008444444444),11ea268c-54e8-464a-b554-66c5345bc857,USGS-05472500,4e65a769-7c83-ea91-e053-0100007f21d9,413,1979-03-19T06:00:00+00:00,Imported Channel 1,9730,ft^3/s,371,ft,2880,ft^2,3.38,ft/s,,,Unspecified,Unspecified,Unspecified,Unspecified,Unspecified,Unknown,Unspecified,2026-07-01T16:35:28.854214+00:00,point_velocity,Unspecified
05472500,POINT (-92.2046222222222 41.3008444444444),12bcbcb8-faf9-4140-a4fe-c5d7807066db,USGS-05472500,4e65809a-7ace-d730-e053-0100007f9098,276,1966-05-18T06:00:00+00:00,Imported Channel 1,4200,ft^3/s,178,ft,1630,ft^2,2.58,ft/s,,,Unspecified,Unspecified,Unspecified,Unspecified,Unspecified,Unknown,Unspecified,2026-07-01T16:35:28.854214+00:00,point_velocity,Unspecified
05472500,POINT (-92.2046222222222 41.3008444444444),13ad3000-769e-4017-8aa5-dd73d2670a91,USGS-05472500,4e6580ab-e50b-d722-e053-0100007fb8ae,114,1954-07-22T06:00:00+00:00,Imported Channel 1,24.3,ft^3/s,42.0,ft,27.3,ft^2,0.89,ft/s,,,Unspecified,Unspecified,Unspecified,Unspecified,Unspecified,Unknown,Unspecified,2026-07-01T16:35:28.854214+00:00,point_velocity,Unspecified
05472500,POINT (-92.2046222222222 41.3008444444444),13c2d789-b78c-4214-9490-6be44cdee82e,USGS-05472500,97cfb2d2-1546-41dd-a13e-6b120e834282,812,2026-05-27T17:24:05+00:00,Main,685,ft^3/s,92.1,ft,327,ft^2,2.09,ft/s,10.00,ft,Soft,Sand,Uneven,Uneven,Standard,Steady,BridgeDownstreamSide,2026-07-01T16:35:28.854214+00:00,adcp,Downstream
05472500,POINT (-92.2046222222222 41.3008444444444),140319d7-1686-46d7-a161-231f6d17d6f0,USGS-05472500,4e65713a-f908-cf8a-e053-0100007fca45,630,2002-04-18T19:25:00+00:00,Imported Channel 1,160,ft^3/s,64.0,ft,137,ft^2,1.17,ft/s,,,Unspecified,Unspecified,Unspecified,Unspecified,Unspecified,Unknown,Wading,2026-07-01T16:35:28.854214+00:00,point_velocity,Unspecified
05472500,POINT (-92.2046222222222 41.3008444444444),143a5a8d-00b6-4e96-ba28-ed385cb017ac,USGS-05472500,4e658fe6-bfd5-de12-e053-0100007f5d87,400,1977-11-18T06:00:00+00:00,Imported Channel 1,273,ft^3/s,71.0,ft,146,ft^2,1.87,ft/s,,,Unspecified,Unspecified,Unspecified,Unspecified,Unspecified,Unknown,Unspecified,2026-07-01T16:35:28.854214+00:00,point_velocity,Unspecified
05472500,POINT (-92.2046222222222 41.3008444444444),1476a154-4a7e-4260-93cf-a46d495e18e3,USGS-05472500,4e6575d6-687a-d1af-e053-0100007f1433,79,1951-06-18T06:00:00+00:00,Imported Channel 1,2140,ft^3/s,120,ft,925,ft^2,2.31,ft/s,,,Unspecified,Unspecified,Unspecified,Unspecified,Unspecified,Unknown,Unspecified,2026-07-01T16:35:28.854214+00:00,point_velocity,Unspecified
05472500,POINT (-92.2046222222222 41.3008444444444),1549a7aa-7cd8-4e30-8b99-d17bf9db0b14,USGS-05472500,4e6573f4-3011-d0ab-e053-0100007f2449,128,1955-09-12T06:00:00+00:00,Imported Channel 1,0.65,ft^3/s,19.0,ft,4.63,ft^2,0.14,ft/s,,,Unspecified,Unspecified,Unspecified,Unspecified,Unspecified,Unknown,Unspecified,2026-07-01T16:35:28.854214+00:00,point_velocity,Unspecified
05472500,POINT (-92.2046222222222 41.3008444444444),156d5714-a859-4260-bb34-b9894a0bd0b9,USGS-05472500,4e658751-97ae-da71-e053-0100007f7d60,404,1978-03-14T06:00:00+00:00,Imported Channel 1,110,ft^3/s,64.0,ft,79.7,ft^2,1.38,ft/s,,,Unspecified,Unspecified,Unspecified,Unspecified,Unspecified,Unknown,Unspecified,2026-07-01T16:35:28.854214+00:00,point_velocity,Unspecified
05472500,POINT (-92.2046222222222 41.3008444444444),15d71bef-e361-4bad-8af8-0774257f0247,USGS-05472500,4e6575bb-0f3e-d193-e053-0100007f4087,515,1990-06-19T19:15:00+00:00,Imported Channel 1,12000,ft^3/s,345,ft,3440,ft^2,3.49,ft/s,,,Unspecified,Unspecified,Unspecified,Unspecified,Unspecified,Unknown,BridgeCrane,2026-07-01T16:35:28.854214+00:00,point_velocity,Unspecified
05472500,POINT (-92.2046222222222 41.3008444444444),15e0a9fb-0513-4c93-9adc-d759b3e00200,USGS-05472500,4e65803c-e99d-d718-e053-0100007f9460,64,1950-05-15T06:00:00+00:00,Imported Channel 1,266,ft^3/s,82.0,ft,174,ft^2,1.53,ft/s,,,Unspecified,Unspecified,Unspecified,Unspecified,Unspecified,Unknown,Unspecified,2026-07-01T16:35:28.854214+00:00,point_velocity,Unspecified
05472500,POINT (-92.2046222222222 41.3008444444444),1679ec93-080a-4944-959a-559e97f6c5da,USGS-05472500,4e658a60-156d-dc13-e053-0100007fb60f,122,1955-03-19T06:00:00+00:00,Imported Channel 1,175,ft^3/s,77.0,ft,104,ft^2,1.68,ft/s,,,Unspecified,Unspecified,Unspecified,Unspecified,Unspecified,Unknown,Unspecified,2026-07-01T16:35:28.854214+00:00,point_velocity,Unspecified
05472500,POINT (-92.2046222222222 41.3008444444444),1756e0f9-6ace-45ed-aaac-b72f92cacb2e,USGS-05472500,4e657bed-2487-d522-e053-0100007f6bae,576,1996-04-24T14:55:00+00:00,Imported Channel 1,103,ft^3/s,88.0,ft,135,ft^2,0.76,ft/s,,,Unspecified,Unspecified,Unspecified,Unspecified,Unspecified,Unknown,Wading,2026-07-01T16:35:28.854214+00:00,point_velocity,Unspecified
05472500,POINT (-92.2046222222222 41.3008444444444),176ae167-7408-4ade-9913-a258bb7a14ce,USGS-05472500,4e659cc9-1302-e59d-e053-0100007ff403,330,1970-09-17T05:00:00+00:00,Imported Channel 1,5740,ft^3/s,362,ft,2400,ft^2,2.39,ft/s,,,Unspecified,Unspecified,Unspecified,Unspecified,Unspecified,Unknown,Unspecified,2026-07-01T16:35:28.854214+00:00,point_velocity,Unspecified
05472500,POINT (-92.2046222222222 41.3008444444444),184f3310-6e29-449f-b0e4-cf4e2ebea751,USGS-05472500,4e658736-258a-da5b-e053-0100007f8815,230,1963-02-18T06:00:00+00:00,Imported Channel 1,221,ft^3/s,69.0,ft,182,ft^2,1.21,ft/s,,,Unspecified,Unspecified,Unspecified,Unspecified,Unspecified,Unknown,Unspecified,2026-07-01T16:35:28.854214+00:00,point_velocity,Unspecified
05472500,POINT (-92.2046222222222 41.3008444444444),18ab97fa-cf52-4a0a-a6ae-0105f9935cf5,USGS-05472500,cdb72caa-3071-4941-95aa-4821b002d581,785,2022-03-31T21:43:07+00:00,Main Channel,760,ft^3/s,116,ft,419,ft^2,1.82,ft/s,15.00,ft,Firm,Cobbles,Uneven,Uneven,NonStandard,Pulsating,BridgeDownstreamSide,2026-07-01T16:35:28.854214+00:00,adcp,Downstream
05472500,POINT (-92.2046222222222 41.3008444444444),192c18ef-a4eb-4c63-a0df-df1bdd32fc5a,USGS-05472500,4e657a73-3179-d35e-e053-0100007ff292,188,1960-04-01T06:00:00+00:00,Imported Channel 1,19500,ft^3/s,2440,ft,5040,ft^2,3.88,ft/s,,,Unspecified,Unspecified,Unspecified,Unspecified,Unspecified,Unknown,Unspecified,2026-07-01T16:35:28.854214+00:00,point_velocity,Unspecified
05472500,POINT (-92.2046222222222 41.3008444444444),19595009-f76a-4317-9022-a4ae81f0b12d,USGS-05472500,4e658fe6-bfb2-de12-e053-0100007f5d87,278,1966-06-14T06:00:00+00:00,Imported Channel 1,14200,ft^3/s,405,ft,4110,ft^2,3.38,ft/s,,,Unspecified,Unspecified,Unspecified,Unspecified,Unspecified,Unknown,Unspecified,2026-07-01T16:35:28.854214+00:00,point_velocity,Unspecified
05472500,POINT (-92.2046222222222 41.3008444444444),1968f17d-6fea-4f3b-9635-6818abe0d6bf,USGS-05472500,4e656ad0-3f8a-cc4b-e053-0100007fd04c,686,2008-11-24T15:00:00+00:00,Imported Channel 1,272,ft^3/s,101,ft,240,ft^2,1.13,ft/s,20.00,ft,Firm,Sand,Even,Even,Unspecified,Unknown,Wading,2026-07-01T16:35:28.854214+00:00,point_velocity,Downstream
05472500,POINT (-92.2046222222222 41.3008444444444),198a4645-2717-4e2d-a306-f0eb63f9005b,USGS-05472500,4e658eb3-47f2-de41-e053-0100007f062f,239,1963-10-07T06:00:00+00:00,Imported Channel 1,24.1,ft^3/s,39.0,ft,49.7,ft^2,0.48,ft/s,,,Unspecified,Unspecified,Unspecified,Unspecified,Unspecified,Unknown,Unspecified,2026-07-01T16:35:28.854214+00:00,point_velocity,Unspecified
05472500,POINT (-92.2046222222222 41.3008444444444),19c81b52-c164-43d4-a71e-6554cb834e60,USGS-05472500,4e656f28-f7ad-ce80-e053-0100007fbe50,589,1997-09-15T13:55:00+00:00,Imported Channel 1,38.8,ft^3/s,52.0,ft,36.2,ft^2,1.07,ft/s,,,Unspecified,Unspecified,Unspecified,Unspecified,Unspecified,Unknown,Wading,2026-07-01T16:35:28.854214+00:00,point_velocity,Unspecified
05472500,POINT (-92.2046222222222 41.3008444444444),1a035406-c390-4d6a-bbba-851848633c6e,USGS-05472500,4e6591af-ebbf-dfdc-e053-0100007fb4e1,394,1977-04-12T06:00:00+00:00,Imported Channel 1,40.0,ft^3/s,46.0,ft,30.4,ft^2,1.32,ft/s,,,Unspecified,Unspecified,Unspecified,Unspecified,Unspecified,Unknown,Unspecified,2026-07-01T16:35:28.854214+00:00,point_velocity,Unspecified
05472500,POINT (-92.2046222222222 41.3008444444444),1a4c20d7-ae30-4e83-8ef5-9d7659a5b487,USGS-05472500,4e657bea-1f5a-d52e-e053-0100007f6e89,665,2006-04-26T14:26:00+00:00,Imported Channel 1,219,ft^3/s,94.0,ft,126,ft^2,1.73,ft/s,,,Unspecified,Unspecified,Unspecified,Unspecified,Unspecified,Unknown,Wading,2026-07-01T16:35:28.854214+00:00,point_velocity,Unspecified
05472500,POINT (-92.2046222222222 41.3008444444444),1a59ef6d-556b-4356-b8be-460268480a5c,USGS-05472500,4e6597bd-ddde-e25b-e053-0100007f7bc2,395,1977-05-11T05:00:00+00:00,Imported Channel 1,69.6,ft^3/s,53.0,ft,49.5,ft^2,1.41,ft/s,,,Unspecified,Unspecified,Unspecified,Unspecified,Unspecified,Unknown,Unspecified,2026-07-01T16:35:28.854214+00:00,point_velocity,Unspecified
05472500,POINT (-92.2046222222222 41.3008444444444),1a80295d-5bf3-4ac0-bd75-9ffc40aceeb6,USGS-05472500,4e658ea7-be0c-de1c-e053-0100007fcff9,274,1966-04-18T06:00:00+00:00,Imported Channel 1,1000,ft^3/s,90.0,ft,523,ft^2,1.91,ft/s,,,Unspecified,Unspecified,Unspecified,Unspecified,Unspecified,Unknown,Unspecified,2026-07-01T16:35:28.854214+00:00,point_velocity,Unspecified
05472500,POINT (-92.2046222222222 41.3008444444444),1aacf66c-2a59-4701-86a5-dc88182b2c01,USGS-05472500,4e6583cc-7d2d-d86f-e053-0100007f96a3,225,1962-10-01T06:00:00+00:00,Imported Channel 1,45.7,ft^3/s,58.0,ft,56.0,ft^2,0.82,ft/s,,,Unspecified,Unspecified,Unspecified,Unspecified,Unspecified,Unknown,Unspecified,2026-07-01T16:35:28.854214+00:00,point_velocity,Unspecified
05472500,POINT (-92.2046222222222 41.3008444444444),1abf0f6c-c97f-4e8e-833d-01d7e714314f,USGS-05472500,4e6578f6-ebe8-d396-e053-0100007f255d,186,1960-02-23T06:00:00+00:00,Imported Channel 1,323,ft^3/s,65.0,ft,203,ft^2,1.59,ft/s,,,Unspecified,Unspecified,Unspecified,Unspecified,Unspecified,Unknown,Unspecified,2026-07-01T16:35:28.854214+00:00,point_velocity,Unspecified
05472500,POINT (-92.2046222222222 41.3008444444444),1b3f2ea0-eec4-42e7-896e-15cfc6e86537,USGS-05472500,4e658005-755b-d712-e053-0100007fe7c0,149,1957-06-11T06:00:00+00:00,Imported Channel 1,165,ft^3/s,61.0,ft,111,ft^2,1.49,ft/s,,,Unspecified,Unspecified,Unspecified,Unspecified,Unspecified,Unknown,Unspecified,2026-07-01T16:35:28.854214+00:00,point_velocity,Unspecified
05472500,POINT (-92.2046222222222 41.3008444444444),1b6c8b73-97a7-4cd8-b83a-4b831b73db1e,USGS-05472500,4e65958e-5b51-e1bf-e053-0100007f6829,256,1965-02-05T06:00:00+00:00,Imported Channel 1,60.6,ft^3/s,63.0,ft,84.5,ft^2,0.72,ft/s,,,Unspecified,Unspecified,Unspecified,Unspecified,Unspecified,Unknown,Unspecified,2026-07-01T16:35:28.854214+00:00,point_velocity,Unspecified
05472500,POINT (-92.2046222222222 41.3008444444444),1b81c3d2-1256-4633-96d9-e09581a92ba3,USGS-05472500,4e6578bd-0fa3-d386-e053-0100007f52f8,670,2006-10-04T17:01:00+00:00,Imported Channel 1,82.8,ft^3/s,84.0,ft,77.1,ft^2,1.07,ft/s,,,Unspecified,Unspecified,Unspecified,Unspecified,Unspecified,Unknown,Wading,2026-07-01T16:35:28.854214+00:00,point_velocity,Unspecified
05472500,POINT (-92.2046222222222 41.3008444444444),1bf25a6d-c406-4a36-97fb-90d02b9d1ef0,USGS-05472500,4e6593e9-8eb9-dfd2-e053-0100007fc53a,360,1973-11-30T06:00:00+00:00,Imported Channel 1,300,ft^3/s,83.0,ft,197,ft^2,1.52,ft/s,,,Unspecified,Unspecified,Unspecified,Unspecified,Unspecified,Unknown,Unspecified,2026-07-01T16:35:28.854214+00:00,point_velocity,Unspecified
05472500,POINT (-92.2046222222222 41.3008444444444),1cccc8bb-f45f-4db3-a449-67d89c9547d2,USGS-05472500,4e6586a3-acbc-da37-e053-0100007f6ed1,285,1967-01-16T06:00:00+00:00,Imported Channel 1,11.9,ft^3/s,44.0,ft,29.8,ft^2,0.40,ft/s,,,Unspecified,Unspecified,Unspecified,Unspecified,Unspecified,Unknown,Unspecified,2026-07-01T16:35:28.854214+00:00,point_velocity,Unspecified
05472500,POINT (-92.2046222222222 41.3008444444444),1d182627-6513-414c-a278-052ea8f35ee8,USGS-05472500,4e6578f6-ebc1-d396-e053-0100007f255d,660,2005-08-31T15:44:00+00:00,Imported Channel 1,45.0,ft^3/s,57.0,ft,64.6,ft^2,0.70,ft/s,,,Unspecified,Unspecified,Unspecified,Unspecified,Unspecified,Unknown,Wading,2026-07-01T16:35:28.854214+00:00,point_velocity,Unspecified
05472500,POINT (-92.2046222222222 41.3008444444444),1dda646e-2fe4-4611-a588-d53329f3eaca,USGS-05472500,4e6586a3-acb3-da37-e053-0100007f6ed1,259,1965-03-18T06:00:00+00:00,Imported Channel 1,2770,ft^3/s,115,ft,1350,ft^2,2.05,ft/s,,,Unspecified,Unspecified,Unspecified,Unspecified,Unspecified,Unknown,Unspecified,2026-07-01T16:35:28.854214+00:00,point_velocity,Unspecified
05472500,POINT (-92.2046222222222 41.3008444444444),1de397d4-7908-4677-b975-b8d4e2c8ee50,USGS-05472500,4e658e87-8e43-de1e-e053-0100007f13b1,83,1951-10-08T06:00:00+00:00,Imported Channel 1,179,ft^3/s,76.0,ft,209,ft^2,0.86,ft/s,,,Unspecified,Unspecified,Unspecified,Unspecified,Unspecified,Unknown,Unspecified,2026-07-01T16:35:28.854214+00:00,point_velocity,Unspecified
05472500,POINT (-92.2046222222222 41.3008444444444),1e0e9f95-1cab-4235-80c0-9232d16dd1f3,USGS-05472500,4e656a32-8d80-cc47-e053-0100007feb7d,632,2002-06-03T13:41:00+00:00,Imported Channel 1,709,ft^3/s,117,ft,362,ft^2,1.96,ft/s,,,Unspecified,Unspecified,Unspecified,Unspecified,Unspecified,Unknown,BridgeCrane,2026-07-01T16:35:28.854214+00:00,point_velocity,Unspecified
05472500,POINT (-92.2046222222222 41.3008444444444),1e7a999c-d281-4446-994a-ab8e5032811f,USGS-05472500,4e658a4e-d3d1-dc0b-e053-0100007fb6fc,109,1954-02-15T06:00:00+00:00,Imported Channel 1,13.4,ft^3/s,25.0,ft,16.7,ft^2,0.82,ft/s,,,Unspecified,Unspecified,Unspecified,Unspecified,Unspecified,Unknown,Unspecified,2026-07-01T16:35:28.854214+00:00,point_velocity,Unspecified
05472500,POINT (-92.2046222222222 41.3008444444444),1e8b07ed-ee8d-4f51-83b5-4b1813236235,USGS-05472500,4e6575d6-6876-d1af-e053-0100007f1433,27,1947-03-25T06:00:00+00:00,Imported Channel 1,1260,ft^3/s,100,ft,618,ft^2,2.04,ft/s,,,Unspecified,Unspecified,Unspecified,Unspecified,Unspecified,Unknown,Unspecified,2026-07-01T16:35:28.854214+00:00,point_velocity,Unspecified
05472500,POINT (-92.2046222222222 41.3008444444444),1e967307-dd32-4763-90cd-fd2b61b6c784,USGS-05472500,4e65995b-dfa4-e397-e053-0100007f67e7,340,1971-10-27T05:00:00+00:00,Imported Channel 1,17.9,ft^3/s,70.0,ft,52.8,ft^2,0.34,ft/s,,,Unspecified,Unspecified,Unspecified,Unspecified,Unspecified,Unknown,Unspecified,2026-07-01T16:35:28.854214+00:00,point_velocity,Unspecified
05472500,POINT (-92.2046222222222 41.3008444444444),1eb70e7d-3be5-4108-86e1-c743101d3e86,USGS-05472500,4e65803c-e9a1-d718-e053-0100007f9460,68,1950-08-18T06:00:00+00:00,Imported Channel 1,22.2,ft^3/s,41.0,ft,17.8,ft^2,1.25,ft/s,,,Unspecified,Unspecified,Unspecified,Unspecified,Unspecified,Unknown,Unspecified,2026-07-01T16:35:28.854214+00:00,point_velocity,Unspecified
05472500,POINT (-92.2046222222222 41.3008444444444),1f7010e2-1565-45e8-b92d-70e7dfcff432,USGS-05472500,4e656e3f-14cd-cdbd-e053-0100007ffc0f,552,1993-04-27T16:40:00+00:00,Imported Channel 1,1220,ft^3/s,123,ft,456,ft^2,2.68,ft/s,,,Unspecified,Unspecified,Unspecified,Unspecified,Unspecified,Unknown,BridgeCrane,2026-07-01T16:35:28.854214+00:00,point_velocity,Unspecified
05472500,POINT (-92.2046222222222 41.3008444444444),1f7c2351-d3a7-4ee9-8e2d-542469bcab67,USGS-05472500,4e65958e-5b3d-e1bf-e053-0100007f6829,166,1958-08-18T06:00:00+00:00,Imported Channel 1,135,ft^3/s,62.0,ft,174,ft^2,0.76,ft/s,,,Unspecified,Unspecified,Unspecified,Unspecified,Unspecified,Unknown,Unspecified,2026-07-01T16:35:28.854214+00:00,point_velocity,Unspecified
05472500,POINT (-92.2046222222222 41.3008444444444),1f931891-5e3f-4768-8bb5-db4d8e914f45,USGS-05472500,4e6578e5-079a-d392-e053-0100007f831c,548,1992-12-21T16:00:00+00:00,Imported Channel 1,1060,ft^3/s,116,ft,459,ft^2,2.31,ft/s,,,Unspecified,Unspecified,Unspecified,Unspecified,Unspecified,Unknown,BridgeCrane,2026-07-01T16:35:28.854214+00:00,point_velocity,Unspecified
05472500,POINT (-92.2046222222222 41.3008444444444),1fff6e9a-0999-4f22-8616-4e5434cfc9e9,USGS-05472500,4e65a323-7e36-e840-e053-0100007f415e,387,1976-10-18T05:00:00+00:00,Imported Channel 1,9.30,ft^3/s,22.0,ft,10.5,ft^2,0.88,ft/s,,,Unspecified,Unspecified,Unspecified,Unspecified,Unspecified,Unknown,Unspecified,2026-07-01T16:35:28.854214+00:00,point_velocity,Unspecified
05472500,POINT (-92.2046222222222 41.3008444444444),2008db95-d328-4d2a-89ef-aed0dfae74d6,USGS-05472500,4e6592c3-dda1-e038-e053-0100007f3dbd,292,1967-06-19T05:00:00+00:00,Imported Channel 1,1410,ft^3/s,95.0,ft,716,ft^2,1.97,ft/s,,,Unspecified,Unspecified,Unspecified,Unspecified,Unspecified,Unknown,Unspecified,2026-07-01T16:35:28.854214+00:00,point_velocity,Unspecified
05472500,POINT (-92.2046222222222 41.3008444444444),218b13fc-316f-45dc-a765-1b9c63639d1c,USGS-05472500,4e6573ca-c64f-d0a9-e053-0100007f81c9,577,1996-05-13T17:00:00+00:00,Imported Channel 1,6440,ft^3/s,329,ft,2520,ft^2,2.56,ft/s,,,Unspecified,Unspecified,Unspecified,Unspecified,Unspecified,Unknown,BridgeCrane,2026-07-01T16:35:28.854214+00:00,point_velocity,Unspecified
05472500,POINT (-92.2046222222222 41.3008444444444),21b14726-1190-4806-8f0d-d780a6bce4dc,USGS-05472500,4e659755-86ba-e25d-e053-0100007ff233,353,1973-02-20T06:00:00+00:00,Imported Channel 1,537,ft^3/s,86.0,ft,316,ft^2,1.70,ft/s,,,Unspecified,Unspecified,Unspecified,Unspecified,Unspecified,Unknown,Unspecified,2026-07-01T16:35:28.854214+00:00,point_velocity,Unspecified
05472500,POINT (-92.2046222222222 41.3008444444444),21b2c6ac-8927-42ff-a404-f9b8d2bbc1fc,USGS-05472500,4e658038-fe47-d72c-e053-0100007fa188,14,1946-06-13T06:00:00+00:00,Imported Channel 1,2620,ft^3/s,112,ft,1070,ft^2,2.43,ft/s,,,Unspecified,Unspecified,Unspecified,Unspecified,Unspecified,Unknown,Unspecified,2026-07-01T16:35:28.854214+00:00,point_velocity,Unspecified
05472500,POINT (-92.2046222222222 41.3008444444444),21c59be8-1abb-4898-8116-6c24cc364644,USGS-05472500,4e65a00e-0599-e6f6-e053-0100007f480b,333,1971-01-12T06:00:00+00:00,Imported Channel 1,210,ft^3/s,80.0,ft,157,ft^2,1.34,ft/s,,,Unspecified,Unspecified,Unspecified,Unspecified,Unspecified,Unknown,Unspecified,2026-07-01T16:35:28.854214+00:00,point_velocity,Unspecified
05472500,POINT (-92.2046222222222 41.3008444444444),2248ac46-020c-437c-b56b-2e1bb8a02992,USGS-05472500,4e658e87-8e41-de1e-e053-0100007f13b1,52,1949-02-18T06:00:00+00:00,Imported Channel 1,78.8,ft^3/s,61.0,ft,170,ft^2,0.46,ft/s,,,Unspecified,Unspecified,Unspecified,Unspecified,Unspecified,Unknown,Unspecified,2026-07-01T16:35:28.854214+00:00,point_velocity,Unspecified
05472500,POINT (-92.2046222222222 41.3008444444444),225aba16-eae3-43f4-a09a-0a331309f2c7,USGS-05472500,4e658af9-7a21-dc94-e053-0100007f84a6,297,1967-11-20T06:00:00+00:00,Imported Channel 1,33.9,ft^3/s,40.0,ft,50.0,ft^2,0.68,ft/s,,,Unspecified,Unspecified,Unspecified,Unspecified,Unspecified,Unknown,Unspecified,2026-07-01T16:35:28.854214+00:00,point_velocity,Unspecified
05472500,POINT (-92.2046222222222 41.3008444444444),22869e7a-56e7-40c5-a145-b3ff057ea56b,USGS-05472500,4e658245-2d8f-d72e-e053-0100007f0cd6,275,1966-05-16T06:00:00+00:00,Imported Channel 1,2870,ft^3/s,100,ft,1080,ft^2,2.66,ft/s,,,Unspecified,Unspecified,Unspecified,Unspecified,Unspecified,Unknown,Unspecified,2026-07-01T16:35:28.854214+00:00,point_velocity,Unspecified
05472500,POINT (-92.2046222222222 41.3008444444444),238457e8-a385-423c-9822-f782903a1dc4,USGS-05472500,146fb289-354e-4ee2-82c6-c5c8bf7c9cec,770,2020-01-14T16:58:02+00:00,Main,391,ft^3/s,112,ft,271,ft^2,1.44,ft/s,10.00,ft,Firm,Sand,Even,Even,Standard,Pulsating,BridgeDownstreamSide,2026-07-01T16:35:28.854214+00:00,adcp,Downstream
05472500,POINT (-92.2046222222222 41.3008444444444),2567ffd5-6e88-4aa2-b228-0209932d1ee1,USGS-05472500,4e659dcd-af67-e54b-e053-0100007fca6e,389,1976-12-17T06:00:00+00:00,Imported Channel 1,8.47,ft^3/s,28.5,ft,9.45,ft^2,0.90,ft/s,,,Unspecified,Unspecified,Unspecified,Unspecified,Unspecified,Unknown,Unspecified,2026-07-01T16:35:28.854214+00:00,point_velocity,Unspecified
05472500,POINT (-92.2046222222222 41.3008444444444),2597a1e3-3f93-4065-b090-397e80580fb9,USGS-05472500,4e656a26-ee48-cc4d-e053-0100007f4bc9,136,1956-05-14T06:00:00+00:00,Imported Channel 1,8.21,ft^3/s,18.0,ft,15.2,ft^2,0.54,ft/s,,,Unspecified,Unspecified,Unspecified,Unspecified,Unspecified,Unknown,Unspecified,2026-07-01T16:35:28.854214+00:00,point_velocity,Unspecified
05472500,POINT (-92.2046222222222 41.3008444444444),25b76d82-efdc-4dfd-8f48-2b9dba4f5494,USGS-05472500,4e65839c-697f-d8ab-e053-0100007f5a3a,679,2007-11-05T15:20:00+00:00,Imported Channel 1,413,ft^3/s,102,ft,233,ft^2,1.77,ft/s,,,Unspecified,Unspecified,Unspecified,Unspecified,Unspecified,Unknown,Wading,2026-07-01T16:35:28.854214+00:00,point_velocity,Unspecified
05472500,POINT (-92.2046222222222 41.3008444444444),25bb50e2-7d46-4dce-bf71-2a013205f811,USGS-05472500,4e659943-aaaa-e355-e053-0100007f977f,443,1982-08-02T05:00:00+00:00,Imported Channel 1,389,ft^3/s,83.0,ft,204,ft^2,1.91,ft/s,,,Unspecified,Unspecified,Unspecified,Unspecified,Unspecified,Unknown,Unspecified,2026-07-01T16:35:28.854214+00:00,point_velocity,Unspecified
05472500,POINT (-92.2046222222222 41.3008444444444),25fcbe0e-b33a-404c-b710-f3c8a6537dad,USGS-05472500,4e658af9-7a20-dc94-e053-0100007f84a6,296,1967-10-16T05:00:00+00:00,Imported Channel 1,90.4,ft^3/s,67.0,ft,64.7,ft^2,1.40,ft/s,,,Unspecified,Unspecified,Unspecified,Unspecified,Unspecified,Unknown,Unspecified,2026-07-01T16:35:28.854214+00:00,point_velocity,Unspecified
05472500,POINT (-92.2046222222222 41.3008444444444),262c7a78-565d-4200-8b5f-95a04d9f44b0,USGS-05472500,4e6578fe-2daa-d388-e053-0100007f2584,587,1997-06-24T14:35:00+00:00,Imported Channel 1,558,ft^3/s,109,ft,352,ft^2,1.58,ft/s,,,Unspecified,Unspecified,Unspecified,Unspecified,Unspecified,Unknown,BridgeCrane,2026-07-01T16:35:28.854214+00:00,point_velocity,Unspecified
05472500,POINT (-92.2046222222222 41.3008444444444),263d7ce4-8068-4e4c-a761-8fbe16369df1,USGS-05472500,4e65720b-e8a0-d01e-e053-0100007f25e6,527,1991-04-30T17:55:00+00:00,Imported Channel 1,3900,ft^3/s,173,ft,1460,ft^2,2.67,ft/s,,,Unspecified,Unspecified,Unspecified,Unspecified,Unspecified,Unknown,BridgeCrane,2026-07-01T16:35:28.854214+00:00,point_velocity,Unspecified
05472500,POINT (-92.2046222222222 41.3008444444444),2651903a-22cc-4559-aa10-507f67aea622,USGS-05472500,4e658e87-8e42-de1e-e053-0100007f13b1,73,1950-12-04T06:00:00+00:00,Imported Channel 1,7.11,ft^3/s,23.0,ft,7.90,ft^2,0.90,ft/s,,,Unspecified,Unspecified,Unspecified,Unspecified,Unspecified,Unknown,Unspecified,2026-07-01T16:35:28.854214+00:00,point_velocity,Unspecified
05472500,POINT (-92.2046222222222 41.3008444444444),2672c32e-85e8-4171-a8b7-a35fa3933056,USGS-05472500,4e659270-ea63-e07d-e053-0100007f55e0,220,1962-04-23T06:00:00+00:00,Imported Channel 1,515,ft^3/s,84.0,ft,327,ft^2,1.57,ft/s,,,Unspecified,Unspecified,Unspecified,Unspecified,Unspecified,Unknown,Unspecified,2026-07-01T16:35:28.854214+00:00,point_velocity,Unspecified
05472500,POINT (-92.2046222222222 41.3008444444444),26ddb743-0cb8-4d39-80e4-6235b7c90154,USGS-05472500,4e65a38a-72c1-e8a4-e053-0100007f9d1e,720,2013-04-18T01:14:00+00:00,main,3800,ft^3/s,153,ft,1630,ft^2,2.33,ft/s,,ft,Soft,Sand,Even,Even,Unknown,Unknown,BridgeDownstreamSide,2026-07-01T16:35:28.854214+00:00,adcp,AtTheGage
05472500,POINT (-92.2046222222222 41.3008444444444),276c8264-f5cb-4502-90b2-8aa8dbf103dd,USGS-05472500,4e65839c-69b2-d8ab-e053-0100007f5a3a,304,1968-06-10T05:00:00+00:00,Imported Channel 1,29.0,ft^3/s,41.0,ft,49.2,ft^2,0.59,ft/s,,,Unspecified,Unspecified,Unspecified,Unspecified,Unspecified,Unknown,Unspecified,2026-07-01T16:35:28.854214+00:00,point_velocity,Unspecified
05472500,POINT (-92.2046222222222 41.3008444444444),27870b7f-9e64-46f2-ba7e-bbface610f06,USGS-05472500,4e65790c-b2b7-d358-e053-0100007f67a3,142,1956-11-13T06:00:00+00:00,Imported Channel 1,0.09,ft^3/s,1.80,ft,0.14,ft^2,0.64,ft/s,,,Unspecified,Unspecified,Unspecified,Unspecified,Unspecified,Unknown,Unspecified,2026-07-01T16:35:28.854214+00:00,point_velocity,Unspecified
05472500,POINT (-92.2046222222222 41.3008444444444),27ba787b-e5b0-4629-bc33-775fa427e154,USGS-05472500,4e6587a9-1dbb-da5d-e053-0100007f6588,59,1949-10-03T06:00:00+00:00,Imported Channel 1,7.42,ft^3/s,29.5,ft,11.8,ft^2,0.63,ft/s,,,Unspecified,Unspecified,Unspecified,Unspecified,Unspecified,Unknown,Unspecified,2026-07-01T16:35:28.854214+00:00,point_velocity,Unspecified
05472500,POINT (-92.2046222222222 41.3008444444444),281fc3eb-faf9-4a30-8f01-04ce07c5a363,USGS-05472500,4e658e08-d6d7-de10-e053-0100007f791c,325,1970-03-16T06:00:00+00:00,Imported Channel 1,238,ft^3/s,74.0,ft,146,ft^2,1.63,ft/s,,,Unspecified,Unspecified,Unspecified,Unspecified,Unspecified,Unknown,Unspecified,2026-07-01T16:35:28.854214+00:00,point_velocity,Unspecified
05472500,POINT (-92.2046222222222 41.3008444444444),2821f7fd-79f5-4952-9182-9fa84dff4938,USGS-05472500,c5f635fa-8c61-4dfa-bb7e-2cf046317d5a,801,2024-08-19T16:57:10+00:00,main,134,ft^3/s,99.0,ft,123,ft^2,1.08,ft/s,10.00,ft,Firm,Sand,Even,Even,Unknown,Steady,Wading,2026-07-01T16:35:28.854214+00:00,point_velocity,Downstream
05472500,POINT (-92.2046222222222 41.3008444444444),28d52328-dc37-4158-8203-751392d35fbf,USGS-05472500,a1ad025c-76eb-40fd-95dd-6a5ca56aad7e,773,2020-06-23T18:55:45+00:00,Main,2960,ft^3/s,133,ft,1330,ft^2,2.22,ft/s,25.00,ft,Soft,SiltMud,Uneven,Even,NonStandard,Steady,BridgeDownstreamSide,2026-07-01T16:35:28.854214+00:00,adcp,Upstream
05472500,POINT (-92.2046222222222 41.3008444444444),28f4199e-ccc6-4bc0-bbdc-1bfe24fb0587,USGS-05472500,4e65876c-bc81-da9f-e053-0100007f1dbd,668,2006-08-29T18:38:00+00:00,Imported Channel 1,1220,ft^3/s,112,ft,627,ft^2,1.95,ft/s,,ft,Unspecified,Unspecified,Unspecified,Unspecified,Unspecified,Unknown,Unspecified,2026-07-01T16:35:28.854214+00:00,adcp,Unspecified
05472500,POINT (-92.2046222222222 41.3008444444444),28f6f66b-9250-428a-b0b9-f9968a242c8f,USGS-05472500,4e656f07-d271-ce30-e053-0100007f1d7d,512,1990-05-21T15:30:00+00:00,Imported Channel 1,776,ft^3/s,112,ft,402,ft^2,1.93,ft/s,,,Unspecified,Unspecified,Unspecified,Unspecified,Unspecified,Unknown,BridgeCrane,2026-07-01T16:35:28.854214+00:00,point_velocity,Unspecified
05472500,POINT (-92.2046222222222 41.3008444444444),292ff5a6-ab20-458b-b636-a86387474777,USGS-05472500,5331b43e-5511-0348-e053-0100007fcff8,752,2017-06-29T17:54:00+00:00,Main,226,ft^3/s,101,ft,157,ft^2,1.44,ft/s,0.00,ft,Soft,Sand,Uneven,Uneven,NonStandard,Pulsating,Wading,2026-07-01T16:35:28.854214+00:00,point_velocity,AtTheGage
05472500,POINT (-92.2046222222222 41.3008444444444),2989d660-616f-4a57-af6e-7244794f2d10,USGS-05472500,4e658a68-bd83-dc0f-e053-0100007f2be2,146,1957-03-18T06:00:00+00:00,Imported Channel 1,15.8,ft^3/s,36.0,ft,17.3,ft^2,0.91,ft/s,,,Unspecified,Unspecified,Unspecified,Unspecified,Unspecified,Unknown,Unspecified,2026-07-01T16:35:28.854214+00:00,point_velocity,Unspecified
05472500,POINT (-92.2046222222222 41.3008444444444),29ba5e54-beb2-404c-b275-59292d050b62,USGS-05472500,2d91f658-2cf2-4e21-96a0-27334d99bad8,775,2020-08-17T19:13:36+00:00,Main,71.2,ft^3/s,69.0,ft,69.5,ft^2,1.02,ft/s,50.00,ft,Firm,Cobbles,Uneven,Uneven,Unknown,Steady,Wading,2026-07-01T16:35:28.854214+00:00,point_velocity,Upstream
05472500,POINT (-92.2046222222222 41.3008444444444),29d01a82-f717-456a-ba18-83c4ab9e510e,USGS-05472500,4e659939-268a-e35b-e053-0100007f6976,249,1964-08-17T06:00:00+00:00,Imported Channel 1,42.5,ft^3/s,40.5,ft,41.5,ft^2,1.02,ft/s,,,Unspecified,Unspecified,Unspecified,Unspecified,Unspecified,Unknown,Unspecified,2026-07-01T16:35:28.854214+00:00,point_velocity,Unspecified
05472500,POINT (-92.2046222222222 41.3008444444444),29dcd96b-9f65-49d9-8e69-f343fb354f8c,USGS-05472500,4e6575d6-687b-d1af-e053-0100007f1433,96,1953-01-26T06:00:00+00:00,Imported Channel 1,130,ft^3/s,71.0,ft,84.5,ft^2,1.54,ft/s,,,Unspecified,Unspecified,Unspecified,Unspecified,Unspecified,Unknown,Unspecified,2026-07-01T16:35:28.854214+00:00,point_velocity,Unspecified
05472500,POINT (-92.2046222222222 41.3008444444444),2a03bfcc-0b15-4e4f-98e3-74d26852370b,USGS-05472500,86a51c50-b7aa-68ff-e053-0100007f0597,765,2019-04-15T19:43:38+00:00,main,415,ft^3/s,99.8,ft,260,ft^2,1.59,ft/s,50.00,ft,Firm,Sand,Uneven,Even,NonStandard,Steady,BridgeDownstreamSide,2026-07-01T16:35:28.854214+00:00,adcp,Upstream
05472500,POINT (-92.2046222222222 41.3008444444444),2a220037-c4d7-445b-b75d-c36f18d693a5,USGS-05472500,4e65876c-bca6-da9f-e053-0100007f1dbd,169,1958-11-17T06:00:00+00:00,Imported Channel 1,61.1,ft^3/s,57.0,ft,72.3,ft^2,0.84,ft/s,,,Unspecified,Unspecified,Unspecified,Unspecified,Unspecified,Unknown,Unspecified,2026-07-01T16:35:28.854214+00:00,point_velocity,Unspecified
05472500,POINT (-92.2046222222222 41.3008444444444),2a471ab8-aa4f-4758-8825-186591221dcd,USGS-05472500,4e65920f-ab31-dfde-e053-0100007ffacf,419,1979-10-11T05:00:00+00:00,Imported Channel 1,38.8,ft^3/s,68.0,ft,70.9,ft^2,0.55,ft/s,,,Unspecified,Unspecified,Unspecified,Unspecified,Unspecified,Unknown,Unspecified,2026-07-01T16:35:28.854214+00:00,point_velocity,Unspecified
05472500,POINT (-92.2046222222222 41.3008444444444),2a51c759-ddf1-4d5b-8e87-2c0926ba10c1,USGS-05472500,4e656713-be2e-c7e8-e053-0100007f8f1c,530,1991-06-01T20:15:00+00:00,Imported Channel 1,3260,ft^3/s,168,ft,1360,ft^2,2.40,ft/s,,,Unspecified,Unspecified,Unspecified,Unspecified,Unspecified,Unknown,BridgeCrane,2026-07-01T16:35:28.854214+00:00,point_velocity,Unspecified
05472500,POINT (-92.2046222222222 41.3008444444444),2ac7ed39-d7f8-4cf7-a384-bd3fb04c20b5,USGS-05472500,4e658070-e56a-d726-e053-0100007f8798,11,1946-04-08T06:00:00+00:00,Imported Channel 1,480,ft^3/s,86.0,ft,282,ft^2,1.70,ft/s,,,Unspecified,Unspecified,Unspecified,Unspecified,Unspecified,Unknown,Unspecified,2026-07-01T16:35:28.854214+00:00,point_velocity,Unspecified
05472500,POINT (-92.2046222222222 41.3008444444444),2aebe351-5b53-470f-91b8-e0e0c9de9e20,USGS-05472500,4e657fff-2667-d706-e053-0100007fd205,81,1951-08-13T06:00:00+00:00,Imported Channel 1,75.9,ft^3/s,69.0,ft,81.3,ft^2,0.93,ft/s,,,Unspecified,Unspecified,Unspecified,Unspecified,Unspecified,Unknown,Unspecified,2026-07-01T16:35:28.854214+00:00,point_velocity,Unspecified
05472500,POINT (-92.2046222222222 41.3008444444444),2b1a403b-4b70-4c6b-a348-dbbcefcd966e,USGS-05472500,4e656e3f-14ca-cdbd-e053-0100007ffc0f,546,1992-10-01T14:50:00+00:00,Imported Channel 1,428,ft^3/s,105,ft,228,ft^2,1.87,ft/s,,,Unspecified,Unspecified,Unspecified,Unspecified,Unspecified,Unknown,BridgeCrane,2026-07-01T16:35:28.854214+00:00,point_velocity,Unspecified
05472500,POINT (-92.2046222222222 41.3008444444444),2b2311fa-1503-449f-b4dd-5b1d912c981b,USGS-05472500,4e658789-4925-daa3-e053-0100007f15b5,308,1968-10-21T05:00:00+00:00,Imported Channel 1,23.6,ft^3/s,41.0,ft,32.4,ft^2,0.73,ft/s,,,Unspecified,Unspecified,Unspecified,Unspecified,Unspecified,Unknown,Unspecified,2026-07-01T16:35:28.854214+00:00,point_velocity,Unspecified
05472500,POINT (-92.2046222222222 41.3008444444444),2b3aef5c-6a64-46b6-87c3-572898cf7481,USGS-05472500,4e658a41-0a7e-dc03-e053-0100007f3fce,156,1957-11-18T06:00:00+00:00,Imported Channel 1,43.0,ft^3/s,61.0,ft,68.1,ft^2,0.63,ft/s,,,Unspecified,Unspecified,Unspecified,Unspecified,Unspecified,Unknown,Unspecified,2026-07-01T16:35:28.854214+00:00,point_velocity,Unspecified
05472500,POINT (-92.2046222222222 41.3008444444444),2b5cfa9a-0b95-4042-bbf2-9449b9dc291c,USGS-05472500,4e659c3c-4a7c-e349-e053-0100007f66a0,447,1983-04-18T06:00:00+00:00,Imported Channel 1,1710,ft^3/s,98.0,ft,738,ft^2,2.32,ft/s,,,Unspecified,Unspecified,Unspecified,Unspecified,Unspecified,Unknown,Unspecified,2026-07-01T16:35:28.854214+00:00,point_velocity,Unspecified
05472500,POINT (-92.2046222222222 41.3008444444444),2b895305-92d3-4c3b-ad37-e638a01d17e9,USGS-05472500,4e657c30-cbfc-d55a-e053-0100007f0a77,479,1987-02-09T06:00:00+00:00,Imported Channel 1,184,ft^3/s,75.0,ft,116,ft^2,1.59,ft/s,,,Unspecified,Unspecified,Unspecified,Unspecified,Unspecified,Unknown,Wading,2026-07-01T16:35:28.854214+00:00,point_velocity,Unspecified
05472500,POINT (-92.2046222222222 41.3008444444444),2bcb74bb-0a50-412b-b49c-ae2755d162e3,USGS-05472500,4e65a369-6ba3-e882-e053-0100007f5d7e,727,2014-04-17T20:20:16+00:00,Main,535,ft^3/s,118,ft,379,ft^2,1.41,ft/s,15.00,ft,Firm,Gravel,Even,Even,Standard,Unknown,BridgeDownstreamSide,2026-07-01T16:35:28.854214+00:00,adcp,Downstream
05472500,POINT (-92.2046222222222 41.3008444444444),2bfb7c9c-8717-4fe0-9562-559b50517e23,USGS-05472500,4e658fe6-bfa0-de12-e053-0100007f5d87,127,1955-08-15T06:00:00+00:00,Imported Channel 1,7.60,ft^3/s,27.0,ft,14.0,ft^2,0.54,ft/s,,,Unspecified,Unspecified,Unspecified,Unspecified,Unspecified,Unknown,Unspecified,2026-07-01T16:35:28.854214+00:00,point_velocity,Unspecified
05472500,POINT (-92.2046222222222 41.3008444444444),2c19cdee-6b08-497f-9c61-f0afcfce46b2,USGS-05472500,4e659c34-6cdd-e345-e053-0100007f8275,398,1977-08-15T05:00:00+00:00,Imported Channel 1,35.9,ft^3/s,43.0,ft,30.9,ft^2,1.16,ft/s,,,Unspecified,Unspecified,Unspecified,Unspecified,Unspecified,Unknown,Unspecified,2026-07-01T16:35:28.854214+00:00,point_velocity,Unspecified
05472500,POINT (-92.2046222222222 41.3008444444444),2c325fad-347d-4401-bf6b-108020e2305d,USGS-05472500,4e658eb3-47f0-de41-e053-0100007f062f,232,1963-04-22T06:00:00+00:00,Imported Channel 1,391,ft^3/s,70.0,ft,224,ft^2,1.75,ft/s,,,Unspecified,Unspecified,Unspecified,Unspecified,Unspecified,Unknown,Unspecified,2026-07-01T16:35:28.854214+00:00,point_velocity,Unspecified
05472500,POINT (-92.2046222222222 41.3008444444444),2c78683d-68d0-496e-b8e2-3640974b19d0,USGS-05472500,4e658a41-0a80-dc03-e053-0100007f3fce,177,1959-05-30T06:00:00+00:00,Imported Channel 1,4440,ft^3/s,281,ft,1760,ft^2,2.52,ft/s,,,Unspecified,Unspecified,Unspecified,Unspecified,Unspecified,Unknown,Unspecified,2026-07-01T16:35:28.854214+00:00,point_velocity,Unspecified
05472500,POINT (-92.2046222222222 41.3008444444444),2cbc1e1b-3629-417c-b247-12e8d42ee0bb,USGS-05472500,4e65790c-b2a0-d358-e053-0100007f67a3,677,2007-08-07T20:09:00+00:00,Imported Channel 1,108,ft^3/s,69.0,ft,102,ft^2,1.06,ft/s,,,Unspecified,Unspecified,Unspecified,Unspecified,Unspecified,Unknown,Wading,2026-07-01T16:35:28.854214+00:00,point_velocity,Unspecified
05472500,POINT (-92.2046222222222 41.3008444444444),2ce52f59-cef5-47a5-8f8c-fa146a09ae0a,USGS-05472500,4e658730-b725-da3b-e053-0100007f1978,195,1960-08-22T06:00:00+00:00,Imported Channel 1,113,ft^3/s,73.0,ft,98.4,ft^2,1.15,ft/s,,,Unspecified,Unspecified,Unspecified,Unspecified,Unspecified,Unknown,Unspecified,2026-07-01T16:35:28.854214+00:00,point_velocity,Unspecified
05472500,POINT (-92.2046222222222 41.3008444444444),2d2c47f0-83ee-469c-b4b2-80d4f3ee2b95,USGS-05472500,4e65a323-7e33-e840-e053-0100007f415e,381,1976-01-22T06:00:00+00:00,Imported Channel 1,52.8,ft^3/s,73.0,ft,61.5,ft^2,0.86,ft/s,,,Unspecified,Unspecified,Unspecified,Unspecified,Unspecified,Unknown,Unspecified,2026-07-01T16:35:28.854214+00:00,point_velocity,Unspecified
05472500,POINT (-92.2046222222222 41.3008444444444),2d811203-422c-4b0b-a589-06b8f218e02b,USGS-05472500,4e658730-b71e-da3b-e053-0100007f1978,100,1953-05-22T06:00:00+00:00,Imported Channel 1,218,ft^3/s,74.0,ft,125,ft^2,1.74,ft/s,,,Unspecified,Unspecified,Unspecified,Unspecified,Unspecified,Unknown,Unspecified,2026-07-01T16:35:28.854214+00:00,point_velocity,Unspecified
05472500,POINT (-92.2046222222222 41.3008444444444),2dabc2ca-528e-4888-b896-9c37f82e55b7,USGS-05472500,4e65917f-c0ee-dfe0-e053-0100007f575c,125,1955-06-24T06:00:00+00:00,Imported Channel 1,29.1,ft^3/s,48.0,ft,28.2,ft^2,1.03,ft/s,,,Unspecified,Unspecified,Unspecified,Unspecified,Unspecified,Unknown,Unspecified,2026-07-01T16:35:28.854214+00:00,point_velocity,Unspecified
05472500,POINT (-92.2046222222222 41.3008444444444),2dabcb16-5f19-4eb1-b5bb-c9e2fca42acc,USGS-05472500,4e6580ab-e4de-d722-e053-0100007fb8ae,602,1999-02-01T14:56:00+00:00,Imported Channel 1,312,ft^3/s,90.0,ft,215,ft^2,1.45,ft/s,,,Unspecified,Unspecified,Unspecified,Unspecified,Unspecified,Unknown,BridgeCrane,2026-07-01T16:35:28.854214+00:00,point_velocity,Unspecified
05472500,POINT (-92.2046222222222 41.3008444444444),2e15cc64-eee0-4e07-ba0e-875e335a419e,USGS-05472500,4e6580ab-e509-d722-e053-0100007fb8ae,112,1954-05-21T06:00:00+00:00,Imported Channel 1,24.9,ft^3/s,51.0,ft,33.0,ft^2,0.76,ft/s,,,Unspecified,Unspecified,Unspecified,Unspecified,Unspecified,Unknown,Unspecified,2026-07-01T16:35:28.854214+00:00,point_velocity,Unspecified
05472500,POINT (-92.2046222222222 41.3008444444444),2e29f0b7-2e1b-4031-90c1-fd038df099a8,USGS-05472500,4e658af9-7a22-dc94-e053-0100007f84a6,299,1968-01-22T06:00:00+00:00,Imported Channel 1,126,ft^3/s,64.0,ft,111,ft^2,1.14,ft/s,,,Unspecified,Unspecified,Unspecified,Unspecified,Unspecified,Unknown,Unspecified,2026-07-01T16:35:28.854214+00:00,point_velocity,Unspecified
05472500,POINT (-92.2046222222222 41.3008444444444),2edf5157-d044-412b-8294-ddb7d5c17b12,USGS-05472500,4e6578dc-4f8a-d384-e053-0100007f0d52,33,1947-07-30T06:00:00+00:00,Imported Channel 1,185,ft^3/s,77.0,ft,109,ft^2,1.70,ft/s,,,Unspecified,Unspecified,Unspecified,Unspecified,Unspecified,Unknown,Unspecified,2026-07-01T16:35:28.854214+00:00,point_velocity,Unspecified
05472500,POINT (-92.2046222222222 41.3008444444444),2ef103a9-8da7-420a-80c1-c5354a36b0c9,USGS-05472500,4e65752d-efed-d169-e053-0100007f74ab,581,1996-10-15T15:15:00+00:00,Imported Channel 1,28.0,ft^3/s,29.0,ft,36.7,ft^2,0.76,ft/s,,,Unspecified,Unspecified,Unspecified,Unspecified,Unspecified,Unknown,Wading,2026-07-01T16:35:28.854214+00:00,point_velocity,Unspecified
05472500,POINT (-92.2046222222222 41.3008444444444),2f0af4a3-ce1c-40b1-8360-a1922167fc6a,USGS-05472500,4e6592c3-dda2-e038-e053-0100007f3dbd,306,1968-08-19T05:00:00+00:00,Imported Channel 1,14.8,ft^3/s,37.0,ft,24.8,ft^2,0.60,ft/s,,,Unspecified,Unspecified,Unspecified,Unspecified,Unspecified,Unknown,Unspecified,2026-07-01T16:35:28.854214+00:00,point_velocity,Unspecified
05472500,POINT (-92.2046222222222 41.3008444444444),2f37486b-0df1-4499-9c13-0215a45ad743,USGS-05472500,2c5164a3-1485-402b-b754-456c72f3fc85,795,2023-09-18T22:33:11+00:00,Main,15.6,ft^3/s,39.0,ft,28.9,ft^2,0.54,ft/s,0.00,ft,Firm,Cobbles,Even,Uneven,Unknown,Steady,Wading,2026-07-01T16:35:28.854214+00:00,point_velocity,AtTheGage
05472500,POINT (-92.2046222222222 41.3008444444444),313b121b-d915-46c1-8ec6-2f22dcbb594c,USGS-05472500,4e656f07-d26a-ce30-e053-0100007f1d7d,494,1988-08-26T13:45:00+00:00,Imported Channel 1,74.0,ft^3/s,28.0,ft,36.3,ft^2,2.04,ft/s,,,Unspecified,Unspecified,Unspecified,Unspecified,Unspecified,Unknown,Wading,2026-07-01T16:35:28.854214+00:00,point_velocity,Unspecified
05472500,POINT (-92.2046222222222 41.3008444444444),31926c03-2d83-4539-bd78-40f0c883bffe,USGS-05472500,4e6578fe-2dd5-d388-e053-0100007f2584,158,1958-01-23T06:00:00+00:00,Imported Channel 1,35.6,ft^3/s,54.0,ft,44.2,ft^2,0.81,ft/s,,,Unspecified,Unspecified,Unspecified,Unspecified,Unspecified,Unknown,Unspecified,2026-07-01T16:35:28.854214+00:00,point_velocity,Unspecified
05472500,POINT (-92.2046222222222 41.3008444444444),3193af67-0e1c-47e6-9ebe-1c42d0c0f146,USGS-05472500,4e656a26-ee73-cc4d-e053-0100007f4bc9,242,1964-01-20T06:00:00+00:00,Imported Channel 1,18.1,ft^3/s,50.0,ft,22.1,ft^2,0.83,ft/s,,,Unspecified,Unspecified,Unspecified,Unspecified,Unspecified,Unknown,Unspecified,2026-07-01T16:35:28.854214+00:00,point_velocity,Unspecified
05472500,POINT (-92.2046222222222 41.3008444444444),31976955-30ad-4dd0-91d7-626d1eba3e7a,USGS-05472500,4e658eb3-47e8-de41-e053-0100007f062f,131,1955-12-16T06:00:00+00:00,Imported Channel 1,1.80,ft^3/s,8.50,ft,1.94,ft^2,0.93,ft/s,,,Unspecified,Unspecified,Unspecified,Unspecified,Unspecified,Unknown,Unspecified,2026-07-01T16:35:28.854214+00:00,point_velocity,Unspecified
05472500,POINT (-92.2046222222222 41.3008444444444),31f4d16a-3e79-40e1-9ab3-b36ac7818758,USGS-05472500,4e6578ce-5b6e-d332-e053-0100007f19f0,709,2011-09-19T22:20:00+00:00,Imported Channel 1,41.4,ft^3/s,37.0,ft,22.7,ft^2,1.82,ft/s,20.00,ft,Firm,Cobbles,Even,Even,Standard,Unknown,Wading,2026-07-01T16:35:28.854214+00:00,point_velocity,Downstream
05472500,POINT (-92.2046222222222 41.3008444444444),3250ac1f-90b2-4a59-be5d-2dd857761352,USGS-05472500,4e657c01-cdcb-d526-e053-0100007fd293,505,1989-10-02T14:30:00+00:00,Imported Channel 1,52.8,ft^3/s,29.0,ft,39.0,ft^2,1.35,ft/s,,,Unspecified,Unspecified,Unspecified,Unspecified,Unspecified,Unknown,Wading,2026-07-01T16:35:28.854214+00:00,point_velocity,Unspecified
05472500,POINT (-92.2046222222222 41.3008444444444),3312f99d-3c02-4b6c-b02a-cf79393d1406,USGS-05472500,ef27de2d-3a5a-4ed7-bca3-3472fc368c64,805,2025-04-01T17:35:50+00:00,Main,217,ft^3/s,110,ft,162,ft^2,1.34,ft/s,50.00,ft,Firm,Sand,Even,Even,NonStandard,Pulsating,BridgeDownstreamSide,2026-07-01T16:35:28.854214+00:00,adcp,Upstream
05472500,POINT (-92.2046222222222 41.3008444444444),3354c572-d543-4da1-8935-ebcc7a40e8e9,USGS-05472500,4e659c91-cf9e-e347-e053-0100007f7169,450,1983-08-22T05:00:00+00:00,Imported Channel 1,48.0,ft^3/s,72.0,ft,90.3,ft^2,0.53,ft/s,,,Unspecified,Unspecified,Unspecified,Unspecified,Unspecified,Unknown,Unspecified,2026-07-01T16:35:28.854214+00:00,point_velocity,Unspecified
05472500,POINT (-92.2046222222222 41.3008444444444),337bda61-116d-46d2-9ff9-fe2ae521b882,USGS-05472500,4e65871e-65d4-da41-e053-0100007f0654,287,1967-03-20T06:00:00+00:00,Imported Channel 1,123,ft^3/s,70.0,ft,103,ft^2,1.19,ft/s,,,Unspecified,Unspecified,Unspecified,Unspecified,Unspecified,Unknown,Unspecified,2026-07-01T16:35:28.854214+00:00,point_velocity,Unspecified
05472500,POINT (-92.2046222222222 41.3008444444444),337d9f5e-f87e-4ad8-adb7-0a2346ddfc05,USGS-05472500,4e657118-655f-cf88-e053-0100007fdaa8,496,1988-10-13T14:15:00+00:00,Imported Channel 1,8.00,ft^3/s,19.0,ft,15.5,ft^2,0.52,ft/s,,,Unspecified,Unspecified,Unspecified,Unspecified,Unspecified,Unknown,Wading,2026-07-01T16:35:28.854214+00:00,point_velocity,Unspecified
05472500,POINT (-92.2046222222222 41.3008444444444),339e99a8-88b3-4abb-9f24-f33f46181d47,USGS-05472500,4e659298-7532-e07f-e053-0100007f539c,145,1957-02-18T06:00:00+00:00,Imported Channel 1,81.9,ft^3/s,72.0,ft,76.0,ft^2,1.08,ft/s,,,Unspecified,Unspecified,Unspecified,Unspecified,Unspecified,Unknown,Unspecified,2026-07-01T16:35:28.854214+00:00,point_velocity,Unspecified
05472500,POINT (-92.2046222222222 41.3008444444444),33baca41-b089-4bb5-a65f-2291afa2d071,USGS-05472500,4e659755-86ad-e25d-e053-0100007ff233,217,1962-03-21T06:00:00+00:00,Imported Channel 1,8720,ft^3/s,391,ft,3040,ft^2,2.87,ft/s,,,Unspecified,Unspecified,Unspecified,Unspecified,Unspecified,Unknown,Unspecified,2026-07-01T16:35:28.854214+00:00,point_velocity,Unspecified
05472500,POINT (-92.2046222222222 41.3008444444444),3441768d-8b68-4841-8daa-7d7b6aded6c2,USGS-05472500,4e656deb-8a7c-cdbf-e053-0100007fba32,644,2003-10-29T14:26:00+00:00,Imported Channel 1,21.5,ft^3/s,30.0,ft,42.5,ft^2,0.51,ft/s,,,Unspecified,Unspecified,Unspecified,Unspecified,Unspecified,Unknown,Wading,2026-07-01T16:35:28.854214+00:00,point_velocity,Unspecified
05472500,POINT (-92.2046222222222 41.3008444444444),34804b44-8a18-456b-85c8-d6e89c4244b7,USGS-05472500,4e65a442-5f9a-e842-e053-0100007f4ba9,438,1981-10-19T05:00:00+00:00,Imported Channel 1,165,ft^3/s,72.0,ft,138,ft^2,1.20,ft/s,,,Unspecified,Unspecified,Unspecified,Unspecified,Unspecified,Unknown,Unspecified,2026-07-01T16:35:28.854214+00:00,point_velocity,Unspecified
05472500,POINT (-92.2046222222222 41.3008444444444),34856b97-7e31-4b14-bf8c-1117c9556c26,USGS-05472500,4e658730-b723-da3b-e053-0100007f1978,183,1959-11-20T06:00:00+00:00,Imported Channel 1,310,ft^3/s,79.0,ft,230,ft^2,1.35,ft/s,,,Unspecified,Unspecified,Unspecified,Unspecified,Unspecified,Unknown,Unspecified,2026-07-01T16:35:28.854214+00:00,point_velocity,Unspecified
05472500,POINT (-92.2046222222222 41.3008444444444),35640599-4737-4444-a1e3-a37bff227425,USGS-05472500,3697ca57-56a8-45f2-a92c-bc64fd7802ee,808,2025-07-21T16:04:12+00:00,Main Channel,3910,ft^3/s,141,ft,1450,ft^2,2.69,ft/s,0.00,ft,Soft,Sand,Uneven,Uneven,NonStandard,Pulsating,BridgeDownstreamSide,2026-07-01T16:35:28.854214+00:00,adcp,AtTheGage
05472500,POINT (-92.2046222222222 41.3008444444444),357269bd-3678-4eef-ac38-280aa44448b7,USGS-05472500,4e6586a3-aca4-da37-e053-0100007f6ed1,193,1960-06-20T06:00:00+00:00,Imported Channel 1,1390,ft^3/s,102,ft,666,ft^2,2.09,ft/s,,,Unspecified,Unspecified,Unspecified,Unspecified,Unspecified,Unknown,Unspecified,2026-07-01T16:35:28.854214+00:00,point_velocity,Unspecified
05472500,POINT (-92.2046222222222 41.3008444444444),362c4801-4305-4f69-bffd-591a15448299,USGS-05472500,4e657c1d-c672-d52c-e053-0100007f4f3f,626,2001-10-01T13:15:00+00:00,Imported Channel 1,42.6,ft^3/s,36.0,ft,41.8,ft^2,1.02,ft/s,,,Unspecified,Unspecified,Unspecified,Unspecified,Unspecified,Unknown,Wading,2026-07-01T16:35:28.854214+00:00,point_velocity,Unspecified
05472500,POINT (-92.2046222222222 41.3008444444444),3669f15d-102c-4915-8b62-5a82d6756c60,USGS-05472500,4e6587b1-9ad7-da55-e053-0100007fe6db,219,1962-04-05T06:00:00+00:00,Imported Channel 1,1310,ft^3/s,99.0,ft,663,ft^2,1.98,ft/s,,,Unspecified,Unspecified,Unspecified,Unspecified,Unspecified,Unknown,Unspecified,2026-07-01T16:35:28.854214+00:00,point_velocity,Unspecified
05472500,POINT (-92.2046222222222 41.3008444444444),36c2a001-2776-4c6b-870f-7d0ee94ff962,USGS-05472500,4e6567b8-c6eb-cae9-e053-0100007fd21e,507,1989-12-18T15:45:00+00:00,Imported Channel 1,11.8,ft^3/s,24.5,ft,28.3,ft^2,0.42,ft/s,,,Unspecified,Unspecified,Unspecified,Unspecified,Unspecified,Unknown,Wading,2026-07-01T16:35:28.854214+00:00,point_velocity,Unspecified
05472500,POINT (-92.2046222222222 41.3008444444444),36e04768-6918-4a5d-953a-bcc1c85702cb,USGS-05472500,4e656713-be1c-c7e8-e053-0100007f8f1c,462,1985-02-19T06:00:00+00:00,Imported Channel 1,240,ft^3/s,72.0,ft,191,ft^2,1.26,ft/s,,,Unspecified,Unspecified,Unspecified,Unspecified,Unspecified,Unknown,Ice,2026-07-01T16:35:28.854214+00:00,point_velocity,Unspecified
05472500,POINT (-92.2046222222222 41.3008444444444),36fd4e2f-387f-4e32-9b25-1325664734fa,USGS-05472500,4e6597bd-dde9-e25b-e053-0100007f7bc2,432,1981-02-09T06:00:00+00:00,Imported Channel 1,18.9,ft^3/s,64.0,ft,42.4,ft^2,0.45,ft/s,,,Unspecified,Unspecified,Unspecified,Unspecified,Unspecified,Unknown,Unspecified,2026-07-01T16:35:28.854214+00:00,point_velocity,Unspecified
05472500,POINT (-92.2046222222222 41.3008444444444),37fe08f1-cd81-48b4-996c-38d58350aebc,USGS-05472500,4e65a377-38ef-e88a-e053-0100007fd0b5,732,2015-03-30T16:41:00+00:00,Main,234,ft^3/s,105,ft,259,ft^2,0.90,ft/s,10.00,ft,Firm,Sand,Even,Even,Standard,Unknown,Wading,2026-07-01T16:35:28.854214+00:00,point_velocity,Downstream
05472500,POINT (-92.2046222222222 41.3008444444444),3800b05f-e13f-4b0e-9be0-5dfc121751ef,USGS-05472500,4e658d54-7593-dd17-e053-0100007f243b,171,1959-01-26T06:00:00+00:00,Imported Channel 1,19.3,ft^3/s,46.0,ft,38.9,ft^2,0.50,ft/s,,,Unspecified,Unspecified,Unspecified,Unspecified,Unspecified,Unknown,Unspecified,2026-07-01T16:35:28.854214+00:00,point_velocity,Unspecified
05472500,POINT (-92.2046222222222 41.3008444444444),38113d50-1bc3-49d8-adb9-5bbd4882a76f,USGS-05472500,4e65839c-6966-d8ab-e053-0100007f5a3a,563,1994-10-05T14:05:00+00:00,Imported Channel 1,127,ft^3/s,69.0,ft,103,ft^2,1.23,ft/s,,,Unspecified,Unspecified,Unspecified,Unspecified,Unspecified,Unknown,Wading,2026-07-01T16:35:28.854214+00:00,point_velocity,Unspecified
05472500,POINT (-92.2046222222222 41.3008444444444),38a10078-4d5d-4678-9b9d-51045e1c4245,USGS-05472500,3777745c-20c3-4c8b-9ffb-fabca89b12c2,806,2025-05-28T13:21:43+00:00,MAIN,503,ft^3/s,108,ft,316,ft^2,1.59,ft/s,0.00,ft,Firm,CobblesBoulders,Uneven,Unspecified,NonStandard,Pulsating,BridgeDownstreamSide,2026-07-01T16:35:28.854214+00:00,adcp,AtTheGage
05472500,POINT (-92.2046222222222 41.3008444444444),390881f2-b53c-4231-a3ab-6d4e11303726,USGS-05472500,4e658775-d9e6-da57-e053-0100007f3ef6,264,1965-07-19T06:00:00+00:00,Imported Channel 1,173,ft^3/s,72.0,ft,101,ft^2,1.71,ft/s,,,Unspecified,Unspecified,Unspecified,Unspecified,Unspecified,Unknown,Unspecified,2026-07-01T16:35:28.854214+00:00,point_velocity,Unspecified
05472500,POINT (-92.2046222222222 41.3008444444444),3927d2b7-6d6c-44f2-a394-600944920357,USGS-05472500,4e6587a9-1dca-da5d-e053-0100007f6588,137,1956-06-18T06:00:00+00:00,Imported Channel 1,17.3,ft^3/s,28.0,ft,19.4,ft^2,0.89,ft/s,,,Unspecified,Unspecified,Unspecified,Unspecified,Unspecified,Unknown,Unspecified,2026-07-01T16:35:28.854214+00:00,point_velocity,Unspecified
05472500,POINT (-92.2046222222222 41.3008444444444),39abb324-730a-409c-b7f0-9b0c5d63f46e,USGS-05472500,4e658e87-8e44-de1e-e053-0100007f13b1,103,1953-08-20T06:00:00+00:00,Imported Channel 1,11.4,ft^3/s,51.0,ft,24.2,ft^2,0.47,ft/s,,,Unspecified,Unspecified,Unspecified,Unspecified,Unspecified,Unknown,Unspecified,2026-07-01T16:35:28.854214+00:00,point_velocity,Unspecified
05472500,POINT (-92.2046222222222 41.3008444444444),39b80b5c-3365-4b64-9a94-9e437030872c,USGS-05472500,4e65a7ad-4472-eab9-e053-0100007fa6f3,430,1980-11-17T06:00:00+00:00,Imported Channel 1,37.4,ft^3/s,66.0,ft,77.8,ft^2,0.48,ft/s,,,Unspecified,Unspecified,Unspecified,Unspecified,Unspecified,Unknown,Unspecified,2026-07-01T16:35:28.854214+00:00,point_velocity,Unspecified
05472500,POINT (-92.2046222222222 41.3008444444444),39fe96da-ecab-4cf0-98af-610d9ca6b686,USGS-05472500,4e6578ce-5b5a-d332-e053-0100007f19f0,509,1990-03-15T18:10:00+00:00,Imported Channel 1,3100,ft^3/s,160,ft,1330,ft^2,2.33,ft/s,,,Unspecified,Unspecified,Unspecified,Unspecified,Unspecified,Unknown,BridgeCrane,2026-07-01T16:35:28.854214+00:00,point_velocity,Unspecified
05472500,POINT (-92.2046222222222 41.3008444444444),3a32569f-cacb-433e-91ba-3c4fc4dfe9f6,USGS-05472500,4e6571cc-9809-d004-e053-0100007fdd11,647,2004-03-29T15:54:00+00:00,Imported Channel 1,1340,ft^3/s,118,ft,589,ft^2,2.28,ft/s,,ft,Unspecified,Unspecified,Unspecified,Unspecified,Unspecified,Unknown,Unspecified,2026-07-01T16:35:28.854214+00:00,adcp,Unspecified
05472500,POINT (-92.2046222222222 41.3008444444444),3abc1cba-7d15-4b25-b4b0-7cfcde0505a0,USGS-05472500,4e658762-5a03-da59-e053-0100007ffd1a,224,1962-08-27T06:00:00+00:00,Imported Channel 1,136,ft^3/s,60.0,ft,90.2,ft^2,1.51,ft/s,,,Unspecified,Unspecified,Unspecified,Unspecified,Unspecified,Unknown,Unspecified,2026-07-01T16:35:28.854214+00:00,point_velocity,Unspecified
05472500,POINT (-92.2046222222222 41.3008444444444),3ac879c7-3239-4639-ada9-4ef83087fd63,USGS-05472500,4e6578f6-ebbd-d396-e053-0100007f255d,625,2001-08-13T13:40:00+00:00,Imported Channel 1,57.3,ft^3/s,36.0,ft,55.4,ft^2,1.04,ft/s,,,Unspecified,Unspecified,Unspecified,Unspecified,Unspecified,Unknown,Wading,2026-07-01T16:35:28.854214+00:00,point_velocity,Unspecified
05472500,POINT (-92.2046222222222 41.3008444444444),3b3907c5-5dea-42bc-910b-bfaf2e398666,USGS-05472500,4e6575ed-f2bd-d1ad-e053-0100007f5dec,472,1986-04-21T06:00:00+00:00,Imported Channel 1,360,ft^3/s,74.0,ft,236,ft^2,1.53,ft/s,,,Unspecified,Unspecified,Unspecified,Unspecified,Unspecified,Unknown,BridgeCrane,2026-07-01T16:35:28.854214+00:00,point_velocity,Unspecified
05472500,POINT (-92.2046222222222 41.3008444444444),3b63aae7-80f2-4a33-b31f-5045d96eeaee,USGS-05472500,4e659270-ea55-e07d-e053-0100007f55e0,110,1954-03-18T06:00:00+00:00,Imported Channel 1,11.4,ft^3/s,16.0,ft,6.24,ft^2,1.84,ft/s,,,Unspecified,Unspecified,Unspecified,Unspecified,Unspecified,Unknown,Unspecified,2026-07-01T16:35:28.854214+00:00,point_velocity,Unspecified
05472500,POINT (-92.2046222222222 41.3008444444444),3b8ac943-0dde-4280-8049-a15e17993ae9,USGS-05472500,4e658789-4934-daa3-e053-0100007f15b5,435,1981-06-08T05:00:00+00:00,Imported Channel 1,36.4,ft^3/s,58.0,ft,58.8,ft^2,0.62,ft/s,,,Unspecified,Unspecified,Unspecified,Unspecified,Unspecified,Unknown,Unspecified,2026-07-01T16:35:28.854214+00:00,point_velocity,Unspecified
05472500,POINT (-92.2046222222222 41.3008444444444),3b90ecda-3000-4b35-bed7-0451660a5355,USGS-05472500,4e659609-370b-e1bd-e053-0100007f1204,221,1962-05-21T06:00:00+00:00,Imported Channel 1,251,ft^3/s,77.0,ft,156,ft^2,1.61,ft/s,,,Unspecified,Unspecified,Unspecified,Unspecified,Unspecified,Unknown,Unspecified,2026-07-01T16:35:28.854214+00:00,point_velocity,Unspecified
05472500,POINT (-92.2046222222222 41.3008444444444),3bef0690-cfb3-4f61-9e8d-eda310c984a0,USGS-05472500,4e659441-131e-e079-e053-0100007ff337,300,1968-02-19T06:00:00+00:00,Imported Channel 1,23.4,ft^3/s,38.0,ft,35.5,ft^2,0.66,ft/s,,,Unspecified,Unspecified,Unspecified,Unspecified,Unspecified,Unknown,Unspecified,2026-07-01T16:35:28.854214+00:00,point_velocity,Unspecified
05472500,POINT (-92.2046222222222 41.3008444444444),3c244dba-e015-4aec-b6e1-08169a562494,USGS-05472500,4e657902-85c2-d366-e053-0100007f7d62,34,1947-09-05T06:00:00+00:00,Imported Channel 1,34.6,ft^3/s,47.0,ft,51.4,ft^2,0.67,ft/s,,,Unspecified,Unspecified,Unspecified,Unspecified,Unspecified,Unknown,Unspecified,2026-07-01T16:35:28.854214+00:00,point_velocity,Unspecified
05472500,POINT (-92.2046222222222 41.3008444444444),3c799489-b0d7-451e-bc92-f3a7ff7e55a6,USGS-05472500,4e65790c-b2ab-d358-e053-0100007f67a3,40,1948-03-18T06:00:00+00:00,Imported Channel 1,7120,ft^3/s,386,ft,2680,ft^2,2.67,ft/s,,,Unspecified,Unspecified,Unspecified,Unspecified,Unspecified,Unknown,Unspecified,2026-07-01T16:35:28.854214+00:00,point_velocity,Unspecified
05472500,POINT (-92.2046222222222 41.3008444444444),3d669d77-d2ac-4517-b7cb-55b4d1965431,USGS-05472500,4e658fe6-bfc3-de12-e053-0100007f5d87,335,1971-04-05T06:00:00+00:00,Imported Channel 1,253,ft^3/s,86.0,ft,154,ft^2,1.64,ft/s,,,Unspecified,Unspecified,Unspecified,Unspecified,Unspecified,Unknown,Unspecified,2026-07-01T16:35:28.854214+00:00,point_velocity,Unspecified
05472500,POINT (-92.2046222222222 41.3008444444444),3e03b1ab-1a54-44ee-82f3-f1ef9e4289e4,USGS-05472500,4e65872e-e6b4-da47-e053-0100007f48a2,702,2010-10-27T15:39:00+00:00,Imported Channel 1,346,ft^3/s,70.0,ft,130,ft^2,2.65,ft/s,,,Firm,CobblesBoulders,Uneven,Even,Unspecified,Unknown,Wading,2026-07-01T16:35:28.854214+00:00,point_velocity,AtTheGage
05472500,POINT (-92.2046222222222 41.3008444444444),3f05a618-928c-48f7-85af-ff83f4ae4464,USGS-05472500,4e659c34-6cdc-e345-e053-0100007f8275,397,1977-06-11T05:00:00+00:00,Imported Channel 1,5.30,ft^3/s,16.5,ft,6.51,ft^2,0.81,ft/s,,,Unspecified,Unspecified,Unspecified,Unspecified,Unspecified,Unknown,Unspecified,2026-07-01T16:35:28.854214+00:00,point_velocity,Unspecified
05472500,POINT (-92.2046222222222 41.3008444444444),3f5076d9-8d33-448c-9770-73be951c04d6,USGS-05472500,4e6596f1-ecc3-e205-e053-0100007fcdf3,454,1984-02-07T06:00:00+00:00,Imported Channel 1,377,ft^3/s,77.0,ft,254,ft^2,1.48,ft/s,,,Unspecified,Unspecified,Unspecified,Unspecified,Unspecified,Unknown,Unspecified,2026-07-01T16:35:28.854214+00:00,point_velocity,Unspecified
05472500,POINT (-92.2046222222222 41.3008444444444),3f7f19ec-ceb6-4191-b674-62e7697fdf3c,USGS-05472500,4e65a826-e93a-eabd-e053-0100007f1048,730,2014-09-02T18:07:24+00:00,Main,1080,ft^3/s,116,ft,613,ft^2,1.76,ft/s,30.00,ft,Firm,Sand,Even,Even,Standard,Unknown,BridgeDownstreamSide,2026-07-01T16:35:28.854214+00:00,adcp,Downstream
05472500,POINT (-92.2046222222222 41.3008444444444),3fac6c8e-ed55-42a2-a3b7-7c4c3da230ae,USGS-05472500,4e6578f6-ebed-d396-e053-0100007f255d,199,1960-12-21T06:00:00+00:00,Imported Channel 1,53.5,ft^3/s,36.0,ft,63.4,ft^2,0.84,ft/s,,,Unspecified,Unspecified,Unspecified,Unspecified,Unspecified,Unknown,Unspecified,2026-07-01T16:35:28.854214+00:00,point_velocity,Unspecified
05472500,POINT (-92.2046222222222 41.3008444444444),419e7888-28e9-4c1f-ba74-b5fbb677530a,USGS-05472500,4e65ab95-4810-ebfa-e053-0100007ff684,715,2012-08-07T00:28:00+00:00,Main,26.9,ft^3/s,39.0,ft,46.6,ft^2,0.58,ft/s,40.00,ft,Firm,Gravel,Even,Even,Standard,Unknown,Wading,2026-07-01T16:35:28.854214+00:00,point_velocity,Upstream
05472500,POINT (-92.2046222222222 41.3008444444444),42eecc82-f0a3-4ed6-b658-5f1dcdf4e3d4,USGS-05472500,4e65876c-e204-da97-e053-0100007f37cf,636,2002-11-19T13:28:00+00:00,Imported Channel 1,85.7,ft^3/s,79.0,ft,104,ft^2,0.82,ft/s,,,Unspecified,Unspecified,Unspecified,Unspecified,Unspecified,Unknown,Wading,2026-07-01T16:35:28.854214+00:00,point_velocity,Unspecified
05472500,POINT (-92.2046222222222 41.3008444444444),43c174ed-867f-4d06-be5e-a602030870cd,USGS-05472500,4e656a20-1fa0-cc49-e053-0100007fd7f0,523,1991-03-20T16:15:00+00:00,Imported Channel 1,3080,ft^3/s,170,ft,1330,ft^2,2.32,ft/s,,,Unspecified,Unspecified,Unspecified,Unspecified,Unspecified,Unknown,BridgeCrane,2026-07-01T16:35:28.854214+00:00,point_velocity,Unspecified
05472500,POINT (-92.2046222222222 41.3008444444444),440d24a9-d3bb-4e9a-b2f9-daf31ea1045a,USGS-05472500,4e6578cc-28f2-d364-e053-0100007f2984,89,1952-05-12T06:00:00+00:00,Imported Channel 1,445,ft^3/s,85.0,ft,325,ft^2,1.37,ft/s,,,Unspecified,Unspecified,Unspecified,Unspecified,Unspecified,Unknown,Unspecified,2026-07-01T16:35:28.854214+00:00,point_velocity,Unspecified
05472500,POINT (-92.2046222222222 41.3008444444444),443faa61-e72c-4e45-af59-a394d3d8191f,USGS-05472500,5eff11c9-457f-a5c3-e053-0100007f6064,755,2017-11-27T19:02:30+00:00,main,41.9,ft^3/s,50.0,ft,49.7,ft^2,0.84,ft/s,75.00,ft,Firm,Cobbles,Uneven,Uneven,Standard,Steady,Wading,2026-07-01T16:35:28.854214+00:00,point_velocity,Upstream
05472500,POINT (-92.2046222222222 41.3008444444444),44840cf7-bf53-4432-a3b4-1634df573f23,USGS-05472500,4e658e65-81c2-de0e-e053-0100007f9b1f,105,1953-10-22T06:00:00+00:00,Imported Channel 1,1.41,ft^3/s,27.0,ft,8.80,ft^2,0.16,ft/s,,,Unspecified,Unspecified,Unspecified,Unspecified,Unspecified,Unknown,Unspecified,2026-07-01T16:35:28.854214+00:00,point_velocity,Unspecified
05472500,POINT (-92.2046222222222 41.3008444444444),44ff9c9f-8aea-4b7e-a6c2-037fd88d7650,USGS-05472500,4e658005-7551-d712-e053-0100007fe7c0,76,1951-04-19T06:00:00+00:00,Imported Channel 1,526,ft^3/s,85.0,ft,336,ft^2,1.57,ft/s,,,Unspecified,Unspecified,Unspecified,Unspecified,Unspecified,Unknown,Unspecified,2026-07-01T16:35:28.854214+00:00,point_velocity,Unspecified
05472500,POINT (-92.2046222222222 41.3008444444444),454eedee-249c-4741-89e5-8d70fced70b5,USGS-05472500,4e6578c9-6222-d38a-e053-0100007f622f,645,2003-12-02T19:56:00+00:00,Imported Channel 1,140,ft^3/s,71.0,ft,93.6,ft^2,1.50,ft/s,,,Unspecified,Unspecified,Unspecified,Unspecified,Unspecified,Unknown,Wading,2026-07-01T16:35:28.854214+00:00,point_velocity,Unspecified
05472500,POINT (-92.2046222222222 41.3008444444444),459cf532-3f33-4e63-b71c-2f4a4bd6ecc8,USGS-05472500,4e6597bd-dde4-e25b-e053-0100007f7bc2,417,1979-08-01T05:00:00+00:00,Imported Channel 1,178,ft^3/s,78.0,ft,169,ft^2,1.05,ft/s,,,Unspecified,Unspecified,Unspecified,Unspecified,Unspecified,Unknown,Unspecified,2026-07-01T16:35:28.854214+00:00,point_velocity,Unspecified
05472500,POINT (-92.2046222222222 41.3008444444444),468395d4-35b6-4d64-b7dc-27075dce2906,USGS-05472500,4e6567e0-68f9-caef-e053-0100007fbe88,604,1999-04-22T17:15:00+00:00,Imported Channel 1,974,ft^3/s,128,ft,552,ft^2,1.76,ft/s,,,Unspecified,Unspecified,Unspecified,Unspecified,Unspecified,Unknown,BridgeCrane,2026-07-01T16:35:28.854214+00:00,point_velocity,Unspecified
05472500,POINT (-92.2046222222222 41.3008444444444),4689d743-7d6c-42bc-9923-9c9260f2ef63,USGS-05472500,4e65713a-f917-cf8a-e053-0100007fca45,681,2008-03-17T14:55:00+00:00,Imported Channel 1,5300,ft^3/s,170,ft,1820,ft^2,2.91,ft/s,,ft,Unspecified,Unspecified,Unspecified,Unspecified,Unspecified,Unknown,Unspecified,2026-07-01T16:35:28.854214+00:00,adcp,Unspecified
05472500,POINT (-92.2046222222222 41.3008444444444),46950343-4954-472c-b55d-78f26c5f6d09,USGS-05472500,4e658788-327d-da6f-e053-0100007f0b10,47,1948-08-26T06:00:00+00:00,Imported Channel 1,17.3,ft^3/s,57.0,ft,71.1,ft^2,0.24,ft/s,,,Unspecified,Unspecified,Unspecified,Unspecified,Unspecified,Unknown,Unspecified,2026-07-01T16:35:28.854214+00:00,point_velocity,Unspecified
05472500,POINT (-92.2046222222222 41.3008444444444),46ed9c82-b6e2-4861-8313-2162f7a20705,USGS-05472500,4e6578dc-4f80-d384-e053-0100007f0d52,666,2006-06-14T16:46:00+00:00,Imported Channel 1,135,ft^3/s,92.0,ft,100,ft^2,1.35,ft/s,,,Unspecified,Unspecified,Unspecified,Unspecified,Unspecified,Unknown,Wading,2026-07-01T16:35:28.854214+00:00,point_velocity,Unspecified
05472500,POINT (-92.2046222222222 41.3008444444444),471329be-cf53-445f-89e8-02da3410098a,USGS-05472500,4e65a873-3028-eabb-e053-0100007f1402,431,1980-12-30T06:00:00+00:00,Imported Channel 1,36.4,ft^3/s,67.0,ft,55.4,ft^2,0.66,ft/s,,,Unspecified,Unspecified,Unspecified,Unspecified,Unspecified,Unknown,Unspecified,2026-07-01T16:35:28.854214+00:00,point_velocity,Unspecified
05472500,POINT (-92.2046222222222 41.3008444444444),48699c62-82b6-48b7-94ed-1212d1ca0056,USGS-05472500,4e658762-5a1a-da59-e053-0100007ffd1a,406,1978-04-20T06:00:00+00:00,Imported Channel 1,4030,ft^3/s,132,ft,1350,ft^2,2.99,ft/s,,,Unspecified,Unspecified,Unspecified,Unspecified,Unspecified,Unknown,Unspecified,2026-07-01T16:35:28.854214+00:00,point_velocity,Unspecified
05472500,POINT (-92.2046222222222 41.3008444444444),487461a3-921a-4aa5-a60e-98c7b30abde7,USGS-05472500,4e659755-86c3-e25d-e053-0100007ff233,396,1977-06-08T05:00:00+00:00,Imported Channel 1,14.4,ft^3/s,34.5,ft,15.3,ft^2,0.94,ft/s,,,Unspecified,Unspecified,Unspecified,Unspecified,Unspecified,Unknown,Unspecified,2026-07-01T16:35:28.854214+00:00,point_velocity,Unspecified
05472500,POINT (-92.2046222222222 41.3008444444444),48b52822-ea6b-49b2-be83-641cae5c32db,USGS-05472500,4e6597bd-ddd5-e25b-e053-0100007f7bc2,351,1972-12-04T06:00:00+00:00,Imported Channel 1,556,ft^3/s,90.0,ft,404,ft^2,1.38,ft/s,,,Unspecified,Unspecified,Unspecified,Unspecified,Unspecified,Unknown,Unspecified,2026-07-01T16:35:28.854214+00:00,point_velocity,Unspecified
05472500,POINT (-92.2046222222222 41.3008444444444),4974df5b-fa48-4ece-879c-08b0d27747af,USGS-05472500,4e656c61-e8b0-cb56-e053-0100007fa58c,648,2004-04-26T15:00:00+00:00,Imported Channel 1,629,ft^3/s,108,ft,329,ft^2,1.91,ft/s,,ft,Unspecified,Unspecified,Unspecified,Unspecified,Unspecified,Unknown,Unspecified,2026-07-01T16:35:28.854214+00:00,adcp,Unspecified
05472500,POINT (-92.2046222222222 41.3008444444444),49ae960c-9922-41e2-910d-4aa0b9d572f2,USGS-05472500,4e6580ab-e4dd-d722-e053-0100007fb8ae,599,1998-09-28T13:00:00+00:00,Imported Channel 1,116,ft^3/s,50.0,ft,82.2,ft^2,1.41,ft/s,,,Unspecified,Unspecified,Unspecified,Unspecified,Unspecified,Unknown,Wading,2026-07-01T16:35:28.854214+00:00,point_velocity,Unspecified
05472500,POINT (-92.2046222222222 41.3008444444444),49be353b-76c1-4985-8b3a-1964e6660f6d,USGS-05472500,4e657889-546c-d32c-e053-0100007f5dd3,568,1995-05-31T17:25:00+00:00,Imported Channel 1,1110,ft^3/s,120,ft,566,ft^2,1.96,ft/s,,,Unspecified,Unspecified,Unspecified,Unspecified,Unspecified,Unknown,BridgeCrane,2026-07-01T16:35:28.854214+00:00,point_velocity,Unspecified
05472500,POINT (-92.2046222222222 41.3008444444444),49c8065b-5006-4c95-84a7-e2e4571ff4a5,USGS-05472500,2f042138-df08-4636-b6ce-d4179a6dd5b8,778,2021-01-22T20:06:00+00:00,Main,113,ft^3/s,90.0,ft,106,ft^2,1.07,ft/s,0.00,ft,Firm,Cobbles,Uneven,Uneven,NonStandard,Pulsating,Wading,2026-07-01T16:35:28.854214+00:00,point_velocity,AtTheGage
05472500,POINT (-92.2046222222222 41.3008444444444),4b0ea80e-b4fe-4010-a787-1a88a5882e0d,USGS-05472500,4e658070-e569-d726-e053-0100007f8798,10,1946-03-20T06:00:00+00:00,Imported Channel 1,1770,ft^3/s,105,ft,819,ft^2,2.16,ft/s,,,Unspecified,Unspecified,Unspecified,Unspecified,Unspecified,Unknown,Unspecified,2026-07-01T16:35:28.854214+00:00,point_velocity,Unspecified
05472500,POINT (-92.2046222222222 41.3008444444444),4b1ce970-d97d-4c9b-a610-1fad6d09882f,USGS-05472500,4e657c59-c0b8-d532-e053-0100007f3c21,61,1949-12-12T06:00:00+00:00,Imported Channel 1,9.65,ft^3/s,15.0,ft,12.1,ft^2,0.80,ft/s,,,Unspecified,Unspecified,Unspecified,Unspecified,Unspecified,Unknown,Unspecified,2026-07-01T16:35:28.854214+00:00,point_velocity,Unspecified
05472500,POINT (-92.2046222222222 41.3008444444444),4b68bbd0-dd2d-41e8-b065-6dbc8a7bcd12,USGS-05472500,84908d35-e23f-8ab0-e053-0100007f2678,763,2019-03-20T23:49:27+00:00,Main,1570,ft^3/s,133,ft,789,ft^2,1.99,ft/s,0.00,ft,Soft,Sand,Even,Even,NonStandard,Steady,MannedMovingBoat,2026-07-01T16:35:28.854214+00:00,adcp,Downstream
05472500,POINT (-92.2046222222222 41.3008444444444),4bf26f68-b39c-4959-a770-0439cc27f7f9,USGS-05472500,4e6581f7-9bed-d714-e053-0100007fc55d,687,2009-02-17T15:20:00+00:00,Imported Channel 1,407,ft^3/s,100,ft,248,ft^2,1.64,ft/s,10.00,ft,Firm,Gravel,Even,Even,Unspecified,Unknown,Wading,2026-07-01T16:35:28.854214+00:00,point_velocity,Downstream
05472500,POINT (-92.2046222222222 41.3008444444444),4d3a68e6-1e2c-429b-86cd-a2292e73a9b4,USGS-05472500,4e65aac1-c104-ec0e-e053-0100007f9b48,451,1983-10-03T05:00:00+00:00,Imported Channel 1,83.8,ft^3/s,76.0,ft,112,ft^2,0.75,ft/s,,,Unspecified,Unspecified,Unspecified,Unspecified,Unspecified,Unknown,Unspecified,2026-07-01T16:35:28.854214+00:00,point_velocity,Unspecified
05472500,POINT (-92.2046222222222 41.3008444444444),4d4a56fa-b10d-4d58-86bf-f0d1e17ef139,USGS-05472500,4e65713a-f8fe-cf8a-e053-0100007fca45,611,2000-01-10T13:35:00+00:00,Imported Channel 1,38.0,ft^3/s,52.0,ft,39.2,ft^2,0.97,ft/s,,,Unspecified,Unspecified,Unspecified,Unspecified,Unspecified,Unknown,Wading,2026-07-01T16:35:28.854214+00:00,point_velocity,Unspecified
05472500,POINT (-92.2046222222222 41.3008444444444),4db41d3a-c95c-4f0a-b281-fda2531163fc,USGS-05472500,4e65aabf-24fa-ec1c-e053-0100007f720e,719,2013-03-13T18:02:00+00:00,channel1,6350,ft^3/s,163,ft,2110,ft^2,3.01,ft/s,,ft,Soft,Sand,Even,Even,Standard,Unknown,MannedMovingBoat,2026-07-01T16:35:28.854214+00:00,adcp,AtTheGage
05472500,POINT (-92.2046222222222 41.3008444444444),4dc1213a-938e-42f0-a532-43f4a6ce2e29,USGS-05472500,4e65784e-2dcc-d32e-e053-0100007f404c,622,2001-03-14T19:17:00+00:00,Imported Channel 1,3210,ft^3/s,150,ft,1310,ft^2,2.45,ft/s,,,Unspecified,Unspecified,Unspecified,Unspecified,Unspecified,Unknown,BridgeCrane,2026-07-01T16:35:28.854214+00:00,point_velocity,Unspecified
05472500,POINT (-92.2046222222222 41.3008444444444),4e30f49b-3896-421c-9471-4a9a23eedddb,USGS-05472500,4e6571cc-97f3-d004-e053-0100007fdd11,501,1989-04-24T14:05:00+00:00,Imported Channel 1,28.6,ft^3/s,22.0,ft,22.0,ft^2,1.30,ft/s,,,Unspecified,Unspecified,Unspecified,Unspecified,Unspecified,Unknown,Wading,2026-07-01T16:35:28.854214+00:00,point_velocity,Unspecified
05472500,POINT (-92.2046222222222 41.3008444444444),4e5ad097-b698-4b33-ba55-3ec228e58d9b,USGS-05472500,4e6566f5-d7c1-caa8-e053-0100007f206d,467,1985-09-16T05:00:00+00:00,Imported Channel 1,11.4,ft^3/s,37.0,ft,29.5,ft^2,0.39,ft/s,,,Unspecified,Unspecified,Unspecified,Unspecified,Unspecified,Unknown,Wading,2026-07-01T16:35:28.854214+00:00,point_velocity,Unspecified
05472500,POINT (-92.2046222222222 41.3008444444444),4e69084c-87e8-461e-9882-dc8f35c4f2bb,USGS-05472500,4e657f99-3b5e-d708-e053-0100007fbf7c,555,1993-07-06T22:40:00+00:00,Imported Channel 1,17400,ft^3/s,3550,ft,4940,ft^2,3.52,ft/s,,,Unspecified,Unspecified,Unspecified,Unspecified,Unspecified,Unknown,BridgeCrane,2026-07-01T16:35:28.854214+00:00,point_velocity,Unspecified
05472500,POINT (-92.2046222222222 41.3008444444444),4f4550de-05e6-4297-b053-be0d52c0990b,USGS-05472500,4e65aad3-78d6-ec00-e053-0100007f2db0,731,2014-10-20T17:08:38+00:00,Main,1020,ft^3/s,111,ft,634,ft^2,1.61,ft/s,30.00,ft,Firm,Sand,Even,Even,Standard,Unknown,BridgeDownstreamSide,2026-07-01T16:35:28.854214+00:00,adcp,Downstream
05472500,POINT (-92.2046222222222 41.3008444444444),4f626474-f1bd-46c3-a2a0-d9eeb73e63fa,USGS-05472500,4e65995b-df95-e397-e053-0100007f67e7,312,1969-03-25T06:00:00+00:00,Imported Channel 1,1620,ft^3/s,97.0,ft,705,ft^2,2.30,ft/s,,,Unspecified,Unspecified,Unspecified,Unspecified,Unspecified,Unknown,Unspecified,2026-07-01T16:35:28.854214+00:00,point_velocity,Unspecified
05472500,POINT (-92.2046222222222 41.3008444444444),4faca2b2-380f-4e92-8797-5878e457e45a,USGS-05472500,4e65871e-65bd-da41-e053-0100007f0654,184,1959-12-14T06:00:00+00:00,Imported Channel 1,223,ft^3/s,67.0,ft,148,ft^2,1.51,ft/s,,,Unspecified,Unspecified,Unspecified,Unspecified,Unspecified,Unknown,Unspecified,2026-07-01T16:35:28.854214+00:00,point_velocity,Unspecified
05472500,POINT (-92.2046222222222 41.3008444444444),4fb63882-25c4-48cc-b2fd-537630b7f9e2,USGS-05472500,4e659c3c-4a82-e349-e053-0100007f66a0,713,2012-05-09T21:28:00+00:00,Main,642,ft^3/s,109,ft,403,ft^2,1.59,ft/s,15.00,ft,Firm,Sand,Even,Even,Standard,Unknown,MannedMovingBoat,2026-07-01T16:35:28.854214+00:00,adcp,Downstream
05472500,POINT (-92.2046222222222 41.3008444444444),4fc10a53-8f82-4edf-b821-ac0c5ff86e52,USGS-05472500,52bcf0e7-19de-4cac-8b1d-054c0b1d1d26,780,2021-05-10T21:40:06+00:00,Main,706,ft^3/s,112,ft,403,ft^2,1.75,ft/s,5.00,ft,Firm,SiltMud,Even,Even,NonStandard,Steady,BridgeDownstreamSide,2026-07-01T16:35:28.854214+00:00,adcp,Downstream
05472500,POINT (-92.2046222222222 41.3008444444444),5006d2f7-ee38-4ef3-9df9-7bfe8a13f21b,USGS-05472500,4e657c1d-c671-d52c-e053-0100007f4f3f,615,2000-06-19T15:05:00+00:00,Imported Channel 1,448,ft^3/s,120,ft,258,ft^2,1.74,ft/s,,,Unspecified,Unspecified,Unspecified,Unspecified,Unspecified,Unknown,BridgeCrane,2026-07-01T16:35:28.854214+00:00,point_velocity,Unspecified
05472500,POINT (-92.2046222222222 41.3008444444444),508728c5-d4df-44b9-b3e2-8bbf8724dfca,USGS-05472500,4e658005-754a-d712-e053-0100007fe7c0,51,1949-01-20T06:00:00+00:00,Imported Channel 1,305,ft^3/s,88.0,ft,394,ft^2,0.77,ft/s,,,Unspecified,Unspecified,Unspecified,Unspecified,Unspecified,Unknown,Unspecified,2026-07-01T16:35:28.854214+00:00,point_velocity,Unspecified
05472500,POINT (-92.2046222222222 41.3008444444444),50a8be8c-7299-4826-bdcb-d8a2a57739f4,USGS-05472500,4e6575ed-f2d8-d1ad-e053-0100007f5dec,683,2008-06-02T15:30:00+00:00,Imported Channel 1,3100,ft^3/s,135,ft,1290,ft^2,2.40,ft/s,,ft,Unspecified,Unspecified,Unspecified,Unspecified,Unspecified,Unknown,Unspecified,2026-07-01T16:35:28.854214+00:00,adcp,Unspecified
05472500,POINT (-92.2046222222222 41.3008444444444),50d7084f-c467-472c-b367-c8ee99e2ab14,USGS-05472500,4e65803c-e990-d718-e053-0100007f9460,7,1946-01-11T06:00:00+00:00,Imported Channel 1,2520,ft^3/s,226,ft,1250,ft^2,2.02,ft/s,,,Unspecified,Unspecified,Unspecified,Unspecified,Unspecified,Unknown,Unspecified,2026-07-01T16:35:28.854214+00:00,point_velocity,Unspecified
05472500,POINT (-92.2046222222222 41.3008444444444),50fa3dd1-e2eb-4a63-89e3-ec2bde671daa,USGS-05472500,4e65a346-2941-e848-e053-0100007f9b64,440,1982-01-12T06:00:00+00:00,Imported Channel 1,73.1,ft^3/s,68.0,ft,99.6,ft^2,0.73,ft/s,,,Unspecified,Unspecified,Unspecified,Unspecified,Unspecified,Unknown,Unspecified,2026-07-01T16:35:28.854214+00:00,point_velocity,Unspecified
05472500,POINT (-92.2046222222222 41.3008444444444),5100f6d0-1cf4-4a85-8b9c-e8e6c5625818,USGS-05472500,4e656deb-8a74-cdbf-e053-0100007fba32,588,1997-08-01T18:30:00+00:00,Imported Channel 1,96.4,ft^3/s,59.0,ft,56.4,ft^2,1.71,ft/s,,,Unspecified,Unspecified,Unspecified,Unspecified,Unspecified,Unknown,Wading,2026-07-01T16:35:28.854214+00:00,point_velocity,Unspecified
05472500,POINT (-92.2046222222222 41.3008444444444),511a7193-df7d-40f0-9b6f-8676a18a17d1,USGS-05472500,4e656f07-d272-ce30-e053-0100007f1d7d,513,1990-05-26T17:45:00+00:00,Imported Channel 1,3650,ft^3/s,174,ft,1730,ft^2,2.11,ft/s,,,Unspecified,Unspecified,Unspecified,Unspecified,Unspecified,Unknown,BridgeCrane,2026-07-01T16:35:28.854214+00:00,point_velocity,Unspecified
05472500,POINT (-92.2046222222222 41.3008444444444),51832ec5-b5b7-4956-8b36-0fea8324ab02,USGS-05472500,4e65871e-65dc-da41-e053-0100007f0654,352,1973-01-16T06:00:00+00:00,Imported Channel 1,413,ft^3/s,85.0,ft,341,ft^2,1.21,ft/s,,,Unspecified,Unspecified,Unspecified,Unspecified,Unspecified,Unknown,Unspecified,2026-07-01T16:35:28.854214+00:00,point_velocity,Unspecified
05472500,POINT (-92.2046222222222 41.3008444444444),51a9462a-4358-4ca6-bcd7-dbef9cf5b944,USGS-05472500,4e6571e8-38d3-cffc-e053-0100007fe6ba,594,1998-04-13T14:35:00+00:00,Imported Channel 1,1100,ft^3/s,125,ft,612,ft^2,1.80,ft/s,,,Unspecified,Unspecified,Unspecified,Unspecified,Unspecified,Unknown,BridgeCrane,2026-07-01T16:35:28.854214+00:00,point_velocity,Unspecified
05472500,POINT (-92.2046222222222 41.3008444444444),51cdd41a-edfd-40e0-996a-e14b5dc7b0bd,USGS-05472500,4e659939-26aa-e35b-e053-0100007f6976,714,2012-06-28T16:08:00+00:00,Main,68.0,ft^3/s,67.0,ft,44.8,ft^2,1.52,ft/s,,,Firm,Gravel,Even,Even,Standard,Unknown,Wading,2026-07-01T16:35:28.854214+00:00,point_velocity,AtTheGage
05472500,POINT (-92.2046222222222 41.3008444444444),521f01e9-1244-4396-b105-f9e295649848,USGS-05472500,4e658b95-4920-dc07-e053-0100007f8a7a,367,1974-08-05T05:00:00+00:00,Imported Channel 1,158,ft^3/s,62.0,ft,89.9,ft^2,1.76,ft/s,,,Unspecified,Unspecified,Unspecified,Unspecified,Unspecified,Unknown,Unspecified,2026-07-01T16:35:28.854214+00:00,point_velocity,Unspecified
05472500,POINT (-92.2046222222222 41.3008444444444),52344362-8478-4a66-87ed-6ed4812c55ed,USGS-05472500,4e6565df-ccce-c95f-e053-0100007fcee1,481,1987-04-27T14:50:00+00:00,Imported Channel 1,651,ft^3/s,113,ft,373,ft^2,1.75,ft/s,,,Unspecified,Unspecified,Unspecified,Unspecified,Unspecified,Unknown,BridgeCrane,2026-07-01T16:35:28.854214+00:00,point_velocity,Unspecified
05472500,POINT (-92.2046222222222 41.3008444444444),526d4c1d-794e-487c-97c4-d5c637904b80,USGS-05472500,4e658edb-dcf3-de1a-e053-0100007fd066,74,1951-01-13T06:00:00+00:00,Imported Channel 1,3.34,ft^3/s,14.0,ft,8.46,ft^2,0.39,ft/s,,,Unspecified,Unspecified,Unspecified,Unspecified,Unspecified,Unknown,Unspecified,2026-07-01T16:35:28.854214+00:00,point_velocity,Unspecified
05472500,POINT (-92.2046222222222 41.3008444444444),5286ce0a-6c40-4448-9a14-abbd90385653,USGS-05472500,4e65a3a6-024a-e896-e053-0100007fcffa,721,2013-05-28T19:31:00+00:00,Overflow,4390,ft^3/s,2180,ft,1510,ft^2,2.91,ft/s,15.00,ft,Firm,Sand,Even,Even,NonStandard,Unknown,Wading,2026-07-01T16:35:28.854214+00:00,point_velocity,Upstream
05472500,POINT (-92.2046222222222 41.3008444444444),52876657-6726-435a-ac31-4207ea381287,USGS-05472500,4e657c30-cc18-d55a-e053-0100007f0a77,643,2003-09-29T19:35:00+00:00,Imported Channel 1,21.7,ft^3/s,30.0,ft,39.9,ft^2,0.54,ft/s,,,Unspecified,Unspecified,Unspecified,Unspecified,Unspecified,Unknown,Wading,2026-07-01T16:35:28.854214+00:00,point_velocity,Unspecified
05472500,POINT (-92.2046222222222 41.3008444444444),5328976d-189e-4f4f-8a75-bfce2bbe4bce,USGS-05472500,4e6573f4-3008-d0ab-e053-0100007f2449,5,1946-01-07T06:00:00+00:00,Imported Channel 1,13800,ft^3/s,380,ft,3690,ft^2,3.73,ft/s,,,Unspecified,Unspecified,Unspecified,Unspecified,Unspecified,Unknown,Unspecified,2026-07-01T16:35:28.854214+00:00,point_velocity,Unspecified
05472500,POINT (-92.2046222222222 41.3008444444444),532e7277-8ccb-4452-88f7-879db739f47a,USGS-05472500,4e6596f1-eccf-e205-e053-0100007fcdf3,747,2016-10-04T19:38:30+00:00,MAIN,223,ft^3/s,97.0,ft,183,ft^2,1.22,ft/s,,,Firm,Gravel,Even,Uneven,Standard,Unknown,Wading,2026-07-01T16:35:28.854214+00:00,point_velocity,AtTheGage
05472500,POINT (-92.2046222222222 41.3008444444444),53792bb9-7f25-4961-b02b-3cf13e81de86,USGS-05472500,4e65713a-f8ec-cf8a-e053-0100007fca45,539,1992-02-21T19:10:00+00:00,Imported Channel 1,1090,ft^3/s,120,ft,489,ft^2,2.23,ft/s,,,Unspecified,Unspecified,Unspecified,Unspecified,Unspecified,Unknown,BridgeCrane,2026-07-01T16:35:28.854214+00:00,point_velocity,Unspecified
05472500,POINT (-92.2046222222222 41.3008444444444),53abf394-42eb-4e13-bb07-b8c8cfe70e06,USGS-05472500,4e65920f-ab11-dfde-e053-0100007ffacf,209,1961-09-14T06:00:00+00:00,Imported Channel 1,3570,ft^3/s,116,ft,1340,ft^2,2.66,ft/s,,,Unspecified,Unspecified,Unspecified,Unspecified,Unspecified,Unknown,Unspecified,2026-07-01T16:35:28.854214+00:00,point_velocity,Unspecified
05472500,POINT (-92.2046222222222 41.3008444444444),53f838ab-7aa0-4c5e-b916-b0e6e704de28,USGS-05472500,4e65876c-bc79-da9f-e053-0100007f1dbd,633,2002-07-15T13:20:00+00:00,Imported Channel 1,179,ft^3/s,89.0,ft,108,ft^2,1.66,ft/s,,,Unspecified,Unspecified,Unspecified,Unspecified,Unspecified,Unknown,Wading,2026-07-01T16:35:28.854214+00:00,point_velocity,Unspecified
05472500,POINT (-92.2046222222222 41.3008444444444),5446b896-bd6e-490a-a655-3ed4dfc0f3e5,USGS-05472500,4e658af9-79f9-dc94-e053-0100007f84a6,706,2011-06-10T21:05:00+00:00,Imported Channel 1,4760,ft^3/s,157,ft,1770,ft^2,2.69,ft/s,,ft,Firm,Sand,Even,Even,Unspecified,Unknown,BridgeDownstreamSide,2026-07-01T16:35:28.854214+00:00,adcp,AtTheGage
05472500,POINT (-92.2046222222222 41.3008444444444),54662dd6-6076-4d52-80e7-61d4a8f856b5,USGS-05472500,4e659755-86d9-e25d-e053-0100007ff233,739,2015-11-23T19:36:25+00:00,MAIN,658,ft^3/s,108,ft,448,ft^2,1.47,ft/s,,ft,Firm,Sand,Even,Uneven,NonStandard,Unknown,BridgeDownstreamSide,2026-07-01T16:35:28.854214+00:00,adcp,AtTheGage
05472500,POINT (-92.2046222222222 41.3008444444444),54a71227-26ae-4cc9-af88-3c08f93188f4,USGS-05472500,4e657be4-1db2-d524-e053-0100007faf2a,504,1989-08-28T13:45:00+00:00,Imported Channel 1,351,ft^3/s,76.0,ft,153,ft^2,2.29,ft/s,,,Unspecified,Unspecified,Unspecified,Unspecified,Unspecified,Unknown,BridgeUpstreamSide,2026-07-01T16:35:28.854214+00:00,point_velocity,Unspecified
05472500,POINT (-92.2046222222222 41.3008444444444),54b44166-a0cc-4084-8e58-2627a9e9f89b,USGS-05472500,4e659178-548e-dfda-e053-0100007f3a93,309,1968-11-18T06:00:00+00:00,Imported Channel 1,43.6,ft^3/s,44.0,ft,59.2,ft^2,0.74,ft/s,,,Unspecified,Unspecified,Unspecified,Unspecified,Unspecified,Unknown,Unspecified,2026-07-01T16:35:28.854214+00:00,point_velocity,Unspecified
05472500,POINT (-92.2046222222222 41.3008444444444),54eba2a2-282c-47dc-b467-c8d1014d7ffa,USGS-05472500,4e656a26-ee4f-cc4d-e053-0100007f4bc9,167,1958-09-15T06:00:00+00:00,Imported Channel 1,86.7,ft^3/s,54.0,ft,82.9,ft^2,1.04,ft/s,,,Unspecified,Unspecified,Unspecified,Unspecified,Unspecified,Unknown,Unspecified,2026-07-01T16:35:28.854214+00:00,point_velocity,Unspecified
05472500,POINT (-92.2046222222222 41.3008444444444),550c0f62-1e58-46bb-b4fb-4e18582b79e9,USGS-05472500,4e656a94-7874-cc85-e053-0100007f1148,102,1953-07-24T06:00:00+00:00,Imported Channel 1,51.4,ft^3/s,63.0,ft,111,ft^2,0.46,ft/s,,,Unspecified,Unspecified,Unspecified,Unspecified,Unspecified,Unknown,Unspecified,2026-07-01T16:35:28.854214+00:00,point_velocity,Unspecified
05472500,POINT (-92.2046222222222 41.3008444444444),55742c9c-4052-49ab-aa55-08243e2c2be5,USGS-05472500,4e658005-755f-d712-e053-0100007fe7c0,153,1957-08-19T06:00:00+00:00,Imported Channel 1,26.0,ft^3/s,60.0,ft,46.1,ft^2,0.56,ft/s,,,Unspecified,Unspecified,Unspecified,Unspecified,Unspecified,Unknown,Unspecified,2026-07-01T16:35:28.854214+00:00,point_velocity,Unspecified
05472500,POINT (-92.2046222222222 41.3008444444444),5583059d-d9bf-49fd-b137-e469b7fe49af,USGS-05472500,4e656f28-f7a5-ce80-e053-0100007fbe50,569,1995-07-10T17:25:00+00:00,Imported Channel 1,525,ft^3/s,110,ft,304,ft^2,1.73,ft/s,,,Unspecified,Unspecified,Unspecified,Unspecified,Unspecified,Unknown,BridgeCrane,2026-07-01T16:35:28.854214+00:00,point_velocity,Unspecified
05472500,POINT (-92.2046222222222 41.3008444444444),55e7a5e1-ed92-4aeb-b2f4-ea0309a82b86,USGS-05472500,4e659d7c-3161-e5d1-e053-0100007ff7e3,286,1967-02-20T06:00:00+00:00,Imported Channel 1,70.9,ft^3/s,69.0,ft,79.8,ft^2,0.89,ft/s,,,Unspecified,Unspecified,Unspecified,Unspecified,Unspecified,Unknown,Unspecified,2026-07-01T16:35:28.854214+00:00,point_velocity,Unspecified
05472500,POINT (-92.2046222222222 41.3008444444444),560e6c6d-3e98-4137-9ac1-55950c7367bc,USGS-05472500,4e659c82-1190-e54d-e053-0100007ffcdc,378,1975-10-02T05:00:00+00:00,Imported Channel 1,58.9,ft^3/s,72.0,ft,60.2,ft^2,0.98,ft/s,,,Unspecified,Unspecified,Unspecified,Unspecified,Unspecified,Unknown,Unspecified,2026-07-01T16:35:28.854214+00:00,point_velocity,Unspecified
05472500,POINT (-92.2046222222222 41.3008444444444),560fcd50-5d5e-49e6-bb06-23d0a7048f8e,USGS-05472500,4e6573f4-2ff6-d0ab-e053-0100007f2449,578,1996-06-13T17:05:00+00:00,Imported Channel 1,983,ft^3/s,120,ft,526,ft^2,1.87,ft/s,,,Unspecified,Unspecified,Unspecified,Unspecified,Unspecified,Unknown,BridgeCrane,2026-07-01T16:35:28.854214+00:00,point_velocity,Unspecified
05472500,POINT (-92.2046222222222 41.3008444444444),568d67bc-2d96-48d7-8f4d-d687effbf9f1,USGS-05472500,4e65809a-7aa8-d730-e053-0100007f9098,579,1996-07-08T17:30:00+00:00,Imported Channel 1,257,ft^3/s,96.0,ft,163,ft^2,1.58,ft/s,,,Unspecified,Unspecified,Unspecified,Unspecified,Unspecified,Unknown,Wading,2026-07-01T16:35:28.854214+00:00,point_velocity,Unspecified
05472500,POINT (-92.2046222222222 41.3008444444444),56ab1c62-71f4-4c36-9022-e3aa160f9231,USGS-05472500,4e6580ab-e4e2-d722-e053-0100007fb8ae,620,2000-12-19T15:10:00+00:00,Imported Channel 1,25.7,ft^3/s,62.0,ft,40.2,ft^2,0.64,ft/s,,,Unspecified,Unspecified,Unspecified,Unspecified,Unspecified,Unknown,Ice,2026-07-01T16:35:28.854214+00:00,point_velocity,Unspecified
05472500,POINT (-92.2046222222222 41.3008444444444),5704cabf-2a6b-404f-8f24-81328c938071,USGS-05472500,4e65790c-b2a1-d358-e053-0100007f67a3,689,2009-04-06T14:32:00+00:00,Imported Channel 1,514,ft^3/s,91.6,ft,289,ft^2,1.78,ft/s,10.00,ft,Firm,Sand,Even,Even,Unspecified,Unknown,BridgeDownstreamSide,2026-07-01T16:35:28.854214+00:00,adcp,Downstream
05472500,POINT (-92.2046222222222 41.3008444444444),57832492-79fb-4b56-93d5-1c4301255bbe,USGS-05472500,4e65809a-7aa9-d730-e053-0100007f9098,580,1996-08-28T16:05:00+00:00,Imported Channel 1,51.0,ft^3/s,38.0,ft,33.9,ft^2,1.50,ft/s,,,Unspecified,Unspecified,Unspecified,Unspecified,Unspecified,Unknown,Wading,2026-07-01T16:35:28.854214+00:00,point_velocity,Unspecified
05472500,POINT (-92.2046222222222 41.3008444444444),57ce6988-9391-4546-8f12-c2baae9eeeb6,USGS-05472500,4e657c1d-c66e-d52c-e053-0100007f4f3f,573,1995-11-20T16:50:00+00:00,Imported Channel 1,60.4,ft^3/s,86.0,ft,99.4,ft^2,0.61,ft/s,,,Unspecified,Unspecified,Unspecified,Unspecified,Unspecified,Unknown,Wading,2026-07-01T16:35:28.854214+00:00,point_velocity,Unspecified
05472500,POINT (-92.2046222222222 41.3008444444444),57d4e7c6-ee3a-4bef-abc2-93016313c82d,USGS-05472500,4e658739-f6e9-da5f-e053-0100007f58ae,272,1966-02-14T06:00:00+00:00,Imported Channel 1,523,ft^3/s,86.0,ft,330,ft^2,1.58,ft/s,,,Unspecified,Unspecified,Unspecified,Unspecified,Unspecified,Unknown,Unspecified,2026-07-01T16:35:28.854214+00:00,point_velocity,Unspecified
05472500,POINT (-92.2046222222222 41.3008444444444),58fb63c9-601d-40ac-8321-9ef930404410,USGS-05472500,4e656c61-e89d-cb56-e053-0100007fa58c,498,1988-12-21T15:45:00+00:00,Imported Channel 1,9.40,ft^3/s,19.0,ft,14.0,ft^2,0.67,ft/s,,,Unspecified,Unspecified,Unspecified,Unspecified,Unspecified,Unknown,Wading,2026-07-01T16:35:28.854214+00:00,point_velocity,Unspecified
05472500,POINT (-92.2046222222222 41.3008444444444),59a39709-21a1-4e9e-aedc-a668f59dd947,USGS-05472500,4e657590-b356-d167-e053-0100007faf79,596,1998-06-15T18:50:00+00:00,Imported Channel 1,3670,ft^3/s,155,ft,1590,ft^2,2.31,ft/s,,,Unspecified,Unspecified,Unspecified,Unspecified,Unspecified,Unknown,BridgeCrane,2026-07-01T16:35:28.854214+00:00,point_velocity,Unspecified
05472500,POINT (-92.2046222222222 41.3008444444444),59bb4f68-d23d-4a82-9db0-70007c1c8500,USGS-05472500,4e658736-2589-da5b-e053-0100007f8815,229,1963-01-21T06:00:00+00:00,Imported Channel 1,28.3,ft^3/s,60.0,ft,33.7,ft^2,0.84,ft/s,,,Unspecified,Unspecified,Unspecified,Unspecified,Unspecified,Unknown,Unspecified,2026-07-01T16:35:28.854214+00:00,point_velocity,Unspecified
05472500,POINT (-92.2046222222222 41.3008444444444),59e0020e-83fd-4102-9974-89c8ac3556ca,USGS-05472500,4e657d76-0171-d5b0-e053-0100007f9656,684,2008-07-23T14:13:00+00:00,Imported Channel 1,3100,ft^3/s,122,ft,1180,ft^2,2.64,ft/s,,ft,Unspecified,Unspecified,Unspecified,Unspecified,Unspecified,Unknown,Unspecified,2026-07-01T16:35:28.854214+00:00,adcp,Unspecified
05472500,POINT (-92.2046222222222 41.3008444444444),59e6dc82-887e-449f-86b6-b228b9cf4b91,USGS-05472500,4e657c66-6005-d5b8-e053-0100007f91e5,163,1958-05-19T16:25:00+00:00,Imported Channel 1,83.9,ft^3/s,69.0,ft,119,ft^2,0.71,ft/s,,,Unspecified,Unspecified,Unspecified,Unspecified,Unspecified,Unknown,Wading,2026-07-01T16:35:28.854214+00:00,point_velocity,Unspecified
05472500,POINT (-92.2046222222222 41.3008444444444),5a72c646-db3f-42f4-acc0-4ece829abd99,USGS-05472500,4e659cc9-1312-e59d-e053-0100007ff403,421,1979-12-14T06:00:00+00:00,Imported Channel 1,94.1,ft^3/s,67.0,ft,95.2,ft^2,0.99,ft/s,,,Unspecified,Unspecified,Unspecified,Unspecified,Unspecified,Unknown,Unspecified,2026-07-01T16:35:28.854214+00:00,point_velocity,Unspecified
05472500,POINT (-92.2046222222222 41.3008444444444),5b918775-886e-46f5-afb3-e49013cc6a87,USGS-05472500,4e6587ac-ce62-da99-e053-0100007f129b,2,1945-11-01T06:00:00+00:00,Imported Channel 1,48.6,ft^3/s,66.0,ft,89.1,ft^2,0.55,ft/s,,,Unspecified,Unspecified,Unspecified,Unspecified,Unspecified,Unknown,Unspecified,2026-07-01T16:35:28.854214+00:00,point_velocity,Unspecified
05472500,POINT (-92.2046222222222 41.3008444444444),5ba6e162-ad3e-43b3-9a3d-4beb9d38b623,USGS-05472500,4e65838b-6e6c-d873-e053-0100007f9c4b,575,1996-03-21T16:30:00+00:00,Imported Channel 1,152,ft^3/s,88.0,ft,155,ft^2,0.98,ft/s,,,Unspecified,Unspecified,Unspecified,Unspecified,Unspecified,Unknown,Wading,2026-07-01T16:35:28.854214+00:00,point_velocity,Unspecified
05472500,POINT (-92.2046222222222 41.3008444444444),5c3eb14a-bcbe-48c4-b9fb-8ce18cce46c7,USGS-05472500,4e659b33-184e-e45e-e053-0100007fb5f1,252,1964-10-26T06:00:00+00:00,Imported Channel 1,22.3,ft^3/s,39.0,ft,35.8,ft^2,0.62,ft/s,,,Unspecified,Unspecified,Unspecified,Unspecified,Unspecified,Unknown,Unspecified,2026-07-01T16:35:28.854214+00:00,point_velocity,Unspecified
05472500,POINT (-92.2046222222222 41.3008444444444),5ca49e52-31cb-41a8-93b4-eec435930eae,USGS-05472500,4e657c86-a582-d552-e053-0100007f5e6a,600,1998-11-09T14:30:00+00:00,Imported Channel 1,650,ft^3/s,125,ft,385,ft^2,1.69,ft/s,,,Unspecified,Unspecified,Unspecified,Unspecified,Unspecified,Unknown,BridgeCrane,2026-07-01T16:35:28.854214+00:00,point_velocity,Unspecified
05472500,POINT (-92.2046222222222 41.3008444444444),5d085dbb-c0ec-4650-8987-1fc28148c0a2,USGS-05472500,67b1ed5f-c959-4d50-ad9c-a2bcdf901d79,779,2021-03-31T14:34:21+00:00,Main,1040,ft^3/s,122,ft,544,ft^2,1.92,ft/s,45.00,ft,Firm,SiltMud,Even,Even,Standard,Steady,BridgeDownstreamSide,2026-07-01T16:35:28.854214+00:00,adcp,Upstream
05472500,POINT (-92.2046222222222 41.3008444444444),5d9dcb64-7227-4286-8678-f5563491afbb,USGS-05472500,4e657c86-a57a-d552-e053-0100007f5e6a,519,1990-09-24T16:15:00+00:00,Imported Channel 1,112,ft^3/s,77.0,ft,89.9,ft^2,1.25,ft/s,,,Unspecified,Unspecified,Unspecified,Unspecified,Unspecified,Unknown,Wading,2026-07-01T16:35:28.854214+00:00,point_velocity,Unspecified
05472500,POINT (-92.2046222222222 41.3008444444444),5e038e57-f6eb-4499-a322-a7d9838938b0,USGS-05472500,4e65ab2e-7d1e-ec36-e053-0100007fb4c5,723,2013-09-11T22:26:00+00:00,channel2,0.41,ft^3/s,6.00,ft,2.78,ft^2,0.15,ft/s,,,Firm,Gravel,Even,Even,Standard,Unknown,Wading,2026-07-01T16:35:28.854214+00:00,point_velocity,AtTheGage
05472500,POINT (-92.2046222222222 41.3008444444444),5e167ce4-d469-409c-8ccf-f19facf70f13,USGS-05472500,4e6598b4-3f0e-e2ef-e053-0100007fbe6a,280,1966-08-15T06:00:00+00:00,Imported Channel 1,106,ft^3/s,51.0,ft,73.2,ft^2,1.45,ft/s,,,Unspecified,Unspecified,Unspecified,Unspecified,Unspecified,Unknown,Unspecified,2026-07-01T16:35:28.854214+00:00,point_velocity,Unspecified
05472500,POINT (-92.2046222222222 41.3008444444444),5e64853a-2824-48f7-a811-62687da335e0,USGS-05472500,34d92d7b-6062-4caf-8833-50ce7469cc7f,786,2022-04-18T20:18:46+00:00,Main,277,ft^3/s,92.0,ft,184,ft^2,1.51,ft/s,100.00,ft,Firm,CobblesBoulders,Uneven,Even,NonStandard,Pulsating,Wading,2026-07-01T16:35:28.854214+00:00,point_velocity,Upstream
05472500,POINT (-92.2046222222222 41.3008444444444),5e6d6df3-3f99-45e7-9189-29b5fd283048,USGS-05472500,5b45939c-1de1-44e3-94e7-57c4b11a002a,776,2020-10-20T15:03:30+00:00,Main,25.3,ft^3/s,49.0,ft,40.3,ft^2,0.63,ft/s,15.00,ft,Firm,Gravel,Uneven,Uneven,Unknown,Pulsating,Wading,2026-07-01T16:35:28.854214+00:00,point_velocity,Downstream
05472500,POINT (-92.2046222222222 41.3008444444444),5ec02b6b-2cc7-4041-a1fe-58c17cd069e2,USGS-05472500,4e6576e4-24c1-d229-e053-0100007f6c71,141,1956-10-15T14:30:00+00:00,Imported Channel 1,0.05,ft^3/s,,,,,,,,ft,Unspecified,Unspecified,Unspecified,Unspecified,Unspecified,Unknown,Other,2026-07-01T16:35:28.854214+00:00,other_method,Unspecified
05472500,POINT (-92.2046222222222 41.3008444444444),5ef7f6c6-e682-4ca2-ae30-8a4521d2e3e6,USGS-05472500,4e658775-d9ce-da57-e053-0100007f3ef6,26,1947-02-17T06:00:00+00:00,Imported Channel 1,1650,ft^3/s,105,ft,1020,ft^2,1.62,ft/s,,,Unspecified,Unspecified,Unspecified,Unspecified,Unspecified,Unknown,Unspecified,2026-07-01T16:35:28.854214+00:00,point_velocity,Unspecified
05472500,POINT (-92.2046222222222 41.3008444444444),5f5a3790-afdc-4430-9f70-f9940c09bf04,USGS-05472500,4e658ea7-be07-de1c-e053-0100007fcff9,194,1960-07-25T06:00:00+00:00,Imported Channel 1,265,ft^3/s,69.0,ft,151,ft^2,1.75,ft/s,,,Unspecified,Unspecified,Unspecified,Unspecified,Unspecified,Unknown,Unspecified,2026-07-01T16:35:28.854214+00:00,point_velocity,Unspecified
05472500,POINT (-92.2046222222222 41.3008444444444),5f6c7f24-ea85-42c7-80ed-528d651ddf41,USGS-05472500,0af7c029-434e-4850-ab48-19a56dc90752,800,2024-06-26T20:18:29+00:00,MAIN,520,ft^3/s,114,ft,324,ft^2,1.60,ft/s,0.00,ft,Firm,Gravel,Uneven,Unspecified,NonStandard,Pulsating,BridgeDownstreamSide,2026-07-01T16:35:28.854214+00:00,adcp,AtTheGage
05472500,POINT (-92.2046222222222 41.3008444444444),5f9217ce-7152-4447-b2a9-8e0742f94e13,USGS-05472500,4e6587ae-bcc0-dab9-e053-0100007f0448,661,2005-10-04T17:03:00+00:00,Imported Channel 1,28.9,ft^3/s,55.0,ft,50.4,ft^2,0.57,ft/s,,,Unspecified,Unspecified,Unspecified,Unspecified,Unspecified,Unknown,Wading,2026-07-01T16:35:28.854214+00:00,point_velocity,Unspecified
05472500,POINT (-92.2046222222222 41.3008444444444),5fec545a-9c61-43bb-952b-d5387acb5660,USGS-05472500,4e659cc9-1303-e59d-e053-0100007ff403,362,1974-02-19T05:00:00+00:00,Imported Channel 1,494,ft^3/s,90.0,ft,374,ft^2,1.32,ft/s,,,Unspecified,Unspecified,Unspecified,Unspecified,Unspecified,Unknown,Unspecified,2026-07-01T16:35:28.854214+00:00,point_velocity,Unspecified
05472500,POINT (-92.2046222222222 41.3008444444444),60ae2310-5e5f-40a1-852a-7d628a117a0c,USGS-05472500,4e658b95-4909-dc07-e053-0100007f8a7a,178,1959-06-26T06:00:00+00:00,Imported Channel 1,107,ft^3/s,66.0,ft,97.2,ft^2,1.10,ft/s,,,Unspecified,Unspecified,Unspecified,Unspecified,Unspecified,Unknown,Unspecified,2026-07-01T16:35:28.854214+00:00,point_velocity,Unspecified
05472500,POINT (-92.2046222222222 41.3008444444444),61072f2f-d609-4f17-8306-c29dd9802270,USGS-05472500,4e656c61-e8a2-cb56-e053-0100007fa58c,566,1995-03-08T17:01:00+00:00,Imported Channel 1,94.7,ft^3/s,85.0,ft,73.7,ft^2,1.29,ft/s,,,Unspecified,Unspecified,Unspecified,Unspecified,Unspecified,Unknown,Wading,2026-07-01T16:35:28.854214+00:00,point_velocity,Unspecified
05472500,POINT (-92.2046222222222 41.3008444444444),611487f9-cb87-4530-adec-c62e439273cb,USGS-05472500,4e65998f-d42f-e34f-e053-0100007fb63e,243,1964-02-17T06:00:00+00:00,Imported Channel 1,36.0,ft^3/s,47.0,ft,34.6,ft^2,1.04,ft/s,,,Unspecified,Unspecified,Unspecified,Unspecified,Unspecified,Unknown,Unspecified,2026-07-01T16:35:28.854214+00:00,point_velocity,Unspecified
05472500,POINT (-92.2046222222222 41.3008444444444),61b7f35e-c4a6-4c2a-9f51-c39ea26d496b,USGS-05472500,4e659c82-11a0-e54d-e053-0100007ffcdc,434,1981-05-04T05:00:00+00:00,Imported Channel 1,117,ft^3/s,68.0,ft,98.0,ft^2,1.19,ft/s,,,Unspecified,Unspecified,Unspecified,Unspecified,Unspecified,Unknown,Unspecified,2026-07-01T16:35:28.854214+00:00,point_velocity,Unspecified
05472500,POINT (-92.2046222222222 41.3008444444444),61e78cdf-7b92-4a2f-ba88-d78be2016db5,USGS-05472500,7fdfd33e-eb6b-418e-bdd1-c070ec4e74cb,783,2021-10-19T13:17:19+00:00,Main,72.5,ft^3/s,84.5,ft,100,ft^2,0.72,ft/s,50.00,ft,Firm,Sand,Uneven,Even,Unknown,Steady,Wading,2026-07-01T16:35:28.854214+00:00,point_velocity,Downstream
05472500,POINT (-92.2046222222222 41.3008444444444),61ffda66-8b07-4b9e-9f27-5e222f555ff6,USGS-05472500,9be143cd-6969-421b-bdb2-1f8511b31dd6,788,2022-08-18T22:52:05+00:00,Main,28.9,ft^3/s,92.0,ft,60.5,ft^2,0.48,ft/s,75.00,ft,Firm,Cobbles,Even,Uneven,NonStandard,Steady,Wading,2026-07-01T16:35:28.854214+00:00,point_velocity,Downstream
05472500,POINT (-92.2046222222222 41.3008444444444),6291b6b8-e8b1-4ef6-9d7c-a09f3d90c23b,USGS-05472500,4e657622-3ecb-d195-e053-0100007fa0d4,478,1986-12-18T17:55:00+00:00,Imported Channel 1,557,ft^3/s,59.0,ft,252,ft^2,2.21,ft/s,,,Unspecified,Unspecified,Unspecified,Unspecified,Unspecified,Unknown,Ice,2026-07-01T16:35:28.854214+00:00,point_velocity,Unspecified
05472500,POINT (-92.2046222222222 41.3008444444444),62926c6b-32b0-48b8-820c-83e36776c595,USGS-05472500,4e658fe6-bfc4-de12-e053-0100007f5d87,337,1971-06-21T05:00:00+00:00,Imported Channel 1,150,ft^3/s,73.0,ft,115,ft^2,1.30,ft/s,,,Unspecified,Unspecified,Unspecified,Unspecified,Unspecified,Unknown,Unspecified,2026-07-01T16:35:28.854214+00:00,point_velocity,Unspecified
05472500,POINT (-92.2046222222222 41.3008444444444),6354964f-652a-4f03-a4f3-760e9c40ce70,USGS-05472500,4e658e8b-5315-de3f-e053-0100007fd4c4,267,1965-09-21T06:00:00+00:00,Imported Channel 1,11000,ft^3/s,384,ft,3850,ft^2,2.86,ft/s,,,Unspecified,Unspecified,Unspecified,Unspecified,Unspecified,Unknown,Unspecified,2026-07-01T16:35:28.854214+00:00,point_velocity,Unspecified
05472500,POINT (-92.2046222222222 41.3008444444444),6374d0ca-21ff-4e11-999f-279d3641d37f,USGS-05472500,4e6586a3-acc7-da37-e053-0100007f6ed1,313,1969-04-21T06:00:00+00:00,Imported Channel 1,528,ft^3/s,89.0,ft,374,ft^2,1.41,ft/s,,,Unspecified,Unspecified,Unspecified,Unspecified,Unspecified,Unknown,Unspecified,2026-07-01T16:35:28.854214+00:00,point_velocity,Unspecified
05472500,POINT (-92.2046222222222 41.3008444444444),6380b75f-e2d9-4aac-a8ce-56b46b66e765,USGS-05472500,4e6587b1-9add-da55-e053-0100007fe6db,270,1965-12-15T06:00:00+00:00,Imported Channel 1,352,ft^3/s,81.0,ft,263,ft^2,1.34,ft/s,,,Unspecified,Unspecified,Unspecified,Unspecified,Unspecified,Unknown,Unspecified,2026-07-01T16:35:28.854214+00:00,point_velocity,Unspecified
05472500,POINT (-92.2046222222222 41.3008444444444),639a845d-04f4-4464-944f-feff5d48c710,USGS-05472500,4e6587b8-e431-dab7-e053-0100007fe134,382,1976-02-10T06:00:00+00:00,Imported Channel 1,51.0,ft^3/s,61.0,ft,64.6,ft^2,0.79,ft/s,,,Unspecified,Unspecified,Unspecified,Unspecified,Unspecified,Unknown,Unspecified,2026-07-01T16:35:28.854214+00:00,point_velocity,Unspecified
05472500,POINT (-92.2046222222222 41.3008444444444),641d2193-a529-4f99-b197-e1a39512f264,USGS-05472500,4e658777-842c-da9b-e053-0100007f961b,30,1947-05-02T06:00:00+00:00,Imported Channel 1,913,ft^3/s,99.0,ft,525,ft^2,1.74,ft/s,,,Unspecified,Unspecified,Unspecified,Unspecified,Unspecified,Unknown,Unspecified,2026-07-01T16:35:28.854214+00:00,point_velocity,Unspecified
05472500,POINT (-92.2046222222222 41.3008444444444),644bdb0e-ab5d-4511-89ee-2cd63f834247,USGS-05472500,82143f08-3466-4bc9-b3a2-b2f5733fa18a,790,2022-12-02T18:53:39+00:00,Main,16.6,ft^3/s,30.0,ft,36.0,ft^2,0.46,ft/s,80.00,ft,Firm,Cobbles,Even,Even,Unknown,Steady,Wading,2026-07-01T16:35:28.854214+00:00,point_velocity,Upstream
05472500,POINT (-92.2046222222222 41.3008444444444),648c7a3a-0969-448c-bbec-8c65fa224fbf,USGS-05472500,4e6575bb-0f47-d193-e053-0100007f4087,652,2004-08-11T18:30:00+00:00,Imported Channel 1,170,ft^3/s,91.0,ft,115,ft^2,1.48,ft/s,,,Unspecified,Unspecified,Unspecified,Unspecified,Unspecified,Unknown,Wading,2026-07-01T16:35:28.854214+00:00,point_velocity,Unspecified
05472500,POINT (-92.2046222222222 41.3008444444444),64dabc8f-6b86-443e-a38e-ca870468d0a5,USGS-05472500,4e657883-9d29-d328-e053-0100007fa6f7,593,1998-03-02T15:00:00+00:00,Imported Channel 1,860,ft^3/s,108,ft,484,ft^2,1.78,ft/s,,,Unspecified,Unspecified,Unspecified,Unspecified,Unspecified,Unknown,BridgeCrane,2026-07-01T16:35:28.854214+00:00,point_velocity,Unspecified
05472500,POINT (-92.2046222222222 41.3008444444444),64f15ebb-9c5a-421e-9659-c698130a38f9,USGS-05472500,4e659f7f-d894-e34b-e053-0100007f9416,441,1982-04-06T06:00:00+00:00,Imported Channel 1,626,ft^3/s,84.0,ft,328,ft^2,1.91,ft/s,,,Unspecified,Unspecified,Unspecified,Unspecified,Unspecified,Unknown,Unspecified,2026-07-01T16:35:28.854214+00:00,point_velocity,Unspecified
05472500,POINT (-92.2046222222222 41.3008444444444),65006d3d-cfef-47c1-a895-95d80c71601c,USGS-05472500,4e65a732-57ea-ea57-e053-0100007f83f4,710,2011-10-25T16:59:00+00:00,Main,27.0,ft^3/s,38.0,ft,51.1,ft^2,0.53,ft/s,50.00,ft,Firm,Sand,Even,Even,Standard,Unknown,Wading,2026-07-01T16:35:28.854214+00:00,point_velocity,Upstream
05472500,POINT (-92.2046222222222 41.3008444444444),6514080d-203d-4fe7-b94c-e8aa9e09a0f4,USGS-05472500,4e65a3eb-2edb-e8a2-e053-0100007fec97,740,2015-12-17T21:19:32+00:00,main,7360,ft^3/s,297,ft,2550,ft^2,2.88,ft/s,10.00,ft,Soft,Sand,Even,Uneven,NonStandard,Unknown,BridgeDownstreamSide,2026-07-01T16:35:28.854214+00:00,adcp,Downstream
05472500,POINT (-92.2046222222222 41.3008444444444),655e165e-d7dd-4fd5-8040-feb5142023f1,USGS-05472500,4e6578c0-31d6-d360-e053-0100007f3217,553,1993-06-16T20:20:00+00:00,Imported Channel 1,973,ft^3/s,116,ft,480,ft^2,2.03,ft/s,,,Unspecified,Unspecified,Unspecified,Unspecified,Unspecified,Unknown,BridgeCrane,2026-07-01T16:35:28.854214+00:00,point_velocity,Unspecified
05472500,POINT (-92.2046222222222 41.3008444444444),65aa4792-5db4-409d-ab73-43e9799a3bfd,USGS-05472500,4e65a442-5f8b-e842-e053-0100007f4ba9,375,1975-05-28T05:00:00+00:00,Imported Channel 1,237,ft^3/s,97.0,ft,139,ft^2,1.70,ft/s,,,Unspecified,Unspecified,Unspecified,Unspecified,Unspecified,Unknown,Unspecified,2026-07-01T16:35:28.854214+00:00,point_velocity,Unspecified
05472500,POINT (-92.2046222222222 41.3008444444444),65b5e22f-3eb4-4606-9b40-d60a74ea3a4b,USGS-05472500,4e65a44e-247d-e886-e053-0100007f0454,749,2017-02-06T18:23:51+00:00,MAIN,261,ft^3/s,104,ft,237,ft^2,1.10,ft/s,20.00,ft,Firm,Gravel,Even,Uneven,NonStandard,Unknown,BridgeDownstreamSide,2026-07-01T16:35:28.854214+00:00,adcp,Downstream
05472500,POINT (-92.2046222222222 41.3008444444444),6604e5c1-79f0-460a-b25d-e1352916c9d7,USGS-05472500,4e659441-131f-e079-e053-0100007ff337,303,1968-05-20T05:00:00+00:00,Imported Channel 1,74.8,ft^3/s,45.0,ft,69.9,ft^2,1.12,ft/s,,,Unspecified,Unspecified,Unspecified,Unspecified,Unspecified,Unknown,Unspecified,2026-07-01T16:35:28.854214+00:00,point_velocity,Unspecified
05472500,POINT (-92.2046222222222 41.3008444444444),663bb30d-e848-421f-a414-0b1e485cfa1e,USGS-05472500,4e656a32-8d6f-cc47-e053-0100007feb7d,483,1987-06-11T16:50:00+00:00,Imported Channel 1,242,ft^3/s,65.0,ft,86.1,ft^2,2.81,ft/s,,,Unspecified,Unspecified,Unspecified,Unspecified,Unspecified,Unknown,Wading,2026-07-01T16:35:28.854214+00:00,point_velocity,Unspecified
05472500,POINT (-92.2046222222222 41.3008444444444),664533ad-bb4b-4920-a043-584b22648b67,USGS-05472500,4f314ddd-f7ba-5c38-e053-0100007fac59,751,2017-05-01T16:34:20+00:00,main,2030,ft^3/s,119,ft,955,ft^2,2.12,ft/s,75.00,ft,Firm,Gravel,Even,Even,NonStandard,Unknown,BridgeDownstreamSide,2026-07-01T16:35:28.854214+00:00,adcp,Downstream
05472500,POINT (-92.2046222222222 41.3008444444444),66585dfb-734a-4fb5-a396-6cf5d717f5f6,USGS-05472500,4e65a3eb-2edc-e8a2-e053-0100007fec97,742,2016-02-09T23:49:38+00:00,Main,821,ft^3/s,120,ft,527,ft^2,1.56,ft/s,30.00,ft,Firm,Sand,Even,Even,NonStandard,Unknown,BridgeDownstreamSide,2026-07-01T16:35:28.854214+00:00,adcp,Downstream
05472500,POINT (-92.2046222222222 41.3008444444444),66c41e37-34ad-45f3-ae74-fba74897dd65,USGS-05472500,4e656713-be2e-c7e8-e053-0100007f8f1c,529,1991-06-01T18:30:00+00:00,Imported Channel 1,3180,ft^3/s,168,ft,1340,ft^2,2.37,ft/s,,,Unspecified,Unspecified,Unspecified,Unspecified,Unspecified,Unknown,BridgeCrane,2026-07-01T16:35:28.854214+00:00,point_velocity,Unspecified
05472500,POINT (-92.2046222222222 41.3008444444444),66e4b962-ed61-4277-80bf-6604f471e9fa,USGS-05472500,4e6578c9-6230-d38a-e053-0100007f622f,700,2010-08-03T21:19:00+00:00,Imported Channel 1,4060,ft^3/s,143,ft,1590,ft^2,2.56,ft/s,30.00,ft,Soft,Sand,Even,Even,Unspecified,Unknown,BridgeDownstreamSide,2026-07-01T16:35:28.854214+00:00,adcp,Downstream
05472500,POINT (-92.2046222222222 41.3008444444444),67820be8-c410-45e3-adb6-610eb79d7971,USGS-05472500,fade6dce-6e64-4ce9-a4c6-16ecb837c4be,789,2022-10-06T20:43:01+00:00,Main,12.1,ft^3/s,68.0,ft,62.1,ft^2,0.20,ft/s,300.00,ft,Soft,SiltMud,Uneven,Uneven,Unknown,Steady,Wading,2026-07-01T16:35:28.854214+00:00,point_velocity,Downstream
05472500,POINT (-92.2046222222222 41.3008444444444),67f0ce15-dc0a-4b13-9218-d6ff8c2a5607,USGS-05472500,4e658fe6-bfcc-de12-e053-0100007f5d87,359,1973-10-15T05:00:00+00:00,Imported Channel 1,569,ft^3/s,91.0,ft,389,ft^2,1.47,ft/s,,,Unspecified,Unspecified,Unspecified,Unspecified,Unspecified,Unknown,Unspecified,2026-07-01T16:35:28.854214+00:00,point_velocity,Unspecified
05472500,POINT (-92.2046222222222 41.3008444444444),67fd13d9-ae18-48a3-b01e-5f72f11ea4c5,USGS-05472500,4e65835f-512f-d8a9-e053-0100007f4ab1,610,1999-11-22T13:55:00+00:00,Imported Channel 1,30.1,ft^3/s,38.0,ft,40.5,ft^2,0.74,ft/s,,,Unspecified,Unspecified,Unspecified,Unspecified,Unspecified,Unknown,Wading,2026-07-01T16:35:28.854214+00:00,point_velocity,Unspecified
05472500,POINT (-92.2046222222222 41.3008444444444),68740923-12a0-4755-9c53-ea731de2f044,USGS-05472500,4e659314-d85b-e07b-e053-0100007f8db2,302,1968-04-15T06:00:00+00:00,Imported Channel 1,159,ft^3/s,68.0,ft,115,ft^2,1.38,ft/s,,,Unspecified,Unspecified,Unspecified,Unspecified,Unspecified,Unknown,Unspecified,2026-07-01T16:35:28.854214+00:00,point_velocity,Unspecified
05472500,POINT (-92.2046222222222 41.3008444444444),68a38a98-4017-473f-812a-f2ec651ae571,USGS-05472500,4e658e98-3fda-de47-e053-0100007f822b,356,1973-06-18T05:00:00+00:00,Imported Channel 1,805,ft^3/s,95.0,ft,436,ft^2,1.84,ft/s,,,Unspecified,Unspecified,Unspecified,Unspecified,Unspecified,Unknown,Unspecified,2026-07-01T16:35:28.854214+00:00,point_velocity,Unspecified
05472500,POINT (-92.2046222222222 41.3008444444444),693304c3-b531-4eb3-8cfc-f0c53efb969d,USGS-05472500,4e658e65-81d6-de0e-e053-0100007f9b1f,277,1966-06-13T06:00:00+00:00,Imported Channel 1,3860,ft^3/s,143,ft,1520,ft^2,2.54,ft/s,,,Unspecified,Unspecified,Unspecified,Unspecified,Unspecified,Unknown,Unspecified,2026-07-01T16:35:28.854214+00:00,point_velocity,Unspecified
05472500,POINT (-92.2046222222222 41.3008444444444),694442b7-5626-4c33-ab73-54fb1bd5a678,USGS-05472500,4e65a068-b495-e724-e053-0100007fae1d,738,2015-10-07T23:45:19+00:00,Main,334,ft^3/s,104,ft,275,ft^2,1.21,ft/s,,ft,Firm,Sand,Uneven,Uneven,NonStandard,Unknown,BridgeDownstreamSide,2026-07-01T16:35:28.854214+00:00,adcp,AtTheGage
05472500,POINT (-92.2046222222222 41.3008444444444),69581208-40dd-4ae0-9d90-62983f5a60d1,USGS-05472500,4e657883-9d52-d328-e053-0100007fa6f7,148,1957-05-20T06:00:00+00:00,Imported Channel 1,90.3,ft^3/s,69.0,ft,76.5,ft^2,1.18,ft/s,,,Unspecified,Unspecified,Unspecified,Unspecified,Unspecified,Unknown,Unspecified,2026-07-01T16:35:28.854214+00:00,point_velocity,Unspecified
05472500,POINT (-92.2046222222222 41.3008444444444),69b1fc31-fac2-406a-b667-6bed0088c774,USGS-05472500,4e656f07-d269-ce30-e053-0100007f1d7d,492,1988-06-23T19:45:00+00:00,Imported Channel 1,36.1,ft^3/s,23.0,ft,26.1,ft^2,1.40,ft/s,,,Unspecified,Unspecified,Unspecified,Unspecified,Unspecified,Unknown,Wading,2026-07-01T16:35:28.854214+00:00,point_velocity,Unspecified
05472500,POINT (-92.2046222222222 41.3008444444444),69b552fb-733e-4703-8049-d270f379d81e,USGS-05472500,4e65876c-bc92-da9f-e053-0100007f1dbd,44,1948-06-28T06:00:00+00:00,Imported Channel 1,88.7,ft^3/s,69.0,ft,89.0,ft^2,1.00,ft/s,,,Unspecified,Unspecified,Unspecified,Unspecified,Unspecified,Unknown,Unspecified,2026-07-01T16:35:28.854214+00:00,point_velocity,Unspecified
05472500,POINT (-92.2046222222222 41.3008444444444),6a39f0d1-da25-4951-99f2-5abf8b79a395,USGS-05472500,4e658e98-3fce-de47-e053-0100007f822b,324,1970-02-16T06:00:00+00:00,Imported Channel 1,111,ft^3/s,57.0,ft,79.6,ft^2,1.39,ft/s,,,Unspecified,Unspecified,Unspecified,Unspecified,Unspecified,Unknown,Unspecified,2026-07-01T16:35:28.854214+00:00,point_velocity,Unspecified
05472500,POINT (-92.2046222222222 41.3008444444444),6a3d269c-b8bc-4866-9bad-ff4445e6ab32,USGS-05472500,4e657c20-44bc-d558-e053-0100007fc166,489,1988-03-10T15:30:00+00:00,Imported Channel 1,290,ft^3/s,90.0,ft,209,ft^2,1.40,ft/s,,,Unspecified,Unspecified,Unspecified,Unspecified,Unspecified,Unknown,BridgeCrane,2026-07-01T16:35:28.854214+00:00,point_velocity,Unspecified
05472500,POINT (-92.2046222222222 41.3008444444444),6a6fb168-9a1a-4c48-a97b-681140f720b5,USGS-05472500,4e659609-371a-e1bd-e053-0100007f1204,322,1969-12-15T06:00:00+00:00,Imported Channel 1,42.8,ft^3/s,50.0,ft,59.2,ft^2,0.72,ft/s,,,Unspecified,Unspecified,Unspecified,Unspecified,Unspecified,Unknown,Unspecified,2026-07-01T16:35:28.854214+00:00,point_velocity,Unspecified
05472500,POINT (-92.2046222222222 41.3008444444444),6a94832b-f7aa-4eab-85d0-4d4011d0e229,USGS-05472500,4e6597bd-dddf-e25b-e053-0100007f7bc2,401,1977-12-12T06:00:00+00:00,Imported Channel 1,104,ft^3/s,60.0,ft,73.5,ft^2,1.41,ft/s,,,Unspecified,Unspecified,Unspecified,Unspecified,Unspecified,Unknown,Unspecified,2026-07-01T16:35:28.854214+00:00,point_velocity,Unspecified
05472500,POINT (-92.2046222222222 41.3008444444444),6aea81cc-9518-4e09-9115-f0c8b0e06111,USGS-05472500,4e657fa5-f00a-d70a-e053-0100007f2945,363,1974-04-01T05:00:00+00:00,Imported Channel 1,590,ft^3/s,90.0,ft,375,ft^2,1.57,ft/s,,,Unspecified,Unspecified,Unspecified,Unspecified,Unspecified,Unknown,Unspecified,2026-07-01T16:35:28.854214+00:00,point_velocity,Unspecified
05472500,POINT (-92.2046222222222 41.3008444444444),6b7724d0-a8e6-4092-9939-83b749f3f86a,USGS-05472500,4e658d54-7589-dd17-e053-0100007f243b,29,1947-04-13T06:00:00+00:00,Imported Channel 1,4400,ft^3/s,325,ft,1860,ft^2,2.40,ft/s,,,Unspecified,Unspecified,Unspecified,Unspecified,Unspecified,Unknown,Unspecified,2026-07-01T16:35:28.854214+00:00,point_velocity,Unspecified
05472500,POINT (-92.2046222222222 41.3008444444444),6b79bd6c-6d6a-46c3-9f7b-33e2e6321a1d,USGS-05472500,4e65ab30-5c80-ec1a-e053-0100007f5791,718,2013-02-04T15:43:00+00:00,Main,63.4,ft^3/s,67.0,ft,43.4,ft^2,1.46,ft/s,,,Firm,Sand,Even,Even,Standard,Unknown,Wading,2026-07-01T16:35:28.854214+00:00,point_velocity,AtTheGage
05472500,POINT (-92.2046222222222 41.3008444444444),6bb882fe-8672-4367-96c3-927bd2c74b49,USGS-05472500,4e65a369-6ba2-e882-e053-0100007f5d7e,724,2013-10-23T22:47:00+00:00,channel2,17.2,ft^3/s,21.0,ft,10.7,ft^2,1.61,ft/s,,,Firm,Sand,Even,Even,Standard,Unknown,Wading,2026-07-01T16:35:28.854214+00:00,point_velocity,AtTheGage
05472500,POINT (-92.2046222222222 41.3008444444444),6be37987-ae05-410a-ab1f-14c9fd4708c3,USGS-05472500,4e657c20-44bb-d558-e053-0100007fc166,486,1987-10-21T14:30:00+00:00,Imported Channel 1,171,ft^3/s,66.0,ft,123,ft^2,1.40,ft/s,,,Unspecified,Unspecified,Unspecified,Unspecified,Unspecified,Unknown,Wading,2026-07-01T16:35:28.854214+00:00,point_velocity,Unspecified
05472500,POINT (-92.2046222222222 41.3008444444444),6c772b30-4b85-4814-9494-27c7da09c82d,USGS-05472500,4e656a20-1fa5-cc49-e053-0100007fd7f0,564,1994-11-28T16:20:00+00:00,Imported Channel 1,150,ft^3/s,67.0,ft,119,ft^2,1.26,ft/s,,,Unspecified,Unspecified,Unspecified,Unspecified,Unspecified,Unknown,Wading,2026-07-01T16:35:28.854214+00:00,point_velocity,Unspecified
05472500,POINT (-92.2046222222222 41.3008444444444),6c79659f-a30f-4f73-866e-1d3545e3221d,USGS-05472500,4e658d54-75a2-dd17-e053-0100007f243b,253,1964-11-23T06:00:00+00:00,Imported Channel 1,18.5,ft^3/s,40.0,ft,33.6,ft^2,0.55,ft/s,,,Unspecified,Unspecified,Unspecified,Unspecified,Unspecified,Unknown,Unspecified,2026-07-01T16:35:28.854214+00:00,point_velocity,Unspecified
05472500,POINT (-92.2046222222222 41.3008444444444),6c9fe180-023d-4922-b579-9c1dc155cec7,USGS-05472500,4e658005-753c-d712-e053-0100007fe7c0,624,2001-07-09T13:35:00+00:00,Imported Channel 1,238,ft^3/s,78.0,ft,138,ft^2,1.72,ft/s,,,Unspecified,Unspecified,Unspecified,Unspecified,Unspecified,Unknown,Wading,2026-07-01T16:35:28.854214+00:00,point_velocity,Unspecified
05472500,POINT (-92.2046222222222 41.3008444444444),6cf60aa8-e131-403e-9e4d-91cf48d6bfd1,USGS-05472500,4e658af9-7a02-dc94-e053-0100007f84a6,98,1953-03-06T06:00:00+00:00,Imported Channel 1,270,ft^3/s,75.0,ft,243,ft^2,1.11,ft/s,,,Unspecified,Unspecified,Unspecified,Unspecified,Unspecified,Unknown,Unspecified,2026-07-01T16:35:28.854214+00:00,point_velocity,Unspecified
05472500,POINT (-92.2046222222222 41.3008444444444),6d331a9d-2b3e-4cf4-8b4d-6f7d4ab4f604,USGS-05472500,4e657fd8-1f84-d720-e053-0100007f50ce,540,1992-03-16T16:40:00+00:00,Imported Channel 1,477,ft^3/s,107,ft,233,ft^2,2.05,ft/s,,,Unspecified,Unspecified,Unspecified,Unspecified,Unspecified,Unknown,BridgeCrane,2026-07-01T16:35:28.854214+00:00,point_velocity,Unspecified
05472500,POINT (-92.2046222222222 41.3008444444444),6d62eee1-0162-4246-b2ac-736eaee24121,USGS-05472500,4e656a94-7834-cc85-e053-0100007f1148,584,1997-02-24T16:30:00+00:00,Imported Channel 1,4310,ft^3/s,170,ft,1710,ft^2,2.52,ft/s,,,Unspecified,Unspecified,Unspecified,Unspecified,Unspecified,Unknown,BridgeCrane,2026-07-01T16:35:28.854214+00:00,point_velocity,Unspecified
05472500,POINT (-92.2046222222222 41.3008444444444),6d8b3425-5367-4cbf-bf51-a5e4a0556a9f,USGS-05472500,4e656f28-f7ae-ce80-e053-0100007fbe50,590,1997-10-27T16:00:00+00:00,Imported Channel 1,447,ft^3/s,104,ft,292,ft^2,1.53,ft/s,,,Unspecified,Unspecified,Unspecified,Unspecified,Unspecified,Unknown,BridgeCrane,2026-07-01T16:35:28.854214+00:00,point_velocity,Unspecified
05472500,POINT (-92.2046222222222 41.3008444444444),6e365268-050d-42f0-a0c5-2509d6a6c00f,USGS-05472500,4e65835f-5135-d8a9-e053-0100007f4ab1,650,2004-05-17T14:00:00+00:00,Imported Channel 1,252,ft^3/s,91.0,ft,132,ft^2,1.91,ft/s,,,Unspecified,Unspecified,Unspecified,Unspecified,Unspecified,Unknown,Wading,2026-07-01T16:35:28.854214+00:00,point_velocity,Unspecified
05472500,POINT (-92.2046222222222 41.3008444444444),6e5debc6-b828-465f-8cc1-6ba989d2e388,USGS-05472500,4e658e8b-530d-de3f-e053-0100007fd4c4,140,1956-09-20T06:00:00+00:00,Imported Channel 1,0.92,ft^3/s,28.0,ft,6.68,ft^2,0.14,ft/s,,,Unspecified,Unspecified,Unspecified,Unspecified,Unspecified,Unknown,Unspecified,2026-07-01T16:35:28.854214+00:00,point_velocity,Unspecified
05472500,POINT (-92.2046222222222 41.3008444444444),6ea8a630-5fc7-4f3f-bec5-042df81f5925,USGS-05472500,4e658fe6-bfc2-de12-e053-0100007f5d87,332,1970-12-01T06:00:00+00:00,Imported Channel 1,429,ft^3/s,90.0,ft,355,ft^2,1.21,ft/s,,,Unspecified,Unspecified,Unspecified,Unspecified,Unspecified,Unknown,Unspecified,2026-07-01T16:35:28.854214+00:00,point_velocity,Unspecified
05472500,POINT (-92.2046222222222 41.3008444444444),6eae4a89-5007-4f93-ac3c-14c98754f666,USGS-05472500,4e657c01-ce00-d526-e053-0100007fd293,218,1962-03-22T06:00:00+00:00,Imported Channel 1,8550,ft^3/s,391,ft,3050,ft^2,2.80,ft/s,,,Unspecified,Unspecified,Unspecified,Unspecified,Unspecified,Unknown,Unspecified,2026-07-01T16:35:28.854214+00:00,point_velocity,Unspecified
05472500,POINT (-92.2046222222222 41.3008444444444),7022a57b-855a-442f-8ff6-6f6537d1590b,USGS-05472500,4e658005-7552-d712-e053-0100007fe7c0,77,1951-05-18T06:00:00+00:00,Imported Channel 1,580,ft^3/s,89.0,ft,353,ft^2,1.64,ft/s,,,Unspecified,Unspecified,Unspecified,Unspecified,Unspecified,Unknown,Unspecified,2026-07-01T16:35:28.854214+00:00,point_velocity,Unspecified
05472500,POINT (-92.2046222222222 41.3008444444444),706e4db9-9fd4-4eb7-9219-35a1c0ed9e98,USGS-05472500,4e65aae3-fd62-ec38-e053-0100007f6362,745,2016-06-29T22:53:00+00:00,MAIN,185,ft^3/s,93.0,ft,151,ft^2,1.23,ft/s,,,Firm,Sand,Even,Even,Standard,Unknown,Wading,2026-07-01T16:35:28.854214+00:00,point_velocity,AtTheGage
05472500,POINT (-92.2046222222222 41.3008444444444),708eeb30-e471-4242-a686-42fa09864ed4,USGS-05472500,49edefbf-271c-41e2-b4cf-f660cf659a73,787,2022-06-24T00:05:16+00:00,R Main,50.6,ft^3/s,34.0,ft,45.2,ft^2,1.12,ft/s,0.00,ft,Firm,Gravel,Uneven,Uneven,NonStandard,Pulsating,Wading,2026-07-01T16:35:28.854214+00:00,point_velocity,AtTheGage
05472500,POINT (-92.2046222222222 41.3008444444444),709a4411-6530-4312-a31c-8abf7773d6bb,USGS-05472500,4e65713a-f8e0-cf8a-e053-0100007fca45,493,1988-08-04T15:00:00+00:00,Imported Channel 1,9.12,ft^3/s,19.5,ft,18.7,ft^2,0.49,ft/s,,,Unspecified,Unspecified,Unspecified,Unspecified,Unspecified,Unknown,Wading,2026-07-01T16:35:28.854214+00:00,point_velocity,Unspecified
05472500,POINT (-92.2046222222222 41.3008444444444),70acfcdc-6a64-49e0-b6b2-935aa0c62d61,USGS-05472500,4e65876c-bc93-da9f-e053-0100007f1dbd,45,1948-07-23T06:00:00+00:00,Imported Channel 1,902,ft^3/s,100,ft,538,ft^2,1.68,ft/s,,,Unspecified,Unspecified,Unspecified,Unspecified,Unspecified,Unknown,Unspecified,2026-07-01T16:35:28.854214+00:00,point_velocity,Unspecified
05472500,POINT (-92.2046222222222 41.3008444444444),715da52c-8ae3-407a-aff5-1eb876f8608f,USGS-05472500,907b4bc7-4823-172e-e053-0100007f4307,767,2019-08-19T14:42:00+00:00,Main,114,ft^3/s,80.0,ft,77.7,ft^2,1.47,ft/s,15.00,ft,Firm,Gravel,Even,Uneven,Standard,Pulsating,Wading,2026-07-01T16:35:28.854214+00:00,point_velocity,Downstream
05472500,POINT (-92.2046222222222 41.3008444444444),71675934-a1bd-47ba-8fe6-d91560e23040,USGS-05472500,4e6578c0-31d6-d360-e053-0100007f3217,554,1993-06-16T21:40:00+00:00,Imported Channel 1,957,ft^3/s,115,ft,466,ft^2,2.05,ft/s,,,Unspecified,Unspecified,Unspecified,Unspecified,Unspecified,Unknown,BridgeCrane,2026-07-01T16:35:28.854214+00:00,point_velocity,Unspecified
05472500,POINT (-92.2046222222222 41.3008444444444),720ed20a-4031-4f20-a580-a9f5c9092d9b,USGS-05472500,4e659b33-184c-e45e-e053-0100007fb5f1,248,1964-07-20T06:00:00+00:00,Imported Channel 1,200,ft^3/s,69.0,ft,151,ft^2,1.32,ft/s,,,Unspecified,Unspecified,Unspecified,Unspecified,Unspecified,Unknown,Unspecified,2026-07-01T16:35:28.854214+00:00,point_velocity,Unspecified
05472500,POINT (-92.2046222222222 41.3008444444444),72242e04-246f-4861-8952-b583a6173815,USGS-05472500,4e657a73-3151-d35e-e053-0100007ff292,559,1994-02-22T21:50:00+00:00,Imported Channel 1,5210,ft^3/s,315,ft,2430,ft^2,2.14,ft/s,,,Unspecified,Unspecified,Unspecified,Unspecified,Unspecified,Unknown,Cableway,2026-07-01T16:35:28.854214+00:00,point_velocity,Unspecified
05472500,POINT (-92.2046222222222 41.3008444444444),72424e01-53e1-4c89-b5ee-272201a1d92e,USGS-05472500,4e657c59-c0b5-d532-e053-0100007f3c21,49,1948-10-04T06:00:00+00:00,Imported Channel 1,14.9,ft^3/s,33.0,ft,13.8,ft^2,1.08,ft/s,,,Unspecified,Unspecified,Unspecified,Unspecified,Unspecified,Unknown,Unspecified,2026-07-01T16:35:28.854214+00:00,point_velocity,Unspecified
05472500,POINT (-92.2046222222222 41.3008444444444),727e5609-09da-4974-b2c3-31cf6d98206e,USGS-05472500,4e657ceb-f257-d5b6-e053-0100007fd3f5,58,1949-08-11T06:00:00+00:00,Imported Channel 1,23.9,ft^3/s,63.0,ft,56.5,ft^2,0.42,ft/s,,,Unspecified,Unspecified,Unspecified,Unspecified,Unspecified,Unknown,Unspecified,2026-07-01T16:35:28.854214+00:00,point_velocity,Unspecified
05472500,POINT (-92.2046222222222 41.3008444444444),72b8a8e1-f93f-4c11-aefb-2c7841a5b619,USGS-05472500,4e6583a9-9453-d86d-e053-0100007f32e5,654,2004-11-03T19:57:00+00:00,Imported Channel 1,98.6,ft^3/s,79.0,ft,81.7,ft^2,1.21,ft/s,,,Unspecified,Unspecified,Unspecified,Unspecified,Unspecified,Unknown,Wading,2026-07-01T16:35:28.854214+00:00,point_velocity,Unspecified
05472500,POINT (-92.2046222222222 41.3008444444444),72d80830-8648-433d-af11-38fa02848dd9,USGS-05472500,4e659c91-cfa5-e347-e053-0100007f7169,716,2012-10-01T16:38:00+00:00,Main,7.49,ft^3/s,13.7,ft,4.65,ft^2,1.61,ft/s,,,Firm,Gravel,Even,Even,Standard,Unknown,Wading,2026-07-01T16:35:28.854214+00:00,point_velocity,AtTheGage
05472500,POINT (-92.2046222222222 41.3008444444444),73bca7b1-38e1-4f1c-aa3a-c450e5db3bb4,USGS-05472500,4e659692-a8fc-e201-e053-0100007f7339,453,1983-12-29T06:00:00+00:00,Imported Channel 1,455,ft^3/s,84.0,ft,210,ft^2,2.18,ft/s,,,Unspecified,Unspecified,Unspecified,Unspecified,Unspecified,Unknown,Unspecified,2026-07-01T16:35:28.854214+00:00,point_velocity,Unspecified
05472500,POINT (-92.2046222222222 41.3008444444444),73f5e3cd-10fb-4f03-ab0d-a50f40a98e51,USGS-05472500,4e656a32-8d83-cc47-e053-0100007feb7d,662,2005-11-15T19:21:00+00:00,Imported Channel 1,26.7,ft^3/s,70.0,ft,39.0,ft^2,0.68,ft/s,,,Unspecified,Unspecified,Unspecified,Unspecified,Unspecified,Unknown,Wading,2026-07-01T16:35:28.854214+00:00,point_velocity,Unspecified
05472500,POINT (-92.2046222222222 41.3008444444444),73ff1fb7-5bd8-4dbf-8ad2-db2eba096448,USGS-05472500,4e6591af-ebaa-dfdc-e053-0100007fb4e1,247,1964-06-15T06:00:00+00:00,Imported Channel 1,1910,ft^3/s,97.0,ft,844,ft^2,2.26,ft/s,,,Unspecified,Unspecified,Unspecified,Unspecified,Unspecified,Unknown,Unspecified,2026-07-01T16:35:28.854214+00:00,point_velocity,Unspecified
05472500,POINT (-92.2046222222222 41.3008444444444),7425ddc7-7938-4885-a59b-e6e1610002d5,USGS-05472500,4e65a489-854c-e87e-e053-0100007fac9b,725,2014-01-13T15:18:00+00:00,Main,16.4,ft^3/s,19.0,ft,12.6,ft^2,1.30,ft/s,,,Firm,Gravel,Even,Even,Standard,Unknown,Wading,2026-07-01T16:35:28.854214+00:00,point_velocity,AtTheGage
05472500,POINT (-92.2046222222222 41.3008444444444),74620cb1-b7d6-4da4-a8a5-327ce72e9998,USGS-05472500,4e65720b-e89c-d01e-e053-0100007f25e6,517,1990-07-09T14:55:00+00:00,Imported Channel 1,484,ft^3/s,107,ft,176,ft^2,2.75,ft/s,,,Unspecified,Unspecified,Unspecified,Unspecified,Unspecified,Unknown,BridgeCrane,2026-07-01T16:35:28.854214+00:00,point_velocity,Unspecified
05472500,POINT (-92.2046222222222 41.3008444444444),7513518b-0d17-4146-bbe7-e5594db0692a,USGS-05472500,4e6587ae-bcc9-dab9-e053-0100007f0448,707,2011-06-15T15:41:00+00:00,Imported Channel 1,7430,ft^3/s,196,ft,2400,ft^2,3.09,ft/s,30.00,ft,Firm,CobblesBoulders,Even,Even,Unspecified,Unknown,BridgeDownstreamSide,2026-07-01T16:35:28.854214+00:00,adcp,Downstream
05472500,POINT (-92.2046222222222 41.3008444444444),756ea9e1-55cb-47db-8ea9-9f272bb0f540,USGS-05472500,4e6580ab-e50a-d722-e053-0100007fb8ae,113,1954-06-19T06:00:00+00:00,Imported Channel 1,453,ft^3/s,80.0,ft,295,ft^2,1.54,ft/s,,,Unspecified,Unspecified,Unspecified,Unspecified,Unspecified,Unknown,Unspecified,2026-07-01T16:35:28.854214+00:00,point_velocity,Unspecified
05472500,POINT (-92.2046222222222 41.3008444444444),75b4cc4b-4ebc-4cbc-b060-830829dbbf8c,USGS-05472500,4e658a60-1577-dc13-e053-0100007fb60f,196,1960-09-29T06:00:00+00:00,Imported Channel 1,87.5,ft^3/s,77.0,ft,74.3,ft^2,1.18,ft/s,,,Unspecified,Unspecified,Unspecified,Unspecified,Unspecified,Unknown,Unspecified,2026-07-01T16:35:28.854214+00:00,point_velocity,Unspecified
05472500,POINT (-92.2046222222222 41.3008444444444),760e6a27-27b1-487f-b44e-a955276cc5c8,USGS-05472500,4e65805a-7bf5-d716-e053-0100007f9a43,56,1949-07-13T06:00:00+00:00,Imported Channel 1,75.5,ft^3/s,75.0,ft,145,ft^2,0.52,ft/s,,,Unspecified,Unspecified,Unspecified,Unspecified,Unspecified,Unknown,Unspecified,2026-07-01T16:35:28.854214+00:00,point_velocity,Unspecified
05472500,POINT (-92.2046222222222 41.3008444444444),767b736f-2cad-4909-9ebf-68ecec7fac28,USGS-05472500,4e6578fe-2db7-d388-e053-0100007f2584,671,2006-11-20T15:31:00+00:00,Imported Channel 1,101,ft^3/s,88.0,ft,125,ft^2,0.81,ft/s,,,Unspecified,Unspecified,Unspecified,Unspecified,Unspecified,Unknown,Wading,2026-07-01T16:35:28.854214+00:00,point_velocity,Unspecified
05472500,POINT (-92.2046222222222 41.3008444444444),76bce4cb-ca90-4866-ac6c-48a90faa5f07,USGS-05472500,4e6580da-9e6b-d710-e053-0100007f686b,273,1966-03-21T06:00:00+00:00,Imported Channel 1,508,ft^3/s,87.0,ft,335,ft^2,1.52,ft/s,,,Unspecified,Unspecified,Unspecified,Unspecified,Unspecified,Unknown,Unspecified,2026-07-01T16:35:28.854214+00:00,point_velocity,Unspecified
05472500,POINT (-92.2046222222222 41.3008444444444),76f8314f-b35d-4e3c-8593-c8f70fd763ee,USGS-05472500,4e658777-844b-da9b-e053-0100007f961b,191,1960-04-25T06:00:00+00:00,Imported Channel 1,593,ft^3/s,85.0,ft,329,ft^2,1.80,ft/s,,,Unspecified,Unspecified,Unspecified,Unspecified,Unspecified,Unknown,Unspecified,2026-07-01T16:35:28.854214+00:00,point_velocity,Unspecified
05472500,POINT (-92.2046222222222 41.3008444444444),77455ffe-7e0b-49db-81a7-d18888ee2509,USGS-05472500,4e658070-e556-d726-e053-0100007f8798,619,2000-11-06T13:24:00+00:00,Imported Channel 1,63.4,ft^3/s,61.0,ft,47.4,ft^2,1.34,ft/s,,,Unspecified,Unspecified,Unspecified,Unspecified,Unspecified,Unknown,Wading,2026-07-01T16:35:28.854214+00:00,point_velocity,Unspecified
05472500,POINT (-92.2046222222222 41.3008444444444),77829b3d-3678-472f-8e52-f0dd2d8f0897,USGS-05472500,4e657fa5-efe9-d70a-e053-0100007f2945,157,1957-12-20T06:00:00+00:00,Imported Channel 1,95.3,ft^3/s,65.0,ft,93.4,ft^2,1.02,ft/s,,,Unspecified,Unspecified,Unspecified,Unspecified,Unspecified,Unknown,Unspecified,2026-07-01T16:35:28.854214+00:00,point_velocity,Unspecified
05472500,POINT (-92.2046222222222 41.3008444444444),779b58bb-3024-48d7-b0ae-e3998048f18a,USGS-05472500,4e658245-2d72-d72e-e053-0100007f0cd6,39,1948-02-06T06:00:00+00:00,Imported Channel 1,12.0,ft^3/s,30.0,ft,20.8,ft^2,0.58,ft/s,,,Unspecified,Unspecified,Unspecified,Unspecified,Unspecified,Unknown,Unspecified,2026-07-01T16:35:28.854214+00:00,point_velocity,Unspecified
05472500,POINT (-92.2046222222222 41.3008444444444),77d0d4ce-4a47-4c03-bc87-264b02389049,USGS-05472500,4e6571ec-9c11-d01c-e053-0100007f5df2,497,1988-11-14T15:30:00+00:00,Imported Channel 1,17.1,ft^3/s,20.0,ft,18.1,ft^2,0.94,ft/s,,,Unspecified,Unspecified,Unspecified,Unspecified,Unspecified,Unknown,Wading,2026-07-01T16:35:28.854214+00:00,point_velocity,Unspecified
05472500,POINT (-92.2046222222222 41.3008444444444),77e1d0df-2436-4898-9443-d34f6b9e3efa,USGS-05472500,c9b42b80-4eee-4052-a872-5bd8d7256dcc,803,2024-11-12T21:23:09+00:00,Main,216,ft^3/s,98.0,ft,159,ft^2,1.36,ft/s,5.00,ft,Firm,Gravel,Uneven,Uneven,Unknown,Pulsating,Wading,2026-07-01T16:35:28.854214+00:00,point_velocity,Downstream
05472500,POINT (-92.2046222222222 41.3008444444444),78b47c3b-611c-4774-9e02-683f620a0910,USGS-05472500,4e6599ad-304b-e2f3-e053-0100007f6138,293,1967-07-17T05:00:00+00:00,Imported Channel 1,60.9,ft^3/s,50.0,ft,75.5,ft^2,0.81,ft/s,,,Unspecified,Unspecified,Unspecified,Unspecified,Unspecified,Unknown,Unspecified,2026-07-01T16:35:28.854214+00:00,point_velocity,Unspecified
05472500,POINT (-92.2046222222222 41.3008444444444),78cdf49e-f375-4848-aba7-dbed6e2108f1,USGS-05472500,4e6578e6-c3de-d354-e053-0100007f3fdc,693,2009-09-30T15:16:00+00:00,Imported Channel 1,458,ft^3/s,98.0,ft,227,ft^2,2.02,ft/s,5.00,ft,Firm,Sand,Even,Even,Unspecified,Unknown,Wading,2026-07-01T16:35:28.854214+00:00,point_velocity,Downstream
05472500,POINT (-92.2046222222222 41.3008444444444),78e2b0ff-39e2-458e-812b-48a043e4b83d,USGS-05472500,4e658777-844a-da9b-e053-0100007f961b,190,1960-04-12T06:00:00+00:00,Imported Channel 1,704,ft^3/s,93.0,ft,370,ft^2,1.90,ft/s,,,Unspecified,Unspecified,Unspecified,Unspecified,Unspecified,Unknown,Unspecified,2026-07-01T16:35:28.854214+00:00,point_velocity,Unspecified
05472500,POINT (-92.2046222222222 41.3008444444444),791352b1-ede1-4007-8bee-ecd0bb9368f6,USGS-05472500,4e657fa5-efea-d70a-e053-0100007f2945,174,1959-05-02T06:00:00+00:00,Imported Channel 1,861,ft^3/s,85.0,ft,431,ft^2,2.00,ft/s,,,Unspecified,Unspecified,Unspecified,Unspecified,Unspecified,Unknown,Unspecified,2026-07-01T16:35:28.854214+00:00,point_velocity,Unspecified
05472500,POINT (-92.2046222222222 41.3008444444444),795aa1ff-9c99-4455-8310-e773d58478fb,USGS-05472500,4e65805a-7bf4-d716-e053-0100007f9a43,55,1949-06-16T06:00:00+00:00,Imported Channel 1,270,ft^3/s,85.0,ft,242,ft^2,1.12,ft/s,,,Unspecified,Unspecified,Unspecified,Unspecified,Unspecified,Unknown,Unspecified,2026-07-01T16:35:28.854214+00:00,point_velocity,Unspecified
05472500,POINT (-92.2046222222222 41.3008444444444),79723ab9-90ae-4673-adad-b1dd3b8dbbab,USGS-05472500,4e659918-e665-e2f5-e053-0100007f9431,311,1969-02-17T06:00:00+00:00,Imported Channel 1,129,ft^3/s,58.0,ft,116,ft^2,1.11,ft/s,,,Unspecified,Unspecified,Unspecified,Unspecified,Unspecified,Unknown,Unspecified,2026-07-01T16:35:28.854214+00:00,point_velocity,Unspecified
05472500,POINT (-92.2046222222222 41.3008444444444),7a33ff74-b59f-4a5f-b6b1-c41b37fbad98,USGS-05472500,1af173ea-7610-4760-bdee-d87131083854,791,2023-01-25T17:30:32+00:00,Main,94.4,ft^3/s,93.0,ft,104,ft^2,0.90,ft/s,20.00,ft,Firm,Cobbles,Even,Even,Unknown,Steady,Wading,2026-07-01T16:35:28.854214+00:00,point_velocity,Downstream
05472500,POINT (-92.2046222222222 41.3008444444444),7a929f42-1dbc-421e-a06b-c84a4eaef17f,USGS-05472500,4e65720b-e8a0-d01e-e053-0100007f25e6,528,1991-04-30T20:30:00+00:00,Imported Channel 1,3950,ft^3/s,176,ft,1480,ft^2,2.67,ft/s,,,Unspecified,Unspecified,Unspecified,Unspecified,Unspecified,Unknown,BridgeCrane,2026-07-01T16:35:28.854214+00:00,point_velocity,Unspecified
05472500,POINT (-92.2046222222222 41.3008444444444),7abfc9df-082c-42fe-bad5-099c993c7444,USGS-05472500,4e6581f7-9c1f-d714-e053-0100007fc55d,202,1961-04-04T06:00:00+00:00,Imported Channel 1,498,ft^3/s,84.0,ft,345,ft^2,1.44,ft/s,,,Unspecified,Unspecified,Unspecified,Unspecified,Unspecified,Unknown,Unspecified,2026-07-01T16:35:28.854214+00:00,point_velocity,Unspecified
05472500,POINT (-92.2046222222222 41.3008444444444),7afdeb97-e1d6-4f85-b873-1c1f14d83296,USGS-05472500,4e656f28-f7af-ce80-e053-0100007fbe50,591,1997-12-08T14:50:00+00:00,Imported Channel 1,337,ft^3/s,96.0,ft,221,ft^2,1.53,ft/s,,,Unspecified,Unspecified,Unspecified,Unspecified,Unspecified,Unknown,BridgeCrane,2026-07-01T16:35:28.854214+00:00,point_velocity,Unspecified
05472500,POINT (-92.2046222222222 41.3008444444444),7b1e3515-6499-4cd1-9df6-dba6426ad1a3,USGS-05472500,4e6578f6-ebe9-d396-e053-0100007f255d,187,1960-03-30T06:00:00+00:00,Imported Channel 1,6600,ft^3/s,396,ft,2900,ft^2,2.28,ft/s,,,Unspecified,Unspecified,Unspecified,Unspecified,Unspecified,Unknown,Unspecified,2026-07-01T16:35:28.854214+00:00,point_velocity,Unspecified
05472500,POINT (-92.2046222222222 41.3008444444444),7b5e9538-5091-4c47-8c22-595bb31d96a0,USGS-05472500,4e6578f6-ebec-d396-e053-0100007f255d,198,1960-11-28T06:00:00+00:00,Imported Channel 1,113,ft^3/s,59.0,ft,57.1,ft^2,1.98,ft/s,,,Unspecified,Unspecified,Unspecified,Unspecified,Unspecified,Unknown,Unspecified,2026-07-01T16:35:28.854214+00:00,point_velocity,Unspecified
05472500,POINT (-92.2046222222222 41.3008444444444),7bb4a557-8687-41ce-9582-675030cf9962,USGS-05472500,4e656a26-ee39-cc4d-e053-0100007f4bc9,41,1948-03-22T06:00:00+00:00,Imported Channel 1,2580,ft^3/s,158,ft,1370,ft^2,1.88,ft/s,,,Unspecified,Unspecified,Unspecified,Unspecified,Unspecified,Unknown,Unspecified,2026-07-01T16:35:28.854214+00:00,point_velocity,Unspecified
05472500,POINT (-92.2046222222222 41.3008444444444),7c5ba58e-2783-4873-8949-eb540eea374a,USGS-05472500,4e6575bb-0f3d-d193-e053-0100007f4087,514,1990-06-04T14:30:00+00:00,Imported Channel 1,647,ft^3/s,105,ft,282,ft^2,2.29,ft/s,,,Unspecified,Unspecified,Unspecified,Unspecified,Unspecified,Unknown,BridgeCrane,2026-07-01T16:35:28.854214+00:00,point_velocity,Unspecified
05472500,POINT (-92.2046222222222 41.3008444444444),7c69cde7-ab8d-4f1f-9049-f2ea49237464,USGS-05472500,4e657c66-600f-d5b8-e053-0100007f91e5,561,1994-06-20T13:55:00+00:00,Imported Channel 1,253,ft^3/s,70.0,ft,164,ft^2,1.54,ft/s,,,Unspecified,Unspecified,Unspecified,Unspecified,Unspecified,Unknown,Wading,2026-07-01T16:35:28.854214+00:00,point_velocity,Unspecified
05472500,POINT (-92.2046222222222 41.3008444444444),7c6eec06-c642-45fa-a5ee-ad477628f804,USGS-05472500,4e6587b8-e41c-dab7-e053-0100007fe134,139,1956-08-23T06:00:00+00:00,Imported Channel 1,23.9,ft^3/s,60.0,ft,43.9,ft^2,0.54,ft/s,,,Unspecified,Unspecified,Unspecified,Unspecified,Unspecified,Unknown,Unspecified,2026-07-01T16:35:28.854214+00:00,point_velocity,Unspecified
05472500,POINT (-92.2046222222222 41.3008444444444),7c79dd41-c461-4acd-8921-fb53b97f1af9,USGS-05472500,4e65a068-b47d-e724-e053-0100007fae1d,437,1981-09-08T05:00:00+00:00,Imported Channel 1,48.9,ft^3/s,62.0,ft,80.6,ft^2,0.61,ft/s,,,Unspecified,Unspecified,Unspecified,Unspecified,Unspecified,Unknown,Unspecified,2026-07-01T16:35:28.854214+00:00,point_velocity,Unspecified
05472500,POINT (-92.2046222222222 41.3008444444444),7c857656-b1eb-4854-aac4-9a55cf18da04,USGS-05472500,6a7122a1-dfe7-4d8b-b6b2-8d8ed7136b6f,784,2021-12-14T18:56:05+00:00,Main,137,ft^3/s,92.0,ft,120,ft^2,1.15,ft/s,5.00,ft,Firm,Cobbles,Uneven,Uneven,Unknown,Steady,Wading,2026-07-01T16:35:28.854214+00:00,point_velocity,Downstream
05472500,POINT (-92.2046222222222 41.3008444444444),7cfc4c6d-0f9e-4a89-98ad-03cf34f7c877,USGS-05472500,4e658005-7549-d712-e053-0100007fe7c0,50,1948-11-16T06:00:00+00:00,Imported Channel 1,17.7,ft^3/s,28.5,ft,17.7,ft^2,1.00,ft/s,,,Unspecified,Unspecified,Unspecified,Unspecified,Unspecified,Unknown,Unspecified,2026-07-01T16:35:28.854214+00:00,point_velocity,Unspecified
05472500,POINT (-92.2046222222222 41.3008444444444),7d5048ce-6078-4275-9ddd-6b4de85ebe7c,USGS-05472500,4e6578ce-5b5a-d332-e053-0100007f19f0,510,1990-03-15T19:30:00+00:00,Imported Channel 1,3050,ft^3/s,165,ft,1380,ft^2,2.21,ft/s,,,Unspecified,Unspecified,Unspecified,Unspecified,Unspecified,Unknown,BridgeCrane,2026-07-01T16:35:28.854214+00:00,point_velocity,Unspecified
05472500,POINT (-92.2046222222222 41.3008444444444),7dbb2596-7614-46c7-902d-6eec2b6ace11,USGS-05472500,4e656ac3-443f-cc83-e053-0100007f0bf2,638,2003-02-13T18:30:00+00:00,Imported Channel 1,32.0,ft^3/s,37.0,ft,29.0,ft^2,1.10,ft/s,,,Unspecified,Unspecified,Unspecified,Unspecified,Unspecified,Unknown,Ice,2026-07-01T16:35:28.854214+00:00,point_velocity,Unspecified
05472500,POINT (-92.2046222222222 41.3008444444444),7dd16de8-960c-4b5f-bc34-ec57ebe51b64,USGS-05472500,4e65a38a-72b9-e8a4-e053-0100007f9d1e,458,1984-09-04T05:00:00+00:00,Imported Channel 1,54.7,ft^3/s,68.0,ft,83.6,ft^2,0.65,ft/s,,,Unspecified,Unspecified,Unspecified,Unspecified,Unspecified,Unknown,Unspecified,2026-07-01T16:35:28.854214+00:00,point_velocity,Unspecified
05472500,POINT (-92.2046222222222 41.3008444444444),7de1956a-fc8c-401e-8c1f-017d5e19a5de,USGS-05472500,4e65935c-ce37-e077-e053-0100007f5798,329,1970-08-05T05:00:00+00:00,Imported Channel 1,6710,ft^3/s,370,ft,3160,ft^2,2.15,ft/s,,,Unspecified,Unspecified,Unspecified,Unspecified,Unspecified,Unknown,Unspecified,2026-07-01T16:35:28.854214+00:00,point_velocity,Unspecified
05472500,POINT (-92.2046222222222 41.3008444444444),7e47e6c3-5a45-445f-8408-7fef4cd5fd6b,USGS-05472500,4e6591b0-7a7f-dffc-e053-0100007f45ba,135,1956-04-16T06:00:00+00:00,Imported Channel 1,8.75,ft^3/s,22.0,ft,15.9,ft^2,0.55,ft/s,,,Unspecified,Unspecified,Unspecified,Unspecified,Unspecified,Unknown,Unspecified,2026-07-01T16:35:28.854214+00:00,point_velocity,Unspecified
05472500,POINT (-92.2046222222222 41.3008444444444),7e96f18c-6219-4a1e-a9a3-d0a67ffdf2fb,USGS-05472500,4e656ea0-4187-cdff-e053-0100007f5fa3,491,1988-05-06T13:50:00+00:00,Imported Channel 1,127,ft^3/s,40.0,ft,81.1,ft^2,1.57,ft/s,,,Unspecified,Unspecified,Unspecified,Unspecified,Unspecified,Unknown,Wading,2026-07-01T16:35:28.854214+00:00,point_velocity,Unspecified
05472500,POINT (-92.2046222222222 41.3008444444444),7eb6d9ff-9aba-4092-8db5-6098705994c0,USGS-05472500,4e6570f9-e5c9-cf85-e053-0100007fd1b1,592,1998-01-23T16:45:00+00:00,Imported Channel 1,348,ft^3/s,110,ft,265,ft^2,1.31,ft/s,,,Unspecified,Unspecified,Unspecified,Unspecified,Unspecified,Unknown,Ice,2026-07-01T16:35:28.854214+00:00,point_velocity,Unspecified
05472500,POINT (-92.2046222222222 41.3008444444444),7f1eda04-ff52-413a-8c81-b9e91c669771,USGS-05472500,4e657c86-a57d-d552-e053-0100007f5e6a,572,1995-10-10T19:00:00+00:00,Imported Channel 1,46.2,ft^3/s,60.0,ft,71.8,ft^2,0.63,ft/s,,,Unspecified,Unspecified,Unspecified,Unspecified,Unspecified,Unknown,Wading,2026-07-01T16:35:28.854214+00:00,point_velocity,Unspecified
05472500,POINT (-92.2046222222222 41.3008444444444),7f66d8ea-2957-4bf0-a36f-7f2924943492,USGS-05472500,4e657902-85c7-d366-e053-0100007f7d62,53,1949-03-31T06:00:00+00:00,Imported Channel 1,1720,ft^3/s,115,ft,861,ft^2,2.00,ft/s,,,Unspecified,Unspecified,Unspecified,Unspecified,Unspecified,Unknown,Unspecified,2026-07-01T16:35:28.854214+00:00,point_velocity,Unspecified
05472500,POINT (-92.2046222222222 41.3008444444444),805a43c8-3061-4c98-99d3-4a6e7d134219,USGS-05472500,4e65872e-e6b9-da47-e053-0100007f48a2,9,1946-02-28T06:00:00+00:00,Imported Channel 1,241,ft^3/s,81.0,ft,163,ft^2,1.48,ft/s,,,Unspecified,Unspecified,Unspecified,Unspecified,Unspecified,Unknown,Unspecified,2026-07-01T16:35:28.854214+00:00,point_velocity,Unspecified
05472500,POINT (-92.2046222222222 41.3008444444444),80b6c072-1e91-40a8-9598-2d540f1fcec7,USGS-05472500,4e659943-aa8f-e355-e053-0100007f977f,298,1967-12-20T06:00:00+00:00,Imported Channel 1,56.2,ft^3/s,42.0,ft,64.9,ft^2,0.86,ft/s,,,Unspecified,Unspecified,Unspecified,Unspecified,Unspecified,Unknown,Unspecified,2026-07-01T16:35:28.854214+00:00,point_velocity,Unspecified
05472500,POINT (-92.2046222222222 41.3008444444444),80e71fe7-17e2-4427-87ec-7777d219480a,USGS-05472500,4e6576e4-24de-d229-e053-0100007f6c71,606,1999-06-07T13:20:00+00:00,Imported Channel 1,1040,ft^3/s,129,ft,529,ft^2,1.97,ft/s,,,Unspecified,Unspecified,Unspecified,Unspecified,Unspecified,Unknown,BridgeCrane,2026-07-01T16:35:28.854214+00:00,point_velocity,Unspecified
05472500,POINT (-92.2046222222222 41.3008444444444),81d67bfc-a5d2-40b4-b499-3fbf59ba3ea7,USGS-05472500,4e656f28-f7bf-ce80-e053-0100007fbe50,659,2005-07-12T18:03:00+00:00,Imported Channel 1,205,ft^3/s,91.0,ft,122,ft^2,1.69,ft/s,,,Unspecified,Unspecified,Unspecified,Unspecified,Unspecified,Unknown,Wading,2026-07-01T16:35:28.854214+00:00,point_velocity,Unspecified
05472500,POINT (-92.2046222222222 41.3008444444444),83590df8-6f77-4340-a6cc-4dad21bd380a,USGS-05472500,4e657118-6569-cf88-e053-0100007fdaa8,538,1991-12-05T15:45:00+00:00,Imported Channel 1,203,ft^3/s,73.0,ft,146,ft^2,1.39,ft/s,,,Unspecified,Unspecified,Unspecified,Unspecified,Unspecified,Unknown,BridgeCrane,2026-07-01T16:35:28.854214+00:00,point_velocity,Unspecified
05472500,POINT (-92.2046222222222 41.3008444444444),835ac524-8e6e-453a-8e9d-51a77c27d0b6,USGS-05472500,4e65805a-7bfa-d716-e053-0100007f9a43,85,1951-12-03T06:00:00+00:00,Imported Channel 1,348,ft^3/s,77.0,ft,255,ft^2,1.36,ft/s,,,Unspecified,Unspecified,Unspecified,Unspecified,Unspecified,Unknown,Unspecified,2026-07-01T16:35:28.854214+00:00,point_velocity,Unspecified
05472500,POINT (-92.2046222222222 41.3008444444444),83aa75b6-728c-44b4-a171-5cd0b279ce73,USGS-05472500,4e658777-844c-da9b-e053-0100007f961b,192,1960-05-26T06:00:00+00:00,Imported Channel 1,2060,ft^3/s,116,ft,938,ft^2,2.20,ft/s,,,Unspecified,Unspecified,Unspecified,Unspecified,Unspecified,Unknown,Unspecified,2026-07-01T16:35:28.854214+00:00,point_velocity,Unspecified
05472500,POINT (-92.2046222222222 41.3008444444444),83b01754-6b66-4d1b-9ddb-5841a242d028,USGS-05472500,4e657c30-cc0b-d55a-e053-0100007f0a77,583,1997-01-14T21:45:00+00:00,Imported Channel 1,50.0,ft^3/s,,,,,,,,ft,Unspecified,Unspecified,Unspecified,Unspecified,Unspecified,Unknown,Unspecified,2026-07-01T16:35:28.854214+00:00,other_method,Unspecified
05472500,POINT (-92.2046222222222 41.3008444444444),83ba677a-3d74-44e2-b3db-abfdba39eb05,USGS-05472500,4e6592a4-b35e-e083-e053-0100007f5751,236,1963-08-08T06:00:00+00:00,Imported Channel 1,2260,ft^3/s,105,ft,918,ft^2,2.46,ft/s,,,Unspecified,Unspecified,Unspecified,Unspecified,Unspecified,Unknown,Unspecified,2026-07-01T16:35:28.854214+00:00,point_velocity,Unspecified
05472500,POINT (-92.2046222222222 41.3008444444444),84147966-ba47-4500-9cea-c47afb77b0c4,USGS-05472500,4e658f09-cfec-de81-e053-0100007f0d58,161,1958-04-21T06:00:00+00:00,Imported Channel 1,69.9,ft^3/s,54.0,ft,73.8,ft^2,0.95,ft/s,,,Unspecified,Unspecified,Unspecified,Unspecified,Unspecified,Unknown,Unspecified,2026-07-01T16:35:28.854214+00:00,point_velocity,Unspecified
05472500,POINT (-92.2046222222222 41.3008444444444),842bb28a-80b1-4385-8f15-c03aaf124f9a,USGS-05472500,4e65628f-fb2a-c78a-e053-0100007f94fa,487,1987-11-17T15:45:00+00:00,Imported Channel 1,251,ft^3/s,73.0,ft,163,ft^2,1.50,ft/s,,,Unspecified,Unspecified,Unspecified,Unspecified,Unspecified,Unknown,BridgeCrane,2026-07-01T16:35:28.854214+00:00,point_velocity,Unspecified
05472500,POINT (-92.2046222222222 41.3008444444444),8441b6b1-77f5-4087-baab-10deb38599d3,USGS-05472500,4e657bed-2477-d522-e053-0100007f6bae,485,1987-09-03T14:00:00+00:00,Imported Channel 1,878,ft^3/s,118,ft,348,ft^2,2.50,ft/s,,,Unspecified,Unspecified,Unspecified,Unspecified,Unspecified,Unknown,BridgeCrane,2026-07-01T16:35:28.854214+00:00,point_velocity,Unspecified
05472500,POINT (-92.2046222222222 41.3008444444444),844e6878-759a-4ab7-8e8f-58402e527d79,USGS-05472500,4e658a68-bd7a-dc0f-e053-0100007f2be2,111,1954-04-16T06:00:00+00:00,Imported Channel 1,23.7,ft^3/s,51.5,ft,24.2,ft^2,0.98,ft/s,,,Unspecified,Unspecified,Unspecified,Unspecified,Unspecified,Unknown,Unspecified,2026-07-01T16:35:28.854214+00:00,point_velocity,Unspecified
05472500,POINT (-92.2046222222222 41.3008444444444),84e95d29-a6cc-4d4d-b8ec-96dceeaa32f7,USGS-05472500,4e65713a-f90a-cf8a-e053-0100007fca45,635,2002-10-15T13:27:00+00:00,Imported Channel 1,95.9,ft^3/s,64.0,ft,75.6,ft^2,1.27,ft/s,,,Unspecified,Unspecified,Unspecified,Unspecified,Unspecified,Unknown,Wading,2026-07-01T16:35:28.854214+00:00,point_velocity,Unspecified
05472500,POINT (-92.2046222222222 41.3008444444444),851eaf80-d778-4cd3-aab4-59103028dc09,USGS-05472500,4e6581f7-9c13-d714-e053-0100007fc55d,117,1954-10-21T06:00:00+00:00,Imported Channel 1,183,ft^3/s,77.0,ft,106,ft^2,1.73,ft/s,,,Unspecified,Unspecified,Unspecified,Unspecified,Unspecified,Unknown,Unspecified,2026-07-01T16:35:28.854214+00:00,point_velocity,Unspecified
05472500,POINT (-92.2046222222222 41.3008444444444),856b271c-37b4-492d-8ecd-b27c75cee02f,USGS-05472500,4e6580ab-e4d1-d722-e053-0100007fb8ae,541,1992-04-13T15:15:00+00:00,Imported Channel 1,466,ft^3/s,106,ft,245,ft^2,1.90,ft/s,,,Unspecified,Unspecified,Unspecified,Unspecified,Unspecified,Unknown,BridgeCrane,2026-07-01T16:35:28.854214+00:00,point_velocity,Unspecified
05472500,POINT (-92.2046222222222 41.3008444444444),85724e24-57a2-4ac8-8943-f1966323c566,USGS-05472500,4e6583cc-7d1e-d86f-e053-0100007f96a3,682,2008-04-29T14:42:00+00:00,Imported Channel 1,3470,ft^3/s,141,ft,1390,ft^2,2.49,ft/s,,ft,Unspecified,Unspecified,Unspecified,Unspecified,Unspecified,Unknown,Unspecified,2026-07-01T16:35:28.854214+00:00,adcp,Unspecified
05472500,POINT (-92.2046222222222 41.3008444444444),859f60fb-23c2-4a80-a3b7-fd679b169c58,USGS-05472500,4e657590-b34c-d167-e053-0100007faf79,484,1987-07-23T15:45:00+00:00,Imported Channel 1,277,ft^3/s,75.0,ft,175,ft^2,1.58,ft/s,,,Unspecified,Unspecified,Unspecified,Unspecified,Unspecified,Unknown,BridgeCrane,2026-07-01T16:35:28.854214+00:00,point_velocity,Unspecified
05472500,POINT (-92.2046222222222 41.3008444444444),85f3c79a-e135-44b2-8325-e909c1d94fed,USGS-05472500,4e6573f4-2fef-d0ab-e053-0100007f2449,525,1991-04-05T14:00:00+00:00,Imported Channel 1,609,ft^3/s,111,ft,317,ft^2,1.92,ft/s,,,Unspecified,Unspecified,Unspecified,Unspecified,Unspecified,Unknown,BridgeCrane,2026-07-01T16:35:28.854214+00:00,point_velocity,Unspecified
05472500,POINT (-92.2046222222222 41.3008444444444),8631e3ff-cc6c-464b-b18e-56dc1433ebc6,USGS-05472500,4e658789-48e4-daa3-e053-0100007f15b5,72,1950-11-30T06:00:00+00:00,Imported Channel 1,4.55,ft^3/s,35.0,ft,19.0,ft^2,0.24,ft/s,,,Unspecified,Unspecified,Unspecified,Unspecified,Unspecified,Unknown,Unspecified,2026-07-01T16:35:28.854214+00:00,point_velocity,Unspecified
05472500,POINT (-92.2046222222222 41.3008444444444),86a66879-5ab1-4331-bb41-e109d6f5e304,USGS-05472500,4e6587a9-1de5-da5d-e053-0100007f6588,321,1969-11-17T06:00:00+00:00,Imported Channel 1,82.9,ft^3/s,54.0,ft,71.3,ft^2,1.16,ft/s,,,Unspecified,Unspecified,Unspecified,Unspecified,Unspecified,Unknown,Unspecified,2026-07-01T16:35:28.854214+00:00,point_velocity,Unspecified
05472500,POINT (-92.2046222222222 41.3008444444444),870907c3-7105-4f6f-8d93-b14ffa01e4ce,USGS-05472500,4e656ac3-4440-cc83-e053-0100007f0bf2,639,2003-04-08T12:44:00+00:00,Imported Channel 1,95.1,ft^3/s,50.0,ft,62.8,ft^2,1.51,ft/s,,,Unspecified,Unspecified,Unspecified,Unspecified,Unspecified,Unknown,Wading,2026-07-01T16:35:28.854214+00:00,point_velocity,Unspecified
05472500,POINT (-92.2046222222222 41.3008444444444),87299b2a-b03f-4b5c-9ece-b2b3938dd36b,USGS-05472500,4e657850-b651-d334-e053-0100007fc8f4,18,1946-10-16T06:00:00+00:00,Imported Channel 1,218,ft^3/s,78.0,ft,182,ft^2,1.20,ft/s,,,Unspecified,Unspecified,Unspecified,Unspecified,Unspecified,Unknown,Unspecified,2026-07-01T16:35:28.854214+00:00,point_velocity,Unspecified
05472500,POINT (-92.2046222222222 41.3008444444444),87f36be9-0261-42be-a072-9001575894b0,USGS-05472500,4e65a3eb-2ed4-e8a2-e053-0100007fec97,711,2012-01-19T21:01:00+00:00,Main,66.6,ft^3/s,52.0,ft,42.1,ft^2,1.58,ft/s,,,Firm,Sand,Even,Even,Standard,Unknown,Wading,2026-07-01T16:35:28.854214+00:00,point_velocity,AtTheGage
05472500,POINT (-92.2046222222222 41.3008444444444),87f6311d-7f0b-4030-bfb8-88789b975010,USGS-05472500,4e659755-86ca-e25d-e053-0100007ff233,425,1980-04-28T05:00:00+00:00,Imported Channel 1,119,ft^3/s,69.0,ft,104,ft^2,1.14,ft/s,,,Unspecified,Unspecified,Unspecified,Unspecified,Unspecified,Unknown,Unspecified,2026-07-01T16:35:28.854214+00:00,point_velocity,Unspecified
05472500,POINT (-92.2046222222222 41.3008444444444),88068c83-cd4d-40e7-a9ec-1b0a584f1a9c,USGS-05472500,4e658edb-dcf4-de1a-e053-0100007fd066,84,1951-11-05T06:00:00+00:00,Imported Channel 1,102,ft^3/s,78.0,ft,108,ft^2,0.94,ft/s,,,Unspecified,Unspecified,Unspecified,Unspecified,Unspecified,Unknown,Unspecified,2026-07-01T16:35:28.854214+00:00,point_velocity,Unspecified
05472500,POINT (-92.2046222222222 41.3008444444444),8892d1fc-117b-4e93-bbc4-f5aeb5d299be,USGS-05472500,4e65839c-69ac-d8ab-e053-0100007f5a3a,291,1967-06-12T05:00:00+00:00,Imported Channel 1,1850,ft^3/s,97.0,ft,830,ft^2,2.23,ft/s,,,Unspecified,Unspecified,Unspecified,Unspecified,Unspecified,Unknown,Unspecified,2026-07-01T16:35:28.854214+00:00,point_velocity,Unspecified
05472500,POINT (-92.2046222222222 41.3008444444444),8925170a-df1f-428f-a9cb-9e69b14cd39d,USGS-05472500,4e6580da-9e13-d710-e053-0100007f686b,623,2001-05-01T22:20:00+00:00,Imported Channel 1,467,ft^3/s,107,ft,280,ft^2,1.67,ft/s,,,Unspecified,Unspecified,Unspecified,Unspecified,Unspecified,Unknown,BridgeCrane,2026-07-01T16:35:28.854214+00:00,point_velocity,Unspecified
05472500,POINT (-92.2046222222222 41.3008444444444),8a406a1a-6b35-4eba-b278-1560e16534c3,USGS-05472500,4e659c82-1191-e54d-e053-0100007ffcdc,379,1975-11-07T06:00:00+00:00,Imported Channel 1,42.1,ft^3/s,66.0,ft,105,ft^2,0.40,ft/s,,,Unspecified,Unspecified,Unspecified,Unspecified,Unspecified,Unknown,Unspecified,2026-07-01T16:35:28.854214+00:00,point_velocity,Unspecified
05472500,POINT (-92.2046222222222 41.3008444444444),8a8bde07-313e-4dcb-9645-d8b789f2ae97,USGS-05472500,4e65aac1-c105-ec0e-e053-0100007f9b48,452,1983-11-17T06:00:00+00:00,Imported Channel 1,604,ft^3/s,85.0,ft,343,ft^2,1.76,ft/s,,,Unspecified,Unspecified,Unspecified,Unspecified,Unspecified,Unknown,Unspecified,2026-07-01T16:35:28.854214+00:00,point_velocity,Unspecified
05472500,POINT (-92.2046222222222 41.3008444444444),8b72cc93-a0ce-4428-b39e-33e1d6010964,USGS-05472500,4e65679b-57db-cae7-e053-0100007ff8bf,469,1985-12-09T06:00:00+00:00,Imported Channel 1,222,ft^3/s,75.0,ft,188,ft^2,1.18,ft/s,,,Unspecified,Unspecified,Unspecified,Unspecified,Unspecified,Unknown,BridgeCrane,2026-07-01T16:35:28.854214+00:00,point_velocity,Unspecified
05472500,POINT (-92.2046222222222 41.3008444444444),8bd0e4dc-ca70-46cc-b82a-b1f199ecab76,USGS-05472500,4e657cb5-1c72-d5b2-e053-0100007f0e29,465,1985-06-24T05:00:00+00:00,Imported Channel 1,71.4,ft^3/s,65.0,ft,80.6,ft^2,0.89,ft/s,,,Unspecified,Unspecified,Unspecified,Unspecified,Unspecified,Unknown,Wading,2026-07-01T16:35:28.854214+00:00,point_velocity,Unspecified
05472500,POINT (-92.2046222222222 41.3008444444444),8ca327a5-b448-461e-a0fc-9d98b9c3e180,USGS-05472500,4e658789-4945-daa3-e053-0100007f15b5,735,2015-05-28T18:58:30+00:00,Main,1290,ft^3/s,121,ft,761,ft^2,1.70,ft/s,40.00,ft,Firm,Sand,Uneven,Uneven,NonStandard,Unknown,BridgeDownstreamSide,2026-07-01T16:35:28.854214+00:00,adcp,Downstream
05472500,POINT (-92.2046222222222 41.3008444444444),8cc01e07-c50d-4319-904a-4e1b3da9338c,USGS-05472500,4e658739-f6f2-da5f-e053-0100007f58ae,327,1970-05-20T05:00:00+00:00,Imported Channel 1,750,ft^3/s,93.0,ft,448,ft^2,1.67,ft/s,,,Unspecified,Unspecified,Unspecified,Unspecified,Unspecified,Unknown,Unspecified,2026-07-01T16:35:28.854214+00:00,point_velocity,Unspecified
05472500,POINT (-92.2046222222222 41.3008444444444),8cc27f25-7ef1-4157-9850-6af71a62d2df,USGS-05472500,4e65935c-ce4d-e077-e053-0100007f5798,410,1978-11-29T06:00:00+00:00,Imported Channel 1,509,ft^3/s,78.0,ft,300,ft^2,1.70,ft/s,,,Unspecified,Unspecified,Unspecified,Unspecified,Unspecified,Unknown,Unspecified,2026-07-01T16:35:28.854214+00:00,point_velocity,Unspecified
05472500,POINT (-92.2046222222222 41.3008444444444),8cc4ff71-908f-4246-a045-bfb8f92b05bc,USGS-05472500,4e659b90-ddec-e45c-e053-0100007f8dc0,350,1972-11-01T06:00:00+00:00,Imported Channel 1,277,ft^3/s,83.0,ft,200,ft^2,1.38,ft/s,,,Unspecified,Unspecified,Unspecified,Unspecified,Unspecified,Unknown,Unspecified,2026-07-01T16:35:28.854214+00:00,point_velocity,Unspecified
05472500,POINT (-92.2046222222222 41.3008444444444),8cebba9c-4ce2-4ec8-8af0-ac4ee9bc2908,USGS-05472500,4e65803c-e9a0-d718-e053-0100007f9460,67,1950-07-21T06:00:00+00:00,Imported Channel 1,126,ft^3/s,58.0,ft,98.0,ft^2,1.29,ft/s,,,Unspecified,Unspecified,Unspecified,Unspecified,Unspecified,Unknown,Unspecified,2026-07-01T16:35:28.854214+00:00,point_velocity,Unspecified
05472500,POINT (-92.2046222222222 41.3008444444444),8d274147-9f1e-4577-8db8-88b099789c90,USGS-05472500,4e6578c0-31f6-d360-e053-0100007f3217,159,1958-02-25T06:00:00+00:00,Imported Channel 1,1450,ft^3/s,112,ft,856,ft^2,1.69,ft/s,,,Unspecified,Unspecified,Unspecified,Unspecified,Unspecified,Unknown,Unspecified,2026-07-01T16:35:28.854214+00:00,point_velocity,Unspecified
05472500,POINT (-92.2046222222222 41.3008444444444),8d44aa40-7447-4886-87cb-7017350b9f73,USGS-05472500,4e658038-fe37-d72c-e053-0100007fa188,586,1997-05-19T15:50:00+00:00,Imported Channel 1,423,ft^3/s,97.0,ft,250,ft^2,1.69,ft/s,,,Unspecified,Unspecified,Unspecified,Unspecified,Unspecified,Unknown,BridgeCrane,2026-07-01T16:35:28.854214+00:00,point_velocity,Unspecified
05472500,POINT (-92.2046222222222 41.3008444444444),8d6f0225-4bd8-48a6-8da1-7227b95fa7d2,USGS-05472500,4e6578dc-4f71-d384-e053-0100007f0d52,595,1998-05-18T13:55:00+00:00,Imported Channel 1,725,ft^3/s,117,ft,417,ft^2,1.74,ft/s,,,Unspecified,Unspecified,Unspecified,Unspecified,Unspecified,Unknown,BridgeCrane,2026-07-01T16:35:28.854214+00:00,point_velocity,Unspecified
05472500,POINT (-92.2046222222222 41.3008444444444),8d72b89c-aca4-450c-adbe-337507f09b16,USGS-05472500,4e6578fe-2dcf-d388-e053-0100007f2584,132,1956-01-21T06:00:00+00:00,Imported Channel 1,2.40,ft^3/s,19.0,ft,8.55,ft^2,0.28,ft/s,,,Unspecified,Unspecified,Unspecified,Unspecified,Unspecified,Unknown,Unspecified,2026-07-01T16:35:28.854214+00:00,point_velocity,Unspecified
05472500,POINT (-92.2046222222222 41.3008444444444),8d9766d6-20b7-4700-b3ef-70dd4664acf5,USGS-05472500,4e657c66-602d-d5b8-e053-0100007f91e5,80,1951-07-19T06:00:00+00:00,Imported Channel 1,524,ft^3/s,84.0,ft,351,ft^2,1.49,ft/s,,,Unspecified,Unspecified,Unspecified,Unspecified,Unspecified,Unknown,Unspecified,2026-07-01T16:35:28.854214+00:00,point_velocity,Unspecified
05472500,POINT (-92.2046222222222 41.3008444444444),8ee02c9f-a77f-4938-bd58-5e4b851420c6,USGS-05472500,4e658005-755d-d712-e053-0100007fe7c0,151,1957-07-22T06:00:00+00:00,Imported Channel 1,57.2,ft^3/s,56.0,ft,57.7,ft^2,0.99,ft/s,,,Unspecified,Unspecified,Unspecified,Unspecified,Unspecified,Unknown,Unspecified,2026-07-01T16:35:28.854214+00:00,point_velocity,Unspecified
05472500,POINT (-92.2046222222222 41.3008444444444),8f3a7676-8782-46e3-a5f7-2cde34e85d1f,USGS-05472500,4e6592a4-b35f-e083-e053-0100007f5751,237,1963-08-22T06:00:00+00:00,Imported Channel 1,94.3,ft^3/s,53.0,ft,61.2,ft^2,1.54,ft/s,,,Unspecified,Unspecified,Unspecified,Unspecified,Unspecified,Unknown,Unspecified,2026-07-01T16:35:28.854214+00:00,point_velocity,Unspecified
05472500,POINT (-92.2046222222222 41.3008444444444),8f7d1c05-8c5a-4b7c-b279-1d84b1a87b0e,USGS-05472500,4e6578dc-4fa0-d384-e053-0100007f0d52,228,1962-12-26T06:00:00+00:00,Imported Channel 1,35.2,ft^3/s,60.0,ft,52.3,ft^2,0.67,ft/s,,,Unspecified,Unspecified,Unspecified,Unspecified,Unspecified,Unknown,Unspecified,2026-07-01T16:35:28.854214+00:00,point_velocity,Unspecified
05472500,POINT (-92.2046222222222 41.3008444444444),8ff0aa7d-22c6-45dd-9c37-954d2e5b5f53,USGS-05472500,4e656713-be1d-c7e8-e053-0100007f8f1c,464,1985-05-13T05:00:00+00:00,Imported Channel 1,194,ft^3/s,78.0,ft,154,ft^2,1.26,ft/s,,,Unspecified,Unspecified,Unspecified,Unspecified,Unspecified,Unknown,Wading,2026-07-01T16:35:28.854214+00:00,point_velocity,Unspecified
05472500,POINT (-92.2046222222222 41.3008444444444),9068a43a-b08b-4f65-b43f-df4f6f3d70f8,USGS-05472500,4e656a32-8d6f-cc47-e053-0100007feb7d,482,1987-06-11T14:40:00+00:00,Imported Channel 1,227,ft^3/s,65.0,ft,82.5,ft^2,2.74,ft/s,,,Unspecified,Unspecified,Unspecified,Unspecified,Unspecified,Unknown,Wading,2026-07-01T16:35:28.854214+00:00,point_velocity,Unspecified
05472500,POINT (-92.2046222222222 41.3008444444444),908a86b8-1123-4212-a661-e915704ee5e1,USGS-05472500,4e659b26-8d67-e45a-e053-0100007f0aec,316,1969-07-10T05:00:00+00:00,Imported Channel 1,4750,ft^3/s,354,ft,2310,ft^2,2.05,ft/s,,,Unspecified,Unspecified,Unspecified,Unspecified,Unspecified,Unknown,Unspecified,2026-07-01T16:35:28.854214+00:00,point_velocity,Unspecified
05472500,POINT (-92.2046222222222 41.3008444444444),909780aa-a198-4119-a0a5-3b43386c90dd,USGS-05472500,4e65aae3-fd57-ec38-e053-0100007f6362,717,2012-11-19T16:16:00+00:00,channel1,24.1,ft^3/s,52.0,ft,25.9,ft^2,0.93,ft/s,,,Firm,Gravel,Even,Even,Standard,Unknown,Wading,2026-07-01T16:35:28.854214+00:00,point_velocity,AtTheGage
05472500,POINT (-92.2046222222222 41.3008444444444),90ad16d3-e382-480d-83ff-344e33b59557,USGS-05472500,4e659943-aaa1-e355-e053-0100007f977f,414,1979-05-01T05:00:00+00:00,Imported Channel 1,1100,ft^3/s,72.0,ft,511,ft^2,2.15,ft/s,,,Unspecified,Unspecified,Unspecified,Unspecified,Unspecified,Unknown,Unspecified,2026-07-01T16:35:28.854214+00:00,point_velocity,Unspecified
05472500,POINT (-92.2046222222222 41.3008444444444),914a4566-26d3-458d-b2cb-5cd05f8cd50d,USGS-05472500,4e658d54-7586-dd17-e053-0100007f243b,24,1947-01-27T06:00:00+00:00,Imported Channel 1,207,ft^3/s,71.0,ft,145,ft^2,1.43,ft/s,,,Unspecified,Unspecified,Unspecified,Unspecified,Unspecified,Unknown,Unspecified,2026-07-01T16:35:28.854214+00:00,point_velocity,Unspecified
05472500,POINT (-92.2046222222222 41.3008444444444),91646ae4-2988-4c8b-b15e-f0f8264adfcb,USGS-05472500,6971792e-1285-172a-e053-0100007fd8da,756,2018-03-13T20:49:53+00:00,Main,120,ft^3/s,105,ft,249,ft^2,0.48,ft/s,0.00,ft,Soft,Sand,Uneven,Uneven,NonStandard,Pulsating,Wading,2026-07-01T16:35:28.854214+00:00,point_velocity,AtTheGage
05472500,POINT (-92.2046222222222 41.3008444444444),91b3d93a-615d-4441-9cf3-63b2e4bbcf00,USGS-05472500,4e658b95-4906-dc07-e053-0100007f8a7a,147,1957-04-15T06:00:00+00:00,Imported Channel 1,18.3,ft^3/s,42.0,ft,21.9,ft^2,0.84,ft/s,,,Unspecified,Unspecified,Unspecified,Unspecified,Unspecified,Unknown,Unspecified,2026-07-01T16:35:28.854214+00:00,point_velocity,Unspecified
05472500,POINT (-92.2046222222222 41.3008444444444),91e5f911-da1f-4653-8f94-c67ec200bec9,USGS-05472500,4e656a26-ee64-cc4d-e053-0100007f4bc9,207,1961-08-01T06:00:00+00:00,Imported Channel 1,531,ft^3/s,84.0,ft,364,ft^2,1.46,ft/s,,,Unspecified,Unspecified,Unspecified,Unspecified,Unspecified,Unknown,Unspecified,2026-07-01T16:35:28.854214+00:00,point_velocity,Unspecified
05472500,POINT (-92.2046222222222 41.3008444444444),9201003c-01e8-46ff-ba04-bd828aaa5fd3,USGS-05472500,4e657f99-3b6e-d708-e053-0100007fbf7c,28,1947-03-27T06:00:00+00:00,Imported Channel 1,587,ft^3/s,89.0,ft,352,ft^2,1.67,ft/s,,,Unspecified,Unspecified,Unspecified,Unspecified,Unspecified,Unknown,Unspecified,2026-07-01T16:35:28.854214+00:00,point_velocity,Unspecified
05472500,POINT (-92.2046222222222 41.3008444444444),9212fc74-af46-44d5-b50e-db06a8a47ffa,USGS-05472500,4e657ca1-f445-d54e-e053-0100007f2424,474,1986-07-07T05:00:00+00:00,Imported Channel 1,465,ft^3/s,72.0,ft,286,ft^2,1.63,ft/s,,,Unspecified,Unspecified,Unspecified,Unspecified,Unspecified,Unknown,BridgeCrane,2026-07-01T16:35:28.854214+00:00,point_velocity,Unspecified
05472500,POINT (-92.2046222222222 41.3008444444444),925fea44-91f2-42e2-b2b2-ac67674d23db,USGS-05472500,4e658ae0-3f2b-da43-e053-0100007f9de5,698,2010-06-14T14:02:00+00:00,Imported Channel 1,5760,ft^3/s,150,ft,2010,ft^2,2.87,ft/s,30.00,ft,Soft,SiltMud,Even,Even,Unspecified,Unknown,BridgeDownstreamSide,2026-07-01T16:35:28.854214+00:00,adcp,Downstream
05472500,POINT (-92.2046222222222 41.3008444444444),927ca579-7277-41e2-b933-a5d3fac4fbd4,USGS-05472500,4e65920f-ab35-dfde-e053-0100007ffacf,429,1980-10-07T05:00:00+00:00,Imported Channel 1,18.4,ft^3/s,64.0,ft,64.9,ft^2,0.28,ft/s,,,Unspecified,Unspecified,Unspecified,Unspecified,Unspecified,Unknown,Unspecified,2026-07-01T16:35:28.854214+00:00,point_velocity,Unspecified
05472500,POINT (-92.2046222222222 41.3008444444444),92a81742-9974-4e40-b5aa-c111c623f33a,USGS-05472500,4e656713-be31-c7e8-e053-0100007f8f1c,542,1992-05-26T15:06:00+00:00,Imported Channel 1,279,ft^3/s,82.0,ft,155,ft^2,1.79,ft/s,,,Unspecified,Unspecified,Unspecified,Unspecified,Unspecified,Unknown,Wading,2026-07-01T16:35:28.854214+00:00,point_velocity,Unspecified
05472500,POINT (-92.2046222222222 41.3008444444444),93a41c09-515f-4623-84e9-fde68f467ba2,USGS-05472500,4e6571e8-38c7-cffc-e053-0100007fe6ba,499,1989-01-30T15:15:00+00:00,Imported Channel 1,80.1,ft^3/s,27.0,ft,36.3,ft^2,2.21,ft/s,,,Unspecified,Unspecified,Unspecified,Unspecified,Unspecified,Unknown,Wading,2026-07-01T16:35:28.854214+00:00,point_velocity,Unspecified
05472500,POINT (-92.2046222222222 41.3008444444444),93ce2467-9ae2-454d-97d8-44d3b4f73ebf,USGS-05472500,4e657fd8-1fa2-d720-e053-0100007f50ce,704,2011-03-25T19:26:00+00:00,Imported Channel 1,903,ft^3/s,115,ft,370,ft^2,2.44,ft/s,20.00,ft,Soft,Sand,Even,Even,Unspecified,Unknown,BridgeDownstreamSide,2026-07-01T16:35:28.854214+00:00,adcp,Downstream
05472500,POINT (-92.2046222222222 41.3008444444444),93d8e855-18c7-4bd7-8935-0b66f29a1893,USGS-05472500,4e657892-63f0-d330-e053-0100007f2b61,536,1991-10-22T22:45:00+00:00,Imported Channel 1,17.3,ft^3/s,22.0,ft,18.8,ft^2,0.92,ft/s,,,Unspecified,Unspecified,Unspecified,Unspecified,Unspecified,Unknown,Wading,2026-07-01T16:35:28.854214+00:00,point_velocity,Unspecified
05472500,POINT (-92.2046222222222 41.3008444444444),940bd4e1-f401-4668-b4c0-8ad53b25957e,USGS-05472500,4e6587ac-ce7c-da99-e053-0100007f129b,289,1967-05-16T05:00:00+00:00,Imported Channel 1,67.0,ft^3/s,46.0,ft,71.1,ft^2,0.94,ft/s,,,Unspecified,Unspecified,Unspecified,Unspecified,Unspecified,Unknown,Unspecified,2026-07-01T16:35:28.854214+00:00,point_velocity,Unspecified
05472500,POINT (-92.2046222222222 41.3008444444444),94f7862a-e554-4eaa-a8d3-bd67d30744c6,USGS-05472500,4e6571ec-9c10-d01c-e053-0100007f5df2,495,1988-09-14T14:15:00+00:00,Imported Channel 1,7.46,ft^3/s,18.5,ft,16.4,ft^2,0.46,ft/s,,,Unspecified,Unspecified,Unspecified,Unspecified,Unspecified,Unknown,Wading,2026-07-01T16:35:28.854214+00:00,point_velocity,Unspecified
05472500,POINT (-92.2046222222222 41.3008444444444),9537af28-d876-44b4-8dd1-79bb74a40c95,USGS-05472500,4e656a94-7851-cc85-e053-0100007f1148,672,2006-12-15T20:35:00+00:00,Imported Channel 1,217,ft^3/s,81.5,ft,180,ft^2,1.20,ft/s,,,Unspecified,Unspecified,Unspecified,Unspecified,Unspecified,Unknown,Wading,2026-07-01T16:35:28.854214+00:00,point_velocity,Unspecified
05472500,POINT (-92.2046222222222 41.3008444444444),9550c17c-fa15-47f2-8e11-5060ffc2fa9b,USGS-05472500,4e656c61-e89e-cb56-e053-0100007fa58c,503,1989-07-17T13:25:00+00:00,Imported Channel 1,23.2,ft^3/s,21.0,ft,18.7,ft^2,1.24,ft/s,,,Unspecified,Unspecified,Unspecified,Unspecified,Unspecified,Unknown,Wading,2026-07-01T16:35:28.854214+00:00,point_velocity,Unspecified
05472500,POINT (-92.2046222222222 41.3008444444444),95e153b8-7000-402a-9882-253c56b2a714,USGS-05472500,4e6587b8-e432-dab7-e053-0100007fe134,385,1976-07-19T05:00:00+00:00,Imported Channel 1,88.6,ft^3/s,53.0,ft,93.4,ft^2,0.95,ft/s,,,Unspecified,Unspecified,Unspecified,Unspecified,Unspecified,Unknown,Unspecified,2026-07-01T16:35:28.854214+00:00,point_velocity,Unspecified
05472500,POINT (-92.2046222222222 41.3008444444444),96f9dfaa-78f0-4d69-9fcb-9f899246d94d,USGS-05472500,4e656a47-579a-cc4f-e053-0100007f2409,25,1947-02-13T06:00:00+00:00,Imported Channel 1,138,ft^3/s,77.0,ft,109,ft^2,1.27,ft/s,,,Unspecified,Unspecified,Unspecified,Unspecified,Unspecified,Unknown,Unspecified,2026-07-01T16:35:28.854214+00:00,point_velocity,Unspecified
05472500,POINT (-92.2046222222222 41.3008444444444),9717b67c-0193-4834-b8a0-4d88c49b6c4a,USGS-05472500,4e65839c-69b1-d8ab-e053-0100007f5a3a,301,1968-03-18T06:00:00+00:00,Imported Channel 1,73.8,ft^3/s,41.0,ft,63.7,ft^2,1.16,ft/s,,,Unspecified,Unspecified,Unspecified,Unspecified,Unspecified,Unknown,Unspecified,2026-07-01T16:35:28.854214+00:00,point_velocity,Unspecified
05472500,POINT (-92.2046222222222 41.3008444444444),97a0159d-4745-4ba4-a122-f3c02b26df75,USGS-05472500,4e656f28-f7be-ce80-e053-0100007fbe50,658,2005-06-08T20:52:00+00:00,Imported Channel 1,560,ft^3/s,112,ft,295,ft^2,1.90,ft/s,,ft,Unspecified,Unspecified,Unspecified,Unspecified,Unspecified,Unknown,Unspecified,2026-07-01T16:35:28.854214+00:00,adcp,Unspecified
05472500,POINT (-92.2046222222222 41.3008444444444),97b2aec7-bdb4-46c1-9bd3-70366ff3f85a,USGS-05472500,4e657fd8-1f82-d720-e053-0100007f50ce,518,1990-08-28T16:05:00+00:00,Imported Channel 1,474,ft^3/s,101,ft,225,ft^2,2.11,ft/s,,,Unspecified,Unspecified,Unspecified,Unspecified,Unspecified,Unknown,BridgeCrane,2026-07-01T16:35:28.854214+00:00,point_velocity,Unspecified
05472500,POINT (-92.2046222222222 41.3008444444444),98118caf-22e6-4905-901c-fd85fa18fb34,USGS-05472500,4e658e65-81f1-de0e-e053-0100007f9b1f,373,1975-05-12T05:00:00+00:00,Imported Channel 1,162,ft^3/s,76.0,ft,103,ft^2,1.57,ft/s,,,Unspecified,Unspecified,Unspecified,Unspecified,Unspecified,Unknown,Unspecified,2026-07-01T16:35:28.854214+00:00,point_velocity,Unspecified
05472500,POINT (-92.2046222222222 41.3008444444444),9822653f-e37c-4559-943d-a532d21b698a,USGS-05472500,4e656a26-ee78-cc4d-e053-0100007f4bc9,246,1964-05-18T06:00:00+00:00,Imported Channel 1,210,ft^3/s,69.0,ft,157,ft^2,1.34,ft/s,,,Unspecified,Unspecified,Unspecified,Unspecified,Unspecified,Unknown,Unspecified,2026-07-01T16:35:28.854214+00:00,point_velocity,Unspecified
05472500,POINT (-92.2046222222222 41.3008444444444),9834fbde-b242-4d9f-b1d7-831e08775c70,USGS-05472500,4e6573f4-3007-d0ab-e053-0100007f2449,4,1946-01-05T06:00:00+00:00,Imported Channel 1,3760,ft^3/s,366,ft,2160,ft^2,1.74,ft/s,,,Unspecified,Unspecified,Unspecified,Unspecified,Unspecified,Unknown,Unspecified,2026-07-01T16:35:28.854214+00:00,point_velocity,Unspecified
05472500,POINT (-92.2046222222222 41.3008444444444),98766d3f-7fa4-4b36-8924-72d9322ca845,USGS-05472500,4e657f99-3b90-d708-e053-0100007fbf7c,250,1964-09-14T06:00:00+00:00,Imported Channel 1,32.8,ft^3/s,40.0,ft,37.8,ft^2,0.87,ft/s,,,Unspecified,Unspecified,Unspecified,Unspecified,Unspecified,Unknown,Unspecified,2026-07-01T16:35:28.854214+00:00,point_velocity,Unspecified
05472500,POINT (-92.2046222222222 41.3008444444444),992608ee-5d62-4610-b782-6534a55ef449,USGS-05472500,4e65a323-7e37-e840-e053-0100007f415e,388,1976-12-01T06:00:00+00:00,Imported Channel 1,11.5,ft^3/s,31.5,ft,12.0,ft^2,0.96,ft/s,,,Unspecified,Unspecified,Unspecified,Unspecified,Unspecified,Unknown,Unspecified,2026-07-01T16:35:28.854214+00:00,point_velocity,Unspecified
05472500,POINT (-92.2046222222222 41.3008444444444),9936837a-d3fa-41d5-8769-e1f561d68fd0,USGS-05472500,4e656f07-d270-ce30-e053-0100007f1d7d,511,1990-04-24T14:45:00+00:00,Imported Channel 1,247,ft^3/s,70.0,ft,160,ft^2,1.54,ft/s,,,Unspecified,Unspecified,Unspecified,Unspecified,Unspecified,Unknown,BridgeCrane,2026-07-01T16:35:28.854214+00:00,point_velocity,Unspecified
05472500,POINT (-92.2046222222222 41.3008444444444),994d9302-cd13-4044-b802-101c76f4dedb,USGS-05472500,4e6587a9-1df0-da5d-e053-0100007f6588,366,1974-06-25T05:00:00+00:00,Imported Channel 1,2480,ft^3/s,105,ft,1030,ft^2,2.41,ft/s,,,Unspecified,Unspecified,Unspecified,Unspecified,Unspecified,Unknown,Unspecified,2026-07-01T16:35:28.854214+00:00,point_velocity,Unspecified
05472500,POINT (-92.2046222222222 41.3008444444444),9957e11f-42b5-4d1c-a996-2b5a937097de,USGS-05472500,4e65920f-ab0e-dfde-e053-0100007ffacf,138,1956-07-23T06:00:00+00:00,Imported Channel 1,37.2,ft^3/s,60.0,ft,43.9,ft^2,0.85,ft/s,,,Unspecified,Unspecified,Unspecified,Unspecified,Unspecified,Unknown,Unspecified,2026-07-01T16:35:28.854214+00:00,point_velocity,Unspecified
05472500,POINT (-92.2046222222222 41.3008444444444),9986a844-09a3-4739-9f55-f2eb1b991486,USGS-05472500,4e658f2e-64d9-de85-e053-0100007f1d29,216,1962-02-26T06:00:00+00:00,Imported Channel 1,415,ft^3/s,75.0,ft,261,ft^2,1.59,ft/s,,,Unspecified,Unspecified,Unspecified,Unspecified,Unspecified,Unknown,Unspecified,2026-07-01T16:35:28.854214+00:00,point_velocity,Unspecified
05472500,POINT (-92.2046222222222 41.3008444444444),99e18301-df6e-4f81-a6a5-a839ad54625f,USGS-05472500,4e658a68-bd7f-dc0f-e053-0100007f2be2,130,1955-11-18T06:00:00+00:00,Imported Channel 1,6.11,ft^3/s,41.0,ft,24.5,ft^2,0.25,ft/s,,,Unspecified,Unspecified,Unspecified,Unspecified,Unspecified,Unknown,Unspecified,2026-07-01T16:35:28.854214+00:00,point_velocity,Unspecified
05472500,POINT (-92.2046222222222 41.3008444444444),9a389d0f-2cd5-4a30-bb4b-5ae261d264fc,USGS-05472500,4e658762-5a07-da59-e053-0100007ffd1a,244,1964-03-16T06:00:00+00:00,Imported Channel 1,122,ft^3/s,79.0,ft,81.1,ft^2,1.50,ft/s,,,Unspecified,Unspecified,Unspecified,Unspecified,Unspecified,Unknown,Unspecified,2026-07-01T16:35:28.854214+00:00,point_velocity,Unspecified
05472500,POINT (-92.2046222222222 41.3008444444444),9a5819f9-fb41-4ae0-92ce-a8df09289e7c,USGS-05472500,4e6571cc-97f8-d004-e053-0100007fdd11,535,1991-09-16T21:02:00+00:00,Imported Channel 1,31.4,ft^3/s,25.0,ft,22.2,ft^2,1.41,ft/s,,,Unspecified,Unspecified,Unspecified,Unspecified,Unspecified,Unknown,Wading,2026-07-01T16:35:28.854214+00:00,point_velocity,Unspecified
05472500,POINT (-92.2046222222222 41.3008444444444),9a784377-edfb-4c11-8934-3ed2954ff0bd,USGS-05472500,4e658e98-3fcb-de47-e053-0100007f822b,305,1968-07-15T05:00:00+00:00,Imported Channel 1,18.2,ft^3/s,38.0,ft,23.7,ft^2,0.76,ft/s,,,Unspecified,Unspecified,Unspecified,Unspecified,Unspecified,Unknown,Unspecified,2026-07-01T16:35:28.854214+00:00,point_velocity,Unspecified
05472500,POINT (-92.2046222222222 41.3008444444444),9de97939-be1c-4998-8dca-fc73d5151cad,USGS-05472500,950b5477-377c-6574-e053-0100007f47f5,768,2019-10-16T16:31:26+00:00,Main,685,ft^3/s,120,ft,424,ft^2,1.62,ft/s,50.00,ft,Firm,SiltMud,Even,Even,NonStandard,Steady,BridgeDownstreamSide,2026-07-01T16:35:28.854214+00:00,adcp,Upstream
05472500,POINT (-92.2046222222222 41.3008444444444),9f08cb64-50db-4b86-9a38-c9c5449a60e0,USGS-05472500,4e657875-41aa-d35c-e053-0100007f8d57,544,1992-07-26T15:20:00+00:00,Imported Channel 1,8130,ft^3/s,335,ft,3090,ft^2,2.63,ft/s,,,Unspecified,Unspecified,Unspecified,Unspecified,Unspecified,Unknown,BridgeCrane,2026-07-01T16:35:28.854214+00:00,point_velocity,Unspecified
05472500,POINT (-92.2046222222222 41.3008444444444),9f2061b0-ad32-4b06-a53a-a8b1e80aa2fa,USGS-05472500,4e6575ed-f2d5-d1ad-e053-0100007f5dec,609,1999-10-12T13:05:00+00:00,Imported Channel 1,31.4,ft^3/s,40.0,ft,27.9,ft^2,1.12,ft/s,,,Unspecified,Unspecified,Unspecified,Unspecified,Unspecified,Unknown,Wading,2026-07-01T16:35:28.854214+00:00,point_velocity,Unspecified
05472500,POINT (-92.2046222222222 41.3008444444444),9f85cbf4-85a5-420e-a50f-f319079e70dc,USGS-05472500,4e658ee0-587d-de83-e053-0100007f5c78,97,1953-02-02T06:00:00+00:00,Imported Channel 1,81.0,ft^3/s,74.0,ft,61.4,ft^2,1.32,ft/s,,,Unspecified,Unspecified,Unspecified,Unspecified,Unspecified,Unknown,Unspecified,2026-07-01T16:35:28.854214+00:00,point_velocity,Unspecified
05472500,POINT (-92.2046222222222 41.3008444444444),9f8c5694-8435-44b8-9251-bd7f8e74196b,USGS-05472500,4e658762-5a0d-da59-e053-0100007ffd1a,268,1965-10-18T06:00:00+00:00,Imported Channel 1,286,ft^3/s,75.0,ft,198,ft^2,1.44,ft/s,,,Unspecified,Unspecified,Unspecified,Unspecified,Unspecified,Unknown,Unspecified,2026-07-01T16:35:28.854214+00:00,point_velocity,Unspecified
05472500,POINT (-92.2046222222222 41.3008444444444),9fb266da-ed1c-4724-899c-d2a508648df5,USGS-05472500,4e6587b8-e419-dab7-e053-0100007fe134,124,1955-05-20T06:00:00+00:00,Imported Channel 1,155,ft^3/s,77.0,ft,88.3,ft^2,1.76,ft/s,,,Unspecified,Unspecified,Unspecified,Unspecified,Unspecified,Unknown,Unspecified,2026-07-01T16:35:28.854214+00:00,point_velocity,Unspecified
05472500,POINT (-92.2046222222222 41.3008444444444),9fb66637-e1e6-4850-b70b-bfc36c9a0610,USGS-05472500,4e658739-f6cc-da5f-e053-0100007f58ae,129,1955-10-21T06:00:00+00:00,Imported Channel 1,3.71,ft^3/s,23.0,ft,9.97,ft^2,0.37,ft/s,,,Unspecified,Unspecified,Unspecified,Unspecified,Unspecified,Unknown,Unspecified,2026-07-01T16:35:28.854214+00:00,point_velocity,Unspecified
05472500,POINT (-92.2046222222222 41.3008444444444),9fbcbff8-4cd2-444e-9425-c654f74bcead,USGS-05472500,4e657ca1-f452-d54e-e053-0100007f2424,601,1998-12-11T13:24:00+00:00,Imported Channel 1,320,ft^3/s,105,ft,183,ft^2,1.75,ft/s,,,Unspecified,Unspecified,Unspecified,Unspecified,Unspecified,Unknown,BridgeCrane,2026-07-01T16:35:28.854214+00:00,point_velocity,Unspecified
05472500,POINT (-92.2046222222222 41.3008444444444),a02aaa4a-0200-4fe8-911a-4d8da45ecb49,USGS-05472500,4e6587ac-ce56-da99-e053-0100007f129b,649,2004-04-27T18:34:00+00:00,Imported Channel 1,561,ft^3/s,108,ft,313,ft^2,1.79,ft/s,,ft,Unspecified,Unspecified,Unspecified,Unspecified,Unspecified,Unknown,Unspecified,2026-07-01T16:35:28.854214+00:00,adcp,Unspecified
05472500,POINT (-92.2046222222222 41.3008444444444),a0454951-be4e-4619-ba63-4285a3a559f5,USGS-05472500,4e6580da-9e22-d710-e053-0100007f686b,21,1946-12-13T06:00:00+00:00,Imported Channel 1,214,ft^3/s,66.0,ft,143,ft^2,1.50,ft/s,,,Unspecified,Unspecified,Unspecified,Unspecified,Unspecified,Unknown,Unspecified,2026-07-01T16:35:28.854214+00:00,point_velocity,Unspecified
05472500,POINT (-92.2046222222222 41.3008444444444),a0655081-ad58-426e-8942-c067c6d48b54,USGS-05472500,4e6578ce-5b6b-d332-e053-0100007f19f0,692,2009-08-19T15:02:00+00:00,Imported Channel 1,305,ft^3/s,91.0,ft,161,ft^2,1.88,ft/s,20.00,ft,Firm,Sand,Uneven,Even,Unspecified,Unknown,Wading,2026-07-01T16:35:28.854214+00:00,point_velocity,Downstream
05472500,POINT (-92.2046222222222 41.3008444444444),a06b05da-7d47-4a02-9c30-53bb6350f727,USGS-05472500,4e657902-8a7e-d394-e053-0100007f8164,646,2004-01-13T19:45:00+00:00,Imported Channel 1,145,ft^3/s,84.0,ft,141,ft^2,1.02,ft/s,,,Unspecified,Unspecified,Unspecified,Unspecified,Unspecified,Unknown,Wading,2026-07-01T16:35:28.854214+00:00,point_velocity,Unspecified
05472500,POINT (-92.2046222222222 41.3008444444444),a07fa136-4938-46b1-8ce1-2eff071ba58e,USGS-05472500,4e656a26-ee62-cc4d-e053-0100007f4bc9,205,1961-06-22T06:00:00+00:00,Imported Channel 1,80.1,ft^3/s,61.0,ft,93.5,ft^2,0.86,ft/s,,,Unspecified,Unspecified,Unspecified,Unspecified,Unspecified,Unknown,Unspecified,2026-07-01T16:35:28.854214+00:00,point_velocity,Unspecified
05472500,POINT (-92.2046222222222 41.3008444444444),a1551660-dab9-4f78-8ae7-875b52725e4c,USGS-05472500,4e659a42-42c1-e399-e053-0100007fe470,354,1973-04-02T06:00:00+00:00,Imported Channel 1,2530,ft^3/s,102,ft,1060,ft^2,2.39,ft/s,,,Unspecified,Unspecified,Unspecified,Unspecified,Unspecified,Unknown,Unspecified,2026-07-01T16:35:28.854214+00:00,point_velocity,Unspecified
05472500,POINT (-92.2046222222222 41.3008444444444),a2151908-f6fd-4ad9-a867-15e2254642de,USGS-05472500,4e657fa5-efdf-d70a-e053-0100007f2945,101,1953-06-25T06:00:00+00:00,Imported Channel 1,101,ft^3/s,75.0,ft,72.8,ft^2,1.39,ft/s,,,Unspecified,Unspecified,Unspecified,Unspecified,Unspecified,Unknown,Unspecified,2026-07-01T16:35:28.854214+00:00,point_velocity,Unspecified
05472500,POINT (-92.2046222222222 41.3008444444444),a22ee6a8-b58b-448b-9a8c-fc6a77c2098a,USGS-05472500,4e657bea-1f56-d52e-e053-0100007f6e89,628,2001-12-17T14:52:00+00:00,Imported Channel 1,67.4,ft^3/s,38.0,ft,61.7,ft^2,1.09,ft/s,,,Unspecified,Unspecified,Unspecified,Unspecified,Unspecified,Unknown,Wading,2026-07-01T16:35:28.854214+00:00,point_velocity,Unspecified
05472500,POINT (-92.2046222222222 41.3008444444444),a25e4b9b-508c-4687-9c69-9a0bf02961b8,USGS-05472500,4e6578cc-28d7-d364-e053-0100007f2984,642,2003-07-31T13:05:00+00:00,Imported Channel 1,159,ft^3/s,79.0,ft,96.5,ft^2,1.65,ft/s,,,Unspecified,Unspecified,Unspecified,Unspecified,Unspecified,Unknown,Wading,2026-07-01T16:35:28.854214+00:00,point_velocity,Unspecified
05472500,POINT (-92.2046222222222 41.3008444444444),a2ad8643-cf1e-4c14-aa1f-6e60b2fd83c7,USGS-05472500,4e658e98-3fd9-de47-e053-0100007f822b,355,1973-05-07T05:00:00+00:00,Imported Channel 1,1580,ft^3/s,98.0,ft,713,ft^2,2.22,ft/s,,,Unspecified,Unspecified,Unspecified,Unspecified,Unspecified,Unknown,Unspecified,2026-07-01T16:35:28.854214+00:00,point_velocity,Unspecified
05472500,POINT (-92.2046222222222 41.3008444444444),a36f2ebe-a42a-4db4-8ed9-e3b1bd2f4634,USGS-05472500,4e65876c-bce3-da9f-e053-0100007f1dbd,448,1983-05-26T05:00:00+00:00,Imported Channel 1,819,ft^3/s,92.0,ft,443,ft^2,1.85,ft/s,,,Unspecified,Unspecified,Unspecified,Unspecified,Unspecified,Unknown,Unspecified,2026-07-01T16:35:28.854214+00:00,point_velocity,Unspecified
05472500,POINT (-92.2046222222222 41.3008444444444),a38f5f5a-74c3-4e53-a364-393a449b9928,USGS-05472500,4e658730-b733-da3b-e053-0100007f1978,258,1965-03-16T06:00:00+00:00,Imported Channel 1,1650,ft^3/s,103,ft,977,ft^2,1.69,ft/s,,,Unspecified,Unspecified,Unspecified,Unspecified,Unspecified,Unknown,Unspecified,2026-07-01T16:35:28.854214+00:00,point_velocity,Unspecified
05472500,POINT (-92.2046222222222 41.3008444444444),a3cb14d4-7f2e-45f9-8fef-689a1287e951,USGS-05472500,4e658eb3-47e6-de41-e053-0100007f062f,118,1954-11-15T06:00:00+00:00,Imported Channel 1,88.1,ft^3/s,74.0,ft,102,ft^2,0.86,ft/s,,,Unspecified,Unspecified,Unspecified,Unspecified,Unspecified,Unknown,Unspecified,2026-07-01T16:35:28.854214+00:00,point_velocity,Unspecified
05472500,POINT (-92.2046222222222 41.3008444444444),a3f2ad83-b4bb-47d8-b8d7-a59338e3bb2e,USGS-05472500,4e6587c4-e022-dabb-e053-0100007fa75f,123,1955-04-25T06:00:00+00:00,Imported Channel 1,2490,ft^3/s,123,ft,978,ft^2,2.38,ft/s,,,Unspecified,Unspecified,Unspecified,Unspecified,Unspecified,Unknown,Unspecified,2026-07-01T16:35:28.854214+00:00,point_velocity,Unspecified
05472500,POINT (-92.2046222222222 41.3008444444444),a4491786-1a00-47f2-965c-02c1de4f9c37,USGS-05472500,4e658a4e-d3d3-dc0b-e053-0100007fb6fc,121,1955-02-14T06:00:00+00:00,Imported Channel 1,36.9,ft^3/s,82.0,ft,28.5,ft^2,1.30,ft/s,,,Unspecified,Unspecified,Unspecified,Unspecified,Unspecified,Unknown,Unspecified,2026-07-01T16:35:28.854214+00:00,point_velocity,Unspecified
05472500,POINT (-92.2046222222222 41.3008444444444),a4ad4543-ca91-4333-81db-b6a0210657ff,USGS-05472500,49edefbf-271c-41e2-b4cf-f660cf659a73,787,2022-06-24T00:05:16+00:00,L Main,226,ft^3/s,82.2,ft,158,ft^2,1.43,ft/s,0.00,ft,Firm,Sand,Uneven,Uneven,NonStandard,Pulsating,BridgeDownstreamSide,2026-07-01T16:35:28.854214+00:00,adcp,AtTheGage
05472500,POINT (-92.2046222222222 41.3008444444444),a505e13b-3b49-4eeb-be59-5a119605e808,USGS-05472500,4e656a26-ee5f-cc4d-e053-0100007f4bc9,200,1961-01-23T06:00:00+00:00,Imported Channel 1,39.9,ft^3/s,36.0,ft,26.8,ft^2,1.49,ft/s,,,Unspecified,Unspecified,Unspecified,Unspecified,Unspecified,Unknown,Unspecified,2026-07-01T16:35:28.854214+00:00,point_velocity,Unspecified
05472500,POINT (-92.2046222222222 41.3008444444444),a53a06f6-bab8-4b64-8f88-4507b301eff7,USGS-05472500,4e657c66-6005-d5b8-e053-0100007f91e5,162,1958-05-19T14:30:00+00:00,Imported Channel 1,94.4,ft^3/s,65.0,ft,114,ft^2,0.83,ft/s,,,Unspecified,Unspecified,Unspecified,Unspecified,Unspecified,Unknown,Wading,2026-07-01T16:35:28.854214+00:00,point_velocity,Unspecified
05472500,POINT (-92.2046222222222 41.3008444444444),a5488315-6af9-444a-a15a-8574cbfc94f3,USGS-05472500,4e65ab2e-7d27-ec36-e053-0100007fb4c5,743,2016-03-16T19:40:27+00:00,MAIN,598,ft^3/s,118,ft,440,ft^2,1.36,ft/s,40.00,ft,Firm,Sand,Uneven,Even,NonStandard,Unknown,BridgeDownstreamSide,2026-07-01T16:35:28.854214+00:00,adcp,Upstream
05472500,POINT (-92.2046222222222 41.3008444444444),a552cfbb-4327-45d4-9ecc-c726acefff65,USGS-05472500,4e656a94-783c-cc85-e053-0100007f1148,597,1998-07-06T14:10:00+00:00,Imported Channel 1,1320,ft^3/s,132,ft,695,ft^2,1.90,ft/s,,,Unspecified,Unspecified,Unspecified,Unspecified,Unspecified,Unknown,BridgeCrane,2026-07-01T16:35:28.854214+00:00,point_velocity,Unspecified
05472500,POINT (-92.2046222222222 41.3008444444444),a5737147-1df2-44b3-ac88-0afc786785e6,USGS-05472500,4e658070-e56b-d726-e053-0100007f8798,12,1946-04-12T06:00:00+00:00,Imported Channel 1,447,ft^3/s,84.0,ft,269,ft^2,1.66,ft/s,,,Unspecified,Unspecified,Unspecified,Unspecified,Unspecified,Unknown,Unspecified,2026-07-01T16:35:28.854214+00:00,point_velocity,Unspecified
05472500,POINT (-92.2046222222222 41.3008444444444),a5c00fde-f95b-45b2-a0f4-96e7c76cd45d,USGS-05472500,4e656a26-ee38-cc4d-e053-0100007f4bc9,36,1947-10-01T06:00:00+00:00,Imported Channel 1,18.1,ft^3/s,18.0,ft,21.2,ft^2,0.86,ft/s,,,Unspecified,Unspecified,Unspecified,Unspecified,Unspecified,Unknown,Unspecified,2026-07-01T16:35:28.854214+00:00,point_velocity,Unspecified
05472500,POINT (-92.2046222222222 41.3008444444444),a5dca05c-1a3a-4a54-a167-1e011ecb6855,USGS-05472500,4e65917f-c104-dfe0-e053-0100007f575c,383,1976-03-16T06:00:00+00:00,Imported Channel 1,649,ft^3/s,100,ft,388,ft^2,1.67,ft/s,,,Unspecified,Unspecified,Unspecified,Unspecified,Unspecified,Unknown,Unspecified,2026-07-01T16:35:28.854214+00:00,point_velocity,Unspecified
05472500,POINT (-92.2046222222222 41.3008444444444),a668ce38-c5fd-4d02-a469-6cd23ed64029,USGS-05472500,4e6570f9-e5cf-cf85-e053-0100007fd1b1,613,2000-04-03T13:50:00+00:00,Imported Channel 1,45.2,ft^3/s,54.0,ft,39.8,ft^2,1.14,ft/s,,,Unspecified,Unspecified,Unspecified,Unspecified,Unspecified,Unknown,Wading,2026-07-01T16:35:28.854214+00:00,point_velocity,Unspecified
05472500,POINT (-92.2046222222222 41.3008444444444),a6db76ff-f162-4da9-98ce-79a6113ecd83,USGS-05472500,4e65839c-69a3-d8ab-e053-0100007f5a3a,254,1964-12-14T06:00:00+00:00,Imported Channel 1,32.5,ft^3/s,41.0,ft,39.8,ft^2,0.82,ft/s,,,Unspecified,Unspecified,Unspecified,Unspecified,Unspecified,Unknown,Unspecified,2026-07-01T16:35:28.854214+00:00,point_velocity,Unspecified
05472500,POINT (-92.2046222222222 41.3008444444444),a71b6793-6b91-48e7-b16a-aa54a726a8c4,USGS-05472500,4e6570f9-e5bf-cf85-e053-0100007fd1b1,537,1991-10-23T15:00:00+00:00,Imported Channel 1,17.0,ft^3/s,22.5,ft,18.6,ft^2,0.91,ft/s,,,Unspecified,Unspecified,Unspecified,Unspecified,Unspecified,Unknown,Wading,2026-07-01T16:35:28.854214+00:00,point_velocity,Unspecified
05472500,POINT (-92.2046222222222 41.3008444444444),a759dbf0-285c-470a-91ba-0c124894929e,USGS-05472500,4e65838b-6e9e-d873-e053-0100007f9c4b,346,1972-05-23T05:00:00+00:00,Imported Channel 1,333,ft^3/s,87.0,ft,218,ft^2,1.53,ft/s,,,Unspecified,Unspecified,Unspecified,Unspecified,Unspecified,Unknown,Unspecified,2026-07-01T16:35:28.854214+00:00,point_velocity,Unspecified
05472500,POINT (-92.2046222222222 41.3008444444444),a7eef489-0493-4bff-aab3-283cbbfae11b,USGS-05472500,4e6587c4-e01a-dabb-e053-0100007fa75f,87,1952-02-29T06:00:00+00:00,Imported Channel 1,435,ft^3/s,79.0,ft,300,ft^2,1.45,ft/s,,,Unspecified,Unspecified,Unspecified,Unspecified,Unspecified,Unknown,Unspecified,2026-07-01T16:35:28.854214+00:00,point_velocity,Unspecified
05472500,POINT (-92.2046222222222 41.3008444444444),a86afb3a-906e-4de7-8845-34585e121523,USGS-05472500,4e65920f-ab44-dfde-e053-0100007ffacf,729,2014-07-23T22:45:34+00:00,Main,396,ft^3/s,111,ft,322,ft^2,1.23,ft/s,10.00,ft,Firm,Sand,Even,Even,NonStandard,Unknown,BridgeDownstreamSide,2026-07-01T16:35:28.854214+00:00,adcp,Downstream
05472500,POINT (-92.2046222222222 41.3008444444444),a88072de-7574-48cc-8015-a1483a962eda,USGS-05472500,4e65ab2e-7d1e-ec36-e053-0100007fb4c5,723,2013-09-11T22:26:00+00:00,channel1,19.7,ft^3/s,19.5,ft,11.9,ft^2,1.65,ft/s,,,Firm,Gravel,Even,Even,Standard,Unknown,Wading,2026-07-01T16:35:28.854214+00:00,point_velocity,AtTheGage
05472500,POINT (-92.2046222222222 41.3008444444444),a8c6e3b5-7376-4689-807c-cc5ebc13f8e0,USGS-05472500,4e6567b8-c712-cae9-e053-0100007fd21e,691,2009-07-08T19:07:00+00:00,Imported Channel 1,702,ft^3/s,109,ft,364,ft^2,1.93,ft/s,15.00,ft,Firm,Sand,Uneven,Uneven,Unspecified,Unknown,BridgeDownstreamSide,2026-07-01T16:35:28.854214+00:00,adcp,Downstream
05472500,POINT (-92.2046222222222 41.3008444444444),a9520ddc-67f5-41dd-8d80-e8ed95104701,USGS-05472500,4e659441-131b-e079-e053-0100007ff337,288,1967-04-17T06:00:00+00:00,Imported Channel 1,222,ft^3/s,78.0,ft,147,ft^2,1.51,ft/s,,,Unspecified,Unspecified,Unspecified,Unspecified,Unspecified,Unknown,Unspecified,2026-07-01T16:35:28.854214+00:00,point_velocity,Unspecified
05472500,POINT (-92.2046222222222 41.3008444444444),a9df522e-675d-469b-91a0-db4e88086d1a,USGS-05472500,4e657902-8a88-d394-e053-0100007f8164,678,2007-10-01T14:36:00+00:00,Imported Channel 1,145,ft^3/s,74.5,ft,150,ft^2,0.97,ft/s,,,Unspecified,Unspecified,Unspecified,Unspecified,Unspecified,Unknown,Wading,2026-07-01T16:35:28.854214+00:00,point_velocity,Unspecified
05472500,POINT (-92.2046222222222 41.3008444444444),aa6febf6-d495-4c22-9ef2-099a513672ab,USGS-05472500,4e658736-2580-da5b-e053-0100007f8815,203,1961-04-27T06:00:00+00:00,Imported Channel 1,404,ft^3/s,82.0,ft,297,ft^2,1.36,ft/s,,,Unspecified,Unspecified,Unspecified,Unspecified,Unspecified,Unknown,Unspecified,2026-07-01T16:35:28.854214+00:00,point_velocity,Unspecified
05472500,POINT (-92.2046222222222 41.3008444444444),aaa2da21-72c2-4099-b880-2989106b7efb,USGS-05472500,4e6571cc-97f8-d004-e053-0100007fdd11,534,1991-09-16T20:15:00+00:00,Imported Channel 1,30.7,ft^3/s,25.0,ft,22.0,ft^2,1.40,ft/s,,,Unspecified,Unspecified,Unspecified,Unspecified,Unspecified,Unknown,Wading,2026-07-01T16:35:28.854214+00:00,point_velocity,Unspecified
05472500,POINT (-92.2046222222222 41.3008444444444),aab93ad5-c6d5-45bf-a9ef-313958d585a4,USGS-05472500,4e65803c-e99c-d718-e053-0100007f9460,63,1950-04-10T06:00:00+00:00,Imported Channel 1,128,ft^3/s,76.0,ft,91.7,ft^2,1.40,ft/s,,,Unspecified,Unspecified,Unspecified,Unspecified,Unspecified,Unknown,Unspecified,2026-07-01T16:35:28.854214+00:00,point_velocity,Unspecified
05472500,POINT (-92.2046222222222 41.3008444444444),ab8e7a28-d4cd-4e91-9b2c-28dcb876dcf0,USGS-05472500,4e657883-9d3b-d328-e053-0100007fa6f7,22,1946-12-20T06:00:00+00:00,Imported Channel 1,143,ft^3/s,64.0,ft,118,ft^2,1.21,ft/s,,,Unspecified,Unspecified,Unspecified,Unspecified,Unspecified,Unknown,Unspecified,2026-07-01T16:35:28.854214+00:00,point_velocity,Unspecified
05472500,POINT (-92.2046222222222 41.3008444444444),abc601c9-3a68-42d7-b03d-88b40aefbfb2,USGS-05472500,4e657889-5473-d32c-e053-0100007f5dd3,603,1999-03-15T15:05:00+00:00,Imported Channel 1,403,ft^3/s,109,ft,258,ft^2,1.56,ft/s,,,Unspecified,Unspecified,Unspecified,Unspecified,Unspecified,Unknown,BridgeCrane,2026-07-01T16:35:28.854214+00:00,point_velocity,Unspecified
05472500,POINT (-92.2046222222222 41.3008444444444),abee11b4-7b6c-40d1-89b2-58ba98ae438b,USGS-05472500,4e658070-e5a7-d726-e053-0100007f8798,365,1974-05-13T05:00:00+00:00,Imported Channel 1,862,ft^3/s,95.0,ft,450,ft^2,1.92,ft/s,,,Unspecified,Unspecified,Unspecified,Unspecified,Unspecified,Unknown,Unspecified,2026-07-01T16:35:28.854214+00:00,point_velocity,Unspecified
05472500,POINT (-92.2046222222222 41.3008444444444),ac8219b6-8242-4d22-8736-bbb14b5fd92e,USGS-05472500,c771a306-a617-4106-adb1-baae423b90d2,802,2024-10-02T23:19:01+00:00,MAIN,32.3,ft^3/s,56.0,ft,60.6,ft^2,0.53,ft/s,100.00,ft,Firm,Sand,Even,Even,Standard,Pulsating,Wading,2026-07-01T16:35:28.854214+00:00,point_velocity,Downstream
05472500,POINT (-92.2046222222222 41.3008444444444),ad375416-b552-4094-887a-d65d5d94d730,USGS-05472500,4e659346-d046-e0b5-e053-0100007f9359,393,1977-03-29T06:00:00+00:00,Imported Channel 1,282,ft^3/s,68.0,ft,126,ft^2,2.24,ft/s,,,Unspecified,Unspecified,Unspecified,Unspecified,Unspecified,Unknown,Unspecified,2026-07-01T16:35:28.854214+00:00,point_velocity,Unspecified
05472500,POINT (-92.2046222222222 41.3008444444444),ad49c25d-6e0c-4525-b4d0-521695633204,USGS-05472500,4e6581f7-9c12-d714-e053-0100007fc55d,116,1954-09-23T06:00:00+00:00,Imported Channel 1,23.8,ft^3/s,42.0,ft,17.1,ft^2,1.39,ft/s,,,Unspecified,Unspecified,Unspecified,Unspecified,Unspecified,Unknown,Unspecified,2026-07-01T16:35:28.854214+00:00,point_velocity,Unspecified
05472500,POINT (-92.2046222222222 41.3008444444444),adaf83cb-d817-4901-a754-262ac27b995b,USGS-05472500,4e6578e5-0792-d392-e053-0100007f831c,470,1986-01-16T06:00:00+00:00,Imported Channel 1,120,ft^3/s,67.0,ft,104,ft^2,1.15,ft/s,,,Unspecified,Unspecified,Unspecified,Unspecified,Unspecified,Unknown,BridgeCrane,2026-07-01T16:35:28.854214+00:00,point_velocity,Unspecified
05472500,POINT (-92.2046222222222 41.3008444444444),af434600-8dad-4848-82ac-2fba37496c35,USGS-05472500,4e6587b8-e423-dab7-e053-0100007fe134,263,1965-06-14T06:00:00+00:00,Imported Channel 1,327,ft^3/s,76.0,ft,159,ft^2,2.06,ft/s,,,Unspecified,Unspecified,Unspecified,Unspecified,Unspecified,Unknown,Unspecified,2026-07-01T16:35:28.854214+00:00,point_velocity,Unspecified
05472500,POINT (-92.2046222222222 41.3008444444444),b0254a82-13a2-4f37-a8f2-57465e1440c2,USGS-05472500,4e657fa5-efd4-d70a-e053-0100007f2945,32,1947-06-15T06:00:00+00:00,Imported Channel 1,10800,ft^3/s,380,ft,3290,ft^2,3.28,ft/s,,,Unspecified,Unspecified,Unspecified,Unspecified,Unspecified,Unknown,Unspecified,2026-07-01T16:35:28.854214+00:00,point_velocity,Unspecified
05472500,POINT (-92.2046222222222 41.3008444444444),b027cf6d-95ff-412e-806d-95cf2ea9b00e,USGS-05472500,4e655fe3-f066-c6b3-e053-0100007fcc7b,3,1945-11-26T06:00:00+00:00,Imported Channel 1,69.0,ft^3/s,62.0,ft,65.8,ft^2,1.05,ft/s,,,Unspecified,Unspecified,Unspecified,Unspecified,Unspecified,Unknown,Unspecified,2026-07-01T16:35:28.854214+00:00,point_velocity,Unspecified
05472500,POINT (-92.2046222222222 41.3008444444444),b0524bee-7e7c-493f-b268-9b4b38c75fd5,USGS-05472500,4e658005-7550-d712-e053-0100007fe7c0,75,1951-03-22T06:00:00+00:00,Imported Channel 1,70.5,ft^3/s,71.0,ft,61.7,ft^2,1.14,ft/s,,,Unspecified,Unspecified,Unspecified,Unspecified,Unspecified,Unknown,Unspecified,2026-07-01T16:35:28.854214+00:00,point_velocity,Unspecified
05472500,POINT (-92.2046222222222 41.3008444444444),b055840d-4686-4bee-a458-46eda8b29fc5,USGS-05472500,4e65995b-dfa3-e397-e053-0100007f67e7,339,1971-09-13T05:00:00+00:00,Imported Channel 1,23.8,ft^3/s,63.0,ft,35.4,ft^2,0.67,ft/s,,,Unspecified,Unspecified,Unspecified,Unspecified,Unspecified,Unknown,Unspecified,2026-07-01T16:35:28.854214+00:00,point_velocity,Unspecified
05472500,POINT (-92.2046222222222 41.3008444444444),b05cf5b0-51c2-4b71-b02e-7f46cd497265,USGS-05472500,4e657902-8a6d-d394-e053-0100007f8164,476,1986-09-29T05:00:00+00:00,Imported Channel 1,1440,ft^3/s,86.0,ft,667,ft^2,2.16,ft/s,,,Unspecified,Unspecified,Unspecified,Unspecified,Unspecified,Unknown,BridgeCrane,2026-07-01T16:35:28.854214+00:00,point_velocity,Unspecified
05472500,POINT (-92.2046222222222 41.3008444444444),b07883b3-68df-4b6a-824c-d580dbfb1d72,USGS-05472500,4e656a47-578e-cc4f-e053-0100007f2409,685,2008-10-16T20:28:00+00:00,Imported Channel 1,212,ft^3/s,91.5,ft,184,ft^2,1.15,ft/s,30.00,ft,Firm,Gravel,Even,Even,Unspecified,Unknown,Wading,2026-07-01T16:35:28.854214+00:00,point_velocity,Downstream
05472500,POINT (-92.2046222222222 41.3008444444444),b0ef4368-e943-4a5d-9d01-22080f254bae,USGS-05472500,4e65876c-bcd8-da9f-e053-0100007f1dbd,320,1969-10-21T05:00:00+00:00,Imported Channel 1,210,ft^3/s,73.0,ft,150,ft^2,1.40,ft/s,,,Unspecified,Unspecified,Unspecified,Unspecified,Unspecified,Unknown,Unspecified,2026-07-01T16:35:28.854214+00:00,point_velocity,Unspecified
05472500,POINT (-92.2046222222222 41.3008444444444),b0eff3c9-a6da-4a7a-bc56-61001e04b427,USGS-05472500,4e658070-e59d-d726-e053-0100007f8798,281,1966-09-19T06:00:00+00:00,Imported Channel 1,28.2,ft^3/s,48.0,ft,43.3,ft^2,0.65,ft/s,,,Unspecified,Unspecified,Unspecified,Unspecified,Unspecified,Unknown,Unspecified,2026-07-01T16:35:28.854214+00:00,point_velocity,Unspecified
05472500,POINT (-92.2046222222222 41.3008444444444),b1071dd8-e20b-406b-b633-b5ad06fef10c,USGS-05472500,4e659c82-11a2-e54d-e053-0100007ffcdc,442,1982-06-16T05:00:00+00:00,Imported Channel 1,1760,ft^3/s,95.0,ft,740,ft^2,2.38,ft/s,,,Unspecified,Unspecified,Unspecified,Unspecified,Unspecified,Unknown,Unspecified,2026-07-01T16:35:28.854214+00:00,point_velocity,Unspecified
05472500,POINT (-92.2046222222222 41.3008444444444),b1ac9f99-bbd0-48ce-8712-6a24baddbc28,USGS-05472500,4e659dc5-98d5-e5d5-e053-0100007fd4da,372,1975-02-18T06:00:00+00:00,Imported Channel 1,132,ft^3/s,77.0,ft,76.4,ft^2,1.73,ft/s,,,Unspecified,Unspecified,Unspecified,Unspecified,Unspecified,Unknown,Unspecified,2026-07-01T16:35:28.854214+00:00,point_velocity,Unspecified
05472500,POINT (-92.2046222222222 41.3008444444444),b265e6ea-c956-4ac6-a72b-87dd4d2fa265,USGS-05472500,4e658005-7560-d712-e053-0100007fe7c0,154,1957-09-16T06:00:00+00:00,Imported Channel 1,37.2,ft^3/s,58.0,ft,52.3,ft^2,0.71,ft/s,,,Unspecified,Unspecified,Unspecified,Unspecified,Unspecified,Unknown,Unspecified,2026-07-01T16:35:28.854214+00:00,point_velocity,Unspecified
05472500,POINT (-92.2046222222222 41.3008444444444),b325900d-90b9-4c11-8ec6-dc2f34fdf5cd,USGS-05472500,4e659411-9d8b-e0b3-e053-0100007f225d,307,1968-09-16T05:00:00+00:00,Imported Channel 1,61.1,ft^3/s,45.0,ft,62.6,ft^2,0.98,ft/s,,,Unspecified,Unspecified,Unspecified,Unspecified,Unspecified,Unknown,Unspecified,2026-07-01T16:35:28.854214+00:00,point_velocity,Unspecified
05472500,POINT (-92.2046222222222 41.3008444444444),b3286daf-78ed-4f48-8f8b-053ec6e92a2f,USGS-05472500,4e658eb3-47ef-de41-e053-0100007f062f,231,1963-03-18T06:00:00+00:00,Imported Channel 1,802,ft^3/s,89.0,ft,450,ft^2,1.78,ft/s,,,Unspecified,Unspecified,Unspecified,Unspecified,Unspecified,Unknown,Unspecified,2026-07-01T16:35:28.854214+00:00,point_velocity,Unspecified
05472500,POINT (-92.2046222222222 41.3008444444444),b35449d3-f9c3-48be-8678-81085d9c0e8d,USGS-05472500,4e6580ab-e4e0-d722-e053-0100007fb8ae,617,2000-07-31T14:30:00+00:00,Imported Channel 1,170,ft^3/s,80.0,ft,93.0,ft^2,1.83,ft/s,,,Unspecified,Unspecified,Unspecified,Unspecified,Unspecified,Unknown,Wading,2026-07-01T16:35:28.854214+00:00,point_velocity,Unspecified
05472500,POINT (-92.2046222222222 41.3008444444444),b3ea25bd-8999-45e4-9dd5-b81172a0475e,USGS-05472500,4e658e98-3fe2-de47-e053-0100007f822b,408,1978-08-15T05:00:00+00:00,Imported Channel 1,116,ft^3/s,61.0,ft,113,ft^2,1.03,ft/s,,,Unspecified,Unspecified,Unspecified,Unspecified,Unspecified,Unknown,Unspecified,2026-07-01T16:35:28.854214+00:00,point_velocity,Unspecified
05472500,POINT (-92.2046222222222 41.3008444444444),b3fbae60-a9b5-43d9-a8f1-6fd655d3e8fb,USGS-05472500,4e6578d0-52e0-d382-e053-0100007f103c,656,2005-03-09T15:44:00+00:00,Imported Channel 1,264,ft^3/s,90.0,ft,128,ft^2,2.06,ft/s,,,Unspecified,Unspecified,Unspecified,Unspecified,Unspecified,Unknown,Wading,2026-07-01T16:35:28.854214+00:00,point_velocity,Unspecified
05472500,POINT (-92.2046222222222 41.3008444444444),b46cbb17-f17f-4052-ab3b-361a1a0cb889,USGS-05472500,4e656f07-d26c-ce30-e053-0100007f1d7d,508,1990-01-29T15:30:00+00:00,Imported Channel 1,95.6,ft^3/s,28.0,ft,43.7,ft^2,2.19,ft/s,,,Unspecified,Unspecified,Unspecified,Unspecified,Unspecified,Unknown,Wading,2026-07-01T16:35:28.854214+00:00,point_velocity,Unspecified
05472500,POINT (-92.2046222222222 41.3008444444444),b4e43372-ad56-4bed-9ed3-f9efc4ce2243,USGS-05472500,4e65876c-e22f-da97-e053-0100007f37cf,295,1967-09-17T05:00:00+00:00,Imported Channel 1,27.2,ft^3/s,36.0,ft,29.6,ft^2,0.92,ft/s,,,Unspecified,Unspecified,Unspecified,Unspecified,Unspecified,Unknown,Unspecified,2026-07-01T16:35:28.854214+00:00,point_velocity,Unspecified
05472500,POINT (-92.2046222222222 41.3008444444444),b515a428-a2ad-44e6-adf5-25b981142106,USGS-05472500,4e65876c-bc91-da9f-e053-0100007f1dbd,43,1948-05-24T06:00:00+00:00,Imported Channel 1,159,ft^3/s,76.0,ft,131,ft^2,1.21,ft/s,,,Unspecified,Unspecified,Unspecified,Unspecified,Unspecified,Unknown,Unspecified,2026-07-01T16:35:28.854214+00:00,point_velocity,Unspecified
05472500,POINT (-92.2046222222222 41.3008444444444),b5228375-6abb-4927-b478-770094dcca6a,USGS-05472500,4e65a402-fb0c-e83e-e053-0100007f627e,426,1980-06-12T05:00:00+00:00,Imported Channel 1,84.0,ft^3/s,69.0,ft,89.7,ft^2,0.94,ft/s,,,Unspecified,Unspecified,Unspecified,Unspecified,Unspecified,Unknown,Unspecified,2026-07-01T16:35:28.854214+00:00,point_velocity,Unspecified
05472500,POINT (-92.2046222222222 41.3008444444444),b60a3dc3-df01-4535-9005-ab2171d9ea93,USGS-05472500,4e658005-755c-d712-e053-0100007fe7c0,150,1957-06-20T06:00:00+00:00,Imported Channel 1,1130,ft^3/s,85.0,ft,526,ft^2,2.02,ft/s,,,Unspecified,Unspecified,Unspecified,Unspecified,Unspecified,Unknown,Unspecified,2026-07-01T16:35:28.854214+00:00,point_velocity,Unspecified
05472500,POINT (-92.2046222222222 41.3008444444444),b63af68c-d5b3-422f-bccf-5b65d1486db3,USGS-05472500,05d0cfb0-84ec-45ee-8f5a-99f102a371a8,798,2024-03-04T20:01:53+00:00,MAIN,85.2,ft^3/s,89.0,ft,108,ft^2,0.79,ft/s,30.00,ft,Firm,Cobbles,Uneven,Unspecified,NonStandard,Pulsating,Wading,2026-07-01T16:35:28.854214+00:00,point_velocity,Downstream
05472500,POINT (-92.2046222222222 41.3008444444444),b6a78265-c74b-4249-891c-4ac9ed13f10a,USGS-05472500,4e657c7c-d91c-d5ae-e053-0100007fc8fa,210,1961-09-25T06:00:00+00:00,Imported Channel 1,608,ft^3/s,88.0,ft,407,ft^2,1.49,ft/s,,,Unspecified,Unspecified,Unspecified,Unspecified,Unspecified,Unknown,Unspecified,2026-07-01T16:35:28.854214+00:00,point_velocity,Unspecified
05472500,POINT (-92.2046222222222 41.3008444444444),b6f85e91-675d-4ca9-89c7-42c4a68cc67c,USGS-05472500,4e6571e8-38ce-cffc-e053-0100007fe6ba,547,1992-11-09T21:20:00+00:00,Imported Channel 1,520,ft^3/s,105,ft,257,ft^2,2.02,ft/s,,,Unspecified,Unspecified,Unspecified,Unspecified,Unspecified,Unknown,BridgeCrane,2026-07-01T16:35:28.854214+00:00,point_velocity,Unspecified
05472500,POINT (-92.2046222222222 41.3008444444444),b7022301-e069-493a-9d8e-fb6adcfa0ea0,USGS-05472500,4e65935c-ce2e-e077-e053-0100007f5798,294,1967-08-21T05:00:00+00:00,Imported Channel 1,38.1,ft^3/s,40.0,ft,55.4,ft^2,0.69,ft/s,,,Unspecified,Unspecified,Unspecified,Unspecified,Unspecified,Unknown,Unspecified,2026-07-01T16:35:28.854214+00:00,point_velocity,Unspecified
05472500,POINT (-92.2046222222222 41.3008444444444),b709dd69-9a5b-4787-9620-5ffe732cb770,USGS-05472500,4e65876c-bca7-da9f-e053-0100007f1dbd,170,1958-12-19T06:00:00+00:00,Imported Channel 1,28.0,ft^3/s,59.0,ft,72.7,ft^2,0.39,ft/s,,,Unspecified,Unspecified,Unspecified,Unspecified,Unspecified,Unknown,Unspecified,2026-07-01T16:35:28.854214+00:00,point_velocity,Unspecified
05472500,POINT (-92.2046222222222 41.3008444444444),b70bcda4-8b3d-4879-a4fa-55b703725ea0,USGS-05472500,4e657c01-cdf2-d526-e053-0100007fd293,697,2010-05-05T15:40:00+00:00,Imported Channel 1,1030,ft^3/s,115,ft,559,ft^2,1.84,ft/s,30.00,ft,Firm,Sand,Even,Even,Unspecified,Unknown,BridgeDownstreamSide,2026-07-01T16:35:28.854214+00:00,adcp,Downstream
05472500,POINT (-92.2046222222222 41.3008444444444),b722f4e9-046e-449a-af84-467315b8af64,USGS-05472500,4e656ad0-3f81-cc4b-e053-0100007fd04c,663,2006-01-18T14:58:00+00:00,Imported Channel 1,18.6,ft^3/s,35.0,ft,44.6,ft^2,0.42,ft/s,,,Unspecified,Unspecified,Unspecified,Unspecified,Unspecified,Unknown,Wading,2026-07-01T16:35:28.854214+00:00,point_velocity,Unspecified
05472500,POINT (-92.2046222222222 41.3008444444444),b75eb7fa-6553-44f9-ab4a-fabe74385433,USGS-05472500,4e658789-48dd-daa3-e053-0100007f15b5,16,1946-08-15T06:00:00+00:00,Imported Channel 1,148,ft^3/s,79.0,ft,150,ft^2,1.00,ft/s,,,Unspecified,Unspecified,Unspecified,Unspecified,Unspecified,Unknown,Unspecified,2026-07-01T16:35:28.854214+00:00,point_velocity,Unspecified
05472500,POINT (-92.2046222222222 41.3008444444444),b82aed35-ef38-443a-95f8-4e5693ab20be,USGS-05472500,4e657902-8a6c-d394-e053-0100007f8164,468,1985-10-28T06:00:00+00:00,Imported Channel 1,345,ft^3/s,68.0,ft,232,ft^2,1.49,ft/s,,,Unspecified,Unspecified,Unspecified,Unspecified,Unspecified,Unknown,BridgeCrane,2026-07-01T16:35:28.854214+00:00,point_velocity,Unspecified
05472500,POINT (-92.2046222222222 41.3008444444444),b85eba4f-911c-47f6-a0a8-3ada02876fe7,USGS-05472500,4e659f7f-d888-e34b-e053-0100007f9416,377,1975-08-19T05:00:00+00:00,Imported Channel 1,73.6,ft^3/s,62.5,ft,72.6,ft^2,1.01,ft/s,,,Unspecified,Unspecified,Unspecified,Unspecified,Unspecified,Unknown,Unspecified,2026-07-01T16:35:28.854214+00:00,point_velocity,Unspecified
05472500,POINT (-92.2046222222222 41.3008444444444),b89dd9c8-8a8e-4146-a9ce-ba7305a816ca,USGS-05472500,4e6575bb-0f46-d193-e053-0100007f4087,651,2004-06-29T20:19:00+00:00,Imported Channel 1,387,ft^3/s,115,ft,242,ft^2,1.60,ft/s,,ft,Unspecified,Unspecified,Unspecified,Unspecified,Unspecified,Unknown,Unspecified,2026-07-01T16:35:28.854214+00:00,adcp,Unspecified
05472500,POINT (-92.2046222222222 41.3008444444444),b8d114bb-aa40-473c-b8f4-95790d32d4d4,USGS-05472500,4e6595ce-4499-e1bb-e053-0100007f099a,223,1962-07-27T06:00:00+00:00,Imported Channel 1,306,ft^3/s,68.0,ft,193,ft^2,1.59,ft/s,,,Unspecified,Unspecified,Unspecified,Unspecified,Unspecified,Unknown,Unspecified,2026-07-01T16:35:28.854214+00:00,point_velocity,Unspecified
05472500,POINT (-92.2046222222222 41.3008444444444),b90cdb7f-9730-42c7-907a-f19b2d5539c2,USGS-05472500,4e6578cc-28f3-d364-e053-0100007f2984,90,1952-06-23T06:00:00+00:00,Imported Channel 1,1050,ft^3/s,94.0,ft,542,ft^2,1.94,ft/s,,,Unspecified,Unspecified,Unspecified,Unspecified,Unspecified,Unknown,Unspecified,2026-07-01T16:35:28.854214+00:00,point_velocity,Unspecified
05472500,POINT (-92.2046222222222 41.3008444444444),b93aa69c-b249-48b2-80e3-29885d538d6a,USGS-05472500,4e65a00e-059a-e6f6-e053-0100007f480b,336,1971-05-17T05:00:00+00:00,Imported Channel 1,132,ft^3/s,77.0,ft,99.3,ft^2,1.33,ft/s,,,Unspecified,Unspecified,Unspecified,Unspecified,Unspecified,Unknown,Unspecified,2026-07-01T16:35:28.854214+00:00,point_velocity,Unspecified
05472500,POINT (-92.2046222222222 41.3008444444444),b97271db-c809-4189-868c-77bfd44aef54,USGS-05472500,4e658777-842a-da9b-e053-0100007f961b,19,1946-10-31T06:00:00+00:00,Imported Channel 1,359,ft^3/s,80.0,ft,199,ft^2,1.80,ft/s,,,Unspecified,Unspecified,Unspecified,Unspecified,Unspecified,Unknown,Unspecified,2026-07-01T16:35:28.854214+00:00,point_velocity,Unspecified
05472500,POINT (-92.2046222222222 41.3008444444444),b9f4767c-09fd-4b20-8486-6005e7e88c27,USGS-05472500,4e657fff-2670-d706-e053-0100007fd205,160,1958-03-18T06:00:00+00:00,Imported Channel 1,108,ft^3/s,64.0,ft,114,ft^2,0.95,ft/s,,,Unspecified,Unspecified,Unspecified,Unspecified,Unspecified,Unknown,Unspecified,2026-07-01T16:35:28.854214+00:00,point_velocity,Unspecified
05472500,POINT (-92.2046222222222 41.3008444444444),b9f628ab-6a89-472f-a285-4f5a3762db9c,USGS-05472500,4e65838b-6e77-d873-e053-0100007f9c4b,674,2007-04-02T14:20:00+00:00,Imported Channel 1,1360,ft^3/s,117,ft,637,ft^2,2.14,ft/s,,ft,Unspecified,Unspecified,Unspecified,Unspecified,Unspecified,Unknown,Unspecified,2026-07-01T16:35:28.854214+00:00,adcp,Unspecified
05472500,POINT (-92.2046222222222 41.3008444444444),baad0e18-34d1-4513-bf42-540884989438,USGS-05472500,4e656ac3-4441-cc83-e053-0100007f0bf2,640,2003-05-14T18:39:00+00:00,Imported Channel 1,1110,ft^3/s,120,ft,453,ft^2,2.45,ft/s,,,Unspecified,Unspecified,Unspecified,Unspecified,Unspecified,Unknown,Wading,2026-07-01T16:35:28.854214+00:00,point_velocity,Unspecified
05472500,POINT (-92.2046222222222 41.3008444444444),bae909c4-c951-4c15-aa44-6a3101e7f392,USGS-05472500,4e6573ca-c650-d0a9-e053-0100007f81c9,582,1996-11-25T15:15:00+00:00,Imported Channel 1,96.5,ft^3/s,58.0,ft,57.9,ft^2,1.66,ft/s,,,Unspecified,Unspecified,Unspecified,Unspecified,Unspecified,Unknown,Wading,2026-07-01T16:35:28.854214+00:00,point_velocity,Unspecified
05472500,POINT (-92.2046222222222 41.3008444444444),bbb0bfd9-46f1-4d11-ae74-2be26b75b7bb,USGS-05472500,6f7fbbba-fca1-b705-e053-0100007f50d5,758,2018-06-25T14:11:51+00:00,main,831,ft^3/s,122,ft,447,ft^2,1.86,ft/s,0.00,ft,Firm,SiltMud,Uneven,Even,NonStandard,Steady,BridgeDownstreamSide,2026-07-01T16:35:28.854214+00:00,adcp,Upstream
05472500,POINT (-92.2046222222222 41.3008444444444),bc82ee16-968c-47f5-ae4a-40c523b89a09,USGS-05472500,4e65803c-e9af-d718-e053-0100007f9460,143,1956-12-17T06:00:00+00:00,Imported Channel 1,2.60,ft^3/s,28.0,ft,9.50,ft^2,0.27,ft/s,,,Unspecified,Unspecified,Unspecified,Unspecified,Unspecified,Unknown,Unspecified,2026-07-01T16:35:28.854214+00:00,point_velocity,Unspecified
05472500,POINT (-92.2046222222222 41.3008444444444),bcfee042-dd35-4100-a69a-8b726c9c5458,USGS-05472500,4e656a26-ee60-cc4d-e053-0100007f4bc9,201,1961-03-03T06:00:00+00:00,Imported Channel 1,237,ft^3/s,67.0,ft,157,ft^2,1.51,ft/s,,,Unspecified,Unspecified,Unspecified,Unspecified,Unspecified,Unknown,Unspecified,2026-07-01T16:35:28.854214+00:00,point_velocity,Unspecified
05472500,POINT (-92.2046222222222 41.3008444444444),bdb2a9c9-f452-487a-84ef-b119df4641e0,USGS-05472500,4e656a26-ee63-cc4d-e053-0100007f4bc9,206,1961-07-24T06:00:00+00:00,Imported Channel 1,155,ft^3/s,65.0,ft,145,ft^2,1.07,ft/s,,,Unspecified,Unspecified,Unspecified,Unspecified,Unspecified,Unknown,Unspecified,2026-07-01T16:35:28.854214+00:00,point_velocity,Unspecified
05472500,POINT (-92.2046222222222 41.3008444444444),bdd5338d-3108-4d23-8c1d-2ce774a39d3e,USGS-05472500,4e6587ac-ce81-da99-e053-0100007f129b,319,1969-09-15T05:00:00+00:00,Imported Channel 1,84.1,ft^3/s,51.0,ft,68.2,ft^2,1.23,ft/s,,,Unspecified,Unspecified,Unspecified,Unspecified,Unspecified,Unknown,Unspecified,2026-07-01T16:35:28.854214+00:00,point_velocity,Unspecified
05472500,POINT (-92.2046222222222 41.3008444444444),bdda0399-1d09-4736-92cf-63906924ab3c,USGS-05472500,4e6583cc-7d22-d86f-e053-0100007f96a3,17,1946-09-13T06:00:00+00:00,Imported Channel 1,277,ft^3/s,81.0,ft,210,ft^2,1.32,ft/s,,,Unspecified,Unspecified,Unspecified,Unspecified,Unspecified,Unknown,Unspecified,2026-07-01T16:35:28.854214+00:00,point_velocity,Unspecified
05472500,POINT (-92.2046222222222 41.3008444444444),be209d31-82d3-4372-94d2-3179224c9290,USGS-05472500,4e6578dc-4f81-d384-e053-0100007f0d52,667,2006-07-19T19:57:00+00:00,Imported Channel 1,52.3,ft^3/s,62.0,ft,37.8,ft^2,1.38,ft/s,,,Unspecified,Unspecified,Unspecified,Unspecified,Unspecified,Unknown,Wading,2026-07-01T16:35:28.854214+00:00,point_velocity,Unspecified
05472500,POINT (-92.2046222222222 41.3008444444444),be2a8c5e-7fbc-49e6-a4c2-5e1be403a93d,USGS-05472500,4e657902-85b7-d366-e053-0100007f7d62,657,2005-04-13T17:53:00+00:00,Imported Channel 1,2360,ft^3/s,135,ft,928,ft^2,2.55,ft/s,,,Unspecified,Unspecified,Unspecified,Unspecified,Unspecified,Unknown,BridgeCrane,2026-07-01T16:35:28.854214+00:00,point_velocity,Unspecified
05472500,POINT (-92.2046222222222 41.3008444444444),be6b1338-f066-4cb3-8173-93280d641f28,USGS-05472500,4e658005-755e-d712-e053-0100007fe7c0,152,1957-07-30T06:00:00+00:00,Imported Channel 1,1200,ft^3/s,97.0,ft,533,ft^2,2.25,ft/s,,,Unspecified,Unspecified,Unspecified,Unspecified,Unspecified,Unknown,Unspecified,2026-07-01T16:35:28.854214+00:00,point_velocity,Unspecified
05472500,POINT (-92.2046222222222 41.3008444444444),be948459-c141-4023-82ca-76eed3c26007,USGS-05472500,4e658751-97af-da71-e053-0100007f7d60,411,1979-01-17T06:00:00+00:00,Imported Channel 1,175,ft^3/s,63.0,ft,126,ft^2,1.39,ft/s,,,Unspecified,Unspecified,Unspecified,Unspecified,Unspecified,Unknown,Unspecified,2026-07-01T16:35:28.854214+00:00,point_velocity,Unspecified
05472500,POINT (-92.2046222222222 41.3008444444444),bef0bfe0-0a25-4f11-bec7-7868a40e8209,USGS-05472500,4e6583a9-9462-d86d-e053-0100007f32e5,104,1953-09-24T06:00:00+00:00,Imported Channel 1,3.62,ft^3/s,46.0,ft,21.4,ft^2,0.17,ft/s,,,Unspecified,Unspecified,Unspecified,Unspecified,Unspecified,Unknown,Unspecified,2026-07-01T16:35:28.854214+00:00,point_velocity,Unspecified
05472500,POINT (-92.2046222222222 41.3008444444444),befba20a-68a6-4ee5-9ad7-4465bff4e6d5,USGS-05472500,4e6578ca-cb66-d36c-e053-0100007fcbe2,488,1988-01-28T17:15:00+00:00,Imported Channel 1,254,ft^3/s,88.0,ft,209,ft^2,1.20,ft/s,,,Unspecified,Unspecified,Unspecified,Unspecified,Unspecified,Unknown,Ice,2026-07-01T16:35:28.854214+00:00,point_velocity,Unspecified
05472500,POINT (-92.2046222222222 41.3008444444444),bfde8a64-091d-4ec9-a38b-464c4204434a,USGS-05472500,7b304907-932e-4213-e053-0100007f8c90,762,2018-11-20T17:27:37+00:00,Main,536,ft^3/s,112,ft,336,ft^2,1.60,ft/s,40.00,ft,Firm,Sand,Uneven,Uneven,NonStandard,Steady,BridgeDownstreamSide,2026-07-01T16:35:28.854214+00:00,adcp,Downstream
05472500,POINT (-92.2046222222222 41.3008444444444),c0489461-cb7a-4d58-aaa7-29bcbed1d18a,USGS-05472500,4e6565df-ccd7-c95f-e053-0100007fcee1,570,1995-08-17T20:15:00+00:00,Imported Channel 1,153,ft^3/s,93.0,ft,108,ft^2,1.42,ft/s,,,Unspecified,Unspecified,Unspecified,Unspecified,Unspecified,Unknown,Wading,2026-07-01T16:35:28.854214+00:00,point_velocity,Unspecified
05472500,POINT (-92.2046222222222 41.3008444444444),c056ff70-3e08-43e2-bbf1-3b2e575bdbdc,USGS-05472500,4e6587a9-1dd5-da5d-e053-0100007f6588,165,1958-07-24T06:00:00+00:00,Imported Channel 1,115,ft^3/s,64.0,ft,103,ft^2,1.12,ft/s,,,Unspecified,Unspecified,Unspecified,Unspecified,Unspecified,Unknown,Unspecified,2026-07-01T16:35:28.854214+00:00,point_velocity,Unspecified
05472500,POINT (-92.2046222222222 41.3008444444444),c0805ecf-65d9-4bec-a616-820563203839,USGS-05472500,2c01c477-6a41-40c7-ad8e-0ad02cb9fab9,796,2023-11-13T20:57:23+00:00,Main,17.0,ft^3/s,42.0,ft,33.2,ft^2,0.51,ft/s,25.00,ft,Firm,Cobbles,Even,Uneven,Unknown,Steady,Wading,2026-07-01T16:35:28.854214+00:00,point_velocity,Downstream
05472500,POINT (-92.2046222222222 41.3008444444444),c0ac8005-2da9-4540-8d8c-8912b0a44cc2,USGS-05472500,4e657ceb-f25b-d5b6-e053-0100007fd3f5,70,1950-10-13T06:00:00+00:00,Imported Channel 1,3.59,ft^3/s,11.0,ft,5.53,ft^2,0.65,ft/s,,,Unspecified,Unspecified,Unspecified,Unspecified,Unspecified,Unknown,Unspecified,2026-07-01T16:35:28.854214+00:00,point_velocity,Unspecified
05472500,POINT (-92.2046222222222 41.3008444444444),c1609e2a-109f-43b6-8953-808207f544dd,USGS-05472500,962cd916-51ee-4b5a-b5f9-42e4bc040af1,793,2023-05-12T19:14:44+00:00,Main,556,ft^3/s,106,ft,280,ft^2,1.99,ft/s,0.00,ft,Firm,SiltMud,Even,Uneven,Unknown,Steady,BridgeDownstreamSide,2026-07-01T16:35:28.854214+00:00,adcp,AtTheGage
05472500,POINT (-92.2046222222222 41.3008444444444),c1a333b4-5ba6-4f35-9628-02b1179d49ef,USGS-05472500,4e658a4e-d3c8-dc0b-e053-0100007fb6fc,54,1949-05-06T06:00:00+00:00,Imported Channel 1,137,ft^3/s,64.0,ft,146,ft^2,0.94,ft/s,,,Unspecified,Unspecified,Unspecified,Unspecified,Unspecified,Unknown,Unspecified,2026-07-01T16:35:28.854214+00:00,point_velocity,Unspecified
05472500,POINT (-92.2046222222222 41.3008444444444),c1c11653-6ff5-4451-8082-5e1fa4128319,USGS-05472500,4e657fd8-1fa1-d720-e053-0100007f50ce,703,2011-01-31T15:48:00+00:00,Imported Channel 1,160,ft^3/s,50.0,ft,76.3,ft^2,2.10,ft/s,10.00,ft,Soft,Gravel,Uneven,Even,Standard,Unknown,Ice,2026-07-01T16:35:28.854214+00:00,point_velocity,Downstream
05472500,POINT (-92.2046222222222 41.3008444444444),c215bea8-d032-4bb0-abc3-3d3e42f60a39,USGS-05472500,4e6587c4-e009-dabb-e053-0100007fa75f,708,2011-08-11T16:57:00+00:00,Imported Channel 1,126,ft^3/s,74.0,ft,68.8,ft^2,1.83,ft/s,10.00,ft,Firm,Cobbles,Even,Even,Standard,Unknown,Wading,2026-07-01T16:35:28.854214+00:00,point_velocity,Downstream
05472500,POINT (-92.2046222222222 41.3008444444444),c25a743d-11a2-4f5a-843e-4f15c687d0aa,USGS-05472500,4e656c61-e8ac-cb56-e053-0100007fa58c,631,2002-05-12T20:28:00+00:00,Imported Channel 1,2690,ft^3/s,148,ft,1230,ft^2,2.18,ft/s,,,Unspecified,Unspecified,Unspecified,Unspecified,Unspecified,Unknown,BridgeCrane,2026-07-01T16:35:28.854214+00:00,point_velocity,Unspecified
05472500,POINT (-92.2046222222222 41.3008444444444),c27ce58a-dd70-4ea8-85f9-734559d60180,USGS-05472500,4e65713a-f8e6-cf8a-e053-0100007fca45,520,1990-11-13T22:00:00+00:00,Imported Channel 1,154,ft^3/s,80.0,ft,128,ft^2,1.20,ft/s,,,Unspecified,Unspecified,Unspecified,Unspecified,Unspecified,Unknown,Wading,2026-07-01T16:35:28.854214+00:00,point_velocity,Unspecified
05472500,POINT (-92.2046222222222 41.3008444444444),c2816833-9b58-45ed-838e-a7051b5b3167,USGS-05472500,4e659314-d881-e07b-e053-0100007f8db2,444,1982-11-01T06:00:00+00:00,Imported Channel 1,393,ft^3/s,83.0,ft,262,ft^2,1.50,ft/s,,,Unspecified,Unspecified,Unspecified,Unspecified,Unspecified,Unknown,Unspecified,2026-07-01T16:35:28.854214+00:00,point_velocity,Unspecified
05472500,POINT (-92.2046222222222 41.3008444444444),c3289e2b-e40d-4f87-9a4c-d72cba57cd31,USGS-05472500,4e657c30-cc33-d55a-e053-0100007f0a77,226,1962-10-29T06:00:00+00:00,Imported Channel 1,80.1,ft^3/s,59.0,ft,68.1,ft^2,1.18,ft/s,,,Unspecified,Unspecified,Unspecified,Unspecified,Unspecified,Unknown,Unspecified,2026-07-01T16:35:28.854214+00:00,point_velocity,Unspecified
05472500,POINT (-92.2046222222222 41.3008444444444),c37f928e-b9eb-4b26-9c4f-ad91d0b02fc2,USGS-05472500,4e658af9-7a2d-dc94-e053-0100007f84a6,380,1975-12-23T06:00:00+00:00,Imported Channel 1,117,ft^3/s,64.0,ft,101,ft^2,1.16,ft/s,,,Unspecified,Unspecified,Unspecified,Unspecified,Unspecified,Unknown,Unspecified,2026-07-01T16:35:28.854214+00:00,point_velocity,Unspecified
05472500,POINT (-92.2046222222222 41.3008444444444),c3842ee8-7bb8-49d5-a513-d07d87669a10,USGS-05472500,4e659b33-185b-e45e-e053-0100007fb5f1,345,1972-05-09T05:00:00+00:00,Imported Channel 1,2790,ft^3/s,100,ft,1110,ft^2,2.51,ft/s,,,Unspecified,Unspecified,Unspecified,Unspecified,Unspecified,Unknown,Unspecified,2026-07-01T16:35:28.854214+00:00,point_velocity,Unspecified
05472500,POINT (-92.2046222222222 41.3008444444444),c3d16f50-b8f4-47c8-9f8e-e84bb99975b4,USGS-05472500,4e6580da-9e11-d710-e053-0100007f686b,608,1999-08-30T13:30:00+00:00,Imported Channel 1,42.8,ft^3/s,50.0,ft,31.2,ft^2,1.37,ft/s,,,Unspecified,Unspecified,Unspecified,Unspecified,Unspecified,Unknown,Wading,2026-07-01T16:35:28.854214+00:00,point_velocity,Unspecified
05472500,POINT (-92.2046222222222 41.3008444444444),c4875d7d-2d53-4b43-990e-b68b2a3020b3,USGS-05472500,4e658775-d9c9-da57-e053-0100007f3ef6,688,2009-03-09T14:26:00+00:00,Imported Channel 1,7020,ft^3/s,299,ft,2720,ft^2,2.58,ft/s,5.00,ft,Firm,Sand,Even,Even,Unspecified,Unknown,BridgeDownstreamSide,2026-07-01T16:35:28.854214+00:00,adcp,Downstream
05472500,POINT (-92.2046222222222 41.3008444444444),c4f2854f-0816-469c-a123-5f970d33e88e,USGS-05472500,4e6591af-eba6-dfdc-e053-0100007fb4e1,212,1961-11-27T06:00:00+00:00,Imported Channel 1,930,ft^3/s,95.0,ft,532,ft^2,1.75,ft/s,,,Unspecified,Unspecified,Unspecified,Unspecified,Unspecified,Unknown,Unspecified,2026-07-01T16:35:28.854214+00:00,point_velocity,Unspecified
05472500,POINT (-92.2046222222222 41.3008444444444),c538fa24-bbcb-4924-829b-d46a2e29f119,USGS-05472500,4e65a75a-f95c-ea8f-e053-0100007fa6c4,423,1980-02-06T06:00:00+00:00,Imported Channel 1,94.8,ft^3/s,70.0,ft,88.9,ft^2,1.07,ft/s,,,Unspecified,Unspecified,Unspecified,Unspecified,Unspecified,Unknown,Unspecified,2026-07-01T16:35:28.854214+00:00,point_velocity,Unspecified
05472500,POINT (-92.2046222222222 41.3008444444444),c54f4eda-f87b-43fa-9d6b-425d0fc8ca09,USGS-05472500,4e6592d3-6843-e006-e053-0100007f65f2,233,1963-05-20T06:00:00+00:00,Imported Channel 1,325,ft^3/s,70.0,ft,206,ft^2,1.58,ft/s,,,Unspecified,Unspecified,Unspecified,Unspecified,Unspecified,Unknown,Unspecified,2026-07-01T16:35:28.854214+00:00,point_velocity,Unspecified
05472500,POINT (-92.2046222222222 41.3008444444444),c56a7d57-b291-4a8e-927a-1134ce63f76b,USGS-05472500,4e658a41-0a6f-dc03-e053-0100007f3fce,13,1946-05-13T06:00:00+00:00,Imported Channel 1,600,ft^3/s,88.0,ft,332,ft^2,1.81,ft/s,,,Unspecified,Unspecified,Unspecified,Unspecified,Unspecified,Unknown,Unspecified,2026-07-01T16:35:28.854214+00:00,point_velocity,Unspecified
05472500,POINT (-92.2046222222222 41.3008444444444),c5fac415-dd42-4b58-8c7d-39d97f0bc689,USGS-05472500,4e657118-6565-cf88-e053-0100007fdaa8,521,1991-01-11T17:00:00+00:00,Imported Channel 1,126,ft^3/s,98.0,ft,94.2,ft^2,1.34,ft/s,,,Unspecified,Unspecified,Unspecified,Unspecified,Unspecified,Unknown,Ice,2026-07-01T16:35:28.854214+00:00,point_velocity,Unspecified
05472500,POINT (-92.2046222222222 41.3008444444444),c68c339d-93d4-4264-bc33-044622328f6e,USGS-05472500,4e659239-f45b-dffa-e053-0100007f7f6d,133,1956-02-13T06:00:00+00:00,Imported Channel 1,4.51,ft^3/s,18.0,ft,6.93,ft^2,0.65,ft/s,,,Unspecified,Unspecified,Unspecified,Unspecified,Unspecified,Unknown,Unspecified,2026-07-01T16:35:28.854214+00:00,point_velocity,Unspecified
05472500,POINT (-92.2046222222222 41.3008444444444),c6ccdbdb-b4ef-475c-8174-0594e73d4169,USGS-05472500,4e659c3c-4a7a-e349-e053-0100007f66a0,433,1981-03-23T06:00:00+00:00,Imported Channel 1,69.6,ft^3/s,69.0,ft,94.1,ft^2,0.74,ft/s,,,Unspecified,Unspecified,Unspecified,Unspecified,Unspecified,Unknown,Unspecified,2026-07-01T16:35:28.854214+00:00,point_velocity,Unspecified
05472500,POINT (-92.2046222222222 41.3008444444444),c7202efb-c17f-4e8c-a0fa-61177b0e1efd,USGS-05472500,43bc23c5-52fd-4b8d-acde-d0f7d349157a,811,2026-02-24T14:51:01+00:00,main,82.4,ft^3/s,78.0,ft,98.9,ft^2,0.83,ft/s,0.00,ft,Firm,CobblesBoulders,Uneven,Unspecified,NonStandard,Pulsating,Wading,2026-07-01T16:35:28.854214+00:00,point_velocity,AtTheGage
05472500,POINT (-92.2046222222222 41.3008444444444),c73e6972-203d-41aa-bcff-c359aae50083,USGS-05472500,4e6578cc-28fb-d364-e053-0100007f2984,126,1955-07-22T06:00:00+00:00,Imported Channel 1,29.2,ft^3/s,60.0,ft,43.3,ft^2,0.67,ft/s,,,Unspecified,Unspecified,Unspecified,Unspecified,Unspecified,Unknown,Unspecified,2026-07-01T16:35:28.854214+00:00,point_velocity,Unspecified
05472500,POINT (-92.2046222222222 41.3008444444444),c7757bbe-a714-4c68-8b14-1de27fe6fa7d,USGS-05472500,5ada9f67-279c-f058-e053-0100007fd926,754,2017-10-03T18:19:00+00:00,MAIN,17.5,ft^3/s,36.0,ft,35.6,ft^2,0.49,ft/s,40.00,ft,Firm,Sand,Even,Even,Standard,Steady,Wading,2026-07-01T16:35:28.854214+00:00,point_velocity,Upstream
05472500,POINT (-92.2046222222222 41.3008444444444),c81490eb-ccf5-4fac-97b7-1ee72c6d5d46,USGS-05472500,6b15e374-a6ee-dd7c-e053-0100007fec93,757,2018-04-30T17:20:00+00:00,Main,148,ft^3/s,84.0,ft,146,ft^2,1.02,ft/s,600.00,ft,Firm,Sand,Even,Even,Standard,Steady,Wading,2026-07-01T16:35:28.854214+00:00,point_velocity,Upstream
05472500,POINT (-92.2046222222222 41.3008444444444),c82d846c-7977-46a2-8eb9-ace8d2310041,USGS-05472500,4e6576e4-24dd-d229-e053-0100007f6c71,605,1999-04-26T13:20:00+00:00,Imported Channel 1,1460,ft^3/s,137,ft,720,ft^2,2.03,ft/s,,,Unspecified,Unspecified,Unspecified,Unspecified,Unspecified,Unknown,BridgeCrane,2026-07-01T16:35:28.854214+00:00,point_velocity,Unspecified
05472500,POINT (-92.2046222222222 41.3008444444444),c84cd69d-bb8f-43c1-9d28-1127c8bb19b8,USGS-05472500,4e6598a8-2292-e2f1-e053-0100007f986c,282,1966-10-17T06:00:00+00:00,Imported Channel 1,26.9,ft^3/s,60.0,ft,39.1,ft^2,0.69,ft/s,,,Unspecified,Unspecified,Unspecified,Unspecified,Unspecified,Unknown,Unspecified,2026-07-01T16:35:28.854214+00:00,point_velocity,Unspecified
05472500,POINT (-92.2046222222222 41.3008444444444),c8526c8d-23f6-4424-8fa0-4aa4e77d74ee,USGS-05472500,4e658070-e548-d726-e053-0100007f8798,543,1992-07-06T15:50:00+00:00,Imported Channel 1,136,ft^3/s,38.5,ft,61.4,ft^2,2.21,ft/s,,,Unspecified,Unspecified,Unspecified,Unspecified,Unspecified,Unknown,Wading,2026-07-01T16:35:28.854214+00:00,point_velocity,Unspecified
05472500,POINT (-92.2046222222222 41.3008444444444),c86cbfa9-de39-4d04-bd10-e4ea6bb18370,USGS-05472500,4e6567b8-c6fa-cae9-e053-0100007fd21e,629,2002-03-11T14:43:00+00:00,Imported Channel 1,159,ft^3/s,68.0,ft,140,ft^2,1.14,ft/s,,,Unspecified,Unspecified,Unspecified,Unspecified,Unspecified,Unknown,Wading,2026-07-01T16:35:28.854214+00:00,point_velocity,Unspecified
05472500,POINT (-92.2046222222222 41.3008444444444),c876a7b5-e917-4272-bd06-06cd97d983ff,USGS-05472500,4e65a04e-9da4-e6f2-e053-0100007f3904,338,1971-08-02T05:00:00+00:00,Imported Channel 1,59.8,ft^3/s,73.0,ft,61.9,ft^2,0.97,ft/s,,,Unspecified,Unspecified,Unspecified,Unspecified,Unspecified,Unknown,Unspecified,2026-07-01T16:35:28.854214+00:00,point_velocity,Unspecified
05472500,POINT (-92.2046222222222 41.3008444444444),c8b7f83c-c781-4d91-9d51-d5f88a458f42,USGS-05472500,4e6598b4-3f0b-e2ef-e053-0100007fbe6a,262,1965-05-18T06:00:00+00:00,Imported Channel 1,204,ft^3/s,70.0,ft,107,ft^2,1.91,ft/s,,,Unspecified,Unspecified,Unspecified,Unspecified,Unspecified,Unknown,Unspecified,2026-07-01T16:35:28.854214+00:00,point_velocity,Unspecified
05472500,POINT (-92.2046222222222 41.3008444444444),c8e9fc70-a0c3-4db0-b0b1-2d008362695e,USGS-05472500,9a6ff3d0-8c9f-48dc-b112-e888cb65cd32,769,2019-11-25T15:57:51+00:00,Main,377,ft^3/s,115,ft,287,ft^2,1.31,ft/s,50.00,ft,Firm,Sand,Even,Even,NonStandard,Steady,BridgeDownstreamSide,2026-07-01T16:35:28.854214+00:00,adcp,Upstream
05472500,POINT (-92.2046222222222 41.3008444444444),c91a29e3-01b0-45c6-9756-1a56ad0ffe03,USGS-05472500,4e658e8b-5314-de3f-e053-0100007fd4c4,266,1965-09-20T06:00:00+00:00,Imported Channel 1,6220,ft^3/s,376,ft,2650,ft^2,2.35,ft/s,,,Unspecified,Unspecified,Unspecified,Unspecified,Unspecified,Unknown,Unspecified,2026-07-01T16:35:28.854214+00:00,point_velocity,Unspecified
05472500,POINT (-92.2046222222222 41.3008444444444),c94e6d70-b149-436f-ad80-7ba53db6de71,USGS-05472500,fb607b25-5e9f-49cf-be89-f238de19a379,792,2023-03-27T16:01:44+00:00,Main,167,ft^3/s,91.0,ft,146,ft^2,1.15,ft/s,50.00,ft,Firm,Cobbles,Uneven,Even,Unknown,Steady,Wading,2026-07-01T16:35:28.854214+00:00,point_velocity,Upstream
05472500,POINT (-92.2046222222222 41.3008444444444),c98583e9-6899-4181-802b-66028aa18a5f,USGS-05472500,7732359c-f115-c51c-e053-0100007f18c3,761,2018-10-01T17:20:50+00:00,Main,731,ft^3/s,110,ft,418,ft^2,1.75,ft/s,746.00,ft,Firm,Sand,Even,Even,NonStandard,Steady,BridgeDownstreamSide,2026-07-01T16:35:28.854214+00:00,adcp,Upstream
05472500,POINT (-92.2046222222222 41.3008444444444),c9b9ad3d-3ad0-43f7-8de4-8d9ea72d74dc,USGS-05472500,4e659f7f-d899-e34b-e053-0100007f9416,457,1984-06-11T05:00:00+00:00,Imported Channel 1,2240,ft^3/s,96.0,ft,872,ft^2,2.57,ft/s,,,Unspecified,Unspecified,Unspecified,Unspecified,Unspecified,Unknown,Unspecified,2026-07-01T16:35:28.854214+00:00,point_velocity,Unspecified
05472500,POINT (-92.2046222222222 41.3008444444444),c9d95df9-34eb-4c47-9325-b185bc1970b8,USGS-05472500,4e657fd8-1fb2-d720-e053-0100007f50ce,60,1949-11-19T06:00:00+00:00,Imported Channel 1,29.0,ft^3/s,19.0,ft,29.1,ft^2,1.00,ft/s,,,Unspecified,Unspecified,Unspecified,Unspecified,Unspecified,Unknown,Unspecified,2026-07-01T16:35:28.854214+00:00,point_velocity,Unspecified
05472500,POINT (-92.2046222222222 41.3008444444444),c9e18fef-9e91-4fac-92c7-e637690212fb,USGS-05472500,4e657590-b355-d167-e053-0100007faf79,574,1996-01-03T16:00:00+00:00,Imported Channel 1,39.3,ft^3/s,45.0,ft,34.4,ft^2,1.14,ft/s,,,Unspecified,Unspecified,Unspecified,Unspecified,Unspecified,Unknown,Wading,2026-07-01T16:35:28.854214+00:00,point_velocity,Unspecified
05472500,POINT (-92.2046222222222 41.3008444444444),ca23fa1a-e45e-409a-a75f-0f31a187faa2,USGS-05472500,4e6592a4-b39b-e083-e053-0100007f5751,403,1978-02-07T06:00:00+00:00,Imported Channel 1,78.4,ft^3/s,54.0,ft,86.7,ft^2,0.90,ft/s,,,Unspecified,Unspecified,Unspecified,Unspecified,Unspecified,Unknown,Unspecified,2026-07-01T16:35:28.854214+00:00,point_velocity,Unspecified
05472500,POINT (-92.2046222222222 41.3008444444444),ca28d188-d377-443e-9cbe-6b42c79f44d7,USGS-05472500,4e65a380-8472-e854-e053-0100007fc987,392,1977-03-15T06:00:00+00:00,Imported Channel 1,123,ft^3/s,60.0,ft,66.8,ft^2,1.84,ft/s,,,Unspecified,Unspecified,Unspecified,Unspecified,Unspecified,Unknown,Unspecified,2026-07-01T16:35:28.854214+00:00,point_velocity,Unspecified
05472500,POINT (-92.2046222222222 41.3008444444444),ca414b18-d8a6-4520-b7b7-982615e31ecd,USGS-05472500,4e6573f4-2fef-d0ab-e053-0100007f2449,526,1991-04-05T16:00:00+00:00,Imported Channel 1,628,ft^3/s,111,ft,322,ft^2,1.95,ft/s,,,Unspecified,Unspecified,Unspecified,Unspecified,Unspecified,Unknown,BridgeCrane,2026-07-01T16:35:28.854214+00:00,point_velocity,Unspecified
05472500,POINT (-92.2046222222222 41.3008444444444),ca5854ec-b2c1-4ced-ad4f-2cd1f5a90e34,USGS-05472500,4e659943-aaa6-e355-e053-0100007f977f,427,1980-07-21T05:00:00+00:00,Imported Channel 1,57.0,ft^3/s,68.0,ft,81.8,ft^2,0.70,ft/s,,,Unspecified,Unspecified,Unspecified,Unspecified,Unspecified,Unknown,Unspecified,2026-07-01T16:35:28.854214+00:00,point_velocity,Unspecified
05472500,POINT (-92.2046222222222 41.3008444444444),cab7e0d3-6f1b-401e-b80f-754cfcb0b58c,USGS-05472500,4e6587ae-bccf-dab9-e053-0100007f0448,37,1947-10-03T06:00:00+00:00,Imported Channel 1,19.7,ft^3/s,18.0,ft,22.6,ft^2,0.87,ft/s,,,Unspecified,Unspecified,Unspecified,Unspecified,Unspecified,Unknown,Unspecified,2026-07-01T16:35:28.854214+00:00,point_velocity,Unspecified
05472500,POINT (-92.2046222222222 41.3008444444444),cb1d2567-5603-41e4-a595-ebc7fb99fe37,USGS-05472500,4e65805a-7c01-d716-e053-0100007f9a43,134,1956-03-15T06:00:00+00:00,Imported Channel 1,33.5,ft^3/s,40.0,ft,25.4,ft^2,1.32,ft/s,,,Unspecified,Unspecified,Unspecified,Unspecified,Unspecified,Unknown,Unspecified,2026-07-01T16:35:28.854214+00:00,point_velocity,Unspecified
05472500,POINT (-92.2046222222222 41.3008444444444),cbc9aeec-98fe-4634-84db-e60ee368ba53,USGS-05472500,4e6581f7-9bf2-d714-e053-0100007fc55d,8,1946-02-09T06:00:00+00:00,Imported Channel 1,1500,ft^3/s,104,ft,864,ft^2,1.74,ft/s,,,Unspecified,Unspecified,Unspecified,Unspecified,Unspecified,Unknown,Unspecified,2026-07-01T16:35:28.854214+00:00,point_velocity,Unspecified
05472500,POINT (-92.2046222222222 41.3008444444444),cc122389-f787-4bbd-b8b1-77f59a2c32af,USGS-05472500,72f3ef40-71f6-55f3-e053-0100007f9e0e,759,2018-08-08T18:41:00+00:00,main,94.1,ft^3/s,87.0,ft,121,ft^2,0.78,ft/s,700.00,ft,Firm,Sand,Uneven,Uneven,NonStandard,Pulsating,Wading,2026-07-01T16:35:28.854214+00:00,point_velocity,Unspecified
05472500,POINT (-92.2046222222222 41.3008444444444),cca673fd-bd10-41de-94f8-28b51fa3e243,USGS-05472500,e516eef3-cd6c-4379-bc3b-6685324ea673,807,2025-07-18T16:28:27+00:00,Main,998,ft^3/s,120,ft,514,ft^2,1.94,ft/s,20.00,ft,Firm,Sand,Even,Even,NonStandard,Steady,BridgeUpstreamSide,2026-07-01T16:35:28.854214+00:00,adcp,Downstream
05472500,POINT (-92.2046222222222 41.3008444444444),ccb11627-c933-43fd-822e-0a7c1f38ce82,USGS-05472500,4e6587c4-e03f-dabb-e053-0100007fa75f,384,1976-04-26T05:00:00+00:00,Imported Channel 1,9320,ft^3/s,365,ft,2860,ft^2,3.26,ft/s,,,Unspecified,Unspecified,Unspecified,Unspecified,Unspecified,Unknown,Unspecified,2026-07-01T16:35:28.854214+00:00,point_velocity,Unspecified
05472500,POINT (-92.2046222222222 41.3008444444444),ccca60e2-8649-421a-8a48-727d78de5256,USGS-05472500,4e658005-7544-d712-e053-0100007fe7c0,46,1948-07-30T06:00:00+00:00,Imported Channel 1,153,ft^3/s,69.0,ft,174,ft^2,0.88,ft/s,,,Unspecified,Unspecified,Unspecified,Unspecified,Unspecified,Unknown,Unspecified,2026-07-01T16:35:28.854214+00:00,point_velocity,Unspecified
05472500,POINT (-92.2046222222222 41.3008444444444),cd13db54-6f65-4282-9354-8c03ee05964b,USGS-05472500,89f670dd-f4db-17ab-e053-0100007f0916,766,2019-05-28T14:47:22+00:00,Main,6950,ft^3/s,188,ft,2180,ft^2,3.19,ft/s,0.00,ft,Soft,Sand,Uneven,Uneven,NonStandard,Pulsating,BridgeDownstreamSide,2026-07-01T16:35:28.854214+00:00,adcp,AtTheGage
05472500,POINT (-92.2046222222222 41.3008444444444),cd4f5874-bca7-4f1e-9ab5-b9411c3ac4f5,USGS-05472500,4e659b90-dde1-e45c-e053-0100007f8dc0,271,1966-01-21T06:00:00+00:00,Imported Channel 1,245,ft^3/s,75.0,ft,165,ft^2,1.48,ft/s,,,Unspecified,Unspecified,Unspecified,Unspecified,Unspecified,Unknown,Unspecified,2026-07-01T16:35:28.854214+00:00,point_velocity,Unspecified
05472500,POINT (-92.2046222222222 41.3008444444444),ceec9794-c5e4-406c-9793-2f6557e22bac,USGS-05472500,4e657f99-3b7f-d708-e053-0100007fbf7c,172,1959-03-20T06:00:00+00:00,Imported Channel 1,3650,ft^3/s,121,ft,1240,ft^2,2.94,ft/s,,,Unspecified,Unspecified,Unspecified,Unspecified,Unspecified,Unknown,Unspecified,2026-07-01T16:35:28.854214+00:00,point_velocity,Unspecified
05472500,POINT (-92.2046222222222 41.3008444444444),cf72a027-cad5-4af1-8a24-7d077d3acadc,USGS-05472500,4e65a489-853f-e87e-e053-0100007fac9b,390,1977-01-17T06:00:00+00:00,Imported Channel 1,2.96,ft^3/s,16.0,ft,4.60,ft^2,0.64,ft/s,,,Unspecified,Unspecified,Unspecified,Unspecified,Unspecified,Unknown,Unspecified,2026-07-01T16:35:28.854214+00:00,point_velocity,Unspecified
05472500,POINT (-92.2046222222222 41.3008444444444),cff3a52b-319d-457a-bea8-33a1aea95d7a,USGS-05472500,56452de8-17a3-beda-e053-0100007f732f,753,2017-08-08T18:08:30+00:00,MAIN,39.9,ft^3/s,62.0,ft,68.3,ft^2,0.58,ft/s,100.00,ft,Firm,Sand,Uneven,Even,Standard,Pulsating,Wading,2026-07-01T16:35:28.854214+00:00,point_velocity,Upstream
05472500,POINT (-92.2046222222222 41.3008444444444),cff8042b-a9d6-4287-a6c0-0abfd9d91c4a,USGS-05472500,4e658005-7553-d712-e053-0100007fe7c0,78,1951-05-27T06:00:00+00:00,Imported Channel 1,2760,ft^3/s,117,ft,1150,ft^2,2.40,ft/s,,,Unspecified,Unspecified,Unspecified,Unspecified,Unspecified,Unknown,Unspecified,2026-07-01T16:35:28.854214+00:00,point_velocity,Unspecified
05472500,POINT (-92.2046222222222 41.3008444444444),cff90f01-6688-4a78-822b-e6e07170a87f,USGS-05472500,4e658789-4944-daa3-e053-0100007f15b5,733,2015-04-29T14:41:01+00:00,Main,680,ft^3/s,111,ft,435,ft^2,1.56,ft/s,30.00,ft,Firm,Cobbles,Even,Even,NonStandard,Unknown,BridgeDownstreamSide,2026-07-01T16:35:28.854214+00:00,adcp,Downstream
05472500,POINT (-92.2046222222222 41.3008444444444),d00a42bb-aa7c-4f08-8180-4c84266873b9,USGS-05472500,4e65a369-6ba2-e882-e053-0100007f5d7e,724,2013-10-23T22:47:00+00:00,channel1,0.07,ft^3/s,4.50,ft,2.15,ft^2,0.03,ft/s,0.00,ft,Firm,Sand,Even,Even,Standard,Unknown,Wading,2026-07-01T16:35:28.854214+00:00,point_velocity,Downstream
05472500,POINT (-92.2046222222222 41.3008444444444),d0242f3d-483a-494c-9d53-2e7528205bb1,USGS-05472500,6fb8e40c-a837-4d54-a353-d67f790799e1,810,2025-08-28T16:38:06+00:00,Main,244,ft^3/s,88.6,ft,213,ft^2,1.15,ft/s,1000.00,ft,Firm,SiltMud,Uneven,Even,NonStandard,Steady,MannedMovingBoat,2026-07-01T16:35:28.854214+00:00,adcp,Upstream
05472500,POINT (-92.2046222222222 41.3008444444444),d062d4d1-6805-4750-b8b4-cf357a5742bd,USGS-05472500,4e65a070-87b5-e726-e053-0100007f429a,424,1980-03-20T06:00:00+00:00,Imported Channel 1,197,ft^3/s,72.0,ft,138,ft^2,1.43,ft/s,,,Unspecified,Unspecified,Unspecified,Unspecified,Unspecified,Unknown,Unspecified,2026-07-01T16:35:28.854214+00:00,point_velocity,Unspecified
05472500,POINT (-92.2046222222222 41.3008444444444),d12d3263-a11e-4b67-bad8-3238b904096a,USGS-05472500,4e656e6d-af22-cdf7-e053-0100007fa9fc,565,1995-02-09T19:35:00+00:00,Imported Channel 1,104,ft^3/s,87.0,ft,73.9,ft^2,1.41,ft/s,,,Unspecified,Unspecified,Unspecified,Unspecified,Unspecified,Unknown,Wading,2026-07-01T16:35:28.854214+00:00,point_velocity,Unspecified
05472500,POINT (-92.2046222222222 41.3008444444444),d1f3e4b0-c8fe-4ae1-a06c-9665908bf2d8,USGS-05472500,4e658056-704d-d70e-e053-0100007f97d8,607,1999-07-19T14:00:00+00:00,Imported Channel 1,220,ft^3/s,78.0,ft,104,ft^2,2.12,ft/s,,,Unspecified,Unspecified,Unspecified,Unspecified,Unspecified,Unknown,Wading,2026-07-01T16:35:28.854214+00:00,point_velocity,Unspecified
05472500,POINT (-92.2046222222222 41.3008444444444),d22ff91f-1877-45f7-9020-45b804ba62ae,USGS-05472500,4e65a7ad-4483-eab9-e053-0100007fa6f3,728,2014-06-02T19:10:30+00:00,Main,212,ft^3/s,88.0,ft,121,ft^2,1.75,ft/s,,,Firm,Gravel,Even,Even,Standard,Unknown,Wading,2026-07-01T16:35:28.854214+00:00,point_velocity,AtTheGage
05472500,POINT (-92.2046222222222 41.3008444444444),d23f96b4-3dd1-4251-a890-a6bd92135a11,USGS-05472500,4e65a442-5fa4-e842-e053-0100007f4ba9,455,1984-03-20T06:00:00+00:00,Imported Channel 1,366,ft^3/s,85.0,ft,234,ft^2,1.56,ft/s,,,Unspecified,Unspecified,Unspecified,Unspecified,Unspecified,Unknown,Unspecified,2026-07-01T16:35:28.854214+00:00,point_velocity,Unspecified
05472500,POINT (-92.2046222222222 41.3008444444444),d257bf4c-90b8-4108-b279-94e484d0fe48,USGS-05472500,4e657902-8a8a-d394-e053-0100007f8164,690,2009-05-26T16:09:54+00:00,Imported Channel 1,671,ft^3/s,111,ft,366,ft^2,1.84,ft/s,30.00,ft,Firm,Sand,Uneven,Uneven,Unspecified,Unknown,BridgeDownstreamSide,2026-07-01T16:35:28.854214+00:00,adcp,Downstream
05472500,POINT (-92.2046222222222 41.3008444444444),d3539c6f-848c-4b3d-ae5c-a4524d122f52,USGS-05472500,4e658a41-0a71-dc03-e053-0100007f3fce,23,1947-01-09T06:00:00+00:00,Imported Channel 1,112,ft^3/s,64.0,ft,112,ft^2,1.00,ft/s,,,Unspecified,Unspecified,Unspecified,Unspecified,Unspecified,Unknown,Unspecified,2026-07-01T16:35:28.854214+00:00,point_velocity,Unspecified
05472500,POINT (-92.2046222222222 41.3008444444444),d3acb86c-57bc-458d-8463-31a228a27b82,USGS-05472500,4e656a26-ee2d-cc4d-e053-0100007f4bc9,701,2010-08-12T15:04:00+00:00,Imported Channel 1,14400,ft^3/s,339,ft,3580,ft^2,4.02,ft/s,20.00,ft,Soft,Sand,Uneven,Uneven,Unspecified,Unknown,BridgeDownstreamSide,2026-07-01T16:35:28.854214+00:00,adcp,Downstream
05472500,POINT (-92.2046222222222 41.3008444444444),d408c72f-1fff-4390-9312-33db1fd54320,USGS-05472500,4e657c86-a57d-d552-e053-0100007f5e6a,571,1995-10-10T17:25:00+00:00,Imported Channel 1,45.7,ft^3/s,60.0,ft,74.1,ft^2,0.62,ft/s,,,Unspecified,Unspecified,Unspecified,Unspecified,Unspecified,Unknown,Wading,2026-07-01T16:35:28.854214+00:00,point_velocity,Unspecified
05472500,POINT (-92.2046222222222 41.3008444444444),d4c5ba47-6ea4-4667-a5ba-13905da82706,USGS-05472500,4e659298-7538-e07f-e053-0100007f539c,182,1959-10-26T06:00:00+00:00,Imported Channel 1,201,ft^3/s,67.0,ft,157,ft^2,1.28,ft/s,,,Unspecified,Unspecified,Unspecified,Unspecified,Unspecified,Unknown,Unspecified,2026-07-01T16:35:28.854214+00:00,point_velocity,Unspecified
05472500,POINT (-92.2046222222222 41.3008444444444),d518bcd5-3b89-43d2-8438-020923ab9a3b,USGS-05472500,4e658005-753b-d712-e053-0100007fe7c0,618,2000-09-12T13:30:00+00:00,Imported Channel 1,42.2,ft^3/s,53.0,ft,35.3,ft^2,1.20,ft/s,,,Unspecified,Unspecified,Unspecified,Unspecified,Unspecified,Unknown,Wading,2026-07-01T16:35:28.854214+00:00,point_velocity,Unspecified
05472500,POINT (-92.2046222222222 41.3008444444444),d55fca61-ae03-489e-a8e9-fb128431326e,USGS-05472500,35e5bf12-5884-49e0-85a5-e4829830fb38,777,2020-11-24T19:58:43+00:00,Main,100,ft^3/s,85.0,ft,104,ft^2,0.96,ft/s,30.00,ft,Firm,Gravel,Uneven,Uneven,NonStandard,Pulsating,Wading,2026-07-01T16:35:28.854214+00:00,point_velocity,Downstream
05472500,POINT (-92.2046222222222 41.3008444444444),d5d59a13-3b35-4b64-afae-1e5ba4ad93b9,USGS-05472500,4e6593e9-8eae-dfd2-e053-0100007fc53a,317,1969-07-28T05:00:00+00:00,Imported Channel 1,1080,ft^3/s,93.0,ft,517,ft^2,2.09,ft/s,,,Unspecified,Unspecified,Unspecified,Unspecified,Unspecified,Unknown,Unspecified,2026-07-01T16:35:28.854214+00:00,point_velocity,Unspecified
05472500,POINT (-92.2046222222222 41.3008444444444),d61da464-9293-4cd5-a834-34d2d474bcfb,USGS-05472500,4e657fd8-1f9b-d720-e053-0100007f50ce,695,2010-01-19T15:20:00+00:00,Imported Channel 1,496,ft^3/s,99.0,ft,390,ft^2,1.27,ft/s,100.00,ft,Unspecified,Unspecified,Unspecified,Even,Unspecified,Unknown,Ice,2026-07-01T16:35:28.854214+00:00,point_velocity,Downstream
05472500,POINT (-92.2046222222222 41.3008444444444),d66a42ef-1a87-473c-8fad-7a4ac742f454,USGS-05472500,4e658a4e-d3de-dc0b-e053-0100007fb6fc,180,1959-08-28T06:00:00+00:00,Imported Channel 1,48.6,ft^3/s,58.0,ft,62.7,ft^2,0.78,ft/s,,,Unspecified,Unspecified,Unspecified,Unspecified,Unspecified,Unknown,Unspecified,2026-07-01T16:35:28.854214+00:00,point_velocity,Unspecified
05472500,POINT (-92.2046222222222 41.3008444444444),d6cc8fd6-8142-47a2-b0d2-d530ab0b6309,USGS-05472500,4e65a76d-72e8-ea97-e053-0100007fed37,726,2014-03-04T15:56:30+00:00,main,76.7,ft^3/s,75.0,ft,62.0,ft^2,1.24,ft/s,10.00,ft,Firm,Gravel,Uneven,Uneven,NonStandard,Unknown,Wading,2026-07-01T16:35:28.854214+00:00,point_velocity,Downstream
05472500,POINT (-92.2046222222222 41.3008444444444),d708ff41-4129-4102-83c4-f6462d7b1926,USGS-05472500,4e658b39-2da7-dc92-e053-0100007ffc64,173,1959-05-26T06:00:00+00:00,Imported Channel 1,2270,ft^3/s,104,ft,833,ft^2,2.73,ft/s,,,Unspecified,Unspecified,Unspecified,Unspecified,Unspecified,Unknown,Unspecified,2026-07-01T16:35:28.854214+00:00,point_velocity,Unspecified
05472500,POINT (-92.2046222222222 41.3008444444444),d730f8c2-228c-4ff0-8027-b6ca452b7606,USGS-05472500,4e65805a-7bf3-d716-e053-0100007f9a43,20,1946-11-14T06:00:00+00:00,Imported Channel 1,460,ft^3/s,85.0,ft,292,ft^2,1.58,ft/s,,,Unspecified,Unspecified,Unspecified,Unspecified,Unspecified,Unknown,Unspecified,2026-07-01T16:35:28.854214+00:00,point_velocity,Unspecified
05472500,POINT (-92.2046222222222 41.3008444444444),d800a85e-e235-49f2-9c60-44e4bab6d433,USGS-05472500,4e65920f-ab26-dfde-e053-0100007ffacf,376,1975-07-08T05:00:00+00:00,Imported Channel 1,239,ft^3/s,82.0,ft,157,ft^2,1.52,ft/s,,,Unspecified,Unspecified,Unspecified,Unspecified,Unspecified,Unknown,Unspecified,2026-07-01T16:35:28.854214+00:00,point_velocity,Unspecified
05472500,POINT (-92.2046222222222 41.3008444444444),d8c6c318-68f8-4075-9aa8-c2f4b4d73d42,USGS-05472500,4e6587a9-1de9-da5d-e053-0100007f6588,331,1970-10-20T05:00:00+00:00,Imported Channel 1,645,ft^3/s,92.0,ft,419,ft^2,1.54,ft/s,,,Unspecified,Unspecified,Unspecified,Unspecified,Unspecified,Unknown,Unspecified,2026-07-01T16:35:28.854214+00:00,point_velocity,Unspecified
05472500,POINT (-92.2046222222222 41.3008444444444),d8dbb78e-7b0f-4d72-8098-0ee8728bf7b4,USGS-05472500,4e6598a8-2291-e2f1-e053-0100007f986c,279,1966-07-18T06:00:00+00:00,Imported Channel 1,216,ft^3/s,80.0,ft,149,ft^2,1.45,ft/s,,,Unspecified,Unspecified,Unspecified,Unspecified,Unspecified,Unknown,Unspecified,2026-07-01T16:35:28.854214+00:00,point_velocity,Unspecified
05472500,POINT (-92.2046222222222 41.3008444444444),d900caa6-f7af-4576-a1ab-fb5ec380e3e5,USGS-05472500,4e65aae3-fd57-ec38-e053-0100007f6362,717,2012-11-19T16:16:00+00:00,channel2,0.43,ft^3/s,8.00,ft,1.52,ft^2,0.28,ft/s,,,Firm,Gravel,Even,Even,Standard,Unknown,Wading,2026-07-01T16:35:28.854214+00:00,point_velocity,AtTheGage
05472500,POINT (-92.2046222222222 41.3008444444444),d9079c6a-4d9d-4fe6-86aa-92aedc73a450,USGS-05472500,4e659178-5486-dfda-e053-0100007f3a93,260,1965-04-13T06:00:00+00:00,Imported Channel 1,742,ft^3/s,90.0,ft,432,ft^2,1.72,ft/s,,,Unspecified,Unspecified,Unspecified,Unspecified,Unspecified,Unknown,Unspecified,2026-07-01T16:35:28.854214+00:00,point_velocity,Unspecified
05472500,POINT (-92.2046222222222 41.3008444444444),d917a30b-2772-4ab6-95bf-cf307ceaf5d1,USGS-05472500,4e659298-7573-e07f-e053-0100007f539c,436,1981-07-27T05:00:00+00:00,Imported Channel 1,76.2,ft^3/s,63.0,ft,94.5,ft^2,0.81,ft/s,,,Unspecified,Unspecified,Unspecified,Unspecified,Unspecified,Unknown,Unspecified,2026-07-01T16:35:28.854214+00:00,point_velocity,Unspecified
05472500,POINT (-92.2046222222222 41.3008444444444),d96629b9-5ffa-4980-a057-da3e171ffe2d,USGS-05472500,4e659755-86c8-e25d-e053-0100007ff233,418,1979-09-13T05:00:00+00:00,Imported Channel 1,83.8,ft^3/s,67.0,ft,89.1,ft^2,0.94,ft/s,,,Unspecified,Unspecified,Unspecified,Unspecified,Unspecified,Unknown,Unspecified,2026-07-01T16:35:28.854214+00:00,point_velocity,Unspecified
05472500,POINT (-92.2046222222222 41.3008444444444),d9f688af-382c-4fea-b6e8-a9297272bf8d,USGS-05472500,4e659270-ea72-e07d-e053-0100007f55e0,357,1973-07-30T05:00:00+00:00,Imported Channel 1,422,ft^3/s,88.0,ft,321,ft^2,1.31,ft/s,,,Unspecified,Unspecified,Unspecified,Unspecified,Unspecified,Unknown,Unspecified,2026-07-01T16:35:28.854214+00:00,point_velocity,Unspecified
05472500,POINT (-92.2046222222222 41.3008444444444),da6ed019-edc5-401e-a867-d206861676e5,USGS-05472500,4e6591ef-b9ec-dfc8-e053-0100007f8f8e,310,1968-12-16T06:00:00+00:00,Imported Channel 1,8.75,ft^3/s,33.0,ft,31.5,ft^2,0.28,ft/s,,,Unspecified,Unspecified,Unspecified,Unspecified,Unspecified,Unknown,Unspecified,2026-07-01T16:35:28.854214+00:00,point_velocity,Unspecified
05472500,POINT (-92.2046222222222 41.3008444444444),da8a916a-a07d-401e-9906-c8db1442d891,USGS-05472500,4e65720b-e8a1-d01e-e053-0100007f25e6,532,1991-06-25T20:50:00+00:00,Imported Channel 1,373,ft^3/s,99.0,ft,184,ft^2,2.03,ft/s,,,Unspecified,Unspecified,Unspecified,Unspecified,Unspecified,Unknown,BridgeCrane,2026-07-01T16:35:28.854214+00:00,point_velocity,Unspecified
05472500,POINT (-92.2046222222222 41.3008444444444),daada50b-a682-4ee7-8f94-963612a98dec,USGS-05472500,4e656a94-782d-cc85-e053-0100007f1148,562,1994-08-02T14:45:00+00:00,Imported Channel 1,69.0,ft^3/s,55.0,ft,56.0,ft^2,1.23,ft/s,,,Unspecified,Unspecified,Unspecified,Unspecified,Unspecified,Unknown,Wading,2026-07-01T16:35:28.854214+00:00,point_velocity,Unspecified
05472500,POINT (-92.2046222222222 41.3008444444444),db6a5a83-0523-4017-81c0-cc839730c90b,USGS-05472500,4e65ab2e-7d28-ec36-e053-0100007fb4c5,746,2016-08-12T15:59:59+00:00,MAIN,450,ft^3/s,119,ft,372,ft^2,1.21,ft/s,30.00,ft,Firm,Sand,Even,Even,NonStandard,Unknown,BridgeDownstreamSide,2026-07-01T16:35:28.854214+00:00,adcp,Upstream
05472500,POINT (-92.2046222222222 41.3008444444444),dba97c7a-b654-4c75-80eb-8bafb4599562,USGS-05472500,4e658070-e59e-d726-e053-0100007f8798,284,1966-12-19T06:00:00+00:00,Imported Channel 1,24.2,ft^3/s,42.0,ft,40.0,ft^2,0.61,ft/s,,,Unspecified,Unspecified,Unspecified,Unspecified,Unspecified,Unknown,Unspecified,2026-07-01T16:35:28.854214+00:00,point_velocity,Unspecified
05472500,POINT (-92.2046222222222 41.3008444444444),dbdc6801-2e4a-4ee2-819b-4a481728a1a3,USGS-05472500,4e658a60-1575-dc13-e053-0100007fb60f,181,1959-09-28T06:00:00+00:00,Imported Channel 1,933,ft^3/s,87.0,ft,505,ft^2,1.85,ft/s,,,Unspecified,Unspecified,Unspecified,Unspecified,Unspecified,Unknown,Unspecified,2026-07-01T16:35:28.854214+00:00,point_velocity,Unspecified
05472500,POINT (-92.2046222222222 41.3008444444444),dc0de7b4-7fc9-4590-8e26-35d75a901db8,USGS-05472500,4e657c7c-d8fe-d5ae-e053-0100007fc8fa,627,2001-10-29T13:53:00+00:00,Imported Channel 1,89.3,ft^3/s,38.0,ft,66.4,ft^2,1.35,ft/s,,,Unspecified,Unspecified,Unspecified,Unspecified,Unspecified,Unknown,Wading,2026-07-01T16:35:28.854214+00:00,point_velocity,Unspecified
05472500,POINT (-92.2046222222222 41.3008444444444),dc6d770a-35ed-41bc-98ea-4070ed4bb995,USGS-05472500,75472f0b-0ff1-5516-e053-0100007f949e,760,2018-09-06T20:25:03+00:00,N Skunk near Sigourney,13000,ft^3/s,363,ft,3980,ft^2,3.27,ft/s,0.00,ft,Firm,Gravel,Uneven,Even,Standard,Steady,BridgeDownstreamSide,2026-07-01T16:35:28.854214+00:00,adcp,AtTheGage
05472500,POINT (-92.2046222222222 41.3008444444444),dc94f1d9-1266-41e6-8552-edbebb1b23c1,USGS-05472500,4e65a068-b48f-e724-e053-0100007fae1d,722,2013-07-29T16:27:00+00:00,Main,119,ft^3/s,75.0,ft,89.3,ft^2,1.33,ft/s,,,Firm,Gravel,Even,Even,Standard,Unknown,Wading,2026-07-01T16:35:28.854214+00:00,point_velocity,AtTheGage
05472500,POINT (-92.2046222222222 41.3008444444444),dca52a6c-c56a-4238-83dc-89484ef49488,USGS-05472500,4e657c59-c0b9-d532-e053-0100007f3c21,62,1950-03-24T06:00:00+00:00,Imported Channel 1,1280,ft^3/s,109,ft,643,ft^2,1.99,ft/s,,,Unspecified,Unspecified,Unspecified,Unspecified,Unspecified,Unknown,Unspecified,2026-07-01T16:35:28.854214+00:00,point_velocity,Unspecified
05472500,POINT (-92.2046222222222 41.3008444444444),dd2dd287-6488-454d-ab81-0972ff1195ee,USGS-05472500,86a51c50-b7aa-68ff-e053-0100007f0597,764,2019-04-15T19:03:23+00:00,main,423,ft^3/s,101,ft,264,ft^2,1.60,ft/s,50.00,ft,Firm,Gravel,Even,Uneven,NonStandard,Pulsating,BridgeDownstreamSide,2026-07-01T16:35:28.854214+00:00,adcp,Upstream
05472500,POINT (-92.2046222222222 41.3008444444444),de5ff368-fe96-45d9-a099-ca1dc31d9ba1,USGS-05472500,4e658f2e-64de-de85-e053-0100007f1d29,245,1964-04-22T06:00:00+00:00,Imported Channel 1,499,ft^3/s,82.0,ft,330,ft^2,1.51,ft/s,,,Unspecified,Unspecified,Unspecified,Unspecified,Unspecified,Unknown,Unspecified,2026-07-01T16:35:28.854214+00:00,point_velocity,Unspecified
05472500,POINT (-92.2046222222222 41.3008444444444),de95889c-3f08-44d3-b3a5-72ed18fcc007,USGS-05472500,4e6578dc-4f6d-d384-e053-0100007f0d52,502,1989-06-05T14:45:00+00:00,Imported Channel 1,103,ft^3/s,29.0,ft,36.4,ft^2,2.83,ft/s,,,Unspecified,Unspecified,Unspecified,Unspecified,Unspecified,Unknown,Wading,2026-07-01T16:35:28.854214+00:00,point_velocity,Unspecified
05472500,POINT (-92.2046222222222 41.3008444444444),df43ad5d-fd27-4335-860a-6d894c9d4a71,USGS-05472500,4e65790c-b2ac-d358-e053-0100007f67a3,48,1948-09-07T06:00:00+00:00,Imported Channel 1,29.2,ft^3/s,61.0,ft,63.2,ft^2,0.46,ft/s,,,Unspecified,Unspecified,Unspecified,Unspecified,Unspecified,Unknown,Unspecified,2026-07-01T16:35:28.854214+00:00,point_velocity,Unspecified
05472500,POINT (-92.2046222222222 41.3008444444444),df73fc47-6a23-47ea-a2f4-c4ea0b9c15d7,USGS-05472500,4e65917f-c111-dfe0-e053-0100007f575c,445,1983-01-24T06:00:00+00:00,Imported Channel 1,392,ft^3/s,72.0,ft,246,ft^2,1.59,ft/s,,,Unspecified,Unspecified,Unspecified,Unspecified,Unspecified,Unknown,Unspecified,2026-07-01T16:35:28.854214+00:00,point_velocity,Unspecified
05472500,POINT (-92.2046222222222 41.3008444444444),df9e0aae-0909-48fd-93e1-4457a279fa80,USGS-05472500,4e65af4e-307b-ee12-e053-0100007f5ee1,748,2016-11-14T22:21:00+00:00,MAIN,178,ft^3/s,93.0,ft,146,ft^2,1.22,ft/s,,,Firm,Gravel,Even,Uneven,Standard,Unknown,Wading,2026-07-01T16:35:28.854214+00:00,point_velocity,AtTheGage
05472500,POINT (-92.2046222222222 41.3008444444444),e0598159-a179-42a8-85fa-7dfb160f5a10,USGS-05472500,4e65839c-69ba-d8ab-e053-0100007f5a3a,328,1970-06-24T05:00:00+00:00,Imported Channel 1,239,ft^3/s,82.0,ft,160,ft^2,1.49,ft/s,,,Unspecified,Unspecified,Unspecified,Unspecified,Unspecified,Unknown,Unspecified,2026-07-01T16:35:28.854214+00:00,point_velocity,Unspecified
05472500,POINT (-92.2046222222222 41.3008444444444),e0b97764-73b6-4880-859b-3f8f7b156406,USGS-05472500,4e656a26-ee72-cc4d-e053-0100007f4bc9,241,1963-12-16T06:00:00+00:00,Imported Channel 1,12.6,ft^3/s,65.0,ft,30.3,ft^2,0.42,ft/s,,,Unspecified,Unspecified,Unspecified,Unspecified,Unspecified,Unknown,Unspecified,2026-07-01T16:35:28.854214+00:00,point_velocity,Unspecified
05472500,POINT (-92.2046222222222 41.3008444444444),e0d83e94-c49d-4f23-bad6-16dbb5c4fdfe,USGS-05472500,4e656713-be2c-c7e8-e053-0100007f8f1c,516,1990-06-20T17:30:00+00:00,Imported Channel 1,17900,ft^3/s,3560,ft,5090,ft^2,3.52,ft/s,,,Unspecified,Unspecified,Unspecified,Unspecified,Unspecified,Unknown,BridgeCrane,2026-07-01T16:35:28.854214+00:00,point_velocity,Unspecified
05472500,POINT (-92.2046222222222 41.3008444444444),e15621a4-8a28-49d2-860f-e50e4702fa02,USGS-05472500,4e657ceb-f25a-d5b6-e053-0100007fd3f5,69,1950-09-23T06:00:00+00:00,Imported Channel 1,9.84,ft^3/s,25.5,ft,8.75,ft^2,1.12,ft/s,,,Unspecified,Unspecified,Unspecified,Unspecified,Unspecified,Unknown,Unspecified,2026-07-01T16:35:28.854214+00:00,point_velocity,Unspecified
05472500,POINT (-92.2046222222222 41.3008444444444),e238a12f-fb76-46aa-a1ed-3331e6e6a8b5,USGS-05472500,4e65995b-dfa5-e397-e053-0100007f67e7,341,1971-12-06T06:00:00+00:00,Imported Channel 1,47.8,ft^3/s,80.0,ft,68.7,ft^2,0.70,ft/s,,,Unspecified,Unspecified,Unspecified,Unspecified,Unspecified,Unknown,Unspecified,2026-07-01T16:35:28.854214+00:00,point_velocity,Unspecified
05472500,POINT (-92.2046222222222 41.3008444444444),e33e5b55-ffc5-497a-abf2-aca90e271997,USGS-05472500,4e6567b8-c6f1-cae9-e053-0100007fd21e,550,1993-03-15T19:04:00+00:00,Imported Channel 1,517,ft^3/s,110,ft,221,ft^2,2.34,ft/s,,,Unspecified,Unspecified,Unspecified,Unspecified,Unspecified,Unknown,BridgeCrane,2026-07-01T16:35:28.854214+00:00,point_velocity,Unspecified
05472500,POINT (-92.2046222222222 41.3008444444444),e36e114b-6704-4d74-bfe0-54a2f1321752,USGS-05472500,4e65a346-2949-e848-e053-0100007f9b64,736,2015-07-14T15:05:15+00:00,Main,856,ft^3/s,115,ft,544,ft^2,1.57,ft/s,30.00,ft,Firm,Gravel,Even,Uneven,NonStandard,Unknown,BridgeDownstreamSide,2026-07-01T16:35:28.854214+00:00,adcp,Downstream
05472500,POINT (-92.2046222222222 41.3008444444444),e3797e38-f65e-4a77-b472-97c460cf756a,USGS-05472500,4e65a3a6-024a-e896-e053-0100007fcffa,721,2013-05-28T19:31:00+00:00,Main,17000,ft^3/s,332,ft,4230,ft^2,4.04,ft/s,5.00,ft,Soft,Sand,Even,Even,Standard,Unknown,BridgeDownstreamSide,2026-07-01T16:35:28.854214+00:00,adcp,Downstream
05472500,POINT (-92.2046222222222 41.3008444444444),e398d4d3-14e4-4733-b923-eb246ce29824,USGS-05472500,4e659346-d045-e0b5-e053-0100007f9359,391,1977-03-03T06:00:00+00:00,Imported Channel 1,52.4,ft^3/s,41.0,ft,32.4,ft^2,1.62,ft/s,,,Unspecified,Unspecified,Unspecified,Unspecified,Unspecified,Unknown,Unspecified,2026-07-01T16:35:28.854214+00:00,point_velocity,Unspecified
05472500,POINT (-92.2046222222222 41.3008444444444),e4022983-ce5a-4f44-8009-b1addd3f45db,USGS-05472500,4e65871e-65b0-da41-e053-0100007f0654,696,2010-03-16T16:27:00+00:00,Imported Channel 1,4560,ft^3/s,148,ft,1680,ft^2,2.72,ft/s,20.00,ft,Soft,Sand,Uneven,Uneven,Unspecified,Unknown,BridgeDownstreamSide,2026-07-01T16:35:28.854214+00:00,adcp,Downstream
05472500,POINT (-92.2046222222222 41.3008444444444),e42361de-d8f7-4584-aa5f-0a2ba890cdbb,USGS-05472500,4e6586a3-accf-da37-e053-0100007f6ed1,371,1975-02-07T06:00:00+00:00,Imported Channel 1,182,ft^3/s,76.0,ft,106,ft^2,1.72,ft/s,,,Unspecified,Unspecified,Unspecified,Unspecified,Unspecified,Unknown,Unspecified,2026-07-01T16:35:28.854214+00:00,point_velocity,Unspecified
05472500,POINT (-92.2046222222222 41.3008444444444),e46045e2-65f0-428d-bf83-6da9abf0f422,USGS-05472500,4e658777-8449-da9b-e053-0100007f961b,189,1960-04-04T06:00:00+00:00,Imported Channel 1,27500,ft^3/s,5520,ft,8000,ft^2,3.44,ft/s,,,Unspecified,Unspecified,Unspecified,Unspecified,Unspecified,Unknown,Unspecified,2026-07-01T16:35:28.854214+00:00,point_velocity,Unspecified
05472500,POINT (-92.2046222222222 41.3008444444444),e4a679fd-acdb-4c91-b41e-2679c0eba55a,USGS-05472500,4e658005-757a-d712-e053-0100007fe7c0,255,1965-01-18T06:00:00+00:00,Imported Channel 1,18.2,ft^3/s,48.0,ft,24.4,ft^2,0.75,ft/s,,,Unspecified,Unspecified,Unspecified,Unspecified,Unspecified,Unknown,Unspecified,2026-07-01T16:35:28.854214+00:00,point_velocity,Unspecified
05472500,POINT (-92.2046222222222 41.3008444444444),e59fbd96-fda0-4481-aa91-f43a9f9093eb,USGS-05472500,4e65876c-bc81-da9f-e053-0100007f1dbd,669,2006-08-29T19:06:00+00:00,Imported Channel 1,1230,ft^3/s,116,ft,647,ft^2,1.91,ft/s,,ft,Unspecified,Unspecified,Unspecified,Unspecified,Unspecified,Unknown,Unspecified,2026-07-01T16:35:28.854214+00:00,adcp,Unspecified
05472500,POINT (-92.2046222222222 41.3008444444444),e5b780da-a2b1-4515-966c-435993b1b41c,USGS-05472500,4e65995b-dfa9-e397-e053-0100007f67e7,349,1972-09-18T05:00:00+00:00,Imported Channel 1,634,ft^3/s,93.0,ft,417,ft^2,1.52,ft/s,,,Unspecified,Unspecified,Unspecified,Unspecified,Unspecified,Unknown,Unspecified,2026-07-01T16:35:28.854214+00:00,point_velocity,Unspecified
05472500,POINT (-92.2046222222222 41.3008444444444),e634c3b5-a140-4853-9231-c093ef3615e0,USGS-05472500,4e65a826-e922-eabd-e053-0100007f1048,420,1979-11-08T06:00:00+00:00,Imported Channel 1,129,ft^3/s,69.0,ft,116,ft^2,1.11,ft/s,,,Unspecified,Unspecified,Unspecified,Unspecified,Unspecified,Unknown,Unspecified,2026-07-01T16:35:28.854214+00:00,point_velocity,Unspecified
05472500,POINT (-92.2046222222222 41.3008444444444),e65c8975-fb07-4564-b0ec-b084b6798e31,USGS-05472500,4e659d02-d312-e59f-e053-0100007f4be2,290,1967-06-09T05:00:00+00:00,Imported Channel 1,337,ft^3/s,74.0,ft,185,ft^2,1.82,ft/s,,,Unspecified,Unspecified,Unspecified,Unspecified,Unspecified,Unknown,Unspecified,2026-07-01T16:35:28.854214+00:00,point_velocity,Unspecified
05472500,POINT (-92.2046222222222 41.3008444444444),e665d114-029b-4036-ab37-1293fadd2dcf,USGS-05472500,4e657fd8-1f95-d720-e053-0100007f50ce,680,2008-01-09T16:37:00+00:00,Imported Channel 1,2260,ft^3/s,127,ft,1080,ft^2,2.10,ft/s,,ft,Unspecified,Unspecified,Unspecified,Unspecified,Unspecified,Unknown,Unspecified,2026-07-01T16:35:28.854214+00:00,adcp,Unspecified
05472500,POINT (-92.2046222222222 41.3008444444444),e66cc98c-1c7a-47ac-9356-dc8252fab86c,USGS-05472500,4e658789-4927-daa3-e053-0100007f15b5,315,1969-06-16T05:00:00+00:00,Imported Channel 1,2900,ft^3/s,105,ft,1110,ft^2,2.61,ft/s,,,Unspecified,Unspecified,Unspecified,Unspecified,Unspecified,Unknown,Unspecified,2026-07-01T16:35:28.854214+00:00,point_velocity,Unspecified
05472500,POINT (-92.2046222222222 41.3008444444444),e6f17133-0407-4578-9fc1-91e6abf68179,USGS-05472500,3b540a0e-b00c-4beb-aa63-21eb304dd4b0,772,2020-05-12T15:50:00+00:00,Main,293,ft^3/s,88.7,ft,300,ft^2,0.98,ft/s,800.00,ft,Firm,SiltMud,Even,Even,NonStandard,Steady,MannedMovingBoat,2026-07-01T16:35:28.854214+00:00,adcp,Upstream
05472500,POINT (-92.2046222222222 41.3008444444444),e82fb17d-42e8-42f5-8569-a8f8d2ce7024,USGS-05472500,4e656c61-e8af-cb56-e053-0100007fa58c,641,2003-06-18T15:56:00+00:00,Imported Channel 1,337,ft^3/s,105,ft,160,ft^2,2.11,ft/s,,,Unspecified,Unspecified,Unspecified,Unspecified,Unspecified,Unknown,Wading,2026-07-01T16:35:28.854214+00:00,point_velocity,Unspecified
05472500,POINT (-92.2046222222222 41.3008444444444),e87824b6-f952-4d7e-8d99-c76923477b89,USGS-05472500,4e657fd8-1f86-d720-e053-0100007f50ce,567,1995-04-26T18:40:00+00:00,Imported Channel 1,1380,ft^3/s,125,ft,697,ft^2,1.99,ft/s,,,Unspecified,Unspecified,Unspecified,Unspecified,Unspecified,Unknown,BridgeCrane,2026-07-01T16:35:28.854214+00:00,point_velocity,Unspecified
05472500,POINT (-92.2046222222222 41.3008444444444),e90a33a3-7f26-443d-98de-bddadeb46570,USGS-05472500,4e659298-752b-e07f-e053-0100007f539c,120,1955-01-20T06:00:00+00:00,Imported Channel 1,60.6,ft^3/s,66.0,ft,53.0,ft^2,1.14,ft/s,,,Unspecified,Unspecified,Unspecified,Unspecified,Unspecified,Unknown,Unspecified,2026-07-01T16:35:28.854214+00:00,point_velocity,Unspecified
05472500,POINT (-92.2046222222222 41.3008444444444),e91bea04-85cd-46e8-bafd-7e483cdb4e4d,USGS-05472500,4e65805a-7bfb-d716-e053-0100007f9a43,86,1952-01-07T06:00:00+00:00,Imported Channel 1,123,ft^3/s,76.0,ft,73.2,ft^2,1.68,ft/s,,,Unspecified,Unspecified,Unspecified,Unspecified,Unspecified,Unknown,Unspecified,2026-07-01T16:35:28.854214+00:00,point_velocity,Unspecified
05472500,POINT (-92.2046222222222 41.3008444444444),e91ea3e7-0857-4cee-90c9-b7231c6f3002,USGS-05472500,2d91f658-2cf2-4e21-96a0-27334d99bad8,774,2020-08-17T17:13:46+00:00,Main,64.5,ft^3/s,79.0,ft,170,ft^2,0.38,ft/s,1000.00,ft,Soft,SiltMud,Even,Even,Unknown,Steady,Wading,2026-07-01T16:35:28.854214+00:00,point_velocity,Upstream
05472500,POINT (-92.2046222222222 41.3008444444444),e92d20d3-961e-417d-8d6b-fb4c5aa61277,USGS-05472500,75472f0b-0ff1-5516-e053-0100007f949e,760,2018-09-06T20:25:03+00:00,RB Culvert,18.9,ft^3/s,15.0,ft,45.0,ft^2,0.42,ft/s,,,Firm,BedrockLedgeArtificial,Even,Even,Standard,Steady,Wading,2026-07-01T16:35:28.854214+00:00,point_velocity,Unspecified
05472500,POINT (-92.2046222222222 41.3008444444444),ea8a328e-bee7-4e46-9bff-d3e1f8be1125,USGS-05472500,4e657582-115f-d1ab-e053-0100007f4fbd,558,1993-11-29T15:45:00+00:00,Imported Channel 1,213,ft^3/s,71.0,ft,90.1,ft^2,2.36,ft/s,,,Unspecified,Unspecified,Unspecified,Unspecified,Unspecified,Unknown,Wading,2026-07-01T16:35:28.854214+00:00,point_velocity,Unspecified
05472500,POINT (-92.2046222222222 41.3008444444444),ea8deaa2-a379-42ba-8d1c-c23230bcdf24,USGS-05472500,4e657c30-cc1e-d55a-e053-0100007f0a77,35,1947-09-18T06:00:00+00:00,Imported Channel 1,24.4,ft^3/s,18.0,ft,26.9,ft^2,0.91,ft/s,,,Unspecified,Unspecified,Unspecified,Unspecified,Unspecified,Unknown,Unspecified,2026-07-01T16:35:28.854214+00:00,point_velocity,Unspecified
05472500,POINT (-92.2046222222222 41.3008444444444),eaafbdb5-a92b-4e6c-abac-8f83e8ee0513,USGS-05472500,3549c8e9-4eda-4d3e-9b0c-405a1828dd16,781,2021-06-28T14:25:08+00:00,Main,567,ft^3/s,111,ft,346,ft^2,1.64,ft/s,75.00,ft,Firm,SiltMud,Even,Even,NonStandard,Steady,BridgeDownstreamSide,2026-07-01T16:35:28.854214+00:00,adcp,Upstream
05472500,POINT (-92.2046222222222 41.3008444444444),ebbbc55c-e973-4113-92f7-4f6755897644,USGS-05472500,4e655bec-285c-c4d9-e053-0100007f7ca7,506,1989-11-06T14:45:00+00:00,Imported Channel 1,60.0,ft^3/s,26.0,ft,33.1,ft^2,1.81,ft/s,,,Unspecified,Unspecified,Unspecified,Unspecified,Unspecified,Unknown,Wading,2026-07-01T16:35:28.854214+00:00,point_velocity,Unspecified
05472500,POINT (-92.2046222222222 41.3008444444444),ebf999dc-71d4-4aaf-9619-c32a843c556d,USGS-05472500,4e6587b1-9acd-da55-e053-0100007fe6db,93,1952-10-10T06:00:00+00:00,Imported Channel 1,11.1,ft^3/s,54.0,ft,81.6,ft^2,0.14,ft/s,,,Unspecified,Unspecified,Unspecified,Unspecified,Unspecified,Unknown,Unspecified,2026-07-01T16:35:28.854214+00:00,point_velocity,Unspecified
05472500,POINT (-92.2046222222222 41.3008444444444),eca4d434-8068-4ee3-8668-3e0d53d38aa0,USGS-05472500,4e65803c-e99f-d718-e053-0100007f9460,66,1950-06-17T06:00:00+00:00,Imported Channel 1,330,ft^3/s,82.0,ft,252,ft^2,1.31,ft/s,,,Unspecified,Unspecified,Unspecified,Unspecified,Unspecified,Unknown,Unspecified,2026-07-01T16:35:28.854214+00:00,point_velocity,Unspecified
05472500,POINT (-92.2046222222222 41.3008444444444),ecc96f0e-c279-4a9a-a772-9666f99ab322,USGS-05472500,4e656ea0-419d-cdff-e053-0100007f5fa3,676,2007-06-25T15:28:00+00:00,Imported Channel 1,718,ft^3/s,101,ft,407,ft^2,1.76,ft/s,,ft,Unspecified,Unspecified,Unspecified,Unspecified,Unspecified,Unknown,Unspecified,2026-07-01T16:35:28.854214+00:00,adcp,Unspecified
05472500,POINT (-92.2046222222222 41.3008444444444),ecf286fe-1806-41b2-9de7-12610c089bf4,USGS-05472500,4e658777-8413-da9b-e053-0100007f961b,634,2002-08-28T18:55:00+00:00,Imported Channel 1,181,ft^3/s,187,ft,159,ft^2,1.14,ft/s,,,Unspecified,Unspecified,Unspecified,Unspecified,Unspecified,Unknown,Wading,2026-07-01T16:35:28.854214+00:00,point_velocity,Unspecified
05472500,POINT (-92.2046222222222 41.3008444444444),ecf828fb-f816-4264-ab72-11e62572ea5a,USGS-05472500,d3e0b428-81d0-42a0-bd37-0cec77888f90,804,2025-02-05T21:03:47+00:00,MAIN,181,ft^3/s,86.9,ft,152,ft^2,1.19,ft/s,10.00,ft,Firm,Sand,Even,Unspecified,Unknown,Pulsating,BridgeDownstreamSide,2026-07-01T16:35:28.854214+00:00,adcp,Downstream
05472500,POINT (-92.2046222222222 41.3008444444444),ed2c2d21-80da-460e-9870-9e259be5c651,USGS-05472500,4e658ee0-589e-de83-e053-0100007f5c78,343,1972-03-01T06:00:00+00:00,Imported Channel 1,1690,ft^3/s,90.0,ft,697,ft^2,2.42,ft/s,,,Unspecified,Unspecified,Unspecified,Unspecified,Unspecified,Unknown,Unspecified,2026-07-01T16:35:28.854214+00:00,point_velocity,Unspecified
05472500,POINT (-92.2046222222222 41.3008444444444),ed4abf2a-a7d0-4564-bde4-717f121c40af,USGS-05472500,4e6591b0-7a7b-dffc-e053-0100007f45ba,107,1953-12-10T06:00:00+00:00,Imported Channel 1,17.6,ft^3/s,35.0,ft,33.4,ft^2,0.53,ft/s,,,Unspecified,Unspecified,Unspecified,Unspecified,Unspecified,Unknown,Unspecified,2026-07-01T16:35:28.854214+00:00,point_velocity,Unspecified
05472500,POINT (-92.2046222222222 41.3008444444444),ed9d997a-54ad-4442-99bd-fd44f2f65d62,USGS-05472500,4e658789-48f5-daa3-e053-0100007f15b5,176,1959-05-25T06:00:00+00:00,Imported Channel 1,1440,ft^3/s,92.0,ft,628,ft^2,2.29,ft/s,,,Unspecified,Unspecified,Unspecified,Unspecified,Unspecified,Unknown,Unspecified,2026-07-01T16:35:28.854214+00:00,point_velocity,Unspecified
05472500,POINT (-92.2046222222222 41.3008444444444),eda7062a-2241-454f-8fd1-6056a058cd05,USGS-05472500,4e656a94-782c-cc85-e053-0100007f1148,551,1993-04-02T15:00:00+00:00,Imported Channel 1,6940,ft^3/s,325,ft,2550,ft^2,2.72,ft/s,,,Unspecified,Unspecified,Unspecified,Unspecified,Unspecified,Unknown,BridgeCrane,2026-07-01T16:35:28.854214+00:00,point_velocity,Unspecified
05472500,POINT (-92.2046222222222 41.3008444444444),edc4b851-c4e9-41bd-b0ed-80816a5a723d,USGS-05472500,4e6578fe-2dab-d388-e053-0100007f2584,598,1998-08-17T14:54:00+00:00,Imported Channel 1,168,ft^3/s,50.0,ft,99.4,ft^2,1.69,ft/s,,,Unspecified,Unspecified,Unspecified,Unspecified,Unspecified,Unknown,Wading,2026-07-01T16:35:28.854214+00:00,point_velocity,Unspecified
05472500,POINT (-92.2046222222222 41.3008444444444),edc63c5a-73fb-4bfc-be01-e0bb5f99fe6a,USGS-05472500,4e656a20-1fa0-cc49-e053-0100007fd7f0,524,1991-03-20T18:05:00+00:00,Imported Channel 1,2890,ft^3/s,170,ft,1310,ft^2,2.21,ft/s,,,Unspecified,Unspecified,Unspecified,Unspecified,Unspecified,Unknown,BridgeCrane,2026-07-01T16:35:28.854214+00:00,point_velocity,Unspecified
05472500,POINT (-92.2046222222222 41.3008444444444),ee9e8a27-4e4a-4550-87c6-667a10b7d250,USGS-05472500,4e658775-d9e8-da57-e053-0100007f3ef6,269,1965-11-15T06:00:00+00:00,Imported Channel 1,373,ft^3/s,87.0,ft,298,ft^2,1.25,ft/s,,,Unspecified,Unspecified,Unspecified,Unspecified,Unspecified,Unknown,Unspecified,2026-07-01T16:35:28.854214+00:00,point_velocity,Unspecified
05472500,POINT (-92.2046222222222 41.3008444444444),ef101f18-166d-4f5f-b518-54008c0c1f34,USGS-05472500,4e6578bd-0f8e-d386-e053-0100007f52f8,459,1984-10-15T05:00:00+00:00,Imported Channel 1,77.2,ft^3/s,69.0,ft,93.7,ft^2,0.82,ft/s,,,Unspecified,Unspecified,Unspecified,Unspecified,Unspecified,Unknown,Wading,2026-07-01T16:35:28.854214+00:00,point_velocity,Unspecified
05472500,POINT (-92.2046222222222 41.3008444444444),ef54558f-9609-49c5-bfcf-4163c9e7e551,USGS-05472500,4e658005-7561-d712-e053-0100007fe7c0,155,1957-10-14T06:00:00+00:00,Imported Channel 1,8.30,ft^3/s,32.0,ft,14.7,ft^2,0.56,ft/s,,,Unspecified,Unspecified,Unspecified,Unspecified,Unspecified,Unknown,Unspecified,2026-07-01T16:35:28.854214+00:00,point_velocity,Unspecified
05472500,POINT (-92.2046222222222 41.3008444444444),efac5e6c-ab30-40c8-8f08-f1058725573e,USGS-05472500,4e65a323-7e42-e840-e053-0100007f415e,422,1980-01-10T06:00:00+00:00,Imported Channel 1,48.7,ft^3/s,69.0,ft,61.1,ft^2,0.80,ft/s,,,Unspecified,Unspecified,Unspecified,Unspecified,Unspecified,Unknown,Unspecified,2026-07-01T16:35:28.854214+00:00,point_velocity,Unspecified
05472500,POINT (-92.2046222222222 41.3008444444444),efef800e-22c9-4ee2-a727-54ae05f07085,USGS-05472500,4e659c5c-d90b-e547-e053-0100007f6a26,368,1974-09-16T05:00:00+00:00,Imported Channel 1,126,ft^3/s,75.0,ft,74.6,ft^2,1.69,ft/s,,,Unspecified,Unspecified,Unspecified,Unspecified,Unspecified,Unknown,Unspecified,2026-07-01T16:35:28.854214+00:00,point_velocity,Unspecified
05472500,POINT (-92.2046222222222 41.3008444444444),effccc9d-46e3-4d6c-841a-5da179fc630d,USGS-05472500,4e6571cc-980b-d004-e053-0100007fdd11,655,2005-02-09T16:46:00+00:00,Imported Channel 1,640,ft^3/s,114,ft,453,ft^2,1.41,ft/s,,ft,Unspecified,Unspecified,Unspecified,Unspecified,Unspecified,Unknown,Unspecified,2026-07-01T16:35:28.854214+00:00,adcp,Unspecified
05472500,POINT (-92.2046222222222 41.3008444444444),f06dfa70-c809-488b-9c80-deeaf8abb340,USGS-05472500,4e6579d3-3aa7-d35a-e053-0100007f9217,91,1952-08-04T06:00:00+00:00,Imported Channel 1,68.5,ft^3/s,50.0,ft,77.0,ft^2,0.89,ft/s,,,Unspecified,Unspecified,Unspecified,Unspecified,Unspecified,Unknown,Unspecified,2026-07-01T16:35:28.854214+00:00,point_velocity,Unspecified
05472500,POINT (-92.2046222222222 41.3008444444444),f08f661e-e24c-4efb-b494-580bb7cdc0dd,USGS-05472500,4e659609-3726-e1bd-e053-0100007f1204,344,1972-04-10T06:00:00+00:00,Imported Channel 1,135,ft^3/s,80.0,ft,104,ft^2,1.30,ft/s,,,Unspecified,Unspecified,Unspecified,Unspecified,Unspecified,Unknown,Unspecified,2026-07-01T16:35:28.854214+00:00,point_velocity,Unspecified
05472500,POINT (-92.2046222222222 41.3008444444444),f0b15881-7ac1-4cd4-ac73-5dd994bc35e9,USGS-05472500,4e658789-48fd-daa3-e053-0100007f15b5,214,1962-01-23T06:00:00+00:00,Imported Channel 1,222,ft^3/s,68.0,ft,163,ft^2,1.36,ft/s,,,Unspecified,Unspecified,Unspecified,Unspecified,Unspecified,Unknown,Unspecified,2026-07-01T16:35:28.854214+00:00,point_velocity,Unspecified
05472500,POINT (-92.2046222222222 41.3008444444444),f10d1069-8d27-4a24-a8d8-a4323c7bb946,USGS-05472500,4e65a068-b480-e724-e053-0100007fae1d,446,1983-03-07T06:00:00+00:00,Imported Channel 1,1120,ft^3/s,91.0,ft,529,ft^2,2.12,ft/s,,,Unspecified,Unspecified,Unspecified,Unspecified,Unspecified,Unknown,Unspecified,2026-07-01T16:35:28.854214+00:00,point_velocity,Unspecified
05472500,POINT (-92.2046222222222 41.3008444444444),f11d5355-f986-4371-8c04-81a7ec61e60c,USGS-05472500,4e659270-ea73-e07d-e053-0100007f55e0,361,1974-01-07T05:00:00+00:00,Imported Channel 1,291,ft^3/s,85.0,ft,212,ft^2,1.37,ft/s,,,Unspecified,Unspecified,Unspecified,Unspecified,Unspecified,Unknown,Unspecified,2026-07-01T16:35:28.854214+00:00,point_velocity,Unspecified
05472500,POINT (-92.2046222222222 41.3008444444444),f1608917-61c5-4742-928b-7192fde674a2,USGS-05472500,4e6578e6-c3d5-d354-e053-0100007f3fdc,621,2001-02-06T15:03:00+00:00,Imported Channel 1,112,ft^3/s,98.0,ft,132,ft^2,0.85,ft/s,,,Unspecified,Unspecified,Unspecified,Unspecified,Unspecified,Unknown,Ice,2026-07-01T16:35:28.854214+00:00,point_velocity,Unspecified
05472500,POINT (-92.2046222222222 41.3008444444444),f1b04bef-3e39-47f0-b697-a4a66d0bd3c1,USGS-05472500,4e65839c-697e-d8ab-e053-0100007f5a3a,675,2007-05-22T15:43:00+00:00,Imported Channel 1,554,ft^3/s,93.9,ft,278,ft^2,2.00,ft/s,,ft,Unspecified,Unspecified,Unspecified,Unspecified,Unspecified,Unknown,Unspecified,2026-07-01T16:35:28.854214+00:00,adcp,Unspecified
05472500,POINT (-92.2046222222222 41.3008444444444),f2258751-cdef-4afb-b7b2-173cc8b18687,USGS-05472500,4e658789-48fc-daa3-e053-0100007f15b5,211,1961-10-23T06:00:00+00:00,Imported Channel 1,358,ft^3/s,80.0,ft,284,ft^2,1.26,ft/s,,,Unspecified,Unspecified,Unspecified,Unspecified,Unspecified,Unknown,Unspecified,2026-07-01T16:35:28.854214+00:00,point_velocity,Unspecified
05472500,POINT (-92.2046222222222 41.3008444444444),f24106f5-d365-42ae-9c6e-4773ea0c3507,USGS-05472500,4e658f2e-64d7-de85-e053-0100007f1d29,197,1960-10-24T06:00:00+00:00,Imported Channel 1,35.5,ft^3/s,60.0,ft,60.2,ft^2,0.59,ft/s,,,Unspecified,Unspecified,Unspecified,Unspecified,Unspecified,Unknown,Unspecified,2026-07-01T16:35:28.854214+00:00,point_velocity,Unspecified
05472500,POINT (-92.2046222222222 41.3008444444444),f299c548-3ddf-4237-a5c0-deef0dc15473,USGS-05472500,4e65720b-e8a1-d01e-e053-0100007f25e6,531,1991-06-25T19:15:00+00:00,Imported Channel 1,378,ft^3/s,99.0,ft,191,ft^2,1.98,ft/s,,,Unspecified,Unspecified,Unspecified,Unspecified,Unspecified,Unknown,BridgeCrane,2026-07-01T16:35:28.854214+00:00,point_velocity,Unspecified
05472500,POINT (-92.2046222222222 41.3008444444444),f32e8adc-5897-4123-a0f7-bda6b70ff5f3,USGS-05472500,4e6592d3-6844-e006-e053-0100007f65f2,234,1963-06-17T06:00:00+00:00,Imported Channel 1,64.9,ft^3/s,65.0,ft,107,ft^2,0.61,ft/s,,,Unspecified,Unspecified,Unspecified,Unspecified,Unspecified,Unknown,Unspecified,2026-07-01T16:35:28.854214+00:00,point_velocity,Unspecified
05472500,POINT (-92.2046222222222 41.3008444444444),f37c57ff-fdb9-4959-ad64-7db497c024ac,USGS-05472500,4e6575bb-0f52-d193-e053-0100007f4087,6,1946-01-09T06:00:00+00:00,Imported Channel 1,6070,ft^3/s,377,ft,2570,ft^2,2.36,ft/s,,,Unspecified,Unspecified,Unspecified,Unspecified,Unspecified,Unknown,Unspecified,2026-07-01T16:35:28.854214+00:00,point_velocity,Unspecified
05472500,POINT (-92.2046222222222 41.3008444444444),f39d99cb-3608-400e-bed0-f69d2411424c,USGS-05472500,4e65585f-71e6-c2ed-e053-0100007f28b3,460,1984-11-26T06:00:00+00:00,Imported Channel 1,170,ft^3/s,78.0,ft,146,ft^2,1.16,ft/s,,,Unspecified,Unspecified,Unspecified,Unspecified,Unspecified,Unknown,Wading,2026-07-01T16:35:28.854214+00:00,point_velocity,Unspecified
05472500,POINT (-92.2046222222222 41.3008444444444),f3c011bf-0977-4e14-baa8-e6802ceb7394,USGS-05472500,4e65803c-e99e-d718-e053-0100007f9460,65,1950-06-15T06:00:00+00:00,Imported Channel 1,737,ft^3/s,91.0,ft,417,ft^2,1.77,ft/s,,,Unspecified,Unspecified,Unspecified,Unspecified,Unspecified,Unknown,Unspecified,2026-07-01T16:35:28.854214+00:00,point_velocity,Unspecified
05472500,POINT (-92.2046222222222 41.3008444444444),f3cdc53f-6c9e-4fc1-86e5-5d578a5c283e,USGS-05472500,4e6583cc-7d15-d86f-e053-0100007f96a3,616,2000-06-26T19:45:00+00:00,Imported Channel 1,3390,ft^3/s,146,ft,1570,ft^2,2.16,ft/s,,,Unspecified,Unspecified,Unspecified,Unspecified,Unspecified,Unknown,BridgeCrane,2026-07-01T16:35:28.854214+00:00,point_velocity,Unspecified
05472500,POINT (-92.2046222222222 41.3008444444444),f3e15b5d-4d99-4098-b57a-aa6a9e153258,USGS-05472500,4e6592a4-b360-e083-e053-0100007f5751,238,1963-09-16T06:00:00+00:00,Imported Channel 1,58.9,ft^3/s,47.0,ft,61.0,ft^2,0.97,ft/s,,,Unspecified,Unspecified,Unspecified,Unspecified,Unspecified,Unknown,Unspecified,2026-07-01T16:35:28.854214+00:00,point_velocity,Unspecified
05472500,POINT (-92.2046222222222 41.3008444444444),f3e4c37c-52d8-488b-9c77-cc9655010def,USGS-05472500,4e65a346-294a-e848-e053-0100007f9b64,737,2015-08-19T21:14:15+00:00,main,642,ft^3/s,110,ft,425,ft^2,1.51,ft/s,40.00,ft,Firm,Sand,Even,Even,Unspecified,Unknown,BridgeDownstreamSide,2026-07-01T16:35:28.854214+00:00,adcp,Downstream
05472500,POINT (-92.2046222222222 41.3008444444444),f4126bda-3824-4a78-9682-8344b532bd8f,USGS-05472500,4e6583cc-7d21-d86f-e053-0100007f96a3,699,2010-06-16T15:24:00+00:00,Imported Channel 1,9700,ft^3/s,336,ft,3210,ft^2,3.02,ft/s,,ft,Firm,Sand,Even,Even,Unspecified,Unknown,BridgeDownstreamSide,2026-07-01T16:35:28.854214+00:00,adcp,Unspecified
05472500,POINT (-92.2046222222222 41.3008444444444),f49f9473-3ca1-402b-9efd-1e4ab6ec9250,USGS-05472500,4e65a362-641f-e86e-e053-0100007f62eb,402,1978-01-12T06:00:00+00:00,Imported Channel 1,106,ft^3/s,57.0,ft,77.6,ft^2,1.37,ft/s,,,Unspecified,Unspecified,Unspecified,Unspecified,Unspecified,Unknown,Unspecified,2026-07-01T16:35:28.854214+00:00,point_velocity,Unspecified
05472500,POINT (-92.2046222222222 41.3008444444444),f53493e7-c8eb-4667-bfbd-fd62e55a3eaf,USGS-05472500,4e656713-be22-c7e8-e053-0100007f8f1c,475,1986-08-18T05:00:00+00:00,Imported Channel 1,4270,ft^3/s,104,ft,1300,ft^2,3.28,ft/s,,,Unspecified,Unspecified,Unspecified,Unspecified,Unspecified,Unknown,BridgeCrane,2026-07-01T16:35:28.854214+00:00,point_velocity,Unspecified
05472500,POINT (-92.2046222222222 41.3008444444444),f5881834-c752-45e5-a6e9-66026e6f2eb4,USGS-05472500,4e65958e-5b7a-e1bf-e053-0100007f6829,407,1978-07-24T05:00:00+00:00,Imported Channel 1,6420,ft^3/s,368,ft,2450,ft^2,2.62,ft/s,,,Unspecified,Unspecified,Unspecified,Unspecified,Unspecified,Unknown,Unspecified,2026-07-01T16:35:28.854214+00:00,point_velocity,Unspecified
05472500,POINT (-92.2046222222222 41.3008444444444),f58cc402-7f69-4717-973b-e5c52fc57f69,USGS-05472500,4e6578c9-625c-d38a-e053-0100007f622f,358,1973-09-04T05:00:00+00:00,Imported Channel 1,120,ft^3/s,51.0,ft,86.9,ft^2,1.38,ft/s,,,Unspecified,Unspecified,Unspecified,Unspecified,Unspecified,Unknown,Unspecified,2026-07-01T16:35:28.854214+00:00,point_velocity,Unspecified
05472500,POINT (-92.2046222222222 41.3008444444444),f5a75ab9-2124-4554-893f-9fa4b2be27c8,USGS-05472500,4e65713a-f8f5-cf8a-e053-0100007fca45,557,1993-10-14T17:40:00+00:00,Imported Channel 1,699,ft^3/s,112,ft,365,ft^2,1.92,ft/s,,,Unspecified,Unspecified,Unspecified,Unspecified,Unspecified,Unknown,BridgeCrane,2026-07-01T16:35:28.854214+00:00,point_velocity,Unspecified
05472500,POINT (-92.2046222222222 41.3008444444444),f5c36ca1-2e97-499e-a4ee-f3e3d0036e14,USGS-05472500,4e6587b1-9ad4-da55-e053-0100007fe6db,215,1962-01-29T06:00:00+00:00,Imported Channel 1,352,ft^3/s,71.0,ft,229,ft^2,1.54,ft/s,,,Unspecified,Unspecified,Unspecified,Unspecified,Unspecified,Unknown,Unspecified,2026-07-01T16:35:28.854214+00:00,point_velocity,Unspecified
05472500,POINT (-92.2046222222222 41.3008444444444),f62bc814-941a-4d2f-84a9-99cbaf014382,USGS-05472500,4e6587b8-e409-dab7-e053-0100007fe134,31,1947-06-06T06:00:00+00:00,Imported Channel 1,5840,ft^3/s,368,ft,2380,ft^2,2.45,ft/s,,,Unspecified,Unspecified,Unspecified,Unspecified,Unspecified,Unknown,Unspecified,2026-07-01T16:35:28.854214+00:00,point_velocity,Unspecified
05472500,POINT (-92.2046222222222 41.3008444444444),f70d5d0c-c7b3-4119-a9f9-e257d756a380,USGS-05472500,4e6598b4-3f0f-e2ef-e053-0100007fbe6a,283,1966-11-14T06:00:00+00:00,Imported Channel 1,28.9,ft^3/s,41.0,ft,46.3,ft^2,0.62,ft/s,,,Unspecified,Unspecified,Unspecified,Unspecified,Unspecified,Unknown,Unspecified,2026-07-01T16:35:28.854214+00:00,point_velocity,Unspecified
05472500,POINT (-92.2046222222222 41.3008444444444),f7e6fcce-3e75-45ef-8b8a-f4542803f5db,USGS-05472500,4e65a489-8545-e87e-e053-0100007fac9b,456,1984-04-24T06:00:00+00:00,Imported Channel 1,875,ft^3/s,94.0,ft,452,ft^2,1.94,ft/s,,,Unspecified,Unspecified,Unspecified,Unspecified,Unspecified,Unknown,Unspecified,2026-07-01T16:35:28.854214+00:00,point_velocity,Unspecified
05472500,POINT (-92.2046222222222 41.3008444444444),f7f7adb6-5c05-4309-b0d6-60a368623b11,USGS-05472500,4e659c5c-d90c-e547-e053-0100007f6a26,369,1974-10-22T05:00:00+00:00,Imported Channel 1,56.5,ft^3/s,55.0,ft,32.4,ft^2,1.74,ft/s,,,Unspecified,Unspecified,Unspecified,Unspecified,Unspecified,Unknown,Unspecified,2026-07-01T16:35:28.854214+00:00,point_velocity,Unspecified
05472500,POINT (-92.2046222222222 41.3008444444444),f84438b3-24f7-4707-91c4-8969034e06f3,USGS-05472500,4e658a60-156c-dc13-e053-0100007fb60f,119,1954-12-16T06:00:00+00:00,Imported Channel 1,183,ft^3/s,77.0,ft,115,ft^2,1.59,ft/s,,,Unspecified,Unspecified,Unspecified,Unspecified,Unspecified,Unknown,Unspecified,2026-07-01T16:35:28.854214+00:00,point_velocity,Unspecified
05472500,POINT (-92.2046222222222 41.3008444444444),f8d8dfa5-37b3-4e47-b5e1-a2fd6706539f,USGS-05472500,4e656713-be23-c7e8-e053-0100007f8f1c,477,1986-11-10T16:10:00+00:00,Imported Channel 1,560,ft^3/s,76.0,ft,357,ft^2,1.57,ft/s,,,Unspecified,Unspecified,Unspecified,Unspecified,Unspecified,Unknown,BridgeCrane,2026-07-01T16:35:28.854214+00:00,point_velocity,Unspecified
05472500,POINT (-92.2046222222222 41.3008444444444),f9056f51-8acf-4b68-b491-3791b6ff5e19,USGS-05472500,4e658af9-7a01-dc94-e053-0100007f84a6,95,1952-12-01T06:00:00+00:00,Imported Channel 1,97.2,ft^3/s,78.0,ft,92.1,ft^2,1.06,ft/s,,,Unspecified,Unspecified,Unspecified,Unspecified,Unspecified,Unknown,Unspecified,2026-07-01T16:35:28.854214+00:00,point_velocity,Unspecified
05472500,POINT (-92.2046222222222 41.3008444444444),f927ef04-bc37-4c99-aec5-ad9e441264c2,USGS-05472500,a44a46c1-0a7c-4c1a-8caf-0a7a06c3b086,809,2025-07-30T19:33:34+00:00,Main,4860,ft^3/s,144,ft,1830,ft^2,2.65,ft/s,0.00,ft,Soft,Sand,Even,Even,Standard,Pulsating,BridgeDownstreamSide,2026-07-01T16:35:28.854214+00:00,adcp,AtTheGage
05472500,POINT (-92.2046222222222 41.3008444444444),f9484329-3ce3-4904-a521-d25e5b0a9aea,USGS-05472500,4e658789-4945-daa3-e053-0100007f15b5,734,2015-05-28T18:20:41+00:00,Main,1330,ft^3/s,117,ft,721,ft^2,1.84,ft/s,40.00,ft,Firm,Sand,Uneven,Uneven,NonStandard,Unknown,BridgeDownstreamSide,2026-07-01T16:35:28.854214+00:00,adcp,Downstream
05472500,POINT (-92.2046222222222 41.3008444444444),f9530129-c97a-4fa3-b8d5-429776929d18,USGS-05472500,4e6578c0-31d5-d360-e053-0100007f3217,545,1992-08-14T17:45:00+00:00,Imported Channel 1,456,ft^3/s,108,ft,234,ft^2,1.95,ft/s,,,Unspecified,Unspecified,Unspecified,Unspecified,Unspecified,Unknown,BridgeCrane,2026-07-01T16:35:28.854214+00:00,point_velocity,Unspecified
05472500,POINT (-92.2046222222222 41.3008444444444),f9d91d25-f37d-48f4-a781-22b602d6c724,USGS-05472500,4e658751-97b2-da71-e053-0100007f7d60,415,1979-06-11T05:00:00+00:00,Imported Channel 1,427,ft^3/s,79.0,ft,277,ft^2,1.54,ft/s,,,Unspecified,Unspecified,Unspecified,Unspecified,Unspecified,Unknown,Unspecified,2026-07-01T16:35:28.854214+00:00,point_velocity,Unspecified
05472500,POINT (-92.2046222222222 41.3008444444444),f9da4e9c-d902-4d75-bf45-081b0c67fa5e,USGS-05472500,4e657622-3efa-d195-e053-0100007fa0d4,71,1950-11-10T06:00:00+00:00,Imported Channel 1,7.34,ft^3/s,14.5,ft,8.65,ft^2,0.85,ft/s,,,Unspecified,Unspecified,Unspecified,Unspecified,Unspecified,Unknown,Unspecified,2026-07-01T16:35:28.854214+00:00,point_velocity,Unspecified
05472500,POINT (-92.2046222222222 41.3008444444444),fa812d51-3600-4254-87f4-0cd727cd1860,USGS-05472500,4e656e3f-14db-cdbd-e053-0100007ffc0f,664,2006-03-14T20:43:00+00:00,Imported Channel 1,181,ft^3/s,91.0,ft,115,ft^2,1.58,ft/s,,,Unspecified,Unspecified,Unspecified,Unspecified,Unspecified,Unknown,Wading,2026-07-01T16:35:28.854214+00:00,point_velocity,Unspecified
05472500,POINT (-92.2046222222222 41.3008444444444),fad91484-7a86-4f6b-84c6-e073f6a0a27c,USGS-05472500,4e659943-aaa7-e355-e053-0100007f977f,428,1980-08-25T05:00:00+00:00,Imported Channel 1,27.2,ft^3/s,67.0,ft,66.3,ft^2,0.41,ft/s,,,Unspecified,Unspecified,Unspecified,Unspecified,Unspecified,Unknown,Unspecified,2026-07-01T16:35:28.854214+00:00,point_velocity,Unspecified
05472500,POINT (-92.2046222222222 41.3008444444444),faf12c2c-3603-4c89-9a30-3b9e04188e43,USGS-05472500,4e6591b0-7aac-dffc-e053-0100007f45ba,318,1969-08-18T05:00:00+00:00,Imported Channel 1,196,ft^3/s,71.0,ft,129,ft^2,1.52,ft/s,,,Unspecified,Unspecified,Unspecified,Unspecified,Unspecified,Unknown,Unspecified,2026-07-01T16:35:28.854214+00:00,point_velocity,Unspecified
05472500,POINT (-92.2046222222222 41.3008444444444),fb6994d4-bc52-4412-85a6-eefa8c1075ab,USGS-05472500,4e6578cc-28f1-d364-e053-0100007f2984,88,1952-03-31T06:00:00+00:00,Imported Channel 1,905,ft^3/s,93.0,ft,489,ft^2,1.85,ft/s,,,Unspecified,Unspecified,Unspecified,Unspecified,Unspecified,Unknown,Unspecified,2026-07-01T16:35:28.854214+00:00,point_velocity,Unspecified
05472500,POINT (-92.2046222222222 41.3008444444444),fc277443-77fc-48f8-b10a-188046f6cfbb,USGS-05472500,10224859-fb82-46e5-be28-e6ef7bd3f0b5,799,2024-04-23T16:26:09+00:00,MAIN,189,ft^3/s,104,ft,160,ft^2,1.18,ft/s,0.00,ft,Firm,Gravel,Uneven,Unspecified,NonStandard,Pulsating,BridgeDownstreamSide,2026-07-01T16:35:28.854214+00:00,adcp,AtTheGage
05472500,POINT (-92.2046222222222 41.3008444444444),fc9efccf-cd2b-4637-aba4-09b45c10d7c7,USGS-05472500,4e65995b-dfa8-e397-e053-0100007f67e7,348,1972-08-17T05:00:00+00:00,Imported Channel 1,399,ft^3/s,90.0,ft,353,ft^2,1.13,ft/s,,,Unspecified,Unspecified,Unspecified,Unspecified,Unspecified,Unknown,Unspecified,2026-07-01T16:35:28.854214+00:00,point_velocity,Unspecified
05472500,POINT (-92.2046222222222 41.3008444444444),fd045a33-741d-4c30-8686-fbdc54f1a2e7,USGS-05472500,4ac1271a-42f9-4f8a-9e00-346e78c08e8f,782,2021-08-19T16:21:00+00:00,Main,43.0,ft^3/s,38.0,ft,43.1,ft^2,1.00,ft/s,50.00,ft,Firm,Cobbles,Uneven,Uneven,NonStandard,Pulsating,Wading,2026-07-01T16:35:28.854214+00:00,point_velocity,Upstream
05472500,POINT (-92.2046222222222 41.3008444444444),fd118cad-cfe0-434b-bc0c-07c6eec7f296,USGS-05472500,4e658e65-81f6-de0e-e053-0100007f9b1f,409,1978-10-19T05:00:00+00:00,Imported Channel 1,256,ft^3/s,79.0,ft,201,ft^2,1.27,ft/s,,,Unspecified,Unspecified,Unspecified,Unspecified,Unspecified,Unknown,Unspecified,2026-07-01T16:35:28.854214+00:00,point_velocity,Unspecified
05472500,POINT (-92.2046222222222 41.3008444444444),fd738a6d-8f26-4b40-ae2c-d2b5e92cbf45,USGS-05472500,4e657c86-a593-d552-e053-0100007f5e6a,94,1952-11-03T06:00:00+00:00,Imported Channel 1,14.8,ft^3/s,59.0,ft,25.4,ft^2,0.59,ft/s,,,Unspecified,Unspecified,Unspecified,Unspecified,Unspecified,Unknown,Unspecified,2026-07-01T16:35:28.854214+00:00,point_velocity,Unspecified
05472500,POINT (-92.2046222222222 41.3008444444444),fdb42e2b-b0e1-4bf8-bd94-3582701aa196,USGS-05472500,4e6575ed-f2c0-d1ad-e053-0100007f5dec,473,1986-05-27T05:00:00+00:00,Imported Channel 1,2380,ft^3/s,98.0,ft,928,ft^2,2.56,ft/s,,,Unspecified,Unspecified,Unspecified,Unspecified,Unspecified,Unknown,BridgeCrane,2026-07-01T16:35:28.854214+00:00,point_velocity,Unspecified
05472500,POINT (-92.2046222222222 41.3008444444444),fdf3bd98-54b7-4f1e-ade2-6c36245aee4e,USGS-05472500,4e65835f-5130-d8a9-e053-0100007f4ab1,614,2000-05-09T12:50:00+00:00,Imported Channel 1,66.2,ft^3/s,56.0,ft,50.9,ft^2,1.30,ft/s,,,Unspecified,Unspecified,Unspecified,Unspecified,Unspecified,Unknown,Wading,2026-07-01T16:35:28.854214+00:00,point_velocity,Unspecified
05472500,POINT (-92.2046222222222 41.3008444444444),fe13b98c-2c4e-4919-9423-d447aceec31d,USGS-05472500,4e6578f6-ebe7-d396-e053-0100007f255d,185,1960-01-19T06:00:00+00:00,Imported Channel 1,897,ft^3/s,92.0,ft,445,ft^2,2.02,ft/s,,,Unspecified,Unspecified,Unspecified,Unspecified,Unspecified,Unknown,Unspecified,2026-07-01T16:35:28.854214+00:00,point_velocity,Unspecified
05472500,POINT (-92.2046222222222 41.3008444444444),fed6a473-2aa2-43a6-88da-73d2ac3807a2,USGS-05472500,4e658730-b748-da3b-e053-0100007f1978,370,1974-12-11T06:00:00+00:00,Imported Channel 1,338,ft^3/s,85.0,ft,310,ft^2,1.09,ft/s,,,Unspecified,Unspecified,Unspecified,Unspecified,Unspecified,Unknown,Unspecified,2026-07-01T16:35:28.854214+00:00,point_velocity,Unspecified
05472500,POINT (-92.2046222222222 41.3008444444444),ff214fd6-ae5d-4c97-91b0-c909189626f8,USGS-05472500,4e658e08-d6d9-de10-e053-0100007f791c,334,1971-03-04T06:00:00+00:00,Imported Channel 1,924,ft^3/s,95.0,ft,562,ft^2,1.64,ft/s,,,Unspecified,Unspecified,Unspecified,Unspecified,Unspecified,Unknown,Unspecified,2026-07-01T16:35:28.854214+00:00,point_velocity,Unspecified
05472500,POINT (-92.2046222222222 41.3008444444444),ff61eb79-383d-4282-b3fe-0654e3331039,USGS-05472500,4e65720b-e8bf-d01e-e053-0100007f25e6,15,1946-06-21T06:00:00+00:00,Imported Channel 1,5070,ft^3/s,364,ft,2370,ft^2,2.14,ft/s,,,Unspecified,Unspecified,Unspecified,Unspecified,Unspecified,Unknown,Unspecified,2026-07-01T16:35:28.854214+00:00,point_velocity,Unspecified
