site_id,geometry,id,monitoring_location_id,field_visit_id,measurement_number,time,channel_name,channel_flow,channel_flow_unit,channel_width,channel_width_unit,channel_area,channel_area_unit,channel_velocity,channel_velocity_unit,channel_location_distance,channel_location_distance_unit,channel_stability,channel_material,channel_evenness,horizontal_velocity_description,vertical_velocity_description,longitudinal_velocity_description,measurement_type,last_modified,channel_measurement_type,channel_location_direction
05517500,POINT (-86.96832768953219 41.22001987983983),001fb2c8-e348-4f7e-b20a-5f65696dd157,USGS-05517500,450d755f-2256-c5dc-e053-0100007f0625,227,1965-09-29T05:00:00+00:00,Imported Channel 1,1550,ft^3/s,110,ft,670,ft^2,2.31,ft/s,,,Unspecified,Unspecified,Unspecified,Unspecified,Unspecified,Unknown,Unspecified,2026-07-13T22:20:43.346961+00:00,point_velocity,Unspecified
05517500,POINT (-86.96832768953219 41.22001987983983),008c35f5-39fd-4d15-a49b-cdc386c6f8dd,USGS-05517500,450d8896-74f3-cc10-e053-0100007f4527,326,1977-07-11T05:00:00+00:00,Imported Channel 1,829,ft^3/s,105,ft,360,ft^2,2.30,ft/s,,,Unspecified,Unspecified,Unspecified,Unspecified,Unspecified,Unknown,Unspecified,2026-07-13T22:20:43.346961+00:00,point_velocity,Unspecified
05517500,POINT (-86.96832768953219 41.22001987983983),01241a61-4cc5-41ea-908b-888e1764a0a8,USGS-05517500,450d8d72-cf07-cda1-e053-0100007f20fe,516,2000-02-08T17:57:00+00:00,Imported Channel 1,593,ft^3/s,,,,,,,,ft,Unspecified,Unspecified,Unspecified,Unspecified,Unspecified,Unknown,Unspecified,2026-07-13T22:20:43.346961+00:00,other_method,Unspecified
05517500,POINT (-86.96832768953219 41.22001987983983),018729de-30c2-43a3-8fac-4f5d5a952cc1,USGS-05517500,3aa119b4-d568-4f7c-ac4f-7808555aa026,650,2022-05-02T21:11:18+00:00,main,1830,ft^3/s,110,ft,657,ft^2,2.78,ft/s,150.00,ft,Firm,Sand,Even,Unspecified,Standard,Steady,BridgeDownstreamSide,2026-07-13T22:20:43.346961+00:00,adcp,Downstream
05517500,POINT (-86.96832768953219 41.22001987983983),01de2d0f-0f20-496f-9db9-7ea14ab4315b,USGS-05517500,450d755f-2266-c5dc-e053-0100007f0625,261,1970-08-17T05:00:00+00:00,Imported Channel 1,645,ft^3/s,98.0,ft,299,ft^2,2.20,ft/s,,,Unspecified,Unspecified,Unspecified,Unspecified,Unspecified,Unknown,Unspecified,2026-07-13T22:20:43.346961+00:00,point_velocity,Unspecified
05517500,POINT (-86.96832768953219 41.22001987983983),0219bfcc-0a7b-43cc-bc0c-d0aa0f1e7325,USGS-05517500,450d7924-8bf7-c71d-e053-0100007f2f30,121,1957-01-21T05:00:00+00:00,Imported Channel 1,483,ft^3/s,120,ft,351,ft^2,1.38,ft/s,,,Unspecified,Unspecified,Unspecified,Unspecified,Unspecified,Unknown,Unspecified,2026-07-13T22:20:43.346961+00:00,point_velocity,Unspecified
05517500,POINT (-86.96832768953219 41.22001987983983),0277bf4e-684a-4037-ba62-9ab1785b0a95,USGS-05517500,450d963d-cd88-d0b0-e053-0100007f6d2a,373,1982-05-27T05:00:00+00:00,Imported Channel 1,1550,ft^3/s,115,ft,612,ft^2,2.53,ft/s,,,Unspecified,Unspecified,Unspecified,Unspecified,Unspecified,Unknown,Unspecified,2026-07-13T22:20:43.346961+00:00,point_velocity,Unspecified
05517500,POINT (-86.96832768953219 41.22001987983983),0285791c-5436-44c3-be8a-857bd76833eb,USGS-05517500,450d7807-1a27-c6c0-e053-0100007ff875,538,2003-03-27T20:57:00+00:00,Imported Channel 1,880,ft^3/s,126,ft,534,ft^2,1.65,ft/s,,ft,Unspecified,Unspecified,Unspecified,Unspecified,Unspecified,Unknown,Unspecified,2026-07-13T22:20:43.346961+00:00,adcp,Unspecified
05517500,POINT (-86.96832768953219 41.22001987983983),032fd0f8-7873-4bdd-b318-5710dfa9d5af,USGS-05517500,450d6112-6726-bf54-e053-0100007fbeb2,233,1966-02-25T05:00:00+00:00,Imported Channel 1,1180,ft^3/s,112,ft,533,ft^2,2.21,ft/s,,,Unspecified,Unspecified,Unspecified,Unspecified,Unspecified,Unknown,Unspecified,2026-07-13T22:20:43.346961+00:00,point_velocity,Unspecified
05517500,POINT (-86.96832768953219 41.22001987983983),04dc0589-61c3-4937-b860-e75c4210d902,USGS-05517500,450d59de-2861-bcdc-e053-0100007f93f3,453,1990-12-31T14:20:00+00:00,Imported Channel 1,4100,ft^3/s,170,ft,1630,ft^2,2.52,ft/s,,,Unspecified,Unspecified,Unspecified,Unspecified,Unspecified,Unknown,BridgeCrane,2026-07-13T22:20:43.346961+00:00,point_velocity,Unspecified
05517500,POINT (-86.96832768953219 41.22001987983983),0550fe0d-e6c9-49da-a701-1f97ca3565b5,USGS-05517500,450d97b6-ded3-d110-e053-0100007f4820,286,1973-04-25T05:00:00+00:00,Imported Channel 1,3070,ft^3/s,126,ft,1080,ft^2,2.84,ft/s,,,Unspecified,Unspecified,Unspecified,Unspecified,Unspecified,Unknown,Unspecified,2026-07-13T22:20:43.346961+00:00,point_velocity,Unspecified
05517500,POINT (-86.96832768953219 41.22001987983983),05e9836a-d14b-4300-8835-4efa9e22f4a7,USGS-05517500,450d8b9c-6ee6-ccef-e053-0100007f7e6e,498,1997-07-08T15:40:00+00:00,Imported Channel 1,1490,ft^3/s,,,,,0.00,ft/s,,,Unspecified,Unspecified,Unspecified,Unspecified,Unspecified,Unknown,Boat,2026-07-13T22:20:43.346961+00:00,point_velocity,Unspecified
05517500,POINT (-86.96832768953219 41.22001987983983),060eb5e2-a967-42fe-9ebe-1bd8efe0d195,USGS-05517500,450d97b6-deee-d110-e053-0100007f4820,581,2010-11-30T22:05:00+00:00,Imported Channel 1,826,ft^3/s,107,ft,387,ft^2,2.14,ft/s,,ft,Firm,Sand,Uneven,Even,Standard,Unknown,BridgeDownstreamSide,2026-07-13T22:20:43.346961+00:00,adcp,AtTheGage
05517500,POINT (-86.96832768953219 41.22001987983983),0622e9bd-e17f-4256-a685-b95d21b4b674,USGS-05517500,450d7b90-ca58-c806-e053-0100007f4264,110,1956-01-23T05:00:00+00:00,Imported Channel 1,561,ft^3/s,87.0,ft,281,ft^2,2.00,ft/s,,,Unspecified,Unspecified,Unspecified,Unspecified,Unspecified,Unknown,Unspecified,2026-07-13T22:20:43.346961+00:00,point_velocity,Unspecified
05517500,POINT (-86.96832768953219 41.22001987983983),06b882cb-eab6-4451-b71e-5b94bffca934,USGS-05517500,450d973c-fa85-d08c-e053-0100007f7449,65,1953-06-25T05:00:00+00:00,Imported Channel 1,693,ft^3/s,91.0,ft,332,ft^2,2.09,ft/s,,,Unspecified,Unspecified,Unspecified,Unspecified,Unspecified,Unknown,Unspecified,2026-07-13T22:20:43.346961+00:00,point_velocity,Unspecified
05517500,POINT (-86.96832768953219 41.22001987983983),079f0056-ea8c-4424-ba7d-c7cad288b94d,USGS-05517500,450d755f-2254-c5dc-e053-0100007f0625,215,1964-10-26T05:00:00+00:00,Imported Channel 1,362,ft^3/s,122,ft,226,ft^2,1.60,ft/s,,,Unspecified,Unspecified,Unspecified,Unspecified,Unspecified,Unknown,Unspecified,2026-07-13T22:20:43.346961+00:00,point_velocity,Unspecified
05517500,POINT (-86.96832768953219 41.22001987983983),08908bb8-5446-4de9-9ed1-92087caabe66,USGS-05517500,450d706d-633f-c46b-e053-0100007f424a,72,1954-01-14T05:00:00+00:00,Imported Channel 1,290,ft^3/s,93.0,ft,337,ft^2,0.86,ft/s,,,Unspecified,Unspecified,Unspecified,Unspecified,Unspecified,Unknown,Unspecified,2026-07-13T22:20:43.346961+00:00,point_velocity,Unspecified
05517500,POINT (-86.96832768953219 41.22001987983983),08bc9571-673b-409a-9b90-7a447ca8e536,USGS-05517500,450d8909-7053-cc12-e053-0100007f18b3,309,1975-09-19T05:00:00+00:00,Imported Channel 1,695,ft^3/s,102,ft,329,ft^2,2.11,ft/s,,,Unspecified,Unspecified,Unspecified,Unspecified,Unspecified,Unknown,Unspecified,2026-07-13T22:20:43.346961+00:00,point_velocity,Unspecified
05517500,POINT (-86.96832768953219 41.22001987983983),095dbdee-51fa-477d-8966-1b79feedcf14,USGS-05517500,450d99dd-749e-d1c9-e053-0100007f0c1a,325,1977-06-07T05:00:00+00:00,Imported Channel 1,872,ft^3/s,107,ft,381,ft^2,2.29,ft/s,,,Unspecified,Unspecified,Unspecified,Unspecified,Unspecified,Unknown,Unspecified,2026-07-13T22:20:43.346961+00:00,point_velocity,Unspecified
05517500,POINT (-86.96832768953219 41.22001987983983),098dae97-19b1-47b9-8ed3-69bb1951831a,USGS-05517500,450d83d9-8804-ca99-e053-0100007fbb0c,569,2008-08-07T18:11:00+00:00,Imported Channel 1,1610,ft^3/s,119,ft,671,ft^2,2.41,ft/s,,ft,Unspecified,Unspecified,Unspecified,Unspecified,Unspecified,Unknown,Unspecified,2026-07-13T22:20:43.346961+00:00,adcp,Unspecified
05517500,POINT (-86.96832768953219 41.22001987983983),0a70c3ad-7fde-405d-a0ba-95901680a7f0,USGS-05517500,450d7807-1a3f-c6c0-e053-0100007ff875,45,1951-12-13T05:00:00+00:00,Imported Channel 1,2020,ft^3/s,110,ft,757,ft^2,2.65,ft/s,,,Unspecified,Unspecified,Unspecified,Unspecified,Unspecified,Unknown,Unspecified,2026-07-13T22:20:43.346961+00:00,point_velocity,Unspecified
05517500,POINT (-86.96832768953219 41.22001987983983),0ac26ca5-890c-4b75-acbe-2a3a58ad418d,USGS-05517500,450d92b2-67e1-cf9b-e053-0100007f10aa,144,1958-11-21T05:00:00+00:00,Imported Channel 1,1150,ft^3/s,108,ft,499,ft^2,2.30,ft/s,,,Unspecified,Unspecified,Unspecified,Unspecified,Unspecified,Unknown,Unspecified,2026-07-13T22:20:43.346961+00:00,point_velocity,Unspecified
05517500,POINT (-86.96832768953219 41.22001987983983),0acfd473-d933-4311-8474-3f5c70241c6a,USGS-05517500,450d961b-d669-d0a4-e053-0100007fbd87,177,1961-10-24T05:00:00+00:00,Imported Channel 1,896,ft^3/s,107,ft,424,ft^2,2.11,ft/s,,,Unspecified,Unspecified,Unspecified,Unspecified,Unspecified,Unknown,Unspecified,2026-07-13T22:20:43.346961+00:00,point_velocity,Unspecified
05517500,POINT (-86.96832768953219 41.22001987983983),0b4b7fc4-9a32-4916-b636-da6dccaef927,USGS-05517500,450d968a-f61e-d088-e053-0100007f487d,179,1961-12-21T05:00:00+00:00,Imported Channel 1,1130,ft^3/s,112,ft,486,ft^2,2.32,ft/s,,,Unspecified,Unspecified,Unspecified,Unspecified,Unspecified,Unknown,Unspecified,2026-07-13T22:20:43.346961+00:00,point_velocity,Unspecified
05517500,POINT (-86.96832768953219 41.22001987983983),0b5c009c-c43d-45f0-bdcf-5fc1830aada7,USGS-05517500,450d97b6-dee9-d110-e053-0100007f4820,362,1981-06-16T05:00:00+00:00,Imported Channel 1,4000,ft^3/s,145,ft,1360,ft^2,2.94,ft/s,,,Unspecified,Unspecified,Unspecified,Unspecified,Unspecified,Unknown,Unspecified,2026-07-13T22:20:43.346961+00:00,point_velocity,Unspecified
05517500,POINT (-86.96832768953219 41.22001987983983),0b69a1b0-1d9f-4ca8-abaa-296f8bacff48,USGS-05517500,946ca316-9789-7d95-e053-0100007fc8cf,638,2019-10-08T16:20:44+00:00,Main,1040,ft^3/s,102,ft,449,ft^2,2.31,ft/s,120.00,ft,Firm,Sand,Even,Unspecified,Standard,Steady,BridgeDownstreamSide,2026-07-13T22:20:43.346961+00:00,adcp,Downstream
05517500,POINT (-86.96832768953219 41.22001987983983),0b78001d-7ed1-4cfe-93c1-497c5649725d,USGS-05517500,450d961b-d6b0-d0a4-e053-0100007fbd87,582,2011-03-18T13:55:02+00:00,MAIN,2260,ft^3/s,122,ft,785,ft^2,2.88,ft/s,,ft,Unspecified,Unspecified,Unspecified,Uneven,Unspecified,Unknown,BridgeDownstreamSide,2026-07-13T22:20:43.346961+00:00,adcp,AtTheGage
05517500,POINT (-86.96832768953219 41.22001987983983),0bbba72a-cb53-4e2c-87b1-f362dcc5bf9b,USGS-05517500,450d9614-2480-d0ab-e053-0100007f0f12,114,1956-05-21T05:00:00+00:00,Imported Channel 1,2960,ft^3/s,125,ft,1050,ft^2,2.82,ft/s,,,Unspecified,Unspecified,Unspecified,Unspecified,Unspecified,Unknown,Unspecified,2026-07-13T22:20:43.346961+00:00,point_velocity,Unspecified
05517500,POINT (-86.96832768953219 41.22001987983983),0c5f7b86-79b3-4bd4-997a-941ba0d24fe5,USGS-05517500,450d97b6-dee6-d110-e053-0100007f4820,353,1980-05-08T05:00:00+00:00,Imported Channel 1,1220,ft^3/s,110,ft,467,ft^2,2.61,ft/s,,,Unspecified,Unspecified,Unspecified,Unspecified,Unspecified,Unknown,Unspecified,2026-07-13T22:20:43.346961+00:00,point_velocity,Unspecified
05517500,POINT (-86.96832768953219 41.22001987983983),0c8bddc0-fefb-4c1c-a3b6-53d1031eb4a0,USGS-05517500,450d97b8-dcad-d132-e053-0100007f4a15,211,1964-06-23T05:00:00+00:00,Imported Channel 1,1030,ft^3/s,114,ft,470,ft^2,2.19,ft/s,,,Unspecified,Unspecified,Unspecified,Unspecified,Unspecified,Unknown,Unspecified,2026-07-13T22:20:43.346961+00:00,point_velocity,Unspecified
05517500,POINT (-86.96832768953219 41.22001987983983),0cf92fb4-6e08-43a2-bfd2-9ca313abf1e3,USGS-05517500,450d7916-9327-c71f-e053-0100007fd66c,501,1998-02-03T15:25:00+00:00,Imported Channel 1,1910,ft^3/s,,,,,0.00,ft/s,,,Unspecified,Unspecified,Unspecified,Unspecified,Unspecified,Unknown,Boat,2026-07-13T22:20:43.346961+00:00,point_velocity,Unspecified
05517500,POINT (-86.96832768953219 41.22001987983983),0dad43f7-9f30-41d0-8b1b-3ec416ce3eaa,USGS-05517500,450d8009-a342-c98e-e053-0100007fd3a6,417,1986-10-22T05:00:00+00:00,Imported Channel 1,1300,ft^3/s,113,ft,545,ft^2,2.38,ft/s,,,Unspecified,Unspecified,Unspecified,Unspecified,Unspecified,Unknown,BridgeCrane,2026-07-13T22:20:43.346961+00:00,point_velocity,Unspecified
05517500,POINT (-86.96832768953219 41.22001987983983),0e50a3cd-84eb-4081-90ae-bc1bb7e1e456,USGS-05517500,450d964c-1e73-d082-e053-0100007f7ef2,47,1952-02-21T05:00:00+00:00,Imported Channel 1,1800,ft^3/s,114,ft,696,ft^2,2.59,ft/s,,,Unspecified,Unspecified,Unspecified,Unspecified,Unspecified,Unknown,Unspecified,2026-07-13T22:20:43.346961+00:00,point_velocity,Unspecified
05517500,POINT (-86.96832768953219 41.22001987983983),0e587578-fcb7-4c1b-9e06-5b4f899ea629,USGS-05517500,450d92b2-6807-cf9b-e053-0100007f10aa,292,1973-12-06T05:00:00+00:00,Imported Channel 1,890,ft^3/s,106,ft,388,ft^2,2.29,ft/s,,,Unspecified,Unspecified,Unspecified,Unspecified,Unspecified,Unknown,Unspecified,2026-07-13T22:20:43.346961+00:00,point_velocity,Unspecified
05517500,POINT (-86.96832768953219 41.22001987983983),0e9c4d75-a363-4658-b7d2-d8e5c9ec1273,USGS-05517500,450d5d9a-3685-be47-e053-0100007f93ec,458,1991-07-29T20:20:00+00:00,Imported Channel 1,551,ft^3/s,116,ft,347,ft^2,1.59,ft/s,,,Unspecified,Unspecified,Unspecified,Unspecified,Unspecified,Unknown,Wading,2026-07-13T22:20:43.346961+00:00,point_velocity,Unspecified
05517500,POINT (-86.96832768953219 41.22001987983983),0ea848c0-f44b-4b63-a85a-87eecdb4c76d,USGS-05517500,dfd48ed6-e0a8-427e-b3b3-87d5e0bf2e69,648,2021-11-17T16:14:03+00:00,main,1360,ft^3/s,110,ft,574,ft^2,2.36,ft/s,125.00,ft,Firm,Sand,Even,Unspecified,Standard,Steady,BridgeDownstreamSide,2026-07-13T22:20:43.346961+00:00,adcp,Downstream
05517500,POINT (-86.96832768953219 41.22001987983983),0ed09b10-f47d-4827-a3ae-fe73bbe8f49d,USGS-05517500,450d8009-a356-c98e-e053-0100007fd3a6,466,1992-09-16T18:30:00+00:00,Imported Channel 1,1380,ft^3/s,131,ft,671,ft^2,2.06,ft/s,,,Unspecified,Unspecified,Unspecified,Unspecified,Unspecified,Unknown,BridgeCrane,2026-07-13T22:20:43.346961+00:00,point_velocity,Unspecified
05517500,POINT (-86.96832768953219 41.22001987983983),0ef75551-f772-4c07-acae-f4b8feb9d7dc,USGS-05517500,450d99dd-7477-d1c9-e053-0100007f0c1a,208,1964-03-19T05:00:00+00:00,Imported Channel 1,765,ft^3/s,105,ft,387,ft^2,1.98,ft/s,,,Unspecified,Unspecified,Unspecified,Unspecified,Unspecified,Unknown,Unspecified,2026-07-13T22:20:43.346961+00:00,point_velocity,Unspecified
05517500,POINT (-86.96832768953219 41.22001987983983),0f0f1542-ac28-468b-8413-5d004607c06d,USGS-05517500,450d7d19-be9e-c898-e053-0100007f0d2e,354,1980-06-23T05:00:00+00:00,Imported Channel 1,1060,ft^3/s,109,ft,434,ft^2,2.44,ft/s,,,Unspecified,Unspecified,Unspecified,Unspecified,Unspecified,Unknown,Unspecified,2026-07-13T22:20:43.346961+00:00,point_velocity,Unspecified
05517500,POINT (-86.96832768953219 41.22001987983983),101a692f-ed43-4697-a9a0-df9425e5444b,USGS-05517500,450d8009-a385-c98e-e053-0100007fd3a6,16,1949-10-29T05:00:00+00:00,Imported Channel 1,525,ft^3/s,91.0,ft,301,ft^2,1.74,ft/s,,,Unspecified,Unspecified,Unspecified,Unspecified,Unspecified,Unknown,Unspecified,2026-07-13T22:20:43.346961+00:00,point_velocity,Unspecified
05517500,POINT (-86.96832768953219 41.22001987983983),12176976-c855-40f4-a831-ea39426c5640,USGS-05517500,450d6786-1efb-c141-e053-0100007f3d23,449,1990-07-16T18:15:00+00:00,Imported Channel 1,1370,ft^3/s,130,ft,624,ft^2,2.20,ft/s,,,Unspecified,Unspecified,Unspecified,Unspecified,Unspecified,Unknown,BridgeCrane,2026-07-13T22:20:43.346961+00:00,point_velocity,Unspecified
05517500,POINT (-86.96832768953219 41.22001987983983),1250cc2a-82bc-4473-b86e-b2c473452d2e,USGS-05517500,450d8909-704e-cc12-e053-0100007f18b3,291,1973-10-16T05:00:00+00:00,Imported Channel 1,745,ft^3/s,103,ft,329,ft^2,2.29,ft/s,,,Unspecified,Unspecified,Unspecified,Unspecified,Unspecified,Unknown,Unspecified,2026-07-13T22:20:43.346961+00:00,point_velocity,Unspecified
05517500,POINT (-86.96832768953219 41.22001987983983),12a9d504-1845-4473-bf61-527c5631e74a,USGS-05517500,450daf7c-9b0f-d87e-e053-0100007fcea0,606,2014-10-08T19:47:24+00:00,MAIN,2610,ft^3/s,124,ft,955,ft^2,2.74,ft/s,,ft,Firm,Gravel,Even,Even,Standard,Unknown,BridgeDownstreamSide,2026-07-13T22:20:43.346961+00:00,adcp,AtTheGage
05517500,POINT (-86.96832768953219 41.22001987983983),12b8ef49-f2a5-40ec-955f-38f0cb8a6f9e,USGS-05517500,450d6412-5503-c055-e053-0100007fc473,443,1989-08-28T19:40:00+00:00,Imported Channel 1,672,ft^3/s,102,ft,309,ft^2,2.17,ft/s,,,Unspecified,Unspecified,Unspecified,Unspecified,Unspecified,Unknown,BridgeCrane,2026-07-13T22:20:43.346961+00:00,point_velocity,Unspecified
05517500,POINT (-86.96832768953219 41.22001987983983),131eac34-62f9-4191-acbd-272f779b37b3,USGS-05517500,450d95f1-623e-d086-e053-0100007f4d0c,228,1965-11-03T05:00:00+00:00,Imported Channel 1,1190,ft^3/s,111,ft,570,ft^2,2.09,ft/s,,,Unspecified,Unspecified,Unspecified,Unspecified,Unspecified,Unknown,Unspecified,2026-07-13T22:20:43.346961+00:00,point_velocity,Unspecified
05517500,POINT (-86.96832768953219 41.22001987983983),132832f7-71b7-4e29-8cc5-470cb5e80116,USGS-05517500,450d7bf7-3392-c804-e053-0100007fec47,1,1948-07-21T05:00:00+00:00,Imported Channel 1,738,ft^3/s,93.0,ft,375,ft^2,1.96,ft/s,,,Unspecified,Unspecified,Unspecified,Unspecified,Unspecified,Unknown,Unspecified,2026-07-13T22:20:43.346961+00:00,point_velocity,Unspecified
05517500,POINT (-86.96832768953219 41.22001987983983),14b0eb23-0f92-42f7-ab18-338277df2961,USGS-05517500,450da792-9912-d607-e053-0100007fa9c4,294,1974-02-14T05:00:00+00:00,Imported Channel 1,1560,ft^3/s,111,ft,585,ft^2,2.67,ft/s,,,Unspecified,Unspecified,Unspecified,Unspecified,Unspecified,Unknown,Unspecified,2026-07-13T22:20:43.346961+00:00,point_velocity,Unspecified
05517500,POINT (-86.96832768953219 41.22001987983983),152c30ef-780c-4d02-9e7d-1bab01bf9039,USGS-05517500,50c11240-6808-4b74-831e-a88b91a68e3f,646,2021-06-09T16:33:41+00:00,main,1090,ft^3/s,106,ft,469,ft^2,2.32,ft/s,100.00,ft,Firm,Sand,Even,Unspecified,Standard,Steady,BridgeDownstreamSide,2026-07-13T22:20:43.346961+00:00,adcp,Downstream
05517500,POINT (-86.96832768953219 41.22001987983983),16192ddc-1017-4519-aef6-03c8be284a33,USGS-05517500,450d59df-b2dd-bcd4-e053-0100007f1988,450,1990-09-04T15:50:00+00:00,Imported Channel 1,1700,ft^3/s,138,ft,776,ft^2,2.19,ft/s,,,Unspecified,Unspecified,Unspecified,Unspecified,Unspecified,Unknown,BridgeCrane,2026-07-13T22:20:43.346961+00:00,point_velocity,Unspecified
05517500,POINT (-86.96832768953219 41.22001987983983),168b8b7d-bdf6-4f7b-851c-5d77f7995500,USGS-05517500,450d983e-536b-d112-e053-0100007f687d,615,2015-09-23T17:51:35+00:00,Main,1380,ft^3/s,111,ft,568,ft^2,2.43,ft/s,150.00,ft,Soft,Sand,Even,Unspecified,Standard,Unknown,BridgeDownstreamSide,2026-07-13T22:20:43.346961+00:00,adcp,Downstream
05517500,POINT (-86.96832768953219 41.22001987983983),1726cde6-f3e4-46b4-b5e8-6ef688f2924c,USGS-05517500,450d6112-6707-bf54-e053-0100007fbeb2,87,1954-10-15T05:00:00+00:00,Imported Channel 1,4020,ft^3/s,133,ft,1290,ft^2,3.21,ft/s,,,Unspecified,Unspecified,Unspecified,Unspecified,Unspecified,Unknown,Unspecified,2026-07-13T22:20:43.346961+00:00,point_velocity,Unspecified
05517500,POINT (-86.96832768953219 41.22001987983983),17ac18ca-855e-439b-8d6f-26cef6808bbb,USGS-05517500,450d761c-cf4e-c616-e053-0100007ff421,33,1950-10-09T05:00:00+00:00,Imported Channel 1,732,ft^3/s,94.0,ft,392,ft^2,1.86,ft/s,,,Unspecified,Unspecified,Unspecified,Unspecified,Unspecified,Unknown,Unspecified,2026-07-13T22:20:43.346961+00:00,point_velocity,Unspecified
05517500,POINT (-86.96832768953219 41.22001987983983),17be9426-de4e-4c79-ac77-b37a1b8e4ef3,USGS-05517500,450da792-9916-d607-e053-0100007fa9c4,355,1980-08-13T05:00:00+00:00,Imported Channel 1,713,ft^3/s,105,ft,316,ft^2,2.26,ft/s,,,Unspecified,Unspecified,Unspecified,Unspecified,Unspecified,Unknown,Unspecified,2026-07-13T22:20:43.346961+00:00,point_velocity,Unspecified
05517500,POINT (-86.96832768953219 41.22001987983983),188cbce9-2d7b-45b2-b766-8ae75b2b9dc6,USGS-05517500,450d93c9-58e2-d007-e053-0100007fd874,5,1948-11-19T05:00:00+00:00,Imported Channel 1,523,ft^3/s,93.0,ft,326,ft^2,1.60,ft/s,,,Unspecified,Unspecified,Unspecified,Unspecified,Unspecified,Unknown,Unspecified,2026-07-13T22:20:43.346961+00:00,point_velocity,Unspecified
05517500,POINT (-86.96832768953219 41.22001987983983),188ff023-04cd-4bb6-8178-b4e4ec3ae9e2,USGS-05517500,450d844f-623c-ca9b-e053-0100007ff3e5,84,1954-10-01T05:00:00+00:00,Imported Channel 1,1770,ft^3/s,110,ft,717,ft^2,2.47,ft/s,,,Unspecified,Unspecified,Unspecified,Unspecified,Unspecified,Unknown,Unspecified,2026-07-13T22:20:43.346961+00:00,point_velocity,Unspecified
05517500,POINT (-86.96832768953219 41.22001987983983),199c60c2-b452-49c9-9abf-7cfd7e3b8281,USGS-05517500,450d7523-2a72-c5b4-e053-0100007f357b,120,1956-12-31T05:00:00+00:00,Imported Channel 1,437,ft^3/s,119,ft,333,ft^2,1.31,ft/s,,,Unspecified,Unspecified,Unspecified,Unspecified,Unspecified,Unknown,Unspecified,2026-07-13T22:20:43.346961+00:00,point_velocity,Unspecified
05517500,POINT (-86.96832768953219 41.22001987983983),1a6a645c-75c1-4cae-9558-9089dc558c44,USGS-05517500,450d690e-5cf3-c1d8-e053-0100007fb8e7,447,1990-04-16T17:40:00+00:00,Imported Channel 1,2410,ft^3/s,150,ft,1040,ft^2,2.32,ft/s,,,Unspecified,Unspecified,Unspecified,Unspecified,Unspecified,Unknown,BridgeCrane,2026-07-13T22:20:43.346961+00:00,point_velocity,Unspecified
05517500,POINT (-86.96832768953219 41.22001987983983),1b47b90e-3e5c-4db3-96b2-b2b4fc02b4c8,USGS-05517500,450d8995-2335-cc18-e053-0100007fff40,122,1967-01-21T05:00:00+00:00,Imported Channel 1,464,ft^3/s,82.0,ft,316,ft^2,1.47,ft/s,,,Unspecified,Unspecified,Unspecified,Unspecified,Unspecified,Unknown,Unspecified,2026-07-13T22:20:43.346961+00:00,point_velocity,Unspecified
05517500,POINT (-86.96832768953219 41.22001987983983),1b694e92-0fa7-4c24-b8a0-5f2327fefc5e,USGS-05517500,450d8366-32fa-ca77-e053-0100007fc6b4,271,1971-10-13T05:00:00+00:00,Imported Channel 1,602,ft^3/s,99.0,ft,274,ft^2,2.20,ft/s,,,Unspecified,Unspecified,Unspecified,Unspecified,Unspecified,Unknown,Unspecified,2026-07-13T22:20:43.346961+00:00,point_velocity,Unspecified
05517500,POINT (-86.96832768953219 41.22001987983983),1b7043f8-cec8-4343-aa1b-78604fe82873,USGS-05517500,450d983e-533d-d112-e053-0100007f687d,239,1966-09-13T05:00:00+00:00,Imported Channel 1,438,ft^3/s,123,ft,265,ft^2,1.65,ft/s,,,Unspecified,Unspecified,Unspecified,Unspecified,Unspecified,Unknown,Unspecified,2026-07-13T22:20:43.346961+00:00,point_velocity,Unspecified
05517500,POINT (-86.96832768953219 41.22001987983983),1c143619-66ec-4312-8bac-ea97d65a7a9d,USGS-05517500,450d6667-275e-c10b-e053-0100007f0807,441,1989-05-22T16:20:00+00:00,Imported Channel 1,1130,ft^3/s,110,ft,480,ft^2,2.35,ft/s,,,Unspecified,Unspecified,Unspecified,Unspecified,Unspecified,Unknown,BridgeCrane,2026-07-13T22:20:43.346961+00:00,point_velocity,Unspecified
05517500,POINT (-86.96832768953219 41.22001987983983),1c27a58e-4810-4f50-b5ad-4a2d873cbec1,USGS-05517500,450d6778-bbb3-c146-e053-0100007f1cd9,536,2002-11-26T15:28:00+00:00,Imported Channel 1,457,ft^3/s,88.8,ft,298,ft^2,1.54,ft/s,,ft,Unspecified,Unspecified,Unspecified,Unspecified,Unspecified,Unknown,Unspecified,2026-07-13T22:20:43.346961+00:00,adcp,Unspecified
05517500,POINT (-86.96832768953219 41.22001987983983),1c49975d-5459-4584-a43f-c128f1f16e69,USGS-05517500,450d8d4d-c026-cd9f-e053-0100007faf42,612,2015-06-19T19:34:00+00:00,Imported Channel 1,4230,ft^3/s,,,,,,,,ft,Unspecified,Unspecified,Unspecified,Unspecified,Unspecified,Unknown,Unspecified,2026-07-13T22:20:43.346961+00:00,other_method,Unspecified
05517500,POINT (-86.96832768953219 41.22001987983983),1cdd7d31-d92a-461d-82a9-8bccac341f24,USGS-05517500,450d891e-bb39-cc14-e053-0100007f1158,34,1950-11-15T05:00:00+00:00,Imported Channel 1,685,ft^3/s,93.0,ft,367,ft^2,1.84,ft/s,,,Unspecified,Unspecified,Unspecified,Unspecified,Unspecified,Unknown,Unspecified,2026-07-13T22:20:43.346961+00:00,point_velocity,Unspecified
05517500,POINT (-86.96832768953219 41.22001987983983),1cee72e4-3c42-4821-9554-980314cf6bb7,USGS-05517500,450d8009-a36f-c98e-e053-0100007fd3a6,543,2004-04-15T22:43:00+00:00,Imported Channel 1,987,ft^3/s,114,ft,453,ft^2,2.18,ft/s,,ft,Unspecified,Unspecified,Unspecified,Unspecified,Unspecified,Unknown,Unspecified,2026-07-13T22:20:43.346961+00:00,adcp,Unspecified
05517500,POINT (-86.96832768953219 41.22001987983983),1d7af28b-8562-45f3-aa05-581c06884295,USGS-05517500,f40b1268-020e-4080-a863-2de765401e16,671,2026-05-27T17:36:44+00:00,main,1220,ft^3/s,117,ft,551,ft^2,2.20,ft/s,110.00,ft,Unspecified,Unspecified,Unspecified,Unspecified,Standard,Steady,BridgeDownstreamSide,2026-07-13T22:20:43.346961+00:00,adcp,Downstream
05517500,POINT (-86.96832768953219 41.22001987983983),1d7cf41d-ed8f-486e-a30d-caeb07c8ad16,USGS-05517500,450d97b8-dcb0-d132-e053-0100007f4a15,218,1965-01-28T05:00:00+00:00,Imported Channel 1,2680,ft^3/s,122,ft,1010,ft^2,2.61,ft/s,,,Unspecified,Unspecified,Unspecified,Unspecified,Unspecified,Unknown,Unspecified,2026-07-13T22:20:43.346961+00:00,point_velocity,Unspecified
05517500,POINT (-86.96832768953219 41.22001987983983),1d8e6ab1-47e5-4b20-9230-3b77f2e061a0,USGS-05517500,450d83d9-87d9-ca99-e053-0100007fbb0c,454,1991-01-28T18:30:00+00:00,Imported Channel 1,2880,ft^3/s,157,ft,1160,ft^2,2.49,ft/s,,,Unspecified,Unspecified,Unspecified,Unspecified,Unspecified,Unknown,BridgeCrane,2026-07-13T22:20:43.346961+00:00,point_velocity,Unspecified
05517500,POINT (-86.96832768953219 41.22001987983983),1e6e724b-9734-4d29-8e21-d27e4da4f24b,USGS-05517500,450d97b5-fe30-d130-e053-0100007f6b3a,283,1973-01-09T05:00:00+00:00,Imported Channel 1,3790,ft^3/s,132,ft,1250,ft^2,3.03,ft/s,,,Unspecified,Unspecified,Unspecified,Unspecified,Unspecified,Unknown,Unspecified,2026-07-13T22:20:43.346961+00:00,point_velocity,Unspecified
05517500,POINT (-86.96832768953219 41.22001987983983),1ebf9d73-238d-4ea7-9a78-db1cf6b3506c,USGS-05517500,450d8d4d-c085-cd9f-e053-0100007faf42,297,1974-06-20T05:00:00+00:00,Imported Channel 1,1440,ft^3/s,111,ft,506,ft^2,2.84,ft/s,,,Unspecified,Unspecified,Unspecified,Unspecified,Unspecified,Unknown,Unspecified,2026-07-13T22:20:43.346961+00:00,point_velocity,Unspecified
05517500,POINT (-86.96832768953219 41.22001987983983),1f2f40d6-cfd1-4402-8683-f960162fe1d0,USGS-05517500,450d9950-7030-d1b3-e053-0100007fdcb8,314,1976-04-08T05:00:00+00:00,Imported Channel 1,2440,ft^3/s,119,ft,883,ft^2,2.76,ft/s,,,Unspecified,Unspecified,Unspecified,Unspecified,Unspecified,Unknown,Unspecified,2026-07-13T22:20:43.346961+00:00,point_velocity,Unspecified
05517500,POINT (-86.96832768953219 41.22001987983983),1f6d4fef-e3c2-4608-87a1-04a0bc437ef4,USGS-05517500,450daf88-e0b1-d87c-e053-0100007fcd25,580,2010-10-07T17:59:00+00:00,Imported Channel 1,522,ft^3/s,99.2,ft,276,ft^2,1.89,ft/s,,ft,Firm,Sand,Uneven,Even,Unspecified,Unknown,BridgeDownstreamSide,2026-07-13T22:20:43.346961+00:00,adcp,AtTheGage
05517500,POINT (-86.96832768953219 41.22001987983983),1fc69436-29ad-4699-a9b9-97baf2e27d5a,USGS-05517500,450d7916-9332-c71f-e053-0100007fd66c,532,2002-08-05T22:47:00+00:00,Imported Channel 1,734,ft^3/s,102,ft,364,ft^2,2.02,ft/s,,ft,Unspecified,Unspecified,Unspecified,Unspecified,Unspecified,Unknown,Unspecified,2026-07-13T22:20:43.346961+00:00,adcp,Unspecified
05517500,POINT (-86.96832768953219 41.22001987983983),2022ad01-c20d-4771-8021-128920e5dd0d,USGS-05517500,450d9614-2486-d0ab-e053-0100007f0f12,147,1959-03-11T05:00:00+00:00,Imported Channel 1,2610,ft^3/s,127,ft,870,ft^2,3.00,ft/s,,,Unspecified,Unspecified,Unspecified,Unspecified,Unspecified,Unknown,Unspecified,2026-07-13T22:20:43.346961+00:00,point_velocity,Unspecified
05517500,POINT (-86.96832768953219 41.22001987983983),2031704d-8db0-4225-b2b7-50f5ca073f53,USGS-05517500,450d74fb-bc67-c5aa-e053-0100007fdfb9,530,2002-04-15T22:06:00+00:00,Imported Channel 1,2610,ft^3/s,131,ft,935,ft^2,2.80,ft/s,,,Unspecified,Unspecified,Unspecified,Unspecified,Unspecified,Unknown,Boat,2026-07-13T22:20:43.346961+00:00,point_velocity,Unspecified
05517500,POINT (-86.96832768953219 41.22001987983983),203c2c64-b482-4b32-947d-ac7c0586990b,USGS-05517500,450d963d-cd89-d0b0-e053-0100007f6d2a,576,2010-02-02T19:19:00+00:00,Imported Channel 1,1760,ft^3/s,114,ft,664,ft^2,2.65,ft/s,300.00,ft,Firm,Sand,Even,Even,Unspecified,Unknown,BridgeDownstreamSide,2026-07-13T22:20:43.346961+00:00,adcp,Downstream
05517500,POINT (-86.96832768953219 41.22001987983983),20cc1663-61ca-4d1e-9611-da3ae61eadd0,USGS-05517500,450d983e-5365-d112-e053-0100007f687d,330,1977-11-28T05:00:00+00:00,Imported Channel 1,898,ft^3/s,105,ft,402,ft^2,3.00,ft/s,,,Unspecified,Unspecified,Unspecified,Unspecified,Unspecified,Unknown,Unspecified,2026-07-13T22:20:43.346961+00:00,point_velocity,Unspecified
05517500,POINT (-86.96832768953219 41.22001987983983),21dc06d4-d787-4a3e-a2ef-f13b79e19fcf,USGS-05517500,450d7bf7-336f-c804-e053-0100007fec47,451,1990-10-10T17:55:00+00:00,Imported Channel 1,2680,ft^3/s,155,ft,1200,ft^2,2.23,ft/s,,,Unspecified,Unspecified,Unspecified,Unspecified,Unspecified,Unknown,BridgeCrane,2026-07-13T22:20:43.346961+00:00,point_velocity,Unspecified
05517500,POINT (-86.96832768953219 41.22001987983983),222393eb-802f-4a77-abca-074c32bc268a,USGS-05517500,450d75c5-5a99-c5da-e053-0100007f9ec1,433,1988-07-27T19:50:00+00:00,Imported Channel 1,375,ft^3/s,178,ft,278,ft^2,1.35,ft/s,,,Unspecified,Unspecified,Unspecified,Unspecified,Unspecified,Unknown,Wading,2026-07-13T22:20:43.346961+00:00,point_velocity,Unspecified
05517500,POINT (-86.96832768953219 41.22001987983983),222ef80f-a439-41a7-9de1-5c4660f736d9,USGS-05517500,47a5f4e7-06ae-0f6e-e053-0100007fc88f,624,2017-02-02T16:36:11+00:00,Main,2000,ft^3/s,115,ft,730,ft^2,2.74,ft/s,150.00,ft,Soft,Sand,Even,Unspecified,Standard,Unknown,BridgeDownstreamSide,2026-07-13T22:20:43.346961+00:00,adcp,Downstream
05517500,POINT (-86.96832768953219 41.22001987983983),22339bff-c007-46f8-8f87-5632f0c9f419,USGS-05517500,450d92b2-67ba-cf9b-e053-0100007f10aa,566,2008-02-12T14:05:00+00:00,Imported Channel 1,5420,ft^3/s,120,ft,1520,ft^2,3.55,ft/s,,ft,Unspecified,Unspecified,Unspecified,Unspecified,Unspecified,Unknown,Unspecified,2026-07-13T22:20:43.346961+00:00,adcp,Unspecified
05517500,POINT (-86.96832768953219 41.22001987983983),22626fb1-3f2a-464c-b865-ef8834573a38,USGS-05517500,450d74fb-bc7a-c5aa-e053-0100007fdfb9,24,1950-04-02T05:00:00+00:00,Imported Channel 1,3900,ft^3/s,132,ft,1270,ft^2,3.07,ft/s,,,Unspecified,Unspecified,Unspecified,Unspecified,Unspecified,Unknown,Unspecified,2026-07-13T22:20:43.346961+00:00,point_velocity,Unspecified
05517500,POINT (-86.96832768953219 41.22001987983983),232ca09d-2234-466e-a5c1-eb5664780f68,USGS-05517500,450d8013-c60d-c9a2-e053-0100007f33ff,49,1952-04-29T05:00:00+00:00,Imported Channel 1,2160,ft^3/s,115,ft,815,ft^2,2.65,ft/s,,,Unspecified,Unspecified,Unspecified,Unspecified,Unspecified,Unknown,Unspecified,2026-07-13T22:20:43.346961+00:00,point_velocity,Unspecified
05517500,POINT (-86.96832768953219 41.22001987983983),234760f3-53f4-42c2-9ec7-e68f5ddeee7c,USGS-05517500,450d801d-553b-c9a4-e053-0100007fa371,14,1949-09-01T05:00:00+00:00,Imported Channel 1,459,ft^3/s,92.0,ft,281,ft^2,1.63,ft/s,,,Unspecified,Unspecified,Unspecified,Unspecified,Unspecified,Unknown,Unspecified,2026-07-13T22:20:43.346961+00:00,point_velocity,Unspecified
05517500,POINT (-86.96832768953219 41.22001987983983),23a0e267-6fc6-4956-a6a4-fcdd4bb4a8a5,USGS-05517500,450db3fb-cf5b-da2e-e053-0100007f42fc,610,2015-04-08T17:20:29+00:00,Main,1360,ft^3/s,111,ft,578,ft^2,2.36,ft/s,150.00,ft,Soft,Sand,Even,Unspecified,Standard,Unknown,BridgeDownstreamSide,2026-07-13T22:20:43.346961+00:00,adcp,Downstream
05517500,POINT (-86.96832768953219 41.22001987983983),23df85fb-808a-4594-b513-bd07e6f88df9,USGS-05517500,450d5d57-4ed4-be49-e053-0100007ff52a,519,2000-08-08T12:03:00+00:00,Imported Channel 1,900,ft^3/s,122,ft,480,ft^2,1.98,ft/s,,,Unspecified,Unspecified,Unspecified,Unspecified,Unspecified,Unknown,Boat,2026-07-13T22:20:43.346961+00:00,point_velocity,Unspecified
05517500,POINT (-86.96832768953219 41.22001987983983),24098420-02d8-4abb-ad1f-e5233e17cda5,USGS-05517500,450d755f-220f-c5dc-e053-0100007f0625,493,1996-12-03T16:45:00+00:00,Imported Channel 1,2130,ft^3/s,,,,,0.00,ft/s,,,Unspecified,Unspecified,Unspecified,Unspecified,Unspecified,Unknown,Boat,2026-07-13T22:20:43.346961+00:00,point_velocity,Unspecified
05517500,POINT (-86.96832768953219 41.22001987983983),24b17a14-5d2d-4200-a304-8300be740079,USGS-05517500,450d8d4d-c08e-cd9f-e053-0100007faf42,352,1980-03-11T05:00:00+00:00,Imported Channel 1,2130,ft^3/s,115,ft,736,ft^2,2.89,ft/s,,,Unspecified,Unspecified,Unspecified,Unspecified,Unspecified,Unknown,Unspecified,2026-07-13T22:20:43.346961+00:00,point_velocity,Unspecified
05517500,POINT (-86.96832768953219 41.22001987983983),24cba831-b307-4193-befd-21242281f412,USGS-05517500,450d755f-2251-c5dc-e053-0100007f0625,202,1963-09-17T05:00:00+00:00,Imported Channel 1,371,ft^3/s,82.0,ft,235,ft^2,1.58,ft/s,,,Unspecified,Unspecified,Unspecified,Unspecified,Unspecified,Unknown,Unspecified,2026-07-13T22:20:43.346961+00:00,point_velocity,Unspecified
05517500,POINT (-86.96832768953219 41.22001987983983),24dbed9e-d43d-4d50-b43e-3e3ede653d53,USGS-05517500,fb61d666-d373-4193-966e-dd9613898123,669,2025-12-10T18:14:58+00:00,Main,855,ft^3/s,109,ft,419,ft^2,2.04,ft/s,200.00,ft,Unspecified,Unspecified,Unspecified,Unspecified,Unspecified,Unspecified,BridgeDownstreamSide,2026-07-13T22:20:43.346961+00:00,adcp,Downstream
05517500,POINT (-86.96832768953219 41.22001987983983),254335b2-75ca-4b52-893d-647de5954812,USGS-05517500,450d968a-f604-d088-e053-0100007f487d,78,1954-04-19T05:00:00+00:00,Imported Channel 1,1960,ft^3/s,113,ft,711,ft^2,2.76,ft/s,,,Unspecified,Unspecified,Unspecified,Unspecified,Unspecified,Unknown,Unspecified,2026-07-13T22:20:43.346961+00:00,point_velocity,Unspecified
05517500,POINT (-86.96832768953219 41.22001987983983),25d84c0d-d7cd-4402-9545-c045b01a4c6b,USGS-05517500,450d9950-700b-d1b3-e053-0100007fdcb8,216,1964-11-30T05:00:00+00:00,Imported Channel 1,609,ft^3/s,125,ft,344,ft^2,1.77,ft/s,,,Unspecified,Unspecified,Unspecified,Unspecified,Unspecified,Unknown,Unspecified,2026-07-13T22:20:43.346961+00:00,point_velocity,Unspecified
05517500,POINT (-86.96832768953219 41.22001987983983),25e1e129-7fe7-49f3-bdbe-3205c5f3da1d,USGS-05517500,450d9614-24bd-d0ab-e053-0100007f0f12,367,1981-11-17T05:00:00+00:00,Imported Channel 1,990,ft^3/s,110,ft,438,ft^2,2.26,ft/s,,,Unspecified,Unspecified,Unspecified,Unspecified,Unspecified,Unknown,Unspecified,2026-07-13T22:20:43.346961+00:00,point_velocity,Unspecified
05517500,POINT (-86.96832768953219 41.22001987983983),26cfebe5-ee72-4b95-9566-d714a8530f21,USGS-05517500,450daf7c-9b0e-d87e-e053-0100007fcea0,589,2012-03-19T20:57:00+00:00,Main,1610,ft^3/s,118,ft,640,ft^2,2.51,ft/s,,ft,Soft,Sand,Unspecified,Even,Standard,Unknown,BridgeDownstreamSide,2026-07-13T22:20:43.346961+00:00,adcp,AtTheGage
05517500,POINT (-86.96832768953219 41.22001987983983),27b5220d-2c63-437b-b153-adf057a245a2,USGS-05517500,450d59de-2853-bcdc-e053-0100007f93f3,425,1987-10-05T17:30:00+00:00,Imported Channel 1,867,ft^3/s,110,ft,377,ft^2,2.30,ft/s,,,Unspecified,Unspecified,Unspecified,Unspecified,Unspecified,Unknown,BridgeCrane,2026-07-13T22:20:43.346961+00:00,point_velocity,Unspecified
05517500,POINT (-86.96832768953219 41.22001987983983),27c90c9a-2493-4798-8e30-f86d0bc343f4,USGS-05517500,450d8360-41fc-ca75-e053-0100007ff789,550,2005-08-22T18:45:00+00:00,Imported Channel 1,745,ft^3/s,0.00,ft,0.00,ft^2,0.00,ft/s,,ft,Unspecified,Unspecified,Unspecified,Unspecified,Unspecified,Unknown,Unspecified,2026-07-13T22:20:43.346961+00:00,adcp,Unspecified
05517500,POINT (-86.96832768953219 41.22001987983983),281d0f23-4b1b-4289-8a7b-d56b4e2e6960,USGS-05517500,450d961b-d6b5-d0a4-e053-0100007fbd87,616,2015-11-18T16:18:19+00:00,Main,765,ft^3/s,103,ft,383,ft^2,2.00,ft/s,125.00,ft,Soft,Sand,Even,Unspecified,Standard,Unknown,BridgeDownstreamSide,2026-07-13T22:20:43.346961+00:00,adcp,Downstream
05517500,POINT (-86.96832768953219 41.22001987983983),28b52edb-0e85-45e7-8238-a16bd63485dd,USGS-05517500,450d93bc-33d8-cf99-e053-0100007f2cfb,89,1954-10-18T05:00:00+00:00,Imported Channel 1,4470,ft^3/s,133,ft,1410,ft^2,3.16,ft/s,,,Unspecified,Unspecified,Unspecified,Unspecified,Unspecified,Unknown,Unspecified,2026-07-13T22:20:43.346961+00:00,point_velocity,Unspecified
05517500,POINT (-86.96832768953219 41.22001987983983),28ff7e95-3f14-4f2c-b3af-fc7c5af20f1a,USGS-05517500,450d97b5-fe37-d130-e053-0100007f6b3a,350,1979-11-20T05:00:00+00:00,Imported Channel 1,764,ft^3/s,107,ft,344,ft^2,2.22,ft/s,,,Unspecified,Unspecified,Unspecified,Unspecified,Unspecified,Unknown,Unspecified,2026-07-13T22:20:43.346961+00:00,point_velocity,Unspecified
05517500,POINT (-86.96832768953219 41.22001987983983),29005005-ea74-4e2e-ab6e-3352a06cc217,USGS-05517500,450d7916-9355-c71f-e053-0100007fd66c,73,1954-02-08T05:00:00+00:00,Imported Channel 1,550,ft^3/s,87.0,ft,298,ft^2,1.85,ft/s,,,Unspecified,Unspecified,Unspecified,Unspecified,Unspecified,Unknown,Unspecified,2026-07-13T22:20:43.346961+00:00,point_velocity,Unspecified
05517500,POINT (-86.96832768953219 41.22001987983983),2987c899-9d59-41ab-a7b5-529e0db81071,USGS-05517500,450d9641-5317-d0ae-e053-0100007ff7b2,293,1974-01-10T05:00:00+00:00,Imported Channel 1,1030,ft^3/s,110,ft,576,ft^2,1.79,ft/s,,,Unspecified,Unspecified,Unspecified,Unspecified,Unspecified,Unknown,Unspecified,2026-07-13T22:20:43.346961+00:00,point_velocity,Unspecified
05517500,POINT (-86.96832768953219 41.22001987983983),29dbc11a-4ee7-427d-b1a4-87d580abc885,USGS-05517500,450d99ef-da48-d1cd-e053-0100007f6d49,175,1961-08-16T05:00:00+00:00,Imported Channel 1,898,ft^3/s,105,ft,401,ft^2,2.24,ft/s,,,Unspecified,Unspecified,Unspecified,Unspecified,Unspecified,Unknown,Unspecified,2026-07-13T22:20:43.346961+00:00,point_velocity,Unspecified
05517500,POINT (-86.96832768953219 41.22001987983983),29fd2087-58e8-4a3e-af71-d362f455c655,USGS-05517500,450d706d-633e-c46b-e053-0100007f424a,70,1953-11-05T05:00:00+00:00,Imported Channel 1,384,ft^3/s,73.0,ft,247,ft^2,1.55,ft/s,,,Unspecified,Unspecified,Unspecified,Unspecified,Unspecified,Unknown,Unspecified,2026-07-13T22:20:43.346961+00:00,point_velocity,Unspecified
05517500,POINT (-86.96832768953219 41.22001987983983),2a15b6d3-c23a-43de-8d0e-3fd549b956c4,USGS-05517500,450d8b6d-b1a1-ccf4-e053-0100007f70e1,17,1949-11-26T05:00:00+00:00,Imported Channel 1,626,ft^3/s,94.0,ft,342,ft^2,1.83,ft/s,,,Unspecified,Unspecified,Unspecified,Unspecified,Unspecified,Unknown,Unspecified,2026-07-13T22:20:43.346961+00:00,point_velocity,Unspecified
05517500,POINT (-86.96832768953219 41.22001987983983),2b0224f4-463c-49f5-8447-26dce2829e58,USGS-05517500,450d6778-bb76-c146-e053-0100007f1cd9,404,1985-03-06T05:00:00+00:00,Imported Channel 1,5110,ft^3/s,132,ft,1550,ft^2,3.30,ft/s,,,Unspecified,Unspecified,Unspecified,Unspecified,Unspecified,Unknown,BridgeCrane,2026-07-13T22:20:43.346961+00:00,point_velocity,Unspecified
05517500,POINT (-86.96832768953219 41.22001987983983),2b4c375f-5daf-4632-8508-4d482c1715d4,USGS-05517500,450d7cd6-6d79-c894-e053-0100007f1717,246,1967-07-24T05:00:00+00:00,Imported Channel 1,718,ft^3/s,100,ft,302,ft^2,2.26,ft/s,,,Unspecified,Unspecified,Unspecified,Unspecified,Unspecified,Unknown,Unspecified,2026-07-13T22:20:43.346961+00:00,point_velocity,Unspecified
05517500,POINT (-86.96832768953219 41.22001987983983),2b68b96a-aeaa-4630-8e30-1274471f0af0,USGS-05517500,450d8d4d-c014-cd9f-e053-0100007faf42,525,2001-08-01T13:48:00+00:00,Imported Channel 1,816,ft^3/s,108,ft,391,ft^2,2.08,ft/s,,,Unspecified,Unspecified,Unspecified,Unspecified,Unspecified,Unknown,BridgeCrane,2026-07-13T22:20:43.346961+00:00,point_velocity,Unspecified
05517500,POINT (-86.96832768953219 41.22001987983983),2bb46591-5637-4d78-a865-46ba2fce8612,USGS-05517500,dc61c867-31fd-465e-a55c-dad666204cd8,660,2024-02-01T16:37:50+00:00,main,3680,ft^3/s,122,ft,1140,ft^2,3.24,ft/s,150.00,ft,Firm,Sand,Even,Unspecified,Standard,Steady,BridgeDownstreamSide,2026-07-13T22:20:43.346961+00:00,adcp,Downstream
05517500,POINT (-86.96832768953219 41.22001987983983),2bc07c9e-d6c0-408f-99e8-a80e7bf265b3,USGS-05517500,450d8366-32da-ca77-e053-0100007fc6b4,181,1962-02-22T05:00:00+00:00,Imported Channel 1,1150,ft^3/s,113,ft,495,ft^2,2.32,ft/s,,,Unspecified,Unspecified,Unspecified,Unspecified,Unspecified,Unknown,Unspecified,2026-07-13T22:20:43.346961+00:00,point_velocity,Unspecified
05517500,POINT (-86.96832768953219 41.22001987983983),2bcf2b2c-dd98-4816-ac80-cd1bcd33d709,USGS-05517500,450d983e-5346-d112-e053-0100007f687d,255,1969-02-17T05:00:00+00:00,Imported Channel 1,1760,ft^3/s,115,ft,658,ft^2,2.67,ft/s,,,Unspecified,Unspecified,Unspecified,Unspecified,Unspecified,Unknown,Unspecified,2026-07-13T22:20:43.346961+00:00,point_velocity,Unspecified
05517500,POINT (-86.96832768953219 41.22001987983983),2be62316-e0fe-4399-aeed-2b0b6a41da86,USGS-05517500,450d7b90-ca09-c806-e053-0100007f4264,403,1985-03-04T05:00:00+00:00,Imported Channel 1,5380,ft^3/s,132,ft,1580,ft^2,3.41,ft/s,,,Unspecified,Unspecified,Unspecified,Unspecified,Unspecified,Unknown,BridgeCrane,2026-07-13T22:20:43.346961+00:00,point_velocity,Unspecified
05517500,POINT (-86.96832768953219 41.22001987983983),2caceb8c-067e-4581-befa-7a11ff85c6e1,USGS-05517500,450d83cb-e2d4-ca79-e053-0100007f26e2,551,2005-10-26T20:45:00+00:00,Imported Channel 1,467,ft^3/s,105,ft,254,ft^2,1.84,ft/s,,ft,Unspecified,Unspecified,Unspecified,Unspecified,Unspecified,Unknown,Unspecified,2026-07-13T22:20:43.346961+00:00,adcp,Unspecified
05517500,POINT (-86.96832768953219 41.22001987983983),2cbf970c-3879-4c44-862f-d29fadd76dd6,USGS-05517500,964d2d61-be31-75b7-e053-0100007f2145,639,2019-10-30T15:27:08+00:00,Main,1330,ft^3/s,109,ft,546,ft^2,2.43,ft/s,150.00,ft,Soft,Sand,Even,Unspecified,Standard,Steady,BridgeDownstreamSide,2026-07-13T22:20:43.346961+00:00,adcp,Downstream
05517500,POINT (-86.96832768953219 41.22001987983983),2d2f0572-ee85-43a1-bddc-487cbd6b0281,USGS-05517500,450d844f-61e9-ca9b-e053-0100007ff3e5,418,1986-12-01T05:00:00+00:00,Imported Channel 1,2160,ft^3/s,120,ft,821,ft^2,2.63,ft/s,,,Unspecified,Unspecified,Unspecified,Unspecified,Unspecified,Unknown,BridgeCrane,2026-07-13T22:20:43.346961+00:00,point_velocity,Unspecified
05517500,POINT (-86.96832768953219 41.22001987983983),2d77b396-77ea-44fb-95e9-8fba4b385c49,USGS-05517500,450daf88-e0b2-d87c-e053-0100007fcd25,590,2012-05-22T17:33:00+00:00,Main,931,ft^3/s,111,ft,421,ft^2,2.21,ft/s,,ft,Soft,Sand,Unspecified,Unspecified,Standard,Unknown,BridgeDownstreamSide,2026-07-13T22:20:43.346961+00:00,adcp,AtTheGage
05517500,POINT (-86.96832768953219 41.22001987983983),2f6061da-4bee-40d3-bfa5-03f354f850df,USGS-05517500,450d5979-666b-bcea-e053-0100007f9e33,422,1987-05-26T05:00:00+00:00,Imported Channel 1,1540,ft^3/s,115,ft,619,ft^2,2.49,ft/s,,,Unspecified,Unspecified,Unspecified,Unspecified,Unspecified,Unknown,BridgeCrane,2026-07-13T22:20:43.346961+00:00,point_velocity,Unspecified
05517500,POINT (-86.96832768953219 41.22001987983983),2f772fa5-0aee-4cd1-921f-a02c1ccd9d5d,USGS-05517500,450d7508-7106-c5ac-e053-0100007f62d3,452,1990-12-01T13:45:00+00:00,Imported Channel 1,3280,ft^3/s,160,ft,1360,ft^2,2.41,ft/s,,,Unspecified,Unspecified,Unspecified,Unspecified,Unspecified,Unknown,BridgeCrane,2026-07-13T22:20:43.346961+00:00,point_velocity,Unspecified
05517500,POINT (-86.96832768953219 41.22001987983983),3012cde1-89ce-49b4-bfbe-1424c8b7068b,USGS-05517500,450d9641-5322-d0ae-e053-0100007ff7b2,368,1982-01-20T05:00:00+00:00,Imported Channel 1,1160,ft^3/s,115,ft,737,ft^2,1.57,ft/s,,,Unspecified,Unspecified,Unspecified,Unspecified,Unspecified,Unknown,Unspecified,2026-07-13T22:20:43.346961+00:00,point_velocity,Unspecified
05517500,POINT (-86.96832768953219 41.22001987983983),31349d12-0307-4ca2-9666-633379c3852a,USGS-05517500,450d8909-7021-cc12-e053-0100007f18b3,195,1963-02-18T05:00:00+00:00,Imported Channel 1,381,ft^3/s,70.0,ft,327,ft^2,1.16,ft/s,,,Unspecified,Unspecified,Unspecified,Unspecified,Unspecified,Unknown,Unspecified,2026-07-13T22:20:43.346961+00:00,point_velocity,Unspecified
05517500,POINT (-86.96832768953219 41.22001987983983),313fa990-6e34-44d5-809f-1616513d5119,USGS-05517500,450d6112-66f6-bf54-e053-0100007fbeb2,9,1949-03-20T05:00:00+00:00,Imported Channel 1,1220,ft^3/s,105,ft,494,ft^2,2.47,ft/s,,,Unspecified,Unspecified,Unspecified,Unspecified,Unspecified,Unknown,Unspecified,2026-07-13T22:20:43.346961+00:00,point_velocity,Unspecified
05517500,POINT (-86.96832768953219 41.22001987983983),3170f724-7e3a-4d4e-9c29-203f844ea22b,USGS-05517500,450d7523-2a44-c5b4-e053-0100007f357b,486,1995-10-02T17:59:00+00:00,Imported Channel 1,517,ft^3/s,116,ft,308,ft^2,1.68,ft/s,,,Unspecified,Unspecified,Unspecified,Unspecified,Unspecified,Unknown,BridgeCrane,2026-07-13T22:20:43.346961+00:00,point_velocity,Unspecified
05517500,POINT (-86.96832768953219 41.22001987983983),32a236a1-2876-485b-9a88-1d5a136902a8,USGS-05517500,450d86d7-87f6-cb88-e053-0100007fb403,183,1962-05-29T05:00:00+00:00,Imported Channel 1,3460,ft^3/s,132,ft,1210,ft^2,2.86,ft/s,,,Unspecified,Unspecified,Unspecified,Unspecified,Unspecified,Unknown,Unspecified,2026-07-13T22:20:43.346961+00:00,point_velocity,Unspecified
05517500,POINT (-86.96832768953219 41.22001987983983),32c4d661-a8ba-41bc-b5ca-5ea6fc112d97,USGS-05517500,450d968f-ab2a-d084-e053-0100007f8295,112,1956-03-19T05:00:00+00:00,Imported Channel 1,1320,ft^3/s,106,ft,503,ft^2,2.62,ft/s,,,Unspecified,Unspecified,Unspecified,Unspecified,Unspecified,Unknown,Unspecified,2026-07-13T22:20:43.346961+00:00,point_velocity,Unspecified
05517500,POINT (-86.96832768953219 41.22001987983983),3303b8be-78d0-4c83-9033-43ad3c36dfee,USGS-05517500,450d761c-cf60-c616-e053-0100007ff421,127,1967-06-25T05:00:00+00:00,Imported Channel 1,931,ft^3/s,102,ft,413,ft^2,2.25,ft/s,,,Unspecified,Unspecified,Unspecified,Unspecified,Unspecified,Unknown,Unspecified,2026-07-13T22:20:43.346961+00:00,point_velocity,Unspecified
05517500,POINT (-86.96832768953219 41.22001987983983),331163fb-c5e6-44e6-8e1d-4cabd228fa82,USGS-05517500,450d8d4d-c015-cd9f-e053-0100007faf42,527,2001-10-02T12:22:00+00:00,Imported Channel 1,541,ft^3/s,,,,,,,,ft,Unspecified,Unspecified,Unspecified,Unspecified,Unspecified,Unknown,Unspecified,2026-07-13T22:20:43.346961+00:00,other_method,Unspecified
05517500,POINT (-86.96832768953219 41.22001987983983),33ebf61a-d9b2-4a2b-a242-879138aaa22f,USGS-05517500,450d8360-4209-ca75-e053-0100007ff789,27,1950-04-27T05:00:00+00:00,Imported Channel 1,3700,ft^3/s,134,ft,1300,ft^2,2.82,ft/s,,,Unspecified,Unspecified,Unspecified,Unspecified,Unspecified,Unknown,Unspecified,2026-07-13T22:20:43.346961+00:00,point_velocity,Unspecified
05517500,POINT (-86.96832768953219 41.22001987983983),33fae62d-4935-466f-8f45-06862f2a9016,USGS-05517500,450d9950-6ffa-d1b3-e053-0100007fdcb8,108,1955-11-28T05:00:00+00:00,Imported Channel 1,754,ft^3/s,100,ft,379,ft^2,1.99,ft/s,,,Unspecified,Unspecified,Unspecified,Unspecified,Unspecified,Unknown,Unspecified,2026-07-13T22:20:43.346961+00:00,point_velocity,Unspecified
05517500,POINT (-86.96832768953219 41.22001987983983),346573d7-dda2-4725-b70d-d6a2689b7887,USGS-05517500,450d8995-2343-cc18-e053-0100007fff40,277,1972-06-14T05:00:00+00:00,Imported Channel 1,4080,ft^3/s,110,ft,459,ft^2,2.37,ft/s,,,Unspecified,Unspecified,Unspecified,Unspecified,Unspecified,Unknown,Unspecified,2026-07-13T22:20:43.346961+00:00,point_velocity,Unspecified
05517500,POINT (-86.96832768953219 41.22001987983983),347eeed8-9765-4097-b8de-e6ae812dd008,USGS-05517500,450d99dd-74a6-d1c9-e053-0100007f0c1a,583,2011-05-12T16:52:52+00:00,main,2570,ft^3/s,122,ft,904,ft^2,2.84,ft/s,,ft,Soft,Sand,Even,Even,Standard,Unknown,BridgeDownstreamSide,2026-07-13T22:20:43.346961+00:00,adcp,AtTheGage
05517500,POINT (-86.96832768953219 41.22001987983983),3589a090-4b50-4e7e-883a-8bd5b2be2377,USGS-05517500,450d83e2-8e0c-ca97-e053-0100007ff8bd,105,1955-08-15T05:00:00+00:00,Imported Channel 1,531,ft^3/s,86.0,ft,283,ft^2,1.88,ft/s,,,Unspecified,Unspecified,Unspecified,Unspecified,Unspecified,Unknown,Unspecified,2026-07-13T22:20:43.346961+00:00,point_velocity,Unspecified
05517500,POINT (-86.96832768953219 41.22001987983983),3649b567-1a2a-491f-a5fd-5d54ce93c896,USGS-05517500,450d7807-1a13-c6c0-e053-0100007ff875,482,1995-02-01T14:40:00+00:00,Imported Channel 1,1470,ft^3/s,131,ft,660,ft^2,2.20,ft/s,,,Unspecified,Unspecified,Unspecified,Unspecified,Unspecified,Unknown,Cableway,2026-07-13T22:20:43.346961+00:00,point_velocity,Unspecified
05517500,POINT (-86.96832768953219 41.22001987983983),368ea552-5bad-44a7-af73-1a9ab9b0597b,USGS-05517500,450d7508-7160-c5ac-e053-0100007f62d3,220,1965-03-08T05:00:00+00:00,Imported Channel 1,2590,ft^3/s,125,ft,980,ft^2,2.65,ft/s,,,Unspecified,Unspecified,Unspecified,Unspecified,Unspecified,Unknown,Unspecified,2026-07-13T22:20:43.346961+00:00,point_velocity,Unspecified
05517500,POINT (-86.96832768953219 41.22001987983983),36ea6b5e-0bd0-4610-9708-c90e8b34eca0,USGS-05517500,450d8896-7492-cc10-e053-0100007f4527,542,2004-01-21T20:12:00+00:00,Imported Channel 1,918,ft^3/s,111,ft,478,ft^2,1.92,ft/s,,ft,Unspecified,Unspecified,Unspecified,Unspecified,Unspecified,Unknown,Unspecified,2026-07-13T22:20:43.346961+00:00,adcp,Unspecified
05517500,POINT (-86.96832768953219 41.22001987983983),372e18b1-ffaf-4c3b-8c1e-b69581927697,USGS-05517500,450d8909-6fb5-cc12-e053-0100007f18b3,414,1986-06-09T05:00:00+00:00,Imported Channel 1,2820,ft^3/s,125,ft,1000,ft^2,2.82,ft/s,,,Unspecified,Unspecified,Unspecified,Unspecified,Unspecified,Unknown,BridgeCrane,2026-07-13T22:20:43.346961+00:00,point_velocity,Unspecified
05517500,POINT (-86.96832768953219 41.22001987983983),37d6b68a-cd5a-4611-bd60-bf84fc7d2878,USGS-05517500,450d8d7e-456a-cd9d-e053-0100007fecfa,333,1978-06-06T05:00:00+00:00,Imported Channel 1,1320,ft^3/s,110,ft,522,ft^2,2.53,ft/s,,,Unspecified,Unspecified,Unspecified,Unspecified,Unspecified,Unknown,Unspecified,2026-07-13T22:20:43.346961+00:00,point_velocity,Unspecified
05517500,POINT (-86.96832768953219 41.22001987983983),3869a21f-e3e6-4122-a478-53ed7ca14b2f,USGS-05517500,450d8995-22ff-cc18-e053-0100007fff40,8,1949-02-19T05:00:00+00:00,Imported Channel 1,2960,ft^3/s,128,ft,1030,ft^2,2.88,ft/s,,,Unspecified,Unspecified,Unspecified,Unspecified,Unspecified,Unknown,Unspecified,2026-07-13T22:20:43.346961+00:00,point_velocity,Unspecified
05517500,POINT (-86.96832768953219 41.22001987983983),398316fa-c150-4a4f-acc1-56fdf5fe9897,USGS-05517500,450d7508-711c-c5ac-e053-0100007f62d3,539,2003-05-13T20:56:00+00:00,Imported Channel 1,2940,ft^3/s,130,ft,1100,ft^2,2.67,ft/s,,ft,Unspecified,Unspecified,Unspecified,Unspecified,Unspecified,Unknown,Unspecified,2026-07-13T22:20:43.346961+00:00,adcp,Unspecified
05517500,POINT (-86.96832768953219 41.22001987983983),39ff14e2-ba09-45dd-9c66-b910e6511eac,USGS-05517500,450d968f-ab2e-d084-e053-0100007f8295,150,1959-06-18T05:00:00+00:00,Imported Channel 1,924,ft^3/s,104,ft,403,ft^2,2.29,ft/s,,,Unspecified,Unspecified,Unspecified,Unspecified,Unspecified,Unknown,Unspecified,2026-07-13T22:20:43.346961+00:00,point_velocity,Unspecified
05517500,POINT (-86.96832768953219 41.22001987983983),3aaf0a02-619e-4604-9954-5fad624653d6,USGS-05517500,450d7cb8-337f-c808-e053-0100007fc000,138,1958-05-27T05:00:00+00:00,Imported Channel 1,659,ft^3/s,93.0,ft,293,ft^2,2.25,ft/s,,,Unspecified,Unspecified,Unspecified,Unspecified,Unspecified,Unknown,Unspecified,2026-07-13T22:20:43.346961+00:00,point_velocity,Unspecified
05517500,POINT (-86.96832768953219 41.22001987983983),3b2d02e1-7e4c-44e0-887a-a27d75bb87a4,USGS-05517500,450d8d7e-456b-cd9d-e053-0100007fecfa,340,1979-01-12T05:00:00+00:00,Imported Channel 1,751,ft^3/s,114,ft,540,ft^2,1.39,ft/s,,,Unspecified,Unspecified,Unspecified,Unspecified,Unspecified,Unknown,Unspecified,2026-07-13T22:20:43.346961+00:00,point_velocity,Unspecified
05517500,POINT (-86.96832768953219 41.22001987983983),3b55a3b8-e92c-44d9-b58c-5670d122c0aa,USGS-05517500,450d8d7e-453c-cd9d-e053-0100007fecfa,170,1961-03-22T05:00:00+00:00,Imported Channel 1,2320,ft^3/s,123,ft,872,ft^2,2.66,ft/s,,,Unspecified,Unspecified,Unspecified,Unspecified,Unspecified,Unknown,Unspecified,2026-07-13T22:20:43.346961+00:00,point_velocity,Unspecified
05517500,POINT (-86.96832768953219 41.22001987983983),3c27a401-6403-4af1-9e69-746f375c86eb,USGS-05517500,450d70bc-1dca-c469-e053-0100007fd2b9,438,1989-01-17T19:05:00+00:00,Imported Channel 1,1870,ft^3/s,116,ft,718,ft^2,2.60,ft/s,,,Unspecified,Unspecified,Unspecified,Unspecified,Unspecified,Unknown,BridgeCrane,2026-07-13T22:20:43.346961+00:00,point_velocity,Unspecified
05517500,POINT (-86.96832768953219 41.22001987983983),3e6acbe2-4d5b-43d2-95f8-b71f574d7d40,USGS-05517500,450d74c6-c01e-c5b8-e053-0100007fca04,545,2004-10-19T17:48:00+00:00,Imported Channel 1,614,ft^3/s,106,ft,373,ft^2,1.65,ft/s,,ft,Unspecified,Unspecified,Unspecified,Unspecified,Unspecified,Unknown,Unspecified,2026-07-13T22:20:43.346961+00:00,adcp,Unspecified
05517500,POINT (-86.96832768953219 41.22001987983983),3ea9a7f0-81f5-4424-92e7-9e6bd3f36c1f,USGS-05517500,450d6112-66d0-bf54-e053-0100007fbeb2,474,1993-12-20T18:00:00+00:00,Imported Channel 1,1850,ft^3/s,136,ft,799,ft^2,2.30,ft/s,,,Unspecified,Unspecified,Unspecified,Unspecified,Unspecified,Unknown,BridgeCrane,2026-07-13T22:20:43.346961+00:00,point_velocity,Unspecified
05517500,POINT (-86.96832768953219 41.22001987983983),3ed9b7ba-1626-429e-8ac7-dd23b2a47e3c,USGS-05517500,450d8995-232a-cc18-e053-0100007fff40,207,1964-02-05T05:00:00+00:00,Imported Channel 1,573,ft^3/s,95.0,ft,308,ft^2,1.86,ft/s,,,Unspecified,Unspecified,Unspecified,Unspecified,Unspecified,Unknown,Unspecified,2026-07-13T22:20:43.346961+00:00,point_velocity,Unspecified
05517500,POINT (-86.96832768953219 41.22001987983983),3f2c29d5-8fa7-4afe-a916-b675e387f5ef,USGS-05517500,450d9a18-793f-d1cb-e053-0100007f081c,230,1965-12-29T05:00:00+00:00,Imported Channel 1,2960,ft^3/s,,,,,,,,,Unspecified,Unspecified,Unspecified,Unspecified,Unspecified,Unknown,Unspecified,2026-07-13T22:20:43.346961+00:00,point_velocity,Unspecified
05517500,POINT (-86.96832768953219 41.22001987983983),3f43e315-7779-414d-99ca-b365ac0a6e72,USGS-05517500,450d99ef-da43-d1cd-e053-0100007f6d49,162,1960-06-16T05:00:00+00:00,Imported Channel 1,2410,ft^3/s,121,ft,882,ft^2,2.73,ft/s,,,Unspecified,Unspecified,Unspecified,Unspecified,Unspecified,Unknown,Unspecified,2026-07-13T22:20:43.346961+00:00,point_velocity,Unspecified
05517500,POINT (-86.96832768953219 41.22001987983983),3f7b0614-1ed7-4eff-bb80-29b3b1347097,USGS-05517500,450d8b9c-6ed8-ccef-e053-0100007f7e6e,461,1991-12-09T14:55:00+00:00,Imported Channel 1,1760,ft^3/s,136,ft,783,ft^2,2.25,ft/s,,,Unspecified,Unspecified,Unspecified,Unspecified,Unspecified,Unknown,BridgeCrane,2026-07-13T22:20:43.346961+00:00,point_velocity,Unspecified
05517500,POINT (-86.96832768953219 41.22001987983983),3ffff0ea-1cdb-4573-83b1-dd64990b94f8,USGS-05517500,8518d583-a9fa-d910-e053-0100007f70d6,636,2019-03-26T15:38:27+00:00,Main,2040,ft^3/s,116,ft,720,ft^2,2.83,ft/s,175.00,ft,Soft,Sand,Even,Unspecified,Standard,Steady,BridgeDownstreamSide,2026-07-13T22:20:43.346961+00:00,adcp,Downstream
05517500,POINT (-86.96832768953219 41.22001987983983),40208aaf-f623-4a69-9450-4faf33db688a,USGS-05517500,450d996b-a22a-d1b1-e053-0100007f0906,282,1972-12-12T05:00:00+00:00,Imported Channel 1,2040,ft^3/s,118,ft,757,ft^2,2.69,ft/s,,,Unspecified,Unspecified,Unspecified,Unspecified,Unspecified,Unknown,Unspecified,2026-07-13T22:20:43.346961+00:00,point_velocity,Unspecified
05517500,POINT (-86.96832768953219 41.22001987983983),4082f914-a47d-4518-8a8d-eb6ad4393cd5,USGS-05517500,450d99ef-da72-d1cd-e053-0100007f6d49,281,1972-10-31T05:00:00+00:00,Imported Channel 1,2320,ft^3/s,130,ft,904,ft^2,2.57,ft/s,,,Unspecified,Unspecified,Unspecified,Unspecified,Unspecified,Unknown,Unspecified,2026-07-13T22:20:43.346961+00:00,point_velocity,Unspecified
05517500,POINT (-86.96832768953219 41.22001987983983),40bc34ac-0160-401d-870a-9aa1cb11aedf,USGS-05517500,450d7905-f5a3-c71b-e053-0100007f311d,499,1997-10-07T14:42:00+00:00,Imported Channel 1,719,ft^3/s,,,,,0.00,ft/s,,,Unspecified,Unspecified,Unspecified,Unspecified,Unspecified,Unknown,Boat,2026-07-13T22:20:43.346961+00:00,point_velocity,Unspecified
05517500,POINT (-86.96832768953219 41.22001987983983),414054e4-7ca8-4c3f-bfc0-03cb74dd5af6,USGS-05517500,450d9a18-7958-d1cb-e053-0100007f081c,312,1976-02-11T05:00:00+00:00,Imported Channel 1,1230,ft^3/s,110,ft,496,ft^2,2.48,ft/s,,,Unspecified,Unspecified,Unspecified,Unspecified,Unspecified,Unknown,Unspecified,2026-07-13T22:20:43.346961+00:00,point_velocity,Unspecified
05517500,POINT (-86.96832768953219 41.22001987983983),41827103-f9d5-4e72-816e-deff7f478cfd,USGS-05517500,450d7557-6a38-c5d8-e053-0100007ffe37,481,1994-12-19T17:10:00+00:00,Imported Channel 1,1990,ft^3/s,137,ft,840,ft^2,2.37,ft/s,,,Unspecified,Unspecified,Unspecified,Unspecified,Unspecified,Unknown,BridgeCrane,2026-07-13T22:20:43.346961+00:00,point_velocity,Unspecified
05517500,POINT (-86.96832768953219 41.22001987983983),4215d748-96ea-496b-aa55-0f5f896ebb00,USGS-05517500,450d7fed-7a6d-c98c-e053-0100007fbf34,523,2001-04-03T12:14:00+00:00,Imported Channel 1,1340,ft^3/s,,,,,0.00,ft/s,,,Unspecified,Unspecified,Unspecified,Unspecified,Unspecified,Unknown,Boat,2026-07-13T22:20:43.346961+00:00,point_velocity,Unspecified
05517500,POINT (-86.96832768953219 41.22001987983983),42384c9f-47a9-4469-aea4-7ed91de0d85d,USGS-05517500,450d968f-ab5e-d084-e053-0100007f8295,620,2016-06-29T16:37:37+00:00,Main,1840,ft^3/s,112,ft,680,ft^2,2.71,ft/s,125.00,ft,Soft,Sand,Even,Unspecified,Standard,Unknown,BridgeDownstreamSide,2026-07-13T22:20:43.346961+00:00,adcp,Downstream
05517500,POINT (-86.96832768953219 41.22001987983983),43b31200-e5a0-436a-b7ee-56ab204d007b,USGS-05517500,450d93d2-b2d5-d00b-e053-0100007ff0a3,19,1949-12-28T05:00:00+00:00,Imported Channel 1,2780,ft^3/s,127,ft,984,ft^2,2.82,ft/s,,,Unspecified,Unspecified,Unspecified,Unspecified,Unspecified,Unknown,Unspecified,2026-07-13T22:20:43.346961+00:00,point_velocity,Unspecified
05517500,POINT (-86.96832768953219 41.22001987983983),441653b4-bf59-46e2-bd1c-6290580a802f,USGS-05517500,5aa53266-296e-43a6-e053-0100007f503a,628,2017-09-27T17:49:07+00:00,Main,634,ft^3/s,100,ft,309,ft^2,2.06,ft/s,150.00,ft,Firm,Sand,Even,Unspecified,Standard,Steady,BridgeDownstreamSide,2026-07-13T22:20:43.346961+00:00,adcp,Downstream
05517500,POINT (-86.96832768953219 41.22001987983983),446067ff-8d5e-488e-86e6-abbb7c6a8ef1,USGS-05517500,450d996b-a21e-d1b1-e053-0100007f0906,264,1971-02-04T05:00:00+00:00,Imported Channel 1,581,ft^3/s,110,ft,358,ft^2,1.62,ft/s,,,Unspecified,Unspecified,Unspecified,Unspecified,Unspecified,Unknown,Unspecified,2026-07-13T22:20:43.346961+00:00,point_velocity,Unspecified
05517500,POINT (-86.96832768953219 41.22001987983983),4463add1-dc4d-413d-9c3f-50067822d45b,USGS-05517500,450d7d19-be49-c898-e053-0100007f0d2e,546,2004-11-29T19:10:00+00:00,Imported Channel 1,1920,ft^3/s,110,ft,750,ft^2,2.56,ft/s,,ft,Unspecified,Unspecified,Unspecified,Unspecified,Unspecified,Unknown,Unspecified,2026-07-13T22:20:43.346961+00:00,adcp,Unspecified
05517500,POINT (-86.96832768953219 41.22001987983983),44e7b29c-ac06-41e2-bb96-3e9136b3a7b0,USGS-05517500,450d99ef-da8d-d1cd-e053-0100007f6d49,623,2016-12-14T18:19:19+00:00,Main,1450,ft^3/s,109,ft,599,ft^2,2.42,ft/s,200.00,ft,Soft,Sand,Even,Unspecified,Standard,Unknown,BridgeDownstreamSide,2026-07-13T22:20:43.346961+00:00,adcp,Downstream
05517500,POINT (-86.96832768953219 41.22001987983983),4528b52a-b738-4bb3-9d16-a40022b60929,USGS-05517500,450d8360-41fd-ca75-e053-0100007ff789,565,2008-01-16T19:55:00+00:00,Imported Channel 1,5260,ft^3/s,129,ft,1530,ft^2,3.44,ft/s,,ft,Unspecified,Unspecified,Unspecified,Unspecified,Unspecified,Unknown,Unspecified,2026-07-13T22:20:43.346961+00:00,adcp,Unspecified
05517500,POINT (-86.96832768953219 41.22001987983983),4573958b-07f8-4040-ab65-9faa6b9b3ba0,USGS-05517500,450d7508-7111-c5ac-e053-0100007f62d3,502,1998-03-26T13:34:00+00:00,Imported Channel 1,4030,ft^3/s,165,ft,1550,ft^2,2.59,ft/s,,,Unspecified,Unspecified,Unspecified,Unspecified,Unspecified,Unknown,BridgeCrane,2026-07-13T22:20:43.346961+00:00,point_velocity,Unspecified
05517500,POINT (-86.96832768953219 41.22001987983983),45a5bec9-57e7-4411-95d1-aaf270943f3b,USGS-05517500,450d891e-bb49-cc14-e053-0100007f1158,88,1954-10-16T05:00:00+00:00,Imported Channel 1,4100,ft^3/s,134,ft,1330,ft^2,3.09,ft/s,,,Unspecified,Unspecified,Unspecified,Unspecified,Unspecified,Unknown,Unspecified,2026-07-13T22:20:43.346961+00:00,point_velocity,Unspecified
05517500,POINT (-86.96832768953219 41.22001987983983),45d77422-189b-4639-b197-d308cdc40ba3,USGS-05517500,450d92b2-67be-cf9b-e053-0100007f10aa,3,1948-09-15T05:00:00+00:00,Imported Channel 1,408,ft^3/s,85.0,ft,258,ft^2,1.58,ft/s,,,Unspecified,Unspecified,Unspecified,Unspecified,Unspecified,Unknown,Unspecified,2026-07-13T22:20:43.346961+00:00,point_velocity,Unspecified
05517500,POINT (-86.96832768953219 41.22001987983983),45e517dc-a7e1-4cb8-b9e8-64846070e27b,USGS-05517500,5e6c00e2-73a0-3f89-e053-0100007f5edb,629,2017-11-17T17:45:21+00:00,Main,1510,ft^3/s,111,ft,606,ft^2,2.50,ft/s,175.00,ft,Soft,Sand,Even,Unspecified,Standard,Steady,BridgeDownstreamSide,2026-07-13T22:20:43.346961+00:00,adcp,Downstream
05517500,POINT (-86.96832768953219 41.22001987983983),46071dde-c69d-48c6-824c-d36f24fe653b,USGS-05517500,450d86d7-87b1-cb88-e053-0100007fb403,429,1988-04-04T17:00:00+00:00,Imported Channel 1,2620,ft^3/s,125,ft,976,ft^2,2.68,ft/s,,,Unspecified,Unspecified,Unspecified,Unspecified,Unspecified,Unknown,BridgeCrane,2026-07-13T22:20:43.346961+00:00,point_velocity,Unspecified
05517500,POINT (-86.96832768953219 41.22001987983983),478084dc-f7ce-41ca-8dc9-31f0224052ac,USGS-05517500,450d83e2-8dd7-ca97-e053-0100007ff8bd,512,1999-06-30T16:47:00+00:00,Imported Channel 1,1200,ft^3/s,,,,,0.00,ft/s,,,Unspecified,Unspecified,Unspecified,Unspecified,Unspecified,Unknown,BridgeCrane,2026-07-13T22:20:43.346961+00:00,point_velocity,Unspecified
05517500,POINT (-86.96832768953219 41.22001987983983),47dd99d4-3e7e-4e33-b310-91fba9f9ed25,USGS-05517500,450d968a-f61c-d088-e053-0100007f487d,176,1961-09-28T05:00:00+00:00,Imported Channel 1,1890,ft^3/s,116,ft,745,ft^2,2.57,ft/s,,,Unspecified,Unspecified,Unspecified,Unspecified,Unspecified,Unknown,Unspecified,2026-07-13T22:20:43.346961+00:00,point_velocity,Unspecified
05517500,POINT (-86.96832768953219 41.22001987983983),488761c2-deb0-484b-9a23-ab4f0b36955e,USGS-05517500,450d6778-bb7a-c146-e053-0100007f1cd9,412,1986-03-17T05:00:00+00:00,Imported Channel 1,2440,ft^3/s,120,ft,880,ft^2,2.77,ft/s,,,Unspecified,Unspecified,Unspecified,Unspecified,Unspecified,Unknown,BridgeCrane,2026-07-13T22:20:43.346961+00:00,point_velocity,Unspecified
05517500,POINT (-86.96832768953219 41.22001987983983),488c1057-f437-4f02-8166-75dbc7df32f9,USGS-05517500,450d9614-24c0-d0ab-e053-0100007f0f12,621,2016-08-25T14:41:55+00:00,Main,3350,ft^3/s,127,ft,1090,ft^2,3.08,ft/s,120.00,ft,Soft,Sand,Even,Unspecified,Standard,Unknown,BridgeDownstreamSide,2026-07-13T22:20:43.346961+00:00,adcp,Downstream
05517500,POINT (-86.96832768953219 41.22001987983983),48aed16b-a72a-4440-ade3-89f4fe4da220,USGS-05517500,450d88a2-ccb1-cc16-e053-0100007f2d33,30,1950-07-08T05:00:00+00:00,Imported Channel 1,1810,ft^3/s,111,ft,728,ft^2,2.49,ft/s,,,Unspecified,Unspecified,Unspecified,Unspecified,Unspecified,Unknown,Unspecified,2026-07-13T22:20:43.346961+00:00,point_velocity,Unspecified
05517500,POINT (-86.96832768953219 41.22001987983983),48c8976e-0dbc-4834-acf7-a8a5d2ba7277,USGS-05517500,1ba4787d-2cbf-4ac9-8639-86dfb7e6f9cb,656,2023-05-24T19:34:17+00:00,Main,1010,ft^3/s,104,ft,451,ft^2,2.24,ft/s,150.00,ft,Firm,Sand,Even,Unspecified,Standard,Steady,BridgeDownstreamSide,2026-07-13T22:20:43.346961+00:00,adcp,Downstream
05517500,POINT (-86.96832768953219 41.22001987983983),4918b0fa-0ebf-4e3d-8c7f-faf04d73f4ff,USGS-05517500,450d97b6-dee7-d110-e053-0100007f4820,357,1981-11-06T05:00:00+00:00,Imported Channel 1,796,ft^3/s,105,ft,362,ft^2,2.20,ft/s,,,Unspecified,Unspecified,Unspecified,Unspecified,Unspecified,Unknown,Unspecified,2026-07-13T22:20:43.346961+00:00,point_velocity,Unspecified
05517500,POINT (-86.96832768953219 41.22001987983983),4980bf78-557a-40dc-bb82-77db591e9fe6,USGS-05517500,450d7c9d-7bcd-c896-e053-0100007f7ddd,567,2008-04-09T12:28:00+00:00,Imported Channel 1,2860,ft^3/s,123,ft,992,ft^2,2.89,ft/s,,ft,Unspecified,Unspecified,Unspecified,Unspecified,Unspecified,Unknown,Unspecified,2026-07-13T22:20:43.346961+00:00,adcp,Unspecified
05517500,POINT (-86.96832768953219 41.22001987983983),4983e2fd-4e03-4181-ab67-b75876892291,USGS-05517500,450d891e-bb35-cc14-e053-0100007f1158,25,1950-04-06T05:00:00+00:00,Imported Channel 1,4620,ft^3/s,133,ft,1400,ft^2,3.30,ft/s,,,Unspecified,Unspecified,Unspecified,Unspecified,Unspecified,Unknown,Unspecified,2026-07-13T22:20:43.346961+00:00,point_velocity,Unspecified
05517500,POINT (-86.96832768953219 41.22001987983983),4a308cc1-3da1-405f-a9c9-fb226727c150,USGS-05517500,450d86cc-8a9f-cb86-e053-0100007fa9d1,278,1972-07-18T05:00:00+00:00,Imported Channel 1,1630,ft^3/s,110,ft,608,ft^2,2.68,ft/s,,,Unspecified,Unspecified,Unspecified,Unspecified,Unspecified,Unknown,Unspecified,2026-07-13T22:20:43.346961+00:00,point_velocity,Unspecified
05517500,POINT (-86.96832768953219 41.22001987983983),4aaaee26-cab4-4c26-b6c0-67acb3746a3c,USGS-05517500,450d74fb-bc86-c5aa-e053-0100007fdfb9,104,1955-07-18T05:00:00+00:00,Imported Channel 1,878,ft^3/s,100,ft,398,ft^2,2.21,ft/s,,,Unspecified,Unspecified,Unspecified,Unspecified,Unspecified,Unknown,Unspecified,2026-07-13T22:20:43.346961+00:00,point_velocity,Unspecified
05517500,POINT (-86.96832768953219 41.22001987983983),4b0c30fe-761d-4610-8e58-e421740668a9,USGS-05517500,450d755f-2260-c5dc-e053-0100007f0625,251,1968-05-02T05:00:00+00:00,Imported Channel 1,1310,ft^3/s,110,ft,538,ft^2,2.43,ft/s,,,Unspecified,Unspecified,Unspecified,Unspecified,Unspecified,Unknown,Unspecified,2026-07-13T22:20:43.346961+00:00,point_velocity,Unspecified
05517500,POINT (-86.96832768953219 41.22001987983983),4b2d9d94-1bc8-4475-b5e0-6720002afe6a,USGS-05517500,450d750a-83b3-c5bc-e053-0100007f52f4,257,1969-08-04T05:00:00+00:00,Imported Channel 1,1190,ft^3/s,110,ft,479,ft^2,2.48,ft/s,,,Unspecified,Unspecified,Unspecified,Unspecified,Unspecified,Unknown,Unspecified,2026-07-13T22:20:43.346961+00:00,point_velocity,Unspecified
05517500,POINT (-86.96832768953219 41.22001987983983),4b7798c1-47d5-4daa-a81e-b92c07583162,USGS-05517500,450d9753-98b2-d114-e053-0100007f1352,63,1953-05-04T05:00:00+00:00,Imported Channel 1,1420,ft^3/s,107,ft,583,ft^2,2.43,ft/s,,,Unspecified,Unspecified,Unspecified,Unspecified,Unspecified,Unknown,Unspecified,2026-07-13T22:20:43.346961+00:00,point_velocity,Unspecified
05517500,POINT (-86.96832768953219 41.22001987983983),4b83d295-0b36-4ed6-8507-980bd9f76bad,USGS-05517500,450d8b8a-ef72-ccf2-e053-0100007fb93e,552,2005-12-01T17:30:00+00:00,Imported Channel 1,724,ft^3/s,96.0,ft,361,ft^2,2.01,ft/s,,ft,Unspecified,Unspecified,Unspecified,Unspecified,Unspecified,Unknown,Unspecified,2026-07-13T22:20:43.346961+00:00,adcp,Unspecified
05517500,POINT (-86.96832768953219 41.22001987983983),4b8e90a4-afab-4451-86c7-a0318f499a50,USGS-05517500,450d7916-9360-c71f-e053-0100007fd66c,94,1954-10-27T05:00:00+00:00,Imported Channel 1,4450,ft^3/s,133,ft,1430,ft^2,3.11,ft/s,,,Unspecified,Unspecified,Unspecified,Unspecified,Unspecified,Unknown,Unspecified,2026-07-13T22:20:43.346961+00:00,point_velocity,Unspecified
05517500,POINT (-86.96832768953219 41.22001987983983),4b9e693a-ba1e-481b-a99a-1179e3bfb5ef,USGS-05517500,450d7d19-bea4-c898-e053-0100007f0d2e,591,2012-07-18T13:22:59+00:00,MAIN,296,ft^3/s,78.9,ft,167,ft^2,1.77,ft/s,,ft,Firm,Gravel,Even,Even,Standard,Unknown,BridgeDownstreamSide,2026-07-13T22:20:43.346961+00:00,adcp,AtTheGage
05517500,POINT (-86.96832768953219 41.22001987983983),4bc74e83-63e6-4674-a9a5-9c22cb4f78c0,USGS-05517500,450d99ef-da88-d1cd-e053-0100007f6d49,617,2016-01-12T19:04:48+00:00,Main,2680,ft^3/s,125,ft,894,ft^2,3.00,ft/s,120.00,ft,Soft,Sand,Even,Unspecified,Standard,Unknown,BridgeDownstreamSide,2026-07-13T22:20:43.346961+00:00,adcp,Downstream
05517500,POINT (-86.96832768953219 41.22001987983983),4be4a029-d7dc-4b1f-bfd7-68bd5be49f7b,USGS-05517500,450d97bd-9f4a-d134-e053-0100007fca16,351,1980-01-15T05:00:00+00:00,Imported Channel 1,1260,ft^3/s,111,ft,527,ft^2,2.40,ft/s,,,Unspecified,Unspecified,Unspecified,Unspecified,Unspecified,Unknown,Unspecified,2026-07-13T22:20:43.346961+00:00,point_velocity,Unspecified
05517500,POINT (-86.96832768953219 41.22001987983983),4ca4268f-b545-4902-897c-7cf76d77384c,USGS-05517500,450d7cb8-3355-c808-e053-0100007fc000,553,2006-02-09T14:05:00+00:00,Imported Channel 1,1010,ft^3/s,103,ft,460,ft^2,2.20,ft/s,,ft,Unspecified,Unspecified,Unspecified,Unspecified,Unspecified,Unknown,Unspecified,2026-07-13T22:20:43.346961+00:00,adcp,Unspecified
05517500,POINT (-86.96832768953219 41.22001987983983),4cc56aea-c795-4f02-8afc-98aeaf8f4f55,USGS-05517500,b4ef880e-7394-4276-8f3f-9a8af746e312,667,2025-04-01T12:19:44+00:00,Main,1850,ft^3/s,112,ft,699,ft^2,2.65,ft/s,150.00,ft,Soft,Sand,Even,Unspecified,Standard,Steady,BridgeDownstreamSide,2026-07-13T22:20:43.346961+00:00,adcp,Downstream
05517500,POINT (-86.96832768953219 41.22001987983983),4cde564a-bd09-4263-b707-58e6a782ebdd,USGS-05517500,450d7835-fd3f-c6bc-e053-0100007f9bde,204,1963-11-04T05:00:00+00:00,Imported Channel 1,386,ft^3/s,82.0,ft,247,ft^2,1.56,ft/s,,,Unspecified,Unspecified,Unspecified,Unspecified,Unspecified,Unknown,Unspecified,2026-07-13T22:20:43.346961+00:00,point_velocity,Unspecified
05517500,POINT (-86.96832768953219 41.22001987983983),4dcb22bf-880f-4322-8650-43455c07d304,USGS-05517500,450d5d57-4eea-be49-e053-0100007ff52a,55,1952-10-13T05:00:00+00:00,Imported Channel 1,458,ft^3/s,81.0,ft,296,ft^2,1.55,ft/s,,,Unspecified,Unspecified,Unspecified,Unspecified,Unspecified,Unknown,Unspecified,2026-07-13T22:20:43.346961+00:00,point_velocity,Unspecified
05517500,POINT (-86.96832768953219 41.22001987983983),4f206414-c4b8-4d3f-851b-951cf7d8ac11,USGS-05517500,450d86a0-2079-cb8a-e053-0100007f1497,531,2002-06-04T12:09:00+00:00,Imported Channel 1,1850,ft^3/s,133,ft,741,ft^2,2.50,ft/s,,,Unspecified,Unspecified,Unspecified,Unspecified,Unspecified,Unknown,BridgeCrane,2026-07-13T22:20:43.346961+00:00,point_velocity,Unspecified
05517500,POINT (-86.96832768953219 41.22001987983983),4f427519-e9aa-4bc3-80b9-19ed7c99d9e8,USGS-05517500,450d5b7c-6ec1-bdaa-e053-0100007fdb7b,398,1984-09-11T05:00:00+00:00,Imported Channel 1,662,ft^3/s,100,ft,302,ft^2,2.19,ft/s,,,Unspecified,Unspecified,Unspecified,Unspecified,Unspecified,Unknown,BridgeCrane,2026-07-13T22:20:43.346961+00:00,point_velocity,Unspecified
05517500,POINT (-86.96832768953219 41.22001987983983),4f42d59e-8572-4620-9b36-4b60c26949bd,USGS-05517500,450d6772-449a-c143-e053-0100007f95ca,524,2001-06-05T13:53:00+00:00,Imported Channel 1,1610,ft^3/s,,,762,ft^2,2.17,ft/s,,,Unspecified,Unspecified,Unspecified,Unspecified,Unspecified,Unknown,Boat,2026-07-13T22:20:43.346961+00:00,point_velocity,Unspecified
05517500,POINT (-86.96832768953219 41.22001987983983),508b677f-c92c-47ba-ab7f-4be1ab0d6bb6,USGS-05517500,450d86cc-8a80-cb86-e053-0100007fa9d1,209,1964-04-26T05:00:00+00:00,Imported Channel 1,1370,ft^3/s,112,ft,574,ft^2,2.39,ft/s,,,Unspecified,Unspecified,Unspecified,Unspecified,Unspecified,Unknown,Unspecified,2026-07-13T22:20:43.346961+00:00,point_velocity,Unspecified
05517500,POINT (-86.96832768953219 41.22001987983983),50bacb71-bc61-45fd-b68b-f8782c7fb6ac,USGS-05517500,450d996b-a230-d1b1-e053-0100007f0906,315,1976-05-13T05:00:00+00:00,Imported Channel 1,2390,ft^3/s,122,ft,912,ft^2,2.62,ft/s,,,Unspecified,Unspecified,Unspecified,Unspecified,Unspecified,Unknown,Unspecified,2026-07-13T22:20:43.346961+00:00,point_velocity,Unspecified
05517500,POINT (-86.96832768953219 41.22001987983983),50e0938f-b982-4493-bcf1-e3d82030a540,USGS-05517500,450d6772-4470-c143-e053-0100007f95ca,423,1987-06-22T05:00:00+00:00,Imported Channel 1,938,ft^3/s,110,ft,405,ft^2,2.32,ft/s,,,Unspecified,Unspecified,Unspecified,Unspecified,Unspecified,Unknown,BridgeCrane,2026-07-13T22:20:43.346961+00:00,point_velocity,Unspecified
05517500,POINT (-86.96832768953219 41.22001987983983),50e69b76-58cd-41f3-a1eb-18bb8dc9da7d,USGS-05517500,450d690e-5cf7-c1d8-e053-0100007fb8e7,480,1994-11-09T19:40:00+00:00,Imported Channel 1,2080,ft^3/s,137,ft,915,ft^2,2.27,ft/s,,,Unspecified,Unspecified,Unspecified,Unspecified,Unspecified,Unknown,BridgeCrane,2026-07-13T22:20:43.346961+00:00,point_velocity,Unspecified
05517500,POINT (-86.96832768953219 41.22001987983983),5129e90a-d21a-4786-9802-7804fb230d50,USGS-05517500,450da792-9917-d607-e053-0100007fa9c4,584,2011-07-14T19:59:49+00:00,main,1200,ft^3/s,111,ft,508,ft^2,2.35,ft/s,,ft,Soft,Sand,Uneven,Unspecified,Standard,Unknown,BridgeDownstreamSide,2026-07-13T22:20:43.346961+00:00,adcp,AtTheGage
05517500,POINT (-86.96832768953219 41.22001987983983),5167f383-4f09-4d04-86b0-a08387a56d2a,USGS-05517500,450db4c5-42d9-da2a-e053-0100007f6b0e,619,2016-04-26T16:18:28+00:00,Main,1760,ft^3/s,112,ft,670,ft^2,2.63,ft/s,125.00,ft,Soft,Sand,Even,Unspecified,Standard,Unknown,BridgeDownstreamSide,2026-07-13T22:20:43.346961+00:00,adcp,Downstream
05517500,POINT (-86.96832768953219 41.22001987983983),517d9346-f0f7-462f-bbb9-5b3aa7590221,USGS-05517500,450d7cd6-6d91-c894-e053-0100007f1717,307,1975-07-10T05:00:00+00:00,Imported Channel 1,1070,ft^3/s,110,ft,475,ft^2,2.32,ft/s,,,Unspecified,Unspecified,Unspecified,Unspecified,Unspecified,Unknown,Unspecified,2026-07-13T22:20:43.346961+00:00,point_velocity,Unspecified
05517500,POINT (-86.96832768953219 41.22001987983983),5188f749-7a6e-44f4-a95b-4c38277691eb,USGS-05517500,450d7fed-7a56-c98c-e053-0100007fbf34,462,1992-02-24T16:30:00+00:00,Imported Channel 1,1770,ft^3/s,115,ft,697,ft^2,2.54,ft/s,,,Unspecified,Unspecified,Unspecified,Unspecified,Unspecified,Unknown,BridgeCrane,2026-07-13T22:20:43.346961+00:00,point_velocity,Unspecified
05517500,POINT (-86.96832768953219 41.22001987983983),51dc4c7f-8de5-4d72-a077-22b74cbd6c93,USGS-05517500,450d6412-553e-c055-e053-0100007fc473,23,1950-03-01T05:00:00+00:00,Imported Channel 1,2570,ft^3/s,125,ft,946,ft^2,2.72,ft/s,,,Unspecified,Unspecified,Unspecified,Unspecified,Unspecified,Unknown,Unspecified,2026-07-13T22:20:43.346961+00:00,point_velocity,Unspecified
05517500,POINT (-86.96832768953219 41.22001987983983),523b1ebf-4354-4dc4-9945-acac58c4afb8,USGS-05517500,450d9a18-7912-d1cb-e053-0100007f081c,111,1956-02-20T05:00:00+00:00,Imported Channel 1,1380,ft^3/s,104,ft,511,ft^2,2.70,ft/s,,,Unspecified,Unspecified,Unspecified,Unspecified,Unspecified,Unknown,Unspecified,2026-07-13T22:20:43.346961+00:00,point_velocity,Unspecified
05517500,POINT (-86.96832768953219 41.22001987983983),52942ba4-93e5-4ef7-b166-b7a6ffbf6de7,USGS-05517500,64f71d51-5a86-44ca-8c55-55f2ee7edb56,643,2020-09-23T16:14:48+00:00,Main,505,ft^3/s,94.8,ft,268,ft^2,1.88,ft/s,150.00,ft,Firm,Sand,Even,Unspecified,Standard,Steady,BridgeDownstreamSide,2026-07-13T22:20:43.346961+00:00,adcp,Downstream
05517500,POINT (-86.96832768953219 41.22001987983983),52aa426b-1c97-4b1f-b864-54ba2cfe8476,USGS-05517500,450d7905-f588-c71b-e053-0100007f311d,413,1986-04-24T05:00:00+00:00,Imported Channel 1,1200,ft^3/s,110,ft,489,ft^2,2.45,ft/s,,,Unspecified,Unspecified,Unspecified,Unspecified,Unspecified,Unknown,BridgeCrane,2026-07-13T22:20:43.346961+00:00,point_velocity,Unspecified
05517500,POINT (-86.96832768953219 41.22001987983983),52fbfb79-1678-4564-8c38-158448c7d9f7,USGS-05517500,db57085d-ba9e-4f2a-8fcb-b5e9d1ec9b91,662,2024-05-13T18:52:01+00:00,main,2690,ft^3/s,126,ft,953,ft^2,2.82,ft/s,60.00,ft,Unspecified,Unspecified,Unspecified,Unspecified,Unspecified,Unspecified,BridgeDownstreamSide,2026-07-13T22:20:43.346961+00:00,adcp,Downstream
05517500,POINT (-86.96832768953219 41.22001987983983),53c7ebfe-8bbf-470a-a183-3c7c40e0834d,USGS-05517500,450d891e-bb8c-cc14-e053-0100007f1158,599,2013-10-23T18:47:18+00:00,Main,639,ft^3/s,101,ft,323,ft^2,1.98,ft/s,10.00,ft,Firm,Gravel,Even,Even,Standard,Unknown,BridgeDownstreamSide,2026-07-13T22:20:43.346961+00:00,adcp,Downstream
05517500,POINT (-86.96832768953219 41.22001987983983),53ecfa12-f112-45ee-9a6c-02692635b829,USGS-05517500,450d8909-7057-cc12-e053-0100007f18b3,588,2012-02-01T22:30:59+00:00,main,2800,ft^3/s,127,ft,961,ft^2,2.91,ft/s,,ft,Soft,Sand,Unspecified,Unspecified,Standard,Unknown,BridgeDownstreamSide,2026-07-13T22:20:43.346961+00:00,adcp,AtTheGage
05517500,POINT (-86.96832768953219 41.22001987983983),53f6381a-6823-4570-8181-1eb204a3bbf5,USGS-05517500,450d7647-aec0-c612-e053-0100007f5f06,489,1996-04-09T22:04:00+00:00,Imported Channel 1,795,ft^3/s,,,,,0.00,ft/s,,,Unspecified,Unspecified,Unspecified,Unspecified,Unspecified,Unknown,Boat,2026-07-13T22:20:43.346961+00:00,point_velocity,Unspecified
05517500,POINT (-86.96832768953219 41.22001987983983),54673d6f-6c79-49a6-a3af-4f5ddbe1c37b,USGS-05517500,450d8d4d-c003-cd9f-e053-0100007faf42,483,1995-04-10T17:00:00+00:00,Imported Channel 1,1900,ft^3/s,139,ft,846,ft^2,2.25,ft/s,,,Unspecified,Unspecified,Unspecified,Unspecified,Unspecified,Unknown,BridgeCrane,2026-07-13T22:20:43.346961+00:00,point_velocity,Unspecified
05517500,POINT (-86.96832768953219 41.22001987983983),548a8fc2-f20d-4808-bec5-efa88c59972e,USGS-05517500,450d8909-7046-cc12-e053-0100007f18b3,272,1971-11-17T05:00:00+00:00,Imported Channel 1,476,ft^3/s,95.0,ft,233,ft^2,2.04,ft/s,,,Unspecified,Unspecified,Unspecified,Unspecified,Unspecified,Unknown,Unspecified,2026-07-13T22:20:43.346961+00:00,point_velocity,Unspecified
05517500,POINT (-86.96832768953219 41.22001987983983),557da102-0d90-4394-86c4-82e5031466ee,USGS-05517500,450d7647-aeae-c612-e053-0100007f5f06,410,1985-11-12T05:00:00+00:00,Imported Channel 1,1660,ft^3/s,115,ft,693,ft^2,2.40,ft/s,,,Unspecified,Unspecified,Unspecified,Unspecified,Unspecified,Unknown,BridgeCrane,2026-07-13T22:20:43.346961+00:00,point_velocity,Unspecified
05517500,POINT (-86.96832768953219 41.22001987983983),55a3a528-8f31-4966-b216-bed317f4701a,USGS-05517500,450d750a-8385-c5bc-e053-0100007f52f4,61,1953-03-19T05:00:00+00:00,Imported Channel 1,2120,ft^3/s,117,ft,785,ft^2,2.70,ft/s,,,Unspecified,Unspecified,Unspecified,Unspecified,Unspecified,Unknown,Unspecified,2026-07-13T22:20:43.346961+00:00,point_velocity,Unspecified
05517500,POINT (-86.96832768953219 41.22001987983983),55e336a1-7044-462c-bd58-34497fe991eb,USGS-05517500,450d97b6-dec8-d110-e053-0100007f4820,258,1969-10-27T05:00:00+00:00,Imported Channel 1,855,ft^3/s,105,ft,384,ft^2,2.23,ft/s,,,Unspecified,Unspecified,Unspecified,Unspecified,Unspecified,Unknown,Unspecified,2026-07-13T22:20:43.346961+00:00,point_velocity,Unspecified
05517500,POINT (-86.96832768953219 41.22001987983983),56cab813-b857-4816-9b54-82b7cd65b553,USGS-05517500,450d8d72-cf6b-cda1-e053-0100007f20fe,347,1979-07-19T05:00:00+00:00,Imported Channel 1,547,ft^3/s,100,ft,274,ft^2,1.99,ft/s,,,Unspecified,Unspecified,Unspecified,Unspecified,Unspecified,Unknown,Unspecified,2026-07-13T22:20:43.346961+00:00,point_velocity,Unspecified
05517500,POINT (-86.96832768953219 41.22001987983983),56dec61f-1071-46a3-ba5a-6af0cd3cf9c6,USGS-05517500,450d7bf7-3399-c804-e053-0100007fec47,36,1951-02-14T05:00:00+00:00,Imported Channel 1,1900,ft^3/s,110,ft,717,ft^2,2.65,ft/s,,,Unspecified,Unspecified,Unspecified,Unspecified,Unspecified,Unknown,Unspecified,2026-07-13T22:20:43.346961+00:00,point_velocity,Unspecified
05517500,POINT (-86.96832768953219 41.22001987983983),56e9e647-09e4-4c8d-98fd-c26480c51f3b,USGS-05517500,450d59df-b2e7-bcd4-e053-0100007f1988,467,1992-11-16T16:50:00+00:00,Imported Channel 1,2880,ft^3/s,160,ft,1280,ft^2,2.26,ft/s,,,Unspecified,Unspecified,Unspecified,Unspecified,Unspecified,Unknown,BridgeCrane,2026-07-13T22:20:43.346961+00:00,point_velocity,Unspecified
05517500,POINT (-86.96832768953219 41.22001987983983),58e5cdff-6993-406e-8468-f44a802931ad,USGS-05517500,450d6772-4477-c143-e053-0100007f95ca,442,1989-07-11T15:15:00+00:00,Imported Channel 1,975,ft^3/s,109,ft,420,ft^2,2.32,ft/s,,,Unspecified,Unspecified,Unspecified,Unspecified,Unspecified,Unknown,BridgeCrane,2026-07-13T22:20:43.346961+00:00,point_velocity,Unspecified
05517500,POINT (-86.96832768953219 41.22001987983983),5945130f-a3d2-43a3-a5af-e5c8765f9f7d,USGS-05517500,450d8d7e-450c-cd9d-e053-0100007fecfa,562,2007-11-07T13:13:00+00:00,Imported Channel 1,976,ft^3/s,110,ft,470,ft^2,2.08,ft/s,,ft,Unspecified,Unspecified,Unspecified,Unspecified,Unspecified,Unknown,Unspecified,2026-07-13T22:20:43.346961+00:00,adcp,Unspecified
05517500,POINT (-86.96832768953219 41.22001987983983),5946a517-c1dc-4381-b2ff-29d44411c6b0,USGS-05517500,450d755f-225c-c5dc-e053-0100007f0625,245,1967-05-31T05:00:00+00:00,Imported Channel 1,1360,ft^3/s,110,ft,536,ft^2,2.54,ft/s,,,Unspecified,Unspecified,Unspecified,Unspecified,Unspecified,Unknown,Unspecified,2026-07-13T22:20:43.346961+00:00,point_velocity,Unspecified
05517500,POINT (-86.96832768953219 41.22001987983983),5ae4159a-ee9c-4ba3-bf03-a84ceced7302,USGS-05517500,450d70bc-1df7-c469-e053-0100007fd2b9,56,1952-11-13T05:00:00+00:00,Imported Channel 1,474,ft^3/s,82.0,ft,301,ft^2,1.58,ft/s,,,Unspecified,Unspecified,Unspecified,Unspecified,Unspecified,Unknown,Unspecified,2026-07-13T22:20:43.346961+00:00,point_velocity,Unspecified
05517500,POINT (-86.96832768953219 41.22001987983983),5af8eb43-3cfb-4cae-ac3c-4af307bf34f4,USGS-05517500,450d6667-2758-c10b-e053-0100007f0807,421,1987-04-06T05:00:00+00:00,Imported Channel 1,990,ft^3/s,110,ft,431,ft^2,2.30,ft/s,,,Unspecified,Unspecified,Unspecified,Unspecified,Unspecified,Unknown,BridgeCrane,2026-07-13T22:20:43.346961+00:00,point_velocity,Unspecified
05517500,POINT (-86.96832768953219 41.22001987983983),5b09ea8b-0713-47b6-990f-5050e917e978,USGS-05517500,450d8013-c5ea-c9a2-e053-0100007f33ff,518,2000-06-20T12:00:00+00:00,Imported Channel 1,1560,ft^3/s,,,,,0.00,ft/s,,,Unspecified,Unspecified,Unspecified,Unspecified,Unspecified,Unknown,Boat,2026-07-13T22:20:43.346961+00:00,point_velocity,Unspecified
05517500,POINT (-86.96832768953219 41.22001987983983),5bf8e3ac-9891-427d-b333-e25347307974,USGS-05517500,450d5d9a-369e-be47-e053-0100007f93ec,554,2006-04-13T13:20:00+00:00,Imported Channel 1,1030,ft^3/s,104,ft,461,ft^2,2.23,ft/s,,ft,Unspecified,Unspecified,Unspecified,Unspecified,Unspecified,Unknown,Unspecified,2026-07-13T22:20:43.346961+00:00,adcp,Unspecified
05517500,POINT (-86.96832768953219 41.22001987983983),5c822eb0-b14d-4700-9a28-c263386f71d5,USGS-05517500,450d964c-1e75-d082-e053-0100007f7ef2,53,1952-08-13T05:00:00+00:00,Imported Channel 1,665,ft^3/s,94.0,ft,341,ft^2,1.94,ft/s,,,Unspecified,Unspecified,Unspecified,Unspecified,Unspecified,Unknown,Unspecified,2026-07-13T22:20:43.346961+00:00,point_velocity,Unspecified
05517500,POINT (-86.96832768953219 41.22001987983983),5cd496ef-b672-469c-8e89-ee55f13892bb,USGS-05517500,450d940a-4e70-d009-e053-0100007f0210,15,1949-09-13T05:00:00+00:00,Imported Channel 1,410,ft^3/s,84.0,ft,252,ft^2,1.63,ft/s,,,Unspecified,Unspecified,Unspecified,Unspecified,Unspecified,Unknown,Unspecified,2026-07-13T22:20:43.346961+00:00,point_velocity,Unspecified
05517500,POINT (-86.96832768953219 41.22001987983983),5e36faca-6a6d-4f5b-a12b-db9621df6d11,USGS-05517500,450d8072-9f3e-c9a6-e053-0100007fef60,285,1973-03-20T05:00:00+00:00,Imported Channel 1,2620,ft^3/s,127,ft,920,ft^2,2.85,ft/s,,,Unspecified,Unspecified,Unspecified,Unspecified,Unspecified,Unknown,Unspecified,2026-07-13T22:20:43.346961+00:00,point_velocity,Unspecified
05517500,POINT (-86.96832768953219 41.22001987983983),5e3a9465-0615-4667-8062-68a9666312ad,USGS-05517500,450d6412-5551-c055-e053-0100007fc473,128,1967-07-16T05:00:00+00:00,Imported Channel 1,923,ft^3/s,101,ft,391,ft^2,2.36,ft/s,,,Unspecified,Unspecified,Unspecified,Unspecified,Unspecified,Unknown,Unspecified,2026-07-13T22:20:43.346961+00:00,point_velocity,Unspecified
05517500,POINT (-86.96832768953219 41.22001987983983),5ede04ea-51b7-4146-8c48-9149119b66a8,USGS-05517500,450d750a-8354-c5bc-e053-0100007f52f4,430,1988-05-16T18:35:00+00:00,Imported Channel 1,1030,ft^3/s,110,ft,456,ft^2,2.26,ft/s,,,Unspecified,Unspecified,Unspecified,Unspecified,Unspecified,Unknown,BridgeCrane,2026-07-13T22:20:43.346961+00:00,point_velocity,Unspecified
05517500,POINT (-86.96832768953219 41.22001987983983),602494c2-9cd8-4dc3-b754-4c480d0f3544,USGS-05517500,450d7916-9371-c71f-e053-0100007fd66c,156,1959-12-17T05:00:00+00:00,Imported Channel 1,1520,ft^3/s,113,ft,589,ft^2,2.59,ft/s,,,Unspecified,Unspecified,Unspecified,Unspecified,Unspecified,Unknown,Unspecified,2026-07-13T22:20:43.346961+00:00,point_velocity,Unspecified
05517500,POINT (-86.96832768953219 41.22001987983983),60f4a482-48d6-40d2-886a-4cf6539f104e,USGS-05517500,5206e1ed-0b98-ff5e-e053-0100007f6599,626,2017-06-13T18:56:35+00:00,Main,1230,ft^3/s,108,ft,525,ft^2,2.34,ft/s,150.00,ft,Soft,Sand,Even,Unspecified,Standard,Unknown,BridgeDownstreamSide,2026-07-13T22:20:43.346961+00:00,adcp,Downstream
05517500,POINT (-86.96832768953219 41.22001987983983),610fe530-3d2c-4479-958e-9c1a1c241a90,USGS-05517500,450d7807-1a3e-c6c0-e053-0100007ff875,44,1951-11-20T05:00:00+00:00,Imported Channel 1,3030,ft^3/s,130,ft,1080,ft^2,2.82,ft/s,,,Unspecified,Unspecified,Unspecified,Unspecified,Unspecified,Unknown,Unspecified,2026-07-13T22:20:43.346961+00:00,point_velocity,Unspecified
05517500,POINT (-86.96832768953219 41.22001987983983),61a6259d-664f-4c25-9f0d-47e89fd46423,USGS-05517500,450d8d4d-c073-cd9f-e053-0100007faf42,256,1969-05-12T05:00:00+00:00,Imported Channel 1,2440,ft^3/s,125,ft,890,ft^2,2.76,ft/s,,,Unspecified,Unspecified,Unspecified,Unspecified,Unspecified,Unknown,Unspecified,2026-07-13T22:20:43.346961+00:00,point_velocity,Unspecified
05517500,POINT (-86.96832768953219 41.22001987983983),62581a7c-8417-4586-bdb1-760a2b067f82,USGS-05517500,450d9a18-795f-d1cb-e053-0100007f081c,375,1982-08-18T05:00:00+00:00,Imported Channel 1,853,ft^3/s,109,ft,425,ft^2,2.00,ft/s,,,Unspecified,Unspecified,Unspecified,Unspecified,Unspecified,Unknown,Unspecified,2026-07-13T22:20:43.346961+00:00,point_velocity,Unspecified
05517500,POINT (-86.96832768953219 41.22001987983983),63260279-2979-43b2-946a-412b00e76427,USGS-05517500,450d74c6-c059-c5b8-e053-0100007fca04,250,1968-03-04T05:00:00+00:00,Imported Channel 1,1360,ft^3/s,110,ft,540,ft^2,2.52,ft/s,,,Unspecified,Unspecified,Unspecified,Unspecified,Unspecified,Unknown,Unspecified,2026-07-13T22:20:43.346961+00:00,point_velocity,Unspecified
05517500,POINT (-86.96832768953219 41.22001987983983),637173b1-e0ce-4137-882b-22bd0eeae63e,USGS-05517500,450d7fed-7a7a-c98c-e053-0100007fbf34,563,2007-12-05T17:11:00+00:00,Imported Channel 1,1720,ft^3/s,117,ft,685,ft^2,2.51,ft/s,,ft,Unspecified,Unspecified,Unspecified,Unspecified,Unspecified,Unknown,Unspecified,2026-07-13T22:20:43.346961+00:00,adcp,Unspecified
05517500,POINT (-86.96832768953219 41.22001987983983),6432c0ea-0fd5-4dcc-8d33-800e16f1b777,USGS-05517500,32609bbc-7a46-494f-b286-cb1fc095038a,640,2020-01-06T17:26:36+00:00,Main,1690,ft^3/s,110,ft,647,ft^2,2.61,ft/s,125.00,ft,Soft,Sand,Even,Unspecified,Standard,Steady,BridgeDownstreamSide,2026-07-13T22:20:43.346961+00:00,adcp,Downstream
05517500,POINT (-86.96832768953219 41.22001987983983),64352ed2-895d-46a4-839b-6751aba8d246,USGS-05517500,450d9614-24a7-d0ab-e053-0100007f0f12,238,1966-08-09T05:00:00+00:00,Imported Channel 1,558,ft^3/s,97.0,ft,291,ft^2,1.91,ft/s,,,Unspecified,Unspecified,Unspecified,Unspecified,Unspecified,Unknown,Unspecified,2026-07-13T22:20:43.346961+00:00,point_velocity,Unspecified
05517500,POINT (-86.96832768953219 41.22001987983983),655bad3b-c760-4603-a91e-4ceaa8801476,USGS-05517500,7db95ef7-ec22-4df9-8757-824d0b5e6f79,663,2024-07-08T20:38:41+00:00,main,819,ft^3/s,104,ft,384,ft^2,2.14,ft/s,200.00,ft,Unspecified,Unspecified,Unspecified,Unspecified,Unspecified,Unspecified,BridgeDownstreamSide,2026-07-13T22:20:43.346961+00:00,adcp,Downstream
05517500,POINT (-86.96832768953219 41.22001987983983),658506e6-0ade-417c-a823-ebaa3f650f4b,USGS-05517500,450d8072-9efb-c9a6-e053-0100007fef60,7,1949-01-12T05:00:00+00:00,Imported Channel 1,1310,ft^3/s,105,ft,578,ft^2,2.26,ft/s,,,Unspecified,Unspecified,Unspecified,Unspecified,Unspecified,Unknown,Unspecified,2026-07-13T22:20:43.346961+00:00,point_velocity,Unspecified
05517500,POINT (-86.96832768953219 41.22001987983983),659a6091-112f-4345-b13c-698498285c35,USGS-05517500,450d801d-5560-c9a4-e053-0100007fa371,164,1960-08-18T05:00:00+00:00,Imported Channel 1,767,ft^3/s,98.0,ft,345,ft^2,2.22,ft/s,,,Unspecified,Unspecified,Unspecified,Unspecified,Unspecified,Unknown,Unspecified,2026-07-13T22:20:43.346961+00:00,point_velocity,Unspecified
05517500,POINT (-86.96832768953219 41.22001987983983),65a29dd7-fac6-446f-96c6-868dafcb55a8,USGS-05517500,450d8896-746d-cc10-e053-0100007f4527,402,1985-03-01T05:00:00+00:00,Imported Channel 1,4930,ft^3/s,133,ft,1510,ft^2,3.26,ft/s,,,Unspecified,Unspecified,Unspecified,Unspecified,Unspecified,Unknown,BridgeCrane,2026-07-13T22:20:43.346961+00:00,point_velocity,Unspecified
05517500,POINT (-86.96832768953219 41.22001987983983),65c3be5d-ec88-4804-903a-cb32ce7394c0,USGS-05517500,450d97b6-dee8-d110-e053-0100007f4820,361,1981-05-18T05:00:00+00:00,Imported Channel 1,4610,ft^3/s,133,ft,1460,ft^2,3.16,ft/s,,,Unspecified,Unspecified,Unspecified,Unspecified,Unspecified,Unknown,Unspecified,2026-07-13T22:20:43.346961+00:00,point_velocity,Unspecified
05517500,POINT (-86.96832768953219 41.22001987983983),65c7fdaa-330a-4196-896a-c97412e6dff0,USGS-05517500,450d83cb-e335-ca79-e053-0100007f26e2,320,1976-10-22T05:00:00+00:00,Imported Channel 1,630,ft^3/s,105,ft,321,ft^2,2.00,ft/s,,,Unspecified,Unspecified,Unspecified,Unspecified,Unspecified,Unknown,Unspecified,2026-07-13T22:20:43.346961+00:00,point_velocity,Unspecified
05517500,POINT (-86.96832768953219 41.22001987983983),66cf73f2-b355-41ff-bfb1-fa68a65bf750,USGS-05517500,450d95f1-623b-d086-e053-0100007f4d0c,222,1965-05-10T05:00:00+00:00,Imported Channel 1,1780,ft^3/s,116,ft,723,ft^2,2.46,ft/s,,,Unspecified,Unspecified,Unspecified,Unspecified,Unspecified,Unknown,Unspecified,2026-07-13T22:20:43.346961+00:00,point_velocity,Unspecified
05517500,POINT (-86.96832768953219 41.22001987983983),67352cd2-519b-42e5-b1ca-f0c5a0a87659,USGS-05517500,450d7835-fd28-c6bc-e053-0100007f9bde,66,1953-07-20T05:00:00+00:00,Imported Channel 1,639,ft^3/s,90.0,ft,319,ft^2,2.00,ft/s,,,Unspecified,Unspecified,Unspecified,Unspecified,Unspecified,Unknown,Unspecified,2026-07-13T22:20:43.346961+00:00,point_velocity,Unspecified
05517500,POINT (-86.96832768953219 41.22001987983983),6739013a-f512-4e37-a4d1-d99eb9d635fc,USGS-05517500,450d59df-b31b-bcd4-e053-0100007f1988,46,1952-01-24T05:00:00+00:00,Imported Channel 1,3490,ft^3/s,130,ft,1160,ft^2,3.00,ft/s,,,Unspecified,Unspecified,Unspecified,Unspecified,Unspecified,Unknown,Unspecified,2026-07-13T22:20:43.346961+00:00,point_velocity,Unspecified
05517500,POINT (-86.96832768953219 41.22001987983983),673995c0-33dd-4fbe-91e7-9fe23949fbd1,USGS-05517500,450d8b8a-ef6a-ccf2-e053-0100007fb93e,515,1999-12-07T13:40:00+00:00,Imported Channel 1,816,ft^3/s,,,,,0.00,ft/s,,,Unspecified,Unspecified,Unspecified,Unspecified,Unspecified,Unknown,Boat,2026-07-13T22:20:43.346961+00:00,point_velocity,Unspecified
05517500,POINT (-86.96832768953219 41.22001987983983),680c5a75-d9a0-43df-b3e0-0181e3e9a157,USGS-05517500,450d88a2-cccf-cc16-e053-0100007f2d33,158,1960-02-16T05:00:00+00:00,Imported Channel 1,3460,ft^3/s,135,ft,1130,ft^2,3.06,ft/s,,,Unspecified,Unspecified,Unspecified,Unspecified,Unspecified,Unknown,Unspecified,2026-07-13T22:20:43.346961+00:00,point_velocity,Unspecified
05517500,POINT (-86.96832768953219 41.22001987983983),682d3f6d-69e0-4026-bd57-38589706b9fe,USGS-05517500,450d7852-cf5a-c6be-e053-0100007f4e14,520,2000-10-03T12:52:00+00:00,Imported Channel 1,514,ft^3/s,,,324,ft^2,1.97,ft/s,,,Unspecified,Unspecified,Unspecified,Unspecified,Unspecified,Unknown,Boat,2026-07-13T22:20:43.346961+00:00,point_velocity,Unspecified
05517500,POINT (-86.96832768953219 41.22001987983983),6838b415-63d6-4a13-b9b5-90dba31b6613,USGS-05517500,450d7cb8-3338-c808-e053-0100007fc000,469,1993-03-08T15:20:00+00:00,Imported Channel 1,2120,ft^3/s,145,ft,956,ft^2,2.22,ft/s,,,Unspecified,Unspecified,Unspecified,Unspecified,Unspecified,Unknown,BridgeCrane,2026-07-13T22:20:43.346961+00:00,point_velocity,Unspecified
05517500,POINT (-86.96832768953219 41.22001987983983),68449f52-2033-4fc7-a254-e57a9922fb19,USGS-05517500,450d95f1-6265-d086-e053-0100007f4d0c,609,2015-02-09T20:08:01+00:00,Main,1330,ft^3/s,109,ft,550,ft^2,2.42,ft/s,10.00,ft,Soft,Sand,Even,Unspecified,Standard,Unknown,BridgeDownstreamSide,2026-07-13T22:20:43.346961+00:00,adcp,Downstream
05517500,POINT (-86.96832768953219 41.22001987983983),68be069d-8c4f-49a6-80fc-515a46a867fc,USGS-05517500,450d75c5-5ad5-c5da-e053-0100007f9ec1,157,1960-01-13T05:00:00+00:00,Imported Channel 1,1680,ft^3/s,116,ft,642,ft^2,2.62,ft/s,,,Unspecified,Unspecified,Unspecified,Unspecified,Unspecified,Unknown,Unspecified,2026-07-13T22:20:43.346961+00:00,point_velocity,Unspecified
05517500,POINT (-86.96832768953219 41.22001987983983),69bcb5d2-2eb4-4d3d-9b8b-e76ae2624d0f,USGS-05517500,450d8b8a-ef79-ccf2-e053-0100007fb93e,564,2008-01-10T23:09:00+00:00,Imported Channel 1,4720,ft^3/s,124,ft,1450,ft^2,3.25,ft/s,,ft,Unspecified,Unspecified,Unspecified,Unspecified,Unspecified,Unknown,Unspecified,2026-07-13T22:20:43.346961+00:00,adcp,Unspecified
05517500,POINT (-86.96832768953219 41.22001987983983),6a31c75f-fa64-46f8-ba49-7dba54202d22,USGS-05517500,450d74c6-c02a-c5b8-e053-0100007fca04,52,1952-07-22T05:00:00+00:00,Imported Channel 1,955,ft^3/s,100,ft,445,ft^2,2.14,ft/s,,,Unspecified,Unspecified,Unspecified,Unspecified,Unspecified,Unknown,Unspecified,2026-07-13T22:20:43.346961+00:00,point_velocity,Unspecified
05517500,POINT (-86.96832768953219 41.22001987983983),6b93bd56-1ff3-4407-9995-35be77c2c0bd,USGS-05517500,450d7b90-ca54-c806-e053-0100007f4264,96,1954-11-11T05:00:00+00:00,Imported Channel 1,2680,ft^3/s,122,ft,1000,ft^2,2.67,ft/s,,,Unspecified,Unspecified,Unspecified,Unspecified,Unspecified,Unknown,Unspecified,2026-07-13T22:20:43.346961+00:00,point_velocity,Unspecified
05517500,POINT (-86.96832768953219 41.22001987983983),6bc8ab07-d5ab-4a57-bc06-ae2cff5f0dfd,USGS-05517500,450d6112-6745-bf54-e053-0100007fbeb2,287,1973-06-05T05:00:00+00:00,Imported Channel 1,2110,ft^3/s,120,ft,796,ft^2,2.65,ft/s,,,Unspecified,Unspecified,Unspecified,Unspecified,Unspecified,Unknown,Unspecified,2026-07-13T22:20:43.346961+00:00,point_velocity,Unspecified
05517500,POINT (-86.96832768953219 41.22001987983983),6c60f8e5-c0bd-402e-b8b9-ae71a826d0a0,USGS-05517500,450d8025-d63b-c98a-e053-0100007f6233,497,1997-05-20T14:56:00+00:00,Imported Channel 1,2670,ft^3/s,,,,,0.00,ft/s,,,Unspecified,Unspecified,Unspecified,Unspecified,Unspecified,Unknown,Boat,2026-07-13T22:20:43.346961+00:00,point_velocity,Unspecified
05517500,POINT (-86.96832768953219 41.22001987983983),6cdae132-86b1-456e-8ac4-cb649e66db99,USGS-05517500,450d86a0-2087-cb8a-e053-0100007f1497,20,1949-12-30T05:00:00+00:00,Imported Channel 1,2680,ft^3/s,124,ft,954,ft^2,2.81,ft/s,,,Unspecified,Unspecified,Unspecified,Unspecified,Unspecified,Unknown,Unspecified,2026-07-13T22:20:43.346961+00:00,point_velocity,Unspecified
05517500,POINT (-86.96832768953219 41.22001987983983),6d1365cf-e859-4f5d-a2eb-5d6a1b44eb57,USGS-05517500,450d7cb8-339a-c808-e053-0100007fc000,274,1972-02-29T05:00:00+00:00,Imported Channel 1,959,ft^3/s,108,ft,402,ft^2,2.38,ft/s,,,Unspecified,Unspecified,Unspecified,Unspecified,Unspecified,Unknown,Unspecified,2026-07-13T22:20:43.346961+00:00,point_velocity,Unspecified
05517500,POINT (-86.96832768953219 41.22001987983983),6d4caf8d-0610-4a0f-8421-393ee0a2929a,USGS-05517500,450d8360-41f5-ca75-e053-0100007ff789,517,2000-04-11T12:40:00+00:00,Imported Channel 1,996,ft^3/s,,,554,ft^2,1.80,ft/s,,,Unspecified,Unspecified,Unspecified,Unspecified,Unspecified,Unknown,Boat,2026-07-13T22:20:43.346961+00:00,point_velocity,Unspecified
05517500,POINT (-86.96832768953219 41.22001987983983),6e2014e5-4788-45d0-94e6-4948fa527c1d,USGS-05517500,450d8d4d-c089-cd9f-e053-0100007faf42,304,1975-03-06T05:00:00+00:00,Imported Channel 1,1700,ft^3/s,113,ft,663,ft^2,2.52,ft/s,,,Unspecified,Unspecified,Unspecified,Unspecified,Unspecified,Unknown,Unspecified,2026-07-13T22:20:43.346961+00:00,point_velocity,Unspecified
05517500,POINT (-86.96832768953219 41.22001987983983),6e899afa-c504-42ac-8f56-b62e97c5a607,USGS-05517500,450d86cc-8a6e-cb86-e053-0100007fa9d1,133,1967-12-17T05:00:00+00:00,Imported Channel 1,1160,ft^3/s,109,ft,479,ft^2,2.42,ft/s,,,Unspecified,Unspecified,Unspecified,Unspecified,Unspecified,Unknown,Unspecified,2026-07-13T22:20:43.346961+00:00,point_velocity,Unspecified
05517500,POINT (-86.96832768953219 41.22001987983983),6f4a76ba-4f47-407d-b0df-0e196ab43fd5,USGS-05517500,450d891e-bb7c-cc14-e053-0100007f1158,268,1971-06-30T05:00:00+00:00,Imported Channel 1,571,ft^3/s,95.0,ft,255,ft^2,2.24,ft/s,,,Unspecified,Unspecified,Unspecified,Unspecified,Unspecified,Unknown,Unspecified,2026-07-13T22:20:43.346961+00:00,point_velocity,Unspecified
05517500,POINT (-86.96832768953219 41.22001987983983),6f67e09f-a398-4a82-be0c-494202d4976a,USGS-05517500,450d5d9a-369a-be47-e053-0100007f93ec,534,2002-08-22T19:07:00+00:00,Imported Channel 1,573,ft^3/s,102,ft,296,ft^2,1.94,ft/s,,,Unspecified,Unspecified,Unspecified,Unspecified,Unspecified,Unknown,BridgeCrane,2026-07-13T22:20:43.346961+00:00,point_velocity,Unspecified
05517500,POINT (-86.96832768953219 41.22001987983983),6f6917ec-fcf2-49df-8cd6-88843840b7fd,USGS-05517500,450d8b6d-b17a-ccf4-e053-0100007f70e1,504,1998-08-17T19:54:00+00:00,Imported Channel 1,861,ft^3/s,,,,,0.00,ft/s,,,Unspecified,Unspecified,Unspecified,Unspecified,Unspecified,Unknown,BridgeCrane,2026-07-13T22:20:43.346961+00:00,point_velocity,Unspecified
05517500,POINT (-86.96832768953219 41.22001987983983),6f78881b-70a9-4ada-acbe-695b020d31ae,USGS-05517500,450d93bc-33f5-cf99-e053-0100007f2cfb,241,1966-12-01T05:00:00+00:00,Imported Channel 1,1740,ft^3/s,110,ft,672,ft^2,2.59,ft/s,,,Unspecified,Unspecified,Unspecified,Unspecified,Unspecified,Unknown,Unspecified,2026-07-13T22:20:43.346961+00:00,point_velocity,Unspecified
05517500,POINT (-86.96832768953219 41.22001987983983),703b31af-1727-4a77-8866-fcec08a4c5af,USGS-05517500,450d7cb8-33a6-c808-e053-0100007fc000,316,1976-06-17T05:00:00+00:00,Imported Channel 1,980,ft^3/s,110,ft,460,ft^2,2.18,ft/s,,,Unspecified,Unspecified,Unspecified,Unspecified,Unspecified,Unknown,Unspecified,2026-07-13T22:20:43.346961+00:00,point_velocity,Unspecified
05517500,POINT (-86.96832768953219 41.22001987983983),705e983d-f109-4407-9ad4-48c10e70562e,USGS-05517500,450d83cb-e2cf-ca79-e053-0100007f26e2,522,2001-02-06T13:48:00+00:00,Imported Channel 1,1450,ft^3/s,,,,,,,,ft,Unspecified,Unspecified,Unspecified,Unspecified,Unspecified,Unknown,Unspecified,2026-07-13T22:20:43.346961+00:00,other_method,Unspecified
05517500,POINT (-86.96832768953219 41.22001987983983),7129a449-a688-4c0b-8213-75718a487065,USGS-05517500,450d9a18-795a-d1cb-e053-0100007f081c,328,1977-09-19T05:00:00+00:00,Imported Channel 1,1670,ft^3/s,110,ft,647,ft^2,2.58,ft/s,,,Unspecified,Unspecified,Unspecified,Unspecified,Unspecified,Unknown,Unspecified,2026-07-13T22:20:43.346961+00:00,point_velocity,Unspecified
05517500,POINT (-86.96832768953219 41.22001987983983),713cb235-ed49-4761-929a-702331a955b6,USGS-05517500,6f3de316-4af3-c039-e053-0100007ffd76,633,2018-06-21T17:30:32+00:00,Main,1580,ft^3/s,107,ft,605,ft^2,2.62,ft/s,150.00,ft,Soft,Sand,Even,Unspecified,Standard,Steady,BridgeDownstreamSide,2026-07-13T22:20:43.346961+00:00,adcp,Downstream
05517500,POINT (-86.96832768953219 41.22001987983983),71a1f986-c52b-49ee-9b88-45ddac1c1459,USGS-05517500,450d969a-a46f-d08a-e053-0100007f3ba1,165,1960-09-22T05:00:00+00:00,Imported Channel 1,930,ft^3/s,103,ft,397,ft^2,2.34,ft/s,,,Unspecified,Unspecified,Unspecified,Unspecified,Unspecified,Unknown,Unspecified,2026-07-13T22:20:43.346961+00:00,point_velocity,Unspecified
05517500,POINT (-86.96832768953219 41.22001987983983),71ebe412-1544-4271-b2b0-a21f6d7aacfd,USGS-05517500,450d97b6-deef-d110-e053-0100007f4820,586,2011-10-20T19:22:50+00:00,main,974,ft^3/s,108,ft,440,ft^2,2.21,ft/s,,ft,Soft,Sand,Uneven,Uneven,Standard,Unknown,BridgeDownstreamSide,2026-07-13T22:20:43.346961+00:00,adcp,AtTheGage
05517500,POINT (-86.96832768953219 41.22001987983983),726f8142-be2b-47ee-9249-487c3efbc383,USGS-05517500,450d8b8a-ef84-ccf2-e053-0100007fb93e,22,1950-01-17T05:00:00+00:00,Imported Channel 1,3190,ft^3/s,134,ft,1120,ft^2,2.85,ft/s,,,Unspecified,Unspecified,Unspecified,Unspecified,Unspecified,Unknown,Unspecified,2026-07-13T22:20:43.346961+00:00,point_velocity,Unspecified
05517500,POINT (-86.96832768953219 41.22001987983983),7290b7f0-2b83-481b-add1-21e513e8bf9d,USGS-05517500,450d8072-9ed0-c9a6-e053-0100007fef60,456,1991-05-07T14:55:00+00:00,Imported Channel 1,2320,ft^3/s,147,ft,977,ft^2,2.37,ft/s,,,Unspecified,Unspecified,Unspecified,Unspecified,Unspecified,Unknown,BridgeCrane,2026-07-13T22:20:43.346961+00:00,point_velocity,Unspecified
05517500,POINT (-86.96832768953219 41.22001987983983),72a2dacd-ed87-4a58-bc34-fffee8991f9f,USGS-05517500,450d750a-83c6-c5bc-e053-0100007f52f4,295,1974-03-27T05:00:00+00:00,Imported Channel 1,1910,ft^3/s,113,ft,688,ft^2,2.78,ft/s,,,Unspecified,Unspecified,Unspecified,Unspecified,Unspecified,Unknown,Unspecified,2026-07-13T22:20:43.346961+00:00,point_velocity,Unspecified
05517500,POINT (-86.96832768953219 41.22001987983983),7301421f-cbdb-48c9-810d-e0d12d1c14a3,USGS-05517500,450d99ef-da82-d1cd-e053-0100007f6d49,573,2009-08-26T20:34:00+00:00,Imported Channel 1,783,ft^3/s,105,ft,362,ft^2,2.16,ft/s,100.00,ft,Firm,Sand,Uneven,Even,Unspecified,Unknown,MannedMovingBoat,2026-07-13T22:20:43.346961+00:00,adcp,Downstream
05517500,POINT (-86.96832768953219 41.22001987983983),732ddcb9-c8e2-485e-b336-3c7c3c7d9e42,USGS-05517500,55a00f90-fe14-a385-e053-0100007ff325,627,2017-07-26T18:27:56+00:00,Main,2530,ft^3/s,118,ft,878,ft^2,2.88,ft/s,150.00,ft,Soft,Sand,Even,Unspecified,Standard,Steady,BridgeDownstreamSide,2026-07-13T22:20:43.346961+00:00,adcp,Downstream
05517500,POINT (-86.96832768953219 41.22001987983983),7413260e-f573-4e19-b7a1-ba31dd9caaac,USGS-05517500,450d9963-5192-d1b5-e053-0100007f7f72,265,1971-03-26T05:00:00+00:00,Imported Channel 1,2130,ft^3/s,121,ft,771,ft^2,2.76,ft/s,,,Unspecified,Unspecified,Unspecified,Unspecified,Unspecified,Unknown,Unspecified,2026-07-13T22:20:43.346961+00:00,point_velocity,Unspecified
05517500,POINT (-86.96832768953219 41.22001987983983),75885269-d057-40b7-aadd-cfdcecd63f5f,USGS-05517500,450d6778-bb97-c146-e053-0100007f1cd9,494,1997-02-04T14:16:00+00:00,Imported Channel 1,1890,ft^3/s,,,,,0.00,ft/s,,,Unspecified,Unspecified,Unspecified,Unspecified,Unspecified,Unknown,Boat,2026-07-13T22:20:43.346961+00:00,point_velocity,Unspecified
05517500,POINT (-86.96832768953219 41.22001987983983),75bb55f1-e008-4392-8ec2-dacc259883c1,USGS-05517500,450d8072-9f16-c9a6-e053-0100007fef60,143,1958-10-23T05:00:00+00:00,Imported Channel 1,560,ft^3/s,92.0,ft,279,ft^2,2.02,ft/s,,,Unspecified,Unspecified,Unspecified,Unspecified,Unspecified,Unknown,Unspecified,2026-07-13T22:20:43.346961+00:00,point_velocity,Unspecified
05517500,POINT (-86.96832768953219 41.22001987983983),75ef8bfe-3d73-4bf4-af61-8d2a70d5cc15,USGS-05517500,450d8909-6ff7-cc12-e053-0100007f18b3,41,1951-07-11T05:00:00+00:00,Imported Channel 1,2810,ft^3/s,126,ft,1010,ft^2,2.78,ft/s,,,Unspecified,Unspecified,Unspecified,Unspecified,Unspecified,Unknown,Unspecified,2026-07-13T22:20:43.346961+00:00,point_velocity,Unspecified
05517500,POINT (-86.96832768953219 41.22001987983983),7695642e-a86c-4c17-af30-e86b06ca87c3,USGS-05517500,450d6d8d-2c11-c36f-e053-0100007f1075,437,1988-12-13T14:55:00+00:00,Imported Channel 1,1070,ft^3/s,125,ft,548,ft^2,1.95,ft/s,,,Unspecified,Unspecified,Unspecified,Unspecified,Unspecified,Unknown,BridgeCrane,2026-07-13T22:20:43.346961+00:00,point_velocity,Unspecified
05517500,POINT (-86.96832768953219 41.22001987983983),769e1c14-8222-4770-8fc4-f3ea48ab0bbd,USGS-05517500,450d891e-bb8d-cc14-e053-0100007f1158,602,2014-04-14T19:38:25+00:00,MAIN,2240,ft^3/s,118,ft,807,ft^2,2.78,ft/s,50.00,ft,Firm,Gravel,Even,Even,Standard,Unknown,BridgeDownstreamSide,2026-07-13T22:20:43.346961+00:00,adcp,Downstream
05517500,POINT (-86.96832768953219 41.22001987983983),76a16a0b-972c-4c89-9d90-1ef0aac88c9e,USGS-05517500,450d8360-4220-ca75-e053-0100007ff789,126,1967-05-20T05:00:00+00:00,Imported Channel 1,1570,ft^3/s,112,ft,618,ft^2,2.54,ft/s,,,Unspecified,Unspecified,Unspecified,Unspecified,Unspecified,Unknown,Unspecified,2026-07-13T22:20:43.346961+00:00,point_velocity,Unspecified
05517500,POINT (-86.96832768953219 41.22001987983983),76c254c5-1d20-4d95-b2dd-1dfa140f4335,USGS-05517500,450d983e-5361-d112-e053-0100007f687d,306,1975-05-30T05:00:00+00:00,Imported Channel 1,1870,ft^3/s,117,ft,716,ft^2,2.61,ft/s,,,Unspecified,Unspecified,Unspecified,Unspecified,Unspecified,Unknown,Unspecified,2026-07-13T22:20:43.346961+00:00,point_velocity,Unspecified
05517500,POINT (-86.96832768953219 41.22001987983983),77359fab-554e-4d26-aa80-ceefc17dcb67,USGS-05517500,7f560795-970f-48a9-b23f-3506ae79655e,645,2021-03-02T14:24:56+00:00,main,1920,ft^3/s,110,ft,682,ft^2,2.81,ft/s,200.00,ft,Unspecified,Unspecified,Unspecified,Even,Standard,Steady,BridgeDownstreamSide,2026-07-13T22:20:43.346961+00:00,adcp,Downstream
05517500,POINT (-86.96832768953219 41.22001987983983),777d6de9-7816-4dea-a309-8761f0d819a4,USGS-05517500,a24a52d8-841f-4702-b83c-8a9bd321dcb2,658,2023-09-12T15:57:48+00:00,main,528,ft^3/s,90.0,ft,276,ft^2,1.91,ft/s,175.00,ft,Firm,Sand,Even,Unspecified,Standard,Steady,BridgeDownstreamSide,2026-07-13T22:20:43.346961+00:00,adcp,Downstream
05517500,POINT (-86.96832768953219 41.22001987983983),77a0b964-2f81-45e9-9a0c-ce2a7490e5f3,USGS-05517500,450d7cb8-3358-c808-e053-0100007fc000,570,2008-11-13T17:25:00+00:00,Imported Channel 1,1140,ft^3/s,94.8,ft,495,ft^2,2.30,ft/s,,ft,Unspecified,Unspecified,Unspecified,Unspecified,Unspecified,Unknown,Unspecified,2026-07-13T22:20:43.346961+00:00,adcp,Unspecified
05517500,POINT (-86.96832768953219 41.22001987983983),77ccf093-ec1a-4b62-9281-64c324c60418,USGS-05517500,450d7d19-be37-c898-e053-0100007f0d2e,492,1996-10-08T15:14:00+00:00,Imported Channel 1,929,ft^3/s,84.0,ft,,,0.00,ft/s,,,Unspecified,Unspecified,Unspecified,Unspecified,Unspecified,Unknown,Boat,2026-07-13T22:20:43.346961+00:00,point_velocity,Unspecified
05517500,POINT (-86.96832768953219 41.22001987983983),77d327de-de78-46fa-8557-deabc65514c7,USGS-05517500,450d75c5-5ad3-c5da-e053-0100007f9ec1,149,1959-05-21T05:00:00+00:00,Imported Channel 1,1380,ft^3/s,111,ft,539,ft^2,2.56,ft/s,,,Unspecified,Unspecified,Unspecified,Unspecified,Unspecified,Unknown,Unspecified,2026-07-13T22:20:43.346961+00:00,point_velocity,Unspecified
05517500,POINT (-86.96832768953219 41.22001987983983),7833e1d7-2d71-4744-863f-e94a87a6ecac,USGS-05517500,bceb58da-75d1-4496-9457-ad96af2f1f67,666,2025-02-27T15:06:00+00:00,Main,1060,ft^3/s,110,ft,472,ft^2,2.24,ft/s,150.00,ft,Firm,Sand,Even,Unspecified,Standard,Steady,BridgeDownstreamSide,2026-07-13T22:20:43.346961+00:00,adcp,Downstream
05517500,POINT (-86.96832768953219 41.22001987983983),788232cb-3d63-4fb0-9ab9-b85d272e55b0,USGS-05517500,450d7523-2a58-c5b4-e053-0100007f357b,557,2006-10-10T22:02:00+00:00,Imported Channel 1,1010,ft^3/s,104,ft,457,ft^2,2.22,ft/s,,ft,Unspecified,Unspecified,Unspecified,Unspecified,Unspecified,Unknown,Unspecified,2026-07-13T22:20:43.346961+00:00,adcp,Unspecified
05517500,POINT (-86.96832768953219 41.22001987983983),78ab6339-429b-4b24-9d1e-491b54f82d67,USGS-05517500,450d99dd-749c-d1c9-e053-0100007f0c1a,302,1974-12-12T05:00:00+00:00,Imported Channel 1,710,ft^3/s,108,ft,352,ft^2,2.00,ft/s,,,Unspecified,Unspecified,Unspecified,Unspecified,Unspecified,Unknown,Unspecified,2026-07-13T22:20:43.346961+00:00,point_velocity,Unspecified
05517500,POINT (-86.96832768953219 41.22001987983983),7975c07e-6f1e-4911-b2ab-3243c46c4e39,USGS-05517500,450d9753-98d7-d114-e053-0100007f1352,242,1967-01-05T05:00:00+00:00,Imported Channel 1,1560,ft^3/s,110,ft,613,ft^2,2.55,ft/s,,,Unspecified,Unspecified,Unspecified,Unspecified,Unspecified,Unknown,Unspecified,2026-07-13T22:20:43.346961+00:00,point_velocity,Unspecified
05517500,POINT (-86.96832768953219 41.22001987983983),7ab1f144-e304-4f75-a5c7-84df6a158147,USGS-05517500,450d8909-6ff6-cc12-e053-0100007f18b3,40,1951-06-21T05:00:00+00:00,Imported Channel 1,1130,ft^3/s,100,ft,478,ft^2,2.34,ft/s,,,Unspecified,Unspecified,Unspecified,Unspecified,Unspecified,Unknown,Unspecified,2026-07-13T22:20:43.346961+00:00,point_velocity,Unspecified
05517500,POINT (-86.96832768953219 41.22001987983983),7ab87763-eab4-44bd-beef-6450182bf511,USGS-05517500,450d801d-5550-c9a4-e053-0100007fa371,102,1955-05-19T05:00:00+00:00,Imported Channel 1,1050,ft^3/s,102,ft,440,ft^2,2.39,ft/s,,,Unspecified,Unspecified,Unspecified,Unspecified,Unspecified,Unknown,Unspecified,2026-07-13T22:20:43.346961+00:00,point_velocity,Unspecified
05517500,POINT (-86.96832768953219 41.22001987983983),7b12a002-dd8a-4020-bc87-a804fa374907,USGS-05517500,450d8b9c-6ee3-ccef-e053-0100007f7e6e,488,1996-02-22T17:16:00+00:00,Imported Channel 1,815,ft^3/s,132,ft,436,ft^2,1.87,ft/s,,,Unspecified,Unspecified,Unspecified,Unspecified,Unspecified,Unknown,BridgeCrane,2026-07-13T22:20:43.346961+00:00,point_velocity,Unspecified
05517500,POINT (-86.96832768953219 41.22001987983983),7b38ff94-f040-4e3e-9d91-3c61ce7a3c4e,USGS-05517500,450daf2c-1049-d87a-e053-0100007f0fd9,372,1982-04-29T05:00:00+00:00,Imported Channel 1,2810,ft^3/s,126,ft,1040,ft^2,2.70,ft/s,,,Unspecified,Unspecified,Unspecified,Unspecified,Unspecified,Unknown,Unspecified,2026-07-13T22:20:43.346961+00:00,point_velocity,Unspecified
05517500,POINT (-86.96832768953219 41.22001987983983),7b45e065-c3b0-45e9-8d0d-b035cd671836,USGS-05517500,450d6412-5563-c055-e053-0100007fc473,178,1961-11-20T05:00:00+00:00,Imported Channel 1,1260,ft^3/s,112,ft,561,ft^2,2.24,ft/s,,,Unspecified,Unspecified,Unspecified,Unspecified,Unspecified,Unknown,Unspecified,2026-07-13T22:20:43.346961+00:00,point_velocity,Unspecified
05517500,POINT (-86.96832768953219 41.22001987983983),7b7bd99b-15c6-4091-8d68-a8fb771be469,USGS-05517500,450d8d4d-c014-cd9f-e053-0100007faf42,526,2001-08-01T15:28:00+00:00,Imported Channel 1,782,ft^3/s,108,ft,306,ft^2,2.02,ft/s,,,Unspecified,Unspecified,Unspecified,Unspecified,Unspecified,Unknown,BridgeCrane,2026-07-13T22:20:43.346961+00:00,point_velocity,Unspecified
05517500,POINT (-86.96832768953219 41.22001987983983),7b9a9cd1-7404-4f81-995d-c6d0c0fe6e75,USGS-05517500,450d7cb8-3376-c808-e053-0100007fc000,106,1955-09-26T05:00:00+00:00,Imported Channel 1,431,ft^3/s,81.0,ft,259,ft^2,1.66,ft/s,,,Unspecified,Unspecified,Unspecified,Unspecified,Unspecified,Unknown,Unspecified,2026-07-13T22:20:43.346961+00:00,point_velocity,Unspecified
05517500,POINT (-86.96832768953219 41.22001987983983),7bad5d49-a7fe-4bb2-b972-5ac702aa0427,USGS-05517500,450d7916-933a-c71f-e053-0100007fd66c,549,2005-06-20T23:08:00+00:00,Imported Channel 1,750,ft^3/s,109,ft,373,ft^2,2.01,ft/s,,ft,Unspecified,Unspecified,Unspecified,Unspecified,Unspecified,Unknown,Unspecified,2026-07-13T22:20:43.346961+00:00,adcp,Unspecified
05517500,POINT (-86.96832768953219 41.22001987983983),7bb92673-bb0d-4aa7-90a6-61ba3fc8b27f,USGS-05517500,450d801d-5591-c9a4-e053-0100007fa371,289,1973-08-02T05:00:00+00:00,Imported Channel 1,1470,ft^3/s,110,ft,580,ft^2,2.53,ft/s,,,Unspecified,Unspecified,Unspecified,Unspecified,Unspecified,Unknown,Unspecified,2026-07-13T22:20:43.346961+00:00,point_velocity,Unspecified
05517500,POINT (-86.96832768953219 41.22001987983983),7c375d24-753f-40f0-b747-685048826bb0,USGS-05517500,450d6112-6749-bf54-e053-0100007fbeb2,301,1974-11-07T05:00:00+00:00,Imported Channel 1,962,ft^3/s,115,ft,436,ft^2,2.22,ft/s,,,Unspecified,Unspecified,Unspecified,Unspecified,Unspecified,Unknown,Unspecified,2026-07-13T22:20:43.346961+00:00,point_velocity,Unspecified
05517500,POINT (-86.96832768953219 41.22001987983983),7c4b9d10-daa8-4523-9792-f41595891777,USGS-05517500,64e0a2a8-7b2f-41a6-a5fb-3203a0883563,647,2021-09-01T17:19:21+00:00,main,663,ft^3/s,103,ft,327,ft^2,2.03,ft/s,150.00,ft,Firm,Sand,Even,Unspecified,Standard,Steady,BridgeDownstreamSide,2026-07-13T22:20:43.346961+00:00,adcp,Downstream
05517500,POINT (-86.96832768953219 41.22001987983983),7c6dc2d3-e50c-4b09-949b-e7fa6b5d58b1,USGS-05517500,450da792-9913-d607-e053-0100007fa9c4,311,1975-12-05T05:00:00+00:00,Imported Channel 1,1900,ft^3/s,115,ft,744,ft^2,2.55,ft/s,,,Unspecified,Unspecified,Unspecified,Unspecified,Unspecified,Unknown,Unspecified,2026-07-13T22:20:43.346961+00:00,point_velocity,Unspecified
05517500,POINT (-86.96832768953219 41.22001987983983),7c9efa80-7e3c-437b-bff9-6de68b604b2f,USGS-05517500,450d761c-cf6c-c616-e053-0100007ff421,167,1960-11-17T05:00:00+00:00,Imported Channel 1,880,ft^3/s,104,ft,410,ft^2,2.15,ft/s,,,Unspecified,Unspecified,Unspecified,Unspecified,Unspecified,Unknown,Unspecified,2026-07-13T22:20:43.346961+00:00,point_velocity,Unspecified
05517500,POINT (-86.96832768953219 41.22001987983983),7ca7e679-453a-4ec9-827d-e621a153ebbd,USGS-05517500,450da683-976f-d601-e053-0100007f165e,341,1979-03-01T05:00:00+00:00,Imported Channel 1,1180,ft^3/s,110,ft,540,ft^2,2.19,ft/s,,,Unspecified,Unspecified,Unspecified,Unspecified,Unspecified,Unknown,Unspecified,2026-07-13T22:20:43.346961+00:00,point_velocity,Unspecified
05517500,POINT (-86.96832768953219 41.22001987983983),7ccfe7df-dccd-44a8-96a7-48ad654c4401,USGS-05517500,450d7cb8-3375-c808-e053-0100007fc000,101,1955-04-18T05:00:00+00:00,Imported Channel 1,1350,ft^3/s,109,ft,540,ft^2,2.50,ft/s,,,Unspecified,Unspecified,Unspecified,Unspecified,Unspecified,Unknown,Unspecified,2026-07-13T22:20:43.346961+00:00,point_velocity,Unspecified
05517500,POINT (-86.96832768953219 41.22001987983983),7cdf4c90-7477-45b3-adf5-1ecc0cb35b3f,USGS-05517500,450d8909-701b-cc12-e053-0100007f18b3,184,1962-04-26T05:00:00+00:00,Imported Channel 1,1390,ft^3/s,114,ft,539,ft^2,2.58,ft/s,,,Unspecified,Unspecified,Unspecified,Unspecified,Unspecified,Unknown,Unspecified,2026-07-13T22:20:43.346961+00:00,point_velocity,Unspecified
05517500,POINT (-86.96832768953219 41.22001987983983),7d228826-809c-4e3b-b905-ad3dfce8934b,USGS-05517500,450d7bf7-3398-c804-e053-0100007fec47,32,1950-09-19T05:00:00+00:00,Imported Channel 1,736,ft^3/s,93.0,ft,375,ft^2,1.96,ft/s,,,Unspecified,Unspecified,Unspecified,Unspecified,Unspecified,Unknown,Unspecified,2026-07-13T22:20:43.346961+00:00,point_velocity,Unspecified
05517500,POINT (-86.96832768953219 41.22001987983983),7daa091d-010c-47ef-8dd0-239f421915e3,USGS-05517500,450d7d19-be63-c898-e053-0100007f0d2e,80,1954-06-17T05:00:00+00:00,Imported Channel 1,1200,ft^3/s,106,ft,497,ft^2,2.12,ft/s,,,Unspecified,Unspecified,Unspecified,Unspecified,Unspecified,Unknown,Unspecified,2026-07-13T22:20:43.346961+00:00,point_velocity,Unspecified
05517500,POINT (-86.96832768953219 41.22001987983983),7db86af2-96f3-42ed-968a-05688928e202,USGS-05517500,450d9a18-7963-d1cb-e053-0100007f081c,611,2015-06-03T16:59:51+00:00,Main,3150,ft^3/s,124,ft,1100,ft^2,2.87,ft/s,200.00,ft,Soft,Sand,Even,Unspecified,Standard,Unknown,BridgeDownstreamSide,2026-07-13T22:20:43.346961+00:00,adcp,Downstream
05517500,POINT (-86.96832768953219 41.22001987983983),7deb41c8-fced-45ed-be78-78b967134d92,USGS-05517500,450d83d9-87d0-ca99-e053-0100007fbb0c,416,1986-09-08T05:00:00+00:00,Imported Channel 1,567,ft^3/s,102,ft,278,ft^2,2.04,ft/s,,,Unspecified,Unspecified,Unspecified,Unspecified,Unspecified,Unknown,BridgeCrane,2026-07-13T22:20:43.346961+00:00,point_velocity,Unspecified
05517500,POINT (-86.96832768953219 41.22001987983983),7df5bd85-199c-4fb4-8145-8f249b6d0d40,USGS-05517500,450d88b7-eae1-cc1a-e053-0100007f56ed,464,1992-06-01T19:50:00+00:00,Imported Channel 1,1020,ft^3/s,126,ft,492,ft^2,2.08,ft/s,,,Unspecified,Unspecified,Unspecified,Unspecified,Unspecified,Unknown,BridgeCrane,2026-07-13T22:20:43.346961+00:00,point_velocity,Unspecified
05517500,POINT (-86.96832768953219 41.22001987983983),7e1f5f76-8fe2-4723-8bac-493114af139a,USGS-05517500,450d86a0-20bc-cb8a-e053-0100007f1497,266,1971-05-13T05:00:00+00:00,Imported Channel 1,1070,ft^3/s,109,ft,438,ft^2,2.44,ft/s,,,Unspecified,Unspecified,Unspecified,Unspecified,Unspecified,Unknown,Unspecified,2026-07-13T22:20:43.346961+00:00,point_velocity,Unspecified
05517500,POINT (-86.96832768953219 41.22001987983983),7e3bc95b-b0fb-4f45-ae76-79d0595d54fd,USGS-05517500,450d7852-cf3c-c6be-e053-0100007f4e14,401,1985-01-15T05:00:00+00:00,Imported Channel 1,2150,ft^3/s,119,ft,793,ft^2,2.71,ft/s,,,Unspecified,Unspecified,Unspecified,Unspecified,Unspecified,Unknown,BridgeCrane,2026-07-13T22:20:43.346961+00:00,point_velocity,Unspecified
05517500,POINT (-86.96832768953219 41.22001987983983),7f54c8f5-ae58-4ddc-a7f6-5a66b961c9c5,USGS-05517500,450d75c5-5acb-c5da-e053-0100007f9ec1,100,1955-03-23T05:00:00+00:00,Imported Channel 1,1870,ft^3/s,113,ft,678,ft^2,2.76,ft/s,,,Unspecified,Unspecified,Unspecified,Unspecified,Unspecified,Unknown,Unspecified,2026-07-13T22:20:43.346961+00:00,point_velocity,Unspecified
05517500,POINT (-86.96832768953219 41.22001987983983),7f97c6f7-52e8-4172-8778-fecbf940b5b2,USGS-05517500,450d755f-2268-c5dc-e053-0100007f0625,267,1971-06-09T05:00:00+00:00,Imported Channel 1,1270,ft^3/s,110,ft,512,ft^2,2.48,ft/s,,,Unspecified,Unspecified,Unspecified,Unspecified,Unspecified,Unknown,Unspecified,2026-07-13T22:20:43.346961+00:00,point_velocity,Unspecified
05517500,POINT (-86.96832768953219 41.22001987983983),7f9ef35c-bfa3-4ac7-92da-578ccc936cf6,USGS-05517500,450d70bc-1dc7-c469-e053-0100007fd2b9,431,1988-06-20T17:50:00+00:00,Imported Channel 1,583,ft^3/s,101,ft,256,ft^2,2.28,ft/s,,,Unspecified,Unspecified,Unspecified,Unspecified,Unspecified,Unknown,Wading,2026-07-13T22:20:43.346961+00:00,point_velocity,Unspecified
05517500,POINT (-86.96832768953219 41.22001987983983),803015db-ae9c-45df-aa7f-6d4650ecfd7f,USGS-05517500,450d8013-c629-c9a2-e053-0100007f33ff,152,1959-08-20T05:00:00+00:00,Imported Channel 1,544,ft^3/s,126,ft,332,ft^2,1.64,ft/s,,,Unspecified,Unspecified,Unspecified,Unspecified,Unspecified,Unknown,Unspecified,2026-07-13T22:20:43.346961+00:00,point_velocity,Unspecified
05517500,POINT (-86.96832768953219 41.22001987983983),805f6864-b3f8-490d-b38a-28439bca2264,USGS-05517500,450d8d7e-4515-cd9d-e053-0100007fecfa,43,1951-10-16T05:00:00+00:00,Imported Channel 1,810,ft^3/s,96.0,ft,424,ft^2,1.91,ft/s,,,Unspecified,Unspecified,Unspecified,Unspecified,Unspecified,Unknown,Unspecified,2026-07-13T22:20:43.346961+00:00,point_velocity,Unspecified
05517500,POINT (-86.96832768953219 41.22001987983983),81258117-9b57-47f1-9d9b-152e4c3b1c89,USGS-05517500,450d968f-ab55-d084-e053-0100007f8295,299,1974-08-29T05:00:00+00:00,Imported Channel 1,469,ft^3/s,92.0,ft,3.74,ft^2,1.26,ft/s,,,Unspecified,Unspecified,Unspecified,Unspecified,Unspecified,Unknown,Unspecified,2026-07-13T22:20:43.346961+00:00,point_velocity,Unspecified
05517500,POINT (-86.96832768953219 41.22001987983983),8154c0c2-4842-45b1-8ff8-9ef88e6bafe9,USGS-05517500,450d960d-c546-d0a2-e053-0100007f6ceb,259,1970-05-03T05:00:00+00:00,Imported Channel 1,1040,ft^3/s,109,ft,437,ft^2,2.40,ft/s,,,Unspecified,Unspecified,Unspecified,Unspecified,Unspecified,Unknown,Unspecified,2026-07-13T22:20:43.346961+00:00,point_velocity,Unspecified
05517500,POINT (-86.96832768953219 41.22001987983983),815aa8c2-7b96-41c4-85ec-3940bbb7c459,USGS-05517500,450d95f1-6263-d086-e053-0100007f4d0c,575,2009-12-02T18:00:00+00:00,Imported Channel 1,1290,ft^3/s,113,ft,552,ft^2,2.34,ft/s,150.00,ft,Firm,Sand,Even,Even,Unspecified,Unknown,MannedMovingBoat,2026-07-13T22:20:43.346961+00:00,adcp,Downstream
05517500,POINT (-86.96832768953219 41.22001987983983),817fb751-a4ad-4b93-b7a9-9bfec3ab6e2f,USGS-05517500,450d8d4d-c049-cd9f-e053-0100007faf42,123,1967-02-20T05:00:00+00:00,Imported Channel 1,740,ft^3/s,97.0,ft,362,ft^2,2.04,ft/s,,,Unspecified,Unspecified,Unspecified,Unspecified,Unspecified,Unknown,Unspecified,2026-07-13T22:20:43.346961+00:00,point_velocity,Unspecified
05517500,POINT (-86.96832768953219 41.22001987983983),819f6e8b-ab84-4def-b572-d19dfb97dcbd,USGS-05517500,450d83e2-8dbc-ca97-e053-0100007ff8bd,420,1987-02-23T05:00:00+00:00,Imported Channel 1,1340,ft^3/s,113,ft,533,ft^2,2.51,ft/s,,,Unspecified,Unspecified,Unspecified,Unspecified,Unspecified,Unknown,BridgeCrane,2026-07-13T22:20:43.346961+00:00,point_velocity,Unspecified
05517500,POINT (-86.96832768953219 41.22001987983983),81f4c1d4-aef5-4740-b0c8-37456c858242,USGS-05517500,450d7508-710f-c5ac-e053-0100007f62d3,491,1996-07-30T15:07:00+00:00,Imported Channel 1,3860,ft^3/s,,,,,0.00,ft/s,,,Unspecified,Unspecified,Unspecified,Unspecified,Unspecified,Unknown,Boat,2026-07-13T22:20:43.346961+00:00,point_velocity,Unspecified
05517500,POINT (-86.96832768953219 41.22001987983983),823c0875-c63e-4227-befd-9a072dcf542d,USGS-05517500,450d8b6d-b17a-ccf4-e053-0100007f70e1,507,1998-08-17T20:36:00+00:00,Imported Channel 1,857,ft^3/s,,,,,0.00,ft/s,,,Unspecified,Unspecified,Unspecified,Unspecified,Unspecified,Unknown,Boat,2026-07-13T22:20:43.346961+00:00,point_velocity,Unspecified
05517500,POINT (-86.96832768953219 41.22001987983983),826d5390-1e4c-4fb7-9fa3-90e7b9e871e9,USGS-05517500,450d7807-1a3b-c6c0-e053-0100007ff875,39,1951-05-16T05:00:00+00:00,Imported Channel 1,2500,ft^3/s,122,ft,928,ft^2,2.70,ft/s,,,Unspecified,Unspecified,Unspecified,Unspecified,Unspecified,Unknown,Unspecified,2026-07-13T22:20:43.346961+00:00,point_velocity,Unspecified
05517500,POINT (-86.96832768953219 41.22001987983983),835b7a7c-11d2-4025-8a42-942107947418,USGS-05517500,450d8d4d-c091-cd9f-e053-0100007faf42,595,2013-03-05T15:04:13+00:00,Main,1610,ft^3/s,110,ft,636,ft^2,2.53,ft/s,50.00,ft,Firm,Gravel,Even,Even,Standard,Unknown,BridgeDownstreamSide,2026-07-13T22:20:43.346961+00:00,adcp,Downstream
05517500,POINT (-86.96832768953219 41.22001987983983),835c134c-02d6-4229-ae6e-cf45dd4dc806,USGS-05517500,450d75c5-5ad7-c5da-e053-0100007f9ec1,168,1961-01-19T05:00:00+00:00,Imported Channel 1,663,ft^3/s,96.0,ft,338,ft^2,1.96,ft/s,,,Unspecified,Unspecified,Unspecified,Unspecified,Unspecified,Unknown,Unspecified,2026-07-13T22:20:43.346961+00:00,point_velocity,Unspecified
05517500,POINT (-86.96832768953219 41.22001987983983),840e1039-b0d1-4b95-8396-c588369dcd63,USGS-05517500,450d8072-9f45-c9a6-e053-0100007fef60,370,1982-03-19T05:00:00+00:00,Imported Channel 1,5500,ft^3/s,133,ft,1570,ft^2,3.50,ft/s,,,Unspecified,Unspecified,Unspecified,Unspecified,Unspecified,Unknown,Unspecified,2026-07-13T22:20:43.346961+00:00,point_velocity,Unspecified
05517500,POINT (-86.96832768953219 41.22001987983983),845863d9-b346-4a47-aa10-a38c8021e131,USGS-05517500,450d961b-d6b4-d0a4-e053-0100007fbd87,603,2014-06-18T20:30:08+00:00,Main,1320,ft^3/s,107,ft,538,ft^2,2.44,ft/s,50.00,ft,Firm,Sand,Even,Even,Standard,Unknown,BridgeDownstreamSide,2026-07-13T22:20:43.346961+00:00,adcp,Downstream
05517500,POINT (-86.96832768953219 41.22001987983983),845b5703-f059-4623-a7d3-5f9938761361,USGS-05517500,450daf88-e0b0-d87c-e053-0100007fcd25,571,2009-01-29T18:45:00+00:00,Imported Channel 1,1370,ft^3/s,132,ft,600,ft^2,2.28,ft/s,200.00,ft,Firm,Sand,Uneven,Even,Unspecified,Unknown,MannedMovingBoat,2026-07-13T22:20:43.346961+00:00,adcp,Downstream
05517500,POINT (-86.96832768953219 41.22001987983983),84dc04fb-a537-492d-b264-7229adf43517,USGS-05517500,450d83cb-e332-ca79-e053-0100007f26e2,305,1975-04-15T05:00:00+00:00,Imported Channel 1,1310,ft^3/s,112,ft,544,ft^2,2.47,ft/s,,,Unspecified,Unspecified,Unspecified,Unspecified,Unspecified,Unknown,Unspecified,2026-07-13T22:20:43.346961+00:00,point_velocity,Unspecified
05517500,POINT (-86.96832768953219 41.22001987983983),84f97123-d131-4290-95da-4528d0b24ccb,USGS-05517500,450d6d95-961a-c375-e053-0100007fea51,477,1994-06-07T19:00:00+00:00,Imported Channel 1,768,ft^3/s,120,ft,397,ft^2,1.93,ft/s,,,Unspecified,Unspecified,Unspecified,Unspecified,Unspecified,Unknown,BridgeCrane,2026-07-13T22:20:43.346961+00:00,point_velocity,Unspecified
05517500,POINT (-86.96832768953219 41.22001987983983),8527b91d-3f39-4b46-95e1-c47fca86be91,USGS-05517500,450d961b-d6ac-d0a4-e053-0100007fbd87,338,1978-10-31T05:00:00+00:00,Imported Channel 1,504,ft^3/s,100,ft,225,ft^2,1.83,ft/s,,,Unspecified,Unspecified,Unspecified,Unspecified,Unspecified,Unknown,Unspecified,2026-07-13T22:20:43.346961+00:00,point_velocity,Unspecified
05517500,POINT (-86.96832768953219 41.22001987983983),8528df77-1760-4b57-bb69-08d5d80626b8,USGS-05517500,450d8896-74d0-cc10-e053-0100007f4527,213,1964-08-24T05:00:00+00:00,Imported Channel 1,436,ft^3/s,90.0,ft,270,ft^2,1.62,ft/s,,,Unspecified,Unspecified,Unspecified,Unspecified,Unspecified,Unknown,Unspecified,2026-07-13T22:20:43.346961+00:00,point_velocity,Unspecified
05517500,POINT (-86.96832768953219 41.22001987983983),853e138e-f509-402d-8dff-3d1858accd98,USGS-05517500,450d9a18-791c-d1cb-e053-0100007f081c,145,1958-12-30T05:00:00+00:00,Imported Channel 1,710,ft^3/s,94.0,ft,328,ft^2,2.16,ft/s,,,Unspecified,Unspecified,Unspecified,Unspecified,Unspecified,Unknown,Unspecified,2026-07-13T22:20:43.346961+00:00,point_velocity,Unspecified
05517500,POINT (-86.96832768953219 41.22001987983983),857408c2-e3b4-47fb-a8d4-0f822a629d97,USGS-05517500,69f9f028-bcf0-34bd-e053-0100007f225a,632,2018-04-12T18:53:07+00:00,Main,2070,ft^3/s,114,ft,733,ft^2,2.82,ft/s,150.00,ft,Soft,Sand,Even,Unspecified,Standard,Steady,BridgeDownstreamSide,2026-07-13T22:20:43.346961+00:00,adcp,Downstream
05517500,POINT (-86.96832768953219 41.22001987983983),86150c2e-481a-4276-a080-28e1b82cbd19,USGS-05517500,450d960d-c50c-d0a2-e053-0100007f6ceb,83,1954-09-02T05:00:00+00:00,Imported Channel 1,799,ft^3/s,100,ft,371,ft^2,2.15,ft/s,,,Unspecified,Unspecified,Unspecified,Unspecified,Unspecified,Unknown,Unspecified,2026-07-13T22:20:43.346961+00:00,point_velocity,Unspecified
05517500,POINT (-86.96832768953219 41.22001987983983),864f08f1-b45d-4cf4-9aec-71f2bfd6312d,USGS-05517500,450d7916-9382-c71f-e053-0100007fd66c,224,1965-07-08T05:00:00+00:00,Imported Channel 1,858,ft^3/s,107,ft,414,ft^2,,,,,Unspecified,Unspecified,Unspecified,Unspecified,Unspecified,Unknown,Unspecified,2026-07-13T22:20:43.346961+00:00,point_velocity,Unspecified
05517500,POINT (-86.96832768953219 41.22001987983983),8688c1a3-9335-42c7-99e4-55835c28f27d,USGS-05517500,450d7fed-7a69-c98c-e053-0100007fbf34,508,1998-10-06T14:10:00+00:00,Imported Channel 1,586,ft^3/s,,,,,0.00,ft/s,,,Unspecified,Unspecified,Unspecified,Unspecified,Unspecified,Unknown,Boat,2026-07-13T22:20:43.346961+00:00,point_velocity,Unspecified
05517500,POINT (-86.96832768953219 41.22001987983983),86a82ee7-1e1b-454e-a81e-1a3dde25566a,USGS-05517500,450d8995-231f-cc18-e053-0100007fff40,180,1962-01-25T05:00:00+00:00,Imported Channel 1,1140,ft^3/s,116,ft,489,ft^2,2.33,ft/s,,,Unspecified,Unspecified,Unspecified,Unspecified,Unspecified,Unknown,Unspecified,2026-07-13T22:20:43.346961+00:00,point_velocity,Unspecified
05517500,POINT (-86.96832768953219 41.22001987983983),86dc44f8-4315-4fa2-bd18-a16e5e47568b,USGS-05517500,bbc6f649-1fa1-481c-ab10-04da60941dc8,665,2024-11-19T16:53:51+00:00,Main,763,ft^3/s,107,ft,387,ft^2,1.97,ft/s,150.00,ft,Soft,Sand,Even,Unspecified,Standard,Steady,BridgeDownstreamSide,2026-07-13T22:20:43.346961+00:00,adcp,Downstream
05517500,POINT (-86.96832768953219 41.22001987983983),86f25bfa-78ce-4656-8516-3570f082dc1d,USGS-05517500,450d5b7c-6ed2-bdaa-e053-0100007fdb7b,479,1994-09-15T22:50:00+00:00,Imported Channel 1,734,ft^3/s,120,ft,382,ft^2,1.92,ft/s,,,Unspecified,Unspecified,Unspecified,Unspecified,Unspecified,Unknown,BridgeCrane,2026-07-13T22:20:43.346961+00:00,point_velocity,Unspecified
05517500,POINT (-86.96832768953219 41.22001987983983),8711682c-921e-4ab6-a011-e43ba0a647e4,USGS-05517500,450d968a-f60f-d088-e053-0100007f487d,116,1956-07-16T05:00:00+00:00,Imported Channel 1,696,ft^3/s,93.0,ft,308,ft^2,2.26,ft/s,,,Unspecified,Unspecified,Unspecified,Unspecified,Unspecified,Unknown,Unspecified,2026-07-13T22:20:43.346961+00:00,point_velocity,Unspecified
05517500,POINT (-86.96832768953219 41.22001987983983),872bc64e-5cd0-4ab8-a27c-1ea197ed0e38,USGS-05517500,450d9753-98fb-d114-e053-0100007f1352,366,1981-09-14T05:00:00+00:00,Imported Channel 1,1210,ft^3/s,110,ft,491,ft^2,2.46,ft/s,,,Unspecified,Unspecified,Unspecified,Unspecified,Unspecified,Unknown,Unspecified,2026-07-13T22:20:43.346961+00:00,point_velocity,Unspecified
05517500,POINT (-86.96832768953219 41.22001987983983),87c3ac13-ef4c-4489-8a77-25d002331057,USGS-05517500,450d8b6d-b17a-ccf4-e053-0100007f70e1,506,1998-08-17T20:27:00+00:00,Imported Channel 1,783,ft^3/s,,,,,0.00,ft/s,,,Unspecified,Unspecified,Unspecified,Unspecified,Unspecified,Unknown,Boat,2026-07-13T22:20:43.346961+00:00,point_velocity,Unspecified
05517500,POINT (-86.96832768953219 41.22001987983983),887b34e5-0c38-41b9-ae3d-b30be6503cdf,USGS-05517500,450d93c9-58e1-d007-e053-0100007fd874,4,1948-10-24T05:00:00+00:00,Imported Channel 1,455,ft^3/s,90.0,ft,302,ft^2,1.51,ft/s,,,Unspecified,Unspecified,Unspecified,Unspecified,Unspecified,Unknown,Unspecified,2026-07-13T22:20:43.346961+00:00,point_velocity,Unspecified
05517500,POINT (-86.96832768953219 41.22001987983983),88bb65c0-ef33-4ed9-bb13-e430cb32c0c1,USGS-05517500,450d964c-1ead-d082-e053-0100007f7ef2,269,1971-08-30T05:00:00+00:00,Imported Channel 1,632,ft^3/s,98.0,ft,276,ft^2,2.77,ft/s,,,Unspecified,Unspecified,Unspecified,Unspecified,Unspecified,Unknown,Unspecified,2026-07-13T22:20:43.346961+00:00,point_velocity,Unspecified
05517500,POINT (-86.96832768953219 41.22001987983983),89077909-50e5-46e6-a027-83ae65e0b0ef,USGS-05517500,450d99ef-da7d-d1cd-e053-0100007f6d49,331,1978-03-14T05:00:00+00:00,Imported Channel 1,3730,ft^3/s,135,ft,1270,ft^2,2.94,ft/s,,,Unspecified,Unspecified,Unspecified,Unspecified,Unspecified,Unknown,Unspecified,2026-07-13T22:20:43.346961+00:00,point_velocity,Unspecified
05517500,POINT (-86.96832768953219 41.22001987983983),89de9fb4-de8a-419d-bd62-ff620542aaf4,USGS-05517500,450d6148-72d4-bf52-e053-0100007fc371,406,1985-05-20T05:00:00+00:00,Imported Channel 1,1230,ft^3/s,112,ft,513,ft^2,2.40,ft/s,,,Unspecified,Unspecified,Unspecified,Unspecified,Unspecified,Unknown,BridgeCrane,2026-07-13T22:20:43.346961+00:00,point_velocity,Unspecified
05517500,POINT (-86.96832768953219 41.22001987983983),8ab391bb-eb16-4034-982f-11eed4119ba9,USGS-05517500,450d9a18-7960-d1cb-e053-0100007f081c,578,2010-06-08T18:26:00+00:00,Imported Channel 1,1730,ft^3/s,115,ft,639,ft^2,2.70,ft/s,100.00,ft,Firm,Sand,Even,Even,Unspecified,Unknown,BridgeDownstreamSide,2026-07-13T22:20:43.346961+00:00,adcp,Downstream
05517500,POINT (-86.96832768953219 41.22001987983983),8ae6e3ae-528b-490d-96a6-454dcb89da13,USGS-05517500,450d97bd-9f48-d134-e053-0100007fca16,345,1979-04-24T05:00:00+00:00,Imported Channel 1,2030,ft^3/s,116,ft,768,ft^2,2.64,ft/s,,,Unspecified,Unspecified,Unspecified,Unspecified,Unspecified,Unknown,Unspecified,2026-07-13T22:20:43.346961+00:00,point_velocity,Unspecified
05517500,POINT (-86.96832768953219 41.22001987983983),8ba7455f-1584-4a6f-8d7e-62bd793220d6,USGS-05517500,450d7cd6-6d77-c894-e053-0100007f1717,240,1966-10-25T05:00:00+00:00,Imported Channel 1,472,ft^3/s,92.0,ft,254,ft^2,1.86,ft/s,,,Unspecified,Unspecified,Unspecified,Unspecified,Unspecified,Unknown,Unspecified,2026-07-13T22:20:43.346961+00:00,point_velocity,Unspecified
05517500,POINT (-86.96832768953219 41.22001987983983),8bc66e8c-42ba-4d83-a5c2-b1429c43ba79,USGS-05517500,450d755f-2252-c5dc-e053-0100007f0625,203,1963-10-02T05:00:00+00:00,Imported Channel 1,369,ft^3/s,80.0,ft,228,ft^2,1.62,ft/s,,,Unspecified,Unspecified,Unspecified,Unspecified,Unspecified,Unknown,Unspecified,2026-07-13T22:20:43.346961+00:00,point_velocity,Unspecified
05517500,POINT (-86.96832768953219 41.22001987983983),8be4d286-f2ea-4bc0-b59c-6ae38c89d6df,USGS-05517500,780bf90f-14f5-f2b2-e053-0100007f59a6,635,2018-10-10T17:00:56+00:00,Main,1320,ft^3/s,106,ft,534,ft^2,2.46,ft/s,150.00,ft,Firm,Sand,Even,Unspecified,Standard,Steady,BridgeDownstreamSide,2026-07-13T22:20:43.346961+00:00,adcp,Downstream
05517500,POINT (-86.96832768953219 41.22001987983983),8bf4c0e2-855f-4ab2-bc48-2a734f6d8df3,USGS-05517500,450d960d-c53c-d0a2-e053-0100007f6ceb,237,1966-06-14T05:00:00+00:00,Imported Channel 1,1450,ft^3/s,114,ft,610,ft^2,2.38,ft/s,,,Unspecified,Unspecified,Unspecified,Unspecified,Unspecified,Unknown,Unspecified,2026-07-13T22:20:43.346961+00:00,point_velocity,Unspecified
05517500,POINT (-86.96832768953219 41.22001987983983),8c2805d9-30a9-41bc-8563-0d78357f0528,USGS-05517500,450d88a2-ccda-cc16-e053-0100007f2d33,189,1962-08-17T05:00:00+00:00,Imported Channel 1,462,ft^3/s,123,ft,257,ft^2,1.80,ft/s,,,Unspecified,Unspecified,Unspecified,Unspecified,Unspecified,Unknown,Unspecified,2026-07-13T22:20:43.346961+00:00,point_velocity,Unspecified
05517500,POINT (-86.96832768953219 41.22001987983983),8cd03637-6b99-4d36-8bb6-b6cc0bd9553f,USGS-05517500,450d99ef-da84-d1cd-e053-0100007f6d49,592,2012-08-30T15:25:59+00:00,Main,504,ft^3/s,102,ft,271,ft^2,1.86,ft/s,5.00,ft,Firm,Gravel,Even,Uneven,Standard,Unknown,BridgeDownstreamSide,2026-07-13T22:20:43.346961+00:00,adcp,Downstream
05517500,POINT (-86.96832768953219 41.22001987983983),8cdf43d2-8885-4b56-9d0f-1d392e7e585f,USGS-05517500,314a842b-5334-4c60-92f6-b22280433807,657,2023-07-10T17:56:37+00:00,Main,758,ft^3/s,103,ft,364,ft^2,2.08,ft/s,150.00,ft,Firm,Sand,Even,Unspecified,Standard,Steady,BridgeDownstreamSide,2026-07-13T22:20:43.346961+00:00,adcp,Downstream
05517500,POINT (-86.96832768953219 41.22001987983983),8e1082e3-5839-4ff5-acc6-dd74969fa503,USGS-05517500,450d891e-bb66-cc14-e053-0100007f1158,212,1964-07-27T05:00:00+00:00,Imported Channel 1,618,ft^3/s,96.0,ft,322,ft^2,1.92,ft/s,,,Unspecified,Unspecified,Unspecified,Unspecified,Unspecified,Unknown,Unspecified,2026-07-13T22:20:43.346961+00:00,point_velocity,Unspecified
05517500,POINT (-86.96832768953219 41.22001987983983),8e514904-9532-441c-93de-b59757627030,USGS-05517500,450d7d19-be6f-c898-e053-0100007f0d2e,148,1959-04-08T05:00:00+00:00,Imported Channel 1,3180,ft^3/s,134,ft,1070,ft^2,2.97,ft/s,,,Unspecified,Unspecified,Unspecified,Unspecified,Unspecified,Unknown,Unspecified,2026-07-13T22:20:43.346961+00:00,point_velocity,Unspecified
05517500,POINT (-86.96832768953219 41.22001987983983),8e7a84b3-2fc5-499c-af82-68699fb7cdc3,USGS-05517500,450d7d19-be7b-c898-e053-0100007f0d2e,205,1963-12-13T05:00:00+00:00,Imported Channel 1,414,ft^3/s,85.0,ft,264,ft^2,1.57,ft/s,,,Unspecified,Unspecified,Unspecified,Unspecified,Unspecified,Unknown,Unspecified,2026-07-13T22:20:43.346961+00:00,point_velocity,Unspecified
05517500,POINT (-86.96832768953219 41.22001987983983),8ec01f9b-faae-40c3-9c8d-d4338003a09a,USGS-05517500,450d7b90-ca1a-c806-e053-0100007f4264,463,1992-04-06T16:55:00+00:00,Imported Channel 1,1830,ft^3/s,148,ft,7.98,ft^2,2.29,ft/s,,,Unspecified,Unspecified,Unspecified,Unspecified,Unspecified,Unknown,BridgeCrane,2026-07-13T22:20:43.346961+00:00,point_velocity,Unspecified
05517500,POINT (-86.96832768953219 41.22001987983983),8f01a6bc-dea5-4e6b-adcf-103cdc70cd65,USGS-05517500,450d963d-cd87-d0b0-e053-0100007f6d2a,369,1982-03-17T05:00:00+00:00,Imported Channel 1,5120,ft^3/s,133,ft,1510,ft^2,3.39,ft/s,,,Unspecified,Unspecified,Unspecified,Unspecified,Unspecified,Unknown,Unspecified,2026-07-13T22:20:43.346961+00:00,point_velocity,Unspecified
05517500,POINT (-86.96832768953219 41.22001987983983),8f36047a-f5cd-4f00-8d37-e56b1b59090a,USGS-05517500,450d960d-c55c-d0a2-e053-0100007f6ceb,596,2013-05-07T20:49:41+00:00,MAIN,1760,ft^3/s,114,ft,696,ft^2,2.53,ft/s,,ft,Firm,Gravel,Even,Even,Standard,Unknown,BridgeDownstreamSide,2026-07-13T22:20:43.346961+00:00,adcp,AtTheGage
05517500,POINT (-86.96832768953219 41.22001987983983),8f6b0711-6039-404d-91f3-2dc461113be6,USGS-05517500,450d7b90-ca33-c806-e053-0100007f4264,560,2007-08-25T17:13:00+00:00,Imported Channel 1,3730,ft^3/s,143,ft,1330,ft^2,2.80,ft/s,,ft,Unspecified,Unspecified,Unspecified,Unspecified,Unspecified,Unknown,Unspecified,2026-07-13T22:20:43.346961+00:00,adcp,Unspecified
05517500,POINT (-86.96832768953219 41.22001987983983),8fc08dcb-883e-402f-a436-2d9e12f752c3,USGS-05517500,450d97bd-9f16-d134-e053-0100007fca16,119,1956-10-22T05:00:00+00:00,Imported Channel 1,378,ft^3/s,119,ft,301,ft^2,1.25,ft/s,,,Unspecified,Unspecified,Unspecified,Unspecified,Unspecified,Unknown,Unspecified,2026-07-13T22:20:43.346961+00:00,point_velocity,Unspecified
05517500,POINT (-86.96832768953219 41.22001987983983),90298e79-ab13-44d8-b1d8-598e064f86e9,USGS-05517500,450d99ef-da38-d1cd-e053-0100007f6d49,132,1967-11-19T05:00:00+00:00,Imported Channel 1,1890,ft^3/s,120,ft,742,ft^2,2.55,ft/s,,,Unspecified,Unspecified,Unspecified,Unspecified,Unspecified,Unknown,Unspecified,2026-07-13T22:20:43.346961+00:00,point_velocity,Unspecified
05517500,POINT (-86.96832768953219 41.22001987983983),905ac165-8e17-483e-8322-92a7673fa906,USGS-05517500,450d9674-810b-d0a0-e053-0100007f58c1,113,1956-04-18T05:00:00+00:00,Imported Channel 1,902,ft^3/s,99.0,ft,376,ft^2,2.40,ft/s,,,Unspecified,Unspecified,Unspecified,Unspecified,Unspecified,Unknown,Unspecified,2026-07-13T22:20:43.346961+00:00,point_velocity,Unspecified
05517500,POINT (-86.96832768953219 41.22001987983983),90a2eb9f-05ca-4493-b199-4bc7e67190c2,USGS-05517500,450d960d-c55e-d0a2-e053-0100007f6ceb,622,2016-10-20T15:29:23+00:00,Main,1570,ft^3/s,112,ft,635,ft^2,2.47,ft/s,125.00,ft,Soft,Sand,Even,Unspecified,Standard,Unknown,BridgeDownstreamSide,2026-07-13T22:20:43.346961+00:00,adcp,Downstream
05517500,POINT (-86.96832768953219 41.22001987983983),91e6f692-fc64-495a-ad2a-718dd536a887,USGS-05517500,450d996b-a234-d1b1-e053-0100007f0906,614,2015-07-29T18:03:35+00:00,Main,2120,ft^3/s,115,ft,741,ft^2,2.86,ft/s,200.00,ft,Soft,Sand,Even,Unspecified,Standard,Unknown,BridgeDownstreamSide,2026-07-13T22:20:43.346961+00:00,adcp,Downstream
05517500,POINT (-86.96832768953219 41.22001987983983),9227eef4-48ed-4321-beda-4cffbbf4f800,USGS-05517500,450d8072-9f46-c9a6-e053-0100007fef60,574,2009-10-22T17:34:00+00:00,Kankakee R at Dunns Bridge,740,ft^3/s,106,ft,354,ft^2,2.09,ft/s,50.00,ft,Firm,Gravel,Even,Even,Unspecified,Unknown,BridgeDownstreamSide,2026-07-13T22:20:43.346961+00:00,adcp,Downstream
05517500,POINT (-86.96832768953219 41.22001987983983),93c0cd38-be6c-49f9-a56d-ff3f3651e856,USGS-05517500,450d97b5-fe03-d130-e053-0100007f6b3a,91,1954-10-20T05:00:00+00:00,Imported Channel 1,5150,ft^3/s,133,ft,1450,ft^2,3.54,ft/s,,,Unspecified,Unspecified,Unspecified,Unspecified,Unspecified,Unknown,Unspecified,2026-07-13T22:20:43.346961+00:00,point_velocity,Unspecified
05517500,POINT (-86.96832768953219 41.22001987983983),93d32842-7365-4e16-a1fd-fa2510b89b9e,USGS-05517500,fe04a92a-ab76-4305-adbc-7b647abcbdec,644,2020-12-15T15:13:15+00:00,main,990,ft^3/s,109,ft,455,ft^2,2.17,ft/s,100.00,ft,Unspecified,Unspecified,Unspecified,Even,Unspecified,Unspecified,BridgeDownstreamSide,2026-07-13T22:20:43.346961+00:00,adcp,Downstream
05517500,POINT (-86.96832768953219 41.22001987983983),94ada5d7-e9b1-4839-b4d4-c04fea4f860a,USGS-05517500,dd786cbe-dd2e-46c9-a442-f62d7a801f77,661,2024-03-11T18:51:30+00:00,main,1810,ft^3/s,116,ft,707,ft^2,2.57,ft/s,400.00,ft,Unspecified,Unspecified,Unspecified,Unspecified,Unspecified,Unspecified,BridgeDownstreamSide,2026-07-13T22:20:43.346961+00:00,adcp,Downstream
05517500,POINT (-86.96832768953219 41.22001987983983),9627fece-f96c-461a-909e-8fac8fd84cb7,USGS-05517500,450d940a-4e72-d009-e053-0100007f0210,26,1950-04-12T05:00:00+00:00,Imported Channel 1,5180,ft^3/s,133,ft,1500,ft^2,3.45,ft/s,,,Unspecified,Unspecified,Unspecified,Unspecified,Unspecified,Unknown,Unspecified,2026-07-13T22:20:43.346961+00:00,point_velocity,Unspecified
05517500,POINT (-86.96832768953219 41.22001987983983),9651978d-fe34-43b3-9484-42f300499d96,USGS-05517500,450d8909-7058-cc12-e053-0100007f18b3,594,2013-01-10T15:54:07+00:00,MAIN,737,ft^3/s,105,ft,353,ft^2,2.09,ft/s,50.00,ft,Firm,Gravel,Even,Even,Standard,Unknown,BridgeDownstreamSide,2026-07-13T22:20:43.346961+00:00,adcp,Downstream
05517500,POINT (-86.96832768953219 41.22001987983983),96535160-9bb5-426d-b1f2-36b705f98eba,USGS-05517500,450d5d9a-369a-be47-e053-0100007f93ec,533,2002-08-22T17:27:00+00:00,Imported Channel 1,554,ft^3/s,102,ft,290,ft^2,1.91,ft/s,,,Unspecified,Unspecified,Unspecified,Unspecified,Unspecified,Unknown,BridgeCrane,2026-07-13T22:20:43.346961+00:00,point_velocity,Unspecified
05517500,POINT (-86.96832768953219 41.22001987983983),9659b8f9-e383-4a6b-bfc5-0151e8c7f66d,USGS-05517500,450d8009-a359-c98e-e053-0100007fd3a6,478,1994-08-09T13:45:00+00:00,Imported Channel 1,904,ft^3/s,122,ft,454,ft^2,1.99,ft/s,,,Unspecified,Unspecified,Unspecified,Unspecified,Unspecified,Unknown,BridgeCrane,2026-07-13T22:20:43.346961+00:00,point_velocity,Unspecified
05517500,POINT (-86.96832768953219 41.22001987983983),975b2810-dc8a-41b4-997d-f9a3ada74bce,USGS-05517500,f1ef5c41-6221-4b19-9174-eccefcefea76,655,2023-04-13T17:44:11+00:00,main,2120,ft^3/s,123,ft,801,ft^2,2.64,ft/s,150.00,ft,Firm,Sand,Even,Unspecified,Standard,Steady,BridgeDownstreamSide,2026-07-13T22:20:43.346961+00:00,adcp,Downstream
05517500,POINT (-86.96832768953219 41.22001987983983),978a6497-f475-423b-8bf5-ea592efe5f38,USGS-05517500,399f1720-e5c0-41f6-8219-f04947ecb98c,653,2022-12-05T16:14:29+00:00,main,672,ft^3/s,103,ft,354,ft^2,1.90,ft/s,150.00,ft,Firm,Sand,Even,Unspecified,Standard,Steady,BridgeDownstreamSide,2026-07-13T22:20:43.346961+00:00,adcp,Downstream
05517500,POINT (-86.96832768953219 41.22001987983983),9834fd82-a65e-45cf-a6ff-18cf26a78498,USGS-05517500,450d75c5-5aa7-c5da-e053-0100007f9ec1,529,2002-02-04T22:19:00+00:00,Imported Channel 1,3170,ft^3/s,,,,,,,,ft,Unspecified,Unspecified,Unspecified,Unspecified,Unspecified,Unknown,Unspecified,2026-07-13T22:20:43.346961+00:00,other_method,Unspecified
05517500,POINT (-86.96832768953219 41.22001987983983),983ae994-b648-47a7-94b2-ec7fabfd4c96,USGS-05517500,450d968f-ab2c-d084-e053-0100007f8295,139,1958-06-20T05:00:00+00:00,Imported Channel 1,1820,ft^3/s,113,ft,698,ft^2,2.61,ft/s,,,Unspecified,Unspecified,Unspecified,Unspecified,Unspecified,Unknown,Unspecified,2026-07-13T22:20:43.346961+00:00,point_velocity,Unspecified
05517500,POINT (-86.96832768953219 41.22001987983983),985649bc-6174-4830-a49a-9e8a50e448de,USGS-05517500,450d97b6-dee0-d110-e053-0100007f4820,318,1976-08-26T05:00:00+00:00,Imported Channel 1,717,ft^3/s,103,ft,349,ft^2,2.05,ft/s,,,Unspecified,Unspecified,Unspecified,Unspecified,Unspecified,Unknown,Unspecified,2026-07-13T22:20:43.346961+00:00,point_velocity,Unspecified
05517500,POINT (-86.96832768953219 41.22001987983983),99122b3f-45ed-4fe0-86c6-4bca8e91fa8d,USGS-05517500,450d99dd-747e-d1c9-e053-0100007f0c1a,221,1965-04-05T05:00:00+00:00,Imported Channel 1,1900,ft^3/s,121,ft,771,ft^2,2.45,ft/s,,,Unspecified,Unspecified,Unspecified,Unspecified,Unspecified,Unknown,Unspecified,2026-07-13T22:20:43.346961+00:00,point_velocity,Unspecified
05517500,POINT (-86.96832768953219 41.22001987983983),995e0b97-1266-4471-8dbd-3f8d6e1e4e25,USGS-05517500,450d74c6-c01f-c5b8-e053-0100007fca04,555,2006-06-21T13:49:00+00:00,Imported Channel 1,836,ft^3/s,103,ft,395,ft^2,2.12,ft/s,,ft,Unspecified,Unspecified,Unspecified,Unspecified,Unspecified,Unknown,Unspecified,2026-07-13T22:20:43.346961+00:00,adcp,Unspecified
05517500,POINT (-86.96832768953219 41.22001987983983),998ec22e-1181-445c-b405-a4df7a03cef7,USGS-05517500,450d97bd-9f12-d134-e053-0100007fca16,95,1954-11-04T05:00:00+00:00,Imported Channel 1,3410,ft^3/s,133,ft,1210,ft^2,2.82,ft/s,,,Unspecified,Unspecified,Unspecified,Unspecified,Unspecified,Unknown,Unspecified,2026-07-13T22:20:43.346961+00:00,point_velocity,Unspecified
05517500,POINT (-86.96832768953219 41.22001987983983),9a39b924-b0ca-42b9-82b1-a5b3c63fc575,USGS-05517500,450d6412-555e-c055-e053-0100007fc473,169,1961-02-16T05:00:00+00:00,Imported Channel 1,930,ft^3/s,102,ft,431,ft^2,2.16,ft/s,,,Unspecified,Unspecified,Unspecified,Unspecified,Unspecified,Unknown,Unspecified,2026-07-13T22:20:43.346961+00:00,point_velocity,Unspecified
05517500,POINT (-86.96832768953219 41.22001987983983),9a53aa94-5793-483c-a558-eadb8aa2756c,USGS-05517500,450d97b6-deea-d110-e053-0100007f4820,363,1981-06-17T05:00:00+00:00,Imported Channel 1,4580,ft^3/s,130,ft,1450,ft^2,3.17,ft/s,,,Unspecified,Unspecified,Unspecified,Unspecified,Unspecified,Unknown,Unspecified,2026-07-13T22:20:43.346961+00:00,point_velocity,Unspecified
05517500,POINT (-86.96832768953219 41.22001987983983),9a714ce6-2217-47b4-9715-5dc1f9320a6d,USGS-05517500,450d8d7e-4544-cd9d-e053-0100007fecfa,192,1962-11-19T05:00:00+00:00,Imported Channel 1,650,ft^3/s,96.0,ft,338,ft^2,1.92,ft/s,,,Unspecified,Unspecified,Unspecified,Unspecified,Unspecified,Unknown,Unspecified,2026-07-13T22:20:43.346961+00:00,point_velocity,Unspecified
05517500,POINT (-86.96832768953219 41.22001987983983),9a841a78-6b74-4e83-b190-ac38e789d810,USGS-05517500,450d801d-5506-c9a4-e053-0100007fa371,411,1986-02-06T05:00:00+00:00,Imported Channel 1,2400,ft^3/s,120,ft,866,ft^2,2.77,ft/s,,,Unspecified,Unspecified,Unspecified,Unspecified,Unspecified,Unknown,BridgeCrane,2026-07-13T22:20:43.346961+00:00,point_velocity,Unspecified
05517500,POINT (-86.96832768953219 41.22001987983983),9aaaefa8-153f-4bde-b020-9aa386790728,USGS-05517500,450d7523-2a8d-c5b4-e053-0100007f357b,234,1966-03-21T05:00:00+00:00,Imported Channel 1,1660,ft^3/s,122,ft,734,ft^2,2.26,ft/s,,,Unspecified,Unspecified,Unspecified,Unspecified,Unspecified,Unknown,Unspecified,2026-07-13T22:20:43.346961+00:00,point_velocity,Unspecified
05517500,POINT (-86.96832768953219 41.22001987983983),9b5704aa-18e1-46e8-9312-ffab28ff3ecb,USGS-05517500,450d6112-66cf-bf54-e053-0100007fbeb2,473,1993-10-04T15:35:00+00:00,Imported Channel 1,1520,ft^3/s,134,ft,726,ft^2,2.09,ft/s,,,Unspecified,Unspecified,Unspecified,Unspecified,Unspecified,Unknown,BridgeCrane,2026-07-13T22:20:43.346961+00:00,point_velocity,Unspecified
05517500,POINT (-86.96832768953219 41.22001987983983),9be79ce3-872a-4e69-8b2f-202ed31af637,USGS-05517500,450d960d-c540-d0a2-e053-0100007f6ceb,247,1967-09-18T05:00:00+00:00,Imported Channel 1,410,ft^3/s,113,ft,313,ft^2,1.31,ft/s,,,Unspecified,Unspecified,Unspecified,Unspecified,Unspecified,Unknown,Unspecified,2026-07-13T22:20:43.346961+00:00,point_velocity,Unspecified
05517500,POINT (-86.96832768953219 41.22001987983983),9e0ccfa8-fd0c-403a-8174-7beebfebcd81,USGS-05517500,450d844f-6235-ca9b-e053-0100007ff3e5,67,1953-08-12T05:00:00+00:00,Imported Channel 1,670,ft^3/s,90.0,ft,318,ft^2,2.09,ft/s,,,Unspecified,Unspecified,Unspecified,Unspecified,Unspecified,Unknown,Unspecified,2026-07-13T22:20:43.346961+00:00,point_velocity,Unspecified
05517500,POINT (-86.96832768953219 41.22001987983983),9e4cf54e-82ef-4483-a721-23a60eb8ca44,USGS-05517500,450d9641-531b-d0ae-e053-0100007ff7b2,313,1976-03-10T05:00:00+00:00,Imported Channel 1,4310,ft^3/s,134,ft,1380,ft^2,3.12,ft/s,,,Unspecified,Unspecified,Unspecified,Unspecified,Unspecified,Unknown,Unspecified,2026-07-13T22:20:43.346961+00:00,point_velocity,Unspecified
05517500,POINT (-86.96832768953219 41.22001987983983),9e51fff4-a0fa-4ca7-acdc-f25a1e9b969b,USGS-05517500,450d8d7e-451c-cd9d-e053-0100007fecfa,64,1953-05-28T05:00:00+00:00,Imported Channel 1,1230,ft^3/s,105,ft,515,ft^2,2.38,ft/s,,,Unspecified,Unspecified,Unspecified,Unspecified,Unspecified,Unknown,Unspecified,2026-07-13T22:20:43.346961+00:00,point_velocity,Unspecified
05517500,POINT (-86.96832768953219 41.22001987983983),9e8cd5c4-dbe4-4bad-8331-ae2e6ce2ce76,USGS-05517500,450d961b-d6b3-d0a4-e053-0100007fbd87,600,2013-12-11T17:06:54+00:00,MAIN,967,ft^3/s,113,ft,432,ft^2,2.24,ft/s,,ft,Firm,Gravel,Even,Even,Standard,Unknown,BridgeDownstreamSide,2026-07-13T22:20:43.346961+00:00,adcp,AtTheGage
05517500,POINT (-86.96832768953219 41.22001987983983),9ed9aebe-3587-42fb-b77e-747423282b82,USGS-05517500,450d7cd6-6d9a-c894-e053-0100007f1717,365,1981-08-14T05:00:00+00:00,Imported Channel 1,1590,ft^3/s,113,ft,586,ft^2,2.71,ft/s,,,Unspecified,Unspecified,Unspecified,Unspecified,Unspecified,Unknown,Unspecified,2026-07-13T22:20:43.346961+00:00,point_velocity,Unspecified
05517500,POINT (-86.96832768953219 41.22001987983983),9ee42dd0-9dde-4935-8803-a453893a9283,USGS-05517500,450d86a0-20b0-cb8a-e053-0100007f1497,235,1966-04-19T05:00:00+00:00,Imported Channel 1,1040,ft^3/s,110,ft,479,ft^2,2.17,ft/s,,,Unspecified,Unspecified,Unspecified,Unspecified,Unspecified,Unknown,Unspecified,2026-07-13T22:20:43.346961+00:00,point_velocity,Unspecified
05517500,POINT (-86.96832768953219 41.22001987983983),9f29ac61-5b93-47d5-86a5-b4c04a7dcb9b,USGS-05517500,450d844f-6275-ca9b-e053-0100007ff3e5,349,1979-10-12T05:00:00+00:00,Imported Channel 1,678,ft^3/s,104,ft,3.60,ft^2,2.24,ft/s,,,Unspecified,Unspecified,Unspecified,Unspecified,Unspecified,Unknown,Unspecified,2026-07-13T22:20:43.346961+00:00,point_velocity,Unspecified
05517500,POINT (-86.96832768953219 41.22001987983983),9f363189-7a34-4509-a3ba-521ea013adbd,USGS-05517500,450d6412-5567-c055-e053-0100007fc473,186,1962-06-20T05:00:00+00:00,Imported Channel 1,747,ft^3/s,107,ft,345,ft^2,2.16,ft/s,,,Unspecified,Unspecified,Unspecified,Unspecified,Unspecified,Unknown,Unspecified,2026-07-13T22:20:43.346961+00:00,point_velocity,Unspecified
05517500,POINT (-86.96832768953219 41.22001987983983),9f3aeb75-05ce-4ba0-9c30-8660c85d91b4,USGS-05517500,450d97b8-dcb5-d132-e053-0100007f4a15,244,1967-04-05T05:00:00+00:00,Imported Channel 1,3450,ft^3/s,130,ft,1210,ft^2,2.85,ft/s,,,Unspecified,Unspecified,Unspecified,Unspecified,Unspecified,Unknown,Unspecified,2026-07-13T22:20:43.346961+00:00,point_velocity,Unspecified
05517500,POINT (-86.96832768953219 41.22001987983983),9f3ea50c-7cf4-4cb7-b3f0-5466f53af646,USGS-05517500,450d9641-52df-d0ae-e053-0100007ff7b2,159,1960-03-16T05:00:00+00:00,Imported Channel 1,1250,ft^3/s,115,ft,497,ft^2,2.52,ft/s,,,Unspecified,Unspecified,Unspecified,Unspecified,Unspecified,Unknown,Unspecified,2026-07-13T22:20:43.346961+00:00,point_velocity,Unspecified
05517500,POINT (-86.96832768953219 41.22001987983983),9fea1eb2-b40c-43e0-9530-477f10838bc3,USGS-05517500,741bf3c0-3961-7c3d-e053-0100007fe827,634,2018-08-20T19:52:37+00:00,Main,719,ft^3/s,98.1,ft,343,ft^2,2.10,ft/s,150.00,ft,Soft,Sand,Even,Unspecified,Standard,Steady,BridgeDownstreamSide,2026-07-13T22:20:43.346961+00:00,adcp,Downstream
05517500,POINT (-86.96832768953219 41.22001987983983),a02686b9-725c-4838-8100-8c2eefaf34e5,USGS-05517500,450d88b7-eb0f-cc1a-e053-0100007f56ed,76,1954-03-27T05:00:00+00:00,Imported Channel 1,2350,ft^3/s,119,ft,831,ft^2,2.83,ft/s,,,Unspecified,Unspecified,Unspecified,Unspecified,Unspecified,Unknown,Unspecified,2026-07-13T22:20:43.346961+00:00,point_velocity,Unspecified
05517500,POINT (-86.96832768953219 41.22001987983983),a038ec81-1dcb-4f2a-8935-3e020192b9a0,USGS-05517500,450d63da-3140-c057-e053-0100007fdec5,426,1987-11-16T15:20:00+00:00,Imported Channel 1,687,ft^3/s,105,ft,327,ft^2,2.10,ft/s,,,Unspecified,Unspecified,Unspecified,Unspecified,Unspecified,Unknown,BridgeCrane,2026-07-13T22:20:43.346961+00:00,point_velocity,Unspecified
05517500,POINT (-86.96832768953219 41.22001987983983),a08bc2e2-0fd5-4f40-b919-36fb8bfb28cf,USGS-05517500,450d97bd-9f45-d134-e053-0100007fca16,284,1973-02-13T05:00:00+00:00,Imported Channel 1,2020,ft^3/s,115,ft,728,ft^2,2.77,ft/s,,,Unspecified,Unspecified,Unspecified,Unspecified,Unspecified,Unknown,Unspecified,2026-07-13T22:20:43.346961+00:00,point_velocity,Unspecified
05517500,POINT (-86.96832768953219 41.22001987983983),a0d07a1b-259c-4361-9b9c-e3535dd221dd,USGS-05517500,450d83cb-e31b-ca79-e053-0100007f26e2,219,1965-02-01T05:00:00+00:00,Imported Channel 1,1730,ft^3/s,110,ft,712,ft^2,2.43,ft/s,,,Unspecified,Unspecified,Unspecified,Unspecified,Unspecified,Unknown,Unspecified,2026-07-13T22:20:43.346961+00:00,point_velocity,Unspecified
05517500,POINT (-86.96832768953219 41.22001987983983),a104ed19-0466-419d-b797-c0070159a50f,USGS-05517500,450d7508-7128-c5ac-e053-0100007f62d3,12,1949-06-12T05:00:00+00:00,Imported Channel 1,675,ft^3/s,97.0,ft,317,ft^2,2.13,ft/s,,,Unspecified,Unspecified,Unspecified,Unspecified,Unspecified,Unknown,Unspecified,2026-07-13T22:20:43.346961+00:00,point_velocity,Unspecified
05517500,POINT (-86.96832768953219 41.22001987983983),a14e8f89-8c16-41d4-96e3-163c4b1dd678,USGS-05517500,450d8366-32b1-ca77-e053-0100007fc6b4,561,2007-08-28T14:57:00+00:00,Imported Channel 1,4170,ft^3/s,123,ft,1320,ft^2,3.16,ft/s,,ft,Unspecified,Unspecified,Unspecified,Unspecified,Unspecified,Unknown,Unspecified,2026-07-13T22:20:43.346961+00:00,adcp,Unspecified
05517500,POINT (-86.96832768953219 41.22001987983983),a2070b2f-5881-4e7b-bee3-497f357cfbec,USGS-05517500,450d74c6-c01d-c5b8-e053-0100007fca04,544,2004-07-02T14:42:00+00:00,Imported Channel 1,823,ft^3/s,123,ft,471,ft^2,1.75,ft/s,,ft,Unspecified,Unspecified,Unspecified,Unspecified,Unspecified,Unknown,Unspecified,2026-07-13T22:20:43.346961+00:00,adcp,Unspecified
05517500,POINT (-86.96832768953219 41.22001987983983),a2cb3b02-d1f7-4a10-a712-b687ee276db1,USGS-05517500,450d92b2-67f8-cf9b-e053-0100007f10aa,254,1968-11-25T05:00:00+00:00,Imported Channel 1,1180,ft^3/s,110,ft,499,ft^2,2.36,ft/s,,,Unspecified,Unspecified,Unspecified,Unspecified,Unspecified,Unknown,Unspecified,2026-07-13T22:20:43.346961+00:00,point_velocity,Unspecified
05517500,POINT (-86.96832768953219 41.22001987983983),a306340a-2308-4cc7-a216-0788dead2f19,USGS-05517500,450d93bc-33cf-cf99-e053-0100007f2cfb,60,1953-02-19T05:00:00+00:00,Imported Channel 1,793,ft^3/s,96.0,ft,394,ft^2,2.01,ft/s,,,Unspecified,Unspecified,Unspecified,Unspecified,Unspecified,Unknown,Unspecified,2026-07-13T22:20:43.346961+00:00,point_velocity,Unspecified
05517500,POINT (-86.96832768953219 41.22001987983983),a3f64a9b-292c-474a-9a2b-b81e7d6b1fb3,USGS-05517500,450d8909-700e-cc12-e053-0100007f18b3,160,1960-04-13T05:00:00+00:00,Imported Channel 1,2420,ft^3/s,123,ft,894,ft^2,2.71,ft/s,,,Unspecified,Unspecified,Unspecified,Unspecified,Unspecified,Unknown,Unspecified,2026-07-13T22:20:43.346961+00:00,point_velocity,Unspecified
05517500,POINT (-86.96832768953219 41.22001987983983),a49dc13e-d685-4aca-89a9-21075e6b5deb,USGS-05517500,450d86cc-8a9b-cb86-e053-0100007fa9d1,273,1971-12-14T05:00:00+00:00,Imported Channel 1,1300,ft^3/s,111,ft,534,ft^2,2.44,ft/s,,,Unspecified,Unspecified,Unspecified,Unspecified,Unspecified,Unknown,Unspecified,2026-07-13T22:20:43.346961+00:00,point_velocity,Unspecified
05517500,POINT (-86.96832768953219 41.22001987983983),a4a8a93b-1db3-47dc-bb77-2677c4bdac01,USGS-05517500,450d755f-2234-c5dc-e053-0100007f0625,97,1954-12-02T05:00:00+00:00,Imported Channel 1,1760,ft^3/s,112,ft,697,ft^2,2.52,ft/s,,,Unspecified,Unspecified,Unspecified,Unspecified,Unspecified,Unknown,Unspecified,2026-07-13T22:20:43.346961+00:00,point_velocity,Unspecified
05517500,POINT (-86.96832768953219 41.22001987983983),a4bdf93d-76d6-49d3-9a87-e22ae8d19b58,USGS-05517500,450d86a0-2098-cb8a-e053-0100007f1497,140,1958-07-17T05:00:00+00:00,Imported Channel 1,1450,ft^3/s,109,ft,558,ft^2,2.59,ft/s,,,Unspecified,Unspecified,Unspecified,Unspecified,Unspecified,Unknown,Unspecified,2026-07-13T22:20:43.346961+00:00,point_velocity,Unspecified
05517500,POINT (-86.96832768953219 41.22001987983983),a547f97c-bc46-48af-88c6-e34dacac95ee,USGS-05517500,450d7916-9359-c71f-e053-0100007fd66c,81,1954-07-12T05:00:00+00:00,Imported Channel 1,1820,ft^3/s,111,ft,677,ft^2,2.69,ft/s,,,Unspecified,Unspecified,Unspecified,Unspecified,Unspecified,Unknown,Unspecified,2026-07-13T22:20:43.346961+00:00,point_velocity,Unspecified
05517500,POINT (-86.96832768953219 41.22001987983983),a71aec28-2d56-4b9f-8f29-95576d828432,USGS-05517500,450d7905-f5c5-c71b-e053-0100007f311d,35,1951-01-04T05:00:00+00:00,Imported Channel 1,2050,ft^3/s,114,ft,795,ft^2,2.58,ft/s,,,Unspecified,Unspecified,Unspecified,Unspecified,Unspecified,Unknown,Unspecified,2026-07-13T22:20:43.346961+00:00,point_velocity,Unspecified
05517500,POINT (-86.96832768953219 41.22001987983983),a74cb590-cec2-47f3-bebd-5a794ab20317,USGS-05517500,450d761c-cf36-c616-e053-0100007ff421,513,1999-09-02T12:38:00+00:00,Imported Channel 1,430,ft^3/s,,,,,,,,ft,Unspecified,Unspecified,Unspecified,Unspecified,Unspecified,Unknown,Unspecified,2026-07-13T22:20:43.346961+00:00,other_method,Unspecified
05517500,POINT (-86.96832768953219 41.22001987983983),a75331b5-48f0-4824-a888-a0ca4b1cfcec,USGS-05517500,450d996b-a1fa-d1b1-e053-0100007f0906,117,1956-08-27T05:00:00+00:00,Imported Channel 1,500,ft^3/s,85.0,ft,268,ft^2,1.87,ft/s,,,Unspecified,Unspecified,Unspecified,Unspecified,Unspecified,Unknown,Unspecified,2026-07-13T22:20:43.346961+00:00,point_velocity,Unspecified
05517500,POINT (-86.96832768953219 41.22001987983983),a828395e-dbbd-4d86-a8d2-be4f43419d97,USGS-05517500,450d844f-6244-ca9b-e053-0100007ff3e5,136,1958-03-27T05:00:00+00:00,Imported Channel 1,1360,ft^3/s,110,ft,502,ft^2,2.71,ft/s,,,Unspecified,Unspecified,Unspecified,Unspecified,Unspecified,Unknown,Unspecified,2026-07-13T22:20:43.346961+00:00,point_velocity,Unspecified
05517500,POINT (-86.96832768953219 41.22001987983983),a928132a-a71b-41c5-9750-ce1001c614ae,USGS-05517500,450d83d9-8810-ca99-e053-0100007fbb0c,57,1952-12-23T05:00:00+00:00,Imported Channel 1,803,ft^3/s,93.0,ft,416,ft^2,1.93,ft/s,,,Unspecified,Unspecified,Unspecified,Unspecified,Unspecified,Unknown,Unspecified,2026-07-13T22:20:43.346961+00:00,point_velocity,Unspecified
05517500,POINT (-86.96832768953219 41.22001987983983),a9730d13-5322-446e-86e3-c093a6db18a3,USGS-05517500,450d761c-cf64-c616-e053-0100007ff421,151,1959-07-16T05:00:00+00:00,Imported Channel 1,634,ft^3/s,92.0,ft,306,ft^2,2.07,ft/s,,,Unspecified,Unspecified,Unspecified,Unspecified,Unspecified,Unknown,Unspecified,2026-07-13T22:20:43.346961+00:00,point_velocity,Unspecified
05517500,POINT (-86.96832768953219 41.22001987983983),a9b0c594-dc07-4fcf-b1c3-1b0365b8853e,USGS-05517500,450d983e-5366-d112-e053-0100007f687d,344,1979-04-04T05:00:00+00:00,Imported Channel 1,3380,ft^3/s,130,ft,1130,ft^2,2.99,ft/s,,,Unspecified,Unspecified,Unspecified,Unspecified,Unspecified,Unknown,Unspecified,2026-07-13T22:20:43.346961+00:00,point_velocity,Unspecified
05517500,POINT (-86.96832768953219 41.22001987983983),a9b3af30-6e9d-445d-91f2-979ba1ce5132,USGS-05517500,58b69a99-5341-42a2-af22-a1e65bebcc88,664,2024-09-04T21:20:29+00:00,main,530,ft^3/s,102,ft,283,ft^2,1.87,ft/s,100.00,ft,Unspecified,Unspecified,Unspecified,Unspecified,Unspecified,Unspecified,BridgeDownstreamSide,2026-07-13T22:20:43.346961+00:00,adcp,Downstream
05517500,POINT (-86.96832768953219 41.22001987983983),aa7ff815-cb77-42c8-8fb1-60ee3fb26d77,USGS-05517500,450d7916-932b-c71f-e053-0100007fd66c,511,1999-04-13T13:16:00+00:00,Imported Channel 1,2250,ft^3/s,,,,,0.00,ft/s,,,Unspecified,Unspecified,Unspecified,Unspecified,Unspecified,Unknown,Boat,2026-07-13T22:20:43.346961+00:00,point_velocity,Unspecified
05517500,POINT (-86.96832768953219 41.22001987983983),aa930094-6af3-4b19-9469-0d7f3e13e65d,USGS-05517500,450d8366-32ed-ca77-e053-0100007fc6b4,236,1966-05-17T05:00:00+00:00,Imported Channel 1,3300,ft^3/s,133,ft,1180,ft^2,2.80,ft/s,,,Unspecified,Unspecified,Unspecified,Unspecified,Unspecified,Unknown,Unspecified,2026-07-13T22:20:43.346961+00:00,point_velocity,Unspecified
05517500,POINT (-86.96832768953219 41.22001987983983),ab1cac7a-181f-4fde-9c09-72eff2046e08,USGS-05517500,450d86d7-87e8-cb88-e053-0100007fb403,71,1953-12-08T05:00:00+00:00,Imported Channel 1,513,ft^3/s,87.0,ft,300,ft^2,1.71,ft/s,,,Unspecified,Unspecified,Unspecified,Unspecified,Unspecified,Unknown,Unspecified,2026-07-13T22:20:43.346961+00:00,point_velocity,Unspecified
05517500,POINT (-86.96832768953219 41.22001987983983),ab95f6df-c952-41c4-a7d2-409407fa2893,USGS-05517500,450d97b8-dcc3-d132-e053-0100007f4a15,322,1977-02-28T05:00:00+00:00,Imported Channel 1,2560,ft^3/s,128,ft,911,ft^2,2.81,ft/s,,,Unspecified,Unspecified,Unspecified,Unspecified,Unspecified,Unknown,Unspecified,2026-07-13T22:20:43.346961+00:00,point_velocity,Unspecified
05517500,POINT (-86.96832768953219 41.22001987983983),abe69ac8-393d-4ff3-a5e9-e9947c334c64,USGS-05517500,450d7d19-be9f-c898-e053-0100007f0d2e,358,1981-12-09T05:00:00+00:00,Imported Channel 1,1990,ft^3/s,120,ft,775,ft^2,2.57,ft/s,,,Unspecified,Unspecified,Unspecified,Unspecified,Unspecified,Unknown,Unspecified,2026-07-13T22:20:43.346961+00:00,point_velocity,Unspecified
05517500,POINT (-86.96832768953219 41.22001987983983),ac4e48f3-693f-4478-957f-fa46695bc5e0,USGS-05517500,450d844f-61f9-ca9b-e053-0100007ff3e5,468,1993-01-11T16:30:00+00:00,Imported Channel 1,4780,ft^3/s,174,ft,1880,ft^2,2.54,ft/s,,,Unspecified,Unspecified,Unspecified,Unspecified,Unspecified,Unknown,BridgeCrane,2026-07-13T22:20:43.346961+00:00,point_velocity,Unspecified
05517500,POINT (-86.96832768953219 41.22001987983983),ac7333e4-636f-4bd1-b4db-b6cb4076c02d,USGS-05517500,450d74c6-c011-c5b8-e053-0100007fca04,503,1998-06-02T14:05:00+00:00,Imported Channel 1,1180,ft^3/s,,,,,,,,ft,Unspecified,Unspecified,Unspecified,Unspecified,Unspecified,Unknown,Unspecified,2026-07-13T22:20:43.346961+00:00,other_method,Unspecified
05517500,POINT (-86.96832768953219 41.22001987983983),acb4911c-7858-4739-8de0-6ae5c6907abb,USGS-05517500,450d973c-fa98-d08c-e053-0100007f7449,131,1967-11-08T05:00:00+00:00,Imported Channel 1,892,ft^3/s,99.0,ft,384,ft^2,2.32,ft/s,,,Unspecified,Unspecified,Unspecified,Unspecified,Unspecified,Unknown,Unspecified,2026-07-13T22:20:43.346961+00:00,point_velocity,Unspecified
05517500,POINT (-86.96832768953219 41.22001987983983),acc1d63d-d2d8-4902-a6ee-35d6965535b9,USGS-05517500,450d7b90-ca63-c806-e053-0100007f4264,154,1959-10-15T05:00:00+00:00,Imported Channel 1,1200,ft^3/s,112,ft,518,ft^2,2.32,ft/s,,,Unspecified,Unspecified,Unspecified,Unspecified,Unspecified,Unknown,Unspecified,2026-07-13T22:20:43.346961+00:00,point_velocity,Unspecified
05517500,POINT (-86.96832768953219 41.22001987983983),ad51e9f1-9473-48f3-a508-2ba6a7512aaa,USGS-05517500,450d7cd6-6d6d-c894-e053-0100007f1717,214,1964-10-01T05:00:00+00:00,Imported Channel 1,514,ft^3/s,94.0,ft,299,ft^2,1.72,ft/s,,,Unspecified,Unspecified,Unspecified,Unspecified,Unspecified,Unknown,Unspecified,2026-07-13T22:20:43.346961+00:00,point_velocity,Unspecified
05517500,POINT (-86.96832768953219 41.22001987983983),adaf1474-57cd-41d8-bc5c-dc75b297b217,USGS-05517500,450d891e-bb57-cc14-e053-0100007f1158,166,1960-10-20T05:00:00+00:00,Imported Channel 1,629,ft^3/s,92.0,ft,313,ft^2,2.01,ft/s,,,Unspecified,Unspecified,Unspecified,Unspecified,Unspecified,Unknown,Unspecified,2026-07-13T22:20:43.346961+00:00,point_velocity,Unspecified
05517500,POINT (-86.96832768953219 41.22001987983983),ae090f9e-024f-43e5-9516-2910578ab0b4,USGS-05517500,450d761c-cf59-c616-e053-0100007ff421,85,1954-10-13T05:00:00+00:00,Imported Channel 1,3470,ft^3/s,160,ft,1200,ft^2,2.90,ft/s,,,Unspecified,Unspecified,Unspecified,Unspecified,Unspecified,Unknown,Unspecified,2026-07-13T22:20:43.346961+00:00,point_velocity,Unspecified
05517500,POINT (-86.96832768953219 41.22001987983983),ae3dc2b4-5488-451c-9898-e80639a47688,USGS-05517500,450d97bd-9f4c-d134-e053-0100007fca16,618,2016-03-09T15:07:37+00:00,Main,2140,ft^3/s,117,ft,790,ft^2,2.71,ft/s,125.00,ft,Soft,Sand,Even,Unspecified,Standard,Unknown,BridgeDownstreamSide,2026-07-13T22:20:43.346961+00:00,adcp,Downstream
05517500,POINT (-86.96832768953219 41.22001987983983),ae758a5a-eb22-4df6-b423-12e9f89d10e1,USGS-05517500,450d97b5-fe3e-d130-e053-0100007f6b3a,608,2014-12-15T17:56:37+00:00,Main,1340,ft^3/s,108,ft,547,ft^2,2.45,ft/s,25.00,ft,Soft,Sand,Even,Unspecified,Standard,Unknown,BridgeDownstreamSide,2026-07-13T22:20:43.346961+00:00,adcp,Downstream
05517500,POINT (-86.96832768953219 41.22001987983983),aecf0099-c0e4-4cf9-bfe4-a6726e675809,USGS-05517500,450d8072-9ee2-c9a6-e053-0100007fef60,500,1997-12-02T14:00:00+00:00,Imported Channel 1,1510,ft^3/s,,,,,0.00,ft/s,,,Unspecified,Unspecified,Unspecified,Unspecified,Unspecified,Unknown,Boat,2026-07-13T22:20:43.346961+00:00,point_velocity,Unspecified
05517500,POINT (-86.96832768953219 41.22001987983983),af7cfe0a-b55e-47cc-8e05-c52dd6740127,USGS-05517500,450d963d-cd50-d0b0-e053-0100007f6d2a,193,1962-12-19T05:00:00+00:00,Imported Channel 1,754,ft^3/s,105,ft,408,ft^2,1.85,ft/s,,,Unspecified,Unspecified,Unspecified,Unspecified,Unspecified,Unknown,Unspecified,2026-07-13T22:20:43.346961+00:00,point_velocity,Unspecified
05517500,POINT (-86.96832768953219 41.22001987983983),b01b92c3-a8b6-481a-8cd6-e6bd0fd488d1,USGS-05517500,450d961b-d6b2-d0a4-e053-0100007fbd87,597,2013-06-25T17:23:32+00:00,MAIN,1230,ft^3/s,104,ft,518,ft^2,2.38,ft/s,,ft,Firm,Gravel,Even,Even,Standard,Unknown,BridgeDownstreamSide,2026-07-13T22:20:43.346961+00:00,adcp,AtTheGage
05517500,POINT (-86.96832768953219 41.22001987983983),b05d5491-9e22-40f0-a8c9-33675b26631b,USGS-05517500,450d961b-d6af-d0a4-e053-0100007fbd87,577,2010-04-13T19:04:00+00:00,Imported Channel 1,1570,ft^3/s,112,ft,599,ft^2,2.63,ft/s,5280.00,ft,Firm,Sand,Even,Even,Unspecified,Unknown,BridgeDownstreamSide,2026-07-13T22:20:43.346961+00:00,adcp,Downstream
05517500,POINT (-86.96832768953219 41.22001987983983),b10d20ec-31ed-48ae-b64e-38f5c97992ec,USGS-05517500,450d8995-2302-cc18-e053-0100007fff40,31,1950-08-23T05:00:00+00:00,Imported Channel 1,806,ft^3/s,96.0,ft,382,ft^2,2.11,ft/s,,,Unspecified,Unspecified,Unspecified,Unspecified,Unspecified,Unknown,Unspecified,2026-07-13T22:20:43.346961+00:00,point_velocity,Unspecified
05517500,POINT (-86.96832768953219 41.22001987983983),b28cfaf4-5cce-4f58-ad7e-7d7e520081be,USGS-05517500,a5be6310-6c98-46eb-99a7-8c28a4f50dbf,651,2022-07-25T18:08:53+00:00,main,1310,ft^3/s,113,ft,543,ft^2,2.41,ft/s,150.00,ft,Firm,Sand,Even,Unspecified,Standard,Steady,BridgeDownstreamSide,2026-07-13T22:20:43.346961+00:00,adcp,Downstream
05517500,POINT (-86.96832768953219 41.22001987983983),b2aea841-2e18-446f-b4af-1cdff3823b91,USGS-05517500,450d844f-623f-ca9b-e053-0100007ff3e5,93,1954-10-24T05:00:00+00:00,Imported Channel 1,5140,ft^3/s,133,ft,1490,ft^2,3.44,ft/s,,,Unspecified,Unspecified,Unspecified,Unspecified,Unspecified,Unknown,Unspecified,2026-07-13T22:20:43.346961+00:00,point_velocity,Unspecified
05517500,POINT (-86.96832768953219 41.22001987983983),b33974cd-797f-4fd2-a95f-86175ee680f2,USGS-05517500,450d7905-f5d1-c71b-e053-0100007f311d,74,1954-03-05T05:00:00+00:00,Imported Channel 1,1130,ft^3/s,102,ft,481,ft^2,2.33,ft/s,,,Unspecified,Unspecified,Unspecified,Unspecified,Unspecified,Unknown,Unspecified,2026-07-13T22:20:43.346961+00:00,point_velocity,Unspecified
05517500,POINT (-86.96832768953219 41.22001987983983),b3559321-2349-474f-ae6c-8fa8275ae9b5,USGS-05517500,6636295b-f30a-ff41-e053-0100007f636b,630,2018-02-27T16:30:24+00:00,main,5950,ft^3/s,126,ft,1530,ft^2,3.90,ft/s,100.00,ft,Unspecified,Unspecified,Even,Even,Standard,Steady,BridgeDownstreamSide,2026-07-13T22:20:43.346961+00:00,adcp,Downstream
05517500,POINT (-86.96832768953219 41.22001987983983),b3ef0eeb-f1a6-43db-9bf1-4f3f3611cc7b,USGS-05517500,450d7cd6-6d29-c894-e053-0100007f1717,448,1990-06-04T18:30:00+00:00,Imported Channel 1,1670,ft^3/s,138,ft,772,ft^2,2.16,ft/s,,,Unspecified,Unspecified,Unspecified,Unspecified,Unspecified,Unknown,BridgeCrane,2026-07-13T22:20:43.346961+00:00,point_velocity,Unspecified
05517500,POINT (-86.96832768953219 41.22001987983983),b51d661b-aefa-4f73-b07d-59f6d9fd3418,USGS-05517500,450d97b5-fe28-d130-e053-0100007f6b3a,260,1970-05-25T05:00:00+00:00,Imported Channel 1,2360,ft^3/s,125,ft,879,ft^2,2.68,ft/s,,,Unspecified,Unspecified,Unspecified,Unspecified,Unspecified,Unknown,Unspecified,2026-07-13T22:20:43.346961+00:00,point_velocity,Unspecified
05517500,POINT (-86.96832768953219 41.22001987983983),b55d8e05-96c0-41eb-bebf-fcfa6001eb1f,USGS-05517500,450d706d-6324-c46b-e053-0100007f424a,495,1997-02-25T19:20:00+00:00,Imported Channel 1,4150,ft^3/s,,,,,0.00,ft/s,,,Unspecified,Unspecified,Unspecified,Unspecified,Unspecified,Unknown,Boat,2026-07-13T22:20:43.346961+00:00,point_velocity,Unspecified
05517500,POINT (-86.96832768953219 41.22001987983983),b5a40793-eea0-4891-ac61-6edbe7fab8ed,USGS-05517500,450d8909-7056-cc12-e053-0100007f18b3,356,1980-09-25T05:00:00+00:00,Imported Channel 1,994,ft^3/s,115,ft,437,ft^2,2.26,ft/s,,,Unspecified,Unspecified,Unspecified,Unspecified,Unspecified,Unknown,Unspecified,2026-07-13T22:20:43.346961+00:00,point_velocity,Unspecified
05517500,POINT (-86.96832768953219 41.22001987983983),b5d321df-77dc-4ef6-870c-a8ee98226c47,USGS-05517500,450d83d9-884e-ca99-e053-0100007fbb0c,360,1981-04-07T05:00:00+00:00,Imported Channel 1,1010,ft^3/s,108,ft,428,ft^2,2.36,ft/s,,,Unspecified,Unspecified,Unspecified,Unspecified,Unspecified,Unknown,Unspecified,2026-07-13T22:20:43.346961+00:00,point_velocity,Unspecified
05517500,POINT (-86.96832768953219 41.22001987983983),b5dfcd2d-b7f4-4dfa-bdc4-67220f93876d,USGS-05517500,450d961b-d6b1-d0a4-e053-0100007fbd87,587,2011-12-06T21:16:00+00:00,main,2460,ft^3/s,119,ft,892,ft^2,2.76,ft/s,,ft,Soft,Sand,Unspecified,Uneven,Standard,Unknown,BridgeDownstreamSide,2026-07-13T22:20:43.346961+00:00,adcp,AtTheGage
05517500,POINT (-86.96832768953219 41.22001987983983),b664b919-b1fc-486a-bbd7-5355496a3305,USGS-05517500,450d9950-702a-d1b3-e053-0100007fdcb8,275,1972-04-04T05:00:00+00:00,Imported Channel 1,1900,ft^3/s,115,ft,699,ft^2,2.72,ft/s,,,Unspecified,Unspecified,Unspecified,Unspecified,Unspecified,Unknown,Unspecified,2026-07-13T22:20:43.346961+00:00,point_velocity,Unspecified
05517500,POINT (-86.96832768953219 41.22001987983983),b70ea04b-4f26-473f-b4dd-1b9fb600101c,USGS-05517500,450d92b2-680b-cf9b-e053-0100007f10aa,607,2014-12-03T14:32:08+00:00,main,1740,ft^3/s,113,ft,686,ft^2,2.54,ft/s,50.00,ft,Firm,Gravel,Even,Even,Standard,Unknown,BridgeDownstreamSide,2026-07-13T22:20:43.346961+00:00,adcp,Downstream
05517500,POINT (-86.96832768953219 41.22001987983983),b71374c4-65da-4d48-91aa-1dd2914cfbd4,USGS-05517500,450d9674-8135-d0a0-e053-0100007f58c1,223,1965-06-07T05:00:00+00:00,Imported Channel 1,811,ft^3/s,105,ft,385,ft^2,2.10,ft/s,,,Unspecified,Unspecified,Unspecified,Unspecified,Unspecified,Unknown,Unspecified,2026-07-13T22:20:43.346961+00:00,point_velocity,Unspecified
05517500,POINT (-86.96832768953219 41.22001987983983),b80f3daf-a702-4301-902f-8a08126d5c1f,USGS-05517500,450d7835-fce8-c6bc-e053-0100007f9bde,440,1989-04-06T12:50:00+00:00,Imported Channel 1,2730,ft^3/s,125,ft,1000,ft^2,2.73,ft/s,,,Unspecified,Unspecified,Unspecified,Unspecified,Unspecified,Unknown,BridgeCrane,2026-07-13T22:20:43.346961+00:00,point_velocity,Unspecified
05517500,POINT (-86.96832768953219 41.22001987983983),b833d6fc-be11-484a-b590-4b4afe858040,USGS-05517500,450d8995-2345-cc18-e053-0100007fff40,279,1972-08-23T05:00:00+00:00,Imported Channel 1,1580,ft^3/s,112,ft,614,ft^2,3.13,ft/s,,,Unspecified,Unspecified,Unspecified,Unspecified,Unspecified,Unknown,Unspecified,2026-07-13T22:20:43.346961+00:00,point_velocity,Unspecified
05517500,POINT (-86.96832768953219 41.22001987983983),b86cdef1-5f14-4b28-a3f1-61061411bbef,USGS-05517500,450d8909-7059-cc12-e053-0100007f18b3,598,2013-08-27T20:11:55+00:00,MAIN,573,ft^3/s,102,ft,296,ft^2,1.93,ft/s,,ft,Firm,Gravel,Even,Even,Standard,Unknown,BridgeDownstreamSide,2026-07-13T22:20:43.346961+00:00,adcp,AtTheGage
05517500,POINT (-86.96832768953219 41.22001987983983),b86f551a-8164-4dbd-906f-288e553d5c26,USGS-05517500,450d83cb-e2c0-ca79-e053-0100007f26e2,455,1991-03-27T13:40:00+00:00,Imported Channel 1,2650,ft^3/s,153,ft,1090,ft^2,2.43,ft/s,,,Unspecified,Unspecified,Unspecified,Unspecified,Unspecified,Unknown,BridgeCrane,2026-07-13T22:20:43.346961+00:00,point_velocity,Unspecified
05517500,POINT (-86.96832768953219 41.22001987983983),b8a47122-fe09-4965-87a7-9e46bbd4f263,USGS-05517500,450d7557-6a5b-c5d8-e053-0100007ffe37,86,1954-10-14T05:00:00+00:00,Imported Channel 1,3590,ft^3/s,132,ft,1120,ft^2,3.22,ft/s,,,Unspecified,Unspecified,Unspecified,Unspecified,Unspecified,Unknown,Unspecified,2026-07-13T22:20:43.346961+00:00,point_velocity,Unspecified
05517500,POINT (-86.96832768953219 41.22001987983983),b8d9d195-ab42-4bbc-ae69-db04a50b8ca3,USGS-05517500,450d973c-faac-d08c-e053-0100007f7449,196,1963-03-18T05:00:00+00:00,Imported Channel 1,2580,ft^3/s,113,ft,905,ft^2,2.85,ft/s,,,Unspecified,Unspecified,Unspecified,Unspecified,Unspecified,Unknown,Unspecified,2026-07-13T22:20:43.346961+00:00,point_velocity,Unspecified
05517500,POINT (-86.96832768953219 41.22001987983983),b8ff19fc-a2be-4e58-bb53-2e930dad137d,USGS-05517500,fc5c56dc-1890-4c5b-adf8-8e397a682908,654,2023-01-25T19:59:05+00:00,main,1050,ft^3/s,107,ft,472,ft^2,2.23,ft/s,150.00,ft,Firm,Sand,Even,Unspecified,Standard,Steady,BridgeDownstreamSide,2026-07-13T22:20:43.346961+00:00,adcp,Downstream
05517500,POINT (-86.96832768953219 41.22001987983983),b930dde9-ca39-462a-987e-e31fec071b5b,USGS-05517500,450d86a0-2056-cb8a-e053-0100007f1497,424,1987-08-10T05:00:00+00:00,Imported Channel 1,627,ft^3/s,103,ft,284,ft^2,2.21,ft/s,,,Unspecified,Unspecified,Unspecified,Unspecified,Unspecified,Unknown,BridgeCrane,2026-07-13T22:20:43.346961+00:00,point_velocity,Unspecified
05517500,POINT (-86.96832768953219 41.22001987983983),b94a343d-1d17-4c49-958e-e2671723be1e,USGS-05517500,450d891e-bb21-cc14-e053-0100007f1158,537,2003-02-11T19:17:00+00:00,Imported Channel 1,597,ft^3/s,93.6,ft,372,ft^2,1.65,ft/s,,,Unspecified,Unspecified,Unspecified,Unspecified,Unspecified,Unknown,Boat,2026-07-13T22:20:43.346961+00:00,point_velocity,Unspecified
05517500,POINT (-86.96832768953219 41.22001987983983),b9734a6e-6d4f-43c7-9c26-5fe6f2441aff,USGS-05517500,450d960d-c536-d0a2-e053-0100007f6ceb,231,1966-01-05T05:00:00+00:00,Imported Channel 1,3270,ft^3/s,130,ft,1240,ft^2,2.64,ft/s,,,Unspecified,Unspecified,Unspecified,Unspecified,Unspecified,Unknown,Unspecified,2026-07-13T22:20:43.346961+00:00,point_velocity,Unspecified
05517500,POINT (-86.96832768953219 41.22001987983983),b97e7b72-0a15-4709-91e0-8559fb71d4ff,USGS-05517500,450d8360-4255-ca75-e053-0100007ff789,276,1972-05-11T05:00:00+00:00,Imported Channel 1,2840,ft^3/s,126,ft,965,ft^2,2.95,ft/s,,,Unspecified,Unspecified,Unspecified,Unspecified,Unspecified,Unknown,Unspecified,2026-07-13T22:20:43.346961+00:00,point_velocity,Unspecified
05517500,POINT (-86.96832768953219 41.22001987983983),b9b27b5c-f41f-4951-b67b-143a58b2aac8,USGS-05517500,450d83d9-881b-ca99-e053-0100007fbb0c,92,1954-10-21T05:00:00+00:00,Imported Channel 1,5390,ft^3/s,133,ft,1510,ft^2,3.54,ft/s,,,Unspecified,Unspecified,Unspecified,Unspecified,Unspecified,Unknown,Unspecified,2026-07-13T22:20:43.346961+00:00,point_velocity,Unspecified
05517500,POINT (-86.96832768953219 41.22001987983983),b9b5458b-e40c-479a-93a1-49eda415ecbd,USGS-05517500,450d92b2-67ec-cf9b-e053-0100007f10aa,225,1965-08-02T05:00:00+00:00,Imported Channel 1,415,ft^3/s,86.0,ft,2.51,ft^2,1.65,ft/s,,,Unspecified,Unspecified,Unspecified,Unspecified,Unspecified,Unknown,Unspecified,2026-07-13T22:20:43.346961+00:00,point_velocity,Unspecified
05517500,POINT (-86.96832768953219 41.22001987983983),bab2f858-fb2c-41f3-83d6-24097850c3d5,USGS-05517500,450d8b6d-b17a-ccf4-e053-0100007f70e1,505,1998-08-17T19:56:00+00:00,Imported Channel 1,866,ft^3/s,122,ft,454,ft^2,1.90,ft/s,,,Unspecified,Unspecified,Unspecified,Unspecified,Unspecified,Unknown,BridgeCrane,2026-07-13T22:20:43.346961+00:00,point_velocity,Unspecified
05517500,POINT (-86.96832768953219 41.22001987983983),baf29bd3-86a2-4196-a7ef-4c11a386e27d,USGS-05517500,450d7d19-be9a-c898-e053-0100007f0d2e,329,1977-10-25T05:00:00+00:00,Imported Channel 1,920,ft^3/s,114,ft,409,ft^2,2.25,ft/s,,,Unspecified,Unspecified,Unspecified,Unspecified,Unspecified,Unknown,Unspecified,2026-07-13T22:20:43.346961+00:00,point_velocity,Unspecified
05517500,POINT (-86.96832768953219 41.22001987983983),bb1a135d-1a1b-4dc9-8acd-ceb4aa710f5c,USGS-05517500,450d83d9-8833-ca99-e053-0100007fbb0c,190,1962-09-21T05:00:00+00:00,Imported Channel 1,393,ft^3/s,80.0,ft,238,ft^2,1.65,ft/s,,,Unspecified,Unspecified,Unspecified,Unspecified,Unspecified,Unknown,Unspecified,2026-07-13T22:20:43.346961+00:00,point_velocity,Unspecified
05517500,POINT (-86.96832768953219 41.22001987983983),bb86c059-523c-4ea4-a75f-00eebae6c403,USGS-05517500,10a48f06-0422-40bc-8be7-d626b9332801,652,2022-10-12T14:46:05+00:00,Main,438,ft^3/s,83.3,ft,242,ft^2,1.81,ft/s,150.00,ft,Firm,Sand,Even,Unspecified,Standard,Steady,BridgeDownstreamSide,2026-07-13T22:20:43.346961+00:00,adcp,Downstream
05517500,POINT (-86.96832768953219 41.22001987983983),bcbe8192-bb7c-4068-bc7b-b79d4caee308,USGS-05517500,450d88b7-eb30-cc1a-e053-0100007f56ed,201,1963-08-15T05:00:00+00:00,Imported Channel 1,598,ft^3/s,95.0,ft,323,ft^2,1.85,ft/s,,,Unspecified,Unspecified,Unspecified,Unspecified,Unspecified,Unknown,Unspecified,2026-07-13T22:20:43.346961+00:00,point_velocity,Unspecified
05517500,POINT (-86.96832768953219 41.22001987983983),bd631e80-bd80-4a9e-a1c3-f4f19ac8d9f7,USGS-05517500,450d969a-a472-d08a-e053-0100007f3ba1,174,1961-07-20T05:00:00+00:00,Imported Channel 1,762,ft^3/s,99.0,ft,640,ft^2,1.19,ft/s,,,Unspecified,Unspecified,Unspecified,Unspecified,Unspecified,Unknown,Unspecified,2026-07-13T22:20:43.346961+00:00,point_velocity,Unspecified
05517500,POINT (-86.96832768953219 41.22001987983983),bd6c9787-4054-4bd9-9240-f4fb4980e68c,USGS-05517500,450d8d72-cf5d-cda1-e053-0100007f20fe,263,1970-12-11T05:00:00+00:00,Imported Channel 1,1200,ft^3/s,110,ft,492,ft^2,2.44,ft/s,,,Unspecified,Unspecified,Unspecified,Unspecified,Unspecified,Unknown,Unspecified,2026-07-13T22:20:43.346961+00:00,point_velocity,Unspecified
05517500,POINT (-86.96832768953219 41.22001987983983),bda1ff54-bd7d-44da-b6ac-4f9bd8d7a5e7,USGS-05517500,450d99dd-7458-d1c9-e053-0100007f0c1a,130,1967-09-26T05:00:00+00:00,Imported Channel 1,455,ft^3/s,123,ft,262,ft^2,1.73,ft/s,,,Unspecified,Unspecified,Unspecified,Unspecified,Unspecified,Unknown,Unspecified,2026-07-13T22:20:43.346961+00:00,point_velocity,Unspecified
05517500,POINT (-86.96832768953219 41.22001987983983),be053b99-a7ad-4de0-bc4d-5a5bd757c239,USGS-05517500,450d7cb8-33aa-c808-e053-0100007fc000,348,1979-08-28T05:00:00+00:00,Imported Channel 1,840,ft^3/s,106,ft,354,ft^2,2.37,ft/s,,,Unspecified,Unspecified,Unspecified,Unspecified,Unspecified,Unknown,Unspecified,2026-07-13T22:20:43.346961+00:00,point_velocity,Unspecified
05517500,POINT (-86.96832768953219 41.22001987983983),beb52efa-0274-4170-afd2-4d553441d277,USGS-05517500,450d88a2-ccd5-cc16-e053-0100007f2d33,182,1962-03-14T05:00:00+00:00,Imported Channel 1,3070,ft^3/s,128,ft,1050,ft^2,2.92,ft/s,,,Unspecified,Unspecified,Unspecified,Unspecified,Unspecified,Unknown,Unspecified,2026-07-13T22:20:43.346961+00:00,point_velocity,Unspecified
05517500,POINT (-86.96832768953219 41.22001987983983),bec11ebd-a23f-4895-ad91-226c6aef9a09,USGS-05517500,450d5d57-4eca-be49-e053-0100007ff52a,484,1995-06-12T19:57:00+00:00,Imported Channel 1,1430,ft^3/s,132,ft,669,ft^2,2.14,ft/s,,,Unspecified,Unspecified,Unspecified,Unspecified,Unspecified,Unknown,BridgeCrane,2026-07-13T22:20:43.346961+00:00,point_velocity,Unspecified
05517500,POINT (-86.96832768953219 41.22001987983983),bf6089c3-b5ae-4723-978e-ed1499f6411d,USGS-05517500,450d88b7-eada-cc1a-e053-0100007f56ed,435,1988-09-12T18:45:00+00:00,Imported Channel 1,386,ft^3/s,116,ft,283,ft^2,1.36,ft/s,,,Unspecified,Unspecified,Unspecified,Unspecified,Unspecified,Unknown,Wading,2026-07-13T22:20:43.346961+00:00,point_velocity,Unspecified
05517500,POINT (-86.96832768953219 41.22001987983983),bf837f16-ab19-433e-a3e3-201b8c0525cc,USGS-05517500,450d844f-6273-ca9b-e053-0100007ff3e5,339,1978-11-29T05:00:00+00:00,Imported Channel 1,654,ft^3/s,103,ft,339,ft^2,1.93,ft/s,,,Unspecified,Unspecified,Unspecified,Unspecified,Unspecified,Unknown,Unspecified,2026-07-13T22:20:43.346961+00:00,point_velocity,Unspecified
05517500,POINT (-86.96832768953219 41.22001987983983),bff91b3e-82aa-4b3e-9759-b86eb5dab700,USGS-05517500,450d8d4d-c08d-cd9f-e053-0100007faf42,346,1979-06-13T05:00:00+00:00,Imported Channel 1,1070,ft^3/s,110,ft,456,ft^2,2.35,ft/s,,,Unspecified,Unspecified,Unspecified,Unspecified,Unspecified,Unknown,Unspecified,2026-07-13T22:20:43.346961+00:00,point_velocity,Unspecified
05517500,POINT (-86.96832768953219 41.22001987983983),c03240b1-12d7-424e-b299-9d0083b8cc96,USGS-05517500,450d8366-32f2-ca77-e053-0100007fc6b4,243,1967-03-07T05:00:00+00:00,Imported Channel 1,1580,ft^3/s,110,ft,622,ft^2,2.54,ft/s,,,Unspecified,Unspecified,Unspecified,Unspecified,Unspecified,Unknown,Unspecified,2026-07-13T22:20:43.346961+00:00,point_velocity,Unspecified
05517500,POINT (-86.96832768953219 41.22001987983983),c0482634-eb19-40f8-a393-5e2648d94f11,USGS-05517500,450d8995-2337-cc18-e053-0100007fff40,248,1967-11-13T05:00:00+00:00,Imported Channel 1,1280,ft^3/s,110,ft,522,ft^2,2.45,ft/s,,,Unspecified,Unspecified,Unspecified,Unspecified,Unspecified,Unknown,Unspecified,2026-07-13T22:20:43.346961+00:00,point_velocity,Unspecified
05517500,POINT (-86.96832768953219 41.22001987983983),c07910e4-88d9-41c4-9d79-6d8ea886d5f5,USGS-05517500,b61e2bf0-52c9-48b7-8191-2a28c53067e2,659,2023-11-09T14:28:26+00:00,Main,779,ft^3/s,104,ft,391,ft^2,1.99,ft/s,150.00,ft,Firm,Sand,Even,Unspecified,Standard,Steady,BridgeDownstreamSide,2026-07-13T22:20:43.346961+00:00,adcp,Downstream
05517500,POINT (-86.96832768953219 41.22001987983983),c19f8494-969b-42cc-80e2-e6c0cc5a372b,USGS-05517500,450d7852-cf3e-c6be-e053-0100007f4e14,415,1986-07-28T05:00:00+00:00,Imported Channel 1,1160,ft^3/s,111,ft,476,ft^2,2.44,ft/s,,,Unspecified,Unspecified,Unspecified,Unspecified,Unspecified,Unknown,BridgeCrane,2026-07-13T22:20:43.346961+00:00,point_velocity,Unspecified
05517500,POINT (-86.96832768953219 41.22001987983983),c29e26ed-a552-409a-ab5f-bcc96f6d5482,USGS-05517500,450d7b90-ca13-c806-e053-0100007f4264,444,1989-10-30T18:15:00+00:00,Imported Channel 1,718,ft^3/s,105,ft,340,ft^2,2.11,ft/s,,,Unspecified,Unspecified,Unspecified,Unspecified,Unspecified,Unknown,BridgeCrane,2026-07-13T22:20:43.346961+00:00,point_velocity,Unspecified
05517500,POINT (-86.96832768953219 41.22001987983983),c2b136e6-5640-4593-922b-ff201930cb03,USGS-05517500,450d88a2-ccd1-cc16-e053-0100007f2d33,173,1961-06-22T05:00:00+00:00,Imported Channel 1,1210,ft^3/s,114,ft,521,ft^2,2.32,ft/s,,,Unspecified,Unspecified,Unspecified,Unspecified,Unspecified,Unknown,Unspecified,2026-07-13T22:20:43.346961+00:00,point_velocity,Unspecified
05517500,POINT (-86.96832768953219 41.22001987983983),c3137f33-eb22-4730-b44e-c5480434de48,USGS-05517500,450d7d19-be3d-c898-e053-0100007f0d2e,514,1999-10-05T12:34:00+00:00,Imported Channel 1,560,ft^3/s,,,,,,,,ft,Unspecified,Unspecified,Unspecified,Unspecified,Unspecified,Unknown,Unspecified,2026-07-13T22:20:43.346961+00:00,other_method,Unspecified
05517500,POINT (-86.96832768953219 41.22001987983983),c326d9f2-5d30-466f-904d-9a4c69a41d8e,USGS-05517500,450d706d-6345-c46b-e053-0100007f424a,115,1956-06-18T05:00:00+00:00,Imported Channel 1,1100,ft^3/s,105,ft,423,ft^2,2.60,ft/s,,,Unspecified,Unspecified,Unspecified,Unspecified,Unspecified,Unknown,Unspecified,2026-07-13T22:20:43.346961+00:00,point_velocity,Unspecified
05517500,POINT (-86.96832768953219 41.22001987983983),c347e513-1c81-4f34-ad43-f26ca9e33de0,USGS-05517500,450d7b90-ca14-c806-e053-0100007f4264,445,1990-01-17T17:54:00+00:00,Imported Channel 1,1230,ft^3/s,113,ft,516,ft^2,2.38,ft/s,,,Unspecified,Unspecified,Unspecified,Unspecified,Unspecified,Unknown,BridgeCrane,2026-07-13T22:20:43.346961+00:00,point_velocity,Unspecified
05517500,POINT (-86.96832768953219 41.22001987983983),c36b08cd-3559-44b8-a410-c985eafb50b2,USGS-05517500,450d8d4d-c026-cd9f-e053-0100007faf42,613,2015-06-19T19:53:00+00:00,Imported Channel 1,4370,ft^3/s,,,,,,,,ft,Unspecified,Unspecified,Unspecified,Unspecified,Unspecified,Unknown,Unspecified,2026-07-13T22:20:43.346961+00:00,other_method,Unspecified
05517500,POINT (-86.96832768953219 41.22001987983983),c58e014b-bf39-432b-b77f-602b6a944fc3,USGS-05517500,450d844f-6271-ca9b-e053-0100007ff3e5,319,1976-10-07T05:00:00+00:00,Imported Channel 1,820,ft^3/s,105,ft,413,ft^2,1.99,ft/s,,,Unspecified,Unspecified,Unspecified,Unspecified,Unspecified,Unknown,Unspecified,2026-07-13T22:20:43.346961+00:00,point_velocity,Unspecified
05517500,POINT (-86.96832768953219 41.22001987983983),c5c0f787-f77a-4882-9e54-c93122c93e38,USGS-05517500,450d7508-711d-c5ac-e053-0100007f62d3,540,2003-08-11T22:42:00+00:00,Imported Channel 1,594,ft^3/s,106,ft,352,ft^2,1.69,ft/s,,ft,Unspecified,Unspecified,Unspecified,Unspecified,Unspecified,Unknown,Unspecified,2026-07-13T22:20:43.346961+00:00,adcp,Unspecified
05517500,POINT (-86.96832768953219 41.22001987983983),c62790f1-125c-4e45-aff6-518be6657d8e,USGS-05517500,450d7cb8-3371-c808-e053-0100007fc000,90,1954-10-19T05:00:00+00:00,Imported Channel 1,4860,ft^3/s,133,ft,1440,ft^2,3.39,ft/s,,,Unspecified,Unspecified,Unspecified,Unspecified,Unspecified,Unknown,Unspecified,2026-07-13T22:20:43.346961+00:00,point_velocity,Unspecified
05517500,POINT (-86.96832768953219 41.22001987983983),c6b9d149-ff36-4d53-af3b-222db2c0a6a1,USGS-05517500,4c99bacc-4b51-8948-e053-0100007f80dd,625,2017-04-05T17:42:29+00:00,Main,2840,ft^3/s,123,ft,953,ft^2,2.98,ft/s,125.00,ft,Soft,Sand,Even,Unspecified,Standard,Unknown,BridgeDownstreamSide,2026-07-13T22:20:43.346961+00:00,adcp,Downstream
05517500,POINT (-86.96832768953219 41.22001987983983),c700aede-b06c-499e-ba92-842e5ad1db07,USGS-05517500,450d7916-9370-c71f-e053-0100007fd66c,153,1959-09-17T05:00:00+00:00,Imported Channel 1,347,ft^3/s,118,ft,215,ft^2,1.61,ft/s,,,Unspecified,Unspecified,Unspecified,Unspecified,Unspecified,Unknown,Unspecified,2026-07-13T22:20:43.346961+00:00,point_velocity,Unspecified
05517500,POINT (-86.96832768953219 41.22001987983983),c7c25347-529d-4bb7-a2e2-2a697262aec5,USGS-05517500,450d7c9d-7bd0-c896-e053-0100007f7ddd,2,1948-08-25T05:00:00+00:00,Imported Channel 1,489,ft^3/s,90.0,ft,286,ft^2,1.71,ft/s,,,Unspecified,Unspecified,Unspecified,Unspecified,Unspecified,Unknown,Unspecified,2026-07-13T22:20:43.346961+00:00,point_velocity,Unspecified
05517500,POINT (-86.96832768953219 41.22001987983983),c7fcdbbd-1fb0-45fa-b264-be5237117507,USGS-05517500,450d9950-7022-d1b3-e053-0100007fdcb8,262,1970-11-04T05:00:00+00:00,Imported Channel 1,1660,ft^3/s,120,ft,680,ft^2,2.44,ft/s,,,Unspecified,Unspecified,Unspecified,Unspecified,Unspecified,Unknown,Unspecified,2026-07-13T22:20:43.346961+00:00,point_velocity,Unspecified
05517500,POINT (-86.96832768953219 41.22001987983983),c84630da-eb75-455a-b0e9-a0cdee8f3451,USGS-05517500,450d99ef-da71-d1cd-e053-0100007f6d49,280,1972-10-02T05:00:00+00:00,Imported Channel 1,3420,ft^3/s,132,ft,1170,ft^2,2.92,ft/s,,,Unspecified,Unspecified,Unspecified,Unspecified,Unspecified,Unknown,Unspecified,2026-07-13T22:20:43.346961+00:00,point_velocity,Unspecified
05517500,POINT (-86.96832768953219 41.22001987983983),c87f4b05-996c-4744-8601-77b522d587a5,USGS-05517500,450d7916-9352-c71f-e053-0100007fd66c,69,1953-10-05T05:00:00+00:00,Imported Channel 1,365,ft^3/s,71.0,ft,234,ft^2,1.56,ft/s,,,Unspecified,Unspecified,Unspecified,Unspecified,Unspecified,Unknown,Unspecified,2026-07-13T22:20:43.346961+00:00,point_velocity,Unspecified
05517500,POINT (-86.96832768953219 41.22001987983983),c8d45bf5-b0f5-4481-9c81-76cc90f924ab,USGS-05517500,450d93d2-b2d7-d00b-e053-0100007ff0a3,21,1950-01-16T05:00:00+00:00,Imported Channel 1,3070,ft^3/s,136,ft,1100,ft^2,2.79,ft/s,,,Unspecified,Unspecified,Unspecified,Unspecified,Unspecified,Unknown,Unspecified,2026-07-13T22:20:43.346961+00:00,point_velocity,Unspecified
05517500,POINT (-86.96832768953219 41.22001987983983),c9674a4e-ee49-42b2-a682-1ec50db01a92,USGS-05517500,450d8366-32a0-ca77-e053-0100007fc6b4,475,1994-02-08T14:40:00+00:00,Imported Channel 1,1430,ft^3/s,126,ft,647,ft^2,2.21,ft/s,,,Unspecified,Unspecified,Unspecified,Unspecified,Unspecified,Unknown,BridgeCrane,2026-07-13T22:20:43.346961+00:00,point_velocity,Unspecified
05517500,POINT (-86.96832768953219 41.22001987983983),ca23ca90-c539-4a4d-8ec5-e5d906388972,USGS-05517500,450d7d19-be6a-c898-e053-0100007f0d2e,134,1958-01-29T05:00:00+00:00,Imported Channel 1,1280,ft^3/s,108,ft,477,ft^2,2.68,ft/s,,,Unspecified,Unspecified,Unspecified,Unspecified,Unspecified,Unknown,Unspecified,2026-07-13T22:20:43.346961+00:00,point_velocity,Unspecified
05517500,POINT (-86.96832768953219 41.22001987983983),ca5ab9ad-f242-4276-9af0-2c86180adbb1,USGS-05517500,450d9614-24a9-d0ab-e053-0100007f0f12,252,1968-06-27T05:00:00+00:00,Imported Channel 1,3080,ft^3/s,131,ft,1150,ft^2,2.63,ft/s,,,Unspecified,Unspecified,Unspecified,Unspecified,Unspecified,Unknown,Unspecified,2026-07-13T22:20:43.346961+00:00,point_velocity,Unspecified
05517500,POINT (-86.96832768953219 41.22001987983983),ca8538f2-de36-4f7c-b5fa-88c6d4cdabd2,USGS-05517500,450d961b-d64f-d0a4-e053-0100007fbd87,82,1954-08-12T05:00:00+00:00,Imported Channel 1,665,ft^3/s,92.0,ft,325,ft^2,2.05,ft/s,,,Unspecified,Unspecified,Unspecified,Unspecified,Unspecified,Unknown,Unspecified,2026-07-13T22:20:43.346961+00:00,point_velocity,Unspecified
05517500,POINT (-86.96832768953219 41.22001987983983),cb0e2023-ebf8-4d7e-885f-5fccc2636d1e,USGS-05517500,450d968f-ab39-d084-e053-0100007f8295,217,1965-01-11T05:00:00+00:00,Imported Channel 1,1390,ft^3/s,107,ft,604,ft^2,2.30,ft/s,,,Unspecified,Unspecified,Unspecified,Unspecified,Unspecified,Unknown,Unspecified,2026-07-13T22:20:43.346961+00:00,point_velocity,Unspecified
05517500,POINT (-86.96832768953219 41.22001987983983),cb16ee16-a3e0-4e4b-9113-19d8cf2961e7,USGS-05517500,450d8072-9f3f-c9a6-e053-0100007fef60,290,1973-09-18T05:00:00+00:00,Imported Channel 1,617,ft^3/s,99.0,ft,280,ft^2,2.20,ft/s,,,Unspecified,Unspecified,Unspecified,Unspecified,Unspecified,Unknown,Unspecified,2026-07-13T22:20:43.346961+00:00,point_velocity,Unspecified
05517500,POINT (-86.96832768953219 41.22001987983983),cb2538e2-5cce-4660-864f-c7d494483495,USGS-05517500,450d9a18-7922-d1cb-e053-0100007f081c,163,1960-07-28T05:00:00+00:00,Imported Channel 1,848,ft^3/s,102,ft,382,ft^2,2.22,ft/s,,,Unspecified,Unspecified,Unspecified,Unspecified,Unspecified,Unknown,Unspecified,2026-07-13T22:20:43.346961+00:00,point_velocity,Unspecified
05517500,POINT (-86.96832768953219 41.22001987983983),cb350de8-c247-4862-bda9-ecd3e48f4b86,USGS-05517500,450d7cb8-33a5-c808-e053-0100007fc000,303,1975-01-16T05:00:00+00:00,Imported Channel 1,2050,ft^3/s,120,ft,808,ft^2,2.55,ft/s,,,Unspecified,Unspecified,Unspecified,Unspecified,Unspecified,Unknown,Unspecified,2026-07-13T22:20:43.346961+00:00,point_velocity,Unspecified
05517500,POINT (-86.96832768953219 41.22001987983983),cc2d9e88-70c1-4572-a368-db8b8c02289d,USGS-05517500,450d6772-44bc-c143-e053-0100007f95ca,28,1950-05-13T05:00:00+00:00,Imported Channel 1,2250,ft^3/s,121,ft,879,ft^2,2.56,ft/s,,,Unspecified,Unspecified,Unspecified,Unspecified,Unspecified,Unknown,Unspecified,2026-07-13T22:20:43.346961+00:00,point_velocity,Unspecified
05517500,POINT (-86.96832768953219 41.22001987983983),cc636436-a6f9-4324-aafa-acb63925f844,USGS-05517500,450d7557-6a57-c5d8-e053-0100007ffe37,68,1953-09-10T05:00:00+00:00,Imported Channel 1,369,ft^3/s,69.0,ft,260,ft^2,1.60,ft/s,,,Unspecified,Unspecified,Unspecified,Unspecified,Unspecified,Unknown,Unspecified,2026-07-13T22:20:43.346961+00:00,point_velocity,Unspecified
05517500,POINT (-86.96832768953219 41.22001987983983),cca2c7b4-db2e-4e2e-874f-ab1536901dcb,USGS-05517500,02755009-b24a-4b24-9608-afd33158c8d9,668,2025-07-17T14:46:34+00:00,Main,534,ft^3/s,96.3,ft,268,ft^2,1.99,ft/s,150.00,ft,Unspecified,Unspecified,Unspecified,Unspecified,Unspecified,Unspecified,BridgeDownstreamSide,2026-07-13T22:20:43.346961+00:00,adcp,Downstream
05517500,POINT (-86.96832768953219 41.22001987983983),cd40dad4-e959-4204-b4ac-d5ccd44a68c6,USGS-05517500,450d86d7-87c3-cb88-e053-0100007fb403,487,1995-11-28T16:34:00+00:00,Imported Channel 1,1200,ft^3/s,,,,,0.00,ft/s,,,Unspecified,Unspecified,Unspecified,Unspecified,Unspecified,Unknown,Boat,2026-07-13T22:20:43.346961+00:00,point_velocity,Unspecified
05517500,POINT (-86.96832768953219 41.22001987983983),cd433aa0-171f-419a-bf66-13c04695e8ce,USGS-05517500,816ce502-3d3e-433d-8e98-741114d14016,641,2020-05-05T15:18:43+00:00,main,2750,ft^3/s,117,ft,907,ft^2,3.03,ft/s,200.00,ft,Unspecified,Unspecified,Unspecified,Even,Standard,Steady,BridgeDownstreamSide,2026-07-13T22:20:43.346961+00:00,adcp,Downstream
05517500,POINT (-86.96832768953219 41.22001987983983),cd697ac7-9144-4397-9358-ec84c0f32dab,USGS-05517500,450d6778-bb77-c146-e053-0100007f1cd9,405,1985-04-08T05:00:00+00:00,Imported Channel 1,5000,ft^3/s,132,ft,1540,ft^2,3.25,ft/s,,,Unspecified,Unspecified,Unspecified,Unspecified,Unspecified,Unknown,BridgeCrane,2026-07-13T22:20:43.346961+00:00,point_velocity,Unspecified
05517500,POINT (-86.96832768953219 41.22001987983983),cdb3b28b-07ad-45f7-afa9-df38981643a3,USGS-05517500,450d7d19-be6e-c898-e053-0100007f0d2e,141,1958-08-27T05:00:00+00:00,Imported Channel 1,1170,ft^3/s,108,ft,462,ft^2,2.53,ft/s,,,Unspecified,Unspecified,Unspecified,Unspecified,Unspecified,Unknown,Unspecified,2026-07-13T22:20:43.346961+00:00,point_velocity,Unspecified
05517500,POINT (-86.96832768953219 41.22001987983983),cdbe916e-18db-46a5-a4f4-22fbf052b703,USGS-05517500,450d8360-4249-ca75-e053-0100007ff789,249,1968-01-11T05:00:00+00:00,Imported Channel 1,1130,ft^3/s,122,ft,696,ft^2,1.62,ft/s,,,Unspecified,Unspecified,Unspecified,Unspecified,Unspecified,Unknown,Unspecified,2026-07-13T22:20:43.346961+00:00,point_velocity,Unspecified
05517500,POINT (-86.96832768953219 41.22001987983983),cecf0974-e46c-442e-b329-5f57d8b90a8b,USGS-05517500,450d964c-1eb8-d082-e053-0100007f7ef2,310,1975-10-23T05:00:00+00:00,Imported Channel 1,504,ft^3/s,98.0,ft,269,ft^2,1.87,ft/s,,,Unspecified,Unspecified,Unspecified,Unspecified,Unspecified,Unknown,Unspecified,2026-07-13T22:20:43.346961+00:00,point_velocity,Unspecified
05517500,POINT (-86.96832768953219 41.22001987983983),cef158f5-75f6-4217-9700-ed7e847bf676,USGS-05517500,450d6786-1ef0-c141-e053-0100007f3d23,409,1985-10-03T05:00:00+00:00,Imported Channel 1,600,ft^3/s,101,ft,277,ft^2,2.17,ft/s,,,Unspecified,Unspecified,Unspecified,Unspecified,Unspecified,Unknown,BridgeCrane,2026-07-13T22:20:43.346961+00:00,point_velocity,Unspecified
05517500,POINT (-86.96832768953219 41.22001987983983),cf094558-29e5-443f-ae7b-b5e5c24db1c4,USGS-05517500,450d8009-a379-c98e-e053-0100007fd3a6,568,2008-07-16T20:52:00+00:00,Imported Channel 1,697,ft^3/s,107,ft,344,ft^2,2.03,ft/s,,ft,Unspecified,Unspecified,Unspecified,Unspecified,Unspecified,Unknown,Unspecified,2026-07-13T22:20:43.346961+00:00,adcp,Unspecified
05517500,POINT (-86.96832768953219 41.22001987983983),cf0e5fe8-c821-4cf1-9763-3317741e8717,USGS-05517500,450d8072-9ee0-c9a6-e053-0100007fef60,490,1996-06-05T13:11:00+00:00,Imported Channel 1,3000,ft^3/s,,,,,0.00,ft/s,,,Unspecified,Unspecified,Unspecified,Unspecified,Unspecified,Unknown,Boat,2026-07-13T22:20:43.346961+00:00,point_velocity,Unspecified
05517500,POINT (-86.96832768953219 41.22001987983983),cf7dea43-1fe1-4add-add9-08e32dae73fd,USGS-05517500,450d92ae-48a8-cf97-e053-0100007f6fd7,317,1976-07-22T05:00:00+00:00,Imported Channel 1,935,ft^3/s,107,ft,430,ft^2,2.23,ft/s,,,Unspecified,Unspecified,Unspecified,Unspecified,Unspecified,Unknown,Unspecified,2026-07-13T22:20:43.346961+00:00,point_velocity,Unspecified
05517500,POINT (-86.96832768953219 41.22001987983983),cf7e7761-3e0f-4473-9232-4255aa910405,USGS-05517500,450d8995-234a-cc18-e053-0100007fff40,332,1978-05-01T05:00:00+00:00,Imported Channel 1,2300,ft^3/s,122,ft,852,ft^2,2.70,ft/s,,,Unspecified,Unspecified,Unspecified,Unspecified,Unspecified,Unknown,Unspecified,2026-07-13T22:20:43.346961+00:00,point_velocity,Unspecified
05517500,POINT (-86.96832768953219 41.22001987983983),cffa4b32-8d07-476a-b6d5-18ea07d26488,USGS-05517500,8f27b749-a79b-494f-e053-0100007fb57d,637,2019-08-02T15:19:02+00:00,Main,889,ft^3/s,98.1,ft,390,ft^2,2.28,ft/s,150.00,ft,Firm,Sand,Even,Unspecified,Standard,Steady,BridgeDownstreamSide,2026-07-13T22:20:43.346961+00:00,adcp,Downstream
05517500,POINT (-86.96832768953219 41.22001987983983),d05c9dd2-f1b4-4bcd-83c1-011c326af8bd,USGS-05517500,450d86cc-8a64-cb86-e053-0100007fa9d1,79,1954-05-12T05:00:00+00:00,Imported Channel 1,1590,ft^3/s,109,ft,606,ft^2,2.63,ft/s,,,Unspecified,Unspecified,Unspecified,Unspecified,Unspecified,Unknown,Unspecified,2026-07-13T22:20:43.346961+00:00,point_velocity,Unspecified
05517500,POINT (-86.96832768953219 41.22001987983983),d07027cb-4dab-48f8-9b49-3ff07e8f43ac,USGS-05517500,450d7fed-7a85-c98c-e053-0100007fbf34,13,1949-07-29T05:00:00+00:00,Imported Channel 1,595,ft^3/s,92.0,ft,301,ft^2,1.98,ft/s,,,Unspecified,Unspecified,Unspecified,Unspecified,Unspecified,Unknown,Unspecified,2026-07-13T22:20:43.346961+00:00,point_velocity,Unspecified
05517500,POINT (-86.96832768953219 41.22001987983983),d0dd75f0-002d-4329-9023-1433c16f445a,USGS-05517500,450d6412-551e-c055-e053-0100007fc473,509,1998-12-07T22:02:00+00:00,Imported Channel 1,769,ft^3/s,,,,,0.00,ft/s,,,Unspecified,Unspecified,Unspecified,Unspecified,Unspecified,Unknown,Boat,2026-07-13T22:20:43.346961+00:00,point_velocity,Unspecified
05517500,POINT (-86.96832768953219 41.22001987983983),d19defb7-af53-4781-bae3-326c43df3d8b,USGS-05517500,450d7508-7171-c5ac-e053-0100007f62d3,270,1971-09-08T05:00:00+00:00,Imported Channel 1,960,ft^3/s,109,ft,408,ft^2,2.35,ft/s,,,Unspecified,Unspecified,Unspecified,Unspecified,Unspecified,Unknown,Unspecified,2026-07-13T22:20:43.346961+00:00,point_velocity,Unspecified
05517500,POINT (-86.96832768953219 41.22001987983983),d1eb3e89-5c82-44b0-b9d0-a7491ff61352,USGS-05517500,450d7633-dbee-c614-e053-0100007f2fd3,18,1949-12-11T05:00:00+00:00,Imported Channel 1,642,ft^3/s,82.0,ft,338,ft^2,1.90,ft/s,,,Unspecified,Unspecified,Unspecified,Unspecified,Unspecified,Unknown,Unspecified,2026-07-13T22:20:43.346961+00:00,point_velocity,Unspecified
05517500,POINT (-86.96832768953219 41.22001987983983),d225c15e-29d3-424c-9ca3-f08081bf97c2,USGS-05517500,450d9a18-7930-d1cb-e053-0100007f081c,194,1963-01-28T05:00:00+00:00,Imported Channel 1,280,ft^3/s,75.0,ft,188,ft^2,1.49,ft/s,,,Unspecified,Unspecified,Unspecified,Unspecified,Unspecified,Unknown,Unspecified,2026-07-13T22:20:43.346961+00:00,point_velocity,Unspecified
05517500,POINT (-86.96832768953219 41.22001987983983),d27c97e7-ebda-4376-8de3-666444df660e,USGS-05517500,450d706d-633b-c46b-e053-0100007f424a,51,1952-06-18T05:00:00+00:00,Imported Channel 1,2590,ft^3/s,131,ft,992,ft^2,2.61,ft/s,,,Unspecified,Unspecified,Unspecified,Unspecified,Unspecified,Unknown,Unspecified,2026-07-13T22:20:43.346961+00:00,point_velocity,Unspecified
05517500,POINT (-86.96832768953219 41.22001987983983),d2cdd464-7069-4b44-a76a-85330b8a677f,USGS-05517500,450d968f-ab30-d084-e053-0100007f8295,155,1959-11-11T05:00:00+00:00,Imported Channel 1,1380,ft^3/s,112,ft,590,ft^2,2.34,ft/s,,,Unspecified,Unspecified,Unspecified,Unspecified,Unspecified,Unknown,Unspecified,2026-07-13T22:20:43.346961+00:00,point_velocity,Unspecified
05517500,POINT (-86.96832768953219 41.22001987983983),d342628a-2650-46f4-8016-91f9d4c0eb3c,USGS-05517500,450d750a-8399-c5bc-e053-0100007f52f4,200,1963-07-16T05:00:00+00:00,Imported Channel 1,710,ft^3/s,98.0,ft,353,ft^2,2.01,ft/s,,,Unspecified,Unspecified,Unspecified,Unspecified,Unspecified,Unknown,Unspecified,2026-07-13T22:20:43.346961+00:00,point_velocity,Unspecified
05517500,POINT (-86.96832768953219 41.22001987983983),d3dacf35-d147-4e28-bb96-5b644e299059,USGS-05517500,450d83d9-87e8-ca99-e053-0100007fbb0c,496,1997-04-01T14:57:00+00:00,Imported Channel 1,2570,ft^3/s,,,,,0.00,ft/s,,,Unspecified,Unspecified,Unspecified,Unspecified,Unspecified,Unknown,Boat,2026-07-13T22:20:43.346961+00:00,point_velocity,Unspecified
05517500,POINT (-86.96832768953219 41.22001987983983),d4257e66-a8a7-4cb6-90e0-079bd194c350,USGS-05517500,450d8896-74a9-cc10-e053-0100007f4527,48,1952-03-27T05:00:00+00:00,Imported Channel 1,2060,ft^3/s,110,ft,774,ft^2,2.66,ft/s,,,Unspecified,Unspecified,Unspecified,Unspecified,Unspecified,Unknown,Unspecified,2026-07-13T22:20:43.346961+00:00,point_velocity,Unspecified
05517500,POINT (-86.96832768953219 41.22001987983983),d4351262-0cf3-4728-a7a0-8195ed72abed,USGS-05517500,450d761c-cf6f-c616-e053-0100007ff421,187,1962-06-21T05:00:00+00:00,Imported Channel 1,857,ft^3/s,106,ft,393,ft^2,2.18,ft/s,,,Unspecified,Unspecified,Unspecified,Unspecified,Unspecified,Unknown,Unspecified,2026-07-13T22:20:43.346961+00:00,point_velocity,Unspecified
05517500,POINT (-86.96832768953219 41.22001987983983),d4683523-6b25-46c1-acbb-ac72f9cecc5a,USGS-05517500,450d8b6d-b18f-ccf4-e053-0100007f70e1,559,2007-06-26T22:46:00+00:00,Imported Channel 1,751,ft^3/s,114,ft,445,ft^2,1.69,ft/s,,ft,Unspecified,Unspecified,Unspecified,Unspecified,Unspecified,Unknown,Unspecified,2026-07-13T22:20:43.346961+00:00,adcp,Unspecified
05517500,POINT (-86.96832768953219 41.22001987983983),d57cbe28-952d-4514-a787-86b1fc99e170,USGS-05517500,450d7523-2a73-c5b4-e053-0100007f357b,125,1967-04-18T05:00:00+00:00,Imported Channel 1,1540,ft^3/s,80.0,ft,599,ft^2,2.56,ft/s,,,Unspecified,Unspecified,Unspecified,Unspecified,Unspecified,Unknown,Unspecified,2026-07-13T22:20:43.346961+00:00,point_velocity,Unspecified
05517500,POINT (-86.96832768953219 41.22001987983983),d59bc826-afc4-47c2-9fcb-da941b873985,USGS-05517500,450d7835-fd26-c6bc-e053-0100007f9bde,58,1953-01-13T05:00:00+00:00,Imported Channel 1,694,ft^3/s,90.0,ft,368,ft^2,1.88,ft/s,,,Unspecified,Unspecified,Unspecified,Unspecified,Unspecified,Unknown,Unspecified,2026-07-13T22:20:43.346961+00:00,point_velocity,Unspecified
05517500,POINT (-86.96832768953219 41.22001987983983),d84cd14e-76fc-463e-8f8c-239f569f1b71,USGS-05517500,646e2d54-66dc-4b57-9dcb-06678c944c78,670,2026-03-03T15:05:53+00:00,Main,1220,ft^3/s,109,ft,500,ft^2,2.44,ft/s,150.00,ft,Unspecified,Unspecified,Unspecified,Unspecified,Unspecified,Unspecified,BridgeDownstreamSide,2026-07-13T22:20:43.346961+00:00,adcp,Downstream
05517500,POINT (-86.96832768953219 41.22001987983983),d9f9605f-35c0-4c1b-80c2-40329db12ac3,USGS-05517500,450d6786-1f21-c141-e053-0100007f3d23,547,2005-03-07T21:01:00+00:00,Imported Channel 1,2690,ft^3/s,124,ft,949,ft^2,2.83,ft/s,,ft,Unspecified,Unspecified,Unspecified,Unspecified,Unspecified,Unknown,Unspecified,2026-07-13T22:20:43.346961+00:00,adcp,Unspecified
05517500,POINT (-86.96832768953219 41.22001987983983),da13816b-99bc-4b56-ab57-3d239cda4da8,USGS-05517500,450d8025-d614-c98a-e053-0100007f6233,400,1984-12-05T05:00:00+00:00,Imported Channel 1,1440,ft^3/s,113,ft,596,ft^2,2.42,ft/s,,,Unspecified,Unspecified,Unspecified,Unspecified,Unspecified,Unknown,BridgeCrane,2026-07-13T22:20:43.346961+00:00,point_velocity,Unspecified
05517500,POINT (-86.96832768953219 41.22001987983983),da1c9a0b-60fa-4f9a-ac14-0a8a62d2e663,USGS-05517500,450d8b6d-b19e-ccf4-e053-0100007f70e1,11,1949-05-15T05:00:00+00:00,Imported Channel 1,840,ft^3/s,96.0,ft,386,ft^2,2.18,ft/s,,,Unspecified,Unspecified,Unspecified,Unspecified,Unspecified,Unknown,Unspecified,2026-07-13T22:20:43.346961+00:00,point_velocity,Unspecified
05517500,POINT (-86.96832768953219 41.22001987983983),da42fba3-cb03-4d31-95cb-0d11408552f0,USGS-05517500,450d891e-bb00-cc14-e053-0100007f1158,436,1988-10-18T17:05:00+00:00,Imported Channel 1,776,ft^3/s,105,ft,348,ft^2,2.23,ft/s,,,Unspecified,Unspecified,Unspecified,Unspecified,Unspecified,Unknown,BridgeCrane,2026-07-13T22:20:43.346961+00:00,point_velocity,Unspecified
05517500,POINT (-86.96832768953219 41.22001987983983),da8c75ec-8f58-4fc3-a49a-ec3e848ddd10,USGS-05517500,450d6112-66c6-bf54-e053-0100007fbeb2,427,1988-01-04T17:25:00+00:00,Imported Channel 1,1660,ft^3/s,115,ft,656,ft^2,2.53,ft/s,,,Unspecified,Unspecified,Unspecified,Unspecified,Unspecified,Unknown,BridgeCrane,2026-07-13T22:20:43.346961+00:00,point_velocity,Unspecified
05517500,POINT (-86.96832768953219 41.22001987983983),da8e8353-cef7-4d23-b8b7-2664b561a5bc,USGS-05517500,450d7fed-7a78-c98c-e053-0100007fbf34,556,2006-08-08T20:03:00+00:00,Imported Channel 1,747,ft^3/s,103,ft,347,ft^2,2.15,ft/s,,ft,Unspecified,Unspecified,Unspecified,Unspecified,Unspecified,Unknown,Unspecified,2026-07-13T22:20:43.346961+00:00,adcp,Unspecified
05517500,POINT (-86.96832768953219 41.22001987983983),dbe7e845-34a5-490b-a234-004b0f02079f,USGS-05517500,450d92b2-67cf-cf9b-e053-0100007f10aa,77,1954-04-15T05:00:00+00:00,Imported Channel 1,2760,ft^3/s,125,ft,944,ft^2,2.92,ft/s,,,Unspecified,Unspecified,Unspecified,Unspecified,Unspecified,Unknown,Unspecified,2026-07-13T22:20:43.346961+00:00,point_velocity,Unspecified
05517500,POINT (-86.96832768953219 41.22001987983983),dbf61f82-6afa-4fad-8d5a-454386bab29d,USGS-05517500,450d92b2-6805-cf9b-e053-0100007f10aa,288,1973-07-11T05:00:00+00:00,Imported Channel 1,1030,ft^3/s,108,ft,442,ft^2,2.33,ft/s,,,Unspecified,Unspecified,Unspecified,Unspecified,Unspecified,Unknown,Unspecified,2026-07-13T22:20:43.346961+00:00,point_velocity,Unspecified
05517500,POINT (-86.96832768953219 41.22001987983983),dc159a74-a3bc-45fc-b554-cd82834c9999,USGS-05517500,450d8b6d-b19b-ccf4-e053-0100007f70e1,6,1949-01-08T05:00:00+00:00,Imported Channel 1,1620,ft^3/s,110,ft,692,ft^2,2.34,ft/s,,,Unspecified,Unspecified,Unspecified,Unspecified,Unspecified,Unknown,Unspecified,2026-07-13T22:20:43.346961+00:00,point_velocity,Unspecified
05517500,POINT (-86.96832768953219 41.22001987983983),dc225d13-ae5d-4ea7-97d4-f1746ae80188,USGS-05517500,450d8360-422f-ca75-e053-0100007ff789,188,1962-07-26T05:00:00+00:00,Imported Channel 1,591,ft^3/s,92.0,ft,310,ft^2,1.94,ft/s,,,Unspecified,Unspecified,Unspecified,Unspecified,Unspecified,Unknown,Unspecified,2026-07-13T22:20:43.346961+00:00,point_velocity,Unspecified
05517500,POINT (-86.96832768953219 41.22001987983983),dc72199b-37a6-4f2e-a1a0-c45b6f8fc966,USGS-05517500,450d9950-6ff5-d1b3-e053-0100007fdcb8,98,1955-01-04T05:00:00+00:00,Imported Channel 1,2480,ft^3/s,120,ft,897,ft^2,2.75,ft/s,,,Unspecified,Unspecified,Unspecified,Unspecified,Unspecified,Unknown,Unspecified,2026-07-13T22:20:43.346961+00:00,point_velocity,Unspecified
05517500,POINT (-86.96832768953219 41.22001987983983),ddaf9252-be36-4f60-a2f6-6acf78877a32,USGS-05517500,450d996b-a22d-d1b1-e053-0100007f0906,298,1974-07-25T05:00:00+00:00,Imported Channel 1,787,ft^3/s,104,ft,3.43,ft^2,2.30,ft/s,,,Unspecified,Unspecified,Unspecified,Unspecified,Unspecified,Unknown,Unspecified,2026-07-13T22:20:43.346961+00:00,point_velocity,Unspecified
05517500,POINT (-86.96832768953219 41.22001987983983),de899926-e5db-4865-a1f8-98c86427d086,USGS-05517500,450d964c-1eba-d082-e053-0100007f7ef2,323,1977-04-01T05:00:00+00:00,Imported Channel 1,3460,ft^3/s,132,ft,1200,ft^2,2.88,ft/s,,,Unspecified,Unspecified,Unspecified,Unspecified,Unspecified,Unknown,Unspecified,2026-07-13T22:20:43.346961+00:00,point_velocity,Unspecified
05517500,POINT (-86.96832768953219 41.22001987983983),ded94d20-303e-4928-89dc-a5429a53e36e,USGS-05517500,450d70bc-1de7-c469-e053-0100007fd2b9,548,2005-05-03T15:25:00+00:00,Imported Channel 1,1060,ft^3/s,107,ft,484,ft^2,2.18,ft/s,,ft,Unspecified,Unspecified,Unspecified,Unspecified,Unspecified,Unknown,Unspecified,2026-07-13T22:20:43.346961+00:00,adcp,Unspecified
05517500,POINT (-86.96832768953219 41.22001987983983),deea905c-61a6-43b7-8d0f-79d04cadcf24,USGS-05517500,450d7924-8bf6-c71d-e053-0100007f2f30,118,1956-09-24T05:00:00+00:00,Imported Channel 1,376,ft^3/s,118,ft,288,ft^2,1.31,ft/s,,,Unspecified,Unspecified,Unspecified,Unspecified,Unspecified,Unknown,Unspecified,2026-07-13T22:20:43.346961+00:00,point_velocity,Unspecified
05517500,POINT (-86.96832768953219 41.22001987983983),df5e216d-07a3-4f0d-92c0-0f1bb36a40ee,USGS-05517500,450d7cb8-332a-c808-e053-0100007fc000,439,1989-03-08T13:05:00+00:00,Imported Channel 1,1300,ft^3/s,113,ft,539,ft^2,2.41,ft/s,,,Unspecified,Unspecified,Unspecified,Unspecified,Unspecified,Unknown,BridgeCrane,2026-07-13T22:20:43.346961+00:00,point_velocity,Unspecified
05517500,POINT (-86.96832768953219 41.22001987983983),df8a6873-27b2-44f8-88ad-0782e7409d0a,USGS-05517500,450d7924-8bae-c71d-e053-0100007f2f30,419,1987-01-13T05:00:00+00:00,Imported Channel 1,1150,ft^3/s,110,ft,484,ft^2,2.38,ft/s,,,Unspecified,Unspecified,Unspecified,Unspecified,Unspecified,Unknown,BridgeCrane,2026-07-13T22:20:43.346961+00:00,point_velocity,Unspecified
05517500,POINT (-86.96832768953219 41.22001987983983),dfea4164-8170-429e-bd93-1cd400270553,USGS-05517500,450d964c-1e95-d082-e053-0100007f7ef2,191,1962-10-22T05:00:00+00:00,Imported Channel 1,667,ft^3/s,95.0,ft,344,ft^2,1.94,ft/s,,,Unspecified,Unspecified,Unspecified,Unspecified,Unspecified,Unknown,Unspecified,2026-07-13T22:20:43.346961+00:00,point_velocity,Unspecified
05517500,POINT (-86.96832768953219 41.22001987983983),e064b56a-75b6-4f46-abf5-7a2cfca61852,USGS-05517500,450d7924-8bc4-c71d-e053-0100007f2f30,472,1993-08-16T17:30:00+00:00,Imported Channel 1,892,ft^3/s,122,ft,460,ft^2,1.94,ft/s,,,Unspecified,Unspecified,Unspecified,Unspecified,Unspecified,Unknown,BridgeCrane,2026-07-13T22:20:43.346961+00:00,point_velocity,Unspecified
05517500,POINT (-86.96832768953219 41.22001987983983),e1027f21-bdd9-4ebd-9e8c-f397fd6d1fc0,USGS-05517500,450d6412-5571-c055-e053-0100007fc473,210,1964-05-14T05:00:00+00:00,Imported Channel 1,872,ft^3/s,105,ft,396,ft^2,2.20,ft/s,,,Unspecified,Unspecified,Unspecified,Unspecified,Unspecified,Unknown,Unspecified,2026-07-13T22:20:43.346961+00:00,point_velocity,Unspecified
05517500,POINT (-86.96832768953219 41.22001987983983),e11d16d2-7b76-484e-9482-3e0cf4de6f1b,USGS-05517500,450d9a18-795b-d1cb-e053-0100007f081c,334,1978-06-19T05:00:00+00:00,Imported Channel 1,1100,ft^3/s,110,ft,463,ft^2,2.38,ft/s,,,Unspecified,Unspecified,Unspecified,Unspecified,Unspecified,Unknown,Unspecified,2026-07-13T22:20:43.346961+00:00,point_velocity,Unspecified
05517500,POINT (-86.96832768953219 41.22001987983983),e16dc906-eae8-4325-8a08-9c50ca683025,USGS-05517500,775d743a-a6a7-46c5-aad9-8187c1061c7a,649,2022-02-09T19:15:24+00:00,main,1020,ft^3/s,106,ft,471,ft^2,2.17,ft/s,125.00,ft,Firm,Sand,Even,Unspecified,Standard,Steady,BridgeDownstreamSide,2026-07-13T22:20:43.346961+00:00,adcp,Downstream
05517500,POINT (-86.96832768953219 41.22001987983983),e1a31ce2-2500-4526-b608-08d5e1fcdebe,USGS-05517500,686506d5-2d24-8095-e053-0100007fc068,631,2018-03-22T14:20:48+00:00,Main,3700,ft^3/s,123,ft,1120,ft^2,3.29,ft/s,150.00,ft,Soft,Sand,Even,Unspecified,Standard,Steady,BridgeDownstreamSide,2026-07-13T22:20:43.346961+00:00,adcp,Downstream
05517500,POINT (-86.96832768953219 41.22001987983983),e1c145d7-2344-40e6-bbf3-df5d496a4824,USGS-05517500,450d844f-621d-ca9b-e053-0100007ff3e5,541,2003-11-06T18:42:00+00:00,Imported Channel 1,930,ft^3/s,104,ft,429,ft^2,2.18,ft/s,,ft,Unspecified,Unspecified,Unspecified,Unspecified,Unspecified,Unknown,Unspecified,2026-07-13T22:20:43.346961+00:00,adcp,Unspecified
05517500,POINT (-86.96832768953219 41.22001987983983),e24f1fd2-eb39-4692-994e-3f4eaaaceeae,USGS-05517500,450d6d8d-2c0f-c36f-e053-0100007f1075,434,1988-08-01T16:25:00+00:00,Imported Channel 1,338,ft^3/s,114,ft,251,ft^2,1.35,ft/s,,,Unspecified,Unspecified,Unspecified,Unspecified,Unspecified,Unknown,Wading,2026-07-13T22:20:43.346961+00:00,point_velocity,Unspecified
05517500,POINT (-86.96832768953219 41.22001987983983),e278182b-cee8-478f-8681-cbbe8e62e107,USGS-05517500,450d9674-810e-d0a0-e053-0100007f58c1,124,1967-03-18T05:00:00+00:00,Imported Channel 1,720,ft^3/s,96.0,ft,348,ft^2,2.07,ft/s,,,Unspecified,Unspecified,Unspecified,Unspecified,Unspecified,Unknown,Unspecified,2026-07-13T22:20:43.346961+00:00,point_velocity,Unspecified
05517500,POINT (-86.96832768953219 41.22001987983983),e30d6980-adf8-42f1-b470-c04722d1dfa7,USGS-05517500,450d7b90-ca0a-c806-e053-0100007f4264,408,1985-08-12T05:00:00+00:00,Imported Channel 1,553,ft^3/s,104,ft,266,ft^2,2.08,ft/s,,,Unspecified,Unspecified,Unspecified,Unspecified,Unspecified,Unknown,BridgeCrane,2026-07-13T22:20:43.346961+00:00,point_velocity,Unspecified
05517500,POINT (-86.96832768953219 41.22001987983983),e44d6aa3-f80a-49e1-9ea2-b8dcef208909,USGS-05517500,450d7807-1a3d-c6c0-e053-0100007ff875,42,1951-09-06T05:00:00+00:00,Imported Channel 1,775,ft^3/s,94.0,ft,385,ft^2,2.02,ft/s,,,Unspecified,Unspecified,Unspecified,Unspecified,Unspecified,Unknown,Unspecified,2026-07-13T22:20:43.346961+00:00,point_velocity,Unspecified
05517500,POINT (-86.96832768953219 41.22001987983983),e49b3559-1893-40b0-87c7-062eb8714030,USGS-05517500,2dea2666-c9a4-44dd-a209-eaae545d8ba0,642,2020-07-08T13:32:35+00:00,Main,859,ft^3/s,102,ft,397,ft^2,2.17,ft/s,150.00,ft,Firm,Sand,Even,Unspecified,Standard,Steady,BridgeDownstreamSide,2026-07-13T22:20:43.346961+00:00,adcp,Downstream
05517500,POINT (-86.96832768953219 41.22001987983983),e572a92e-4d33-4f54-b6d5-3db6fc0b52d1,USGS-05517500,450d8366-32c1-ca77-e053-0100007fc6b4,38,1951-04-20T05:00:00+00:00,Imported Channel 1,2540,ft^3/s,123,ft,930,ft^2,2.73,ft/s,,,Unspecified,Unspecified,Unspecified,Unspecified,Unspecified,Unknown,Unspecified,2026-07-13T22:20:43.346961+00:00,point_velocity,Unspecified
05517500,POINT (-86.96832768953219 41.22001987983983),e6154fc9-5fcc-454b-b26c-496ecc00d31c,USGS-05517500,450d961b-d678-d0a4-e053-0100007fbd87,206,1964-01-08T05:00:00+00:00,Imported Channel 1,539,ft^3/s,90.0,ft,332,ft^2,1.62,ft/s,,,Unspecified,Unspecified,Unspecified,Unspecified,Unspecified,Unknown,Unspecified,2026-07-13T22:20:43.346961+00:00,point_velocity,Unspecified
05517500,POINT (-86.96832768953219 41.22001987983983),e6625ce1-b65a-49d7-9b76-e9d4607796e9,USGS-05517500,450d983e-5368-d112-e053-0100007f687d,364,1981-06-23T05:00:00+00:00,Imported Channel 1,4190,ft^3/s,130,ft,1360,ft^2,3.07,ft/s,,,Unspecified,Unspecified,Unspecified,Unspecified,Unspecified,Unknown,Unspecified,2026-07-13T22:20:43.346961+00:00,point_velocity,Unspecified
05517500,POINT (-86.96832768953219 41.22001987983983),e67a72c3-551f-43a1-acb9-3afe2d56f71b,USGS-05517500,450d6d8d-2c23-c36f-e053-0100007f1075,471,1993-06-21T18:20:00+00:00,Imported Channel 1,2960,ft^3/s,158,ft,1300,ft^2,2.28,ft/s,,,Unspecified,Unspecified,Unspecified,Unspecified,Unspecified,Unknown,BridgeCrane,2026-07-13T22:20:43.346961+00:00,point_velocity,Unspecified
05517500,POINT (-86.96832768953219 41.22001987983983),e6b57750-a913-46de-92b5-75f8289c6d35,USGS-05517500,450d7cb8-33a8-c808-e053-0100007fc000,342,1979-03-06T05:00:00+00:00,Imported Channel 1,3670,ft^3/s,133,ft,1270,ft^2,2.89,ft/s,,,Unspecified,Unspecified,Unspecified,Unspecified,Unspecified,Unknown,Unspecified,2026-07-13T22:20:43.346961+00:00,point_velocity,Unspecified
05517500,POINT (-86.96832768953219 41.22001987983983),e7cd815e-5239-4316-ae32-78ae155cb517,USGS-05517500,450d940a-4e6e-d009-e053-0100007f0210,10,1949-04-14T05:00:00+00:00,Imported Channel 1,1140,ft^3/s,102,ft,484,ft^2,2.35,ft/s,,,Unspecified,Unspecified,Unspecified,Unspecified,Unspecified,Unknown,Unspecified,2026-07-13T22:20:43.346961+00:00,point_velocity,Unspecified
05517500,POINT (-86.96832768953219 41.22001987983983),e958965a-254d-4951-a18d-5d907e874fc0,USGS-05517500,450d7cb8-3337-c808-e053-0100007fc000,465,1992-08-03T19:05:00+00:00,Imported Channel 1,1150,ft^3/s,129,ft,581,ft^2,1.99,ft/s,,,Unspecified,Unspecified,Unspecified,Unspecified,Unspecified,Unknown,BridgeCrane,2026-07-13T22:20:43.346961+00:00,point_velocity,Unspecified
05517500,POINT (-86.96832768953219 41.22001987983983),e9a59446-b2f2-49ba-9322-43b5888159b1,USGS-05517500,450d6786-1ef4-c141-e053-0100007f3d23,432,1988-07-19T15:30:00+00:00,Imported Channel 1,451,ft^3/s,117,ft,317,ft^2,1.42,ft/s,,,Unspecified,Unspecified,Unspecified,Unspecified,Unspecified,Unknown,Wading,2026-07-13T22:20:43.346961+00:00,point_velocity,Unspecified
05517500,POINT (-86.96832768953219 41.22001987983983),e9f80030-8333-45f7-82f3-90332647aa13,USGS-05517500,450d5b7c-6eca-bdaa-e053-0100007fdb7b,446,1990-03-16T12:08:00+00:00,Imported Channel 1,3590,ft^3/s,152,ft,1360,ft^2,2.64,ft/s,,,Unspecified,Unspecified,Unspecified,Unspecified,Unspecified,Unknown,BridgeCrane,2026-07-13T22:20:43.346961+00:00,point_velocity,Unspecified
05517500,POINT (-86.96832768953219 41.22001987983983),eb39f21f-dc3f-4670-97cb-017c38fbdd4d,USGS-05517500,450d9963-516e-d1b5-e053-0100007f7f72,109,1955-12-19T05:00:00+00:00,Imported Channel 1,649,ft^3/s,94.0,ft,353,ft^2,1.84,ft/s,,,Unspecified,Unspecified,Unspecified,Unspecified,Unspecified,Unknown,Unspecified,2026-07-13T22:20:43.346961+00:00,point_velocity,Unspecified
05517500,POINT (-86.96832768953219 41.22001987983983),eb45f910-7387-4072-a8f0-e4404860f3f9,USGS-05517500,450d6786-1f00-c141-e053-0100007f3d23,457,1991-07-01T18:00:00+00:00,Imported Channel 1,936,ft^3/s,122,ft,465,ft^2,2.01,ft/s,,,Unspecified,Unspecified,Unspecified,Unspecified,Unspecified,Unknown,BridgeCrane,2026-07-13T22:20:43.346961+00:00,point_velocity,Unspecified
05517500,POINT (-86.96832768953219 41.22001987983983),ebba8473-1fea-4974-9d67-ca58c15bdad8,USGS-05517500,450d6412-556a-c055-e053-0100007fc473,198,1963-05-20T05:00:00+00:00,Imported Channel 1,1080,ft^3/s,112,ft,484,ft^2,2.23,ft/s,,,Unspecified,Unspecified,Unspecified,Unspecified,Unspecified,Unknown,Unspecified,2026-07-13T22:20:43.346961+00:00,point_velocity,Unspecified
05517500,POINT (-86.96832768953219 41.22001987983983),ebf4bd62-3039-42d6-a393-75deab034223,USGS-05517500,450d968a-f5ff-d088-e053-0100007f487d,62,1953-04-09T05:00:00+00:00,Imported Channel 1,1180,ft^3/s,102,ft,494,ft^2,2.39,ft/s,,,Unspecified,Unspecified,Unspecified,Unspecified,Unspecified,Unknown,Unspecified,2026-07-13T22:20:43.346961+00:00,point_velocity,Unspecified
05517500,POINT (-86.96832768953219 41.22001987983983),ec0866f5-dc4a-4720-986c-97d2f8408365,USGS-05517500,450d961b-d6aa-d0a4-e053-0100007fbd87,327,1977-08-26T05:00:00+00:00,Imported Channel 1,485,ft^3/s,95.0,ft,227,ft^2,2.13,ft/s,,,Unspecified,Unspecified,Unspecified,Unspecified,Unspecified,Unknown,Unspecified,2026-07-13T22:20:43.346961+00:00,point_velocity,Unspecified
05517500,POINT (-86.96832768953219 41.22001987983983),ec7e8bcf-6238-4310-916b-b1919669fda7,USGS-05517500,450da67d-4da5-d609-e053-0100007f0ef7,604,2014-06-25T23:28:30+00:00,05517500,2920,ft^3/s,135,ft,1100,ft^2,2.65,ft/s,25.00,ft,Firm,Gravel,Even,Even,Standard,Unknown,BridgeDownstreamSide,2026-07-13T22:20:43.346961+00:00,adcp,Downstream
05517500,POINT (-86.96832768953219 41.22001987983983),ec906e10-67ea-47ba-899d-8a09650bb11a,USGS-05517500,450d8909-7034-cc12-e053-0100007f18b3,232,1966-01-12T05:00:00+00:00,Imported Channel 1,2450,ft^3/s,123,ft,913,ft^2,2.69,ft/s,,,Unspecified,Unspecified,Unspecified,Unspecified,Unspecified,Unknown,Unspecified,2026-07-13T22:20:43.346961+00:00,point_velocity,Unspecified
05517500,POINT (-86.96832768953219 41.22001987983983),ecb97726-c9ff-4845-8a36-befddd108126,USGS-05517500,450d9950-702e-d1b3-e053-0100007fdcb8,296,1974-05-08T05:00:00+00:00,Imported Channel 1,1340,ft^3/s,108,ft,534,ft^2,2.51,ft/s,,,Unspecified,Unspecified,Unspecified,Unspecified,Unspecified,Unknown,Unspecified,2026-07-13T22:20:43.346961+00:00,point_velocity,Unspecified
05517500,POINT (-86.96832768953219 41.22001987983983),ecca6df7-75ec-411e-a083-ced2ec46829c,USGS-05517500,450d6772-446c-c143-e053-0100007f95ca,407,1985-06-25T05:00:00+00:00,Imported Channel 1,955,ft^3/s,110,ft,414,ft^2,2.31,ft/s,,,Unspecified,Unspecified,Unspecified,Unspecified,Unspecified,Unknown,BridgeCrane,2026-07-13T22:20:43.346961+00:00,point_velocity,Unspecified
05517500,POINT (-86.96832768953219 41.22001987983983),edd2b6d4-f049-4aa4-88b4-5f3bb13e2bec,USGS-05517500,450d8366-32eb-ca77-e053-0100007fc6b4,229,1965-12-01T05:00:00+00:00,Imported Channel 1,959,ft^3/s,109,ft,494,ft^2,1.94,ft/s,,,Unspecified,Unspecified,Unspecified,Unspecified,Unspecified,Unknown,Unspecified,2026-07-13T22:20:43.346961+00:00,point_velocity,Unspecified
05517500,POINT (-86.96832768953219 41.22001987983983),ee6485bd-07b6-4f01-b4e5-edcef8b23bf0,USGS-05517500,450d6772-446b-c143-e053-0100007f95ca,399,1984-10-22T05:00:00+00:00,Imported Channel 1,1410,ft^3/s,113,ft,584,ft^2,2.41,ft/s,,,Unspecified,Unspecified,Unspecified,Unspecified,Unspecified,Unknown,BridgeCrane,2026-07-13T22:20:43.346961+00:00,point_velocity,Unspecified
05517500,POINT (-86.96832768953219 41.22001987983983),ef0c3203-6302-419a-b7da-8c39a3539f03,USGS-05517500,450d9674-812a-d0a0-e053-0100007f58c1,197,1963-04-22T05:00:00+00:00,Imported Channel 1,961,ft^3/s,109,ft,423,ft^2,2.27,ft/s,,,Unspecified,Unspecified,Unspecified,Unspecified,Unspecified,Unknown,Unspecified,2026-07-13T22:20:43.346961+00:00,point_velocity,Unspecified
05517500,POINT (-86.96832768953219 41.22001987983983),ef543010-d6e8-4e7e-89d8-23572a32a48a,USGS-05517500,450d93bc-3411-cf99-e053-0100007f2cfb,371,1982-03-26T05:00:00+00:00,Imported Channel 1,5700,ft^3/s,133,ft,1560,ft^2,3.65,ft/s,,,Unspecified,Unspecified,Unspecified,Unspecified,Unspecified,Unknown,Unspecified,2026-07-13T22:20:43.346961+00:00,point_velocity,Unspecified
05517500,POINT (-86.96832768953219 41.22001987983983),ef57c15e-4bf3-421c-ab34-78cb6c91bb59,USGS-05517500,450d960d-c557-d0a2-e053-0100007f6ceb,337,1978-09-18T05:00:00+00:00,Imported Channel 1,642,ft^3/s,105,ft,293,ft^2,2.19,ft/s,,,Unspecified,Unspecified,Unspecified,Unspecified,Unspecified,Unknown,Unspecified,2026-07-13T22:20:43.346961+00:00,point_velocity,Unspecified
05517500,POINT (-86.96832768953219 41.22001987983983),ef9f0967-b98a-42b0-bbfb-5ac7caa67db2,USGS-05517500,450d99dd-74a7-d1c9-e053-0100007f0c1a,585,2011-08-30T15:06:58+00:00,main,597,ft^3/s,98.5,ft,302,ft^2,1.98,ft/s,,ft,Soft,Sand,Uneven,Uneven,Standard,Unknown,BridgeDownstreamSide,2026-07-13T22:20:43.346961+00:00,adcp,AtTheGage
05517500,POINT (-86.96832768953219 41.22001987983983),f05a2b5a-dc96-4277-b376-ed4ed3df3f37,USGS-05517500,450d97b6-dea0-d110-e053-0100007f4820,146,1959-02-19T05:00:00+00:00,Imported Channel 1,3630,ft^3/s,134,ft,1150,ft^2,3.16,ft/s,,,Unspecified,Unspecified,Unspecified,Unspecified,Unspecified,Unknown,Unspecified,2026-07-13T22:20:43.346961+00:00,point_velocity,Unspecified
05517500,POINT (-86.96832768953219 41.22001987983983),f07f69cb-d3fd-44c1-bfde-dd3fad6e3985,USGS-05517500,450d97b8-dcc6-d132-e053-0100007f4a15,605,2014-08-26T21:17:13+00:00,MAIN,1690,ft^3/s,119,ft,672,ft^2,2.51,ft/s,,ft,Firm,Gravel,Even,Even,Standard,Unknown,BridgeDownstreamSide,2026-07-13T22:20:43.346961+00:00,adcp,AtTheGage
05517500,POINT (-86.96832768953219 41.22001987983983),f087a079-2544-4041-b9c3-fc19c6722708,USGS-05517500,450d8072-9f44-c9a6-e053-0100007fef60,359,1981-01-26T05:00:00+00:00,Imported Channel 1,924,ft^3/s,109,ft,410,ft^2,2.25,ft/s,,,Unspecified,Unspecified,Unspecified,Unspecified,Unspecified,Unknown,Unspecified,2026-07-13T22:20:43.346961+00:00,point_velocity,Unspecified
05517500,POINT (-86.96832768953219 41.22001987983983),f096a081-f1ba-4459-ae71-3f8f4601998a,USGS-05517500,450d88b7-eb05-cc1a-e053-0100007f56ed,29,1950-06-20T05:00:00+00:00,Imported Channel 1,2870,ft^3/s,127,ft,1030,ft^2,2.78,ft/s,,,Unspecified,Unspecified,Unspecified,Unspecified,Unspecified,Unknown,Unspecified,2026-07-13T22:20:43.346961+00:00,point_velocity,Unspecified
05517500,POINT (-86.96832768953219 41.22001987983983),f104718a-7169-4e62-9e35-d224429756be,USGS-05517500,450d8896-74c4-cc10-e053-0100007f4527,171,1961-04-18T05:00:00+00:00,Imported Channel 1,1480,ft^3/s,114,ft,565,ft^2,2.62,ft/s,,,Unspecified,Unspecified,Unspecified,Unspecified,Unspecified,Unknown,Unspecified,2026-07-13T22:20:43.346961+00:00,point_velocity,Unspecified
05517500,POINT (-86.96832768953219 41.22001987983983),f10f292c-6f72-44a6-9817-d844fe452c55,USGS-05517500,450d8d72-cf2e-cda1-e053-0100007f20fe,99,1955-02-16T05:00:00+00:00,Imported Channel 1,1250,ft^3/s,107,ft,505,ft^2,2.46,ft/s,,,Unspecified,Unspecified,Unspecified,Unspecified,Unspecified,Unknown,Unspecified,2026-07-13T22:20:43.346961+00:00,point_velocity,Unspecified
05517500,POINT (-86.96832768953219 41.22001987983983),f252306f-7287-40c3-8002-628a3915c800,USGS-05517500,450d86d7-87d8-cb88-e053-0100007fb403,558,2007-04-17T21:43:00+00:00,Imported Channel 1,1980,ft^3/s,117,ft,750,ft^2,2.64,ft/s,,ft,Unspecified,Unspecified,Unspecified,Unspecified,Unspecified,Unknown,Unspecified,2026-07-13T22:20:43.346961+00:00,adcp,Unspecified
05517500,POINT (-86.96832768953219 41.22001987983983),f262316e-d5f1-4681-b7fb-91e4f00582f0,USGS-05517500,450d7852-cf53-c6be-e053-0100007f4e14,510,1999-01-28T14:36:00+00:00,Imported Channel 1,3660,ft^3/s,,,,,0.00,ft/s,,,Unspecified,Unspecified,Unspecified,Unspecified,Unspecified,Unknown,Boat,2026-07-13T22:20:43.346961+00:00,point_velocity,Unspecified
05517500,POINT (-86.96832768953219 41.22001987983983),f336ae87-07c4-4351-8392-30c4d9187b1c,USGS-05517500,450d960d-c55a-d0a2-e053-0100007f6ceb,572,2009-04-07T12:53:00+00:00,Imported Channel 1,3630,ft^3/s,127,ft,1170,ft^2,3.11,ft/s,200.00,ft,Firm,Sand,Even,Even,Unspecified,Unknown,MannedMovingBoat,2026-07-13T22:20:43.346961+00:00,adcp,Downstream
05517500,POINT (-86.96832768953219 41.22001987983983),f3d44760-1306-4750-b14f-73df4c85d582,USGS-05517500,450d99ef-da79-d1cd-e053-0100007f6d49,308,1975-08-15T05:00:00+00:00,Imported Channel 1,755,ft^3/s,105,ft,349,ft^2,2.16,ft/s,,,Unspecified,Unspecified,Unspecified,Unspecified,Unspecified,Unknown,Unspecified,2026-07-13T22:20:43.346961+00:00,point_velocity,Unspecified
05517500,POINT (-86.96832768953219 41.22001987983983),f40f6f31-8ef1-419f-8aa7-196e44443ef4,USGS-05517500,450d8360-41ec-ca75-e053-0100007ff789,476,1994-04-05T13:30:00+00:00,Imported Channel 1,1510,ft^3/s,130,ft,666,ft^2,2.27,ft/s,,,Unspecified,Unspecified,Unspecified,Unspecified,Unspecified,Unknown,BridgeCrane,2026-07-13T22:20:43.346961+00:00,point_velocity,Unspecified
05517500,POINT (-86.96832768953219 41.22001987983983),f422ef90-998e-4d28-b5fa-d0e317c30e6c,USGS-05517500,450d8d4d-c058-cd9f-e053-0100007faf42,172,1961-05-18T05:00:00+00:00,Imported Channel 1,1660,ft^3/s,113,ft,659,ft^2,2.52,ft/s,,,Unspecified,Unspecified,Unspecified,Unspecified,Unspecified,Unknown,Unspecified,2026-07-13T22:20:43.346961+00:00,point_velocity,Unspecified
05517500,POINT (-86.96832768953219 41.22001987983983),f50cf59b-7fb1-4426-80af-671ad88db7f6,USGS-05517500,450d8009-a35b-c98e-e053-0100007fd3a6,485,1995-08-07T16:00:00+00:00,Imported Channel 1,2010,ft^3/s,138,ft,905,ft^2,2.22,ft/s,,,Unspecified,Unspecified,Unspecified,Unspecified,Unspecified,Unknown,BridgeCrane,2026-07-13T22:20:43.346961+00:00,point_velocity,Unspecified
05517500,POINT (-86.96832768953219 41.22001987983983),f550ffab-6a64-4bf8-ade5-4663b50cdefb,USGS-05517500,450d6786-1f1c-c141-e053-0100007f3d23,535,2002-10-07T22:35:00+00:00,Imported Channel 1,455,ft^3/s,100,ft,292,ft^2,1.56,ft/s,,,Unspecified,Unspecified,Unspecified,Unspecified,Unspecified,Unknown,BridgeCrane,2026-07-13T22:20:43.346961+00:00,point_velocity,Unspecified
05517500,POINT (-86.96832768953219 41.22001987983983),f5a80842-c732-44d5-b7e4-3be86ed5e87c,USGS-05517500,450d7835-fceb-c6bc-e053-0100007f9bde,460,1991-10-21T16:05:00+00:00,Imported Channel 1,749,ft^3/s,120,ft,393,ft^2,1.90,ft/s,,,Unspecified,Unspecified,Unspecified,Unspecified,Unspecified,Unknown,BridgeCrane,2026-07-13T22:20:43.346961+00:00,point_velocity,Unspecified
05517500,POINT (-86.96832768953219 41.22001987983983),f5c641c5-80e6-4d14-a749-a2a80aa648e6,USGS-05517500,450d8d7e-456d-cd9d-e053-0100007fecfa,343,1979-03-11T05:00:00+00:00,Imported Channel 1,4690,ft^3/s,135,ft,1460,ft^2,3.21,ft/s,,,Unspecified,Unspecified,Unspecified,Unspecified,Unspecified,Unknown,Unspecified,2026-07-13T22:20:43.346961+00:00,point_velocity,Unspecified
05517500,POINT (-86.96832768953219 41.22001987983983),f5e73379-a992-4c8d-9c7a-92214ef648fe,USGS-05517500,450d88b7-eb2d-cc1a-e053-0100007f56ed,199,1963-06-18T05:00:00+00:00,Imported Channel 1,634,ft^3/s,99.0,ft,335,ft^2,1.89,ft/s,,,Unspecified,Unspecified,Unspecified,Unspecified,Unspecified,Unknown,Unspecified,2026-07-13T22:20:43.346961+00:00,point_velocity,Unspecified
05517500,POINT (-86.96832768953219 41.22001987983983),f5f3111a-2655-4e46-851e-2b3d7bee6064,USGS-05517500,450d9614-248f-d0ab-e053-0100007f0f12,185,1962-05-23T05:00:00+00:00,Imported Channel 1,1010,ft^3/s,108,ft,421,ft^2,2.40,ft/s,,,Unspecified,Unspecified,Unspecified,Unspecified,Unspecified,Unknown,Unspecified,2026-07-13T22:20:43.346961+00:00,point_velocity,Unspecified
05517500,POINT (-86.96832768953219 41.22001987983983),f62f4611-e978-4d2c-9fcc-507934549050,USGS-05517500,450d59df-b319-bcd4-e053-0100007f1988,37,1951-03-21T05:00:00+00:00,Imported Channel 1,1740,ft^3/s,108,ft,680,ft^2,2.56,ft/s,,,Unspecified,Unspecified,Unspecified,Unspecified,Unspecified,Unknown,Unspecified,2026-07-13T22:20:43.346961+00:00,point_velocity,Unspecified
05517500,POINT (-86.96832768953219 41.22001987983983),f6d56cab-ec2c-4e36-b9fb-cb25a4194240,USGS-05517500,450d8009-a345-c98e-e053-0100007fd3a6,428,1988-02-22T16:50:00+00:00,Imported Channel 1,1780,ft^3/s,115,ft,693,ft^2,2.57,ft/s,,,Unspecified,Unspecified,Unspecified,Unspecified,Unspecified,Unknown,BridgeCrane,2026-07-13T22:20:43.346961+00:00,point_velocity,Unspecified
05517500,POINT (-86.96832768953219 41.22001987983983),f76c0794-17f9-413c-b0be-1e9d71900652,USGS-05517500,450d801d-5544-c9a4-e053-0100007fa371,54,1952-09-16T05:00:00+00:00,Imported Channel 1,477,ft^3/s,82.0,ft,281,ft^2,1.70,ft/s,,,Unspecified,Unspecified,Unspecified,Unspecified,Unspecified,Unknown,Unspecified,2026-07-13T22:20:43.346961+00:00,point_velocity,Unspecified
05517500,POINT (-86.96832768953219 41.22001987983983),f77ddcac-0c03-466c-ac9f-fbf3b926985b,USGS-05517500,450d996b-a1f5-d1b1-e053-0100007f0906,103,1955-06-20T05:00:00+00:00,Imported Channel 1,1240,ft^3/s,107,ft,514,ft^2,2.42,ft/s,,,Unspecified,Unspecified,Unspecified,Unspecified,Unspecified,Unknown,Unspecified,2026-07-13T22:20:43.346961+00:00,point_velocity,Unspecified
05517500,POINT (-86.96832768953219 41.22001987983983),f7c0acf6-6a0a-44fb-9585-7bc7e99a588a,USGS-05517500,450d75c5-5acf-c5da-e053-0100007f9ec1,135,1958-02-27T05:00:00+00:00,Imported Channel 1,2040,ft^3/s,118,ft,702,ft^2,2.91,ft/s,,,Unspecified,Unspecified,Unspecified,Unspecified,Unspecified,Unknown,Unspecified,2026-07-13T22:20:43.346961+00:00,point_velocity,Unspecified
05517500,POINT (-86.96832768953219 41.22001987983983),f7c1b8c9-6979-4941-bc7e-8fdcbae027d2,USGS-05517500,450d92b2-67cc-cf9b-e053-0100007f10aa,59,1953-01-27T05:00:00+00:00,Imported Channel 1,1160,ft^3/s,103,ft,514,ft^2,2.26,ft/s,,,Unspecified,Unspecified,Unspecified,Unspecified,Unspecified,Unknown,Unspecified,2026-07-13T22:20:43.346961+00:00,point_velocity,Unspecified
05517500,POINT (-86.96832768953219 41.22001987983983),f8095bdf-688b-4845-b5b5-e822459bd295,USGS-05517500,450daf2c-104a-d87a-e053-0100007f0fd9,374,1982-07-09T05:00:00+00:00,Imported Channel 1,1470,ft^3/s,113,ft,588,ft^2,2.50,ft/s,,,Unspecified,Unspecified,Unspecified,Unspecified,Unspecified,Unknown,Unspecified,2026-07-13T22:20:43.346961+00:00,point_velocity,Unspecified
05517500,POINT (-86.96832768953219 41.22001987983983),f9e2156f-5ed5-4aa6-8fbf-9b2a6e0b6d53,USGS-05517500,450d8d4d-c033-cd9f-e053-0100007faf42,50,1952-05-20T05:00:00+00:00,Imported Channel 1,1520,ft^3/s,109,ft,629,ft^2,2.42,ft/s,,,Unspecified,Unspecified,Unspecified,Unspecified,Unspecified,Unknown,Unspecified,2026-07-13T22:20:43.346961+00:00,point_velocity,Unspecified
05517500,POINT (-86.96832768953219 41.22001987983983),fa780ddc-687e-4803-ab99-7feaa81c7f22,USGS-05517500,450d99dd-74a8-d1c9-e053-0100007f0c1a,593,2012-11-07T16:35:06+00:00,main,520,ft^3/s,106,ft,312,ft^2,1.67,ft/s,5.00,ft,Firm,CobblesBoulders,Even,Even,Standard,Unknown,BridgeDownstreamSide,2026-07-13T22:20:43.346961+00:00,adcp,Downstream
05517500,POINT (-86.96832768953219 41.22001987983983),fbb9c36d-e9fd-44b1-a968-05d29715e785,USGS-05517500,450d9963-51a3-d1b5-e053-0100007f7f72,300,1974-10-08T05:00:00+00:00,Imported Channel 1,475,ft^3/s,97.0,ft,243,ft^2,2.36,ft/s,,,Unspecified,Unspecified,Unspecified,Unspecified,Unspecified,Unknown,Unspecified,2026-07-13T22:20:43.346961+00:00,point_velocity,Unspecified
05517500,POINT (-86.96832768953219 41.22001987983983),fbe48569-d0cb-4f2b-a333-fadab882f86e,USGS-05517500,450d63da-3159-c057-e053-0100007fdec5,521,2000-12-05T13:47:00+00:00,Imported Channel 1,811,ft^3/s,100,ft,505,ft^2,1.70,ft/s,,,Unspecified,Unspecified,Unspecified,Unspecified,Unspecified,Unknown,Boat,2026-07-13T22:20:43.346961+00:00,point_velocity,Unspecified
05517500,POINT (-86.96832768953219 41.22001987983983),fc550258-1e45-430d-a72d-ce6724645f30,USGS-05517500,450d761c-cf28-c616-e053-0100007ff421,470,1993-04-27T13:25:00+00:00,Imported Channel 1,3000,ft^3/s,162,ft,1260,ft^2,2.38,ft/s,,,Unspecified,Unspecified,Unspecified,Unspecified,Unspecified,Unknown,BridgeCrane,2026-07-13T22:20:43.346961+00:00,point_velocity,Unspecified
05517500,POINT (-86.96832768953219 41.22001987983983),fcb4a727-4bee-4269-83e9-f425de023bc1,USGS-05517500,450db02f-2ba5-d872-e053-0100007fb09e,579,2010-08-23T17:40:17+00:00,main,646,ft^3/s,102,ft,315,ft^2,2.05,ft/s,,ft,Firm,Sand,Even,Even,Unspecified,Unknown,BridgeDownstreamSide,2026-07-13T22:20:43.346961+00:00,adcp,AtTheGage
05517500,POINT (-86.96832768953219 41.22001987983983),fcdc0a3d-7e50-46e2-88a1-67f2ec6bee0d,USGS-05517500,450d8896-74f2-cc10-e053-0100007f4527,324,1977-05-02T05:00:00+00:00,Imported Channel 1,1300,ft^3/s,110,ft,526,ft^2,2.49,ft/s,,,Unspecified,Unspecified,Unspecified,Unspecified,Unspecified,Unknown,Unspecified,2026-07-13T22:20:43.346961+00:00,point_velocity,Unspecified
05517500,POINT (-86.96832768953219 41.22001987983983),fd750b22-0866-4a22-a970-bbe833092f0b,USGS-05517500,450d83e2-8e14-ca97-e053-0100007ff8bd,137,1958-04-24T05:00:00+00:00,Imported Channel 1,1040,ft^3/s,105,ft,414,ft^2,2.51,ft/s,,,Unspecified,Unspecified,Unspecified,Unspecified,Unspecified,Unknown,Unspecified,2026-07-13T22:20:43.346961+00:00,point_velocity,Unspecified
05517500,POINT (-86.96832768953219 41.22001987983983),fd94ef78-1035-4a8d-9336-5b4b33fc0cdc,USGS-05517500,450d8d4d-c045-cd9f-e053-0100007faf42,107,1955-10-24T05:00:00+00:00,Imported Channel 1,802,ft^3/s,102,ft,399,ft^2,2.01,ft/s,,,Unspecified,Unspecified,Unspecified,Unspecified,Unspecified,Unknown,Unspecified,2026-07-13T22:20:43.346961+00:00,point_velocity,Unspecified
05517500,POINT (-86.96832768953219 41.22001987983983),fde501d4-8e5c-4d1c-a79f-80020a3bb77f,USGS-05517500,450d74fb-bc4f-c5aa-e053-0100007fdfb9,459,1991-09-09T17:20:00+00:00,Imported Channel 1,459,ft^3/s,112,ft,313,ft^2,1.47,ft/s,,,Unspecified,Unspecified,Unspecified,Unspecified,Unspecified,Unknown,Wading,2026-07-13T22:20:43.346961+00:00,point_velocity,Unspecified
05517500,POINT (-86.96832768953219 41.22001987983983),fde5caec-6294-430c-8786-085ad2e5047a,USGS-05517500,450d83cb-e304-ca79-e053-0100007f26e2,161,1960-05-19T05:00:00+00:00,Imported Channel 1,1320,ft^3/s,112,ft,556,ft^2,2.37,ft/s,,,Unspecified,Unspecified,Unspecified,Unspecified,Unspecified,Unknown,Unspecified,2026-07-13T22:20:43.346961+00:00,point_velocity,Unspecified
05517500,POINT (-86.96832768953219 41.22001987983983),fe0513d4-ff00-45ad-a9de-dea86efcad56,USGS-05517500,450d969a-a46a-d08a-e053-0100007f3ba1,129,1967-08-14T05:00:00+00:00,Imported Channel 1,739,ft^3/s,96.0,ft,323,ft^2,2.29,ft/s,,,Unspecified,Unspecified,Unspecified,Unspecified,Unspecified,Unknown,Unspecified,2026-07-13T22:20:43.346961+00:00,point_velocity,Unspecified
05517500,POINT (-86.96832768953219 41.22001987983983),ff30d7ca-2c18-45e1-a49d-53ae1ff92beb,USGS-05517500,450d74c6-c017-c5b8-e053-0100007fca04,528,2001-12-05T22:31:00+00:00,Imported Channel 1,1780,ft^3/s,122,ft,704,ft^2,2.53,ft/s,,,Unspecified,Unspecified,Unspecified,Unspecified,Unspecified,Unknown,Boat,2026-07-13T22:20:43.346961+00:00,point_velocity,Unspecified
05517500,POINT (-86.96832768953219 41.22001987983983),ffd7adc1-e62a-433a-9eb4-4230de6d5bb0,USGS-05517500,450d99dd-745e-d1c9-e053-0100007f0c1a,142,1958-09-18T05:00:00+00:00,Imported Channel 1,1000,ft^3/s,105,ft,409,ft^2,2.45,ft/s,,,Unspecified,Unspecified,Unspecified,Unspecified,Unspecified,Unknown,Unspecified,2026-07-13T22:20:43.346961+00:00,point_velocity,Unspecified
