site_id,geometry,id,monitoring_location_id,field_visit_id,measurement_number,time,channel_name,channel_flow,channel_flow_unit,channel_width,channel_width_unit,channel_area,channel_area_unit,channel_velocity,channel_velocity_unit,channel_location_distance,channel_location_distance_unit,channel_stability,channel_material,channel_evenness,horizontal_velocity_description,vertical_velocity_description,longitudinal_velocity_description,measurement_type,last_modified,channel_measurement_type,channel_location_direction
05517530,POINT (-87.03388542916231 41.25390845474483),0095d371-c326-4aa0-a817-ab8a8ed06408,USGS-05517530,450d8025-d628-c98a-e053-0100007f6233,49,1979-09-20T05:00:00+00:00,Imported Channel 1,528,ft^3/s,,,,,,,,ft,Unspecified,Unspecified,Unspecified,Unspecified,Unspecified,Unknown,Unspecified,2026-06-28T02:17:33.152264+00:00,other_method,Unspecified
05517530,POINT (-87.03388542916231 41.25390845474483),030b5898-abf6-4ae6-acab-29d309a1592f,USGS-05517530,450d8d4d-c01b-cd9f-e053-0100007faf42,171,1993-03-08T18:05:00+00:00,Imported Channel 1,2240,ft^3/s,150,ft,918,ft^2,2.44,ft/s,,,Unspecified,Unspecified,Unspecified,Unspecified,Unspecified,Unknown,BridgeCrane,2026-06-28T02:17:33.152264+00:00,point_velocity,Unspecified
05517530,POINT (-87.03388542916231 41.25390845474483),03285bb1-d8de-4e8b-ba6e-e47f797ddcdc,USGS-05517530,450d88a2-ccce-cc16-e053-0100007f2d33,297,2016-11-08T14:41:41+00:00,main,2810,ft^3/s,138,ft,1220,ft^2,2.31,ft/s,50.00,ft,Unspecified,SiltMud,Even,Even,Standard,Unknown,MannedMovingBoat,2026-06-28T02:17:33.152264+00:00,adcp,Downstream
05517530,POINT (-87.03388542916231 41.25390845474483),04ab28a3-42e8-4aab-9f63-d73e27579532,USGS-05517530,450d8b6d-b192-ccf4-e053-0100007f70e1,190,1996-06-05T12:40:00+00:00,Imported Channel 1,3070,ft^3/s,,,,,0.00,ft/s,,,Unspecified,Unspecified,Unspecified,Unspecified,Unspecified,Unknown,Boat,2026-06-28T02:17:33.152264+00:00,point_velocity,Unspecified
05517530,POINT (-87.03388542916231 41.25390845474483),06b576a6-281b-4dfa-ba9f-fdedf81b1361,USGS-05517530,450d8366-32c3-ca77-e053-0100007fc6b4,223,2002-11-26T14:27:00+00:00,Imported Channel 1,441,ft^3/s,103,ft,379,ft^2,1.17,ft/s,,ft,Unspecified,Unspecified,Unspecified,Unspecified,Unspecified,Unknown,Unspecified,2026-06-28T02:17:33.152264+00:00,adcp,Unspecified
05517530,POINT (-87.03388542916231 41.25390845474483),08226472-9aae-4b8d-b869-805fcc35608a,USGS-05517530,450d63da-3156-c057-e053-0100007fdec5,146,1990-01-18T15:40:00+00:00,Imported Channel 1,1410,ft^3/s,137,ft,590,ft^2,2.39,ft/s,,,Unspecified,Unspecified,Unspecified,Unspecified,Unspecified,Unknown,BridgeCrane,2026-06-28T02:17:33.152264+00:00,point_velocity,Unspecified
05517530,POINT (-87.03388542916231 41.25390845474483),0a62e9d2-df1e-4f5b-90e5-167f149488ad,USGS-05517530,956f6a6e-551a-5edd-e053-0100007f4c64,310,2019-10-16T13:43:25+00:00,main,959,ft^3/s,118,ft,472,ft^2,2.03,ft/s,0.00,ft,Soft,SiltMud,Even,Even,Standard,Steady,MannedMovingBoat,2026-06-28T02:17:33.152264+00:00,adcp,AtTheGage
05517530,POINT (-87.03388542916231 41.25390845474483),0af00020-ab3d-4d45-a80b-b11733c13b78,USGS-05517530,450d7905-f5b4-c71b-e053-0100007f311d,164,1992-02-25T16:15:00+00:00,Imported Channel 1,1760,ft^3/s,144,ft,709,ft^2,2.48,ft/s,,,Unspecified,Unspecified,Unspecified,Unspecified,Unspecified,Unknown,BridgeCrane,2026-06-28T02:17:33.152264+00:00,point_velocity,Unspecified
05517530,POINT (-87.03388542916231 41.25390845474483),0b32f4e9-cbd2-4d8c-9287-9577caaff07a,USGS-05517530,450d891e-bb07-cc14-e053-0100007f1158,76,1982-04-29T05:00:00+00:00,Imported Channel 1,2970,ft^3/s,,,,,,,,ft,Unspecified,Unspecified,Unspecified,Unspecified,Unspecified,Unknown,Unspecified,2026-06-28T02:17:33.152264+00:00,other_method,Unspecified
05517530,POINT (-87.03388542916231 41.25390845474483),0ce3310c-d98f-4229-b9b8-c84e9af2eb3d,USGS-05517530,450d5d57-4eee-be49-e053-0100007ff52a,239,2006-06-07T14:45:00+00:00,Imported Channel 1,819,ft^3/s,106,ft,358,ft^2,2.29,ft/s,,ft,Unspecified,Unspecified,Unspecified,Unspecified,Unspecified,Unknown,Unspecified,2026-06-28T02:17:33.152264+00:00,adcp,Unspecified
05517530,POINT (-87.03388542916231 41.25390845474483),0d18c6ba-eded-49bc-b310-e22cb634122a,USGS-05517530,450d8d7e-4529-cd9d-e053-0100007fecfa,257,2010-04-14T19:34:00+00:00,Imported Channel 1,1460,ft^3/s,121,ft,752,ft^2,1.95,ft/s,300.00,ft,Firm,Sand,Even,Even,Unspecified,Unknown,MannedMovingBoat,2026-06-28T02:17:33.152264+00:00,adcp,Upstream
05517530,POINT (-87.03388542916231 41.25390845474483),0d539675-583c-4852-92c1-3974e230dd96,USGS-05517530,9d14702d-8ed0-4380-acfb-b305b7383d41,337,2026-06-02T16:36:52+00:00,Main,1010,ft^3/s,130,ft,609,ft^2,1.66,ft/s,0.00,ft,Unspecified,Unspecified,Unspecified,Unspecified,Unspecified,Unspecified,MannedMovingBoat,2026-06-28T02:17:33.152264+00:00,adcp,AtTheGage
05517530,POINT (-87.03388542916231 41.25390845474483),0d78cb37-c1d4-4bff-86ea-ddac8184e1c4,USGS-05517530,450d8b8a-ef5b-ccf2-e053-0100007fb93e,66,1981-06-16T05:00:00+00:00,Imported Channel 1,3980,ft^3/s,,,,,,,,ft,Unspecified,Unspecified,Unspecified,Unspecified,Unspecified,Unknown,Unspecified,2026-06-28T02:17:33.152264+00:00,other_method,Unspecified
05517530,POINT (-87.03388542916231 41.25390845474483),0d7bd52d-3ab8-43b4-a489-75be44057cce,USGS-05517530,450d8013-c5c8-c9a2-e053-0100007f33ff,8,1975-05-30T05:00:00+00:00,Imported Channel 1,2000,ft^3/s,,,,,,,,ft,Unspecified,Unspecified,Unspecified,Unspecified,Unspecified,Unknown,Unspecified,2026-06-28T02:17:33.152264+00:00,other_method,Unspecified
05517530,POINT (-87.03388542916231 41.25390845474483),0d97bce5-012c-4715-ac51-c27f59ca17c9,USGS-05517530,450d83d9-87d8-ca99-e053-0100007fbb0c,64,1981-04-16T05:00:00+00:00,Imported Channel 1,3580,ft^3/s,,,,,,,,ft,Unspecified,Unspecified,Unspecified,Unspecified,Unspecified,Unknown,Unspecified,2026-06-28T02:17:33.152264+00:00,other_method,Unspecified
05517530,POINT (-87.03388542916231 41.25390845474483),0dbc0595-df10-4cb8-aa3e-496f1ee16900,USGS-05517530,450d83d9-8828-ca99-e053-0100007fbb0c,296,2016-09-13T13:26:32+00:00,main,3210,ft^3/s,146,ft,1320,ft^2,2.43,ft/s,40.00,ft,Soft,SiltMud,Even,Even,Standard,Unknown,MannedMovingBoat,2026-06-28T02:17:33.152264+00:00,adcp,Downstream
05517530,POINT (-87.03388542916231 41.25390845474483),0de1c2f8-a9a9-4489-9ee3-f76850281149,USGS-05517530,450d88a2-ccc7-cc16-e053-0100007f2d33,280,2013-12-11T20:33:41+00:00,MAIN,1030,ft^3/s,123,ft,484,ft^2,2.12,ft/s,,ft,Firm,Gravel,Even,Even,Standard,Unknown,BridgeDownstreamSide,2026-06-28T02:17:33.152264+00:00,adcp,AtTheGage
05517530,POINT (-87.03388542916231 41.25390845474483),0e4dd7c9-c7d6-4a44-8569-3a8ef52e2467,USGS-05517530,450d6667-275d-c10b-e053-0100007f0807,43,1979-03-11T05:00:00+00:00,Imported Channel 1,4700,ft^3/s,,,,,,,,ft,Unspecified,Unspecified,Unspecified,Unspecified,Unspecified,Unknown,Unspecified,2026-06-28T02:17:33.152264+00:00,other_method,Unspecified
05517530,POINT (-87.03388542916231 41.25390845474483),0fd2ba15-29a8-4815-b330-996879919658,USGS-05517530,450d7924-8bb3-c71d-e053-0100007f2f30,21,1976-10-07T05:00:00+00:00,Imported Channel 1,761,ft^3/s,,,,,,,,ft,Unspecified,Unspecified,Unspecified,Unspecified,Unspecified,Unknown,Unspecified,2026-06-28T02:17:33.152264+00:00,other_method,Unspecified
05517530,POINT (-87.03388542916231 41.25390845474483),1069abba-bea6-4f62-96fb-1e246bf554bc,USGS-05517530,450d92b2-67bd-cf9b-e053-0100007f10aa,198,1997-12-02T13:19:00+00:00,Imported Channel 1,1440,ft^3/s,,,,,0.00,ft/s,,,Unspecified,Unspecified,Unspecified,Unspecified,Unspecified,Unknown,Boat,2026-06-28T02:17:33.152264+00:00,point_velocity,Unspecified
05517530,POINT (-87.03388542916231 41.25390845474483),10bde806-7990-4a9d-8b55-5520a7579d3e,USGS-05517530,450d801d-554b-c9a4-e053-0100007fa371,243,2007-06-26T23:58:00+00:00,Imported Channel 1,747,ft^3/s,122,ft,383,ft^2,1.95,ft/s,,ft,Unspecified,Unspecified,Unspecified,Unspecified,Unspecified,Unknown,Unspecified,2026-06-28T02:17:33.152264+00:00,adcp,Unspecified
05517530,POINT (-87.03388542916231 41.25390845474483),11b507ca-b618-4ae6-b99f-716bfc02355a,USGS-05517530,450d6786-1f29-c141-e053-0100007f3d23,187,1995-10-04T18:20:00+00:00,Imported Channel 1,495,ft^3/s,101,ft,245,ft^2,2.02,ft/s,,,Unspecified,Unspecified,Unspecified,Unspecified,Unspecified,Unknown,Wading,2026-06-28T02:17:33.152264+00:00,point_velocity,Unspecified
05517530,POINT (-87.03388542916231 41.25390845474483),11bbd9e1-b5f9-4aa0-b0d0-1c95aa9e9dc6,USGS-05517530,450d891e-bb2b-cc14-e053-0100007f1158,189,1996-04-09T15:39:00+00:00,Imported Channel 1,728,ft^3/s,,,,,0.00,ft/s,,,Unspecified,Unspecified,Unspecified,Unspecified,Unspecified,Unknown,Boat,2026-06-28T02:17:33.152264+00:00,point_velocity,Unspecified
05517530,POINT (-87.03388542916231 41.25390845474483),137deaed-47ab-43b3-8fd2-17d122182697,USGS-05517530,450d7b90-ca21-c806-e053-0100007f4264,108,1985-04-08T05:00:00+00:00,Imported Channel 1,5110,ft^3/s,316,ft,2190,ft^2,2.33,ft/s,,,Unspecified,Unspecified,Unspecified,Unspecified,Unspecified,Unknown,BridgeCrane,2026-06-28T02:17:33.152264+00:00,point_velocity,Unspecified
05517530,POINT (-87.03388542916231 41.25390845474483),1414293e-abf7-4bc7-b263-b4c2cf13a856,USGS-05517530,450d7916-9358-c71f-e053-0100007fd66c,244,2007-08-28T12:47:00+00:00,Imported Channel 1,3880,ft^3/s,131,ft,1420,ft^2,2.73,ft/s,,ft,Unspecified,Unspecified,Unspecified,Unspecified,Unspecified,Unknown,Unspecified,2026-06-28T02:17:33.152264+00:00,adcp,Unspecified
05517530,POINT (-87.03388542916231 41.25390845474483),15a10c97-9118-4672-ad38-2298e55cbd7e,USGS-05517530,450d6148-72da-bf52-e053-0100007fc371,9,1975-07-10T05:00:00+00:00,Imported Channel 1,1120,ft^3/s,,,,,,,,ft,Unspecified,Unspecified,Unspecified,Unspecified,Unspecified,Unknown,Unspecified,2026-06-28T02:17:33.152264+00:00,other_method,Unspecified
05517530,POINT (-87.03388542916231 41.25390845474483),16e4a96c-7e0e-4c2e-b6cc-c3240b90e338,USGS-05517530,450d8009-a362-c98e-e053-0100007fd3a6,141,1989-04-06T14:45:00+00:00,Imported Channel 1,2730,ft^3/s,225,ft,1160,ft^2,2.35,ft/s,,,Unspecified,Unspecified,Unspecified,Unspecified,Unspecified,Unknown,BridgeCrane,2026-06-28T02:17:33.152264+00:00,point_velocity,Unspecified
05517530,POINT (-87.03388542916231 41.25390845474483),16ed312d-b3f8-482d-aacf-f4297a75f14a,USGS-05517530,6eef5f5a-a891-4180-e053-0100007fd828,304,2018-06-12T13:55:40+00:00,main,1700,ft^3/s,131,ft,867,ft^2,1.96,ft/s,25.00,ft,Soft,Unspecified,Even,Even,Standard,Steady,MannedMovingBoat,2026-06-28T02:17:33.152264+00:00,adcp,Downstream
05517530,POINT (-87.03388542916231 41.25390845474483),17c92376-48a6-4b14-aac6-b3d90a5ef107,USGS-05517530,450d83d9-87e2-ca99-e053-0100007fbb0c,107,1985-03-06T05:00:00+00:00,Imported Channel 1,5340,ft^3/s,320,ft,2290,ft^2,2.34,ft/s,,,Unspecified,Unspecified,Unspecified,Unspecified,Unspecified,Unknown,BridgeCrane,2026-06-28T02:17:33.152264+00:00,point_velocity,Unspecified
05517530,POINT (-87.03388542916231 41.25390845474483),186586aa-9f5f-4660-b30a-5dcba7d7fedc,USGS-05517530,450d83e2-8e10-ca97-e053-0100007ff8bd,270,2012-05-21T22:52:00+00:00,Main,953,ft^3/s,124,ft,424,ft^2,2.25,ft/s,,ft,Firm,Gravel,Unspecified,Unspecified,Standard,Unknown,BridgeDownstreamSide,2026-06-28T02:17:33.152264+00:00,adcp,AtTheGage
05517530,POINT (-87.03388542916231 41.25390845474483),189d140f-fb95-49e9-a76e-e4fe23c5734b,USGS-05517530,450d8d72-cf05-cda1-e053-0100007f20fe,128,1987-11-16T18:15:00+00:00,Imported Channel 1,703,ft^3/s,112,ft,273,ft^2,2.58,ft/s,,,Unspecified,Unspecified,Unspecified,Unspecified,Unspecified,Unknown,BridgeCrane,2026-06-28T02:17:33.152264+00:00,point_velocity,Unspecified
05517530,POINT (-87.03388542916231 41.25390845474483),194d0d01-073a-4790-a451-19e751f6a71d,USGS-05517530,450d891e-bb10-cc14-e053-0100007f1158,112,1985-10-03T05:00:00+00:00,Imported Channel 1,531,ft^3/s,105,ft,257,ft^2,2.07,ft/s,,,Unspecified,Unspecified,Unspecified,Unspecified,Unspecified,Unknown,Wading,2026-06-28T02:17:33.152264+00:00,point_velocity,Unspecified
05517530,POINT (-87.03388542916231 41.25390845474483),19a91bfc-30b3-4e5b-91e8-5f179b8dc39d,USGS-05517530,450d761c-cf20-c616-e053-0100007ff421,47,1979-07-19T05:00:00+00:00,Imported Channel 1,532,ft^3/s,,,,,,,,ft,Unspecified,Unspecified,Unspecified,Unspecified,Unspecified,Unknown,Unspecified,2026-06-28T02:17:33.152264+00:00,other_method,Unspecified
05517530,POINT (-87.03388542916231 41.25390845474483),1a59989a-88be-42af-9caa-242641ae8eb2,USGS-05517530,450d88b7-eafa-cc1a-e053-0100007f56ed,188,1995-11-28T14:24:00+00:00,Imported Channel 1,1180,ft^3/s,105,ft,,,0.00,ft/s,,,Unspecified,Unspecified,Unspecified,Unspecified,Unspecified,Unknown,Boat,2026-06-28T02:17:33.152264+00:00,point_velocity,Unspecified
05517530,POINT (-87.03388542916231 41.25390845474483),1ae8a652-dc49-4427-aaf8-ed4b725b1aa7,USGS-05517530,450d973c-fa8f-d08c-e053-0100007f7449,261,2010-12-01T14:15:00+00:00,Imported Channel 1,856,ft^3/s,111,ft,525,ft^2,1.63,ft/s,300.00,ft,Soft,Sand,Even,Even,Standard,Unknown,MannedMovingBoat,2026-06-28T02:17:33.152264+00:00,adcp,Upstream
05517530,POINT (-87.03388542916231 41.25390845474483),1afdca16-1877-40ab-a611-d436d2b9bef2,USGS-05517530,450d7905-f5c9-c71b-e053-0100007f311d,226,2003-10-29T18:45:00+00:00,Imported Channel 1,740,ft^3/s,119,ft,566,ft^2,1.31,ft/s,,ft,Unspecified,Unspecified,Unspecified,Unspecified,Unspecified,Unknown,Unspecified,2026-06-28T02:17:33.152264+00:00,adcp,Unspecified
05517530,POINT (-87.03388542916231 41.25390845474483),1c676a7f-1d0b-4d2c-ba5d-cb4a8230e5f5,USGS-05517530,450d86a0-2058-cb8a-e053-0100007f1497,33,1978-03-22T05:00:00+00:00,Imported Channel 1,3530,ft^3/s,,,,,,,,ft,Unspecified,Unspecified,Unspecified,Unspecified,Unspecified,Unknown,Unspecified,2026-06-28T02:17:33.152264+00:00,other_method,Unspecified
05517530,POINT (-87.03388542916231 41.25390845474483),1c7744cd-a30a-4d09-9b63-4df53ad5cf03,USGS-05517530,450d6d95-9613-c375-e053-0100007fea51,85,1983-08-30T05:00:00+00:00,Imported Channel 1,634,ft^3/s,105,ft,263,ft^2,2.41,ft/s,,,Unspecified,Unspecified,Unspecified,Unspecified,Unspecified,Unknown,Wading,2026-06-28T02:17:33.152264+00:00,point_velocity,Unspecified
05517530,POINT (-87.03388542916231 41.25390845474483),1c7fddce-9919-40c6-9639-392f86cbbfc0,USGS-05517530,8e5c8e2c-2df1-4a39-b320-91a781b71cff,311,2020-03-03T14:53:14+00:00,main,2030,ft^3/s,142,ft,1020,ft^2,1.99,ft/s,50.00,ft,Unspecified,Unspecified,Even,Even,Standard,Steady,MannedMovingBoat,2026-06-28T02:17:33.152264+00:00,adcp,Downstream
05517530,POINT (-87.03388542916231 41.25390845474483),1e2b5ff4-1b25-494d-bd8a-952a14b3683e,USGS-05517530,450d6412-5504-c055-e053-0100007fc473,53,1980-03-10T05:00:00+00:00,Imported Channel 1,1810,ft^3/s,,,,,,,,ft,Unspecified,Unspecified,Unspecified,Unspecified,Unspecified,Unknown,Unspecified,2026-06-28T02:17:33.152264+00:00,other_method,Unspecified
05517530,POINT (-87.03388542916231 41.25390845474483),1f1ba3a2-49a3-4982-aaab-3e56a9459cc0,USGS-05517530,450d8366-32c5-ca77-e053-0100007fc6b4,225,2003-08-12T00:30:00+00:00,Imported Channel 1,665,ft^3/s,130,ft,414,ft^2,1.60,ft/s,,ft,Unspecified,Unspecified,Unspecified,Unspecified,Unspecified,Unknown,Unspecified,2026-06-28T02:17:33.152264+00:00,adcp,Unspecified
05517530,POINT (-87.03388542916231 41.25390845474483),1f56c8ca-a8a7-4e3c-9cdf-59720ae70e08,USGS-05517530,450d97bd-9f1e-d134-e053-0100007fca16,284,2015-03-11T19:34:45+00:00,main,1940,ft^3/s,144,ft,818,ft^2,2.37,ft/s,,ft,Soft,SiltMud,Even,Unspecified,Standard,Unknown,BridgeDownstreamSide,2026-06-28T02:17:33.152264+00:00,adcp,AtTheGage
05517530,POINT (-87.03388542916231 41.25390845474483),2082088b-78fd-47a6-a18b-1933c04ce7e0,USGS-05517530,450d83d9-87dd-ca99-e053-0100007fbb0c,79,1983-01-31T05:00:00+00:00,Imported Channel 1,1490,ft^3/s,,,,,,,,ft,Unspecified,Unspecified,Unspecified,Unspecified,Unspecified,Unknown,Unspecified,2026-06-28T02:17:33.152264+00:00,other_method,Unspecified
05517530,POINT (-87.03388542916231 41.25390845474483),20ecf14f-2576-4f93-862a-b27e67a358ec,USGS-05517530,450d7916-936d-c71f-e053-0100007fd66c,289,2015-07-21T14:05:09+00:00,main,3580,ft^3/s,136,ft,1250,ft^2,2.86,ft/s,25.00,ft,Firm,SiltMud,Even,Even,Standard,Unknown,BridgeDownstreamSide,2026-06-28T02:17:33.152264+00:00,adcp,Downstream
05517530,POINT (-87.03388542916231 41.25390845474483),237aed12-32e2-43d1-848e-039a5b343bfd,USGS-05517530,450d7cb8-3364-c808-e053-0100007fc000,224,2003-06-04T16:07:00+00:00,Imported Channel 1,1100,ft^3/s,120,ft,608,ft^2,1.80,ft/s,,ft,Unspecified,Unspecified,Unspecified,Unspecified,Unspecified,Unknown,Unspecified,2026-06-28T02:17:33.152264+00:00,adcp,Unspecified
05517530,POINT (-87.03388542916231 41.25390845474483),24546bde-2736-4f7a-a50e-4d503f5d87c0,USGS-05517530,450d7d19-be47-c898-e053-0100007f0d2e,174,1993-08-17T13:00:00+00:00,Imported Channel 1,910,ft^3/s,121,ft,379,ft^2,2.40,ft/s,,,Unspecified,Unspecified,Unspecified,Unspecified,Unspecified,Unknown,BridgeCrane,2026-06-28T02:17:33.152264+00:00,point_velocity,Unspecified
05517530,POINT (-87.03388542916231 41.25390845474483),25328342-669c-4fee-b226-7c702b6c1105,USGS-05517530,078c4471-45a1-455c-a798-605b170de551,322,2023-01-18T15:24:58+00:00,main,876,ft^3/s,125,ft,604,ft^2,1.45,ft/s,10.00,ft,Unspecified,Unspecified,Unspecified,Even,Unspecified,Unspecified,MannedMovingBoat,2026-06-28T02:17:33.152264+00:00,adcp,Downstream
05517530,POINT (-87.03388542916231 41.25390845474483),274c88b4-46db-44a6-9064-0c997774fc73,USGS-05517530,450d801d-550d-c9a4-e053-0100007fa371,54,1980-05-06T05:00:00+00:00,Imported Channel 1,1350,ft^3/s,,,,,,,,ft,Unspecified,Unspecified,Unspecified,Unspecified,Unspecified,Unknown,Unspecified,2026-06-28T02:17:33.152264+00:00,other_method,Unspecified
05517530,POINT (-87.03388542916231 41.25390845474483),27de468d-1383-48c2-a78b-071bab7f260c,USGS-05517530,450d940a-4e71-d009-e053-0100007f0210,207,1999-10-05T14:11:00+00:00,Imported Channel 1,543,ft^3/s,,,,,0.00,ft/s,,,Unspecified,Unspecified,Unspecified,Unspecified,Unspecified,Unknown,Boat,2026-06-28T02:17:33.152264+00:00,point_velocity,Unspecified
05517530,POINT (-87.03388542916231 41.25390845474483),27f48843-869c-49a3-bd17-3e7004d34433,USGS-05517530,450d7fed-7a42-c98c-e053-0100007fbf34,7,1975-05-01T05:00:00+00:00,Imported Channel 1,3480,ft^3/s,,,,,,,,ft,Unspecified,Unspecified,Unspecified,Unspecified,Unspecified,Unknown,Unspecified,2026-06-28T02:17:33.152264+00:00,other_method,Unspecified
05517530,POINT (-87.03388542916231 41.25390845474483),288305d4-530c-4387-a029-978b7add0f15,USGS-05517530,450d7905-f59b-c71b-e053-0100007f311d,95,1984-02-16T05:00:00+00:00,Imported Channel 1,3130,ft^3/s,235,ft,1300,ft^2,2.41,ft/s,,,Unspecified,Unspecified,Unspecified,Unspecified,Unspecified,Unknown,BridgeCrane,2026-06-28T02:17:33.152264+00:00,point_velocity,Unspecified
05517530,POINT (-87.03388542916231 41.25390845474483),29002d9e-1a50-45d4-b3c5-2fe35bc91e44,USGS-05517530,450d7916-9330-c71f-e053-0100007fd66c,157,1991-03-27T15:20:00+00:00,Imported Channel 1,2800,ft^3/s,160,ft,1080,ft^2,2.59,ft/s,,,Unspecified,Unspecified,Unspecified,Unspecified,Unspecified,Unknown,BridgeCrane,2026-06-28T02:17:33.152264+00:00,point_velocity,Unspecified
05517530,POINT (-87.03388542916231 41.25390845474483),293a3623-3a86-4b4b-9246-9cddc47bb91b,USGS-05517530,450d7852-cf42-c6be-e053-0100007f4e14,31,1977-11-28T05:00:00+00:00,Imported Channel 1,973,ft^3/s,,,,,,,,ft,Unspecified,Unspecified,Unspecified,Unspecified,Unspecified,Unknown,Unspecified,2026-06-28T02:17:33.152264+00:00,other_method,Unspecified
05517530,POINT (-87.03388542916231 41.25390845474483),29c9a8b8-0e04-4cad-9ebe-68ad28be5a21,USGS-05517530,450d8d72-cf32-cda1-e053-0100007f20fe,264,2011-07-14T18:22:21+00:00,main,1120,ft^3/s,126,ft,696,ft^2,1.61,ft/s,600.00,ft,Soft,Sand,Even,Unspecified,Standard,Unknown,MannedMovingBoat,2026-06-28T02:17:33.152264+00:00,adcp,Upstream
05517530,POINT (-87.03388542916231 41.25390845474483),2b91387e-9a22-455a-962b-87660eb70003,USGS-05517530,450d8013-c5ce-c9a2-e053-0100007f33ff,24,1977-03-31T05:00:00+00:00,Imported Channel 1,3400,ft^3/s,,,,,,,,ft,Unspecified,Unspecified,Unspecified,Unspecified,Unspecified,Unknown,Unspecified,2026-06-28T02:17:33.152264+00:00,other_method,Unspecified
05517530,POINT (-87.03388542916231 41.25390845474483),2bfabb32-5371-44e4-a85f-d090a25ec0eb,USGS-05517530,450d7916-933f-c71f-e053-0100007fd66c,196,1997-07-08T14:40:00+00:00,Imported Channel 1,1650,ft^3/s,,,,,0.00,ft/s,,,Unspecified,Unspecified,Unspecified,Unspecified,Unspecified,Unknown,Boat,2026-06-28T02:17:33.152264+00:00,point_velocity,Unspecified
05517530,POINT (-87.03388542916231 41.25390845474483),2bfecc86-8140-44c4-a27d-2e997adba170,USGS-05517530,450d7523-2a6d-c5b4-e053-0100007f357b,259,2010-08-23T15:57:46+00:00,main,625,ft^3/s,111,ft,453,ft^2,1.38,ft/s,150.00,ft,Firm,Sand,Even,Even,Unspecified,Unknown,MannedMovingBoat,2026-06-28T02:17:33.152264+00:00,adcp,Upstream
05517530,POINT (-87.03388542916231 41.25390845474483),2d39ec58-5480-44a5-b951-bd241a449f7a,USGS-05517530,450d83d9-8809-ca99-e053-0100007fbb0c,205,1999-06-29T12:36:00+00:00,Imported Channel 1,1160,ft^3/s,265,ft,,,0.00,ft/s,,,Unspecified,Unspecified,Unspecified,Unspecified,Unspecified,Unknown,Boat,2026-06-28T02:17:33.152264+00:00,point_velocity,Unspecified
05517530,POINT (-87.03388542916231 41.25390845474483),2d71d5cc-102d-403e-86c7-2a633bb1cee2,USGS-05517530,8919671d-e73a-1c78-e053-0100007faa67,308,2019-05-14T13:42:45+00:00,main,3060,ft^3/s,172,ft,1190,ft^2,2.57,ft/s,10.00,ft,Unspecified,Unspecified,Even,Even,Standard,Steady,MannedMovingBoat,2026-06-28T02:17:33.152264+00:00,adcp,Downstream
05517530,POINT (-87.03388542916231 41.25390845474483),2d9f999f-268b-456e-9633-3e294ec8b641,USGS-05517530,450d750a-8370-c5bc-e053-0100007f52f4,158,1991-05-07T17:00:00+00:00,Imported Channel 1,2430,ft^3/s,151,ft,944,ft^2,2.58,ft/s,,,Unspecified,Unspecified,Unspecified,Unspecified,Unspecified,Unknown,BridgeCrane,2026-06-28T02:17:33.152264+00:00,point_velocity,Unspecified
05517530,POINT (-87.03388542916231 41.25390845474483),2ddf83db-1e0d-4cbc-b5b0-2632d25094ba,USGS-05517530,450d63da-3152-c057-e053-0100007fdec5,135,1988-08-01T18:40:00+00:00,Imported Channel 1,338,ft^3/s,94.0,ft,176,ft^2,1.92,ft/s,,,Unspecified,Unspecified,Unspecified,Unspecified,Unspecified,Unknown,Wading,2026-06-28T02:17:33.152264+00:00,point_velocity,Unspecified
05517530,POINT (-87.03388542916231 41.25390845474483),2f7c2ee1-7c56-4c9f-952b-60350679474f,USGS-05517530,450d9950-6ffe-d1b3-e053-0100007fdcb8,278,2013-08-27T21:04:47+00:00,MAIN,547,ft^3/s,109,ft,265,ft^2,2.06,ft/s,15.00,ft,Firm,Sand,Even,Even,Standard,Unknown,BridgeDownstreamSide,2026-06-28T02:17:33.152264+00:00,adcp,Downstream
05517530,POINT (-87.03388542916231 41.25390845474483),2fd56a99-0377-4fd6-80d5-09284bd95e02,USGS-05517530,450d5d9a-367e-be47-e053-0100007f93ec,19,1976-07-22T05:00:00+00:00,Imported Channel 1,947,ft^3/s,,,,,,,,ft,Unspecified,Unspecified,Unspecified,Unspecified,Unspecified,Unknown,Unspecified,2026-06-28T02:17:33.152264+00:00,other_method,Unspecified
05517530,POINT (-87.03388542916231 41.25390845474483),2ffbaa1d-fb1e-4485-9d34-3cfe62808674,USGS-05517530,3cd3c608-e837-4b80-a19b-2c4d52ae5c6d,327,2023-11-28T14:40:07+00:00,main,643,ft^3/s,133,ft,495,ft^2,1.30,ft/s,50.00,ft,Firm,Sand,Even,Unspecified,Standard,Steady,MannedMovingBoat,2026-06-28T02:17:33.152264+00:00,adcp,Upstream
05517530,POINT (-87.03388542916231 41.25390845474483),2ffbb26d-1e67-465d-8d44-15fe20505487,USGS-05517530,450d6112-66e8-bf54-e053-0100007fbeb2,170,1993-01-12T13:45:00+00:00,Imported Channel 1,4970,ft^3/s,305,ft,2200,ft^2,2.28,ft/s,,,Unspecified,Unspecified,Unspecified,Unspecified,Unspecified,Unknown,BridgeCrane,2026-06-28T02:17:33.152264+00:00,point_velocity,Unspecified
05517530,POINT (-87.03388542916231 41.25390845474483),31d4cc0c-dc30-4fd2-8a3a-d525e4de3f1f,USGS-05517530,450d891e-bb0b-cc14-e053-0100007f1158,103,1984-12-05T05:00:00+00:00,Imported Channel 1,1490,ft^3/s,138,ft,585,ft^2,2.55,ft/s,,,Unspecified,Unspecified,Unspecified,Unspecified,Unspecified,Unknown,BridgeCrane,2026-06-28T02:17:33.152264+00:00,point_velocity,Unspecified
05517530,POINT (-87.03388542916231 41.25390845474483),35a19b32-1e2a-4c98-9421-f68bdcb36c6d,USGS-05517530,450d83d9-87fc-ca99-e053-0100007fbb0c,167,1992-08-04T14:00:00+00:00,Imported Channel 1,1170,ft^3/s,127,ft,462,ft^2,2.53,ft/s,,,Unspecified,Unspecified,Unspecified,Unspecified,Unspecified,Unknown,BridgeCrane,2026-06-28T02:17:33.152264+00:00,point_velocity,Unspecified
05517530,POINT (-87.03388542916231 41.25390845474483),366865eb-98eb-45e6-a190-dc2527c9648b,USGS-05517530,450d8366-32c2-ca77-e053-0100007fc6b4,221,2002-08-05T23:42:00+00:00,Imported Channel 1,651,ft^3/s,110,ft,330,ft^2,1.97,ft/s,,,Unspecified,Unspecified,Unspecified,Unspecified,Unspecified,Unknown,BridgeCrane,2026-06-28T02:17:33.152264+00:00,point_velocity,Unspecified
05517530,POINT (-87.03388542916231 41.25390845474483),376d3a79-e734-4149-9986-adeac5df1b1d,USGS-05517530,450d844f-61ee-ca9b-e053-0100007ff3e5,37,1978-07-17T05:00:00+00:00,Imported Channel 1,877,ft^3/s,,,,,,,,ft,Unspecified,Unspecified,Unspecified,Unspecified,Unspecified,Unknown,Unspecified,2026-06-28T02:17:33.152264+00:00,other_method,Unspecified
05517530,POINT (-87.03388542916231 41.25390845474483),38ba7144-8f77-427a-96de-4f0c598a1cb5,USGS-05517530,450d97b5-fe08-d130-e053-0100007f6b3a,269,2012-03-19T19:31:00+00:00,Main,1590,ft^3/s,128,ft,642,ft^2,2.48,ft/s,,ft,Firm,Gravel,Unspecified,Unspecified,Standard,Unknown,BridgeDownstreamSide,2026-06-28T02:17:33.152264+00:00,adcp,AtTheGage
05517530,POINT (-87.03388542916231 41.25390845474483),38c2e5d1-9fba-4fdc-8f1e-d1140a2c9c75,USGS-05517530,450d83e2-8df3-ca97-e053-0100007ff8bd,208,1999-12-07T14:53:00+00:00,Imported Channel 1,781,ft^3/s,,,,,0.00,ft/s,,,Unspecified,Unspecified,Unspecified,Unspecified,Unspecified,Unknown,Boat,2026-06-28T02:17:33.152264+00:00,point_velocity,Unspecified
05517530,POINT (-87.03388542916231 41.25390845474483),3a384849-0732-4d57-8853-52cebf56735e,USGS-05517530,450d891e-baff-cc14-e053-0100007f1158,39,1978-09-18T05:00:00+00:00,Imported Channel 1,536,ft^3/s,,,,,,,,ft,Unspecified,Unspecified,Unspecified,Unspecified,Unspecified,Unknown,Unspecified,2026-06-28T02:17:33.152264+00:00,other_method,Unspecified
05517530,POINT (-87.03388542916231 41.25390845474483),3ad05b39-8666-4486-82a2-d5345b4047e4,USGS-05517530,735328fe-49fe-d7e3-e053-0100007f9617,305,2018-08-08T13:43:17+00:00,main,788,ft^3/s,94.3,ft,331,ft^2,2.38,ft/s,10.00,ft,Unspecified,Unspecified,Unspecified,Unspecified,Standard,Steady,MannedMovingBoat,2026-06-28T02:17:33.152264+00:00,adcp,Upstream
05517530,POINT (-87.03388542916231 41.25390845474483),3b4b78b6-3053-4771-9003-28af3df8283a,USGS-05517530,450d755f-2210-c5dc-e053-0100007f0625,130,1988-04-05T12:40:00+00:00,Imported Channel 1,2860,ft^3/s,225,ft,1170,ft^2,2.44,ft/s,,,Unspecified,Unspecified,Unspecified,Unspecified,Unspecified,Unknown,BridgeCrane,2026-06-28T02:17:33.152264+00:00,point_velocity,Unspecified
05517530,POINT (-87.03388542916231 41.25390845474483),3b4d80cd-5b3c-42e1-b3b2-feb29a82298d,USGS-05517530,450d761c-cf27-c616-e053-0100007ff421,81,1983-04-25T05:00:00+00:00,Imported Channel 1,3080,ft^3/s,,,,,,,,ft,Unspecified,Unspecified,Unspecified,Unspecified,Unspecified,Unknown,Unspecified,2026-06-28T02:17:33.152264+00:00,other_method,Unspecified
05517530,POINT (-87.03388542916231 41.25390845474483),3b8923d9-30ad-4a98-bc32-38b019d2d400,USGS-05517530,8e9b2c73-44df-7fec-e053-0100007f209b,309,2019-07-23T13:17:00+00:00,main,1550,ft^3/s,130,ft,640,ft^2,2.42,ft/s,15.00,ft,Firm,SiltMud,Uneven,Even,Standard,Steady,MannedMovingBoat,2026-06-28T02:17:33.152264+00:00,adcp,Downstream
05517530,POINT (-87.03388542916231 41.25390845474483),3ba5e084-6307-40ca-9299-445aa1e5db38,USGS-05517530,c45a7f77-109a-405c-a4de-c3cde3592016,315,2021-06-15T13:56:03+00:00,main,888,ft^3/s,134,ft,585,ft^2,1.52,ft/s,0.00,ft,Unspecified,Unspecified,Unspecified,Uneven,Unspecified,Unspecified,MannedMovingBoat,2026-06-28T02:17:33.152264+00:00,adcp,AtTheGage
05517530,POINT (-87.03388542916231 41.25390845474483),3bf46e53-60d7-469c-aa75-561d052d729f,USGS-05517530,450d690e-5cfc-c1d8-e053-0100007fb8e7,131,1988-05-17T12:50:00+00:00,Imported Channel 1,1050,ft^3/s,125,ft,418,ft^2,2.51,ft/s,,,Unspecified,Unspecified,Unspecified,Unspecified,Unspecified,Unknown,BridgeCrane,2026-06-28T02:17:33.152264+00:00,point_velocity,Unspecified
05517530,POINT (-87.03388542916231 41.25390845474483),3cbc031d-50af-44ef-84d5-1bc7f5d52315,USGS-05517530,450d6778-bba5-c146-e053-0100007f1cd9,145,1989-10-31T13:00:00+00:00,Imported Channel 1,662,ft^3/s,113,ft,283,ft^2,2.34,ft/s,,,Unspecified,Unspecified,Unspecified,Unspecified,Unspecified,Unknown,BridgeCrane,2026-06-28T02:17:33.152264+00:00,point_velocity,Unspecified
05517530,POINT (-87.03388542916231 41.25390845474483),3d981a7d-c8a7-4060-b1e5-9dbf9a0df95b,USGS-05517530,450d5d9a-3684-be47-e053-0100007f93ec,69,1981-08-14T05:00:00+00:00,Imported Channel 1,1630,ft^3/s,,,,,,,,ft,Unspecified,Unspecified,Unspecified,Unspecified,Unspecified,Unknown,Unspecified,2026-06-28T02:17:33.152264+00:00,other_method,Unspecified
05517530,POINT (-87.03388542916231 41.25390845474483),3da36493-28f1-4919-82db-b4ca26c136f9,USGS-05517530,450d6412-54fd-c055-e053-0100007fc473,30,1977-10-25T05:00:00+00:00,Imported Channel 1,912,ft^3/s,,,,,,,,ft,Unspecified,Unspecified,Unspecified,Unspecified,Unspecified,Unknown,Unspecified,2026-06-28T02:17:33.152264+00:00,other_method,Unspecified
05517530,POINT (-87.03388542916231 41.25390845474483),3f51941b-1421-4726-ba39-acc632a4b7fb,USGS-05517530,450d7c9d-7bb5-c896-e053-0100007f7ddd,6,1975-04-15T05:00:00+00:00,Imported Channel 1,1340,ft^3/s,,,,,,,,ft,Unspecified,Unspecified,Unspecified,Unspecified,Unspecified,Unknown,Unspecified,2026-06-28T02:17:33.152264+00:00,other_method,Unspecified
05517530,POINT (-87.03388542916231 41.25390845474483),3faf35dc-af9d-460b-8edd-d2554ad03272,USGS-05517530,450d7508-712e-c5ac-e053-0100007f62d3,222,2002-10-08T12:35:00+00:00,Imported Channel 1,409,ft^3/s,97.0,ft,214,ft^2,1.91,ft/s,,,Unspecified,Unspecified,Unspecified,Unspecified,Unspecified,Unknown,Wading,2026-06-28T02:17:33.152264+00:00,point_velocity,Unspecified
05517530,POINT (-87.03388542916231 41.25390845474483),4188775f-c612-4362-b230-3a6bc0496b54,USGS-05517530,44eeb9aa-17b5-4a2a-9710-0c547c1d146f,332,2024-11-19T17:39:17+00:00,Main,747,ft^3/s,134,ft,594,ft^2,1.26,ft/s,100.00,ft,Soft,Sand,Even,Unspecified,Standard,Steady,MannedMovingBoat,2026-06-28T02:17:33.152264+00:00,adcp,Downstream
05517530,POINT (-87.03388542916231 41.25390845474483),41ad2b7b-2a00-430f-97a7-0fa69d9b5f12,USGS-05517530,450d97b5-fe0e-d130-e053-0100007f6b3a,290,2015-09-15T14:07:02+00:00,main,841,ft^3/s,133,ft,592,ft^2,1.42,ft/s,25.00,ft,Soft,SiltMud,Even,Even,Standard,Unknown,MannedMovingBoat,2026-06-28T02:17:33.152264+00:00,adcp,Downstream
05517530,POINT (-87.03388542916231 41.25390845474483),425dbf0a-bac4-44ff-86d8-074bea3dc7be,USGS-05517530,450d8366-32bd-ca77-e053-0100007fc6b4,213,2000-12-05T14:50:00+00:00,Imported Channel 1,829,ft^3/s,115,ft,590,ft^2,1.50,ft/s,,,Unspecified,Unspecified,Unspecified,Unspecified,Unspecified,Unknown,Boat,2026-06-28T02:17:33.152264+00:00,point_velocity,Unspecified
05517530,POINT (-87.03388542916231 41.25390845474483),42c96e7e-b92c-42e6-8909-951e80fc58bc,USGS-05517530,450d755f-223a-c5dc-e053-0100007f0625,265,2011-09-02T13:25:00+00:00,Imported Channel 1,515,ft^3/s,116,ft,417,ft^2,1.24,ft/s,400.00,ft,Soft,Sand,Uneven,Uneven,Standard,Unknown,MannedMovingBoat,2026-06-28T02:17:33.152264+00:00,adcp,Upstream
05517530,POINT (-87.03388542916231 41.25390845474483),438dc9fc-263a-4f72-9400-38d46e848477,USGS-05517530,450d7835-fd01-c6bc-e053-0100007f9bde,161,1991-09-09T19:10:00+00:00,Imported Channel 1,442,ft^3/s,95.0,ft,203,ft^2,2.18,ft/s,,,Unspecified,Unspecified,Unspecified,Unspecified,Unspecified,Unknown,Wading,2026-06-28T02:17:33.152264+00:00,point_velocity,Unspecified
05517530,POINT (-87.03388542916231 41.25390845474483),4448f5d6-5641-4f5f-bdc2-bad22f3ee09f,USGS-05517530,450d8d72-cf37-cda1-e053-0100007f20fe,275,2013-03-05T14:02:02+00:00,Main,1680,ft^3/s,140,ft,754,ft^2,2.23,ft/s,,ft,Firm,Cobbles,Even,Even,Standard,Unknown,BridgeDownstreamSide,2026-06-28T02:17:33.152264+00:00,adcp,AtTheGage
05517530,POINT (-87.03388542916231 41.25390845474483),44e0bf4d-a42e-4e98-8051-753a0a0f6ca1,USGS-05517530,5e11fe80-e4c8-47cb-b89d-8415cb96d42f,326,2023-09-26T20:16:51+00:00,main,489,ft^3/s,105,ft,247,ft^2,1.98,ft/s,0.00,ft,Unspecified,Unspecified,Unspecified,Even,Unspecified,Unspecified,BridgeDownstreamSide,2026-06-28T02:17:33.152264+00:00,adcp,AtTheGage
05517530,POINT (-87.03388542916231 41.25390845474483),451d8b1f-bab4-472a-be16-c762af89f948,USGS-05517530,450d86a0-2099-cb8a-e053-0100007f1497,286,2015-05-18T19:32:39+00:00,main,1700,ft^3/s,127,ft,802,ft^2,2.12,ft/s,150.00,ft,Soft,SiltMud,Even,Even,Standard,Unknown,MannedMovingBoat,2026-06-28T02:17:33.152264+00:00,adcp,Downstream
05517530,POINT (-87.03388542916231 41.25390845474483),45e7c5cd-b99a-448d-80ec-7a5ed0cf70ea,USGS-05517530,450d8009-a349-c98e-e053-0100007fd3a6,46,1979-06-13T05:00:00+00:00,Imported Channel 1,1150,ft^3/s,,,,,,,,ft,Unspecified,Unspecified,Unspecified,Unspecified,Unspecified,Unknown,Unspecified,2026-06-28T02:17:33.152264+00:00,other_method,Unspecified
05517530,POINT (-87.03388542916231 41.25390845474483),48f6b359-9171-4539-ac64-ac9bc65b5db0,USGS-05517530,518d5883-a530-44cb-8428-d91e422e6b77,317,2021-11-16T16:08:42+00:00,Main,1390,ft^3/s,139,ft,692,ft^2,2.01,ft/s,50.00,ft,Soft,SiltMud,Even,Even,Standard,Steady,MannedMovingBoat,2026-06-28T02:17:33.152264+00:00,adcp,Downstream
05517530,POINT (-87.03388542916231 41.25390845474483),4a820199-e8b8-414f-8c4e-830fc5069a2c,USGS-05517530,450d5b7c-6ed1-bdaa-e053-0100007fdb7b,98,1984-06-20T05:00:00+00:00,Imported Channel 1,1470,ft^3/s,138,ft,614,ft^2,2.40,ft/s,,,Unspecified,Unspecified,Unspecified,Unspecified,Unspecified,Unknown,BridgeCrane,2026-06-28T02:17:33.152264+00:00,point_velocity,Unspecified
05517530,POINT (-87.03388542916231 41.25390845474483),4aa47b84-b779-4d5b-bcb2-4aeac30c70d3,USGS-05517530,450d6112-66c3-bf54-e053-0100007fbeb2,16,1976-04-08T05:00:00+00:00,Imported Channel 1,2380,ft^3/s,,,,,,,,ft,Unspecified,Unspecified,Unspecified,Unspecified,Unspecified,Unknown,Unspecified,2026-06-28T02:17:33.152264+00:00,other_method,Unspecified
05517530,POINT (-87.03388542916231 41.25390845474483),4ac759a6-318c-444d-9c11-3aa9f9268961,USGS-05517530,450d755f-2232-c5dc-e053-0100007f0625,248,2008-02-11T20:41:00+00:00,Imported Channel 1,5180,ft^3/s,168,ft,1850,ft^2,2.77,ft/s,,ft,Unspecified,Unspecified,Unspecified,Unspecified,Unspecified,Unknown,Unspecified,2026-06-28T02:17:33.152264+00:00,adcp,Unspecified
05517530,POINT (-87.03388542916231 41.25390845474483),4adf6767-07a2-49be-b549-0a7810ae1272,USGS-05517530,450d7b90-ca5d-c806-e053-0100007f4264,274,2013-01-10T16:49:27+00:00,MAIN,694,ft^3/s,118,ft,347,ft^2,2.00,ft/s,20.00,ft,Firm,Gravel,Even,Even,Standard,Unknown,BridgeDownstreamSide,2026-06-28T02:17:33.152264+00:00,adcp,Downstream
05517530,POINT (-87.03388542916231 41.25390845474483),4d5a8eea-9efa-49cd-bd09-e1b762b03e7e,USGS-05517530,450d7633-dbb7-c614-e053-0100007f2fd3,14,1976-02-12T05:00:00+00:00,Imported Channel 1,1690,ft^3/s,,,,,,,,ft,Unspecified,Unspecified,Unspecified,Unspecified,Unspecified,Unknown,Unspecified,2026-06-28T02:17:33.152264+00:00,other_method,Unspecified
05517530,POINT (-87.03388542916231 41.25390845474483),4e0163e4-63d5-4a4c-89cc-ea24e69351b4,USGS-05517530,450d93bc-33e1-cf99-e053-0100007f2cfb,282,2014-10-07T22:03:44+00:00,MAIN,2920,ft^3/s,144,ft,1120,ft^2,2.60,ft/s,,ft,Firm,Gravel,Even,Even,Standard,Unknown,MannedMovingBoat,2026-06-28T02:17:33.152264+00:00,adcp,AtTheGage
05517530,POINT (-87.03388542916231 41.25390845474483),4e20dd40-66c9-472b-834b-258e899746c8,USGS-05517530,450d7b90-ca0b-c806-e053-0100007f4264,11,1975-09-19T05:00:00+00:00,Imported Channel 1,735,ft^3/s,,,,,,,,ft,Unspecified,Unspecified,Unspecified,Unspecified,Unspecified,Unknown,Unspecified,2026-06-28T02:17:33.152264+00:00,other_method,Unspecified
05517530,POINT (-87.03388542916231 41.25390845474483),50490b31-810e-4430-8e99-6922f748b3d9,USGS-05517530,450d801d-550a-c9a4-e053-0100007fa371,23,1977-02-24T05:00:00+00:00,Imported Channel 1,1400,ft^3/s,,,,,,,,ft,Unspecified,Unspecified,Unspecified,Unspecified,Unspecified,Unknown,Unspecified,2026-06-28T02:17:33.152264+00:00,other_method,Unspecified
05517530,POINT (-87.03388542916231 41.25390845474483),5064205f-9423-4579-81ea-32fdbd5fbb30,USGS-05517530,450d83e2-8dbd-ca97-e053-0100007ff8bd,20,1976-08-26T05:00:00+00:00,Imported Channel 1,691,ft^3/s,,,,,,,,ft,Unspecified,Unspecified,Unspecified,Unspecified,Unspecified,Unknown,Unspecified,2026-06-28T02:17:33.152264+00:00,other_method,Unspecified
05517530,POINT (-87.03388542916231 41.25390845474483),50f43cf5-cd29-4822-8d1c-d2782c903d8d,USGS-05517530,450d6112-66d8-bf54-e053-0100007fbeb2,115,1986-03-17T05:00:00+00:00,Imported Channel 1,2490,ft^3/s,150,ft,966,ft^2,2.58,ft/s,,,Unspecified,Unspecified,Unspecified,Unspecified,Unspecified,Unknown,BridgeCrane,2026-06-28T02:17:33.152264+00:00,point_velocity,Unspecified
05517530,POINT (-87.03388542916231 41.25390845474483),513b3ca3-8991-4959-9a6f-a3df33991342,USGS-05517530,450d6d8d-2c0c-c36f-e053-0100007f1075,13,1975-12-05T05:00:00+00:00,Imported Channel 1,1910,ft^3/s,,,,,,,,ft,Unspecified,Unspecified,Unspecified,Unspecified,Unspecified,Unknown,Unspecified,2026-06-28T02:17:33.152264+00:00,other_method,Unspecified
05517530,POINT (-87.03388542916231 41.25390845474483),51d11768-be25-468e-b1bf-ef6a4c2ba111,USGS-05517530,c4abf197-a25f-4f09-9412-4967e9e16798,312,2020-09-10T15:31:40+00:00,Main,611,ft^3/s,122,ft,532,ft^2,1.15,ft/s,0.00,ft,Soft,SiltMud,Even,Even,Standard,Steady,MannedMovingBoat,2026-06-28T02:17:33.152264+00:00,adcp,AtTheGage
05517530,POINT (-87.03388542916231 41.25390845474483),51fdf35a-f440-4d05-aa9e-b5f817211159,USGS-05517530,83875787-8922-1e6b-e053-0100007fd5f4,307,2019-03-05T15:18:41+00:00,main,1650,ft^3/s,137,ft,683,ft^2,2.41,ft/s,50.00,ft,Firm,SiltMud,Uneven,Even,Standard,Steady,MannedMovingBoat,2026-06-28T02:17:33.152264+00:00,adcp,Upstream
05517530,POINT (-87.03388542916231 41.25390845474483),52407d36-d2bd-4de9-b1d7-16ae5071070b,USGS-05517530,830613a5-bd1a-4aba-8a5b-2a990d279d4e,320,2022-08-24T16:31:09+00:00,main,440,ft^3/s,127,ft,430,ft^2,1.02,ft/s,15.00,ft,Unspecified,Unspecified,Unspecified,Even,Unspecified,Unspecified,MannedMovingBoat,2026-06-28T02:17:33.152264+00:00,adcp,Downstream
05517530,POINT (-87.03388542916231 41.25390845474483),52db2786-0c69-4949-9b3d-ca7ebcc6031e,USGS-05517530,450d8009-a371-c98e-e053-0100007fd3a6,178,1994-04-05T15:55:00+00:00,Imported Channel 1,1610,ft^3/s,135,ft,632,ft^2,2.50,ft/s,,,Unspecified,Unspecified,Unspecified,Unspecified,Unspecified,Unknown,BridgeCrane,2026-06-28T02:17:33.152264+00:00,point_velocity,Unspecified
05517530,POINT (-87.03388542916231 41.25390845474483),5342bc48-0444-4e9a-955a-9e0d597878d2,USGS-05517530,58fcb7c3-47a3-4c0f-8289-c7e8dbf9a1da,313,2020-12-15T15:21:50+00:00,Main,921,ft^3/s,111,ft,569,ft^2,1.62,ft/s,100.00,ft,Firm,Sand,Even,Unspecified,Standard,Steady,BridgeDownstreamSide,2026-06-28T02:17:33.152264+00:00,adcp,Downstream
05517530,POINT (-87.03388542916231 41.25390845474483),555d3265-46ca-4a41-ba44-6d7accf7782c,USGS-05517530,450d7807-1a43-c6c0-e053-0100007ff875,231,2004-11-29T20:35:00+00:00,Imported Channel 1,2000,ft^3/s,132,ft,842,ft^2,2.37,ft/s,,ft,Unspecified,Unspecified,Unspecified,Unspecified,Unspecified,Unknown,Unspecified,2026-06-28T02:17:33.152264+00:00,adcp,Unspecified
05517530,POINT (-87.03388542916231 41.25390845474483),5587d834-9883-4494-bc07-e17e9b76c161,USGS-05517530,450d8025-d650-c98a-e053-0100007f6233,179,1994-06-07T14:25:00+00:00,Imported Channel 1,772,ft^3/s,118,ft,309,ft^2,2.50,ft/s,,,Unspecified,Unspecified,Unspecified,Unspecified,Unspecified,Unknown,BridgeCrane,2026-06-28T02:17:33.152264+00:00,point_velocity,Unspecified
05517530,POINT (-87.03388542916231 41.25390845474483),5636655b-acc9-46f5-83dc-e5b18b0c277c,USGS-05517530,450d59de-28a1-bcdc-e053-0100007f93f3,216,2001-07-30T23:39:00+00:00,Imported Channel 1,1070,ft^3/s,141,ft,550,ft^2,2.01,ft/s,,,Unspecified,Unspecified,Unspecified,Unspecified,Unspecified,Unknown,Boat,2026-06-28T02:17:33.152264+00:00,point_velocity,Unspecified
05517530,POINT (-87.03388542916231 41.25390845474483),5641b2f9-3168-4caa-b58d-a55cf946bb24,USGS-05517530,450d7508-713c-c5ac-e053-0100007f62d3,285,2015-03-30T20:44:42+00:00,main,1740,ft^3/s,144,ft,693,ft^2,2.51,ft/s,,ft,Firm,SiltMud,Even,Even,Standard,Unknown,BridgeDownstreamSide,2026-06-28T02:17:33.152264+00:00,adcp,AtTheGage
05517530,POINT (-87.03388542916231 41.25390845474483),5684004c-d843-4303-a419-5f618d49e251,USGS-05517530,450d9963-5171-d1b5-e053-0100007f7f72,268,2012-02-01T21:11:00+00:00,Imported Channel 1,2680,ft^3/s,132,ft,1200,ft^2,2.24,ft/s,600.00,ft,Soft,Sand,Unspecified,Unspecified,Standard,Unknown,MannedMovingBoat,2026-06-28T02:17:33.152264+00:00,adcp,Upstream
05517530,POINT (-87.03388542916231 41.25390845474483),57d922fd-9735-403d-8407-9336c9f7cf29,USGS-05517530,450d97b8-dc92-d132-e053-0100007f4a15,250,2008-07-16T19:39:00+00:00,Imported Channel 1,691,ft^3/s,111,ft,306,ft^2,2.27,ft/s,,,Unspecified,Unspecified,Unspecified,Unspecified,Unspecified,Unknown,Wading,2026-06-28T02:17:33.152264+00:00,point_velocity,Unspecified
05517530,POINT (-87.03388542916231 41.25390845474483),582794e7-db9c-477c-b2c9-cc83b7ae05e4,USGS-05517530,450d844f-61ff-ca9b-e053-0100007ff3e5,100,1984-09-06T05:00:00+00:00,Imported Channel 1,505,ft^3/s,103,ft,229,ft^2,2.21,ft/s,,,Unspecified,Unspecified,Unspecified,Unspecified,Unspecified,Unknown,Wading,2026-06-28T02:17:33.152264+00:00,point_velocity,Unspecified
05517530,POINT (-87.03388542916231 41.25390845474483),58d38b45-866e-4b09-80d0-d5b1b8bdcfb1,USGS-05517530,cfbbe624-4ae5-4c0b-825a-96179056e1ef,316,2021-09-15T18:50:13+00:00,Main,579,ft^3/s,123,ft,501,ft^2,1.16,ft/s,0.00,ft,Firm,Sand,Even,Even,Standard,Steady,MannedMovingBoat,2026-06-28T02:17:33.152264+00:00,adcp,AtTheGage
05517530,POINT (-87.03388542916231 41.25390845474483),59eab45a-0343-456d-afc6-385df9de4c83,USGS-05517530,87d7b4ba-7513-424c-aaaf-744404758ef5,323,2023-03-09T14:27:55+00:00,main,3350,ft^3/s,140,ft,1270,ft^2,2.64,ft/s,100.00,ft,Firm,Sand,Even,Unspecified,Standard,Steady,MannedMovingBoat,2026-06-28T02:17:33.152264+00:00,adcp,Downstream
05517530,POINT (-87.03388542916231 41.25390845474483),59fe2895-dcd8-43d2-90cd-d1770080c243,USGS-05517530,559e91f9-16f9-a735-e053-0100007ff15e,299,2017-03-28T13:55:30+00:00,main,2650,ft^3/s,143,ft,1070,ft^2,2.47,ft/s,20.00,ft,Firm,Gravel,Even,Even,Standard,Unknown,MannedMovingBoat,2026-06-28T02:17:33.152264+00:00,adcp,Downstream
05517530,POINT (-87.03388542916231 41.25390845474483),5a69bdff-18b6-4db9-8012-3fb56f7eac1f,USGS-05517530,69ba92fd-4a25-98ca-e053-0100007fdd20,303,2018-04-03T13:27:59+00:00,main,2530,ft^3/s,140,ft,1060,ft^2,2.39,ft/s,0.00,ft,Soft,SiltMud,Even,Even,Standard,Steady,MannedMovingBoat,2026-06-28T02:17:33.152264+00:00,adcp,AtTheGage
05517530,POINT (-87.03388542916231 41.25390845474483),5b942f69-99a5-40d1-94e6-dd5944653ee2,USGS-05517530,450d59de-2890-bcdc-e053-0100007f93f3,181,1994-09-16T14:15:00+00:00,Imported Channel 1,724,ft^3/s,116,ft,288,ft^2,2.51,ft/s,,,Unspecified,Unspecified,Unspecified,Unspecified,Unspecified,Unknown,BridgeCrane,2026-06-28T02:17:33.152264+00:00,point_velocity,Unspecified
05517530,POINT (-87.03388542916231 41.25390845474483),5dcb4354-39a3-4758-9ac7-be58b684858c,USGS-05517530,450d7905-f5a1-c71b-e053-0100007f311d,122,1987-01-13T05:00:00+00:00,Imported Channel 1,1200,ft^3/s,130,ft,462,ft^2,2.60,ft/s,,,Unspecified,Unspecified,Unspecified,Unspecified,Unspecified,Unknown,BridgeCrane,2026-06-28T02:17:33.152264+00:00,point_velocity,Unspecified
05517530,POINT (-87.03388542916231 41.25390845474483),5f1ab0b2-53bf-49f3-b0f8-d854d48e18d0,USGS-05517530,450d7807-1a4d-c6c0-e053-0100007ff875,283,2014-12-03T20:28:00+00:00,main,1920,ft^3/s,157,ft,792,ft^2,2.42,ft/s,,ft,Firm,SiltMud,Even,Even,Standard,Unknown,BridgeDownstreamSide,2026-06-28T02:17:33.152264+00:00,adcp,AtTheGage
05517530,POINT (-87.03388542916231 41.25390845474483),5f45f1f5-1dd9-4a2c-9cd3-687bdd933c78,USGS-05517530,450d8b8a-ef60-ccf2-e053-0100007fb93e,83,1983-06-09T05:00:00+00:00,Imported Channel 1,1660,ft^3/s,,,,,,,,ft,Unspecified,Unspecified,Unspecified,Unspecified,Unspecified,Unknown,Unspecified,2026-06-28T02:17:33.152264+00:00,other_method,Unspecified
05517530,POINT (-87.03388542916231 41.25390845474483),5ff70f0e-1f92-4ce7-85ac-b678f0ca62d7,USGS-05517530,450d83d9-87f8-ca99-e053-0100007fbb0c,159,1991-07-02T13:30:00+00:00,Imported Channel 1,969,ft^3/s,125,ft,389,ft^2,2.49,ft/s,,,Unspecified,Unspecified,Unspecified,Unspecified,Unspecified,Unknown,BridgeCrane,2026-06-28T02:17:33.152264+00:00,point_velocity,Unspecified
05517530,POINT (-87.03388542916231 41.25390845474483),601123d7-f644-44b4-85b3-b309bccb04fe,USGS-05517530,450d74fb-bc82-c5aa-e053-0100007fdfb9,238,2006-04-13T14:45:00+00:00,Imported Channel 1,1060,ft^3/s,113,ft,449,ft^2,2.37,ft/s,,ft,Unspecified,Unspecified,Unspecified,Unspecified,Unspecified,Unknown,Unspecified,2026-06-28T02:17:33.152264+00:00,adcp,Unspecified
05517530,POINT (-87.03388542916231 41.25390845474483),6157abba-1d8e-482c-9ae5-8bb10287d261,USGS-05517530,450d7cb8-334c-c808-e053-0100007fc000,160,1991-07-30T13:07:00+00:00,Imported Channel 1,491,ft^3/s,98.0,ft,227,ft^2,2.16,ft/s,,,Unspecified,Unspecified,Unspecified,Unspecified,Unspecified,Unknown,Wading,2026-06-28T02:17:33.152264+00:00,point_velocity,Unspecified
05517530,POINT (-87.03388542916231 41.25390845474483),63294038-845f-4754-9d3c-6dcfe7744996,USGS-05517530,49410f57-9d26-4b89-842a-779ce2b5ddf8,321,2022-11-01T15:12:06+00:00,main,741,ft^3/s,131,ft,586,ft^2,1.26,ft/s,0.00,ft,Unspecified,Unspecified,Unspecified,Even,Unspecified,Unspecified,MannedMovingBoat,2026-06-28T02:17:33.152264+00:00,adcp,AtTheGage
05517530,POINT (-87.03388542916231 41.25390845474483),63f78286-e77d-4f64-b78a-33613802ac7b,USGS-05517530,450d8d4d-c011-cd9f-e053-0100007faf42,152,1990-10-12T14:40:00+00:00,Imported Channel 1,3520,ft^3/s,270,ft,1640,ft^2,2.15,ft/s,,,Unspecified,Unspecified,Unspecified,Unspecified,Unspecified,Unknown,BridgeCrane,2026-06-28T02:17:33.152264+00:00,point_velocity,Unspecified
05517530,POINT (-87.03388542916231 41.25390845474483),640bbc18-467a-4887-8c7c-25b99d42319b,USGS-05517530,450d59de-286d-bcdc-e053-0100007f93f3,92,1983-11-16T05:00:00+00:00,Imported Channel 1,765,ft^3/s,119,ft,308,ft^2,2.48,ft/s,,,Unspecified,Unspecified,Unspecified,Unspecified,Unspecified,Unknown,Wading,2026-06-28T02:17:33.152264+00:00,point_velocity,Unspecified
05517530,POINT (-87.03388542916231 41.25390845474483),64c00a65-0e4e-44d2-9800-b4b2e28a7ce9,USGS-05517530,450d8366-3296-ca77-e053-0100007fc6b4,38,1978-08-15T05:00:00+00:00,Imported Channel 1,462,ft^3/s,,,,,,,,ft,Unspecified,Unspecified,Unspecified,Unspecified,Unspecified,Unknown,Unspecified,2026-06-28T02:17:33.152264+00:00,other_method,Unspecified
05517530,POINT (-87.03388542916231 41.25390845474483),65412702-f2f9-4174-93f6-0feda27f4d6c,USGS-05517530,450d7807-1a14-c6c0-e053-0100007ff875,105,1985-03-01T05:00:00+00:00,Imported Channel 1,4910,ft^3/s,312,ft,2100,ft^2,2.34,ft/s,,,Unspecified,Unspecified,Unspecified,Unspecified,Unspecified,Unknown,BridgeCrane,2026-06-28T02:17:33.152264+00:00,point_velocity,Unspecified
05517530,POINT (-87.03388542916231 41.25390845474483),659f4024-d7cc-490c-9d92-b82a1db291af,USGS-05517530,450d83e2-8dff-ca97-e053-0100007ff8bd,232,2005-03-07T22:15:00+00:00,Imported Channel 1,2690,ft^3/s,155,ft,1110,ft^2,2.42,ft/s,,ft,Unspecified,Unspecified,Unspecified,Unspecified,Unspecified,Unknown,Unspecified,2026-06-28T02:17:33.152264+00:00,adcp,Unspecified
05517530,POINT (-87.03388542916231 41.25390845474483),66839591-fe25-4b8a-8735-85a7b3a635af,USGS-05517530,450d7835-fd18-c6bc-e053-0100007f9bde,212,2000-10-03T14:02:00+00:00,Imported Channel 1,532,ft^3/s,,,321,ft^2,1.42,ft/s,,,Unspecified,Unspecified,Unspecified,Unspecified,Unspecified,Unknown,Boat,2026-06-28T02:17:33.152264+00:00,point_velocity,Unspecified
05517530,POINT (-87.03388542916231 41.25390845474483),66d240e0-092c-4498-bb0b-1617881c0907,USGS-05517530,450d5d9a-3682-be47-e053-0100007f93ec,59,1980-09-25T05:00:00+00:00,Imported Channel 1,1020,ft^3/s,,,,,,,,ft,Unspecified,Unspecified,Unspecified,Unspecified,Unspecified,Unknown,Unspecified,2026-06-28T02:17:33.152264+00:00,other_method,Unspecified
05517530,POINT (-87.03388542916231 41.25390845474483),67394dc1-1c65-4339-8ad4-c2aa5d5874c9,USGS-05517530,450d6778-bb87-c146-e053-0100007f1cd9,65,1981-05-19T05:00:00+00:00,Imported Channel 1,4510,ft^3/s,,,,,,,,ft,Unspecified,Unspecified,Unspecified,Unspecified,Unspecified,Unknown,Unspecified,2026-06-28T02:17:33.152264+00:00,other_method,Unspecified
05517530,POINT (-87.03388542916231 41.25390845474483),67e589a2-1250-42bc-a29b-679e4e8fc8ae,USGS-05517530,450d7633-dbe4-c614-e053-0100007f2fd3,182,1994-12-19T20:30:00+00:00,Imported Channel 1,2010,ft^3/s,147,ft,779,ft^2,2.58,ft/s,,,Unspecified,Unspecified,Unspecified,Unspecified,Unspecified,Unknown,BridgeCrane,2026-06-28T02:17:33.152264+00:00,point_velocity,Unspecified
05517530,POINT (-87.03388542916231 41.25390845474483),680e786c-4fce-42b0-acba-0b95c3c5b5b2,USGS-05517530,450d7b90-ca2c-c806-e053-0100007f4264,156,1991-01-29T13:05:00+00:00,Imported Channel 1,2980,ft^3/s,230,ft,1160,ft^2,2.56,ft/s,,,Unspecified,Unspecified,Unspecified,Unspecified,Unspecified,Unknown,BridgeCrane,2026-06-28T02:17:33.152264+00:00,point_velocity,Unspecified
05517530,POINT (-87.03388542916231 41.25390845474483),69403f53-815e-4577-8a60-4d45a15f8180,USGS-05517530,2729447d-e260-46d2-9977-14b5c61c36a2,334,2025-04-29T18:24:10+00:00,Main,1290,ft^3/s,145,ft,817,ft^2,1.58,ft/s,0.00,ft,Unspecified,Unspecified,Unspecified,Even,Unspecified,Unspecified,MannedMovingBoat,2026-06-28T02:17:33.152264+00:00,adcp,AtTheGage
05517530,POINT (-87.03388542916231 41.25390845474483),6b2a22fd-b326-4ee5-8d00-2e134f5697c0,USGS-05517530,450d74a1-f54a-c5a4-e053-0100007f102d,149,1990-06-05T12:45:00+00:00,Imported Channel 1,1720,ft^3/s,143,ft,700,ft^2,2.46,ft/s,,,Unspecified,Unspecified,Unspecified,Unspecified,Unspecified,Unknown,BridgeCrane,2026-06-28T02:17:33.152264+00:00,point_velocity,Unspecified
05517530,POINT (-87.03388542916231 41.25390845474483),6b6e8ffc-12d2-4bbe-aedf-a8138a0b5217,USGS-05517530,450d7647-aebb-c612-e053-0100007f5f06,88,1983-10-27T05:00:00+00:00,Imported Channel 1,652,ft^3/s,109,ft,289,ft^2,2.26,ft/s,,,Unspecified,Unspecified,Unspecified,Unspecified,Unspecified,Unknown,Wading,2026-06-28T02:17:33.152264+00:00,point_velocity,Unspecified
05517530,POINT (-87.03388542916231 41.25390845474483),6c123eac-7591-43ef-882f-67ac2c1e77f2,USGS-05517530,450d59df-b2f9-bcd4-e053-0100007f1988,133,1988-07-19T19:30:00+00:00,Imported Channel 1,468,ft^3/s,104,ft,254,ft^2,1.84,ft/s,,,Unspecified,Unspecified,Unspecified,Unspecified,Unspecified,Unknown,Wading,2026-06-28T02:17:33.152264+00:00,point_velocity,Unspecified
05517530,POINT (-87.03388542916231 41.25390845474483),6c91edba-0cf2-4d42-bfea-48a53e7e53e7,USGS-05517530,450d59de-2864-bcdc-e053-0100007f93f3,73,1982-03-15T05:00:00+00:00,Imported Channel 1,4250,ft^3/s,,,,,,,,ft,Unspecified,Unspecified,Unspecified,Unspecified,Unspecified,Unknown,Unspecified,2026-06-28T02:17:33.152264+00:00,other_method,Unspecified
05517530,POINT (-87.03388542916231 41.25390845474483),6cd9d861-3f03-4d55-8fef-398f3cfc8330,USGS-05517530,450d59de-286d-bcdc-e053-0100007f93f3,93,1983-11-16T05:00:00+00:00,Imported Channel 1,770,ft^3/s,119,ft,305,ft^2,2.52,ft/s,,,Unspecified,Unspecified,Unspecified,Unspecified,Unspecified,Unknown,Wading,2026-06-28T02:17:33.152264+00:00,point_velocity,Unspecified
05517530,POINT (-87.03388542916231 41.25390845474483),6d2d04c6-95cf-43cd-b0b0-8b52a2633761,USGS-05517530,450d7807-1a1f-c6c0-e053-0100007ff875,147,1990-03-15T17:15:00+00:00,Imported Channel 1,3670,ft^3/s,270,ft,1560,ft^2,2.35,ft/s,,,Unspecified,Unspecified,Unspecified,Unspecified,Unspecified,Unknown,BridgeCrane,2026-06-28T02:17:33.152264+00:00,point_velocity,Unspecified
05517530,POINT (-87.03388542916231 41.25390845474483),6d7e9ef3-1e86-436b-88ee-123f35fcb072,USGS-05517530,450d7cb8-337b-c808-e053-0100007fc000,272,2012-08-30T16:51:59+00:00,Main,460,ft^3/s,116,ft,256,ft^2,1.80,ft/s,20.00,ft,Firm,Gravel,Even,Even,Standard,Unknown,BridgeDownstreamSide,2026-06-28T02:17:33.152264+00:00,adcp,Downstream
05517530,POINT (-87.03388542916231 41.25390845474483),6de83a94-7930-4f71-bd04-774ce632cb8b,USGS-05517530,450d7924-8bb4-c71d-e053-0100007f2f30,25,1977-05-03T05:00:00+00:00,Imported Channel 1,1450,ft^3/s,,,,,,,,ft,Unspecified,Unspecified,Unspecified,Unspecified,Unspecified,Unknown,Unspecified,2026-06-28T02:17:33.152264+00:00,other_method,Unspecified
05517530,POINT (-87.03388542916231 41.25390845474483),6eda634c-6b22-41c9-9906-e87ce01b3f68,USGS-05517530,00faba01-366e-429c-b094-983d84e30af8,314,2021-03-09T13:22:44+00:00,Main,1370,ft^3/s,123,ft,609,ft^2,2.25,ft/s,20.00,ft,Firm,Sand,Even,Unspecified,Standard,Steady,BridgeDownstreamSide,2026-06-28T02:17:33.152264+00:00,adcp,Downstream
05517530,POINT (-87.03388542916231 41.25390845474483),6f65dd26-8a10-4c84-adcb-735a4c9ba0c6,USGS-05517530,450d6412-5523-c055-e053-0100007fc473,153,1990-12-01T16:00:00+00:00,Imported Channel 1,3260,ft^3/s,264,ft,1530,ft^2,2.13,ft/s,,,Unspecified,Unspecified,Unspecified,Unspecified,Unspecified,Unknown,BridgeCrane,2026-06-28T02:17:33.152264+00:00,point_velocity,Unspecified
05517530,POINT (-87.03388542916231 41.25390845474483),720061d0-d5ee-44a0-9088-5d1b37ce72d9,USGS-05517530,450d59df-b2f4-bcd4-e053-0100007f1988,120,1986-10-22T05:00:00+00:00,Imported Channel 1,1400,ft^3/s,133,ft,552,ft^2,2.54,ft/s,,,Unspecified,Unspecified,Unspecified,Unspecified,Unspecified,Unknown,BridgeCrane,2026-06-28T02:17:33.152264+00:00,point_velocity,Unspecified
05517530,POINT (-87.03388542916231 41.25390845474483),73c322af-e689-43d5-8111-0d88eb0bf0a2,USGS-05517530,450d8009-a361-c98e-e053-0100007fd3a6,139,1989-01-19T13:50:00+00:00,Imported Channel 1,1760,ft^3/s,114,ft,739,ft^2,2.38,ft/s,,,Unspecified,Unspecified,Unspecified,Unspecified,Unspecified,Unknown,BridgeCrane,2026-06-28T02:17:33.152264+00:00,point_velocity,Unspecified
05517530,POINT (-87.03388542916231 41.25390845474483),74005602-8958-469d-907d-e2227f936a4c,USGS-05517530,450d7852-cf4c-c6be-e053-0100007f4e14,75,1982-03-25T05:00:00+00:00,Imported Channel 1,6420,ft^3/s,,,,,,,,ft,Unspecified,Unspecified,Unspecified,Unspecified,Unspecified,Unknown,Unspecified,2026-06-28T02:17:33.152264+00:00,other_method,Unspecified
05517530,POINT (-87.03388542916231 41.25390845474483),748dac7e-62da-4068-b9a1-1a3a14249736,USGS-05517530,450d844f-620d-ca9b-e053-0100007ff3e5,136,1988-09-12T20:05:00+00:00,Imported Channel 1,414,ft^3/s,99.0,ft,210,ft^2,1.97,ft/s,,,Unspecified,Unspecified,Unspecified,Unspecified,Unspecified,Unknown,Wading,2026-06-28T02:17:33.152264+00:00,point_velocity,Unspecified
05517530,POINT (-87.03388542916231 41.25390845474483),74986e71-65c4-4ef4-b5ce-da48628c0685,USGS-05517530,450d8366-329b-ca77-e053-0100007fc6b4,78,1982-10-05T05:00:00+00:00,Imported Channel 1,617,ft^3/s,,,,,,,,ft,Unspecified,Unspecified,Unspecified,Unspecified,Unspecified,Unknown,Unspecified,2026-06-28T02:17:33.152264+00:00,other_method,Unspecified
05517530,POINT (-87.03388542916231 41.25390845474483),75157423-4f61-4115-bb09-fa8fdef4255f,USGS-05517530,450d8d72-cf3c-cda1-e053-0100007f20fe,281,2014-04-15T21:07:35+00:00,MAIN,2280,ft^3/s,152,ft,884,ft^2,2.58,ft/s,10.00,ft,Firm,Cobbles,Even,Even,Standard,Unknown,BridgeDownstreamSide,2026-06-28T02:17:33.152264+00:00,adcp,Downstream
05517530,POINT (-87.03388542916231 41.25390845474483),773a92b2-32d7-4783-b1c5-ad5ce79589d1,USGS-05517530,450d6d8d-2c24-c36f-e053-0100007f1075,91,1983-11-15T05:00:00+00:00,Imported Channel 1,598,ft^3/s,109,ft,302,ft^2,1.98,ft/s,,,Unspecified,Unspecified,Unspecified,Unspecified,Unspecified,Unknown,Wading,2026-06-28T02:17:33.152264+00:00,point_velocity,Unspecified
05517530,POINT (-87.03388542916231 41.25390845474483),77410632-b95e-4d4b-8037-ced22c1c4d92,USGS-05517530,450d5979-6679-bcea-e053-0100007f9e33,97,1984-05-08T05:00:00+00:00,Imported Channel 1,1800,ft^3/s,140,ft,735,ft^2,2.45,ft/s,,,Unspecified,Unspecified,Unspecified,Unspecified,Unspecified,Unknown,BridgeCrane,2026-06-28T02:17:33.152264+00:00,point_velocity,Unspecified
05517530,POINT (-87.03388542916231 41.25390845474483),777584ac-d4ee-40c9-8e62-a16331183274,USGS-05517530,450d6932-09fc-c1dc-e053-0100007f502a,55,1980-06-04T05:00:00+00:00,Imported Channel 1,2570,ft^3/s,,,,,,,,ft,Unspecified,Unspecified,Unspecified,Unspecified,Unspecified,Unknown,Unspecified,2026-06-28T02:17:33.152264+00:00,other_method,Unspecified
05517530,POINT (-87.03388542916231 41.25390845474483),77c8c3b4-e61f-44fe-b673-1c836cdb4013,USGS-05517530,450d761c-cf1d-c616-e053-0100007ff421,42,1979-03-06T05:00:00+00:00,Imported Channel 1,3870,ft^3/s,,,,,,,,ft,Unspecified,Unspecified,Unspecified,Unspecified,Unspecified,Unknown,Unspecified,2026-06-28T02:17:33.152264+00:00,other_method,Unspecified
05517530,POINT (-87.03388542916231 41.25390845474483),7835f53f-0fa4-4ab7-988f-56ae12437b6d,USGS-05517530,450d8d72-cf0e-cda1-e053-0100007f20fe,172,1993-04-27T16:05:00+00:00,Imported Channel 1,3090,ft^3/s,236,ft,1310,ft^2,2.37,ft/s,,,Unspecified,Unspecified,Unspecified,Unspecified,Unspecified,Unknown,BridgeCrane,2026-06-28T02:17:33.152264+00:00,point_velocity,Unspecified
05517530,POINT (-87.03388542916231 41.25390845474483),78ae7212-e6ab-401f-a9cd-bda9f0923195,USGS-05517530,450d9963-516c-d1b5-e053-0100007f7f72,254,2009-10-28T14:42:00+00:00,Kankakee nr Kouts,1500,ft^3/s,131,ft,793,ft^2,1.89,ft/s,50.00,ft,Firm,Gravel,Even,Even,Unspecified,Unknown,MannedMovingBoat,2026-06-28T02:17:33.152264+00:00,adcp,Upstream
05517530,POINT (-87.03388542916231 41.25390845474483),79527578-df66-4ba1-9317-304a7acba298,USGS-05517530,450d83e2-8dfe-ca97-e053-0100007ff8bd,230,2004-10-19T18:44:00+00:00,Imported Channel 1,566,ft^3/s,110,ft,455,ft^2,1.25,ft/s,,ft,Unspecified,Unspecified,Unspecified,Unspecified,Unspecified,Unknown,Unspecified,2026-06-28T02:17:33.152264+00:00,adcp,Unspecified
05517530,POINT (-87.03388542916231 41.25390845474483),79704a21-eff7-4d3d-a35f-6ee94cbdb974,USGS-05517530,450d8995-22f9-cc18-e053-0100007fff40,180,1994-08-09T16:20:00+00:00,Imported Channel 1,929,ft^3/s,123,ft,356,ft^2,2.61,ft/s,,,Unspecified,Unspecified,Unspecified,Unspecified,Unspecified,Unknown,BridgeCrane,2026-06-28T02:17:33.152264+00:00,point_velocity,Unspecified
05517530,POINT (-87.03388542916231 41.25390845474483),7a204ef8-df0d-4814-993d-e87c9794ca06,USGS-05517530,450d83d9-881f-ca99-e053-0100007fbb0c,267,2011-12-07T14:26:00+00:00,main,2370,ft^3/s,137,ft,1030,ft^2,2.30,ft/s,600.00,ft,Soft,Sand,Unspecified,Uneven,Standard,Unknown,Cableway,2026-06-28T02:17:33.152264+00:00,adcp,Upstream
05517530,POINT (-87.03388542916231 41.25390845474483),7a410f9e-e16a-4368-965f-7c286a7f416e,USGS-05517530,450d7557-6a3a-c5d8-e053-0100007ffe37,129,1988-02-22T19:25:00+00:00,Imported Channel 1,1830,ft^3/s,140,ft,708,ft^2,2.58,ft/s,,,Unspecified,Unspecified,Unspecified,Unspecified,Unspecified,Unknown,BridgeCrane,2026-06-28T02:17:33.152264+00:00,point_velocity,Unspecified
05517530,POINT (-87.03388542916231 41.25390845474483),7a5fd860-063d-437a-a1bd-1c2779d73856,USGS-05517530,5215d22d-db31-1b87-e053-0100007fb27a,300,2017-06-13T13:32:22+00:00,main,1270,ft^3/s,125,ft,652,ft^2,1.94,ft/s,0.00,ft,Soft,SiltMud,Unspecified,Unspecified,Standard,Steady,MannedMovingBoat,2026-06-28T02:17:33.152264+00:00,adcp,AtTheGage
05517530,POINT (-87.03388542916231 41.25390845474483),7a71f7d2-e1bd-462f-bed7-a9cec0fdf53f,USGS-05517530,450d844f-6242-ca9b-e053-0100007ff3e5,271,2012-07-18T14:35:59+00:00,MAIN,280,ft^3/s,88.0,ft,132,ft^2,2.12,ft/s,,ft,Firm,Gravel,Even,Even,Standard,Unknown,BridgeDownstreamSide,2026-06-28T02:17:33.152264+00:00,adcp,AtTheGage
05517530,POINT (-87.03388542916231 41.25390845474483),7ab92ccf-8d06-4bf0-90c6-f2d18aa70431,USGS-05517530,450d86cc-8a69-cb86-e053-0100007fa9d1,266,2011-10-20T17:56:31+00:00,main,907,ft^3/s,114,ft,372,ft^2,2.44,ft/s,30.00,ft,Soft,Sand,Uneven,Uneven,Standard,Unknown,MannedMovingBoat,2026-06-28T02:17:33.152264+00:00,adcp,Upstream
05517530,POINT (-87.03388542916231 41.25390845474483),7afded2a-f576-48b4-ad97-1a76654e143e,USGS-05517530,450d961b-d65b-d0a4-e053-0100007fbd87,291,2015-10-28T18:07:53+00:00,Main,734,ft^3/s,124,ft,556,ft^2,1.32,ft/s,,ft,Soft,SiltMud,Even,Even,Standard,Unknown,MannedMovingBoat,2026-06-28T02:17:33.152264+00:00,adcp,AtTheGage
05517530,POINT (-87.03388542916231 41.25390845474483),7cc6d04b-a72d-46dc-ba53-dcb16def41ac,USGS-05517530,450d7924-8bf0-c71d-e053-0100007f2f30,249,2008-04-09T15:57:00+00:00,Imported Channel 1,2660,ft^3/s,137,ft,1080,ft^2,2.46,ft/s,,ft,Unspecified,Unspecified,Unspecified,Unspecified,Unspecified,Unknown,Unspecified,2026-06-28T02:17:33.152264+00:00,adcp,Unspecified
05517530,POINT (-87.03388542916231 41.25390845474483),7cf3c523-7c88-4f5d-8732-a0b71fa05132,USGS-05517530,450d7b90-ca27-c806-e053-0100007f4264,134,1988-07-28T15:00:00+00:00,Imported Channel 1,357,ft^3/s,95.0,ft,187,ft^2,1.90,ft/s,,,Unspecified,Unspecified,Unspecified,Unspecified,Unspecified,Unknown,Wading,2026-06-28T02:17:33.152264+00:00,point_velocity,Unspecified
05517530,POINT (-87.03388542916231 41.25390845474483),7cfffb4d-b14f-4127-ba32-73ecd3a56e7c,USGS-05517530,450d8009-a348-c98e-e053-0100007fd3a6,44,1979-04-02T05:00:00+00:00,Imported Channel 1,3500,ft^3/s,,,,,,,,ft,Unspecified,Unspecified,Unspecified,Unspecified,Unspecified,Unknown,Unspecified,2026-06-28T02:17:33.152264+00:00,other_method,Unspecified
05517530,POINT (-87.03388542916231 41.25390845474483),7de53d33-679d-4e95-a6d2-b1932e1edead,USGS-05517530,99929ad6-d546-44ab-bcd5-0f33a89b13bd,330,2024-07-11T15:27:54+00:00,main,2720,ft^3/s,133,ft,1130,ft^2,2.40,ft/s,100.00,ft,Firm,Sand,Even,Unspecified,Standard,Steady,MannedMovingBoat,2026-06-28T02:17:33.152264+00:00,adcp,Downstream
05517530,POINT (-87.03388542916231 41.25390845474483),81c35884-13a2-4ced-b35c-df11225f80b0,USGS-05517530,450d7523-2a69-c5b4-e053-0100007f357b,241,2006-10-10T21:15:00+00:00,Imported Channel 1,995,ft^3/s,109,ft,423,ft^2,2.35,ft/s,,ft,Unspecified,Unspecified,Unspecified,Unspecified,Unspecified,Unknown,Unspecified,2026-06-28T02:17:33.152264+00:00,adcp,Unspecified
05517530,POINT (-87.03388542916231 41.25390845474483),81e96880-edd0-4fc1-a4d9-314c2c07fc30,USGS-05517530,450d7cb8-333a-c808-e053-0100007fc000,101,1984-09-11T05:00:00+00:00,Imported Channel 1,617,ft^3/s,107,ft,270,ft^2,2.28,ft/s,,,Unspecified,Unspecified,Unspecified,Unspecified,Unspecified,Unknown,Wading,2026-06-28T02:17:33.152264+00:00,point_velocity,Unspecified
05517530,POINT (-87.03388542916231 41.25390845474483),8259f434-db1e-4624-8b71-bc1ec3a84078,USGS-05517530,450d6778-bb80-c146-e053-0100007f1cd9,48,1979-08-28T05:00:00+00:00,Imported Channel 1,814,ft^3/s,,,,,,,,ft,Unspecified,Unspecified,Unspecified,Unspecified,Unspecified,Unknown,Unspecified,2026-06-28T02:17:33.152264+00:00,other_method,Unspecified
05517530,POINT (-87.03388542916231 41.25390845474483),83f3ef57-ec2e-47d7-932a-b38a8e8e9702,USGS-05517530,450d755f-221f-c5dc-e053-0100007f0625,193,1996-12-03T15:52:00+00:00,Imported Channel 1,2140,ft^3/s,,,,,0.00,ft/s,,,Unspecified,Unspecified,Unspecified,Unspecified,Unspecified,Unknown,Boat,2026-06-28T02:17:33.152264+00:00,point_velocity,Unspecified
05517530,POINT (-87.03388542916231 41.25390845474483),844add2c-c463-40fe-bcfd-3311177bd955,USGS-05517530,450d7647-aec1-c612-e053-0100007f5f06,117,1986-06-09T05:00:00+00:00,Imported Channel 1,2840,ft^3/s,208,ft,1100,ft^2,2.58,ft/s,,,Unspecified,Unspecified,Unspecified,Unspecified,Unspecified,Unknown,BridgeCrane,2026-06-28T02:17:33.152264+00:00,point_velocity,Unspecified
05517530,POINT (-87.03388542916231 41.25390845474483),85d6df46-dcf7-457d-8859-edc0adcafb90,USGS-05517530,450d801d-551a-c9a4-e053-0100007fa371,125,1987-05-26T05:00:00+00:00,Imported Channel 1,1610,ft^3/s,140,ft,666,ft^2,2.42,ft/s,,,Unspecified,Unspecified,Unspecified,Unspecified,Unspecified,Unknown,BridgeCrane,2026-06-28T02:17:33.152264+00:00,point_velocity,Unspecified
05517530,POINT (-87.03388542916231 41.25390845474483),87859296-ccf1-4872-9b57-7179f334415f,USGS-05517530,450d59df-b2e5-bcd4-e053-0100007f1988,82,1983-05-04T05:00:00+00:00,Imported Channel 1,4060,ft^3/s,,,,,,,,ft,Unspecified,Unspecified,Unspecified,Unspecified,Unspecified,Unknown,Unspecified,2026-06-28T02:17:33.152264+00:00,other_method,Unspecified
05517530,POINT (-87.03388542916231 41.25390845474483),8844a556-b678-4a3f-8e19-c02180c65705,USGS-05517530,450d6772-4483-c143-e053-0100007f95ca,84,1983-07-28T05:00:00+00:00,Imported Channel 1,935,ft^3/s,,,,,,,,ft,Unspecified,Unspecified,Unspecified,Unspecified,Unspecified,Unknown,Unspecified,2026-06-28T02:17:33.152264+00:00,other_method,Unspecified
05517530,POINT (-87.03388542916231 41.25390845474483),8891c7e6-7466-4237-8e76-6682e0c34ae2,USGS-05517530,450d8009-a363-c98e-e053-0100007fd3a6,143,1989-07-11T18:00:00+00:00,Imported Channel 1,1010,ft^3/s,124,ft,395,ft^2,2.56,ft/s,,,Unspecified,Unspecified,Unspecified,Unspecified,Unspecified,Unknown,BridgeCrane,2026-06-28T02:17:33.152264+00:00,point_velocity,Unspecified
05517530,POINT (-87.03388542916231 41.25390845474483),8bbf93be-f5bc-4a0e-b193-45377b0e3246,USGS-05517530,450d8d4d-c008-cd9f-e053-0100007faf42,126,1987-06-24T05:00:00+00:00,Imported Channel 1,987,ft^3/s,122,ft,390,ft^2,2.53,ft/s,,,Unspecified,Unspecified,Unspecified,Unspecified,Unspecified,Unknown,BridgeCrane,2026-06-28T02:17:33.152264+00:00,point_velocity,Unspecified
05517530,POINT (-87.03388542916231 41.25390845474483),8bd4a0a4-f03a-49e5-9f13-709abde8c065,USGS-05517530,450d7fed-7a5a-c98c-e053-0100007fbf34,89,1983-11-03T05:00:00+00:00,Imported Channel 1,561,ft^3/s,106,ft,273,ft^2,2.05,ft/s,,,Unspecified,Unspecified,Unspecified,Unspecified,Unspecified,Unknown,Wading,2026-06-28T02:17:33.152264+00:00,point_velocity,Unspecified
05517530,POINT (-87.03388542916231 41.25390845474483),8c066e9e-8fca-4986-abea-3c0e673febdb,USGS-05517530,450d801d-5507-c9a4-e053-0100007fa371,10,1975-08-15T05:00:00+00:00,Imported Channel 1,773,ft^3/s,,,,,,,,ft,Unspecified,Unspecified,Unspecified,Unspecified,Unspecified,Unknown,Unspecified,2026-06-28T02:17:33.152264+00:00,other_method,Unspecified
05517530,POINT (-87.03388542916231 41.25390845474483),8d35a4f0-c30a-47dc-b55f-40b71362482f,USGS-05517530,450d7c9d-7bd4-c896-e053-0100007f7ddd,211,2000-08-08T12:59:00+00:00,Imported Channel 1,890,ft^3/s,135,ft,510,ft^2,1.97,ft/s,,,Unspecified,Unspecified,Unspecified,Unspecified,Unspecified,Unknown,Boat,2026-06-28T02:17:33.152264+00:00,point_velocity,Unspecified
05517530,POINT (-87.03388542916231 41.25390845474483),8d7fa2ec-6766-464c-ab9c-f7eabdc156ec,USGS-05517530,450d7852-cf4b-c6be-e053-0100007f4e14,72,1981-12-10T05:00:00+00:00,Imported Channel 1,1720,ft^3/s,,,,,,,,ft,Unspecified,Unspecified,Unspecified,Unspecified,Unspecified,Unknown,Unspecified,2026-06-28T02:17:33.152264+00:00,other_method,Unspecified
05517530,POINT (-87.03388542916231 41.25390845474483),8d9f5966-b751-46e5-8a1e-433a482b602c,USGS-05517530,aa4eb9d0-6f97-4a61-b19e-5770886dfcba,324,2023-04-14T15:36:12+00:00,main,2050,ft^3/s,143,ft,908,ft^2,2.25,ft/s,0.00,ft,Firm,Sand,Even,Unspecified,Standard,Steady,BridgeDownstreamSide,2026-06-28T02:17:33.152264+00:00,adcp,AtTheGage
05517530,POINT (-87.03388542916231 41.25390845474483),8e6b8e17-8c74-4a8d-935a-7ec7ee421a62,USGS-05517530,450d7bf7-3380-c804-e053-0100007fec47,121,1986-12-02T05:00:00+00:00,Imported Channel 1,2110,ft^3/s,147,ft,838,ft^2,2.52,ft/s,,,Unspecified,Unspecified,Unspecified,Unspecified,Unspecified,Unknown,BridgeCrane,2026-06-28T02:17:33.152264+00:00,point_velocity,Unspecified
05517530,POINT (-87.03388542916231 41.25390845474483),8f0a4450-87c3-4d2a-9ac7-a9d3a31d5974,USGS-05517530,450d8360-420b-ca75-e053-0100007ff789,215,2001-06-05T00:12:00+00:00,Imported Channel 1,1760,ft^3/s,,,,,2.18,ft/s,,,Unspecified,Unspecified,Unspecified,Unspecified,Unspecified,Unknown,Boat,2026-06-28T02:17:33.152264+00:00,point_velocity,Unspecified
05517530,POINT (-87.03388542916231 41.25390845474483),8f46538c-2978-4f06-bd0d-1b01f5357ae0,USGS-05517530,450d7523-2a33-c5b4-e053-0100007f357b,34,1978-05-02T05:00:00+00:00,Imported Channel 1,2220,ft^3/s,,,,,,,,ft,Unspecified,Unspecified,Unspecified,Unspecified,Unspecified,Unknown,Unspecified,2026-06-28T02:17:33.152264+00:00,other_method,Unspecified
05517530,POINT (-87.03388542916231 41.25390845474483),90b7f039-0ac0-42ab-b6f2-6fd0653885e6,USGS-05517530,450d92ae-4852-cf97-e053-0100007f6fd7,200,1998-06-02T13:20:00+00:00,Imported Channel 1,1130,ft^3/s,,,,,,,,ft,Unspecified,Unspecified,Unspecified,Unspecified,Unspecified,Unknown,Unspecified,2026-06-28T02:17:33.152264+00:00,other_method,Unspecified
05517530,POINT (-87.03388542916231 41.25390845474483),93040d37-4e6c-453c-a5ad-dd18a205a09c,USGS-05517530,450d8b8a-ef81-ccf2-e053-0100007fb93e,202,1998-10-06T12:53:00+00:00,Imported Channel 1,549,ft^3/s,,,,,0.00,ft/s,,,Unspecified,Unspecified,Unspecified,Unspecified,Unspecified,Unknown,Boat,2026-06-28T02:17:33.152264+00:00,point_velocity,Unspecified
05517530,POINT (-87.03388542916231 41.25390845474483),940f29f1-60d8-4f77-b331-3722cb44114c,USGS-05517530,450d8013-c5fd-c9a2-e053-0100007f33ff,199,1998-02-03T14:15:00+00:00,Imported Channel 1,2020,ft^3/s,,,,,0.00,ft/s,,,Unspecified,Unspecified,Unspecified,Unspecified,Unspecified,Unknown,Boat,2026-06-28T02:17:33.152264+00:00,point_velocity,Unspecified
05517530,POINT (-87.03388542916231 41.25390845474483),98cefdc6-2d33-4e2c-b9a5-64c70f7e9bdb,USGS-05517530,450d801d-5554-c9a4-e053-0100007fa371,273,2012-11-07T19:28:30+00:00,MAIN,498,ft^3/s,115,ft,295,ft^2,1.69,ft/s,50.00,ft,Firm,Gravel,Even,Even,Standard,Unknown,BridgeDownstreamSide,2026-06-28T02:17:33.152264+00:00,adcp,Downstream
05517530,POINT (-87.03388542916231 41.25390845474483),98f9d8d3-8dc0-4829-ad02-24e84fbacbfe,USGS-05517530,450d83cb-e2f4-ca79-e053-0100007f26e2,251,2009-01-29T16:13:00+00:00,Imported Channel 1,1340,ft^3/s,128,ft,761,ft^2,1.76,ft/s,120.00,ft,Firm,Sand,Even,Even,Unspecified,Unknown,MannedMovingBoat,2026-06-28T02:17:33.152264+00:00,adcp,Upstream
05517530,POINT (-87.03388542916231 41.25390845474483),993a33d9-f7dd-43d5-bd32-11e433523217,USGS-05517530,450d6667-2761-c10b-e053-0100007f0807,63,1981-04-07T05:00:00+00:00,Imported Channel 1,1090,ft^3/s,,,,,,,,ft,Unspecified,Unspecified,Unspecified,Unspecified,Unspecified,Unknown,Unspecified,2026-06-28T02:17:33.152264+00:00,other_method,Unspecified
05517530,POINT (-87.03388542916231 41.25390845474483),9a913f6c-2113-46f2-967e-00ea0039a69c,USGS-05517530,450d7905-f598-c71b-e053-0100007f311d,86,1983-10-13T05:00:00+00:00,Imported Channel 1,560,ft^3/s,105,ft,247,ft^2,2.27,ft/s,,,Unspecified,Unspecified,Unspecified,Unspecified,Unspecified,Unknown,Wading,2026-06-28T02:17:33.152264+00:00,point_velocity,Unspecified
05517530,POINT (-87.03388542916231 41.25390845474483),9c8ff306-6fb5-4e2d-ba98-bc835c887543,USGS-05517530,450d8b8a-ef5e-ccf2-e053-0100007fb93e,77,1982-07-13T05:00:00+00:00,Imported Channel 1,1370,ft^3/s,,,,,,,,ft,Unspecified,Unspecified,Unspecified,Unspecified,Unspecified,Unknown,Unspecified,2026-06-28T02:17:33.152264+00:00,other_method,Unspecified
05517530,POINT (-87.03388542916231 41.25390845474483),9d64fd63-28cc-46bd-8b3b-a4f19764600d,USGS-05517530,450d63da-3150-c057-e053-0100007fdec5,114,1986-02-06T05:00:00+00:00,Imported Channel 1,2480,ft^3/s,150,ft,961,ft^2,2.58,ft/s,,,Unspecified,Unspecified,Unspecified,Unspecified,Unspecified,Unknown,BridgeCrane,2026-06-28T02:17:33.152264+00:00,point_velocity,Unspecified
05517530,POINT (-87.03388542916231 41.25390845474483),9ddedf2c-48e3-4900-8d75-b338d25f199e,USGS-05517530,450d7924-8bd9-c71d-e053-0100007f2f30,173,1993-06-22T12:40:00+00:00,Imported Channel 1,2880,ft^3/s,,,,,,,,ft,Unspecified,Unspecified,Unspecified,Unspecified,Unspecified,Unknown,Unspecified,2026-06-28T02:17:33.152264+00:00,other_method,Unspecified
05517530,POINT (-87.03388542916231 41.25390845474483),9eee744f-1f17-460f-b3e2-39e69faa4a22,USGS-05517530,450d7924-8bc5-c71d-e053-0100007f2f30,96,1984-03-27T05:00:00+00:00,Imported Channel 1,3420,ft^3/s,258,ft,1400,ft^2,2.44,ft/s,,,Unspecified,Unspecified,Unspecified,Unspecified,Unspecified,Unknown,BridgeCrane,2026-06-28T02:17:33.152264+00:00,point_velocity,Unspecified
05517530,POINT (-87.03388542916231 41.25390845474483),a0518972-d9dd-4a74-8f86-19f6f2a692ed,USGS-05517530,450d6112-66ea-bf54-e053-0100007fbeb2,175,1993-10-04T17:40:00+00:00,Imported Channel 1,1550,ft^3/s,142,ft,662,ft^2,2.34,ft/s,,,Unspecified,Unspecified,Unspecified,Unspecified,Unspecified,Unknown,BridgeCrane,2026-06-28T02:17:33.152264+00:00,point_velocity,Unspecified
05517530,POINT (-87.03388542916231 41.25390845474483),a273ff0f-ba38-47da-bd21-7614925e149e,USGS-05517530,450d92ae-484c-cf97-e053-0100007f6fd7,185,1995-06-14T18:20:00+00:00,Imported Channel 1,1360,ft^3/s,134,ft,540,ft^2,2.52,ft/s,,,Unspecified,Unspecified,Unspecified,Unspecified,Unspecified,Unknown,BridgeCrane,2026-06-28T02:17:33.152264+00:00,point_velocity,Unspecified
05517530,POINT (-87.03388542916231 41.25390845474483),a32229d5-35f1-4603-84cc-e50826568058,USGS-05517530,450d6412-54fc-c055-e053-0100007fc473,28,1977-08-23T05:00:00+00:00,Imported Channel 1,489,ft^3/s,,,,,,,,ft,Unspecified,Unspecified,Unspecified,Unspecified,Unspecified,Unknown,Unspecified,2026-06-28T02:17:33.152264+00:00,other_method,Unspecified
05517530,POINT (-87.03388542916231 41.25390845474483),a596e733-e8ab-4622-87c6-444778ad80ab,USGS-05517530,450d750a-8388-c5bc-e053-0100007f52f4,246,2007-12-19T19:39:00+00:00,Imported Channel 1,2850,ft^3/s,158,ft,1150,ft^2,2.48,ft/s,,ft,Unspecified,Unspecified,Unspecified,Unspecified,Unspecified,Unknown,Unspecified,2026-06-28T02:17:33.152264+00:00,adcp,Unspecified
05517530,POINT (-87.03388542916231 41.25390845474483),a66cd47d-5a6b-4465-b204-2f58586bab91,USGS-05517530,450d93bc-33d6-cf99-e053-0100007f2cfb,247,2008-01-15T18:36:00+00:00,Imported Channel 1,5010,ft^3/s,185,ft,1840,ft^2,2.72,ft/s,,ft,Unspecified,Unspecified,Unspecified,Unspecified,Unspecified,Unknown,Unspecified,2026-06-28T02:17:33.152264+00:00,adcp,Unspecified
05517530,POINT (-87.03388542916231 41.25390845474483),a68c6664-09be-42f1-8bca-2a8a4e7a0e74,USGS-05517530,450d7916-9339-c71f-e053-0100007fd66c,177,1994-02-08T17:35:00+00:00,Imported Channel 1,1450,ft^3/s,136,ft,582,ft^2,2.49,ft/s,,,Unspecified,Unspecified,Unspecified,Unspecified,Unspecified,Unknown,BridgeCrane,2026-06-28T02:17:33.152264+00:00,point_velocity,Unspecified
05517530,POINT (-87.03388542916231 41.25390845474483),a7ba6b11-cc7a-4c6c-a16b-4dec7dc4e0e8,USGS-05517530,450d74fb-bc7b-c5aa-e053-0100007fdfb9,214,2001-04-02T21:02:00+00:00,Imported Channel 1,1370,ft^3/s,,,,,0.00,ft/s,,,Unspecified,Unspecified,Unspecified,Unspecified,Unspecified,Unknown,Boat,2026-06-28T02:17:33.152264+00:00,point_velocity,Unspecified
05517530,POINT (-87.03388542916231 41.25390845474483),a7e88358-5121-445b-8d12-7dcccb20a34e,USGS-05517530,450d83d9-87d2-ca99-e053-0100007fbb0c,17,1976-05-13T05:00:00+00:00,Imported Channel 1,2570,ft^3/s,,,,,,,,ft,Unspecified,Unspecified,Unspecified,Unspecified,Unspecified,Unknown,Unspecified,2026-06-28T02:17:33.152264+00:00,other_method,Unspecified
05517530,POINT (-87.03388542916231 41.25390845474483),a84157ad-31ae-4854-bb1f-400b5a5fe18f,USGS-05517530,450d755f-2235-c5dc-e053-0100007f0625,256,2010-02-02T17:35:00+00:00,Imported Channel 1,1770,ft^3/s,139,ft,683,ft^2,2.60,ft/s,60.00,ft,Unspecified,Unspecified,Unspecified,Even,Unspecified,Unknown,MannedMovingBoat,2026-06-28T02:17:33.152264+00:00,adcp,Upstream
05517530,POINT (-87.03388542916231 41.25390845474483),a8f2e51b-c0c3-494e-873b-4d820c19464c,USGS-05517530,79757714-6754-17c8-e053-0100007f99ed,306,2018-10-23T13:37:02+00:00,main,1060,ft^3/s,122,ft,553,ft^2,1.91,ft/s,25.00,ft,Unspecified,SiltMud,Uneven,Unspecified,Standard,Steady,MannedMovingBoat,2026-06-28T02:17:33.152264+00:00,adcp,Upstream
05517530,POINT (-87.03388542916231 41.25390845474483),a944fd98-c7c8-4f5e-b2e7-4622d531e33f,USGS-05517530,450d973c-fa88-d08c-e053-0100007f7449,245,2007-11-07T13:57:00+00:00,Imported Channel 1,905,ft^3/s,131,ft,483,ft^2,1.87,ft/s,,ft,Unspecified,Unspecified,Unspecified,Unspecified,Unspecified,Unknown,Unspecified,2026-06-28T02:17:33.152264+00:00,adcp,Unspecified
05517530,POINT (-87.03388542916231 41.25390845474483),aa40ea41-ce94-4314-8bbb-9d12b198f777,USGS-05517530,450d844f-61fd-ca9b-e053-0100007ff3e5,94,1983-11-21T05:00:00+00:00,Imported Channel 1,656,ft^3/s,115,ft,290,ft^2,2.26,ft/s,,,Unspecified,Unspecified,Unspecified,Unspecified,Unspecified,Unknown,Wading,2026-06-28T02:17:33.152264+00:00,point_velocity,Unspecified
05517530,POINT (-87.03388542916231 41.25390845474483),aa9ec9e2-cd3f-4474-8149-8da03cb9a930,USGS-05517530,450d88b7-eae7-cc1a-e053-0100007f56ed,106,1985-03-04T05:00:00+00:00,Imported Channel 1,5290,ft^3/s,317,ft,2110,ft^2,2.40,ft/s,,,Unspecified,Unspecified,Unspecified,Unspecified,Unspecified,Unknown,BridgeCrane,2026-06-28T02:17:33.152264+00:00,point_velocity,Unspecified
05517530,POINT (-87.03388542916231 41.25390845474483),ab6316b4-ca84-48e6-b329-cdc93fcc2083,USGS-05517530,450d960d-c502-d0a2-e053-0100007f6ceb,227,2004-01-21T19:00:00+00:00,Imported Channel 1,1070,ft^3/s,135,ft,560,ft^2,1.92,ft/s,,ft,Unspecified,Unspecified,Unspecified,Unspecified,Unspecified,Unknown,Unspecified,2026-06-28T02:17:33.152264+00:00,adcp,Unspecified
05517530,POINT (-87.03388542916231 41.25390845474483),ab9ff30a-27d1-4ff2-b590-1427894330ba,USGS-05517530,450d88a2-cca9-cc16-e053-0100007f2d33,203,1998-12-08T12:56:00+00:00,Imported Channel 1,814,ft^3/s,110,ft,,,0.00,ft/s,,,Unspecified,Unspecified,Unspecified,Unspecified,Unspecified,Unknown,Boat,2026-06-28T02:17:33.152264+00:00,point_velocity,Unspecified
05517530,POINT (-87.03388542916231 41.25390845474483),abc37b04-bfba-4c7d-91c3-42be3c20073e,USGS-05517530,450d8d4d-c00d-cd9f-e053-0100007faf42,138,1988-12-13T17:30:00+00:00,Imported Channel 1,1170,ft^3/s,135,ft,512,ft^2,2.29,ft/s,,,Unspecified,Unspecified,Unspecified,Unspecified,Unspecified,Unknown,BridgeCrane,2026-06-28T02:17:33.152264+00:00,point_velocity,Unspecified
05517530,POINT (-87.03388542916231 41.25390845474483),abefa694-6db2-4f0b-8454-a8f7942d0ee7,USGS-05517530,450d7835-fcde-c6bc-e053-0100007f9bde,12,1975-10-23T05:00:00+00:00,Imported Channel 1,536,ft^3/s,,,,,,,,ft,Unspecified,Unspecified,Unspecified,Unspecified,Unspecified,Unknown,Unspecified,2026-06-28T02:17:33.152264+00:00,other_method,Unspecified
05517530,POINT (-87.03388542916231 41.25390845474483),acfacc38-fc60-4c4a-a697-e499b7e2eba0,USGS-05517530,450d750a-835d-c5bc-e053-0100007f52f4,67,1981-06-17T05:00:00+00:00,Imported Channel 1,4550,ft^3/s,,,,,,,,ft,Unspecified,Unspecified,Unspecified,Unspecified,Unspecified,Unknown,Unspecified,2026-06-28T02:17:33.152264+00:00,other_method,Unspecified
05517530,POINT (-87.03388542916231 41.25390845474483),ad16a50f-2336-4172-837b-dca9dc8b86dd,USGS-05517530,450d88b7-eadc-cc1a-e053-0100007f56ed,50,1979-10-11T05:00:00+00:00,Imported Channel 1,584,ft^3/s,,,,,,,,ft,Unspecified,Unspecified,Unspecified,Unspecified,Unspecified,Unknown,Unspecified,2026-06-28T02:17:33.152264+00:00,other_method,Unspecified
05517530,POINT (-87.03388542916231 41.25390845474483),aea02b75-21ab-4db5-9aa8-c696711228b9,USGS-05517530,450d7cb8-335d-c808-e053-0100007fc000,210,2000-06-20T13:02:00+00:00,Imported Channel 1,1620,ft^3/s,,,,,0.00,ft/s,,,Unspecified,Unspecified,Unspecified,Unspecified,Unspecified,Unknown,Boat,2026-06-28T02:17:33.152264+00:00,point_velocity,Unspecified
05517530,POINT (-87.03388542916231 41.25390845474483),af24d1c6-2548-4358-8c16-7f96972a1cb2,USGS-05517530,450d891e-baf8-cc14-e053-0100007f1158,2,1974-11-07T05:00:00+00:00,Imported Channel 1,970,ft^3/s,,,,,,,,ft,Unspecified,Unspecified,Unspecified,Unspecified,Unspecified,Unknown,Unspecified,2026-06-28T02:17:33.152264+00:00,other_method,Unspecified
05517530,POINT (-87.03388542916231 41.25390845474483),afc48e70-0937-430e-a265-580d0df61c14,USGS-05517530,450d8b6d-b17e-ccf4-e053-0100007f70e1,140,1989-03-08T15:15:00+00:00,Imported Channel 1,1380,ft^3/s,135,ft,554,ft^2,2.49,ft/s,,,Unspecified,Unspecified,Unspecified,Unspecified,Unspecified,Unknown,BridgeCrane,2026-06-28T02:17:33.152264+00:00,point_velocity,Unspecified
05517530,POINT (-87.03388542916231 41.25390845474483),b00c5afd-a35d-4149-beb5-6666e21fae96,USGS-05517530,450d7835-fd0e-c6bc-e053-0100007f9bde,194,1997-04-01T14:07:00+00:00,Imported Channel 1,2610,ft^3/s,,,,,0.00,ft/s,,,Unspecified,Unspecified,Unspecified,Unspecified,Unspecified,Unknown,Boat,2026-06-28T02:17:33.152264+00:00,point_velocity,Unspecified
05517530,POINT (-87.03388542916231 41.25390845474483),b05843ae-cb10-4231-ad09-45859ed43268,USGS-05517530,450d7647-aeb2-c612-e053-0100007f5f06,15,1976-03-06T05:00:00+00:00,Imported Channel 1,4260,ft^3/s,,,,,,,,ft,Unspecified,Unspecified,Unspecified,Unspecified,Unspecified,Unknown,Unspecified,2026-06-28T02:17:33.152264+00:00,other_method,Unspecified
05517530,POINT (-87.03388542916231 41.25390845474483),b12d7019-cf96-4af7-86a9-3fe6ee9f45bc,USGS-05517530,450d83cb-e2d6-ca79-e053-0100007f26e2,183,1995-02-14T18:50:00+00:00,Imported Channel 1,1290,ft^3/s,137,ft,622,ft^2,2.07,ft/s,,,Unspecified,Unspecified,Unspecified,Unspecified,Unspecified,Unknown,BridgeCrane,2026-06-28T02:17:33.152264+00:00,point_velocity,Unspecified
05517530,POINT (-87.03388542916231 41.25390845474483),b1ba6bd8-4a38-48d6-94f0-5d70bef0148e,USGS-05517530,450d8009-a358-c98e-e053-0100007fd3a6,90,1983-11-09T05:00:00+00:00,Imported Channel 1,652,ft^3/s,109,ft,297,ft^2,2.20,ft/s,,,Unspecified,Unspecified,Unspecified,Unspecified,Unspecified,Unknown,Wading,2026-06-28T02:17:33.152264+00:00,point_velocity,Unspecified
05517530,POINT (-87.03388542916231 41.25390845474483),b44246e0-711c-4877-a508-42b60015dbd8,USGS-05517530,450d83d9-8800-ca99-e053-0100007fbb0c,176,1993-12-29T14:40:00+00:00,Imported Channel 1,1520,ft^3/s,141,ft,615,ft^2,2.47,ft/s,,,Unspecified,Unspecified,Unspecified,Unspecified,Unspecified,Unknown,BridgeCrane,2026-06-28T02:17:33.152264+00:00,point_velocity,Unspecified
05517530,POINT (-87.03388542916231 41.25390845474483),b5265459-f52e-48e4-a827-dc855f28cae1,USGS-05517530,450d755f-222d-c5dc-e053-0100007f0625,236,2005-10-26T20:34:00+00:00,Imported Channel 1,458,ft^3/s,108,ft,232,ft^2,1.98,ft/s,,ft,Unspecified,Unspecified,Unspecified,Unspecified,Unspecified,Unknown,Unspecified,2026-06-28T02:17:33.152264+00:00,adcp,Unspecified
05517530,POINT (-87.03388542916231 41.25390845474483),b55270bd-5fb8-483f-9ec2-e00d9626d409,USGS-05517530,450d8366-32b4-ca77-e053-0100007fc6b4,201,1998-08-06T18:39:00+00:00,Imported Channel 1,1280,ft^3/s,,,,,0.00,ft/s,,,Unspecified,Unspecified,Unspecified,Unspecified,Unspecified,Unknown,Boat,2026-06-28T02:17:33.152264+00:00,point_velocity,Unspecified
05517530,POINT (-87.03388542916231 41.25390845474483),b597423f-e3a0-4603-b6bd-7614d4b38584,USGS-05517530,67594510-55d6-4d02-b2e6-d22ca071569f,331,2024-09-10T14:15:26+00:00,main,518,ft^3/s,128,ft,516,ft^2,1.00,ft/s,100.00,ft,Unspecified,Unspecified,Unspecified,Unspecified,Standard,Steady,MannedMovingBoat,2026-06-28T02:17:33.152264+00:00,adcp,Downstream
05517530,POINT (-87.03388542916231 41.25390845474483),b7402449-ef88-4162-be49-8d4e96a5ccdb,USGS-05517530,450d74a1-f54e-c5a4-e053-0100007f102d,162,1991-10-21T18:05:00+00:00,Imported Channel 1,714,ft^3/s,112,ft,296,ft^2,2.42,ft/s,,,Unspecified,Unspecified,Unspecified,Unspecified,Unspecified,Unknown,BridgeCrane,2026-06-28T02:17:33.152264+00:00,point_velocity,Unspecified
05517530,POINT (-87.03388542916231 41.25390845474483),b78a7ce3-c563-491d-8b16-cd1da86acd4d,USGS-05517530,450d4be3-384a-b890-e053-0100007fb438,4,1975-01-16T05:00:00+00:00,Imported Channel 1,2110,ft^3/s,,,,,,,,ft,Unspecified,Unspecified,Unspecified,Unspecified,Unspecified,Unknown,Unspecified,2026-06-28T02:17:33.152264+00:00,other_method,Unspecified
05517530,POINT (-87.03388542916231 41.25390845474483),b7fd5968-c553-47dd-a610-06c6d81fa60e,USGS-05517530,450d6772-44b0-c143-e053-0100007f95ca,192,1996-10-08T16:11:00+00:00,Imported Channel 1,840,ft^3/s,,,,,0.00,ft/s,,,Unspecified,Unspecified,Unspecified,Unspecified,Unspecified,Unknown,Boat,2026-06-28T02:17:33.152264+00:00,point_velocity,Unspecified
05517530,POINT (-87.03388542916231 41.25390845474483),b8763ca7-6db0-4452-8dff-5924e6c89050,USGS-05517530,450d59df-b2d1-bcd4-e053-0100007f1988,22,1976-10-22T05:00:00+00:00,Imported Channel 1,600,ft^3/s,,,,,,,,ft,Unspecified,Unspecified,Unspecified,Unspecified,Unspecified,Unknown,Unspecified,2026-06-28T02:17:33.152264+00:00,other_method,Unspecified
05517530,POINT (-87.03388542916231 41.25390845474483),b95d1b38-95c0-4a02-8859-2482507ebe93,USGS-05517530,450d88a2-ccb7-cc16-e053-0100007f2d33,233,2005-05-03T14:15:00+00:00,Imported Channel 1,1050,ft^3/s,128,ft,517,ft^2,2.04,ft/s,,ft,Unspecified,Unspecified,Unspecified,Unspecified,Unspecified,Unknown,Unspecified,2026-06-28T02:17:33.152264+00:00,adcp,Unspecified
05517530,POINT (-87.03388542916231 41.25390845474483),ba7508fc-a1df-4b8c-8e08-e039a765b042,USGS-05517530,450d8d72-cf38-cda1-e053-0100007f20fe,277,2013-06-25T18:47:21+00:00,MAIN,1350,ft^3/s,136,ft,653,ft^2,2.07,ft/s,,ft,Firm,Gravel,Even,Even,Standard,Unknown,BridgeDownstreamSide,2026-06-28T02:17:33.152264+00:00,adcp,AtTheGage
05517530,POINT (-87.03388542916231 41.25390845474483),baffee4f-759a-4442-8c0a-32485daaa6e3,USGS-05517530,450d8366-32a6-ca77-e053-0100007fc6b4,116,1986-04-24T05:00:00+00:00,Imported Channel 1,1260,ft^3/s,130,ft,468,ft^2,2.69,ft/s,,,Unspecified,Unspecified,Unspecified,Unspecified,Unspecified,Unknown,BridgeCrane,2026-06-28T02:17:33.152264+00:00,point_velocity,Unspecified
05517530,POINT (-87.03388542916231 41.25390845474483),bb39ed6d-60c1-4665-9af2-8fce15fbf27b,USGS-05517530,f621ea51-1801-4d38-8d9a-b8ed4f8ccfdd,333,2025-03-18T15:11:17+00:00,Main,2260,ft^3/s,166,ft,1140,ft^2,1.98,ft/s,10.00,ft,Unspecified,Unspecified,Unspecified,Even,Unspecified,Unspecified,MannedMovingBoat,2026-06-28T02:17:33.152264+00:00,adcp,Upstream
05517530,POINT (-87.03388542916231 41.25390845474483),bc04e2f2-dcb3-4fde-a0cc-a3602b313654,USGS-05517530,450d8b9c-6ee5-ccef-e053-0100007f7e6e,119,1986-09-08T05:00:00+00:00,Imported Channel 1,568,ft^3/s,104,ft,250,ft^2,2.27,ft/s,,,Unspecified,Unspecified,Unspecified,Unspecified,Unspecified,Unknown,Wading,2026-06-28T02:17:33.152264+00:00,point_velocity,Unspecified
05517530,POINT (-87.03388542916231 41.25390845474483),bc64fb2a-9267-4838-b90e-186ee882e2e7,USGS-05517530,60154285-3426-44ca-e053-0100007f3425,301,2017-12-07T15:27:12+00:00,main,1320,ft^3/s,128,ft,783,ft^2,1.68,ft/s,25.00,ft,Firm,Sand,Even,Even,Standard,Steady,MannedMovingBoat,2026-06-28T02:17:33.152264+00:00,adcp,Downstream
05517530,POINT (-87.03388542916231 41.25390845474483),bd1f1ab9-999c-4be8-8ed7-39512380d492,USGS-05517530,450d8013-c61c-c9a2-e053-0100007f33ff,252,2009-04-07T14:15:00+00:00,Imported Channel 1,3610,ft^3/s,157,ft,1420,ft^2,2.49,ft/s,,ft,Firm,Sand,Even,Even,Unspecified,Unknown,MannedMovingBoat,2026-06-28T02:17:33.152264+00:00,adcp,AtTheGage
05517530,POINT (-87.03388542916231 41.25390845474483),bd4ed4d7-627b-49b5-a2e7-ca4042c7cf6e,USGS-05517530,450d7924-8bb7-c71d-e053-0100007f2f30,40,1978-10-31T05:00:00+00:00,Imported Channel 1,504,ft^3/s,,,,,,,,ft,Unspecified,Unspecified,Unspecified,Unspecified,Unspecified,Unknown,Unspecified,2026-06-28T02:17:33.152264+00:00,other_method,Unspecified
05517530,POINT (-87.03388542916231 41.25390845474483),bdbc59f4-df12-42a6-98e4-b7158921ecf2,USGS-05517530,450d7916-9333-c71f-e053-0100007fd66c,168,1992-09-17T13:55:00+00:00,Imported Channel 1,1330,ft^3/s,134,ft,541,ft^2,2.46,ft/s,,,Unspecified,Unspecified,Unspecified,Unspecified,Unspecified,Unknown,BridgeCrane,2026-06-28T02:17:33.152264+00:00,point_velocity,Unspecified
05517530,POINT (-87.03388542916231 41.25390845474483),bdcd70c4-fafb-44c9-b18e-8d4666acec16,USGS-05517530,450d7852-cf78-c6be-e053-0100007f4e14,219,2002-04-15T23:00:00+00:00,Imported Channel 1,2510,ft^3/s,164,ft,1110,ft^2,2.29,ft/s,,,Unspecified,Unspecified,Unspecified,Unspecified,Unspecified,Unknown,Boat,2026-06-28T02:17:33.152264+00:00,point_velocity,Unspecified
05517530,POINT (-87.03388542916231 41.25390845474483),bddf0e94-b843-4798-b513-3da2643b757f,USGS-05517530,450d7b90-ca56-c806-e053-0100007f4264,258,2010-06-08T19:54:00+00:00,Imported Channel 1,1700,ft^3/s,125,ft,822,ft^2,2.07,ft/s,400.00,ft,Firm,Sand,Even,Even,Unspecified,Unknown,MannedMovingBoat,2026-06-28T02:17:33.152264+00:00,adcp,Upstream
05517530,POINT (-87.03388542916231 41.25390845474483),be082e2b-e667-4dfb-af47-3187b8c58d07,USGS-05517530,450d6112-66d6-bf54-e053-0100007fbeb2,110,1985-06-25T05:00:00+00:00,Imported Channel 1,921,ft^3/s,122,ft,372,ft^2,2.48,ft/s,,,Unspecified,Unspecified,Unspecified,Unspecified,Unspecified,Unknown,BridgeCrane,2026-06-28T02:17:33.152264+00:00,point_velocity,Unspecified
05517530,POINT (-87.03388542916231 41.25390845474483),be2fbf00-f287-4848-8119-8ba2053dd939,USGS-05517530,450d8366-32a3-ca77-e053-0100007fc6b4,104,1985-01-15T05:00:00+00:00,Imported Channel 1,2140,ft^3/s,838,ft,2.55,ft^2,2.55,ft/s,,,Unspecified,Unspecified,Unspecified,Unspecified,Unspecified,Unknown,BridgeCrane,2026-06-28T02:17:33.152264+00:00,point_velocity,Unspecified
05517530,POINT (-87.03388542916231 41.25390845474483),c29d9bed-7074-450d-bd39-6fe9f182429d,USGS-05517530,450d7cb8-3360-c808-e053-0100007fc000,217,2001-10-01T23:31:00+00:00,Imported Channel 1,588,ft^3/s,131,ft,343,ft^2,1.88,ft/s,,,Unspecified,Unspecified,Unspecified,Unspecified,Unspecified,Unknown,BridgeCrane,2026-06-28T02:17:33.152264+00:00,point_velocity,Unspecified
05517530,POINT (-87.03388542916231 41.25390845474483),c4387f5e-12c4-4e3c-b23f-c294a3abf59c,USGS-05517530,450d6112-670f-bf54-e053-0100007fbeb2,276,2013-05-07T21:45:42+00:00,MAIN,1770,ft^3/s,140,ft,773,ft^2,2.29,ft/s,10.00,ft,Firm,Gravel,Even,Even,Standard,Unknown,BridgeDownstreamSide,2026-06-28T02:17:33.152264+00:00,adcp,Downstream
05517530,POINT (-87.03388542916231 41.25390845474483),c4a50283-7460-40db-b07f-bbb1e661c1d2,USGS-05517530,450d5979-6670-bcea-e053-0100007f9e33,52,1980-01-15T05:00:00+00:00,Imported Channel 1,1350,ft^3/s,,,,,,,,ft,Unspecified,Unspecified,Unspecified,Unspecified,Unspecified,Unknown,Unspecified,2026-06-28T02:17:33.152264+00:00,other_method,Unspecified
05517530,POINT (-87.03388542916231 41.25390845474483),c53366c1-6c49-469a-b10f-f260c2251352,USGS-05517530,450d969a-a45e-d08a-e053-0100007f3ba1,242,2007-04-17T20:22:00+00:00,Imported Channel 1,1980,ft^3/s,139,ft,810,ft^2,2.44,ft/s,,ft,Unspecified,Unspecified,Unspecified,Unspecified,Unspecified,Unknown,Unspecified,2026-06-28T02:17:33.152264+00:00,adcp,Unspecified
05517530,POINT (-87.03388542916231 41.25390845474483),c65a97a6-3522-4128-bcc9-860a55bd70c3,USGS-05517530,21065969-4dc6-4a2b-bc8d-4ff2c1ab0257,319,2022-06-28T13:41:43+00:00,main,719,ft^3/s,124,ft,519,ft^2,1.38,ft/s,100.00,ft,Soft,Sand,Even,Unspecified,Standard,Steady,MannedMovingBoat,2026-06-28T02:17:33.152264+00:00,adcp,Downstream
05517530,POINT (-87.03388542916231 41.25390845474483),c71248e0-4d46-4f63-8b76-3f60baba6fbb,USGS-05517530,450d5d57-4efa-be49-e053-0100007ff52a,293,2016-03-14T19:19:35+00:00,Main,2250,ft^3/s,143,ft,918,ft^2,2.45,ft/s,,ft,Firm,CobblesBoulders,Even,Even,Standard,Unknown,MannedMovingBoat,2026-06-28T02:17:33.152264+00:00,adcp,AtTheGage
05517530,POINT (-87.03388542916231 41.25390845474483),c76638be-79e8-4d32-9976-eac3117cb0cc,USGS-05517530,450d7523-2a52-c5b4-e053-0100007f357b,166,1992-06-02T13:25:00+00:00,Imported Channel 1,1120,ft^3/s,124,ft,413,ft^2,2.71,ft/s,,,Unspecified,Unspecified,Unspecified,Unspecified,Unspecified,Unknown,BridgeCrane,2026-06-28T02:17:33.152264+00:00,point_velocity,Unspecified
05517530,POINT (-87.03388542916231 41.25390845474483),c7b72a3a-ffb2-4afc-8a29-bede570632cc,USGS-05517530,450d8009-a37c-c98e-e053-0100007fd3a6,197,1997-10-07T14:12:00+00:00,Imported Channel 1,790,ft^3/s,,,,,0.00,ft/s,,,Unspecified,Unspecified,Unspecified,Unspecified,Unspecified,Unknown,Boat,2026-06-28T02:17:33.152264+00:00,point_velocity,Unspecified
05517530,POINT (-87.03388542916231 41.25390845474483),c7c6db0b-ee1b-4546-9e4d-c151ed548b07,USGS-05517530,450d7fed-7a86-c98c-e053-0100007fbf34,206,1999-09-01T20:33:00+00:00,Imported Channel 1,403,ft^3/s,149,ft,,,0.00,ft/s,,,Unspecified,Unspecified,Unspecified,Unspecified,Unspecified,Unknown,Boat,2026-06-28T02:17:33.152264+00:00,point_velocity,Unspecified
05517530,POINT (-87.03388542916231 41.25390845474483),c86415f3-4bf1-47fc-a6fa-e4136743f7ae,USGS-05517530,450d8909-6fbe-cc12-e053-0100007f18b3,68,1981-06-23T05:00:00+00:00,Imported Channel 1,4370,ft^3/s,,,,,,,,ft,Unspecified,Unspecified,Unspecified,Unspecified,Unspecified,Unknown,Unspecified,2026-06-28T02:17:33.152264+00:00,other_method,Unspecified
05517530,POINT (-87.03388542916231 41.25390845474483),c8e0ff69-3824-4e38-834b-ae9c164056f7,USGS-05517530,450d7508-7105-c5ac-e053-0100007f62d3,57,1980-07-22T05:00:00+00:00,Imported Channel 1,517,ft^3/s,,,,,,,,ft,Unspecified,Unspecified,Unspecified,Unspecified,Unspecified,Unknown,Unspecified,2026-06-28T02:17:33.152264+00:00,other_method,Unspecified
05517530,POINT (-87.03388542916231 41.25390845474483),c921487c-d454-4baa-92d6-1fedc24ce718,USGS-05517530,450d8896-7473-cc10-e053-0100007f4527,35,1978-06-06T05:00:00+00:00,Imported Channel 1,1280,ft^3/s,,,,,,,,ft,Unspecified,Unspecified,Unspecified,Unspecified,Unspecified,Unknown,Unspecified,2026-06-28T02:17:33.152264+00:00,other_method,Unspecified
05517530,POINT (-87.03388542916231 41.25390845474483),cab88119-6fe9-4616-91d8-2fb1d5a9190d,USGS-05517530,48968233-3700-29d7-e053-0100007fda1e,298,2017-01-31T15:22:53+00:00,main,2270,ft^3/s,143,ft,1060,ft^2,2.16,ft/s,20.00,ft,Soft,SiltMud,Even,Even,Standard,Unknown,MannedMovingBoat,2026-06-28T02:17:33.152264+00:00,adcp,Downstream
05517530,POINT (-87.03388542916231 41.25390845474483),cadec3fe-33d9-418e-be03-477530da6aad,USGS-05517530,450d8b6d-b181-ccf4-e053-0100007f70e1,151,1990-09-04T19:10:00+00:00,Imported Channel 1,1800,ft^3/s,144,ft,740,ft^2,2.43,ft/s,,,Unspecified,Unspecified,Unspecified,Unspecified,Unspecified,Unknown,BridgeCrane,2026-06-28T02:17:33.152264+00:00,point_velocity,Unspecified
05517530,POINT (-87.03388542916231 41.25390845474483),cb0b0f3e-4414-400e-a761-3dd0ac82efa8,USGS-05517530,450d8909-7006-cc12-e053-0100007f18b3,240,2006-08-08T18:45:00+00:00,Imported Channel 1,711,ft^3/s,104,ft,323,ft^2,2.20,ft/s,,ft,Unspecified,Unspecified,Unspecified,Unspecified,Unspecified,Unknown,Unspecified,2026-06-28T02:17:33.152264+00:00,adcp,Unspecified
05517530,POINT (-87.03388542916231 41.25390845474483),cb4a4c5a-eb86-41ef-bbd1-4ce21a0446e4,USGS-05517530,450d8360-4221-ca75-e053-0100007ff789,279,2013-10-23T19:40:51+00:00,Main,608,ft^3/s,113,ft,307,ft^2,1.98,ft/s,5.00,ft,Firm,Cobbles,Even,Even,Standard,Unknown,BridgeDownstreamSide,2026-06-28T02:17:33.152264+00:00,adcp,Downstream
05517530,POINT (-87.03388542916231 41.25390845474483),cbfa800e-3d94-4390-866f-d3cfd27a4add,USGS-05517530,c4b03a08-0b74-45f2-9670-93ce083a277e,318,2022-02-16T14:40:33+00:00,main,1300,ft^3/s,136,ft,565,ft^2,2.30,ft/s,0.00,ft,Firm,Sand,Even,Unspecified,Standard,Steady,BridgeDownstreamSide,2026-06-28T02:17:33.152264+00:00,adcp,AtTheGage
05517530,POINT (-87.03388542916231 41.25390845474483),ccf8f453-ecf7-464a-90b7-4d90846b00f8,USGS-05517530,450d63da-3171-c057-e053-0100007fdec5,220,2002-06-04T00:44:00+00:00,Imported Channel 1,1900,ft^3/s,166,ft,871,ft^2,2.23,ft/s,,,Unspecified,Unspecified,Unspecified,Unspecified,Unspecified,Unknown,BridgeCrane,2026-06-28T02:17:33.152264+00:00,point_velocity,Unspecified
05517530,POINT (-87.03388542916231 41.25390845474483),cd1b639f-a7e4-4e57-a4e6-15dc9bca9a36,USGS-05517530,450d7807-1a51-c6c0-e053-0100007ff875,294,2016-05-16T20:20:37+00:00,Main,2880,ft^3/s,146,ft,1110,ft^2,2.58,ft/s,50.00,ft,Soft,SiltMud,Even,Even,Standard,Unknown,MannedMovingBoat,2026-06-28T02:17:33.152264+00:00,adcp,Downstream
05517530,POINT (-87.03388542916231 41.25390845474483),cd5b4a00-5cd0-4464-be56-16359406cbc2,USGS-05517530,450d755f-220d-c5dc-e053-0100007f0625,109,1985-05-20T05:00:00+00:00,Imported Channel 1,1290,ft^3/s,130,ft,515,ft^2,2.50,ft/s,,,Unspecified,Unspecified,Unspecified,Unspecified,Unspecified,Unknown,BridgeCrane,2026-06-28T02:17:33.152264+00:00,point_velocity,Unspecified
05517530,POINT (-87.03388542916231 41.25390845474483),cdabd192-dd2c-407a-82a8-048ddd8dd172,USGS-05517530,450d75c5-5abb-c5da-e053-0100007f9ec1,228,2004-04-15T21:11:00+00:00,Imported Channel 1,1020,ft^3/s,127,ft,629,ft^2,1.63,ft/s,,ft,Unspecified,Unspecified,Unspecified,Unspecified,Unspecified,Unknown,Unspecified,2026-06-28T02:17:33.152264+00:00,adcp,Unspecified
05517530,POINT (-87.03388542916231 41.25390845474483),cef68fa0-3b01-442d-a4bb-03b3c298cdd9,USGS-05517530,450d761c-cf4c-c616-e053-0100007ff421,209,2000-04-11T13:39:00+00:00,Imported Channel 1,986,ft^3/s,,,567,ft^2,1.74,ft/s,,,Unspecified,Unspecified,Unspecified,Unspecified,Unspecified,Unknown,Boat,2026-06-28T02:17:33.152264+00:00,point_velocity,Unspecified
05517530,POINT (-87.03388542916231 41.25390845474483),cf8e8007-ef7e-42a7-ba89-4f4e92464c48,USGS-05517530,450d7523-2a4f-c5b4-e053-0100007f357b,150,1990-07-17T13:10:00+00:00,Imported Channel 1,1370,ft^3/s,134,ft,545,ft^2,2.52,ft/s,,,Unspecified,Unspecified,Unspecified,Unspecified,Unspecified,Unknown,BridgeCrane,2026-06-28T02:17:33.152264+00:00,point_velocity,Unspecified
05517530,POINT (-87.03388542916231 41.25390845474483),d01fc6f2-f27a-4997-ba8f-dd843f730a30,USGS-05517530,450d75c5-5abd-c5da-e053-0100007f9ec1,229,2004-07-02T13:15:00+00:00,Imported Channel 1,879,ft^3/s,135,ft,566,ft^2,1.55,ft/s,,ft,Unspecified,Unspecified,Unspecified,Unspecified,Unspecified,Unknown,Unspecified,2026-06-28T02:17:33.152264+00:00,adcp,Unspecified
05517530,POINT (-87.03388542916231 41.25390845474483),d0bb0ff1-bb0d-4014-b19d-c8722abaf768,USGS-05517530,450d8013-c61f-c9a2-e053-0100007f33ff,260,2010-10-06T13:16:00+00:00,Imported Channel 1,490,ft^3/s,110,ft,374,ft^2,1.31,ft/s,60.00,ft,Firm,Sand,Even,Even,Unspecified,Unknown,MannedMovingBoat,2026-06-28T02:17:33.152264+00:00,adcp,Upstream
05517530,POINT (-87.03388542916231 41.25390845474483),d1015bfa-8879-469a-8f28-c9f8ec4984a1,USGS-05517530,450d6786-1f0f-c141-e053-0100007f3d23,118,1986-07-28T05:00:00+00:00,Imported Channel 1,1210,ft^3/s,130,ft,464,ft^2,2.61,ft/s,,,Unspecified,Unspecified,Unspecified,Unspecified,Unspecified,Unknown,BridgeCrane,2026-06-28T02:17:33.152264+00:00,point_velocity,Unspecified
05517530,POINT (-87.03388542916231 41.25390845474483),d1867bce-a1eb-48ce-9df4-24bf2ca2caee,USGS-05517530,450d74c6-c004-c5b8-e053-0100007fca04,32,1978-02-06T05:00:00+00:00,Imported Channel 1,737,ft^3/s,115,ft,391,ft^2,1.89,ft/s,,,Unspecified,Unspecified,Unspecified,Unspecified,Unspecified,Unknown,Ice,2026-06-28T02:17:33.152264+00:00,point_velocity,Unspecified
05517530,POINT (-87.03388542916231 41.25390845474483),d410c6c1-c6f2-409f-b020-b861e7599fb7,USGS-05517530,450d6412-5515-c055-e053-0100007fc473,113,1985-11-12T05:00:00+00:00,Imported Channel 1,1700,ft^3/s,140,ft,704,ft^2,2.41,ft/s,,,Unspecified,Unspecified,Unspecified,Unspecified,Unspecified,Unknown,BridgeCrane,2026-06-28T02:17:33.152264+00:00,point_velocity,Unspecified
05517530,POINT (-87.03388542916231 41.25390845474483),d5cba11c-eee5-4cd2-bc13-f257a360f88e,USGS-05517530,450d86d7-87af-cb88-e053-0100007fb403,5,1975-03-06T05:00:00+00:00,Imported Channel 1,1720,ft^3/s,,,,,,,,ft,Unspecified,Unspecified,Unspecified,Unspecified,Unspecified,Unknown,Unspecified,2026-06-28T02:17:33.152264+00:00,other_method,Unspecified
05517530,POINT (-87.03388542916231 41.25390845474483),d5e05710-ac9f-417d-b4dc-37ffad887f98,USGS-05517530,450d88a2-cc9e-cc16-e053-0100007f2d33,163,1991-12-09T16:55:00+00:00,Imported Channel 1,1790,ft^3/s,145,ft,737,ft^2,2.43,ft/s,,,Unspecified,Unspecified,Unspecified,Unspecified,Unspecified,Unknown,BridgeCrane,2026-06-28T02:17:33.152264+00:00,point_velocity,Unspecified
05517530,POINT (-87.03388542916231 41.25390845474483),d7085e7c-8dee-44d2-9897-3d32c50fbfb7,USGS-05517530,450d7d19-be5c-c898-e053-0100007f0d2e,235,2005-08-30T19:15:00+00:00,Imported Channel 1,443,ft^3/s,96.7,ft,216,ft^2,2.05,ft/s,,ft,Unspecified,Unspecified,Unspecified,Unspecified,Unspecified,Unknown,Unspecified,2026-06-28T02:17:33.152264+00:00,adcp,Unspecified
05517530,POINT (-87.03388542916231 41.25390845474483),d84e2e24-d413-4746-9ce3-0f550a701b5d,USGS-05517530,450d6667-277b-c10b-e053-0100007f0807,155,1990-12-31T16:40:00+00:00,Imported Channel 1,4180,ft^3/s,296,ft,2090,ft^2,2.00,ft/s,,,Unspecified,Unspecified,Unspecified,Unspecified,Unspecified,Unknown,BridgeCrane,2026-06-28T02:17:33.152264+00:00,point_velocity,Unspecified
05517530,POINT (-87.03388542916231 41.25390845474483),d903dea7-68dd-4d84-a303-ceb55fe543f0,USGS-05517530,450d86a0-2067-cb8a-e053-0100007f1497,99,1984-08-15T05:00:00+00:00,Imported Channel 1,621,ft^3/s,105,ft,270,ft^2,2.30,ft/s,,,Unspecified,Unspecified,Unspecified,Unspecified,Unspecified,Unknown,Wading,2026-06-28T02:17:33.152264+00:00,point_velocity,Unspecified
05517530,POINT (-87.03388542916231 41.25390845474483),d92f19fc-92bc-4956-9770-145248331dd4,USGS-05517530,450d6148-72df-bf52-e053-0100007fc371,27,1977-07-11T05:00:00+00:00,Imported Channel 1,778,ft^3/s,,,,,,,,ft,Unspecified,Unspecified,Unspecified,Unspecified,Unspecified,Unknown,Unspecified,2026-06-28T02:17:33.152264+00:00,other_method,Unspecified
05517530,POINT (-87.03388542916231 41.25390845474483),d93d2f24-b600-4c57-88d5-70adbbeec3d5,USGS-05517530,450d7807-1a1b-c6c0-e053-0100007ff875,132,1988-06-20T19:35:00+00:00,Imported Channel 1,557,ft^3/s,100,ft,238,ft^2,2.34,ft/s,,,Unspecified,Unspecified,Unspecified,Unspecified,Unspecified,Unknown,Wading,2026-06-28T02:17:33.152264+00:00,point_velocity,Unspecified
05517530,POINT (-87.03388542916231 41.25390845474483),da1622c2-f9fd-4430-bb8b-86767825fca2,USGS-05517530,450d6112-66e7-bf54-e053-0100007fbeb2,169,1992-11-17T15:26:00+00:00,Imported Channel 1,3040,ft^3/s,235,ft,1310,ft^2,2.32,ft/s,,,Unspecified,Unspecified,Unspecified,Unspecified,Unspecified,Unknown,BridgeCrane,2026-06-28T02:17:33.152264+00:00,point_velocity,Unspecified
05517530,POINT (-87.03388542916231 41.25390845474483),da9ddbf9-d49d-476b-b448-b03ae8c2289d,USGS-05517530,fccc3eb2-781b-4693-9882-0d46465c974e,335,2025-07-10T14:16:49+00:00,Main,634,ft^3/s,111,ft,294,ft^2,2.16,ft/s,0.00,ft,Firm,Sand,Even,Unspecified,Standard,Steady,BridgeDownstreamSide,2026-06-28T02:17:33.152264+00:00,adcp,AtTheGage
05517530,POINT (-87.03388542916231 41.25390845474483),dc4e1125-fa80-4f21-99ac-8071daab6339,USGS-05517530,450d74fb-bc8f-c5aa-e053-0100007fdfb9,292,2016-01-04T20:17:56+00:00,main,3170,ft^3/s,130,ft,1190,ft^2,2.67,ft/s,50.00,ft,Firm,SiltMud,Even,Even,Standard,Unknown,MannedMovingBoat,2026-06-28T02:17:33.152264+00:00,adcp,Downstream
05517530,POINT (-87.03388542916231 41.25390845474483),dd613f80-e0e7-4502-a8cd-4729f14a98d8,USGS-05517530,450d63da-3170-c057-e053-0100007fdec5,218,2002-02-04T22:58:00+00:00,Imported Channel 1,3360,ft^3/s,,,,,,,,ft,Unspecified,Unspecified,Unspecified,Unspecified,Unspecified,Unknown,Unspecified,2026-06-28T02:17:33.152264+00:00,other_method,Unspecified
05517530,POINT (-87.03388542916231 41.25390845474483),de02b46e-f5f9-47d7-baf8-39e39499b13c,USGS-05517530,de3fb6cb-9db1-409f-ac2d-e01401229b98,328,2024-02-01T15:22:16+00:00,main,3730,ft^3/s,146,ft,1360,ft^2,2.74,ft/s,100.00,ft,Firm,Sand,Even,Unspecified,Standard,Steady,MannedMovingBoat,2026-06-28T02:17:33.152264+00:00,adcp,Downstream
05517530,POINT (-87.03388542916231 41.25390845474483),df1f7b89-0351-47af-87bf-624ac482f401,USGS-05517530,450d8d7e-4528-cd9d-e053-0100007fecfa,255,2009-12-02T19:14:00+00:00,Imported Channel 1,1300,ft^3/s,127,ft,563,ft^2,2.30,ft/s,40.00,ft,Firm,SiltMud,Even,Even,Unspecified,Unknown,MannedMovingBoat,2026-06-28T02:17:33.152264+00:00,adcp,Upstream
05517530,POINT (-87.03388542916231 41.25390845474483),df333138-47c0-46ea-8e89-860d6e06c33e,USGS-05517530,450d7b90-ca18-c806-e053-0100007f4264,71,1981-11-17T05:00:00+00:00,Imported Channel 1,1100,ft^3/s,,,,,,,,ft,Unspecified,Unspecified,Unspecified,Unspecified,Unspecified,Unknown,Unspecified,2026-06-28T02:17:33.152264+00:00,other_method,Unspecified
05517530,POINT (-87.03388542916231 41.25390845474483),df944cc3-9ee7-43e0-b81d-1591cf6594cb,USGS-05517530,450d7916-9317-c71f-e053-0100007fd66c,61,1980-12-09T05:00:00+00:00,Imported Channel 1,1840,ft^3/s,,,,,,,,ft,Unspecified,Unspecified,Unspecified,Unspecified,Unspecified,Unknown,Unspecified,2026-06-28T02:17:33.152264+00:00,other_method,Unspecified
05517530,POINT (-87.03388542916231 41.25390845474483),e18bf834-4e5d-45a8-b00f-362c3e0be3dd,USGS-05517530,450d83e2-8e1c-ca97-e053-0100007ff8bd,288,2015-06-19T17:04:30+00:00,Main,4060,ft^3/s,175,ft,1590,ft^2,2.53,ft/s,,ft,Unspecified,Unspecified,Unspecified,Uneven,Unspecified,Unknown,BridgeDownstreamSide,2026-06-28T02:17:33.152264+00:00,adcp,AtTheGage
05517530,POINT (-87.03388542916231 41.25390845474483),e1d80610-e577-40b8-bb35-1ff370c176a7,USGS-05517530,450d6778-bba3-c146-e053-0100007f1cd9,144,1989-08-29T13:20:00+00:00,Imported Channel 1,730,ft^3/s,112,ft,282,ft^2,2.59,ft/s,,,Unspecified,Unspecified,Unspecified,Unspecified,Unspecified,Unknown,BridgeCrane,2026-06-28T02:17:33.152264+00:00,point_velocity,Unspecified
05517530,POINT (-87.03388542916231 41.25390845474483),e2940926-fb6f-4382-b211-9220b2b1356e,USGS-05517530,450d6d8d-2c0d-c36f-e053-0100007f1075,18,1976-06-17T05:00:00+00:00,Imported Channel 1,1070,ft^3/s,,,,,,,,ft,Unspecified,Unspecified,Unspecified,Unspecified,Unspecified,Unknown,Unspecified,2026-06-28T02:17:33.152264+00:00,other_method,Unspecified
05517530,POINT (-87.03388542916231 41.25390845474483),e2bea75f-002b-4752-9d74-03dad69857ba,USGS-05517530,450d7fed-7a6b-c98c-e053-0100007fbf34,142,1989-05-22T18:30:00+00:00,Imported Channel 1,1140,ft^3/s,128,ft,459,ft^2,2.48,ft/s,,,Unspecified,Unspecified,Unspecified,Unspecified,Unspecified,Unknown,BridgeCrane,2026-06-28T02:17:33.152264+00:00,point_velocity,Unspecified
05517530,POINT (-87.03388542916231 41.25390845474483),e404416a-5524-4225-a924-d1ee37af86b0,USGS-05517530,450d761c-cf31-c616-e053-0100007ff421,124,1987-04-06T05:00:00+00:00,Imported Channel 1,1050,ft^3/s,123,ft,405,ft^2,2.59,ft/s,,,Unspecified,Unspecified,Unspecified,Unspecified,Unspecified,Unknown,BridgeCrane,2026-06-28T02:17:33.152264+00:00,point_velocity,Unspecified
05517530,POINT (-87.03388542916231 41.25390845474483),e4d62427-fce4-40b4-8db2-f6c3c92e9a86,USGS-05517530,450d6772-4473-c143-e053-0100007f95ca,26,1977-06-06T05:00:00+00:00,Imported Channel 1,968,ft^3/s,,,,,,,,ft,Unspecified,Unspecified,Unspecified,Unspecified,Unspecified,Unknown,Unspecified,2026-06-28T02:17:33.152264+00:00,other_method,Unspecified
05517530,POINT (-87.03388542916231 41.25390845474483),e5c86007-8a45-4201-b911-b70d3d0eed21,USGS-05517530,7ea49679-ce05-4591-bce8-42e007837afe,325,2023-07-19T12:19:10+00:00,main,662,ft^3/s,113,ft,326,ft^2,2.03,ft/s,0.00,ft,Firm,Sand,Even,Unspecified,Standard,Steady,BridgeDownstreamSide,2026-06-28T02:17:33.152264+00:00,adcp,AtTheGage
05517530,POINT (-87.03388542916231 41.25390845474483),e746a257-fab9-41a1-902c-407be8b6c52f,USGS-05517530,450d83e2-8e00-ca97-e053-0100007ff8bd,234,2005-06-21T00:03:00+00:00,Imported Channel 1,737,ft^3/s,117,ft,355,ft^2,2.08,ft/s,,ft,Unspecified,Unspecified,Unspecified,Unspecified,Unspecified,Unknown,Unspecified,2026-06-28T02:17:33.152264+00:00,adcp,Unspecified
05517530,POINT (-87.03388542916231 41.25390845474483),e7c27840-b392-401b-a89e-f446b3efb9a9,USGS-05517530,450d983e-5324-d112-e053-0100007f687d,295,2016-07-19T13:21:22+00:00,main,699,ft^3/s,120,ft,331,ft^2,2.11,ft/s,,ft,Unspecified,Unspecified,Unspecified,Even,Unspecified,Unknown,BridgeDownstreamSide,2026-06-28T02:17:33.152264+00:00,adcp,AtTheGage
05517530,POINT (-87.03388542916231 41.25390845474483),e95722e5-144e-4be9-a0f8-9923d32ecd4f,USGS-05517530,450d6d95-9616-c375-e053-0100007fea51,87,1983-10-19T05:00:00+00:00,Imported Channel 1,537,ft^3/s,105,ft,250,ft^2,2.15,ft/s,,,Unspecified,Unspecified,Unspecified,Unspecified,Unspecified,Unknown,Wading,2026-06-28T02:17:33.152264+00:00,point_velocity,Unspecified
05517530,POINT (-87.03388542916231 41.25390845474483),ea4d47b0-3ce0-480f-a269-eeadafc5d36f,USGS-05517530,450d7905-f59e-c71b-e053-0100007f311d,111,1985-08-15T05:00:00+00:00,Imported Channel 1,841,ft^3/s,120,ft,320,ft^2,2.63,ft/s,,,Unspecified,Unspecified,Unspecified,Unspecified,Unspecified,Unknown,BridgeCrane,2026-06-28T02:17:33.152264+00:00,point_velocity,Unspecified
05517530,POINT (-87.03388542916231 41.25390845474483),ea6cbb52-435e-460d-a3e5-87a6b4f9f012,USGS-05517530,450d8013-c5d5-c9a2-e053-0100007f33ff,74,1982-03-18T05:00:00+00:00,Imported Channel 1,4800,ft^3/s,,,,,,,,ft,Unspecified,Unspecified,Unspecified,Unspecified,Unspecified,Unknown,Unspecified,2026-06-28T02:17:33.152264+00:00,other_method,Unspecified
05517530,POINT (-87.03388542916231 41.25390845474483),ea82668a-5c72-4d01-bc25-856030c937c5,USGS-05517530,450d6772-44ac-c143-e053-0100007f95ca,184,1995-04-10T19:47:00+00:00,Imported Channel 1,1960,ft^3/s,144,ft,804,ft^2,2.44,ft/s,,,Unspecified,Unspecified,Unspecified,Unspecified,Unspecified,Unknown,BridgeCrane,2026-06-28T02:17:33.152264+00:00,point_velocity,Unspecified
05517530,POINT (-87.03388542916231 41.25390845474483),eab41f6b-8b0f-4f8f-8316-7902799f5f09,USGS-05517530,450d6112-66c7-bf54-e053-0100007fbeb2,29,1977-09-19T05:00:00+00:00,Imported Channel 1,1620,ft^3/s,,,,,,,,ft,Unspecified,Unspecified,Unspecified,Unspecified,Unspecified,Unknown,Unspecified,2026-06-28T02:17:33.152264+00:00,other_method,Unspecified
05517530,POINT (-87.03388542916231 41.25390845474483),eaf4172c-383a-4f15-b792-50f6683390b5,USGS-05517530,450d8072-9f0a-c9a6-e053-0100007fef60,237,2006-02-09T16:00:00+00:00,Imported Channel 1,1070,ft^3/s,121,ft,465,ft^2,2.30,ft/s,,ft,Unspecified,Unspecified,Unspecified,Unspecified,Unspecified,Unknown,Unspecified,2026-06-28T02:17:33.152264+00:00,adcp,Unspecified
05517530,POINT (-87.03388542916231 41.25390845474483),eb3716a3-6dea-43f5-8f1a-3f2aae1419d4,USGS-05517530,450d86d7-87ba-cb88-e053-0100007fb403,62,1981-01-26T05:00:00+00:00,Imported Channel 1,925,ft^3/s,,,,,,,,ft,Unspecified,Unspecified,Unspecified,Unspecified,Unspecified,Unknown,Unspecified,2026-06-28T02:17:33.152264+00:00,other_method,Unspecified
05517530,POINT (-87.03388542916231 41.25390845474483),eb382c89-95a7-4efa-a96f-4ae0ab390d25,USGS-05517530,450d7633-dbbc-c614-e053-0100007f2fd3,41,1978-11-28T05:00:00+00:00,Imported Channel 1,614,ft^3/s,,,,,,,,ft,Unspecified,Unspecified,Unspecified,Unspecified,Unspecified,Unknown,Unspecified,2026-06-28T02:17:33.152264+00:00,other_method,Unspecified
05517530,POINT (-87.03388542916231 41.25390845474483),ebb509dc-db56-4083-a636-59dcf62814ae,USGS-05517530,450d8013-c5d3-c9a2-e053-0100007f33ff,70,1981-09-14T05:00:00+00:00,Imported Channel 1,1310,ft^3/s,,,,,,,,ft,Unspecified,Unspecified,Unspecified,Unspecified,Unspecified,Unknown,Unspecified,2026-06-28T02:17:33.152264+00:00,other_method,Unspecified
05517530,POINT (-87.03388542916231 41.25390845474483),ec2ccaf9-31bf-43df-bb4c-55f24e05b4fc,USGS-05517530,0224b556-2c33-4aa7-a4fa-12c475576be7,329,2024-05-21T13:43:21+00:00,Main,1910,ft^3/s,136,ft,934,ft^2,2.04,ft/s,35.00,ft,Unspecified,Unspecified,Unspecified,Even,Unspecified,Unspecified,MannedMovingBoat,2026-06-28T02:17:33.152264+00:00,adcp,Downstream
05517530,POINT (-87.03388542916231 41.25390845474483),ed0c3703-3241-4a40-80f0-bb818e43d1d3,USGS-05517530,450d8009-a350-c98e-e053-0100007fd3a6,56,1980-06-23T05:00:00+00:00,Imported Channel 1,1050,ft^3/s,,,,,,,,ft,Unspecified,Unspecified,Unspecified,Unspecified,Unspecified,Unknown,Unspecified,2026-06-28T02:17:33.152264+00:00,other_method,Unspecified
05517530,POINT (-87.03388542916231 41.25390845474483),ed9cc345-8454-4be9-9886-18f965ac6498,USGS-05517530,450d7d19-be3b-c898-e053-0100007f0d2e,137,1988-10-18T20:25:00+00:00,Imported Channel 1,694,ft^3/s,114,ft,299,ft^2,2.32,ft/s,,,Unspecified,Unspecified,Unspecified,Unspecified,Unspecified,Unknown,Wading,2026-06-28T02:17:33.152264+00:00,point_velocity,Unspecified
05517530,POINT (-87.03388542916231 41.25390845474483),ee2371b7-3064-4eba-a416-2094da3f834f,USGS-05517530,450d74a1-f53b-c5a4-e053-0100007f102d,58,1980-08-12T05:00:00+00:00,Imported Channel 1,597,ft^3/s,,,,,,,,ft,Unspecified,Unspecified,Unspecified,Unspecified,Unspecified,Unknown,Unspecified,2026-06-28T02:17:33.152264+00:00,other_method,Unspecified
05517530,POINT (-87.03388542916231 41.25390845474483),ee55c83a-84fd-40e7-bc4b-204efdac7adc,USGS-05517530,450d7647-aeac-c612-e053-0100007f5f06,1,1974-10-11T05:00:00+00:00,Imported Channel 1,446,ft^3/s,,,,,,,,ft,Unspecified,Unspecified,Unspecified,Unspecified,Unspecified,Unknown,Unspecified,2026-06-28T02:17:33.152264+00:00,other_method,Unspecified
05517530,POINT (-87.03388542916231 41.25390845474483),eea730b0-3a04-48f0-9cea-342db704f543,USGS-05517530,450d83e2-8e1c-ca97-e053-0100007ff8bd,287,2015-06-19T16:38:34+00:00,Main,4230,ft^3/s,182,ft,1610,ft^2,2.63,ft/s,,ft,Soft,Sand,Uneven,Uneven,Standard,Unknown,BridgeDownstreamSide,2026-06-28T02:17:33.152264+00:00,adcp,AtTheGage
05517530,POINT (-87.03388542916231 41.25390845474483),f05cd4a1-7495-4ee0-a476-22c83bd960f0,USGS-05517530,450d8013-c5fb-c9a2-e053-0100007f33ff,195,1997-05-20T14:20:00+00:00,Imported Channel 1,2580,ft^3/s,,,,,0.00,ft/s,,,Unspecified,Unspecified,Unspecified,Unspecified,Unspecified,Unknown,Boat,2026-06-28T02:17:33.152264+00:00,point_velocity,Unspecified
05517530,POINT (-87.03388542916231 41.25390845474483),f0805a55-8d6b-45b9-966a-c937bfa06f28,USGS-05517530,450d969a-a463-d08a-e053-0100007f3ba1,262,2011-03-16T13:35:34+00:00,MAIN,2420,ft^3/s,131,ft,1080,ft^2,2.24,ft/s,500.00,ft,Unspecified,Unspecified,Unspecified,Uneven,Unspecified,Unknown,MannedMovingBoat,2026-06-28T02:17:33.152264+00:00,adcp,Upstream
05517530,POINT (-87.03388542916231 41.25390845474483),f0cf94fa-1b51-4ef3-a4e7-e6bf0b27a4ae,USGS-05517530,450d6772-44ad-c143-e053-0100007f95ca,186,1995-08-10T20:15:00+00:00,Imported Channel 1,1430,ft^3/s,140,ft,579,ft^2,2.47,ft/s,,,Unspecified,Unspecified,Unspecified,Unspecified,Unspecified,Unknown,BridgeCrane,2026-06-28T02:17:33.152264+00:00,point_velocity,Unspecified
05517530,POINT (-87.03388542916231 41.25390845474483),f0f6d527-7884-4f17-bb06-12c00576883f,USGS-05517530,450d8025-d626-c98a-e053-0100007f6233,45,1979-04-26T05:00:00+00:00,Imported Channel 1,2290,ft^3/s,,,,,,,,ft,Unspecified,Unspecified,Unspecified,Unspecified,Unspecified,Unknown,Unspecified,2026-06-28T02:17:33.152264+00:00,other_method,Unspecified
05517530,POINT (-87.03388542916231 41.25390845474483),f268a8c1-e47a-43ea-9eb8-bdfcaa69d00a,USGS-05517530,450d8b8a-ef61-ccf2-e053-0100007fb93e,102,1984-10-22T05:00:00+00:00,Imported Channel 1,1380,ft^3/s,132,ft,544,ft^2,2.53,ft/s,,,Unspecified,Unspecified,Unspecified,Unspecified,Unspecified,Unknown,BridgeCrane,2026-06-28T02:17:33.152264+00:00,point_velocity,Unspecified
05517530,POINT (-87.03388542916231 41.25390845474483),f2745eed-f3d6-406c-ae7f-f923f3e3ef57,USGS-05517530,450d75c5-5aad-c5da-e053-0100007f9ec1,191,1996-07-30T16:30:00+00:00,Imported Channel 1,4030,ft^3/s,,,,,0.00,ft/s,,,Unspecified,Unspecified,Unspecified,Unspecified,Unspecified,Unknown,Boat,2026-06-28T02:17:33.152264+00:00,point_velocity,Unspecified
05517530,POINT (-87.03388542916231 41.25390845474483),f2ef903a-375e-4d45-9b94-6b0e5e8bc746,USGS-05517530,450d755f-2218-c5dc-e053-0100007f0625,165,1992-04-07T12:45:00+00:00,Imported Channel 1,1880,ft^3/s,143,ft,742,ft^2,2.53,ft/s,,,Unspecified,Unspecified,Unspecified,Unspecified,Unspecified,Unknown,BridgeCrane,2026-06-28T02:17:33.152264+00:00,point_velocity,Unspecified
05517530,POINT (-87.03388542916231 41.25390845474483),f36954bb-3617-4fd5-8f63-0a7ce4c68496,USGS-05517530,450d891e-baf9-cc14-e053-0100007f1158,3,1974-12-12T05:00:00+00:00,Imported Channel 1,746,ft^3/s,,,,,,,,ft,Unspecified,Unspecified,Unspecified,Unspecified,Unspecified,Unknown,Unspecified,2026-06-28T02:17:33.152264+00:00,other_method,Unspecified
05517530,POINT (-87.03388542916231 41.25390845474483),f6736b18-cc32-4b90-a838-1135d349c3c2,USGS-05517530,450d8d7e-452c-cd9d-e053-0100007fecfa,263,2011-05-11T12:51:22+00:00,main,2700,ft^3/s,132,ft,1190,ft^2,2.27,ft/s,500.00,ft,Soft,Sand,Even,Even,Standard,Unknown,MannedMovingBoat,2026-06-28T02:17:33.152264+00:00,adcp,Upstream
05517530,POINT (-87.03388542916231 41.25390845474483),f69c7ebb-45ba-4858-ba51-24666a5d0c8e,USGS-05517530,450d7647-aeb8-c612-e053-0100007f5f06,80,1983-03-16T05:00:00+00:00,Imported Channel 1,1340,ft^3/s,,,,,,,,ft,Unspecified,Unspecified,Unspecified,Unspecified,Unspecified,Unknown,Unspecified,2026-06-28T02:17:33.152264+00:00,other_method,Unspecified
05517530,POINT (-87.03388542916231 41.25390845474483),f756b121-335b-426b-8b7d-eedc02c7004f,USGS-05517530,450d7916-9361-c71f-e053-0100007fd66c,253,2009-08-31T17:04:00+00:00,Imported Channel 1,1600,ft^3/s,134,ft,589,ft^2,2.72,ft/s,80.00,ft,Firm,Sand,Even,Even,Unspecified,Unknown,MannedMovingBoat,2026-06-28T02:17:33.152264+00:00,adcp,Upstream
05517530,POINT (-87.03388542916231 41.25390845474483),f7688157-370f-4e28-a5a9-530babb3906c,USGS-05517530,450d8d72-cf04-cda1-e053-0100007f20fe,127,1987-10-06T13:30:00+00:00,Imported Channel 1,834,ft^3/s,120,ft,332,ft^2,2.51,ft/s,,,Unspecified,Unspecified,Unspecified,Unspecified,Unspecified,Unknown,BridgeCrane,2026-06-28T02:17:33.152264+00:00,point_velocity,Unspecified
05517530,POINT (-87.03388542916231 41.25390845474483),f7a79939-960a-42db-92fb-fbd8efb18124,USGS-05517530,450d7c9d-7bd2-c896-e053-0100007f7ddd,204,1999-04-13T14:37:00+00:00,Imported Channel 1,2300,ft^3/s,,,,,0.00,ft/s,,,Unspecified,Unspecified,Unspecified,Unspecified,Unspecified,Unknown,BridgeCrane,2026-06-28T02:17:33.152264+00:00,point_velocity,Unspecified
05517530,POINT (-87.03388542916231 41.25390845474483),f8cd59fd-2b9e-4046-8203-7ef50d120a64,USGS-05517530,450d5b7c-6ec9-bdaa-e053-0100007fdb7b,51,1979-11-20T05:00:00+00:00,Imported Channel 1,789,ft^3/s,,,,,,,,ft,Unspecified,Unspecified,Unspecified,Unspecified,Unspecified,Unknown,Unspecified,2026-06-28T02:17:33.152264+00:00,other_method,Unspecified
05517530,POINT (-87.03388542916231 41.25390845474483),f97c097e-79f8-4380-8bf8-3ed9aff5fb0b,USGS-05517530,d49e24d8-9138-4a3e-ba2c-dcdcff03264e,336,2026-01-13T16:56:14+00:00,Main,1300,ft^3/s,139,ft,781,ft^2,1.67,ft/s,40.00,ft,Unspecified,Unspecified,Unspecified,Even,Unspecified,Unspecified,MannedMovingBoat,2026-06-28T02:17:33.152264+00:00,adcp,Downstream
05517530,POINT (-87.03388542916231 41.25390845474483),faf14982-9f06-4a14-97c6-258cc189b8e1,USGS-05517530,450d8366-3299-ca77-e053-0100007fc6b4,60,1980-11-06T05:00:00+00:00,Imported Channel 1,837,ft^3/s,,,,,,,,ft,Unspecified,Unspecified,Unspecified,Unspecified,Unspecified,Unknown,Unspecified,2026-06-28T02:17:33.152264+00:00,other_method,Unspecified
05517530,POINT (-87.03388542916231 41.25390845474483),fb44052c-9fcf-48da-b904-004fa8efbf36,USGS-05517530,450d7647-aec3-c612-e053-0100007f5f06,123,1987-02-23T05:00:00+00:00,Imported Channel 1,1350,ft^3/s,132,ft,519,ft^2,2.60,ft/s,,,Unspecified,Unspecified,Unspecified,Unspecified,Unspecified,Unknown,BridgeCrane,2026-06-28T02:17:33.152264+00:00,point_velocity,Unspecified
05517530,POINT (-87.03388542916231 41.25390845474483),fc712346-152e-42c2-adc7-889f8b56d2c3,USGS-05517530,450d6d95-9605-c375-e053-0100007fea51,36,1978-06-17T05:00:00+00:00,Imported Channel 1,1120,ft^3/s,,,,,,,,ft,Unspecified,Unspecified,Unspecified,Unspecified,Unspecified,Unknown,Unspecified,2026-06-28T02:17:33.152264+00:00,other_method,Unspecified
05517530,POINT (-87.03388542916231 41.25390845474483),fc93552b-0b63-4c80-88fe-8c65f3870edb,USGS-05517530,6636f5e1-5e76-634f-e053-0100007f3e87,302,2018-02-27T18:08:36+00:00,main,5740,ft^3/s,302,ft,2210,ft^2,2.59,ft/s,0.00,ft,Unspecified,Unspecified,Unspecified,Unspecified,Unspecified,Unspecified,BridgeDownstreamSide,2026-06-28T02:17:33.152264+00:00,adcp,AtTheGage
05517530,POINT (-87.03388542916231 41.25390845474483),fca473b1-1f17-47f6-9eec-a6d111e8655e,USGS-05517530,450d88a2-cc9a-cc16-e053-0100007f2d33,148,1990-04-17T12:45:00+00:00,Imported Channel 1,2540,ft^3/s,154,ft,1010,ft^2,2.51,ft/s,,,Unspecified,Unspecified,Unspecified,Unspecified,Unspecified,Unknown,BridgeCrane,2026-06-28T02:17:33.152264+00:00,point_velocity,Unspecified
05517530,POINT (-87.03388542916231 41.25390845474483),fe13d554-2d15-4491-be6a-5faef6452d28,USGS-05517530,450d8025-d647-c98a-e053-0100007f6233,154,1990-12-05T16:25:00+00:00,Imported Channel 1,3390,ft^3/s,264,ft,1490,ft^2,2.28,ft/s,,,Unspecified,Unspecified,Unspecified,Unspecified,Unspecified,Unknown,BridgeCrane,2026-06-28T02:17:33.152264+00:00,point_velocity,Unspecified
