site_id,geometry,id,monitoring_location_id,field_visit_id,measurement_number,time,channel_name,channel_flow,channel_flow_unit,channel_width,channel_width_unit,channel_area,channel_area_unit,channel_velocity,channel_velocity_unit,channel_location_distance,channel_location_distance_unit,channel_stability,channel_material,channel_evenness,horizontal_velocity_description,vertical_velocity_description,longitudinal_velocity_description,measurement_type,last_modified,channel_measurement_type,channel_location_direction
05515500,POINT (-86.7061666666667 41.3896388888889),014824d3-680c-4764-b01b-ea86e4c0095e,USGS-05515500,450d7633-dbe9-c614-e053-0100007f2fd3,688,2010-02-02T20:47:00+00:00,Imported Channel 1,697,ft^3/s,71.3,ft,475,ft^2,1.47,ft/s,5280.00,ft,Unspecified,Unspecified,Unspecified,Even,Unspecified,Unknown,BridgeDownstreamSide,2026-07-10T14:00:41.078093+00:00,adcp,Downstream
05515500,POINT (-86.7061666666667 41.3896388888889),02f1025a-9892-4203-8bb8-7d403ab8a1dc,USGS-05515500,450d706d-6318-c46b-e053-0100007f424a,583,1992-06-22T19:50:00+00:00,Imported Channel 1,351,ft^3/s,72.0,ft,321,ft^2,1.09,ft/s,,,Unspecified,Unspecified,Unspecified,Unspecified,Unspecified,Unknown,BridgeCrane,2026-07-10T14:00:41.078093+00:00,point_velocity,Unspecified
05515500,POINT (-86.7061666666667 41.3896388888889),0302ef89-60cf-4ff7-8f2a-297fbfa412b2,USGS-05515500,450d8013-c5c3-c9a2-e053-0100007f33ff,527,1985-03-01T05:00:00+00:00,Imported Channel 1,1590,ft^3/s,144,ft,883,ft^2,1.80,ft/s,,,Unspecified,Unspecified,Unspecified,Unspecified,Unspecified,Unknown,BridgeCrane,2026-07-10T14:00:41.078093+00:00,point_velocity,Unspecified
05515500,POINT (-86.7061666666667 41.3896388888889),03a2ae8f-3100-4285-af53-c640b1d8d19f,USGS-05515500,450d7852-cf1d-c6be-e053-0100007f4e14,458,1976-10-06T05:00:00+00:00,Imported Channel 1,424,ft^3/s,,,,,,,,ft,Unspecified,Unspecified,Unspecified,Unspecified,Unspecified,Unknown,Unspecified,2026-07-10T14:00:41.078093+00:00,other_method,Unspecified
05515500,POINT (-86.7061666666667 41.3896388888889),05d8a85d-fb32-4fed-878b-dbd0594a9f81,USGS-05515500,450d59de-2857-bcdc-e053-0100007f93f3,563,1989-12-07T16:20:00+00:00,Imported Channel 1,405,ft^3/s,81.0,ft,357,ft^2,1.13,ft/s,,,Unspecified,Unspecified,Unspecified,Unspecified,Unspecified,Unknown,BridgeCrane,2026-07-10T14:00:41.078093+00:00,point_velocity,Unspecified
05515500,POINT (-86.7061666666667 41.3896388888889),064d3258-f892-438d-b71b-2ede6b2c439b,USGS-05515500,450d6786-1f35-c141-e053-0100007f3d23,712,2013-06-27T21:20:07+00:00,MAIN,1430,ft^3/s,75.5,ft,527,ft^2,2.72,ft/s,,ft,Firm,Gravel,Even,Even,Standard,Unknown,Cableway,2026-07-10T14:00:41.078093+00:00,adcp,AtTheGage
05515500,POINT (-86.7061666666667 41.3896388888889),07cab027-a9c1-4e2c-bca7-b4cfd3f4c7ba,USGS-05515500,450d8b8a-ef7c-ccf2-e053-0100007fb93e,692,2010-05-18T18:13:00+00:00,Imported Channel 1,778,ft^3/s,73.8,ft,426,ft^2,1.83,ft/s,5280.00,ft,Firm,Gravel,Even,Even,Unspecified,Unknown,BridgeDownstreamSide,2026-07-10T14:00:41.078093+00:00,adcp,Downstream
05515500,POINT (-86.7061666666667 41.3896388888889),07cd3f6a-3c16-4601-808a-5bf42a4838c4,USGS-05515500,ea22d4e4-de56-47b7-98fa-d010a789717e,784,2022-08-15T23:52:32+00:00,main,261,ft^3/s,54.6,ft,228,ft^2,1.14,ft/s,0.00,ft,Unspecified,Unspecified,Unspecified,Even,Standard,Steady,BridgeDownstreamSide,2026-07-10T14:00:41.078093+00:00,adcp,AtTheGage
05515500,POINT (-86.7061666666667 41.3896388888889),08e30801-cd34-471b-92ac-47485225c15f,USGS-05515500,c612ae5b-48bb-449c-b007-6d01210163a6,769,2020-02-04T21:17:05+00:00,main,925,ft^3/s,71.9,ft,517,ft^2,1.79,ft/s,50.00,ft,Unspecified,Unspecified,Unspecified,Even,Standard,Steady,BridgeUpstreamSide,2026-07-10T14:00:41.078093+00:00,adcp,Upstream
05515500,POINT (-86.7061666666667 41.3896388888889),0a330413-1fca-4b96-aff6-975dbf105cb3,USGS-05515500,450d8366-327f-ca77-e053-0100007fc6b4,140,1950-04-06T05:00:00+00:00,Imported Channel 1,1270,ft^3/s,,,,,,,,ft,Unspecified,Unspecified,Unspecified,Unspecified,Unspecified,Unknown,Unspecified,2026-07-10T14:00:41.078093+00:00,other_method,Unspecified
05515500,POINT (-86.7061666666667 41.3896388888889),0a51140d-2cfb-4add-b031-4220f2ab1d6d,USGS-05515500,450d7bf7-3395-c804-e053-0100007fec47,710,2013-03-05T16:49:38+00:00,Main,638,ft^3/s,75.3,ft,292,ft^2,2.19,ft/s,,ft,Firm,Gravel,Even,Even,Standard,Unknown,Cableway,2026-07-10T14:00:41.078093+00:00,adcp,AtTheGage
05515500,POINT (-86.7061666666667 41.3896388888889),0af6a957-08ce-4f72-af87-0c23294960e9,USGS-05515500,450d8366-32cc-ca77-e053-0100007fc6b4,737,2016-02-09T21:25:10+00:00,MAIN,597,ft^3/s,79.7,ft,499,ft^2,1.20,ft/s,,ft,Soft,SiltMud,Even,Even,Standard,Unknown,BridgeDownstreamSide,2026-07-10T14:00:41.078093+00:00,adcp,AtTheGage
05515500,POINT (-86.7061666666667 41.3896388888889),0b3d8eed-9cd6-471a-b377-f74276719156,USGS-05515500,450d7852-cf49-c6be-e053-0100007f4e14,588,1993-04-02T16:00:00+00:00,Imported Channel 1,1280,ft^3/s,108,ft,696,ft^2,1.83,ft/s,,,Unspecified,Unspecified,Unspecified,Unspecified,Unspecified,Unknown,BridgeCrane,2026-07-10T14:00:41.078093+00:00,point_velocity,Unspecified
05515500,POINT (-86.7061666666667 41.3896388888889),0c8e9066-6a1e-47e9-9518-fbe2ef3d4262,USGS-05515500,450d6148-72dd-bf52-e053-0100007fc371,558,1989-04-14T14:50:00+00:00,Imported Channel 1,565,ft^3/s,77.8,ft,369,ft^2,1.53,ft/s,,,Unspecified,Unspecified,Unspecified,Unspecified,Unspecified,Unknown,BridgeCrane,2026-07-10T14:00:41.078093+00:00,point_velocity,Unspecified
05515500,POINT (-86.7061666666667 41.3896388888889),0d5d2ad4-e816-4c5a-a042-af4dd71d4d2d,USGS-05515500,450d5d57-4ebb-be49-e053-0100007ff52a,519,1984-02-09T05:00:00+00:00,Imported Channel 1,402,ft^3/s,76.0,ft,290,ft^2,1.39,ft/s,,,Unspecified,Unspecified,Unspecified,Unspecified,Unspecified,Unknown,BridgeCrane,2026-07-10T14:00:41.078093+00:00,point_velocity,Unspecified
05515500,POINT (-86.7061666666667 41.3896388888889),0dcefd3d-47d1-455a-b8ac-0b5a76cf9a69,USGS-05515500,450d5b90-7413-bda8-e053-0100007f9fb5,205,1954-10-28T05:00:00+00:00,Imported Channel 1,1300,ft^3/s,,,,,,,,ft,Unspecified,Unspecified,Unspecified,Unspecified,Unspecified,Unknown,Unspecified,2026-07-10T14:00:41.078093+00:00,other_method,Unspecified
05515500,POINT (-86.7061666666667 41.3896388888889),0f6fb5f9-79da-4432-93ff-e369dcf8f811,USGS-05515500,450d6932-09f4-c1dc-e053-0100007f502a,529,1985-03-29T05:00:00+00:00,Imported Channel 1,1400,ft^3/s,129,ft,754,ft^2,1.86,ft/s,,,Unspecified,Unspecified,Unspecified,Unspecified,Unspecified,Unknown,BridgeCrane,2026-07-10T14:00:41.078093+00:00,point_velocity,Unspecified
05515500,POINT (-86.7061666666667 41.3896388888889),100cd88b-d1af-4755-b22e-9bf5edd5edef,USGS-05515500,450d50fb-fbbb-ba11-e053-0100007f3435,110,1946-05-02T05:00:00+00:00,Imported Channel 1,1070,ft^3/s,,,,,,,,ft,Unspecified,Unspecified,Unspecified,Unspecified,Unspecified,Unknown,Unspecified,2026-07-10T14:00:41.078093+00:00,other_method,Unspecified
05515500,POINT (-86.7061666666667 41.3896388888889),1083185d-406f-4dfa-bd7e-cbc636bb46b3,USGS-05515500,450d6d8d-2c07-c36f-e053-0100007f1075,539,1986-08-27T05:00:00+00:00,Imported Channel 1,378,ft^3/s,74.0,ft,232,ft^2,1.63,ft/s,,,Unspecified,Unspecified,Unspecified,Unspecified,Unspecified,Unknown,BridgeCrane,2026-07-10T14:00:41.078093+00:00,point_velocity,Unspecified
05515500,POINT (-86.7061666666667 41.3896388888889),11c817b0-6a61-48da-8d33-58dfe3bd33bd,USGS-05515500,450d7c9d-7ba9-c896-e053-0100007f7ddd,482,1979-09-14T05:00:00+00:00,Imported Channel 1,312,ft^3/s,,,,,,,,ft,Unspecified,Unspecified,Unspecified,Unspecified,Unspecified,Unknown,Unspecified,2026-07-10T14:00:41.078093+00:00,other_method,Unspecified
05515500,POINT (-86.7061666666667 41.3896388888889),12405aa2-1b47-4734-9add-fcbdd5b624a7,USGS-05515500,450d63da-312b-c057-e053-0100007fdec5,481,1979-08-02T05:00:00+00:00,Imported Channel 1,380,ft^3/s,,,,,,,,ft,Unspecified,Unspecified,Unspecified,Unspecified,Unspecified,Unknown,Unspecified,2026-07-10T14:00:41.078093+00:00,other_method,Unspecified
05515500,POINT (-86.7061666666667 41.3896388888889),12758ac7-01df-420d-a2de-3bdb23b5bf28,USGS-05515500,450d6786-1f0b-c141-e053-0100007f3d23,615,1997-07-08T13:00:00+00:00,Imported Channel 1,644,ft^3/s,,,,,0.00,ft/s,,,Unspecified,Unspecified,Unspecified,Unspecified,Unspecified,Unknown,Boat,2026-07-10T14:00:41.078093+00:00,point_velocity,Unspecified
05515500,POINT (-86.7061666666667 41.3896388888889),13f17990-93c1-46ec-ac9c-905a34bda9aa,USGS-05515500,7624a03d-bd6d-49fa-e053-0100007f7b55,758,2018-09-12T15:08:45+00:00,Main,391,ft^3/s,63.3,ft,312,ft^2,1.25,ft/s,0.00,ft,Unspecified,Unspecified,Unspecified,Even,Standard,Steady,BridgeDownstreamSide,2026-07-10T14:00:41.078093+00:00,adcp,AtTheGage
05515500,POINT (-86.7061666666667 41.3896388888889),14fbdd76-8ba4-4672-a082-aa833800df4a,USGS-05515500,450d6d8d-2c14-c36f-e053-0100007f1075,580,1992-02-05T14:25:00+00:00,Imported Channel 1,561,ft^3/s,77.8,ft,3.67,ft^2,1.53,ft/s,,,Unspecified,Unspecified,Unspecified,Unspecified,Unspecified,Unknown,BridgeCrane,2026-07-10T14:00:41.078093+00:00,point_velocity,Unspecified
05515500,POINT (-86.7061666666667 41.3896388888889),1524fd93-fba8-46d9-9261-31e618ede748,USGS-05515500,a2dd94be-7cf8-462f-a4c9-77f10ff8ba5a,778,2021-09-08T15:39:08+00:00,main,277,ft^3/s,57.5,ft,251,ft^2,1.10,ft/s,0.00,ft,Unspecified,Unspecified,Unspecified,Even,Standard,Steady,BridgeDownstreamSide,2026-07-10T14:00:41.078093+00:00,adcp,AtTheGage
05515500,POINT (-86.7061666666667 41.3896388888889),1541b246-cf7b-4380-953f-eea5c6f5d8a3,USGS-05515500,450d973c-fa97-d08c-e053-0100007f7449,739,2016-05-18T21:04:13+00:00,MAIN,777,ft^3/s,80.5,ft,573,ft^2,1.36,ft/s,,ft,Soft,SiltMud,Even,Even,Standard,Unknown,BridgeDownstreamSide,2026-07-10T14:00:41.078093+00:00,adcp,AtTheGage
05515500,POINT (-86.7061666666667 41.3896388888889),1560bf20-dfa2-4740-afd8-ea1f867efe10,USGS-05515500,450d7508-7112-c5ac-e053-0100007f62d3,630,2000-06-19T23:00:00+00:00,Imported Channel 1,644,ft^3/s,,,,,0.00,ft/s,,,Unspecified,Unspecified,Unspecified,Unspecified,Unspecified,Unknown,Boat,2026-07-10T14:00:41.078093+00:00,point_velocity,Unspecified
05515500,POINT (-86.7061666666667 41.3896388888889),1565dfeb-1311-48a2-a0d6-0e6703f4747e,USGS-05515500,450d8360-4216-ca75-e053-0100007ff789,727,2014-08-26T18:20:16+00:00,MAIN,581,ft^3/s,72.5,ft,294,ft^2,1.97,ft/s,15.00,ft,Firm,Gravel,Even,Even,Standard,Unknown,BridgeDownstreamSide,2026-07-10T14:00:41.078093+00:00,adcp,Downstream
05515500,POINT (-86.7061666666667 41.3896388888889),15c55feb-5581-4f36-a95f-c9f672861a68,USGS-05515500,80d72bfb-a56b-67f8-e053-0100007fedde,761,2018-12-12T19:12:33+00:00,Main,661,ft^3/s,72.8,ft,436,ft^2,1.52,ft/s,0.00,ft,Unspecified,Unspecified,Unspecified,Even,Standard,Steady,BridgeDownstreamSide,2026-07-10T14:00:41.078093+00:00,adcp,AtTheGage
05515500,POINT (-86.7061666666667 41.3896388888889),15dcddd1-b558-435a-b0bf-e72463cec887,USGS-05515500,450d83d9-87bd-ca99-e053-0100007fbb0c,343,1966-01-03T05:00:00+00:00,Imported Channel 1,1060,ft^3/s,,,,,,,,ft,Unspecified,Unspecified,Unspecified,Unspecified,Unspecified,Unknown,Unspecified,2026-07-10T14:00:41.078093+00:00,other_method,Unspecified
05515500,POINT (-86.7061666666667 41.3896388888889),163f2856-351b-4fc8-a90d-df2b36a1ad40,USGS-05515500,450d6778-bbb6-c146-e053-0100007f1cd9,678,2008-08-07T14:45:00+00:00,Imported Channel 1,360,ft^3/s,66.0,ft,214,ft^2,1.69,ft/s,,ft,Unspecified,Unspecified,Unspecified,Unspecified,Unspecified,Unknown,Unspecified,2026-07-10T14:00:41.078093+00:00,adcp,Unspecified
05515500,POINT (-86.7061666666667 41.3896388888889),16c2a6ce-820f-436a-9c24-a415dc78109d,USGS-05515500,c1aea520-3cba-4c35-b251-64787a0db8fc,783,2022-06-29T13:18:38+00:00,main,313,ft^3/s,54.2,ft,256,ft^2,1.23,ft/s,0.00,ft,Unspecified,Unspecified,Unspecified,Even,Standard,Steady,BridgeDownstreamSide,2026-07-10T14:00:41.078093+00:00,adcp,AtTheGage
05515500,POINT (-86.7061666666667 41.3896388888889),16e2f5ae-08bd-4895-bcfb-bbb553c687ea,USGS-05515500,450d7523-2a43-c5b4-e053-0100007f357b,614,1997-05-20T12:18:00+00:00,Imported Channel 1,724,ft^3/s,70.0,ft,,,0.00,ft/s,,,Unspecified,Unspecified,Unspecified,Unspecified,Unspecified,Unknown,Boat,2026-07-10T14:00:41.078093+00:00,point_velocity,Unspecified
05515500,POINT (-86.7061666666667 41.3896388888889),177ba6a9-501d-489d-b0ad-0df89342a0f0,USGS-05515500,450d8896-74ac-cc10-e053-0100007f4527,730,2015-01-14T22:00:38+00:00,MAIN,548,ft^3/s,66.3,ft,337,ft^2,1.62,ft/s,,ft,Soft,SiltMud,Even,Uneven,Standard,Unknown,BridgeDownstreamSide,2026-07-10T14:00:41.078093+00:00,adcp,AtTheGage
05515500,POINT (-86.7061666666667 41.3896388888889),1936e2f2-085c-4957-9cca-9231f97dc29e,USGS-05515500,450d83e2-8dee-ca97-e053-0100007ff8bd,697,2011-03-18T12:42:43+00:00,MAIN,747,ft^3/s,78.2,ft,457,ft^2,1.64,ft/s,5280.00,ft,Unspecified,Unspecified,Unspecified,Uneven,Unspecified,Unknown,BridgeDownstreamSide,2026-07-10T14:00:41.078093+00:00,adcp,Downstream
05515500,POINT (-86.7061666666667 41.3896388888889),1943974e-f65f-42c3-a6ae-0331360d647c,USGS-05515500,450d70c4-ddf8-c467-e053-0100007f5ccb,569,1990-10-15T20:25:00+00:00,Imported Channel 1,1400,ft^3/s,120,ft,830,ft^2,1.69,ft/s,,,Unspecified,Unspecified,Unspecified,Unspecified,Unspecified,Unknown,BridgeCrane,2026-07-10T14:00:41.078093+00:00,point_velocity,Unspecified
05515500,POINT (-86.7061666666667 41.3896388888889),198b7cde-2c25-4926-8f60-c5e6c08279d1,USGS-05515500,450d6932-09f9-c1dc-e053-0100007f502a,573,1990-11-30T15:45:00+00:00,Imported Channel 1,1540,ft^3/s,118,ft,828,ft^2,1.86,ft/s,,,Unspecified,Unspecified,Unspecified,Unspecified,Unspecified,Unknown,BridgeCrane,2026-07-10T14:00:41.078093+00:00,point_velocity,Unspecified
05515500,POINT (-86.7061666666667 41.3896388888889),19b06a3f-0e4d-4b70-a3c0-e9c523c60b38,USGS-05515500,8884a313-790f-494d-bb3b-2c7442d91999,774,2020-12-01T18:59:08+00:00,main,380,ft^3/s,65.1,ft,310,ft^2,1.22,ft/s,0.00,ft,Unspecified,Unspecified,Unspecified,Even,Standard,Steady,BridgeDownstreamSide,2026-07-10T14:00:41.078093+00:00,adcp,AtTheGage
05515500,POINT (-86.7061666666667 41.3896388888889),1a0f226e-eb3f-4860-99bc-2a7adbe4316c,USGS-05515500,450d750a-8369-c5bc-e053-0100007f52f4,620,1998-12-15T05:00:00+00:00,Imported Channel 1,350,ft^3/s,,,,,0.00,ft/s,,,Unspecified,Unspecified,Unspecified,Unspecified,Unspecified,Unknown,Boat,2026-07-10T14:00:41.078093+00:00,point_velocity,Unspecified
05515500,POINT (-86.7061666666667 41.3896388888889),1a3e3df0-a2b3-45f1-8813-c107aec0b623,USGS-05515500,450d74a1-f538-c5a4-e053-0100007f102d,550,1988-03-29T13:45:00+00:00,Imported Channel 1,778,ft^3/s,81.0,ft,451,ft^2,1.72,ft/s,,,Unspecified,Unspecified,Unspecified,Unspecified,Unspecified,Unknown,BridgeCrane,2026-07-10T14:00:41.078093+00:00,point_velocity,Unspecified
05515500,POINT (-86.7061666666667 41.3896388888889),1ae9945e-6a5c-4ccf-be7c-33751934455e,USGS-05515500,450d7b90-ca0d-c806-e053-0100007f4264,554,1988-08-16T14:35:00+00:00,Imported Channel 1,228,ft^3/s,,,,,,,,ft,Unspecified,Unspecified,Unspecified,Unspecified,Unspecified,Unknown,Unspecified,2026-07-10T14:00:41.078093+00:00,other_method,Unspecified
05515500,POINT (-86.7061666666667 41.3896388888889),1b2809b0-b31f-4826-bd7f-9bafdb8637ce,USGS-05515500,450d7905-f57b-c71b-e053-0100007f311d,505,1982-03-14T05:00:00+00:00,Imported Channel 1,1720,ft^3/s,,,,,,,,ft,Unspecified,Unspecified,Unspecified,Unspecified,Unspecified,Unknown,Unspecified,2026-07-10T14:00:41.078093+00:00,other_method,Unspecified
05515500,POINT (-86.7061666666667 41.3896388888889),1c7322f4-f97c-4a65-bba2-ae686353e2ce,USGS-05515500,450d7bf7-3349-c804-e053-0100007fec47,76,1943-03-17T05:00:00+00:00,Imported Channel 1,1170,ft^3/s,,,,,,,,ft,Unspecified,Unspecified,Unspecified,Unspecified,Unspecified,Unknown,Unspecified,2026-07-10T14:00:41.078093+00:00,other_method,Unspecified
05515500,POINT (-86.7061666666667 41.3896388888889),1ce7e9d3-3868-4af7-a9a9-a012223554f1,USGS-05515500,450d7c9d-7ba7-c896-e053-0100007f7ddd,447,1975-08-14T05:00:00+00:00,Imported Channel 1,382,ft^3/s,,,,,,,,ft,Unspecified,Unspecified,Unspecified,Unspecified,Unspecified,Unknown,Unspecified,2026-07-10T14:00:41.078093+00:00,other_method,Unspecified
05515500,POINT (-86.7061666666667 41.3896388888889),1e34b8d1-5faf-493e-8eeb-260f60c79486,USGS-05515500,450d83e2-8dda-ca97-e053-0100007ff8bd,648,2003-08-11T20:25:00+00:00,Imported Channel 1,239,ft^3/s,83.0,ft,233,ft^2,1.02,ft/s,,ft,Unspecified,Unspecified,Unspecified,Unspecified,Unspecified,Unknown,Unspecified,2026-07-10T14:00:41.078093+00:00,adcp,Unspecified
05515500,POINT (-86.7061666666667 41.3896388888889),1ec7dc07-abc4-49cb-b49b-f8d71721123c,USGS-05515500,450d5b7c-6ec2-bdaa-e053-0100007fdb7b,557,1989-03-09T18:30:00+00:00,Imported Channel 1,470,ft^3/s,76.8,ft,323,ft^2,1.46,ft/s,,,Unspecified,Unspecified,Unspecified,Unspecified,Unspecified,Unknown,BridgeCrane,2026-07-10T14:00:41.078093+00:00,point_velocity,Unspecified
05515500,POINT (-86.7061666666667 41.3896388888889),1f32dd5a-fbbd-4f62-9ee8-9f16a958723f,USGS-05515500,450d7b90-c9f9-c806-e053-0100007f4264,497,1981-06-16T05:00:00+00:00,Imported Channel 1,1460,ft^3/s,,,,,,,,ft,Unspecified,Unspecified,Unspecified,Unspecified,Unspecified,Unknown,Unspecified,2026-07-10T14:00:41.078093+00:00,other_method,Unspecified
05515500,POINT (-86.7061666666667 41.3896388888889),1f4deb8a-7ba6-4ba3-86bb-06f6ca52b181,USGS-05515500,450d5d57-4eb6-be49-e053-0100007ff52a,468,1978-03-23T05:00:00+00:00,Imported Channel 1,1510,ft^3/s,,,,,,,,ft,Unspecified,Unspecified,Unspecified,Unspecified,Unspecified,Unknown,Unspecified,2026-07-10T14:00:41.078093+00:00,other_method,Unspecified
05515500,POINT (-86.7061666666667 41.3896388888889),2040cba4-d01c-43ec-b204-66f322c3a6c4,USGS-05515500,8884a313-790f-494d-bb3b-2c7442d91999,773,2020-12-01T18:36:43+00:00,main,385,ft^3/s,66.0,ft,312,ft^2,1.23,ft/s,0.00,ft,Unspecified,Unspecified,Unspecified,Even,Standard,Steady,BridgeDownstreamSide,2026-07-10T14:00:41.078093+00:00,adcp,AtTheGage
05515500,POINT (-86.7061666666667 41.3896388888889),2072053f-a190-4a29-94e8-d0e8c59f2409,USGS-05515500,450d750a-8373-c5bc-e053-0100007f52f4,658,2005-05-03T17:15:00+00:00,Imported Channel 1,431,ft^3/s,64.5,ft,259,ft^2,1.67,ft/s,,ft,Unspecified,Unspecified,Unspecified,Unspecified,Unspecified,Unknown,Unspecified,2026-07-10T14:00:41.078093+00:00,adcp,Unspecified
05515500,POINT (-86.7061666666667 41.3896388888889),2176291c-5fd1-4182-9644-c9b21dc43aae,USGS-05515500,450d8009-a370-c98e-e053-0100007fd3a6,677,2008-07-16T22:14:00+00:00,Imported Channel 1,313,ft^3/s,70.2,ft,187,ft^2,1.67,ft/s,,ft,Unspecified,Unspecified,Unspecified,Unspecified,Unspecified,Unknown,Unspecified,2026-07-10T14:00:41.078093+00:00,adcp,Unspecified
05515500,POINT (-86.7061666666667 41.3896388888889),21a0d274-c329-4be1-93c4-436a0e2404a3,USGS-05515500,450d8d4d-c01d-cd9f-e053-0100007faf42,676,2008-04-08T23:03:00+00:00,Imported Channel 1,931,ft^3/s,79.9,ft,465,ft^2,2.00,ft/s,,ft,Unspecified,Unspecified,Unspecified,Unspecified,Unspecified,Unknown,Unspecified,2026-07-10T14:00:41.078093+00:00,adcp,Unspecified
05515500,POINT (-86.7061666666667 41.3896388888889),2204b72b-46a9-4bcf-898e-f83d39990b2e,USGS-05515500,450d63da-3121-c057-e053-0100007fdec5,203,1954-10-22T05:00:00+00:00,Imported Channel 1,1520,ft^3/s,,,,,,,,ft,Unspecified,Unspecified,Unspecified,Unspecified,Unspecified,Unknown,Unspecified,2026-07-10T14:00:41.078093+00:00,other_method,Unspecified
05515500,POINT (-86.7061666666667 41.3896388888889),2289d5a2-9f4a-46a4-bc40-a51e3deab568,USGS-05515500,450d83e2-8dab-ca97-e053-0100007ff8bd,452,1976-03-06T05:00:00+00:00,Imported Channel 1,1550,ft^3/s,,,,,,,,ft,Unspecified,Unspecified,Unspecified,Unspecified,Unspecified,Unknown,Unspecified,2026-07-10T14:00:41.078093+00:00,other_method,Unspecified
05515500,POINT (-86.7061666666667 41.3896388888889),2345014d-9b7a-472a-b3da-4575288d5dca,USGS-05515500,450d75c5-5a9d-c5da-e053-0100007f9ec1,593,1994-01-05T16:00:00+00:00,Imported Channel 1,549,ft^3/s,77.0,ft,355,ft^2,1.55,ft/s,,,Unspecified,Unspecified,Unspecified,Unspecified,Unspecified,Unknown,BridgeCrane,2026-07-10T14:00:41.078093+00:00,point_velocity,Unspecified
05515500,POINT (-86.7061666666667 41.3896388888889),23c47ef4-abde-4ed7-b43c-03d13872709b,USGS-05515500,450d59df-b311-bcd4-e053-0100007f1988,689,2010-04-13T17:08:00+00:00,Imported Channel 1,632,ft^3/s,71.8,ft,379,ft^2,1.67,ft/s,5280.00,ft,Firm,Sand,Even,Even,Unspecified,Unknown,BridgeDownstreamSide,2026-07-10T14:00:41.078093+00:00,adcp,Downstream
05515500,POINT (-86.7061666666667 41.3896388888889),23d3860c-fc4f-4875-bc23-f3441d8a34f1,USGS-05515500,450d93c9-58e4-d007-e053-0100007fd874,702,2011-12-09T13:47:00+00:00,main,640,ft^3/s,72.3,ft,438,ft^2,1.46,ft/s,5280.00,ft,Soft,Sand,Unspecified,Uneven,Standard,Unknown,BridgeDownstreamSide,2026-07-10T14:00:41.078093+00:00,adcp,Downstream
05515500,POINT (-86.7061666666667 41.3896388888889),23ef94b9-b4a6-45b5-9cfd-7825cadefd50,USGS-05515500,450d5b7c-6ecf-bdaa-e053-0100007fdb7b,607,1996-02-09T17:00:00+00:00,Imported Channel 1,466,ft^3/s,76.0,ft,376,ft^2,1.24,ft/s,,,Unspecified,Unspecified,Unspecified,Unspecified,Unspecified,Unknown,BridgeCrane,2026-07-10T14:00:41.078093+00:00,point_velocity,Unspecified
05515500,POINT (-86.7061666666667 41.3896388888889),24299cc7-c218-442e-9b23-3e78912dd36c,USGS-05515500,450d7cb8-3334-c808-e053-0100007fc000,592,1993-11-18T20:40:00+00:00,Imported Channel 1,840,ft^3/s,93.0,ft,491,ft^2,1.71,ft/s,,,Unspecified,Unspecified,Unspecified,Unspecified,Unspecified,Unknown,BridgeCrane,2026-07-10T14:00:41.078093+00:00,point_velocity,Unspecified
05515500,POINT (-86.7061666666667 41.3896388888889),251df89c-9446-488d-b27a-deae168cad45,USGS-05515500,450d891e-bb34-cc14-e053-0100007f1158,713,2013-08-27T18:50:45+00:00,MAIN,288,ft^3/s,68.4,ft,228,ft^2,1.27,ft/s,,ft,Firm,Gravel,Even,Even,Standard,Unknown,Cableway,2026-07-10T14:00:41.078093+00:00,adcp,AtTheGage
05515500,POINT (-86.7061666666667 41.3896388888889),2588f1d8-4c96-48fe-ad0a-81e9fcdf41b4,USGS-05515500,450d706d-6336-c46b-e053-0100007f424a,714,2013-10-23T14:24:28+00:00,Main,320,ft^3/s,72.0,ft,251,ft^2,1.28,ft/s,,ft,Firm,Cobbles,Even,Even,Standard,Unknown,Cableway,2026-07-10T14:00:41.078093+00:00,adcp,AtTheGage
05515500,POINT (-86.7061666666667 41.3896388888889),258ec399-32bf-404b-95f6-ace05476869f,USGS-05515500,450d8072-9eca-c9a6-e053-0100007fef60,559,1989-06-04T13:30:00+00:00,Imported Channel 1,1340,ft^3/s,113,ft,702,ft^2,1.91,ft/s,,,Unspecified,Unspecified,Unspecified,Unspecified,Unspecified,Unknown,BridgeCrane,2026-07-10T14:00:41.078093+00:00,point_velocity,Unspecified
05515500,POINT (-86.7061666666667 41.3896388888889),25d5b9ae-0b91-4a4c-bde5-9c53fe6aa97f,USGS-05515500,450d7cb8-3330-c808-e053-0100007fc000,585,1992-10-15T15:35:00+00:00,Imported Channel 1,406,ft^3/s,74.0,ft,322,ft^2,1.26,ft/s,,,Unspecified,Unspecified,Unspecified,Unspecified,Unspecified,Unknown,BridgeCrane,2026-07-10T14:00:41.078093+00:00,point_velocity,Unspecified
05515500,POINT (-86.7061666666667 41.3896388888889),27956f58-bfb6-467d-a256-953c809e3bf6,USGS-05515500,6752c26e-a342-4006-8a1f-004d851fe61f,788,2023-02-08T15:17:36+00:00,main,428,ft^3/s,59.0,ft,290,ft^2,1.48,ft/s,0.00,ft,Unspecified,Unspecified,Unspecified,Even,Standard,Steady,BridgeDownstreamSide,2026-07-10T14:00:41.078093+00:00,adcp,AtTheGage
05515500,POINT (-86.7061666666667 41.3896388888889),297e7831-03a3-4c17-9033-b1ba757f33ad,USGS-05515500,c7f9bce6-98bb-4932-bcf9-0e1efa83341a,811,2026-01-14T14:10:11+00:00,main,547,ft^3/s,64.1,ft,345,ft^2,1.58,ft/s,0.00,ft,Unspecified,Unspecified,Unspecified,Even,Unspecified,Unspecified,BridgeDownstreamSide,2026-07-10T14:00:41.078093+00:00,adcp,AtTheGage
05515500,POINT (-86.7061666666667 41.3896388888889),29d4085a-abb3-4bc8-81ec-7916d7446271,USGS-05515500,450d706d-6336-c46b-e053-0100007f424a,715,2013-10-23T15:13:00+00:00,Check,323,ft^3/s,63.5,ft,294,ft^2,1.10,ft/s,3000.00,ft,Firm,Cobbles,Even,Even,Standard,Unknown,BridgeDownstreamSide,2026-07-10T14:00:41.078093+00:00,adcp,Downstream
05515500,POINT (-86.7061666666667 41.3896388888889),2a11cd7d-02c8-41e7-86b8-2da61a4040e5,USGS-05515500,450d75c5-5a8d-c5da-e053-0100007f9ec1,501,1981-10-16T05:00:00+00:00,Imported Channel 1,554,ft^3/s,,,,,,,,ft,Unspecified,Unspecified,Unspecified,Unspecified,Unspecified,Unknown,Unspecified,2026-07-10T14:00:41.078093+00:00,other_method,Unspecified
05515500,POINT (-86.7061666666667 41.3896388888889),2c36b7e4-8876-41e8-873a-88989c6b49d7,USGS-05515500,450d7b90-c9fc-c806-e053-0100007f4264,508,1982-03-18T05:00:00+00:00,Imported Channel 1,1830,ft^3/s,,,,,,,,ft,Unspecified,Unspecified,Unspecified,Unspecified,Unspecified,Unknown,Unspecified,2026-07-10T14:00:41.078093+00:00,other_method,Unspecified
05515500,POINT (-86.7061666666667 41.3896388888889),2d7234d0-db71-4bce-9955-77ea085f27b5,USGS-05515500,450d59df-b2b8-bcd4-e053-0100007f1988,394,1970-04-24T05:00:00+00:00,Imported Channel 1,1190,ft^3/s,,,,,,,,ft,Unspecified,Unspecified,Unspecified,Unspecified,Unspecified,Unknown,Unspecified,2026-07-10T14:00:41.078093+00:00,other_method,Unspecified
05515500,POINT (-86.7061666666667 41.3896388888889),2dbb787b-cbe3-4263-ac00-cfe11d51583a,USGS-05515500,450d5b7c-6ece-bdaa-e053-0100007fdb7b,606,1995-11-27T22:12:00+00:00,Imported Channel 1,521,ft^3/s,,,,,0.00,ft/s,,,Unspecified,Unspecified,Unspecified,Unspecified,Unspecified,Unknown,Boat,2026-07-10T14:00:41.078093+00:00,point_velocity,Unspecified
05515500,POINT (-86.7061666666667 41.3896388888889),2e16c3c2-2eaf-416f-bffd-50d541140ff7,USGS-05515500,450d88b7-eae3-cc1a-e053-0100007f56ed,598,1994-10-17T19:55:00+00:00,Imported Channel 1,347,ft^3/s,76.0,ft,315,ft^2,1.13,ft/s,,,Unspecified,Unspecified,Unspecified,Unspecified,Unspecified,Unknown,BridgeCrane,2026-07-10T14:00:41.078093+00:00,point_velocity,Unspecified
05515500,POINT (-86.7061666666667 41.3896388888889),2e64ffcd-1cb9-4937-bbee-f856bc085a48,USGS-05515500,450d7d19-be20-c898-e053-0100007f0d2e,332,1965-03-09T05:00:00+00:00,Imported Channel 1,1020,ft^3/s,,,,,,,,ft,Unspecified,Unspecified,Unspecified,Unspecified,Unspecified,Unknown,Unspecified,2026-07-10T14:00:41.078093+00:00,other_method,Unspecified
05515500,POINT (-86.7061666666667 41.3896388888889),2f0d2199-3c27-4dc7-a3eb-747365008984,USGS-05515500,450d6667-2781-c10b-e053-0100007f0807,666,2006-08-08T21:45:00+00:00,Imported Channel 1,361,ft^3/s,66.7,ft,262,ft^2,1.38,ft/s,,ft,Unspecified,Unspecified,Unspecified,Unspecified,Unspecified,Unknown,Unspecified,2026-07-10T14:00:41.078093+00:00,adcp,Unspecified
05515500,POINT (-86.7061666666667 41.3896388888889),2f311c34-3025-4970-b9e4-04965c5a20bf,USGS-05515500,058a1686-38b1-4249-b7c7-8f8106cda40e,810,2025-11-20T17:35:34+00:00,Main,415,ft^3/s,64.0,ft,314,ft^2,1.32,ft/s,0.00,ft,Unspecified,Unspecified,Unspecified,Even,Unspecified,Unspecified,BridgeDownstreamSide,2026-07-10T14:00:41.078093+00:00,adcp,AtTheGage
05515500,POINT (-86.7061666666667 41.3896388888889),2f6c762a-7f09-482b-b0ea-e4702ed4c6ea,USGS-05515500,450d7fed-7a71-c98c-e053-0100007fbf34,670,2007-06-26T20:48:00+00:00,Imported Channel 1,333,ft^3/s,66.0,ft,245,ft^2,1.36,ft/s,,ft,Unspecified,Unspecified,Unspecified,Unspecified,Unspecified,Unknown,Unspecified,2026-07-10T14:00:41.078093+00:00,adcp,Unspecified
05515500,POINT (-86.7061666666667 41.3896388888889),30050a85-30e1-45fa-95d8-31a117e0ac12,USGS-05515500,450d70c4-ddfe-c467-e053-0100007f5ccb,609,1996-06-04T19:33:00+00:00,Imported Channel 1,805,ft^3/s,,,,,0.00,ft/s,,,Unspecified,Unspecified,Unspecified,Unspecified,Unspecified,Unknown,Boat,2026-07-10T14:00:41.078093+00:00,point_velocity,Unspecified
05515500,POINT (-86.7061666666667 41.3896388888889),3009b26b-ecf8-46a4-9cbf-710f4d9e5198,USGS-05515500,450d59de-2896-bcdc-e053-0100007f93f3,693,2010-06-08T16:44:00+00:00,Imported Channel 1,689,ft^3/s,70.7,ft,418,ft^2,1.65,ft/s,5280.00,ft,Firm,Sand,Even,Even,Unspecified,Unknown,BridgeDownstreamSide,2026-07-10T14:00:41.078093+00:00,adcp,Downstream
05515500,POINT (-86.7061666666667 41.3896388888889),30d31757-a20a-471b-8623-17608a30240c,USGS-05515500,450d706d-6317-c46b-e053-0100007f424a,581,1992-03-19T13:30:00+00:00,Imported Channel 1,762,ft^3/s,80.0,ft,453,ft^2,1.68,ft/s,,,Unspecified,Unspecified,Unspecified,Unspecified,Unspecified,Unknown,BridgeCrane,2026-07-10T14:00:41.078093+00:00,point_velocity,Unspecified
05515500,POINT (-86.7061666666667 41.3896388888889),3178d9cc-cdf9-4ced-ac61-9fab6f3a4b1f,USGS-05515500,450d59de-286b-bcdc-e053-0100007f93f3,602,1995-05-23T16:20:00+00:00,Imported Channel 1,467,ft^3/s,75.8,ft,325,ft^2,1.40,ft/s,,,Unspecified,Unspecified,Unspecified,Unspecified,Unspecified,Unknown,BridgeCrane,2026-07-10T14:00:41.078093+00:00,point_velocity,Unspecified
05515500,POINT (-86.7061666666667 41.3896388888889),31cf6523-c3fc-4251-a7f2-02d3e806e29f,USGS-05515500,ea464eb4-b744-49bd-9b49-a5f7dd13a94b,772,2020-09-09T13:41:28+00:00,main,384,ft^3/s,60.6,ft,290,ft^2,1.32,ft/s,0.00,ft,Unspecified,Unspecified,Unspecified,Even,Standard,Steady,BridgeDownstreamSide,2026-07-10T14:00:41.078093+00:00,adcp,AtTheGage
05515500,POINT (-86.7061666666667 41.3896388888889),334938e1-4be3-4332-896d-80cea9d3220d,USGS-05515500,450d6d95-95e0-c375-e053-0100007fea51,225,1956-05-16T05:00:00+00:00,Imported Channel 1,1200,ft^3/s,,,,,,,,ft,Unspecified,Unspecified,Unspecified,Unspecified,Unspecified,Unknown,Unspecified,2026-07-10T14:00:41.078093+00:00,other_method,Unspecified
05515500,POINT (-86.7061666666667 41.3896388888889),335b64a1-24c8-4e98-abbc-8cb3e4eacf0a,USGS-05515500,450d8d4d-c004-cd9f-e053-0100007faf42,621,1999-01-26T17:25:00+00:00,Imported Channel 1,1260,ft^3/s,,,,,0.00,ft/s,,,Unspecified,Unspecified,Unspecified,Unspecified,Unspecified,Unknown,Boat,2026-07-10T14:00:41.078093+00:00,point_velocity,Unspecified
05515500,POINT (-86.7061666666667 41.3896388888889),3385cabc-b32e-4328-b174-40fe5c580ae3,USGS-05515500,450d6786-1f17-c141-e053-0100007f3d23,647,2003-05-13T21:56:00+00:00,Imported Channel 1,1050,ft^3/s,83.0,ft,526,ft^2,1.99,ft/s,,ft,Unspecified,Unspecified,Unspecified,Unspecified,Unspecified,Unknown,Unspecified,2026-07-10T14:00:41.078093+00:00,adcp,Unspecified
05515500,POINT (-86.7061666666667 41.3896388888889),33bead70-4264-42e8-b2ea-7366f06bbefc,USGS-05515500,450d6970-9ec5-c1da-e053-0100007fc46a,499,1981-07-23T05:00:00+00:00,Imported Channel 1,518,ft^3/s,,,,,,,,ft,Unspecified,Unspecified,Unspecified,Unspecified,Unspecified,Unknown,Unspecified,2026-07-10T14:00:41.078093+00:00,other_method,Unspecified
05515500,POINT (-86.7061666666667 41.3896388888889),3434c920-182e-4740-9bec-c94d3e736125,USGS-05515500,450d8366-32a7-ca77-e053-0100007fc6b4,624,1999-09-02T14:36:00+00:00,Imported Channel 1,222,ft^3/s,,,,,0.00,ft/s,,,Unspecified,Unspecified,Unspecified,Unspecified,Unspecified,Unknown,Boat,2026-07-10T14:00:41.078093+00:00,point_velocity,Unspecified
05515500,POINT (-86.7061666666667 41.3896388888889),343a706c-8483-4a9b-a615-531201dccf84,USGS-05515500,450d88a2-cc83-cc16-e053-0100007f2d33,577,1991-08-23T14:10:00+00:00,Imported Channel 1,330,ft^3/s,73.0,ft,266,ft^2,1.24,ft/s,,,Unspecified,Unspecified,Unspecified,Unspecified,Unspecified,Unknown,BridgeCrane,2026-07-10T14:00:41.078093+00:00,point_velocity,Unspecified
05515500,POINT (-86.7061666666667 41.3896388888889),34ab0b55-0c8f-4fce-bb8a-4a3e22cab3a4,USGS-05515500,450d8b9c-6f0f-ccef-e053-0100007f7e6e,700,2011-08-30T18:26:24+00:00,main,311,ft^3/s,61.8,ft,261,ft^2,1.19,ft/s,5280.00,ft,Soft,Sand,Uneven,Uneven,Standard,Unknown,BridgeDownstreamSide,2026-07-10T14:00:41.078093+00:00,adcp,Downstream
05515500,POINT (-86.7061666666667 41.3896388888889),34c1dead-00e1-4365-bf8a-0ea5ce6f5b97,USGS-05515500,450d8366-32b8-ca77-e053-0100007fc6b4,705,2012-05-22T15:37:00+00:00,Main,439,ft^3/s,67.4,ft,343,ft^2,1.28,ft/s,5280.00,ft,Soft,Gravel,Unspecified,Unspecified,Standard,Unknown,BridgeDownstreamSide,2026-07-10T14:00:41.078093+00:00,adcp,Downstream
05515500,POINT (-86.7061666666667 41.3896388888889),34dbeacb-1f3d-4ca4-a5e8-02d7c450e2d6,USGS-05515500,450d7852-cf33-c6be-e053-0100007f4e14,530,1985-05-01T05:00:00+00:00,Imported Channel 1,795,ft^3/s,85.0,ft,405,ft^2,1.96,ft/s,,,Unspecified,Unspecified,Unspecified,Unspecified,Unspecified,Unknown,BridgeCrane,2026-07-10T14:00:41.078093+00:00,point_velocity,Unspecified
05515500,POINT (-86.7061666666667 41.3896388888889),34eaaaaa-c1a8-407b-9949-4315944ede3f,USGS-05515500,450d5b90-7412-bda8-e053-0100007f9fb5,204,1954-10-25T05:00:00+00:00,Imported Channel 1,1450,ft^3/s,,,,,,,,ft,Unspecified,Unspecified,Unspecified,Unspecified,Unspecified,Unknown,Unspecified,2026-07-10T14:00:41.078093+00:00,other_method,Unspecified
05515500,POINT (-86.7061666666667 41.3896388888889),353b117e-31b9-47e5-b868-790c2e2b67a2,USGS-05515500,dd199fa1-a1d3-4ea8-8d09-05a53533f749,805,2025-02-06T19:22:00+00:00,Main,406,ft^3/s,62.3,ft,272,ft^2,1.49,ft/s,0.00,ft,Unspecified,Unspecified,Unspecified,Even,Unspecified,Unspecified,BridgeDownstreamSide,2026-07-10T14:00:41.078093+00:00,adcp,AtTheGage
05515500,POINT (-86.7061666666667 41.3896388888889),37d73fef-304a-4cb0-bf23-24f326e2a6bc,USGS-05515500,450d6667-276c-c10b-e053-0100007f0807,619,1998-06-01T20:30:00+00:00,Imported Channel 1,483,ft^3/s,,,,,,,,ft,Unspecified,Unspecified,Unspecified,Unspecified,Unspecified,Unknown,Unspecified,2026-07-10T14:00:41.078093+00:00,other_method,Unspecified
05515500,POINT (-86.7061666666667 41.3896388888889),3a136397-19ad-47e2-95e6-be11bd18f33b,USGS-05515500,a89b413b-8dc2-406c-96ac-2789ebfda358,797,2024-01-17T21:10:10+00:00,main,553,ft^3/s,66.4,ft,404,ft^2,1.37,ft/s,0.00,ft,Unspecified,Unspecified,Unspecified,Even,Unspecified,Unspecified,BridgeDownstreamSide,2026-07-10T14:00:41.078093+00:00,adcp,AtTheGage
05515500,POINT (-86.7061666666667 41.3896388888889),3b509ecc-8d0a-4699-9c1e-53a72b9e53f6,USGS-05515500,450d761c-cf34-c616-e053-0100007ff421,635,2001-04-02T19:20:00+00:00,Imported Channel 1,587,ft^3/s,,,,,0.00,ft/s,,,Unspecified,Unspecified,Unspecified,Unspecified,Unspecified,Unknown,Boat,2026-07-10T14:00:41.078093+00:00,point_velocity,Unspecified
05515500,POINT (-86.7061666666667 41.3896388888889),3e40b501-f208-4d5e-b011-57439bf660ab,USGS-05515500,450d7905-f5a4-c71b-e053-0100007f311d,628,2000-02-29T21:14:00+00:00,Imported Channel 1,662,ft^3/s,77.8,ft,426,ft^2,1.55,ft/s,,,Unspecified,Unspecified,Unspecified,Unspecified,Unspecified,Unknown,BridgeCrane,2026-07-10T14:00:41.078093+00:00,point_velocity,Unspecified
05515500,POINT (-86.7061666666667 41.3896388888889),3e74591a-b375-4eb0-9ae3-7aeef987a607,USGS-05515500,450d7807-1a1e-c6c0-e053-0100007ff875,643,2003-02-18T19:08:00+00:00,Imported Channel 1,288,ft^3/s,62.6,ft,201,ft^2,1.48,ft/s,,,Unspecified,Unspecified,Unspecified,Unspecified,Unspecified,Unknown,Boat,2026-07-10T14:00:41.078093+00:00,point_velocity,Unspecified
05515500,POINT (-86.7061666666667 41.3896388888889),3ecc1704-a2f6-4a25-abe9-1b126a0f299d,USGS-05515500,450d9753-98bd-d114-e053-0100007f1352,736,2015-12-10T21:07:22+00:00,Main,449,ft^3/s,67.4,ft,364,ft^2,1.23,ft/s,,ft,Soft,SiltMud,Even,Even,Standard,Unknown,BridgeDownstreamSide,2026-07-10T14:00:41.078093+00:00,adcp,AtTheGage
05515500,POINT (-86.7061666666667 41.3896388888889),3ecd514b-30c0-4175-854e-2edc6f1b1280,USGS-05515500,ea22d4e4-de56-47b7-98fa-d010a789717e,785,2022-08-16T00:13:35+00:00,main,257,ft^3/s,58.4,ft,266,ft^2,0.96,ft/s,25.00,ft,Unspecified,Unspecified,Unspecified,Even,Standard,Steady,BridgeUpstreamSide,2026-07-10T14:00:41.078093+00:00,adcp,Upstream
05515500,POINT (-86.7061666666667 41.3896388888889),3eed1e4e-efc8-410b-9acc-b99ca7b03cfc,USGS-05515500,5527a25b-daef-c79b-e053-0100007fd8be,749,2017-07-19T17:58:34+00:00,Main,535,ft^3/s,68.1,ft,370,ft^2,1.45,ft/s,0.00,ft,Firm,CobblesBoulders,Even,Even,Standard,Unknown,BridgeDownstreamSide,2026-07-10T14:00:41.078093+00:00,adcp,AtTheGage
05515500,POINT (-86.7061666666667 41.3896388888889),3f140344-eb21-489f-a89d-fcea6a988344,USGS-05515500,450d88a2-cc96-cc16-e053-0100007f2d33,631,2000-08-14T21:14:00+00:00,Imported Channel 1,301,ft^3/s,62.9,ft,191,ft^2,1.74,ft/s,,,Unspecified,Unspecified,Unspecified,Unspecified,Unspecified,Unknown,Boat,2026-07-10T14:00:41.078093+00:00,point_velocity,Unspecified
05515500,POINT (-86.7061666666667 41.3896388888889),3faf7345-e7c8-4ebf-a191-8f047744955b,USGS-05515500,450d86d7-87b4-cb88-e053-0100007fb403,567,1990-06-14T15:50:00+00:00,Imported Channel 1,559,ft^3/s,76.0,ft,333,ft^2,1.68,ft/s,,,Unspecified,Unspecified,Unspecified,Unspecified,Unspecified,Unknown,BridgeCrane,2026-07-10T14:00:41.078093+00:00,point_velocity,Unspecified
05515500,POINT (-86.7061666666667 41.3896388888889),40edeb6e-4835-4b49-ab3f-6437cb2f3e03,USGS-05515500,450d7557-6a51-c5d8-e053-0100007ffe37,723,2014-06-18T16:53:22+00:00,MAIN,591,ft^3/s,70.2,ft,371,ft^2,1.60,ft/s,10.00,ft,Firm,Gravel,Even,Even,Standard,Unknown,BridgeDownstreamSide,2026-07-10T14:00:41.078093+00:00,adcp,Downstream
05515500,POINT (-86.7061666666667 41.3896388888889),41af9b1b-9493-4928-b46b-48330edd3041,USGS-05515500,450d7b90-ca0e-c806-e053-0100007f4264,560,1989-06-16T12:45:00+00:00,Imported Channel 1,513,ft^3/s,76.0,ft,348,ft^2,1.47,ft/s,,,Unspecified,Unspecified,Unspecified,Unspecified,Unspecified,Unknown,BridgeCrane,2026-07-10T14:00:41.078093+00:00,point_velocity,Unspecified
05515500,POINT (-86.7061666666667 41.3896388888889),43ed5660-f563-4320-8e29-cb7ba1f705f9,USGS-05515500,450d5b7a-2b27-bdbc-e053-0100007f94d5,141,1950-04-12T05:00:00+00:00,Imported Channel 1,1300,ft^3/s,,,,,,,,ft,Unspecified,Unspecified,Unspecified,Unspecified,Unspecified,Unknown,Unspecified,2026-07-10T14:00:41.078093+00:00,other_method,Unspecified
05515500,POINT (-86.7061666666667 41.3896388888889),4769ab66-031b-4e1e-aecd-5efa2f72b1fb,USGS-05515500,450d7916-9304-c71f-e053-0100007fd66c,462,1977-03-30T05:00:00+00:00,Imported Channel 1,1310,ft^3/s,,,,,,,,ft,Unspecified,Unspecified,Unspecified,Unspecified,Unspecified,Unknown,Unspecified,2026-07-10T14:00:41.078093+00:00,other_method,Unspecified
05515500,POINT (-86.7061666666667 41.3896388888889),476adf48-450c-436b-9ab8-88b62b5263a8,USGS-05515500,1646fab9-2c42-444e-93aa-d6b4f4ff882b,782,2022-05-02T21:43:29+00:00,main,774,ft^3/s,69.9,ft,455,ft^2,1.70,ft/s,0.00,ft,Unspecified,Unspecified,Unspecified,Even,Standard,Steady,BridgeDownstreamSide,2026-07-10T14:00:41.078093+00:00,adcp,AtTheGage
05515500,POINT (-86.7061666666667 41.3896388888889),478abdef-17e8-410d-ac6a-63a19773d451,USGS-05515500,450d70c4-ddea-c467-e053-0100007f5ccb,425,1973-01-25T05:00:00+00:00,Imported Channel 1,1040,ft^3/s,,,,,,,,ft,Unspecified,Unspecified,Unspecified,Unspecified,Unspecified,Unknown,Unspecified,2026-07-10T14:00:41.078093+00:00,other_method,Unspecified
05515500,POINT (-86.7061666666667 41.3896388888889),47d1ce52-d751-4832-95de-38c8642c385a,USGS-05515500,450d844f-61d9-ca9b-e053-0100007ff3e5,477,1979-03-07T05:00:00+00:00,Imported Channel 1,1540,ft^3/s,,,,,,,,ft,Unspecified,Unspecified,Unspecified,Unspecified,Unspecified,Unknown,Unspecified,2026-07-10T14:00:41.078093+00:00,other_method,Unspecified
05515500,POINT (-86.7061666666667 41.3896388888889),480eacaa-6afa-4992-a93f-4212ee0e47f3,USGS-05515500,450d7fed-7a41-c98c-e053-0100007fbf34,543,1987-03-03T05:00:00+00:00,Imported Channel 1,600,ft^3/s,80.0,ft,383,ft^2,1.57,ft/s,,,Unspecified,Unspecified,Unspecified,Unspecified,Unspecified,Unknown,BridgeCrane,2026-07-10T14:00:41.078093+00:00,point_velocity,Unspecified
05515500,POINT (-86.7061666666667 41.3896388888889),4880728b-1187-4c47-80a7-559681256846,USGS-05515500,7a7479cc-438a-4a3f-9edf-c28f669f4dee,802,2024-09-19T15:09:59+00:00,Main,221,ft^3/s,56.5,ft,208,ft^2,1.06,ft/s,0.00,ft,Unspecified,Unspecified,Unspecified,Even,Unspecified,Unspecified,BridgeDownstreamSide,2026-07-10T14:00:41.078093+00:00,adcp,AtTheGage
05515500,POINT (-86.7061666666667 41.3896388888889),4b41fede-d90d-420a-b6b1-6c7de371877d,USGS-05515500,450d8909-6fce-cc12-e053-0100007f18b3,626,1999-12-06T20:50:00+00:00,Imported Channel 1,404,ft^3/s,,,,,0.00,ft/s,,,Unspecified,Unspecified,Unspecified,Unspecified,Unspecified,Unknown,Boat,2026-07-10T14:00:41.078093+00:00,point_velocity,Unspecified
05515500,POINT (-86.7061666666667 41.3896388888889),4bb21591-5372-4b33-81de-908fb18dd660,USGS-05515500,450d844f-6217-ca9b-e053-0100007ff3e5,653,2004-04-15T12:10:00+00:00,Imported Channel 1,408,ft^3/s,75.7,ft,239,ft^2,1.71,ft/s,,ft,Unspecified,Unspecified,Unspecified,Unspecified,Unspecified,Unknown,Unspecified,2026-07-10T14:00:41.078093+00:00,adcp,Unspecified
05515500,POINT (-86.7061666666667 41.3896388888889),4c6a94f6-4832-48fc-89ce-c235d002c86b,USGS-05515500,450d83e2-8dfc-ca97-e053-0100007ff8bd,726,2014-06-26T16:20:30+00:00,05515500,1270,ft^3/s,75.2,ft,599,ft^2,2.12,ft/s,10.00,ft,Firm,Gravel,Uneven,Even,Standard,Unknown,BridgeDownstreamSide,2026-07-10T14:00:41.078093+00:00,adcp,Downstream
05515500,POINT (-86.7061666666667 41.3896388888889),4cbe41f1-46ba-4e77-a7b0-45a5142fa72c,USGS-05515500,450d70bc-1df5-c469-e053-0100007fd2b9,718,2014-02-19T22:37:16+00:00,MAIN,476,ft^3/s,70.6,ft,380,ft^2,1.25,ft/s,10.00,ft,Firm,SiltMud,Even,Even,Standard,Unknown,BridgeDownstreamSide,2026-07-10T14:00:41.078093+00:00,adcp,Downstream
05515500,POINT (-86.7061666666667 41.3896388888889),4e25bae7-3648-497f-b891-ec2ba76d4339,USGS-05515500,450d86cc-8a50-cb86-e053-0100007fa9d1,663,2006-02-08T21:30:00+00:00,Imported Channel 1,392,ft^3/s,66.0,ft,273,ft^2,1.44,ft/s,,ft,Unspecified,Unspecified,Unspecified,Unspecified,Unspecified,Unknown,Unspecified,2026-07-10T14:00:41.078093+00:00,adcp,Unspecified
05515500,POINT (-86.7061666666667 41.3896388888889),50ac766b-a1b2-4e79-8d67-9a4c95cd3d05,USGS-05515500,450d7835-fcc4-c6bc-e053-0100007f9bde,143,1950-06-20T05:00:00+00:00,Imported Channel 1,1310,ft^3/s,,,,,,,,ft,Unspecified,Unspecified,Unspecified,Unspecified,Unspecified,Unknown,Unspecified,2026-07-10T14:00:41.078093+00:00,other_method,Unspecified
05515500,POINT (-86.7061666666667 41.3896388888889),5160f3f1-8b83-49b4-8094-5c525372c18d,USGS-05515500,450d8896-7478-cc10-e053-0100007f4527,595,1994-04-25T19:05:00+00:00,Imported Channel 1,555,ft^3/s,77.0,ft,358,ft^2,1.55,ft/s,,,Unspecified,Unspecified,Unspecified,Unspecified,Unspecified,Unknown,BridgeCrane,2026-07-10T14:00:41.078093+00:00,point_velocity,Unspecified
05515500,POINT (-86.7061666666667 41.3896388888889),525cc472-dad2-4b0b-99cd-6b86de83fe90,USGS-05515500,a927f713-1ad2-460d-ac0b-911be06ccdea,813,2026-05-12T18:08:40+00:00,main,626,ft^3/s,68.9,ft,375,ft^2,1.67,ft/s,0.00,ft,Unspecified,Unspecified,Unspecified,Even,Unspecified,Unspecified,BridgeDownstreamSide,2026-07-10T14:00:41.078093+00:00,adcp,AtTheGage
05515500,POINT (-86.7061666666667 41.3896388888889),52678433-354a-4d0d-bdfe-05b7acd68511,USGS-05515500,450d6412-54e6-c055-e053-0100007fc473,520,1984-05-16T05:00:00+00:00,Imported Channel 1,521,ft^3/s,79.0,ft,279,ft^2,1.87,ft/s,,,Unspecified,Unspecified,Unspecified,Unspecified,Unspecified,Unknown,BridgeCrane,2026-07-10T14:00:41.078093+00:00,point_velocity,Unspecified
05515500,POINT (-86.7061666666667 41.3896388888889),52bda7a6-7476-4e90-9ff8-bf5bc6f14b84,USGS-05515500,450d8995-22f8-cc18-e053-0100007fff40,679,2008-09-15T15:20:00+00:00,Imported Channel 1,1780,ft^3/s,92.9,ft,876,ft^2,2.03,ft/s,,ft,Unspecified,Unspecified,Unspecified,Unspecified,Unspecified,Unknown,Unspecified,2026-07-10T14:00:41.078093+00:00,adcp,Unspecified
05515500,POINT (-86.7061666666667 41.3896388888889),5429407c-4cdb-4e1e-ab91-f4345e5a04fd,USGS-05515500,450d5b93-919d-bda4-e053-0100007ff8ed,358,1967-12-13T05:00:00+00:00,Imported Channel 1,1140,ft^3/s,,,,,,,,ft,Unspecified,Unspecified,Unspecified,Unspecified,Unspecified,Unknown,Unspecified,2026-07-10T14:00:41.078093+00:00,other_method,Unspecified
05515500,POINT (-86.7061666666667 41.3896388888889),5536cf41-02f5-405c-b129-8dd9edc0394f,USGS-05515500,6597fb63-661b-49aa-b876-bef92a0c0728,814,2026-07-08T14:36:33+00:00,main,1020,ft^3/s,70.7,ft,497,ft^2,2.06,ft/s,0.00,ft,Unspecified,Unspecified,Unspecified,Even,Unspecified,Unspecified,BridgeDownstreamSide,2026-07-10T14:00:41.078093+00:00,adcp,AtTheGage
05515500,POINT (-86.7061666666667 41.3896388888889),55ebe98b-c64c-4d10-aec1-868881a43768,USGS-05515500,450d7557-6a3e-c5d8-e053-0100007ffe37,645,2003-03-06T20:54:00+00:00,Imported Channel 1,266,ft^3/s,77.2,ft,263,ft^2,1.01,ft/s,,ft,Unspecified,Unspecified,Unspecified,Unspecified,Unspecified,Unknown,Unspecified,2026-07-10T14:00:41.078093+00:00,adcp,Unspecified
05515500,POINT (-86.7061666666667 41.3896388888889),56362a1f-907d-4939-a3a7-de4284b0e6df,USGS-05515500,450d7807-19e8-c6c0-e053-0100007ff875,297,1962-03-14T05:00:00+00:00,Imported Channel 1,1100,ft^3/s,,,,,,,,ft,Unspecified,Unspecified,Unspecified,Unspecified,Unspecified,Unknown,Unspecified,2026-07-10T14:00:41.078093+00:00,other_method,Unspecified
05515500,POINT (-86.7061666666667 41.3896388888889),564e24f5-b429-4abd-9a94-e9f7573d5167,USGS-05515500,450d667e-bf25-c107-e053-0100007f34f3,474,1978-11-13T05:00:00+00:00,Imported Channel 1,295,ft^3/s,,,,,,,,ft,Unspecified,Unspecified,Unspecified,Unspecified,Unspecified,Unknown,Unspecified,2026-07-10T14:00:41.078093+00:00,other_method,Unspecified
05515500,POINT (-86.7061666666667 41.3896388888889),58762321-ea20-46d3-bbe3-ebe9021a7304,USGS-05515500,450d844f-620a-ca9b-e053-0100007ff3e5,627,2000-02-07T22:22:00+00:00,Imported Channel 1,307,ft^3/s,,,,,,,,ft,Unspecified,Unspecified,Unspecified,Unspecified,Unspecified,Unknown,Unspecified,2026-07-10T14:00:41.078093+00:00,other_method,Unspecified
05515500,POINT (-86.7061666666667 41.3896388888889),5885a5ae-10a1-4b0e-bdc9-c16daf0e2a8e,USGS-05515500,7a3fc087-5922-33fc-e053-0100007f995a,759,2018-10-31T16:17:10+00:00,Main,544,ft^3/s,69.7,ft,402,ft^2,1.35,ft/s,0.00,ft,Unspecified,Unspecified,Unspecified,Even,Standard,Steady,Cableway,2026-07-10T14:00:41.078093+00:00,adcp,AtTheGage
05515500,POINT (-86.7061666666667 41.3896388888889),5a141761-bb58-4219-975c-0fa5fd893fee,USGS-05515500,450d59de-2849-bcdc-e053-0100007f93f3,498,1981-06-18T05:00:00+00:00,Imported Channel 1,1380,ft^3/s,,,,,,,,ft,Unspecified,Unspecified,Unspecified,Unspecified,Unspecified,Unknown,Unspecified,2026-07-10T14:00:41.078093+00:00,other_method,Unspecified
05515500,POINT (-86.7061666666667 41.3896388888889),5ac9871a-ddf7-4ea8-bf9f-6d8fcc4fc5cd,USGS-05515500,450d667e-bf2c-c107-e053-0100007f34f3,522,1984-08-09T05:00:00+00:00,Imported Channel 1,368,ft^3/s,76.0,ft,240,ft^2,1.53,ft/s,,,Unspecified,Unspecified,Unspecified,Unspecified,Unspecified,Unknown,Wading,2026-07-10T14:00:41.078093+00:00,point_velocity,Unspecified
05515500,POINT (-86.7061666666667 41.3896388888889),5bcc8516-8c01-4b77-9f4c-10845066b221,USGS-05515500,08f9b680-98f3-413f-86ad-4d2193797605,798,2024-03-19T18:35:22+00:00,main,807,ft^3/s,72.6,ft,445,ft^2,1.82,ft/s,0.00,ft,Unspecified,Unspecified,Unspecified,Even,Unspecified,Unspecified,BridgeDownstreamSide,2026-07-10T14:00:41.078093+00:00,adcp,AtTheGage
05515500,POINT (-86.7061666666667 41.3896388888889),5bf0a43e-48c1-4c36-9805-5ab216ba2117,USGS-05515500,450d8896-749f-cc10-e053-0100007f4527,699,2011-07-12T20:00:38+00:00,main,572,ft^3/s,74.3,ft,405,ft^2,1.41,ft/s,5280.00,ft,Soft,Sand,Even,Even,Standard,Unknown,BridgeDownstreamSide,2026-07-10T14:00:41.078093+00:00,adcp,Downstream
05515500,POINT (-86.7061666666667 41.3896388888889),5bf14c22-0e89-4f17-a739-32351d50e563,USGS-05515500,450d8995-22fc-cc18-e053-0100007fff40,687,2009-12-02T15:57:00+00:00,Imported Channel 1,585,ft^3/s,75.3,ft,445,ft^2,1.32,ft/s,5280.00,ft,Firm,Sand,Uneven,Even,Unspecified,Unknown,MannedMovingBoat,2026-07-10T14:00:41.078093+00:00,adcp,Downstream
05515500,POINT (-86.7061666666667 41.3896388888889),5c7138d4-6dec-4e2d-8eb9-3cfc79d6624f,USGS-05515500,450d63da-3120-c057-e053-0100007fdec5,193,1954-07-08T05:00:00+00:00,Imported Channel 1,1010,ft^3/s,,,,,,,,ft,Unspecified,Unspecified,Unspecified,Unspecified,Unspecified,Unknown,Unspecified,2026-07-10T14:00:41.078093+00:00,other_method,Unspecified
05515500,POINT (-86.7061666666667 41.3896388888889),5d59b94f-07eb-4933-87b4-dbad4aab6cfa,USGS-05515500,e8afefb9-b372-46cd-ba75-cfb8f892f85e,781,2022-03-09T17:39:30+00:00,Main,721,ft^3/s,74.9,ft,462,ft^2,1.56,ft/s,0.00,ft,Unspecified,Unspecified,Unspecified,Even,Unspecified,Unspecified,BridgeDownstreamSide,2026-07-10T14:00:41.078093+00:00,adcp,AtTheGage
05515500,POINT (-86.7061666666667 41.3896388888889),5ed3c3ed-bd9c-4b1c-ab41-aa4949de3e6f,USGS-05515500,450d7807-1a16-c6c0-e053-0100007ff875,616,1997-10-14T18:14:00+00:00,Imported Channel 1,336,ft^3/s,,,,,0.00,ft/s,,,Unspecified,Unspecified,Unspecified,Unspecified,Unspecified,Unknown,Boat,2026-07-10T14:00:41.078093+00:00,point_velocity,Unspecified
05515500,POINT (-86.7061666666667 41.3896388888889),5ee79b87-af0e-49e2-bb42-4e4acaf2cc6f,USGS-05515500,450d7647-aea8-c612-e053-0100007f5f06,537,1986-02-11T05:00:00+00:00,Imported Channel 1,866,ft^3/s,81.0,ft,455,ft^2,1.90,ft/s,,,Unspecified,Unspecified,Unspecified,Unspecified,Unspecified,Unknown,BridgeCrane,2026-07-10T14:00:41.078093+00:00,point_velocity,Unspecified
05515500,POINT (-86.7061666666667 41.3896388888889),5f50afd4-fc47-48bc-b36f-5fb89574829a,USGS-05515500,450d8909-6fd3-cc12-e053-0100007f18b3,646,2003-03-27T17:42:00+00:00,Imported Channel 1,434,ft^3/s,75.9,ft,403,ft^2,1.08,ft/s,,ft,Unspecified,Unspecified,Unspecified,Unspecified,Unspecified,Unknown,Unspecified,2026-07-10T14:00:41.078093+00:00,adcp,Unspecified
05515500,POINT (-86.7061666666667 41.3896388888889),5ff3536d-3d36-44c5-a5da-6666dbbb2aa7,USGS-05515500,450d7835-fcca-c6bc-e053-0100007f9bde,457,1976-08-26T05:00:00+00:00,Imported Channel 1,349,ft^3/s,,,,,,,,ft,Unspecified,Unspecified,Unspecified,Unspecified,Unspecified,Unknown,Unspecified,2026-07-10T14:00:41.078093+00:00,other_method,Unspecified
05515500,POINT (-86.7061666666667 41.3896388888889),6021c499-5f83-426a-816a-bab7b6051761,USGS-05515500,c028079f-6630-4630-90ab-d8e47cf5697a,786,2022-10-25T22:03:00+00:00,Main,302,ft^3/s,61.2,ft,255,ft^2,1.19,ft/s,0.00,ft,Soft,SiltMud,Uneven,Uneven,Uniform,Steady,BridgeDownstreamSide,2026-07-10T14:00:41.078093+00:00,adcp,AtTheGage
05515500,POINT (-86.7061666666667 41.3896388888889),606ce6aa-2df5-4836-95f6-347d51f832e9,USGS-05515500,450d5b68-05dc-bdba-e053-0100007ff1be,471,1978-07-26T05:00:00+00:00,Imported Channel 1,364,ft^3/s,,,,,,,,ft,Unspecified,Unspecified,Unspecified,Unspecified,Unspecified,Unknown,Unspecified,2026-07-10T14:00:41.078093+00:00,other_method,Unspecified
05515500,POINT (-86.7061666666667 41.3896388888889),61c4bc96-9ab8-45eb-b973-fb8a7527e841,USGS-05515500,450d6d95-95f1-c375-e053-0100007fea51,513,1982-06-25T05:00:00+00:00,Imported Channel 1,495,ft^3/s,,,,,,,,ft,Unspecified,Unspecified,Unspecified,Unspecified,Unspecified,Unknown,Unspecified,2026-07-10T14:00:41.078093+00:00,other_method,Unspecified
05515500,POINT (-86.7061666666667 41.3896388888889),62b25db9-e4d6-419e-ae3e-56b5c09773ff,USGS-05515500,450d7cb8-3351-c808-e053-0100007fc000,675,2008-02-13T18:27:00+00:00,Imported Channel 1,1320,ft^3/s,86.8,ft,652,ft^2,2.02,ft/s,,ft,Unspecified,Unspecified,Unspecified,Unspecified,Unspecified,Unknown,Unspecified,2026-07-10T14:00:41.078093+00:00,adcp,Unspecified
05515500,POINT (-86.7061666666667 41.3896388888889),62bc4d88-61a0-4213-95a1-943cb3968ca6,USGS-05515500,450d891e-bb1e-cc14-e053-0100007f1158,661,2005-10-26T18:45:00+00:00,Imported Channel 1,237,ft^3/s,65.4,ft,184,ft^2,1.29,ft/s,,ft,Unspecified,Unspecified,Unspecified,Unspecified,Unspecified,Unknown,Unspecified,2026-07-10T14:00:41.078093+00:00,adcp,Unspecified
05515500,POINT (-86.7061666666667 41.3896388888889),62c8f0a6-3ae0-4c46-9ad0-1a2c6cd5388b,USGS-05515500,450d7557-6a59-c5d8-e053-0100007ffe37,731,2015-03-10T20:21:58+00:00,Main,483,ft^3/s,62.4,ft,349,ft^2,1.39,ft/s,,ft,Soft,SiltMud,Even,Even,Standard,Unknown,BridgeDownstreamSide,2026-07-10T14:00:41.078093+00:00,adcp,AtTheGage
05515500,POINT (-86.7061666666667 41.3896388888889),62cdd760-1bb6-4538-940c-606ed33d43b2,USGS-05515500,450d7924-8be4-c71d-e053-0100007f2f30,720,2014-03-20T15:07:21+00:00,Main,1420,ft^3/s,81.3,ft,642,ft^2,2.21,ft/s,10.00,ft,Firm,Gravel,Even,Even,Standard,Unknown,BridgeDownstreamSide,2026-07-10T14:00:41.078093+00:00,adcp,Downstream
05515500,POINT (-86.7061666666667 41.3896388888889),62e360be-5ff6-4c92-bb1f-8125b7bde340,USGS-05515500,450d83d9-881c-ca99-e053-0100007fbb0c,734,2015-08-27T19:46:59+00:00,Main,432,ft^3/s,69.6,ft,372,ft^2,1.16,ft/s,,ft,Soft,SiltMud,Even,Even,Standard,Unknown,BridgeDownstreamSide,2026-07-10T14:00:41.078093+00:00,adcp,AtTheGage
05515500,POINT (-86.7061666666667 41.3896388888889),63170902-f667-466a-9eee-6b9109f5c9fa,USGS-05515500,450d706d-632c-c46b-e053-0100007f424a,696,2010-11-30T20:47:00+00:00,Imported Channel 1,437,ft^3/s,67.0,ft,322,ft^2,1.36,ft/s,5280.00,ft,Firm,Sand,Even,Even,Standard,Unknown,BridgeDownstreamSide,2026-07-10T14:00:41.078093+00:00,adcp,Downstream
05515500,POINT (-86.7061666666667 41.3896388888889),634cda88-e261-4b4a-b0a2-856511e5d678,USGS-05515500,450d86d7-87bb-cb88-e053-0100007fb403,591,1993-09-13T18:20:00+00:00,Imported Channel 1,470,ft^3/s,75.0,ft,362,ft^2,1.30,ft/s,,,Unspecified,Unspecified,Unspecified,Unspecified,Unspecified,Unknown,BridgeCrane,2026-07-10T14:00:41.078093+00:00,point_velocity,Unspecified
05515500,POINT (-86.7061666666667 41.3896388888889),645e8f67-e213-47bb-8391-7ce06d9b2e78,USGS-05515500,450d7508-70fe-c5ac-e053-0100007f62d3,544,1987-04-15T05:00:00+00:00,Imported Channel 1,496,ft^3/s,75.5,ft,318,ft^2,1.56,ft/s,,,Unspecified,Unspecified,Unspecified,Unspecified,Unspecified,Unknown,BridgeCrane,2026-07-10T14:00:41.078093+00:00,point_velocity,Unspecified
05515500,POINT (-86.7061666666667 41.3896388888889),6466aa53-6f09-4b4c-b4a5-8225df493af4,USGS-05515500,450d59df-b2ec-bcd4-e053-0100007f1988,611,1996-10-08T13:12:00+00:00,Imported Channel 1,394,ft^3/s,,,,,0.00,ft/s,,,Unspecified,Unspecified,Unspecified,Unspecified,Unspecified,Unknown,Boat,2026-07-10T14:00:41.078093+00:00,point_velocity,Unspecified
05515500,POINT (-86.7061666666667 41.3896388888889),65757638-1573-48ad-a30e-70092815a390,USGS-05515500,0a707197-c2d6-4c88-9b2b-0d3b57228c0a,776,2021-04-19T21:13:23+00:00,main,441,ft^3/s,61.7,ft,319,ft^2,1.38,ft/s,0.00,ft,Unspecified,Unspecified,Unspecified,Even,Standard,Steady,BridgeDownstreamSide,2026-07-10T14:00:41.078093+00:00,adcp,AtTheGage
05515500,POINT (-86.7061666666667 41.3896388888889),65975553-1084-4b17-8d41-5925ac4d97a3,USGS-05515500,a3e2aa98-95be-4cd1-b3f5-b3d3cbd92a7a,806,2025-03-27T20:26:57+00:00,Main,584,ft^3/s,69.5,ft,370,ft^2,1.58,ft/s,0.00,ft,Unspecified,Unspecified,Unspecified,Even,Unspecified,Unspecified,BridgeDownstreamSide,2026-07-10T14:00:41.078093+00:00,adcp,AtTheGage
05515500,POINT (-86.7061666666667 41.3896388888889),66bf0557-7aab-4e57-984b-dd4a3509a817,USGS-05515500,450d86d7-87b9-cb88-e053-0100007fb403,584,1992-08-17T16:35:00+00:00,Imported Channel 1,288,ft^3/s,72.0,ft,220,ft^2,1.31,ft/s,,,Unspecified,Unspecified,Unspecified,Unspecified,Unspecified,Unknown,Wading,2026-07-10T14:00:41.078093+00:00,point_velocity,Unspecified
05515500,POINT (-86.7061666666667 41.3896388888889),66ce755a-82bd-4fd3-ace0-d6fbfeb883bd,USGS-05515500,450d93bc-33d0-cf99-e053-0100007f2cfb,728,2014-10-07T19:31:41+00:00,MAIN,1010,ft^3/s,72.6,ft,544,ft^2,1.85,ft/s,10.00,ft,Firm,Cobbles,Even,Even,Standard,Unknown,BridgeDownstreamSide,2026-07-10T14:00:41.078093+00:00,adcp,Downstream
05515500,POINT (-86.7061666666667 41.3896388888889),66e32e49-09f8-4a4b-adca-1dc5e85f9b92,USGS-05515500,450d7fed-7a8d-c98c-e053-0100007fbf34,716,2013-12-11T15:24:53+00:00,MAIN,442,ft^3/s,62.3,ft,348,ft^2,1.27,ft/s,10.00,ft,Firm,Gravel,Even,Even,Standard,Unknown,BridgeDownstreamSide,2026-07-10T14:00:41.078093+00:00,adcp,Downstream
05515500,POINT (-86.7061666666667 41.3896388888889),66eb34ea-a941-4fd5-a578-a7cb294ce971,USGS-05515500,450d668f-d3f6-c109-e053-0100007f628b,528,1985-03-05T05:00:00+00:00,Imported Channel 1,1600,ft^3/s,145,ft,914,ft^2,1.75,ft/s,,,Unspecified,Unspecified,Unspecified,Unspecified,Unspecified,Unknown,BridgeCrane,2026-07-10T14:00:41.078093+00:00,point_velocity,Unspecified
05515500,POINT (-86.7061666666667 41.3896388888889),6736bd21-2531-4f74-abe4-feb8c6f8c71c,USGS-05515500,450d5628-acd0-bb8a-e053-0100007fa5c3,200,1954-10-15T05:00:00+00:00,Imported Channel 1,1470,ft^3/s,,,,,,,,ft,Unspecified,Unspecified,Unspecified,Unspecified,Unspecified,Unknown,Unspecified,2026-07-10T14:00:41.078093+00:00,other_method,Unspecified
05515500,POINT (-86.7061666666667 41.3896388888889),67624e7d-d2b4-4bd5-ac06-d85322c22cd0,USGS-05515500,decc273f-6bb2-4449-9248-30ca8535764f,804,2024-11-22T18:54:52+00:00,Main,466,ft^3/s,63.2,ft,288,ft^2,1.62,ft/s,0.00,ft,Unspecified,Unspecified,Unspecified,Even,Unspecified,Unspecified,BridgeDownstreamSide,2026-07-10T14:00:41.078093+00:00,adcp,AtTheGage
05515500,POINT (-86.7061666666667 41.3896388888889),67d15715-d365-4a25-aa73-424dc5d8df09,USGS-05515500,450d59de-285a-bcdc-e053-0100007f93f3,572,1990-11-29T19:10:00+00:00,Imported Channel 1,1590,ft^3/s,111,ft,815,ft^2,1.95,ft/s,,,Unspecified,Unspecified,Unspecified,Unspecified,Unspecified,Unknown,BridgeCrane,2026-07-10T14:00:41.078093+00:00,point_velocity,Unspecified
05515500,POINT (-86.7061666666667 41.3896388888889),692c326f-278e-47db-8061-68e2dd8c9f46,USGS-05515500,450d5d5a-f016-be43-e053-0100007f54ab,483,1979-10-24T05:00:00+00:00,Imported Channel 1,403,ft^3/s,,,,,,,,ft,Unspecified,Unspecified,Unspecified,Unspecified,Unspecified,Unknown,Unspecified,2026-07-10T14:00:41.078093+00:00,other_method,Unspecified
05515500,POINT (-86.7061666666667 41.3896388888889),6a7bea1a-11e7-4495-bcc8-5b406ac5d1dc,USGS-05515500,450d6d8d-2be5-c36f-e053-0100007f1075,48,1941-02-08T05:00:00+00:00,Imported Channel 1,1190,ft^3/s,,,,,,,,ft,Unspecified,Unspecified,Unspecified,Unspecified,Unspecified,Unknown,Unspecified,2026-07-10T14:00:41.078093+00:00,other_method,Unspecified
05515500,POINT (-86.7061666666667 41.3896388888889),6c236c17-76e6-41ea-81d4-bf6da58b0869,USGS-05515500,450d755f-2212-c5dc-e053-0100007f0625,638,2001-12-06T12:49:00+00:00,Imported Channel 1,638,ft^3/s,95.8,ft,319,ft^2,2.00,ft/s,,,Unspecified,Unspecified,Unspecified,Unspecified,Unspecified,Unknown,Boat,2026-07-10T14:00:41.078093+00:00,point_velocity,Unspecified
05515500,POINT (-86.7061666666667 41.3896388888889),6defb8b9-62e0-4c8c-945a-b72311cb47cf,USGS-05515500,450d70bc-1dc8-c469-e053-0100007fd2b9,562,1989-10-20T13:55:00+00:00,Imported Channel 1,331,ft^3/s,72.8,ft,308,ft^2,1.07,ft/s,,,Unspecified,Unspecified,Unspecified,Unspecified,Unspecified,Unknown,BridgeCrane,2026-07-10T14:00:41.078093+00:00,point_velocity,Unspecified
05515500,POINT (-86.7061666666667 41.3896388888889),6f775c1b-40e8-4462-ab7c-3beabdeaa87a,USGS-05515500,450d7b90-c9fc-c806-e053-0100007f4264,509,1982-03-18T05:00:00+00:00,Imported Channel 1,1750,ft^3/s,,,,,,,,ft,Unspecified,Unspecified,Unspecified,Unspecified,Unspecified,Unknown,Unspecified,2026-07-10T14:00:41.078093+00:00,other_method,Unspecified
05515500,POINT (-86.7061666666667 41.3896388888889),6ffa9d10-6b41-42bf-80b8-f2a3ef345211,USGS-05515500,450d8d4d-c04e-cd9f-e053-0100007faf42,742,2016-08-17T17:02:08+00:00,check,1820,ft^3/s,83.7,ft,807,ft^2,2.25,ft/s,10.00,ft,Soft,SiltMud,Even,Even,Standard,Unknown,BridgeDownstreamSide,2026-07-10T14:00:41.078093+00:00,adcp,Downstream
05515500,POINT (-86.7061666666667 41.3896388888889),700d2ca4-8ef7-407e-86d4-6b024c655886,USGS-05515500,450d7b90-c9f8-c806-e053-0100007f4264,490,1980-09-15T05:00:00+00:00,Imported Channel 1,418,ft^3/s,,,,,,,,ft,Unspecified,Unspecified,Unspecified,Unspecified,Unspecified,Unknown,Unspecified,2026-07-10T14:00:41.078093+00:00,other_method,Unspecified
05515500,POINT (-86.7061666666667 41.3896388888889),715c4ad8-a901-4d29-94f1-2a71857ab16a,USGS-05515500,7a7479cc-438a-4a3f-9edf-c28f669f4dee,803,2024-09-19T15:33:45+00:00,Main,226,ft^3/s,56.4,ft,208,ft^2,1.09,ft/s,0.00,ft,Unspecified,Unspecified,Unspecified,Even,Unspecified,Unspecified,BridgeDownstreamSide,2026-07-10T14:00:41.078093+00:00,adcp,AtTheGage
05515500,POINT (-86.7061666666667 41.3896388888889),73137775-d16d-423c-8a34-373ce7c18d2b,USGS-05515500,450d7fed-7a76-c98c-e053-0100007fbf34,698,2011-05-10T20:49:36+00:00,main,885,ft^3/s,71.1,ft,494,ft^2,1.79,ft/s,5280.00,ft,Soft,Sand,Even,Even,Standard,Unknown,BridgeDownstreamSide,2026-07-10T14:00:41.078093+00:00,adcp,Downstream
05515500,POINT (-86.7061666666667 41.3896388888889),75742bd9-67d4-4e79-9e5c-92710848d569,USGS-05515500,450d75c5-5a9c-c5da-e053-0100007f9ec1,589,1993-05-27T13:45:00+00:00,Imported Channel 1,562,ft^3/s,76.0,ft,332,ft^2,1.69,ft/s,,,Unspecified,Unspecified,Unspecified,Unspecified,Unspecified,Unknown,BridgeCrane,2026-07-10T14:00:41.078093+00:00,point_velocity,Unspecified
05515500,POINT (-86.7061666666667 41.3896388888889),76a685d1-2f02-4f2c-b8ba-6236918cc4e7,USGS-05515500,450d8d7e-451e-cd9d-e053-0100007fecfa,729,2014-12-02T22:16:52+00:00,main,707,ft^3/s,72.6,ft,438,ft^2,1.62,ft/s,,ft,Firm,SiltMud,Even,Even,Standard,Unknown,BridgeDownstreamSide,2026-07-10T14:00:41.078093+00:00,adcp,AtTheGage
05515500,POINT (-86.7061666666667 41.3896388888889),76f7064b-4a82-430a-a1f0-e7c301383b7b,USGS-05515500,450d7905-f57b-c71b-e053-0100007f311d,504,1982-03-14T05:00:00+00:00,Imported Channel 1,1750,ft^3/s,,,,,,,,ft,Unspecified,Unspecified,Unspecified,Unspecified,Unspecified,Unknown,Unspecified,2026-07-10T14:00:41.078093+00:00,other_method,Unspecified
05515500,POINT (-86.7061666666667 41.3896388888889),790833db-da86-4975-ba36-c2c1dd99d6cc,USGS-05515500,450d706d-6306-c46b-e053-0100007f424a,495,1981-05-14T05:00:00+00:00,Imported Channel 1,1230,ft^3/s,,,,,,,,ft,Unspecified,Unspecified,Unspecified,Unspecified,Unspecified,Unknown,Unspecified,2026-07-10T14:00:41.078093+00:00,other_method,Unspecified
05515500,POINT (-86.7061666666667 41.3896388888889),79879d6b-324b-4139-bc92-c8e5cf5e63da,USGS-05515500,450d755f-2202-c5dc-e053-0100007f0625,507,1982-03-16T05:00:00+00:00,Imported Channel 1,1710,ft^3/s,,,,,,,,ft,Unspecified,Unspecified,Unspecified,Unspecified,Unspecified,Unknown,Unspecified,2026-07-10T14:00:41.078093+00:00,other_method,Unspecified
05515500,POINT (-86.7061666666667 41.3896388888889),799de9a8-f073-42bd-b922-0cc6b5f518ab,USGS-05515500,450d8896-748b-cc10-e053-0100007f4527,650,2003-11-25T15:15:00+00:00,Imported Channel 1,833,ft^3/s,77.0,ft,401,ft^2,2.08,ft/s,,ft,Unspecified,Unspecified,Unspecified,Unspecified,Unspecified,Unknown,Unspecified,2026-07-10T14:00:41.078093+00:00,adcp,Unspecified
05515500,POINT (-86.7061666666667 41.3896388888889),7aa111c3-7d9c-47e0-a577-af71944213e9,USGS-05515500,450d6772-44a4-c143-e053-0100007f95ca,671,2007-08-21T13:54:00+00:00,Imported Channel 1,1320,ft^3/s,80.7,ft,655,ft^2,2.02,ft/s,,ft,Unspecified,Unspecified,Unspecified,Unspecified,Unspecified,Unknown,Unspecified,2026-07-10T14:00:41.078093+00:00,adcp,Unspecified
05515500,POINT (-86.7061666666667 41.3896388888889),7b6efcbb-bd57-4bb6-be36-7ae5a9560fa4,USGS-05515500,c612ae5b-48bb-449c-b007-6d01210163a6,768,2020-02-04T20:36:51+00:00,main,959,ft^3/s,73.9,ft,511,ft^2,1.88,ft/s,0.00,ft,Unspecified,Unspecified,Unspecified,Even,Standard,Steady,BridgeDownstreamSide,2026-07-10T14:00:41.078093+00:00,adcp,AtTheGage
05515500,POINT (-86.7061666666667 41.3896388888889),7c820071-e882-4e16-ba8e-4c5b8e0e631f,USGS-05515500,450d7916-931f-c71f-e053-0100007fd66c,612,1996-12-03T13:42:00+00:00,Imported Channel 1,804,ft^3/s,,,,,0.00,ft/s,,,Unspecified,Unspecified,Unspecified,Unspecified,Unspecified,Unknown,Boat,2026-07-10T14:00:41.078093+00:00,point_velocity,Unspecified
05515500,POINT (-86.7061666666667 41.3896388888889),7c88a765-a13a-4d05-b4fa-a99841e409bb,USGS-05515500,450d59de-286c-bcdc-e053-0100007f93f3,603,1995-06-29T19:01:00+00:00,Imported Channel 1,635,ft^3/s,78.0,ft,432,ft^2,1.47,ft/s,,,Unspecified,Unspecified,Unspecified,Unspecified,Unspecified,Unknown,BridgeCrane,2026-07-10T14:00:41.078093+00:00,point_velocity,Unspecified
05515500,POINT (-86.7061666666667 41.3896388888889),7c9bf103-89da-4721-b3d1-1cad06717879,USGS-05515500,450d690e-5ce1-c1d8-e053-0100007fb8e7,155,1951-07-11T05:00:00+00:00,Imported Channel 1,1090,ft^3/s,,,,,,,,ft,Unspecified,Unspecified,Unspecified,Unspecified,Unspecified,Unknown,Unspecified,2026-07-10T14:00:41.078093+00:00,other_method,Unspecified
05515500,POINT (-86.7061666666667 41.3896388888889),7cd8f19a-a16e-447e-a70f-06899341dc8a,USGS-05515500,123b77f7-51e7-40e8-b67d-3498812838e1,794,2023-09-26T23:37:24+00:00,main,269,ft^3/s,62.3,ft,236,ft^2,1.14,ft/s,0.00,ft,Unspecified,Unspecified,Unspecified,Unspecified,Unspecified,Unspecified,BridgeDownstreamSide,2026-07-10T14:00:41.078093+00:00,adcp,AtTheGage
05515500,POINT (-86.7061666666667 41.3896388888889),7e3d7d5c-3c8c-4490-97c1-3adfc6da8712,USGS-05515500,450d6412-54ed-c055-e053-0100007fc473,532,1985-07-17T05:00:00+00:00,Imported Channel 1,333,ft^3/s,75.0,ft,216,ft^2,1.54,ft/s,,,Unspecified,Unspecified,Unspecified,Unspecified,Unspecified,Unknown,Wading,2026-07-10T14:00:41.078093+00:00,point_velocity,Unspecified
05515500,POINT (-86.7061666666667 41.3896388888889),7f42feb1-dca3-40d1-baf9-6a13cddf5ca3,USGS-05515500,450d8013-c621-c9a2-e053-0100007f33ff,738,2016-03-15T20:52:01+00:00,MAIN,998,ft^3/s,80.9,ft,629,ft^2,1.59,ft/s,,ft,Soft,Cobbles,Even,Even,Standard,Unknown,BridgeDownstreamSide,2026-07-10T14:00:41.078093+00:00,adcp,AtTheGage
05515500,POINT (-86.7061666666667 41.3896388888889),7f81bb04-d596-4a08-95fc-9edd54933f73,USGS-05515500,450d8072-9ebe-c9a6-e053-0100007fef60,534,1985-10-11T05:00:00+00:00,Imported Channel 1,306,ft^3/s,76.0,ft,230,ft^2,1.33,ft/s,,,Unspecified,Unspecified,Unspecified,Unspecified,Unspecified,Unknown,Wading,2026-07-10T14:00:41.078093+00:00,point_velocity,Unspecified
05515500,POINT (-86.7061666666667 41.3896388888889),80407567-3988-45cb-8ce6-0ea2aea6f68f,USGS-05515500,450d706d-6337-c46b-e053-0100007f424a,719,2014-03-12T21:38:01+00:00,MAIN,1170,ft^3/s,79.7,ft,565,ft^2,2.08,ft/s,10.00,ft,Firm,Gravel,Even,Even,Standard,Unknown,BridgeDownstreamSide,2026-07-10T14:00:41.078093+00:00,adcp,Downstream
05515500,POINT (-86.7061666666667 41.3896388888889),80470124-e171-4b55-97ce-59d3939dc86d,USGS-05515500,450d7905-f5c0-c71b-e053-0100007f311d,707,2012-09-05T12:51:59+00:00,MAIN,253,ft^3/s,61.6,ft,149,ft^2,1.70,ft/s,,ft,Firm,Gravel,Even,Even,Standard,Unknown,Cableway,2026-07-10T14:00:41.078093+00:00,adcp,AtTheGage
05515500,POINT (-86.7061666666667 41.3896388888889),80e8a7da-daa2-45c4-b25c-edc065c8f195,USGS-05515500,450d755f-221d-c5dc-e053-0100007f0625,733,2015-07-14T21:14:30+00:00,Main,983,ft^3/s,83.9,ft,641,ft^2,1.53,ft/s,,ft,Soft,Sand,Even,Even,Uniform,Unknown,BridgeDownstreamSide,2026-07-10T14:00:41.078093+00:00,adcp,AtTheGage
05515500,POINT (-86.7061666666667 41.3896388888889),837b3227-79e0-4aab-a0b7-95e23b7e2b43,USGS-05515500,450d7bf7-3378-c804-e053-0100007fec47,599,1994-12-08T14:20:00+00:00,Imported Channel 1,1060,ft^3/s,,,,,,,,ft,Unspecified,Unspecified,Unspecified,Unspecified,Unspecified,Unknown,Unspecified,2026-07-10T14:00:41.078093+00:00,other_method,Unspecified
05515500,POINT (-86.7061666666667 41.3896388888889),83d66df4-faf2-4549-8b69-014e2c9174fd,USGS-05515500,450d6786-1ef8-c141-e053-0100007f3d23,579,1991-12-09T17:35:00+00:00,Imported Channel 1,658,ft^3/s,77.5,ft,389,ft^2,1.69,ft/s,,,Unspecified,Unspecified,Unspecified,Unspecified,Unspecified,Unknown,BridgeCrane,2026-07-10T14:00:41.078093+00:00,point_velocity,Unspecified
05515500,POINT (-86.7061666666667 41.3896388888889),85664a08-c783-4a3b-8878-2018b4a7086f,USGS-05515500,450d7c9d-7bb0-c896-e053-0100007f7ddd,524,1984-11-02T05:00:00+00:00,Imported Channel 1,647,ft^3/s,82.0,ft,434,ft^2,1.49,ft/s,,,Unspecified,Unspecified,Unspecified,Unspecified,Unspecified,Unknown,BridgeCrane,2026-07-10T14:00:41.078093+00:00,point_velocity,Unspecified
05515500,POINT (-86.7061666666667 41.3896388888889),85726bd4-a586-4ff9-a3ea-293db4c5496a,USGS-05515500,714b33b5-5497-0e7a-e053-0100007fdd46,757,2018-07-12T16:08:40+00:00,Main,421,ft^3/s,66.6,ft,341,ft^2,1.24,ft/s,0.00,ft,Unspecified,Unspecified,Unspecified,Even,Standard,Steady,BridgeDownstreamSide,2026-07-10T14:00:41.078093+00:00,adcp,AtTheGage
05515500,POINT (-86.7061666666667 41.3896388888889),85b41580-8fb2-4787-8e6b-35cffb7cdd12,USGS-05515500,450d7916-9305-c71f-e053-0100007fd66c,478,1979-04-04T05:00:00+00:00,Imported Channel 1,1150,ft^3/s,,,,,,,,ft,Unspecified,Unspecified,Unspecified,Unspecified,Unspecified,Unknown,Unspecified,2026-07-10T14:00:41.078093+00:00,other_method,Unspecified
05515500,POINT (-86.7061666666667 41.3896388888889),8646a263-03ba-40f2-bbaa-3bf1504ca67a,USGS-05515500,450d8b8a-ef7c-ccf2-e053-0100007fb93e,691,2010-05-18T17:20:00+00:00,Imported Channel 1,775,ft^3/s,73.8,ft,434,ft^2,1.79,ft/s,5280.00,ft,Firm,Sand,Even,Even,Unspecified,Unknown,BridgeDownstreamSide,2026-07-10T14:00:41.078093+00:00,adcp,Downstream
05515500,POINT (-86.7061666666667 41.3896388888889),873073a4-ed4d-4195-b2bc-eec3f56a7ff0,USGS-05515500,450d86d7-87d0-cb88-e053-0100007fb403,662,2005-12-01T14:15:00+00:00,Imported Channel 1,318,ft^3/s,63.5,ft,253,ft^2,1.25,ft/s,,ft,Unspecified,Unspecified,Unspecified,Unspecified,Unspecified,Unknown,Unspecified,2026-07-10T14:00:41.078093+00:00,adcp,Unspecified
05515500,POINT (-86.7061666666667 41.3896388888889),87fb19c4-9093-43f9-9ce5-8bc8877d1ebe,USGS-05515500,450d8025-d617-c98a-e053-0100007f6233,546,1987-07-21T05:00:00+00:00,Imported Channel 1,274,ft^3/s,67.5,ft,206,ft^2,1.33,ft/s,,,Unspecified,Unspecified,Unspecified,Unspecified,Unspecified,Unknown,BridgeCrane,2026-07-10T14:00:41.078093+00:00,point_velocity,Unspecified
05515500,POINT (-86.7061666666667 41.3896388888889),8866e3fa-2bfc-4c6c-816c-e8c549c7f71b,USGS-05515500,450d63da-3126-c057-e053-0100007fdec5,455,1976-06-17T05:00:00+00:00,Imported Channel 1,440,ft^3/s,,,,,,,,ft,Unspecified,Unspecified,Unspecified,Unspecified,Unspecified,Unknown,Unspecified,2026-07-10T14:00:41.078093+00:00,other_method,Unspecified
05515500,POINT (-86.7061666666667 41.3896388888889),897d02b5-514a-4460-aa76-c330a7d0cebe,USGS-05515500,450d59de-2871-bcdc-e053-0100007f93f3,610,1996-07-30T13:21:00+00:00,Imported Channel 1,1550,ft^3/s,,,,,0.00,ft/s,,,Unspecified,Unspecified,Unspecified,Unspecified,Unspecified,Unknown,Boat,2026-07-10T14:00:41.078093+00:00,point_velocity,Unspecified
05515500,POINT (-86.7061666666667 41.3896388888889),89910c26-f399-4dfc-9344-23f78d8baeae,USGS-05515500,450d83e2-8db5-ca97-e053-0100007ff8bd,531,1985-06-05T05:00:00+00:00,Imported Channel 1,480,ft^3/s,79.0,ft,280,ft^2,1.71,ft/s,,,Unspecified,Unspecified,Unspecified,Unspecified,Unspecified,Unknown,BridgeCrane,2026-07-10T14:00:41.078093+00:00,point_velocity,Unspecified
05515500,POINT (-86.7061666666667 41.3896388888889),8ab77a33-2928-42a1-8b0c-2cbc8e397f75,USGS-05515500,450d86a0-207f-cb8a-e053-0100007f1497,682,2009-04-07T15:57:00+00:00,Imported Channel 1,1480,ft^3/s,85.6,ft,751,ft^2,1.97,ft/s,5280.00,ft,Firm,Sand,Even,Even,Unspecified,Unknown,MannedMovingBoat,2026-07-10T14:00:41.078093+00:00,adcp,Downstream
05515500,POINT (-86.7061666666667 41.3896388888889),8b4f956e-5233-4265-b41f-f5182b352b08,USGS-05515500,450d8025-d618-c98a-e053-0100007f6233,547,1987-09-02T21:00:00+00:00,Imported Channel 1,315,ft^3/s,71.5,ft,250,ft^2,1.26,ft/s,,,Unspecified,Unspecified,Unspecified,Unspecified,Unspecified,Unknown,BridgeCrane,2026-07-10T14:00:41.078093+00:00,point_velocity,Unspecified
05515500,POINT (-86.7061666666667 41.3896388888889),8bb77e05-54de-4c7a-9018-20bbf7ba0758,USGS-05515500,450d7cd6-6d3e-c894-e053-0100007f1717,685,2009-09-01T14:48:00+00:00,Imported Channel 1,651,ft^3/s,75.1,ft,425,ft^2,1.53,ft/s,5280.00,ft,Firm,Gravel,Even,Unspecified,Unspecified,Unknown,MannedMovingBoat,2026-07-10T14:00:41.078093+00:00,adcp,Downstream
05515500,POINT (-86.7061666666667 41.3896388888889),8c3597a8-a823-4eea-80d0-b3932425f43f,USGS-05515500,450d7523-2a56-c5b4-e053-0100007f357b,672,2007-11-06T13:19:00+00:00,Imported Channel 1,448,ft^3/s,70.8,ft,274,ft^2,1.64,ft/s,,ft,Unspecified,Unspecified,Unspecified,Unspecified,Unspecified,Unknown,Unspecified,2026-07-10T14:00:41.078093+00:00,adcp,Unspecified
05515500,POINT (-86.7061666666667 41.3896388888889),8c95d85d-1f0a-4ca2-93d9-72006e696653,USGS-05515500,450d63da-3160-c057-e053-0100007fdec5,667,2006-10-12T12:09:00+00:00,Imported Channel 1,388,ft^3/s,64.6,ft,287,ft^2,1.35,ft/s,,ft,Unspecified,Unspecified,Unspecified,Unspecified,Unspecified,Unknown,Unspecified,2026-07-10T14:00:41.078093+00:00,adcp,Unspecified
05515500,POINT (-86.7061666666667 41.3896388888889),8d122152-61c2-487e-81d7-c4c1bb560f79,USGS-05515500,450d7633-dbaa-c614-e053-0100007f2fd3,525,1984-12-20T05:00:00+00:00,Imported Channel 1,674,ft^3/s,82.0,ft,366,ft^2,1.84,ft/s,,,Unspecified,Unspecified,Unspecified,Unspecified,Unspecified,Unknown,BridgeCrane,2026-07-10T14:00:41.078093+00:00,point_velocity,Unspecified
05515500,POINT (-86.7061666666667 41.3896388888889),8dc01801-ce55-4705-b323-a5411cacbcb7,USGS-05515500,450d750a-8359-c5bc-e053-0100007f52f4,576,1991-04-19T14:10:00+00:00,Imported Channel 1,1500,ft^3/s,114,ft,775,ft^2,1.93,ft/s,,,Unspecified,Unspecified,Unspecified,Unspecified,Unspecified,Unknown,BridgeCrane,2026-07-10T14:00:41.078093+00:00,point_velocity,Unspecified
05515500,POINT (-86.7061666666667 41.3896388888889),8ddad538-e09e-4b3a-9c0a-13dbc400f5f5,USGS-05515500,450d6d95-9606-c375-e053-0100007fea51,570,1990-10-16T12:35:00+00:00,Imported Channel 1,1420,ft^3/s,117,ft,810,ft^2,1.75,ft/s,,,Unspecified,Unspecified,Unspecified,Unspecified,Unspecified,Unknown,BridgeCrane,2026-07-10T14:00:41.078093+00:00,point_velocity,Unspecified
05515500,POINT (-86.7061666666667 41.3896388888889),8e4cb4c4-bcb6-4ff3-bfc1-b3b0be4bffb1,USGS-05515500,6d9867fa-1a66-be88-e053-0100007ff007,756,2018-05-09T18:12:20+00:00,Main,831,ft^3/s,71.9,ft,484,ft^2,1.72,ft/s,0.00,ft,Unspecified,Unspecified,Unspecified,Even,Standard,Steady,BridgeDownstreamSide,2026-07-10T14:00:41.078093+00:00,adcp,AtTheGage
05515500,POINT (-86.7061666666667 41.3896388888889),8f812a03-a6e2-4a50-81dd-ee3a52321070,USGS-05515500,450d7c9d-7bcc-c896-e053-0100007f7ddd,683,2009-04-07T20:10:00+00:00,Imported Channel 1,1440,ft^3/s,88.8,ft,656,ft^2,2.19,ft/s,,ft,Firm,Sand,Even,Even,Unspecified,Unknown,MannedMovingBoat,2026-07-10T14:00:41.078093+00:00,adcp,AtTheGage
05515500,POINT (-86.7061666666667 41.3896388888889),90c9f780-8743-4822-9511-1c4b654c9689,USGS-05515500,8fb12721-a50f-5178-e053-0100007fc7e0,765,2019-08-06T12:32:34+00:00,main,441,ft^3/s,63.1,ft,333,ft^2,1.32,ft/s,0.00,ft,Unspecified,Unspecified,Unspecified,Even,Standard,Steady,BridgeDownstreamSide,2026-07-10T14:00:41.078093+00:00,adcp,AtTheGage
05515500,POINT (-86.7061666666667 41.3896388888889),9111ef1e-6105-480e-90bd-c821de1d3eff,USGS-05515500,450d8025-d641-c98a-e053-0100007f6233,641,2002-10-07T21:20:00+00:00,Imported Channel 1,266,ft^3/s,65.5,ft,194,ft^2,1.37,ft/s,,,Unspecified,Unspecified,Unspecified,Unspecified,Unspecified,Unknown,Boat,2026-07-10T14:00:41.078093+00:00,point_velocity,Unspecified
05515500,POINT (-86.7061666666667 41.3896388888889),933faac0-ce29-4dc6-a3fe-5fe979ba69f7,USGS-05515500,450d7c9d-7bd8-c896-e053-0100007f7ddd,724,2014-06-24T19:43:30+00:00,05515500,1160,ft^3/s,83.1,ft,599,ft^2,1.93,ft/s,10.00,ft,Firm,Gravel,Uneven,Even,Standard,Unknown,BridgeDownstreamSide,2026-07-10T14:00:41.078093+00:00,adcp,Downstream
05515500,POINT (-86.7061666666667 41.3896388888889),93bfba98-59d8-4a3a-9c2b-f5ecdcf8180f,USGS-05515500,450d92b2-67bf-cf9b-e053-0100007f10aa,704,2012-03-20T19:27:00+00:00,Main,677,ft^3/s,75.4,ft,287,ft^2,2.36,ft/s,,ft,Soft,Sand,Unspecified,Unspecified,Standard,Unknown,BridgeDownstreamSide,2026-07-10T14:00:41.078093+00:00,adcp,AtTheGage
05515500,POINT (-86.7061666666667 41.3896388888889),943b8cb2-5054-48ca-8212-50dd7864ee29,USGS-05515500,49aeb4f8-d6b7-45de-9510-65490c1187dc,799,2024-05-14T17:43:54+00:00,Main,735,ft^3/s,69.6,ft,391,ft^2,1.88,ft/s,0.00,ft,Unspecified,Unspecified,Unspecified,Even,Unspecified,Unspecified,BridgeDownstreamSide,2026-07-10T14:00:41.078093+00:00,adcp,AtTheGage
05515500,POINT (-86.7061666666667 41.3896388888889),9462d251-a7c9-4ee0-aa25-be581a9b24be,USGS-05515500,450d6d95-95dc-c375-e053-0100007fea51,60,1942-12-29T05:00:00+00:00,Imported Channel 1,1100,ft^3/s,,,,,,,,ft,Unspecified,Unspecified,Unspecified,Unspecified,Unspecified,Unknown,Unspecified,2026-07-10T14:00:41.078093+00:00,other_method,Unspecified
05515500,POINT (-86.7061666666667 41.3896388888889),94bac5b7-c59c-42f4-a794-919b8c315d1b,USGS-05515500,450d667e-bf24-c107-e053-0100007f34f3,448,1975-09-24T05:00:00+00:00,Imported Channel 1,350,ft^3/s,,,,,,,,ft,Unspecified,Unspecified,Unspecified,Unspecified,Unspecified,Unknown,Unspecified,2026-07-10T14:00:41.078093+00:00,other_method,Unspecified
05515500,POINT (-86.7061666666667 41.3896388888889),94d37f65-a1a4-44b5-be3d-09e6d6134c2a,USGS-05515500,d53f5c4e-5df3-4914-adc3-7d71b26f40e2,767,2019-12-10T15:29:10+00:00,main,665,ft^3/s,67.0,ft,424,ft^2,1.57,ft/s,0.00,ft,Unspecified,Unspecified,Unspecified,Even,Standard,Steady,BridgeDownstreamSide,2026-07-10T14:00:41.078093+00:00,adcp,AtTheGage
05515500,POINT (-86.7061666666667 41.3896388888889),95fee839-112b-40d1-91a8-c23ab97617bb,USGS-05515500,450d706d-6300-c46b-e053-0100007f424a,427,1973-04-04T05:00:00+00:00,Imported Channel 1,1120,ft^3/s,,,,,,,,ft,Unspecified,Unspecified,Unspecified,Unspecified,Unspecified,Unknown,Unspecified,2026-07-10T14:00:41.078093+00:00,other_method,Unspecified
05515500,POINT (-86.7061666666667 41.3896388888889),9634d1c4-3687-4ae0-b12b-e600a32a9222,USGS-05515500,450d74fb-bc61-c5aa-e053-0100007fdfb9,634,2001-02-27T15:58:00+00:00,Imported Channel 1,1410,ft^3/s,,,,,,,,ft,Unspecified,Unspecified,Unspecified,Unspecified,Unspecified,Unknown,Unspecified,2026-07-10T14:00:41.078093+00:00,other_method,Unspecified
05515500,POINT (-86.7061666666667 41.3896388888889),967474b3-d248-4e81-ae14-6deabe57e300,USGS-05515500,450d8896-746f-cc10-e053-0100007f4527,549,1988-02-24T21:10:00+00:00,Imported Channel 1,735,ft^3/s,78.0,ft,426,ft^2,1.72,ft/s,,,Unspecified,Unspecified,Unspecified,Unspecified,Unspecified,Unknown,BridgeCrane,2026-07-10T14:00:41.078093+00:00,point_velocity,Unspecified
05515500,POINT (-86.7061666666667 41.3896388888889),9768ca7f-7f81-439e-b9c5-04510a660827,USGS-05515500,450d8072-9ebf-c9a6-e053-0100007fef60,536,1986-01-13T05:00:00+00:00,Imported Channel 1,510,ft^3/s,79.0,ft,324,ft^2,1.57,ft/s,,,Unspecified,Unspecified,Unspecified,Unspecified,Unspecified,Unknown,BridgeCrane,2026-07-10T14:00:41.078093+00:00,point_velocity,Unspecified
05515500,POINT (-86.7061666666667 41.3896388888889),97f0bd30-ea39-49e1-bdf9-e422cbc8b4e1,USGS-05515500,a89b413b-8dc2-406c-96ac-2789ebfda358,796,2024-01-17T20:52:26+00:00,main,541,ft^3/s,66.5,ft,402,ft^2,1.35,ft/s,0.00,ft,Unspecified,Unspecified,Unspecified,Even,Unspecified,Unspecified,BridgeDownstreamSide,2026-07-10T14:00:41.078093+00:00,adcp,AtTheGage
05515500,POINT (-86.7061666666667 41.3896388888889),983d53da-ae1a-4ecb-b374-4a84efdfb670,USGS-05515500,95312453-ad9a-7876-e053-0100007fe434,766,2019-10-16T13:08:02+00:00,main,542,ft^3/s,69.4,ft,387,ft^2,1.40,ft/s,0.00,ft,Unspecified,Unspecified,Unspecified,Even,Standard,Steady,BridgeDownstreamSide,2026-07-10T14:00:41.078093+00:00,adcp,AtTheGage
05515500,POINT (-86.7061666666667 41.3896388888889),98a2047e-6dad-4e04-90f6-d8d59a76380b,USGS-05515500,450d668f-d3e0-c109-e053-0100007f628b,117,1947-04-01T05:00:00+00:00,Imported Channel 1,1030,ft^3/s,,,,,,,,ft,Unspecified,Unspecified,Unspecified,Unspecified,Unspecified,Unknown,Unspecified,2026-07-10T14:00:41.078093+00:00,other_method,Unspecified
05515500,POINT (-86.7061666666667 41.3896388888889),99cb7060-6154-4b02-be01-724562faeb9a,USGS-05515500,450d83d9-87d3-ca99-e053-0100007fbb0c,556,1989-01-26T15:00:00+00:00,Imported Channel 1,575,ft^3/s,80.0,ft,384,ft^2,1.50,ft/s,,,Unspecified,Unspecified,Unspecified,Unspecified,Unspecified,Unknown,BridgeCrane,2026-07-10T14:00:41.078093+00:00,point_velocity,Unspecified
05515500,POINT (-86.7061666666667 41.3896388888889),9a59882b-7436-4c77-82f2-f796b577fcfe,USGS-05515500,450d7647-aed5-c612-e053-0100007f5f06,686,2009-10-21T21:57:00+00:00,Kankakee at Davis,407,ft^3/s,72.9,ft,350,ft^2,1.16,ft/s,5000.00,ft,Firm,Gravel,Even,Even,Unspecified,Unknown,BridgeDownstreamSide,2026-07-10T14:00:41.078093+00:00,adcp,Downstream
05515500,POINT (-86.7061666666667 41.3896388888889),9a63f9fe-8d4c-4e44-8e63-5e21c9c6edc0,USGS-05515500,450d7807-19f0-c6c0-e053-0100007ff875,480,1979-06-27T05:00:00+00:00,Imported Channel 1,380,ft^3/s,,,,,,,,ft,Unspecified,Unspecified,Unspecified,Unspecified,Unspecified,Unknown,Unspecified,2026-07-10T14:00:41.078093+00:00,other_method,Unspecified
05515500,POINT (-86.7061666666667 41.3896388888889),9b81273a-1926-4cd9-8d97-fd7c777e2b8a,USGS-05515500,450d7647-aea4-c612-e053-0100007f5f06,523,1984-09-20T05:00:00+00:00,Imported Channel 1,298,ft^3/s,75.0,ft,209,ft^2,1.42,ft/s,,,Unspecified,Unspecified,Unspecified,Unspecified,Unspecified,Unknown,Wading,2026-07-10T14:00:41.078093+00:00,point_velocity,Unspecified
05515500,POINT (-86.7061666666667 41.3896388888889),9bb07727-a7d3-4a36-9a9e-b3dd86d15752,USGS-05515500,450d801d-5526-c9a4-e053-0100007fa371,669,2007-04-18T13:01:00+00:00,Imported Channel 1,668,ft^3/s,75.9,ft,435,ft^2,1.54,ft/s,,ft,Unspecified,Unspecified,Unspecified,Unspecified,Unspecified,Unknown,Unspecified,2026-07-10T14:00:41.078093+00:00,adcp,Unspecified
05515500,POINT (-86.7061666666667 41.3896388888889),9bf88d5b-8b31-4cb7-b316-762f06570769,USGS-05515500,450d8896-748d-cc10-e053-0100007f4527,659,2005-06-21T19:30:00+00:00,Imported Channel 1,311,ft^3/s,62.0,ft,196,ft^2,1.58,ft/s,,ft,Unspecified,Unspecified,Unspecified,Unspecified,Unspecified,Unknown,Unspecified,2026-07-10T14:00:41.078093+00:00,adcp,Unspecified
05515500,POINT (-86.7061666666667 41.3896388888889),9c0473ee-2254-4cdb-92e3-035bfdda6866,USGS-05515500,8b17dcab-c75c-694f-e053-0100007f5b4f,764,2019-06-11T15:43:00+00:00,Main,1210,ft^3/s,80.8,ft,591,ft^2,2.05,ft/s,0.00,ft,Unspecified,Unspecified,Unspecified,Even,Standard,Steady,BridgeDownstreamSide,2026-07-10T14:00:41.078093+00:00,adcp,AtTheGage
05515500,POINT (-86.7061666666667 41.3896388888889),9c176159-5e95-4e54-8b62-35bc5dade042,USGS-05515500,de5709dd-7c83-4e4c-a5b4-a0cfe46dca89,777,2021-06-24T15:02:35+00:00,main,486,ft^3/s,68.8,ft,381,ft^2,1.28,ft/s,0.00,ft,Unspecified,Unspecified,Unspecified,Even,Standard,Steady,BridgeDownstreamSide,2026-07-10T14:00:41.078093+00:00,adcp,AtTheGage
05515500,POINT (-86.7061666666667 41.3896388888889),9dcb79ef-3219-4001-a376-2eb0ac345981,USGS-05515500,450d6d8d-2c22-c36f-e053-0100007f1075,600,1995-01-30T18:20:00+00:00,Imported Channel 1,576,ft^3/s,77.0,ft,373,ft^2,1.50,ft/s,,,Unspecified,Unspecified,Unspecified,Unspecified,Unspecified,Unknown,Cableway,2026-07-10T14:00:41.078093+00:00,point_velocity,Unspecified
05515500,POINT (-86.7061666666667 41.3896388888889),9e18fe9a-073f-4688-a455-e551bcc60b70,USGS-05515500,450d6d8d-2bed-c36f-e053-0100007f1075,210,1955-02-21T05:00:00+00:00,Imported Channel 1,1070,ft^3/s,,,,,,,,ft,Unspecified,Unspecified,Unspecified,Unspecified,Unspecified,Unknown,Unspecified,2026-07-10T14:00:41.078093+00:00,other_method,Unspecified
05515500,POINT (-86.7061666666667 41.3896388888889),9e4ece79-3de5-4d96-8fb9-cbb750b4d53e,USGS-05515500,450d6970-9ec3-c1da-e053-0100007fc46a,491,1980-10-31T05:00:00+00:00,Imported Channel 1,396,ft^3/s,,,,,,,,ft,Unspecified,Unspecified,Unspecified,Unspecified,Unspecified,Unknown,Unspecified,2026-07-10T14:00:41.078093+00:00,other_method,Unspecified
05515500,POINT (-86.7061666666667 41.3896388888889),9e74dc52-fde9-4020-9d79-1f510fa5ced8,USGS-05515500,82f82a0b-796e-a7bf-e053-0100007fb0ff,762,2019-02-21T20:03:15+00:00,Main,761,ft^3/s,72.5,ft,455,ft^2,1.68,ft/s,0.00,ft,Unspecified,Unspecified,Unspecified,Even,Standard,Steady,BridgeDownstreamSide,2026-07-10T14:00:41.078093+00:00,adcp,AtTheGage
05515500,POINT (-86.7061666666667 41.3896388888889),9ef85910-7ec0-438c-ab7a-114297468220,USGS-05515500,450d668f-d3e8-c109-e053-0100007f628b,432,1973-10-10T05:00:00+00:00,Imported Channel 1,330,ft^3/s,,,,,,,,ft,Unspecified,Unspecified,Unspecified,Unspecified,Unspecified,Unknown,Unspecified,2026-07-10T14:00:41.078093+00:00,other_method,Unspecified
05515500,POINT (-86.7061666666667 41.3896388888889),9f22cab9-e297-4872-bf17-0e42567aa6a9,USGS-05515500,601216cc-47aa-19d6-e053-0100007fa0df,752,2017-11-29T19:05:06+00:00,Main,633,ft^3/s,72.6,ft,421,ft^2,1.50,ft/s,0.00,ft,Unspecified,Cobbles,Uneven,Even,Standard,Steady,BridgeDownstreamSide,2026-07-10T14:00:41.078093+00:00,adcp,AtTheGage
05515500,POINT (-86.7061666666667 41.3896388888889),9f3e857c-5b06-4bf1-a34d-c313762daf12,USGS-05515500,450d6778-bb79-c146-e053-0100007f1cd9,545,1987-06-03T05:00:00+00:00,Imported Channel 1,532,ft^3/s,73.0,ft,320,ft^2,1.66,ft/s,,,Unspecified,Unspecified,Unspecified,Unspecified,Unspecified,Unknown,BridgeCrane,2026-07-10T14:00:41.078093+00:00,point_velocity,Unspecified
05515500,POINT (-86.7061666666667 41.3896388888889),9f43162b-ef92-4335-8ab8-71a2a04dae4f,USGS-05515500,450d8025-d62c-c98a-e053-0100007f6233,582,1992-04-30T18:45:00+00:00,Imported Channel 1,552,ft^3/s,76.0,ft,370,ft^2,1.49,ft/s,,,Unspecified,Unspecified,Unspecified,Unspecified,Unspecified,Unknown,BridgeCrane,2026-07-10T14:00:41.078093+00:00,point_velocity,Unspecified
05515500,POINT (-86.7061666666667 41.3896388888889),a02280e9-71b2-4102-a647-6cdd1bc3b6c0,USGS-05515500,ddeae7f3-d450-4841-8a64-cf926072607b,807,2025-05-09T19:49:13+00:00,Main,484,ft^3/s,65.1,ft,326,ft^2,1.49,ft/s,0.00,ft,Unspecified,Unspecified,Unspecified,Even,Unspecified,Unspecified,BridgeDownstreamSide,2026-07-10T14:00:41.078093+00:00,adcp,AtTheGage
05515500,POINT (-86.7061666666667 41.3896388888889),a0618663-6267-4df8-aae4-ea94717de70a,USGS-05515500,450d93c9-58e8-d007-e053-0100007fd874,709,2013-01-10T14:23:56+00:00,MAIN,322,ft^3/s,61.6,ft,187,ft^2,1.72,ft/s,,ft,Firm,Gravel,Even,Even,Standard,Unknown,Cableway,2026-07-10T14:00:41.078093+00:00,adcp,AtTheGage
05515500,POINT (-86.7061666666667 41.3896388888889),a107a813-f15d-48b6-8b18-ffea0ef31e16,USGS-05515500,450d6778-bb6c-c146-e053-0100007f1cd9,65,1942-05-21T05:00:00+00:00,Imported Channel 1,1320,ft^3/s,,,,,,,,ft,Unspecified,Unspecified,Unspecified,Unspecified,Unspecified,Unknown,Unspecified,2026-07-10T14:00:41.078093+00:00,other_method,Unspecified
05515500,POINT (-86.7061666666667 41.3896388888889),a3701d4a-0fb9-44c3-97a1-6531701cc2af,USGS-05515500,655a6119-d761-9e64-e053-0100007ff615,753,2018-01-31T18:43:52+00:00,mAIN,706,ft^3/s,73.8,ft,429,ft^2,1.64,ft/s,0.00,ft,Unspecified,Cobbles,Unspecified,Unspecified,Standard,Steady,BridgeDownstreamSide,2026-07-10T14:00:41.078093+00:00,adcp,AtTheGage
05515500,POINT (-86.7061666666667 41.3896388888889),a38f4860-42cd-4236-b466-f83c1c1c14a2,USGS-05515500,450d6112-66d9-bf54-e053-0100007fbeb2,622,1999-04-12T20:52:00+00:00,Imported Channel 1,855,ft^3/s,65.0,ft,,,0.00,ft/s,,,Unspecified,Unspecified,Unspecified,Unspecified,Unspecified,Unknown,Boat,2026-07-10T14:00:41.078093+00:00,point_velocity,Unspecified
05515500,POINT (-86.7061666666667 41.3896388888889),a40f7957-32cd-4475-bde8-79bcd0ee4cb2,USGS-05515500,450d63da-313b-c057-e053-0100007fdec5,540,1986-09-24T05:00:00+00:00,Imported Channel 1,368,ft^3/s,74.0,ft,236,ft^2,1.56,ft/s,,,Unspecified,Unspecified,Unspecified,Unspecified,Unspecified,Unknown,BridgeCrane,2026-07-10T14:00:41.078093+00:00,point_velocity,Unspecified
05515500,POINT (-86.7061666666667 41.3896388888889),a42e1a91-bd33-487d-8271-8c2ca0ab71de,USGS-05515500,450d667e-bf28-c107-e053-0100007f34f3,510,1982-03-19T05:00:00+00:00,Imported Channel 1,1880,ft^3/s,,,,,,,,ft,Unspecified,Unspecified,Unspecified,Unspecified,Unspecified,Unknown,Unspecified,2026-07-10T14:00:41.078093+00:00,other_method,Unspecified
05515500,POINT (-86.7061666666667 41.3896388888889),a44a5f26-83ea-4c1b-85b2-a1d0d396ae56,USGS-05515500,450d7835-fcc9-c6bc-e053-0100007f9bde,449,1975-10-22T05:00:00+00:00,Imported Channel 1,321,ft^3/s,,,,,,,,ft,Unspecified,Unspecified,Unspecified,Unspecified,Unspecified,Unknown,Unspecified,2026-07-10T14:00:41.078093+00:00,other_method,Unspecified
05515500,POINT (-86.7061666666667 41.3896388888889),a4a8f141-66a7-40b9-b5dd-f375ac93fa66,USGS-05515500,450d83e2-8dbf-ca97-e053-0100007ff8bd,561,1989-08-10T17:25:00+00:00,Imported Channel 1,333,ft^3/s,72.5,ft,291,ft^2,1.14,ft/s,,,Unspecified,Unspecified,Unspecified,Unspecified,Unspecified,Unknown,Wading,2026-07-10T14:00:41.078093+00:00,point_velocity,Unspecified
05515500,POINT (-86.7061666666667 41.3896388888889),a555a9a0-3762-46fa-8236-eeabac0daa64,USGS-05515500,8b2a33ea-f9b0-4761-89e7-4100dbd0d385,795,2023-11-21T17:06:29+00:00,main,381,ft^3/s,62.6,ft,287,ft^2,1.33,ft/s,0.00,ft,Unspecified,Unspecified,Unspecified,Even,Unspecified,Unspecified,BridgeDownstreamSide,2026-07-10T14:00:41.078093+00:00,adcp,AtTheGage
05515500,POINT (-86.7061666666667 41.3896388888889),a63e44af-aa73-4c3b-a9d0-86e50a00f179,USGS-05515500,450d6d95-9607-c375-e053-0100007fea51,571,1990-10-22T18:05:00+00:00,Imported Channel 1,1140,ft^3/s,105,ft,658,ft^2,1.73,ft/s,,,Unspecified,Unspecified,Unspecified,Unspecified,Unspecified,Unknown,BridgeCrane,2026-07-10T14:00:41.078093+00:00,point_velocity,Unspecified
05515500,POINT (-86.7061666666667 41.3896388888889),a7678dc9-0764-403c-a09d-bb1d2d3668d7,USGS-05515500,450d88b7-eaf7-cc1a-e053-0100007f56ed,673,2007-12-05T14:33:00+00:00,Imported Channel 1,657,ft^3/s,73.5,ft,412,ft^2,1.59,ft/s,,ft,Unspecified,Unspecified,Unspecified,Unspecified,Unspecified,Unknown,Unspecified,2026-07-10T14:00:41.078093+00:00,adcp,Unspecified
05515500,POINT (-86.7061666666667 41.3896388888889),a7d54454-d411-4d6d-a7a5-4844ba24b267,USGS-05515500,450d7633-dbaf-c614-e053-0100007f2fd3,541,1986-11-14T05:00:00+00:00,Imported Channel 1,362,ft^3/s,73.0,ft,237,ft^2,1.53,ft/s,,,Unspecified,Unspecified,Unspecified,Unspecified,Unspecified,Unknown,BridgeCrane,2026-07-10T14:00:41.078093+00:00,point_velocity,Unspecified
05515500,POINT (-86.7061666666667 41.3896388888889),aa0fbeac-4a69-4304-9952-ee2459a79126,USGS-05515500,450d8b8a-ef80-ccf2-e053-0100007fb93e,695,2010-10-26T19:44:00+00:00,Imported Channel 1,316,ft^3/s,63.2,ft,282,ft^2,1.12,ft/s,5280.00,ft,Firm,Sand,Uneven,Even,Unspecified,Unknown,BridgeDownstreamSide,2026-07-10T14:00:41.078093+00:00,adcp,Downstream
05515500,POINT (-86.7061666666667 41.3896388888889),aa5c6fb8-6a23-4f7c-b8c3-fb7c9ba87c0b,USGS-05515500,5b4b55b1-3187-b1b9-e053-0100007fcdba,751,2017-10-04T18:31:21+00:00,Main,302,ft^3/s,60.8,ft,274,ft^2,1.10,ft/s,0.00,ft,Firm,Cobbles,Even,Even,Standard,Unknown,BridgeDownstreamSide,2026-07-10T14:00:41.078093+00:00,adcp,AtTheGage
05515500,POINT (-86.7061666666667 41.3896388888889),ab231a30-22b9-450c-bfe8-5ff5bb48860b,USGS-05515500,450d8b9c-6f10-ccef-e053-0100007f7e6e,703,2012-02-01T17:51:02+00:00,main,844,ft^3/s,73.8,ft,508,ft^2,1.66,ft/s,5280.00,ft,Soft,Sand,Unspecified,Unspecified,Standard,Unknown,BridgeDownstreamSide,2026-07-10T14:00:41.078093+00:00,adcp,Downstream
05515500,POINT (-86.7061666666667 41.3896388888889),ab274491-aae7-4ced-9f73-c89368ffbaef,USGS-05515500,450d5b90-7413-bda8-e053-0100007f9fb5,473,1954-10-28T05:00:00+00:00,Imported Channel 1,281,ft^3/s,,,,,,,,ft,Unspecified,Unspecified,Unspecified,Unspecified,Unspecified,Unknown,Unspecified,2026-07-10T14:00:41.078093+00:00,other_method,Unspecified
05515500,POINT (-86.7061666666667 41.3896388888889),ab64b028-29f2-43c8-a70d-2e48b2f417b7,USGS-05515500,450d83cb-e2e2-ca79-e053-0100007f26e2,708,2012-11-07T14:32:26+00:00,MAIN,309,ft^3/s,69.6,ft,189,ft^2,1.64,ft/s,,ft,Firm,CobblesBoulders,Even,Even,Standard,Unknown,Cableway,2026-07-10T14:00:41.078093+00:00,adcp,AtTheGage
05515500,POINT (-86.7061666666667 41.3896388888889),abf079ed-9821-4d2b-904d-948bb62166c3,USGS-05515500,450d7647-aecc-c612-e053-0100007f5f06,656,2004-12-01T13:00:00+00:00,Imported Channel 1,692,ft^3/s,71.7,ft,353,ft^2,1.96,ft/s,,ft,Unspecified,Unspecified,Unspecified,Unspecified,Unspecified,Unknown,Unspecified,2026-07-10T14:00:41.078093+00:00,adcp,Unspecified
05515500,POINT (-86.7061666666667 41.3896388888889),adb9ecdc-b6ef-4b73-be72-8cac1709754e,USGS-05515500,450d70bc-1de0-c469-e053-0100007fd2b9,654,2004-07-01T14:22:00+00:00,Imported Channel 1,322,ft^3/s,61.5,ft,197,ft^2,1.64,ft/s,,ft,Unspecified,Unspecified,Unspecified,Unspecified,Unspecified,Unknown,Unspecified,2026-07-10T14:00:41.078093+00:00,adcp,Unspecified
05515500,POINT (-86.7061666666667 41.3896388888889),adf74d8e-1d04-4e68-8c2d-3743d85e3f5b,USGS-05515500,450d59de-2842-bcdc-e053-0100007f93f3,272,1960-04-01T05:00:00+00:00,Imported Channel 1,1330,ft^3/s,,,,,,,,ft,Unspecified,Unspecified,Unspecified,Unspecified,Unspecified,Unknown,Unspecified,2026-07-10T14:00:41.078093+00:00,other_method,Unspecified
05515500,POINT (-86.7061666666667 41.3896388888889),ae45d49f-6ec0-4bd6-962f-1651ed17b213,USGS-05515500,450d7916-932e-c71f-e053-0100007fd66c,649,2003-10-28T20:00:00+00:00,Imported Channel 1,332,ft^3/s,67.0,ft,223,ft^2,1.49,ft/s,,ft,Unspecified,Unspecified,Unspecified,Unspecified,Unspecified,Unknown,Unspecified,2026-07-10T14:00:41.078093+00:00,adcp,Unspecified
05515500,POINT (-86.7061666666667 41.3896388888889),ae8a2067-cb6d-4e58-8d16-7604f73088ab,USGS-05515500,51f9806d-b744-4b37-bb7b-269d4df409f5,800,2024-07-10T23:21:05+00:00,Main,1080,ft^3/s,72.4,ft,495,ft^2,2.18,ft/s,0.00,ft,Unspecified,Unspecified,Unspecified,Even,Unspecified,Unspecified,BridgeDownstreamSide,2026-07-10T14:00:41.078093+00:00,adcp,AtTheGage
05515500,POINT (-86.7061666666667 41.3896388888889),af66c91f-b147-48f2-a1dd-e2ab67bfaf6e,USGS-05515500,450d801d-5530-c9a4-e053-0100007fa371,681,2009-01-29T21:40:00+00:00,Imported Channel 1,628,ft^3/s,76.6,ft,409,ft^2,1.54,ft/s,5280.00,ft,Firm,Gravel,Even,Even,Unspecified,Unknown,MannedMovingBoat,2026-07-10T14:00:41.078093+00:00,adcp,Downstream
05515500,POINT (-86.7061666666667 41.3896388888889),afe65374-97c1-49ef-9dbc-e8efc5eda99d,USGS-05515500,450d59de-285c-bcdc-e053-0100007f93f3,574,1990-12-07T16:15:00+00:00,Imported Channel 1,1320,ft^3/s,111,ft,679,ft^2,1.94,ft/s,,,Unspecified,Unspecified,Unspecified,Unspecified,Unspecified,Unknown,BridgeCrane,2026-07-10T14:00:41.078093+00:00,point_velocity,Unspecified
05515500,POINT (-86.7061666666667 41.3896388888889),b080108f-8f41-4f00-9e3d-aa758ea6b515,USGS-05515500,450d59de-2880-bcdc-e053-0100007f93f3,637,2001-07-31T14:32:00+00:00,Imported Channel 1,328,ft^3/s,83.0,ft,219,ft^2,1.80,ft/s,,,Unspecified,Unspecified,Unspecified,Unspecified,Unspecified,Unknown,BridgeCrane,2026-07-10T14:00:41.078093+00:00,point_velocity,Unspecified
05515500,POINT (-86.7061666666667 41.3896388888889),b1077b50-7154-4862-b4be-d0f53460233c,USGS-05515500,450d706d-6329-c46b-e053-0100007f424a,660,2005-08-22T21:02:00+00:00,Imported Channel 1,312,ft^3/s,0.00,ft,0.00,ft^2,0.00,ft/s,,ft,Unspecified,Unspecified,Unspecified,Unspecified,Unspecified,Unknown,Unspecified,2026-07-10T14:00:41.078093+00:00,adcp,Unspecified
05515500,POINT (-86.7061666666667 41.3896388888889),b14e1917-afa7-4ec2-be51-0cbb99c2e74f,USGS-05515500,450d86cc-8a41-cb86-e053-0100007fa9d1,596,1994-06-21T20:30:00+00:00,Imported Channel 1,484,ft^3/s,75.0,ft,362,ft^2,1.33,ft/s,,,Unspecified,Unspecified,Unspecified,Unspecified,Unspecified,Unknown,BridgeCrane,2026-07-10T14:00:41.078093+00:00,point_velocity,Unspecified
05515500,POINT (-86.7061666666667 41.3896388888889),b1b63acc-2c54-4205-9dc4-eb230dcee816,USGS-05515500,450d761c-cf33-c616-e053-0100007ff421,632,2000-10-02T23:06:00+00:00,Imported Channel 1,318,ft^3/s,,,215,ft^2,1.77,ft/s,,,Unspecified,Unspecified,Unspecified,Unspecified,Unspecified,Unknown,Boat,2026-07-10T14:00:41.078093+00:00,point_velocity,Unspecified
05515500,POINT (-86.7061666666667 41.3896388888889),b2b3fd63-fd16-4a00-b870-2ebdce7edd4e,USGS-05515500,450d6d95-95e2-c375-e053-0100007fea51,438,1974-08-28T05:00:00+00:00,Imported Channel 1,228,ft^3/s,,,,,,,,ft,Unspecified,Unspecified,Unspecified,Unspecified,Unspecified,Unknown,Unspecified,2026-07-10T14:00:41.078093+00:00,other_method,Unspecified
05515500,POINT (-86.7061666666667 41.3896388888889),b2bb2f76-23f6-4835-9f5f-49ff14d09c1e,USGS-05515500,450d6412-54fe-c055-e053-0100007fc473,565,1990-03-21T18:00:00+00:00,Imported Channel 1,797,ft^3/s,,,,,,,,ft,Unspecified,Unspecified,Unspecified,Unspecified,Unspecified,Unknown,Unspecified,2026-07-10T14:00:41.078093+00:00,other_method,Unspecified
05515500,POINT (-86.7061666666667 41.3896388888889),b30cfd77-c59b-47eb-8212-7d403515faa3,USGS-05515500,450d86d7-87d2-cb88-e053-0100007fb403,664,2006-04-12T21:00:00+00:00,Imported Channel 1,409,ft^3/s,69.8,ft,298,ft^2,1.37,ft/s,,ft,Unspecified,Unspecified,Unspecified,Unspecified,Unspecified,Unknown,Unspecified,2026-07-10T14:00:41.078093+00:00,adcp,Unspecified
05515500,POINT (-86.7061666666667 41.3896388888889),b69e939c-e631-4c12-ae60-ad19070fd0ff,USGS-05515500,450d7647-aeb1-c612-e053-0100007f5f06,551,1988-05-24T18:20:00+00:00,Imported Channel 1,620,ft^3/s,77.0,ft,376,ft^2,1.65,ft/s,,,Unspecified,Unspecified,Unspecified,Unspecified,Unspecified,Unknown,BridgeCrane,2026-07-10T14:00:41.078093+00:00,point_velocity,Unspecified
05515500,POINT (-86.7061666666667 41.3896388888889),b74b33ad-bc10-4550-8912-93f8ee0a276a,USGS-05515500,450d7924-8be4-c71d-e053-0100007f2f30,721,2014-03-20T16:01:32+00:00,Main,1380,ft^3/s,83.0,ft,669,ft^2,2.06,ft/s,10.00,ft,Firm,Gravel,Even,Even,Standard,Unknown,BridgeDownstreamSide,2026-07-10T14:00:41.078093+00:00,adcp,Downstream
05515500,POINT (-86.7061666666667 41.3896388888889),b8c7957c-f096-4dd2-84a7-2d03c9eb6aa6,USGS-05515500,450d5d57-4edb-be49-e053-0100007ff52a,706,2012-07-17T13:21:03+00:00,MAIN,216,ft^3/s,62.1,ft,146,ft^2,1.48,ft/s,,ft,Soft,Sand,Even,Uneven,Standard,Unknown,Cableway,2026-07-10T14:00:41.078093+00:00,adcp,AtTheGage
05515500,POINT (-86.7061666666667 41.3896388888889),b9c6b583-ea25-47f1-aa37-2b857d551bf6,USGS-05515500,450d6786-1f05-c141-e053-0100007f3d23,604,1995-08-07T18:45:00+00:00,Imported Channel 1,927,ft^3/s,78.0,ft,464,ft^2,2.00,ft/s,,,Unspecified,Unspecified,Unspecified,Unspecified,Unspecified,Unknown,BridgeCrane,2026-07-10T14:00:41.078093+00:00,point_velocity,Unspecified
05515500,POINT (-86.7061666666667 41.3896388888889),baf69ebc-bf96-4df3-b5e1-8f806d9ef968,USGS-05515500,450d6412-54e8-c055-e053-0100007fc473,526,1985-02-27T05:00:00+00:00,Imported Channel 1,1580,ft^3/s,143,ft,894,ft^2,1.77,ft/s,,,Unspecified,Unspecified,Unspecified,Unspecified,Unspecified,Unknown,BridgeCrane,2026-07-10T14:00:41.078093+00:00,point_velocity,Unspecified
05515500,POINT (-86.7061666666667 41.3896388888889),bb414f08-cfbf-4bfb-ac98-c9b9b41f96bc,USGS-05515500,450d7924-8b88-c71d-e053-0100007f2f30,139,1950-04-02T05:00:00+00:00,Imported Channel 1,1220,ft^3/s,,,,,,,,ft,Unspecified,Unspecified,Unspecified,Unspecified,Unspecified,Unknown,Unspecified,2026-07-10T14:00:41.078093+00:00,other_method,Unspecified
05515500,POINT (-86.7061666666667 41.3896388888889),bd942a93-a0e7-4471-954b-6cefbc3ea554,USGS-05515500,450d86d7-87be-cb88-e053-0100007fb403,594,1994-03-01T20:25:00+00:00,Imported Channel 1,593,ft^3/s,77.0,ft,424,ft^2,1.40,ft/s,,,Unspecified,Unspecified,Unspecified,Unspecified,Unspecified,Unknown,BridgeCrane,2026-07-10T14:00:41.078093+00:00,point_velocity,Unspecified
05515500,POINT (-86.7061666666667 41.3896388888889),be713bca-4d9d-419f-b927-297d94016cdd,USGS-05515500,450d7924-8ba8-c71d-e053-0100007f2f30,548,1988-01-14T15:25:00+00:00,Imported Channel 1,425,ft^3/s,72.0,ft,300,ft^2,1.42,ft/s,,,Unspecified,Unspecified,Unspecified,Unspecified,Unspecified,Unknown,BridgeCrane,2026-07-10T14:00:41.078093+00:00,point_velocity,Unspecified
05515500,POINT (-86.7061666666667 41.3896388888889),bf53368f-b845-4412-83dc-645f18d3ce37,USGS-05515500,450d8896-748b-cc10-e053-0100007f4527,651,2003-11-25T15:39:00+00:00,Imported Channel 1,804,ft^3/s,75.0,ft,0.00,ft^2,0.00,ft/s,,ft,Unspecified,Unspecified,Unspecified,Unspecified,Unspecified,Unknown,Unspecified,2026-07-10T14:00:41.078093+00:00,adcp,Unspecified
05515500,POINT (-86.7061666666667 41.3896388888889),c01b393f-ea46-4a20-8a23-bc85ca22f421,USGS-05515500,f90e5f6f-ae8e-4c9a-a50f-03fb3933e974,787,2022-12-12T21:56:19+00:00,main,356,ft^3/s,58.8,ft,265,ft^2,1.34,ft/s,0.00,ft,Unspecified,Unspecified,Unspecified,Even,Standard,Steady,BridgeDownstreamSide,2026-07-10T14:00:41.078093+00:00,adcp,AtTheGage
05515500,POINT (-86.7061666666667 41.3896388888889),c07921ca-2c90-4199-9a4b-6d8ab6ecd3e9,USGS-05515500,450d7647-ae9b-c612-e053-0100007f5f06,273,1960-04-19T05:00:00+00:00,Imported Channel 1,1150,ft^3/s,,,,,,,,ft,Unspecified,Unspecified,Unspecified,Unspecified,Unspecified,Unknown,Unspecified,2026-07-10T14:00:41.078093+00:00,other_method,Unspecified
05515500,POINT (-86.7061666666667 41.3896388888889),c097fce2-2a52-49f5-8ac6-75c54a8dd034,USGS-05515500,450d7bf7-337c-c804-e053-0100007fec47,605,1995-10-25T20:17:00+00:00,Imported Channel 1,347,ft^3/s,,,,,0.00,ft/s,,,Unspecified,Unspecified,Unspecified,Unspecified,Unspecified,Unknown,Boat,2026-07-10T14:00:41.078093+00:00,point_velocity,Unspecified
05515500,POINT (-86.7061666666667 41.3896388888889),c1958951-61a0-4a1f-bfc4-ecf0cd8789f4,USGS-05515500,46ede9ea-04ed-2022-e053-0100007f9675,746,2017-01-18T21:39:33+00:00,main,1120,ft^3/s,77.5,ft,604,ft^2,1.85,ft/s,0.00,ft,Firm,Cobbles,Even,Even,Unknown,Unknown,BridgeUpstreamSide,2026-07-10T14:00:41.078093+00:00,adcp,AtTheGage
05515500,POINT (-86.7061666666667 41.3896388888889),c360adf1-cd55-4257-a897-59387a2f169c,USGS-05515500,450d891e-bb1a-cc14-e053-0100007f1158,652,2004-02-25T13:35:00+00:00,Imported Channel 1,620,ft^3/s,85.3,ft,412,ft^2,1.51,ft/s,,ft,Unspecified,Unspecified,Unspecified,Unspecified,Unspecified,Unknown,Unspecified,2026-07-10T14:00:41.078093+00:00,adcp,Unspecified
05515500,POINT (-86.7061666666667 41.3896388888889),c509277f-a414-433d-811f-37a5a2ec9161,USGS-05515500,edb47b68-ccde-40d6-8f9b-2c230e9cc97a,809,2025-08-18T20:18:31+00:00,Main,243,ft^3/s,59.3,ft,236,ft^2,1.03,ft/s,0.00,ft,Unspecified,Unspecified,Unspecified,Even,Unspecified,Unspecified,BridgeDownstreamSide,2026-07-10T14:00:41.078093+00:00,adcp,AtTheGage
05515500,POINT (-86.7061666666667 41.3896388888889),c72d28ab-f8c9-4b49-a11d-75fc6847cb84,USGS-05515500,450d7b90-ca30-c806-e053-0100007f4264,668,2006-11-30T15:26:00+00:00,Imported Channel 1,512,ft^3/s,69.0,ft,352,ft^2,1.46,ft/s,,ft,Unspecified,Unspecified,Unspecified,Unspecified,Unspecified,Unknown,Unspecified,2026-07-10T14:00:41.078093+00:00,adcp,Unspecified
05515500,POINT (-86.7061666666667 41.3896388888889),c7d29412-5ed9-4482-bc11-aac266c94e6d,USGS-05515500,450d761c-cf14-c616-e053-0100007ff421,535,1985-11-22T05:00:00+00:00,Imported Channel 1,1230,ft^3/s,108,ft,694,ft^2,1.77,ft/s,,,Unspecified,Unspecified,Unspecified,Unspecified,Unspecified,Unknown,BridgeCrane,2026-07-10T14:00:41.078093+00:00,point_velocity,Unspecified
05515500,POINT (-86.7061666666667 41.3896388888889),c7d4057b-ac05-4050-806f-b3598b03b704,USGS-05515500,450d891e-bb1d-cc14-e053-0100007f1158,657,2005-03-08T20:30:00+00:00,Imported Channel 1,1030,ft^3/s,81.4,ft,461,ft^2,2.23,ft/s,,ft,Unspecified,Unspecified,Unspecified,Unspecified,Unspecified,Unknown,Unspecified,2026-07-10T14:00:41.078093+00:00,adcp,Unspecified
05515500,POINT (-86.7061666666667 41.3896388888889),c7fd7330-b35b-49b3-9d95-35d475a88fc2,USGS-05515500,450d86cc-8a3c-cb86-e053-0100007fa9d1,578,1991-10-03T15:35:00+00:00,Imported Channel 1,339,ft^3/s,75.0,ft,274,ft^2,1.24,ft/s,,,Unspecified,Unspecified,Unspecified,Unspecified,Unspecified,Unknown,BridgeCrane,2026-07-10T14:00:41.078093+00:00,point_velocity,Unspecified
05515500,POINT (-86.7061666666667 41.3896388888889),c96453d9-46d1-4dc6-9352-6569e9870843,USGS-05515500,450d6778-bb9f-c146-e053-0100007f1cd9,633,2001-02-05T21:53:00+00:00,Imported Channel 1,502,ft^3/s,,,,,,,,ft,Unspecified,Unspecified,Unspecified,Unspecified,Unspecified,Unknown,Unspecified,2026-07-10T14:00:41.078093+00:00,other_method,Unspecified
05515500,POINT (-86.7061666666667 41.3896388888889),cb043d0b-d5ec-4fcd-9af1-6b45d4b53698,USGS-05515500,450d63e0-dc64-c053-e053-0100007fb5e9,201,1954-10-17T05:00:00+00:00,Imported Channel 1,1640,ft^3/s,,,,,,,,ft,Unspecified,Unspecified,Unspecified,Unspecified,Unspecified,Unknown,Unspecified,2026-07-10T14:00:41.078093+00:00,other_method,Unspecified
05515500,POINT (-86.7061666666667 41.3896388888889),cb338364-5fc4-4dc0-9294-fcc1f5ddabf4,USGS-05515500,450d7905-f5a8-c71b-e053-0100007f311d,636,2001-06-05T12:38:00+00:00,Imported Channel 1,644,ft^3/s,,,320,ft^2,1.96,ft/s,,,Unspecified,Unspecified,Unspecified,Unspecified,Unspecified,Unknown,BridgeCrane,2026-07-10T14:00:41.078093+00:00,point_velocity,Unspecified
05515500,POINT (-86.7061666666667 41.3896388888889),cb7f57ba-1a70-4b35-afaf-e4a197dc2436,USGS-05515500,450d6786-1f14-c141-e053-0100007f3d23,640,2002-08-05T21:41:00+00:00,Imported Channel 1,298,ft^3/s,57.0,ft,178,ft^2,1.67,ft/s,,ft,Unspecified,Unspecified,Unspecified,Unspecified,Unspecified,Unknown,Unspecified,2026-07-10T14:00:41.078093+00:00,adcp,Unspecified
05515500,POINT (-86.7061666666667 41.3896388888889),cbdc19b3-7d93-47a0-b42e-cbca4e8f29ac,USGS-05515500,450d63e0-dc7e-c053-e053-0100007fb5e9,566,1990-04-27T13:55:00+00:00,Imported Channel 1,620,ft^3/s,77.0,ft,377,ft^2,1.64,ft/s,,,Unspecified,Unspecified,Unspecified,Unspecified,Unspecified,Unknown,BridgeCrane,2026-07-10T14:00:41.078093+00:00,point_velocity,Unspecified
05515500,POINT (-86.7061666666667 41.3896388888889),cd505833-7ef5-4470-9888-019a25faab72,USGS-05515500,450d7807-19fb-c6c0-e053-0100007ff875,533,1985-09-13T05:00:00+00:00,Imported Channel 1,389,ft^3/s,75.0,ft,252,ft^2,1.54,ft/s,,,Unspecified,Unspecified,Unspecified,Unspecified,Unspecified,Unknown,BridgeCrane,2026-07-10T14:00:41.078093+00:00,point_velocity,Unspecified
05515500,POINT (-86.7061666666667 41.3896388888889),ce1d6355-ab3a-4a1b-be57-6969f13b043a,USGS-05515500,450d70bc-1de6-c469-e053-0100007fd2b9,674,2008-01-09T19:24:00+00:00,Imported Channel 1,1740,ft^3/s,108,ft,818,ft^2,2.13,ft/s,,ft,Unspecified,Unspecified,Unspecified,Unspecified,Unspecified,Unknown,Unspecified,2026-07-10T14:00:41.078093+00:00,adcp,Unspecified
05515500,POINT (-86.7061666666667 41.3896388888889),d012b23a-ccdc-4596-9e7a-512b6f634c40,USGS-05515500,450d7523-2a28-c5b4-e053-0100007f357b,414,1972-03-14T05:00:00+00:00,Imported Channel 1,1120,ft^3/s,,,,,,,,ft,Unspecified,Unspecified,Unspecified,Unspecified,Unspecified,Unknown,Unspecified,2026-07-10T14:00:41.078093+00:00,other_method,Unspecified
05515500,POINT (-86.7061666666667 41.3896388888889),d05292fe-8a16-418e-8a49-c7b393d73c6e,USGS-05515500,450d7508-70ec-c5ac-e053-0100007f62d3,199,1954-10-14T05:00:00+00:00,Imported Channel 1,1380,ft^3/s,,,,,,,,ft,Unspecified,Unspecified,Unspecified,Unspecified,Unspecified,Unknown,Unspecified,2026-07-10T14:00:41.078093+00:00,other_method,Unspecified
05515500,POINT (-86.7061666666667 41.3896388888889),d0a1ce2e-f024-4c33-beda-e473b9f769b5,USGS-05515500,450d7905-f576-c71b-e053-0100007f311d,472,1978-08-31T05:00:00+00:00,Imported Channel 1,400,ft^3/s,,,,,,,,ft,Unspecified,Unspecified,Unspecified,Unspecified,Unspecified,Unknown,Unspecified,2026-07-10T14:00:41.078093+00:00,other_method,Unspecified
05515500,POINT (-86.7061666666667 41.3896388888889),d0f7ebc6-ae9c-43ce-8c97-bdb93e668431,USGS-05515500,450d844f-622a-ca9b-e053-0100007ff3e5,717,2013-12-16T22:35:39+00:00,Main,438,ft^3/s,66.4,ft,363,ft^2,1.21,ft/s,,ft,Soft,Sand,Even,Even,Standard,Unknown,BridgeDownstreamSide,2026-07-10T14:00:41.078093+00:00,adcp,AtTheGage
05515500,POINT (-86.7061666666667 41.3896388888889),d104e9e9-1af8-46d7-9de6-b57d97f23f22,USGS-05515500,450d801d-5511-c9a4-e053-0100007fa371,597,1994-08-17T14:30:00+00:00,Imported Channel 1,494,ft^3/s,76.0,ft,76.0,ft^2,1.48,ft/s,,,Unspecified,Unspecified,Unspecified,Unspecified,Unspecified,Unknown,BridgeCrane,2026-07-10T14:00:41.078093+00:00,point_velocity,Unspecified
05515500,POINT (-86.7061666666667 41.3896388888889),d1bc6be0-1ab8-45c9-ba76-735fd7402338,USGS-05515500,450d8896-7480-cc10-e053-0100007f4527,623,1999-06-30T16:58:00+00:00,Imported Channel 1,488,ft^3/s,,,,,0.00,ft/s,,,Unspecified,Unspecified,Unspecified,Unspecified,Unspecified,Unknown,Boat,2026-07-10T14:00:41.078093+00:00,point_velocity,Unspecified
05515500,POINT (-86.7061666666667 41.3896388888889),d2fff3df-2cdf-4e7f-83ce-00eb620bd634,USGS-05515500,450d7cb8-3326-c808-e053-0100007fc000,564,1990-02-01T16:00:00+00:00,Imported Channel 1,559,ft^3/s,77.8,ft,396,ft^2,1.41,ft/s,,,Unspecified,Unspecified,Unspecified,Unspecified,Unspecified,Unknown,BridgeCrane,2026-07-10T14:00:41.078093+00:00,point_velocity,Unspecified
05515500,POINT (-86.7061666666667 41.3896388888889),d4211318-0e9d-4c7a-b1f2-7d77432dd603,USGS-05515500,6752c26e-a342-4006-8a1f-004d851fe61f,789,2023-02-08T15:39:51+00:00,main,427,ft^3/s,64.3,ft,335,ft^2,1.27,ft/s,60.00,ft,Unspecified,Unspecified,Unspecified,Even,Standard,Steady,BridgeUpstreamSide,2026-07-10T14:00:41.078093+00:00,adcp,Upstream
05515500,POINT (-86.7061666666667 41.3896388888889),d5358739-c0b4-45df-890d-95a56b1994c4,USGS-05515500,450d50fb-fbc0-ba11-e053-0100007f3435,518,1983-10-05T05:00:00+00:00,Imported Channel 1,380,ft^3/s,74.0,ft,299,ft^2,1.27,ft/s,,,Unspecified,Unspecified,Unspecified,Unspecified,Unspecified,Unknown,BridgeCrane,2026-07-10T14:00:41.078093+00:00,point_velocity,Unspecified
05515500,POINT (-86.7061666666667 41.3896388888889),d5af8581-62db-4ebe-bb3c-094423caf771,USGS-05515500,450d761c-cf0a-c616-e053-0100007ff421,461,1977-02-24T05:00:00+00:00,Imported Channel 1,1030,ft^3/s,,,,,,,,ft,Unspecified,Unspecified,Unspecified,Unspecified,Unspecified,Unknown,Unspecified,2026-07-10T14:00:41.078093+00:00,other_method,Unspecified
05515500,POINT (-86.7061666666667 41.3896388888889),d5bd5f28-e2f7-441e-ab46-52172cd3d056,USGS-05515500,450d7835-fcf1-c6bc-e053-0100007f9bde,618,1998-03-24T17:48:00+00:00,Imported Channel 1,1300,ft^3/s,93.0,ft,632,ft^2,2.04,ft/s,,,Unspecified,Unspecified,Unspecified,Unspecified,Unspecified,Unknown,BridgeCrane,2026-07-10T14:00:41.078093+00:00,point_velocity,Unspecified
05515500,POINT (-86.7061666666667 41.3896388888889),d6828c4d-9883-4382-8bdd-e7543092aaf4,USGS-05515500,7e635ed2-e20c-4c68-be68-cd31199ce4cf,779,2021-11-17T21:23:43+00:00,main,543,ft^3/s,65.7,ft,379,ft^2,1.43,ft/s,0.00,ft,Unspecified,Unspecified,Unspecified,Even,Standard,Steady,BridgeDownstreamSide,2026-07-10T14:00:41.078093+00:00,adcp,AtTheGage
05515500,POINT (-86.7061666666667 41.3896388888889),d7786d1d-b609-4816-931b-87419d1018d1,USGS-05515500,450d92ae-4866-cf97-e053-0100007f6fd7,732,2015-05-07T21:59:17+00:00,Main,586,ft^3/s,74.5,ft,416,ft^2,1.41,ft/s,,ft,Firm,SiltMud,Even,Even,Uniform,Unknown,BridgeDownstreamSide,2026-07-10T14:00:41.078093+00:00,adcp,AtTheGage
05515500,POINT (-86.7061666666667 41.3896388888889),d7b2daf8-a30f-45f1-9b0f-cb6cda386a9b,USGS-05515500,450d6412-5544-c055-e053-0100007fc473,722,2014-04-15T19:26:22+00:00,MAIN,825,ft^3/s,76.3,ft,473,ft^2,1.74,ft/s,15.00,ft,Firm,Gravel,Even,Even,Standard,Unknown,BridgeDownstreamSide,2026-07-10T14:00:41.078093+00:00,adcp,Downstream
05515500,POINT (-86.7061666666667 41.3896388888889),d7f924c3-c749-47b4-b011-6186f23bba7e,USGS-05515500,450d801d-5500-c9a4-e053-0100007fa371,538,1986-05-29T05:00:00+00:00,Imported Channel 1,540,ft^3/s,80.0,ft,303,ft^2,1.78,ft/s,,,Unspecified,Unspecified,Unspecified,Unspecified,Unspecified,Unknown,BridgeCrane,2026-07-10T14:00:41.078093+00:00,point_velocity,Unspecified
05515500,POINT (-86.7061666666667 41.3896388888889),d90c8a11-b067-48fe-82b1-b2a7cb69c00b,USGS-05515500,450d7cb8-330a-c808-e053-0100007fc000,357,1967-12-09T05:00:00+00:00,Imported Channel 1,1110,ft^3/s,,,,,,,,ft,Unspecified,Unspecified,Unspecified,Unspecified,Unspecified,Unknown,Unspecified,2026-07-10T14:00:41.078093+00:00,other_method,Unspecified
05515500,POINT (-86.7061666666667 41.3896388888889),d9a0e96e-34e7-49a4-80e2-36ee6dd3ba02,USGS-05515500,629bf600-f056-40a7-9db3-98f6264b4cf4,775,2021-02-11T19:13:38+00:00,main,363,ft^3/s,60.4,ft,285,ft^2,1.28,ft/s,0.00,ft,Unspecified,Unspecified,Unspecified,Even,Standard,Steady,BridgeDownstreamSide,2026-07-10T14:00:41.078093+00:00,adcp,AtTheGage
05515500,POINT (-86.7061666666667 41.3896388888889),d9e88fb5-a621-4436-987b-62b475b0d14d,USGS-05515500,450d706d-6316-c46b-e053-0100007f424a,575,1991-02-20T15:25:00+00:00,Imported Channel 1,1200,ft^3/s,108,ft,614,ft^2,1.95,ft/s,,,Unspecified,Unspecified,Unspecified,Unspecified,Unspecified,Unknown,BridgeCrane,2026-07-10T14:00:41.078093+00:00,point_velocity,Unspecified
05515500,POINT (-86.7061666666667 41.3896388888889),da518aeb-c08e-4fa8-96fc-47e4542fc4c2,USGS-05515500,450d8009-a33e-c98e-e053-0100007fd3a6,542,1987-01-14T05:00:00+00:00,Imported Channel 1,445,ft^3/s,76.0,ft,270,ft^2,1.64,ft/s,,,Unspecified,Unspecified,Unspecified,Unspecified,Unspecified,Unknown,BridgeCrane,2026-07-10T14:00:41.078093+00:00,point_velocity,Unspecified
05515500,POINT (-86.7061666666667 41.3896388888889),da6c312f-2838-4714-be92-df67f51fa71d,USGS-05515500,bf171e43-31c0-4d8a-9f9e-477e8c9ca8c5,771,2020-07-07T21:36:35+00:00,main,446,ft^3/s,59.8,ft,296,ft^2,1.51,ft/s,0.00,ft,Unspecified,Unspecified,Unspecified,Even,Standard,Steady,BridgeDownstreamSide,2026-07-10T14:00:41.078093+00:00,adcp,AtTheGage
05515500,POINT (-86.7061666666667 41.3896388888889),da6d7287-14a0-48be-bf0f-8ff1177dac73,USGS-05515500,450d7852-cf16-c6be-e053-0100007f4e14,198,1954-10-12T05:00:00+00:00,Imported Channel 1,1420,ft^3/s,,,,,,,,ft,Unspecified,Unspecified,Unspecified,Unspecified,Unspecified,Unknown,Unspecified,2026-07-10T14:00:41.078093+00:00,other_method,Unspecified
05515500,POINT (-86.7061666666667 41.3896388888889),dc3d5012-b09f-4946-88c3-f19487b26f30,USGS-05515500,450d74fb-bc3c-c5aa-e053-0100007fdfb9,459,1976-11-11T05:00:00+00:00,Imported Channel 1,399,ft^3/s,,,,,,,,ft,Unspecified,Unspecified,Unspecified,Unspecified,Unspecified,Unknown,Unspecified,2026-07-10T14:00:41.078093+00:00,other_method,Unspecified
05515500,POINT (-86.7061666666667 41.3896388888889),dc5ed474-26b0-463d-8565-afd89cd83e99,USGS-05515500,450d7cd6-6d2a-c894-e053-0100007f1717,586,1992-12-08T20:35:00+00:00,Imported Channel 1,563,ft^3/s,77.0,ft,324,ft^2,1.73,ft/s,,,Unspecified,Unspecified,Unspecified,Unspecified,Unspecified,Unknown,BridgeCrane,2026-07-10T14:00:41.078093+00:00,point_velocity,Unspecified
05515500,POINT (-86.7061666666667 41.3896388888889),dd68fe31-8f9c-49ef-b1f0-217cf5ab8a8e,USGS-05515500,450d9963-5177-d1b5-e053-0100007f7f72,743,2016-08-25T16:23:30+00:00,main,1520,ft^3/s,81.7,ft,740,ft^2,2.05,ft/s,10.00,ft,Soft,Sand,Uneven,Unspecified,Standard,Unknown,BridgeDownstreamSide,2026-07-10T14:00:41.078093+00:00,adcp,Downstream
05515500,POINT (-86.7061666666667 41.3896388888889),de723227-8151-43a2-a577-93e466c95768,USGS-05515500,450d7807-1a1d-c6c0-e053-0100007ff875,642,2002-11-26T12:42:00+00:00,Imported Channel 1,276,ft^3/s,63.2,ft,202,ft^2,1.36,ft/s,,ft,Unspecified,Unspecified,Unspecified,Unspecified,Unspecified,Unknown,Unspecified,2026-07-10T14:00:41.078093+00:00,adcp,Unspecified
05515500,POINT (-86.7061666666667 41.3896388888889),ded48731-193d-4016-969f-c05f019e207c,USGS-05515500,450d97b8-dc94-d132-e053-0100007f4a15,735,2015-10-21T21:12:52+00:00,Main,366,ft^3/s,72.8,ft,380,ft^2,0.96,ft/s,,ft,Firm,SiltMud,Even,Even,Standard,Unknown,BridgeDownstreamSide,2026-07-10T14:00:41.078093+00:00,adcp,AtTheGage
05515500,POINT (-86.7061666666667 41.3896388888889),e043d52e-a787-44c7-afd3-a37614c50e5e,USGS-05515500,450d750a-8346-c5bc-e053-0100007f52f4,188,1954-03-27T05:00:00+00:00,Imported Channel 1,1000,ft^3/s,,,,,,,,ft,Unspecified,Unspecified,Unspecified,Unspecified,Unspecified,Unknown,Unspecified,2026-07-10T14:00:41.078093+00:00,other_method,Unspecified
05515500,POINT (-86.7061666666667 41.3896388888889),e0e4d7a9-8e6a-4bb6-9d14-23f50804e803,USGS-05515500,450d70c4-dde9-c467-e053-0100007f5ccb,202,1954-10-19T05:00:00+00:00,Imported Channel 1,1600,ft^3/s,,,,,,,,ft,Unspecified,Unspecified,Unspecified,Unspecified,Unspecified,Unknown,Unspecified,2026-07-10T14:00:41.078093+00:00,other_method,Unspecified
05515500,POINT (-86.7061666666667 41.3896388888889),e16cc4af-67ef-48ca-a021-21376ac36c1c,USGS-05515500,450d750a-8371-c5bc-e053-0100007f52f4,655,2004-10-19T16:19:00+00:00,Imported Channel 1,277,ft^3/s,60.2,ft,200,ft^2,1.39,ft/s,,ft,Unspecified,Unspecified,Unspecified,Unspecified,Unspecified,Unknown,Unspecified,2026-07-10T14:00:41.078093+00:00,adcp,Unspecified
05515500,POINT (-86.7061666666667 41.3896388888889),e2406e94-71c1-41fe-b7dd-65e89755b58f,USGS-05515500,450d755f-221c-c5dc-e053-0100007f0625,680,2008-10-08T20:57:00+00:00,Imported Channel 1,741,ft^3/s,71.0,ft,455,ft^2,1.63,ft/s,,ft,Unspecified,Unspecified,Unspecified,Unspecified,Unspecified,Unknown,Unspecified,2026-07-10T14:00:41.078093+00:00,adcp,Unspecified
05515500,POINT (-86.7061666666667 41.3896388888889),e28b1b05-3737-4ea6-aada-730e11051fc6,USGS-05515500,51c8b963-a1c1-a5f2-e053-0100007f2fe1,748,2017-06-07T18:40:08+00:00,Main,617,ft^3/s,72.1,ft,412,ft^2,1.50,ft/s,0.00,ft,Firm,CobblesBoulders,Even,Even,Standard,Unknown,BridgeDownstreamSide,2026-07-10T14:00:41.078093+00:00,adcp,AtTheGage
05515500,POINT (-86.7061666666667 41.3896388888889),e2baaa20-5d87-4661-a72c-6bb76d97a965,USGS-05515500,450d8d72-cf11-cda1-e053-0100007f20fe,684,2009-08-27T13:27:00+00:00,Imported Channel 1,450,ft^3/s,70.7,ft,348,ft^2,1.29,ft/s,7500.00,ft,Firm,Gravel,Uneven,Even,Unspecified,Unknown,MannedMovingBoat,2026-07-10T14:00:41.078093+00:00,adcp,Downstream
05515500,POINT (-86.7061666666667 41.3896388888889),e3ed1506-33ff-4ea0-b573-44a084c82017,USGS-05515500,450d88b7-eb21-cc1a-e053-0100007f56ed,745,2016-11-02T18:29:04+00:00,Main,633,ft^3/s,70.8,ft,423,ft^2,1.49,ft/s,,ft,Soft,Sand,Even,Unspecified,Standard,Unknown,BridgeDownstreamSide,2026-07-10T14:00:41.078093+00:00,adcp,AtTheGage
05515500,POINT (-86.7061666666667 41.3896388888889),e4a870a3-8321-4d70-a09b-d3dc0864ab61,USGS-05515500,450d7916-9308-c71f-e053-0100007fd66c,521,1984-07-12T05:00:00+00:00,Imported Channel 1,553,ft^3/s,78.0,ft,294,ft^2,1.88,ft/s,,,Unspecified,Unspecified,Unspecified,Unspecified,Unspecified,Unknown,BridgeCrane,2026-07-10T14:00:41.078093+00:00,point_velocity,Unspecified
05515500,POINT (-86.7061666666667 41.3896388888889),e55c1a27-a373-433c-9651-01950513ff0a,USGS-05515500,450d8b9c-6f08-ccef-e053-0100007f7e6e,690,2010-05-14T12:04:00+00:00,Imported Channel 1,991,ft^3/s,73.6,ft,476,ft^2,2.08,ft/s,5280.00,ft,Firm,Sand,Even,Even,Unspecified,Unknown,BridgeDownstreamSide,2026-07-10T14:00:41.078093+00:00,adcp,Downstream
05515500,POINT (-86.7061666666667 41.3896388888889),e64d4dfc-8b20-4924-9af0-743674ab73d5,USGS-05515500,450d59de-286a-bcdc-e053-0100007f93f3,601,1995-03-17T15:42:00+00:00,Imported Channel 1,693,ft^3/s,79.0,ft,450,ft^2,1.54,ft/s,,,Unspecified,Unspecified,Unspecified,Unspecified,Unspecified,Unknown,BridgeCrane,2026-07-10T14:00:41.078093+00:00,point_velocity,Unspecified
05515500,POINT (-86.7061666666667 41.3896388888889),e7c59e8e-7858-4278-96a4-6ce00de1a010,USGS-05515500,450d968a-f614-d088-e053-0100007f487d,744,2016-09-14T15:04:46+00:00,main,1060,ft^3/s,85.6,ft,702,ft^2,1.51,ft/s,,ft,Unspecified,Unspecified,Unspecified,Uneven,Unspecified,Unknown,BridgeDownstreamSide,2026-07-10T14:00:41.078093+00:00,adcp,AtTheGage
05515500,POINT (-86.7061666666667 41.3896388888889),e7e977a8-f663-47ed-a3c0-231f06294ec5,USGS-05515500,450d8d4d-c04e-cd9f-e053-0100007faf42,741,2016-08-17T15:53:01+00:00,main,1790,ft^3/s,79.7,ft,771,ft^2,2.32,ft/s,,ft,Soft,SiltMud,Even,Even,Standard,Unknown,BridgeDownstreamSide,2026-07-10T14:00:41.078093+00:00,adcp,AtTheGage
05515500,POINT (-86.7061666666667 41.3896388888889),e8132f54-6910-4d0d-996c-43f5b30efce5,USGS-05515500,fec4c925-12c2-41a1-b694-09f92c66ddfb,812,2026-03-30T18:36:35+00:00,main,738,ft^3/s,65.8,ft,417,ft^2,1.77,ft/s,0.00,ft,Unspecified,Unspecified,Unspecified,Even,Unspecified,Unspecified,BridgeDownstreamSide,2026-07-10T14:00:41.078093+00:00,adcp,AtTheGage
05515500,POINT (-86.7061666666667 41.3896388888889),e86013e1-acc2-4a8d-bf70-835dd9518796,USGS-05515500,b43c0d44-d976-47df-9e5f-0be457e77cb6,808,2025-06-17T17:41:01+00:00,Main,371,ft^3/s,62.3,ft,287,ft^2,1.29,ft/s,0.00,ft,Unspecified,Unspecified,Unspecified,Even,Unspecified,Unspecified,BridgeDownstreamSide,2026-07-10T14:00:41.078093+00:00,adcp,AtTheGage
05515500,POINT (-86.7061666666667 41.3896388888889),e8ff9309-2dbd-4ce6-85d4-b93b83ec5396,USGS-05515500,450d7852-cf4a-c6be-e053-0100007f4e14,590,1993-07-21T15:50:00+00:00,Imported Channel 1,577,ft^3/s,76.5,ft,351,ft^2,1.64,ft/s,,,Unspecified,Unspecified,Unspecified,Unspecified,Unspecified,Unknown,BridgeCrane,2026-07-10T14:00:41.078093+00:00,point_velocity,Unspecified
05515500,POINT (-86.7061666666667 41.3896388888889),e92c1854-870d-46e3-bcf1-f141b4c7932c,USGS-05515500,450d59de-2850-bcdc-e053-0100007f93f3,552,1988-07-20T11:50:00+00:00,Imported Channel 1,248,ft^3/s,,,,,,,,ft,Unspecified,Unspecified,Unspecified,Unspecified,Unspecified,Unknown,Unspecified,2026-07-10T14:00:41.078093+00:00,other_method,Unspecified
05515500,POINT (-86.7061666666667 41.3896388888889),e995986d-e311-4410-b82d-cf70ea5aa401,USGS-05515500,450d9674-8112-d0a0-e053-0100007f58c1,740,2016-07-13T20:24:10+00:00,MAIN,364,ft^3/s,68.7,ft,353,ft^2,1.03,ft/s,,ft,Soft,SiltMud,Even,Even,Standard,Unknown,BridgeDownstreamSide,2026-07-10T14:00:41.078093+00:00,adcp,AtTheGage
05515500,POINT (-86.7061666666667 41.3896388888889),e9cd6b2f-a93a-4ff8-991a-98bbf29fbf00,USGS-05515500,450d88a2-cc93-cc16-e053-0100007f2d33,625,1999-10-04T23:05:00+00:00,Imported Channel 1,317,ft^3/s,,,,,0.00,ft/s,,,Unspecified,Unspecified,Unspecified,Unspecified,Unspecified,Unknown,Boat,2026-07-10T14:00:41.078093+00:00,point_velocity,Unspecified
05515500,POINT (-86.7061666666667 41.3896388888889),ea632a59-a48c-4fec-b1d8-ec7b3b989eae,USGS-05515500,450d83d9-87ec-ca99-e053-0100007fbb0c,629,2000-04-10T21:11:00+00:00,Imported Channel 1,440,ft^3/s,,,,,0.00,ft/s,,,Unspecified,Unspecified,Unspecified,Unspecified,Unspecified,Unknown,Boat,2026-07-10T14:00:41.078093+00:00,point_velocity,Unspecified
05515500,POINT (-86.7061666666667 41.3896388888889),eaeb46bc-5bc4-4e08-bc85-275c375bb152,USGS-05515500,450d7835-fcf0-c6bc-e053-0100007f9bde,617,1997-12-01T22:03:00+00:00,Imported Channel 1,568,ft^3/s,,,,,0.00,ft/s,,,Unspecified,Unspecified,Unspecified,Unspecified,Unspecified,Unknown,Boat,2026-07-10T14:00:41.078093+00:00,point_velocity,Unspecified
05515500,POINT (-86.7061666666667 41.3896388888889),eafc6f8a-4010-4915-ae05-aadf66cfcd16,USGS-05515500,63d114d6-3182-41d9-9cd0-dda254b4c290,801,2024-09-10T19:33:01+00:00,Main,250,ft^3/s,60.1,ft,222,ft^2,1.12,ft/s,0.00,ft,Unspecified,Unspecified,Unspecified,Even,Unspecified,Unspecified,BridgeDownstreamSide,2026-07-10T14:00:41.078093+00:00,adcp,AtTheGage
05515500,POINT (-86.7061666666667 41.3896388888889),eb782bc0-cf9a-44e7-bc7b-7bddbf11b291,USGS-05515500,23035411-8714-42a2-9591-67b99c2f8081,791,2023-04-04T00:14:25+00:00,main,1360,ft^3/s,76.2,ft,614,ft^2,2.21,ft/s,50.00,ft,Unspecified,Unspecified,Unspecified,Even,Standard,Steady,BridgeUpstreamSide,2026-07-10T14:00:41.078093+00:00,adcp,Upstream
05515500,POINT (-86.7061666666667 41.3896388888889),ebc0637d-fc62-4032-ae56-a3296b92c05b,USGS-05515500,450d7fed-7a5f-c98c-e053-0100007fbf34,613,1997-04-10T17:53:00+00:00,Imported Channel 1,699,ft^3/s,79.0,ft,459,ft^2,1.52,ft/s,,,Unspecified,Unspecified,Unspecified,Unspecified,Unspecified,Unknown,BridgeCrane,2026-07-10T14:00:41.078093+00:00,point_velocity,Unspecified
05515500,POINT (-86.7061666666667 41.3896388888889),edfdc1df-dab9-475d-8c21-fe6918df31dc,USGS-05515500,4ac48630-72fe-3dad-e053-0100007fc397,747,2017-03-08T18:55:55+00:00,Main,846,ft^3/s,72.3,ft,490,ft^2,1.72,ft/s,0.00,ft,Unspecified,Cobbles,Uneven,Even,NonStandard,Unknown,BridgeDownstreamSide,2026-07-10T14:00:41.078093+00:00,adcp,AtTheGage
05515500,POINT (-86.7061666666667 41.3896388888889),ef251ab6-b41f-44e1-86b1-0d4dd7e157a3,USGS-05515500,450d667e-bf28-c107-e053-0100007f34f3,511,1982-03-19T05:00:00+00:00,Imported Channel 1,1850,ft^3/s,,,,,,,,ft,Unspecified,Unspecified,Unspecified,Unspecified,Unspecified,Unknown,Unspecified,2026-07-10T14:00:41.078093+00:00,other_method,Unspecified
05515500,POINT (-86.7061666666667 41.3896388888889),ef4cb690-8a30-446a-abed-a6f24ebf3400,USGS-05515500,450d755f-2202-c5dc-e053-0100007f0625,506,1982-03-16T05:00:00+00:00,Imported Channel 1,1770,ft^3/s,,,,,,,,ft,Unspecified,Unspecified,Unspecified,Unspecified,Unspecified,Unknown,Unspecified,2026-07-10T14:00:41.078093+00:00,other_method,Unspecified
05515500,POINT (-86.7061666666667 41.3896388888889),effb0724-7879-4c10-bcc8-c280b7a8b2a9,USGS-05515500,a46a22ba-062e-4811-90ec-eaa7bd531369,770,2020-05-11T21:53:49+00:00,main,748,ft^3/s,70.0,ft,434,ft^2,1.72,ft/s,0.00,ft,Unspecified,Unspecified,Unspecified,Even,Standard,Steady,BridgeDownstreamSide,2026-07-10T14:00:41.078093+00:00,adcp,AtTheGage
05515500,POINT (-86.7061666666667 41.3896388888889),f072cbf1-44b8-4fa4-8cb4-c210c4911de3,USGS-05515500,575751e8-3022-5f87-e053-0100007f0b0b,750,2017-08-16T17:50:46+00:00,Main,372,ft^3/s,61.6,ft,307,ft^2,1.21,ft/s,0.00,ft,Firm,CobblesBoulders,Uneven,Even,Standard,Unknown,BridgeDownstreamSide,2026-07-10T14:00:41.078093+00:00,adcp,AtTheGage
05515500,POINT (-86.7061666666667 41.3896388888889),f0c11f65-69fb-466c-a9d2-22561c295331,USGS-05515500,450d8b9c-6efe-ccef-e053-0100007f7e6e,701,2011-10-19T13:00:33+00:00,main,361,ft^3/s,68.4,ft,306,ft^2,1.18,ft/s,5280.00,ft,Soft,Sand,Uneven,Uneven,Standard,Unknown,BridgeDownstreamSide,2026-07-10T14:00:41.078093+00:00,adcp,Downstream
05515500,POINT (-86.7061666666667 41.3896388888889),f1074f03-6b73-4ae9-850b-a84dd67ab51c,USGS-05515500,450d690e-5ce9-c1d8-e053-0100007fb8e7,512,1982-03-23T05:00:00+00:00,Imported Channel 1,1650,ft^3/s,,,,,,,,ft,Unspecified,Unspecified,Unspecified,Unspecified,Unspecified,Unknown,Unspecified,2026-07-10T14:00:41.078093+00:00,other_method,Unspecified
05515500,POINT (-86.7061666666667 41.3896388888889),f122ce17-ad87-4a01-b1ad-835a17112046,USGS-05515500,23035411-8714-42a2-9591-67b99c2f8081,790,2023-04-03T23:54:58+00:00,main,1380,ft^3/s,72.4,ft,573,ft^2,2.41,ft/s,0.00,ft,Unspecified,Unspecified,Unspecified,Even,Standard,Steady,BridgeDownstreamSide,2026-07-10T14:00:41.078093+00:00,adcp,AtTheGage
05515500,POINT (-86.7061666666667 41.3896388888889),f134e86a-2717-4b48-8310-a6ca0d799b47,USGS-05515500,450d706d-6314-c46b-e053-0100007f424a,568,1990-08-09T15:50:00+00:00,Imported Channel 1,495,ft^3/s,76.0,ft,362,ft^2,1.37,ft/s,,,Unspecified,Unspecified,Unspecified,Unspecified,Unspecified,Unknown,BridgeCrane,2026-07-10T14:00:41.078093+00:00,point_velocity,Unspecified
05515500,POINT (-86.7061666666667 41.3896388888889),f1e2501e-081b-4bc5-8886-a319512bb5df,USGS-05515500,450d59de-289d-bcdc-e053-0100007f93f3,711,2013-05-09T17:06:31+00:00,MAIN,610,ft^3/s,74.4,ft,260,ft^2,2.35,ft/s,,ft,Firm,Gravel,Even,Even,Standard,Unknown,Cableway,2026-07-10T14:00:41.078093+00:00,adcp,AtTheGage
05515500,POINT (-86.7061666666667 41.3896388888889),f200d848-3e41-4712-b6d3-87e91082cdd7,USGS-05515500,6879dc43-75b1-2718-e053-0100007f103c,755,2018-03-21T17:52:10+00:00,Main,1230,ft^3/s,78.7,ft,666,ft^2,1.85,ft/s,0.00,ft,Unspecified,Unspecified,Unspecified,Even,Standard,Steady,BridgeDownstreamSide,2026-07-10T14:00:41.078093+00:00,adcp,AtTheGage
05515500,POINT (-86.7061666666667 41.3896388888889),f2a0ea82-6749-4f45-9a45-819e8e503bb9,USGS-05515500,450d891e-bb20-cc14-e053-0100007f1158,665,2006-06-20T18:31:00+00:00,Imported Channel 1,325,ft^3/s,67.1,ft,173,ft^2,1.87,ft/s,,ft,Unspecified,Unspecified,Unspecified,Unspecified,Unspecified,Unknown,Unspecified,2026-07-10T14:00:41.078093+00:00,adcp,Unspecified
05515500,POINT (-86.7061666666667 41.3896388888889),f2f6e337-99df-47ea-9bb1-da6d8d1cadf3,USGS-05515500,3f263b1f-7053-4fc6-b9db-7455dc22c09a,792,2023-05-31T00:01:28+00:00,main,410,ft^3/s,66.8,ft,290,ft^2,1.42,ft/s,0.00,ft,Unspecified,Unspecified,Unspecified,Even,Standard,Steady,BridgeDownstreamSide,2026-07-10T14:00:41.078093+00:00,adcp,AtTheGage
05515500,POINT (-86.7061666666667 41.3896388888889),f378395b-0103-4581-aa03-b88a88bfe935,USGS-05515500,450d755f-2228-c5dc-e053-0100007f0625,725,2014-06-24T20:46:00+00:00,05515500,1170,ft^3/s,81.9,ft,596,ft^2,1.97,ft/s,10.00,ft,Firm,Gravel,Uneven,Even,Standard,Unknown,BridgeDownstreamSide,2026-07-10T14:00:41.078093+00:00,adcp,Downstream
05515500,POINT (-86.7061666666667 41.3896388888889),f415308c-f808-4994-bafc-1aff006d915f,USGS-05515500,450d891e-bb15-cc14-e053-0100007f1158,639,2002-04-15T20:21:00+00:00,Imported Channel 1,780,ft^3/s,81.8,ft,353,ft^2,2.21,ft/s,,,Unspecified,Unspecified,Unspecified,Unspecified,Unspecified,Unknown,Boat,2026-07-10T14:00:41.078093+00:00,point_velocity,Unspecified
05515500,POINT (-86.7061666666667 41.3896388888889),f788b7cc-1352-4b13-8842-8045d49467d1,USGS-05515500,baac7dff-65b3-4e1e-a770-5a4ceed555e7,793,2023-08-01T16:05:25+00:00,Main,486,ft^3/s,65.6,ft,299,ft^2,1.63,ft/s,0.00,ft,Unspecified,Unspecified,Unspecified,Even,Unspecified,Unspecified,BridgeDownstreamSide,2026-07-10T14:00:41.078093+00:00,adcp,AtTheGage
05515500,POINT (-86.7061666666667 41.3896388888889),f87d49b3-bb8a-4d6b-9737-4bb887d04eee,USGS-05515500,86c3b6b6-9b51-7518-e053-0100007fe1c3,763,2019-04-17T15:59:17+00:00,Main,923,ft^3/s,79.3,ft,558,ft^2,1.66,ft/s,0.00,ft,Unspecified,Unspecified,Unspecified,Even,Standard,Steady,BridgeDownstreamSide,2026-07-10T14:00:41.078093+00:00,adcp,AtTheGage
05515500,POINT (-86.7061666666667 41.3896388888889),f9153406-19f4-4528-8cb1-5dc451c0c363,USGS-05515500,450d59de-2841-bcdc-e053-0100007f93f3,206,1954-11-05T05:00:00+00:00,Imported Channel 1,1130,ft^3/s,,,,,,,,ft,Unspecified,Unspecified,Unspecified,Unspecified,Unspecified,Unknown,Unspecified,2026-07-10T14:00:41.078093+00:00,other_method,Unspecified
05515500,POINT (-86.7061666666667 41.3896388888889),f92dfbee-802d-40c0-8509-26f9a4e50349,USGS-05515500,450d668f-d3eb-c109-e053-0100007f628b,465,1977-10-27T05:00:00+00:00,Imported Channel 1,419,ft^3/s,,,,,,,,ft,Unspecified,Unspecified,Unspecified,Unspecified,Unspecified,Unknown,Unspecified,2026-07-10T14:00:41.078093+00:00,other_method,Unspecified
05515500,POINT (-86.7061666666667 41.3896388888889),fac7a37b-79d9-4c6d-b719-17af583eb1e2,USGS-05515500,450d70c4-ddf0-c467-e053-0100007f5ccb,489,1980-08-08T05:00:00+00:00,Imported Channel 1,233,ft^3/s,,,,,,,,ft,Unspecified,Unspecified,Unspecified,Unspecified,Unspecified,Unknown,Unspecified,2026-07-10T14:00:41.078093+00:00,other_method,Unspecified
05515500,POINT (-86.7061666666667 41.3896388888889),fad37316-31af-493d-926a-52603cbb3715,USGS-05515500,450d8009-a355-c98e-e053-0100007fd3a6,587,1993-02-02T15:00:00+00:00,Imported Channel 1,871,ft^3/s,93.0,ft,428,ft^2,2.03,ft/s,,,Unspecified,Unspecified,Unspecified,Unspecified,Unspecified,Unknown,BridgeCrane,2026-07-10T14:00:41.078093+00:00,point_velocity,Unspecified
05515500,POINT (-86.7061666666667 41.3896388888889),fb408e8c-cce6-47c2-bd3a-93f5a1677a16,USGS-05515500,450d75c5-5a91-c5da-e053-0100007f9ec1,514,1982-09-16T05:00:00+00:00,Imported Channel 1,364,ft^3/s,,,,,,,,ft,Unspecified,Unspecified,Unspecified,Unspecified,Unspecified,Unknown,Unspecified,2026-07-10T14:00:41.078093+00:00,other_method,Unspecified
05515500,POINT (-86.7061666666667 41.3896388888889),fd79a81f-99dc-48a0-8ce0-0267d5f7979f,USGS-05515500,450d7807-1a1e-c6c0-e053-0100007ff875,644,2003-02-18T18:00:00+00:00,Imported Channel 1,278,ft^3/s,62.0,ft,190,ft^2,1.46,ft/s,,,Unspecified,Unspecified,Unspecified,Unspecified,Unspecified,Unknown,Boat,2026-07-10T14:00:41.078093+00:00,point_velocity,Unspecified
05515500,POINT (-86.7061666666667 41.3896388888889),fd82e39a-c137-46c8-8afc-cff26f16373e,USGS-05515500,450d83e2-8ded-ca97-e053-0100007ff8bd,694,2010-10-08T16:02:00+00:00,Imported Channel 1,294,ft^3/s,61.7,ft,271,ft^2,1.09,ft/s,5280.00,ft,Firm,Sand,Even,Even,Unspecified,Unknown,BridgeDownstreamSide,2026-07-10T14:00:41.078093+00:00,adcp,Downstream
05515500,POINT (-86.7061666666667 41.3896388888889),fe37e40d-b9b9-4b94-8b79-1ef36cd11115,USGS-05515500,450d7807-1a05-c6c0-e053-0100007ff875,555,1988-12-02T16:25:00+00:00,Imported Channel 1,628,ft^3/s,14.8,ft,354,ft^2,1.77,ft/s,,,Unspecified,Unspecified,Unspecified,Unspecified,Unspecified,Unknown,BridgeCrane,2026-07-10T14:00:41.078093+00:00,point_velocity,Unspecified
05515500,POINT (-86.7061666666667 41.3896388888889),ffac6241-2e5e-4788-a570-3f3298de28af,USGS-05515500,450d74c6-c00c-c5b8-e053-0100007fca04,608,1996-04-09T12:48:00+00:00,Imported Channel 1,339,ft^3/s,,,,,0.00,ft/s,,,Unspecified,Unspecified,Unspecified,Unspecified,Unspecified,Unknown,Boat,2026-07-10T14:00:41.078093+00:00,point_velocity,Unspecified
05515500,POINT (-86.7061666666667 41.3896388888889),ffbf855c-dde1-4c8d-8d6e-6be591c1767f,USGS-05515500,66b03a75-5125-e8ed-e053-0100007fb51a,754,2018-02-23T14:35:30+00:00,05515500,1880,ft^3/s,96.7,ft,936,ft^2,2.00,ft/s,0.00,ft,Firm,Gravel,Even,Unspecified,Standard,Steady,BridgeDownstreamSide,2026-07-10T14:00:41.078093+00:00,adcp,AtTheGage
05515500,POINT (-86.7061666666667 41.3896388888889),ffc0ce09-6c34-4fcf-b110-b279e6b7057f,USGS-05515500,450d7b90-ca0c-c806-e053-0100007f4264,553,1988-07-27T13:45:00+00:00,Imported Channel 1,202,ft^3/s,,,,,,,,ft,Unspecified,Unspecified,Unspecified,Unspecified,Unspecified,Unknown,Unspecified,2026-07-10T14:00:41.078093+00:00,other_method,Unspecified
05515500,POINT (-86.7061666666667 41.3896388888889),fff54c9d-cadf-4789-bc73-13cd9adfc7cc,USGS-05515500,9adf0ce8-6675-4f0a-b4b7-cbd0b959e74c,780,2022-01-04T21:47:45+00:00,main,557,ft^3/s,63.1,ft,381,ft^2,1.46,ft/s,0.00,ft,Unspecified,Unspecified,Unspecified,Even,Standard,Steady,BridgeDownstreamSide,2026-07-10T14:00:41.078093+00:00,adcp,AtTheGage
