site_id,geometry,id,monitoring_location_id,field_visit_id,measurement_number,time,channel_name,channel_flow,channel_flow_unit,channel_width,channel_width_unit,channel_area,channel_area_unit,channel_velocity,channel_velocity_unit,channel_location_distance,channel_location_distance_unit,channel_stability,channel_material,channel_evenness,horizontal_velocity_description,vertical_velocity_description,longitudinal_velocity_description,measurement_type,last_modified,channel_measurement_type,channel_location_direction
05525500,POINT (-87.7235277777778 40.6299166666667),0041ea64-40fe-4905-8332-f25ffe236abb,USGS-05525500,4e83dc3b-6b92-de95-e053-0100007fc591,369,1979-11-01T06:00:00+00:00,Imported Channel 1,25.8,ft^3/s,,,,,,,,ft,Unspecified,Unspecified,Unspecified,Unspecified,Unspecified,Unknown,Unspecified,2026-07-07T23:50:22.559647+00:00,other_method,Unspecified
05525500,POINT (-87.7235277777778 40.6299166666667),007ce880-8898-4a2a-98ba-06fe232dfd87,USGS-05525500,4e840d7b-c520-f94a-e053-0100007f4c95,659,2016-11-15T18:55:58+00:00,main,49.3,ft^3/s,40.2,ft,61.7,ft^2,0.80,ft/s,1000.00,ft,Unspecified,Unspecified,Unspecified,Unspecified,Unspecified,Unknown,Wading,2026-07-07T23:50:22.559647+00:00,point_velocity,Downstream
05525500,POINT (-87.7235277777778 40.6299166666667),0087f699-bce7-4c51-b4d3-8e8f77ebb800,USGS-05525500,4e83d1ff-b521-d98b-e053-0100007f9eac,281,1971-08-12T06:00:00+00:00,Imported Channel 1,25.6,ft^3/s,,,,,,,,ft,Unspecified,Unspecified,Unspecified,Unspecified,Unspecified,Unknown,Unspecified,2026-07-07T23:50:22.559647+00:00,other_method,Unspecified
05525500,POINT (-87.7235277777778 40.6299166666667),0134a136-e3c1-4255-a8d4-1812163bb80f,USGS-05525500,4e83e6dc-89cf-e479-e053-0100007fed0a,335,1976-08-10T06:00:00+00:00,Imported Channel 1,19.0,ft^3/s,,,,,,,,ft,Unspecified,Unspecified,Unspecified,Unspecified,Unspecified,Unknown,Unspecified,2026-07-07T23:50:22.559647+00:00,other_method,Unspecified
05525500,POINT (-87.7235277777778 40.6299166666667),0463ecb5-1c3d-4d58-88f9-cfbf381a585c,USGS-05525500,4e83f903-7599-ee8b-e053-0100007fe9dd,447,1988-01-22T16:00:00+00:00,Imported Channel 1,641,ft^3/s,113,ft,461,ft^2,1.39,ft/s,,,Unspecified,Unspecified,Unspecified,Unspecified,Unspecified,Unknown,BridgeCrane,2026-07-07T23:50:22.559647+00:00,point_velocity,Unspecified
05525500,POINT (-87.7235277777778 40.6299166666667),048c0901-b1d5-4b32-8c62-8a37afe34271,USGS-05525500,4e83f50d-6c4f-ebb8-e053-0100007f1a1b,585,2004-12-02T16:25:00+00:00,Imported Channel 1,3280,ft^3/s,180,ft,2110,ft^2,1.56,ft/s,,,Unspecified,Unspecified,Unspecified,Unspecified,Unspecified,Unknown,BridgeCrane,2026-07-07T23:50:22.559647+00:00,point_velocity,Unspecified
05525500,POINT (-87.7235277777778 40.6299166666667),04bce1dc-443c-4869-bd44-7f0c0ebc57e6,USGS-05525500,4e83ea9f-ca7f-e66f-e053-0100007fff1e,466,1989-11-01T06:00:00+00:00,Imported Channel 1,37.0,ft^3/s,,,,,0.00,ft/s,,,Unspecified,Unspecified,Unspecified,Unspecified,Unspecified,Unknown,Wading,2026-07-07T23:50:22.559647+00:00,point_velocity,Unspecified
05525500,POINT (-87.7235277777778 40.6299166666667),0526278a-83f4-4c0c-86e2-c3b42d3e4b54,USGS-05525500,4e83fb48-753a-ef74-e053-0100007f3c58,550,2000-12-07T17:55:00+00:00,Imported Channel 1,52.0,ft^3/s,34.5,ft,27.7,ft^2,1.88,ft/s,,,Unspecified,Unspecified,Unspecified,Unspecified,Unspecified,Unknown,Wading,2026-07-07T23:50:22.559647+00:00,point_velocity,Unspecified
05525500,POINT (-87.7235277777778 40.6299166666667),058c99e9-dac9-40e4-a0da-4801ff9380d0,USGS-05525500,a390bcd1-0529-4d5a-bac0-b33b9e58671f,716,2024-10-23T21:16:31+00:00,Sugar Milford,8.75,ft^3/s,45.0,ft,37.0,ft^2,0.24,ft/s,50.00,ft,Soft,Sand,Uneven,Even,NonStandard,Steady,Wading,2026-07-07T23:50:22.559647+00:00,point_velocity,Downstream
05525500,POINT (-87.7235277777778 40.6299166666667),0623c93c-91b3-47af-894d-827f3ad0a31d,USGS-05525500,4e8402a7-1fc2-f3c3-e053-0100007ff5ca,599,2007-03-24T17:39:00+00:00,Imported Channel 1,8260,ft^3/s,199,ft,3080,ft^2,2.62,ft/s,,ft,Unspecified,Unspecified,Unspecified,Unspecified,Unspecified,Unknown,Unspecified,2026-07-07T23:50:22.559647+00:00,adcp,Unspecified
05525500,POINT (-87.7235277777778 40.6299166666667),07e4aefc-bd11-43ad-80b1-ba059056a896,USGS-05525500,4e83f992-3423-eec3-e053-0100007f7cc3,437,1986-10-21T06:00:00+00:00,Imported Channel 1,11.7,ft^3/s,21.0,ft,30.2,ft^2,0.39,ft/s,,,Unspecified,Unspecified,Unspecified,Unspecified,Unspecified,Unknown,Wading,2026-07-07T23:50:22.559647+00:00,point_velocity,Unspecified
05525500,POINT (-87.7235277777778 40.6299166666667),086afcb0-469a-4407-90a7-970d13f559d4,USGS-05525500,4e83f471-3b69-ec1a-e053-0100007fb7bd,415,1984-03-22T06:00:00+00:00,Imported Channel 1,3340,ft^3/s,,,,,,,,ft,Unspecified,Unspecified,Unspecified,Unspecified,Unspecified,Unknown,Unspecified,2026-07-07T23:50:22.559647+00:00,other_method,Unspecified
05525500,POINT (-87.7235277777778 40.6299166666667),089a51d4-c2d0-4af6-8b23-f90069536ee2,USGS-05525500,4e83fbc4-237b-efd4-e053-0100007fa0a3,524,1997-06-17T22:15:00+00:00,Imported Channel 1,863,ft^3/s,144,ft,1040,ft^2,0.83,ft/s,,,Unspecified,Unspecified,Unspecified,Unspecified,Unspecified,Unknown,BridgeCrane,2026-07-07T23:50:22.559647+00:00,point_velocity,Unspecified
05525500,POINT (-87.7235277777778 40.6299166666667),096e2d93-6489-44d8-89b1-3fa650ce9ff0,USGS-05525500,4e83ea83-f56c-e6c3-e053-0100007f4de1,546,2000-04-27T18:45:00+00:00,Imported Channel 1,152,ft^3/s,40.0,ft,64.4,ft^2,2.36,ft/s,,,Unspecified,Unspecified,Unspecified,Unspecified,Unspecified,Unknown,Wading,2026-07-07T23:50:22.559647+00:00,point_velocity,Unspecified
05525500,POINT (-87.7235277777778 40.6299166666667),09711f0b-1c3d-47c1-9fb9-b991c4e3c6e4,USGS-05525500,4e83f0c2-8f3f-ea10-e053-0100007fd09f,277,1971-04-16T06:00:00+00:00,Imported Channel 1,153,ft^3/s,,,,,,,,ft,Unspecified,Unspecified,Unspecified,Unspecified,Unspecified,Unknown,Unspecified,2026-07-07T23:50:22.559647+00:00,other_method,Unspecified
05525500,POINT (-87.7235277777778 40.6299166666667),0c53244f-9db2-4d9b-b100-91095132909c,USGS-05525500,4e8407ad-4afb-f600-e053-0100007f245b,649,2015-01-14T16:14:30+00:00,maind,160,ft^3/s,98.0,ft,369,ft^2,0.44,ft/s,100.00,ft,Unspecified,Unspecified,Unspecified,Unspecified,Unspecified,Unknown,Ice,2026-07-07T23:50:22.559647+00:00,point_velocity,Downstream
05525500,POINT (-87.7235277777778 40.6299166666667),0cf17377-81f3-4282-8e81-48e982a52601,USGS-05525500,4e83ea11-33a7-e671-e053-0100007fbf9e,558,2002-02-01T19:09:00+00:00,Imported Channel 1,6340,ft^3/s,188,ft,2520,ft^2,2.52,ft/s,,,Unspecified,Unspecified,Unspecified,Unspecified,Unspecified,Unknown,BridgeCrane,2026-07-07T23:50:22.559647+00:00,point_velocity,Unspecified
05525500,POINT (-87.7235277777778 40.6299166666667),0cf98794-74be-4d2b-936f-becef88fa0b4,USGS-05525500,4e83f0f3-f532-ea73-e053-0100007fbf12,340,1977-03-07T06:00:00+00:00,Imported Channel 1,105,ft^3/s,,,,,,,,ft,Unspecified,Unspecified,Unspecified,Unspecified,Unspecified,Unknown,Unspecified,2026-07-07T23:50:22.559647+00:00,other_method,Unspecified
05525500,POINT (-87.7235277777778 40.6299166666667),0d13848d-8011-4ccf-bf64-c09c5932fec2,USGS-05525500,4e83f21c-6366-eaab-e053-0100007ff069,485,1992-03-17T15:00:00+00:00,Imported Channel 1,311,ft^3/s,98.0,ft,338,ft^2,0.92,ft/s,,,Unspecified,Unspecified,Unspecified,Unspecified,Unspecified,Unknown,BridgeCrane,2026-07-07T23:50:22.559647+00:00,point_velocity,Unspecified
05525500,POINT (-87.7235277777778 40.6299166666667),0d343e62-47c9-4965-88f3-ecf79673b5f2,USGS-05525500,4e83f971-457a-eec5-e053-0100007fe9bc,573,2003-12-11T16:59:00+00:00,Imported Channel 1,780,ft^3/s,148,ft,925,ft^2,0.84,ft/s,,,Unspecified,Unspecified,Unspecified,Unspecified,Unspecified,Unknown,BridgeCrane,2026-07-07T23:50:22.559647+00:00,point_velocity,Unspecified
05525500,POINT (-87.7235277777778 40.6299166666667),0d354ce4-72d2-47cf-b1d0-9e061b5159fa,USGS-05525500,4e83fe27-81a7-f120-e053-0100007f828a,503,1994-05-25T20:20:00+00:00,Imported Channel 1,172,ft^3/s,90.0,ft,429,ft^2,0.40,ft/s,,,Unspecified,Unspecified,Unspecified,Unspecified,Unspecified,Unknown,BridgeCrane,2026-07-07T23:50:22.559647+00:00,point_velocity,Unspecified
05525500,POINT (-87.7235277777778 40.6299166666667),0d400dd0-9374-4589-9a8b-a5ee3e81a733,USGS-05525500,4e83d94b-c32e-dcf4-e053-0100007f1e37,314,1974-08-14T06:00:00+00:00,Imported Channel 1,605,ft^3/s,,,,,,,,ft,Unspecified,Unspecified,Unspecified,Unspecified,Unspecified,Unknown,Unspecified,2026-07-07T23:50:22.559647+00:00,other_method,Unspecified
05525500,POINT (-87.7235277777778 40.6299166666667),0dc10a97-4e2f-409a-931d-432e50591b9f,USGS-05525500,4e83def8-4903-e08a-e053-0100007ff1b5,317,1974-11-08T06:00:00+00:00,Imported Channel 1,785,ft^3/s,,,,,,,,ft,Unspecified,Unspecified,Unspecified,Unspecified,Unspecified,Unknown,Unspecified,2026-07-07T23:50:22.559647+00:00,other_method,Unspecified
05525500,POINT (-87.7235277777778 40.6299166666667),0df5ef94-93ad-4c6a-a05c-806524f73754,USGS-05525500,4e83d470-ec8b-daff-e053-0100007f386c,264,1970-03-06T06:00:00+00:00,Imported Channel 1,318,ft^3/s,,,,,,,,ft,Unspecified,Unspecified,Unspecified,Unspecified,Unspecified,Unknown,Unspecified,2026-07-07T23:50:22.559647+00:00,other_method,Unspecified
05525500,POINT (-87.7235277777778 40.6299166666667),10dd8271-885e-488f-bec7-6272f51469bb,USGS-05525500,4e83f6c3-1acb-ec60-e053-0100007f6e86,589,2005-09-27T16:15:00+00:00,Imported Channel 1,408,ft^3/s,118,ft,673,ft^2,0.61,ft/s,,ft,Unspecified,Unspecified,Unspecified,Unspecified,Unspecified,Unknown,Unspecified,2026-07-07T23:50:22.559647+00:00,adcp,Unspecified
05525500,POINT (-87.7235277777778 40.6299166666667),113cf252-ec13-48d9-953d-46e891bf8c32,USGS-05525500,4e83ea33-6c4d-e60b-e053-0100007f0b20,58,1953-07-06T06:00:00+00:00,Imported Channel 1,8740,ft^3/s,,,,,,,,ft,Unspecified,Unspecified,Unspecified,Unspecified,Unspecified,Unknown,Unspecified,2026-07-07T23:50:22.559647+00:00,other_method,Unspecified
05525500,POINT (-87.7235277777778 40.6299166666667),137e8be5-3ed3-488f-a8f4-ab1201cf3e7e,USGS-05525500,4e840313-de85-f3a1-e053-0100007fe4f4,577,2004-04-14T18:01:00+00:00,Imported Channel 1,186,ft^3/s,48.0,ft,95.5,ft^2,1.95,ft/s,,,Unspecified,Unspecified,Unspecified,Unspecified,Unspecified,Unknown,Wading,2026-07-07T23:50:22.559647+00:00,point_velocity,Unspecified
05525500,POINT (-87.7235277777778 40.6299166666667),13c2e462-e649-424e-aade-1e7dc8dccffe,USGS-05525500,4e83fb3f-e3aa-ef76-e053-0100007f8d1d,471,1990-04-17T17:35:00+00:00,Imported Channel 1,504,ft^3/s,105,ft,598,ft^2,0.84,ft/s,,,Unspecified,Unspecified,Unspecified,Unspecified,Unspecified,Unknown,BridgeCrane,2026-07-07T23:50:22.559647+00:00,point_velocity,Unspecified
05525500,POINT (-87.7235277777778 40.6299166666667),13d83d1a-7936-4f69-a3b6-caf3a49a9199,USGS-05525500,4e83f140-7ece-e9ac-e053-0100007ffe53,326,1975-10-14T06:00:00+00:00,Imported Channel 1,24.9,ft^3/s,,,,,,,,ft,Unspecified,Unspecified,Unspecified,Unspecified,Unspecified,Unknown,Unspecified,2026-07-07T23:50:22.559647+00:00,other_method,Unspecified
05525500,POINT (-87.7235277777778 40.6299166666667),145b0d62-7e49-4332-ab76-1a00b499abe4,USGS-05525500,8765131b-172b-46e5-b580-c0a7c4bc0004,682,2020-05-18T19:34:44+00:00,main,7170,ft^3/s,179,ft,2690,ft^2,2.66,ft/s,0.00,ft,Firm,Sand,Even,Even,Unspecified,Unspecified,BridgeDownstreamSide,2026-07-07T23:50:22.559647+00:00,adcp,AtTheGage
05525500,POINT (-87.7235277777778 40.6299166666667),148c8772-d8c8-45e9-8cb9-ba62e82d3c06,USGS-05525500,4e83e5c4-78e1-e407-e053-0100007f45f4,400,1982-11-30T06:00:00+00:00,Imported Channel 1,1570,ft^3/s,158,ft,1460,ft^2,1.08,ft/s,,,Unspecified,Unspecified,Unspecified,Unspecified,Unspecified,Unknown,BridgeCrane,2026-07-07T23:50:22.559647+00:00,point_velocity,Unspecified
05525500,POINT (-87.7235277777778 40.6299166666667),1562b0e2-9f98-4a39-b1fb-687664990b01,USGS-05525500,4e83e25d-6342-e273-e053-0100007f29c5,446,1987-12-10T21:30:00+00:00,Imported Channel 1,722,ft^3/s,125,ft,538,ft^2,1.34,ft/s,,,Unspecified,Unspecified,Unspecified,Unspecified,Unspecified,Unknown,BridgeCrane,2026-07-07T23:50:22.559647+00:00,point_velocity,Unspecified
05525500,POINT (-87.7235277777778 40.6299166666667),156c0172-6790-435b-bfc9-aef7fcb2093f,USGS-05525500,4e83e1bd-3987-e0ca-e053-0100007ff835,280,1971-07-16T06:00:00+00:00,Imported Channel 1,183,ft^3/s,,,,,,,,ft,Unspecified,Unspecified,Unspecified,Unspecified,Unspecified,Unknown,Unspecified,2026-07-07T23:50:22.559647+00:00,other_method,Unspecified
05525500,POINT (-87.7235277777778 40.6299166666667),15863286-2ef6-4299-8bbb-3e9999054e3d,USGS-05525500,4e840467-f6d3-f45f-e053-0100007fce48,657,2016-06-09T16:08:30+00:00,MAIN,116,ft^3/s,41.0,ft,86.3,ft^2,1.35,ft/s,1000.00,ft,Unspecified,Unspecified,Unspecified,Unspecified,Unspecified,Unknown,Wading,2026-07-07T23:50:22.559647+00:00,point_velocity,Downstream
05525500,POINT (-87.7235277777778 40.6299166666667),15c1aafe-cf66-4f47-8e7c-8b838764ffe2,USGS-05525500,4e83f3a2-1a8e-ebb2-e053-0100007f3150,530,1998-03-11T16:45:00+00:00,Imported Channel 1,2030,ft^3/s,164,ft,1570,ft^2,1.29,ft/s,,,Unspecified,Unspecified,Unspecified,Unspecified,Unspecified,Unknown,BridgeCrane,2026-07-07T23:50:22.559647+00:00,point_velocity,Unspecified
05525500,POINT (-87.7235277777778 40.6299166666667),15cdf113-14dd-4e53-a3aa-a486e03b317c,USGS-05525500,4e83ed4c-0ded-e84e-e053-0100007f5350,636,2013-01-10T16:10:00+00:00,main,49.4,ft^3/s,31.7,ft,25.4,ft^2,1.94,ft/s,2500.00,ft,Unspecified,Unspecified,Unspecified,Unspecified,Unspecified,Unknown,Wading,2026-07-07T23:50:22.559647+00:00,point_velocity,Downstream
05525500,POINT (-87.7235277777778 40.6299166666667),162448fb-8264-423c-8ae7-6158cfc48ede,USGS-05525500,4e8407a6-90b7-f662-e053-0100007fafeb,651,2015-05-08T18:33:08+00:00,main,219,ft^3/s,101,ft,402,ft^2,0.55,ft/s,,ft,Unspecified,Unspecified,Unspecified,Unspecified,Unspecified,Unknown,BridgeDownstreamSide,2026-07-07T23:50:22.559647+00:00,adcp,AtTheGage
05525500,POINT (-87.7235277777778 40.6299166666667),16983902-b504-4908-8e26-d69f91a190dc,USGS-05525500,4e83f1b2-4341-eaa9-e053-0100007f4091,413,1984-02-22T06:00:00+00:00,Imported Channel 1,750,ft^3/s,,,,,,,,ft,Unspecified,Unspecified,Unspecified,Unspecified,Unspecified,Unknown,Unspecified,2026-07-07T23:50:22.559647+00:00,other_method,Unspecified
05525500,POINT (-87.7235277777778 40.6299166666667),17057fee-1700-415f-812d-a5dfbde2109a,USGS-05525500,4e83df8b-fe39-e0b2-e053-0100007f10de,403,1983-03-29T06:00:00+00:00,Imported Channel 1,1530,ft^3/s,160,ft,1440,ft^2,1.06,ft/s,,,Unspecified,Unspecified,Unspecified,Unspecified,Unspecified,Unknown,BridgeCrane,2026-07-07T23:50:22.559647+00:00,point_velocity,Unspecified
05525500,POINT (-87.7235277777778 40.6299166666667),17f32043-e779-46a9-baf1-4ecebed67ffb,USGS-05525500,21cf6807-38ec-4e90-97e7-a3b9bdd8feb1,709,2023-12-20T15:18:31+00:00,Sugar Milford (Check QM),281,ft^3/s,118,ft,496,ft^2,0.57,ft/s,0.00,ft,Soft,SiltMud,Even,Even,Standard,Steady,BridgeDownstreamSide,2026-07-07T23:50:22.559647+00:00,adcp,AtTheGage
05525500,POINT (-87.7235277777778 40.6299166666667),184c0fce-9177-49b2-bb7b-d9519a4d50be,USGS-05525500,81cc27bb-a37e-7d55-e053-0100007ff018,672,2019-02-06T21:44:11+00:00,main,2250,ft^3/s,170,ft,1900,ft^2,1.19,ft/s,0.00,ft,Soft,SiltMud,Even,Even,Standard,Steady,BridgeDownstreamSide,2026-07-07T23:50:22.559647+00:00,adcp,AtTheGage
05525500,POINT (-87.7235277777778 40.6299166666667),1904f268-84bf-4958-80ec-01d2210b2b2f,USGS-05525500,4b4639c1-f229-40c0-8d21-fdba8915a9dc,715,2024-09-04T15:52:00+00:00,Sugar Milford,32.7,ft^3/s,77.1,ft,208,ft^2,0.16,ft/s,0.00,ft,Firm,Sand,Even,Even,Standard,Steady,BridgeDownstreamSide,2026-07-07T23:50:22.559647+00:00,adcp,AtTheGage
05525500,POINT (-87.7235277777778 40.6299166666667),19171626-d287-40de-884c-38478686e42d,USGS-05525500,beefe89a-1181-415a-bc0f-e80a1a9c09d6,691,2021-07-28T19:53:20+00:00,Sugar Milford,562,ft^3/s,130,ft,630,ft^2,0.89,ft/s,25.00,ft,Soft,Sand,Even,Even,Standard,Steady,BridgeDownstreamSide,2026-07-07T23:50:22.559647+00:00,adcp,Downstream
05525500,POINT (-87.7235277777778 40.6299166666667),19985554-b18b-48c9-8c86-15174ae87208,USGS-05525500,4e83f0f3-f534-ea73-e053-0100007fbf12,362,1978-12-14T06:00:00+00:00,Imported Channel 1,47.7,ft^3/s,,,,,,,,ft,Unspecified,Unspecified,Unspecified,Unspecified,Unspecified,Unknown,Unspecified,2026-07-07T23:50:22.559647+00:00,other_method,Unspecified
05525500,POINT (-87.7235277777778 40.6299166666667),199a425c-9fdb-4894-915c-b5743c4fe53b,USGS-05525500,4e83f041-2b78-e9ee-e053-0100007fadaa,464,1989-08-10T17:50:00+00:00,Imported Channel 1,12.6,ft^3/s,38.0,ft,24.8,ft^2,0.51,ft/s,,,Unspecified,Unspecified,Unspecified,Unspecified,Unspecified,Unknown,Wading,2026-07-07T23:50:22.559647+00:00,point_velocity,Unspecified
05525500,POINT (-87.7235277777778 40.6299166666667),19e769b0-9394-4f12-8750-61773049f8a2,USGS-05525500,4e83f917-d1cc-ee8d-e053-0100007fd3b2,553,2001-07-11T19:48:00+00:00,Imported Channel 1,365,ft^3/s,119,ft,570,ft^2,0.64,ft/s,,,Unspecified,Unspecified,Unspecified,Unspecified,Unspecified,Unknown,BridgeCrane,2026-07-07T23:50:22.559647+00:00,point_velocity,Unspecified
05525500,POINT (-87.7235277777778 40.6299166666667),1a436f70-01a1-42ff-87b1-d3afac6b9e2e,USGS-05525500,4e83f75a-eca4-ec84-e053-0100007fb5d0,398,1982-09-07T06:00:00+00:00,Imported Channel 1,25.9,ft^3/s,35.0,ft,23.4,ft^2,1.11,ft/s,,,Unspecified,Unspecified,Unspecified,Unspecified,Unspecified,Unknown,Wading,2026-07-07T23:50:22.559647+00:00,point_velocity,Unspecified
05525500,POINT (-87.7235277777778 40.6299166666667),1a559d42-6950-4153-abea-1ff4c3cd5214,USGS-05525500,4e83f0ac-c66b-e9ea-e053-0100007f5a65,355,1978-05-23T06:00:00+00:00,Imported Channel 1,2010,ft^3/s,,,,,,,,ft,Unspecified,Unspecified,Unspecified,Unspecified,Unspecified,Unknown,Unspecified,2026-07-07T23:50:22.559647+00:00,other_method,Unspecified
05525500,POINT (-87.7235277777778 40.6299166666667),1aa30563-8565-4874-9b68-9b5814393960,USGS-05525500,4e83ed33-de3e-e850-e053-0100007f8426,424,1985-03-14T06:00:00+00:00,Imported Channel 1,1480,ft^3/s,162,ft,1400,ft^2,1.06,ft/s,,,Unspecified,Unspecified,Unspecified,Unspecified,Unspecified,Unknown,BridgeCrane,2026-07-07T23:50:22.559647+00:00,point_velocity,Unspecified
05525500,POINT (-87.7235277777778 40.6299166666667),1c9d00ca-3426-4113-a56e-831003832d0b,USGS-05525500,4e83d444-cec6-daea-e053-0100007fd136,379,1981-01-13T06:00:00+00:00,Imported Channel 1,8.70,ft^3/s,21.0,ft,8.73,ft^2,1.00,ft/s,,,Unspecified,Unspecified,Unspecified,Unspecified,Unspecified,Unknown,Wading,2026-07-07T23:50:22.559647+00:00,point_velocity,Unspecified
05525500,POINT (-87.7235277777778 40.6299166666667),1d8d8f02-55bc-47d1-9ce8-280b892822e7,USGS-05525500,4e83ded0-4698-e066-e053-0100007fb58a,371,1980-01-09T06:00:00+00:00,Imported Channel 1,76.0,ft^3/s,,,,,,,,ft,Unspecified,Unspecified,Unspecified,Unspecified,Unspecified,Unknown,Unspecified,2026-07-07T23:50:22.559647+00:00,other_method,Unspecified
05525500,POINT (-87.7235277777778 40.6299166666667),1dad3dea-19e0-4f5a-9008-0abf28828950,USGS-05525500,4e83f410-fc07-ebea-e053-0100007fee0b,421,1984-11-30T06:00:00+00:00,Imported Channel 1,192,ft^3/s,63.0,ft,116,ft^2,1.66,ft/s,,,Unspecified,Unspecified,Unspecified,Unspecified,Unspecified,Unknown,Wading,2026-07-07T23:50:22.559647+00:00,point_velocity,Unspecified
05525500,POINT (-87.7235277777778 40.6299166666667),1dda5e0c-d57f-4632-9ae6-b1ab6e2f198f,USGS-05525500,4e83ea83-f570-e6c3-e053-0100007f4de1,559,2002-03-13T19:40:00+00:00,Imported Channel 1,694,ft^3/s,137,ft,862,ft^2,0.81,ft/s,,,Unspecified,Unspecified,Unspecified,Unspecified,Unspecified,Unknown,BridgeCrane,2026-07-07T23:50:22.559647+00:00,point_velocity,Unspecified
05525500,POINT (-87.7235277777778 40.6299166666667),1e14a8f7-2654-4f26-ace7-536180b7e7a4,USGS-05525500,4e83e61b-2179-e409-e053-0100007ff8e6,298,1973-04-09T06:00:00+00:00,Imported Channel 1,546,ft^3/s,,,,,,,,ft,Unspecified,Unspecified,Unspecified,Unspecified,Unspecified,Unknown,Unspecified,2026-07-07T23:50:22.559647+00:00,other_method,Unspecified
05525500,POINT (-87.7235277777778 40.6299166666667),1e88f1a9-9194-478d-a3ab-b9e54b3c4c45,USGS-05525500,4e83e8a0-6dbd-e4b9-e053-0100007fcdb6,338,1976-11-29T06:00:00+00:00,Imported Channel 1,6.64,ft^3/s,,,,,,,,ft,Unspecified,Unspecified,Unspecified,Unspecified,Unspecified,Unknown,Unspecified,2026-07-07T23:50:22.559647+00:00,other_method,Unspecified
05525500,POINT (-87.7235277777778 40.6299166666667),1f955fd0-8fcc-4b95-8fc9-b4df32cd49d5,USGS-05525500,4e83de69-d7d8-e06a-e053-0100007fd78e,490,1992-10-06T17:30:00+00:00,Imported Channel 1,47.5,ft^3/s,47.0,ft,48.1,ft^2,0.99,ft/s,,,Unspecified,Unspecified,Unspecified,Unspecified,Unspecified,Unknown,Wading,2026-07-07T23:50:22.559647+00:00,point_velocity,Unspecified
05525500,POINT (-87.7235277777778 40.6299166666667),1ff3a1d8-8ef8-4c84-8711-3a4e9ff01c0a,USGS-05525500,4e83f015-8f2d-e99a-e053-0100007ffb7e,563,2002-10-09T16:48:00+00:00,Imported Channel 1,14.8,ft^3/s,28.0,ft,13.5,ft^2,1.10,ft/s,,,Unspecified,Unspecified,Unspecified,Unspecified,Unspecified,Unknown,Wading,2026-07-07T23:50:22.559647+00:00,point_velocity,Unspecified
05525500,POINT (-87.7235277777778 40.6299166666667),202bdfdd-341a-4a13-b62a-9eddcb35e537,USGS-05525500,4e8406f2-96e1-f602-e053-0100007f8f5b,627,2011-06-22T17:08:30+00:00,Imported Channel 1,375,ft^3/s,107,ft,600,ft^2,0.66,ft/s,,ft,Soft,SiltMud,Unspecified,Even,Unspecified,Unknown,BridgeDownstreamSide,2026-07-07T23:50:22.559647+00:00,adcp,AtTheGage
05525500,POINT (-87.7235277777778 40.6299166666667),20365acd-9073-4614-b8da-7e45b5e92790,USGS-05525500,4e83f15b-9ccb-ea2b-e053-0100007f673e,613,2009-04-23T17:14:00+00:00,Imported Channel 1,921,ft^3/s,128,ft,942,ft^2,0.98,ft/s,,,Firm,Gravel,Even,Even,Unspecified,Unknown,BridgeUpstreamSide,2026-07-07T23:50:22.559647+00:00,point_velocity,AtTheGage
05525500,POINT (-87.7235277777778 40.6299166666667),22046307-43a4-4d6f-a445-d724b0ca63db,USGS-05525500,0d65f4a0-1bb4-4dc6-9dd0-aaac935dbf23,693,2021-12-02T16:58:35+00:00,Sugar Milford,123,ft^3/s,108,ft,342,ft^2,0.36,ft/s,0.00,ft,Soft,Sand,Even,Even,Standard,Steady,BridgeDownstreamSide,2026-07-07T23:50:22.559647+00:00,adcp,AtTheGage
05525500,POINT (-87.7235277777778 40.6299166666667),2222d34f-ad94-4893-9700-27cf75b2931d,USGS-05525500,4e83f5b6-e130-ec5a-e053-0100007f81c7,512,1996-01-04T19:00:00+00:00,Imported Channel 1,39.4,ft^3/s,33.7,ft,27.6,ft^2,1.43,ft/s,,,Unspecified,Unspecified,Unspecified,Unspecified,Unspecified,Unknown,Wading,2026-07-07T23:50:22.559647+00:00,point_velocity,Unspecified
05525500,POINT (-87.7235277777778 40.6299166666667),228d13a7-6005-492a-acb4-0fea8e5c6c2b,USGS-05525500,ada8469e-fe14-43dc-ba6b-a655830d7b0f,713,2024-07-11T21:44:15+00:00,Sugar Milford,2580,ft^3/s,182,ft,2070,ft^2,1.25,ft/s,0.00,ft,Soft,Sand,Even,Even,Standard,Steady,BridgeDownstreamSide,2026-07-07T23:50:22.559647+00:00,adcp,AtTheGage
05525500,POINT (-87.7235277777778 40.6299166666667),22bfc45f-8d4c-465c-8015-157afca1e671,USGS-05525500,4e83d4f8-3879-db85-e053-0100007f211a,321,1975-03-28T06:00:00+00:00,Imported Channel 1,253,ft^3/s,,,,,,,,ft,Unspecified,Unspecified,Unspecified,Unspecified,Unspecified,Unknown,Unspecified,2026-07-07T23:50:22.559647+00:00,other_method,Unspecified
05525500,POINT (-87.7235277777778 40.6299166666667),23d9c0f1-3228-43f1-9700-9c342d51a482,USGS-05525500,4e840394-c078-f44f-e053-0100007f7502,604,2008-01-25T18:34:00+00:00,Imported Channel 1,287,ft^3/s,90.0,ft,519,ft^2,0.55,ft/s,,ft,Unspecified,Unspecified,Unspecified,Unspecified,Unspecified,Unknown,Unspecified,2026-07-07T23:50:22.559647+00:00,adcp,Unspecified
05525500,POINT (-87.7235277777778 40.6299166666667),23dacd6d-12c1-46c2-9f30-84518b9d6f33,USGS-05525500,4e83fe0c-c332-f11c-e053-0100007f449f,564,2002-11-21T16:45:00+00:00,Imported Channel 1,25.0,ft^3/s,31.0,ft,22.0,ft^2,1.14,ft/s,,,Unspecified,Unspecified,Unspecified,Unspecified,Unspecified,Unknown,Wading,2026-07-07T23:50:22.559647+00:00,point_velocity,Unspecified
05525500,POINT (-87.7235277777778 40.6299166666667),23efe921-9ad0-409b-be3f-12fcdc9bf38a,USGS-05525500,4e83f109-702c-ea53-e053-0100007f4591,561,2002-06-17T13:35:00+00:00,Imported Channel 1,330,ft^3/s,121,ft,642,ft^2,0.51,ft/s,,,Unspecified,Unspecified,Unspecified,Unspecified,Unspecified,Unknown,BridgeCrane,2026-07-07T23:50:22.559647+00:00,point_velocity,Unspecified
05525500,POINT (-87.7235277777778 40.6299166666667),2473e722-21e4-4913-9bc6-2a84a266c820,USGS-05525500,4e83dbba-2d3f-deb5-e053-0100007fef74,239,1968-01-30T06:00:00+00:00,Imported Channel 1,6130,ft^3/s,,,,,,,,ft,Unspecified,Unspecified,Unspecified,Unspecified,Unspecified,Unknown,Unspecified,2026-07-07T23:50:22.559647+00:00,other_method,Unspecified
05525500,POINT (-87.7235277777778 40.6299166666667),25d43a7d-dada-4bd4-ba1b-62e28dc92902,USGS-05525500,4e83d444-ceb5-daea-e053-0100007fd136,306,1973-11-12T06:00:00+00:00,Imported Channel 1,19.8,ft^3/s,,,,,,,,ft,Unspecified,Unspecified,Unspecified,Unspecified,Unspecified,Unknown,Unspecified,2026-07-07T23:50:22.559647+00:00,other_method,Unspecified
05525500,POINT (-87.7235277777778 40.6299166666667),271b5990-81ff-418f-b479-3d91be62826d,USGS-05525500,4e83f041-2b7c-e9ee-e053-0100007fadaa,493,1993-01-05T20:05:00+00:00,Imported Channel 1,7960,ft^3/s,198,ft,3050,ft^2,2.61,ft/s,,,Unspecified,Unspecified,Unspecified,Unspecified,Unspecified,Unknown,BridgeCrane,2026-07-07T23:50:22.559647+00:00,point_velocity,Unspecified
05525500,POINT (-87.7235277777778 40.6299166666667),2735ca2f-2c05-4955-9fad-2f73e2ec8046,USGS-05525500,4e83fb67-9994-ef80-e053-0100007fa35a,620,2010-08-23T17:06:00+00:00,Imported Channel 1,23.6,ft^3/s,44.0,ft,39.5,ft^2,0.60,ft/s,1000.00,ft,Firm,SiltMud,Even,Even,Unspecified,Unknown,Wading,2026-07-07T23:50:22.559647+00:00,point_velocity,Downstream
05525500,POINT (-87.7235277777778 40.6299166666667),28adb86f-ca61-4b64-8820-053d01ad417d,USGS-05525500,4e83f3a2-1a83-ebb2-e053-0100007f3150,506,1995-04-20T14:25:00+00:00,Imported Channel 1,912,ft^3/s,139,ft,851,ft^2,1.07,ft/s,,,Unspecified,Unspecified,Unspecified,Unspecified,Unspecified,Unknown,BridgeCrane,2026-07-07T23:50:22.559647+00:00,point_velocity,Unspecified
05525500,POINT (-87.7235277777778 40.6299166666667),28b065e7-79c0-41c0-9ff1-f71020e45c70,USGS-05525500,4e83f556-e470-ec42-e053-0100007f717e,652,2015-07-10T19:10:23+00:00,main,6790,ft^3/s,207,ft,2940,ft^2,2.31,ft/s,,ft,Unspecified,Unspecified,Unspecified,Unspecified,Unspecified,Unknown,BridgeDownstreamSide,2026-07-07T23:50:22.559647+00:00,adcp,AtTheGage
05525500,POINT (-87.7235277777778 40.6299166666667),294f0f62-2487-428e-ac34-c0bf7a154e67,USGS-05525500,4e83e37f-3e95-e2b8-e053-0100007f387b,294,1972-11-10T06:00:00+00:00,Imported Channel 1,454,ft^3/s,,,,,,,,ft,Unspecified,Unspecified,Unspecified,Unspecified,Unspecified,Unknown,Unspecified,2026-07-07T23:50:22.559647+00:00,other_method,Unspecified
05525500,POINT (-87.7235277777778 40.6299166666667),29aed9f9-da9e-4983-98ed-04b74d8260c1,USGS-05525500,e65d1335-87c5-46b0-959f-c60159fe5846,717,2024-12-09T21:00:58+00:00,Sugar Milford,29.2,ft^3/s,74.9,ft,206,ft^2,0.14,ft/s,0.00,ft,Soft,SiltMud,Even,Even,Standard,Steady,BridgeDownstreamSide,2026-07-07T23:50:22.559647+00:00,adcp,AtTheGage
05525500,POINT (-87.7235277777778 40.6299166666667),29f6547b-80ea-40f7-b3e4-3c0f87007477,USGS-05525500,4e84036b-80b9-f421-e053-0100007ffdd7,634,2012-09-10T18:32:30+00:00,Imported Channel 1,8.75,ft^3/s,18.0,ft,5.75,ft^2,1.52,ft/s,2300.00,ft,Unspecified,Unspecified,Unspecified,Unspecified,Unspecified,Unknown,Wading,2026-07-07T23:50:22.559647+00:00,point_velocity,Downstream
05525500,POINT (-87.7235277777778 40.6299166666667),2a546f93-2d98-4f4e-b30b-1d69b0300c30,USGS-05525500,4e83f11b-efd0-ea37-e053-0100007f8378,598,2007-03-15T19:01:00+00:00,Imported Channel 1,517,ft^3/s,121,ft,544,ft^2,0.95,ft/s,,ft,Unspecified,Unspecified,Unspecified,Unspecified,Unspecified,Unknown,Unspecified,2026-07-07T23:50:22.559647+00:00,adcp,Unspecified
05525500,POINT (-87.7235277777778 40.6299166666667),2acb0ba9-cf61-4406-98b4-099692fcab4d,USGS-05525500,4e83f15b-9cb7-ea2b-e053-0100007f673e,499,1993-10-28T18:30:00+00:00,Imported Channel 1,499,ft^3/s,110,ft,655,ft^2,0.76,ft/s,,,Unspecified,Unspecified,Unspecified,Unspecified,Unspecified,Unknown,BridgeCrane,2026-07-07T23:50:22.559647+00:00,point_velocity,Unspecified
05525500,POINT (-87.7235277777778 40.6299166666667),2adc3668-b63a-49ac-b25f-3049712b4d2f,USGS-05525500,cf358b7f-f4f2-4bca-9139-3ddaaff3db4c,690,2021-06-28T15:56:44+00:00,MAIN,5760,ft^3/s,187,ft,2630,ft^2,2.19,ft/s,0.00,ft,Soft,SiltMud,Even,Even,Standard,Steady,BridgeDownstreamSide,2026-07-07T23:50:22.559647+00:00,adcp,AtTheGage
05525500,POINT (-87.7235277777778 40.6299166666667),2bd3baa3-a438-4d1d-a8ac-6f65a2a69f8e,USGS-05525500,4e83f140-7eca-e9ac-e053-0100007ffe53,293,1972-10-11T06:00:00+00:00,Imported Channel 1,133,ft^3/s,,,,,,,,ft,Unspecified,Unspecified,Unspecified,Unspecified,Unspecified,Unknown,Unspecified,2026-07-07T23:50:22.559647+00:00,other_method,Unspecified
05525500,POINT (-87.7235277777778 40.6299166666667),2c223d13-1111-48e5-88d1-2d71d8369f5e,USGS-05525500,4e840315-3cae-f3c7-e053-0100007f0338,642,2013-10-21T20:20:00+00:00,main,7.43,ft^3/s,13.1,ft,6.36,ft^2,1.17,ft/s,4000.00,ft,Unspecified,Unspecified,Unspecified,Unspecified,Unspecified,Unknown,Wading,2026-07-07T23:50:22.559647+00:00,point_velocity,Downstream
05525500,POINT (-87.7235277777778 40.6299166666667),2c500cf7-2742-49b4-9cca-c95e63b33053,USGS-05525500,4e83de4b-3578-e068-e053-0100007ff91f,261,1969-12-02T06:00:00+00:00,Imported Channel 1,135,ft^3/s,,,,,,,,ft,Unspecified,Unspecified,Unspecified,Unspecified,Unspecified,Unknown,Unspecified,2026-07-07T23:50:22.559647+00:00,other_method,Unspecified
05525500,POINT (-87.7235277777778 40.6299166666667),2d110edd-f1fd-4125-9c24-444a9133edd0,USGS-05525500,4e840315-3c9f-f3c7-e053-0100007f0338,572,2003-10-09T20:20:00+00:00,Imported Channel 1,50.5,ft^3/s,34.0,ft,27.7,ft^2,1.82,ft/s,,,Unspecified,Unspecified,Unspecified,Unspecified,Unspecified,Unknown,Wading,2026-07-07T23:50:22.559647+00:00,point_velocity,Unspecified
05525500,POINT (-87.7235277777778 40.6299166666667),2d7bc3f5-c46a-4b8c-99b1-32bf2ff817cd,USGS-05525500,4e840315-3cb2-f3c7-e053-0100007f0338,650,2015-03-13T20:43:59+00:00,main,561,ft^3/s,127,ft,684,ft^2,0.82,ft/s,,ft,Unspecified,Unspecified,Unspecified,Unspecified,Unspecified,Unknown,BridgeDownstreamSide,2026-07-07T23:50:22.559647+00:00,adcp,AtTheGage
05525500,POINT (-87.7235277777778 40.6299166666667),2e98a5b4-4c1f-45c8-85f8-3051796bf94e,USGS-05525500,4e840b63-c786-f81e-e053-0100007f5ea2,639,2013-05-16T20:44:00+00:00,main,214,ft^3/s,55.0,ft,98.6,ft^2,2.17,ft/s,4000.00,ft,Unspecified,Unspecified,Unspecified,Unspecified,Unspecified,Unknown,Wading,2026-07-07T23:50:22.559647+00:00,point_velocity,Downstream
05525500,POINT (-87.7235277777778 40.6299166666667),2f6510cb-8e70-4d73-83ec-9ba04f8ee1be,USGS-05525500,4e83d4f8-387c-db85-e053-0100007f211a,329,1976-02-13T06:00:00+00:00,Imported Channel 1,1360,ft^3/s,,,,,,,,ft,Unspecified,Unspecified,Unspecified,Unspecified,Unspecified,Unknown,Unspecified,2026-07-07T23:50:22.559647+00:00,other_method,Unspecified
05525500,POINT (-87.7235277777778 40.6299166666667),2f6b6ddd-2885-4e73-bc4f-894707b2b62c,USGS-05525500,7acd0e2b-80a7-4cb9-8c62-2c9d52575665,727,2026-05-05T19:42:44+00:00,sugar milford,196,ft^3/s,113,ft,342,ft^2,0.57,ft/s,0.00,ft,Soft,Sand,Even,Even,Standard,Steady,BridgeDownstreamSide,2026-07-07T23:50:22.559647+00:00,adcp,AtTheGage
05525500,POINT (-87.7235277777778 40.6299166666667),303aa1c4-7951-48ec-8808-af8b308e8643,USGS-05525500,4e83ed81-ac4c-e84c-e053-0100007f7b6c,422,1985-02-24T06:00:00+00:00,Imported Channel 1,10700,ft^3/s,191,ft,3160,ft^2,3.39,ft/s,,,Unspecified,Unspecified,Unspecified,Unspecified,Unspecified,Unknown,BridgeCrane,2026-07-07T23:50:22.559647+00:00,point_velocity,Unspecified
05525500,POINT (-87.7235277777778 40.6299166666667),326eab36-84c8-4939-9b23-75decdd34254,USGS-05525500,4e83e25d-6344-e273-e053-0100007f29c5,450,1988-05-16T18:45:00+00:00,Imported Channel 1,56.5,ft^3/s,38.0,ft,59.3,ft^2,0.75,ft/s,,,Unspecified,Unspecified,Unspecified,Unspecified,Unspecified,Unknown,Wading,2026-07-07T23:50:22.559647+00:00,point_velocity,Unspecified
05525500,POINT (-87.7235277777778 40.6299166666667),34a096ef-b21d-4da2-ad87-5704460a1acd,USGS-05525500,2e91ff1a-7b24-46eb-8f1e-ba24ea607b7b,679,2020-01-31T20:06:43+00:00,main,237,ft^3/s,99.0,ft,385,ft^2,0.62,ft/s,0.00,ft,Soft,SiltMud,Even,Even,Unspecified,Unspecified,BridgeDownstreamSide,2026-07-07T23:50:22.559647+00:00,adcp,AtTheGage
05525500,POINT (-87.7235277777778 40.6299166666667),34dc219f-7534-458d-9607-3b80e8db6f6c,USGS-05525500,4e83e1f2-c891-e245-e053-0100007f7c00,311,1974-05-16T06:00:00+00:00,Imported Channel 1,770,ft^3/s,,,,,,,,ft,Unspecified,Unspecified,Unspecified,Unspecified,Unspecified,Unknown,Unspecified,2026-07-07T23:50:22.559647+00:00,other_method,Unspecified
05525500,POINT (-87.7235277777778 40.6299166666667),376304c0-fed4-4301-b5d8-adec3c215503,USGS-05525500,4e83f556-e46c-ec42-e053-0100007f717e,641,2013-08-21T17:40:00+00:00,main,8.59,ft^3/s,79.0,ft,69.6,ft^2,0.12,ft/s,2500.00,ft,Unspecified,Unspecified,Unspecified,Unspecified,Unspecified,Unknown,Wading,2026-07-07T23:50:22.559647+00:00,point_velocity,Downstream
05525500,POINT (-87.7235277777778 40.6299166666667),38035982-7ad1-495c-8149-fa9b02947ae3,USGS-05525500,4e83f041-2b7d-e9ee-e053-0100007fadaa,494,1993-01-26T14:55:00+00:00,Imported Channel 1,1560,ft^3/s,157,ft,1460,ft^2,1.07,ft/s,,,Unspecified,Unspecified,Unspecified,Unspecified,Unspecified,Unknown,BridgeCrane,2026-07-07T23:50:22.559647+00:00,point_velocity,Unspecified
05525500,POINT (-87.7235277777778 40.6299166666667),38ef90b3-ff42-44b2-b65f-9493b79b92b7,USGS-05525500,4e83d444-ceb1-daea-e053-0100007fd136,300,1973-05-15T06:00:00+00:00,Imported Channel 1,190,ft^3/s,,,,,,,,ft,Unspecified,Unspecified,Unspecified,Unspecified,Unspecified,Unknown,Unspecified,2026-07-07T23:50:22.559647+00:00,other_method,Unspecified
05525500,POINT (-87.7235277777778 40.6299166666667),38fdd113-7793-491c-9ea2-385f10b4781e,USGS-05525500,4e83fc37-6282-efd0-e053-0100007f3710,538,1999-04-02T15:15:00+00:00,Imported Channel 1,163,ft^3/s,41.0,ft,71.3,ft^2,2.29,ft/s,,,Unspecified,Unspecified,Unspecified,Unspecified,Unspecified,Unknown,Wading,2026-07-07T23:50:22.559647+00:00,point_velocity,Unspecified
05525500,POINT (-87.7235277777778 40.6299166666667),391bfa08-099d-4310-bf02-bdad7801db43,USGS-05525500,4e83f1b2-433c-eaa9-e053-0100007f4091,276,1971-03-17T06:00:00+00:00,Imported Channel 1,1730,ft^3/s,,,,,,,,ft,Unspecified,Unspecified,Unspecified,Unspecified,Unspecified,Unknown,Unspecified,2026-07-07T23:50:22.559647+00:00,other_method,Unspecified
05525500,POINT (-87.7235277777778 40.6299166666667),395b59cc-b604-4615-ba86-4732bd9ab494,USGS-05525500,4e83f5ae-9090-ec5e-e053-0100007f5062,516,1996-06-21T12:39:00+00:00,Imported Channel 1,2230,ft^3/s,186,ft,2050,ft^2,1.08,ft/s,,,Unspecified,Unspecified,Unspecified,Unspecified,Unspecified,Unknown,BridgeCrane,2026-07-07T23:50:22.559647+00:00,point_velocity,Unspecified
05525500,POINT (-87.7235277777778 40.6299166666667),3997de8f-aea5-4219-ba91-2ba1af8183cc,USGS-05525500,4e83d957-9128-dd78-e053-0100007f9387,287,1972-03-03T06:00:00+00:00,Imported Channel 1,217,ft^3/s,,,,,,,,ft,Unspecified,Unspecified,Unspecified,Unspecified,Unspecified,Unknown,Unspecified,2026-07-07T23:50:22.559647+00:00,other_method,Unspecified
05525500,POINT (-87.7235277777778 40.6299166666667),39b834e4-5d77-4cde-8d1d-b2ed696070a0,USGS-05525500,4e83fc41-140c-ef6a-e053-0100007f46d4,541,1999-08-24T15:55:00+00:00,Imported Channel 1,11.2,ft^3/s,21.0,ft,14.0,ft^2,0.80,ft/s,,,Unspecified,Unspecified,Unspecified,Unspecified,Unspecified,Unknown,Wading,2026-07-07T23:50:22.559647+00:00,point_velocity,Unspecified
05525500,POINT (-87.7235277777778 40.6299166666667),3a294415-69b7-4fa9-a529-425fa2858638,USGS-05525500,85ceb9a6-e683-f1bc-e053-0100007f1ec1,673,2019-04-02T19:29:05+00:00,main,1530,ft^3/s,169,ft,1600,ft^2,0.96,ft/s,0.00,ft,Soft,SiltMud,Even,Even,Standard,Steady,BridgeDownstreamSide,2026-07-07T23:50:22.559647+00:00,adcp,AtTheGage
05525500,POINT (-87.7235277777778 40.6299166666667),3a5b0a9c-1eee-438e-aa05-b3b940c23b74,USGS-05525500,4e83f556-e43d-ec42-e053-0100007f717e,397,1982-07-28T06:00:00+00:00,Imported Channel 1,93.6,ft^3/s,57.0,ft,61.5,ft^2,1.52,ft/s,,,Unspecified,Unspecified,Unspecified,Unspecified,Unspecified,Unknown,Wading,2026-07-07T23:50:22.559647+00:00,point_velocity,Unspecified
05525500,POINT (-87.7235277777778 40.6299166666667),3b4578ef-a8c6-4df0-b0c1-afe0d38543c8,USGS-05525500,4e83f0f3-f531-ea73-e053-0100007fbf12,339,1977-01-10T06:00:00+00:00,Imported Channel 1,4.29,ft^3/s,,,,,,,,ft,Unspecified,Unspecified,Unspecified,Unspecified,Unspecified,Unknown,Unspecified,2026-07-07T23:50:22.559647+00:00,other_method,Unspecified
05525500,POINT (-87.7235277777778 40.6299166666667),3b86f0af-e815-4f58-a686-ab229fe42205,USGS-05525500,4e83f917-d1bd-ee8d-e053-0100007fd3b2,440,1987-02-20T06:00:00+00:00,Imported Channel 1,210,ft^3/s,57.0,ft,117,ft^2,1.79,ft/s,,,Unspecified,Unspecified,Unspecified,Unspecified,Unspecified,Unknown,Wading,2026-07-07T23:50:22.559647+00:00,point_velocity,Unspecified
05525500,POINT (-87.7235277777778 40.6299166666667),3c074caa-a060-4e36-a7a4-62afc321fc92,USGS-05525500,2090b220-c102-4783-8f3e-a34037ab1563,725,2026-01-22T22:19:17+00:00,Sugar Milford,14.8,ft^3/s,87.0,ft,48.1,ft^2,0.31,ft/s,150.00,ft,Firm,Sand,Uneven,Even,NonStandard,Steady,Wading,2026-07-07T23:50:22.559647+00:00,point_velocity,Downstream
05525500,POINT (-87.7235277777778 40.6299166666667),3c4458f0-f581-4b35-885f-6d587171d80e,USGS-05525500,4e83f992-342b-eec3-e053-0100007f7cc3,488,1992-07-24T20:30:00+00:00,Imported Channel 1,1360,ft^3/s,155,ft,1310,ft^2,1.03,ft/s,,,Unspecified,Unspecified,Unspecified,Unspecified,Unspecified,Unknown,BridgeCrane,2026-07-07T23:50:22.559647+00:00,point_velocity,Unspecified
05525500,POINT (-87.7235277777778 40.6299166666667),3cd0af51-191c-489f-a73b-778d6b6746b2,USGS-05525500,4e83f971-4589-eec5-e053-0100007fe9bc,653,2015-09-15T21:08:30+00:00,main,83.4,ft^3/s,38.0,ft,59.4,ft^2,1.41,ft/s,1000.00,ft,Unspecified,Unspecified,Unspecified,Unspecified,Unspecified,Unknown,Wading,2026-07-07T23:50:22.559647+00:00,point_velocity,Downstream
05525500,POINT (-87.7235277777778 40.6299166666667),3cf36116-adb7-4f96-bcdf-9fe89f1996bf,USGS-05525500,4e83f8f1-1765-ee89-e053-0100007fc033,555,2001-10-03T18:02:00+00:00,Imported Channel 1,17.7,ft^3/s,73.0,ft,211,ft^2,0.08,ft/s,,,Unspecified,Unspecified,Unspecified,Unspecified,Unspecified,Unknown,Wading,2026-07-07T23:50:22.559647+00:00,point_velocity,Unspecified
05525500,POINT (-87.7235277777778 40.6299166666667),3d22f9cf-f24e-494d-854c-695a4886bd90,USGS-05525500,60e00c84-dff0-495c-975c-209b73cf389b,712,2024-05-23T20:21:47+00:00,Sugar Milford,282,ft^3/s,119,ft,472,ft^2,0.60,ft/s,20.00,ft,Soft,SiltMud,Even,Even,Standard,Steady,BridgeDownstreamSide,2026-07-07T23:50:22.559647+00:00,adcp,Downstream
05525500,POINT (-87.7235277777778 40.6299166666667),3db4de7a-9e0c-40ba-b300-9166d993cd9a,USGS-05525500,4e83f533-27c5-ec58-e053-0100007f297c,580,2004-06-14T15:04:00+00:00,Imported Channel 1,6260,ft^3/s,195,ft,3030,ft^2,2.07,ft/s,,,Unspecified,Unspecified,Unspecified,Unspecified,Unspecified,Unknown,BridgeCrane,2026-07-07T23:50:22.559647+00:00,point_velocity,Unspecified
05525500,POINT (-87.7235277777778 40.6299166666667),3ddb1dc7-7d1b-4c17-895b-1f1c33b93c22,USGS-05525500,4e83f556-e452-ec42-e053-0100007f717e,492,1992-12-04T17:50:00+00:00,Imported Channel 1,383,ft^3/s,98.0,ft,385,ft^2,0.99,ft/s,,,Unspecified,Unspecified,Unspecified,Unspecified,Unspecified,Unknown,BridgeCrane,2026-07-07T23:50:22.559647+00:00,point_velocity,Unspecified
05525500,POINT (-87.7235277777778 40.6299166666667),3fe206cf-55f2-4002-9b48-09d8bd8c1282,USGS-05525500,4e83f556-e45a-ec42-e053-0100007f717e,525,1997-08-05T15:15:00+00:00,Imported Channel 1,40.0,ft^3/s,33.8,ft,21.7,ft^2,1.84,ft/s,,,Unspecified,Unspecified,Unspecified,Unspecified,Unspecified,Unknown,Wading,2026-07-07T23:50:22.559647+00:00,point_velocity,Unspecified
05525500,POINT (-87.7235277777778 40.6299166666667),402b823a-838a-4002-99e6-b3254949b59e,USGS-05525500,4e83e2ef-c5b3-e2fd-e053-0100007f1b74,394,1982-03-30T06:00:00+00:00,Imported Channel 1,550,ft^3/s,136,ft,683,ft^2,0.78,ft/s,,,Unspecified,Unspecified,Unspecified,Unspecified,Unspecified,Unknown,BridgeCrane,2026-07-07T23:50:22.559647+00:00,point_velocity,Unspecified
05525500,POINT (-87.7235277777778 40.6299166666667),4038c771-d057-4a14-af11-3c53bfd78db9,USGS-05525500,4e83f6d3-b9e5-ebaa-e053-0100007f94a1,500,1993-12-06T20:35:00+00:00,Imported Channel 1,1450,ft^3/s,159,ft,1400,ft^2,1.04,ft/s,,,Unspecified,Unspecified,Unspecified,Unspecified,Unspecified,Unknown,BridgeCrane,2026-07-07T23:50:22.559647+00:00,point_velocity,Unspecified
05525500,POINT (-87.7235277777778 40.6299166666667),4049c53f-af87-4fb7-b91c-1cf7c490f14c,USGS-05525500,4e83f598-b2d2-ec92-e053-0100007f2bfa,586,2005-02-07T21:22:00+00:00,Imported Channel 1,767,ft^3/s,130,ft,958,ft^2,0.80,ft/s,,,Unspecified,Unspecified,Unspecified,Unspecified,Unspecified,Unknown,BridgeCrane,2026-07-07T23:50:22.559647+00:00,point_velocity,Unspecified
05525500,POINT (-87.7235277777778 40.6299166666667),404f9287-b7bb-44a7-95f4-918594c2ddb7,USGS-05525500,4e83f5ae-90a2-ec5e-e053-0100007f5062,579,2004-06-09T14:45:00+00:00,Imported Channel 1,250,ft^3/s,52.0,ft,124,ft^2,2.02,ft/s,,,Unspecified,Unspecified,Unspecified,Unspecified,Unspecified,Unknown,Wading,2026-07-07T23:50:22.559647+00:00,point_velocity,Unspecified
05525500,POINT (-87.7235277777778 40.6299166666667),406e8899-a30f-4d5c-a27c-13d275bace7b,USGS-05525500,4e83f4c9-2b4f-ebb6-e053-0100007fd25a,502,1994-04-13T20:55:00+00:00,Imported Channel 1,13900,ft^3/s,808,ft,4250,ft^2,3.27,ft/s,,,Unspecified,Unspecified,Unspecified,Unspecified,Unspecified,Unknown,BridgeCrane,2026-07-07T23:50:22.559647+00:00,point_velocity,Unspecified
05525500,POINT (-87.7235277777778 40.6299166666667),40e9475f-9824-4ff5-90ae-625b92cf403b,USGS-05525500,4e83e790-7177-e44b-e053-0100007f9127,431,1986-02-05T06:00:00+00:00,Imported Channel 1,2160,ft^3/s,167,ft,1590,ft^2,1.36,ft/s,,,Unspecified,Unspecified,Unspecified,Unspecified,Unspecified,Unknown,BridgeCrane,2026-07-07T23:50:22.559647+00:00,point_velocity,Unspecified
05525500,POINT (-87.7235277777778 40.6299166666667),41a5ff4a-1e24-4e9a-839e-4bafd1edc611,USGS-05525500,4e8403fa-9728-f455-e053-0100007fbc3d,556,2001-12-14T13:45:00+00:00,Imported Channel 1,323,ft^3/s,104,ft,510,ft^2,0.63,ft/s,,,Unspecified,Unspecified,Unspecified,Unspecified,Unspecified,Unknown,BridgeCrane,2026-07-07T23:50:22.559647+00:00,point_velocity,Unspecified
05525500,POINT (-87.7235277777778 40.6299166666667),42edc0dc-69a9-4e86-91b9-20e1910e2d0e,USGS-05525500,4e83f38d-3859-ebac-e053-0100007f5ef2,527,1997-12-03T15:45:00+00:00,Imported Channel 1,29.4,ft^3/s,41.3,ft,39.5,ft^2,0.74,ft/s,,,Unspecified,Unspecified,Unspecified,Unspecified,Unspecified,Unknown,Wading,2026-07-07T23:50:22.559647+00:00,point_velocity,Unspecified
05525500,POINT (-87.7235277777778 40.6299166666667),433414f4-4ce9-4cf4-8d13-42ec82e7e8f1,USGS-05525500,4e83f109-7024-ea53-e053-0100007f4591,442,1987-05-08T06:00:00+00:00,Imported Channel 1,141,ft^3/s,87.0,ft,129,ft^2,1.09,ft/s,,,Unspecified,Unspecified,Unspecified,Unspecified,Unspecified,Unknown,Wading,2026-07-07T23:50:22.559647+00:00,point_velocity,Unspecified
05525500,POINT (-87.7235277777778 40.6299166666667),4373e059-54fd-4241-83d9-b2a195129de4,USGS-05525500,4e83e064-0404-e064-e053-0100007fb6d4,284,1971-11-16T06:00:00+00:00,Imported Channel 1,13.2,ft^3/s,,,,,,,,ft,Unspecified,Unspecified,Unspecified,Unspecified,Unspecified,Unknown,Unspecified,2026-07-07T23:50:22.559647+00:00,other_method,Unspecified
05525500,POINT (-87.7235277777778 40.6299166666667),43dbd412-cb41-4e17-a5a0-50acc00dcd9a,USGS-05525500,4e83fb48-752d-ef74-e053-0100007f3c58,465,1989-10-05T18:55:00+00:00,Imported Channel 1,33.6,ft^3/s,44.0,ft,33.0,ft^2,1.02,ft/s,,,Unspecified,Unspecified,Unspecified,Unspecified,Unspecified,Unknown,Wading,2026-07-07T23:50:22.559647+00:00,point_velocity,Unspecified
05525500,POINT (-87.7235277777778 40.6299166666667),441dd6bd-68f8-4d2a-b08e-4343ffc4b544,USGS-05525500,4e83f598-b2c9-ec92-e053-0100007f2bfa,476,1990-10-19T18:50:00+00:00,Imported Channel 1,785,ft^3/s,135,ft,854,ft^2,0.92,ft/s,,,Unspecified,Unspecified,Unspecified,Unspecified,Unspecified,Unknown,BridgeCrane,2026-07-07T23:50:22.559647+00:00,point_velocity,Unspecified
05525500,POINT (-87.7235277777778 40.6299166666667),46d1116d-2c7d-4606-9c31-de9fbdc5ff39,USGS-05525500,4e83e635-9ff6-e401-e053-0100007ff2ee,320,1975-02-06T06:00:00+00:00,Imported Channel 1,730,ft^3/s,,,,,,,,ft,Unspecified,Unspecified,Unspecified,Unspecified,Unspecified,Unknown,Unspecified,2026-07-07T23:50:22.559647+00:00,other_method,Unspecified
05525500,POINT (-87.7235277777778 40.6299166666667),479cc396-7265-4d10-a092-0523348c2441,USGS-05525500,4e83e242-4314-e271-e053-0100007f4dd1,439,1987-01-08T06:00:00+00:00,Imported Channel 1,48.6,ft^3/s,78.0,ft,50.7,ft^2,0.96,ft/s,,,Unspecified,Unspecified,Unspecified,Unspecified,Unspecified,Unknown,Wading,2026-07-07T23:50:22.559647+00:00,point_velocity,Unspecified
05525500,POINT (-87.7235277777778 40.6299166666667),480f9c35-e9a0-4975-893c-836737264c2b,USGS-05525500,4e83e362-a262-e2f9-e053-0100007fc020,358,1978-06-22T06:00:00+00:00,Imported Channel 1,79.8,ft^3/s,,,,,,,,ft,Unspecified,Unspecified,Unspecified,Unspecified,Unspecified,Unknown,Unspecified,2026-07-07T23:50:22.559647+00:00,other_method,Unspecified
05525500,POINT (-87.7235277777778 40.6299166666667),4819ff3f-bca7-4c1d-a150-887b69cae76b,USGS-05525500,4e83f0ac-c666-e9ea-e053-0100007f5a65,297,1973-03-14T06:00:00+00:00,Imported Channel 1,1600,ft^3/s,,,,,,,,ft,Unspecified,Unspecified,Unspecified,Unspecified,Unspecified,Unknown,Unspecified,2026-07-07T23:50:22.559647+00:00,other_method,Unspecified
05525500,POINT (-87.7235277777778 40.6299166666667),482b7ff9-bf98-4c6f-aa70-67a673091987,USGS-05525500,4e83f452-45d2-ec14-e053-0100007f2973,511,1995-12-14T17:45:00+00:00,Imported Channel 1,33.4,ft^3/s,34.0,ft,25.3,ft^2,1.32,ft/s,,,Unspecified,Unspecified,Unspecified,Unspecified,Unspecified,Unknown,Wading,2026-07-07T23:50:22.559647+00:00,point_velocity,Unspecified
05525500,POINT (-87.7235277777778 40.6299166666667),48890384-2a17-42f4-8f7e-5d7124052e69,USGS-05525500,4e83f5ae-9091-ec5e-e053-0100007f5062,517,1996-07-09T18:25:00+00:00,Imported Channel 1,127,ft^3/s,49.0,ft,60.6,ft^2,2.10,ft/s,,,Unspecified,Unspecified,Unspecified,Unspecified,Unspecified,Unknown,Wading,2026-07-07T23:50:22.559647+00:00,point_velocity,Unspecified
05525500,POINT (-87.7235277777778 40.6299166666667),493a5bc8-4ab0-4a2f-9449-53b877a3e3df,USGS-05525500,288e1486-9f82-465b-a07a-ec9b6ec09794,722,2025-07-22T16:13:10+00:00,Sugar Milford,57.0,ft^3/s,82.4,ft,217,ft^2,0.26,ft/s,0.00,ft,Soft,Sand,Even,Even,Standard,Steady,BridgeDownstreamSide,2026-07-07T23:50:22.559647+00:00,adcp,AtTheGage
05525500,POINT (-87.7235277777778 40.6299166666667),4983c1ba-0cdd-455a-8e69-c4220b801f59,USGS-05525500,4e83f95f-eaba-eec7-e053-0100007f8107,654,2015-12-17T20:28:42+00:00,main,451,ft^3/s,123,ft,680,ft^2,0.66,ft/s,,ft,Unspecified,Unspecified,Unspecified,Unspecified,Unspecified,Unknown,BridgeDownstreamSide,2026-07-07T23:50:22.559647+00:00,adcp,AtTheGage
05525500,POINT (-87.7235277777778 40.6299166666667),49a2fd30-0a78-4ff8-963a-e4de0ded0b55,USGS-05525500,4e83f4c9-2b35-ebb6-e053-0100007fd25a,363,1979-01-22T06:00:00+00:00,Imported Channel 1,28.8,ft^3/s,,,,,,,,ft,Unspecified,Unspecified,Unspecified,Unspecified,Unspecified,Unknown,Unspecified,2026-07-07T23:50:22.559647+00:00,other_method,Unspecified
05525500,POINT (-87.7235277777778 40.6299166666667),49e25587-b578-425c-a28c-ee68c3f2bacc,USGS-05525500,4e83d8f5-d7c0-dd1e-e053-0100007f7fcb,268,1970-07-17T06:00:00+00:00,Imported Channel 1,47.0,ft^3/s,,,,,,,,ft,Unspecified,Unspecified,Unspecified,Unspecified,Unspecified,Unknown,Unspecified,2026-07-07T23:50:22.559647+00:00,other_method,Unspecified
05525500,POINT (-87.7235277777778 40.6299166666667),4a22d2e3-3d7c-4bb0-89c6-0179ae37439e,USGS-05525500,4e84037f-037d-f3ab-e053-0100007f3a76,623,2011-01-14T19:08:30+00:00,Imported Channel 1,71.0,ft^3/s,34.3,ft,35.2,ft^2,2.02,ft/s,2000.00,ft,Firm,SiltMud,Even,Even,Uniform,Unknown,Wading,2026-07-07T23:50:22.559647+00:00,point_velocity,Downstream
05525500,POINT (-87.7235277777778 40.6299166666667),4a86b26a-b095-4a28-9800-d9516919b4ae,USGS-05525500,4e83ea7f-17c0-e6c1-e053-0100007faba3,477,1991-03-06T15:25:00+00:00,Imported Channel 1,409,ft^3/s,106,ft,557,ft^2,0.73,ft/s,,,Unspecified,Unspecified,Unspecified,Unspecified,Unspecified,Unknown,BridgeCrane,2026-07-07T23:50:22.559647+00:00,point_velocity,Unspecified
05525500,POINT (-87.7235277777778 40.6299166666667),4ad2d241-910e-49f4-af63-cb95ad1d1945,USGS-05525500,4e83ea83-f569-e6c3-e053-0100007f4de1,532,1998-06-08T17:50:00+00:00,Imported Channel 1,166,ft^3/s,48.0,ft,75.6,ft^2,2.20,ft/s,,,Unspecified,Unspecified,Unspecified,Unspecified,Unspecified,Unknown,Wading,2026-07-07T23:50:22.559647+00:00,point_velocity,Unspecified
05525500,POINT (-87.7235277777778 40.6299166666667),4b81fd16-07e4-4ce5-a4cb-5ba5866e3a68,USGS-05525500,4e83f189-1e77-e9aa-e053-0100007f2130,454,1988-07-25T17:25:00+00:00,Imported Channel 1,9.80,ft^3/s,25.5,ft,11.6,ft^2,0.83,ft/s,,,Unspecified,Unspecified,Unspecified,Unspecified,Unspecified,Unknown,Wading,2026-07-07T23:50:22.559647+00:00,point_velocity,Unspecified
05525500,POINT (-87.7235277777778 40.6299166666667),4ba4d250-0e6b-4ceb-bc90-655ea406595e,USGS-05525500,4e83f784-4c3a-ec88-e053-0100007f58c8,557,2002-01-16T18:22:00+00:00,Imported Channel 1,106,ft^3/s,102,ft,325,ft^2,0.33,ft/s,,,Unspecified,Unspecified,Unspecified,Unspecified,Unspecified,Unknown,BridgeCrane,2026-07-07T23:50:22.559647+00:00,point_velocity,Unspecified
05525500,POINT (-87.7235277777778 40.6299166666667),4bca358f-5d85-4a19-a966-251d57cff772,USGS-05525500,4e83edc0-2000-e852-e053-0100007f5364,425,1985-04-19T06:00:00+00:00,Imported Channel 1,326,ft^3/s,98.0,ft,412,ft^2,0.80,ft/s,,,Unspecified,Unspecified,Unspecified,Unspecified,Unspecified,Unknown,BridgeCrane,2026-07-07T23:50:22.559647+00:00,point_velocity,Unspecified
05525500,POINT (-87.7235277777778 40.6299166666667),4beee934-29ec-4344-ab2e-26fd76af6b54,USGS-05525500,4e840712-a3d7-f554-e053-0100007f1580,609,2008-09-17T01:18:00+00:00,Imported Channel 1,5030,ft^3/s,187,ft,2700,ft^2,1.87,ft/s,,ft,Unspecified,Unspecified,Unspecified,Unspecified,Unspecified,Unknown,Unspecified,2026-07-07T23:50:22.559647+00:00,adcp,Unspecified
05525500,POINT (-87.7235277777778 40.6299166666667),4c53d7f3-0827-4701-b84a-a145650c2dd3,USGS-05525500,5a0669cd-0d07-45fe-b788-214e05be6733,704,2023-06-20T17:08:51+00:00,SUGAR MILFORD,42.4,ft^3/s,64.5,ft,70.9,ft^2,0.60,ft/s,150.00,ft,Soft,SiltMud,Even,Even,NonStandard,Steady,Wading,2026-07-07T23:50:22.559647+00:00,point_velocity,Downstream
05525500,POINT (-87.7235277777778 40.6299166666667),4ca3f652-d7f9-4b52-bdb7-4ecc738f634d,USGS-05525500,4e83f173-d549-ea31-e053-0100007f2b6a,303,1973-08-16T06:00:00+00:00,Imported Channel 1,251,ft^3/s,,,,,,,,ft,Unspecified,Unspecified,Unspecified,Unspecified,Unspecified,Unknown,Unspecified,2026-07-07T23:50:22.559647+00:00,other_method,Unspecified
05525500,POINT (-87.7235277777778 40.6299166666667),4cc9c852-9784-48f0-ace8-abe771884c49,USGS-05525500,4e83df4c-bf78-dfb9-e053-0100007fe2b5,299,1973-04-24T06:00:00+00:00,Imported Channel 1,3890,ft^3/s,,,,,,,,ft,Unspecified,Unspecified,Unspecified,Unspecified,Unspecified,Unknown,Unspecified,2026-07-07T23:50:22.559647+00:00,other_method,Unspecified
05525500,POINT (-87.7235277777778 40.6299166666667),4ddc4e90-8a77-4122-91fe-9e553c4103cc,USGS-05525500,4e83f3b7-6d1f-ebe6-e053-0100007feccc,368,1979-09-11T06:00:00+00:00,Imported Channel 1,45.9,ft^3/s,,,,,,,,ft,Unspecified,Unspecified,Unspecified,Unspecified,Unspecified,Unknown,Unspecified,2026-07-07T23:50:22.559647+00:00,other_method,Unspecified
05525500,POINT (-87.7235277777778 40.6299166666667),4f16862d-bc26-4c65-8fee-b2515b6945ea,USGS-05525500,8a1c7fbf-a19f-4059-91af-69bd9741f753,718,2025-02-10T18:02:48+00:00,Sugar Milford,86.7,ft^3/s,97.0,ft,274,ft^2,0.32,ft/s,0.00,ft,Soft,SiltMud,Even,Even,Standard,Steady,BridgeDownstreamSide,2026-07-07T23:50:22.559647+00:00,adcp,AtTheGage
05525500,POINT (-87.7235277777778 40.6299166666667),4f3e06ec-69e9-4638-9b82-420eabeb6ce3,USGS-05525500,4e83f903-7598-ee8b-e053-0100007fe9dd,445,1987-10-26T17:05:00+00:00,Imported Channel 1,6.27,ft^3/s,10.0,ft,8.18,ft^2,0.77,ft/s,,,Unspecified,Unspecified,Unspecified,Unspecified,Unspecified,Unknown,Wading,2026-07-07T23:50:22.559647+00:00,point_velocity,Unspecified
05525500,POINT (-87.7235277777778 40.6299166666667),4f8a9f01-d746-42c8-851c-7bfed5e5ef12,USGS-05525500,4e83f903-75ba-ee8b-e053-0100007fe9dd,619,2010-06-18T20:52:30+00:00,Imported Channel 1,2650,ft^3/s,174,ft,2160,ft^2,1.23,ft/s,,ft,Soft,SiltMud,Even,Even,Unspecified,Unknown,BridgeDownstreamSide,2026-07-07T23:50:22.559647+00:00,adcp,AtTheGage
05525500,POINT (-87.7235277777778 40.6299166666667),50e57f14-fd23-4e74-8b6d-4c70fe54a831,USGS-05525500,4e83f173-d551-ea31-e053-0100007f2b6a,386,1981-08-14T06:00:00+00:00,Imported Channel 1,112,ft^3/s,,,,,,,,ft,Unspecified,Unspecified,Unspecified,Unspecified,Unspecified,Unknown,Unspecified,2026-07-07T23:50:22.559647+00:00,other_method,Unspecified
05525500,POINT (-87.7235277777778 40.6299166666667),5135da1d-451b-43c0-868e-462ffd57051c,USGS-05525500,4e840a23-2166-f78f-e053-0100007f1fa2,629,2011-10-14T15:26:00+00:00,Imported Channel 1,10.0,ft^3/s,21.6,ft,9.27,ft^2,1.08,ft/s,4000.00,ft,Unspecified,Unspecified,Unspecified,Unspecified,Unspecified,Unknown,Wading,2026-07-07T23:50:22.559647+00:00,point_velocity,Downstream
05525500,POINT (-87.7235277777778 40.6299166666667),513ab086-89a2-4df1-b83a-1509f27ebb05,USGS-05525500,4e83ed4c-0db8-e84e-e053-0100007f5350,390,1981-09-24T06:00:00+00:00,Imported Channel 1,72.3,ft^3/s,49.0,ft,46.8,ft^2,1.54,ft/s,,,Unspecified,Unspecified,Unspecified,Unspecified,Unspecified,Unknown,Wading,2026-07-07T23:50:22.559647+00:00,point_velocity,Unspecified
05525500,POINT (-87.7235277777778 40.6299166666667),5234e838-78f4-4466-8899-4c7e4d9935e8,USGS-05525500,4e83f0fd-9118-e9f0-e053-0100007fdadc,562,2002-08-16T16:09:00+00:00,Imported Channel 1,25.2,ft^3/s,30.0,ft,14.9,ft^2,1.69,ft/s,,,Unspecified,Unspecified,Unspecified,Unspecified,Unspecified,Unknown,Wading,2026-07-07T23:50:22.559647+00:00,point_velocity,Unspecified
05525500,POINT (-87.7235277777778 40.6299166666667),52650155-03cb-4e30-a3c4-b05e5b6809e4,USGS-05525500,4e840a34-e6fc-f78b-e053-0100007f9cd9,614,2009-07-17T14:30:00+00:00,Imported Channel 1,65.0,ft^3/s,34.0,ft,53.0,ft^2,1.23,ft/s,1500.00,ft,Soft,SiltMud,Even,Even,Unspecified,Unknown,Wading,2026-07-07T23:50:22.559647+00:00,point_velocity,Downstream
05525500,POINT (-87.7235277777778 40.6299166666667),52faca22-d4df-4c8b-88b9-de398cf2938d,USGS-05525500,d2549edb-4706-4cc3-846e-0a2af99e5f20,697,2022-08-04T22:07:03+00:00,Sugar Milford,45.5,ft^3/s,92.4,ft,249,ft^2,0.18,ft/s,20.00,ft,Soft,Sand,Even,Even,Standard,Steady,BridgeDownstreamSide,2026-07-07T23:50:22.559647+00:00,adcp,Downstream
05525500,POINT (-87.7235277777778 40.6299166666667),54131cbf-1663-48fc-8ba1-b23c4393b818,USGS-05525500,194771e3-2cc3-4680-ad7e-b6181d665a3e,728,2026-07-07T16:14:54+00:00,Sugar Milford,138,ft^3/s,110,ft,280,ft^2,0.49,ft/s,0.00,ft,Soft,Sand,Even,Even,Standard,Steady,BridgeDownstreamSide,2026-07-07T23:50:22.559647+00:00,adcp,AtTheGage
05525500,POINT (-87.7235277777778 40.6299166666667),5505a5a1-dbea-4a23-8335-975ac056ccbd,USGS-05525500,4e83ded0-4694-e066-e053-0100007fb58a,350,1977-10-18T06:00:00+00:00,Imported Channel 1,468,ft^3/s,,,,,,,,ft,Unspecified,Unspecified,Unspecified,Unspecified,Unspecified,Unknown,Unspecified,2026-07-07T23:50:22.559647+00:00,other_method,Unspecified
05525500,POINT (-87.7235277777778 40.6299166666667),5588373e-bef8-4279-a5d6-f5e0db421335,USGS-05525500,4e83f508-d568-ec50-e053-0100007fb220,567,2003-04-29T15:41:00+00:00,Imported Channel 1,164,ft^3/s,49.0,ft,75.0,ft^2,2.19,ft/s,,,Unspecified,Unspecified,Unspecified,Unspecified,Unspecified,Unknown,Wading,2026-07-07T23:50:22.559647+00:00,point_velocity,Unspecified
05525500,POINT (-87.7235277777778 40.6299166666667),55f1cc20-f546-4cc7-86ab-790932d31cde,USGS-05525500,4e840230-8f1c-f3a3-e053-0100007f77c4,656,2016-03-29T16:14:25+00:00,MAIN,571,ft^3/s,126,ft,802,ft^2,0.71,ft/s,,ft,Soft,SiltMud,Even,Even,Uniform,Unknown,BridgeDownstreamSide,2026-07-07T23:50:22.559647+00:00,adcp,AtTheGage
05525500,POINT (-87.7235277777778 40.6299166666667),56d19b5e-f7f6-4211-9f09-7dc1c8f98300,USGS-05525500,4e83f140-7eed-e9ac-e053-0100007ffe53,513,1996-02-09T19:25:00+00:00,Imported Channel 1,107,ft^3/s,85.0,ft,127,ft^2,0.84,ft/s,,,Unspecified,Unspecified,Unspecified,Unspecified,Unspecified,Unknown,Ice,2026-07-07T23:50:22.559647+00:00,point_velocity,Unspecified
05525500,POINT (-87.7235277777778 40.6299166666667),572f7a10-2325-4146-a2ea-118e95e040d4,USGS-05525500,8bf5890e-e503-4bad-88c2-7a624e856162,721,2025-05-29T20:01:05+00:00,Sugar Milford,236,ft^3/s,117,ft,416,ft^2,0.57,ft/s,0.00,ft,Soft,Sand,Even,Even,Standard,Steady,BridgeDownstreamSide,2026-07-07T23:50:22.559647+00:00,adcp,AtTheGage
05525500,POINT (-87.7235277777778 40.6299166666667),575d7fd4-8eff-4695-9d0f-5a278933ce77,USGS-05525500,4e83fd6f-81d4-f092-e053-0100007f987f,594,2006-06-19T16:01:00+00:00,Imported Channel 1,145,ft^3/s,106,ft,295,ft^2,0.49,ft/s,,ft,Unspecified,Unspecified,Unspecified,Unspecified,Unspecified,Unknown,Unspecified,2026-07-07T23:50:22.559647+00:00,adcp,Unspecified
05525500,POINT (-87.7235277777778 40.6299166666667),579f59f3-9260-47c2-868e-0bf08ff70955,USGS-05525500,4e83d94b-c32c-dcf4-e053-0100007f1e37,309,1974-03-15T06:00:00+00:00,Imported Channel 1,717,ft^3/s,,,,,,,,ft,Unspecified,Unspecified,Unspecified,Unspecified,Unspecified,Unknown,Unspecified,2026-07-07T23:50:22.559647+00:00,other_method,Unspecified
05525500,POINT (-87.7235277777778 40.6299166666667),596e63fe-bbd8-40ee-9913-af2786428344,USGS-05525500,4e83ed4c-0dcf-e84e-e053-0100007f5350,529,1998-02-25T16:45:00+00:00,Imported Channel 1,275,ft^3/s,58.0,ft,134,ft^2,2.05,ft/s,,,Unspecified,Unspecified,Unspecified,Unspecified,Unspecified,Unknown,Wading,2026-07-07T23:50:22.559647+00:00,point_velocity,Unspecified
05525500,POINT (-87.7235277777778 40.6299166666667),597317bc-932f-4729-b84a-bedb47e217b8,USGS-05525500,4e83fd6f-81d3-f092-e053-0100007f987f,590,2005-10-11T20:18:00+00:00,Imported Channel 1,50.6,ft^3/s,35.0,ft,27.5,ft^2,1.84,ft/s,,,Unspecified,Unspecified,Unspecified,Unspecified,Unspecified,Unknown,Wading,2026-07-07T23:50:22.559647+00:00,point_velocity,Unspecified
05525500,POINT (-87.7235277777778 40.6299166666667),59b960f3-31aa-48b0-b543-9dea04cb002e,USGS-05525500,ba79bb5e-caeb-43c7-82b9-5a169597696e,695,2022-04-04T22:53:14+00:00,Sugar Milford,839,ft^3/s,140,ft,963,ft^2,0.87,ft/s,20.00,ft,Soft,Sand,Even,Even,Standard,Steady,BridgeDownstreamSide,2026-07-07T23:50:22.559647+00:00,adcp,Downstream
05525500,POINT (-87.7235277777778 40.6299166666667),5a3ede23-cac5-49c0-9251-a227a3eb04ef,USGS-05525500,4e83ed81-ac45-e84c-e053-0100007f7b6c,318,1974-12-13T06:00:00+00:00,Imported Channel 1,254,ft^3/s,,,,,,,,ft,Unspecified,Unspecified,Unspecified,Unspecified,Unspecified,Unknown,Unspecified,2026-07-07T23:50:22.559647+00:00,other_method,Unspecified
05525500,POINT (-87.7235277777778 40.6299166666667),5aa026f0-7c4a-43e5-a6ff-2f007fa81e28,USGS-05525500,4e83f917-d1c6-ee8d-e053-0100007fd3b2,519,1996-10-17T19:00:00+00:00,Imported Channel 1,9.84,ft^3/s,22.8,ft,8.51,ft^2,1.16,ft/s,,,Unspecified,Unspecified,Unspecified,Unspecified,Unspecified,Unknown,Wading,2026-07-07T23:50:22.559647+00:00,point_velocity,Unspecified
05525500,POINT (-87.7235277777778 40.6299166666667),5c43ea85-e62a-4722-b7ee-2931b0670124,USGS-05525500,4e8402e4-8baf-f3e3-e053-0100007f18b9,603,2008-01-09T18:38:00+00:00,Imported Channel 1,13800,ft^3/s,1150,ft,4610,ft^2,2.99,ft/s,,ft,Unspecified,Unspecified,Unspecified,Unspecified,Unspecified,Unknown,Unspecified,2026-07-07T23:50:22.559647+00:00,adcp,Unspecified
05525500,POINT (-87.7235277777778 40.6299166666667),5cbfee86-75f8-470c-a446-9de916c01877,USGS-05525500,4e83e445-600d-e2b6-e053-0100007ffcd3,452,1988-07-05T15:15:00+00:00,Imported Channel 1,10.1,ft^3/s,25.8,ft,128,ft^2,0.79,ft/s,,,Unspecified,Unspecified,Unspecified,Unspecified,Unspecified,Unknown,Wading,2026-07-07T23:50:22.559647+00:00,point_velocity,Unspecified
05525500,POINT (-87.7235277777778 40.6299166666667),5d12b7a2-63c8-464f-8656-e79a6ab9711f,USGS-05525500,4e83e242-4315-e271-e053-0100007f4dd1,441,1987-04-06T06:00:00+00:00,Imported Channel 1,60.5,ft^3/s,45.0,ft,76.2,ft^2,0.79,ft/s,,,Unspecified,Unspecified,Unspecified,Unspecified,Unspecified,Unknown,Wading,2026-07-07T23:50:22.559647+00:00,point_velocity,Unspecified
05525500,POINT (-87.7235277777778 40.6299166666667),5e04aead-2ba3-4950-9b86-502163a437dd,USGS-05525500,c8e39c3d-403b-4a3f-a26b-67982a84bc5c,711,2024-04-03T15:57:13+00:00,Sugar Milford,1600,ft^3/s,161,ft,1480,ft^2,1.08,ft/s,20.00,ft,Soft,SiltMud,Even,Even,Uniform,Steady,BridgeDownstreamSide,2026-07-07T23:50:22.559647+00:00,adcp,Downstream
05525500,POINT (-87.7235277777778 40.6299166666667),5e2ba90e-91a2-42ee-831a-f6fbf52d6513,USGS-05525500,4e83df47-a460-e08e-e053-0100007fe15a,266,1970-05-21T06:00:00+00:00,Imported Channel 1,589,ft^3/s,,,,,,,,ft,Unspecified,Unspecified,Unspecified,Unspecified,Unspecified,Unknown,Unspecified,2026-07-07T23:50:22.559647+00:00,other_method,Unspecified
05525500,POINT (-87.7235277777778 40.6299166666667),5e484bb8-801a-47f3-afc9-a5aeb94b0744,USGS-05525500,4e83f502-ab04-ec38-e053-0100007f9af8,543,1999-12-01T18:05:00+00:00,Imported Channel 1,8.38,ft^3/s,33.0,ft,33.2,ft^2,0.25,ft/s,,,Unspecified,Unspecified,Unspecified,Unspecified,Unspecified,Unknown,Wading,2026-07-07T23:50:22.559647+00:00,point_velocity,Unspecified
05525500,POINT (-87.7235277777778 40.6299166666667),5e85541f-b7a8-4a47-b82e-e0c23d2e8fa0,USGS-05525500,4e83f0f3-f52e-ea73-e053-0100007fbf12,288,1972-04-14T06:00:00+00:00,Imported Channel 1,670,ft^3/s,,,,,,,,ft,Unspecified,Unspecified,Unspecified,Unspecified,Unspecified,Unknown,Unspecified,2026-07-07T23:50:22.559647+00:00,other_method,Unspecified
05525500,POINT (-87.7235277777778 40.6299166666667),5ece320b-862b-4006-8262-738d2217f12a,USGS-05525500,4e83e6dd-2a5c-e473-e053-0100007f4d30,411,1984-01-13T06:00:00+00:00,Imported Channel 1,123,ft^3/s,49.0,ft,78.7,ft^2,1.56,ft/s,,,Unspecified,Unspecified,Unspecified,Unspecified,Unspecified,Unknown,Wading,2026-07-07T23:50:22.559647+00:00,point_velocity,Unspecified
05525500,POINT (-87.7235277777778 40.6299166666667),5f3c1b5b-4b71-4425-af35-77eb901b4bfe,USGS-05525500,4e83ea08-fff2-e673-e053-0100007fa0eb,351,1977-12-01T06:00:00+00:00,Imported Channel 1,552,ft^3/s,,,,,,,,ft,Unspecified,Unspecified,Unspecified,Unspecified,Unspecified,Unknown,Unspecified,2026-07-07T23:50:22.559647+00:00,other_method,Unspecified
05525500,POINT (-87.7235277777778 40.6299166666667),6072f281-09d7-4031-bdce-1750a0dc0ea8,USGS-05525500,4e83f4c9-2b34-ebb6-e053-0100007fd25a,349,1977-09-10T06:00:00+00:00,Imported Channel 1,46.9,ft^3/s,,,,,,,,ft,Unspecified,Unspecified,Unspecified,Unspecified,Unspecified,Unknown,Unspecified,2026-07-07T23:50:22.559647+00:00,other_method,Unspecified
05525500,POINT (-87.7235277777778 40.6299166666667),608f13d9-8374-482b-840a-c35b39d2d97e,USGS-05525500,4e83ea11-33ab-e671-e053-0100007fbf9e,581,2004-08-04T17:02:00+00:00,Imported Channel 1,68.4,ft^3/s,35.0,ft,35.0,ft^2,1.95,ft/s,,,Unspecified,Unspecified,Unspecified,Unspecified,Unspecified,Unknown,Wading,2026-07-07T23:50:22.559647+00:00,point_velocity,Unspecified
05525500,POINT (-87.7235277777778 40.6299166666667),626f5aef-9240-427c-8193-17aedff6a5d5,USGS-05525500,4e83f0c2-8f3e-ea10-e053-0100007fd09f,270,1970-09-25T06:00:00+00:00,Imported Channel 1,3410,ft^3/s,,,,,,,,ft,Unspecified,Unspecified,Unspecified,Unspecified,Unspecified,Unknown,Unspecified,2026-07-07T23:50:22.559647+00:00,other_method,Unspecified
05525500,POINT (-87.7235277777778 40.6299166666667),63e224a9-d55c-48d2-81b4-aab6f50f9341,USGS-05525500,e9f65dc0-793e-4364-8097-9d5d0b648658,723,2025-09-22T20:25:10+00:00,Sugar Milford,9.52,ft^3/s,37.5,ft,15.0,ft^2,0.64,ft/s,150.00,ft,Firm,Sand,Even,Even,Standard,Steady,Wading,2026-07-07T23:50:22.559647+00:00,point_velocity,Downstream
05525500,POINT (-87.7235277777778 40.6299166666667),644e092e-b29a-49d4-ba1f-a333a25b92b1,USGS-05525500,4e83df47-a467-e08e-e053-0100007fe15a,383,1981-05-22T06:00:00+00:00,Imported Channel 1,871,ft^3/s,143,ft,1030,ft^2,0.80,ft/s,,,Unspecified,Unspecified,Unspecified,Unspecified,Unspecified,Unknown,BridgeCrane,2026-07-07T23:50:22.559647+00:00,point_velocity,Unspecified
05525500,POINT (-87.7235277777778 40.6299166666667),649e4653-2724-42e0-8f72-c9bf85f4ea97,USGS-05525500,4e83f4c9-2b4f-ebb6-e053-0100007fd25a,501,1994-04-13T15:35:00+00:00,Imported Channel 1,15700,ft^3/s,1680,ft,5210,ft^2,3.02,ft/s,,,Unspecified,Unspecified,Unspecified,Unspecified,Unspecified,Unknown,BridgeCrane,2026-07-07T23:50:22.559647+00:00,point_velocity,Unspecified
05525500,POINT (-87.7235277777778 40.6299166666667),655e94b1-9560-4bdf-8db5-0f945350f91d,USGS-05525500,4e83e20a-5f01-e247-e053-0100007f903e,354,1978-02-23T06:00:00+00:00,Imported Channel 1,63.0,ft^3/s,,,,,,,,ft,Unspecified,Unspecified,Unspecified,Unspecified,Unspecified,Unknown,Unspecified,2026-07-07T23:50:22.559647+00:00,other_method,Unspecified
05525500,POINT (-87.7235277777778 40.6299166666667),65e96e0b-2dcd-4b09-9c4f-e31c5bc1ff7b,USGS-05525500,4e83f0c2-8f3d-ea10-e053-0100007fd09f,267,1970-06-23T06:00:00+00:00,Imported Channel 1,185,ft^3/s,,,,,,,,ft,Unspecified,Unspecified,Unspecified,Unspecified,Unspecified,Unknown,Unspecified,2026-07-07T23:50:22.559647+00:00,other_method,Unspecified
05525500,POINT (-87.7235277777778 40.6299166666667),66528733-9f9f-4427-adb7-be507ee43b4b,USGS-05525500,4e84065f-40e0-f550-e053-0100007f8f6d,602,2007-12-14T19:49:00+00:00,Imported Channel 1,2130,ft^3/s,160,ft,1820,ft^2,1.17,ft/s,,ft,Unspecified,Unspecified,Unspecified,Unspecified,Unspecified,Unknown,Unspecified,2026-07-07T23:50:22.559647+00:00,adcp,Unspecified
05525500,POINT (-87.7235277777778 40.6299166666667),668d8375-aa85-4e20-9347-c899b679dfc1,USGS-05525500,4e83e25d-634e-e273-e053-0100007f29c5,522,1997-03-12T17:00:00+00:00,Imported Channel 1,765,ft^3/s,139,ft,930,ft^2,0.82,ft/s,,,Unspecified,Unspecified,Unspecified,Unspecified,Unspecified,Unknown,BridgeCrane,2026-07-07T23:50:22.559647+00:00,point_velocity,Unspecified
05525500,POINT (-87.7235277777778 40.6299166666667),679eae0f-fb78-49a3-9c10-7608f531a77f,USGS-05525500,515f69b1-39b8-a865-e053-0100007f60cf,662,2017-05-04T21:54:39+00:00,MAIN,2220,ft^3/s,175,ft,1620,ft^2,1.37,ft/s,0.00,ft,Unspecified,Unspecified,Unspecified,Unspecified,Unspecified,Unknown,BridgeDownstreamSide,2026-07-07T23:50:22.559647+00:00,adcp,AtTheGage
05525500,POINT (-87.7235277777778 40.6299166666667),683a1438-ddd0-4b1c-8c9d-eda15b930ba3,USGS-05525500,4e83f200-9db8-eaf7-e053-0100007fbf92,420,1984-10-29T06:00:00+00:00,Imported Channel 1,18.6,ft^3/s,23.0,ft,16.6,ft^2,3.54,ft/s,,,Unspecified,Unspecified,Unspecified,Unspecified,Unspecified,Unknown,Wading,2026-07-07T23:50:22.559647+00:00,point_velocity,Unspecified
05525500,POINT (-87.7235277777778 40.6299166666667),6a2984df-5348-43a4-92cb-89c3dc19c8a1,USGS-05525500,b33c0a44-9499-41cc-b475-c644d3815f56,698,2022-10-06T21:24:34+00:00,Sugar Milford,10.1,ft^3/s,34.0,ft,23.5,ft^2,0.43,ft/s,30.00,ft,Soft,SiltMud,Uneven,Even,Standard,Steady,Wading,2026-07-07T23:50:22.559647+00:00,point_velocity,Downstream
05525500,POINT (-87.7235277777778 40.6299166666667),6b2a2691-64cc-41b6-a3a5-78495828a977,USGS-05525500,ecafe083-63a3-4ec7-bf18-a6642b1d2f92,720,2025-03-31T21:08:19+00:00,Sugar Milford,468,ft^3/s,127,ft,607,ft^2,0.77,ft/s,0.00,ft,Soft,Sand,Even,Even,Standard,Steady,BridgeDownstreamSide,2026-07-07T23:50:22.559647+00:00,adcp,AtTheGage
05525500,POINT (-87.7235277777778 40.6299166666667),6bbbdd91-d5a7-4fc8-b940-09e5d82cb00f,USGS-05525500,4e83f641-0b1c-eba6-e053-0100007fac23,505,1994-12-16T14:45:00+00:00,Imported Channel 1,251,ft^3/s,103,ft,412,ft^2,0.61,ft/s,,,Unspecified,Unspecified,Unspecified,Unspecified,Unspecified,Unknown,BridgeCrane,2026-07-07T23:50:22.559647+00:00,point_velocity,Unspecified
05525500,POINT (-87.7235277777778 40.6299166666667),6cda7b60-ccb8-4b6d-836f-82aefaff7c4a,USGS-05525500,4e840a69-b383-f75b-e053-0100007fe63f,646,2014-07-08T15:40:00+00:00,main,204,ft^3/s,48.0,ft,123,ft^2,1.66,ft/s,500.00,ft,Unspecified,Unspecified,Unspecified,Unspecified,Unspecified,Unknown,Wading,2026-07-07T23:50:22.559647+00:00,point_velocity,Downstream
05525500,POINT (-87.7235277777778 40.6299166666667),6de43e1e-515a-4873-b9a9-9348dccdc111,USGS-05525500,4e83f189-1e78-e9aa-e053-0100007f2130,455,1988-08-18T14:25:00+00:00,Imported Channel 1,3.46,ft^3/s,21.0,ft,9.56,ft^2,0.36,ft/s,,,Unspecified,Unspecified,Unspecified,Unspecified,Unspecified,Unknown,Wading,2026-07-07T23:50:22.559647+00:00,point_velocity,Unspecified
05525500,POINT (-87.7235277777778 40.6299166666667),6de9adf0-bf1d-4455-b9d1-c9763a25d4aa,USGS-05525500,4e84036b-80b0-f421-e053-0100007ffdd7,545,2000-03-23T18:50:00+00:00,Imported Channel 1,179,ft^3/s,44.0,ft,74.5,ft^2,2.40,ft/s,,,Unspecified,Unspecified,Unspecified,Unspecified,Unspecified,Unknown,Wading,2026-07-07T23:50:22.559647+00:00,point_velocity,Unspecified
05525500,POINT (-87.7235277777778 40.6299166666667),6f0b6b26-2835-4cf0-bee6-075ff23806fb,USGS-05525500,4e83e6dc-2a98-e3f9-e053-0100007f4b47,259,1969-10-06T06:00:00+00:00,Imported Channel 1,11.0,ft^3/s,,,,,,,,ft,Unspecified,Unspecified,Unspecified,Unspecified,Unspecified,Unknown,Unspecified,2026-07-07T23:50:22.559647+00:00,other_method,Unspecified
05525500,POINT (-87.7235277777778 40.6299166666667),6f1544ba-59dd-43f2-976c-7692b7ea7560,USGS-05525500,4e83dc60-59fa-df3d-e053-0100007f3a12,364,1979-03-07T06:00:00+00:00,Imported Channel 1,2450,ft^3/s,,,,,,,,ft,Unspecified,Unspecified,Unspecified,Unspecified,Unspecified,Unknown,Unspecified,2026-07-07T23:50:22.559647+00:00,other_method,Unspecified
05525500,POINT (-87.7235277777778 40.6299166666667),6f879814-a4a3-429d-b677-486d68927e03,USGS-05525500,4e83e69c-4c98-e475-e053-0100007f9192,289,1972-05-31T06:00:00+00:00,Imported Channel 1,127,ft^3/s,,,,,,,,ft,Unspecified,Unspecified,Unspecified,Unspecified,Unspecified,Unknown,Unspecified,2026-07-07T23:50:22.559647+00:00,other_method,Unspecified
05525500,POINT (-87.7235277777778 40.6299166666667),704591c8-59b0-436f-ad8b-1b390d4ee724,USGS-05525500,4e83de69-d7bc-e06a-e053-0100007fd78e,381,1981-04-07T06:00:00+00:00,Imported Channel 1,54.7,ft^3/s,36.0,ft,27.8,ft^2,1.97,ft/s,,,Unspecified,Unspecified,Unspecified,Unspecified,Unspecified,Unknown,Wading,2026-07-07T23:50:22.559647+00:00,point_velocity,Unspecified
05525500,POINT (-87.7235277777778 40.6299166666667),710f6b9a-0699-4962-abee-18088a79fcdc,USGS-05525500,4e83e635-9ff1-e401-e053-0100007ff2ee,282,1971-09-16T06:00:00+00:00,Imported Channel 1,13.9,ft^3/s,,,,,,,,ft,Unspecified,Unspecified,Unspecified,Unspecified,Unspecified,Unknown,Unspecified,2026-07-07T23:50:22.559647+00:00,other_method,Unspecified
05525500,POINT (-87.7235277777778 40.6299166666667),71a835a0-4f53-46f2-8ab4-bde7c6892853,USGS-05525500,4e83e010-0eac-e0ae-e053-0100007fec42,482,1991-10-10T14:40:00+00:00,Imported Channel 1,19.2,ft^3/s,36.5,ft,38.8,ft^2,0.50,ft/s,,,Unspecified,Unspecified,Unspecified,Unspecified,Unspecified,Unknown,Wading,2026-07-07T23:50:22.559647+00:00,point_velocity,Unspecified
05525500,POINT (-87.7235277777778 40.6299166666667),72603d6e-0a87-4251-a0da-d9e0f2ae882c,USGS-05525500,4e83ea33-6c64-e60b-e053-0100007f0b20,491,1992-11-04T18:45:00+00:00,Imported Channel 1,2710,ft^3/s,174,ft,1970,ft^2,1.38,ft/s,,,Unspecified,Unspecified,Unspecified,Unspecified,Unspecified,Unknown,BridgeCrane,2026-07-07T23:50:22.559647+00:00,point_velocity,Unspecified
05525500,POINT (-87.7235277777778 40.6299166666667),72729e08-20f5-4b84-ae32-7bd1a24077c9,USGS-05525500,ab5477a0-99b1-40f7-945a-6d979cc815bc,680,2020-05-01T15:28:22+00:00,main,2940,ft^3/s,171,ft,1980,ft^2,1.49,ft/s,0.00,ft,Firm,Cobbles,Even,Even,Unspecified,Unspecified,BridgeDownstreamSide,2026-07-07T23:50:22.559647+00:00,adcp,AtTheGage
05525500,POINT (-87.7235277777778 40.6299166666667),728d6353-3804-4d4f-af30-6307f91d5cd2,USGS-05525500,8aaa415a-9606-30c2-e053-0100007f8034,675,2019-05-30T16:22:34+00:00,main,735,ft^3/s,135,ft,923,ft^2,0.80,ft/s,,ft,Soft,SiltMud,Uneven,Unspecified,Unspecified,Unspecified,BridgeDownstreamSide,2026-07-07T23:50:22.559647+00:00,adcp,Unspecified
05525500,POINT (-87.7235277777778 40.6299166666667),7565d333-f318-438e-85df-9219d4d2f6ff,USGS-05525500,4e83f6d3-b9e2-ebaa-e053-0100007f94a1,486,1992-05-11T19:00:00+00:00,Imported Channel 1,137,ft^3/s,56.0,ft,106,ft^2,1.29,ft/s,,,Unspecified,Unspecified,Unspecified,Unspecified,Unspecified,Unknown,Wading,2026-07-07T23:50:22.559647+00:00,point_velocity,Unspecified
05525500,POINT (-87.7235277777778 40.6299166666667),7567e490-b7ca-45af-887d-6c8ddc7f6c18,USGS-05525500,4e840230-8f17-f3a3-e053-0100007f77c4,640,2013-07-02T20:25:42+00:00,MAIN,458,ft^3/s,120,ft,669,ft^2,0.68,ft/s,,ft,Unspecified,Unspecified,Unspecified,Unspecified,Unspecified,Unknown,BridgeDownstreamSide,2026-07-07T23:50:22.559647+00:00,adcp,AtTheGage
05525500,POINT (-87.7235277777778 40.6299166666667),7576d5b1-2f8a-48b5-a519-6cbec34cd9c2,USGS-05525500,4e83fd18-4c48-f096-e053-0100007f3054,484,1992-01-22T15:30:00+00:00,Imported Channel 1,186,ft^3/s,74.0,ft,140,ft^2,1.33,ft/s,,,Unspecified,Unspecified,Unspecified,Unspecified,Unspecified,Unknown,Wading,2026-07-07T23:50:22.559647+00:00,point_velocity,Unspecified
05525500,POINT (-87.7235277777778 40.6299166666667),7582e66a-6bb6-4ddd-918f-afb843dd6663,USGS-05525500,4e84064b-dfcd-f552-e053-0100007fea04,582,2004-08-25T20:05:00+00:00,Imported Channel 1,1690,ft^3/s,163,ft,1610,ft^2,1.05,ft/s,,,Unspecified,Unspecified,Unspecified,Unspecified,Unspecified,Unknown,BridgeCrane,2026-07-07T23:50:22.559647+00:00,point_velocity,Unspecified
05525500,POINT (-87.7235277777778 40.6299166666667),75ea18fc-5d1e-47ba-a294-b288721b8072,USGS-05525500,4e83f200-9dbf-eaf7-e053-0100007fbf92,462,1989-04-05T15:50:00+00:00,Imported Channel 1,2030,ft^3/s,150,ft,1330,ft^2,1.53,ft/s,,,Unspecified,Unspecified,Unspecified,Unspecified,Unspecified,Unknown,BridgeCrane,2026-07-07T23:50:22.559647+00:00,point_velocity,Unspecified
05525500,POINT (-87.7235277777778 40.6299166666667),76e481ec-61c4-45cd-b526-6c23b3afb086,USGS-05525500,4e83ed33-de47-e850-e053-0100007f8426,487,1992-07-02T18:50:00+00:00,Imported Channel 1,64.0,ft^3/s,51.0,ft,63.2,ft^2,1.01,ft/s,,,Unspecified,Unspecified,Unspecified,Unspecified,Unspecified,Unknown,Wading,2026-07-07T23:50:22.559647+00:00,point_velocity,Unspecified
05525500,POINT (-87.7235277777778 40.6299166666667),772d2a12-dc92-45aa-b77b-60619050afed,USGS-05525500,4e83e37f-3e96-e2b8-e053-0100007f387b,301,1973-06-14T06:00:00+00:00,Imported Channel 1,429,ft^3/s,,,,,,,,ft,Unspecified,Unspecified,Unspecified,Unspecified,Unspecified,Unknown,Unspecified,2026-07-07T23:50:22.559647+00:00,other_method,Unspecified
05525500,POINT (-87.7235277777778 40.6299166666667),772dbb49-a4c0-4abb-aad0-f774fbf9e4e4,USGS-05525500,4e83f041-2b83-e9ee-e053-0100007fadaa,520,1996-12-13T15:55:00+00:00,Imported Channel 1,835,ft^3/s,144,ft,1060,ft^2,0.79,ft/s,,,Unspecified,Unspecified,Unspecified,Unspecified,Unspecified,Unknown,BridgeCrane,2026-07-07T23:50:22.559647+00:00,point_velocity,Unspecified
05525500,POINT (-87.7235277777778 40.6299166666667),77a5f6f4-4028-4903-b508-07bb13df24ec,USGS-05525500,4e83f6c3-1ad0-ec60-e053-0100007f6e86,622,2010-12-06T21:07:30+00:00,Imported Channel 1,41.2,ft^3/s,30.0,ft,23.2,ft^2,1.78,ft/s,600.00,ft,Soft,Sand,Even,Even,Standard,Unknown,Wading,2026-07-07T23:50:22.559647+00:00,point_velocity,Downstream
05525500,POINT (-87.7235277777778 40.6299166666667),77ca11f1-613a-487b-a97c-7fe424c98891,USGS-05525500,4e83fd6f-81c7-f092-e053-0100007f987f,508,1995-09-11T20:00:00+00:00,Imported Channel 1,13.5,ft^3/s,42.0,ft,41.6,ft^2,0.32,ft/s,,,Unspecified,Unspecified,Unspecified,Unspecified,Unspecified,Unknown,Wading,2026-07-07T23:50:22.559647+00:00,point_velocity,Unspecified
05525500,POINT (-87.7235277777778 40.6299166666667),78587967-e692-4bd5-a30d-d7f9dd4615ad,USGS-05525500,676e1ed1-997f-4e30-b378-9b24534579a8,689,2021-05-25T15:57:44+00:00,Sugar Milford,291,ft^3/s,117,ft,386,ft^2,0.76,ft/s,0.00,ft,Soft,Sand,Even,Even,Standard,Steady,BridgeDownstreamSide,2026-07-07T23:50:22.559647+00:00,adcp,AtTheGage
05525500,POINT (-87.7235277777778 40.6299166666667),7955458e-94a3-436b-92ad-0cb553682e75,USGS-05525500,4e83f4c9-2b3a-ebb6-e053-0100007fd25a,402,1983-02-07T06:00:00+00:00,Imported Channel 1,396,ft^3/s,129,ft,536,ft^2,0.74,ft/s,,,Unspecified,Unspecified,Unspecified,Unspecified,Unspecified,Unknown,BridgeCrane,2026-07-07T23:50:22.559647+00:00,point_velocity,Unspecified
05525500,POINT (-87.7235277777778 40.6299166666667),7a06b412-55bf-49bc-ae95-28dc44b2a5f1,USGS-05525500,4e8402eb-5fa1-f3e5-e053-0100007feae3,632,2012-05-09T20:03:30+00:00,Imported Channel 1,2180,ft^3/s,157,ft,1640,ft^2,1.33,ft/s,,ft,Soft,SiltMud,Even,Even,Unspecified,Unknown,BridgeDownstreamSide,2026-07-07T23:50:22.559647+00:00,adcp,AtTheGage
05525500,POINT (-87.7235277777778 40.6299166666667),7abca28d-503b-4235-b2a5-d3651e8838ae,USGS-05525500,4e83f11b-efcd-ea37-e053-0100007f8378,596,2006-10-02T16:02:00+00:00,Imported Channel 1,37.9,ft^3/s,31.5,ft,23.0,ft^2,1.65,ft/s,,,Unspecified,Unspecified,Unspecified,Unspecified,Unspecified,Unknown,Wading,2026-07-07T23:50:22.559647+00:00,point_velocity,Unspecified
05525500,POINT (-87.7235277777778 40.6299166666667),7b382ba2-eb11-40ce-97c6-2c53592073eb,USGS-05525500,4e83ea11-33ad-e671-e053-0100007fbf9e,591,2006-01-12T21:35:00+00:00,Imported Channel 1,196,ft^3/s,49.0,ft,91.8,ft^2,2.14,ft/s,,,Unspecified,Unspecified,Unspecified,Unspecified,Unspecified,Unknown,Wading,2026-07-07T23:50:22.559647+00:00,point_velocity,Unspecified
05525500,POINT (-87.7235277777778 40.6299166666667),7b925512-a601-455b-a1f6-ac9d72970462,USGS-05525500,4e83dd96-9269-dffe-e053-0100007f4e95,438,1986-12-01T06:00:00+00:00,Imported Channel 1,77.2,ft^3/s,34.0,ft,56.6,ft^2,1.36,ft/s,,,Unspecified,Unspecified,Unspecified,Unspecified,Unspecified,Unknown,Wading,2026-07-07T23:50:22.559647+00:00,point_velocity,Unspecified
05525500,POINT (-87.7235277777778 40.6299166666667),7bcfdbc9-f2c2-44d7-a2ee-089b2c7f4c07,USGS-05525500,4e83fb48-752f-ef74-e053-0100007f3c58,469,1990-02-24T18:25:00+00:00,Imported Channel 1,6500,ft^3/s,198,ft,2780,ft^2,2.34,ft/s,,,Unspecified,Unspecified,Unspecified,Unspecified,Unspecified,Unknown,BridgeCrane,2026-07-07T23:50:22.559647+00:00,point_velocity,Unspecified
05525500,POINT (-87.7235277777778 40.6299166666667),7bede351-6c6d-48bb-840b-2ffa81b02e40,USGS-05525500,4e83f0c2-8f48-ea10-e053-0100007fd09f,406,1983-06-13T06:00:00+00:00,Imported Channel 1,131,ft^3/s,60.0,ft,81.6,ft^2,1.61,ft/s,,,Unspecified,Unspecified,Unspecified,Unspecified,Unspecified,Unknown,Wading,2026-07-07T23:50:22.559647+00:00,point_velocity,Unspecified
05525500,POINT (-87.7235277777778 40.6299166666667),7bee522b-a21b-4815-a826-a866c7504540,USGS-05525500,4e83fbe6-c12b-efcc-e053-0100007f8917,474,1990-08-10T17:10:00+00:00,Imported Channel 1,57.4,ft^3/s,50.0,ft,82.7,ft^2,0.69,ft/s,,,Unspecified,Unspecified,Unspecified,Unspecified,Unspecified,Unknown,Wading,2026-07-07T23:50:22.559647+00:00,point_velocity,Unspecified
05525500,POINT (-87.7235277777778 40.6299166666667),7cf95eb0-b2ca-4607-8afc-916202eabdfa,USGS-05525500,4e83dc3b-6b8e-de95-e053-0100007fc591,269,1970-08-05T06:00:00+00:00,Imported Channel 1,103,ft^3/s,,,,,,,,ft,Unspecified,Unspecified,Unspecified,Unspecified,Unspecified,Unknown,Unspecified,2026-07-07T23:50:22.559647+00:00,other_method,Unspecified
05525500,POINT (-87.7235277777778 40.6299166666667),7def9b0c-5d58-4357-b2c8-8db3071569e8,USGS-05525500,4e83fe0c-c32e-f11c-e053-0100007f449f,560,2002-05-01T15:40:00+00:00,Imported Channel 1,1360,ft^3/s,157,ft,1280,ft^2,1.06,ft/s,,,Unspecified,Unspecified,Unspecified,Unspecified,Unspecified,Unknown,BridgeCrane,2026-07-07T23:50:22.559647+00:00,point_velocity,Unspecified
05525500,POINT (-87.7235277777778 40.6299166666667),7e2c929b-aa75-488e-8fa8-d0275942d714,USGS-05525500,4e83f598-b2c5-ec92-e053-0100007f2bfa,396,1982-06-21T06:00:00+00:00,Imported Channel 1,150,ft^3/s,64.3,ft,88.7,ft^2,1.69,ft/s,,,Unspecified,Unspecified,Unspecified,Unspecified,Unspecified,Unknown,Wading,2026-07-07T23:50:22.559647+00:00,point_velocity,Unspecified
05525500,POINT (-87.7235277777778 40.6299166666667),7e88ef42-eb57-4c22-823a-8f908d02478b,USGS-05525500,4e83dc06-1f36-de99-e053-0100007f88e6,370,1979-12-12T06:00:00+00:00,Imported Channel 1,55.0,ft^3/s,,,,,,,,ft,Unspecified,Unspecified,Unspecified,Unspecified,Unspecified,Unknown,Unspecified,2026-07-07T23:50:22.559647+00:00,other_method,Unspecified
05525500,POINT (-87.7235277777778 40.6299166666667),7f8ee5b1-0fcb-44da-9884-916f7151b1ab,USGS-05525500,4e83f15b-9cc1-ea2b-e053-0100007f673e,531,1998-05-08T21:30:00+00:00,Imported Channel 1,9210,ft^3/s,196,ft,3010,ft^2,3.06,ft/s,,,Unspecified,Unspecified,Unspecified,Unspecified,Unspecified,Unknown,BridgeCrane,2026-07-07T23:50:22.559647+00:00,point_velocity,Unspecified
05525500,POINT (-87.7235277777778 40.6299166666667),8010c509-9c5c-45b1-9faf-9a3664903cfb,USGS-05525500,4e83e9a1-fa43-e605-e053-0100007f56f6,373,1980-03-20T06:00:00+00:00,Imported Channel 1,1810,ft^3/s,,,,,,,,ft,Unspecified,Unspecified,Unspecified,Unspecified,Unspecified,Unknown,Unspecified,2026-07-07T23:50:22.559647+00:00,other_method,Unspecified
05525500,POINT (-87.7235277777778 40.6299166666667),82630d52-d534-4124-8a2a-9ecdf57dab60,USGS-05525500,4e83e1f2-c892-e245-e053-0100007f7c00,312,1974-06-13T06:00:00+00:00,Imported Channel 1,392,ft^3/s,,,,,,,,ft,Unspecified,Unspecified,Unspecified,Unspecified,Unspecified,Unknown,Unspecified,2026-07-07T23:50:22.559647+00:00,other_method,Unspecified
05525500,POINT (-87.7235277777778 40.6299166666667),836fb10d-bf2b-4956-b953-66016446d6d0,USGS-05525500,4e83f531-68ac-ec52-e053-0100007fa584,451,1988-06-21T17:20:00+00:00,Imported Channel 1,20.6,ft^3/s,36.5,ft,25.6,ft^2,0.80,ft/s,,,Unspecified,Unspecified,Unspecified,Unspecified,Unspecified,Unknown,Wading,2026-07-07T23:50:22.559647+00:00,point_velocity,Unspecified
05525500,POINT (-87.7235277777778 40.6299166666667),8390d309-d0d5-4409-ab51-157e8b6e39c2,USGS-05525500,4e8406fa-673f-f598-e053-0100007f1ca3,618,2010-03-17T20:45:00+00:00,Imported Channel 1,1050,ft^3/s,155,ft,1170,ft^2,0.90,ft/s,,ft,Soft,SiltMud,Even,Even,Unspecified,Unknown,BridgeDownstreamSide,2026-07-07T23:50:22.559647+00:00,adcp,AtTheGage
05525500,POINT (-87.7235277777778 40.6299166666667),8516128f-6de5-4b3d-850f-2e98f4a677b3,USGS-05525500,4e83ed81-ac4d-e84c-e053-0100007f7b6c,423,1985-02-25T06:00:00+00:00,Imported Channel 1,5420,ft^3/s,185,ft,2540,ft^2,2.14,ft/s,,,Unspecified,Unspecified,Unspecified,Unspecified,Unspecified,Unknown,BridgeCrane,2026-07-07T23:50:22.559647+00:00,point_velocity,Unspecified
05525500,POINT (-87.7235277777778 40.6299166666667),86b856e8-24a4-448b-9f8e-d6804ef5ff4e,USGS-05525500,4e83f109-701c-ea53-e053-0100007f4591,393,1982-02-26T06:00:00+00:00,Imported Channel 1,2070,ft^3/s,178,ft,1930,ft^2,1.07,ft/s,,,Unspecified,Unspecified,Unspecified,Unspecified,Unspecified,Unknown,BridgeCrane,2026-07-07T23:50:22.559647+00:00,point_velocity,Unspecified
05525500,POINT (-87.7235277777778 40.6299166666667),87aada00-5bc1-4572-8949-7e79f15406dd,USGS-05525500,4e83f5b6-e149-ec5a-e053-0100007f81c7,625,2011-04-07T18:00:30+00:00,Imported Channel 1,140,ft^3/s,42.5,ft,58.7,ft^2,2.38,ft/s,2500.00,ft,Firm,SiltMud,Even,Even,Uniform,Unknown,Wading,2026-07-07T23:50:22.559647+00:00,point_velocity,Downstream
05525500,POINT (-87.7235277777778 40.6299166666667),884ed518-c53a-481c-bc4e-d5e633356de6,USGS-05525500,4e83f200-9dd5-eaf7-e053-0100007fbf92,548,2000-08-15T18:50:00+00:00,Imported Channel 1,30.6,ft^3/s,29.5,ft,18.0,ft^2,1.70,ft/s,,,Unspecified,Unspecified,Unspecified,Unspecified,Unspecified,Unknown,Wading,2026-07-07T23:50:22.559647+00:00,point_velocity,Unspecified
05525500,POINT (-87.7235277777778 40.6299166666667),887aab29-e72e-43a3-987a-8043b712fa12,USGS-05525500,4e83db31-a3eb-dead-e053-0100007fa53d,429,1985-10-05T06:00:00+00:00,Imported Channel 1,18.1,ft^3/s,23.0,ft,18.6,ft^2,0.97,ft/s,,,Unspecified,Unspecified,Unspecified,Unspecified,Unspecified,Unknown,Wading,2026-07-07T23:50:22.559647+00:00,point_velocity,Unspecified
05525500,POINT (-87.7235277777778 40.6299166666667),88ac9f11-9555-42c8-af57-aa4cdede8c26,USGS-05525500,e468b072-634e-4e3c-9f68-283ec70fcb2c,705,2023-08-07T21:21:53+00:00,Sugar Milford,2300,ft^3/s,160,ft,1880,ft^2,1.23,ft/s,20.00,ft,Soft,Sand,Even,Even,Standard,Steady,BridgeDownstreamSide,2026-07-07T23:50:22.559647+00:00,adcp,Downstream
05525500,POINT (-87.7235277777778 40.6299166666667),88b6c8db-338d-411b-9355-22f88ba7894c,USGS-05525500,4e83f0d8-e7fa-ea51-e053-0100007f848e,459,1989-01-13T16:30:00+00:00,Imported Channel 1,472,ft^3/s,102,ft,318,ft^2,1.48,ft/s,,,Unspecified,Unspecified,Unspecified,Unspecified,Unspecified,Unknown,BridgeCrane,2026-07-07T23:50:22.559647+00:00,point_velocity,Unspecified
05525500,POINT (-87.7235277777778 40.6299166666667),88c08dbd-eb37-4879-9bb9-e6b0c0bffe74,USGS-05525500,4e83f410-fc1c-ebea-e053-0100007fee0b,607,2008-07-11T18:36:00+00:00,Imported Channel 1,163,ft^3/s,99.1,ft,490,ft^2,0.33,ft/s,,ft,Unspecified,Unspecified,Unspecified,Unspecified,Unspecified,Unknown,Unspecified,2026-07-07T23:50:22.559647+00:00,adcp,Unspecified
05525500,POINT (-87.7235277777778 40.6299166666667),8a6e9d81-c361-4a4c-8409-ed2a9c813638,USGS-05525500,4e83f556-e43b-ec42-e053-0100007f717e,387,1981-09-01T06:00:00+00:00,Imported Channel 1,5180,ft^3/s,178,ft,2980,ft^2,1.74,ft/s,,,Unspecified,Unspecified,Unspecified,Unspecified,Unspecified,Unknown,BridgeCrane,2026-07-07T23:50:22.559647+00:00,point_velocity,Unspecified
05525500,POINT (-87.7235277777778 40.6299166666667),8ac48b53-63dc-4795-9a6d-de6c6e243761,USGS-05525500,4e83e9e8-d4ce-e66d-e053-0100007fc664,359,1978-08-11T06:00:00+00:00,Imported Channel 1,35.1,ft^3/s,,,,,,,,ft,Unspecified,Unspecified,Unspecified,Unspecified,Unspecified,Unknown,Unspecified,2026-07-07T23:50:22.559647+00:00,other_method,Unspecified
05525500,POINT (-87.7235277777778 40.6299166666667),8c0c43d1-0227-479a-b713-8ae0af502ea1,USGS-05525500,4e83f109-7035-ea53-e053-0100007f4591,611,2009-01-06T18:14:00+00:00,Imported Channel 1,383,ft^3/s,121,ft,677,ft^2,0.57,ft/s,,ft,Firm,Gravel,Even,Even,Unspecified,Unknown,BridgeDownstreamSide,2026-07-07T23:50:22.559647+00:00,adcp,AtTheGage
05525500,POINT (-87.7235277777778 40.6299166666667),8d7f0981-c154-46ff-8705-2320830abbeb,USGS-05525500,4e83efbe-7958-e998-e053-0100007f0301,453,1988-07-13T13:45:00+00:00,Imported Channel 1,10.1,ft^3/s,26.6,ft,12.2,ft^2,0.83,ft/s,,,Unspecified,Unspecified,Unspecified,Unspecified,Unspecified,Unknown,Wading,2026-07-07T23:50:22.559647+00:00,point_velocity,Unspecified
05525500,POINT (-87.7235277777778 40.6299166666667),8df80a1a-bfa9-4c01-88f1-c108cb8f99b7,USGS-05525500,4e83f21e-5ac1-eaf9-e053-0100007ff817,495,1993-04-23T16:10:00+00:00,Imported Channel 1,739,ft^3/s,110,ft,722,ft^2,1.02,ft/s,,,Unspecified,Unspecified,Unspecified,Unspecified,Unspecified,Unknown,BridgeCrane,2026-07-07T23:50:22.559647+00:00,point_velocity,Unspecified
05525500,POINT (-87.7235277777778 40.6299166666667),8ece12fe-f824-4735-85ee-2975f5fa4337,USGS-05525500,4e83f5ae-90a7-ec5e-e053-0100007f5062,601,2007-10-15T17:16:00+00:00,Imported Channel 1,7.08,ft^3/s,20.0,ft,8.33,ft^2,0.85,ft/s,,,Unspecified,Unspecified,Unspecified,Unspecified,Unspecified,Unknown,Wading,2026-07-07T23:50:22.559647+00:00,point_velocity,Unspecified
05525500,POINT (-87.7235277777778 40.6299166666667),8f0faa94-9440-4da7-a74c-9de3d5f87269,USGS-05525500,4e8402a7-1fbe-f3c3-e053-0100007ff5ca,571,2003-08-21T20:23:00+00:00,Imported Channel 1,31.9,ft^3/s,30.0,ft,19.9,ft^2,1.60,ft/s,,,Unspecified,Unspecified,Unspecified,Unspecified,Unspecified,Unknown,Wading,2026-07-07T23:50:22.559647+00:00,point_velocity,Unspecified
05525500,POINT (-87.7235277777778 40.6299166666667),8f77b452-2369-4fde-a0f9-7ee3319e4c58,USGS-05525500,4e83ed81-ac51-e84c-e053-0100007f7b6c,456,1988-09-08T22:40:00+00:00,Imported Channel 1,4.06,ft^3/s,22.0,ft,13.1,ft^2,0.31,ft/s,,,Unspecified,Unspecified,Unspecified,Unspecified,Unspecified,Unknown,Wading,2026-07-07T23:50:22.559647+00:00,point_velocity,Unspecified
05525500,POINT (-87.7235277777778 40.6299166666667),9022ab53-d997-4e17-ac56-90f8ba78cbfd,USGS-05525500,4e83f903-75a6-ee8b-e053-0100007fe9dd,536,1998-12-18T20:35:00+00:00,Imported Channel 1,13.0,ft^3/s,22.0,ft,14.0,ft^2,0.93,ft/s,,,Unspecified,Unspecified,Unspecified,Unspecified,Unspecified,Unknown,Wading,2026-07-07T23:50:22.559647+00:00,point_velocity,Unspecified
05525500,POINT (-87.7235277777778 40.6299166666667),904eb7be-0468-40cd-a30e-c958b79714e4,USGS-05525500,4e83f598-b2ca-ec92-e053-0100007f2bfa,518,1996-08-13T21:35:00+00:00,Imported Channel 1,36.4,ft^3/s,39.9,ft,22.7,ft^2,1.60,ft/s,,,Unspecified,Unspecified,Unspecified,Unspecified,Unspecified,Unknown,Wading,2026-07-07T23:50:22.559647+00:00,point_velocity,Unspecified
05525500,POINT (-87.7235277777778 40.6299166666667),9121dff1-0da7-4d84-af49-feaa92901006,USGS-05525500,4e83dc60-59f6-df3d-e053-0100007f3a12,285,1971-12-07T06:00:00+00:00,Imported Channel 1,23.8,ft^3/s,,,,,,,,ft,Unspecified,Unspecified,Unspecified,Unspecified,Unspecified,Unknown,Unspecified,2026-07-07T23:50:22.559647+00:00,other_method,Unspecified
05525500,POINT (-87.7235277777778 40.6299166666667),92c11969-9588-4f6c-b229-7f801e749661,USGS-05525500,4e83f189-1e71-e9aa-e053-0100007f2130,435,1986-07-31T06:00:00+00:00,Imported Channel 1,68.5,ft^3/s,,,,,,,,ft,Unspecified,Unspecified,Unspecified,Unspecified,Unspecified,Unknown,Unspecified,2026-07-07T23:50:22.559647+00:00,other_method,Unspecified
05525500,POINT (-87.7235277777778 40.6299166666667),92e88928-8ba8-4e51-af2d-21a17ccf8570,USGS-05525500,4e83f109-7026-ea53-e053-0100007f4591,444,1987-08-06T06:00:00+00:00,Imported Channel 1,13.5,ft^3/s,19.0,ft,22.9,ft^2,0.59,ft/s,,,Unspecified,Unspecified,Unspecified,Unspecified,Unspecified,Unknown,Wading,2026-07-07T23:50:22.559647+00:00,point_velocity,Unspecified
05525500,POINT (-87.7235277777778 40.6299166666667),92f0b5a4-6213-40a9-b85f-6a8fc8d1a06b,USGS-05525500,4e83e735-d8fd-e471-e053-0100007fac1a,496,1993-06-03T17:55:00+00:00,Imported Channel 1,535,ft^3/s,107,ft,578,ft^2,0.92,ft/s,,,Unspecified,Unspecified,Unspecified,Unspecified,Unspecified,Unknown,BridgeCrane,2026-07-07T23:50:22.559647+00:00,point_velocity,Unspecified
05525500,POINT (-87.7235277777778 40.6299166666667),93be1437-6f53-459b-ae2d-aece5737890a,USGS-05525500,4e83d1ff-b522-d98b-e053-0100007f9eac,286,1972-01-18T06:00:00+00:00,Imported Channel 1,216,ft^3/s,,,,,,,,ft,Unspecified,Unspecified,Unspecified,Unspecified,Unspecified,Unknown,Unspecified,2026-07-07T23:50:22.559647+00:00,other_method,Unspecified
05525500,POINT (-87.7235277777778 40.6299166666667),94ccd75c-5222-4ac5-93f8-1ce17b389a93,USGS-05525500,8765131b-172b-46e5-b580-c0a7c4bc0004,681,2020-05-18T17:37:53+00:00,main,7440,ft^3/s,188,ft,2740,ft^2,2.71,ft/s,0.00,ft,Firm,Sand,Even,Unspecified,Unspecified,Unspecified,BridgeDownstreamSide,2026-07-07T23:50:22.559647+00:00,adcp,AtTheGage
05525500,POINT (-87.7235277777778 40.6299166666667),957a01af-4acd-475e-8d34-cf8301a47c2b,USGS-05525500,4e83e790-7188-e44b-e053-0100007f9127,537,1999-02-05T18:45:00+00:00,Imported Channel 1,294,ft^3/s,111,ft,505,ft^2,0.58,ft/s,,,Unspecified,Unspecified,Unspecified,Unspecified,Unspecified,Unknown,BridgeCrane,2026-07-07T23:50:22.559647+00:00,point_velocity,Unspecified
05525500,POINT (-87.7235277777778 40.6299166666667),9590eea0-19b4-4836-9470-20e9573258e2,USGS-05525500,4e83e750-6797-e477-e053-0100007f91c8,410,1983-12-05T06:00:00+00:00,Imported Channel 1,1260,ft^3/s,,,,,,,,ft,Unspecified,Unspecified,Unspecified,Unspecified,Unspecified,Unknown,Unspecified,2026-07-07T23:50:22.559647+00:00,other_method,Unspecified
05525500,POINT (-87.7235277777778 40.6299166666667),95d2e7aa-0443-41a5-887f-36e7a72f97ff,USGS-05525500,9c3b8a30-c7bc-495e-8c13-45d48743914c,687,2021-01-28T17:48:08+00:00,Sugar Creek Milford,15.9,ft^3/s,27.5,ft,34.6,ft^2,0.46,ft/s,1100.00,ft,Soft,SiltMud,Even,Unspecified,Standard,Steady,Wading,2026-07-07T23:50:22.559647+00:00,point_velocity,Downstream
05525500,POINT (-87.7235277777778 40.6299166666667),96803ae7-9450-4150-afa6-3a8821f14575,USGS-05525500,4e83f0fd-90f8-e9f0-e053-0100007fdadc,296,1973-01-04T06:00:00+00:00,Imported Channel 1,1780,ft^3/s,,,,,,,,ft,Unspecified,Unspecified,Unspecified,Unspecified,Unspecified,Unknown,Unspecified,2026-07-07T23:50:22.559647+00:00,other_method,Unspecified
05525500,POINT (-87.7235277777778 40.6299166666667),979efe68-9506-4a6c-902a-b0b704c52293,USGS-05525500,4e83f0a7-a312-ea2d-e053-0100007fb84e,427,1985-07-22T06:00:00+00:00,Imported Channel 1,25.7,ft^3/s,27.0,ft,21.3,ft^2,1.21,ft/s,,,Unspecified,Unspecified,Unspecified,Unspecified,Unspecified,Unknown,Wading,2026-07-07T23:50:22.559647+00:00,point_velocity,Unspecified
05525500,POINT (-87.7235277777778 40.6299166666667),97b1f94a-1db9-48b2-b96f-53619e46a179,USGS-05525500,4e83e20a-5efd-e247-e053-0100007f903e,337,1976-11-01T06:00:00+00:00,Imported Channel 1,11.9,ft^3/s,,,,,,,,ft,Unspecified,Unspecified,Unspecified,Unspecified,Unspecified,Unknown,Unspecified,2026-07-07T23:50:22.559647+00:00,other_method,Unspecified
05525500,POINT (-87.7235277777778 40.6299166666667),98193354-ebf6-4716-8d0c-7bed297baf6c,USGS-05525500,4e840397-8928-f39f-e053-0100007f3b15,588,2005-06-21T22:20:00+00:00,Imported Channel 1,67.5,ft^3/s,41.0,ft,44.3,ft^2,1.52,ft/s,,,Unspecified,Unspecified,Unspecified,Unspecified,Unspecified,Unknown,Wading,2026-07-07T23:50:22.559647+00:00,point_velocity,Unspecified
05525500,POINT (-87.7235277777778 40.6299166666667),9876d282-2b1f-4317-8c48-f2cb4b024d84,USGS-05525500,4e83f917-d1e1-ee8d-e053-0100007fd3b2,643,2014-02-19T19:13:30+00:00,MAIN,26.3,ft^3/s,34.6,ft,30.0,ft^2,0.88,ft/s,3000.00,ft,Unspecified,Unspecified,Unspecified,Unspecified,Unspecified,Unknown,Wading,2026-07-07T23:50:22.559647+00:00,point_velocity,Downstream
05525500,POINT (-87.7235277777778 40.6299166666667),98c0f175-9584-440e-a984-a003a0283033,USGS-05525500,4e83ea83-f53b-e6c3-e053-0100007f4de1,167,1962-03-22T06:00:00+00:00,Imported Channel 1,6110,ft^3/s,,,,,,,,ft,Unspecified,Unspecified,Unspecified,Unspecified,Unspecified,Unknown,Unspecified,2026-07-07T23:50:22.559647+00:00,other_method,Unspecified
05525500,POINT (-87.7235277777778 40.6299166666667),98e35d0e-9dce-4171-8642-46c6dce00064,USGS-05525500,4e83f0fd-9106-e9f0-e053-0100007fdadc,443,1987-06-26T06:00:00+00:00,Imported Channel 1,482,ft^3/s,106,ft,345,ft^2,1.48,ft/s,,,Unspecified,Unspecified,Unspecified,Unspecified,Unspecified,Unknown,BridgeCrane,2026-07-07T23:50:22.559647+00:00,point_velocity,Unspecified
05525500,POINT (-87.7235277777778 40.6299166666667),99c950a5-a113-439a-8da0-18bbe92fa274,USGS-05525500,4e83f11b-efa5-ea37-e053-0100007f8378,274,1971-01-22T06:00:00+00:00,Imported Channel 1,50.9,ft^3/s,,,,,,,,ft,Unspecified,Unspecified,Unspecified,Unspecified,Unspecified,Unknown,Unspecified,2026-07-07T23:50:22.559647+00:00,other_method,Unspecified
05525500,POINT (-87.7235277777778 40.6299166666667),99ed0965-26d6-45c9-af8f-4f94161600fd,USGS-05525500,4e83fc4c-826b-ef7e-e053-0100007f9ad5,593,2006-03-15T15:04:00+00:00,Imported Channel 1,1670,ft^3/s,165,ft,1480,ft^2,1.12,ft/s,,ft,Unspecified,Unspecified,Unspecified,Unspecified,Unspecified,Unknown,Unspecified,2026-07-07T23:50:22.559647+00:00,adcp,Unspecified
05525500,POINT (-87.7235277777778 40.6299166666667),9a27f5b4-880a-409c-891c-7a63eb9c8db9,USGS-05525500,4607640f-c147-4615-9dfd-a2acbdd061e7,692,2021-09-29T21:54:48+00:00,Sugar Milford,16.3,ft^3/s,60.0,ft,126,ft^2,0.13,ft/s,0.00,ft,Soft,Sand,Even,Even,NonStandard,Steady,Wading,2026-07-07T23:50:22.559647+00:00,point_velocity,AtTheGage
05525500,POINT (-87.7235277777778 40.6299166666667),9b383fda-5fcd-4ae6-b054-0b94b1efeafc,USGS-05525500,4e83dc06-1f2c-de99-e053-0100007f88e6,275,1971-02-12T06:00:00+00:00,Imported Channel 1,109,ft^3/s,,,,,,,,ft,Unspecified,Unspecified,Unspecified,Unspecified,Unspecified,Unknown,Unspecified,2026-07-07T23:50:22.559647+00:00,other_method,Unspecified
05525500,POINT (-87.7235277777778 40.6299166666667),9b94f6bd-03b4-44ba-a73b-cd83aef16abe,USGS-05525500,4e83e20a-5efc-e247-e053-0100007f903e,336,1976-09-27T06:00:00+00:00,Imported Channel 1,17.2,ft^3/s,,,,,,,,ft,Unspecified,Unspecified,Unspecified,Unspecified,Unspecified,Unknown,Unspecified,2026-07-07T23:50:22.559647+00:00,other_method,Unspecified
05525500,POINT (-87.7235277777778 40.6299166666667),9c67bab0-5554-4180-ad34-2d90f1359978,USGS-05525500,4e83f6c3-1ad6-ec60-e053-0100007f6e86,633,2012-07-10T15:13:00+00:00,Imported Channel 1,7.99,ft^3/s,17.8,ft,5.98,ft^2,1.34,ft/s,3000.00,ft,Unspecified,Unspecified,Unspecified,Unspecified,Unspecified,Unknown,Wading,2026-07-07T23:50:22.559647+00:00,point_velocity,Upstream
05525500,POINT (-87.7235277777778 40.6299166666667),9cc2fc07-e4b3-49ac-9862-668a5895b2cc,USGS-05525500,4e83f109-7021-ea53-e053-0100007f4591,433,1986-05-02T06:00:00+00:00,Imported Channel 1,2560,ft^3/s,172,ft,1780,ft^2,1.44,ft/s,,,Unspecified,Unspecified,Unspecified,Unspecified,Unspecified,Unknown,BridgeCrane,2026-07-07T23:50:22.559647+00:00,point_velocity,Unspecified
05525500,POINT (-87.7235277777778 40.6299166666667),9cd37f81-7242-4993-bfe9-0c38eb1f07d8,USGS-05525500,4e83f05d-ba1e-e9ae-e053-0100007fd8d5,534,1998-09-21T17:35:00+00:00,Imported Channel 1,13.3,ft^3/s,24.0,ft,11.1,ft^2,1.20,ft/s,,,Unspecified,Unspecified,Unspecified,Unspecified,Unspecified,Unknown,Wading,2026-07-07T23:50:22.559647+00:00,point_velocity,Unspecified
05525500,POINT (-87.7235277777778 40.6299166666667),9cf755ae-a8b2-45a4-ab39-e56d50e19926,USGS-05525500,4e83f5ae-90bd-ec5e-e053-0100007f5062,631,2012-03-02T15:11:00+00:00,Imported Channel 1,141,ft^3/s,42.0,ft,58.8,ft^2,2.40,ft/s,2500.00,ft,Unspecified,Unspecified,Unspecified,Unspecified,Unspecified,Unknown,Wading,2026-07-07T23:50:22.559647+00:00,point_velocity,Downstream
05525500,POINT (-87.7235277777778 40.6299166666667),9e49bfba-3baa-4b2b-b6be-89cfb28710e1,USGS-05525500,4e83ea33-6c55-e60b-e053-0100007f0b20,345,1977-08-11T06:00:00+00:00,Imported Channel 1,3360,ft^3/s,,,,,,,,ft,Unspecified,Unspecified,Unspecified,Unspecified,Unspecified,Unknown,Unspecified,2026-07-07T23:50:22.559647+00:00,other_method,Unspecified
05525500,POINT (-87.7235277777778 40.6299166666667),9ed149af-fd20-4e02-b1ef-71fc06e7af9d,USGS-05525500,4e83f09f-be69-ea1d-e053-0100007fa3f1,377,1980-09-30T06:00:00+00:00,Imported Channel 1,9.21,ft^3/s,,,,,,,,ft,Unspecified,Unspecified,Unspecified,Unspecified,Unspecified,Unknown,Unspecified,2026-07-07T23:50:22.559647+00:00,other_method,Unspecified
05525500,POINT (-87.7235277777778 40.6299166666667),9ef6ae49-8cf7-4e44-ab74-83aec03ec5ac,USGS-05525500,4e83e25d-6329-e273-e053-0100007f29c5,342,1977-05-12T06:00:00+00:00,Imported Channel 1,359,ft^3/s,,,,,,,,ft,Unspecified,Unspecified,Unspecified,Unspecified,Unspecified,Unknown,Unspecified,2026-07-07T23:50:22.559647+00:00,other_method,Unspecified
05525500,POINT (-87.7235277777778 40.6299166666667),9f069637-5586-42e3-9a56-547941f77053,USGS-05525500,4e83e25d-6327-e273-e053-0100007f29c5,273,1970-12-10T06:00:00+00:00,Imported Channel 1,152,ft^3/s,,,,,,,,ft,Unspecified,Unspecified,Unspecified,Unspecified,Unspecified,Unknown,Unspecified,2026-07-07T23:50:22.559647+00:00,other_method,Unspecified
05525500,POINT (-87.7235277777778 40.6299166666667),a0913973-2e57-4709-984d-516cb4c7a8ee,USGS-05525500,4e83f4aa-6937-ec18-e053-0100007f90d5,584,2004-11-03T17:02:00+00:00,Imported Channel 1,2140,ft^3/s,172,ft,1730,ft^2,1.24,ft/s,,ft,Unspecified,Unspecified,Unspecified,Unspecified,Unspecified,Unknown,Unspecified,2026-07-07T23:50:22.559647+00:00,adcp,Unspecified
05525500,POINT (-87.7235277777778 40.6299166666667),a0b57bf8-15be-4f75-ae80-3634d1f2281a,USGS-05525500,4e83e5e9-0ad9-e3fd-e053-0100007f4f56,260,1969-11-20T06:00:00+00:00,Imported Channel 1,767,ft^3/s,,,,,,,,ft,Unspecified,Unspecified,Unspecified,Unspecified,Unspecified,Unknown,Unspecified,2026-07-07T23:50:22.559647+00:00,other_method,Unspecified
05525500,POINT (-87.7235277777778 40.6299166666667),a0d1bbcb-1777-44fd-a2c8-cd42e156fba5,USGS-05525500,4e83df47-a470-e08e-e053-0100007fe15a,416,1984-04-05T06:00:00+00:00,Imported Channel 1,873,ft^3/s,,,,,,,,ft,Unspecified,Unspecified,Unspecified,Unspecified,Unspecified,Unknown,Unspecified,2026-07-07T23:50:22.559647+00:00,other_method,Unspecified
05525500,POINT (-87.7235277777778 40.6299166666667),a1811072-05f2-4c66-9ef5-3dff7821c627,USGS-05525500,4e83ed33-de3c-e850-e053-0100007f8426,407,1983-07-28T06:00:00+00:00,Imported Channel 1,21.9,ft^3/s,44.5,ft,25.5,ft^2,0.86,ft/s,,,Unspecified,Unspecified,Unspecified,Unspecified,Unspecified,Unknown,Wading,2026-07-07T23:50:22.559647+00:00,point_velocity,Unspecified
05525500,POINT (-87.7235277777778 40.6299166666667),a1fb008f-6cd8-4c2c-91bf-f47244b92cb6,USGS-05525500,7c22af18-1c5d-62a8-e053-0100007fb316,671,2018-11-28T15:23:10+00:00,Main,1140,ft^3/s,154,ft,1220,ft^2,0.93,ft/s,0.00,ft,Unspecified,Unspecified,Unspecified,Even,Unspecified,Unspecified,BridgeDownstreamSide,2026-07-07T23:50:22.559647+00:00,adcp,AtTheGage
05525500,POINT (-87.7235277777778 40.6299166666667),a3bc4f22-f174-4872-bdb0-19289afba31e,USGS-05525500,4e83eaab-b401-e405-e053-0100007f44e0,357,1978-05-18T06:00:00+00:00,Imported Channel 1,617,ft^3/s,,,,,,,,ft,Unspecified,Unspecified,Unspecified,Unspecified,Unspecified,Unknown,Unspecified,2026-07-07T23:50:22.559647+00:00,other_method,Unspecified
05525500,POINT (-87.7235277777778 40.6299166666667),a4343578-6780-4172-a6aa-d0ed896eec84,USGS-05525500,4e8403b8-200b-f423-e053-0100007f0a85,615,2009-09-01T16:59:00+00:00,Imported Channel 1,36.6,ft^3/s,73.0,ft,186,ft^2,0.20,ft/s,,,Firm,SiltMud,Even,Unspecified,Unspecified,Unknown,BridgeUpstreamSide,2026-07-07T23:50:22.559647+00:00,point_velocity,AtTheGage
05525500,POINT (-87.7235277777778 40.6299166666667),a444f7c3-76f3-4952-886c-260c1dadeb9b,USGS-05525500,76a55583-81fb-7608-e053-0100007f0157,670,2018-09-20T20:18:50+00:00,main,13.9,ft^3/s,77.6,ft,263,ft^2,0.05,ft/s,0.00,ft,Soft,SiltMud,Even,Even,Standard,Steady,BridgeDownstreamSide,2026-07-07T23:50:22.559647+00:00,adcp,AtTheGage
05525500,POINT (-87.7235277777778 40.6299166666667),a5bae698-6720-483e-b337-e990c534cfc9,USGS-05525500,4e83f05d-ba12-e9ae-e053-0100007fd8d5,504,1994-10-11T17:00:00+00:00,Imported Channel 1,14.0,ft^3/s,65.0,ft,139,ft^2,0.10,ft/s,,,Unspecified,Unspecified,Unspecified,Unspecified,Unspecified,Unknown,Wading,2026-07-07T23:50:22.559647+00:00,point_velocity,Unspecified
05525500,POINT (-87.7235277777778 40.6299166666667),a65b41e1-573e-4370-b24f-ca99894c6179,USGS-05525500,4e83fd8d-a9ec-f0a2-e053-0100007f7cf7,544,2000-01-25T15:18:00+00:00,Imported Channel 1,8.40,ft^3/s,33.0,ft,37.6,ft^2,0.22,ft/s,,,Unspecified,Unspecified,Unspecified,Unspecified,Unspecified,Unknown,Wading,2026-07-07T23:50:22.559647+00:00,point_velocity,Unspecified
05525500,POINT (-87.7235277777778 40.6299166666667),a69f94c1-126a-4bd9-8edd-d05b6cb839d9,USGS-05525500,4e83e25d-6343-e273-e053-0100007f29c5,448,1988-03-04T18:35:00+00:00,Imported Channel 1,190,ft^3/s,66.0,ft,169,ft^2,1.12,ft/s,,,Unspecified,Unspecified,Unspecified,Unspecified,Unspecified,Unknown,Wading,2026-07-07T23:50:22.559647+00:00,point_velocity,Unspecified
05525500,POINT (-87.7235277777778 40.6299166666667),a6a6d9d2-461e-4087-9f05-a0a021a8c030,USGS-05525500,4e83ea33-6c6f-e60b-e053-0100007f0b20,583,2004-10-05T18:50:00+00:00,Imported Channel 1,47.6,ft^3/s,30.0,ft,24.4,ft^2,1.95,ft/s,,,Unspecified,Unspecified,Unspecified,Unspecified,Unspecified,Unknown,Wading,2026-07-07T23:50:22.559647+00:00,point_velocity,Unspecified
05525500,POINT (-87.7235277777778 40.6299166666667),a75bcd66-6cfb-40d4-8e0d-4bf2c04eba91,USGS-05525500,ed4f0e59-b6b1-4de0-94f7-a8e7fbbdf7d7,694,2022-02-01T22:16:39+00:00,Sugar Milford,79.0,ft^3/s,95.0,ft,112,ft^2,0.71,ft/s,30.00,ft,Soft,Sand,Even,Uneven,Unknown,Steady,Wading,2026-07-07T23:50:22.559647+00:00,point_velocity,Downstream
05525500,POINT (-87.7235277777778 40.6299166666667),a7e4e41b-6376-4531-a72b-d168382b9d1d,USGS-05525500,4e83f189-1e70-e9aa-e053-0100007f2130,434,1986-06-16T06:00:00+00:00,Imported Channel 1,2910,ft^3/s,177,ft,1990,ft^2,1.46,ft/s,,,Unspecified,Unspecified,Unspecified,Unspecified,Unspecified,Unknown,BridgeCrane,2026-07-07T23:50:22.559647+00:00,point_velocity,Unspecified
05525500,POINT (-87.7235277777778 40.6299166666667),a8524ee1-c7ae-457c-9dbd-00a4109cf8d1,USGS-05525500,4e83f200-9dae-eaf7-e053-0100007fbf92,374,1980-05-08T06:00:00+00:00,Imported Channel 1,147,ft^3/s,,,,,,,,ft,Unspecified,Unspecified,Unspecified,Unspecified,Unspecified,Unknown,Unspecified,2026-07-07T23:50:22.559647+00:00,other_method,Unspecified
05525500,POINT (-87.7235277777778 40.6299166666667),a9dd94e3-8ab4-45c2-8b1b-d8dd751a8fad,USGS-05525500,4e83ed4c-0ded-e84e-e053-0100007f5350,637,2013-01-10T16:12:00+00:00,main2,47.9,ft^3/s,32.0,ft,26.2,ft^2,1.83,ft/s,2500.00,ft,Unspecified,Unspecified,Unspecified,Unspecified,Unspecified,Unknown,Wading,2026-07-07T23:50:22.559647+00:00,point_velocity,Downstream
05525500,POINT (-87.7235277777778 40.6299166666667),aa339235-b69e-439f-9adf-adafe93bd932,USGS-05525500,4e83e2f0-64f2-e26f-e053-0100007ff487,389,1981-09-03T06:00:00+00:00,Imported Channel 1,2040,ft^3/s,178,ft,2010,ft^2,1.02,ft/s,,,Unspecified,Unspecified,Unspecified,Unspecified,Unspecified,Unknown,BridgeCrane,2026-07-07T23:50:22.559647+00:00,point_velocity,Unspecified
05525500,POINT (-87.7235277777778 40.6299166666667),aa369550-f00c-43c5-ba25-1101e46ea8bc,USGS-05525500,4e83ea33-6c6a-e60b-e053-0100007f0b20,574,2004-01-08T16:44:00+00:00,Imported Channel 1,679,ft^3/s,130,ft,821,ft^2,0.84,ft/s,,,Unspecified,Unspecified,Unspecified,Unspecified,Unspecified,Unknown,BridgeCrane,2026-07-07T23:50:22.559647+00:00,point_velocity,Unspecified
05525500,POINT (-87.7235277777778 40.6299166666667),ab002474-a5bd-4729-bbcb-65de73510111,USGS-05525500,4e83f0fd-9104-e9f0-e053-0100007fdadc,426,1985-06-10T06:00:00+00:00,Imported Channel 1,55.9,ft^3/s,35.0,ft,35.3,ft^2,1.58,ft/s,,,Unspecified,Unspecified,Unspecified,Unspecified,Unspecified,Unknown,Wading,2026-07-07T23:50:22.559647+00:00,point_velocity,Unspecified
05525500,POINT (-87.7235277777778 40.6299166666667),abddb83f-6ebf-4435-8d23-c79618f52d55,USGS-05525500,4e83de69-d7bf-e06a-e053-0100007fd78e,395,1982-05-03T06:00:00+00:00,Imported Channel 1,208,ft^3/s,61.0,ft,944,ft^2,2.20,ft/s,,,Unspecified,Unspecified,Unspecified,Unspecified,Unspecified,Unknown,Wading,2026-07-07T23:50:22.559647+00:00,point_velocity,Unspecified
05525500,POINT (-87.7235277777778 40.6299166666667),ac4a3117-4331-4a36-9d92-dcd1e7fc4878,USGS-05525500,4e83d444-ceb4-daea-e053-0100007fd136,305,1973-10-05T06:00:00+00:00,Imported Channel 1,52.2,ft^3/s,,,,,,,,ft,Unspecified,Unspecified,Unspecified,Unspecified,Unspecified,Unknown,Unspecified,2026-07-07T23:50:22.559647+00:00,other_method,Unspecified
05525500,POINT (-87.7235277777778 40.6299166666667),ad0ee5bf-3212-44a7-b00d-c4ad28de84c2,USGS-05525500,8864cebe-6d39-4102-e053-0100007f4cae,674,2019-05-03T16:16:34+00:00,Main,5040,ft^3/s,192,ft,2560,ft^2,1.97,ft/s,30.00,ft,Firm,Gravel,Even,Even,Standard,Steady,BridgeDownstreamSide,2026-07-07T23:50:22.559647+00:00,adcp,Downstream
05525500,POINT (-87.7235277777778 40.6299166666667),ae31f092-ec92-40a7-b374-dacc65342023,USGS-05525500,4e83fb48-752e-ef74-e053-0100007f3c58,467,1989-12-15T15:30:00+00:00,Imported Channel 1,29.5,ft^3/s,32.0,ft,30.9,ft^2,0.95,ft/s,,,Unspecified,Unspecified,Unspecified,Unspecified,Unspecified,Unknown,Wading,2026-07-07T23:50:22.559647+00:00,point_velocity,Unspecified
05525500,POINT (-87.7235277777778 40.6299166666667),ae4385e5-27d2-4b34-8ad6-f0d8ec4a06ec,USGS-05525500,4e83e445-6007-e2b6-e053-0100007ffcd3,430,1985-11-20T06:00:00+00:00,Imported Channel 1,9830,ft^3/s,205,ft,3160,ft^2,3.11,ft/s,,,Unspecified,Unspecified,Unspecified,Unspecified,Unspecified,Unknown,BridgeCrane,2026-07-07T23:50:22.559647+00:00,point_velocity,Unspecified
05525500,POINT (-87.7235277777778 40.6299166666667),ae54f817-5528-432a-875c-8b70a3988440,USGS-05525500,cbf67acc-30be-4278-9c2b-b656b79d5a40,710,2024-02-15T21:41:49+00:00,Sugar Milford,196,ft^3/s,117,ft,423,ft^2,0.46,ft/s,20.00,ft,Soft,SiltMud,Even,Even,Standard,Steady,BridgeDownstreamSide,2026-07-07T23:50:22.559647+00:00,adcp,Downstream
05525500,POINT (-87.7235277777778 40.6299166666667),ae9c7087-f6e6-4912-acfd-78f024814539,USGS-05525500,4e83f1f8-90db-eaf5-e053-0100007f8434,547,2000-06-19T18:15:00+00:00,Imported Channel 1,121,ft^3/s,38.0,ft,51.5,ft^2,2.36,ft/s,,,Unspecified,Unspecified,Unspecified,Unspecified,Unspecified,Unknown,Wading,2026-07-07T23:50:22.559647+00:00,point_velocity,Unspecified
05525500,POINT (-87.7235277777778 40.6299166666667),aecc479f-d669-4f99-bfb9-6860d3a674c7,USGS-05525500,39c88b7d-2bd9-4008-9b00-fa684136838f,688,2021-03-22T22:30:23+00:00,Sugar Milford,787,ft^3/s,134,ft,808,ft^2,0.97,ft/s,20.00,ft,Soft,Sand,Even,Even,Standard,Steady,BridgeDownstreamSide,2026-07-07T23:50:22.559647+00:00,adcp,Downstream
05525500,POINT (-87.7235277777778 40.6299166666667),afac422e-3966-4efd-aabd-d79c3a89408c,USGS-05525500,4e83de69-d7bd-e06a-e053-0100007fd78e,382,1981-04-14T06:00:00+00:00,Imported Channel 1,1390,ft^3/s,151,ft,1360,ft^2,1.02,ft/s,,,Unspecified,Unspecified,Unspecified,Unspecified,Unspecified,Unknown,BridgeCrane,2026-07-07T23:50:22.559647+00:00,point_velocity,Unspecified
05525500,POINT (-87.7235277777778 40.6299166666667),b005850e-543c-4cc5-9fb5-bc839d83672f,USGS-05525500,4e83f140-7ecf-e9ac-e053-0100007ffe53,341,1977-03-30T06:00:00+00:00,Imported Channel 1,1010,ft^3/s,,,,,,,,ft,Unspecified,Unspecified,Unspecified,Unspecified,Unspecified,Unknown,Unspecified,2026-07-07T23:50:22.559647+00:00,other_method,Unspecified
05525500,POINT (-87.7235277777778 40.6299166666667),b11a7822-66a3-49e6-ba96-e05466ea6e4c,USGS-05525500,4e83fb06-0a42-ef72-e053-0100007fdd81,521,1997-01-31T18:20:00+00:00,Imported Channel 1,274,ft^3/s,102,ft,622,ft^2,0.44,ft/s,,,Unspecified,Unspecified,Unspecified,Unspecified,Unspecified,Unknown,Ice,2026-07-07T23:50:22.559647+00:00,point_velocity,Unspecified
05525500,POINT (-87.7235277777778 40.6299166666667),b37f6122-4b4e-4317-aed3-8d6caed7d8a7,USGS-05525500,3daeaff8-cef4-4904-a841-87e3985170b3,724,2025-11-25T21:14:42+00:00,Sugar Milford,14.5,ft^3/s,80.5,ft,44.8,ft^2,0.32,ft/s,100.00,ft,Firm,Sand,Uneven,Uneven,NonStandard,Steady,Wading,2026-07-07T23:50:22.559647+00:00,point_velocity,Downstream
05525500,POINT (-87.7235277777778 40.6299166666667),b3fbb4b0-fc07-42e6-9b27-09d42b58196b,USGS-05525500,4e83f05d-ba2f-e9ae-e053-0100007fd8d5,616,2009-10-06T17:33:48+00:00,Imported Channel 1,10.5,ft^3/s,24.0,ft,12.6,ft^2,0.83,ft/s,1320.00,ft,Firm,SiltMud,Even,Unspecified,Unspecified,Unknown,Wading,2026-07-07T23:50:22.559647+00:00,point_velocity,Upstream
05525500,POINT (-87.7235277777778 40.6299166666667),b43200a4-f4b5-47e8-bf40-1d867d97c692,USGS-05525500,4e83f200-9daf-eaf7-e053-0100007fbf92,376,1980-08-11T06:00:00+00:00,Imported Channel 1,19.3,ft^3/s,,,,,,,,ft,Unspecified,Unspecified,Unspecified,Unspecified,Unspecified,Unknown,Unspecified,2026-07-07T23:50:22.559647+00:00,other_method,Unspecified
05525500,POINT (-87.7235277777778 40.6299166666667),b4f0239f-6461-4b72-9e89-8e661278051a,USGS-05525500,4e83f0da-d0d5-ea35-e053-0100007f9d58,316,1974-10-11T06:00:00+00:00,Imported Channel 1,30.3,ft^3/s,,,,,,,,ft,Unspecified,Unspecified,Unspecified,Unspecified,Unspecified,Unknown,Unspecified,2026-07-07T23:50:22.559647+00:00,other_method,Unspecified
05525500,POINT (-87.7235277777778 40.6299166666667),b590635f-4943-4b07-b23d-37414d9c714d,USGS-05525500,4e840ba9-f393-f81a-e053-0100007fb99a,648,2014-11-12T18:41:30+00:00,MAIN,155,ft^3/s,48.0,ft,100,ft^2,1.54,ft/s,1000.00,ft,Unspecified,Unspecified,Unspecified,Unspecified,Unspecified,Unknown,Wading,2026-07-07T23:50:22.559647+00:00,point_velocity,Downstream
05525500,POINT (-87.7235277777778 40.6299166666667),b65bc746-956e-4b1b-9f99-ecf3ffba49e0,USGS-05525500,4e83f784-4c37-ec88-e053-0100007f58c8,542,1999-09-27T18:50:00+00:00,Imported Channel 1,5.13,ft^3/s,19.5,ft,7.29,ft^2,0.70,ft/s,,,Unspecified,Unspecified,Unspecified,Unspecified,Unspecified,Unknown,Wading,2026-07-07T23:50:22.559647+00:00,point_velocity,Unspecified
05525500,POINT (-87.7235277777778 40.6299166666667),b7451402-4781-4beb-95bd-767d723bd2b2,USGS-05525500,4e83f24f-f82e-ea33-e053-0100007fae16,372,1980-02-13T06:00:00+00:00,Imported Channel 1,17.2,ft^3/s,,,,,,,,ft,Unspecified,Unspecified,Unspecified,Unspecified,Unspecified,Unknown,Unspecified,2026-07-07T23:50:22.559647+00:00,other_method,Unspecified
05525500,POINT (-87.7235277777778 40.6299166666667),b7e6b7ce-197f-459f-af64-4e330715a9d9,USGS-05525500,4e83e25d-633f-e273-e053-0100007f29c5,436,1986-09-08T06:00:00+00:00,Imported Channel 1,9.86,ft^3/s,19.0,ft,20.5,ft^2,0.37,ft/s,,,Unspecified,Unspecified,Unspecified,Unspecified,Unspecified,Unknown,Wading,2026-07-07T23:50:22.559647+00:00,point_velocity,Unspecified
05525500,POINT (-87.7235277777778 40.6299166666667),b8d152cb-d127-46ed-b782-cca8d5dca828,USGS-05525500,4e83fe27-81ae-f120-e053-0100007f828a,570,2003-07-10T20:39:00+00:00,Imported Channel 1,5690,ft^3/s,188,ft,2530,ft^2,2.25,ft/s,,,Unspecified,Unspecified,Unspecified,Unspecified,Unspecified,Unknown,BridgeCrane,2026-07-07T23:50:22.559647+00:00,point_velocity,Unspecified
05525500,POINT (-87.7235277777778 40.6299166666667),b90ac67a-963f-4177-bba7-fc02ce65c821,USGS-05525500,4e83e064-0407-e064-e053-0100007fb6d4,295,1972-12-08T06:00:00+00:00,Imported Channel 1,1180,ft^3/s,,,,,,,,ft,Unspecified,Unspecified,Unspecified,Unspecified,Unspecified,Unknown,Unspecified,2026-07-07T23:50:22.559647+00:00,other_method,Unspecified
05525500,POINT (-87.7235277777778 40.6299166666667),ba43293a-8b28-45c8-9602-51a96ea0b05d,USGS-05525500,4e83f452-45cf-ec14-e053-0100007f2973,510,1995-10-16T17:35:00+00:00,Imported Channel 1,10.0,ft^3/s,11.0,ft,6.29,ft^2,1.60,ft/s,,,Unspecified,Unspecified,Unspecified,Unspecified,Unspecified,Unknown,Wading,2026-07-07T23:50:22.559647+00:00,point_velocity,Unspecified
05525500,POINT (-87.7235277777778 40.6299166666667),bafe8c94-79c3-4e36-a81c-9809475cc029,USGS-05525500,4e83f3a2-1a85-ebb2-e053-0100007f3150,507,1995-07-25T21:00:00+00:00,Imported Channel 1,45.1,ft^3/s,48.0,ft,66.7,ft^2,0.67,ft/s,,,Unspecified,Unspecified,Unspecified,Unspecified,Unspecified,Unknown,Wading,2026-07-07T23:50:22.559647+00:00,point_velocity,Unspecified
05525500,POINT (-87.7235277777778 40.6299166666667),bb79a684-5000-4f1f-bda3-1589f151084a,USGS-05525500,4e83f6d3-b9e1-ebaa-e053-0100007f94a1,481,1991-08-28T14:20:00+00:00,Imported Channel 1,5.60,ft^3/s,29.5,ft,26.5,ft^2,0.21,ft/s,,,Unspecified,Unspecified,Unspecified,Unspecified,Unspecified,Unknown,Wading,2026-07-07T23:50:22.559647+00:00,point_velocity,Unspecified
05525500,POINT (-87.7235277777778 40.6299166666667),bb9df73d-efc3-4340-a1bf-bded854ce976,USGS-05525500,4e8407b3-f940-f65d-e053-0100007f95f2,655,2016-02-05T18:58:01+00:00,main,626,ft^3/s,129,ft,936,ft^2,0.67,ft/s,,ft,Unspecified,Unspecified,Unspecified,Unspecified,Unspecified,Unknown,BridgeDownstreamSide,2026-07-07T23:50:22.559647+00:00,adcp,AtTheGage
05525500,POINT (-87.7235277777778 40.6299166666667),bbee4381-2675-43bf-b2fb-64719135b268,USGS-05525500,4e83e6dc-89d5-e479-e053-0100007fed0a,418,1984-07-30T06:00:00+00:00,Imported Channel 1,26.5,ft^3/s,,,,,,,,ft,Unspecified,Unspecified,Unspecified,Unspecified,Unspecified,Unknown,Unspecified,2026-07-07T23:50:22.559647+00:00,other_method,Unspecified
05525500,POINT (-87.7235277777778 40.6299166666667),bbf3df5f-8566-42fc-a76d-d5031c000ede,USGS-05525500,844dbbfd-5f10-46b6-a5ca-610c6fc76a38,685,2020-09-30T17:16:09+00:00,Main,15.4,ft^3/s,80.0,ft,63.9,ft^2,0.24,ft/s,0.00,ft,Unspecified,Unspecified,Unspecified,Unspecified,Unspecified,Unspecified,Wading,2026-07-07T23:50:22.559647+00:00,point_velocity,AtTheGage
05525500,POINT (-87.7235277777778 40.6299166666667),bc1993b6-9c4e-412f-972c-3904a59e49b3,USGS-05525500,4e83f0fd-90f9-e9f0-e053-0100007fdadc,302,1973-07-02T06:00:00+00:00,Imported Channel 1,213,ft^3/s,,,,,,,,ft,Unspecified,Unspecified,Unspecified,Unspecified,Unspecified,Unknown,Unspecified,2026-07-07T23:50:22.559647+00:00,other_method,Unspecified
05525500,POINT (-87.7235277777778 40.6299166666667),bc392563-6463-49c1-b690-8368568f178a,USGS-05525500,4e84089f-f422-f6a7-e053-0100007fec41,610,2008-10-03T18:20:00+00:00,Imported Channel 1,68.9,ft^3/s,40.0,ft,36.3,ft^2,1.90,ft/s,,,Unspecified,Unspecified,Unspecified,Unspecified,Unspecified,Unknown,Wading,2026-07-07T23:50:22.559647+00:00,point_velocity,Unspecified
05525500,POINT (-87.7235277777778 40.6299166666667),bc6c89dd-69ec-4766-8ec2-89f3c3e9c6ce,USGS-05525500,4e83f15b-9ca5-ea2b-e053-0100007f673e,388,1981-09-02T06:00:00+00:00,Imported Channel 1,2970,ft^3/s,178,ft,2440,ft^2,1.22,ft/s,,,Unspecified,Unspecified,Unspecified,Unspecified,Unspecified,Unknown,BridgeCrane,2026-07-07T23:50:22.559647+00:00,point_velocity,Unspecified
05525500,POINT (-87.7235277777778 40.6299166666667),bd24de10-d693-45b7-967f-329b3384af12,USGS-05525500,4b6afc08-4502-4208-a282-dbd22b5dfd18,707,2023-10-25T21:36:48+00:00,Sugar Milford,18.5,ft^3/s,63.0,ft,55.0,ft^2,0.34,ft/s,300.00,ft,Soft,SiltMud,Uneven,Uneven,NonStandard,Steady,Wading,2026-07-07T23:50:22.559647+00:00,point_velocity,Downstream
05525500,POINT (-87.7235277777778 40.6299166666667),bd82fa1e-e6f4-485b-bf9a-1045d2f34eee,USGS-05525500,29029584-6cd6-45f5-a25f-34c7b4d148a8,699,2022-12-06T20:47:22+00:00,Sugar Milford,87.1,ft^3/s,105,ft,313,ft^2,0.28,ft/s,20.00,ft,Soft,Sand,Even,Even,Standard,Steady,BridgeDownstreamSide,2026-07-07T23:50:22.559647+00:00,adcp,Downstream
05525500,POINT (-87.7235277777778 40.6299166666667),be897002-3d57-43f1-ab61-9fadfca7717a,USGS-05525500,4e83ed4c-0db7-e84e-e053-0100007f5350,385,1981-07-22T06:00:00+00:00,Imported Channel 1,455,ft^3/s,135,ft,623,ft^2,0.72,ft/s,,,Unspecified,Unspecified,Unspecified,Unspecified,Unspecified,Unknown,BridgeCrane,2026-07-07T23:50:22.559647+00:00,point_velocity,Unspecified
05525500,POINT (-87.7235277777778 40.6299166666667),bfde9827-e047-40cd-b8d8-4069406f9ee8,USGS-05525500,4e83f556-e45f-ec42-e053-0100007f717e,575,2004-01-28T21:06:00+00:00,Imported Channel 1,131,ft^3/s,36.0,ft,74.5,ft^2,1.76,ft/s,,,Unspecified,Unspecified,Unspecified,Unspecified,Unspecified,Unknown,Wading,2026-07-07T23:50:22.559647+00:00,point_velocity,Unspecified
05525500,POINT (-87.7235277777778 40.6299166666667),c067248b-089c-4695-927e-52b12053abce,USGS-05525500,4e83db31-a3e1-dead-e053-0100007fa53d,272,1970-11-20T06:00:00+00:00,Imported Channel 1,152,ft^3/s,,,,,,,,ft,Unspecified,Unspecified,Unspecified,Unspecified,Unspecified,Unknown,Unspecified,2026-07-07T23:50:22.559647+00:00,other_method,Unspecified
05525500,POINT (-87.7235277777778 40.6299166666667),c0a5adf0-5a48-4701-a8a1-c58d15a7f179,USGS-05525500,4e83f0d8-e7f9-ea51-e053-0100007f848e,458,1988-11-17T18:00:00+00:00,Imported Channel 1,758,ft^3/s,139,ft,663,ft^2,1.14,ft/s,,,Unspecified,Unspecified,Unspecified,Unspecified,Unspecified,Unknown,BridgeCrane,2026-07-07T23:50:22.559647+00:00,point_velocity,Unspecified
05525500,POINT (-87.7235277777778 40.6299166666667),c0ec325f-9dfb-4905-8b1e-a47c4770ecd6,USGS-05525500,4e83e69c-4c95-e475-e053-0100007f9192,271,1970-10-23T06:00:00+00:00,Imported Channel 1,349,ft^3/s,,,,,,,,ft,Unspecified,Unspecified,Unspecified,Unspecified,Unspecified,Unknown,Unspecified,2026-07-07T23:50:22.559647+00:00,other_method,Unspecified
05525500,POINT (-87.7235277777778 40.6299166666667),c135592e-d649-4eee-b226-2630dccb5ab2,USGS-05525500,4e83f533-27d4-ec58-e053-0100007f297c,644,2014-03-13T22:03:16+00:00,main,1100,ft^3/s,84.0,ft,628,ft^2,1.76,ft/s,5000.00,ft,Unspecified,Unspecified,Unspecified,Unspecified,Unspecified,Unknown,BridgeDownstreamSide,2026-07-07T23:50:22.559647+00:00,adcp,Downstream
05525500,POINT (-87.7235277777778 40.6299166666667),c16cf29d-debc-48ff-8678-90d6bbc0d4d8,USGS-05525500,4e83e1fe-5eba-e249-e053-0100007fd6e4,399,1982-10-26T06:00:00+00:00,Imported Channel 1,16.3,ft^3/s,47.5,ft,27.2,ft^2,0.60,ft/s,,,Unspecified,Unspecified,Unspecified,Unspecified,Unspecified,Unknown,Wading,2026-07-07T23:50:22.559647+00:00,point_velocity,Unspecified
05525500,POINT (-87.7235277777778 40.6299166666667),c1f59a4e-a244-429d-a54c-608b5fb8556a,USGS-05525500,9003bf93-d29d-402d-e053-0100007faf3f,676,2019-07-31T15:30:17+00:00,main,34.6,ft^3/s,71.5,ft,232,ft^2,0.15,ft/s,0.00,ft,Soft,SiltMud,Uneven,Unspecified,Unspecified,Unspecified,BridgeDownstreamSide,2026-07-07T23:50:22.559647+00:00,adcp,AtTheGage
05525500,POINT (-87.7235277777778 40.6299166666667),c25b782e-778d-4050-a738-df25293f2acb,USGS-05525500,4e83f452-45ea-ec14-e053-0100007f2973,608,2008-08-28T17:10:00+00:00,Imported Channel 1,13.9,ft^3/s,28.9,ft,17.3,ft^2,0.80,ft/s,,,Unspecified,Unspecified,Unspecified,Unspecified,Unspecified,Unknown,Wading,2026-07-07T23:50:22.559647+00:00,point_velocity,Unspecified
05525500,POINT (-87.7235277777778 40.6299166666667),c2df696d-a15b-4a19-a882-07b118bb7af9,USGS-05525500,4e83f5b6-e11a-ec5a-e053-0100007f81c7,367,1979-08-15T06:00:00+00:00,Imported Channel 1,46.0,ft^3/s,,,,,,,,ft,Unspecified,Unspecified,Unspecified,Unspecified,Unspecified,Unknown,Unspecified,2026-07-07T23:50:22.559647+00:00,other_method,Unspecified
05525500,POINT (-87.7235277777778 40.6299166666667),c3257006-35b3-4059-bb60-cd157f1dade0,USGS-05525500,4e8407d1-3953-f660-e053-0100007f4e69,597,2007-01-03T17:14:00+00:00,Imported Channel 1,1210,ft^3/s,159,ft,1030,ft^2,1.18,ft/s,,ft,Unspecified,Unspecified,Unspecified,Unspecified,Unspecified,Unknown,Unspecified,2026-07-07T23:50:22.559647+00:00,adcp,Unspecified
05525500,POINT (-87.7235277777778 40.6299166666667),c33ca3f9-f744-4093-973f-3eff11df4225,USGS-05525500,4e83fb3f-e3ac-ef76-e053-0100007f8d1d,478,1991-05-02T14:15:00+00:00,Imported Channel 1,236,ft^3/s,101,ft,377,ft^2,0.63,ft/s,,,Unspecified,Unspecified,Unspecified,Unspecified,Unspecified,Unknown,BridgeCrane,2026-07-07T23:50:22.559647+00:00,point_velocity,Unspecified
05525500,POINT (-87.7235277777778 40.6299166666667),c397f78f-976e-421d-9a15-040c2646c7d4,USGS-05525500,4e83f21e-5aaf-eaf9-e053-0100007ff817,375,1980-06-24T06:00:00+00:00,Imported Channel 1,438,ft^3/s,,,,,,,,ft,Unspecified,Unspecified,Unspecified,Unspecified,Unspecified,Unknown,Unspecified,2026-07-07T23:50:22.559647+00:00,other_method,Unspecified
05525500,POINT (-87.7235277777778 40.6299166666667),c46827a8-9b02-4eda-8f00-78801cf30d6c,USGS-05525500,4e83f508-d547-ec50-e053-0100007fb220,352,1978-01-09T06:00:00+00:00,Imported Channel 1,93.9,ft^3/s,,,,,,,,ft,Unspecified,Unspecified,Unspecified,Unspecified,Unspecified,Unknown,Unspecified,2026-07-07T23:50:22.559647+00:00,other_method,Unspecified
05525500,POINT (-87.7235277777778 40.6299166666667),c51fdfb8-0bbb-408d-a461-245bf5f01592,USGS-05525500,4e83f15b-9cca-ea2b-e053-0100007f673e,595,2006-08-18T16:02:00+00:00,Imported Channel 1,31.4,ft^3/s,41.0,ft,42.7,ft^2,0.74,ft/s,,,Unspecified,Unspecified,Unspecified,Unspecified,Unspecified,Unknown,Wading,2026-07-07T23:50:22.559647+00:00,point_velocity,Unspecified
05525500,POINT (-87.7235277777778 40.6299166666667),c5daa3c4-f5ef-46f5-b20d-a3966990317a,USGS-05525500,4e83f0ac-c677-e9ea-e053-0100007f5a65,463,1989-05-17T16:40:00+00:00,Imported Channel 1,98.5,ft^3/s,50.0,ft,91.8,ft^2,1.07,ft/s,,,Unspecified,Unspecified,Unspecified,Unspecified,Unspecified,Unknown,Wading,2026-07-07T23:50:22.559647+00:00,point_velocity,Unspecified
05525500,POINT (-87.7235277777778 40.6299166666667),c757ebef-ebb5-4519-a33d-1d2f41cb3434,USGS-05525500,e468b072-634e-4e3c-9f68-283ec70fcb2c,706,2023-08-07T21:37:30+00:00,Sugar Milford,2310,ft^3/s,162,ft,1900,ft^2,1.21,ft/s,20.00,ft,Soft,Sand,Even,Even,Standard,Steady,BridgeDownstreamSide,2026-07-07T23:50:22.559647+00:00,adcp,Downstream
05525500,POINT (-87.7235277777778 40.6299166666667),c8713e2f-70eb-49fe-9e8e-ad0b4296c756,USGS-05525500,4e83f1f8-90d9-eaf5-e053-0100007f8434,528,1998-01-07T16:35:00+00:00,Imported Channel 1,1180,ft^3/s,153,ft,1230,ft^2,0.96,ft/s,,,Unspecified,Unspecified,Unspecified,Unspecified,Unspecified,Unknown,BridgeCrane,2026-07-07T23:50:22.559647+00:00,point_velocity,Unspecified
05525500,POINT (-87.7235277777778 40.6299166666667),c878800b-42c4-4c70-bc79-3c9582c2d15d,USGS-05525500,4e83dc3d-b840-df3f-e053-0100007f197a,330,1976-02-17T06:00:00+00:00,Imported Channel 1,4060,ft^3/s,,,,,,,,ft,Unspecified,Unspecified,Unspecified,Unspecified,Unspecified,Unknown,Unspecified,2026-07-07T23:50:22.559647+00:00,other_method,Unspecified
05525500,POINT (-87.7235277777778 40.6299166666667),c9a7bdfc-034f-4eb2-9f69-c3e0cf2c1869,USGS-05525500,4e83f15b-9ca7-ea2b-e053-0100007f673e,428,1985-08-19T06:00:00+00:00,Imported Channel 1,26.0,ft^3/s,31.0,ft,23.9,ft^2,1.09,ft/s,,,Unspecified,Unspecified,Unspecified,Unspecified,Unspecified,Unknown,Wading,2026-07-07T23:50:22.559647+00:00,point_velocity,Unspecified
05525500,POINT (-87.7235277777778 40.6299166666667),c9ea1017-9a9a-4384-b46a-e45b0b005aac,USGS-05525500,4e83f189-1e64-e9aa-e053-0100007f2130,327,1975-12-03T06:00:00+00:00,Imported Channel 1,289,ft^3/s,,,,,,,,ft,Unspecified,Unspecified,Unspecified,Unspecified,Unspecified,Unknown,Unspecified,2026-07-07T23:50:22.559647+00:00,other_method,Unspecified
05525500,POINT (-87.7235277777778 40.6299166666667),ca48efb4-b14e-444f-8896-1b47b3a5d25b,USGS-05525500,4e83d94b-c32f-dcf4-e053-0100007f1e37,315,1974-09-13T06:00:00+00:00,Imported Channel 1,3730,ft^3/s,,,,,,,,ft,Unspecified,Unspecified,Unspecified,Unspecified,Unspecified,Unknown,Unspecified,2026-07-07T23:50:22.559647+00:00,other_method,Unspecified
05525500,POINT (-87.7235277777778 40.6299166666667),caf4ca6b-a4b3-45d8-b377-c6b7841fdad0,USGS-05525500,4e83ea33-6c54-e60b-e053-0100007f0b20,344,1977-08-01T06:00:00+00:00,Imported Channel 1,8.20,ft^3/s,,,,,,,,ft,Unspecified,Unspecified,Unspecified,Unspecified,Unspecified,Unknown,Unspecified,2026-07-07T23:50:22.559647+00:00,other_method,Unspecified
05525500,POINT (-87.7235277777778 40.6299166666667),cb1bef10-3f20-4ea8-838b-05d49e1201ed,USGS-05525500,4e83f09c-a69f-ea25-e053-0100007fbc68,265,1970-04-14T06:00:00+00:00,Imported Channel 1,648,ft^3/s,,,,,,,,ft,Unspecified,Unspecified,Unspecified,Unspecified,Unspecified,Unknown,Unspecified,2026-07-07T23:50:22.559647+00:00,other_method,Unspecified
05525500,POINT (-87.7235277777778 40.6299166666667),cb1e1cc3-4384-4f3c-83e0-9ced556461a9,USGS-05525500,4e83f502-aaf3-ec38-e053-0100007f9af8,460,1989-02-23T16:40:00+00:00,Imported Channel 1,81.4,ft^3/s,56.0,ft,85.7,ft^2,0.95,ft/s,,,Unspecified,Unspecified,Unspecified,Unspecified,Unspecified,Unknown,Wading,2026-07-07T23:50:22.559647+00:00,point_velocity,Unspecified
05525500,POINT (-87.7235277777778 40.6299166666667),cb7e1930-4243-4e5e-9dfe-9a08b1bd33c7,USGS-05525500,4e83eab1-8538-e6bf-e053-0100007f776b,278,1971-05-17T06:00:00+00:00,Imported Channel 1,269,ft^3/s,,,,,,,,ft,Unspecified,Unspecified,Unspecified,Unspecified,Unspecified,Unknown,Unspecified,2026-07-07T23:50:22.559647+00:00,other_method,Unspecified
05525500,POINT (-87.7235277777778 40.6299166666667),cbc3bf04-f2e2-4c1f-9e02-c4eccb7d2eb7,USGS-05525500,4e83f531-68ae-ec52-e053-0100007fa584,470,1990-03-07T20:45:00+00:00,Imported Channel 1,437,ft^3/s,96.0,ft,499,ft^2,0.88,ft/s,,,Unspecified,Unspecified,Unspecified,Unspecified,Unspecified,Unknown,BridgeCrane,2026-07-07T23:50:22.559647+00:00,point_velocity,Unspecified
05525500,POINT (-87.7235277777778 40.6299166666667),cbc5ac74-e7eb-421b-b5cc-41140159442d,USGS-05525500,4e83f0fd-90fc-e9f0-e053-0100007fdadc,334,1976-07-15T06:00:00+00:00,Imported Channel 1,68.9,ft^3/s,,,,,,,,ft,Unspecified,Unspecified,Unspecified,Unspecified,Unspecified,Unknown,Unspecified,2026-07-07T23:50:22.559647+00:00,other_method,Unspecified
05525500,POINT (-87.7235277777778 40.6299166666667),cbe575e3-c2e9-4707-b905-672809439630,USGS-05525500,4e83f471-3b91-ec1a-e053-0100007fb7bd,551,2001-03-28T21:15:00+00:00,Imported Channel 1,200,ft^3/s,47.0,ft,86.9,ft^2,2.30,ft/s,,,Unspecified,Unspecified,Unspecified,Unspecified,Unspecified,Unknown,Wading,2026-07-07T23:50:22.559647+00:00,point_velocity,Unspecified
05525500,POINT (-87.7235277777778 40.6299166666667),cc54bf8e-b73e-48b8-9ecd-a59cf16d5825,USGS-05525500,4e83ed64-0376-e84a-e053-0100007fe02d,587,2005-03-16T18:18:00+00:00,Imported Channel 1,152,ft^3/s,46.0,ft,62.3,ft^2,2.44,ft/s,,,Unspecified,Unspecified,Unspecified,Unspecified,Unspecified,Unknown,Wading,2026-07-07T23:50:22.559647+00:00,point_velocity,Unspecified
05525500,POINT (-87.7235277777778 40.6299166666667),cc5d67bf-af58-43ac-a73c-a353209d46b4,USGS-05525500,4e840230-8f16-f3a3-e053-0100007f77c4,630,2011-12-13T17:16:00+00:00,Imported Channel 1,22.5,ft^3/s,24.2,ft,15.6,ft^2,1.44,ft/s,2500.00,ft,Unspecified,Unspecified,Unspecified,Even,Unspecified,Unknown,Wading,2026-07-07T23:50:22.559647+00:00,point_velocity,Downstream
05525500,POINT (-87.7235277777778 40.6299166666667),cd815096-f74c-45d7-8930-135a8e7a28f4,USGS-05525500,4e8402a7-1fbd-f3c3-e053-0100007ff5ca,568,2003-05-13T18:34:00+00:00,Imported Channel 1,1320,ft^3/s,157,ft,1350,ft^2,0.98,ft/s,,,Unspecified,Unspecified,Unspecified,Unspecified,Unspecified,Unknown,BridgeCrane,2026-07-07T23:50:22.559647+00:00,point_velocity,Unspecified
05525500,POINT (-87.7235277777778 40.6299166666667),cd890acc-3cfc-495d-b36b-035615ecc776,USGS-05525500,4e83ea7f-17ba-e6c1-e053-0100007faba3,414,1984-03-06T06:00:00+00:00,Imported Channel 1,227,ft^3/s,57.0,ft,122,ft^2,1.86,ft/s,,,Unspecified,Unspecified,Unspecified,Unspecified,Unspecified,Unknown,Wading,2026-07-07T23:50:22.559647+00:00,point_velocity,Unspecified
05525500,POINT (-87.7235277777778 40.6299166666667),cdf39ddb-b749-4e54-bd5c-95f8b326705b,USGS-05525500,4e83e9a7-5df7-e5ed-e053-0100007fb6f0,566,2003-03-20T13:23:00+00:00,Imported Channel 1,164,ft^3/s,48.5,ft,88.3,ft^2,1.86,ft/s,,,Unspecified,Unspecified,Unspecified,Unspecified,Unspecified,Unknown,Wading,2026-07-07T23:50:22.559647+00:00,point_velocity,Unspecified
05525500,POINT (-87.7235277777778 40.6299166666667),ce51c32f-e3b4-42e2-83c7-e880fe958d7b,USGS-05525500,4e83e5d1-185b-e3fb-e053-0100007f3dba,307,1973-12-06T06:00:00+00:00,Imported Channel 1,322,ft^3/s,,,,,,,,ft,Unspecified,Unspecified,Unspecified,Unspecified,Unspecified,Unknown,Unspecified,2026-07-07T23:50:22.559647+00:00,other_method,Unspecified
05525500,POINT (-87.7235277777778 40.6299166666667),cea111c6-a45e-48e0-a54c-92e818dcbece,USGS-05525500,4e8409f9-07a0-f757-e053-0100007fca37,660,2017-01-04T17:40:42+00:00,main,1050,ft^3/s,144,ft,818,ft^2,1.28,ft/s,,ft,Unspecified,Unspecified,Unspecified,Unspecified,Unspecified,Unknown,BridgeDownstreamSide,2026-07-07T23:50:22.559647+00:00,adcp,AtTheGage
05525500,POINT (-87.7235277777778 40.6299166666667),cf9bd710-4aa5-412f-b04c-b353628c0e71,USGS-05525500,4e83eaab-b3fe-e405-e053-0100007f44e0,292,1972-09-14T06:00:00+00:00,Imported Channel 1,154,ft^3/s,,,,,,,,ft,Unspecified,Unspecified,Unspecified,Unspecified,Unspecified,Unknown,Unspecified,2026-07-07T23:50:22.559647+00:00,other_method,Unspecified
05525500,POINT (-87.7235277777778 40.6299166666667),d03c82f8-bf14-4fcf-abf2-99fa857263b4,USGS-05525500,4e83e5d1-185f-e3fb-e053-0100007f3dba,347,1977-08-23T06:00:00+00:00,Imported Channel 1,223,ft^3/s,,,,,,,,ft,Unspecified,Unspecified,Unspecified,Unspecified,Unspecified,Unknown,Unspecified,2026-07-07T23:50:22.559647+00:00,other_method,Unspecified
05525500,POINT (-87.7235277777778 40.6299166666667),d0e623b6-d128-4737-9919-65e705d982e3,USGS-05525500,4e83f903-759a-ee8b-e053-0100007fe9dd,449,1988-04-13T17:30:00+00:00,Imported Channel 1,422,ft^3/s,102,ft,291,ft^2,1.42,ft/s,,,Unspecified,Unspecified,Unspecified,Unspecified,Unspecified,Unknown,BridgeCrane,2026-07-07T23:50:22.559647+00:00,point_velocity,Unspecified
05525500,POINT (-87.7235277777778 40.6299166666667),d0fd2a18-8d7a-4110-b65f-468579529338,USGS-05525500,4e83e9e8-d4c7-e66d-e053-0100007fc664,262,1970-01-22T06:00:00+00:00,Imported Channel 1,33.7,ft^3/s,,,,,,,,ft,Unspecified,Unspecified,Unspecified,Unspecified,Unspecified,Unknown,Unspecified,2026-07-07T23:50:22.559647+00:00,other_method,Unspecified
05525500,POINT (-87.7235277777778 40.6299166666667),d14df50d-b40f-4d07-b243-ba42e9b27f69,USGS-05525500,4e83f05d-ba23-e9ae-e053-0100007fd8d5,554,2001-08-31T13:55:00+00:00,Imported Channel 1,1170,ft^3/s,140,ft,1090,ft^2,1.07,ft/s,,,Unspecified,Unspecified,Unspecified,Unspecified,Unspecified,Unknown,BridgeCrane,2026-07-07T23:50:22.559647+00:00,point_velocity,Unspecified
05525500,POINT (-87.7235277777778 40.6299166666667),d2c75461-8b5d-49d2-8db0-3b5455d52cb8,USGS-05525500,232625d5-c4ec-4c4d-bffd-452b71b802cb,703,2023-04-12T19:09:51+00:00,Sugar Milford 2nd QM,291,ft^3/s,121,ft,612,ft^2,0.48,ft/s,20.00,ft,Soft,SiltMud,Even,Even,Standard,Steady,BridgeDownstreamSide,2026-07-07T23:50:22.559647+00:00,adcp,Downstream
05525500,POINT (-87.7235277777778 40.6299166666667),d2f4035a-e636-4d73-8bc5-6e82875d9252,USGS-05525500,58f6dcf3-a332-4f90-a669-b4a7d7c3f1f1,696,2022-05-31T23:47:53+00:00,Sugar Milford,164,ft^3/s,112,ft,385,ft^2,0.43,ft/s,20.00,ft,Soft,Sand,Even,Even,Standard,Steady,BridgeDownstreamSide,2026-07-07T23:50:22.559647+00:00,adcp,Downstream
05525500,POINT (-87.7235277777778 40.6299166666667),d305cc35-aeae-44a5-a2a4-e7eaee3ada0a,USGS-05525500,4e840436-492f-f457-e053-0100007f634a,612,2009-01-21T17:20:00+00:00,Imported Channel 1,117,ft^3/s,88.0,ft,99.4,ft^2,1.18,ft/s,1500.00,ft,Firm,Gravel,Uneven,Unspecified,Unspecified,Unknown,Wading,2026-07-07T23:50:22.559647+00:00,point_velocity,Downstream
05525500,POINT (-87.7235277777778 40.6299166666667),d370557f-d66b-4969-9a52-46f03fce1c10,USGS-05525500,4e83e9a7-5dee-e5ed-e053-0100007fb6f0,498,1993-09-10T17:35:00+00:00,Imported Channel 1,1250,ft^3/s,127,ft,1150,ft^2,1.09,ft/s,,,Unspecified,Unspecified,Unspecified,Unspecified,Unspecified,Unknown,BridgeCrane,2026-07-07T23:50:22.559647+00:00,point_velocity,Unspecified
05525500,POINT (-87.7235277777778 40.6299166666667),d3ba7b1d-7ff8-49f2-98fa-29f030a7a3fe,USGS-05525500,8ed74b72-cb3d-4b6f-9687-c5e120992976,678,2019-12-04T18:12:28+00:00,main,144,ft^3/s,87.0,ft,345,ft^2,0.42,ft/s,0.00,ft,Firm,SiltMud,Even,Even,Unspecified,Unspecified,BridgeDownstreamSide,2026-07-07T23:50:22.559647+00:00,adcp,AtTheGage
05525500,POINT (-87.7235277777778 40.6299166666667),d4573c75-a23b-4cec-b62d-5a94fb7eede9,USGS-05525500,4e83f1f8-90c2-eaf5-e053-0100007f8434,319,1975-01-20T06:00:00+00:00,Imported Channel 1,358,ft^3/s,,,,,,,,ft,Unspecified,Unspecified,Unspecified,Unspecified,Unspecified,Unknown,Unspecified,2026-07-07T23:50:22.559647+00:00,other_method,Unspecified
05525500,POINT (-87.7235277777778 40.6299166666667),d45e8705-b279-4c85-8040-546354680dae,USGS-05525500,4e83ed64-0381-e84a-e053-0100007fe02d,617,2009-12-07T15:48:30+00:00,Imported Channel 1,176,ft^3/s,97.0,ft,478,ft^2,0.37,ft/s,,ft,Unspecified,Unspecified,Unspecified,Even,Unspecified,Unknown,BridgeDownstreamSide,2026-07-07T23:50:22.559647+00:00,adcp,AtTheGage
05525500,POINT (-87.7235277777778 40.6299166666667),d489c83e-5659-42ce-a4ba-eb506601d41e,USGS-05525500,4e83ea83-f550-e6c3-e053-0100007f4de1,473,1990-07-03T16:10:00+00:00,Imported Channel 1,343,ft^3/s,104,ft,450,ft^2,0.76,ft/s,,,Unspecified,Unspecified,Unspecified,Unspecified,Unspecified,Unknown,BridgeCrane,2026-07-07T23:50:22.559647+00:00,point_velocity,Unspecified
05525500,POINT (-87.7235277777778 40.6299166666667),d4ac1bd4-cc62-4787-bcdb-2ce6dd533b6f,USGS-05525500,4e83fbc4-2370-efd4-e053-0100007fa0a3,475,1990-10-11T18:35:00+00:00,Imported Channel 1,4240,ft^3/s,190,ft,2370,ft^2,1.79,ft/s,,,Unspecified,Unspecified,Unspecified,Unspecified,Unspecified,Unknown,BridgeCrane,2026-07-07T23:50:22.559647+00:00,point_velocity,Unspecified
05525500,POINT (-87.7235277777778 40.6299166666667),d5602e37-daec-417b-ae0d-a4fb5d6bb5f4,USGS-05525500,4e83f4c9-2b34-ebb6-e053-0100007fd25a,348,1977-09-10T06:00:00+00:00,Imported Channel 1,46.2,ft^3/s,,,,,,,,ft,Unspecified,Unspecified,Unspecified,Unspecified,Unspecified,Unknown,Unspecified,2026-07-07T23:50:22.559647+00:00,other_method,Unspecified
05525500,POINT (-87.7235277777778 40.6299166666667),d59a5c8c-246e-4741-a719-c4d6e37517fc,USGS-05525500,4e83f041-2b91-e9ee-e053-0100007fadaa,569,2003-07-02T20:30:00+00:00,Imported Channel 1,359,ft^3/s,129,ft,508,ft^2,0.71,ft/s,,,Unspecified,Unspecified,Unspecified,Unspecified,Unspecified,Unknown,BridgeCrane,2026-07-07T23:50:22.559647+00:00,point_velocity,Unspecified
05525500,POINT (-87.7235277777778 40.6299166666667),d5d471ea-e504-4ff8-b0b0-5b4da00a7d23,USGS-05525500,4e83f8f1-1764-ee89-e053-0100007fc033,552,2001-05-24T14:38:00+00:00,Imported Channel 1,168,ft^3/s,48.0,ft,74.4,ft^2,2.26,ft/s,,,Unspecified,Unspecified,Unspecified,Unspecified,Unspecified,Unknown,Wading,2026-07-07T23:50:22.559647+00:00,point_velocity,Unspecified
05525500,POINT (-87.7235277777778 40.6299166666667),d5de18e0-ce06-4a56-91e7-e58413e12316,USGS-05525500,4e83de4b-3585-e068-e053-0100007ff91f,310,1974-04-12T06:00:00+00:00,Imported Channel 1,496,ft^3/s,,,,,,,,ft,Unspecified,Unspecified,Unspecified,Unspecified,Unspecified,Unknown,Unspecified,2026-07-07T23:50:22.559647+00:00,other_method,Unspecified
05525500,POINT (-87.7235277777778 40.6299166666667),d69e3730-9d62-4e44-9eae-f6026a295470,USGS-05525500,4e83f471-3b74-ec1a-e053-0100007fb7bd,483,1991-12-04T18:20:00+00:00,Imported Channel 1,1020,ft^3/s,143,ft,932,ft^2,1.09,ft/s,,,Unspecified,Unspecified,Unspecified,Unspecified,Unspecified,Unknown,BridgeCrane,2026-07-07T23:50:22.559647+00:00,point_velocity,Unspecified
05525500,POINT (-87.7235277777778 40.6299166666667),d7305945-5446-428a-90ff-a48884e7f656,USGS-05525500,21cf6807-38ec-4e90-97e7-a3b9bdd8feb1,708,2023-12-20T15:03:31+00:00,Sugar Milford,284,ft^3/s,117,ft,495,ft^2,0.57,ft/s,0.00,ft,Soft,SiltMud,Even,Even,Standard,Steady,BridgeDownstreamSide,2026-07-07T23:50:22.559647+00:00,adcp,AtTheGage
05525500,POINT (-87.7235277777778 40.6299166666667),d74571a1-3bd9-4922-929a-c4a7a1925b0c,USGS-05525500,4e83e064-0403-e064-e053-0100007fb6d4,283,1971-10-08T06:00:00+00:00,Imported Channel 1,20.3,ft^3/s,,,,,,,,ft,Unspecified,Unspecified,Unspecified,Unspecified,Unspecified,Unknown,Unspecified,2026-07-07T23:50:22.559647+00:00,other_method,Unspecified
05525500,POINT (-87.7235277777778 40.6299166666667),d777c709-30c1-41a1-95d3-948c7c440aa3,USGS-05525500,4e83f21e-5ab1-eaf9-e053-0100007ff817,384,1981-07-01T06:00:00+00:00,Imported Channel 1,255,ft^3/s,58.0,ft,934,ft^2,2.73,ft/s,,,Unspecified,Unspecified,Unspecified,Unspecified,Unspecified,Unknown,Wading,2026-07-07T23:50:22.559647+00:00,point_velocity,Unspecified
05525500,POINT (-87.7235277777778 40.6299166666667),d7913670-d404-4753-a28b-9e05d0f2a3f3,USGS-05525500,4e83f140-7eee-e9ac-e053-0100007ffe53,514,1996-03-12T15:45:00+00:00,Imported Channel 1,99.3,ft^3/s,46.0,ft,59.3,ft^2,1.68,ft/s,,,Unspecified,Unspecified,Unspecified,Unspecified,Unspecified,Unknown,Wading,2026-07-07T23:50:22.559647+00:00,point_velocity,Unspecified
05525500,POINT (-87.7235277777778 40.6299166666667),d7a249b5-338b-4ea3-a811-a7bf6bcd3f86,USGS-05525500,4e83e5e9-0ae4-e3fd-e053-0100007f4f56,356,1978-04-11T06:00:00+00:00,Imported Channel 1,710,ft^3/s,,,,,,,,ft,Unspecified,Unspecified,Unspecified,Unspecified,Unspecified,Unknown,Unspecified,2026-07-07T23:50:22.559647+00:00,other_method,Unspecified
05525500,POINT (-87.7235277777778 40.6299166666667),d815778d-1603-4127-8f9f-7614bdd3ac1f,USGS-05525500,4e83e25d-632a-e273-e053-0100007f29c5,343,1977-06-20T06:00:00+00:00,Imported Channel 1,25.9,ft^3/s,,,,,,,,ft,Unspecified,Unspecified,Unspecified,Unspecified,Unspecified,Unknown,Unspecified,2026-07-07T23:50:22.559647+00:00,other_method,Unspecified
05525500,POINT (-87.7235277777778 40.6299166666667),d8312531-4776-48bd-9f13-794753b79198,USGS-05525500,4e8403dc-8e8a-f425-e053-0100007ff277,647,2014-09-08T16:33:30+00:00,main,131,ft^3/s,42.0,ft,107,ft^2,1.23,ft/s,1000.00,ft,Unspecified,Unspecified,Unspecified,Unspecified,Unspecified,Unknown,Wading,2026-07-07T23:50:22.559647+00:00,point_velocity,Downstream
05525500,POINT (-87.7235277777778 40.6299166666667),d882fa0b-ea8e-421a-be13-51c3212f9ab4,USGS-05525500,4e83d4f8-3880-db85-e053-0100007f211a,346,1977-08-17T06:00:00+00:00,Imported Channel 1,559,ft^3/s,,,,,,,,ft,Unspecified,Unspecified,Unspecified,Unspecified,Unspecified,Unknown,Unspecified,2026-07-07T23:50:22.559647+00:00,other_method,Unspecified
05525500,POINT (-87.7235277777778 40.6299166666667),d9047aaa-b759-4e53-85b8-089c657e99e5,USGS-05525500,232625d5-c4ec-4c4d-bffd-452b71b802cb,702,2023-04-12T18:48:49+00:00,Sugar Milford 1st QM,317,ft^3/s,121,ft,616,ft^2,0.52,ft/s,20.00,ft,Soft,SiltMud,Even,Even,Standard,Steady,BridgeDownstreamSide,2026-07-07T23:50:22.559647+00:00,adcp,Downstream
05525500,POINT (-87.7235277777778 40.6299166666667),d94785b1-876a-421e-afca-9b5ec7d6303a,USGS-05525500,4e83d4f8-3870-db85-e053-0100007f211a,279,1971-06-07T06:00:00+00:00,Imported Channel 1,74.9,ft^3/s,,,,,,,,ft,Unspecified,Unspecified,Unspecified,Unspecified,Unspecified,Unknown,Unspecified,2026-07-07T23:50:22.559647+00:00,other_method,Unspecified
05525500,POINT (-87.7235277777778 40.6299166666667),d9bb4752-6ab9-44cf-a09f-3c132021e53c,USGS-05525500,4e83dc3d-b841-df3f-e053-0100007f197a,331,1976-03-03T06:00:00+00:00,Imported Channel 1,432,ft^3/s,,,,,,,,ft,Unspecified,Unspecified,Unspecified,Unspecified,Unspecified,Unknown,Unspecified,2026-07-07T23:50:22.559647+00:00,other_method,Unspecified
05525500,POINT (-87.7235277777778 40.6299166666667),d9c28e3a-c4e5-425d-bac4-7e207c286a6d,USGS-05525500,4e83f24f-f839-ea33-e053-0100007fae16,472,1990-05-30T18:00:00+00:00,Imported Channel 1,404,ft^3/s,104,ft,488,ft^2,0.83,ft/s,,,Unspecified,Unspecified,Unspecified,Unspecified,Unspecified,Unknown,BridgeCrane,2026-07-07T23:50:22.559647+00:00,point_velocity,Unspecified
05525500,POINT (-87.7235277777778 40.6299166666667),d9d36fdc-1b3c-4eaf-93dd-1fa7daacaee7,USGS-05525500,4e83e919-c578-e47b-e053-0100007f0b3b,539,1999-05-21T16:05:00+00:00,Imported Channel 1,251,ft^3/s,59.0,ft,121,ft^2,2.07,ft/s,,,Unspecified,Unspecified,Unspecified,Unspecified,Unspecified,Unknown,Wading,2026-07-07T23:50:22.559647+00:00,point_velocity,Unspecified
05525500,POINT (-87.7235277777778 40.6299166666667),d9eb88fd-7ecd-4e1c-a902-433beeef2973,USGS-05525500,4e83f5ae-908f-ec5e-e053-0100007f5062,515,1996-04-30T17:10:00+00:00,Imported Channel 1,452,ft^3/s,113,ft,516,ft^2,0.88,ft/s,,,Unspecified,Unspecified,Unspecified,Unspecified,Unspecified,Unknown,BridgeCrane,2026-07-07T23:50:22.559647+00:00,point_velocity,Unspecified
05525500,POINT (-87.7235277777778 40.6299166666667),da178532-78bc-4d07-ac4c-00717b603f9c,USGS-05525500,4e83e5e9-0ae6-e3fd-e053-0100007f4f56,365,1979-04-27T06:00:00+00:00,Imported Channel 1,2990,ft^3/s,,,,,,,,ft,Unspecified,Unspecified,Unspecified,Unspecified,Unspecified,Unknown,Unspecified,2026-07-07T23:50:22.559647+00:00,other_method,Unspecified
05525500,POINT (-87.7235277777778 40.6299166666667),dabf8f02-1b47-4fb7-9e34-6090db226ae7,USGS-05525500,4e83e5d1-185c-e3fb-e053-0100007f3dba,308,1974-02-13T06:00:00+00:00,Imported Channel 1,419,ft^3/s,,,,,,,,ft,Unspecified,Unspecified,Unspecified,Unspecified,Unspecified,Unknown,Unspecified,2026-07-07T23:50:22.559647+00:00,other_method,Unspecified
05525500,POINT (-87.7235277777778 40.6299166666667),db07181b-4364-49a7-acb0-d793488cc8ae,USGS-05525500,4e83f0c2-8f41-ea10-e053-0100007fd09f,323,1975-06-12T06:00:00+00:00,Imported Channel 1,214,ft^3/s,,,,,,,,ft,Unspecified,Unspecified,Unspecified,Unspecified,Unspecified,Unknown,Unspecified,2026-07-07T23:50:22.559647+00:00,other_method,Unspecified
05525500,POINT (-87.7235277777778 40.6299166666667),db0f0e15-87e9-4ec1-940c-d183ea642c98,USGS-05525500,4e83f0ab-686b-ea1b-e053-0100007f3bd7,322,1975-05-08T06:00:00+00:00,Imported Channel 1,187,ft^3/s,,,,,,,,ft,Unspecified,Unspecified,Unspecified,Unspecified,Unspecified,Unknown,Unspecified,2026-07-07T23:50:22.559647+00:00,other_method,Unspecified
05525500,POINT (-87.7235277777778 40.6299166666667),db8535a1-bf73-4edb-8bb8-e2453bdf6723,USGS-05525500,b349fc01-027c-4d0a-8694-ad731e9c7234,726,2026-03-19T20:47:23+00:00,Sugar Milford,47.5,ft^3/s,89.3,ft,222,ft^2,0.21,ft/s,0.00,ft,Soft,Sand,Even,Even,NonStandard,Steady,BridgeDownstreamSide,2026-07-07T23:50:22.559647+00:00,adcp,AtTheGage
05525500,POINT (-87.7235277777778 40.6299166666667),dbd8b44f-1ce5-4845-b4d5-2fd4e9c6b897,USGS-05525500,4e83f5ae-909e-ec5e-e053-0100007f5062,565,2003-01-16T17:58:00+00:00,Imported Channel 1,94.4,ft^3/s,37.0,ft,54.4,ft^2,1.74,ft/s,,,Unspecified,Unspecified,Unspecified,Unspecified,Unspecified,Unknown,Wading,2026-07-07T23:50:22.559647+00:00,point_velocity,Unspecified
05525500,POINT (-87.7235277777778 40.6299166666667),dc4800a3-6669-4141-9774-97d50b5ca373,USGS-05525500,4e840313-de8a-f3a1-e053-0100007fe4f4,635,2012-11-06T23:00:30+00:00,main,36.9,ft^3/s,28.9,ft,22.1,ft^2,1.67,ft/s,3000.00,ft,Unspecified,Unspecified,Unspecified,Unspecified,Unspecified,Unknown,Wading,2026-07-07T23:50:22.559647+00:00,point_velocity,Downstream
05525500,POINT (-87.7235277777778 40.6299166666667),dc4ba1cc-806a-47a0-97fb-a03dd42be559,USGS-05525500,4e83f641-0b06-eba6-e053-0100007fac23,408,1983-09-06T06:00:00+00:00,Imported Channel 1,9.82,ft^3/s,26.5,ft,15.4,ft^2,0.64,ft/s,,,Unspecified,Unspecified,Unspecified,Unspecified,Unspecified,Unknown,Wading,2026-07-07T23:50:22.559647+00:00,point_velocity,Unspecified
05525500,POINT (-87.7235277777778 40.6299166666667),dd14eb94-b999-40b9-a220-c904dde7496d,USGS-05525500,4e83daac-ec24-dcc4-e053-0100007f0936,263,1970-02-13T06:00:00+00:00,Imported Channel 1,52.0,ft^3/s,,,,,,,,ft,Unspecified,Unspecified,Unspecified,Unspecified,Unspecified,Unknown,Unspecified,2026-07-07T23:50:22.559647+00:00,other_method,Unspecified
05525500,POINT (-87.7235277777778 40.6299166666667),ddb16e9a-09b4-4049-b0b9-78c79d1e0b7f,USGS-05525500,4e83f784-4c36-ec88-e053-0100007f58c8,540,1999-06-30T17:00:00+00:00,Imported Channel 1,156,ft^3/s,40.0,ft,61.8,ft^2,2.52,ft/s,,,Unspecified,Unspecified,Unspecified,Unspecified,Unspecified,Unknown,Wading,2026-07-07T23:50:22.559647+00:00,point_velocity,Unspecified
05525500,POINT (-87.7235277777778 40.6299166666667),ddb36668-ab27-4186-8fdd-4f09100a4d5e,USGS-05525500,4e840435-55fb-f49b-e053-0100007f7621,624,2011-02-28T22:34:00+00:00,Imported Channel 1,1880,ft^3/s,153,ft,1530,ft^2,1.23,ft/s,,ft,Soft,SiltMud,Even,Even,Uniform,Unknown,BridgeDownstreamSide,2026-07-07T23:50:22.559647+00:00,adcp,AtTheGage
05525500,POINT (-87.7235277777778 40.6299166666667),ddd20555-7023-4140-a609-ad69e50b235b,USGS-05525500,4e83f173-d54b-ea31-e053-0100007f2b6a,313,1974-07-15T06:00:00+00:00,Imported Channel 1,136,ft^3/s,,,,,,,,ft,Unspecified,Unspecified,Unspecified,Unspecified,Unspecified,Unknown,Unspecified,2026-07-07T23:50:22.559647+00:00,other_method,Unspecified
05525500,POINT (-87.7235277777778 40.6299166666667),ded576f8-686a-4e9a-8a5f-0c4ccea1b8b5,USGS-05525500,4e83f3f0-9613-ebae-e053-0100007f015d,332,1976-04-07T06:00:00+00:00,Imported Channel 1,225,ft^3/s,,,,,,,,ft,Unspecified,Unspecified,Unspecified,Unspecified,Unspecified,Unknown,Unspecified,2026-07-07T23:50:22.559647+00:00,other_method,Unspecified
05525500,POINT (-87.7235277777778 40.6299166666667),df5fb038-e633-488f-902a-ce5ae4fb26b9,USGS-05525500,4e83e713-d5fa-e449-e053-0100007f2e12,353,1978-02-02T06:00:00+00:00,Imported Channel 1,20.8,ft^3/s,,,,,,,,ft,Unspecified,Unspecified,Unspecified,Unspecified,Unspecified,Unknown,Unspecified,2026-07-07T23:50:22.559647+00:00,other_method,Unspecified
05525500,POINT (-87.7235277777778 40.6299166666667),e0431689-6c80-481b-b941-a11d7881ea50,USGS-05525500,4e83f109-7020-ea53-e053-0100007f4591,432,1986-03-21T06:00:00+00:00,Imported Channel 1,483,ft^3/s,102,ft,485,ft^2,1.00,ft/s,,,Unspecified,Unspecified,Unspecified,Unspecified,Unspecified,Unknown,BridgeCrane,2026-07-07T23:50:22.559647+00:00,point_velocity,Unspecified
05525500,POINT (-87.7235277777778 40.6299166666667),e07533cd-c1dd-4751-840d-a9214fc73a55,USGS-05525500,4e83dd75-2eef-e004-e053-0100007f50b8,324,1975-07-21T06:00:00+00:00,Imported Channel 1,84.0,ft^3/s,,,,,,,,ft,Unspecified,Unspecified,Unspecified,Unspecified,Unspecified,Unknown,Unspecified,2026-07-07T23:50:22.559647+00:00,other_method,Unspecified
05525500,POINT (-87.7235277777778 40.6299166666667),e0757e78-4294-467f-8b8a-1f4c48a1ad05,USGS-05525500,4e83ed4c-0de4-e84e-e053-0100007f5350,621,2010-10-01T19:14:30+00:00,Imported Channel 1,11.9,ft^3/s,24.0,ft,13.0,ft^2,0.91,ft/s,4500.00,ft,Unspecified,Unspecified,Unspecified,Unspecified,Unspecified,Unknown,Wading,2026-07-07T23:50:22.559647+00:00,point_velocity,Downstream
05525500,POINT (-87.7235277777778 40.6299166666667),e0f96471-8987-42d0-a8b7-51b8be48e964,USGS-05525500,4e83f502-aafe-ec38-e053-0100007f9af8,526,1997-09-30T15:30:00+00:00,Imported Channel 1,8.89,ft^3/s,23.3,ft,8.86,ft^2,1.00,ft/s,,,Unspecified,Unspecified,Unspecified,Unspecified,Unspecified,Unknown,Wading,2026-07-07T23:50:22.559647+00:00,point_velocity,Unspecified
05525500,POINT (-87.7235277777778 40.6299166666667),e134d688-0f64-48d5-b930-aae342d11464,USGS-05525500,4e83e9a1-fa42-e605-e053-0100007f56f6,360,1978-09-20T06:00:00+00:00,Imported Channel 1,19.0,ft^3/s,,,,,,,,ft,Unspecified,Unspecified,Unspecified,Unspecified,Unspecified,Unknown,Unspecified,2026-07-07T23:50:22.559647+00:00,other_method,Unspecified
05525500,POINT (-87.7235277777778 40.6299166666667),e198ea12-cf8b-4e15-9808-9f3fb3ab1ad0,USGS-05525500,4e83f565-d704-ec5c-e053-0100007f3ec7,576,2004-03-05T16:30:00+00:00,Imported Channel 1,1630,ft^3/s,159,ft,1270,ft^2,1.28,ft/s,,,Unspecified,Unspecified,Unspecified,Unspecified,Unspecified,Unknown,BridgeCrane,2026-07-07T23:50:22.559647+00:00,point_velocity,Unspecified
05525500,POINT (-87.7235277777778 40.6299166666667),e29266f0-42f5-42ca-bf4e-1dce9983f88f,USGS-05525500,4e840467-f6cc-f45f-e053-0100007fce48,638,2013-03-14T19:47:49+00:00,main,627,ft^3/s,123,ft,541,ft^2,1.16,ft/s,,ft,Unspecified,Unspecified,Unspecified,Unspecified,Unspecified,Unknown,BridgeDownstreamSide,2026-07-07T23:50:22.559647+00:00,adcp,AtTheGage
05525500,POINT (-87.7235277777778 40.6299166666667),e2a8625a-c74b-42dc-ae7f-ac8ac2159693,USGS-05525500,4e83fb48-7542-ef74-e053-0100007f3c58,628,2011-08-09T21:52:00+00:00,Imported Channel 1,17.3,ft^3/s,24.0,ft,13.0,ft^2,1.33,ft/s,,,Firm,SiltMud,Unspecified,Even,Unspecified,Unknown,Wading,2026-07-07T23:50:22.559647+00:00,point_velocity,Unspecified
05525500,POINT (-87.7235277777778 40.6299166666667),e3b4bdea-f56b-43fe-9c34-aa8c5d9cf445,USGS-05525500,ecafe083-63a3-4ec7-bf18-a6642b1d2f92,719,2025-03-31T20:41:09+00:00,Sugar Milford,475,ft^3/s,126,ft,603,ft^2,0.79,ft/s,0.00,ft,Soft,Sand,Even,Even,Standard,Steady,BridgeDownstreamSide,2026-07-07T23:50:22.559647+00:00,adcp,AtTheGage
05525500,POINT (-87.7235277777778 40.6299166666667),e66f7c7e-b450-4fb4-b3b1-2f98dd5ca42f,USGS-05525500,4e83e5d4-1ccc-e3f5-e053-0100007fe3b3,328,1976-01-14T06:00:00+00:00,Imported Channel 1,105,ft^3/s,,,,,,,,ft,Unspecified,Unspecified,Unspecified,Unspecified,Unspecified,Unknown,Unspecified,2026-07-07T23:50:22.559647+00:00,other_method,Unspecified
05525500,POINT (-87.7235277777778 40.6299166666667),e6953641-9e5f-4c74-9977-52d9ce800c84,USGS-05525500,4e83efbe-7954-e998-e053-0100007f0301,412,1984-02-16T06:00:00+00:00,Imported Channel 1,1900,ft^3/s,153,ft,1480,ft^2,1.28,ft/s,,,Unspecified,Unspecified,Unspecified,Unspecified,Unspecified,Unknown,BridgeCrane,2026-07-07T23:50:22.559647+00:00,point_velocity,Unspecified
05525500,POINT (-87.7235277777778 40.6299166666667),e743608b-0ee8-44d4-87f8-084936ed9578,USGS-05525500,4e83f173-d550-ea31-e053-0100007f2b6a,380,1981-02-17T06:00:00+00:00,Imported Channel 1,1280,ft^3/s,110,ft,870,ft^2,1.47,ft/s,,,Unspecified,Unspecified,Unspecified,Unspecified,Unspecified,Unknown,BridgeCrane,2026-07-07T23:50:22.559647+00:00,point_velocity,Unspecified
05525500,POINT (-87.7235277777778 40.6299166666667),e7456ccc-cbdc-4925-8475-902903f822fc,USGS-05525500,4e83f0c8-efe4-ea4f-e053-0100007f70ac,378,1980-11-12T06:00:00+00:00,Imported Channel 1,7.67,ft^3/s,23.0,ft,9.97,ft^2,0.77,ft/s,,,Unspecified,Unspecified,Unspecified,Unspecified,Unspecified,Unknown,Wading,2026-07-07T23:50:22.559647+00:00,point_velocity,Unspecified
05525500,POINT (-87.7235277777778 40.6299166666667),e8204a69-89e1-4333-b301-dbec88c5f712,USGS-05525500,4e840397-8923-f39f-e053-0100007f3b15,578,2004-05-19T16:40:00+00:00,Imported Channel 1,994,ft^3/s,144,ft,902,ft^2,1.18,ft/s,,,Unspecified,Unspecified,Unspecified,Unspecified,Unspecified,Unknown,BridgeCrane,2026-07-07T23:50:22.559647+00:00,point_velocity,Unspecified
05525500,POINT (-87.7235277777778 40.6299166666667),e9171915-dc1d-4617-a251-5424a4bafbc3,USGS-05525500,4e83f21e-5ade-eaf9-e053-0100007ff817,645,2014-06-12T15:56:32+00:00,main,3520,ft^3/s,181,ft,2380,ft^2,1.48,ft/s,,ft,Unspecified,Unspecified,Unspecified,Unspecified,Unspecified,Unknown,BridgeDownstreamSide,2026-07-07T23:50:22.559647+00:00,adcp,AtTheGage
05525500,POINT (-87.7235277777778 40.6299166666667),e959b0ef-4e31-4741-809a-0927d518b37a,USGS-05525500,4e83e9a7-5ded-e5ed-e053-0100007fb6f0,497,1993-07-22T16:00:00+00:00,Imported Channel 1,476,ft^3/s,108,ft,542,ft^2,0.88,ft/s,,,Unspecified,Unspecified,Unspecified,Unspecified,Unspecified,Unknown,BridgeCrane,2026-07-07T23:50:22.559647+00:00,point_velocity,Unspecified
05525500,POINT (-87.7235277777778 40.6299166666667),ea03ed79-5865-4294-9610-a28849c03074,USGS-05525500,4e83e735-d8f8-e471-e053-0100007fac1a,419,1984-09-13T06:00:00+00:00,Imported Channel 1,9.11,ft^3/s,17.0,ft,12.1,ft^2,0.75,ft/s,,,Unspecified,Unspecified,Unspecified,Unspecified,Unspecified,Unknown,Wading,2026-07-07T23:50:22.559647+00:00,point_velocity,Unspecified
05525500,POINT (-87.7235277777778 40.6299166666667),ea87b8c6-16d5-4ad6-a8d0-55266b8f99da,USGS-05525500,4e83f0fd-9100-e9f0-e053-0100007fdadc,401,1983-01-10T06:00:00+00:00,Imported Channel 1,312,ft^3/s,127,ft,473,ft^2,0.66,ft/s,,,Unspecified,Unspecified,Unspecified,Unspecified,Unspecified,Unknown,BridgeCrane,2026-07-07T23:50:22.559647+00:00,point_velocity,Unspecified
05525500,POINT (-87.7235277777778 40.6299166666667),eaf64638-9939-48be-9123-da274f5e79e9,USGS-05525500,4e83fd3f-acfc-f094-e053-0100007f8e79,533,1998-08-04T18:40:00+00:00,Imported Channel 1,62.9,ft^3/s,34.0,ft,34.0,ft^2,1.85,ft/s,,,Unspecified,Unspecified,Unspecified,Unspecified,Unspecified,Unknown,Wading,2026-07-07T23:50:22.559647+00:00,point_velocity,Unspecified
05525500,POINT (-87.7235277777778 40.6299166666667),eb2101c5-b075-4022-8ae8-1a40f38a792e,USGS-05525500,4e840a69-b389-f75b-e053-0100007fe63f,658,2016-08-17T19:00:22+00:00,main,654,ft^3/s,127,ft,654,ft^2,1.00,ft/s,,ft,Unspecified,Unspecified,Unspecified,Unspecified,Unspecified,Unknown,BridgeDownstreamSide,2026-07-07T23:50:22.559647+00:00,adcp,AtTheGage
05525500,POINT (-87.7235277777778 40.6299166666667),eb528896-e282-49f6-8f6a-160ad793cb76,USGS-05525500,94a8b811-57f3-78e4-e053-0100007fc1b3,677,2019-10-03T18:34:39+00:00,main,21.2,ft^3/s,80.1,ft,238,ft^2,0.09,ft/s,0.00,ft,Soft,SiltMud,Even,Even,Unspecified,Unspecified,BridgeDownstreamSide,2026-07-07T23:50:22.559647+00:00,adcp,AtTheGage
05525500,POINT (-87.7235277777778 40.6299166666667),eb94b6e9-3f0c-4408-aa36-54fc9b9d913e,USGS-05525500,4e83e242-4326-e271-e053-0100007f4dd1,523,1997-05-02T19:25:00+00:00,Imported Channel 1,187,ft^3/s,51.0,ft,90.3,ft^2,2.07,ft/s,,,Unspecified,Unspecified,Unspecified,Unspecified,Unspecified,Unknown,Wading,2026-07-07T23:50:22.559647+00:00,point_velocity,Unspecified
05525500,POINT (-87.7235277777778 40.6299166666667),ebc1731e-cf59-4e7a-926f-a650dc0e662e,USGS-05525500,4e8402e4-8bae-f3e3-e053-0100007f18b9,600,2007-06-04T15:12:00+00:00,Imported Channel 1,176,ft^3/s,44.0,ft,73.3,ft^2,2.40,ft/s,,,Unspecified,Unspecified,Unspecified,Unspecified,Unspecified,Unknown,Wading,2026-07-07T23:50:22.559647+00:00,point_velocity,Unspecified
05525500,POINT (-87.7235277777778 40.6299166666667),ebe2ea00-703a-4cdc-80b3-7565ab2616d3,USGS-05525500,ada8469e-fe14-43dc-ba6b-a655830d7b0f,714,2024-07-11T22:29:00+00:00,Sugar Milford check QM,2580,ft^3/s,181,ft,2050,ft^2,1.26,ft/s,0.00,ft,Soft,Sand,Even,Even,Standard,Steady,BridgeDownstreamSide,2026-07-07T23:50:22.559647+00:00,adcp,AtTheGage
05525500,POINT (-87.7235277777778 40.6299166666667),ecce51d5-551d-47eb-b07c-1829076f7791,USGS-05525500,4e83f6c3-1ad2-ec60-e053-0100007f6e86,626,2011-04-29T21:45:00+00:00,Imported Channel 1,3570,ft^3/s,179,ft,2330,ft^2,1.53,ft/s,,ft,Soft,SiltMud,Even,Even,Uniform,Unknown,BridgeDownstreamSide,2026-07-07T23:50:22.559647+00:00,adcp,AtTheGage
05525500,POINT (-87.7235277777778 40.6299166666667),ed312169-de51-4547-9757-f9189f4e3fe5,USGS-05525500,4e83f697-bf5e-ec54-e053-0100007f853d,489,1992-07-28T18:50:00+00:00,Imported Channel 1,1280,ft^3/s,148,ft,1190,ft^2,1.08,ft/s,,,Unspecified,Unspecified,Unspecified,Unspecified,Unspecified,Unknown,BridgeCrane,2026-07-07T23:50:22.559647+00:00,point_velocity,Unspecified
05525500,POINT (-87.7235277777778 40.6299166666667),ed42659b-aa10-4b31-8ae2-f5e898653b28,USGS-05525500,4e83eaab-b3fd-e405-e053-0100007f44e0,290,1972-07-11T06:00:00+00:00,Imported Channel 1,54.8,ft^3/s,,,,,,,,ft,Unspecified,Unspecified,Unspecified,Unspecified,Unspecified,Unknown,Unspecified,2026-07-07T23:50:22.559647+00:00,other_method,Unspecified
05525500,POINT (-87.7235277777778 40.6299166666667),ede06d41-12b8-4363-8a85-d9b9e77e9d56,USGS-05525500,42c89f90-8091-49d4-9abe-062706c2903f,700,2023-02-09T22:28:33+00:00,Sugar Milford,324,ft^3/s,118,ft,487,ft^2,0.66,ft/s,20.00,ft,Soft,SiltMud,Even,Even,Standard,Steady,BridgeDownstreamSide,2026-07-07T23:50:22.559647+00:00,adcp,Downstream
05525500,POINT (-87.7235277777778 40.6299166666667),eef93134-4c92-4e3b-9e98-9b375dcffc69,USGS-05525500,4e83f6c3-1aaf-ec60-e053-0100007f6e86,509,1995-09-12T13:00:00+00:00,Imported Channel 1,12.4,ft^3/s,29.0,ft,9.44,ft^2,1.31,ft/s,,,Unspecified,Unspecified,Unspecified,Unspecified,Unspecified,Unknown,Wading,2026-07-07T23:50:22.559647+00:00,point_velocity,Unspecified
05525500,POINT (-87.7235277777778 40.6299166666667),ef633077-118e-4adb-8a0a-b57d9b897c77,USGS-05525500,4e83f37d-4d52-ebba-e053-0100007f865b,392,1982-02-10T06:00:00+00:00,Imported Channel 1,148,ft^3/s,58.0,ft,77.2,ft^2,1.92,ft/s,,,Unspecified,Unspecified,Unspecified,Unspecified,Unspecified,Unknown,Ice,2026-07-07T23:50:22.559647+00:00,point_velocity,Unspecified
05525500,POINT (-87.7235277777778 40.6299166666667),f09d18e6-f06e-4338-9d09-4844929ad631,USGS-05525500,4e83e919-c576-e47b-e053-0100007f0b3b,535,1998-10-30T14:40:00+00:00,Imported Channel 1,12.9,ft^3/s,24.0,ft,16.3,ft^2,0.79,ft/s,,,Unspecified,Unspecified,Unspecified,Unspecified,Unspecified,Unknown,Wading,2026-07-07T23:50:22.559647+00:00,point_velocity,Unspecified
05525500,POINT (-87.7235277777778 40.6299166666667),f0c4017a-7025-4ad7-bb04-3eb38846665c,USGS-05525500,4e83f0c8-efe0-ea4f-e053-0100007f70ac,291,1972-08-01T06:00:00+00:00,Imported Channel 1,30.5,ft^3/s,,,,,,,,ft,Unspecified,Unspecified,Unspecified,Unspecified,Unspecified,Unknown,Unspecified,2026-07-07T23:50:22.559647+00:00,other_method,Unspecified
05525500,POINT (-87.7235277777778 40.6299166666667),f0dc9e36-10cc-4044-914a-74194bd53f90,USGS-05525500,4e83f173-d54f-ea31-e053-0100007f2b6a,366,1979-06-05T06:00:00+00:00,Imported Channel 1,116,ft^3/s,,,,,,,,ft,Unspecified,Unspecified,Unspecified,Unspecified,Unspecified,Unknown,Unspecified,2026-07-07T23:50:22.559647+00:00,other_method,Unspecified
05525500,POINT (-87.7235277777778 40.6299166666667),f0ed1a69-c6c1-482c-b268-7dc2071ecc5e,USGS-05525500,286cfeb0-9c46-4e68-85ec-40d8a80f4b32,701,2023-02-23T22:01:00+00:00,MAIN,8950,ft^3/s,205,ft,3250,ft^2,2.76,ft/s,0.00,ft,Firm,SiltMud,Even,Even,Standard,Steady,BridgeDownstreamSide,2026-07-07T23:50:22.559647+00:00,adcp,AtTheGage
05525500,POINT (-87.7235277777778 40.6299166666667),f1617db8-9c6b-4390-b5b6-c5ce32829faa,USGS-05525500,4e83f410-fc1b-ebea-e053-0100007fee0b,606,2008-05-14T18:30:00+00:00,Imported Channel 1,630,ft^3/s,130,ft,891,ft^2,0.71,ft/s,,ft,Unspecified,Unspecified,Unspecified,Unspecified,Unspecified,Unknown,Unspecified,2026-07-07T23:50:22.559647+00:00,adcp,Unspecified
05525500,POINT (-87.7235277777778 40.6299166666667),f1c59c78-af9d-4db5-b3c9-4f7e7bd9ccd9,USGS-05525500,4e83d444-ceb3-daea-e053-0100007fd136,304,1973-09-11T06:00:00+00:00,Imported Channel 1,18.4,ft^3/s,,,,,,,,ft,Unspecified,Unspecified,Unspecified,Unspecified,Unspecified,Unknown,Unspecified,2026-07-07T23:50:22.559647+00:00,other_method,Unspecified
05525500,POINT (-87.7235277777778 40.6299166666667),f1ed7fc0-be96-4f28-8fb7-8adede20f44a,USGS-05525500,4e83f21c-6355-eaab-e053-0100007ff069,325,1975-09-11T06:00:00+00:00,Imported Channel 1,56.2,ft^3/s,,,,,,,,ft,Unspecified,Unspecified,Unspecified,Unspecified,Unspecified,Unknown,Unspecified,2026-07-07T23:50:22.559647+00:00,other_method,Unspecified
05525500,POINT (-87.7235277777778 40.6299166666667),f36b77f9-23c9-4534-a159-689cc7bbb19f,USGS-05525500,4e83d4bf-09db-dace-e053-0100007f0e4e,391,1981-11-17T06:00:00+00:00,Imported Channel 1,147,ft^3/s,57.0,ft,79.2,ft^2,1.86,ft/s,,,Unspecified,Unspecified,Unspecified,Unspecified,Unspecified,Unknown,Wading,2026-07-07T23:50:22.559647+00:00,point_velocity,Unspecified
05525500,POINT (-87.7235277777778 40.6299166666667),f3e799a3-ab4b-4c27-9214-b58378dee283,USGS-05525500,4e83e9a7-5de8-e5ed-e053-0100007fb6f0,457,1988-10-13T21:40:00+00:00,Imported Channel 1,3.60,ft^3/s,19.0,ft,10.0,ft^2,0.36,ft/s,,,Unspecified,Unspecified,Unspecified,Unspecified,Unspecified,Unknown,Wading,2026-07-07T23:50:22.559647+00:00,point_velocity,Unspecified
05525500,POINT (-87.7235277777778 40.6299166666667),f67c1915-23e6-4c7a-ae0b-ffa20d217942,USGS-05525500,4e83e790-7174-e44b-e053-0100007f9127,409,1983-10-19T06:00:00+00:00,Imported Channel 1,10.1,ft^3/s,8.50,ft,9.84,ft^2,1.03,ft/s,,,Unspecified,Unspecified,Unspecified,Unspecified,Unspecified,Unknown,Wading,2026-07-07T23:50:22.559647+00:00,point_velocity,Unspecified
05525500,POINT (-87.7235277777778 40.6299166666667),f7da9608-a4f2-43ac-9ee1-99de32f68c48,USGS-05525500,4e8408dc-a2d0-f60a-e053-0100007f4b31,661,2017-02-14T16:36:09+00:00,main,487,ft^3/s,123,ft,449,ft^2,1.08,ft/s,,ft,Unspecified,Unspecified,Unspecified,Unspecified,Unspecified,Unknown,BridgeDownstreamSide,2026-07-07T23:50:22.559647+00:00,adcp,AtTheGage
05525500,POINT (-87.7235277777778 40.6299166666667),f86b04d8-1408-42ca-a70d-602ff7802a4d,USGS-05525500,4e83e2ef-c5c8-e2fd-e053-0100007f1b74,468,1990-01-31T21:30:00+00:00,Imported Channel 1,115,ft^3/s,48.0,ft,81.4,ft^2,1.41,ft/s,,,Unspecified,Unspecified,Unspecified,Unspecified,Unspecified,Unknown,Wading,2026-07-07T23:50:22.559647+00:00,point_velocity,Unspecified
05525500,POINT (-87.7235277777778 40.6299166666667),f9500d7f-1221-48e8-9984-fcd3b19d99e5,USGS-05525500,4e83e713-d5ed-e449-e053-0100007f2e12,120,1958-06-14T06:00:00+00:00,Imported Channel 1,6040,ft^3/s,,,,,,,,ft,Unspecified,Unspecified,Unspecified,Unspecified,Unspecified,Unknown,Unspecified,2026-07-07T23:50:22.559647+00:00,other_method,Unspecified
05525500,POINT (-87.7235277777778 40.6299166666667),fb8b34ac-be1f-4fa2-b9ba-3b02f3986650,USGS-05525500,4e83e20a-5f04-e247-e053-0100007f903e,361,1978-10-24T06:00:00+00:00,Imported Channel 1,10.4,ft^3/s,,,,,,,,ft,Unspecified,Unspecified,Unspecified,Unspecified,Unspecified,Unknown,Unspecified,2026-07-07T23:50:22.559647+00:00,other_method,Unspecified
05525500,POINT (-87.7235277777778 40.6299166666667),fc31dfc1-a88e-41be-8d18-e11301638339,USGS-05525500,fd30e4b2-3dd8-413a-bb35-238f7981f883,683,2020-07-22T16:13:59+00:00,main,173,ft^3/s,79.8,ft,296,ft^2,0.59,ft/s,0.00,ft,Soft,SiltMud,Even,Even,Unspecified,Unspecified,BridgeDownstreamSide,2026-07-07T23:50:22.559647+00:00,adcp,AtTheGage
05525500,POINT (-87.7235277777778 40.6299166666667),fcf2fd73-7228-437f-ad6e-7ff6ccc8a511,USGS-05525500,4e840315-3ca7-f3c7-e053-0100007f0338,605,2008-02-07T15:35:00+00:00,Imported Channel 1,8050,ft^3/s,209,ft,3400,ft^2,2.36,ft/s,,ft,Unspecified,Unspecified,Unspecified,Unspecified,Unspecified,Unknown,Unspecified,2026-07-07T23:50:22.559647+00:00,adcp,Unspecified
05525500,POINT (-87.7235277777778 40.6299166666667),fe2ba642-1854-47a1-af8f-6d080daa364b,USGS-05525500,4e83f0c8-efec-ea4f-e053-0100007f70ac,480,1991-07-19T16:55:00+00:00,Imported Channel 1,11.8,ft^3/s,34.0,ft,27.7,ft^2,0.43,ft/s,,,Unspecified,Unspecified,Unspecified,Unspecified,Unspecified,Unknown,Wading,2026-07-07T23:50:22.559647+00:00,point_velocity,Unspecified
05525500,POINT (-87.7235277777778 40.6299166666667),fe2f8ac1-88b2-4519-81fc-ed9dfe23c13a,USGS-05525500,4e83e362-a25c-e2f9-e053-0100007fc020,333,1976-05-19T06:00:00+00:00,Imported Channel 1,133,ft^3/s,,,,,,,,ft,Unspecified,Unspecified,Unspecified,Unspecified,Unspecified,Unknown,Unspecified,2026-07-07T23:50:22.559647+00:00,other_method,Unspecified
05525500,POINT (-87.7235277777778 40.6299166666667),fecb61b5-ecb0-49a8-bb55-a6025c525bc3,USGS-05525500,77865972-6171-4d54-9f11-4409ae70f9cf,686,2020-12-02T17:11:13+00:00,Main,15.2,ft^3/s,70.0,ft,43.7,ft^2,0.35,ft/s,15.00,ft,Unspecified,Unspecified,Unspecified,Unspecified,Unspecified,Unspecified,Wading,2026-07-07T23:50:22.559647+00:00,point_velocity,Upstream
05525500,POINT (-87.7235277777778 40.6299166666667),fee135f5-592a-44cb-9ce5-1cc85b31aedc,USGS-05525500,4e83fb3f-e3b4-ef76-e053-0100007f8d1d,549,2000-10-16T13:15:00+00:00,Imported Channel 1,18.0,ft^3/s,34.0,ft,28.4,ft^2,0.63,ft/s,,,Unspecified,Unspecified,Unspecified,Unspecified,Unspecified,Unknown,Wading,2026-07-07T23:50:22.559647+00:00,point_velocity,Unspecified
05525500,POINT (-87.7235277777778 40.6299166666667),ff2566a3-41ba-48c3-8f8f-97bb85b0547f,USGS-05525500,4e83e9e8-d4d6-e66d-e053-0100007fc664,461,1989-03-22T17:00:00+00:00,Imported Channel 1,491,ft^3/s,109,ft,328,ft^2,1.50,ft/s,,,Unspecified,Unspecified,Unspecified,Unspecified,Unspecified,Unknown,BridgeCrane,2026-07-07T23:50:22.559647+00:00,point_velocity,Unspecified
05525500,POINT (-87.7235277777778 40.6299166666667),ffee4bb0-e89c-4831-82f3-50459c874984,USGS-05525500,4e83f05d-ba0f-e9ae-e053-0100007fd8d5,479,1991-06-13T14:30:00+00:00,Imported Channel 1,135,ft^3/s,85.0,ft,270,ft^2,0.50,ft/s,,,Unspecified,Unspecified,Unspecified,Unspecified,Unspecified,Unknown,BridgeCrane,2026-07-07T23:50:22.559647+00:00,point_velocity,Unspecified
