site_id,geometry,id,monitoring_location_id,field_visit_id,measurement_number,time,channel_name,channel_flow,channel_flow_unit,channel_width,channel_width_unit,channel_area,channel_area_unit,channel_velocity,channel_velocity_unit,channel_location_distance,channel_location_distance_unit,channel_stability,channel_material,channel_evenness,horizontal_velocity_description,vertical_velocity_description,longitudinal_velocity_description,measurement_type,last_modified,channel_measurement_type,channel_location_direction
05556500,POINT (-89.4979611111111 41.3674027777778),00bb4405-9403-4cf3-b7f3-8c68e046c882,USGS-05556500,4e84aab4-9b2a-56cf-e053-0100007f10e8,55,1940-06-10T21:55:00+00:00,Imported Channel 1,34.5,ft^3/s,23.0,ft,17.0,ft^2,2.04,ft/s,,,Unspecified,Unspecified,Unspecified,Unspecified,Unspecified,Unknown,Wading,2026-07-01T19:10:53.364778+00:00,point_velocity,Unspecified
05556500,POINT (-89.4979611111111 41.3674027777778),013396a7-f399-490e-89f5-5a953ef9a52c,USGS-05556500,4e84aceb-609a-56f5-e053-0100007f2244,195,1951-01-17T18:45:00+00:00,Imported Channel 1,9.92,ft^3/s,26.0,ft,17.4,ft^2,0.57,ft/s,,,Unspecified,Unspecified,Unspecified,Unspecified,Unspecified,Unknown,Wading,2026-07-01T19:10:53.364778+00:00,point_velocity,Unspecified
05556500,POINT (-89.4979611111111 41.3674027777778),01856917-c057-42df-9ca8-1ef7e35f26f7,USGS-05556500,4e84ccb4-e051-6a24-e053-0100007fe1c9,449,1975-02-04T06:00:00+00:00,Imported Channel 1,101,ft^3/s,,,,,,,,ft,Unspecified,Unspecified,Unspecified,Unspecified,Unspecified,Unknown,Unspecified,2026-07-01T19:10:53.364778+00:00,other_method,Unspecified
05556500,POINT (-89.4979611111111 41.3674027777778),019a4b14-601e-47ce-8081-c254245988ab,USGS-05556500,4e84b451-1461-5c0b-e053-0100007fc45d,124,1945-06-30T20:50:00+00:00,Imported Channel 1,563,ft^3/s,76.0,ft,189,ft^2,2.98,ft/s,,,Unspecified,Unspecified,Unspecified,Unspecified,Unspecified,Unknown,Wading,2026-07-01T19:10:53.364778+00:00,point_velocity,Unspecified
05556500,POINT (-89.4979611111111 41.3674027777778),01b5924a-d3ce-49e0-b774-f458c80970e7,USGS-05556500,520856e5-21d2-478c-9ebc-ecc4a981ff59,814,2022-07-29T16:56:57+00:00,main,27.4,ft^3/s,54.0,ft,40.1,ft^2,0.68,ft/s,150.00,ft,Firm,Gravel,Even,Even,Standard,Steady,Wading,2026-07-01T19:10:53.364778+00:00,point_velocity,Downstream
05556500,POINT (-89.4979611111111 41.3674027777778),01e94603-461e-446a-8e38-6bd53544da2f,USGS-05556500,4e84ec86-cb0f-7d4c-e053-0100007fbc2d,781,2016-08-30T17:30:05+00:00,main,2670,ft^3/s,128,ft,654,ft^2,4.08,ft/s,30.00,ft,Firm,Gravel,Uneven,Uneven,NonStandard,Unknown,BridgeDownstreamSide,2026-07-01T19:10:53.364778+00:00,adcp,Downstream
05556500,POINT (-89.4979611111111 41.3674027777778),025718ec-071d-4d2d-a34b-248bbee5738a,USGS-05556500,4e84b98a-2b09-5fe3-e053-0100007f37e1,318,1963-04-26T15:45:00+00:00,Imported Channel 1,17.6,ft^3/s,37.0,ft,16.6,ft^2,1.06,ft/s,,,Unspecified,Unspecified,Unspecified,Unspecified,Unspecified,Unknown,Wading,2026-07-01T19:10:53.364778+00:00,point_velocity,Unspecified
05556500,POINT (-89.4979611111111 41.3674027777778),02d43531-bbf5-4b68-90e2-f97d218ea8f4,USGS-05556500,4e84c825-018b-6827-e053-0100007fbfc4,483,1978-06-14T06:00:00+00:00,Imported Channel 1,61.3,ft^3/s,,,,,,,,ft,Unspecified,Unspecified,Unspecified,Unspecified,Unspecified,Unknown,Unspecified,2026-07-01T19:10:53.364778+00:00,other_method,Unspecified
05556500,POINT (-89.4979611111111 41.3674027777778),03051848-701b-4a3e-83cd-3dd3d22b51b1,USGS-05556500,4e84ca74-5ddf-697c-e053-0100007f3454,508,1980-11-20T06:00:00+00:00,Imported Channel 1,41.9,ft^3/s,55.0,ft,93.7,ft^2,0.45,ft/s,,,Unspecified,Unspecified,Unspecified,Unspecified,Unspecified,Unknown,Wading,2026-07-01T19:10:53.364778+00:00,point_velocity,Unspecified
05556500,POINT (-89.4979611111111 41.3674027777778),030f6b75-5ae3-46d6-b7c5-cd48e6f76963,USGS-05556500,4e84b98a-2b0b-5fe3-e053-0100007f37e1,340,1965-01-11T19:40:00+00:00,Imported Channel 1,43.6,ft^3/s,48.0,ft,32.2,ft^2,1.35,ft/s,,,Unspecified,Unspecified,Unspecified,Unspecified,Unspecified,Unknown,Wading,2026-07-01T19:10:53.364778+00:00,point_velocity,Unspecified
05556500,POINT (-89.4979611111111 41.3674027777778),034023cd-67ab-46d2-9589-d88b6ce7c156,USGS-05556500,4e84aad8-a727-56f7-e053-0100007f97c6,92,1943-06-14T16:40:00+00:00,Imported Channel 1,161,ft^3/s,42.8,ft,102,ft^2,1.58,ft/s,,,Unspecified,Unspecified,Unspecified,Unspecified,Unspecified,Unknown,Wading,2026-07-01T19:10:53.364778+00:00,point_velocity,Unspecified
05556500,POINT (-89.4979611111111 41.3674027777778),03785a96-bc90-44d6-926a-e9f264aa0029,USGS-05556500,4e84a78d-8c10-5516-e053-0100007fab34,209,1952-05-08T14:10:00+00:00,Imported Channel 1,117,ft^3/s,51.0,ft,85.0,ft^2,1.38,ft/s,,,Unspecified,Unspecified,Unspecified,Unspecified,Unspecified,Unknown,Wading,2026-07-01T19:10:53.364778+00:00,point_velocity,Unspecified
05556500,POINT (-89.4979611111111 41.3674027777778),04b67c44-3ab0-4e47-84fc-de6bfffd1b2e,USGS-05556500,4e84a12c-eb4a-51c4-e053-0100007fdc12,158,1948-03-20T17:40:00+00:00,Imported Channel 1,3660,ft^3/s,241,ft,1160,ft^2,3.16,ft/s,,,Unspecified,Unspecified,Unspecified,Unspecified,Unspecified,Unknown,BridgeCrane,2026-07-01T19:10:53.364778+00:00,point_velocity,Unspecified
05556500,POINT (-89.4979611111111 41.3674027777778),04dae201-1f4a-4d39-9bbb-84cb588d8628,USGS-05556500,4e84c56c-737b-6687-e053-0100007fd6d0,611,1990-07-25T18:50:00+00:00,Imported Channel 1,274,ft^3/s,44.0,ft,96.3,ft^2,2.85,ft/s,,,Unspecified,Unspecified,Unspecified,Unspecified,Unspecified,Unknown,Wading,2026-07-01T19:10:53.364778+00:00,point_velocity,Unspecified
05556500,POINT (-89.4979611111111 41.3674027777778),04ee806e-1ba3-4c29-8c48-1f9127630700,USGS-05556500,4e84b661-e5d8-5d71-e053-0100007f8b9c,370,1967-05-15T16:50:00+00:00,Imported Channel 1,151,ft^3/s,71.0,ft,107,ft^2,1.41,ft/s,,,Unspecified,Unspecified,Unspecified,Unspecified,Unspecified,Unknown,Wading,2026-07-01T19:10:53.364778+00:00,point_velocity,Unspecified
05556500,POINT (-89.4979611111111 41.3674027777778),0538a8ed-8fd9-4da4-b63a-b54aaa50422f,USGS-05556500,7acfe61b-448b-a704-e053-0100007f4ccb,794,2018-11-16T18:14:22+00:00,main,58.4,ft^3/s,58.5,ft,36.0,ft^2,1.62,ft/s,50.00,ft,Firm,Gravel,Even,Even,Standard,Steady,Wading,2026-07-01T19:10:53.364778+00:00,point_velocity,Downstream
05556500,POINT (-89.4979611111111 41.3674027777778),0590c81b-dcfb-48fc-be8d-800851decba6,USGS-05556500,4e84bf9d-d1b4-62ef-e053-0100007f45b9,414,1971-07-13T06:00:00+00:00,Imported Channel 1,20.1,ft^3/s,,,,,,,,ft,Unspecified,Unspecified,Unspecified,Unspecified,Unspecified,Unknown,Unspecified,2026-07-01T19:10:53.364778+00:00,other_method,Unspecified
05556500,POINT (-89.4979611111111 41.3674027777778),06233d45-ba60-4564-ad00-fda7f3752678,USGS-05556500,4e84cf0a-93f0-6c74-e053-0100007f4a54,634,1994-05-31T20:40:00+00:00,Imported Channel 1,27.3,ft^3/s,40.0,ft,16.6,ft^2,1.64,ft/s,,,Unspecified,Unspecified,Unspecified,Unspecified,Unspecified,Unknown,Wading,2026-07-01T19:10:53.364778+00:00,point_velocity,Unspecified
05556500,POINT (-89.4979611111111 41.3674027777778),0669ce1e-b0dd-49eb-bb71-f3c8917dc54f,USGS-05556500,4e84ecde-21dd-7d97-e053-0100007f7240,783,2017-01-18T19:03:08+00:00,right,262,ft^3/s,26.5,ft,64.5,ft^2,4.06,ft/s,,ft,Firm,Gravel,Even,Uneven,Standard,Unknown,BridgeDownstreamSide,2026-07-01T19:10:53.364778+00:00,adcp,AtTheGage
05556500,POINT (-89.4979611111111 41.3674027777778),067e4745-4781-4227-9c1d-6cfdeb833ef9,USGS-05556500,4e84f377-51ee-80e1-e053-0100007fc4d9,765,2014-03-11T15:35:17+00:00,main,2210,ft^3/s,153,ft,570,ft^2,3.88,ft/s,30.00,ft,Firm,Gravel,Uneven,Uneven,NonStandard,Unknown,BridgeDownstreamSide,2026-07-01T19:10:53.364778+00:00,adcp,Downstream
05556500,POINT (-89.4979611111111 41.3674027777778),068f065d-0737-4846-8ad5-4cc437cf740e,USGS-05556500,4e84a22f-3f00-51e2-e053-0100007fb2e0,296,1961-03-24T18:15:00+00:00,Imported Channel 1,99.1,ft^3/s,49.4,ft,51.0,ft^2,1.94,ft/s,,,Unspecified,Unspecified,Unspecified,Unspecified,Unspecified,Unknown,Wading,2026-07-01T19:10:53.364778+00:00,point_velocity,Unspecified
05556500,POINT (-89.4979611111111 41.3674027777778),06ad6e2b-67ac-4f32-89b7-7616c504db95,USGS-05556500,4e84c7fe-4d1d-6843-e053-0100007f839f,492,1979-03-19T06:00:00+00:00,Imported Channel 1,4820,ft^3/s,,,,,,,,ft,Unspecified,Unspecified,Unspecified,Unspecified,Unspecified,Unknown,Unspecified,2026-07-01T19:10:53.364778+00:00,other_method,Unspecified
05556500,POINT (-89.4979611111111 41.3674027777778),06e5a485-e5f5-45ac-b197-396a585d24b2,USGS-05556500,4e849213-1bab-4817-e053-0100007fa808,10,1936-12-09T18:55:00+00:00,Imported Channel 1,23.4,ft^3/s,34.0,ft,27.0,ft^2,0.87,ft/s,,,Unspecified,Unspecified,Unspecified,Unspecified,Unspecified,Unknown,Wading,2026-07-01T19:10:53.364778+00:00,point_velocity,Unspecified
05556500,POINT (-89.4979611111111 41.3674027777778),07556220-d71f-4653-b56e-6aa2db9820ca,USGS-05556500,4e84b19e-00a3-5b0f-e053-0100007f7d62,290,1960-09-26T18:10:00+00:00,Imported Channel 1,18.0,ft^3/s,39.4,ft,25.6,ft^2,0.70,ft/s,,,Unspecified,Unspecified,Unspecified,Unspecified,Unspecified,Unknown,Wading,2026-07-01T19:10:53.364778+00:00,point_velocity,Unspecified
05556500,POINT (-89.4979611111111 41.3674027777778),087ecfea-39b5-4ef9-9464-43ca87a94396,USGS-05556500,4e84a16d-f013-518c-e053-0100007fa7fd,274,1959-03-24T08:35:00+00:00,Imported Channel 1,112,ft^3/s,43.0,ft,52.5,ft^2,2.13,ft/s,,,Unspecified,Unspecified,Unspecified,Unspecified,Unspecified,Unknown,Wading,2026-07-01T19:10:53.364778+00:00,point_velocity,Unspecified
05556500,POINT (-89.4979611111111 41.3674027777778),089ae44c-2e16-4957-b034-8bfdd527d0b8,USGS-05556500,4e84e47b-8882-78ca-e053-0100007f0ba4,772,2015-04-16T16:55:00+00:00,main,118,ft^3/s,64.8,ft,70.4,ft^2,1.68,ft/s,150.00,ft,Firm,Cobbles,Uneven,Even,NonStandard,Unknown,Wading,2026-07-01T19:10:53.364778+00:00,point_velocity,Downstream
05556500,POINT (-89.4979611111111 41.3674027777778),08a38576-0bf9-4787-989a-bf35e10dbc83,USGS-05556500,4e84b5a6-cba3-5cef-e053-0100007fcf15,446,1974-11-05T06:00:00+00:00,Imported Channel 1,15.0,ft^3/s,,,,,,,,ft,Unspecified,Unspecified,Unspecified,Unspecified,Unspecified,Unknown,Unspecified,2026-07-01T19:10:53.364778+00:00,other_method,Unspecified
05556500,POINT (-89.4979611111111 41.3674027777778),0907b128-1e8f-4c09-8d0c-977731e0178e,USGS-05556500,4e84eb1b-a4c5-7c28-e053-0100007fad4b,738,2009-04-07T18:03:00+00:00,Imported Channel 1,334,ft^3/s,84.0,ft,147,ft^2,2.28,ft/s,,,Unspecified,Unspecified,Unspecified,Unspecified,Unspecified,Unknown,Wading,2026-07-01T19:10:53.364778+00:00,point_velocity,Unspecified
05556500,POINT (-89.4979611111111 41.3674027777778),09456fe7-4aa9-4d9c-9291-f77cc8b8a713,USGS-05556500,4e84ab6e-ca3a-579f-e053-0100007f0511,320,1963-06-25T16:40:00+00:00,Imported Channel 1,4.89,ft^3/s,13.0,ft,15.1,ft^2,0.95,ft/s,,,Unspecified,Unspecified,Unspecified,Unspecified,Unspecified,Unknown,Wading,2026-07-01T19:10:53.364778+00:00,point_velocity,Unspecified
05556500,POINT (-89.4979611111111 41.3674027777778),095676cc-c9df-440a-8490-9c1e21bc6377,USGS-05556500,4e84a43f-fff8-52ed-e053-0100007fbe95,217,1953-01-22T18:10:00+00:00,Imported Channel 1,6.36,ft^3/s,18.4,ft,10.9,ft^2,0.58,ft/s,,,Unspecified,Unspecified,Unspecified,Unspecified,Unspecified,Unknown,Wading,2026-07-01T19:10:53.364778+00:00,point_velocity,Unspecified
05556500,POINT (-89.4979611111111 41.3674027777778),0a2a918e-a4dd-4dce-96fe-f30f3e31327c,USGS-05556500,4e84b3ae-2127-5bff-e053-0100007fa804,135,1946-05-23T11:05:00+00:00,Imported Channel 1,90.8,ft^3/s,47.5,ft,110,ft^2,0.83,ft/s,,,Unspecified,Unspecified,Unspecified,Unspecified,Unspecified,Unknown,Wading,2026-07-01T19:10:53.364778+00:00,point_velocity,Unspecified
05556500,POINT (-89.4979611111111 41.3674027777778),0a3a3ed2-bf06-4f4f-b3e6-f161f5e52aab,USGS-05556500,4e84de42-944f-73d2-e053-0100007f1552,630,1993-06-02T22:05:00+00:00,Imported Channel 1,105,ft^3/s,45.0,ft,47.4,ft^2,2.22,ft/s,,,Unspecified,Unspecified,Unspecified,Unspecified,Unspecified,Unknown,Wading,2026-07-01T19:10:53.364778+00:00,point_velocity,Unspecified
05556500,POINT (-89.4979611111111 41.3674027777778),0a3ac864-7c2a-46dc-9245-b629213b5e66,USGS-05556500,4e84bfa6-3b92-627d-e053-0100007ffec0,502,1980-03-11T06:00:00+00:00,Imported Channel 1,282,ft^3/s,,,,,,,,ft,Unspecified,Unspecified,Unspecified,Unspecified,Unspecified,Unknown,Unspecified,2026-07-01T19:10:53.364778+00:00,other_method,Unspecified
05556500,POINT (-89.4979611111111 41.3674027777778),0aa26196-fa8a-46a0-b0ff-31a2cab96b80,USGS-05556500,4e84bf1b-d65a-627f-e053-0100007fec58,574,1986-09-19T15:45:00+00:00,Imported Channel 1,6.82,ft^3/s,39.0,ft,23.9,ft^2,0.28,ft/s,,,Unspecified,Unspecified,Unspecified,Unspecified,Unspecified,Unknown,Wading,2026-07-01T19:10:53.364778+00:00,point_velocity,Unspecified
05556500,POINT (-89.4979611111111 41.3674027777778),0b2a7638-d553-45c7-adaa-5ed8e7261259,USGS-05556500,4e84aedc-eb93-5956-e053-0100007f6ade,344,1963-04-23T16:45:00+00:00,Imported Channel 1,96.6,ft^3/s,70.0,ft,91.1,ft^2,1.05,ft/s,,,Unspecified,Unspecified,Unspecified,Unspecified,Unspecified,Unknown,Wading,2026-07-01T19:10:53.364778+00:00,point_velocity,Unspecified
05556500,POINT (-89.4979611111111 41.3674027777778),0b3f6d05-00e7-4833-8f56-c4e32825e0cc,USGS-05556500,4e849ff5-f573-5107-e053-0100007f252a,72,1941-07-08T18:30:00+00:00,Imported Channel 1,15.6,ft^3/s,22.0,ft,17.0,ft^2,0.92,ft/s,,,Unspecified,Unspecified,Unspecified,Unspecified,Unspecified,Unknown,Wading,2026-07-01T19:10:53.364778+00:00,point_velocity,Unspecified
05556500,POINT (-89.4979611111111 41.3674027777778),0ba57cff-4e5e-4a08-aded-b7e1d35768f3,USGS-05556500,4e84acd4-d88e-56ff-e053-0100007f2f5a,69,1941-04-28T20:45:00+00:00,Imported Channel 1,97.0,ft^3/s,54.0,ft,73.9,ft^2,1.31,ft/s,,,Unspecified,Unspecified,Unspecified,Unspecified,Unspecified,Unknown,Wading,2026-07-01T19:10:53.364778+00:00,point_velocity,Unspecified
05556500,POINT (-89.4979611111111 41.3674027777778),0cd5916e-7062-443d-a489-695f811c677b,USGS-05556500,4e84d302-76e8-6e36-e053-0100007fdbda,649,1996-06-13T18:05:00+00:00,Imported Channel 1,382,ft^3/s,104,ft,218,ft^2,1.75,ft/s,,,Unspecified,Unspecified,Unspecified,Unspecified,Unspecified,Unknown,Wading,2026-07-01T19:10:53.364778+00:00,point_velocity,Unspecified
05556500,POINT (-89.4979611111111 41.3674027777778),0cd93411-fafc-49f4-a9a2-529334c8d09a,USGS-05556500,4e84b5a6-cbe0-5cef-e053-0100007fcf15,660,1997-08-11T20:25:00+00:00,Imported Channel 1,17.6,ft^3/s,36.5,ft,40.8,ft^2,0.43,ft/s,,,Unspecified,Unspecified,Unspecified,Unspecified,Unspecified,Unknown,Wading,2026-07-01T19:10:53.364778+00:00,point_velocity,Unspecified
05556500,POINT (-89.4979611111111 41.3674027777778),0d2c6805-e1a4-4ede-8b0c-2b2e9161005c,USGS-05556500,4e84c56c-7363-6687-e053-0100007fd6d0,402,1970-03-16T06:00:00+00:00,Imported Channel 1,92.1,ft^3/s,,,,,,,,ft,Unspecified,Unspecified,Unspecified,Unspecified,Unspecified,Unknown,Unspecified,2026-07-01T19:10:53.364778+00:00,other_method,Unspecified
05556500,POINT (-89.4979611111111 41.3674027777778),0d60bacb-f3a7-48b7-9337-51bceba43f25,USGS-05556500,4e84b11b-e655-5a9e-e053-0100007fb762,288,1960-07-25T18:15:00+00:00,Imported Channel 1,28.2,ft^3/s,37.4,ft,23.3,ft^2,1.21,ft/s,,,Unspecified,Unspecified,Unspecified,Unspecified,Unspecified,Unknown,Wading,2026-07-01T19:10:53.364778+00:00,point_velocity,Unspecified
05556500,POINT (-89.4979611111111 41.3674027777778),0d74360e-0eea-4f17-a8f6-27e77076043d,USGS-05556500,4e84b362-1886-5bfd-e053-0100007feb80,231,1954-06-09T17:30:00+00:00,Imported Channel 1,345,ft^3/s,62.0,ft,116,ft^2,2.12,ft/s,,,Unspecified,Unspecified,Unspecified,Unspecified,Unspecified,Unknown,Wading,2026-07-01T19:10:53.364778+00:00,point_velocity,Unspecified
05556500,POINT (-89.4979611111111 41.3674027777778),0d932f52-faa0-44b6-9c46-9cc83a08dfc5,USGS-05556500,4e84d29a-bc47-6d96-e053-0100007f24b5,690,2001-10-02T18:06:00+00:00,Imported Channel 1,9.21,ft^3/s,40.5,ft,18.8,ft^2,0.49,ft/s,,,Unspecified,Unspecified,Unspecified,Unspecified,Unspecified,Unknown,Wading,2026-07-01T19:10:53.364778+00:00,point_velocity,Unspecified
05556500,POINT (-89.4979611111111 41.3674027777778),0da6101f-30e8-4f11-af87-d89f732c4db1,USGS-05556500,4e84c20a-e4f8-63bc-e053-0100007f0188,308,1962-06-27T15:15:00+00:00,Imported Channel 1,47.9,ft^3/s,80.0,ft,66.6,ft^2,0.72,ft/s,,,Unspecified,Unspecified,Unspecified,Unspecified,Unspecified,Unknown,Wading,2026-07-01T19:10:53.364778+00:00,point_velocity,Unspecified
05556500,POINT (-89.4979611111111 41.3674027777778),0e284489-6c3b-4c32-9d91-5cff13aea6e7,USGS-05556500,4e84cef7-5dd3-6c6e-e053-0100007f5e5f,715,2005-06-27T18:25:00+00:00,Imported Channel 1,17.2,ft^3/s,39.0,ft,12.8,ft^2,1.34,ft/s,,,Unspecified,Unspecified,Unspecified,Unspecified,Unspecified,Unknown,Wading,2026-07-01T19:10:53.364778+00:00,point_velocity,Unspecified
05556500,POINT (-89.4979611111111 41.3674027777778),0e2f9ebe-abee-4922-9123-404420fbfe6e,USGS-05556500,4e84ceff-c40c-6c64-e053-0100007fba2c,491,1979-03-06T06:00:00+00:00,Imported Channel 1,894,ft^3/s,,,,,,,,ft,Unspecified,Unspecified,Unspecified,Unspecified,Unspecified,Unknown,Unspecified,2026-07-01T19:10:53.364778+00:00,other_method,Unspecified
05556500,POINT (-89.4979611111111 41.3674027777778),0e6e198c-ca72-47bd-9567-024cbd04fda2,USGS-05556500,7846ff33-710b-5233-e053-0100007f5365,793,2018-10-12T17:24:00+00:00,main,161,ft^3/s,64.0,ft,68.2,ft^2,2.37,ft/s,50.00,ft,Firm,Gravel,Even,Even,Standard,Pulsating,Wading,2026-07-01T19:10:53.364778+00:00,point_velocity,Downstream
05556500,POINT (-89.4979611111111 41.3674027777778),0ef67462-d372-422a-bbd0-b3ae76094e52,USGS-05556500,4e84b661-e5d9-5d71-e053-0100007f8b9c,371,1967-06-30T14:40:00+00:00,Imported Channel 1,52.3,ft^3/s,60.0,ft,103,ft^2,0.51,ft/s,,,Unspecified,Unspecified,Unspecified,Unspecified,Unspecified,Unknown,Wading,2026-07-01T19:10:53.364778+00:00,point_velocity,Unspecified
05556500,POINT (-89.4979611111111 41.3674027777778),0f068916-2a99-4b28-9c1a-c3228a646471,USGS-05556500,4e849d81-8d8e-4e3f-e053-0100007f6df6,15,1937-09-22T14:30:00+00:00,Imported Channel 1,2.35,ft^3/s,15.0,ft,5.80,ft^2,0.41,ft/s,,,Unspecified,Unspecified,Unspecified,Unspecified,Unspecified,Unknown,Wading,2026-07-01T19:10:53.364778+00:00,point_velocity,Unspecified
05556500,POINT (-89.4979611111111 41.3674027777778),0f41efa6-6d99-40f3-9e76-bb43418e7157,USGS-05556500,4e84d2ec-33ab-6e40-e053-0100007f1b0d,653,1996-10-24T12:36:00+00:00,Imported Channel 1,22.4,ft^3/s,37.0,ft,18.8,ft^2,1.19,ft/s,,,Unspecified,Unspecified,Unspecified,Unspecified,Unspecified,Unknown,Wading,2026-07-01T19:10:53.364778+00:00,point_velocity,Unspecified
05556500,POINT (-89.4979611111111 41.3674027777778),0f6a0a49-706a-4b11-873a-046a1090939f,USGS-05556500,4e849663-cdbf-4aa6-e053-0100007f7e52,168,1948-12-17T16:35:00+00:00,Imported Channel 1,10.2,ft^3/s,40.0,ft,15.3,ft^2,0.67,ft/s,,,Unspecified,Unspecified,Unspecified,Unspecified,Unspecified,Unknown,Wading,2026-07-01T19:10:53.364778+00:00,point_velocity,Unspecified
05556500,POINT (-89.4979611111111 41.3674027777778),0f792263-ef88-4e33-8b08-78ab134e4e06,USGS-05556500,de4109e9-ba98-43e2-a327-4a9c9fc46c37,815,2022-10-13T16:19:33+00:00,main,32.2,ft^3/s,50.0,ft,42.4,ft^2,0.76,ft/s,65.00,ft,Firm,Gravel,Even,Even,Standard,Steady,Wading,2026-07-01T19:10:53.364778+00:00,point_velocity,Downstream
05556500,POINT (-89.4979611111111 41.3674027777778),0fa0d24d-c56a-4aa4-9b99-b2964096809f,USGS-05556500,4e84cd3b-28fb-69ec-e053-0100007f9687,459,1976-01-06T06:00:00+00:00,Imported Channel 1,12.1,ft^3/s,,,,,,,,ft,Unspecified,Unspecified,Unspecified,Unspecified,Unspecified,Unknown,Unspecified,2026-07-01T19:10:53.364778+00:00,other_method,Unspecified
05556500,POINT (-89.4979611111111 41.3674027777778),0fd8a70e-252d-41d1-8ba4-3f544cf1cde3,USGS-05556500,913458e0-7671-35a3-e053-0100007fc442,799,2019-08-28T17:34:30+00:00,main and side,39.9,ft^3/s,58.0,ft,39.5,ft^2,1.01,ft/s,80.00,ft,Firm,Gravel,Even,Even,Standard,Steady,Wading,2026-07-01T19:10:53.364778+00:00,point_velocity,Downstream
05556500,POINT (-89.4979611111111 41.3674027777778),0ff06d3a-b90c-40a9-b2dd-2a793da4477a,USGS-05556500,4e84b6d8-eb2f-5dad-e053-0100007fddde,128,1945-10-30T23:05:00+00:00,Imported Channel 1,44.5,ft^3/s,27.2,ft,31.2,ft^2,1.43,ft/s,,,Unspecified,Unspecified,Unspecified,Unspecified,Unspecified,Unknown,Wading,2026-07-01T19:10:53.364778+00:00,point_velocity,Unspecified
05556500,POINT (-89.4979611111111 41.3674027777778),1024e290-bf94-4e38-a9f8-d611cd694e58,USGS-05556500,4e84dfe1-1c99-7610-e053-0100007f86fe,684,2001-01-08T22:10:00+00:00,Imported Channel 1,20.6,ft^3/s,42.0,ft,35.9,ft^2,0.57,ft/s,,,Unspecified,Unspecified,Unspecified,Unspecified,Unspecified,Unknown,Ice,2026-07-01T19:10:53.364778+00:00,point_velocity,Unspecified
05556500,POINT (-89.4979611111111 41.3674027777778),10f815cc-a7af-4e4f-aad8-49e98557bd68,USGS-05556500,4e84af73-ff7c-59b4-e053-0100007fec03,256,1957-02-19T19:20:00+00:00,Imported Channel 1,43.6,ft^3/s,34.6,ft,40.0,ft^2,1.09,ft/s,,,Unspecified,Unspecified,Unspecified,Unspecified,Unspecified,Unknown,Wading,2026-07-01T19:10:53.364778+00:00,point_velocity,Unspecified
05556500,POINT (-89.4979611111111 41.3674027777778),114241c2-1835-4e62-ad41-4f1bf4993c3f,USGS-05556500,4e84c799-9776-6845-e053-0100007febd5,600,1989-07-18T17:10:00+00:00,Imported Channel 1,0.97,ft^3/s,8.00,ft,1.41,ft^2,0.69,ft/s,,,Unspecified,Unspecified,Unspecified,Unspecified,Unspecified,Unknown,Wading,2026-07-01T19:10:53.364778+00:00,point_velocity,Unspecified
05556500,POINT (-89.4979611111111 41.3674027777778),114f4e1e-a3b6-4b42-848c-f47abda7f4f7,USGS-05556500,4e84af67-b765-59aa-e053-0100007fa5be,421,1972-03-23T06:00:00+00:00,Imported Channel 1,127,ft^3/s,,,,,,,,ft,Unspecified,Unspecified,Unspecified,Unspecified,Unspecified,Unknown,Unspecified,2026-07-01T19:10:53.364778+00:00,other_method,Unspecified
05556500,POINT (-89.4979611111111 41.3674027777778),11e00061-0f27-45f0-aade-0f74a3732403,USGS-05556500,4e84d313-a03b-6e50-e053-0100007ff57f,640,1995-05-24T19:00:00+00:00,Imported Channel 1,2460,ft^3/s,161,ft,636,ft^2,3.87,ft/s,,,Unspecified,Unspecified,Unspecified,Unspecified,Unspecified,Unknown,BridgeCrane,2026-07-01T19:10:53.364778+00:00,point_velocity,Unspecified
05556500,POINT (-89.4979611111111 41.3674027777778),135b80f1-1ebe-41d4-aa3f-f25842dc3b62,USGS-05556500,4e84a851-dc2e-5590-e053-0100007fb828,54,1940-05-31T21:35:00+00:00,Imported Channel 1,11.3,ft^3/s,22.0,ft,12.6,ft^2,0.96,ft/s,,,Unspecified,Unspecified,Unspecified,Unspecified,Unspecified,Unknown,Wading,2026-07-01T19:10:53.364778+00:00,point_velocity,Unspecified
05556500,POINT (-89.4979611111111 41.3674027777778),13e485ee-a09a-4fcf-a621-8f154d98a5fc,USGS-05556500,4e84b949-b962-5f1e-e053-0100007f1183,267,1958-05-27T15:00:00+00:00,Imported Channel 1,23.1,ft^3/s,26.5,ft,22.9,ft^2,1.01,ft/s,,,Unspecified,Unspecified,Unspecified,Unspecified,Unspecified,Unknown,Wading,2026-07-01T19:10:53.364778+00:00,point_velocity,Unspecified
05556500,POINT (-89.4979611111111 41.3674027777778),1427e01a-e177-463d-beeb-b485322a9e8a,USGS-05556500,4e84c56c-7361-6687-e053-0100007fd6d0,392,1969-04-03T06:00:00+00:00,Imported Channel 1,131,ft^3/s,,,,,,,,ft,Unspecified,Unspecified,Unspecified,Unspecified,Unspecified,Unknown,Unspecified,2026-07-01T19:10:53.364778+00:00,other_method,Unspecified
05556500,POINT (-89.4979611111111 41.3674027777778),14965f25-4c44-412c-a2a6-1798ca4a6213,USGS-05556500,4e84c56c-7388-6687-e053-0100007fd6d0,647,1996-03-14T15:30:00+00:00,Imported Channel 1,73.3,ft^3/s,40.0,ft,27.8,ft^2,2.64,ft/s,,,Unspecified,Unspecified,Unspecified,Unspecified,Unspecified,Unknown,Wading,2026-07-01T19:10:53.364778+00:00,point_velocity,Unspecified
05556500,POINT (-89.4979611111111 41.3674027777778),155d61be-f4cb-45e3-b86e-8a8dbaa2e313,USGS-05556500,4e84a22f-3f02-51e2-e053-0100007fb2e0,298,1961-05-12T19:05:00+00:00,Imported Channel 1,47.5,ft^3/s,39.4,ft,43.4,ft^2,1.09,ft/s,,,Unspecified,Unspecified,Unspecified,Unspecified,Unspecified,Unknown,Wading,2026-07-01T19:10:53.364778+00:00,point_velocity,Unspecified
05556500,POINT (-89.4979611111111 41.3674027777778),159d528e-3f9f-4d02-b758-b5357fbc4875,USGS-05556500,4e84a698-6a37-54a8-e053-0100007fa8ee,150,1947-07-30T15:40:00+00:00,Imported Channel 1,32.1,ft^3/s,41.0,ft,46.0,ft^2,0.70,ft/s,,,Unspecified,Unspecified,Unspecified,Unspecified,Unspecified,Unknown,Wading,2026-07-01T19:10:53.364778+00:00,point_velocity,Unspecified
05556500,POINT (-89.4979611111111 41.3674027777778),15c0b2bd-5f56-4deb-836a-38ecc69a7e54,USGS-05556500,4e84c4fb-c0aa-65fb-e053-0100007f2886,403,1970-04-20T06:00:00+00:00,Imported Channel 1,489,ft^3/s,,,,,,,,ft,Unspecified,Unspecified,Unspecified,Unspecified,Unspecified,Unknown,Unspecified,2026-07-01T19:10:53.364778+00:00,other_method,Unspecified
05556500,POINT (-89.4979611111111 41.3674027777778),16efe229-2093-4929-8fbd-6ad29bafd0fa,USGS-05556500,4e84c448-467c-6601-e053-0100007f88da,349,1965-09-15T17:30:00+00:00,Imported Channel 1,1490,ft^3/s,108,ft,541,ft^2,2.75,ft/s,,,Unspecified,Unspecified,Unspecified,Unspecified,Unspecified,Unknown,BridgeCrane,2026-07-01T19:10:53.364778+00:00,point_velocity,Unspecified
05556500,POINT (-89.4979611111111 41.3674027777778),17159f17-5d6e-4628-addb-bb7f83361338,USGS-05556500,4e84d03a-1cfe-6c72-e053-0100007fef9b,713,2005-02-23T16:38:00+00:00,Imported Channel 1,176,ft^3/s,103,ft,156,ft^2,1.13,ft/s,,,Unspecified,Unspecified,Unspecified,Unspecified,Unspecified,Unknown,Wading,2026-07-01T19:10:53.364778+00:00,point_velocity,Unspecified
05556500,POINT (-89.4979611111111 41.3674027777778),17603f64-f1a1-4e8d-91cf-f0e62b3f3136,USGS-05556500,4e84c105-2925-63e2-e053-0100007fef59,528,1982-08-04T06:00:00+00:00,Imported Channel 1,126,ft^3/s,70.0,ft,94.0,ft^2,1.34,ft/s,,,Unspecified,Unspecified,Unspecified,Unspecified,Unspecified,Unknown,Wading,2026-07-01T19:10:53.364778+00:00,point_velocity,Unspecified
05556500,POINT (-89.4979611111111 41.3674027777778),178274ec-7798-41cb-acdd-5272f26cb015,USGS-05556500,4e84bda9-368a-6166-e053-0100007f792b,457,1975-11-04T06:00:00+00:00,Imported Channel 1,5.02,ft^3/s,,,,,,,,ft,Unspecified,Unspecified,Unspecified,Unspecified,Unspecified,Unknown,Unspecified,2026-07-01T19:10:53.364778+00:00,other_method,Unspecified
05556500,POINT (-89.4979611111111 41.3674027777778),18628156-0f8c-4f82-ade5-d3312fbefcc8,USGS-05556500,4e84a853-78d0-5582-e053-0100007f2424,142,1947-01-22T19:15:00+00:00,Imported Channel 1,23.3,ft^3/s,35.2,ft,36.7,ft^2,0.65,ft/s,,,Unspecified,Unspecified,Unspecified,Unspecified,Unspecified,Unknown,Wading,2026-07-01T19:10:53.364778+00:00,point_velocity,Unspecified
05556500,POINT (-89.4979611111111 41.3674027777778),18f40523-4bbd-422b-834b-873a678d4003,USGS-05556500,4e84b933-5630-5dcf-e053-0100007ff2c1,176,1949-07-27T14:20:00+00:00,Imported Channel 1,10.0,ft^3/s,38.0,ft,17.4,ft^2,0.57,ft/s,,,Unspecified,Unspecified,Unspecified,Unspecified,Unspecified,Unknown,Wading,2026-07-01T19:10:53.364778+00:00,point_velocity,Unspecified
05556500,POINT (-89.4979611111111 41.3674027777778),19092046-1e81-4de7-96b3-b5ed0fda0c4d,USGS-05556500,4e84a53d-22bc-53e7-e053-0100007f42af,169,1949-02-12T17:00:00+00:00,Imported Channel 1,32.3,ft^3/s,27.0,ft,29.5,ft^2,1.09,ft/s,,,Unspecified,Unspecified,Unspecified,Unspecified,Unspecified,Unknown,Wading,2026-07-01T19:10:53.364778+00:00,point_velocity,Unspecified
05556500,POINT (-89.4979611111111 41.3674027777778),1919f75b-f4fc-4bf4-b56a-86fc76b5e757,USGS-05556500,4e84c105-291e-63e2-e053-0100007fef59,509,1980-12-19T06:00:00+00:00,Imported Channel 1,54.3,ft^3/s,63.0,ft,50.5,ft^2,1.08,ft/s,,,Unspecified,Unspecified,Unspecified,Unspecified,Unspecified,Unknown,Wading,2026-07-01T19:10:53.364778+00:00,point_velocity,Unspecified
05556500,POINT (-89.4979611111111 41.3674027777778),1a30554a-f5a6-4697-a8cc-19e836a65d15,USGS-05556500,4e84b362-1878-5bfd-e053-0100007feb80,137,1946-08-26T06:00:00+00:00,Imported Channel 1,6.95,ft^3/s,19.2,ft,9.38,ft^2,0.74,ft/s,,,Unspecified,Unspecified,Unspecified,Unspecified,Unspecified,Unknown,Wading,2026-07-01T19:10:53.364778+00:00,point_velocity,Unspecified
05556500,POINT (-89.4979611111111 41.3674027777778),1a37c031-5e36-42d4-b100-53c4587fe1e8,USGS-05556500,3c8c7c77-99d1-432f-b459-d6c58154b5db,828,2025-03-05T17:29:48+00:00,main,139,ft^3/s,50.0,ft,67.3,ft^2,2.07,ft/s,200.00,ft,Firm,Gravel,Even,Even,Standard,Steady,Wading,2026-07-01T19:10:53.364778+00:00,point_velocity,Upstream
05556500,POINT (-89.4979611111111 41.3674027777778),1b488b9c-27b1-4afe-8503-75b90b54df5f,USGS-05556500,4e84c7c4-82e2-682b-e053-0100007fcfd7,525,1982-07-01T06:00:00+00:00,Imported Channel 1,120,ft^3/s,70.0,ft,119,ft^2,1.01,ft/s,,,Unspecified,Unspecified,Unspecified,Unspecified,Unspecified,Unknown,Wading,2026-07-01T19:10:53.364778+00:00,point_velocity,Unspecified
05556500,POINT (-89.4979611111111 41.3674027777778),1c5f9df7-29b8-4c28-affb-6b2a36d7fce8,USGS-05556500,4e84c4fb-c0ad-65fb-e053-0100007f2886,438,1974-01-10T06:00:00+00:00,Imported Channel 1,122,ft^3/s,,,,,,,,ft,Unspecified,Unspecified,Unspecified,Unspecified,Unspecified,Unknown,Unspecified,2026-07-01T19:10:53.364778+00:00,other_method,Unspecified
05556500,POINT (-89.4979611111111 41.3674027777778),1cd03320-6107-4b79-95b2-36ed09b260b7,USGS-05556500,4e84cdf7-0000-6b68-e053-0100007f50ea,526,1982-07-07T06:00:00+00:00,Imported Channel 1,4440,ft^3/s,158,ft,1060,ft^2,4.19,ft/s,,,Unspecified,Unspecified,Unspecified,Unspecified,Unspecified,Unknown,BridgeCrane,2026-07-01T19:10:53.364778+00:00,point_velocity,Unspecified
05556500,POINT (-89.4979611111111 41.3674027777778),1d1c6255-1868-4cba-be9c-c19cae6329e9,USGS-05556500,4e84b7bd-2273-5d9b-e053-0100007f37df,328,1964-02-06T17:10:00+00:00,Imported Channel 1,5.37,ft^3/s,12.0,ft,4.71,ft^2,1.21,ft/s,,,Unspecified,Unspecified,Unspecified,Unspecified,Unspecified,Unknown,Wading,2026-07-01T19:10:53.364778+00:00,point_velocity,Unspecified
05556500,POINT (-89.4979611111111 41.3674027777778),1d571eee-9981-4d8d-8f14-224a1f811a93,USGS-05556500,4e84acd4-d8ae-56ff-e053-0100007f2f5a,278,1959-07-23T16:00:00+00:00,Imported Channel 1,22.3,ft^3/s,27.6,ft,22.3,ft^2,1.00,ft/s,,,Unspecified,Unspecified,Unspecified,Unspecified,Unspecified,Unknown,Wading,2026-07-01T19:10:53.364778+00:00,point_velocity,Unspecified
05556500,POINT (-89.4979611111111 41.3674027777778),1d98d986-9ee4-4d1e-8437-5201480c51ca,USGS-05556500,4e84bd06-7e9e-614a-e053-0100007f57dc,501,1980-01-29T06:00:00+00:00,Imported Channel 1,28.5,ft^3/s,,,,,,,,ft,Unspecified,Unspecified,Unspecified,Unspecified,Unspecified,Unknown,Unspecified,2026-07-01T19:10:53.364778+00:00,other_method,Unspecified
05556500,POINT (-89.4979611111111 41.3674027777778),1ed9e683-8f99-4c4a-9202-15813195b528,USGS-05556500,4e84c088-b1d4-6326-e053-0100007f4436,416,1971-10-07T06:00:00+00:00,Imported Channel 1,1.60,ft^3/s,,,,,,,,ft,Unspecified,Unspecified,Unspecified,Unspecified,Unspecified,Unknown,Unspecified,2026-07-01T19:10:53.364778+00:00,other_method,Unspecified
05556500,POINT (-89.4979611111111 41.3674027777778),1f068b18-b2ad-4f72-ad0e-7039b23edd87,USGS-05556500,4e84ce8f-b21d-6bc2-e053-0100007fbd8b,648,1996-04-23T18:50:00+00:00,Imported Channel 1,70.6,ft^3/s,42.0,ft,31.8,ft^2,2.22,ft/s,,,Unspecified,Unspecified,Unspecified,Unspecified,Unspecified,Unknown,Wading,2026-07-01T19:10:53.364778+00:00,point_velocity,Unspecified
05556500,POINT (-89.4979611111111 41.3674027777778),1f12e4e0-ecf0-4238-8a3a-24ec4657144c,USGS-05556500,4e84c559-c1b4-665d-e053-0100007fa715,470,1976-12-22T06:00:00+00:00,Imported Channel 1,1.50,ft^3/s,,,,,,,,ft,Unspecified,Unspecified,Unspecified,Unspecified,Unspecified,Unknown,Unspecified,2026-07-01T19:10:53.364778+00:00,other_method,Unspecified
05556500,POINT (-89.4979611111111 41.3674027777778),206dc13c-023b-4fb5-9162-3355ffc2dc3b,USGS-05556500,950eb468-349b-23c4-e053-0100007ff3d8,800,2019-10-16T17:04:21+00:00,main,197,ft^3/s,85.0,ft,86.0,ft^2,2.29,ft/s,5.00,ft,Firm,Cobbles,Even,Even,Standard,Pulsating,Wading,2026-07-01T19:10:53.364778+00:00,point_velocity,Downstream
05556500,POINT (-89.4979611111111 41.3674027777778),20e5c857-1ca1-474e-9226-29019a7d0169,USGS-05556500,4e84ef04-f2b2-7e5a-e053-0100007ff08e,784,2017-03-16T16:54:34+00:00,main,97.3,ft^3/s,52.0,ft,59.3,ft^2,1.64,ft/s,150.00,ft,Firm,Gravel,Even,Even,Standard,Unknown,Wading,2026-07-01T19:10:53.364778+00:00,point_velocity,Downstream
05556500,POINT (-89.4979611111111 41.3674027777778),20f2ede6-5550-42dd-94b9-be3e3cb0a404,USGS-05556500,4e84b48d-9b91-5b7f-e053-0100007f410a,327,1964-01-07T16:10:00+00:00,Imported Channel 1,2.12,ft^3/s,8.50,ft,3.60,ft^2,0.59,ft/s,,,Unspecified,Unspecified,Unspecified,Unspecified,Unspecified,Unknown,Wading,2026-07-01T19:10:53.364778+00:00,point_velocity,Unspecified
05556500,POINT (-89.4979611111111 41.3674027777778),2172611c-8c53-48cf-8c67-409adbd02abd,USGS-05556500,4e849cf9-11c8-4ea7-e053-0100007f4505,294,1961-01-25T17:30:00+00:00,Imported Channel 1,1.30,ft^3/s,31.0,ft,20.1,ft^2,0.06,ft/s,,,Unspecified,Unspecified,Unspecified,Unspecified,Unspecified,Unknown,Wading,2026-07-01T19:10:53.364778+00:00,point_velocity,Unspecified
05556500,POINT (-89.4979611111111 41.3674027777778),21964558-045b-4c29-ac22-fcb44becd84e,USGS-05556500,4e84d229-4805-6d98-e053-0100007f4f8e,744,2010-06-04T16:10:00+00:00,Channel 1,290,ft^3/s,57.0,ft,116,ft^2,2.50,ft/s,200.00,ft,Firm,CobblesBoulders,Uneven,Even,Unspecified,Unknown,Wading,2026-07-01T19:10:53.364778+00:00,point_velocity,Upstream
05556500,POINT (-89.4979611111111 41.3674027777778),219fdb49-4480-4661-b38e-9107835719c6,USGS-05556500,4e84ae01-4d56-58dc-e053-0100007f68f5,234,1954-11-13T20:00:00+00:00,Imported Channel 1,68.9,ft^3/s,33.5,ft,33.4,ft^2,2.06,ft/s,,,Unspecified,Unspecified,Unspecified,Unspecified,Unspecified,Unknown,Wading,2026-07-01T19:10:53.364778+00:00,point_velocity,Unspecified
05556500,POINT (-89.4979611111111 41.3674027777778),21e24443-1743-4e08-9a80-5496fd6476a1,USGS-05556500,4e849229-3204-4815-e053-0100007f3a0f,13,1937-06-10T16:45:00+00:00,Imported Channel 1,50.6,ft^3/s,40.0,ft,96.6,ft^2,0.53,ft/s,,,Unspecified,Unspecified,Unspecified,Unspecified,Unspecified,Unknown,Wading,2026-07-01T19:10:53.364778+00:00,point_velocity,Unspecified
05556500,POINT (-89.4979611111111 41.3674027777778),22182d34-ed93-427b-8662-58b95f61cfb2,USGS-05556500,4e84aab4-9b51-56cf-e053-0100007f10e8,240,1953-08-05T16:10:00+00:00,Imported Channel 1,13.2,ft^3/s,28.2,ft,21.5,ft^2,0.61,ft/s,,,Unspecified,Unspecified,Unspecified,Unspecified,Unspecified,Unknown,Wading,2026-07-01T19:10:53.364778+00:00,point_velocity,Unspecified
05556500,POINT (-89.4979611111111 41.3674027777778),221a074f-f124-4364-a8a4-43dfc6fd3541,USGS-05556500,4e84ec86-cb05-7d4c-e053-0100007fbc2d,741,2009-10-05T21:23:00+00:00,Imported Channel 1,71.5,ft^3/s,61.0,ft,57.2,ft^2,1.25,ft/s,100.00,ft,Firm,CobblesBoulders,Uneven,Unspecified,Unspecified,Unknown,Wading,2026-07-01T19:10:53.364778+00:00,point_velocity,Upstream
05556500,POINT (-89.4979611111111 41.3674027777778),232dbde4-11da-4f16-be93-3c8f07094178,USGS-05556500,4e84b96b-6a5f-5f74-e053-0100007ffc86,456,1975-10-08T06:00:00+00:00,Imported Channel 1,3.37,ft^3/s,,,,,,,,ft,Unspecified,Unspecified,Unspecified,Unspecified,Unspecified,Unknown,Unspecified,2026-07-01T19:10:53.364778+00:00,other_method,Unspecified
05556500,POINT (-89.4979611111111 41.3674027777778),236657b7-b26b-45c1-acf9-bf2b112ee160,USGS-05556500,4e84cb64-4dc9-697e-e053-0100007fc05a,442,1974-06-10T06:00:00+00:00,Imported Channel 1,755,ft^3/s,,,,,,,,ft,Unspecified,Unspecified,Unspecified,Unspecified,Unspecified,Unknown,Unspecified,2026-07-01T19:10:53.364778+00:00,other_method,Unspecified
05556500,POINT (-89.4979611111111 41.3674027777778),23825a77-d8b8-43e8-a013-473d0de3c84e,USGS-05556500,4e84acd4-d8aa-56ff-e053-0100007f2f5a,200,1951-07-03T19:00:00+00:00,Imported Channel 1,107,ft^3/s,26.0,ft,39.0,ft^2,2.74,ft/s,,,Unspecified,Unspecified,Unspecified,Unspecified,Unspecified,Unknown,Wading,2026-07-01T19:10:53.364778+00:00,point_velocity,Unspecified
05556500,POINT (-89.4979611111111 41.3674027777778),23c9c54d-4fbb-4155-b9df-40020d6d61c7,USGS-05556500,4e84d817-b6e3-7039-e053-0100007f024c,589,1988-07-07T22:15:00+00:00,Imported Channel 1,6.04,ft^3/s,12.0,ft,3.66,ft^2,1.65,ft/s,,,Unspecified,Unspecified,Unspecified,Unspecified,Unspecified,Unknown,Wading,2026-07-01T19:10:53.364778+00:00,point_velocity,Unspecified
05556500,POINT (-89.4979611111111 41.3674027777778),2410d329-59ac-496d-864a-64336f2ac154,USGS-05556500,4e84d5e8-a657-702f-e053-0100007f4545,558,1984-11-01T06:00:00+00:00,Imported Channel 1,667,ft^3/s,100,ft,289,ft^2,2.31,ft/s,,,Unspecified,Unspecified,Unspecified,Unspecified,Unspecified,Unknown,Wading,2026-07-01T19:10:53.364778+00:00,point_velocity,Unspecified
05556500,POINT (-89.4979611111111 41.3674027777778),245a0f1d-e4ee-4632-8829-b4afbfd47759,USGS-05556500,4e84a7e2-372c-550e-e053-0100007f0b33,130,1945-12-20T20:40:00+00:00,Imported Channel 1,53.2,ft^3/s,35.0,ft,25.9,ft^2,2.07,ft/s,,,Unspecified,Unspecified,Unspecified,Unspecified,Unspecified,Unknown,Wading,2026-07-01T19:10:53.364778+00:00,point_velocity,Unspecified
05556500,POINT (-89.4979611111111 41.3674027777778),247cdd45-09b6-4459-b56c-9007e63a6a34,USGS-05556500,4e84b11b-e645-5a9e-e053-0100007fb762,248,1956-05-22T17:50:00+00:00,Imported Channel 1,56.7,ft^3/s,33.5,ft,40.5,ft^2,1.40,ft/s,,,Unspecified,Unspecified,Unspecified,Unspecified,Unspecified,Unknown,Wading,2026-07-01T19:10:53.364778+00:00,point_velocity,Unspecified
05556500,POINT (-89.4979611111111 41.3674027777778),24e3e2a5-6c36-47c6-916a-a9d6d942c1ab,USGS-05556500,4e84c06c-95dd-6346-e053-0100007feceb,514,1981-06-11T06:00:00+00:00,Imported Channel 1,94.6,ft^3/s,59.0,ft,93.8,ft^2,1.01,ft/s,,,Unspecified,Unspecified,Unspecified,Unspecified,Unspecified,Unknown,Wading,2026-07-01T19:10:53.364778+00:00,point_velocity,Unspecified
05556500,POINT (-89.4979611111111 41.3674027777778),2556677f-50b6-4cd4-b945-f9d4dd0c943e,USGS-05556500,4e84db7b-197a-72ba-e053-0100007fe6d8,668,1998-08-25T13:57:00+00:00,Imported Channel 1,10.4,ft^3/s,30.0,ft,13.0,ft^2,0.80,ft/s,,,Unspecified,Unspecified,Unspecified,Unspecified,Unspecified,Unknown,Wading,2026-07-01T19:10:53.364778+00:00,point_velocity,Unspecified
05556500,POINT (-89.4979611111111 41.3674027777778),25576dad-19c4-4946-ad00-108d2b4eab81,USGS-05556500,4e84e634-1035-7985-e053-0100007f0c76,710,2004-06-30T14:13:00+00:00,Imported Channel 1,84.4,ft^3/s,51.0,ft,44.6,ft^2,1.89,ft/s,,,Unspecified,Unspecified,Unspecified,Unspecified,Unspecified,Unknown,Wading,2026-07-01T19:10:53.364778+00:00,point_velocity,Unspecified
05556500,POINT (-89.4979611111111 41.3674027777778),2593d43d-2cf3-4bcc-bacc-f4480b72db42,USGS-05556500,fa41269e-a59b-4550-ae3e-88c69ef1e2ed,831,2025-09-15T18:12:43+00:00,05556500,5.15,ft^3/s,39.7,ft,21.9,ft^2,0.24,ft/s,150.00,ft,Firm,Cobbles,Uneven,Uneven,Unknown,Steady,Wading,2026-07-01T19:10:53.364778+00:00,point_velocity,Downstream
05556500,POINT (-89.4979611111111 41.3674027777778),25c18f07-762c-483e-a0ce-8ad2cf533644,USGS-05556500,4e84c4f7-be0f-65f9-e053-0100007f68cb,391,1969-03-13T06:00:00+00:00,Imported Channel 1,28.2,ft^3/s,,,,,,,,ft,Unspecified,Unspecified,Unspecified,Unspecified,Unspecified,Unknown,Unspecified,2026-07-01T19:10:53.364778+00:00,other_method,Unspecified
05556500,POINT (-89.4979611111111 41.3674027777778),2605d98f-fa35-44aa-b9e8-7f542aead148,USGS-05556500,4e84d8b0-11af-707b-e053-0100007fc9d2,722,2006-12-15T18:30:00+00:00,Imported Channel 1,956,ft^3/s,112,ft,266,ft^2,3.59,ft/s,,,Unspecified,Unspecified,Unspecified,Unspecified,Unspecified,Unknown,BridgeCrane,2026-07-01T19:10:53.364778+00:00,point_velocity,Unspecified
05556500,POINT (-89.4979611111111 41.3674027777778),264cf933-12c9-4221-a945-cab62eda47dd,USGS-05556500,4e84c80e-0e3a-67d5-e053-0100007f0f93,543,1983-08-15T06:00:00+00:00,Imported Channel 1,4.27,ft^3/s,33.0,ft,28.7,ft^2,0.15,ft/s,,,Unspecified,Unspecified,Unspecified,Unspecified,Unspecified,Unknown,Wading,2026-07-01T19:10:53.364778+00:00,point_velocity,Unspecified
05556500,POINT (-89.4979611111111 41.3674027777778),265db240-302c-41b7-adfd-be36155ac83c,USGS-05556500,6a2219e6-f6c2-d8bb-e053-0100007f099e,790,2018-04-17T17:22:51+00:00,ain,111,ft^3/s,60.0,ft,56.5,ft^2,1.96,ft/s,150.00,ft,Firm,Gravel,Even,Even,Standard,Steady,Wading,2026-07-01T19:10:53.364778+00:00,point_velocity,Downstream
05556500,POINT (-89.4979611111111 41.3674027777778),274c4505-1ff0-48f6-8a46-6c510d16701a,USGS-05556500,4e84c7cd-51f9-684d-e053-0100007f5cb9,728,2007-12-11T17:59:00+00:00,Imported Channel 1,49.2,ft^3/s,50.0,ft,44.1,ft^2,1.12,ft/s,,,Unspecified,Unspecified,Unspecified,Unspecified,Unspecified,Unknown,Wading,2026-07-01T19:10:53.364778+00:00,point_velocity,Unspecified
05556500,POINT (-89.4979611111111 41.3674027777778),2835bd0a-4240-44b1-befa-dd956eb44f46,USGS-05556500,4e8497d8-ed9c-4bb3-e053-0100007f656d,215,1952-11-08T18:50:00+00:00,Imported Channel 1,1.92,ft^3/s,9.70,ft,3.80,ft^2,0.50,ft/s,,,Unspecified,Unspecified,Unspecified,Unspecified,Unspecified,Unknown,Wading,2026-07-01T19:10:53.364778+00:00,point_velocity,Unspecified
05556500,POINT (-89.4979611111111 41.3674027777778),283bf859-d828-4c40-a758-4f89ef180f81,USGS-05556500,4e84dca1-f73c-73d6-e053-0100007ffb2f,762,2013-04-19T00:32:13+00:00,1,7310,ft^3/s,179,ft,1370,ft^2,5.34,ft/s,25.00,ft,Firm,CobblesBoulders,Uneven,Uneven,Standard,Unknown,BridgeDownstreamSide,2026-07-01T19:10:53.364778+00:00,adcp,Downstream
05556500,POINT (-89.4979611111111 41.3674027777778),28915482-945c-47b1-aa32-17db281d04e7,USGS-05556500,4e84cf0a-93da-6c74-e053-0100007f4a54,513,1981-04-29T06:00:00+00:00,Imported Channel 1,516,ft^3/s,90.0,ft,217,ft^2,2.38,ft/s,,,Unspecified,Unspecified,Unspecified,Unspecified,Unspecified,Unknown,BridgeCrane,2026-07-01T19:10:53.364778+00:00,point_velocity,Unspecified
05556500,POINT (-89.4979611111111 41.3674027777778),28c3d6c4-9d0c-4a96-9654-615e578c881b,USGS-05556500,4e84c38f-ee27-64a3-e053-0100007f5403,626,1992-10-21T14:35:00+00:00,Imported Channel 1,65.8,ft^3/s,51.0,ft,35.8,ft^2,1.84,ft/s,,,Unspecified,Unspecified,Unspecified,Unspecified,Unspecified,Unknown,Wading,2026-07-01T19:10:53.364778+00:00,point_velocity,Unspecified
05556500,POINT (-89.4979611111111 41.3674027777778),28d49c10-1659-4423-a75e-ac5dbc475453,USGS-05556500,4e84c0fa-b957-63be-e053-0100007fbc97,610,1990-07-19T20:15:00+00:00,Imported Channel 1,398,ft^3/s,108,ft,210,ft^2,1.90,ft/s,,,Unspecified,Unspecified,Unspecified,Unspecified,Unspecified,Unknown,Wading,2026-07-01T19:10:53.364778+00:00,point_velocity,Unspecified
05556500,POINT (-89.4979611111111 41.3674027777778),290f80ff-adec-492c-ba9e-31301adcd9fc,USGS-05556500,cd067b36-c346-464e-90af-9dcb606bb248,820,2023-09-21T16:15:47+00:00,main,3.94,ft^3/s,28.0,ft,12.0,ft^2,0.33,ft/s,150.00,ft,Firm,Gravel,Even,Even,Standard,Steady,Wading,2026-07-01T19:10:53.364778+00:00,point_velocity,Downstream
05556500,POINT (-89.4979611111111 41.3674027777778),291471ac-2853-40bf-9a6f-3aaf7838f700,USGS-05556500,4e84b171-94a2-5acd-e053-0100007fd65a,167,1948-11-15T20:10:00+00:00,Imported Channel 1,3.44,ft^3/s,18.5,ft,7.90,ft^2,0.44,ft/s,,,Unspecified,Unspecified,Unspecified,Unspecified,Unspecified,Unknown,Wading,2026-07-01T19:10:53.364778+00:00,point_velocity,Unspecified
05556500,POINT (-89.4979611111111 41.3674027777778),2922afa8-fd07-4a36-911c-1c20320b67ed,USGS-05556500,4e84c4b6-3c8f-665b-e053-0100007ff201,507,1980-10-07T06:00:00+00:00,Imported Channel 1,65.0,ft^3/s,,,,,,,,ft,Unspecified,Unspecified,Unspecified,Unspecified,Unspecified,Unknown,Unspecified,2026-07-01T19:10:53.364778+00:00,other_method,Unspecified
05556500,POINT (-89.4979611111111 41.3674027777778),29342723-d6a5-4c5b-9902-c4c8af607999,USGS-05556500,4e84cf59-3f72-6b6a-e053-0100007fed04,489,1979-01-12T06:00:00+00:00,Imported Channel 1,51.8,ft^3/s,,,,,,,,ft,Unspecified,Unspecified,Unspecified,Unspecified,Unspecified,Unknown,Unspecified,2026-07-01T19:10:53.364778+00:00,other_method,Unspecified
05556500,POINT (-89.4979611111111 41.3674027777778),29962503-0933-4cf3-ad83-8bb66839b72b,USGS-05556500,4e84c56c-7364-6687-e053-0100007fd6d0,408,1970-12-11T06:00:00+00:00,Imported Channel 1,127,ft^3/s,,,,,,,,ft,Unspecified,Unspecified,Unspecified,Unspecified,Unspecified,Unknown,Unspecified,2026-07-01T19:10:53.364778+00:00,other_method,Unspecified
05556500,POINT (-89.4979611111111 41.3674027777778),29a2d83d-8d3e-4f10-a3b6-5c0a137070e3,USGS-05556500,4e84abc4-8772-57dd-e053-0100007f550d,265,1958-03-31T16:50:00+00:00,Imported Channel 1,60.6,ft^3/s,48.3,ft,58.3,ft^2,1.04,ft/s,,,Unspecified,Unspecified,Unspecified,Unspecified,Unspecified,Unknown,Wading,2026-07-01T19:10:53.364778+00:00,point_velocity,Unspecified
05556500,POINT (-89.4979611111111 41.3674027777778),29c1f517-2aac-49c7-a327-ad0a3efabb0e,USGS-05556500,4e84c801-dca9-6853-e053-0100007f1077,419,1972-01-04T06:00:00+00:00,Imported Channel 1,22.4,ft^3/s,,,,,,,,ft,Unspecified,Unspecified,Unspecified,Unspecified,Unspecified,Unknown,Unspecified,2026-07-01T19:10:53.364778+00:00,other_method,Unspecified
05556500,POINT (-89.4979611111111 41.3674027777778),2a21c75c-98ab-49f7-a19e-9d53cd104ec4,USGS-05556500,1a21b009-2694-4006-94e2-be020bb2d3e9,834,2026-06-03T16:19:57+00:00,main,53.5,ft^3/s,44.0,ft,41.0,ft^2,1.30,ft/s,150.00,ft,Firm,Gravel,Even,Even,Standard,Steady,Wading,2026-07-01T19:10:53.364778+00:00,point_velocity,Downstream
05556500,POINT (-89.4979611111111 41.3674027777778),2a4190f7-8b04-48cb-8558-6ed9e02c361d,USGS-05556500,4e84a851-dc2d-5590-e053-0100007fb828,38,1939-03-31T17:45:00+00:00,Imported Channel 1,117,ft^3/s,32.0,ft,46.6,ft^2,2.51,ft/s,,,Unspecified,Unspecified,Unspecified,Unspecified,Unspecified,Unknown,Wading,2026-07-01T19:10:53.364778+00:00,point_velocity,Unspecified
05556500,POINT (-89.4979611111111 41.3674027777778),2a9c3ac9-9f0c-4fdb-9cb8-4383ca595ec8,USGS-05556500,6054a650-79f1-1071-e053-0100007fb596,789,2017-12-14T18:14:38+00:00,main,69.1,ft^3/s,52.0,ft,56.6,ft^2,1.22,ft/s,200.00,ft,Firm,Cobbles,Even,Even,Standard,Steady,Wading,2026-07-01T19:10:53.364778+00:00,point_velocity,Downstream
05556500,POINT (-89.4979611111111 41.3674027777778),2abb7f0f-3fc2-49b6-b0bb-9373895cae8c,USGS-05556500,4e849c8a-5b1e-4e99-e053-0100007f5c8d,12,1937-03-26T14:53:00+00:00,Imported Channel 1,207,ft^3/s,115,ft,358,ft^2,0.58,ft/s,,,Unspecified,Unspecified,Unspecified,Unspecified,Unspecified,Unknown,BridgeCrane,2026-07-01T19:10:53.364778+00:00,point_velocity,Unspecified
05556500,POINT (-89.4979611111111 41.3674027777778),2ad4f158-35b4-4c04-ac61-5cc0ba3df0f1,USGS-05556500,4e84e4d7-7bab-78c8-e053-0100007fadd2,773,2015-06-24T14:35:14+00:00,main,1170,ft^3/s,119,ft,352,ft^2,3.34,ft/s,30.00,ft,Firm,Sand,Uneven,Uneven,Standard,Unknown,BridgeDownstreamSide,2026-07-01T19:10:53.364778+00:00,adcp,Downstream
05556500,POINT (-89.4979611111111 41.3674027777778),2b2a3cb0-6f68-4888-82b0-55a89a59e324,USGS-05556500,4e84bcfd-c369-5fe8-e053-0100007f107a,417,1971-11-08T06:00:00+00:00,Imported Channel 1,1.65,ft^3/s,,,,,,,,ft,Unspecified,Unspecified,Unspecified,Unspecified,Unspecified,Unknown,Unspecified,2026-07-01T19:10:53.364778+00:00,other_method,Unspecified
05556500,POINT (-89.4979611111111 41.3674027777778),2c5228ca-0e0e-478a-8ba7-df005c9eb51e,USGS-05556500,4e84b5b1-f482-5cdb-e053-0100007fd02c,221,1953-06-24T23:05:00+00:00,Imported Channel 1,12.1,ft^3/s,12.0,ft,8.10,ft^2,1.49,ft/s,,,Unspecified,Unspecified,Unspecified,Unspecified,Unspecified,Unknown,Wading,2026-07-01T19:10:53.364778+00:00,point_velocity,Unspecified
05556500,POINT (-89.4979611111111 41.3674027777778),2cba7127-9f78-4689-ac3f-c3a8d707639a,USGS-05556500,4e84c796-6619-682d-e053-0100007fba01,375,1967-10-27T18:10:00+00:00,Imported Channel 1,29.3,ft^3/s,38.0,ft,19.7,ft^2,1.49,ft/s,,,Unspecified,Unspecified,Unspecified,Unspecified,Unspecified,Unknown,Wading,2026-07-01T19:10:53.364778+00:00,point_velocity,Unspecified
05556500,POINT (-89.4979611111111 41.3674027777778),2cf7174b-df84-48ac-9c08-6640d955e097,USGS-05556500,4e84a852-8213-5574-e053-0100007f521c,151,1947-08-29T14:30:00+00:00,Imported Channel 1,97.1,ft^3/s,50.0,ft,86.3,ft^2,1.13,ft/s,,,Unspecified,Unspecified,Unspecified,Unspecified,Unspecified,Unknown,Wading,2026-07-01T19:10:53.364778+00:00,point_velocity,Unspecified
05556500,POINT (-89.4979611111111 41.3674027777778),2dd71321-17f5-4091-83a4-970d8eb30ddc,USGS-05556500,4e84a320-46f6-52e3-e053-0100007f8d11,1,1936-02-26T06:00:00+00:00,Imported Channel 1,1520,ft^3/s,127,ft,728,ft^2,2.09,ft/s,,,Unspecified,Unspecified,Unspecified,Unspecified,Unspecified,Unknown,BridgeCrane,2026-07-01T19:10:53.364778+00:00,point_velocity,Unspecified
05556500,POINT (-89.4979611111111 41.3674027777778),2decfe54-a863-4436-9c3a-54f11c7ba3ae,USGS-05556500,4e84e125-1a8b-76a2-e053-0100007f7548,661,1997-10-15T21:38:00+00:00,Imported Channel 1,3.07,ft^3/s,16.0,ft,6.18,ft^2,0.50,ft/s,,,Unspecified,Unspecified,Unspecified,Unspecified,Unspecified,Unknown,Wading,2026-07-01T19:10:53.364778+00:00,point_velocity,Unspecified
05556500,POINT (-89.4979611111111 41.3674027777778),2dfdd442-2d4e-4371-827f-6b6234dff328,USGS-05556500,4e84af59-9019-577b-e053-0100007fd46e,181,1950-01-25T22:25:00+00:00,Imported Channel 1,528,ft^3/s,96.5,ft,265,ft^2,1.99,ft/s,,,Unspecified,Unspecified,Unspecified,Unspecified,Unspecified,Unknown,BridgeCrane,2026-07-01T19:10:53.364778+00:00,point_velocity,Unspecified
05556500,POINT (-89.4979611111111 41.3674027777778),2e01bb4d-d319-4eef-a6ba-c4c96addbc56,USGS-05556500,4e84af67-b75e-59aa-e053-0100007fa5be,386,1968-09-05T17:40:00+00:00,Imported Channel 1,2.46,ft^3/s,13.0,ft,3.30,ft^2,0.65,ft/s,,,Unspecified,Unspecified,Unspecified,Unspecified,Unspecified,Unknown,Wading,2026-07-01T19:10:53.364778+00:00,point_velocity,Unspecified
05556500,POINT (-89.4979611111111 41.3674027777778),2e5a1b99-2089-47e8-9a17-c53c8fc920b7,USGS-05556500,4e84da6b-5b83-7238-e053-0100007ff317,743,2010-03-16T15:22:30+00:00,Imported Channel 1,765,ft^3/s,79.3,ft,211,ft^2,3.63,ft/s,400.00,ft,Unspecified,Unspecified,Unspecified,Unspecified,Unspecified,Unknown,BridgeDownstreamSide,2026-07-01T19:10:53.364778+00:00,adcp,Upstream
05556500,POINT (-89.4979611111111 41.3674027777778),2e83cc75-211a-4e02-bf16-3d8478b6e04c,USGS-05556500,4e84b8fd-3004-5f70-e053-0100007fd3b9,271,1958-10-23T15:30:00+00:00,Imported Channel 1,3.83,ft^3/s,22.5,ft,3.80,ft^2,1.01,ft/s,,,Unspecified,Unspecified,Unspecified,Unspecified,Unspecified,Unknown,Wading,2026-07-01T19:10:53.364778+00:00,point_velocity,Unspecified
05556500,POINT (-89.4979611111111 41.3674027777778),2f1f7557-631f-4685-827f-7133c4f18d2b,USGS-05556500,4e84d8f0-c0b9-724a-e053-0100007fadac,729,2008-01-24T15:35:00+00:00,Imported Channel 1,132,ft^3/s,55.0,ft,67.9,ft^2,1.94,ft/s,,,Unspecified,Unspecified,Unspecified,Unspecified,Unspecified,Unknown,Wading,2026-07-01T19:10:53.364778+00:00,point_velocity,Unspecified
05556500,POINT (-89.4979611111111 41.3674027777778),2f494aab-1567-43f5-bf5f-fc330bdc9590,USGS-05556500,042284b9-b567-4cba-a216-15bf9a71cea4,816,2022-12-15T17:37:05+00:00,right,391,ft^3/s,54.4,ft,123,ft^2,3.17,ft/s,0.00,ft,Firm,Gravel,Even,Even,Standard,Pulsating,BridgeDownstreamSide,2026-07-01T19:10:53.364778+00:00,adcp,AtTheGage
05556500,POINT (-89.4979611111111 41.3674027777778),2f82f362-9bee-4aef-b69a-75cff47df79b,USGS-05556500,4e84acd4-d88f-56ff-e053-0100007f2f5a,70,1941-05-20T18:55:00+00:00,Imported Channel 1,84.6,ft^3/s,54.0,ft,69.4,ft^2,1.22,ft/s,,,Unspecified,Unspecified,Unspecified,Unspecified,Unspecified,Unknown,Wading,2026-07-01T19:10:53.364778+00:00,point_velocity,Unspecified
05556500,POINT (-89.4979611111111 41.3674027777778),2f83ad39-7e71-424f-b9b6-d23f2661f655,USGS-05556500,4e84a7e2-3733-550e-e053-0100007f0b33,212,1952-07-30T17:20:00+00:00,Imported Channel 1,14.0,ft^3/s,21.0,ft,12.8,ft^2,1.09,ft/s,,,Unspecified,Unspecified,Unspecified,Unspecified,Unspecified,Unknown,Wading,2026-07-01T19:10:53.364778+00:00,point_velocity,Unspecified
05556500,POINT (-89.4979611111111 41.3674027777778),310d64a6-6e54-4f79-aab3-b186cf7bcf62,USGS-05556500,5d586f82-24d5-e137-e053-0100007ff91b,788,2017-11-06T18:34:41+00:00,main,131,ft^3/s,58.0,ft,74.4,ft^2,1.76,ft/s,200.00,ft,Firm,Gravel,Even,Even,Standard,Steady,Wading,2026-07-01T19:10:53.364778+00:00,point_velocity,Downstream
05556500,POINT (-89.4979611111111 41.3674027777778),3136b02c-7dc5-4ec2-900f-51151b1f96c7,USGS-05556500,4e84b3ae-2138-5bff-e053-0100007fa804,299,1961-06-12T15:45:00+00:00,Imported Channel 1,24.4,ft^3/s,34.4,ft,19.0,ft^2,1.28,ft/s,,,Unspecified,Unspecified,Unspecified,Unspecified,Unspecified,Unknown,Wading,2026-07-01T19:10:53.364778+00:00,point_velocity,Unspecified
05556500,POINT (-89.4979611111111 41.3674027777778),31d54c54-3b82-4e08-8c5e-74af11262b81,USGS-05556500,4e84c816-e30b-67c3-e053-0100007f9dc5,555,1984-08-10T06:00:00+00:00,Imported Channel 1,7.47,ft^3/s,12.0,ft,3.97,ft^2,1.88,ft/s,,,Unspecified,Unspecified,Unspecified,Unspecified,Unspecified,Unknown,Wading,2026-07-01T19:10:53.364778+00:00,point_velocity,Unspecified
05556500,POINT (-89.4979611111111 41.3674027777778),31eb00f7-7bf9-47cc-aa09-32c37d23a149,USGS-05556500,4e84eec3-385b-7e56-e053-0100007f26d2,760,2013-01-30T20:07:00+00:00,big bureau,163,ft^3/s,48.0,ft,76.3,ft^2,2.13,ft/s,60.00,ft,Firm,Gravel,Even,Uneven,Standard,Unknown,Wading,2026-07-01T19:10:53.364778+00:00,point_velocity,Downstream
05556500,POINT (-89.4979611111111 41.3674027777778),31f833dd-ffd1-4448-8350-5ab41acb0da7,USGS-05556500,4e849f8f-ae3a-4e9d-e053-0100007f8314,96,1943-12-01T22:00:00+00:00,Imported Channel 1,3.60,ft^3/s,7.80,ft,4.77,ft^2,0.75,ft/s,,,Unspecified,Unspecified,Unspecified,Unspecified,Unspecified,Unknown,Wading,2026-07-01T19:10:53.364778+00:00,point_velocity,Unspecified
05556500,POINT (-89.4979611111111 41.3674027777778),322a4302-af2f-40ea-97ef-19c24c094a51,USGS-05556500,4e84d203-38ad-6db0-e053-0100007f362d,699,2002-12-04T14:52:00+00:00,Imported Channel 1,3.19,ft^3/s,28.0,ft,14.5,ft^2,0.22,ft/s,,,Unspecified,Unspecified,Unspecified,Unspecified,Unspecified,Unknown,Wading,2026-07-01T19:10:53.364778+00:00,point_velocity,Unspecified
05556500,POINT (-89.4979611111111 41.3674027777778),3412837d-8397-405d-99c9-5e8a26af7c55,USGS-05556500,4e84aedc-eb84-5956-e053-0100007f6ade,225,1953-09-22T17:50:00+00:00,Imported Channel 1,1.49,ft^3/s,12.5,ft,4.37,ft^2,0.34,ft/s,,,Unspecified,Unspecified,Unspecified,Unspecified,Unspecified,Unknown,Wading,2026-07-01T19:10:53.364778+00:00,point_velocity,Unspecified
05556500,POINT (-89.4979611111111 41.3674027777778),34505e7f-cffe-4f49-b1e5-1b7812f86c29,USGS-05556500,4e84ec33-fbc2-7d3e-e053-0100007f3fae,739,2009-06-04T20:56:00+00:00,Imported Channel 1,189,ft^3/s,84.0,ft,99.0,ft^2,1.91,ft/s,,,Unspecified,Unspecified,Unspecified,Unspecified,Unspecified,Unknown,Wading,2026-07-01T19:10:53.364778+00:00,point_velocity,Unspecified
05556500,POINT (-89.4979611111111 41.3674027777778),3450cb35-3311-490a-b8ee-33613ef7c6b3,USGS-05556500,4e84af73-ff89-59b4-e053-0100007fec03,367,1967-02-13T18:05:00+00:00,Imported Channel 1,6.67,ft^3/s,20.5,ft,6.50,ft^2,1.03,ft/s,,,Unspecified,Unspecified,Unspecified,Unspecified,Unspecified,Unknown,Wading,2026-07-01T19:10:53.364778+00:00,point_velocity,Unspecified
05556500,POINT (-89.4979611111111 41.3674027777778),345f6b09-4527-463a-b258-444b8aabaa65,USGS-05556500,4e84c227-28af-64a1-e053-0100007fc5a1,364,1966-11-21T16:10:00+00:00,Imported Channel 1,2.50,ft^3/s,25.0,ft,6.94,ft^2,0.36,ft/s,,,Unspecified,Unspecified,Unspecified,Unspecified,Unspecified,Unknown,Wading,2026-07-01T19:10:53.364778+00:00,point_velocity,Unspecified
05556500,POINT (-89.4979611111111 41.3674027777778),3488ac0a-4ea4-4b77-9c7b-c65954b23df8,USGS-05556500,4e84d203-38b0-6db0-e053-0100007f362d,702,2003-05-08T18:01:00+00:00,Imported Channel 1,89.0,ft^3/s,52.0,ft,61.6,ft^2,1.44,ft/s,,,Unspecified,Unspecified,Unspecified,Unspecified,Unspecified,Unknown,Wading,2026-07-01T19:10:53.364778+00:00,point_velocity,Unspecified
05556500,POINT (-89.4979611111111 41.3674027777778),34a6b895-323b-44fa-94b9-f74a58eb6328,USGS-05556500,71a0825d-d211-4936-9cbe-51cd5203b339,821,2023-11-29T17:43:33+00:00,main,28.7,ft^3/s,48.0,ft,39.4,ft^2,0.73,ft/s,150.00,ft,Firm,Gravel,Even,Even,Standard,Steady,Wading,2026-07-01T19:10:53.364778+00:00,point_velocity,Downstream
05556500,POINT (-89.4979611111111 41.3674027777778),34d86a7e-0d00-4bea-93ee-240d38a19695,USGS-05556500,4e84b945-0863-5f76-e053-0100007f40f5,453,1975-07-25T06:00:00+00:00,Imported Channel 1,30.0,ft^3/s,34.0,ft,26.9,ft^2,1.12,ft/s,,,Unspecified,Unspecified,Unspecified,Unspecified,Unspecified,Unknown,Wading,2026-07-01T19:10:53.364778+00:00,point_velocity,Unspecified
05556500,POINT (-89.4979611111111 41.3674027777778),35af924a-3bdd-44db-8fa3-ac7c3190c738,USGS-05556500,dac93067-28d7-4fd8-bd80-360ebe6956fb,827,2024-12-18T16:59:58+00:00,main,14.3,ft^3/s,47.0,ft,33.0,ft^2,0.43,ft/s,200.00,ft,Firm,Gravel,Even,Even,Standard,Steady,Wading,2026-07-01T19:10:53.364778+00:00,point_velocity,Downstream
05556500,POINT (-89.4979611111111 41.3674027777778),36c36823-38e2-4d7c-8198-9b9389b2d6e3,USGS-05556500,54b2f2f0-f131-16c8-e053-0100007f3e36,786,2017-07-19T17:10:30+00:00,main,44.9,ft^3/s,60.0,ft,50.9,ft^2,0.88,ft/s,150.00,ft,Firm,Gravel,Even,Even,Standard,Steady,Wading,2026-07-01T19:10:53.364778+00:00,point_velocity,Downstream
05556500,POINT (-89.4979611111111 41.3674027777778),37121ed7-0d4d-4096-868b-58037906ece6,USGS-05556500,4e84b171-94ae-5acd-e053-0100007fd65a,376,1967-11-22T17:03:00+00:00,Imported Channel 1,110,ft^3/s,55.0,ft,42.3,ft^2,2.60,ft/s,,,Unspecified,Unspecified,Unspecified,Unspecified,Unspecified,Unknown,Wading,2026-07-01T19:10:53.364778+00:00,point_velocity,Unspecified
05556500,POINT (-89.4979611111111 41.3674027777778),371eae23-94fc-43ec-920f-bdec41e34ea8,USGS-05556500,4e84a113-7a38-51be-e053-0100007fc8fa,95,1943-10-22T21:00:00+00:00,Imported Channel 1,5.42,ft^3/s,9.30,ft,5.22,ft^2,1.04,ft/s,,,Unspecified,Unspecified,Unspecified,Unspecified,Unspecified,Unknown,Wading,2026-07-01T19:10:53.364778+00:00,point_velocity,Unspecified
05556500,POINT (-89.4979611111111 41.3674027777778),3732a34e-f093-463a-9bca-09062d950619,USGS-05556500,4e84aab4-9b34-56cf-e053-0100007f10e8,91,1943-04-10T19:25:00+00:00,Imported Channel 1,150,ft^3/s,42.0,ft,86.0,ft^2,1.75,ft/s,,,Unspecified,Unspecified,Unspecified,Unspecified,Unspecified,Unknown,Wading,2026-07-01T19:10:53.364778+00:00,point_velocity,Unspecified
05556500,POINT (-89.4979611111111 41.3674027777778),376ab30b-00ca-4274-bcb9-00d60d5df34f,USGS-05556500,4e84c49c-b09f-65ff-e053-0100007fe8c4,350,1965-10-15T14:52:00+00:00,Imported Channel 1,97.8,ft^3/s,53.0,ft,49.7,ft^2,1.97,ft/s,,,Unspecified,Unspecified,Unspecified,Unspecified,Unspecified,Unknown,Wading,2026-07-01T19:10:53.364778+00:00,point_velocity,Unspecified
05556500,POINT (-89.4979611111111 41.3674027777778),37eaddba-5779-4af6-88e1-0a047b0f2968,USGS-05556500,4e84a100-4288-5168-e053-0100007fc2d6,61,1940-10-05T14:55:00+00:00,Imported Channel 1,0.55,ft^3/s,14.0,ft,4.87,ft^2,0.11,ft/s,,,Unspecified,Unspecified,Unspecified,Unspecified,Unspecified,Unknown,Wading,2026-07-01T19:10:53.364778+00:00,point_velocity,Unspecified
05556500,POINT (-89.4979611111111 41.3674027777778),38121397-3c35-4875-ae75-e77736acfa5b,USGS-05556500,4e84c4f7-be10-65f9-e053-0100007f68cb,397,1969-10-01T06:00:00+00:00,Imported Channel 1,4.34,ft^3/s,,,,,,,,ft,Unspecified,Unspecified,Unspecified,Unspecified,Unspecified,Unknown,Unspecified,2026-07-01T19:10:53.364778+00:00,other_method,Unspecified
05556500,POINT (-89.4979611111111 41.3674027777778),38b65e14-cb9c-4a41-826e-1c949e2943ea,USGS-05556500,4e84e4ce-d9c4-78f6-e053-0100007f0d90,677,2000-03-16T19:43:00+00:00,Imported Channel 1,80.7,ft^3/s,47.0,ft,75.1,ft^2,1.07,ft/s,,,Unspecified,Unspecified,Unspecified,Unspecified,Unspecified,Unknown,Wading,2026-07-01T19:10:53.364778+00:00,point_velocity,Unspecified
05556500,POINT (-89.4979611111111 41.3674027777778),38f30e71-fdc6-4fc8-8ec6-24e4ea57b76c,USGS-05556500,4e84d9d2-2001-72bc-e053-0100007f2816,601,1989-08-25T19:20:00+00:00,Imported Channel 1,1.84,ft^3/s,20.0,ft,3.69,ft^2,0.50,ft/s,,,Unspecified,Unspecified,Unspecified,Unspecified,Unspecified,Unknown,Wading,2026-07-01T19:10:53.364778+00:00,point_velocity,Unspecified
05556500,POINT (-89.4979611111111 41.3674027777778),3912996f-3e83-44fa-9001-b2fe292f9e16,USGS-05556500,4e84b18e-3f52-5b13-e053-0100007ffdfc,101,1944-04-05T20:00:00+00:00,Imported Channel 1,118,ft^3/s,42.0,ft,79.1,ft^2,1.49,ft/s,,,Unspecified,Unspecified,Unspecified,Unspecified,Unspecified,Unknown,Wading,2026-07-01T19:10:53.364778+00:00,point_velocity,Unspecified
05556500,POINT (-89.4979611111111 41.3674027777778),395c9032-f3f2-43b1-a4e9-2046b7585cad,USGS-05556500,4e84b247-e29d-5b83-e053-0100007f6523,332,1964-06-04T16:15:00+00:00,Imported Channel 1,13.9,ft^3/s,35.0,ft,13.1,ft^2,1.06,ft/s,,,Unspecified,Unspecified,Unspecified,Unspecified,Unspecified,Unknown,Wading,2026-07-01T19:10:53.364778+00:00,point_velocity,Unspecified
05556500,POINT (-89.4979611111111 41.3674027777778),3971b5e7-3b4f-499e-85ab-f8511098da42,USGS-05556500,4e84d203-38a9-6db0-e053-0100007f362d,697,2002-08-09T14:50:00+00:00,Imported Channel 1,7.22,ft^3/s,45.0,ft,21.0,ft^2,0.34,ft/s,,,Unspecified,Unspecified,Unspecified,Unspecified,Unspecified,Unknown,Wading,2026-07-01T19:10:53.364778+00:00,point_velocity,Unspecified
05556500,POINT (-89.4979611111111 41.3674027777778),39cbf515-f3d7-47fa-8771-3f532b42a334,USGS-05556500,c61759e1-4261-4d46-b1c1-14dc048022dc,810,2021-07-08T19:30:39+00:00,05556500,73.1,ft^3/s,69.0,ft,44.5,ft^2,1.64,ft/s,160.00,ft,Firm,Gravel,Uneven,Uneven,Unknown,Steady,Wading,2026-07-01T19:10:53.364778+00:00,point_velocity,Downstream
05556500,POINT (-89.4979611111111 41.3674027777778),39e0bbd3-0702-4a94-914f-e1f3107a06d3,USGS-05556500,b3f35306-6d79-4bbc-9dda-b41e9289edca,817,2023-03-01T17:19:18+00:00,left,266,ft^3/s,45.4,ft,86.5,ft^2,3.08,ft/s,0.00,ft,Firm,Gravel,Even,Uneven,Standard,Pulsating,BridgeDownstreamSide,2026-07-01T19:10:53.364778+00:00,adcp,AtTheGage
05556500,POINT (-89.4979611111111 41.3674027777778),39ef1e61-032b-4b5e-819c-42f9984de4d0,USGS-05556500,582752ec-0b9d-8408-e053-0100007feb1d,787,2017-08-25T17:06:12+00:00,main,19.7,ft^3/s,25.0,ft,22.7,ft^2,0.87,ft/s,200.00,ft,Firm,Gravel,Even,Even,Standard,Steady,Wading,2026-07-01T19:10:53.364778+00:00,point_velocity,Downstream
05556500,POINT (-89.4979611111111 41.3674027777778),3a1a9411-728d-4eb3-add5-d38bc1c1446c,USGS-05556500,85425ba0-0eb5-abf1-e053-0100007f90cb,796,2019-03-28T16:53:54+00:00,main,138,ft^3/s,57.9,ft,60.6,ft^2,2.28,ft/s,0.00,ft,Firm,Gravel,Even,Even,Standard,Pulsating,BridgeDownstreamSide,2026-07-01T19:10:53.364778+00:00,adcp,AtTheGage
05556500,POINT (-89.4979611111111 41.3674027777778),3a525f48-e567-4e3f-b135-266346950a03,USGS-05556500,4e84bda9-3676-6166-e053-0100007f792b,239,1955-06-07T17:25:00+00:00,Imported Channel 1,233,ft^3/s,68.0,ft,132,ft^2,1.76,ft/s,,,Unspecified,Unspecified,Unspecified,Unspecified,Unspecified,Unknown,Wading,2026-07-01T19:10:53.364778+00:00,point_velocity,Unspecified
05556500,POINT (-89.4979611111111 41.3674027777778),3a7a2610-f014-4b35-8644-e50f63695d66,USGS-05556500,4e84c4f8-5398-6683-e053-0100007fc43a,405,1970-08-03T06:00:00+00:00,Imported Channel 1,32.2,ft^3/s,,,,,,,,ft,Unspecified,Unspecified,Unspecified,Unspecified,Unspecified,Unknown,Unspecified,2026-07-01T19:10:53.364778+00:00,other_method,Unspecified
05556500,POINT (-89.4979611111111 41.3674027777778),3ba0591e-229e-454f-b9cc-ee6cdb9e7249,USGS-05556500,4e84c559-c19f-665d-e053-0100007fa715,377,1967-12-12T19:40:00+00:00,Imported Channel 1,79.3,ft^3/s,47.0,ft,29.4,ft^2,2.70,ft/s,,,Unspecified,Unspecified,Unspecified,Unspecified,Unspecified,Unknown,Wading,2026-07-01T19:10:53.364778+00:00,point_velocity,Unspecified
05556500,POINT (-89.4979611111111 41.3674027777778),3be7472a-d469-4a13-93cf-77bf7b9c1d7d,USGS-05556500,4e84cf63-f95d-6c5b-e053-0100007f123d,667,1998-07-13T16:01:00+00:00,Imported Channel 1,140,ft^3/s,37.7,ft,61.8,ft^2,2.26,ft/s,,,Unspecified,Unspecified,Unspecified,Unspecified,Unspecified,Unknown,Wading,2026-07-01T19:10:53.364778+00:00,point_velocity,Unspecified
05556500,POINT (-89.4979611111111 41.3674027777778),3c6fa418-e63f-4b60-b08a-ab4b077b3437,USGS-05556500,4e84dfe1-1c9d-7610-e053-0100007f86fe,696,2002-07-09T14:31:00+00:00,Imported Channel 1,82.9,ft^3/s,42.5,ft,64.6,ft^2,1.28,ft/s,,,Unspecified,Unspecified,Unspecified,Unspecified,Unspecified,Unknown,Wading,2026-07-01T19:10:53.364778+00:00,point_velocity,Unspecified
05556500,POINT (-89.4979611111111 41.3674027777778),3ca81edb-4632-4267-a2fc-a57d13c40120,USGS-05556500,4e84d03a-1cfa-6c72-e053-0100007fef9b,709,2004-05-27T14:12:00+00:00,Imported Channel 1,253,ft^3/s,104,ft,171,ft^2,1.48,ft/s,,,Unspecified,Unspecified,Unspecified,Unspecified,Unspecified,Unknown,Wading,2026-07-01T19:10:53.364778+00:00,point_velocity,Unspecified
05556500,POINT (-89.4979611111111 41.3674027777778),3ccc90bc-2a36-454d-b501-8e566e221b9d,USGS-05556500,4e84d534-ba4f-6fff-e053-0100007f8d8b,585,1988-01-21T17:15:00+00:00,Imported Channel 1,903,ft^3/s,82.0,ft,236,ft^2,3.83,ft/s,,,Unspecified,Unspecified,Unspecified,Unspecified,Unspecified,Unknown,BridgeCrane,2026-07-01T19:10:53.364778+00:00,point_velocity,Unspecified
05556500,POINT (-89.4979611111111 41.3674027777778),3ccd47b3-e0b9-4b24-98d4-b1c67bea00df,USGS-05556500,4e84b8fd-3003-5f70-e053-0100007fd3b9,270,1958-08-28T15:45:00+00:00,Imported Channel 1,23.8,ft^3/s,26.0,ft,29.3,ft^2,0.81,ft/s,,,Unspecified,Unspecified,Unspecified,Unspecified,Unspecified,Unknown,Wading,2026-07-01T19:10:53.364778+00:00,point_velocity,Unspecified
05556500,POINT (-89.4979611111111 41.3674027777778),3dafb681-cc3b-45ff-9b44-84ae8d0b0620,USGS-05556500,4e849e57-43c0-4efb-e053-0100007f87df,109,1944-11-10T22:30:00+00:00,Imported Channel 1,3.82,ft^3/s,7.90,ft,5.09,ft^2,0.75,ft/s,,,Unspecified,Unspecified,Unspecified,Unspecified,Unspecified,Unknown,Wading,2026-07-01T19:10:53.364778+00:00,point_velocity,Unspecified
05556500,POINT (-89.4979611111111 41.3674027777778),3db345f2-7411-4746-976a-1f61aa6e9755,USGS-05556500,4e84af59-901d-577b-e053-0100007fd46e,185,1950-04-05T16:00:00+00:00,Imported Channel 1,492,ft^3/s,89.0,ft,250,ft^2,1.97,ft/s,,,Unspecified,Unspecified,Unspecified,Unspecified,Unspecified,Unknown,BridgeCrane,2026-07-01T19:10:53.364778+00:00,point_velocity,Unspecified
05556500,POINT (-89.4979611111111 41.3674027777778),3de1398d-3b7d-405b-95a0-17d0ae7ee4db,USGS-05556500,4e84a78d-8c07-5516-e053-0100007fab34,131,1946-01-06T19:50:00+00:00,Imported Channel 1,6820,ft^3/s,,,,,,,,ft,Unspecified,Unspecified,Unspecified,Unspecified,Unspecified,Unknown,Unspecified,2026-07-01T19:10:53.364778+00:00,other_method,Unspecified
05556500,POINT (-89.4979611111111 41.3674027777778),3e5c6a58-8066-48f4-9045-ef582c2fa93b,USGS-05556500,4e84a853-78d4-5582-e053-0100007f2424,226,1953-12-30T19:30:00+00:00,Imported Channel 1,3.11,ft^3/s,11.3,ft,4.30,ft^2,0.72,ft/s,,,Unspecified,Unspecified,Unspecified,Unspecified,Unspecified,Unknown,Wading,2026-07-01T19:10:53.364778+00:00,point_velocity,Unspecified
05556500,POINT (-89.4979611111111 41.3674027777778),4020ef56-40e6-46f3-ab02-ccd338eb576f,USGS-05556500,4e84c559-c1ad-665d-e053-0100007fa715,443,1974-07-10T06:00:00+00:00,Imported Channel 1,137,ft^3/s,,,,,,,,ft,Unspecified,Unspecified,Unspecified,Unspecified,Unspecified,Unknown,Unspecified,2026-07-01T19:10:53.364778+00:00,other_method,Unspecified
05556500,POINT (-89.4979611111111 41.3674027777778),404dfb88-032c-4525-a189-7015670af20a,USGS-05556500,4e84ce17-4b49-6b6c-e053-0100007f6a07,604,1989-12-13T20:45:00+00:00,Imported Channel 1,5.25,ft^3/s,26.0,ft,13.7,ft^2,0.38,ft/s,,,Unspecified,Unspecified,Unspecified,Unspecified,Unspecified,Unknown,Wading,2026-07-01T19:10:53.364778+00:00,point_velocity,Unspecified
05556500,POINT (-89.4979611111111 41.3674027777778),40cbe8c9-c20c-4d82-9707-bd955214237f,USGS-05556500,4e84ce17-4b56-6b6c-e053-0100007f6a07,638,1994-12-13T21:15:00+00:00,Imported Channel 1,282,ft^3/s,74.0,ft,90.8,ft^2,3.10,ft/s,,,Unspecified,Unspecified,Unspecified,Unspecified,Unspecified,Unknown,Wading,2026-07-01T19:10:53.364778+00:00,point_velocity,Unspecified
05556500,POINT (-89.4979611111111 41.3674027777778),415ae44f-3822-4a78-87a2-40bd2036154a,USGS-05556500,4e84b204-37f9-5acf-e053-0100007f07fa,557,1984-10-01T06:00:00+00:00,Imported Channel 1,5.17,ft^3/s,29.0,ft,37.2,ft^2,0.14,ft/s,,,Unspecified,Unspecified,Unspecified,Unspecified,Unspecified,Unknown,Wading,2026-07-01T19:10:53.364778+00:00,point_velocity,Unspecified
05556500,POINT (-89.4979611111111 41.3674027777778),41ba74a6-c04a-4d33-8459-e802a468b329,USGS-05556500,4e84e08a-a0c3-7494-e053-0100007f68a7,650,1996-07-25T13:22:00+00:00,Imported Channel 1,196,ft^3/s,100,ft,160,ft^2,1.22,ft/s,,,Unspecified,Unspecified,Unspecified,Unspecified,Unspecified,Unknown,Wading,2026-07-01T19:10:53.364778+00:00,point_velocity,Unspecified
05556500,POINT (-89.4979611111111 41.3674027777778),41cab615-b7f8-4140-90c6-936757757664,USGS-05556500,4e84b8d5-1cea-5f20-e053-0100007f2434,413,1971-06-25T06:00:00+00:00,Imported Channel 1,30.8,ft^3/s,,,,,,,,ft,Unspecified,Unspecified,Unspecified,Unspecified,Unspecified,Unknown,Unspecified,2026-07-01T19:10:53.364778+00:00,other_method,Unspecified
05556500,POINT (-89.4979611111111 41.3674027777778),42202e60-df77-4a84-b0cd-887eb14852cf,USGS-05556500,4e84c0d4-28fc-63ba-e053-0100007fb0bd,366,1967-01-13T19:05:00+00:00,Imported Channel 1,6.06,ft^3/s,27.0,ft,9.26,ft^2,0.66,ft/s,,,Unspecified,Unspecified,Unspecified,Unspecified,Unspecified,Unknown,Wading,2026-07-01T19:10:53.364778+00:00,point_velocity,Unspecified
05556500,POINT (-89.4979611111111 41.3674027777778),4299a3dd-5df2-4e13-8ef5-602982e62112,USGS-05556500,4e84bdde-d0e7-616a-e053-0100007f0505,369,1967-04-20T16:10:00+00:00,Imported Channel 1,120,ft^3/s,58.0,ft,51.7,ft^2,2.32,ft/s,,,Unspecified,Unspecified,Unspecified,Unspecified,Unspecified,Unknown,Wading,2026-07-01T19:10:53.364778+00:00,point_velocity,Unspecified
05556500,POINT (-89.4979611111111 41.3674027777778),42a55b79-8e21-49b7-9ae0-a7cbd7c8450d,USGS-05556500,4e84ed04-2527-7d9f-e053-0100007ff2b1,766,2014-05-22T16:15:30+00:00,main,96.3,ft^3/s,48.5,ft,40.2,ft^2,2.40,ft/s,400.00,ft,Firm,Cobbles,Uneven,Uneven,Standard,Unknown,Wading,2026-07-01T19:10:53.364778+00:00,point_velocity,Downstream
05556500,POINT (-89.4979611111111 41.3674027777778),4355f49e-ed16-42f0-ac7f-32462bafdd93,USGS-05556500,4e84b362-187a-5bfd-e053-0100007feb80,143,1947-02-21T20:00:00+00:00,Imported Channel 1,48.3,ft^3/s,56.7,ft,57.8,ft^2,0.83,ft/s,,,Unspecified,Unspecified,Unspecified,Unspecified,Unspecified,Unknown,Wading,2026-07-01T19:10:53.364778+00:00,point_velocity,Unspecified
05556500,POINT (-89.4979611111111 41.3674027777778),439f8236-bada-4586-9796-51b13bfc7049,USGS-05556500,4e84df01-d0cb-750c-e053-0100007f7f05,757,2012-08-07T15:22:30+00:00,757,1.46,ft^3/s,20.5,ft,6.02,ft^2,0.24,ft/s,20.00,ft,Firm,Gravel,Even,Even,Standard,Unknown,Wading,2026-07-01T19:10:53.364778+00:00,point_velocity,Downstream
05556500,POINT (-89.4979611111111 41.3674027777778),43a16573-cd53-450a-bedb-87bcd0cf11a8,USGS-05556500,4e84b62a-7705-5d6f-e053-0100007f2190,324,1963-10-21T16:40:00+00:00,Imported Channel 1,2.44,ft^3/s,11.0,ft,3.74,ft^2,0.70,ft/s,,,Unspecified,Unspecified,Unspecified,Unspecified,Unspecified,Unknown,Wading,2026-07-01T19:10:53.364778+00:00,point_velocity,Unspecified
05556500,POINT (-89.4979611111111 41.3674027777778),43f341a0-27bb-4bf5-a7d9-3545552f3e3e,USGS-05556500,4e84ac84-c101-57a1-e053-0100007f73a2,88,1943-02-02T17:20:00+00:00,Imported Channel 1,45.9,ft^3/s,41.5,ft,40.2,ft^2,1.14,ft/s,,,Unspecified,Unspecified,Unspecified,Unspecified,Unspecified,Unknown,Ice,2026-07-01T19:10:53.364778+00:00,point_velocity,Unspecified
05556500,POINT (-89.4979611111111 41.3674027777778),44102624-6f5e-41c7-b39f-19b7d8081ac6,USGS-05556500,4e84ab44-5fa5-5743-e053-0100007f6133,236,1955-02-03T15:30:00+00:00,Imported Channel 1,82.2,ft^3/s,37.0,ft,42.9,ft^2,1.92,ft/s,,,Unspecified,Unspecified,Unspecified,Unspecified,Unspecified,Unknown,Wading,2026-07-01T19:10:53.364778+00:00,point_velocity,Unspecified
05556500,POINT (-89.4979611111111 41.3674027777778),44517662-fb3e-4d7c-819e-622a6722d1b2,USGS-05556500,4e84a16d-1cb7-51c2-e053-0100007ff4a4,20,1938-01-24T06:00:00+00:00,Imported Channel 1,11800,ft^3/s,,,,,,,,ft,Unspecified,Unspecified,Unspecified,Unspecified,Unspecified,Unknown,Unspecified,2026-07-01T19:10:53.364778+00:00,other_method,Unspecified
05556500,POINT (-89.4979611111111 41.3674027777778),45001057-3d66-4ee6-955e-cb8307c6d652,USGS-05556500,4e84d4d7-f921-6f15-e053-0100007f414e,746,2010-10-12T16:21:00+00:00,Imported Channel 1,8.21,ft^3/s,7.40,ft,4.34,ft^2,1.89,ft/s,20.00,ft,Firm,BedrockLedgeArtificial,Even,Even,Unspecified,Unknown,Wading,2026-07-01T19:10:53.364778+00:00,point_velocity,Upstream
05556500,POINT (-89.4979611111111 41.3674027777778),4505b541-106c-4084-9348-1bee1f8424d4,USGS-05556500,4e84da2d-2f92-72f4-e053-0100007fae9d,608,1990-06-07T13:40:00+00:00,Imported Channel 1,118,ft^3/s,37.0,ft,70.5,ft^2,1.67,ft/s,,,Unspecified,Unspecified,Unspecified,Unspecified,Unspecified,Unknown,Wading,2026-07-01T19:10:53.364778+00:00,point_velocity,Unspecified
05556500,POINT (-89.4979611111111 41.3674027777778),45472c43-2d85-4cc5-993b-8b8dd457af38,USGS-05556500,4e84c47b-91a7-6619-e053-0100007f1488,629,1993-04-07T14:55:00+00:00,Imported Channel 1,268,ft^3/s,50.0,ft,79.6,ft^2,3.37,ft/s,,,Unspecified,Unspecified,Unspecified,Unspecified,Unspecified,Unknown,Wading,2026-07-01T19:10:53.364778+00:00,point_velocity,Unspecified
05556500,POINT (-89.4979611111111 41.3674027777778),45548157-871e-4dc8-876a-16e80ad9d575,USGS-05556500,4e84e7a3-b935-7a9e-e053-0100007f9477,779,2016-05-16T15:18:05+00:00,main,469,ft^3/s,61.5,ft,144,ft^2,3.26,ft/s,80.00,ft,Firm,Gravel,Even,Uneven,Standard,Unknown,BridgeDownstreamSide,2026-07-01T19:10:53.364778+00:00,adcp,Downstream
05556500,POINT (-89.4979611111111 41.3674027777778),456088bc-81b8-4684-bd62-d16b4fc724d4,USGS-05556500,4e84d274-9baf-6d9a-e053-0100007f471b,747,2011-01-19T18:42:00+00:00,Imported Channel 1,87.9,ft^3/s,54.0,ft,43.4,ft^2,2.03,ft/s,200.00,ft,Firm,CobblesBoulders,Even,Even,Standard,Unknown,Wading,2026-07-01T19:10:53.364778+00:00,point_velocity,Upstream
05556500,POINT (-89.4979611111111 41.3674027777778),4588d938-f765-4f81-a29f-5abac02fbd9d,USGS-05556500,4e84d4cd-91c2-6f0b-e053-0100007f6487,631,1993-07-12T22:30:00+00:00,Imported Channel 1,146,ft^3/s,48.0,ft,57.1,ft^2,2.56,ft/s,,,Unspecified,Unspecified,Unspecified,Unspecified,Unspecified,Unknown,Wading,2026-07-01T19:10:53.364778+00:00,point_velocity,Unspecified
05556500,POINT (-89.4979611111111 41.3674027777778),45c6b8c5-ba0a-40d1-81a6-3ce2a1c27357,USGS-05556500,4e84d2f4-8e36-6ddb-e053-0100007f602d,550,1984-05-10T06:00:00+00:00,Imported Channel 1,136,ft^3/s,66.0,ft,124,ft^2,1.10,ft/s,,,Unspecified,Unspecified,Unspecified,Unspecified,Unspecified,Unknown,Wading,2026-07-01T19:10:53.364778+00:00,point_velocity,Unspecified
05556500,POINT (-89.4979611111111 41.3674027777778),4610e83d-4a96-4eb2-961a-2a344c600e05,USGS-05556500,4e84e5c9-30db-78cc-e053-0100007f12ec,771,2014-12-22T18:51:30+00:00,main,64.9,ft^3/s,61.7,ft,60.0,ft^2,1.08,ft/s,120.00,ft,Firm,Cobbles,Uneven,Even,Standard,Unknown,Wading,2026-07-01T19:10:53.364778+00:00,point_velocity,Downstream
05556500,POINT (-89.4979611111111 41.3674027777778),461e2ed4-5fba-49eb-8ec9-2834e7b59352,USGS-05556500,1e8c0d90-961d-476e-8518-1688ac96f0a3,819,2023-07-13T16:47:38+00:00,main,117,ft^3/s,59.0,ft,67.4,ft^2,1.74,ft/s,150.00,ft,Firm,Gravel,Even,Even,Standard,Steady,Wading,2026-07-01T19:10:53.364778+00:00,point_velocity,Downstream
05556500,POINT (-89.4979611111111 41.3674027777778),461e9815-aa27-49a6-aaa8-737f7893be72,USGS-05556500,4e84a670-f65d-5343-e053-0100007f18d3,157,1948-03-10T16:55:00+00:00,Imported Channel 1,35.0,ft^3/s,23.0,ft,21.0,ft^2,1.67,ft/s,,,Unspecified,Unspecified,Unspecified,Unspecified,Unspecified,Unknown,Wading,2026-07-01T19:10:53.364778+00:00,point_velocity,Unspecified
05556500,POINT (-89.4979611111111 41.3674027777778),466f19c4-a124-4a72-99f0-3545a9320e0e,USGS-05556500,4e84c4f7-be11-65f9-e053-0100007f68cb,401,1970-02-19T06:00:00+00:00,Imported Channel 1,94.9,ft^3/s,,,,,,,,ft,Unspecified,Unspecified,Unspecified,Unspecified,Unspecified,Unknown,Unspecified,2026-07-01T19:10:53.364778+00:00,other_method,Unspecified
05556500,POINT (-89.4979611111111 41.3674027777778),46a26900-8e40-45f7-936f-2091d4149008,USGS-05556500,4e84af59-901e-577b-e053-0100007fd46e,186,1950-04-11T19:10:00+00:00,Imported Channel 1,1540,ft^3/s,107,ft,496,ft^2,3.11,ft/s,,,Unspecified,Unspecified,Unspecified,Unspecified,Unspecified,Unknown,BridgeCrane,2026-07-01T19:10:53.364778+00:00,point_velocity,Unspecified
05556500,POINT (-89.4979611111111 41.3674027777778),475fd554-4f83-4d42-8a5a-119b0c64bc7e,USGS-05556500,4e84b3ae-213b-5bff-e053-0100007fa804,315,1963-01-09T19:30:00+00:00,Imported Channel 1,4.20,ft^3/s,12.2,ft,4.37,ft^2,0.97,ft/s,,,Unspecified,Unspecified,Unspecified,Unspecified,Unspecified,Unknown,Wading,2026-07-01T19:10:53.364778+00:00,point_velocity,Unspecified
05556500,POINT (-89.4979611111111 41.3674027777778),47d9ab7a-0748-43f1-aaae-99f2a6836ada,USGS-05556500,4e84af59-9018-577b-e053-0100007fd46e,180,1949-11-29T15:45:00+00:00,Imported Channel 1,1.69,ft^3/s,11.5,ft,6.65,ft^2,0.25,ft/s,,,Unspecified,Unspecified,Unspecified,Unspecified,Unspecified,Unknown,Wading,2026-07-01T19:10:53.364778+00:00,point_velocity,Unspecified
05556500,POINT (-89.4979611111111 41.3674027777778),482de2d3-d60a-4391-b291-71121fc9c375,USGS-05556500,4e84a33b-6e22-52e5-e053-0100007f6a68,365,1966-12-15T17:00:00+00:00,Imported Channel 1,22.5,ft^3/s,36.0,ft,17.8,ft^2,1.26,ft/s,,,Unspecified,Unspecified,Unspecified,Unspecified,Unspecified,Unknown,Wading,2026-07-01T19:10:53.364778+00:00,point_velocity,Unspecified
05556500,POINT (-89.4979611111111 41.3674027777778),4840d346-169d-4e2a-9af6-d745f092bb4d,USGS-05556500,723ea00a-0452-9ab2-e053-0100007fa9f4,792,2018-07-30T17:16:30+00:00,main,45.0,ft^3/s,61.5,ft,33.1,ft^2,1.36,ft/s,50.00,ft,Firm,Gravel,Even,Even,Standard,Steady,Wading,2026-07-01T19:10:53.364778+00:00,point_velocity,Downstream
05556500,POINT (-89.4979611111111 41.3674027777778),48fd04c4-ca29-4bf2-a25b-910e29ae1ef1,USGS-05556500,4e84c81e-c943-6849-e053-0100007f8aa5,481,1978-03-28T06:00:00+00:00,Imported Channel 1,155,ft^3/s,,,,,,,,ft,Unspecified,Unspecified,Unspecified,Unspecified,Unspecified,Unknown,Unspecified,2026-07-01T19:10:53.364778+00:00,other_method,Unspecified
05556500,POINT (-89.4979611111111 41.3674027777778),49061c98-fe84-40ea-993a-c67175dfa24e,USGS-05556500,4e84da36-a2cd-7304-e053-0100007ffc1d,756,2012-06-11T18:05:00+00:00,Imported Channel 1,48.2,ft^3/s,48.0,ft,49.3,ft^2,0.98,ft/s,,,Unspecified,Unspecified,Unspecified,Unspecified,Unspecified,Unknown,Wading,2026-07-01T19:10:53.364778+00:00,point_velocity,Unspecified
05556500,POINT (-89.4979611111111 41.3674027777778),4972ab6a-0621-41ab-b13c-3f50a1a97d7b,USGS-05556500,4e84d8f0-c0c3-724a-e053-0100007fadac,782,2016-11-14T18:31:30+00:00,main,103,ft^3/s,52.0,ft,64.9,ft^2,1.58,ft/s,300.00,ft,Firm,Cobbles,Even,Even,Standard,Unknown,Wading,2026-07-01T19:10:53.364778+00:00,point_velocity,Downstream
05556500,POINT (-89.4979611111111 41.3674027777778),49afc97e-adb4-430d-ab68-6eec46fd8024,USGS-05556500,4e84dfe1-1c92-7610-e053-0100007f86fe,641,1995-07-18T21:20:00+00:00,Imported Channel 1,49.0,ft^3/s,48.0,ft,27.7,ft^2,1.77,ft/s,,,Unspecified,Unspecified,Unspecified,Unspecified,Unspecified,Unknown,Wading,2026-07-01T19:10:53.364778+00:00,point_velocity,Unspecified
05556500,POINT (-89.4979611111111 41.3674027777778),49ce9fdd-3dba-47d8-97c9-2ee01b2ec33b,USGS-05556500,4e849e6d-e8f8-4ef1-e053-0100007fa692,110,1944-12-05T22:17:00+00:00,Imported Channel 1,3.10,ft^3/s,7.70,ft,4.66,ft^2,0.67,ft/s,,,Unspecified,Unspecified,Unspecified,Unspecified,Unspecified,Unknown,Wading,2026-07-01T19:10:53.364778+00:00,point_velocity,Unspecified
05556500,POINT (-89.4979611111111 41.3674027777778),49e4d539-02ac-4c05-a7cc-8bd91f8b785d,USGS-05556500,4e84c001-1322-62f7-e053-0100007f3007,554,1984-08-02T06:00:00+00:00,Imported Channel 1,10.6,ft^3/s,30.0,ft,14.1,ft^2,0.74,ft/s,,,Unspecified,Unspecified,Unspecified,Unspecified,Unspecified,Unknown,Wading,2026-07-01T19:10:53.364778+00:00,point_velocity,Unspecified
05556500,POINT (-89.4979611111111 41.3674027777778),49fc9ca1-efd1-460d-9a58-aad71eab217b,USGS-05556500,4e84c7fe-4d19-6843-e053-0100007f839f,474,1977-06-09T06:00:00+00:00,Imported Channel 1,3.76,ft^3/s,,,,,,,,ft,Unspecified,Unspecified,Unspecified,Unspecified,Unspecified,Unknown,Unspecified,2026-07-01T19:10:53.364778+00:00,other_method,Unspecified
05556500,POINT (-89.4979611111111 41.3674027777778),4a2181bc-0002-4102-9e47-c1abcc8e4b09,USGS-05556500,4e84c069-d202-632a-e053-0100007f2f76,599,1989-06-06T16:00:00+00:00,Imported Channel 1,60.9,ft^3/s,44.0,ft,58.6,ft^2,1.04,ft/s,,,Unspecified,Unspecified,Unspecified,Unspecified,Unspecified,Unknown,Wading,2026-07-01T19:10:53.364778+00:00,point_velocity,Unspecified
05556500,POINT (-89.4979611111111 41.3674027777778),4a2e89a6-5234-4fe6-9ed3-2ce7e6532ecb,USGS-05556500,81222045-8796-40dd-ac0c-529426f4174c,808,2021-03-10T17:51:12+00:00,05556500,1030,ft^3/s,111,ft,290,ft^2,3.53,ft/s,40.00,ft,Firm,Cobbles,Uneven,Uneven,Unknown,Steady,BridgeDownstreamSide,2026-07-01T19:10:53.364778+00:00,adcp,Downstream
05556500,POINT (-89.4979611111111 41.3674027777778),4a327ed4-72fc-4244-a13d-96bfc27a36ac,USGS-05556500,4e84e422-7f40-783a-e053-0100007f8fc2,731,2008-04-29T17:00:00+00:00,Imported Channel 1,163,ft^3/s,56.0,ft,90.2,ft^2,1.81,ft/s,,,Unspecified,Unspecified,Unspecified,Unspecified,Unspecified,Unknown,Wading,2026-07-01T19:10:53.364778+00:00,point_velocity,Unspecified
05556500,POINT (-89.4979611111111 41.3674027777778),4a3abb9d-4ccc-4fe3-9743-fbed71dd3742,USGS-05556500,4e84abb3-a50f-57a3-e053-0100007ff776,24,1938-05-25T15:35:00+00:00,Imported Channel 1,316,ft^3/s,118,ft,426,ft^2,0.74,ft/s,,,Unspecified,Unspecified,Unspecified,Unspecified,Unspecified,Unknown,Wading,2026-07-01T19:10:53.364778+00:00,point_velocity,Unspecified
05556500,POINT (-89.4979611111111 41.3674027777778),4a64dfd3-683c-44d5-bf1f-c6955d2986c9,USGS-05556500,4e84a33b-6df1-52e5-e053-0100007f6a68,156,1948-02-05T16:45:00+00:00,Imported Channel 1,2.30,ft^3/s,8.00,ft,3.87,ft^2,0.59,ft/s,,,Unspecified,Unspecified,Unspecified,Unspecified,Unspecified,Unknown,Wading,2026-07-01T19:10:53.364778+00:00,point_velocity,Unspecified
05556500,POINT (-89.4979611111111 41.3674027777778),4a86b5ad-085c-4e84-ba39-4ebad92b2269,USGS-05556500,4e84b11b-e646-5a9e-e053-0100007fb762,249,1956-06-26T15:50:00+00:00,Imported Channel 1,41.4,ft^3/s,32.3,ft,35.6,ft^2,1.16,ft/s,,,Unspecified,Unspecified,Unspecified,Unspecified,Unspecified,Unknown,Wading,2026-07-01T19:10:53.364778+00:00,point_velocity,Unspecified
05556500,POINT (-89.4979611111111 41.3674027777778),4b8967af-ff97-4ace-bbbb-0d8fd6e7f8ee,USGS-05556500,4e84bf9d-d1a8-62ef-e053-0100007f45b9,363,1966-10-05T15:00:00+00:00,Imported Channel 1,3.34,ft^3/s,10.0,ft,3.03,ft^2,1.10,ft/s,,,Unspecified,Unspecified,Unspecified,Unspecified,Unspecified,Unknown,Wading,2026-07-01T19:10:53.364778+00:00,point_velocity,Unspecified
05556500,POINT (-89.4979611111111 41.3674027777778),4be4a9c7-b624-47d0-a9a3-050b3a149555,USGS-05556500,4e84aad8-a731-56f7-e053-0100007f97c6,199,1951-06-25T19:40:00+00:00,Imported Channel 1,186,ft^3/s,40.0,ft,89.0,ft^2,2.76,ft/s,,,Unspecified,Unspecified,Unspecified,Unspecified,Unspecified,Unknown,Wading,2026-07-01T19:10:53.364778+00:00,point_velocity,Unspecified
05556500,POINT (-89.4979611111111 41.3674027777778),4bf8e71a-40fc-458a-a3de-16a674b61a75,USGS-05556500,4e84a39d-7e0d-5323-e053-0100007faa5d,107,1944-08-28T22:30:00+00:00,Imported Channel 1,2.09,ft^3/s,6.40,ft,6.61,ft^2,0.32,ft/s,,,Unspecified,Unspecified,Unspecified,Unspecified,Unspecified,Unknown,Wading,2026-07-01T19:10:53.364778+00:00,point_velocity,Unspecified
05556500,POINT (-89.4979611111111 41.3674027777778),4cf1b03b-253c-4afa-8de5-697e9cab83ed,USGS-05556500,4e84b5ab-324d-5cdf-e053-0100007f126e,319,1963-05-14T16:00:00+00:00,Imported Channel 1,37.9,ft^3/s,59.6,ft,28.5,ft^2,1.33,ft/s,,,Unspecified,Unspecified,Unspecified,Unspecified,Unspecified,Unknown,Wading,2026-07-01T19:10:53.364778+00:00,point_velocity,Unspecified
05556500,POINT (-89.4979611111111 41.3674027777778),4d60b113-9c16-4d69-9f2d-499d10a51c4e,USGS-05556500,4e84b94b-f898-5f62-e053-0100007f5192,213,1952-08-21T20:15:00+00:00,Imported Channel 1,43.9,ft^3/s,23.0,ft,26.0,ft^2,1.69,ft/s,,,Unspecified,Unspecified,Unspecified,Unspecified,Unspecified,Unknown,Wading,2026-07-01T19:10:53.364778+00:00,point_velocity,Unspecified
05556500,POINT (-89.4979611111111 41.3674027777778),4dcffd2b-a552-4e52-9903-c324e02c8f2e,USGS-05556500,4e84ce17-4b62-6b6c-e053-0100007f6a07,682,2000-10-11T15:30:00+00:00,Imported Channel 1,22.4,ft^3/s,35.0,ft,28.5,ft^2,0.79,ft/s,,,Unspecified,Unspecified,Unspecified,Unspecified,Unspecified,Unknown,Wading,2026-07-01T19:10:53.364778+00:00,point_velocity,Unspecified
05556500,POINT (-89.4979611111111 41.3674027777778),4df17acc-554c-409e-bae2-ada5b404a7b7,USGS-05556500,4e84d563-e7b5-6f11-e053-0100007f2796,749,2011-05-31T16:30:30+00:00,Imported Channel 1,1060,ft^3/s,67.6,ft,242,ft^2,4.35,ft/s,500.00,ft,Firm,CobblesBoulders,Uneven,Even,Standard,Unknown,BridgeDownstreamSide,2026-07-01T19:10:53.364778+00:00,adcp,Upstream
05556500,POINT (-89.4979611111111 41.3674027777778),4e20bc2c-087f-4268-9943-8370ae54b280,USGS-05556500,85425ba0-0eb5-abf1-e053-0100007f90cb,796,2019-03-28T16:53:54+00:00,side,48.6,ft^3/s,24.2,ft,38.1,ft^2,1.27,ft/s,0.00,ft,Firm,Gravel,Even,Even,Standard,Steady,BridgeDownstreamSide,2026-07-01T19:10:53.364778+00:00,adcp,AtTheGage
05556500,POINT (-89.4979611111111 41.3674027777778),4e31fcfe-03cb-4eff-acbc-387c5aec83b0,USGS-05556500,4e84c105-294c-63e2-e053-0100007fef59,621,1991-12-17T20:20:00+00:00,Imported Channel 1,195,ft^3/s,64.0,ft,74.1,ft^2,2.63,ft/s,,,Unspecified,Unspecified,Unspecified,Unspecified,Unspecified,Unknown,Wading,2026-07-01T19:10:53.364778+00:00,point_velocity,Unspecified
05556500,POINT (-89.4979611111111 41.3674027777778),4eb4413e-e3bc-4cd4-a597-d5bab5e590da,USGS-05556500,4e84c54a-a10c-6681-e053-0100007f8462,396,1969-09-09T06:00:00+00:00,Imported Channel 1,10.5,ft^3/s,,,,,,,,ft,Unspecified,Unspecified,Unspecified,Unspecified,Unspecified,Unknown,Unspecified,2026-07-01T19:10:53.364778+00:00,other_method,Unspecified
05556500,POINT (-89.4979611111111 41.3674027777778),4eebc838-c35f-47ce-9887-1c61625dd4f1,USGS-05556500,4e84af73-ff6f-59b4-e053-0100007fec03,154,1947-11-25T20:40:00+00:00,Imported Channel 1,5.45,ft^3/s,18.0,ft,11.1,ft^2,0.49,ft/s,,,Unspecified,Unspecified,Unspecified,Unspecified,Unspecified,Unknown,Wading,2026-07-01T19:10:53.364778+00:00,point_velocity,Unspecified
05556500,POINT (-89.4979611111111 41.3674027777778),4eebe62f-f1ae-46df-89b9-b6985b17bda8,USGS-05556500,4e84def1-8594-74e4-e053-0100007f090f,694,2002-04-16T16:26:00+00:00,Imported Channel 1,276,ft^3/s,59.5,ft,104,ft^2,2.64,ft/s,,,Unspecified,Unspecified,Unspecified,Unspecified,Unspecified,Unknown,Wading,2026-07-01T19:10:53.364778+00:00,point_velocity,Unspecified
05556500,POINT (-89.4979611111111 41.3674027777778),4f3649db-3a6b-4d94-bc39-f52ec17d8bfc,USGS-05556500,4e84d362-e0db-6e3a-e053-0100007fe0d3,532,1982-11-29T06:00:00+00:00,Imported Channel 1,245,ft^3/s,89.0,ft,136,ft^2,1.80,ft/s,,,Unspecified,Unspecified,Unspecified,Unspecified,Unspecified,Unknown,Wading,2026-07-01T19:10:53.364778+00:00,point_velocity,Unspecified
05556500,POINT (-89.4979611111111 41.3674027777778),4f38c560-3229-4e8a-b665-2a0ab836c95b,USGS-05556500,b3f35306-6d79-4bbc-9dda-b41e9289edca,817,2023-03-01T17:19:18+00:00,right,268,ft^3/s,50.5,ft,88.8,ft^2,3.02,ft/s,0.00,ft,Firm,Gravel,Even,Uneven,Standard,Pulsating,BridgeDownstreamSide,2026-07-01T19:10:53.364778+00:00,adcp,AtTheGage
05556500,POINT (-89.4979611111111 41.3674027777778),4f3a1665-4884-4a41-b5fb-c5240c0ed2da,USGS-05556500,4e84c198-287d-6426-e053-0100007f1138,314,1962-12-20T17:00:00+00:00,Imported Channel 1,4.14,ft^3/s,13.6,ft,4.58,ft^2,0.90,ft/s,,,Unspecified,Unspecified,Unspecified,Unspecified,Unspecified,Unknown,Wading,2026-07-01T19:10:53.364778+00:00,point_velocity,Unspecified
05556500,POINT (-89.4979611111111 41.3674027777778),4f3a3f9e-278a-4533-bb1b-0323a5f15083,USGS-05556500,4e84cf0a-93e1-6c74-e053-0100007f4a54,564,1985-08-08T06:00:00+00:00,Imported Channel 1,4.11,ft^3/s,25.0,ft,7.45,ft^2,0.55,ft/s,,,Unspecified,Unspecified,Unspecified,Unspecified,Unspecified,Unknown,Wading,2026-07-01T19:10:53.364778+00:00,point_velocity,Unspecified
05556500,POINT (-89.4979611111111 41.3674027777778),4f54644c-c038-4ce0-bf98-d3c2173cc007,USGS-05556500,4e84cfb8-1d2e-6c8c-e053-0100007ff928,707,2004-01-28T21:30:00+00:00,Imported Channel 1,25.7,ft^3/s,35.0,ft,15.2,ft^2,1.69,ft/s,,,Unspecified,Unspecified,Unspecified,Unspecified,Unspecified,Unknown,Wading,2026-07-01T19:10:53.364778+00:00,point_velocity,Unspecified
05556500,POINT (-89.4979611111111 41.3674027777778),4f7f3557-8c9f-4f4d-9d8a-af2e088c22e3,USGS-05556500,4e84af67-b76d-59aa-e053-0100007fa5be,463,1976-04-07T06:00:00+00:00,Imported Channel 1,109,ft^3/s,,,,,,,,ft,Unspecified,Unspecified,Unspecified,Unspecified,Unspecified,Unknown,Unspecified,2026-07-01T19:10:53.364778+00:00,other_method,Unspecified
05556500,POINT (-89.4979611111111 41.3674027777778),4f91d604-fbfa-499c-bd10-f02ad644d9c4,USGS-05556500,4e84c583-af84-668b-e053-0100007fccd4,633,1993-11-29T21:35:00+00:00,Imported Channel 1,88.5,ft^3/s,42.0,ft,40.8,ft^2,2.17,ft/s,,,Unspecified,Unspecified,Unspecified,Unspecified,Unspecified,Unknown,Wading,2026-07-01T19:10:53.364778+00:00,point_velocity,Unspecified
05556500,POINT (-89.4979611111111 41.3674027777778),501b0162-7916-4ca1-87ac-2cfe7c539caf,USGS-05556500,4e84b451-146b-5c0b-e053-0100007fc45d,204,1951-10-18T18:20:00+00:00,Imported Channel 1,50.1,ft^3/s,23.0,ft,28.9,ft^2,1.70,ft/s,,,Unspecified,Unspecified,Unspecified,Unspecified,Unspecified,Unknown,Wading,2026-07-01T19:10:53.364778+00:00,point_velocity,Unspecified
05556500,POINT (-89.4979611111111 41.3674027777778),506ffcc2-e5f7-42fc-97b0-b0709aeb0719,USGS-05556500,4e849f6f-da35-4e61-e053-0100007f3399,82,1942-07-18T00:15:00+00:00,Channel 1,38.4,ft^3/s,,,,,,,,,Unspecified,Unspecified,Unspecified,Unspecified,Unspecified,Unknown,Unspecified,2026-07-01T19:10:53.364778+00:00,point_velocity,Unspecified
05556500,POINT (-89.4979611111111 41.3674027777778),50875900-f361-4f37-8f80-a03a87306186,USGS-05556500,4e84ddaf-5759-74ba-e053-0100007fb586,695,2002-05-23T17:10:00+00:00,Imported Channel 1,293,ft^3/s,58.0,ft,110,ft^2,2.66,ft/s,,,Unspecified,Unspecified,Unspecified,Unspecified,Unspecified,Unknown,Wading,2026-07-01T19:10:53.364778+00:00,point_velocity,Unspecified
05556500,POINT (-89.4979611111111 41.3674027777778),50e033e7-0950-404f-9c58-1162d043c00a,USGS-05556500,4e849ff5-f572-5107-e053-0100007f252a,71,1941-06-04T23:40:00+00:00,Imported Channel 1,140,ft^3/s,57.0,ft,96.6,ft^2,1.45,ft/s,,,Unspecified,Unspecified,Unspecified,Unspecified,Unspecified,Unknown,Wading,2026-07-01T19:10:53.364778+00:00,point_velocity,Unspecified
05556500,POINT (-89.4979611111111 41.3674027777778),50e7a277-4e94-46df-9253-8f86c9001332,USGS-05556500,4e84b24b-cd56-5b5d-e053-0100007f498a,255,1957-01-29T20:10:00+00:00,Imported Channel 1,22.5,ft^3/s,26.0,ft,23.6,ft^2,0.95,ft/s,,,Unspecified,Unspecified,Unspecified,Unspecified,Unspecified,Unknown,Wading,2026-07-01T19:10:53.364778+00:00,point_velocity,Unspecified
05556500,POINT (-89.4979611111111 41.3674027777778),510fd544-3c7d-4cf0-883b-2f9175bc048a,USGS-05556500,4e84d488-6bcc-6f1b-e053-0100007f4142,691,2001-11-29T19:05:00+00:00,Imported Channel 1,209,ft^3/s,44.5,ft,82.4,ft^2,2.54,ft/s,,,Unspecified,Unspecified,Unspecified,Unspecified,Unspecified,Unknown,Wading,2026-07-01T19:10:53.364778+00:00,point_velocity,Unspecified
05556500,POINT (-89.4979611111111 41.3674027777778),5135efa1-57f4-40d7-af4e-02da2b8bb56b,USGS-05556500,4e8497ed-acdc-4c03-e053-0100007f9f55,227,1954-12-29T18:30:00+00:00,Imported Channel 1,45.5,ft^3/s,30.0,ft,22.5,ft^2,2.00,ft/s,,,Unspecified,Unspecified,Unspecified,Unspecified,Unspecified,Unknown,Wading,2026-07-01T19:10:53.364778+00:00,point_velocity,Unspecified
05556500,POINT (-89.4979611111111 41.3674027777778),5137bea3-5a4d-4fbb-873b-f887d5139282,USGS-05556500,4e84cef2-fb22-6bc4-e053-0100007f3b67,763,2013-07-12T18:29:30+00:00,1,81.9,ft^3/s,50.0,ft,53.1,ft^2,1.54,ft/s,150.00,ft,Firm,Cobbles,Uneven,Even,Standard,Unknown,Wading,2026-07-01T19:10:53.364778+00:00,point_velocity,Downstream
05556500,POINT (-89.4979611111111 41.3674027777778),5159992c-5689-42aa-aee5-55b5bdf89eb9,USGS-05556500,4e84c80e-0e32-67d5-e053-0100007f0f93,504,1980-06-10T06:00:00+00:00,Imported Channel 1,62.0,ft^3/s,,,,,,,,ft,Unspecified,Unspecified,Unspecified,Unspecified,Unspecified,Unknown,Unspecified,2026-07-01T19:10:53.364778+00:00,other_method,Unspecified
05556500,POINT (-89.4979611111111 41.3674027777778),519b2e3b-2023-42fa-894d-76af4018ba29,USGS-05556500,4e84e010-a36e-762e-e053-0100007f46e3,669,1998-10-26T18:47:00+00:00,Imported Channel 1,249,ft^3/s,60.0,ft,84.2,ft^2,2.96,ft/s,,,Unspecified,Unspecified,Unspecified,Unspecified,Unspecified,Unknown,Wading,2026-07-01T19:10:53.364778+00:00,point_velocity,Unspecified
05556500,POINT (-89.4979611111111 41.3674027777778),51cea93b-f1ef-4598-a276-efe6ecc290ae,USGS-05556500,4e84dc69-3951-7324-e053-0100007fe092,678,2000-05-12T12:45:00+00:00,Imported Channel 1,800,ft^3/s,124,ft,319,ft^2,2.51,ft/s,,,Unspecified,Unspecified,Unspecified,Unspecified,Unspecified,Unknown,BridgeCrane,2026-07-01T19:10:53.364778+00:00,point_velocity,Unspecified
05556500,POINT (-89.4979611111111 41.3674027777778),523fc7d3-93ad-422f-a027-c06d12540d73,USGS-05556500,5189dfe0-6879-4564-e053-0100007f25d5,785,2017-06-08T17:07:56+00:00,main,119,ft^3/s,63.0,ft,73.3,ft^2,1.62,ft/s,150.00,ft,Firm,Gravel,Even,Even,Standard,Unknown,Wading,2026-07-01T19:10:53.364778+00:00,point_velocity,Downstream
05556500,POINT (-89.4979611111111 41.3674027777778),525672d8-c9dd-4349-be67-4a7b9e79f600,USGS-05556500,4e84b6f0-9bd5-5dd5-e053-0100007feed4,121,1945-06-29T07:23:00+00:00,Imported Channel 1,5250,ft^3/s,246,ft,1770,ft^2,2.97,ft/s,,,Unspecified,Unspecified,Unspecified,Unspecified,Unspecified,Unknown,BridgeCrane,2026-07-01T19:10:53.364778+00:00,point_velocity,Unspecified
05556500,POINT (-89.4979611111111 41.3674027777778),52a14595-b613-441a-b2b0-7a54d14b073e,USGS-05556500,4e84b48d-9bad-5b7f-e053-0100007f410a,424,1972-08-11T06:00:00+00:00,Imported Channel 1,240,ft^3/s,,,,,,,,ft,Unspecified,Unspecified,Unspecified,Unspecified,Unspecified,Unknown,Unspecified,2026-07-01T19:10:53.364778+00:00,other_method,Unspecified
05556500,POINT (-89.4979611111111 41.3674027777778),52b6c7de-8da1-4e72-b81b-6385139b09f2,USGS-05556500,4e84c829-babe-6857-e053-0100007f78f8,534,1983-02-24T06:00:00+00:00,Imported Channel 1,257,ft^3/s,68.0,ft,160,ft^2,1.61,ft/s,,,Unspecified,Unspecified,Unspecified,Unspecified,Unspecified,Unknown,Wading,2026-07-01T19:10:53.364778+00:00,point_velocity,Unspecified
05556500,POINT (-89.4979611111111 41.3674027777778),52e8d91f-92eb-4f0e-a314-6c66e815b3c9,USGS-05556500,4e84bdde-d0f2-616a-e053-0100007f0505,471,1977-02-01T06:00:00+00:00,Imported Channel 1,1.90,ft^3/s,,,,,,,,ft,Unspecified,Unspecified,Unspecified,Unspecified,Unspecified,Unknown,Unspecified,2026-07-01T19:10:53.364778+00:00,other_method,Unspecified
05556500,POINT (-89.4979611111111 41.3674027777778),5338645c-8c44-4006-805f-25186de7b8ab,USGS-05556500,4e84c448-4686-6601-e053-0100007f88da,380,1968-03-13T16:35:00+00:00,Imported Channel 1,51.3,ft^3/s,46.0,ft,26.8,ft^2,1.91,ft/s,,,Unspecified,Unspecified,Unspecified,Unspecified,Unspecified,Unknown,Wading,2026-07-01T19:10:53.364778+00:00,point_velocity,Unspecified
05556500,POINT (-89.4979611111111 41.3674027777778),5360bd64-178f-4665-9670-a513ea198999,USGS-05556500,4e84ae01-4d40-58dc-e053-0100007f68f5,14,1937-08-28T14:45:00+00:00,Imported Channel 1,3.76,ft^3/s,10.0,ft,5.50,ft^2,0.68,ft/s,,,Unspecified,Unspecified,Unspecified,Unspecified,Unspecified,Unknown,Wading,2026-07-01T19:10:53.364778+00:00,point_velocity,Unspecified
05556500,POINT (-89.4979611111111 41.3674027777778),53aaf0df-7c13-4387-a20e-353581fd9f14,USGS-05556500,88cbaf83-8f4a-b10f-e053-0100007f9aac,797,2019-05-13T16:54:40+00:00,main,543,ft^3/s,114,ft,197,ft^2,2.75,ft/s,0.00,ft,Firm,Gravel,Even,Uneven,Standard,Pulsating,BridgeDownstreamSide,2026-07-01T19:10:53.364778+00:00,adcp,AtTheGage
05556500,POINT (-89.4979611111111 41.3674027777778),53d036d6-38d0-4254-b938-cedec7015917,USGS-05556500,4e84c0fc-60e2-63de-e053-0100007f27f0,382,1968-05-09T16:32:00+00:00,Imported Channel 1,62.8,ft^3/s,49.0,ft,33.6,ft^2,1.87,ft/s,,,Unspecified,Unspecified,Unspecified,Unspecified,Unspecified,Unknown,Wading,2026-07-01T19:10:53.364778+00:00,point_velocity,Unspecified
05556500,POINT (-89.4979611111111 41.3674027777778),543109cf-8b69-4560-9008-b3bd9e0235fb,USGS-05556500,4e84a853-78cf-5582-e053-0100007f2424,139,1946-10-22T21:25:00+00:00,Imported Channel 1,2.78,ft^3/s,12.5,ft,5.12,ft^2,0.54,ft/s,,,Unspecified,Unspecified,Unspecified,Unspecified,Unspecified,Unknown,Wading,2026-07-01T19:10:53.364778+00:00,point_velocity,Unspecified
05556500,POINT (-89.4979611111111 41.3674027777778),54375639-5817-4e4d-abc7-140ee128e32f,USGS-05556500,4e84ae1b-cd35-58cc-e053-0100007f6c01,31,1938-10-05T22:50:00+00:00,Imported Channel 1,31.6,ft^3/s,20.0,ft,14.8,ft^2,2.14,ft/s,,,Unspecified,Unspecified,Unspecified,Unspecified,Unspecified,Unknown,Wading,2026-07-01T19:10:53.364778+00:00,point_velocity,Unspecified
05556500,POINT (-89.4979611111111 41.3674027777778),543f1232-fa20-48b0-b6c4-8ece9c4ae099,USGS-05556500,f168602b-98bf-471b-a759-d753c27d23f6,823,2024-03-27T16:26:32+00:00,main,886,ft^3/s,119,ft,277,ft^2,3.20,ft/s,0.00,ft,Firm,Gravel,Even,Even,Standard,Pulsating,BridgeDownstreamSide,2026-07-01T19:10:53.364778+00:00,adcp,AtTheGage
05556500,POINT (-89.4979611111111 41.3674027777778),54740f12-9820-4f0c-9c84-fd8b74f352be,USGS-05556500,4e84bf9d-d1a0-62ef-e053-0100007f45b9,355,1966-02-10T06:00:00+00:00,Imported Channel 1,4510,ft^3/s,,,,,,,,ft,Unspecified,Unspecified,Unspecified,Unspecified,Unspecified,Unknown,Unspecified,2026-07-01T19:10:53.364778+00:00,other_method,Unspecified
05556500,POINT (-89.4979611111111 41.3674027777778),54809c9f-c697-4a07-8c53-a1888e60c073,USGS-05556500,4e84b8d5-1cc6-5f20-e053-0100007f2434,174,1949-05-24T21:35:00+00:00,Imported Channel 1,35.6,ft^3/s,41.0,ft,19.4,ft^2,1.83,ft/s,,,Unspecified,Unspecified,Unspecified,Unspecified,Unspecified,Unknown,Wading,2026-07-01T19:10:53.364778+00:00,point_velocity,Unspecified
05556500,POINT (-89.4979611111111 41.3674027777778),54fb15dc-74f6-4c98-ab7d-38debcdd44e9,USGS-05556500,4e84ed61-df14-7d48-e053-0100007fc74f,742,2009-12-14T18:33:30+00:00,Imported Channel 1,145,ft^3/s,57.0,ft,64.8,ft^2,2.24,ft/s,300.00,ft,Firm,CobblesBoulders,Even,Even,Unspecified,Unknown,Wading,2026-07-01T19:10:53.364778+00:00,point_velocity,Upstream
05556500,POINT (-89.4979611111111 41.3674027777778),556ca767-5d14-43e9-bb25-29aca74d20ab,USGS-05556500,4e84ac5a-84d3-57cb-e053-0100007fec62,36,1939-02-21T17:20:00+00:00,Imported Channel 1,144,ft^3/s,34.0,ft,50.7,ft^2,2.84,ft/s,,,Unspecified,Unspecified,Unspecified,Unspecified,Unspecified,Unknown,Wading,2026-07-01T19:10:53.364778+00:00,point_velocity,Unspecified
05556500,POINT (-89.4979611111111 41.3674027777778),55900e4b-1450-4460-82d6-88439f11ec8b,USGS-05556500,4e84bf9d-d1a4-62ef-e053-0100007f45b9,359,1966-06-16T19:40:00+00:00,Imported Channel 1,122,ft^3/s,78.0,ft,90.2,ft^2,1.36,ft/s,,,Unspecified,Unspecified,Unspecified,Unspecified,Unspecified,Unknown,Wading,2026-07-01T19:10:53.364778+00:00,point_velocity,Unspecified
05556500,POINT (-89.4979611111111 41.3674027777778),563ed1ec-d94b-48cb-ad46-c3475c26ea07,USGS-05556500,4e84ba82-a3a1-5fee-e053-0100007f6ccb,311,1962-09-19T16:30:00+00:00,Imported Channel 1,2.86,ft^3/s,9.80,ft,2.23,ft^2,1.28,ft/s,,,Unspecified,Unspecified,Unspecified,Unspecified,Unspecified,Unknown,Wading,2026-07-01T19:10:53.364778+00:00,point_velocity,Unspecified
05556500,POINT (-89.4979611111111 41.3674027777778),564bf302-14a9-4408-a6a4-9249244f7746,USGS-05556500,4e848767-4753-41b8-e053-0100007f2703,37,1939-09-29T14:15:00+00:00,Imported Channel 1,96.1,ft^3/s,32.5,ft,41.2,ft^2,2.33,ft/s,,,Unspecified,Unspecified,Unspecified,Unspecified,Unspecified,Unknown,Wading,2026-07-01T19:10:53.364778+00:00,point_velocity,Unspecified
05556500,POINT (-89.4979611111111 41.3674027777778),57229050-e1ac-4d7c-933e-4a50fb2608ad,USGS-05556500,4e84dc74-0c57-7328-e053-0100007f94fc,712,2004-10-13T20:12:00+00:00,Imported Channel 1,4.89,ft^3/s,43.0,ft,16.1,ft^2,0.30,ft/s,,,Unspecified,Unspecified,Unspecified,Unspecified,Unspecified,Unknown,Wading,2026-07-01T19:10:53.364778+00:00,point_velocity,Unspecified
05556500,POINT (-89.4979611111111 41.3674027777778),575f97be-9ef3-408c-90fb-02834a2c67d6,USGS-05556500,4e84f381-7668-80aa-e053-0100007f2bc8,769,2014-09-22T16:32:00+00:00,main,58.1,ft^3/s,64.0,ft,38.9,ft^2,1.49,ft/s,180.00,ft,Firm,Gravel,Uneven,Uneven,Standard,Unknown,Wading,2026-07-01T19:10:53.364778+00:00,point_velocity,Downstream
05556500,POINT (-89.4979611111111 41.3674027777778),57ba4b56-5b14-4d7a-8e10-453ade63602a,USGS-05556500,4e84ebf0-c698-7d12-e053-0100007f289a,732,2008-07-08T17:01:00+00:00,Imported Channel 1,101,ft^3/s,51.5,ft,63.4,ft^2,1.59,ft/s,,,Unspecified,Unspecified,Unspecified,Unspecified,Unspecified,Unknown,Wading,2026-07-01T19:10:53.364778+00:00,point_velocity,Unspecified
05556500,POINT (-89.4979611111111 41.3674027777778),57ce6af6-2bbb-45c7-971f-5abd55ffacbc,USGS-05556500,4e84e1e5-0f38-769e-e053-0100007fec64,689,2001-08-22T17:20:00+00:00,Imported Channel 1,12.2,ft^3/s,38.0,ft,26.8,ft^2,0.46,ft/s,,,Unspecified,Unspecified,Unspecified,Unspecified,Unspecified,Unknown,Wading,2026-07-01T19:10:53.364778+00:00,point_velocity,Unspecified
05556500,POINT (-89.4979611111111 41.3674027777778),584f7a71-1316-4eb3-a783-60d39ad0d126,USGS-05556500,4e84d436-dc60-6e44-e053-0100007f04cf,652,1996-09-11T13:49:00+00:00,Imported Channel 1,10.3,ft^3/s,25.0,ft,10.8,ft^2,0.97,ft/s,,,Unspecified,Unspecified,Unspecified,Unspecified,Unspecified,Unknown,Wading,2026-07-01T19:10:53.364778+00:00,point_velocity,Unspecified
05556500,POINT (-89.4979611111111 41.3674027777778),59762347-e29f-45cd-ac44-1bfc5c0a0e21,USGS-05556500,4e84ab22-4446-5779-e053-0100007ff8ea,5,1936-05-26T20:50:00+00:00,Imported Channel 1,45.4,ft^3/s,39.0,ft,63.2,ft^2,0.71,ft/s,,,Unspecified,Unspecified,Unspecified,Unspecified,Unspecified,Unknown,Wading,2026-07-01T19:10:53.364778+00:00,point_velocity,Unspecified
05556500,POINT (-89.4979611111111 41.3674027777778),5aa5ed45-ce03-4f46-a745-433363c235cf,USGS-05556500,4e84b6f0-9bd5-5dd5-e053-0100007feed4,122,1945-06-29T11:20:00+00:00,Imported Channel 1,3820,ft^3/s,246,ft,1520,ft^2,2.51,ft/s,,,Unspecified,Unspecified,Unspecified,Unspecified,Unspecified,Unknown,BridgeCrane,2026-07-01T19:10:53.364778+00:00,point_velocity,Unspecified
05556500,POINT (-89.4979611111111 41.3674027777778),5accc870-0976-495b-b583-5501dcdb2dce,USGS-05556500,4e84b308-b659-5b17-e053-0100007f3eac,232,1954-08-24T19:30:00+00:00,Imported Channel 1,39.1,ft^3/s,29.5,ft,22.9,ft^2,1.71,ft/s,,,Unspecified,Unspecified,Unspecified,Unspecified,Unspecified,Unknown,Wading,2026-07-01T19:10:53.364778+00:00,point_velocity,Unspecified
05556500,POINT (-89.4979611111111 41.3674027777778),5ae493f2-b089-4fae-9e63-af5209e215ef,USGS-05556500,4e84b204-37f3-5acf-e053-0100007f07fa,535,1983-03-31T06:00:00+00:00,Imported Channel 1,564,ft^3/s,67.0,ft,210,ft^2,2.68,ft/s,,,Unspecified,Unspecified,Unspecified,Unspecified,Unspecified,Unknown,BridgeCrane,2026-07-01T19:10:53.364778+00:00,point_velocity,Unspecified
05556500,POINT (-89.4979611111111 41.3674027777778),5b0b9cf6-24c1-4421-8a7b-ca705798f7c6,USGS-05556500,119d1d7b-6733-44c8-9c11-c431c9d06aa2,806,2020-10-13T20:22:00+00:00,05556500,3.73,ft^3/s,37.6,ft,21.9,ft^2,0.17,ft/s,200.00,ft,Soft,Cobbles,Uneven,Uneven,Unknown,Steady,Wading,2026-07-01T19:10:53.364778+00:00,point_velocity,Downstream
05556500,POINT (-89.4979611111111 41.3674027777778),5b27f2c4-5fab-4a1b-bf89-bd598a090da1,USGS-05556500,4e84ab0e-d2cf-56cb-e053-0100007faa1e,40,1939-06-07T13:10:00+00:00,Imported Channel 1,55.0,ft^3/s,,,,,,,,ft,Unspecified,Unspecified,Unspecified,Unspecified,Unspecified,Unknown,Unspecified,2026-07-01T19:10:53.364778+00:00,other_method,Unspecified
05556500,POINT (-89.4979611111111 41.3674027777778),5b3d994a-e8c5-4657-bb0e-89b6fad8abaf,USGS-05556500,4e84e422-7f3b-783a-e053-0100007f8fc2,716,2005-08-02T19:05:00+00:00,Imported Channel 1,2.14,ft^3/s,6.00,ft,2.66,ft^2,0.80,ft/s,,,Unspecified,Unspecified,Unspecified,Unspecified,Unspecified,Unknown,Wading,2026-07-01T19:10:53.364778+00:00,point_velocity,Unspecified
05556500,POINT (-89.4979611111111 41.3674027777778),5b428b1f-eae3-4473-a086-3f0eb899911e,USGS-05556500,4e84cb64-4dd3-697e-e053-0100007fc05a,472,1977-03-10T06:00:00+00:00,Imported Channel 1,15.5,ft^3/s,,,,,,,,ft,Unspecified,Unspecified,Unspecified,Unspecified,Unspecified,Unknown,Unspecified,2026-07-01T19:10:53.364778+00:00,other_method,Unspecified
05556500,POINT (-89.4979611111111 41.3674027777778),5b6411fd-8642-494b-98eb-6c0356c4408e,USGS-05556500,4e84b98a-2b0c-5fe3-e053-0100007f37e1,341,1965-01-29T16:10:00+00:00,Imported Channel 1,93.9,ft^3/s,77.0,ft,86.5,ft^2,1.08,ft/s,,,Unspecified,Unspecified,Unspecified,Unspecified,Unspecified,Unknown,Wading,2026-07-01T19:10:53.364778+00:00,point_velocity,Unspecified
05556500,POINT (-89.4979611111111 41.3674027777778),5bb3f2dc-b773-4292-b0c9-6e80b62c0f27,USGS-05556500,4e84c439-fe37-6603-e053-0100007f8ed8,511,1981-02-23T06:00:00+00:00,Imported Channel 1,840,ft^3/s,118,ft,361,ft^2,2.33,ft/s,,,Unspecified,Unspecified,Unspecified,Unspecified,Unspecified,Unknown,BridgeCrane,2026-07-01T19:10:53.364778+00:00,point_velocity,Unspecified
05556500,POINT (-89.4979611111111 41.3674027777778),5bf7bb0e-4422-47ef-b6fe-943b55b67e56,USGS-05556500,4e84cf0a-940d-6c74-e053-0100007f4a54,752,2011-11-03T16:45:00+00:00,752,15.0,ft^3/s,36.0,ft,24.5,ft^2,0.61,ft/s,25.00,ft,Firm,Sand,Even,Even,Uniform,Unknown,Wading,2026-07-01T19:10:53.364778+00:00,point_velocity,Downstream
05556500,POINT (-89.4979611111111 41.3674027777778),5c0d16ed-6187-4044-be13-33a53ed483f4,USGS-05556500,4e84c825-0186-6827-e053-0100007fbfc4,477,1977-10-12T06:00:00+00:00,Imported Channel 1,201,ft^3/s,,,,,,,,ft,Unspecified,Unspecified,Unspecified,Unspecified,Unspecified,Unknown,Unspecified,2026-07-01T19:10:53.364778+00:00,other_method,Unspecified
05556500,POINT (-89.4979611111111 41.3674027777778),5c274365-06a9-4e58-b115-9268830945c9,USGS-05556500,4e84cb64-4df2-697e-e053-0100007fc05a,568,1986-01-09T06:00:00+00:00,Imported Channel 1,65.6,ft^3/s,57.0,ft,87.9,ft^2,0.75,ft/s,,,Unspecified,Unspecified,Unspecified,Unspecified,Unspecified,Unknown,Ice,2026-07-01T19:10:53.364778+00:00,point_velocity,Unspecified
05556500,POINT (-89.4979611111111 41.3674027777778),5c3bba0c-eaf3-46a7-ba06-7f79397dc9ea,USGS-05556500,4e84a16d-f006-518c-e053-0100007fa7fd,52,1940-03-12T21:10:00+00:00,Imported Channel 1,40.9,ft^3/s,29.0,ft,21.4,ft^2,1.91,ft/s,,,Unspecified,Unspecified,Unspecified,Unspecified,Unspecified,Unknown,Wading,2026-07-01T19:10:53.364778+00:00,point_velocity,Unspecified
05556500,POINT (-89.4979611111111 41.3674027777778),5c3d0bc8-e94d-4f44-9839-6a360730082d,USGS-05556500,4e84a409-c622-533f-e053-0100007f3254,41,1939-06-14T19:20:00+00:00,Imported Channel 1,48.2,ft^3/s,31.0,ft,30.5,ft^2,1.58,ft/s,,,Unspecified,Unspecified,Unspecified,Unspecified,Unspecified,Unknown,Wading,2026-07-01T19:10:53.364778+00:00,point_velocity,Unspecified
05556500,POINT (-89.4979611111111 41.3674027777778),5c668b6a-f86f-42b3-9e1c-c60057fbf7ab,USGS-05556500,4e84c6cd-e79d-67a8-e053-0100007f56ae,412,1971-05-25T06:00:00+00:00,Imported Channel 1,36.0,ft^3/s,,,,,,,,ft,Unspecified,Unspecified,Unspecified,Unspecified,Unspecified,Unknown,Unspecified,2026-07-01T19:10:53.364778+00:00,other_method,Unspecified
05556500,POINT (-89.4979611111111 41.3674027777778),5cedeefb-c660-4b57-a50b-0b6e77e09a13,USGS-05556500,4e84b362-1870-5bfd-e053-0100007feb80,75,1941-10-01T21:00:00+00:00,Imported Channel 1,22.0,ft^3/s,31.5,ft,35.0,ft^2,0.63,ft/s,,,Unspecified,Unspecified,Unspecified,Unspecified,Unspecified,Unknown,Wading,2026-07-01T19:10:53.364778+00:00,point_velocity,Unspecified
05556500,POINT (-89.4979611111111 41.3674027777778),5d09defc-1589-44b6-a3b9-d8ffbab563fd,USGS-05556500,4e84af5d-93af-5958-e053-0100007fc6ed,42,1939-07-15T16:15:00+00:00,Imported Channel 1,25.8,ft^3/s,21.0,ft,11.9,ft^2,2.17,ft/s,,,Unspecified,Unspecified,Unspecified,Unspecified,Unspecified,Unknown,Wading,2026-07-01T19:10:53.364778+00:00,point_velocity,Unspecified
05556500,POINT (-89.4979611111111 41.3674027777778),5d2a7fae-4e21-43f0-9763-e2769adc30b3,USGS-05556500,4e84c4f7-be08-65f9-e053-0100007f68cb,337,1964-11-09T17:15:00+00:00,Imported Channel 1,1.74,ft^3/s,11.6,ft,4.24,ft^2,0.41,ft/s,,,Unspecified,Unspecified,Unspecified,Unspecified,Unspecified,Unknown,Wading,2026-07-01T19:10:53.364778+00:00,point_velocity,Unspecified
05556500,POINT (-89.4979611111111 41.3674027777778),5d352a8f-c074-41c6-9df3-cc7e6a824486,USGS-05556500,4e84a12c-eb3e-51c4-e053-0100007fdc12,49,1940-02-08T20:30:00+00:00,Imported Channel 1,2.16,ft^3/s,13.0,ft,5.00,ft^2,0.43,ft/s,,,Unspecified,Unspecified,Unspecified,Unspecified,Unspecified,Unknown,Wading,2026-07-01T19:10:53.364778+00:00,point_velocity,Unspecified
05556500,POINT (-89.4979611111111 41.3674027777778),5d3a7e99-58fd-4fa1-a825-1c6680ec7191,USGS-05556500,4e84b9ab-6422-5ff2-e053-0100007fcc97,205,1951-10-16T20:55:00+00:00,Imported Channel 1,456,ft^3/s,91.0,ft,333,ft^2,1.37,ft/s,,,Unspecified,Unspecified,Unspecified,Unspecified,Unspecified,Unknown,BridgeCrane,2026-07-01T19:10:53.364778+00:00,point_velocity,Unspecified
05556500,POINT (-89.4979611111111 41.3674027777778),5d863bef-e07d-46cf-818a-2d270b293361,USGS-05556500,4e849663-cdb8-4aa6-e053-0100007f7e52,100,1944-03-15T06:00:00+00:00,Imported Channel 1,4920,ft^3/s,242,ft,1600,ft^2,3.08,ft/s,,,Unspecified,Unspecified,Unspecified,Unspecified,Unspecified,Unknown,BridgeCrane,2026-07-01T19:10:53.364778+00:00,point_velocity,Unspecified
05556500,POINT (-89.4979611111111 41.3674027777778),5dcd3aea-1bbc-41e1-802a-49692b7f546c,USGS-05556500,4e84c825-0187-6827-e053-0100007fbfc4,478,1977-11-22T06:00:00+00:00,Imported Channel 1,95.2,ft^3/s,,,,,,,,ft,Unspecified,Unspecified,Unspecified,Unspecified,Unspecified,Unknown,Unspecified,2026-07-01T19:10:53.364778+00:00,other_method,Unspecified
05556500,POINT (-89.4979611111111 41.3674027777778),5df24d3e-4597-41e9-9c89-3f9404437384,USGS-05556500,4e84aedc-eb76-5956-e053-0100007f6ade,51,1940-03-04T17:35:00+00:00,Imported Channel 1,1100,ft^3/s,123,ft,545,ft^2,2.02,ft/s,,,Unspecified,Unspecified,Unspecified,Unspecified,Unspecified,Unknown,Wading,2026-07-01T19:10:53.364778+00:00,point_velocity,Unspecified
05556500,POINT (-89.4979611111111 41.3674027777778),5e12e360-b104-4087-b8f8-874098b9fe45,USGS-05556500,4e84cf11-174f-6c50-e053-0100007f8b61,500,1979-12-27T06:00:00+00:00,Imported Channel 1,60.3,ft^3/s,,,,,,,,ft,Unspecified,Unspecified,Unspecified,Unspecified,Unspecified,Unknown,Unspecified,2026-07-01T19:10:53.364778+00:00,other_method,Unspecified
05556500,POINT (-89.4979611111111 41.3674027777778),5e6c8bb3-c189-4a25-ac6b-9c558c43f581,USGS-05556500,4e84cf59-3f71-6b6a-e053-0100007fed04,487,1978-10-26T06:00:00+00:00,Imported Channel 1,36.0,ft^3/s,,,,,,,,ft,Unspecified,Unspecified,Unspecified,Unspecified,Unspecified,Unknown,Unspecified,2026-07-01T19:10:53.364778+00:00,other_method,Unspecified
05556500,POINT (-89.4979611111111 41.3674027777778),5ebd7594-1da3-4551-969a-131e6bf6b035,USGS-05556500,4e84ed39-7778-7d44-e053-0100007f2a1a,753,2011-12-30T16:46:00+00:00,753,105,ft^3/s,55.0,ft,70.1,ft^2,1.50,ft/s,80.00,ft,Firm,Gravel,Even,Even,Standard,Unknown,Wading,2026-07-01T19:10:53.364778+00:00,point_velocity,Downstream
05556500,POINT (-89.4979611111111 41.3674027777778),5ebefb54-bb8e-444f-bd49-85e79b1bfca1,USGS-05556500,4e84c5af-1c85-65fd-e053-0100007fb50a,447,1974-12-10T06:00:00+00:00,Imported Channel 1,17.3,ft^3/s,,,,,,,,ft,Unspecified,Unspecified,Unspecified,Unspecified,Unspecified,Unknown,Unspecified,2026-07-01T19:10:53.364778+00:00,other_method,Unspecified
05556500,POINT (-89.4979611111111 41.3674027777778),5f18af55-58e2-4036-9f30-7d7d0ae9b054,USGS-05556500,4e84d2ec-3392-6e40-e053-0100007f1b0d,533,1983-01-11T06:00:00+00:00,Imported Channel 1,160,ft^3/s,68.0,ft,139,ft^2,1.15,ft/s,,,Unspecified,Unspecified,Unspecified,Unspecified,Unspecified,Unknown,Wading,2026-07-01T19:10:53.364778+00:00,point_velocity,Unspecified
05556500,POINT (-89.4979611111111 41.3674027777778),5f228341-cf71-4bd6-b58b-8e93845d7f80,USGS-05556500,6e78e3a2-04ba-2836-e053-0100007ff94f,791,2018-06-11T19:28:37+00:00,main,1460,ft^3/s,123,ft,360,ft^2,4.07,ft/s,0.00,ft,Firm,Gravel,Uneven,Even,Standard,Pulsating,BridgeDownstreamSide,2026-07-01T19:10:53.364778+00:00,adcp,AtTheGage
05556500,POINT (-89.4979611111111 41.3674027777778),5fc05a35-fd2e-4034-983c-78cba279afd3,USGS-05556500,4e84b18e-3f8b-5b13-e053-0100007ffdfc,451,1975-05-06T06:00:00+00:00,Imported Channel 1,316,ft^3/s,,,,,,,,ft,Unspecified,Unspecified,Unspecified,Unspecified,Unspecified,Unknown,Unspecified,2026-07-01T19:10:53.364778+00:00,other_method,Unspecified
05556500,POINT (-89.4979611111111 41.3674027777778),5fdc5ac3-3908-40b5-a671-f8ba50584052,USGS-05556500,4e84aad8-a724-56f7-e053-0100007f97c6,21,1938-01-28T15:40:00+00:00,Imported Channel 1,96.4,ft^3/s,32.0,ft,61.3,ft^2,1.57,ft/s,,,Unspecified,Unspecified,Unspecified,Unspecified,Unspecified,Unknown,Wading,2026-07-01T19:10:53.364778+00:00,point_velocity,Unspecified
05556500,POINT (-89.4979611111111 41.3674027777778),5fde295d-c76e-4b23-90ac-476e7ef87c27,USGS-05556500,4e84ab6e-ca2c-579f-e053-0100007f0511,261,1957-07-18T17:25:00+00:00,Imported Channel 1,45.7,ft^3/s,32.0,ft,40.7,ft^2,1.12,ft/s,,,Unspecified,Unspecified,Unspecified,Unspecified,Unspecified,Unknown,Wading,2026-07-01T19:10:53.364778+00:00,point_velocity,Unspecified
05556500,POINT (-89.4979611111111 41.3674027777778),5ffb3fc5-60fb-4156-add0-9e1760b83cfe,USGS-05556500,4e84c5af-1c80-65fd-e053-0100007fb50a,394,1969-06-10T06:00:00+00:00,Imported Channel 1,667,ft^3/s,,,,,,,,ft,Unspecified,Unspecified,Unspecified,Unspecified,Unspecified,Unknown,Unspecified,2026-07-01T19:10:53.364778+00:00,other_method,Unspecified
05556500,POINT (-89.4979611111111 41.3674027777778),602a7d31-49e9-4bfb-9212-d15b00810414,USGS-05556500,4e84c55c-7eb8-6689-e053-0100007f1b45,406,1970-10-23T06:00:00+00:00,Imported Channel 1,145,ft^3/s,,,,,,,,ft,Unspecified,Unspecified,Unspecified,Unspecified,Unspecified,Unknown,Unspecified,2026-07-01T19:10:53.364778+00:00,other_method,Unspecified
05556500,POINT (-89.4979611111111 41.3674027777778),609994f4-6a1c-425b-a8e2-1bbff516db33,USGS-05556500,4e84bff9-1d55-6297-e053-0100007f0a28,465,1976-06-03T06:00:00+00:00,Imported Channel 1,101,ft^3/s,,,,,,,,ft,Unspecified,Unspecified,Unspecified,Unspecified,Unspecified,Unknown,Unspecified,2026-07-01T19:10:53.364778+00:00,other_method,Unspecified
05556500,POINT (-89.4979611111111 41.3674027777778),60eefdfa-9fca-44b5-9ef3-bad35d4552ba,USGS-05556500,4e84b308-b67f-5b17-e053-0100007f3eac,461,1976-03-02T06:00:00+00:00,Imported Channel 1,447,ft^3/s,,,,,,,,ft,Unspecified,Unspecified,Unspecified,Unspecified,Unspecified,Unknown,Unspecified,2026-07-01T19:10:53.364778+00:00,other_method,Unspecified
05556500,POINT (-89.4979611111111 41.3674027777778),60ff2bc1-5b29-4d48-adc2-05954ddae7f0,USGS-05556500,4e84ce17-4b48-6b6c-e053-0100007f6a07,603,1989-10-30T21:10:00+00:00,Imported Channel 1,6.90,ft^3/s,30.0,ft,17.5,ft^2,0.39,ft/s,,,Unspecified,Unspecified,Unspecified,Unspecified,Unspecified,Unknown,Wading,2026-07-01T19:10:53.364778+00:00,point_velocity,Unspecified
05556500,POINT (-89.4979611111111 41.3674027777778),6152528a-f88b-4469-84ef-db08a7626fa5,USGS-05556500,4e84b883-e2e0-5d9f-e053-0100007f9ac7,523,1982-05-05T06:00:00+00:00,Imported Channel 1,116,ft^3/s,68.0,ft,117,ft^2,0.99,ft/s,,,Unspecified,Unspecified,Unspecified,Unspecified,Unspecified,Unknown,Wading,2026-07-01T19:10:53.364778+00:00,point_velocity,Unspecified
05556500,POINT (-89.4979611111111 41.3674027777778),61c9a482-69f8-4cbb-a901-9cd2700ed220,USGS-05556500,4e84e08a-a0c3-7494-e053-0100007f68a7,651,1996-07-25T14:24:00+00:00,Imported Channel 1,192,ft^3/s,100,ft,157,ft^2,1.22,ft/s,,,Unspecified,Unspecified,Unspecified,Unspecified,Unspecified,Unknown,Wading,2026-07-01T19:10:53.364778+00:00,point_velocity,Unspecified
05556500,POINT (-89.4979611111111 41.3674027777778),620cf15a-5248-4b9b-827a-3b4ae2d5fc38,USGS-05556500,4e84aedb-c746-5954-e053-0100007f4f0c,266,1958-04-24T19:20:00+00:00,Imported Channel 1,82.5,ft^3/s,43.5,ft,53.0,ft^2,1.56,ft/s,,,Unspecified,Unspecified,Unspecified,Unspecified,Unspecified,Unknown,Wading,2026-07-01T19:10:53.364778+00:00,point_velocity,Unspecified
05556500,POINT (-89.4979611111111 41.3674027777778),62fc6e4e-8b29-40a3-8787-2e6486434154,USGS-05556500,4e84b94b-f8a9-5f62-e053-0100007f5192,323,1963-09-30T15:45:00+00:00,Imported Channel 1,1.29,ft^3/s,10.6,ft,2.89,ft^2,0.45,ft/s,,,Unspecified,Unspecified,Unspecified,Unspecified,Unspecified,Unknown,Wading,2026-07-01T19:10:53.364778+00:00,point_velocity,Unspecified
05556500,POINT (-89.4979611111111 41.3674027777778),62fce580-4b6b-41e2-95d0-592d2b949c1c,USGS-05556500,4e84a78d-8c0b-5516-e053-0100007fab34,162,1948-07-08T13:50:00+00:00,Imported Channel 1,9.20,ft^3/s,31.0,ft,15.9,ft^2,0.58,ft/s,,,Unspecified,Unspecified,Unspecified,Unspecified,Unspecified,Unknown,Wading,2026-07-01T19:10:53.364778+00:00,point_velocity,Unspecified
05556500,POINT (-89.4979611111111 41.3674027777778),6367b88e-87dc-49d9-b827-427301e5e360,USGS-05556500,4e84af59-901b-577b-e053-0100007fd46e,183,1950-03-22T14:10:00+00:00,Imported Channel 1,59.6,ft^3/s,31.0,ft,35.1,ft^2,1.70,ft/s,,,Unspecified,Unspecified,Unspecified,Unspecified,Unspecified,Unknown,Wading,2026-07-01T19:10:53.364778+00:00,point_velocity,Unspecified
05556500,POINT (-89.4979611111111 41.3674027777778),63845d9a-4308-4452-889e-8344d2606ec4,USGS-05556500,4e84ab73-aceb-577d-e053-0100007fe718,379,1967-02-05T17:30:00+00:00,Imported Channel 1,146,ft^3/s,54.0,ft,61.6,ft^2,2.37,ft/s,,,Unspecified,Unspecified,Unspecified,Unspecified,Unspecified,Unknown,Wading,2026-07-01T19:10:53.364778+00:00,point_velocity,Unspecified
05556500,POINT (-89.4979611111111 41.3674027777778),63ac3b89-a8d7-474e-a7e9-7742d78dc2f2,USGS-05556500,4e84bf58-3465-6287-e053-0100007f3bc5,522,1982-04-02T06:00:00+00:00,Imported Channel 1,186,ft^3/s,62.0,ft,135,ft^2,1.38,ft/s,,,Unspecified,Unspecified,Unspecified,Unspecified,Unspecified,Unknown,Wading,2026-07-01T19:10:53.364778+00:00,point_velocity,Unspecified
05556500,POINT (-89.4979611111111 41.3674027777778),640fa68e-a701-4c39-8945-f2ad347d62b8,USGS-05556500,4e84bfe1-d130-62f5-e053-0100007f7211,354,1966-02-03T18:03:00+00:00,Imported Channel 1,54.9,ft^3/s,35.0,ft,26.3,ft^2,2.10,ft/s,,,Unspecified,Unspecified,Unspecified,Unspecified,Unspecified,Unknown,Wading,2026-07-01T19:10:53.364778+00:00,point_velocity,Unspecified
05556500,POINT (-89.4979611111111 41.3674027777778),64a95d46-4559-4f30-a6d3-594563fa95a8,USGS-05556500,4e84c829-babd-6857-e053-0100007f78f8,531,1982-10-28T06:00:00+00:00,Imported Channel 1,14.8,ft^3/s,23.0,ft,14.5,ft^2,1.02,ft/s,,,Unspecified,Unspecified,Unspecified,Unspecified,Unspecified,Unknown,Wading,2026-07-01T19:10:53.364778+00:00,point_velocity,Unspecified
05556500,POINT (-89.4979611111111 41.3674027777778),64f7c0e4-609f-4e6f-8454-6fe398fab28d,USGS-05556500,4e84a851-dc4f-5590-e053-0100007fb828,411,1971-04-05T06:00:00+00:00,Imported Channel 1,76.4,ft^3/s,,,,,,,,ft,Unspecified,Unspecified,Unspecified,Unspecified,Unspecified,Unknown,Unspecified,2026-07-01T19:10:53.364778+00:00,other_method,Unspecified
05556500,POINT (-89.4979611111111 41.3674027777778),654331ab-aefb-4256-9e88-03d43da2cd8e,USGS-05556500,4e849d81-8d8f-4e3f-e053-0100007f6df6,81,1942-05-12T20:15:00+00:00,Imported Channel 1,68.3,ft^3/s,38.0,ft,62.8,ft^2,1.09,ft/s,,,Unspecified,Unspecified,Unspecified,Unspecified,Unspecified,Unknown,Wading,2026-07-01T19:10:53.364778+00:00,point_velocity,Unspecified
05556500,POINT (-89.4979611111111 41.3674027777778),65f0768d-1e7a-466a-abd5-3bc66c45cdd4,USGS-05556500,4e84e161-3c66-760e-e053-0100007f6e79,683,2000-12-06T18:35:00+00:00,Imported Channel 1,27.7,ft^3/s,27.0,ft,13.7,ft^2,2.02,ft/s,,,Unspecified,Unspecified,Unspecified,Unspecified,Unspecified,Unknown,Wading,2026-07-01T19:10:53.364778+00:00,point_velocity,Unspecified
05556500,POINT (-89.4979611111111 41.3674027777778),65fca79e-6e57-470a-843b-30359e2bf2b8,USGS-05556500,4e84b11b-e651-5a9e-e053-0100007fb762,260,1957-06-20T17:45:00+00:00,Imported Channel 1,48.3,ft^3/s,31.6,ft,41.7,ft^2,1.16,ft/s,,,Unspecified,Unspecified,Unspecified,Unspecified,Unspecified,Unknown,Wading,2026-07-01T19:10:53.364778+00:00,point_velocity,Unspecified
05556500,POINT (-89.4979611111111 41.3674027777778),6605e9c3-c240-461e-a94d-123092ea9427,USGS-05556500,4e84a33b-6df5-52e5-e053-0100007f6a68,171,1949-04-08T17:15:00+00:00,Imported Channel 1,103,ft^3/s,69.0,ft,78.2,ft^2,1.32,ft/s,,,Unspecified,Unspecified,Unspecified,Unspecified,Unspecified,Unknown,Wading,2026-07-01T19:10:53.364778+00:00,point_velocity,Unspecified
05556500,POINT (-89.4979611111111 41.3674027777778),66b5b63a-5b83-4f08-a4a9-17310ed48a7d,USGS-05556500,4e8497d8-ed74-4bb3-e053-0100007f656d,23,1938-03-24T16:20:00+00:00,Imported Channel 1,496,ft^3/s,123,ft,490,ft^2,1.01,ft/s,,,Unspecified,Unspecified,Unspecified,Unspecified,Unspecified,Unknown,BridgeCrane,2026-07-01T19:10:53.364778+00:00,point_velocity,Unspecified
05556500,POINT (-89.4979611111111 41.3674027777778),6709f045-a683-42e6-8abe-26d7def9a676,USGS-05556500,4e84a853-78ce-5582-e053-0100007f2424,136,1946-07-03T15:30:00+00:00,Imported Channel 1,58.7,ft^3/s,49.0,ft,119,ft^2,0.49,ft/s,,,Unspecified,Unspecified,Unspecified,Unspecified,Unspecified,Unknown,Wading,2026-07-01T19:10:53.364778+00:00,point_velocity,Unspecified
05556500,POINT (-89.4979611111111 41.3674027777778),6715fe52-591e-4b69-83e0-770bdff7b2a6,USGS-05556500,4e84aab4-9b2c-56cf-e053-0100007f10e8,57,1940-08-15T21:50:00+00:00,Imported Channel 1,0.53,ft^3/s,12.0,ft,3.54,ft^2,0.15,ft/s,,,Unspecified,Unspecified,Unspecified,Unspecified,Unspecified,Unknown,Wading,2026-07-01T19:10:53.364778+00:00,point_velocity,Unspecified
05556500,POINT (-89.4979611111111 41.3674027777778),671f8692-035d-4e30-a442-d5e0436498e6,USGS-05556500,4e84a73e-3b91-54a6-e053-0100007fb1a0,3,1936-03-04T15:50:00+00:00,Imported Channel 1,2010,ft^3/s,138,ft,827,ft^2,2.28,ft/s,,,Unspecified,Unspecified,Unspecified,Unspecified,Unspecified,Unknown,BridgeCrane,2026-07-01T19:10:53.364778+00:00,point_velocity,Unspecified
05556500,POINT (-89.4979611111111 41.3674027777778),6730c569-1113-4214-846d-3d58e38f3535,USGS-05556500,4e84ae7b-faad-58d0-e053-0100007f0c2e,126,1945-08-23T22:00:00+00:00,Imported Channel 1,12.9,ft^3/s,19.9,ft,11.0,ft^2,1.17,ft/s,,,Unspecified,Unspecified,Unspecified,Unspecified,Unspecified,Unknown,Wading,2026-07-01T19:10:53.364778+00:00,point_velocity,Unspecified
05556500,POINT (-89.4979611111111 41.3674027777778),67597b4d-8e4a-4610-8086-f4a87cdebaf6,USGS-05556500,4e84b1b7-0443-5ad9-e053-0100007f3f9b,46,1939-10-23T17:30:00+00:00,Imported Channel 1,1.43,ft^3/s,16.0,ft,5.14,ft^2,0.28,ft/s,,,Unspecified,Unspecified,Unspecified,Unspecified,Unspecified,Unknown,Wading,2026-07-01T19:10:53.364778+00:00,point_velocity,Unspecified
05556500,POINT (-89.4979611111111 41.3674027777778),67624850-652c-45f5-91b0-2800cec440fb,USGS-05556500,4e84b24b-cd5b-5b5d-e053-0100007f498a,272,1958-11-20T15:50:00+00:00,Imported Channel 1,12.0,ft^3/s,31.0,ft,11.1,ft^2,1.08,ft/s,,,Unspecified,Unspecified,Unspecified,Unspecified,Unspecified,Unknown,Wading,2026-07-01T19:10:53.364778+00:00,point_velocity,Unspecified
05556500,POINT (-89.4979611111111 41.3674027777778),678f3496-78fe-4457-8f43-5331dfb63084,USGS-05556500,4e84df01-d0ae-750c-e053-0100007f7f05,644,1995-10-20T15:10:00+00:00,Imported Channel 1,4.98,ft^3/s,14.0,ft,4.04,ft^2,1.23,ft/s,,,Unspecified,Unspecified,Unspecified,Unspecified,Unspecified,Unknown,Wading,2026-07-01T19:10:53.364778+00:00,point_velocity,Unspecified
05556500,POINT (-89.4979611111111 41.3674027777778),67e4e20c-bd08-4ab0-8c12-00b0023bad5d,USGS-05556500,4e84c069-d1ef-632a-e053-0100007f2f76,336,1964-10-12T19:50:00+00:00,Imported Channel 1,1.82,ft^3/s,11.8,ft,3.87,ft^2,0.47,ft/s,,,Unspecified,Unspecified,Unspecified,Unspecified,Unspecified,Unknown,Wading,2026-07-01T19:10:53.364778+00:00,point_velocity,Unspecified
05556500,POINT (-89.4979611111111 41.3674027777778),680249d1-5283-4056-9420-cbabd1149445,USGS-05556500,74f2766d-9722-4c1e-9aa2-9519ad8c1e1c,822,2024-01-30T17:52:09+00:00,main,1140,ft^3/s,126,ft,321,ft^2,3.54,ft/s,0.00,ft,Firm,Gravel,Even,Even,Standard,Steady,BridgeDownstreamSide,2026-07-01T19:10:53.364778+00:00,adcp,AtTheGage
05556500,POINT (-89.4979611111111 41.3674027777778),6803f945-781b-4646-9dff-b1a81ab7c5e9,USGS-05556500,4e84cef2-faf7-6bc4-e053-0100007f3b67,575,1986-10-22T15:35:00+00:00,Imported Channel 1,92.9,ft^3/s,72.0,ft,72.4,ft^2,1.28,ft/s,,,Unspecified,Unspecified,Unspecified,Unspecified,Unspecified,Unknown,Wading,2026-07-01T19:10:53.364778+00:00,point_velocity,Unspecified
05556500,POINT (-89.4979611111111 41.3674027777778),6897f4ac-70d7-403b-bb28-efa2499ce0c8,USGS-05556500,4e84b3ae-2177-5bff-e053-0100007fa804,469,1976-11-11T06:00:00+00:00,Imported Channel 1,1.85,ft^3/s,,,,,,,,ft,Unspecified,Unspecified,Unspecified,Unspecified,Unspecified,Unknown,Unspecified,2026-07-01T19:10:53.364778+00:00,other_method,Unspecified
05556500,POINT (-89.4979611111111 41.3674027777778),68e09d79-93a3-4996-bc4b-e30b99d7261d,USGS-05556500,4e84af59-9021-577b-e053-0100007fd46e,189,1950-06-21T18:50:00+00:00,Imported Channel 1,276,ft^3/s,95.0,ft,208,ft^2,1.33,ft/s,,,Unspecified,Unspecified,Unspecified,Unspecified,Unspecified,Unknown,Wading,2026-07-01T19:10:53.364778+00:00,point_velocity,Unspecified
05556500,POINT (-89.4979611111111 41.3674027777778),6925b016-2fdd-424c-9190-91ce4e7882dd,USGS-05556500,4e84bf9d-d1a1-62ef-e053-0100007f45b9,356,1966-03-17T19:06:00+00:00,Imported Channel 1,119,ft^3/s,54.0,ft,41.3,ft^2,2.88,ft/s,,,Unspecified,Unspecified,Unspecified,Unspecified,Unspecified,Unknown,Wading,2026-07-01T19:10:53.364778+00:00,point_velocity,Unspecified
05556500,POINT (-89.4979611111111 41.3674027777778),69504ce4-ec5d-4083-abc7-b5138d192c6b,USGS-05556500,4e84a852-8208-5574-e053-0100007f521c,76,1941-10-03T20:50:00+00:00,Imported Channel 1,2480,ft^3/s,243,ft,1460,ft^2,1.70,ft/s,,,Unspecified,Unspecified,Unspecified,Unspecified,Unspecified,Unknown,BridgeCrane,2026-07-01T19:10:53.364778+00:00,point_velocity,Unspecified
05556500,POINT (-89.4979611111111 41.3674027777778),695972d7-cead-4d5b-8842-51219a1e5759,USGS-05556500,4e84c825-0199-6827-e053-0100007fbfc4,537,1983-05-13T06:00:00+00:00,Imported Channel 1,161,ft^3/s,48.0,ft,61.7,ft^2,2.61,ft/s,,,Unspecified,Unspecified,Unspecified,Unspecified,Unspecified,Unknown,Wading,2026-07-01T19:10:53.364778+00:00,point_velocity,Unspecified
05556500,POINT (-89.4979611111111 41.3674027777778),6979b5f8-d979-4f67-962c-6e5af9dc11b4,USGS-05556500,4e84b308-b650-5b17-e053-0100007f3eac,50,1940-02-23T17:35:00+00:00,Imported Channel 1,15.6,ft^3/s,19.0,ft,14.2,ft^2,1.10,ft/s,,,Unspecified,Unspecified,Unspecified,Unspecified,Unspecified,Unknown,Wading,2026-07-01T19:10:53.364778+00:00,point_velocity,Unspecified
05556500,POINT (-89.4979611111111 41.3674027777778),6a1d571b-6021-4f52-a187-16bb77aa5057,USGS-05556500,4e84c439-fe25-6603-e053-0100007f8ed8,390,1969-02-19T06:00:00+00:00,Imported Channel 1,40.0,ft^3/s,,,,,,,,ft,Unspecified,Unspecified,Unspecified,Unspecified,Unspecified,Unknown,Unspecified,2026-07-01T19:10:53.364778+00:00,other_method,Unspecified
05556500,POINT (-89.4979611111111 41.3674027777778),6adb1319-14d5-424b-82fd-8881b99a61e5,USGS-05556500,4e84c4f7-be12-65f9-e053-0100007f68cb,407,1970-11-25T06:00:00+00:00,Imported Channel 1,182,ft^3/s,,,,,,,,ft,Unspecified,Unspecified,Unspecified,Unspecified,Unspecified,Unknown,Unspecified,2026-07-01T19:10:53.364778+00:00,other_method,Unspecified
05556500,POINT (-89.4979611111111 41.3674027777778),6afd3a03-a2c3-4971-87a1-ea61066aa2da,USGS-05556500,4e84b247-e2b6-5b83-e053-0100007f6523,556,1984-09-25T06:00:00+00:00,Imported Channel 1,11.7,ft^3/s,30.0,ft,33.3,ft^2,0.35,ft/s,,,Unspecified,Unspecified,Unspecified,Unspecified,Unspecified,Unknown,Wading,2026-07-01T19:10:53.364778+00:00,point_velocity,Unspecified
05556500,POINT (-89.4979611111111 41.3674027777778),6b97ee53-48fb-4fbd-b596-ce9b2b534864,USGS-05556500,4e84cf46-3c56-6c88-e053-0100007f29f3,645,1995-12-06T18:25:00+00:00,Imported Channel 1,43.4,ft^3/s,49.0,ft,25.6,ft^2,1.70,ft/s,,,Unspecified,Unspecified,Unspecified,Unspecified,Unspecified,Unknown,Wading,2026-07-01T19:10:53.364778+00:00,point_velocity,Unspecified
05556500,POINT (-89.4979611111111 41.3674027777778),6bbf349c-bdae-469d-b374-bbc9e633bbc8,USGS-05556500,4e84af11-962f-58c8-e053-0100007f0987,153,1947-10-22T20:45:00+00:00,Imported Channel 1,1.92,ft^3/s,7.20,ft,3.26,ft^2,0.59,ft/s,,,Unspecified,Unspecified,Unspecified,Unspecified,Unspecified,Unknown,Wading,2026-07-01T19:10:53.364778+00:00,point_velocity,Unspecified
05556500,POINT (-89.4979611111111 41.3674027777778),6bdae441-6555-4f54-8487-6f7558fa329f,USGS-05556500,4e84c4fb-c0ab-65fb-e053-0100007f2886,409,1971-02-16T06:00:00+00:00,Imported Channel 1,35.1,ft^3/s,,,,,,,,ft,Unspecified,Unspecified,Unspecified,Unspecified,Unspecified,Unknown,Unspecified,2026-07-01T19:10:53.364778+00:00,other_method,Unspecified
05556500,POINT (-89.4979611111111 41.3674027777778),6c2c30c1-bb94-48e7-a24b-151464682288,USGS-05556500,4e84bf9d-d194-62ef-e053-0100007f45b9,277,1959-06-18T14:55:00+00:00,Imported Channel 1,20.8,ft^3/s,28.0,ft,29.7,ft^2,0.70,ft/s,,,Unspecified,Unspecified,Unspecified,Unspecified,Unspecified,Unknown,Wading,2026-07-01T19:10:53.364778+00:00,point_velocity,Unspecified
05556500,POINT (-89.4979611111111 41.3674027777778),6c9d438b-7a59-4aa5-ba90-1a4d10e9f57e,USGS-05556500,4e84c80e-0e43-67d5-e053-0100007f0f93,548,1984-03-05T06:00:00+00:00,Imported Channel 1,113,ft^3/s,54.0,ft,74.6,ft^2,1.52,ft/s,,,Unspecified,Unspecified,Unspecified,Unspecified,Unspecified,Unknown,Wading,2026-07-01T19:10:53.364778+00:00,point_velocity,Unspecified
05556500,POINT (-89.4979611111111 41.3674027777778),6ca25c70-94ac-4ff9-8c11-84e9a926849c,USGS-05556500,4e84c6e0-12cb-67aa-e053-0100007f7e7c,368,1967-03-22T19:49:00+00:00,Imported Channel 1,629,ft^3/s,133,ft,357,ft^2,1.76,ft/s,,,Unspecified,Unspecified,Unspecified,Unspecified,Unspecified,Unknown,BridgeCrane,2026-07-01T19:10:53.364778+00:00,point_velocity,Unspecified
05556500,POINT (-89.4979611111111 41.3674027777778),6ca3aa79-d29c-40fd-b59d-44161510ed48,USGS-05556500,4e84d4d7-f90e-6f15-e053-0100007f414e,561,1985-04-26T06:00:00+00:00,Imported Channel 1,110,ft^3/s,105,ft,122,ft^2,0.90,ft/s,,,Unspecified,Unspecified,Unspecified,Unspecified,Unspecified,Unknown,Wading,2026-07-01T19:10:53.364778+00:00,point_velocity,Unspecified
05556500,POINT (-89.4979611111111 41.3674027777778),6ca5157a-a31e-4286-97fa-1b3581a9a49f,USGS-05556500,4e84d16c-40ad-6c1a-e053-0100007f9424,658,1997-04-29T18:29:00+00:00,Imported Channel 1,94.0,ft^3/s,38.0,ft,39.4,ft^2,2.38,ft/s,,,Unspecified,Unspecified,Unspecified,Unspecified,Unspecified,Unknown,Wading,2026-07-01T19:10:53.364778+00:00,point_velocity,Unspecified
05556500,POINT (-89.4979611111111 41.3674027777778),6da9c2ed-c474-44dd-801a-051413f75915,USGS-05556500,4e84d313-a03a-6e50-e053-0100007ff57f,639,1995-04-11T22:05:00+00:00,Imported Channel 1,740,ft^3/s,123,ft,312,ft^2,2.37,ft/s,,,Unspecified,Unspecified,Unspecified,Unspecified,Unspecified,Unknown,BridgeCrane,2026-07-01T19:10:53.364778+00:00,point_velocity,Unspecified
05556500,POINT (-89.4979611111111 41.3674027777778),6e735490-65b0-4c11-93e1-de046f97b9ad,USGS-05556500,4e84c559-c1c1-665d-e053-0100007fa715,503,1980-04-23T06:00:00+00:00,Imported Channel 1,206,ft^3/s,,,,,,,,ft,Unspecified,Unspecified,Unspecified,Unspecified,Unspecified,Unknown,Unspecified,2026-07-01T19:10:53.364778+00:00,other_method,Unspecified
05556500,POINT (-89.4979611111111 41.3674027777778),6e8bb48d-28d5-453c-87b4-43564d263cee,USGS-05556500,4e84cbb2-c14e-69b6-e053-0100007f3b1f,445,1974-10-09T06:00:00+00:00,Imported Channel 1,10.6,ft^3/s,,,,,,,,ft,Unspecified,Unspecified,Unspecified,Unspecified,Unspecified,Unknown,Unspecified,2026-07-01T19:10:53.364778+00:00,other_method,Unspecified
05556500,POINT (-89.4979611111111 41.3674027777778),6e961c41-1c8a-4456-851f-b59d2f6fc113,USGS-05556500,4e84cef2-faf6-6bc4-e053-0100007f3b67,573,1986-07-30T06:00:00+00:00,Imported Channel 1,53.7,ft^3/s,50.0,ft,56.1,ft^2,0.96,ft/s,,,Unspecified,Unspecified,Unspecified,Unspecified,Unspecified,Unknown,Wading,2026-07-01T19:10:53.364778+00:00,point_velocity,Unspecified
05556500,POINT (-89.4979611111111 41.3674027777778),6efeeee8-f82f-4f1d-825b-d1bd04fe9ff6,USGS-05556500,4e84bf58-347a-6287-e053-0100007f3bc5,593,1988-10-04T21:35:00+00:00,Imported Channel 1,2.68,ft^3/s,8.00,ft,2.60,ft^2,1.03,ft/s,,,Unspecified,Unspecified,Unspecified,Unspecified,Unspecified,Unknown,Wading,2026-07-01T19:10:53.364778+00:00,point_velocity,Unspecified
05556500,POINT (-89.4979611111111 41.3674027777778),6f00a5a5-2747-4474-9af2-7b854d9abad3,USGS-05556500,4e84dddb-bb2b-74e2-e053-0100007f28f5,706,2003-12-03T14:10:00+00:00,Imported Channel 1,7.07,ft^3/s,42.5,ft,17.6,ft^2,0.40,ft/s,,,Unspecified,Unspecified,Unspecified,Unspecified,Unspecified,Unknown,Wading,2026-07-01T19:10:53.364778+00:00,point_velocity,Unspecified
05556500,POINT (-89.4979611111111 41.3674027777778),6f3991bc-1493-460f-be6a-b116f048ea5f,USGS-05556500,4e84acd4-d8b2-56ff-e053-0100007f2f5a,310,1962-08-09T19:30:00+00:00,Imported Channel 1,13.8,ft^3/s,37.0,ft,16.5,ft^2,0.84,ft/s,,,Unspecified,Unspecified,Unspecified,Unspecified,Unspecified,Unknown,Wading,2026-07-01T19:10:53.364778+00:00,point_velocity,Unspecified
05556500,POINT (-89.4979611111111 41.3674027777778),6fa62445-3c52-43a7-96af-c431fd2388bc,USGS-05556500,4e84c069-d1ff-632a-e053-0100007f2f76,559,1985-01-08T06:00:00+00:00,Imported Channel 1,118,ft^3/s,54.0,ft,77.0,ft^2,1.53,ft/s,,,Unspecified,Unspecified,Unspecified,Unspecified,Unspecified,Unknown,Wading,2026-07-01T19:10:53.364778+00:00,point_velocity,Unspecified
05556500,POINT (-89.4979611111111 41.3674027777778),6fda1462-e650-45e1-9792-404b24e0b32d,USGS-05556500,4e84b2d6-6614-5b5f-e053-0100007fb4cc,243,1955-12-19T17:50:00+00:00,Imported Channel 1,16.1,ft^3/s,22.0,ft,16.6,ft^2,0.97,ft/s,,,Unspecified,Unspecified,Unspecified,Unspecified,Unspecified,Unknown,Wading,2026-07-01T19:10:53.364778+00:00,point_velocity,Unspecified
05556500,POINT (-89.4979611111111 41.3674027777778),7010ab7e-5e87-4c84-b068-5a5b9bfe2ba2,USGS-05556500,4e84a7e2-372d-550e-e053-0100007f0b33,133,1946-03-08T16:55:00+00:00,Imported Channel 1,392,ft^3/s,68.0,ft,158,ft^2,2.48,ft/s,,,Unspecified,Unspecified,Unspecified,Unspecified,Unspecified,Unknown,Wading,2026-07-01T19:10:53.364778+00:00,point_velocity,Unspecified
05556500,POINT (-89.4979611111111 41.3674027777778),702996b5-8aa6-46e2-bce2-f96f8af42fc9,USGS-05556500,4e84adb9-1fb2-5896-e053-0100007f8a0e,103,1944-05-04T23:05:00+00:00,Imported Channel 1,229,ft^3/s,43.3,ft,110,ft^2,2.08,ft/s,,,Unspecified,Unspecified,Unspecified,Unspecified,Unspecified,Unknown,Wading,2026-07-01T19:10:53.364778+00:00,point_velocity,Unspecified
05556500,POINT (-89.4979611111111 41.3674027777778),714522b3-4e2e-4193-8a35-0d04f1e4e64d,USGS-05556500,4e84d313-a03f-6e50-e053-0100007ff57f,656,1997-02-22T16:00:00+00:00,Imported Channel 1,8150,ft^3/s,194,ft,1720,ft^2,4.74,ft/s,,,Unspecified,Unspecified,Unspecified,Unspecified,Unspecified,Unknown,BridgeCrane,2026-07-01T19:10:53.364778+00:00,point_velocity,Unspecified
05556500,POINT (-89.4979611111111 41.3674027777778),71f3382c-3720-4fdf-b69a-33f7adab22b6,USGS-05556500,4e84c162-2c8c-6422-e053-0100007f66b4,432,1973-06-08T06:00:00+00:00,Imported Channel 1,203,ft^3/s,,,,,,,,ft,Unspecified,Unspecified,Unspecified,Unspecified,Unspecified,Unknown,Unspecified,2026-07-01T19:10:53.364778+00:00,other_method,Unspecified
05556500,POINT (-89.4979611111111 41.3674027777778),72124087-4dcd-4852-9026-fb15d6848d5e,USGS-05556500,4e84a80e-1ea5-54ec-e053-0100007f2a54,334,1964-08-12T21:00:00+00:00,Imported Channel 1,3.20,ft^3/s,30.0,ft,6.40,ft^2,0.50,ft/s,,,Unspecified,Unspecified,Unspecified,Unspecified,Unspecified,Unknown,Wading,2026-07-01T19:10:53.364778+00:00,point_velocity,Unspecified
05556500,POINT (-89.4979611111111 41.3674027777778),73af390c-e985-4238-9722-f489593c71c6,USGS-05556500,4e84eb02-03ff-7a9a-e053-0100007f0d77,727,2007-10-09T19:59:00+00:00,Imported Channel 1,31.1,ft^3/s,51.0,ft,32.4,ft^2,0.96,ft/s,,,Unspecified,Unspecified,Unspecified,Unspecified,Unspecified,Unknown,Wading,2026-07-01T19:10:53.364778+00:00,point_velocity,Unspecified
05556500,POINT (-89.4979611111111 41.3674027777778),744386e0-5185-46f4-8f3b-847c51d8cfb8,USGS-05556500,4e84d03a-1cd5-6c72-e053-0100007fef9b,512,1981-03-17T06:00:00+00:00,Imported Channel 1,82.8,ft^3/s,59.0,ft,94.9,ft^2,0.87,ft/s,,,Unspecified,Unspecified,Unspecified,Unspecified,Unspecified,Unknown,Wading,2026-07-01T19:10:53.364778+00:00,point_velocity,Unspecified
05556500,POINT (-89.4979611111111 41.3674027777778),74a85fe8-4f58-4b21-b3ff-beb36fa986d6,USGS-05556500,4e84c4b6-3c7f-665b-e053-0100007ff201,444,1974-08-21T06:00:00+00:00,Imported Channel 1,13.5,ft^3/s,,,,,,,,ft,Unspecified,Unspecified,Unspecified,Unspecified,Unspecified,Unknown,Unspecified,2026-07-01T19:10:53.364778+00:00,other_method,Unspecified
05556500,POINT (-89.4979611111111 41.3674027777778),7512c45e-cbea-4393-a3ad-5c1865b26ec4,USGS-05556500,4e84b7bd-2282-5d9b-e053-0100007f37df,387,1968-09-30T17:15:00+00:00,Imported Channel 1,6.41,ft^3/s,19.0,ft,5.66,ft^2,1.13,ft/s,,,Unspecified,Unspecified,Unspecified,Unspecified,Unspecified,Unknown,Wading,2026-07-01T19:10:53.364778+00:00,point_velocity,Unspecified
05556500,POINT (-89.4979611111111 41.3674027777778),751c7b34-bca7-4a33-ac65-5ac776f92d4a,USGS-05556500,4e84b11b-e650-5a9e-e053-0100007fb762,259,1957-05-29T16:45:00+00:00,Imported Channel 1,157,ft^3/s,61.7,ft,135,ft^2,1.16,ft/s,,,Unspecified,Unspecified,Unspecified,Unspecified,Unspecified,Unknown,Wading,2026-07-01T19:10:53.364778+00:00,point_velocity,Unspecified
05556500,POINT (-89.4979611111111 41.3674027777778),75c8ef52-bc7a-4db6-9deb-b1e182cb14e7,USGS-05556500,4e84ed18-56f7-7d10-e053-0100007f4650,774,2015-08-06T20:33:30+00:00,main,37.5,ft^3/s,61.0,ft,43.7,ft^2,0.86,ft/s,150.00,ft,Firm,CobblesBoulders,Uneven,Even,Standard,Unknown,Wading,2026-07-01T19:10:53.364778+00:00,point_velocity,Downstream
05556500,POINT (-89.4979611111111 41.3674027777778),75d4fdf8-75ce-4cc8-a36c-5a509da7f057,USGS-05556500,4e84c825-0184-6827-e053-0100007fbfc4,422,1972-05-04T06:00:00+00:00,Imported Channel 1,127,ft^3/s,,,,,,,,ft,Unspecified,Unspecified,Unspecified,Unspecified,Unspecified,Unknown,Unspecified,2026-07-01T19:10:53.364778+00:00,other_method,Unspecified
05556500,POINT (-89.4979611111111 41.3674027777778),75e79a54-147d-4cce-94fa-ef3017312234,USGS-05556500,4e84b3ae-2139-5bff-e053-0100007fa804,301,1961-09-19T16:40:00+00:00,Imported Channel 1,29.4,ft^3/s,30.2,ft,41.5,ft^2,0.71,ft/s,,,Unspecified,Unspecified,Unspecified,Unspecified,Unspecified,Unknown,Wading,2026-07-01T19:10:53.364778+00:00,point_velocity,Unspecified
05556500,POINT (-89.4979611111111 41.3674027777778),75ee8c01-a134-42ca-9e56-625ebee2bcf1,USGS-05556500,4e84d314-d839-6e56-e053-0100007f3ed7,718,2006-02-27T19:25:00+00:00,Imported Channel 1,7.28,ft^3/s,14.5,ft,6.11,ft^2,1.19,ft/s,,,Unspecified,Unspecified,Unspecified,Unspecified,Unspecified,Unknown,Wading,2026-07-01T19:10:53.364778+00:00,point_velocity,Unspecified
05556500,POINT (-89.4979611111111 41.3674027777778),769baf0c-2958-48f6-b437-752e9f602aac,USGS-05556500,4e84aee7-2755-58d2-e053-0100007f6135,247,1956-04-19T17:40:00+00:00,Imported Channel 1,9.96,ft^3/s,19.6,ft,14.4,ft^2,0.96,ft/s,,,Unspecified,Unspecified,Unspecified,Unspecified,Unspecified,Unknown,Wading,2026-07-01T19:10:53.364778+00:00,point_velocity,Unspecified
05556500,POINT (-89.4979611111111 41.3674027777778),76d38da2-5f50-4053-b466-bd06f58aae47,USGS-05556500,4e84b39c-df8a-5bf9-e053-0100007fa9f2,383,1968-06-06T16:10:00+00:00,Imported Channel 1,56.5,ft^3/s,44.0,ft,29.9,ft^2,1.89,ft/s,,,Unspecified,Unspecified,Unspecified,Unspecified,Unspecified,Unknown,Wading,2026-07-01T19:10:53.364778+00:00,point_velocity,Unspecified
05556500,POINT (-89.4979611111111 41.3674027777778),77d7ece0-0414-4f54-9085-26e89b265a9e,USGS-05556500,4e84b825-f267-5da1-e053-0100007f34be,145,1947-04-05T12:25:00+00:00,Imported Channel 1,3950,ft^3/s,243,ft,1260,ft^2,3.13,ft/s,,,Unspecified,Unspecified,Unspecified,Unspecified,Unspecified,Unknown,Wading,2026-07-01T19:10:53.364778+00:00,point_velocity,Unspecified
05556500,POINT (-89.4979611111111 41.3674027777778),77f7d807-3ed1-4026-948b-49ef7204e355,USGS-05556500,4e84c162-2ca2-6422-e053-0100007f66b4,546,1983-12-09T06:00:00+00:00,Imported Channel 1,91.2,ft^3/s,38.0,ft,62.9,ft^2,1.45,ft/s,,,Unspecified,Unspecified,Unspecified,Unspecified,Unspecified,Unknown,Wading,2026-07-01T19:10:53.364778+00:00,point_velocity,Unspecified
05556500,POINT (-89.4979611111111 41.3674027777778),786ce6b6-8a63-4342-a642-d68e97efc290,USGS-05556500,4e84cf11-1752-6c50-e053-0100007f8b61,560,1985-02-27T06:00:00+00:00,Imported Channel 1,775,ft^3/s,128,ft,272,ft^2,2.85,ft/s,,,Unspecified,Unspecified,Unspecified,Unspecified,Unspecified,Unknown,Wading,2026-07-01T19:10:53.364778+00:00,point_velocity,Unspecified
05556500,POINT (-89.4979611111111 41.3674027777778),78db56ff-15ea-4f09-80fa-5622bddeef1f,USGS-05556500,4e84b3ae-213c-5bff-e053-0100007fa804,316,1963-02-08T16:35:00+00:00,Imported Channel 1,2.95,ft^3/s,17.5,ft,6.30,ft^2,0.47,ft/s,,,Unspecified,Unspecified,Unspecified,Unspecified,Unspecified,Unknown,Wading,2026-07-01T19:10:53.364778+00:00,point_velocity,Unspecified
05556500,POINT (-89.4979611111111 41.3674027777778),78db7ca5-4067-4107-a2ff-bfe8fa9aef91,USGS-05556500,4e84da6b-5b6b-7238-e053-0100007ff317,614,1990-12-06T18:50:00+00:00,Imported Channel 1,316,ft^3/s,61.0,ft,129,ft^2,2.45,ft/s,,,Unspecified,Unspecified,Unspecified,Unspecified,Unspecified,Unknown,Wading,2026-07-01T19:10:53.364778+00:00,point_velocity,Unspecified
05556500,POINT (-89.4979611111111 41.3674027777778),78f85926-338f-495c-b495-e2ac7f1a9970,USGS-05556500,4e8497d8-ed84-4bb3-e053-0100007f656d,98,1944-01-31T23:20:00+00:00,Imported Channel 1,9.63,ft^3/s,10.6,ft,6.72,ft^2,1.43,ft/s,,,Unspecified,Unspecified,Unspecified,Unspecified,Unspecified,Unknown,Wading,2026-07-01T19:10:53.364778+00:00,point_velocity,Unspecified
05556500,POINT (-89.4979611111111 41.3674027777778),78fa5364-3abf-4b5f-baf7-94d14294ff38,USGS-05556500,4e84b204-37e6-5acf-e053-0100007f07fa,475,1977-07-20T06:00:00+00:00,Imported Channel 1,4.21,ft^3/s,,,,,,,,ft,Unspecified,Unspecified,Unspecified,Unspecified,Unspecified,Unknown,Unspecified,2026-07-01T19:10:53.364778+00:00,other_method,Unspecified
05556500,POINT (-89.4979611111111 41.3674027777778),7a073eb3-ebd6-454d-a2b9-c802485cd2d1,USGS-05556500,4e84b98a-2b1b-5fe3-e053-0100007f37e1,418,1971-12-09T06:00:00+00:00,Imported Channel 1,5.78,ft^3/s,,,,,,,,ft,Unspecified,Unspecified,Unspecified,Unspecified,Unspecified,Unknown,Unspecified,2026-07-01T19:10:53.364778+00:00,other_method,Unspecified
05556500,POINT (-89.4979611111111 41.3674027777778),7a79fdc8-8378-482d-a49d-100054f520cc,USGS-05556500,4e84b698-327f-5db1-e053-0100007f0d20,146,1947-04-06T17:55:00+00:00,Imported Channel 1,13.8,ft^3/s,118,ft,472,ft^2,2.92,ft/s,,,Unspecified,Unspecified,Unspecified,Unspecified,Unspecified,Unknown,Wading,2026-07-01T19:10:53.364778+00:00,point_velocity,Unspecified
05556500,POINT (-89.4979611111111 41.3674027777778),7aa424ed-3700-4934-a831-304ac431cf36,USGS-05556500,4e84aad8-a733-56f7-e053-0100007f97c6,203,1951-09-20T16:45:00+00:00,Imported Channel 1,22.0,ft^3/s,22.0,ft,144,ft^2,1.52,ft/s,,,Unspecified,Unspecified,Unspecified,Unspecified,Unspecified,Unknown,Wading,2026-07-01T19:10:53.364778+00:00,point_velocity,Unspecified
05556500,POINT (-89.4979611111111 41.3674027777778),7ac779ce-b0bd-4986-8823-b0dccb1c006b,USGS-05556500,4e84dc69-394f-7324-e053-0100007fe092,675,1999-12-07T19:50:00+00:00,Imported Channel 1,24.9,ft^3/s,33.0,ft,37.3,ft^2,0.67,ft/s,,,Unspecified,Unspecified,Unspecified,Unspecified,Unspecified,Unknown,Wading,2026-07-01T19:10:53.364778+00:00,point_velocity,Unspecified
05556500,POINT (-89.4979611111111 41.3674027777778),7ac9c975-4b71-4631-9fae-c71b7696f72c,USGS-05556500,4e84d4cd-91ba-6f0b-e053-0100007f6487,580,1987-05-26T17:15:00+00:00,Imported Channel 1,276,ft^3/s,61.0,ft,112,ft^2,2.47,ft/s,,,Unspecified,Unspecified,Unspecified,Unspecified,Unspecified,Unknown,Wading,2026-07-01T19:10:53.364778+00:00,point_velocity,Unspecified
05556500,POINT (-89.4979611111111 41.3674027777778),7afc333b-a2b4-4484-b869-70aae502372c,USGS-05556500,4e84b18e-3f8f-5b13-e053-0100007ffdfc,458,1975-12-02T06:00:00+00:00,Imported Channel 1,20.6,ft^3/s,,,,,,,,ft,Unspecified,Unspecified,Unspecified,Unspecified,Unspecified,Unknown,Unspecified,2026-07-01T19:10:53.364778+00:00,other_method,Unspecified
05556500,POINT (-89.4979611111111 41.3674027777778),7b00d5e3-20e5-4706-a5c9-bc5470c40954,USGS-05556500,4e84b5b1-f491-5cdb-e053-0100007fd02c,353,1966-01-21T20:21:00+00:00,Imported Channel 1,111,ft^3/s,53.0,ft,44.0,ft^2,2.53,ft/s,,,Unspecified,Unspecified,Unspecified,Unspecified,Unspecified,Unknown,Wading,2026-07-01T19:10:53.364778+00:00,point_velocity,Unspecified
05556500,POINT (-89.4979611111111 41.3674027777778),7b300f2d-dab1-435a-8641-1ecfbc15fc33,USGS-05556500,4e84c49c-b0a4-65ff-e053-0100007fe8c4,399,1969-12-04T06:00:00+00:00,Imported Channel 1,31.0,ft^3/s,,,,,,,,ft,Unspecified,Unspecified,Unspecified,Unspecified,Unspecified,Unknown,Unspecified,2026-07-01T19:10:53.364778+00:00,other_method,Unspecified
05556500,POINT (-89.4979611111111 41.3674027777778),7b9a47c4-183b-48cb-91d8-3bb3b7c99da6,USGS-05556500,4e84dfe1-1c9a-7610-e053-0100007f86fe,685,2001-02-26T18:32:00+00:00,Imported Channel 1,1030,ft^3/s,130,ft,326,ft^2,3.17,ft/s,,,Unspecified,Unspecified,Unspecified,Unspecified,Unspecified,Unknown,BridgeCrane,2026-07-01T19:10:53.364778+00:00,point_velocity,Unspecified
05556500,POINT (-89.4979611111111 41.3674027777778),7c4db725-0215-4b48-99c2-596c06015ecc,USGS-05556500,4e84b98a-2b0f-5fe3-e053-0100007f37e1,345,1965-05-13T19:00:00+00:00,Imported Channel 1,88.4,ft^3/s,70.0,ft,88.2,ft^2,1.00,ft/s,,,Unspecified,Unspecified,Unspecified,Unspecified,Unspecified,Unknown,Wading,2026-07-01T19:10:53.364778+00:00,point_velocity,Unspecified
05556500,POINT (-89.4979611111111 41.3674027777778),7c98da7c-76d2-4e96-80df-c22d462ac361,USGS-05556500,4e84cb1f-78d1-69be-e053-0100007f34d2,662,1997-11-20T14:17:00+00:00,Imported Channel 1,6.57,ft^3/s,37.0,ft,29.4,ft^2,0.22,ft/s,,,Unspecified,Unspecified,Unspecified,Unspecified,Unspecified,Unknown,Wading,2026-07-01T19:10:53.364778+00:00,point_velocity,Unspecified
05556500,POINT (-89.4979611111111 41.3674027777778),7cdaf218-c96d-4fa0-8a60-e8c6eb7db067,USGS-05556500,4e84c81e-c969-6849-e053-0100007f8aa5,643,1995-09-06T15:50:00+00:00,Imported Channel 1,4.88,ft^3/s,16.0,ft,4.36,ft^2,1.12,ft/s,,,Unspecified,Unspecified,Unspecified,Unspecified,Unspecified,Unknown,Wading,2026-07-01T19:10:53.364778+00:00,point_velocity,Unspecified
05556500,POINT (-89.4979611111111 41.3674027777778),7ce0a89e-2a96-4e39-ba3c-adf1df520d3d,USGS-05556500,4e84aedb-c74a-5954-e053-0100007f4f0c,287,1960-06-27T16:10:00+00:00,Imported Channel 1,151,ft^3/s,81.0,ft,81.5,ft^2,1.85,ft/s,,,Unspecified,Unspecified,Unspecified,Unspecified,Unspecified,Unknown,Wading,2026-07-01T19:10:53.364778+00:00,point_velocity,Unspecified
05556500,POINT (-89.4979611111111 41.3674027777778),7d12e80d-abb0-4948-8f7f-d3205b1368e1,USGS-05556500,4e84a495-acaa-537f-e053-0100007fdc4f,64,1941-01-03T19:45:00+00:00,Imported Channel 1,122,ft^3/s,55.0,ft,98.3,ft^2,1.24,ft/s,,,Unspecified,Unspecified,Unspecified,Unspecified,Unspecified,Unknown,Wading,2026-07-01T19:10:53.364778+00:00,point_velocity,Unspecified
05556500,POINT (-89.4979611111111 41.3674027777778),7d345242-5c10-4da6-9b40-8c83cd3da693,USGS-05556500,4e84a10c-f00e-5196-e053-0100007f55ac,94,1943-10-07T22:50:00+00:00,Imported Channel 1,1.58,ft^3/s,7.20,ft,4.11,ft^2,0.38,ft/s,,,Unspecified,Unspecified,Unspecified,Unspecified,Unspecified,Unknown,Wading,2026-07-01T19:10:53.364778+00:00,point_velocity,Unspecified
05556500,POINT (-89.4979611111111 41.3674027777778),7d6799de-440f-40bb-ba93-a29f6a98a28b,USGS-05556500,4e84bf9d-d1a2-62ef-e053-0100007f45b9,357,1966-04-14T16:45:00+00:00,Imported Channel 1,60.7,ft^3/s,66.0,ft,88.7,ft^2,0.68,ft/s,,,Unspecified,Unspecified,Unspecified,Unspecified,Unspecified,Unknown,Wading,2026-07-01T19:10:53.364778+00:00,point_velocity,Unspecified
05556500,POINT (-89.4979611111111 41.3674027777778),7da5635f-836a-4480-bf8f-8761dda05442,USGS-05556500,4e84c2ab-4765-642a-e053-0100007f884d,519,1981-12-10T06:00:00+00:00,Imported Channel 1,111,ft^3/s,65.0,ft,91.0,ft^2,1.20,ft/s,,,Unspecified,Unspecified,Unspecified,Unspecified,Unspecified,Unknown,Wading,2026-07-01T19:10:53.364778+00:00,point_velocity,Unspecified
05556500,POINT (-89.4979611111111 41.3674027777778),7e1afd18-d942-41fa-bd63-6fff076b96e7,USGS-05556500,4e84a5e3-c6a9-53e5-e053-0100007f340c,17,1937-12-10T17:50:00+00:00,Imported Channel 1,0.80,ft^3/s,5.00,ft,1.05,ft^2,0.76,ft/s,,,Unspecified,Unspecified,Unspecified,Unspecified,Unspecified,Unknown,Wading,2026-07-01T19:10:53.364778+00:00,point_velocity,Unspecified
05556500,POINT (-89.4979611111111 41.3674027777778),7e1f5ef6-030d-45e1-a344-0067acf03aa1,USGS-05556500,4e84abc4-8770-57dd-e053-0100007f550d,263,1957-11-21T17:20:00+00:00,Imported Channel 1,34.3,ft^3/s,26.8,ft,31.0,ft^2,1.10,ft/s,,,Unspecified,Unspecified,Unspecified,Unspecified,Unspecified,Unknown,Wading,2026-07-01T19:10:53.364778+00:00,point_velocity,Unspecified
05556500,POINT (-89.4979611111111 41.3674027777778),7e7432bd-1d4a-40b7-b3e5-563a60bbe37e,USGS-05556500,4e84ae7b-fab8-58d0-e053-0100007f0c2e,223,1953-07-17T16:45:00+00:00,Imported Channel 1,24.7,ft^3/s,21.0,ft,23.2,ft^2,1.06,ft/s,,,Unspecified,Unspecified,Unspecified,Unspecified,Unspecified,Unknown,Wading,2026-07-01T19:10:53.364778+00:00,point_velocity,Unspecified
05556500,POINT (-89.4979611111111 41.3674027777778),7e753d8e-228f-4654-8455-b2e319d1fb07,USGS-05556500,4e84b3ae-2162-5bff-e053-0100007fa804,373,1967-08-14T19:00:00+00:00,Imported Channel 1,12.4,ft^3/s,50.0,ft,43.0,ft^2,0.29,ft/s,,,Unspecified,Unspecified,Unspecified,Unspecified,Unspecified,Unknown,Wading,2026-07-01T19:10:53.364778+00:00,point_velocity,Unspecified
05556500,POINT (-89.4979611111111 41.3674027777778),7ed8d872-ec57-427b-91e6-29f390a76bcd,USGS-05556500,4e84c159-5582-63e0-e053-0100007f4833,293,1960-12-08T14:45:00+00:00,Imported Channel 1,11.7,ft^3/s,32.6,ft,16.7,ft^2,0.70,ft/s,,,Unspecified,Unspecified,Unspecified,Unspecified,Unspecified,Unknown,Wading,2026-07-01T19:10:53.364778+00:00,point_velocity,Unspecified
05556500,POINT (-89.4979611111111 41.3674027777778),7f35900e-5610-45f8-b537-3b41364b7abc,USGS-05556500,4e84ca74-5ddb-697c-e053-0100007f3454,498,1979-10-03T06:00:00+00:00,Imported Channel 1,7.79,ft^3/s,,,,,,,,ft,Unspecified,Unspecified,Unspecified,Unspecified,Unspecified,Unknown,Unspecified,2026-07-01T19:10:53.364778+00:00,other_method,Unspecified
05556500,POINT (-89.4979611111111 41.3674027777778),7fd6b047-37f1-46ce-9ded-8154823de45a,USGS-05556500,4e84d4d7-f926-6f15-e053-0100007f414e,759,2012-12-10T17:30:00+00:00,Imported Channel 1,2.88,ft^3/s,14.0,ft,5.65,ft^2,0.51,ft/s,200.00,ft,Firm,Gravel,Uneven,Uneven,Standard,Unknown,Wading,2026-07-01T19:10:53.364778+00:00,point_velocity,Downstream
05556500,POINT (-89.4979611111111 41.3674027777778),8007d0f3-ac18-42e5-aa52-c432cc8001ab,USGS-05556500,4e84def1-8599-74e4-e053-0100007f090f,708,2004-03-30T19:52:00+00:00,Imported Channel 1,358,ft^3/s,102,ft,206,ft^2,1.74,ft/s,,,Unspecified,Unspecified,Unspecified,Unspecified,Unspecified,Unknown,Wading,2026-07-01T19:10:53.364778+00:00,point_velocity,Unspecified
05556500,POINT (-89.4979611111111 41.3674027777778),80675c15-91af-4daa-802e-ee61352f103b,USGS-05556500,4e84aad8-a732-56f7-e053-0100007f97c6,201,1951-07-10T01:20:00+00:00,Imported Channel 1,3240,ft^3/s,106,ft,899,ft^2,3.60,ft/s,,,Unspecified,Unspecified,Unspecified,Unspecified,Unspecified,Unknown,BridgeCrane,2026-07-01T19:10:53.364778+00:00,point_velocity,Unspecified
05556500,POINT (-89.4979611111111 41.3674027777778),806b4b34-900a-4f3f-8a91-e47c87360b06,USGS-05556500,4e84b5b1-f48b-5cdb-e053-0100007fd02c,331,1964-05-12T16:30:00+00:00,Imported Channel 1,53.4,ft^3/s,67.4,ft,82.3,ft^2,0.65,ft/s,,,Unspecified,Unspecified,Unspecified,Unspecified,Unspecified,Unknown,Wading,2026-07-01T19:10:53.364778+00:00,point_velocity,Unspecified
05556500,POINT (-89.4979611111111 41.3674027777778),80e28976-0cc9-40c7-8d34-99306f4f1583,USGS-05556500,4e84a93a-a6db-558c-e053-0100007f978d,125,1945-07-03T01:10:00+00:00,Imported Channel 1,276,ft^3/s,58.0,ft,128,ft^2,2.15,ft/s,,,Unspecified,Unspecified,Unspecified,Unspecified,Unspecified,Unknown,Wading,2026-07-01T19:10:53.364778+00:00,point_velocity,Unspecified
05556500,POINT (-89.4979611111111 41.3674027777778),80ea7355-00c8-4cf4-9534-c8a6ed52c1b0,USGS-05556500,4e84b247-e28b-5b83-e053-0100007f6523,79,1942-01-07T18:10:00+00:00,Imported Channel 1,84.4,ft^3/s,40.0,ft,63.2,ft^2,1.33,ft/s,,,Unspecified,Unspecified,Unspecified,Unspecified,Unspecified,Unknown,Wading,2026-07-01T19:10:53.364778+00:00,point_velocity,Unspecified
05556500,POINT (-89.4979611111111 41.3674027777778),813071b6-5228-4d55-bca7-fd8ec3114f35,USGS-05556500,4e84d313-ba05-6e52-e053-0100007fdcb2,657,1997-03-20T16:00:00+00:00,Imported Channel 1,104,ft^3/s,38.0,ft,62.2,ft^2,1.67,ft/s,,,Unspecified,Unspecified,Unspecified,Unspecified,Unspecified,Unknown,Wading,2026-07-01T19:10:53.364778+00:00,point_velocity,Unspecified
05556500,POINT (-89.4979611111111 41.3674027777778),8157f172-577b-4964-830e-2a11e8ed01b7,USGS-05556500,4e84ce17-4b54-6b6c-e053-0100007f6a07,636,1994-08-17T15:15:00+00:00,Imported Channel 1,35.6,ft^3/s,34.0,ft,20.4,ft^2,1.74,ft/s,,,Unspecified,Unspecified,Unspecified,Unspecified,Unspecified,Unknown,Wading,2026-07-01T19:10:53.364778+00:00,point_velocity,Unspecified
05556500,POINT (-89.4979611111111 41.3674027777778),817d58ae-e294-4fb0-aa01-7c3a96bc928b,USGS-05556500,4e84cb1f-78a7-69be-e053-0100007f34d2,494,1979-04-12T06:00:00+00:00,Imported Channel 1,1410,ft^3/s,,,,,,,,ft,Unspecified,Unspecified,Unspecified,Unspecified,Unspecified,Unknown,Unspecified,2026-07-01T19:10:53.364778+00:00,other_method,Unspecified
05556500,POINT (-89.4979611111111 41.3674027777778),82769cda-c988-4282-b867-568e6017a006,USGS-05556500,4e84ac33-93fd-573d-e053-0100007f9157,253,1956-11-14T19:40:00+00:00,Imported Channel 1,1.35,ft^3/s,11.8,ft,1.85,ft^2,0.73,ft/s,,,Unspecified,Unspecified,Unspecified,Unspecified,Unspecified,Unknown,Wading,2026-07-01T19:10:53.364778+00:00,point_velocity,Unspecified
05556500,POINT (-89.4979611111111 41.3674027777778),829cbe90-d7c2-47b3-bbd4-88ca0b12c5d3,USGS-05556500,4e84b204-37d1-5acf-e053-0100007f07fa,333,1964-07-31T17:00:00+00:00,Imported Channel 1,31.5,ft^3/s,40.0,ft,22.7,ft^2,1.39,ft/s,,,Unspecified,Unspecified,Unspecified,Unspecified,Unspecified,Unknown,Wading,2026-07-01T19:10:53.364778+00:00,point_velocity,Unspecified
05556500,POINT (-89.4979611111111 41.3674027777778),83719754-7204-471c-ba66-cb8d704baf42,USGS-05556500,4e84a440-0011-52ed-e053-0100007fbe95,420,1972-02-15T06:00:00+00:00,Imported Channel 1,8.03,ft^3/s,,,,,,,,ft,Unspecified,Unspecified,Unspecified,Unspecified,Unspecified,Unknown,Unspecified,2026-07-01T19:10:53.364778+00:00,other_method,Unspecified
05556500,POINT (-89.4979611111111 41.3674027777778),8393a92b-32b6-482e-8309-2f60d40e8a43,USGS-05556500,4e84a9d5-de55-54e6-e053-0100007f3757,170,1949-03-11T19:55:00+00:00,Imported Channel 1,114,ft^3/s,61.0,ft,65.7,ft^2,1.72,ft/s,,,Unspecified,Unspecified,Unspecified,Unspecified,Unspecified,Unknown,Wading,2026-07-01T19:10:53.364778+00:00,point_velocity,Unspecified
05556500,POINT (-89.4979611111111 41.3674027777778),84b51f51-ed60-4cc6-b810-36d0158ac8bc,USGS-05556500,4e84e07a-d5ef-7612-e053-0100007fe1c4,664,1998-02-19T14:19:00+00:00,Imported Channel 1,274,ft^3/s,47.0,ft,93.7,ft^2,2.92,ft/s,,,Unspecified,Unspecified,Unspecified,Unspecified,Unspecified,Unknown,Wading,2026-07-01T19:10:53.364778+00:00,point_velocity,Unspecified
05556500,POINT (-89.4979611111111 41.3674027777778),84f514c7-c6cd-4f3e-a020-f225559341ef,USGS-05556500,4e84b5ab-3249-5cdf-e053-0100007f126e,235,1955-01-11T19:05:00+00:00,Imported Channel 1,331,ft^3/s,73.5,ft,130,ft^2,2.54,ft/s,,,Unspecified,Unspecified,Unspecified,Unspecified,Unspecified,Unknown,Wading,2026-07-01T19:10:53.364778+00:00,point_velocity,Unspecified
05556500,POINT (-89.4979611111111 41.3674027777778),85c8a44f-2825-4cf1-99ba-1694a3f4d2ed,USGS-05556500,4e84bdde-d0fc-616a-e053-0100007f0505,592,1988-09-03T17:35:00+00:00,Imported Channel 1,1.82,ft^3/s,8.00,ft,1.71,ft^2,1.06,ft/s,,,Unspecified,Unspecified,Unspecified,Unspecified,Unspecified,Unknown,Wading,2026-07-01T19:10:53.364778+00:00,point_velocity,Unspecified
05556500,POINT (-89.4979611111111 41.3674027777778),8673e0c5-3fcd-4685-afab-adad0d6ea362,USGS-05556500,4e84af5d-93bf-5958-e053-0100007fc6ed,160,1948-05-06T21:20:00+00:00,Imported Channel 1,39.0,ft^3/s,45.0,ft,29.8,ft^2,1.34,ft/s,,,Unspecified,Unspecified,Unspecified,Unspecified,Unspecified,Unknown,Wading,2026-07-01T19:10:53.364778+00:00,point_velocity,Unspecified
05556500,POINT (-89.4979611111111 41.3674027777778),86f5de47-5ae0-46c6-9380-47672febb1c7,USGS-05556500,4e84bf58-3473-6287-e053-0100007f3bc5,552,1984-06-15T06:00:00+00:00,Imported Channel 1,223,ft^3/s,55.0,ft,95.0,ft^2,2.35,ft/s,,,Unspecified,Unspecified,Unspecified,Unspecified,Unspecified,Unknown,Wading,2026-07-01T19:10:53.364778+00:00,point_velocity,Unspecified
05556500,POINT (-89.4979611111111 41.3674027777778),86f6130b-a8b5-48d6-aa9a-78ac439f25d4,USGS-05556500,4e84d2ec-33d5-6e40-e053-0100007f1b0d,775,2015-10-08T15:00:00+00:00,main,13.8,ft^3/s,38.0,ft,31.6,ft^2,0.44,ft/s,90.00,ft,Firm,Cobbles,Uneven,Even,Standard,Unknown,Wading,2026-07-01T19:10:53.364778+00:00,point_velocity,Downstream
05556500,POINT (-89.4979611111111 41.3674027777778),878dc3aa-b442-483c-80a6-378ef1e23e78,USGS-05556500,4e84c807-6aef-6841-e053-0100007fad8f,385,1968-08-19T17:45:00+00:00,Imported Channel 1,2.90,ft^3/s,15.9,ft,5.42,ft^2,0.54,ft/s,,,Unspecified,Unspecified,Unspecified,Unspecified,Unspecified,Unknown,Wading,2026-07-01T19:10:53.364778+00:00,point_velocity,Unspecified
05556500,POINT (-89.4979611111111 41.3674027777778),87b3b34a-c759-4383-acbe-b7c70042daef,USGS-05556500,4e84ddaf-574a-74ba-e053-0100007fb586,625,1992-08-20T19:25:00+00:00,Imported Channel 1,28.9,ft^3/s,42.0,ft,21.6,ft^2,1.24,ft/s,,,Unspecified,Unspecified,Unspecified,Unspecified,Unspecified,Unknown,Wading,2026-07-01T19:10:53.364778+00:00,point_velocity,Unspecified
05556500,POINT (-89.4979611111111 41.3674027777778),87f4f56d-9dd3-4c76-8ff1-7167e4b361e1,USGS-05556500,4e84e7f1-5d85-7a9c-e053-0100007f3d7f,767,2014-06-20T16:35:44+00:00,main,4550,ft^3/s,166,ft,1060,ft^2,4.27,ft/s,,ft,Firm,Sand,Even,Even,NonStandard,Unknown,BridgeDownstreamSide,2026-07-01T19:10:53.364778+00:00,adcp,AtTheGage
05556500,POINT (-89.4979611111111 41.3674027777778),8807a276-0495-454b-93b9-e3b0bf324161,USGS-05556500,4e849dfe-690c-4e5f-e053-0100007f345b,48,1939-12-22T17:50:00+00:00,Imported Channel 1,2.46,ft^3/s,13.2,ft,8.29,ft^2,0.30,ft/s,,,Unspecified,Unspecified,Unspecified,Unspecified,Unspecified,Unknown,Wading,2026-07-01T19:10:53.364778+00:00,point_velocity,Unspecified
05556500,POINT (-89.4979611111111 41.3674027777778),88386391-77cd-4e3f-ad0e-3d313d0689bd,USGS-05556500,4e84b945-0858-5f76-e053-0100007f40f5,400,1970-01-08T06:00:00+00:00,Imported Channel 1,21.8,ft^3/s,,,,,,,,ft,Unspecified,Unspecified,Unspecified,Unspecified,Unspecified,Unknown,Unspecified,2026-07-01T19:10:53.364778+00:00,other_method,Unspecified
05556500,POINT (-89.4979611111111 41.3674027777778),88d5bf64-a98c-47a0-aa0f-608f2295e8a6,USGS-05556500,4e84aedb-c737-5954-e053-0100007f4f0c,105,1944-07-07T23:15:00+00:00,Imported Channel 1,15.5,ft^3/s,38.5,ft,23.7,ft^2,0.65,ft/s,,,Unspecified,Unspecified,Unspecified,Unspecified,Unspecified,Unknown,Wading,2026-07-01T19:10:53.364778+00:00,point_velocity,Unspecified
05556500,POINT (-89.4979611111111 41.3674027777778),89d3b742-066e-462f-acd6-40b95926aa01,USGS-05556500,4e84bcaa-6e12-5fea-e053-0100007fe5be,237,1955-02-27T20:45:00+00:00,Imported Channel 1,2330,ft^3/s,110,ft,671,ft^2,3.47,ft/s,,,Unspecified,Unspecified,Unspecified,Unspecified,Unspecified,Unknown,BridgeCrane,2026-07-01T19:10:53.364778+00:00,point_velocity,Unspecified
05556500,POINT (-89.4979611111111 41.3674027777778),8a21f467-4822-4276-8795-c81dcb0fc945,USGS-05556500,4e84af85-15b7-59b2-e053-0100007fd998,53,1940-04-11T16:35:00+00:00,Imported Channel 1,29.4,ft^3/s,21.0,ft,16.2,ft^2,1.81,ft/s,,,Unspecified,Unspecified,Unspecified,Unspecified,Unspecified,Unknown,Wading,2026-07-01T19:10:53.364778+00:00,point_velocity,Unspecified
05556500,POINT (-89.4979611111111 41.3674027777778),8b10313e-8b8e-4e41-b719-f1e5685bca0f,USGS-05556500,4e84bf9d-d1a3-62ef-e053-0100007f45b9,358,1966-05-13T16:02:00+00:00,Imported Channel 1,1550,ft^3/s,143,ft,803,ft^2,1.94,ft/s,,,Unspecified,Unspecified,Unspecified,Unspecified,Unspecified,Unknown,BridgeCrane,2026-07-01T19:10:53.364778+00:00,point_velocity,Unspecified
05556500,POINT (-89.4979611111111 41.3674027777778),8ba6d774-ac67-4bc0-94a3-e17668513627,USGS-05556500,4e84a80e-1e96-54ec-e053-0100007f2a54,224,1953-08-25T14:55:00+00:00,Imported Channel 1,1.41,ft^3/s,10.5,ft,4.60,ft^2,0.31,ft/s,,,Unspecified,Unspecified,Unspecified,Unspecified,Unspecified,Unknown,Wading,2026-07-01T19:10:53.364778+00:00,point_velocity,Unspecified
05556500,POINT (-89.4979611111111 41.3674027777778),8c0fbcc7-6b9e-4d69-9839-a8684eadb03e,USGS-05556500,4e84cfb8-1d05-6c8c-e053-0100007ff928,517,1981-09-04T06:00:00+00:00,Imported Channel 1,126,ft^3/s,62.0,ft,113,ft^2,1.11,ft/s,,,Unspecified,Unspecified,Unspecified,Unspecified,Unspecified,Unknown,Wading,2026-07-01T19:10:53.364778+00:00,point_velocity,Unspecified
05556500,POINT (-89.4979611111111 41.3674027777778),8c6bf564-5e68-45ab-89d2-8b2ffa12d7a6,USGS-05556500,4e84b40f-fcd6-5c0f-e053-0100007fdbef,113,1945-03-07T12:17:00+00:00,Imported Channel 1,68.8,ft^3/s,50.0,ft,48.7,ft^2,1.41,ft/s,,,Unspecified,Unspecified,Unspecified,Unspecified,Unspecified,Unknown,Wading,2026-07-01T19:10:53.364778+00:00,point_velocity,Unspecified
05556500,POINT (-89.4979611111111 41.3674027777778),8c70c614-7385-4248-a690-0725e5148148,USGS-05556500,4e84b390-8c79-5b5b-e053-0100007fb850,242,1955-11-09T19:20:00+00:00,Imported Channel 1,33.3,ft^3/s,31.8,ft,31.9,ft^2,1.04,ft/s,,,Unspecified,Unspecified,Unspecified,Unspecified,Unspecified,Unknown,Wading,2026-07-01T19:10:53.364778+00:00,point_velocity,Unspecified
05556500,POINT (-89.4979611111111 41.3674027777778),8cb6e4bc-2b32-4a57-8940-085cb2486522,USGS-05556500,4e84e965-eecc-7b89-e053-0100007f242b,770,2014-10-28T18:13:30+00:00,main,81.7,ft^3/s,56.0,ft,62.9,ft^2,1.30,ft/s,150.00,ft,Firm,CobblesBoulders,Uneven,Even,Standard,Unknown,Wading,2026-07-01T19:10:53.364778+00:00,point_velocity,Downstream
05556500,POINT (-89.4979611111111 41.3674027777778),8cf0a0a0-e310-4106-b7ed-a1f7dbf18ed4,USGS-05556500,4e84cf56-e796-6c8a-e053-0100007f4327,538,1983-05-18T06:00:00+00:00,Imported Channel 1,220,ft^3/s,56.0,ft,95.6,ft^2,2.30,ft/s,,,Unspecified,Unspecified,Unspecified,Unspecified,Unspecified,Unknown,Wading,2026-07-01T19:10:53.364778+00:00,point_velocity,Unspecified
05556500,POINT (-89.4979611111111 41.3674027777778),8d2b20c0-8d8c-42e1-b99e-153807e177c5,USGS-05556500,4e84b362-1879-5bfd-e053-0100007feb80,140,1946-11-20T20:35:00+00:00,Imported Channel 1,7.60,ft^3/s,13.2,ft,7.05,ft^2,1.08,ft/s,,,Unspecified,Unspecified,Unspecified,Unspecified,Unspecified,Unknown,Wading,2026-07-01T19:10:53.364778+00:00,point_velocity,Unspecified
05556500,POINT (-89.4979611111111 41.3674027777778),8d377536-ec2e-491d-97a5-8af595785549,USGS-05556500,4e84c64d-aa55-6685-e053-0100007f60b4,404,1970-07-10T06:00:00+00:00,Imported Channel 1,80.3,ft^3/s,,,,,,,,ft,Unspecified,Unspecified,Unspecified,Unspecified,Unspecified,Unknown,Unspecified,2026-07-01T19:10:53.364778+00:00,other_method,Unspecified
05556500,POINT (-89.4979611111111 41.3674027777778),8d95f650-fb30-48b8-b22d-526f079ff85f,USGS-05556500,4e84b9ab-6436-5ff2-e053-0100007fcc97,425,1972-11-28T06:00:00+00:00,Imported Channel 1,281,ft^3/s,,,,,,,,ft,Unspecified,Unspecified,Unspecified,Unspecified,Unspecified,Unknown,Unspecified,2026-07-01T19:10:53.364778+00:00,other_method,Unspecified
05556500,POINT (-89.4979611111111 41.3674027777778),8e124542-657b-4633-9eaf-4e55a0871fa9,USGS-05556500,4e84c37e-a09b-649f-e053-0100007f417d,321,1963-07-23T17:00:00+00:00,Imported Channel 1,8.63,ft^3/s,15.4,ft,6.03,ft^2,1.43,ft/s,,,Unspecified,Unspecified,Unspecified,Unspecified,Unspecified,Unknown,Wading,2026-07-01T19:10:53.364778+00:00,point_velocity,Unspecified
05556500,POINT (-89.4979611111111 41.3674027777778),8ec533c8-26bd-4fc2-bc43-ba1a87e37d95,USGS-05556500,4e84acd4-d8a8-56ff-e053-0100007f2f5a,196,1951-03-29T18:25:00+00:00,Imported Channel 1,109,ft^3/s,34.0,ft,65.6,ft^2,1.66,ft/s,,,Unspecified,Unspecified,Unspecified,Unspecified,Unspecified,Unknown,Wading,2026-07-01T19:10:53.364778+00:00,point_velocity,Unspecified
05556500,POINT (-89.4979611111111 41.3674027777778),8f4eaa02-46c0-4b36-834e-76235bec5bc1,USGS-05556500,4e84af59-901f-577b-e053-0100007fd46e,187,1950-04-26T15:40:00+00:00,Imported Channel 1,1310,ft^3/s,115,ft,492,ft^2,2.66,ft/s,,,Unspecified,Unspecified,Unspecified,Unspecified,Unspecified,Unknown,BridgeCrane,2026-07-01T19:10:53.364778+00:00,point_velocity,Unspecified
05556500,POINT (-89.4979611111111 41.3674027777778),8f639313-49e9-4f71-8bb0-3bfd3343c6a0,USGS-05556500,4e84aab4-9b2c-56cf-e053-0100007f10e8,58,1940-08-15T18:10:00+00:00,Imported Channel 1,15.3,ft^3/s,25.0,ft,22.1,ft^2,0.69,ft/s,,,Unspecified,Unspecified,Unspecified,Unspecified,Unspecified,Unknown,Wading,2026-07-01T19:10:53.364778+00:00,point_velocity,Unspecified
05556500,POINT (-89.4979611111111 41.3674027777778),8fc87bc6-2d81-4c0a-b7bd-1cf94c29264c,USGS-05556500,4e84d03a-1ce3-6c72-e053-0100007fef9b,627,1992-12-01T20:50:00+00:00,Imported Channel 1,362,ft^3/s,55.0,ft,99.0,ft^2,3.69,ft/s,,,Unspecified,Unspecified,Unspecified,Unspecified,Unspecified,Unknown,Wading,2026-07-01T19:10:53.364778+00:00,point_velocity,Unspecified
05556500,POINT (-89.4979611111111 41.3674027777778),90dfd68c-806f-45b9-ab1c-cfe119ac5a5b,USGS-05556500,4e84d8b0-11b0-707b-e053-0100007fc9d2,723,2007-03-15T18:10:00+00:00,Imported Channel 1,275,ft^3/s,104,ft,177,ft^2,1.56,ft/s,,,Unspecified,Unspecified,Unspecified,Unspecified,Unspecified,Unknown,Wading,2026-07-01T19:10:53.364778+00:00,point_velocity,Unspecified
05556500,POINT (-89.4979611111111 41.3674027777778),91889bc4-7964-44e7-9368-7daae99df8f4,USGS-05556500,4e84eec3-385d-7e56-e053-0100007f26d2,768,2014-07-09T16:09:30+00:00,main,225,ft^3/s,66.0,ft,100,ft^2,2.24,ft/s,120.00,ft,Firm,CobblesBoulders,Uneven,Even,NonStandard,Unknown,Wading,2026-07-01T19:10:53.364778+00:00,point_velocity,Downstream
05556500,POINT (-89.4979611111111 41.3674027777778),919b239a-bd69-4cf1-a9d3-4398086f1023,USGS-05556500,4e84c0fa-b952-63be-e053-0100007fbc97,594,1988-11-10T19:40:00+00:00,Imported Channel 1,6.46,ft^3/s,14.0,ft,4.51,ft^2,1.43,ft/s,,,Unspecified,Unspecified,Unspecified,Unspecified,Unspecified,Unknown,Wading,2026-07-01T19:10:53.364778+00:00,point_velocity,Unspecified
05556500,POINT (-89.4979611111111 41.3674027777778),91a97e44-e324-4a5a-9514-626dcc327b8e,USGS-05556500,4e84c227-28b1-64a1-e053-0100007fc5a1,372,1967-07-06T16:35:00+00:00,Imported Channel 1,30.8,ft^3/s,60.0,ft,97.1,ft^2,0.32,ft/s,,,Unspecified,Unspecified,Unspecified,Unspecified,Unspecified,Unknown,Wading,2026-07-01T19:10:53.364778+00:00,point_velocity,Unspecified
05556500,POINT (-89.4979611111111 41.3674027777778),91fa389a-36b6-48a7-896a-284780929830,USGS-05556500,4e84c55c-7ebb-6689-e053-0100007f1b45,436,1973-11-01T06:00:00+00:00,Imported Channel 1,52.8,ft^3/s,,,,,,,,ft,Unspecified,Unspecified,Unspecified,Unspecified,Unspecified,Unknown,Unspecified,2026-07-01T19:10:53.364778+00:00,other_method,Unspecified
05556500,POINT (-89.4979611111111 41.3674027777778),92289af0-8f4c-47f1-a820-5468d5b1b23a,USGS-05556500,4e84d16c-40a1-6c1a-e053-0100007f9424,551,1984-05-17T06:00:00+00:00,Imported Channel 1,102,ft^3/s,55.0,ft,68.3,ft^2,1.49,ft/s,,,Unspecified,Unspecified,Unspecified,Unspecified,Unspecified,Unknown,Wading,2026-07-01T19:10:53.364778+00:00,point_velocity,Unspecified
05556500,POINT (-89.4979611111111 41.3674027777778),9291fe06-d25d-4679-a056-1cbf0045308f,USGS-05556500,4e84b247-e2ae-5b83-e053-0100007f6523,440,1974-03-14T06:00:00+00:00,Imported Channel 1,295,ft^3/s,,,,,,,,ft,Unspecified,Unspecified,Unspecified,Unspecified,Unspecified,Unknown,Unspecified,2026-07-01T19:10:53.364778+00:00,other_method,Unspecified
05556500,POINT (-89.4979611111111 41.3674027777778),92ce4736-caab-434f-9040-deb03ab30295,USGS-05556500,4e84de42-9457-73d2-e053-0100007f1552,761,2013-04-12T18:35:09+00:00,1,397,ft^3/s,113,ft,208,ft^2,1.91,ft/s,,ft,Unspecified,Unspecified,Unspecified,Unspecified,Unspecified,Unknown,BridgeDownstreamSide,2026-07-01T19:10:53.364778+00:00,adcp,Unspecified
05556500,POINT (-89.4979611111111 41.3674027777778),92db9171-bc4e-46f1-a2c4-eaf63d3d6df4,USGS-05556500,4e84cb1f-78d7-69be-e053-0100007f34d2,688,2001-07-11T19:55:00+00:00,Imported Channel 1,76.2,ft^3/s,49.0,ft,38.4,ft^2,1.98,ft/s,,,Unspecified,Unspecified,Unspecified,Unspecified,Unspecified,Unknown,Wading,2026-07-01T19:10:53.364778+00:00,point_velocity,Unspecified
05556500,POINT (-89.4979611111111 41.3674027777778),92e7b17c-4d29-4263-b9f3-370ea494825a,USGS-05556500,4e84cf63-f942-6c5b-e053-0100007f123d,588,1988-06-03T17:20:00+00:00,Imported Channel 1,78.3,ft^3/s,34.0,ft,32.3,ft^2,2.42,ft/s,,,Unspecified,Unspecified,Unspecified,Unspecified,Unspecified,Unknown,Wading,2026-07-01T19:10:53.364778+00:00,point_velocity,Unspecified
05556500,POINT (-89.4979611111111 41.3674027777778),934dca6b-1aa2-4c9a-8c81-b1ee311b0bea,USGS-05556500,4e84b6d8-eb5d-5dad-e053-0100007fddde,521,1982-02-10T06:00:00+00:00,Imported Channel 1,20.5,ft^3/s,57.0,ft,44.4,ft^2,0.46,ft/s,,,Unspecified,Unspecified,Unspecified,Unspecified,Unspecified,Unknown,Ice,2026-07-01T19:10:53.364778+00:00,point_velocity,Unspecified
05556500,POINT (-89.4979611111111 41.3674027777778),9376e85b-fe07-4647-9127-6f8d34f76b4d,USGS-05556500,4e84ab44-5f96-5743-e053-0100007f6133,116,1945-05-08T09:06:00+00:00,Imported Channel 1,753,ft^3/s,110,ft,324,ft^2,2.32,ft/s,,,Unspecified,Unspecified,Unspecified,Unspecified,Unspecified,Unknown,BridgeCrane,2026-07-01T19:10:53.364778+00:00,point_velocity,Unspecified
05556500,POINT (-89.4979611111111 41.3674027777778),93b2d896-e408-4ffd-bdc6-df9add468f77,USGS-05556500,4e84cdf7-0050-6b68-e053-0100007f50ea,721,2006-10-11T15:49:00+00:00,Imported Channel 1,60.9,ft^3/s,50.5,ft,48.1,ft^2,1.27,ft/s,,,Unspecified,Unspecified,Unspecified,Unspecified,Unspecified,Unknown,Wading,2026-07-01T19:10:53.364778+00:00,point_velocity,Unspecified
05556500,POINT (-89.4979611111111 41.3674027777778),93ce86cc-0f79-4faf-a59c-4e6efea59b87,USGS-05556500,4e84cf63-f92e-6c5b-e053-0100007f123d,520,1982-01-08T06:00:00+00:00,Imported Channel 1,54.2,ft^3/s,59.0,ft,69.8,ft^2,0.78,ft/s,,,Unspecified,Unspecified,Unspecified,Unspecified,Unspecified,Unknown,Ice,2026-07-01T19:10:53.364778+00:00,point_velocity,Unspecified
05556500,POINT (-89.4979611111111 41.3674027777778),93d58c6a-71c8-4392-98da-acfa155413a7,USGS-05556500,4e84a683-667f-5341-e053-0100007f2e2e,147,1947-04-25T19:40:00+00:00,Imported Channel 1,526,ft^3/s,84.0,ft,462,ft^2,3.25,ft/s,,,Unspecified,Unspecified,Unspecified,Unspecified,Unspecified,Unknown,Wading,2026-07-01T19:10:53.364778+00:00,point_velocity,Unspecified
05556500,POINT (-89.4979611111111 41.3674027777778),93db07a8-efc0-477f-9eb0-67bc30b6e7f6,USGS-05556500,4e84de26-8af4-7528-e053-0100007f960b,670,1999-02-25T21:35:00+00:00,Imported Channel 1,145,ft^3/s,50.0,ft,89.3,ft^2,1.62,ft/s,,,Unspecified,Unspecified,Unspecified,Unspecified,Unspecified,Unknown,Wading,2026-07-01T19:10:53.364778+00:00,point_velocity,Unspecified
05556500,POINT (-89.4979611111111 41.3674027777778),940b3f7e-0a38-4a5d-9bff-18cb4a09adfd,USGS-05556500,7d13b684-c669-4ab4-819d-c2a07ff27390,826,2024-10-11T16:36:10+00:00,main,2.25,ft^3/s,33.0,ft,17.6,ft^2,0.13,ft/s,200.00,ft,Firm,Gravel,Even,Even,Standard,Steady,Wading,2026-07-01T19:10:53.364778+00:00,point_velocity,Downstream
05556500,POINT (-89.4979611111111 41.3674027777778),942344d1-c9ba-4edd-a428-1fa7320bfcf9,USGS-05556500,4e84e813-b268-76b2-e053-0100007fe001,720,2006-08-08T13:53:00+00:00,Imported Channel 1,5.60,ft^3/s,15.0,ft,7.68,ft^2,0.73,ft/s,,,Unspecified,Unspecified,Unspecified,Unspecified,Unspecified,Unknown,Wading,2026-07-01T19:10:53.364778+00:00,point_velocity,Unspecified
05556500,POINT (-89.4979611111111 41.3674027777778),942c7f4f-3bc8-47c0-8ca4-72253fa78c73,USGS-05556500,4e84c80e-0e42-67d5-e053-0100007f0f93,547,1984-01-16T06:00:00+00:00,Imported Channel 1,40.0,ft^3/s,65.0,ft,84.4,ft^2,0.47,ft/s,,,Unspecified,Unspecified,Unspecified,Unspecified,Unspecified,Unknown,Wading,2026-07-01T19:10:53.364778+00:00,point_velocity,Unspecified
05556500,POINT (-89.4979611111111 41.3674027777778),946ef1c3-8d9b-4a34-8ab0-3b83a34d7dfc,USGS-05556500,4e84ec05-3571-7ce6-e053-0100007f3ee6,725,2007-08-22T14:20:00+00:00,Imported Channel 1,631,ft^3/s,119,ft,266,ft^2,3.37,ft/s,,,Unspecified,Unspecified,Unspecified,Unspecified,Unspecified,Unknown,BridgeCrane,2026-07-01T19:10:53.364778+00:00,point_velocity,Unspecified
05556500,POINT (-89.4979611111111 41.3674027777778),947321f5-38ee-4f7c-83dc-35adf1879c18,USGS-05556500,4e84cf46-3c4a-6c88-e053-0100007f29f3,583,1987-10-09T15:55:00+00:00,Imported Channel 1,49.5,ft^3/s,33.0,ft,44.0,ft^2,1.12,ft/s,,,Unspecified,Unspecified,Unspecified,Unspecified,Unspecified,Unknown,Wading,2026-07-01T19:10:53.364778+00:00,point_velocity,Unspecified
05556500,POINT (-89.4979611111111 41.3674027777778),94f7f968-edcf-4e2f-b82e-55e119506742,USGS-05556500,4e84b451-1470-5c0b-e053-0100007fc45d,284,1960-01-13T06:00:00+00:00,Imported Channel 1,3380,ft^3/s,,,,,,,,ft,Unspecified,Unspecified,Unspecified,Unspecified,Unspecified,Unknown,Unspecified,2026-07-01T19:10:53.364778+00:00,other_method,Unspecified
05556500,POINT (-89.4979611111111 41.3674027777778),951fd19f-69b4-4529-bc8a-e216218f6f43,USGS-05556500,4e84bf9d-d1a6-62ef-e053-0100007f45b9,361,1966-08-24T16:31:00+00:00,Imported Channel 1,3.58,ft^3/s,12.5,ft,9.98,ft^2,0.36,ft/s,,,Unspecified,Unspecified,Unspecified,Unspecified,Unspecified,Unknown,Wading,2026-07-01T19:10:53.364778+00:00,point_velocity,Unspecified
05556500,POINT (-89.4979611111111 41.3674027777778),95785fa2-1ff9-48f0-a61b-69871db97acf,USGS-05556500,4e84cdf7-000c-6b68-e053-0100007f50ea,565,1985-08-21T06:00:00+00:00,Imported Channel 1,3.35,ft^3/s,23.0,ft,6.37,ft^2,0.53,ft/s,,,Unspecified,Unspecified,Unspecified,Unspecified,Unspecified,Unknown,Wading,2026-07-01T19:10:53.364778+00:00,point_velocity,Unspecified
05556500,POINT (-89.4979611111111 41.3674027777778),9578b4b5-99bf-4912-b05e-39a309d8cb42,USGS-05556500,4e84cecb-2c0f-6a22-e053-0100007f2298,562,1985-06-05T06:00:00+00:00,Imported Channel 1,26.4,ft^3/s,48.0,ft,27.9,ft^2,0.95,ft/s,,,Unspecified,Unspecified,Unspecified,Unspecified,Unspecified,Unknown,Wading,2026-07-01T19:10:53.364778+00:00,point_velocity,Unspecified
05556500,POINT (-89.4979611111111 41.3674027777778),95cd44a7-e270-43a9-a03d-95aee49beac5,USGS-05556500,4e849e6d-e8fa-4ef1-e053-0100007fa692,149,1947-06-23T20:30:00+00:00,Imported Channel 1,91.5,ft^3/s,53.0,ft,69.2,ft^2,1.32,ft/s,,,Unspecified,Unspecified,Unspecified,Unspecified,Unspecified,Unknown,Wading,2026-07-01T19:10:53.364778+00:00,point_velocity,Unspecified
05556500,POINT (-89.4979611111111 41.3674027777778),9629c2b2-54b4-487c-b16a-e16e3baf34ef,USGS-05556500,4e84c159-55ad-63e0-e053-0100007f4833,529,1982-09-24T06:00:00+00:00,Imported Channel 1,10.9,ft^3/s,22.0,ft,9.80,ft^2,1.11,ft/s,,,Unspecified,Unspecified,Unspecified,Unspecified,Unspecified,Unknown,Wading,2026-07-01T19:10:53.364778+00:00,point_velocity,Unspecified
05556500,POINT (-89.4979611111111 41.3674027777778),965d1979-c824-4e4e-a266-2156a87ab04f,USGS-05556500,4e84aedb-c742-5954-e053-0100007f4f0c,228,1954-03-24T19:25:00+00:00,Imported Channel 1,13.1,ft^3/s,25.0,ft,14.6,ft^2,1.24,ft/s,,,Unspecified,Unspecified,Unspecified,Unspecified,Unspecified,Unknown,Wading,2026-07-01T19:10:53.364778+00:00,point_velocity,Unspecified
05556500,POINT (-89.4979611111111 41.3674027777778),965f6a0f-8e95-4d9e-be79-6f17b6c49931,USGS-05556500,4e84de26-8af3-7528-e053-0100007f960b,666,1998-05-20T13:02:00+00:00,Imported Channel 1,265,ft^3/s,80.0,ft,118,ft^2,2.25,ft/s,,,Unspecified,Unspecified,Unspecified,Unspecified,Unspecified,Unknown,Wading,2026-07-01T19:10:53.364778+00:00,point_velocity,Unspecified
05556500,POINT (-89.4979611111111 41.3674027777778),9684007a-a698-48cd-bb4a-6e6651eb8664,USGS-05556500,4e84d436-dc52-6e44-e053-0100007f04cf,586,1988-03-04T16:15:00+00:00,Imported Channel 1,108,ft^3/s,44.0,ft,70.2,ft^2,1.54,ft/s,,,Unspecified,Unspecified,Unspecified,Unspecified,Unspecified,Unknown,Wading,2026-07-01T19:10:53.364778+00:00,point_velocity,Unspecified
05556500,POINT (-89.4979611111111 41.3674027777778),970b8dcc-efec-4b33-af15-0a27ee1b7370,USGS-05556500,4e84c829-baaf-6857-e053-0100007f78f8,439,1974-02-12T06:00:00+00:00,Imported Channel 1,233,ft^3/s,,,,,,,,ft,Unspecified,Unspecified,Unspecified,Unspecified,Unspecified,Unknown,Unspecified,2026-07-01T19:10:53.364778+00:00,other_method,Unspecified
05556500,POINT (-89.4979611111111 41.3674027777778),972e4ffd-fbbd-4ebd-806e-a77f3591221e,USGS-05556500,4e84a12c-eb42-51c4-e053-0100007fdc12,119,1945-06-09T21:38:00+00:00,Imported Channel 1,94.4,ft^3/s,243,ft,2180,ft^2,3.63,ft/s,,,Unspecified,Unspecified,Unspecified,Unspecified,Unspecified,Unknown,Wading,2026-07-01T19:10:53.364778+00:00,point_velocity,Unspecified
05556500,POINT (-89.4979611111111 41.3674027777778),9740e65a-c8e1-4f12-94d2-725683db119c,USGS-05556500,4e8497d8-ed7f-4bb3-e053-0100007f656d,63,1940-11-30T14:25:00+00:00,Imported Channel 1,1.42,ft^3/s,10.5,ft,3.33,ft^2,0.43,ft/s,,,Unspecified,Unspecified,Unspecified,Unspecified,Unspecified,Unknown,Wading,2026-07-01T19:10:53.364778+00:00,point_velocity,Unspecified
05556500,POINT (-89.4979611111111 41.3674027777778),97675039-07c4-4271-a96f-1f9851c08d39,USGS-05556500,4e84c825-0189-6827-e053-0100007fbfc4,480,1978-02-14T06:00:00+00:00,Imported Channel 1,33.3,ft^3/s,,,,,,,,ft,Unspecified,Unspecified,Unspecified,Unspecified,Unspecified,Unknown,Unspecified,2026-07-01T19:10:53.364778+00:00,other_method,Unspecified
05556500,POINT (-89.4979611111111 41.3674027777778),97bea9fa-5020-46a0-9097-3762f87b7b59,USGS-05556500,4e84a852-81ff-5574-e053-0100007f521c,11,1937-02-07T20:15:00+00:00,Imported Channel 1,490,ft^3/s,45.0,ft,52.7,ft^2,0.93,ft/s,,,Unspecified,Unspecified,Unspecified,Unspecified,Unspecified,Unknown,Wading,2026-07-01T19:10:53.364778+00:00,point_velocity,Unspecified
05556500,POINT (-89.4979611111111 41.3674027777778),97bf2cd7-e02f-4d08-82a5-f8c4c8984b1b,USGS-05556500,4e84d93e-ebf6-7224-e053-0100007f080e,587,1988-04-21T17:00:00+00:00,Imported Channel 1,169,ft^3/s,50.0,ft,92.0,ft^2,1.84,ft/s,,,Unspecified,Unspecified,Unspecified,Unspecified,Unspecified,Unknown,Wading,2026-07-01T19:10:53.364778+00:00,point_velocity,Unspecified
05556500,POINT (-89.4979611111111 41.3674027777778),97e49c7b-dd8f-42a9-9f77-b135df7a6d75,USGS-05556500,4e84e296-5403-73d8-e053-0100007f7524,764,2013-11-07T17:21:30+00:00,05556500,5.99,ft^3/s,32.0,ft,24.4,ft^2,0.25,ft/s,60.00,ft,Soft,Sand,Even,Even,Standard,Unknown,Wading,2026-07-01T19:10:53.364778+00:00,point_velocity,Downstream
05556500,POINT (-89.4979611111111 41.3674027777778),984e623e-abac-49a4-a214-132d35e7fb13,USGS-05556500,4e84b3ef-0948-5c11-e053-0100007f4ad6,268,1958-06-18T18:30:00+00:00,Imported Channel 1,212,ft^3/s,85.0,ft,196,ft^2,1.08,ft/s,,,Unspecified,Unspecified,Unspecified,Unspecified,Unspecified,Unknown,BridgeCrane,2026-07-01T19:10:53.364778+00:00,point_velocity,Unspecified
05556500,POINT (-89.4979611111111 41.3674027777778),987f218e-7345-4a0d-ab76-d99d46a1b0e0,USGS-05556500,4e84c0fa-b959-63be-e053-0100007fbc97,612,1990-09-06T15:50:00+00:00,Imported Channel 1,79.2,ft^3/s,39.0,ft,52.6,ft^2,1.50,ft/s,,,Unspecified,Unspecified,Unspecified,Unspecified,Unspecified,Unknown,Wading,2026-07-01T19:10:53.364778+00:00,point_velocity,Unspecified
05556500,POINT (-89.4979611111111 41.3674027777778),98f4a517-86e9-425e-8732-2380e4888a4a,USGS-05556500,4e84af85-15c6-59b2-e053-0100007fd998,302,1961-10-24T18:15:00+00:00,Imported Channel 1,151,ft^3/s,81.0,ft,85.0,ft^2,1.78,ft/s,,,Unspecified,Unspecified,Unspecified,Unspecified,Unspecified,Unknown,Wading,2026-07-01T19:10:53.364778+00:00,point_velocity,Unspecified
05556500,POINT (-89.4979611111111 41.3674027777778),99fca069-1c50-4139-85af-4b6bd832ab56,USGS-05556500,4e84d9d1-5cb4-729c-e053-0100007f6b39,754,2012-03-02T16:39:00+00:00,754,282,ft^3/s,74.0,ft,125,ft^2,2.25,ft/s,55.00,ft,Firm,Gravel,Even,Uneven,Standard,Unknown,Wading,2026-07-01T19:10:53.364778+00:00,point_velocity,Downstream
05556500,POINT (-89.4979611111111 41.3674027777778),9a492036-084e-48dd-b2d9-0836b9631675,USGS-05556500,4e84b18e-3f9a-5b13-e053-0100007ffdfc,506,1980-08-26T06:00:00+00:00,Imported Channel 1,92.3,ft^3/s,,,,,,,,ft,Unspecified,Unspecified,Unspecified,Unspecified,Unspecified,Unknown,Unspecified,2026-07-01T19:10:53.364778+00:00,other_method,Unspecified
05556500,POINT (-89.4979611111111 41.3674027777778),9a5263b0-7e4a-4b8b-b1f5-2217c820627c,USGS-05556500,4e8497d8-ed88-4bb3-e053-0100007f656d,115,1945-05-07T17:06:00+00:00,Imported Channel 1,837,ft^3/s,111,ft,344,ft^2,2.43,ft/s,,,Unspecified,Unspecified,Unspecified,Unspecified,Unspecified,Unknown,BridgeCrane,2026-07-01T19:10:53.364778+00:00,point_velocity,Unspecified
05556500,POINT (-89.4979611111111 41.3674027777778),9a5e9209-4bbf-4ac9-83c1-3a3451e52ea2,USGS-05556500,4c5aab81-445a-4f30-8ae8-4e5fb5395aa3,805,2020-08-19T18:02:00+00:00,05556500,6.09,ft^3/s,37.4,ft,22.6,ft^2,0.27,ft/s,200.00,ft,Firm,Cobbles,Uneven,Uneven,Unknown,Steady,Wading,2026-07-01T19:10:53.364778+00:00,point_velocity,Downstream
05556500,POINT (-89.4979611111111 41.3674027777778),9a5eefe1-02c7-4e52-89ba-5257ca96b9e5,USGS-05556500,4e84ab44-5f96-5743-e053-0100007f6133,117,1945-05-08T19:57:00+00:00,Imported Channel 1,662,ft^3/s,108,ft,284,ft^2,2.33,ft/s,,,Unspecified,Unspecified,Unspecified,Unspecified,Unspecified,Unknown,BridgeCrane,2026-07-01T19:10:53.364778+00:00,point_velocity,Unspecified
05556500,POINT (-89.4979611111111 41.3674027777778),9aab18ed-2628-4c06-92d6-61be6cbb27f0,USGS-05556500,4e84b40f-fce6-5c0f-e053-0100007fdbef,211,1952-06-18T18:40:00+00:00,Imported Channel 1,156,ft^3/s,53.0,ft,92.0,ft^2,1.70,ft/s,,,Unspecified,Unspecified,Unspecified,Unspecified,Unspecified,Unknown,Wading,2026-07-01T19:10:53.364778+00:00,point_velocity,Unspecified
05556500,POINT (-89.4979611111111 41.3674027777778),9b0842c6-7561-42a3-8f09-ecac3e6b35b4,USGS-05556500,4e84b9ab-6421-5ff2-e053-0100007fcc97,202,1951-08-19T19:55:00+00:00,Imported Channel 1,78.0,ft^3/s,25.0,ft,324,ft^2,2.41,ft/s,,,Unspecified,Unspecified,Unspecified,Unspecified,Unspecified,Unknown,Wading,2026-07-01T19:10:53.364778+00:00,point_velocity,Unspecified
05556500,POINT (-89.4979611111111 41.3674027777778),9b2f9c5c-4034-40ec-8771-22b6ee98c0ac,USGS-05556500,4e84b6da-8691-5dd3-e053-0100007f3a4e,218,1953-03-05T18:40:00+00:00,Imported Channel 1,32.4,ft^3/s,26.0,ft,19.7,ft^2,1.65,ft/s,,,Unspecified,Unspecified,Unspecified,Unspecified,Unspecified,Unknown,Wading,2026-07-01T19:10:53.364778+00:00,point_velocity,Unspecified
05556500,POINT (-89.4979611111111 41.3674027777778),9bad1290-7151-47b6-86ab-6f28ce907af8,USGS-05556500,4e84da24-b656-72a4-e053-0100007f1707,659,1997-06-26T17:55:00+00:00,Imported Channel 1,39.0,ft^3/s,33.0,ft,23.7,ft^2,1.64,ft/s,,,Unspecified,Unspecified,Unspecified,Unspecified,Unspecified,Unknown,Wading,2026-07-01T19:10:53.364778+00:00,point_velocity,Unspecified
05556500,POINT (-89.4979611111111 41.3674027777778),9baef551-e1e9-41c4-917a-93c71f4112ca,USGS-05556500,4e84abb3-a549-57a3-e053-0100007ff776,450,1975-03-24T06:00:00+00:00,Imported Channel 1,383,ft^3/s,,,,,,,,ft,Unspecified,Unspecified,Unspecified,Unspecified,Unspecified,Unknown,Unspecified,2026-07-01T19:10:53.364778+00:00,other_method,Unspecified
05556500,POINT (-89.4979611111111 41.3674027777778),9c275af4-a0dd-4be4-bc41-d23eb63bdede,USGS-05556500,4e849cf6-f4b1-4eef-e053-0100007f2a93,219,1953-04-22T19:10:00+00:00,Imported Channel 1,40.0,ft^3/s,28.0,ft,20.1,ft^2,1.99,ft/s,,,Unspecified,Unspecified,Unspecified,Unspecified,Unspecified,Unknown,Wading,2026-07-01T19:10:53.364778+00:00,point_velocity,Unspecified
05556500,POINT (-89.4979611111111 41.3674027777778),9c2a3bd7-5dc3-47cb-9d8e-c5a4ad50825b,USGS-05556500,4e84d4d7-f918-6f15-e053-0100007f414e,622,1992-03-10T19:40:00+00:00,Imported Channel 1,158,ft^3/s,50.0,ft,65.6,ft^2,2.41,ft/s,,,Unspecified,Unspecified,Unspecified,Unspecified,Unspecified,Unknown,Wading,2026-07-01T19:10:53.364778+00:00,point_velocity,Unspecified
05556500,POINT (-89.4979611111111 41.3674027777778),9c9945b8-75c6-40b6-a4c4-a25cdbdbe5e3,USGS-05556500,4e84af67-b746-59aa-e053-0100007fa5be,97,1944-01-15T19:48:00+00:00,Imported Channel 1,1.20,ft^3/s,7.30,ft,2.55,ft^2,0.47,ft/s,,,Unspecified,Unspecified,Unspecified,Unspecified,Unspecified,Unknown,Ice,2026-07-01T19:10:53.364778+00:00,point_velocity,Unspecified
05556500,POINT (-89.4979611111111 41.3674027777778),9d050a45-7a9e-410d-9fad-4d6f2a747637,USGS-05556500,4e84ce52-029d-6bc0-e053-0100007fdb10,577,1987-01-22T16:30:00+00:00,Imported Channel 1,72.3,ft^3/s,61.0,ft,62.3,ft^2,1.17,ft/s,,,Unspecified,Unspecified,Unspecified,Unspecified,Unspecified,Unknown,Wading,2026-07-01T19:10:53.364778+00:00,point_velocity,Unspecified
05556500,POINT (-89.4979611111111 41.3674027777778),9d2fad68-db69-492f-8f1c-927cc67ede0e,USGS-05556500,4e84d200-fd77-6dae-e053-0100007ff353,724,2007-06-13T17:37:00+00:00,Imported Channel 1,84.0,ft^3/s,52.0,ft,45.4,ft^2,1.85,ft/s,,,Unspecified,Unspecified,Unspecified,Unspecified,Unspecified,Unknown,Wading,2026-07-01T19:10:53.364778+00:00,point_velocity,Unspecified
05556500,POINT (-89.4979611111111 41.3674027777778),9d5ff833-3111-400f-84cb-3229e05bd95c,USGS-05556500,4e84b204-37bc-5acf-e053-0100007f07fa,32,1938-11-16T20:15:00+00:00,Imported Channel 1,29.4,ft^3/s,27.5,ft,2.16,ft^2,1.36,ft/s,,,Unspecified,Unspecified,Unspecified,Unspecified,Unspecified,Unknown,Wading,2026-07-01T19:10:53.364778+00:00,point_velocity,Unspecified
05556500,POINT (-89.4979611111111 41.3674027777778),9d6ba5d3-8f9b-4bea-8ba8-ba94db9adff3,USGS-05556500,4e84a3c9-206a-5190-e053-0100007f8d53,78,1941-12-04T22:15:00+00:00,Imported Channel 1,169,ft^3/s,52.5,ft,122,ft^2,1.39,ft/s,,,Unspecified,Unspecified,Unspecified,Unspecified,Unspecified,Unknown,Wading,2026-07-01T19:10:53.364778+00:00,point_velocity,Unspecified
05556500,POINT (-89.4979611111111 41.3674027777778),9d9bb8f6-7178-4c4b-92df-f05eefcf7c80,USGS-05556500,4e84c162-2caf-6422-e053-0100007f66b4,623,1992-05-06T17:20:00+00:00,Imported Channel 1,78.0,ft^3/s,52.0,ft,44.1,ft^2,1.77,ft/s,,,Unspecified,Unspecified,Unspecified,Unspecified,Unspecified,Unknown,Wading,2026-07-01T19:10:53.364778+00:00,point_velocity,Unspecified
05556500,POINT (-89.4979611111111 41.3674027777778),9e0b22d3-5934-463f-8ba4-bd0c4432c35f,USGS-05556500,4e84b5b1-f473-5cdb-e053-0100007fd02c,112,1945-02-01T11:55:00+00:00,Imported Channel 1,1.17,ft^3/s,5.90,ft,2.50,ft^2,0.47,ft/s,,,Unspecified,Unspecified,Unspecified,Unspecified,Unspecified,Unknown,Ice,2026-07-01T19:10:53.364778+00:00,point_velocity,Unspecified
05556500,POINT (-89.4979611111111 41.3674027777778),9e0b6184-e37a-4fb3-824d-08e219bb3c05,USGS-05556500,4e84d302-76e5-6e36-e053-0100007fdbda,620,1991-10-29T15:55:00+00:00,Imported Channel 1,12.9,ft^3/s,24.0,ft,13.0,ft^2,0.99,ft/s,,,Unspecified,Unspecified,Unspecified,Unspecified,Unspecified,Unknown,Wading,2026-07-01T19:10:53.364778+00:00,point_velocity,Unspecified
05556500,POINT (-89.4979611111111 41.3674027777778),9e3d55c7-3a1b-4044-9dcb-1cbb72954043,USGS-05556500,4e849f8f-ae3b-4e9d-e053-0100007f8314,102,1944-04-15T19:50:00+00:00,Imported Channel 1,216,ft^3/s,43.0,ft,102,ft^2,2.12,ft/s,,,Unspecified,Unspecified,Unspecified,Unspecified,Unspecified,Unknown,Wading,2026-07-01T19:10:53.364778+00:00,point_velocity,Unspecified
05556500,POINT (-89.4979611111111 41.3674027777778),9e5c73d7-fe15-48d3-8002-e55c980b34b1,USGS-05556500,4e84b7bd-2275-5d9b-e053-0100007f37df,347,1965-07-19T16:30:00+00:00,Imported Channel 1,27.4,ft^3/s,41.0,ft,22.2,ft^2,1.23,ft/s,,,Unspecified,Unspecified,Unspecified,Unspecified,Unspecified,Unknown,Wading,2026-07-01T19:10:53.364778+00:00,point_velocity,Unspecified
05556500,POINT (-89.4979611111111 41.3674027777778),9e8da301-1a7e-4c72-bcd7-29d77764bd80,USGS-05556500,4e849cf9-11c5-4ea7-e053-0100007f4505,281,1959-10-21T16:00:00+00:00,Imported Channel 1,13.1,ft^3/s,23.4,ft,18.9,ft^2,0.69,ft/s,,,Unspecified,Unspecified,Unspecified,Unspecified,Unspecified,Unknown,Wading,2026-07-01T19:10:53.364778+00:00,point_velocity,Unspecified
05556500,POINT (-89.4979611111111 41.3674027777778),9ebdc02a-8797-420a-9df0-9ba79e2649ba,USGS-05556500,4e84c56c-7362-6687-e053-0100007fd6d0,398,1969-11-19T06:00:00+00:00,Imported Channel 1,58.0,ft^3/s,,,,,,,,ft,Unspecified,Unspecified,Unspecified,Unspecified,Unspecified,Unknown,Unspecified,2026-07-01T19:10:53.364778+00:00,other_method,Unspecified
05556500,POINT (-89.4979611111111 41.3674027777778),9f2569bd-a0b7-4bdf-8b27-44cbad105e26,USGS-05556500,4e84c6cd-e7a7-67a8-e053-0100007f56ae,464,1976-05-04T06:00:00+00:00,Imported Channel 1,251,ft^3/s,,,,,,,,ft,Unspecified,Unspecified,Unspecified,Unspecified,Unspecified,Unknown,Unspecified,2026-07-01T19:10:53.364778+00:00,other_method,Unspecified
05556500,POINT (-89.4979611111111 41.3674027777778),9fc77f88-ab14-4891-af17-8abcb8531616,USGS-05556500,4e84bf1b-d65b-627f-e053-0100007fec58,576,1986-12-11T15:35:00+00:00,Imported Channel 1,168,ft^3/s,51.0,ft,101,ft^2,1.67,ft/s,,,Unspecified,Unspecified,Unspecified,Unspecified,Unspecified,Unknown,Wading,2026-07-01T19:10:53.364778+00:00,point_velocity,Unspecified
05556500,POINT (-89.4979611111111 41.3674027777778),9fd682bc-3dbd-4ca1-8464-a06014e9b6f3,USGS-05556500,4e84dddb-bb2a-74e2-e053-0100007f28f5,705,2003-10-16T20:08:00+00:00,Imported Channel 1,6.72,ft^3/s,43.0,ft,17.7,ft^2,0.38,ft/s,,,Unspecified,Unspecified,Unspecified,Unspecified,Unspecified,Unknown,Wading,2026-07-01T19:10:53.364778+00:00,point_velocity,Unspecified
05556500,POINT (-89.4979611111111 41.3674027777778),a0afe2db-acdd-43a8-90b2-de56e7173115,USGS-05556500,4e84b883-e2d1-5d9f-e053-0100007f9ac7,427,1973-01-24T06:00:00+00:00,Imported Channel 1,170,ft^3/s,,,,,,,,ft,Unspecified,Unspecified,Unspecified,Unspecified,Unspecified,Unknown,Unspecified,2026-07-01T19:10:53.364778+00:00,other_method,Unspecified
05556500,POINT (-89.4979611111111 41.3674027777778),a0c722e9-89b8-480a-8ced-d8b59faf32eb,USGS-05556500,4e849ff5-f574-5107-e053-0100007f252a,73,1941-08-06T23:10:00+00:00,Imported Channel 1,11.6,ft^3/s,31.0,ft,33.2,ft^2,0.35,ft/s,,,Unspecified,Unspecified,Unspecified,Unspecified,Unspecified,Unknown,Wading,2026-07-01T19:10:53.364778+00:00,point_velocity,Unspecified
05556500,POINT (-89.4979611111111 41.3674027777778),a187b94a-90d4-4fc0-aecf-da296b1196d2,USGS-05556500,4e849f8a-7acf-4e3b-e053-0100007f8d2e,80,1942-03-10T22:40:00+00:00,Imported Channel 1,241,ft^3/s,61.0,ft,92.5,ft^2,2.61,ft/s,,,Unspecified,Unspecified,Unspecified,Unspecified,Unspecified,Unknown,Wading,2026-07-01T19:10:53.364778+00:00,point_velocity,Unspecified
05556500,POINT (-89.4979611111111 41.3674027777778),a18a205d-0118-42cd-94f9-deb0908f409a,USGS-05556500,4e84ec92-d464-7ce4-e053-0100007f7552,734,2008-09-15T19:16:00+00:00,Imported Channel 1,4960,ft^3/s,184,ft,1110,ft^2,4.47,ft/s,,ft,Unspecified,Unspecified,Unspecified,Unspecified,Unspecified,Unknown,Unspecified,2026-07-01T19:10:53.364778+00:00,adcp,Unspecified
05556500,POINT (-89.4979611111111 41.3674027777778),a1987437-e439-4ba7-9df4-6156c985ec66,USGS-05556500,4e84d03a-1d03-6c72-e053-0100007fef9b,751,2011-08-31T16:00:30+00:00,751,8.20,ft^3/s,18.5,ft,7.41,ft^2,1.11,ft/s,100.00,ft,Firm,CobblesBoulders,Uneven,Uneven,Uniform,Unknown,Wading,2026-07-01T19:10:53.364778+00:00,point_velocity,Upstream
05556500,POINT (-89.4979611111111 41.3674027777778),a28e6e5c-763f-48e0-84b5-3fb1ede52dc1,USGS-05556500,4e84cf11-175a-6c50-e053-0100007f8b61,596,1989-02-03T16:15:00+00:00,Imported Channel 1,12.0,ft^3/s,32.0,ft,12.6,ft^2,0.95,ft/s,,,Unspecified,Unspecified,Unspecified,Unspecified,Unspecified,Unknown,Wading,2026-07-01T19:10:53.364778+00:00,point_velocity,Unspecified
05556500,POINT (-89.4979611111111 41.3674027777778),a29faa25-2f7d-4838-9f53-0f34b9d98107,USGS-05556500,4e84c105-28ec-63e2-e053-0100007fef59,292,1960-11-22T19:20:00+00:00,Imported Channel 1,14.4,ft^3/s,34.6,ft,17.6,ft^2,0.82,ft/s,,,Unspecified,Unspecified,Unspecified,Unspecified,Unspecified,Unknown,Wading,2026-07-01T19:10:53.364778+00:00,point_velocity,Unspecified
05556500,POINT (-89.4979611111111 41.3674027777778),a2edea79-1a43-4da3-a5a2-6e5954af8b68,USGS-05556500,4e849cf9-11cb-4ea7-e053-0100007f4505,313,1962-11-27T19:20:00+00:00,Imported Channel 1,4.05,ft^3/s,12.4,ft,4.34,ft^2,0.94,ft/s,,,Unspecified,Unspecified,Unspecified,Unspecified,Unspecified,Unknown,Wading,2026-07-01T19:10:53.364778+00:00,point_velocity,Unspecified
05556500,POINT (-89.4979611111111 41.3674027777778),a32f8de0-9c41-41c7-a1f0-0ab1e655707c,USGS-05556500,4e84b7cc-5f21-5d97-e053-0100007f3266,166,1948-10-12T19:35:00+00:00,Imported Channel 1,2.24,ft^3/s,18.0,ft,6.02,ft^2,0.37,ft/s,,,Unspecified,Unspecified,Unspecified,Unspecified,Unspecified,Unknown,Wading,2026-07-01T19:10:53.364778+00:00,point_velocity,Unspecified
05556500,POINT (-89.4979611111111 41.3674027777778),a36e338c-5e02-44cf-949d-8329b59f1c53,USGS-05556500,4e84bfe1-d138-62f5-e053-0100007f7211,433,1973-07-18T06:00:00+00:00,Imported Channel 1,55.3,ft^3/s,,,,,,,,ft,Unspecified,Unspecified,Unspecified,Unspecified,Unspecified,Unknown,Unspecified,2026-07-01T19:10:53.364778+00:00,other_method,Unspecified
05556500,POINT (-89.4979611111111 41.3674027777778),a37b6980-8921-4a8e-a911-1b9e630a8279,USGS-05556500,4e849cf9-11c0-4ea7-e053-0100007f4505,245,1956-02-28T19:55:00+00:00,Imported Channel 1,96.5,ft^3/s,36.0,ft,55.6,ft^2,1.73,ft/s,,,Unspecified,Unspecified,Unspecified,Unspecified,Unspecified,Unknown,Wading,2026-07-01T19:10:53.364778+00:00,point_velocity,Unspecified
05556500,POINT (-89.4979611111111 41.3674027777778),a3c985d7-f6f2-491b-83c4-32dc7de5196f,USGS-05556500,4e84bf1b-d646-627f-e053-0100007fec58,510,1981-02-04T06:00:00+00:00,Imported Channel 1,21.8,ft^3/s,47.0,ft,42.0,ft^2,0.52,ft/s,,,Unspecified,Unspecified,Unspecified,Unspecified,Unspecified,Unknown,Ice,2026-07-01T19:10:53.364778+00:00,point_velocity,Unspecified
05556500,POINT (-89.4979611111111 41.3674027777778),a4127950-e351-4229-ba7f-e637578bcf3f,USGS-05556500,4e84b5ab-3253-5cdf-e053-0100007f126e,426,1972-12-15T06:00:00+00:00,Imported Channel 1,108,ft^3/s,,,,,,,,ft,Unspecified,Unspecified,Unspecified,Unspecified,Unspecified,Unknown,Unspecified,2026-07-01T19:10:53.364778+00:00,other_method,Unspecified
05556500,POINT (-89.4979611111111 41.3674027777778),a41b5ed1-0c4a-48bf-bbac-17887c51c6a9,USGS-05556500,4e84c448-467d-6601-e053-0100007f88da,351,1965-11-26T18:48:00+00:00,Imported Channel 1,78.7,ft^3/s,47.0,ft,38.0,ft^2,2.07,ft/s,,,Unspecified,Unspecified,Unspecified,Unspecified,Unspecified,Unknown,Wading,2026-07-01T19:10:53.364778+00:00,point_velocity,Unspecified
05556500,POINT (-89.4979611111111 41.3674027777778),a47ee5f2-09a4-402a-b0d1-653c3da61636,USGS-05556500,4e84e3df-7756-7838-e053-0100007f8ca3,692,2002-01-17T14:31:00+00:00,Imported Channel 1,30.9,ft^3/s,45.0,ft,44.3,ft^2,0.70,ft/s,,,Unspecified,Unspecified,Unspecified,Unspecified,Unspecified,Unknown,Wading,2026-07-01T19:10:53.364778+00:00,point_velocity,Unspecified
05556500,POINT (-89.4979611111111 41.3674027777778),a49b1198-a9c2-4636-bb4f-dad793003c0d,USGS-05556500,4e84b7bd-2283-5d9b-e053-0100007f37df,389,1968-12-09T06:00:00+00:00,Imported Channel 1,19.6,ft^3/s,,,,,,,,ft,Unspecified,Unspecified,Unspecified,Unspecified,Unspecified,Unknown,Unspecified,2026-07-01T19:10:53.364778+00:00,other_method,Unspecified
05556500,POINT (-89.4979611111111 41.3674027777778),a4cad544-4687-4836-8895-e6714064549c,USGS-05556500,4e84b6f0-9be9-5dd5-e053-0100007feed4,273,1959-02-24T15:20:00+00:00,Imported Channel 1,1370,ft^3/s,97.0,ft,519,ft^2,2.64,ft/s,,,Unspecified,Unspecified,Unspecified,Unspecified,Unspecified,Unknown,BridgeCrane,2026-07-01T19:10:53.364778+00:00,point_velocity,Unspecified
05556500,POINT (-89.4979611111111 41.3674027777778),a59472d9-3512-42bb-aad2-5ba922e193ca,USGS-05556500,4e84d203-38ae-6db0-e053-0100007f362d,700,2003-01-28T16:02:00+00:00,Imported Channel 1,2.64,ft^3/s,15.5,ft,3.99,ft^2,0.66,ft/s,,,Unspecified,Unspecified,Unspecified,Unspecified,Unspecified,Unknown,BridgeCrane,2026-07-01T19:10:53.364778+00:00,point_velocity,Unspecified
05556500,POINT (-89.4979611111111 41.3674027777778),a5d5a13e-0829-48cf-973b-faa8e62f12a0,USGS-05556500,4e84ac33-93e9-573d-e053-0100007f9157,164,1948-08-11T23:00:00+00:00,Imported Channel 1,7.78,ft^3/s,25.0,ft,10.6,ft^2,0.73,ft/s,,,Unspecified,Unspecified,Unspecified,Unspecified,Unspecified,Unknown,Wading,2026-07-01T19:10:53.364778+00:00,point_velocity,Unspecified
05556500,POINT (-89.4979611111111 41.3674027777778),a62ab472-3365-401c-b9b9-3876f3cf515b,USGS-05556500,4e84abc4-8771-57dd-e053-0100007f550d,264,1957-12-11T18:10:00+00:00,Imported Channel 1,3.47,ft^3/s,20.3,ft,8.56,ft^2,0.41,ft/s,,,Unspecified,Unspecified,Unspecified,Unspecified,Unspecified,Unknown,Wading,2026-07-01T19:10:53.364778+00:00,point_velocity,Unspecified
05556500,POINT (-89.4979611111111 41.3674027777778),a699b1c4-5f2e-4239-a8ef-09be85d693ee,USGS-05556500,4e84c794-dbd6-67d1-e053-0100007f2fe9,468,1976-10-06T06:00:00+00:00,Imported Channel 1,8.03,ft^3/s,,,,,,,,ft,Unspecified,Unspecified,Unspecified,Unspecified,Unspecified,Unknown,Unspecified,2026-07-01T19:10:53.364778+00:00,other_method,Unspecified
05556500,POINT (-89.4979611111111 41.3674027777778),a6e7632f-2e29-4185-b891-c9f06417cf9e,USGS-05556500,4e84c105-28ed-63e2-e053-0100007fef59,295,1961-02-28T19:50:00+00:00,Imported Channel 1,14.8,ft^3/s,39.8,ft,18.3,ft^2,0.81,ft/s,,,Unspecified,Unspecified,Unspecified,Unspecified,Unspecified,Unknown,Wading,2026-07-01T19:10:53.364778+00:00,point_velocity,Unspecified
05556500,POINT (-89.4979611111111 41.3674027777778),a73e9b29-90c1-4974-a8a6-c521d15bcbb5,USGS-05556500,4e849e6d-e8f9-4ef1-e053-0100007fa692,148,1947-05-22T23:25:00+00:00,Imported Channel 1,165,ft^3/s,55.4,ft,121,ft^2,1.36,ft/s,,,Unspecified,Unspecified,Unspecified,Unspecified,Unspecified,Unknown,Wading,2026-07-01T19:10:53.364778+00:00,point_velocity,Unspecified
05556500,POINT (-89.4979611111111 41.3674027777778),a785ee33-9a5c-4097-ac8a-6eba63f97f47,USGS-05556500,4e84cf64-6c36-6b62-e053-0100007f9a8a,581,1987-07-10T14:10:00+00:00,Imported Channel 1,17.6,ft^3/s,44.0,ft,30.8,ft^2,0.57,ft/s,,,Unspecified,Unspecified,Unspecified,Unspecified,Unspecified,Unknown,Wading,2026-07-01T19:10:53.364778+00:00,point_velocity,Unspecified
05556500,POINT (-89.4979611111111 41.3674027777778),a7a69450-71ec-4680-98f3-86e2f9311948,USGS-05556500,4e84c80e-0e39-67d5-e053-0100007f0f93,542,1983-08-09T06:00:00+00:00,Imported Channel 1,4.54,ft^3/s,38.0,ft,32.4,ft^2,0.14,ft/s,,,Unspecified,Unspecified,Unspecified,Unspecified,Unspecified,Unknown,Wading,2026-07-01T19:10:53.364778+00:00,point_velocity,Unspecified
05556500,POINT (-89.4979611111111 41.3674027777778),a7c18159-6bda-41ad-b6f0-2c709e6f59fb,USGS-05556500,4e84a397-f021-5321-e053-0100007f76ce,65,1941-02-04T15:55:00+00:00,Imported Channel 1,26.8,ft^3/s,39.0,ft,36.3,ft^2,0.74,ft/s,,,Unspecified,Unspecified,Unspecified,Unspecified,Unspecified,Unknown,Wading,2026-07-01T19:10:53.364778+00:00,point_velocity,Unspecified
05556500,POINT (-89.4979611111111 41.3674027777778),a7c2e49c-81e0-4beb-8094-9784d40cc12f,USGS-05556500,4e84c7cd-51bf-684d-e053-0100007f5cb9,541,1983-07-11T06:00:00+00:00,Imported Channel 1,66.3,ft^3/s,49.0,ft,55.4,ft^2,1.20,ft/s,,,Unspecified,Unspecified,Unspecified,Unspecified,Unspecified,Unknown,Wading,2026-07-01T19:10:53.364778+00:00,point_velocity,Unspecified
05556500,POINT (-89.4979611111111 41.3674027777778),a8004184-e90d-4ed0-ba1c-8376720f8f28,USGS-05556500,4e84d4a6-60fa-6f17-e053-0100007fcfe3,618,1991-07-17T17:15:00+00:00,Imported Channel 1,9.83,ft^3/s,24.0,ft,14.7,ft^2,0.67,ft/s,,,Unspecified,Unspecified,Unspecified,Unspecified,Unspecified,Unknown,Wading,2026-07-01T19:10:53.364778+00:00,point_velocity,Unspecified
05556500,POINT (-89.4979611111111 41.3674027777778),a8364e8a-e616-4570-aa54-d21087f3f6fe,USGS-05556500,4e84bdde-d0ed-616a-e053-0100007f0505,455,1975-09-05T06:00:00+00:00,Imported Channel 1,24.9,ft^3/s,32.5,ft,27.9,ft^2,0.89,ft/s,,,Unspecified,Unspecified,Unspecified,Unspecified,Unspecified,Unknown,Wading,2026-07-01T19:10:53.364778+00:00,point_velocity,Unspecified
05556500,POINT (-89.4979611111111 41.3674027777778),a8e543ed-1e8e-4b31-a5ab-36bb9ae58879,USGS-05556500,4e849dfe-6913-4e5f-e053-0100007f345b,104,1944-06-12T23:45:00+00:00,Imported Channel 1,77.1,ft^3/s,42.4,ft,75.1,ft^2,1.03,ft/s,,,Unspecified,Unspecified,Unspecified,Unspecified,Unspecified,Unknown,Wading,2026-07-01T19:10:53.364778+00:00,point_velocity,Unspecified
05556500,POINT (-89.4979611111111 41.3674027777778),a902c015-04f1-4c98-b74c-36c94a5b6dbe,USGS-05556500,4e84b949-b95e-5f1e-e053-0100007f1183,173,1949-05-13T17:10:00+00:00,Imported Channel 1,33.2,ft^3/s,45.0,ft,29.2,ft^2,1.14,ft/s,,,Unspecified,Unspecified,Unspecified,Unspecified,Unspecified,Unknown,Wading,2026-07-01T19:10:53.364778+00:00,point_velocity,Unspecified
05556500,POINT (-89.4979611111111 41.3674027777778),a90a7f20-1ac2-4776-ada0-68bc1ed68b16,USGS-05556500,4e84ce17-4b55-6b6c-e053-0100007f6a07,637,1994-10-17T20:40:00+00:00,Imported Channel 1,58.5,ft^3/s,35.0,ft,30.3,ft^2,1.93,ft/s,,,Unspecified,Unspecified,Unspecified,Unspecified,Unspecified,Unknown,Wading,2026-07-01T19:10:53.364778+00:00,point_velocity,Unspecified
05556500,POINT (-89.4979611111111 41.3674027777778),a9134952-8406-4d07-8a50-c420a88c5e3c,USGS-05556500,4e84a22f-3ed3-51e2-e053-0100007fb2e0,59,1940-09-20T15:45:00+00:00,Imported Channel 1,0.52,ft^3/s,14.0,ft,3.68,ft^2,0.14,ft/s,,,Unspecified,Unspecified,Unspecified,Unspecified,Unspecified,Unknown,BridgeCrane,2026-07-01T19:10:53.364778+00:00,point_velocity,Unspecified
05556500,POINT (-89.4979611111111 41.3674027777778),a9e1b030-f976-4189-8965-cec9fd152efe,USGS-05556500,4e84a22f-3ed3-51e2-e053-0100007fb2e0,60,1940-09-20T19:35:00+00:00,Imported Channel 1,0.62,ft^3/s,14.0,ft,3.82,ft^2,0.16,ft/s,,,Unspecified,Unspecified,Unspecified,Unspecified,Unspecified,Unknown,Wading,2026-07-01T19:10:53.364778+00:00,point_velocity,Unspecified
05556500,POINT (-89.4979611111111 41.3674027777778),a9f6b9c3-f15d-454a-9c78-92061d55f137,USGS-05556500,4e84c559-c1bc-665d-e053-0100007fa715,496,1979-07-05T06:00:00+00:00,Imported Channel 1,111,ft^3/s,,,,,,,,ft,Unspecified,Unspecified,Unspecified,Unspecified,Unspecified,Unknown,Unspecified,2026-07-01T19:10:53.364778+00:00,other_method,Unspecified
05556500,POINT (-89.4979611111111 41.3674027777778),aa83dc74-b91b-4310-9c4f-b555c87e318a,USGS-05556500,4e84bcfd-c340-5fe8-e053-0100007f107a,229,1954-03-26T16:40:00+00:00,Imported Channel 1,446,ft^3/s,86.0,ft,262,ft^2,1.70,ft/s,,,Unspecified,Unspecified,Unspecified,Unspecified,Unspecified,Unknown,BridgeCrane,2026-07-01T19:10:53.364778+00:00,point_velocity,Unspecified
05556500,POINT (-89.4979611111111 41.3674027777778),aaecadbb-3501-4560-a995-bf779e87fe00,USGS-05556500,4e84a3c9-206b-5190-e053-0100007f8d53,93,1943-08-02T22:25:00+00:00,Imported Channel 1,12.6,ft^3/s,26.5,ft,22.2,ft^2,0.58,ft/s,,,Unspecified,Unspecified,Unspecified,Unspecified,Unspecified,Unknown,Wading,2026-07-01T19:10:53.364778+00:00,point_velocity,Unspecified
05556500,POINT (-89.4979611111111 41.3674027777778),aafa11fa-8dc4-4b08-b5df-a6c1effe01a6,USGS-05556500,4e84ecba-db03-7d40-e053-0100007ff260,730,2008-03-11T19:27:00+00:00,Imported Channel 1,258,ft^3/s,53.0,ft,91.4,ft^2,2.83,ft/s,,,Unspecified,Unspecified,Unspecified,Unspecified,Unspecified,Unknown,Wading,2026-07-01T19:10:53.364778+00:00,point_velocity,Unspecified
05556500,POINT (-89.4979611111111 41.3674027777778),abc59f46-96a8-4da7-af9c-b9367db185ee,USGS-05556500,4e84da41-ba75-72b8-e053-0100007fd5f5,665,1998-04-07T19:15:00+00:00,Imported Channel 1,308,ft^3/s,77.0,ft,116,ft^2,2.66,ft/s,,,Unspecified,Unspecified,Unspecified,Unspecified,Unspecified,Unknown,Wading,2026-07-01T19:10:53.364778+00:00,point_velocity,Unspecified
05556500,POINT (-89.4979611111111 41.3674027777778),ac66e5ef-b5bf-453f-8e40-4590731cf986,USGS-05556500,4e84aedb-c734-5954-e053-0100007f4f0c,85,1942-09-09T22:30:00+00:00,Imported Channel 1,366,ft^3/s,84.0,ft,174,ft^2,2.10,ft/s,,,Unspecified,Unspecified,Unspecified,Unspecified,Unspecified,Unknown,Wading,2026-07-01T19:10:53.364778+00:00,point_velocity,Unspecified
05556500,POINT (-89.4979611111111 41.3674027777778),ac89bd28-0480-4a34-87d1-88aa1cf1af51,USGS-05556500,4e84b63e-a89a-5d6d-e053-0100007f3103,193,1950-11-01T22:15:00+00:00,Imported Channel 1,2.38,ft^3/s,12.0,ft,9.31,ft^2,0.26,ft/s,,,Unspecified,Unspecified,Unspecified,Unspecified,Unspecified,Unknown,Wading,2026-07-01T19:10:53.364778+00:00,point_velocity,Unspecified
05556500,POINT (-89.4979611111111 41.3674027777778),acbffe9d-1722-449d-a801-6dd67f1535e5,USGS-05556500,4e84d615-5c58-6f19-e053-0100007f8826,624,1992-06-24T14:55:00+00:00,Imported Channel 1,22.6,ft^3/s,49.0,ft,21.1,ft^2,1.07,ft/s,,,Unspecified,Unspecified,Unspecified,Unspecified,Unspecified,Unknown,Wading,2026-07-01T19:10:53.364778+00:00,point_velocity,Unspecified
05556500,POINT (-89.4979611111111 41.3674027777778),acc16f6e-c67e-410b-a69e-0a6a73f777c5,USGS-05556500,4e84b1b7-0451-5ad9-e053-0100007f3f9b,222,1953-06-05T14:30:00+00:00,Imported Channel 1,40.5,ft^3/s,58.0,ft,55.2,ft^2,1.00,ft/s,,,Unspecified,Unspecified,Unspecified,Unspecified,Unspecified,Unknown,Wading,2026-07-01T19:10:53.364778+00:00,point_velocity,Unspecified
05556500,POINT (-89.4979611111111 41.3674027777778),aceb7bce-1e36-434a-88f3-798013ed0092,USGS-05556500,4e84a670-f656-5343-e053-0100007f18d3,111,1945-01-03T15:30:00+00:00,Imported Channel 1,1.06,ft^3/s,5.80,ft,2.64,ft^2,0.40,ft/s,,,Unspecified,Unspecified,Unspecified,Unspecified,Unspecified,Unknown,Ice,2026-07-01T19:10:53.364778+00:00,point_velocity,Unspecified
05556500,POINT (-89.4979611111111 41.3674027777778),ad4a98d8-a8bc-4d4d-b588-753af9de8d66,USGS-05556500,4e84b308-b687-5b17-e053-0100007f3eac,495,1979-05-23T06:00:00+00:00,Imported Channel 1,154,ft^3/s,,,,,,,,ft,Unspecified,Unspecified,Unspecified,Unspecified,Unspecified,Unknown,Unspecified,2026-07-01T19:10:53.364778+00:00,other_method,Unspecified
05556500,POINT (-89.4979611111111 41.3674027777778),ae0b3b31-0f00-49b7-89bd-fd2b5a2b1edb,USGS-05556500,4e84d817-b6ec-7039-e053-0100007f024c,663,1998-01-22T15:11:00+00:00,Imported Channel 1,78.8,ft^3/s,41.0,ft,64.0,ft^2,1.23,ft/s,,,Unspecified,Unspecified,Unspecified,Unspecified,Unspecified,Unknown,Wading,2026-07-01T19:10:53.364778+00:00,point_velocity,Unspecified
05556500,POINT (-89.4979611111111 41.3674027777778),ae18c7f4-f7a4-41de-9c4c-168630d29c72,USGS-05556500,4e84bdc9-dd29-6144-e053-0100007f54c1,493,1979-03-20T06:00:00+00:00,Imported Channel 1,6940,ft^3/s,,,,,,,,ft,Unspecified,Unspecified,Unspecified,Unspecified,Unspecified,Unknown,Unspecified,2026-07-01T19:10:53.364778+00:00,other_method,Unspecified
05556500,POINT (-89.4979611111111 41.3674027777778),ae4602be-1a22-447f-be92-d4664f11ef7d,USGS-05556500,f9805729-3c74-405c-8f76-06a34a737ea0,807,2020-11-24T20:19:02+00:00,05556500,19.7,ft^3/s,61.0,ft,27.0,ft^2,0.73,ft/s,175.00,ft,Firm,Gravel,Uneven,Uneven,Unknown,Steady,Wading,2026-07-01T19:10:53.364778+00:00,point_velocity,Downstream
05556500,POINT (-89.4979611111111 41.3674027777778),ae54031a-e30f-417f-adb2-7ad05f3146f2,USGS-05556500,911b8d93-9b0b-466a-93de-d8afce60bfba,829,2025-05-08T15:56:27+00:00,main,96.4,ft^3/s,74.0,ft,48.1,ft^2,2.00,ft/s,70.00,ft,Firm,Cobbles,Even,Uneven,Standard,Steady,Wading,2026-07-01T19:10:53.364778+00:00,point_velocity,Downstream
05556500,POINT (-89.4979611111111 41.3674027777778),ae7b4d96-5b97-4657-8ac8-369671e8432b,USGS-05556500,4e84c816-e308-67c3-e053-0100007f9dc5,518,1981-10-15T06:00:00+00:00,Imported Channel 1,186,ft^3/s,63.0,ft,133,ft^2,1.41,ft/s,,,Unspecified,Unspecified,Unspecified,Unspecified,Unspecified,Unknown,Wading,2026-07-01T19:10:53.364778+00:00,point_velocity,Unspecified
05556500,POINT (-89.4979611111111 41.3674027777778),af52a08a-f1d0-43ac-95e8-bf321d82bbbf,USGS-05556500,4e84bdde-d0da-616a-e053-0100007f0505,241,1955-09-29T17:05:00+00:00,Imported Channel 1,16.8,ft^3/s,29.6,ft,29.6,ft^2,0.57,ft/s,,,Unspecified,Unspecified,Unspecified,Unspecified,Unspecified,Unknown,Wading,2026-07-01T19:10:53.364778+00:00,point_velocity,Unspecified
05556500,POINT (-89.4979611111111 41.3674027777778),b043bac0-fe53-488e-975f-8c68c87ac7ca,USGS-05556500,4e84bff9-1d4e-6297-e053-0100007f0a28,329,1964-03-06T16:20:00+00:00,Imported Channel 1,126,ft^3/s,69.0,ft,111,ft^2,1.14,ft/s,,,Unspecified,Unspecified,Unspecified,Unspecified,Unspecified,Unknown,Wading,2026-07-01T19:10:53.364778+00:00,point_velocity,Unspecified
05556500,POINT (-89.4979611111111 41.3674027777778),b1aab3fa-d94c-423a-a7df-e9afbde7ebd3,USGS-05556500,4e84c54a-a114-6681-e053-0100007f8462,516,1981-08-15T06:00:00+00:00,Imported Channel 1,5070,ft^3/s,151,ft,1190,ft^2,4.26,ft/s,,,Unspecified,Unspecified,Unspecified,Unspecified,Unspecified,Unknown,BridgeCrane,2026-07-01T19:10:53.364778+00:00,point_velocity,Unspecified
05556500,POINT (-89.4979611111111 41.3674027777778),b20fb2e7-c95e-42e3-9ce5-d937f27ca0dd,USGS-05556500,4e84e445-26f2-7898-e053-0100007fe215,681,2000-09-01T19:04:00+00:00,Imported Channel 1,8.00,ft^3/s,34.0,ft,40.4,ft^2,0.20,ft/s,,,Unspecified,Unspecified,Unspecified,Unspecified,Unspecified,Unknown,Wading,2026-07-01T19:10:53.364778+00:00,point_velocity,Unspecified
05556500,POINT (-89.4979611111111 41.3674027777778),b21c6465-2625-4f45-8e42-7bac501af845,USGS-05556500,4e84c825-0188-6827-e053-0100007fbfc4,479,1978-01-10T06:00:00+00:00,Imported Channel 1,39.8,ft^3/s,,,,,,,,ft,Unspecified,Unspecified,Unspecified,Unspecified,Unspecified,Unknown,Unspecified,2026-07-01T19:10:53.364778+00:00,other_method,Unspecified
05556500,POINT (-89.4979611111111 41.3674027777778),b25f2b49-068b-4a8a-8082-286604ccac99,USGS-05556500,4e84aedb-c738-5954-e053-0100007f4f0c,106,1944-07-25T23:50:00+00:00,Imported Channel 1,3.10,ft^3/s,32.5,ft,8.60,ft^2,0.36,ft/s,,,Unspecified,Unspecified,Unspecified,Unspecified,Unspecified,Unknown,Wading,2026-07-01T19:10:53.364778+00:00,point_velocity,Unspecified
05556500,POINT (-89.4979611111111 41.3674027777778),b2770f3e-2103-429e-85c0-4953156fd07e,USGS-05556500,4e84b18e-3f4f-5b13-e053-0100007ffdfc,29,1938-07-20T20:00:00+00:00,Imported Channel 1,62.5,ft^3/s,29.0,ft,28.7,ft^2,2.18,ft/s,,,Unspecified,Unspecified,Unspecified,Unspecified,Unspecified,Unknown,Wading,2026-07-01T19:10:53.364778+00:00,point_velocity,Unspecified
05556500,POINT (-89.4979611111111 41.3674027777778),b2a5b9fc-5637-4e1b-8879-7a223dbf6894,USGS-05556500,4e84af59-9020-577b-e053-0100007fd46e,188,1950-05-23T21:15:00+00:00,Imported Channel 1,80.8,ft^3/s,61.0,ft,95.2,ft^2,1.78,ft/s,,,Unspecified,Unspecified,Unspecified,Unspecified,Unspecified,Unknown,Wading,2026-07-01T19:10:53.364778+00:00,point_velocity,Unspecified
05556500,POINT (-89.4979611111111 41.3674027777778),b33b16fb-6202-4df9-a6a3-7d83fff966ba,USGS-05556500,4e84b5a6-cbdb-5cef-e053-0100007fcf15,654,1996-12-13T13:24:00+00:00,Imported Channel 1,55.4,ft^3/s,40.0,ft,31.1,ft^2,1.78,ft/s,,,Unspecified,Unspecified,Unspecified,Unspecified,Unspecified,Unknown,Wading,2026-07-01T19:10:53.364778+00:00,point_velocity,Unspecified
05556500,POINT (-89.4979611111111 41.3674027777778),b34b0c18-de52-46b4-bbd0-0dc979449bab,USGS-05556500,81a644a6-c072-9343-e053-0100007f24f4,795,2019-02-11T17:49:34+00:00,side,50.4,ft^3/s,18.7,ft,22.1,ft^2,2.28,ft/s,0.00,ft,Firm,Cobbles,Even,Even,Standard,Steady,BridgeDownstreamSide,2026-07-01T19:10:53.364778+00:00,adcp,AtTheGage
05556500,POINT (-89.4979611111111 41.3674027777778),b35ca319-a2ef-4ce1-b95d-45c55e83b653,USGS-05556500,4e84bf9d-d1d0-62ef-e053-0100007f45b9,484,1978-06-27T06:00:00+00:00,Imported Channel 1,879,ft^3/s,,,,,,,,ft,Unspecified,Unspecified,Unspecified,Unspecified,Unspecified,Unknown,Unspecified,2026-07-01T19:10:53.364778+00:00,other_method,Unspecified
05556500,POINT (-89.4979611111111 41.3674027777778),b393d52f-14e6-48ab-8d66-60f81a95c0af,USGS-05556500,4e84af59-901c-577b-e053-0100007fd46e,184,1950-04-04T22:05:00+00:00,Imported Channel 1,684,ft^3/s,96.0,ft,299,ft^2,2.29,ft/s,,,Unspecified,Unspecified,Unspecified,Unspecified,Unspecified,Unknown,BridgeCrane,2026-07-01T19:10:53.364778+00:00,point_velocity,Unspecified
05556500,POINT (-89.4979611111111 41.3674027777778),b3c62779-3687-4eaf-a70d-a2a51e010352,USGS-05556500,4e84c80e-0e44-67d5-e053-0100007f0f93,549,1984-04-12T06:00:00+00:00,Imported Channel 1,203,ft^3/s,56.0,ft,93.9,ft^2,2.16,ft/s,,,Unspecified,Unspecified,Unspecified,Unspecified,Unspecified,Unknown,Wading,2026-07-01T19:10:53.364778+00:00,point_velocity,Unspecified
05556500,POINT (-89.4979611111111 41.3674027777778),b535f370-817e-4b1e-b079-4df62d37a2c5,USGS-05556500,4e84ca74-5dee-697c-e053-0100007f3454,569,1986-02-26T06:00:00+00:00,Imported Channel 1,92.3,ft^3/s,57.0,ft,68.9,ft^2,1.40,ft/s,,,Unspecified,Unspecified,Unspecified,Unspecified,Unspecified,Unknown,Wading,2026-07-01T19:10:53.364778+00:00,point_velocity,Unspecified
05556500,POINT (-89.4979611111111 41.3674027777778),b5490577-75d3-4b66-8596-43a5cdb21095,USGS-05556500,4e84b97d-20dc-5f60-e053-0100007f4f47,381,1968-04-11T19:00:00+00:00,Imported Channel 1,86.8,ft^3/s,58.0,ft,41.8,ft^2,2.08,ft/s,,,Unspecified,Unspecified,Unspecified,Unspecified,Unspecified,Unknown,Wading,2026-07-01T19:10:53.364778+00:00,point_velocity,Unspecified
05556500,POINT (-89.4979611111111 41.3674027777778),b621c73d-7ea2-4348-b88c-49c3619c43bf,USGS-05556500,4e84b6d8-eb41-5dad-e053-0100007fddde,285,1960-04-17T06:00:00+00:00,Imported Channel 1,3090,ft^3/s,,,,,,,,ft,Unspecified,Unspecified,Unspecified,Unspecified,Unspecified,Unknown,Unspecified,2026-07-01T19:10:53.364778+00:00,other_method,Unspecified
05556500,POINT (-89.4979611111111 41.3674027777778),b6854bfa-46c4-4026-b8d6-934024a0732e,USGS-05556500,4e84b24b-cd54-5b5d-e053-0100007f498a,244,1956-01-20T18:20:00+00:00,Imported Channel 1,10.4,ft^3/s,20.0,ft,14.1,ft^2,0.74,ft/s,,,Unspecified,Unspecified,Unspecified,Unspecified,Unspecified,Unknown,Wading,2026-07-01T19:10:53.364778+00:00,point_velocity,Unspecified
05556500,POINT (-89.4979611111111 41.3674027777778),b69610e9-6d6b-4a58-8e52-193c3e1bb977,USGS-05556500,4e84c439-fe20-6603-e053-0100007f8ed8,339,1965-12-11T15:00:00+00:00,Imported Channel 1,2.91,ft^3/s,11.6,ft,4.14,ft^2,0.70,ft/s,,,Unspecified,Unspecified,Unspecified,Unspecified,Unspecified,Unknown,Wading,2026-07-01T19:10:53.364778+00:00,point_velocity,Unspecified
05556500,POINT (-89.4979611111111 41.3674027777778),b6aed5ab-fecf-437a-b4cb-5a511b019fa8,USGS-05556500,4e84af59-900b-577b-e053-0100007fd46e,6,1936-06-26T20:30:00+00:00,Imported Channel 1,1.90,ft^3/s,10.0,ft,3.81,ft^2,0.50,ft/s,,,Unspecified,Unspecified,Unspecified,Unspecified,Unspecified,Unknown,Wading,2026-07-01T19:10:53.364778+00:00,point_velocity,Unspecified
05556500,POINT (-89.4979611111111 41.3674027777778),b6faada2-00c8-4fbf-8db3-1ea6af1216cc,USGS-05556500,4e84b24b-cd42-5b5d-e053-0100007f498a,83,1942-09-08T19:30:00+00:00,Imported Channel 1,7.31,ft^3/s,20.2,ft,14.0,ft^2,0.52,ft/s,,,Unspecified,Unspecified,Unspecified,Unspecified,Unspecified,Unknown,Wading,2026-07-01T19:10:53.364778+00:00,point_velocity,Unspecified
05556500,POINT (-89.4979611111111 41.3674027777778),b728c21c-e681-4ca7-8511-fbb9a966c47e,USGS-05556500,81a644a6-c072-9343-e053-0100007f24f4,795,2019-02-11T17:49:34+00:00,main,226,ft^3/s,56.7,ft,88.3,ft^2,2.56,ft/s,0.00,ft,Firm,Cobbles,Even,Even,Standard,Steady,BridgeDownstreamSide,2026-07-01T19:10:53.364778+00:00,adcp,AtTheGage
05556500,POINT (-89.4979611111111 41.3674027777778),b768cddf-13bf-4064-ac67-ca2763c77755,USGS-05556500,4e84c2ab-476a-642a-e053-0100007f884d,545,1983-11-01T06:00:00+00:00,Imported Channel 1,7.06,ft^3/s,49.0,ft,45.9,ft^2,0.15,ft/s,,,Unspecified,Unspecified,Unspecified,Unspecified,Unspecified,Unknown,Wading,2026-07-01T19:10:53.364778+00:00,point_velocity,Unspecified
05556500,POINT (-89.4979611111111 41.3674027777778),b77831a4-3ca3-4387-974c-b0f2eedcdaad,USGS-05556500,4e84d928-a376-7246-e053-0100007f442f,619,1991-09-11T15:00:00+00:00,Imported Channel 1,2.41,ft^3/s,9.60,ft,4.23,ft^2,0.57,ft/s,,,Unspecified,Unspecified,Unspecified,Unspecified,Unspecified,Unknown,Wading,2026-07-01T19:10:53.364778+00:00,point_velocity,Unspecified
05556500,POINT (-89.4979611111111 41.3674027777778),b7e12efd-7996-4408-8cf5-c5ed044a6a37,USGS-05556500,4e84b933-5633-5dcf-e053-0100007ff2c1,179,1949-10-27T18:15:00+00:00,Imported Channel 1,2.52,ft^3/s,14.1,ft,4.40,ft^2,0.57,ft/s,,,Unspecified,Unspecified,Unspecified,Unspecified,Unspecified,Unknown,Wading,2026-07-01T19:10:53.364778+00:00,point_velocity,Unspecified
05556500,POINT (-89.4979611111111 41.3674027777778),b828ff6b-ecb9-41a8-b047-1f8ad60367d1,USGS-05556500,4e84b98a-2b0e-5fe3-e053-0100007f37e1,343,1965-05-02T20:15:00+00:00,Imported Channel 1,320,ft^3/s,68.0,ft,168,ft^2,1.90,ft/s,,,Unspecified,Unspecified,Unspecified,Unspecified,Unspecified,Unknown,Wading,2026-07-01T19:10:53.364778+00:00,point_velocity,Unspecified
05556500,POINT (-89.4979611111111 41.3674027777778),b8534bd1-7ef5-453c-93fc-ee4d09082148,USGS-05556500,4e84d8f9-9c0b-7240-e053-0100007f04ef,717,2005-10-11T18:58:00+00:00,Imported Channel 1,1.87,ft^3/s,11.5,ft,4.30,ft^2,0.43,ft/s,,,Unspecified,Unspecified,Unspecified,Unspecified,Unspecified,Unknown,Wading,2026-07-01T19:10:53.364778+00:00,point_velocity,Unspecified
05556500,POINT (-89.4979611111111 41.3674027777778),b8ebb74f-0a47-42af-b01b-3631b4b5a2a3,USGS-05556500,4e84a16d-1cde-51c2-e053-0100007ff4a4,258,1957-04-10T18:45:00+00:00,Imported Channel 1,244,ft^3/s,80.5,ft,176,ft^2,1.39,ft/s,,,Unspecified,Unspecified,Unspecified,Unspecified,Unspecified,Unknown,BridgeCrane,2026-07-01T19:10:53.364778+00:00,point_velocity,Unspecified
05556500,POINT (-89.4979611111111 41.3674027777778),b909cbe3-1e73-4c11-95c3-2f9effe0821f,USGS-05556500,4e84d203-38aa-6db0-e053-0100007f362d,698,2002-10-04T15:54:00+00:00,Imported Channel 1,6.47,ft^3/s,45.0,ft,22.0,ft^2,0.29,ft/s,,,Unspecified,Unspecified,Unspecified,Unspecified,Unspecified,Unknown,Wading,2026-07-01T19:10:53.364778+00:00,point_velocity,Unspecified
05556500,POINT (-89.4979611111111 41.3674027777778),b9190420-50b9-41f4-a575-3cc90a04fa77,USGS-05556500,4e84aee7-2756-58d2-e053-0100007f6135,289,1960-08-29T19:00:00+00:00,Imported Channel 1,19.0,ft^3/s,34.6,ft,17.8,ft^2,1.07,ft/s,,,Unspecified,Unspecified,Unspecified,Unspecified,Unspecified,Unknown,Wading,2026-07-01T19:10:53.364778+00:00,point_velocity,Unspecified
05556500,POINT (-89.4979611111111 41.3674027777778),b92a5d48-9007-403b-a20f-14718d150158,USGS-05556500,4e84abc4-8776-57dd-e053-0100007f550d,322,1963-08-14T15:40:00+00:00,Imported Channel 1,2.12,ft^3/s,10.4,ft,2.94,ft^2,0.72,ft/s,,,Unspecified,Unspecified,Unspecified,Unspecified,Unspecified,Unknown,Wading,2026-07-01T19:10:53.364778+00:00,point_velocity,Unspecified
05556500,POINT (-89.4979611111111 41.3674027777778),b9734d47-2a2f-4efa-b0b4-29a214d1274c,USGS-05556500,4e84dc69-394d-7324-e053-0100007fe092,672,1999-08-20T14:56:00+00:00,Imported Channel 1,32.2,ft^3/s,37.0,ft,37.8,ft^2,0.85,ft/s,,,Unspecified,Unspecified,Unspecified,Unspecified,Unspecified,Unknown,Wading,2026-07-01T19:10:53.364778+00:00,point_velocity,Unspecified
05556500,POINT (-89.4979611111111 41.3674027777778),b98080f7-10d3-41dc-bce6-9a8412b2348b,USGS-05556500,4e84dc69-394d-7324-e053-0100007fe092,673,1999-08-20T17:40:00+00:00,Imported Channel 1,29.1,ft^3/s,41.0,ft,61.1,ft^2,0.48,ft/s,,,Unspecified,Unspecified,Unspecified,Unspecified,Unspecified,Unknown,Wading,2026-07-01T19:10:53.364778+00:00,point_velocity,Unspecified
05556500,POINT (-89.4979611111111 41.3674027777778),b9f3d8ee-9ec8-4434-b93d-54fbead444f3,USGS-05556500,4e84a80e-1e8d-54ec-e053-0100007f2a54,45,1939-08-24T16:35:00+00:00,Imported Channel 1,37.6,ft^3/s,24.0,ft,16.6,ft^2,2.26,ft/s,,,Unspecified,Unspecified,Unspecified,Unspecified,Unspecified,Unknown,Wading,2026-07-01T19:10:53.364778+00:00,point_velocity,Unspecified
05556500,POINT (-89.4979611111111 41.3674027777778),b9feeaa0-2046-47bc-80c4-a923a792960d,USGS-05556500,4e84af59-901a-577b-e053-0100007fd46e,182,1950-02-21T18:25:00+00:00,Imported Channel 1,51.2,ft^3/s,36.0,ft,39.2,ft^2,1.31,ft/s,,,Unspecified,Unspecified,Unspecified,Unspecified,Unspecified,Unknown,Wading,2026-07-01T19:10:53.364778+00:00,point_velocity,Unspecified
05556500,POINT (-89.4979611111111 41.3674027777778),ba146b25-705d-4c5d-b118-66239ff406bf,USGS-05556500,4e848b7f-7a96-432a-e053-0100007f8dad,238,1955-04-28T18:55:00+00:00,Imported Channel 1,217,ft^3/s,69.0,ft,128,ft^2,1.70,ft/s,,,Unspecified,Unspecified,Unspecified,Unspecified,Unspecified,Unknown,Wading,2026-07-01T19:10:53.364778+00:00,point_velocity,Unspecified
05556500,POINT (-89.4979611111111 41.3674027777778),bab82de0-e764-4d95-8569-d0407b028ced,USGS-05556500,4e84ecde-21dd-7d97-e053-0100007f7240,783,2017-01-18T19:03:08+00:00,left,226,ft^3/s,66.0,ft,97.4,ft^2,2.32,ft/s,,ft,Firm,Gravel,Even,Uneven,Uniform,Unknown,BridgeDownstreamSide,2026-07-01T19:10:53.364778+00:00,adcp,AtTheGage
05556500,POINT (-89.4979611111111 41.3674027777778),bb0702fe-1f4f-430f-9440-71dc1d94d414,USGS-05556500,4e84d8b5-c923-7001-e053-0100007f5c3e,655,1997-02-04T15:50:00+00:00,Imported Channel 1,210,ft^3/s,101,ft,161,ft^2,1.30,ft/s,,,Unspecified,Unspecified,Unspecified,Unspecified,Unspecified,Unknown,Wading,2026-07-01T19:10:53.364778+00:00,point_velocity,Unspecified
05556500,POINT (-89.4979611111111 41.3674027777778),bb5f51d2-8954-4141-99c3-4ed6adf64251,USGS-05556500,4e84b48d-9ba6-5b7f-e053-0100007f410a,378,1968-01-09T18:30:00+00:00,Imported Channel 1,35.0,ft^3/s,31.0,ft,28.7,ft^2,1.22,ft/s,,,Unspecified,Unspecified,Unspecified,Unspecified,Unspecified,Unknown,Wading,2026-07-01T19:10:53.364778+00:00,point_velocity,Unspecified
05556500,POINT (-89.4979611111111 41.3674027777778),bc259071-9699-436f-8c3e-21b2da818070,USGS-05556500,4e84b390-8c77-5b5b-e053-0100007fb850,233,1954-10-12T19:15:00+00:00,Imported Channel 1,1.10,ft^3/s,99.5,ft,583,ft^2,1.89,ft/s,,,Unspecified,Unspecified,Unspecified,Unspecified,Unspecified,Unknown,BridgeCrane,2026-07-01T19:10:53.364778+00:00,point_velocity,Unspecified
05556500,POINT (-89.4979611111111 41.3674027777778),bc4c9ad1-3a9c-41a1-be04-8ed7cc811a66,USGS-05556500,4e84b698-3284-5db1-e053-0100007f0d20,214,1952-10-01T17:05:00+00:00,Imported Channel 1,1.31,ft^3/s,,,,,,,,ft,Unspecified,Unspecified,Unspecified,Unspecified,Unspecified,Unknown,Unspecified,2026-07-01T19:10:53.364778+00:00,other_method,Unspecified
05556500,POINT (-89.4979611111111 41.3674027777778),bc9f0dae-a985-410e-a78b-96ac0ad00ac3,USGS-05556500,0321c727-6e20-41bc-a971-5b830bc686e8,801,2019-12-23T19:41:30+00:00,05556500,103,ft^3/s,62.0,ft,53.5,ft^2,1.92,ft/s,150.00,ft,Firm,Cobbles,Uneven,Uneven,Unknown,Steady,Wading,2026-07-01T19:10:53.364778+00:00,point_velocity,Downstream
05556500,POINT (-89.4979611111111 41.3674027777778),bca871c9-96df-4f78-a79e-c2ab24f4fac8,USGS-05556500,4e84a78d-8c01-5516-e053-0100007fab34,47,1939-11-28T19:45:00+00:00,Imported Channel 1,3.60,ft^3/s,17.0,ft,6.50,ft^2,0.56,ft/s,,,Unspecified,Unspecified,Unspecified,Unspecified,Unspecified,Unknown,Wading,2026-07-01T19:10:53.364778+00:00,point_velocity,Unspecified
05556500,POINT (-89.4979611111111 41.3674027777778),bcf69e69-ebd8-46fa-92e4-8919748bf9cf,USGS-05556500,4e84c162-2ca1-6422-e053-0100007f66b4,544,1983-09-20T06:00:00+00:00,Imported Channel 1,34.1,ft^3/s,42.0,ft,46.7,ft^2,0.73,ft/s,,,Unspecified,Unspecified,Unspecified,Unspecified,Unspecified,Unknown,Wading,2026-07-01T19:10:53.364778+00:00,point_velocity,Unspecified
05556500,POINT (-89.4979611111111 41.3674027777778),bd6d5548-4f17-4d3a-a2ef-daf84873abdc,USGS-05556500,4e84c4fb-c0a8-65fb-e053-0100007f2886,393,1969-05-08T06:00:00+00:00,Imported Channel 1,143,ft^3/s,,,,,,,,ft,Unspecified,Unspecified,Unspecified,Unspecified,Unspecified,Unknown,Unspecified,2026-07-01T19:10:53.364778+00:00,other_method,Unspecified
05556500,POINT (-89.4979611111111 41.3674027777778),bd7b87af-1918-4e12-91fd-cefe23899070,USGS-05556500,4e84d2fe-5bfb-6e46-e053-0100007ff8fb,597,1989-03-13T17:10:00+00:00,Imported Channel 1,148,ft^3/s,55.0,ft,81.2,ft^2,1.82,ft/s,,,Unspecified,Unspecified,Unspecified,Unspecified,Unspecified,Unknown,Wading,2026-07-01T19:10:53.364778+00:00,point_velocity,Unspecified
05556500,POINT (-89.4979611111111 41.3674027777778),bd9e7abf-e3ba-42cd-abd5-5d08ffce2138,USGS-05556500,4e84a695-27df-54aa-e053-0100007f6ad4,39,1939-05-18T20:30:00+00:00,Imported Channel 1,120,ft^3/s,34.0,ft,47.4,ft^2,2.53,ft/s,,,Unspecified,Unspecified,Unspecified,Unspecified,Unspecified,Unknown,Wading,2026-07-01T19:10:53.364778+00:00,point_velocity,Unspecified
05556500,POINT (-89.4979611111111 41.3674027777778),bde57026-e77a-41b2-9fdd-2b8cb2155cbf,USGS-05556500,b0f170a6-ce24-4a40-a5fa-d279855ae990,818,2023-05-08T16:21:53+00:00,main,3760,ft^3/s,141,ft,918,ft^2,4.09,ft/s,0.00,ft,Firm,Gravel,Even,Even,Standard,Pulsating,BridgeDownstreamSide,2026-07-01T19:10:53.364778+00:00,adcp,AtTheGage
05556500,POINT (-89.4979611111111 41.3674027777778),beac47af-b47a-4e82-99ab-eb3eba574950,USGS-05556500,4e84b3ae-2128-5bff-e053-0100007fa804,138,1946-10-03T18:25:00+00:00,Imported Channel 1,1.89,ft^3/s,10.5,ft,5.22,ft^2,0.36,ft/s,,,Unspecified,Unspecified,Unspecified,Unspecified,Unspecified,Unknown,Wading,2026-07-01T19:10:53.364778+00:00,point_velocity,Unspecified
05556500,POINT (-89.4979611111111 41.3674027777778),beb1b1ab-d8a8-432e-a6ff-801dae0a14de,USGS-05556500,4e84c227-28b2-64a1-e053-0100007fc5a1,423,1972-06-15T06:00:00+00:00,Imported Channel 1,7500,ft^3/s,,,,,,,,ft,Unspecified,Unspecified,Unspecified,Unspecified,Unspecified,Unknown,Unspecified,2026-07-01T19:10:53.364778+00:00,other_method,Unspecified
05556500,POINT (-89.4979611111111 41.3674027777778),bf5c77c8-4d4d-4b96-a58d-afc60084bf5e,USGS-05556500,4e84b18e-3f8c-5b13-e053-0100007ffdfc,452,1975-06-10T06:00:00+00:00,Imported Channel 1,59.9,ft^3/s,,,,,,,,ft,Unspecified,Unspecified,Unspecified,Unspecified,Unspecified,Unknown,Unspecified,2026-07-01T19:10:53.364778+00:00,other_method,Unspecified
05556500,POINT (-89.4979611111111 41.3674027777778),c053ed11-7483-4c0d-9191-2e6b4c12257f,USGS-05556500,4e84c11e-c181-6328-e053-0100007fc3ec,607,1990-04-26T21:15:00+00:00,Imported Channel 1,84.8,ft^3/s,36.0,ft,54.4,ft^2,1.56,ft/s,,,Unspecified,Unspecified,Unspecified,Unspecified,Unspecified,Unknown,Wading,2026-07-01T19:10:53.364778+00:00,point_velocity,Unspecified
05556500,POINT (-89.4979611111111 41.3674027777778),c0ac5ca2-8d0f-4de0-af9d-373386bd6ec5,USGS-05556500,4e84c06c-95c9-6346-e053-0100007feceb,335,1964-09-09T17:00:00+00:00,Imported Channel 1,1.16,ft^3/s,9.60,ft,2.50,ft^2,0.47,ft/s,,,Unspecified,Unspecified,Unspecified,Unspecified,Unspecified,Unknown,Wading,2026-07-01T19:10:53.364778+00:00,point_velocity,Unspecified
05556500,POINT (-89.4979611111111 41.3674027777778),c2bcd279-215b-493b-bfb0-525beffec05f,USGS-05556500,4e84a22f-3f01-51e2-e053-0100007fb2e0,297,1961-04-14T17:10:00+00:00,Imported Channel 1,41.3,ft^3/s,39.4,ft,38.0,ft^2,1.09,ft/s,,,Unspecified,Unspecified,Unspecified,Unspecified,Unspecified,Unknown,Wading,2026-07-01T19:10:53.364778+00:00,point_velocity,Unspecified
05556500,POINT (-89.4979611111111 41.3674027777778),c39d6c56-d685-471c-9eb4-911aa94de08b,USGS-05556500,4e84d314-d834-6e56-e053-0100007f3ed7,687,2001-05-10T18:50:00+00:00,Imported Channel 1,115,ft^3/s,57.0,ft,58.6,ft^2,1.96,ft/s,,,Unspecified,Unspecified,Unspecified,Unspecified,Unspecified,Unknown,Wading,2026-07-01T19:10:53.364778+00:00,point_velocity,Unspecified
05556500,POINT (-89.4979611111111 41.3674027777778),c41bd509-247d-4ac4-954b-8538cdbb4f46,USGS-05556500,4e84a78b-6450-54e8-e053-0100007f9248,44,1939-08-23T14:45:00+00:00,Imported Channel 1,39.2,ft^3/s,24.0,ft,21.0,ft^2,1.87,ft/s,,,Unspecified,Unspecified,Unspecified,Unspecified,Unspecified,Unknown,Wading,2026-07-01T19:10:53.364778+00:00,point_velocity,Unspecified
05556500,POINT (-89.4979611111111 41.3674027777778),c42abe82-a610-4f44-8d8d-ad5bce76445b,USGS-05556500,4e84b683-d119-5d9d-e053-0100007f12cc,300,1961-08-07T16:20:00+00:00,Imported Channel 1,57.0,ft^3/s,33.6,ft,52.0,ft^2,1.09,ft/s,,,Unspecified,Unspecified,Unspecified,Unspecified,Unspecified,Unknown,Wading,2026-07-01T19:10:53.364778+00:00,point_velocity,Unspecified
05556500,POINT (-89.4979611111111 41.3674027777778),c4aaf521-cc18-4b13-912b-800f93ef561c,USGS-05556500,82fd95c3-2e7a-4346-b18b-02b92da6fb89,804,2020-07-08T17:20:00+00:00,05556500,28.7,ft^3/s,39.6,ft,24.7,ft^2,1.16,ft/s,50.00,ft,Firm,Cobbles,Uneven,Uneven,Unknown,Steady,Wading,2026-07-01T19:10:53.364778+00:00,point_velocity,Upstream
05556500,POINT (-89.4979611111111 41.3674027777778),c4ad4aa6-334d-4864-be46-fd5f2fd5a020,USGS-05556500,548767b4-b2e7-4ef7-870a-84af55c16a17,803,2020-05-13T17:20:35+00:00,main,175,ft^3/s,81.0,ft,92.2,ft^2,1.90,ft/s,60.00,ft,Firm,Gravel,Even,Even,Standard,Pulsating,Wading,2026-07-01T19:10:53.364778+00:00,point_velocity,Downstream
05556500,POINT (-89.4979611111111 41.3674027777778),c5417646-c4c9-4597-a3e2-6f193899e0bd,USGS-05556500,042284b9-b567-4cba-a216-15bf9a71cea4,816,2022-12-15T17:37:05+00:00,left,433,ft^3/s,55.0,ft,132,ft^2,3.28,ft/s,0.00,ft,Firm,Gravel,Even,Even,Standard,Pulsating,BridgeDownstreamSide,2026-07-01T19:10:53.364778+00:00,adcp,AtTheGage
05556500,POINT (-89.4979611111111 41.3674027777778),c58cdcf8-5741-4763-ba27-64e76c3a5157,USGS-05556500,4e84af59-9022-577b-e053-0100007fd46e,190,1950-07-25T19:30:00+00:00,Imported Channel 1,28.4,ft^3/s,25.0,ft,33.6,ft^2,0.82,ft/s,,,Unspecified,Unspecified,Unspecified,Unspecified,Unspecified,Unknown,Wading,2026-07-01T19:10:53.364778+00:00,point_velocity,Unspecified
05556500,POINT (-89.4979611111111 41.3674027777778),c617c430-d482-4b28-9f94-ca4f21a832dc,USGS-05556500,8e846bd5-7618-2df0-e053-0100007f3f16,798,2019-07-23T19:18:56+00:00,mains,104,ft^3/s,62.5,ft,61.0,ft^2,1.71,ft/s,60.00,ft,Firm,Gravel,Even,Even,Standard,Steady,Wading,2026-07-01T19:10:53.364778+00:00,point_velocity,Downstream
05556500,POINT (-89.4979611111111 41.3674027777778),c67a3d5e-7aa6-4d05-a615-f6350be6452d,USGS-05556500,4e84b825-f270-5da1-e053-0100007f34be,269,1958-07-03T13:05:00+00:00,Imported Channel 1,1480,ft^3/s,104,ft,522,ft^2,2.84,ft/s,,,Unspecified,Unspecified,Unspecified,Unspecified,Unspecified,Unknown,BridgeCrane,2026-07-01T19:10:53.364778+00:00,point_velocity,Unspecified
05556500,POINT (-89.4979611111111 41.3674027777778),c6afd37d-695f-478e-be53-c2377c8b4de0,USGS-05556500,4e84b3ae-2129-5bff-e053-0100007fa804,141,1946-12-18T16:45:00+00:00,Imported Channel 1,12.0,ft^3/s,11.7,ft,8.26,ft^2,1.44,ft/s,,,Unspecified,Unspecified,Unspecified,Unspecified,Unspecified,Unknown,Wading,2026-07-01T19:10:53.364778+00:00,point_velocity,Unspecified
05556500,POINT (-89.4979611111111 41.3674027777778),c6dce647-a989-43fb-906b-d12ca683b44d,USGS-05556500,4e84cefc-b109-6c6c-e053-0100007feafd,527,1982-07-08T06:00:00+00:00,Imported Channel 1,1410,ft^3/s,107,ft,470,ft^2,3.00,ft/s,,,Unspecified,Unspecified,Unspecified,Unspecified,Unspecified,Unknown,BridgeCrane,2026-07-01T19:10:53.364778+00:00,point_velocity,Unspecified
05556500,POINT (-89.4979611111111 41.3674027777778),c6ea9043-ced2-476e-a40b-5a32edaa86af,USGS-05556500,4e84af73-ff7d-59b4-e053-0100007fec03,257,1957-03-28T20:30:00+00:00,Imported Channel 1,94.3,ft^3/s,33.7,ft,51.3,ft^2,1.84,ft/s,,,Unspecified,Unspecified,Unspecified,Unspecified,Unspecified,Unknown,Wading,2026-07-01T19:10:53.364778+00:00,point_velocity,Unspecified
05556500,POINT (-89.4979611111111 41.3674027777778),c7640dbb-f3ab-4d9f-afaa-f6043b8b99cb,USGS-05556500,4e84c445-3ced-6617-e053-0100007f806f,428,1973-02-23T06:00:00+00:00,Imported Channel 1,126,ft^3/s,,,,,,,,ft,Unspecified,Unspecified,Unspecified,Unspecified,Unspecified,Unknown,Unspecified,2026-07-01T19:10:53.364778+00:00,other_method,Unspecified
05556500,POINT (-89.4979611111111 41.3674027777778),c804ea0a-11cd-4cf0-9996-b00ce0886a64,USGS-05556500,4e84d203-38b1-6db0-e053-0100007f362d,703,2003-07-01T13:14:00+00:00,Imported Channel 1,28.3,ft^3/s,46.5,ft,30.9,ft^2,0.92,ft/s,,,Unspecified,Unspecified,Unspecified,Unspecified,Unspecified,Unknown,Wading,2026-07-01T19:10:53.364778+00:00,point_velocity,Unspecified
05556500,POINT (-89.4979611111111 41.3674027777778),c8a1256e-9a2b-41f5-a96d-2f07ec8998ea,USGS-05556500,4e84c075-0121-62f1-e053-0100007fdbb0,286,1960-05-23T18:40:00+00:00,Imported Channel 1,355,ft^3/s,89.0,ft,200,ft^2,1.78,ft/s,,,Unspecified,Unspecified,Unspecified,Unspecified,Unspecified,Unknown,Wading,2026-07-01T19:10:53.364778+00:00,point_velocity,Unspecified
05556500,POINT (-89.4979611111111 41.3674027777778),c8a4bccb-6a6b-4b33-93df-89d415cc445b,USGS-05556500,4e84b39c-df62-5bf9-e053-0100007fa9f2,282,1959-11-19T17:00:00+00:00,Imported Channel 1,83.0,ft^3/s,48.4,ft,35.8,ft^2,2.32,ft/s,,,Unspecified,Unspecified,Unspecified,Unspecified,Unspecified,Unknown,Wading,2026-07-01T19:10:53.364778+00:00,point_velocity,Unspecified
05556500,POINT (-89.4979611111111 41.3674027777778),c8c6910a-a5fc-445b-a163-2cf011cfaa6a,USGS-05556500,31dd37d9-989c-49ed-9ca3-91dc5810ce09,809,2021-05-04T16:51:18+00:00,05556500,111,ft^3/s,73.0,ft,60.0,ft^2,1.85,ft/s,140.00,ft,Firm,Cobbles,Uneven,Uneven,Unknown,Steady,Wading,2026-07-01T19:10:53.364778+00:00,point_velocity,Downstream
05556500,POINT (-89.4979611111111 41.3674027777778),c8e328ca-ea24-4360-885f-e07a9aca6617,USGS-05556500,4e84c737-731c-67a6-e053-0100007f0b69,595,1988-12-21T16:00:00+00:00,Imported Channel 1,4.61,ft^3/s,14.0,ft,4.03,ft^2,1.14,ft/s,,,Unspecified,Unspecified,Unspecified,Unspecified,Unspecified,Unknown,Wading,2026-07-01T19:10:53.364778+00:00,point_velocity,Unspecified
05556500,POINT (-89.4979611111111 41.3674027777778),c921e137-4652-4dd6-aa14-6c715a26fdd8,USGS-05556500,4e84bf9d-d193-62ef-e053-0100007f45b9,276,1959-05-20T17:20:00+00:00,Imported Channel 1,142,ft^3/s,45.0,ft,68.2,ft^2,2.08,ft/s,,,Unspecified,Unspecified,Unspecified,Unspecified,Unspecified,Unknown,Wading,2026-07-01T19:10:53.364778+00:00,point_velocity,Unspecified
05556500,POINT (-89.4979611111111 41.3674027777778),c93fcb10-1ab1-4975-b130-24fdbf7ca8f1,USGS-05556500,4e84b98a-2b0d-5fe3-e053-0100007f37e1,342,1965-02-08T21:10:00+00:00,Imported Channel 1,1.08,ft^3/s,109,ft,450,ft^2,2.40,ft/s,,,Unspecified,Unspecified,Unspecified,Unspecified,Unspecified,Unknown,BridgeCrane,2026-07-01T19:10:53.364778+00:00,point_velocity,Unspecified
05556500,POINT (-89.4979611111111 41.3674027777778),c9746fff-9678-40a3-84e2-ca124261880e,USGS-05556500,4e8494b6-cff1-48e9-e053-0100007fbe3c,35,1939-01-02T15:15:00+00:00,Imported Channel 1,40.2,ft^3/s,18.0,ft,15.8,ft^2,2.55,ft/s,,,Unspecified,Unspecified,Unspecified,Unspecified,Unspecified,Unknown,Wading,2026-07-01T19:10:53.364778+00:00,point_velocity,Unspecified
05556500,POINT (-89.4979611111111 41.3674027777778),c97679ad-b2c6-4e8b-be9e-251c61aefdf0,USGS-05556500,4e84b825-f278-5da1-e053-0100007f34be,305,1962-03-12T16:05:00+00:00,Imported Channel 1,709,ft^3/s,89.0,ft,311,ft^2,2.28,ft/s,,,Unspecified,Unspecified,Unspecified,Unspecified,Unspecified,Unknown,Wading,2026-07-01T19:10:53.364778+00:00,point_velocity,Unspecified
05556500,POINT (-89.4979611111111 41.3674027777778),c978c5f1-242b-4362-9f3c-c3fa2a5b3533,USGS-05556500,4e84b252-3309-5aa2-e053-0100007fd773,155,1948-01-16T17:45:00+00:00,Imported Channel 1,3.03,ft^3/s,7.50,ft,2.84,ft^2,1.08,ft/s,,,Unspecified,Unspecified,Unspecified,Unspecified,Unspecified,Unknown,Wading,2026-07-01T19:10:53.364778+00:00,point_velocity,Unspecified
05556500,POINT (-89.4979611111111 41.3674027777778),c9c5e355-608a-4da3-8782-5e20bf0a7a7c,USGS-05556500,4e84c80e-0e2c-67d5-e053-0100007f0f93,476,1977-08-30T06:00:00+00:00,Imported Channel 1,41.7,ft^3/s,,,,,,,,ft,Unspecified,Unspecified,Unspecified,Unspecified,Unspecified,Unknown,Unspecified,2026-07-01T19:10:53.364778+00:00,other_method,Unspecified
05556500,POINT (-89.4979611111111 41.3674027777778),ca0b7470-055c-4c03-b79e-2e983db0f491,USGS-05556500,4e84ec29-ff6c-7cf6-e053-0100007f7b81,777,2016-02-02T18:25:00+00:00,main,142,ft^3/s,58.0,ft,74.3,ft^2,1.92,ft/s,100.00,ft,Firm,Cobbles,Uneven,Even,Standard,Unknown,Wading,2026-07-01T19:10:53.364778+00:00,point_velocity,Downstream
05556500,POINT (-89.4979611111111 41.3674027777778),ca389e99-4de8-4776-99d1-761bb15002da,USGS-05556500,4e84b98a-2b10-5fe3-e053-0100007f37e1,346,1965-06-08T17:15:00+00:00,Imported Channel 1,22.1,ft^3/s,42.0,ft,20.3,ft^2,1.09,ft/s,,,Unspecified,Unspecified,Unspecified,Unspecified,Unspecified,Unknown,Wading,2026-07-01T19:10:53.364778+00:00,point_velocity,Unspecified
05556500,POINT (-89.4979611111111 41.3674027777778),ca4659a3-a5bc-4c5d-b8ce-ca36444cd526,USGS-05556500,4e84c4f8-5396-6683-e053-0100007fc43a,395,1969-07-16T06:00:00+00:00,Imported Channel 1,177,ft^3/s,,,,,,,,ft,Unspecified,Unspecified,Unspecified,Unspecified,Unspecified,Unknown,Unspecified,2026-07-01T19:10:53.364778+00:00,other_method,Unspecified
05556500,POINT (-89.4979611111111 41.3674027777778),cae56884-e40c-416d-a781-c26140a128a5,USGS-05556500,4e84a22f-3eef-51e2-e053-0100007fb2e0,192,1950-09-19T15:45:00+00:00,Imported Channel 1,17.7,ft^3/s,24.0,ft,32.7,ft^2,0.54,ft/s,,,Unspecified,Unspecified,Unspecified,Unspecified,Unspecified,Unknown,Wading,2026-07-01T19:10:53.364778+00:00,point_velocity,Unspecified
05556500,POINT (-89.4979611111111 41.3674027777778),cb770ef7-7296-4ec8-a6e0-2d430d2d3b96,USGS-05556500,4e84ec05-3574-7ce6-e053-0100007f3ee6,735,2008-10-02T16:28:00+00:00,Imported Channel 1,184,ft^3/s,54.0,ft,88.5,ft^2,2.08,ft/s,,,Unspecified,Unspecified,Unspecified,Unspecified,Unspecified,Unknown,Wading,2026-07-01T19:10:53.364778+00:00,point_velocity,Unspecified
05556500,POINT (-89.4979611111111 41.3674027777778),cc660f90-d963-4e2e-8636-c5f2d31237a0,USGS-05556500,4e84c559-c1ba-665d-e053-0100007fa715,488,1978-12-11T06:00:00+00:00,Imported Channel 1,90.7,ft^3/s,,,,,,,,ft,Unspecified,Unspecified,Unspecified,Unspecified,Unspecified,Unknown,Unspecified,2026-07-01T19:10:53.364778+00:00,other_method,Unspecified
05556500,POINT (-89.4979611111111 41.3674027777778),cd2e2be8-86cc-4408-8ad8-6c4e7de05c32,USGS-05556500,4e84b18e-3f99-5b13-e053-0100007ffdfc,505,1980-07-16T06:00:00+00:00,Imported Channel 1,24.2,ft^3/s,,,,,,,,ft,Unspecified,Unspecified,Unspecified,Unspecified,Unspecified,Unknown,Unspecified,2026-07-01T19:10:53.364778+00:00,other_method,Unspecified
05556500,POINT (-89.4979611111111 41.3674027777778),cd3a6193-111d-493d-b256-285a502c8f0c,USGS-05556500,4e84a9d5-de4a-54e6-e053-0100007f3757,16,1937-11-17T14:40:00+00:00,Imported Channel 1,3.23,ft^3/s,11.0,ft,8.75,ft^2,0.37,ft/s,,,Unspecified,Unspecified,Unspecified,Unspecified,Unspecified,Unknown,Wading,2026-07-01T19:10:53.364778+00:00,point_velocity,Unspecified
05556500,POINT (-89.4979611111111 41.3674027777778),cd5ab4fc-2cdc-49c9-8181-27f092a90638,USGS-05556500,5dc2d3f8-8491-4478-a69c-a0941519276f,833,2026-03-26T15:51:45+00:00,left,58.6,ft^3/s,24.9,ft,32.5,ft^2,1.80,ft/s,0.00,ft,Firm,Gravel,Even,Even,Standard,Steady,BridgeDownstreamSide,2026-07-01T19:10:53.364778+00:00,adcp,AtTheGage
05556500,POINT (-89.4979611111111 41.3674027777778),cd6bb2e4-7aef-4fbd-959c-bcdd18e40568,USGS-05556500,4e84bf9d-d1a5-62ef-e053-0100007f45b9,360,1966-07-18T17:55:00+00:00,Imported Channel 1,13.3,ft^3/s,12.0,ft,10.4,ft^2,1.23,ft/s,,,Unspecified,Unspecified,Unspecified,Unspecified,Unspecified,Unknown,Wading,2026-07-01T19:10:53.364778+00:00,point_velocity,Unspecified
05556500,POINT (-89.4979611111111 41.3674027777778),cd8ccfae-8c3a-4510-bb0e-1fb8d6d4b4d7,USGS-05556500,4e84b8fd-2ff8-5f70-e053-0100007fd3b9,159,1948-04-13T16:40:00+00:00,Imported Channel 1,60.2,ft^3/s,49.0,ft,40.1,ft^2,1.50,ft/s,,,Unspecified,Unspecified,Unspecified,Unspecified,Unspecified,Unknown,Wading,2026-07-01T19:10:53.364778+00:00,point_velocity,Unspecified
05556500,POINT (-89.4979611111111 41.3674027777778),cd8f0eb7-7bd1-4d61-85bc-52d302734cec,USGS-05556500,4e84ba82-a3a0-5fee-e053-0100007f6ccb,309,1962-07-11T16:20:00+00:00,Imported Channel 1,16.0,ft^3/s,65.0,ft,75.1,ft^2,0.21,ft/s,,,Unspecified,Unspecified,Unspecified,Unspecified,Unspecified,Unknown,Wading,2026-07-01T19:10:53.364778+00:00,point_velocity,Unspecified
05556500,POINT (-89.4979611111111 41.3674027777778),cd987d60-a840-4822-965a-d7784263c3da,USGS-05556500,4e84b4db-d6b5-5cd9-e053-0100007f56c1,352,1965-12-20T17:38:00+00:00,Imported Channel 1,115,ft^3/s,54.0,ft,53.0,ft^2,2.17,ft/s,,,Unspecified,Unspecified,Unspecified,Unspecified,Unspecified,Unknown,Wading,2026-07-01T19:10:53.364778+00:00,point_velocity,Unspecified
05556500,POINT (-89.4979611111111 41.3674027777778),cda5725e-d7e8-40af-95b2-8cd4225d7c9d,USGS-05556500,4e84c559-c1b2-665d-e053-0100007fa715,460,1976-02-04T06:00:00+00:00,Imported Channel 1,11.4,ft^3/s,,,,,,,,ft,Unspecified,Unspecified,Unspecified,Unspecified,Unspecified,Unknown,Unspecified,2026-07-01T19:10:53.364778+00:00,other_method,Unspecified
05556500,POINT (-89.4979611111111 41.3674027777778),cdc04ceb-7d4c-41b2-aaad-000e019db29b,USGS-05556500,4e84b3ae-2163-5bff-e053-0100007fa804,374,1967-09-14T16:10:00+00:00,Imported Channel 1,2.64,ft^3/s,17.5,ft,5.59,ft^2,0.45,ft/s,,,Unspecified,Unspecified,Unspecified,Unspecified,Unspecified,Unknown,Wading,2026-07-01T19:10:53.364778+00:00,point_velocity,Unspecified
05556500,POINT (-89.4979611111111 41.3674027777778),ce0f8983-a2ac-41cb-bac1-3d1817401b8b,USGS-05556500,4e84da24-b64f-72a4-e053-0100007f1707,628,1993-02-03T17:00:00+00:00,Imported Channel 1,236,ft^3/s,55.0,ft,69.1,ft^2,3.42,ft/s,,,Unspecified,Unspecified,Unspecified,Unspecified,Unspecified,Unknown,Wading,2026-07-01T19:10:53.364778+00:00,point_velocity,Unspecified
05556500,POINT (-89.4979611111111 41.3674027777778),cef0e2d7-1ca2-402c-9a4b-eb6e3befe31f,USGS-05556500,4e84b883-e2c5-5d9f-e053-0100007f9ac7,307,1962-05-28T16:10:00+00:00,Imported Channel 1,213,ft^3/s,81.4,ft,128,ft^2,1.65,ft/s,,,Unspecified,Unspecified,Unspecified,Unspecified,Unspecified,Unknown,Wading,2026-07-01T19:10:53.364778+00:00,point_velocity,Unspecified
05556500,POINT (-89.4979611111111 41.3674027777778),ceffaea9-3100-4814-bcfd-18952420328b,USGS-05556500,4e84a7ef-9546-5512-e053-0100007f30f9,208,1952-04-08T19:20:00+00:00,Imported Channel 1,196,ft^3/s,72.0,ft,102,ft^2,1.92,ft/s,,,Unspecified,Unspecified,Unspecified,Unspecified,Unspecified,Unknown,Wading,2026-07-01T19:10:53.364778+00:00,point_velocity,Unspecified
05556500,POINT (-89.4979611111111 41.3674027777778),cf962abd-d7d2-4296-a94a-46ee3dab6f32,USGS-05556500,4e84a53d-22c7-53e7-e053-0100007f42af,254,1956-12-06T19:50:00+00:00,Imported Channel 1,1.82,ft^3/s,11.8,ft,5.02,ft^2,0.36,ft/s,,,Unspecified,Unspecified,Unspecified,Unspecified,Unspecified,Unknown,Wading,2026-07-01T19:10:53.364778+00:00,point_velocity,Unspecified
05556500,POINT (-89.4979611111111 41.3674027777778),cfba07fb-917b-4303-8d4a-0f6d41439bfe,USGS-05556500,4e84d4a6-60f1-6f17-e053-0100007fcfe3,567,1985-11-22T06:00:00+00:00,Imported Channel 1,530,ft^3/s,72.0,ft,181,ft^2,2.93,ft/s,,,Unspecified,Unspecified,Unspecified,Unspecified,Unspecified,Unknown,BridgeCrane,2026-07-01T19:10:53.364778+00:00,point_velocity,Unspecified
05556500,POINT (-89.4979611111111 41.3674027777778),cfc63f3c-abba-4738-86e7-8061ba80c194,USGS-05556500,4e84b3ae-2125-5bff-e053-0100007fa804,129,1945-11-23T21:40:00+00:00,Imported Channel 1,91.8,ft^3/s,47.5,ft,94.0,ft^2,0.98,ft/s,,,Unspecified,Unspecified,Unspecified,Unspecified,Unspecified,Unknown,Wading,2026-07-01T19:10:53.364778+00:00,point_velocity,Unspecified
05556500,POINT (-89.4979611111111 41.3674027777778),cfd16d8a-8efd-447a-8c76-83444334ef6f,USGS-05556500,4e84c829-bab0-6857-e053-0100007f78f8,441,1974-04-15T06:00:00+00:00,Imported Channel 1,357,ft^3/s,,,,,,,,ft,Unspecified,Unspecified,Unspecified,Unspecified,Unspecified,Unknown,Unspecified,2026-07-01T19:10:53.364778+00:00,other_method,Unspecified
05556500,POINT (-89.4979611111111 41.3674027777778),d06fadb2-a2ce-44d4-bcff-4386ae5069df,USGS-05556500,aa25068a-a413-4c25-9d95-2c9161e07f8c,830,2025-07-08T16:08:47+00:00,main,23.2,ft^3/s,39.0,ft,30.0,ft^2,0.77,ft/s,150.00,ft,Firm,Gravel,Even,Even,Standard,Steady,Wading,2026-07-01T19:10:53.364778+00:00,point_velocity,Downstream
05556500,POINT (-89.4979611111111 41.3674027777778),d07a7b73-283c-42bf-8c52-326f5ab30ad4,USGS-05556500,4e84b684-1851-5d99-e053-0100007f5506,348,1965-08-23T17:30:00+00:00,Imported Channel 1,19.9,ft^3/s,39.0,ft,15.9,ft^2,1.25,ft/s,,,Unspecified,Unspecified,Unspecified,Unspecified,Unspecified,Unknown,Wading,2026-07-01T19:10:53.364778+00:00,point_velocity,Unspecified
05556500,POINT (-89.4979611111111 41.3674027777778),d0945438-9200-414e-ae37-565666864d7a,USGS-05556500,4e84e156-962b-76d8-e053-0100007fc298,736,2008-11-24T18:44:00+00:00,Imported Channel 1,124,ft^3/s,53.8,ft,72.6,ft^2,1.72,ft/s,,,Unspecified,Unspecified,Unspecified,Unspecified,Unspecified,Unknown,Wading,2026-07-01T19:10:53.364778+00:00,point_velocity,Unspecified
05556500,POINT (-89.4979611111111 41.3674027777778),d09fd18a-0816-4f2c-a91f-17fde750050a,USGS-05556500,4e84b7cc-5f27-5d97-e053-0100007f3266,216,1952-12-17T18:15:00+00:00,Imported Channel 1,3.06,ft^3/s,10.8,ft,4.28,ft^2,0.71,ft/s,,,Unspecified,Unspecified,Unspecified,Unspecified,Unspecified,Unknown,Wading,2026-07-01T19:10:53.364778+00:00,point_velocity,Unspecified
05556500,POINT (-89.4979611111111 41.3674027777778),d0ce7f8f-0554-4875-8dee-c647e8ce725e,USGS-05556500,4e84b39c-df96-5bf9-e053-0100007fa9f2,482,1978-05-09T06:00:00+00:00,Imported Channel 1,335,ft^3/s,,,,,,,,ft,Unspecified,Unspecified,Unspecified,Unspecified,Unspecified,Unknown,Unspecified,2026-07-01T19:10:53.364778+00:00,other_method,Unspecified
05556500,POINT (-89.4979611111111 41.3674027777778),d0e69b1b-5b2b-45a3-9c8f-a71adbb3ba9f,USGS-05556500,4e84b3ae-213d-5bff-e053-0100007fa804,317,1963-03-28T13:30:00+00:00,Imported Channel 1,56.4,ft^3/s,5230,ft,2.12,ft^2,2.12,ft/s,,,Unspecified,Unspecified,Unspecified,Unspecified,Unspecified,Unknown,Wading,2026-07-01T19:10:53.364778+00:00,point_velocity,Unspecified
05556500,POINT (-89.4979611111111 41.3674027777778),d16643b3-e00d-4a33-bba9-f05dbac322d0,USGS-05556500,4e84b7cc-5f20-5d97-e053-0100007f3266,163,1948-07-23T17:00:00+00:00,Imported Channel 1,187,ft^3/s,50.0,ft,124,ft^2,1.50,ft/s,,,Unspecified,Unspecified,Unspecified,Unspecified,Unspecified,Unknown,Wading,2026-07-01T19:10:53.364778+00:00,point_velocity,Unspecified
05556500,POINT (-89.4979611111111 41.3674027777778),d1b5c431-ea70-4da5-b7a0-493177642440,USGS-05556500,4e84a113-7a3b-51be-e053-0100007fc8fa,120,1945-06-28T21:38:00+00:00,Imported Channel 1,7920,ft^3/s,243,ft,2180,ft^2,3.63,ft/s,,,Unspecified,Unspecified,Unspecified,Unspecified,Unspecified,Unknown,BridgeCrane,2026-07-01T19:10:53.364778+00:00,point_velocity,Unspecified
05556500,POINT (-89.4979611111111 41.3674027777778),d205f1d1-b9ef-4894-a555-97bebdbbc5d4,USGS-05556500,4e84aedb-c734-5954-e053-0100007f4f0c,84,1942-09-09T13:49:00+00:00,Imported Channel 1,627,ft^3/s,99.5,ft,284,ft^2,2.21,ft/s,,,Unspecified,Unspecified,Unspecified,Unspecified,Unspecified,Unknown,BridgeCrane,2026-07-01T19:10:53.364778+00:00,point_velocity,Unspecified
05556500,POINT (-89.4979611111111 41.3674027777778),d2596b43-7f58-4ae5-a86f-28ada640f526,USGS-05556500,4e84aab4-9b2b-56cf-e053-0100007f10e8,56,1940-07-03T21:10:00+00:00,Imported Channel 1,3.54,ft^3/s,18.0,ft,9.41,ft^2,0.38,ft/s,,,Unspecified,Unspecified,Unspecified,Unspecified,Unspecified,Unknown,Wading,2026-07-01T19:10:53.364778+00:00,point_velocity,Unspecified
05556500,POINT (-89.4979611111111 41.3674027777778),d298bf59-8e03-4451-9df0-ee53921156b1,USGS-05556500,4e84a7e2-3732-550e-e053-0100007f0b33,207,1952-03-11T18:30:00+00:00,Imported Channel 1,2170,ft^3/s,101,ft,620,ft^2,3.50,ft/s,,,Unspecified,Unspecified,Unspecified,Unspecified,Unspecified,Unknown,Wading,2026-07-01T19:10:53.364778+00:00,point_velocity,Unspecified
05556500,POINT (-89.4979611111111 41.3674027777778),d2caefcf-27c2-45cd-99cb-dedcfb77cb2a,USGS-05556500,4e84c2ac-055d-6456-e053-0100007f4e64,312,1962-10-16T16:15:00+00:00,Imported Channel 1,6.39,ft^3/s,15.4,ft,4.58,ft^2,1.40,ft/s,,,Unspecified,Unspecified,Unspecified,Unspecified,Unspecified,Unknown,Wading,2026-07-01T19:10:53.364778+00:00,point_velocity,Unspecified
05556500,POINT (-89.4979611111111 41.3674027777778),d36f6b14-0fe3-4b2d-9122-7ab0960b372e,USGS-05556500,4e84bf9d-d1a7-62ef-e053-0100007f45b9,362,1966-09-21T13:40:00+00:00,Imported Channel 1,1.40,ft^3/s,19.5,ft,4.71,ft^2,0.30,ft/s,,,Unspecified,Unspecified,Unspecified,Unspecified,Unspecified,Unknown,Wading,2026-07-01T19:10:53.364778+00:00,point_velocity,Unspecified
05556500,POINT (-89.4979611111111 41.3674027777778),d3e5f891-688a-4ac3-92e2-51aa8eacfe58,USGS-05556500,4e84b933-5632-5dcf-e053-0100007ff2c1,178,1949-09-28T19:15:00+00:00,Imported Channel 1,1.15,ft^3/s,15.2,ft,1.81,ft^2,0.64,ft/s,,,Unspecified,Unspecified,Unspecified,Unspecified,Unspecified,Unknown,Wading,2026-07-01T19:10:53.364778+00:00,point_velocity,Unspecified
05556500,POINT (-89.4979611111111 41.3674027777778),d3e6ec76-8cea-49f8-8f4b-f30cffac79b1,USGS-05556500,4e84d436-dc4e-6e44-e053-0100007f04cf,570,1986-04-03T06:00:00+00:00,Imported Channel 1,89.3,ft^3/s,60.0,ft,90.0,ft^2,0.99,ft/s,,,Unspecified,Unspecified,Unspecified,Unspecified,Unspecified,Unknown,Wading,2026-07-01T19:10:53.364778+00:00,point_velocity,Unspecified
05556500,POINT (-89.4979611111111 41.3674027777778),d44d4b29-f91a-4448-a71e-035ce9248d52,USGS-05556500,4e84b9ab-6431-5ff2-e053-0100007fcc97,410,1971-03-26T06:00:00+00:00,Imported Channel 1,132,ft^3/s,,,,,,,,ft,Unspecified,Unspecified,Unspecified,Unspecified,Unspecified,Unknown,Unspecified,2026-07-01T19:10:53.364778+00:00,other_method,Unspecified
05556500,POINT (-89.4979611111111 41.3674027777778),d4588b24-8da2-47c8-b7a7-22edaaec8aea,USGS-05556500,4e84c0bc-076b-634a-e053-0100007fd51c,431,1973-05-08T06:00:00+00:00,Imported Channel 1,732,ft^3/s,,,,,,,,ft,Unspecified,Unspecified,Unspecified,Unspecified,Unspecified,Unknown,Unspecified,2026-07-01T19:10:53.364778+00:00,other_method,Unspecified
05556500,POINT (-89.4979611111111 41.3674027777778),d490ca02-7431-4454-a3c8-b41d9c7c9023,USGS-05556500,4e84bf9d-d1d1-62ef-e053-0100007f45b9,486,1978-09-14T06:00:00+00:00,Imported Channel 1,6.20,ft^3/s,,,,,,,,ft,Unspecified,Unspecified,Unspecified,Unspecified,Unspecified,Unknown,Unspecified,2026-07-01T19:10:53.364778+00:00,other_method,Unspecified
05556500,POINT (-89.4979611111111 41.3674027777778),d53536ce-4b28-4237-9647-c34061163cf5,USGS-05556500,4e84a53d-22d6-53e7-e053-0100007f42af,434,1973-08-22T06:00:00+00:00,Imported Channel 1,9.50,ft^3/s,,,,,,,,ft,Unspecified,Unspecified,Unspecified,Unspecified,Unspecified,Unknown,Unspecified,2026-07-01T19:10:53.364778+00:00,other_method,Unspecified
05556500,POINT (-89.4979611111111 41.3674027777778),d632b139-8afe-43d3-9004-eab2dc0b3ecb,USGS-05556500,4e84bf9d-d1b5-62ef-e053-0100007f45b9,415,1971-09-17T06:00:00+00:00,Imported Channel 1,1.13,ft^3/s,,,,,,,,ft,Unspecified,Unspecified,Unspecified,Unspecified,Unspecified,Unknown,Unspecified,2026-07-01T19:10:53.364778+00:00,other_method,Unspecified
05556500,POINT (-89.4979611111111 41.3674027777778),d64c1382-b4de-4f36-b381-728481848598,USGS-05556500,4e84b5a6-cbb9-5cef-e053-0100007fcf15,572,1986-06-27T06:00:00+00:00,Imported Channel 1,83.6,ft^3/s,55.0,ft,67.5,ft^2,1.24,ft/s,,,Unspecified,Unspecified,Unspecified,Unspecified,Unspecified,Unknown,Wading,2026-07-01T19:10:53.364778+00:00,point_velocity,Unspecified
05556500,POINT (-89.4979611111111 41.3674027777778),d65c7037-857a-40a0-aef4-72e1e5feaa10,USGS-05556500,4e84af59-9023-577b-e053-0100007fd46e,191,1950-08-24T16:10:00+00:00,Imported Channel 1,2.71,ft^3/s,9.00,ft,3.88,ft^2,0.70,ft/s,,,Unspecified,Unspecified,Unspecified,Unspecified,Unspecified,Unknown,Wading,2026-07-01T19:10:53.364778+00:00,point_velocity,Unspecified
05556500,POINT (-89.4979611111111 41.3674027777778),d66e897d-f387-4de6-ae25-0b9315e8c995,USGS-05556500,4e84acd4-d8a9-56ff-e053-0100007f2f5a,198,1951-06-07T21:40:00+00:00,Imported Channel 1,99.8,ft^3/s,28.0,ft,34.2,ft^2,2.91,ft/s,,,Unspecified,Unspecified,Unspecified,Unspecified,Unspecified,Unknown,Wading,2026-07-01T19:10:53.364778+00:00,point_velocity,Unspecified
05556500,POINT (-89.4979611111111 41.3674027777778),d6dd8953-83b0-4e74-a6a1-c467bec5f0d6,USGS-05556500,6b052bf4-d8df-4ceb-86ef-5b8ad2ead76c,824,2024-05-30T16:32:49+00:00,main,113,ft^3/s,54.0,ft,61.2,ft^2,1.84,ft/s,150.00,ft,Firm,Gravel,Even,Even,Standard,Steady,Wading,2026-07-01T19:10:53.364778+00:00,point_velocity,Downstream
05556500,POINT (-89.4979611111111 41.3674027777778),d767f939-3824-4f0f-8e3b-5c58d26425df,USGS-05556500,4e84ce52-029e-6bc0-e053-0100007fdb10,579,1987-04-23T21:15:00+00:00,Imported Channel 1,109,ft^3/s,65.0,ft,79.4,ft^2,1.37,ft/s,,,Unspecified,Unspecified,Unspecified,Unspecified,Unspecified,Unknown,Wading,2026-07-01T19:10:53.364778+00:00,point_velocity,Unspecified
05556500,POINT (-89.4979611111111 41.3674027777778),d7777e13-70b2-4a8c-93c6-5ab0a94dfce4,USGS-05556500,4e84b94b-f8d5-5f62-e053-0100007f5192,524,1982-05-28T06:00:00+00:00,Imported Channel 1,468,ft^3/s,91.0,ft,251,ft^2,1.86,ft/s,,,Unspecified,Unspecified,Unspecified,Unspecified,Unspecified,Unknown,BridgeCrane,2026-07-01T19:10:53.364778+00:00,point_velocity,Unspecified
05556500,POINT (-89.4979611111111 41.3674027777778),d78dfeb9-10ae-40f1-9171-ff3d47672934,USGS-05556500,4e84a113-7a3a-51be-e053-0100007fc8fa,118,1945-05-09T17:43:00+00:00,Imported Channel 1,418,ft^3/s,83.2,ft,157,ft^2,2.66,ft/s,,,Unspecified,Unspecified,Unspecified,Unspecified,Unspecified,Unknown,Wading,2026-07-01T19:10:53.364778+00:00,point_velocity,Unspecified
05556500,POINT (-89.4979611111111 41.3674027777778),d79e34a5-fa43-439b-b192-42c971978046,USGS-05556500,4e84a73e-3b92-54a6-e053-0100007fb1a0,4,1936-04-22T16:07:00+00:00,Imported Channel 1,71.1,ft^3/s,41.0,ft,90.2,ft^2,0.79,ft/s,,,Unspecified,Unspecified,Unspecified,Unspecified,Unspecified,Unknown,Wading,2026-07-01T19:10:53.364778+00:00,point_velocity,Unspecified
05556500,POINT (-89.4979611111111 41.3674027777778),d7bd50cf-d9b8-46ed-8238-899d3e89ce3e,USGS-05556500,4e84b18a-88ee-5acb-e053-0100007f60d1,86,1942-11-02T19:25:00+00:00,Imported Channel 1,8.67,ft^3/s,31.4,ft,20.8,ft^2,0.42,ft/s,,,Unspecified,Unspecified,Unspecified,Unspecified,Unspecified,Unknown,Wading,2026-07-01T19:10:53.364778+00:00,point_velocity,Unspecified
05556500,POINT (-89.4979611111111 41.3674027777778),d7bdf1dd-c10f-400a-8cbd-53150739ecd2,USGS-05556500,4e84c0d4-290d-63ba-e053-0100007fb0bd,515,1981-07-22T06:00:00+00:00,Imported Channel 1,52.8,ft^3/s,58.0,ft,72.2,ft^2,0.73,ft/s,,,Unspecified,Unspecified,Unspecified,Unspecified,Unspecified,Unknown,Wading,2026-07-01T19:10:53.364778+00:00,point_velocity,Unspecified
05556500,POINT (-89.4979611111111 41.3674027777778),d815748c-d576-4fe8-95e7-dd0291b07d2a,USGS-05556500,4e84c816-e315-67c3-e053-0100007f9dc5,605,1990-01-30T19:25:00+00:00,Imported Channel 1,42.8,ft^3/s,40.5,ft,39.2,ft^2,1.09,ft/s,,,Unspecified,Unspecified,Unspecified,Unspecified,Unspecified,Unknown,Wading,2026-07-01T19:10:53.364778+00:00,point_velocity,Unspecified
05556500,POINT (-89.4979611111111 41.3674027777778),d838952b-7862-4892-a842-b46d6d9ec83e,USGS-05556500,4e84b451-146c-5c0b-e053-0100007fc45d,210,1952-05-27T13:45:00+00:00,Imported Channel 1,69.5,ft^3/s,,,,,,,,ft,Unspecified,Unspecified,Unspecified,Unspecified,Unspecified,Unknown,Unspecified,2026-07-01T19:10:53.364778+00:00,other_method,Unspecified
05556500,POINT (-89.4979611111111 41.3674027777778),d999e727-d1b0-420d-8763-aeabab391869,USGS-05556500,4e84ac10-e5cb-573f-e053-0100007f46b7,144,1947-03-28T16:10:00+00:00,Imported Channel 1,129,ft^3/s,56.0,ft,97.4,ft^2,1.32,ft/s,,,Unspecified,Unspecified,Unspecified,Unspecified,Unspecified,Unknown,Wading,2026-07-01T19:10:53.364778+00:00,point_velocity,Unspecified
05556500,POINT (-89.4979611111111 41.3674027777778),d9f6d684-1458-4810-8c9b-7ffae26a8aa1,USGS-05556500,4e84b10f-92dc-5aa0-e053-0100007f84b8,291,1960-10-18T18:40:00+00:00,Imported Channel 1,10.1,ft^3/s,24.0,ft,15.3,ft^2,0.66,ft/s,,,Unspecified,Unspecified,Unspecified,Unspecified,Unspecified,Unknown,Wading,2026-07-01T19:10:53.364778+00:00,point_velocity,Unspecified
05556500,POINT (-89.4979611111111 41.3674027777778),da854d65-c080-4aa6-b37d-0bd663d91d8f,USGS-05556500,4e84ba82-a39d-5fee-e053-0100007f6ccb,303,1961-11-21T17:20:00+00:00,Imported Channel 1,277,ft^3/s,86.0,ft,182,ft^2,1.52,ft/s,,,Unspecified,Unspecified,Unspecified,Unspecified,Unspecified,Unknown,Wading,2026-07-01T19:10:53.364778+00:00,point_velocity,Unspecified
05556500,POINT (-89.4979611111111 41.3674027777778),dab3c0dc-3cfe-4b7b-acc3-c36ad43e49bf,USGS-05556500,4e84c7c4-82e0-682b-e053-0100007fcfd7,490,1979-02-26T06:00:00+00:00,Imported Channel 1,66.0,ft^3/s,,,,,,,,ft,Unspecified,Unspecified,Unspecified,Unspecified,Unspecified,Unknown,Unspecified,2026-07-01T19:10:53.364778+00:00,other_method,Unspecified
05556500,POINT (-89.4979611111111 41.3674027777778),dae899ea-e1fb-4651-9249-86dabdeac44e,USGS-05556500,4e84df63-13b7-7526-e053-0100007f8c88,671,1999-06-11T16:03:00+00:00,Imported Channel 1,179,ft^3/s,50.0,ft,94.0,ft^2,1.90,ft/s,,,Unspecified,Unspecified,Unspecified,Unspecified,Unspecified,Unknown,Wading,2026-07-01T19:10:53.364778+00:00,point_velocity,Unspecified
05556500,POINT (-89.4979611111111 41.3674027777778),daf6de13-0cfd-4617-85ef-1987924292f5,USGS-05556500,4e84a852-8208-5574-e053-0100007f521c,77,1941-10-03T23:45:00+00:00,Imported Channel 1,2790,ft^3/s,244,ft,1550,ft^2,1.80,ft/s,,,Unspecified,Unspecified,Unspecified,Unspecified,Unspecified,Unknown,BridgeCrane,2026-07-01T19:10:53.364778+00:00,point_velocity,Unspecified
05556500,POINT (-89.4979611111111 41.3674027777778),db162542-01c7-4292-8239-193b988e5e4b,USGS-05556500,82fd95c3-2e7a-4346-b18b-02b92da6fb89,804,2020-07-08T17:20:00+00:00,2nd Channel,15.3,ft^3/s,37.0,ft,16.5,ft^2,0.93,ft/s,50.00,ft,Soft,Gravel,Uneven,Uneven,Unknown,Steady,Wading,2026-07-01T19:10:53.364778+00:00,point_velocity,Upstream
05556500,POINT (-89.4979611111111 41.3674027777778),db6260df-1a8d-49a1-8044-20de8948448c,USGS-05556500,4e84da41-ba5f-72b8-e053-0100007fd5f5,602,1989-10-04T16:15:00+00:00,Imported Channel 1,6.13,ft^3/s,14.0,ft,5.24,ft^2,1.17,ft/s,,,Unspecified,Unspecified,Unspecified,Unspecified,Unspecified,Unknown,Wading,2026-07-01T19:10:53.364778+00:00,point_velocity,Unspecified
05556500,POINT (-89.4979611111111 41.3674027777778),db860a5c-ab51-4838-b18a-2795cdd0456b,USGS-05556500,4e84cf63-f947-6c5b-e053-0100007f123d,616,1991-03-20T18:20:00+00:00,Imported Channel 1,1110,ft^3/s,100,ft,350,ft^2,3.17,ft/s,,,Unspecified,Unspecified,Unspecified,Unspecified,Unspecified,Unknown,BridgeCrane,2026-07-01T19:10:53.364778+00:00,point_velocity,Unspecified
05556500,POINT (-89.4979611111111 41.3674027777778),dbb825dc-a6bd-4298-8412-c5ccebed338a,USGS-05556500,4e84ce8f-b217-6bc2-e053-0100007fbd8b,613,1990-10-04T20:35:00+00:00,Imported Channel 1,25.3,ft^3/s,30.0,ft,29.3,ft^2,0.86,ft/s,,,Unspecified,Unspecified,Unspecified,Unspecified,Unspecified,Unknown,Wading,2026-07-01T19:10:53.364778+00:00,point_velocity,Unspecified
05556500,POINT (-89.4979611111111 41.3674027777778),dc234086-1e3b-4353-a925-e99fd991ac5b,USGS-05556500,4e84b62a-76e2-5d6f-e053-0100007f2190,114,1945-04-09T22:30:00+00:00,Imported Channel 1,42.9,ft^3/s,47.5,ft,30.0,ft^2,1.43,ft/s,,,Unspecified,Unspecified,Unspecified,Unspecified,Unspecified,Unknown,Wading,2026-07-01T19:10:53.364778+00:00,point_velocity,Unspecified
05556500,POINT (-89.4979611111111 41.3674027777778),dcb6db21-ef49-48b4-b4da-900241054832,USGS-05556500,4e84d8fd-c9a5-7244-e053-0100007f5698,606,1990-03-07T16:00:00+00:00,Imported Channel 1,98.0,ft^3/s,50.0,ft,81.5,ft^2,1.20,ft/s,,,Unspecified,Unspecified,Unspecified,Unspecified,Unspecified,Unknown,Wading,2026-07-01T19:10:53.364778+00:00,point_velocity,Unspecified
05556500,POINT (-89.4979611111111 41.3674027777778),dce3440b-c9f3-4011-8bf9-9ebd4712db12,USGS-05556500,4e84b96b-6a46-5f74-e053-0100007ffc86,384,1968-07-09T16:40:00+00:00,Imported Channel 1,43.9,ft^3/s,40.0,ft,27.2,ft^2,1.61,ft/s,,,Unspecified,Unspecified,Unspecified,Unspecified,Unspecified,Unknown,Wading,2026-07-01T19:10:53.364778+00:00,point_velocity,Unspecified
05556500,POINT (-89.4979611111111 41.3674027777778),dd3be914-9cb2-4d76-969b-1dc428a0a65a,USGS-05556500,4e84ac33-93fb-573d-e053-0100007f9157,251,1956-08-22T20:25:00+00:00,Imported Channel 1,20.7,ft^3/s,24.0,ft,33.3,ft^2,0.62,ft/s,,,Unspecified,Unspecified,Unspecified,Unspecified,Unspecified,Unknown,Wading,2026-07-01T19:10:53.364778+00:00,point_velocity,Unspecified
05556500,POINT (-89.4979611111111 41.3674027777778),dd471517-6696-4c57-801f-173911b644be,USGS-05556500,4e84c7c4-82da-682b-e053-0100007fcfd7,466,1976-07-08T06:00:00+00:00,Imported Channel 1,14.2,ft^3/s,,,,,,,,ft,Unspecified,Unspecified,Unspecified,Unspecified,Unspecified,Unknown,Unspecified,2026-07-01T19:10:53.364778+00:00,other_method,Unspecified
05556500,POINT (-89.4979611111111 41.3674027777778),dda4c8dc-499e-40e3-a064-0eaf5763cbe5,USGS-05556500,4e84a33b-6de5-52e5-e053-0100007f6a68,9,1936-09-28T22:10:00+00:00,Imported Channel 1,242,ft^3/s,95.0,ft,248,ft^2,0.98,ft/s,,,Unspecified,Unspecified,Unspecified,Unspecified,Unspecified,Unknown,BridgeCrane,2026-07-01T19:10:53.364778+00:00,point_velocity,Unspecified
05556500,POINT (-89.4979611111111 41.3674027777778),dda89397-e1dd-45dc-801b-e77c25ca8f08,USGS-05556500,4e84b933-5631-5dcf-e053-0100007ff2c1,177,1949-08-24T19:25:00+00:00,Imported Channel 1,3.26,ft^3/s,25.0,ft,11.2,ft^2,0.29,ft/s,,,Unspecified,Unspecified,Unspecified,Unspecified,Unspecified,Unknown,Wading,2026-07-01T19:10:53.364778+00:00,point_velocity,Unspecified
05556500,POINT (-89.4979611111111 41.3674027777778),ddc6bdb6-1d54-4953-8289-0679992fb119,USGS-05556500,4e84dce2-c85e-7302-e053-0100007f7c79,680,2000-06-29T14:00:00+00:00,Imported Channel 1,201,ft^3/s,49.0,ft,99.4,ft^2,2.02,ft/s,,,Unspecified,Unspecified,Unspecified,Unspecified,Unspecified,Unknown,Wading,2026-07-01T19:10:53.364778+00:00,point_velocity,Unspecified
05556500,POINT (-89.4979611111111 41.3674027777778),ddd8a84c-d3e1-4bbb-bdcd-cb9f4fbd518c,USGS-05556500,4e84a78d-8c08-5516-e053-0100007fab34,134,1946-04-20T00:00:00+00:00,Imported Channel 1,57.9,ft^3/s,50.0,ft,104,ft^2,0.56,ft/s,,,Unspecified,Unspecified,Unspecified,Unspecified,Unspecified,Unknown,Wading,2026-07-01T19:10:53.364778+00:00,point_velocity,Unspecified
05556500,POINT (-89.4979611111111 41.3674027777778),de2cd5e5-4ea2-44ed-bb46-728b9b25c66a,USGS-05556500,4e84a12c-eb63-51c4-e053-0100007fdc12,304,1962-02-26T17:30:00+00:00,Imported Channel 1,106,ft^3/s,73.0,ft,89.0,ft^2,1.19,ft/s,,,Unspecified,Unspecified,Unspecified,Unspecified,Unspecified,Unknown,Wading,2026-07-01T19:10:53.364778+00:00,point_velocity,Unspecified
05556500,POINT (-89.4979611111111 41.3674027777778),deb9defe-f26a-47e1-9575-aacbdfb9922c,USGS-05556500,5c0e6b9b-e5d0-4e74-a0fa-0b9e2caa5b6d,812,2022-03-08T18:25:28+00:00,main,117,ft^3/s,62.0,ft,54.4,ft^2,2.16,ft/s,60.00,ft,Firm,Gravel,Even,Even,Standard,Steady,Wading,2026-07-01T19:10:53.364778+00:00,point_velocity,Downstream
05556500,POINT (-89.4979611111111 41.3674027777778),ded2094f-6a58-41c4-968a-fa136c9cdff9,USGS-05556500,4e84c559-c1b0-665d-e053-0100007fa715,454,1975-08-20T06:00:00+00:00,Imported Channel 1,5.94,ft^3/s,23.0,ft,17.1,ft^2,0.35,ft/s,,,Unspecified,Unspecified,Unspecified,Unspecified,Unspecified,Unknown,Wading,2026-07-01T19:10:53.364778+00:00,point_velocity,Unspecified
05556500,POINT (-89.4979611111111 41.3674027777778),df1713c6-ca65-4b4c-800c-83c078bcacb0,USGS-05556500,4e84e209-0ee1-74bc-e053-0100007f6537,693,2002-03-08T13:57:00+00:00,Imported Channel 1,260,ft^3/s,62.0,ft,99.6,ft^2,2.61,ft/s,,,Unspecified,Unspecified,Unspecified,Unspecified,Unspecified,Unknown,Wading,2026-07-01T19:10:53.364778+00:00,point_velocity,Unspecified
05556500,POINT (-89.4979611111111 41.3674027777778),df33fe11-15e3-4163-bd8d-b95542a35fee,USGS-05556500,4e84b18a-30c3-5add-e053-0100007f08a6,448,1975-01-17T06:00:00+00:00,Imported Channel 1,78.2,ft^3/s,,,,,,,,ft,Unspecified,Unspecified,Unspecified,Unspecified,Unspecified,Unknown,Unspecified,2026-07-01T19:10:53.364778+00:00,other_method,Unspecified
05556500,POINT (-89.4979611111111 41.3674027777778),df708f96-7b06-4751-9b3f-23ec8aa03891,USGS-05556500,4e84f5dc-0ea0-821e-e053-0100007fe780,780,2016-08-01T22:43:00+00:00,120,75.5,ft^3/s,48.0,ft,51.9,ft^2,1.45,ft/s,100.00,ft,Firm,Cobbles,Even,Even,NonStandard,Unknown,Wading,2026-07-01T19:10:53.364778+00:00,point_velocity,Downstream
05556500,POINT (-89.4979611111111 41.3674027777778),df7698f7-c134-4aed-b59b-73edc4429869,USGS-05556500,4e849619-fc1f-4aa4-e053-0100007ff430,62,1940-11-06T21:25:00+00:00,Imported Channel 1,1.04,ft^3/s,11.0,ft,2.84,ft^2,0.37,ft/s,,,Unspecified,Unspecified,Unspecified,Unspecified,Unspecified,Unknown,Wading,2026-07-01T19:10:53.364778+00:00,point_velocity,Unspecified
05556500,POINT (-89.4979611111111 41.3674027777778),e044077a-5488-4ba6-aec9-cbf285f5ba95,USGS-05556500,4e849cf9-11c1-4ea7-e053-0100007f4505,246,1956-03-21T18:10:00+00:00,Imported Channel 1,15.3,ft^3/s,29.0,ft,25.0,ft^2,0.61,ft/s,,,Unspecified,Unspecified,Unspecified,Unspecified,Unspecified,Unknown,Wading,2026-07-01T19:10:53.364778+00:00,point_velocity,Unspecified
05556500,POINT (-89.4979611111111 41.3674027777778),e06ac26e-330f-476e-9ca0-10fdaa5bb5af,USGS-05556500,4e84cf56-e7c6-6c8a-e053-0100007f4327,733,2008-09-03T13:31:00+00:00,Imported Channel 1,9.70,ft^3/s,34.0,ft,26.1,ft^2,0.37,ft/s,,,Unspecified,Unspecified,Unspecified,Unspecified,Unspecified,Unknown,Wading,2026-07-01T19:10:53.364778+00:00,point_velocity,Unspecified
05556500,POINT (-89.4979611111111 41.3674027777778),e09460b6-64a1-4267-b812-9f30354d6088,USGS-05556500,4e84b4db-d6a7-5cd9-e053-0100007f56c1,220,1953-05-28T17:45:00+00:00,Imported Channel 1,122,ft^3/s,36.0,ft,40.7,ft^2,3.01,ft/s,,,Unspecified,Unspecified,Unspecified,Unspecified,Unspecified,Unknown,Wading,2026-07-01T19:10:53.364778+00:00,point_velocity,Unspecified
05556500,POINT (-89.4979611111111 41.3674027777778),e0a20c79-48ca-4401-8cfd-93a0a8539184,USGS-05556500,4e84c0bc-077b-634a-e053-0100007fd51c,497,1979-08-16T06:00:00+00:00,Imported Channel 1,21.5,ft^3/s,,,,,,,,ft,Unspecified,Unspecified,Unspecified,Unspecified,Unspecified,Unknown,Unspecified,2026-07-01T19:10:53.364778+00:00,other_method,Unspecified
05556500,POINT (-89.4979611111111 41.3674027777778),e11b126c-a503-47d0-8f6a-9dfc730c1fae,USGS-05556500,4e84b661-e5b7-5d71-e053-0100007f8b9c,194,1950-12-11T21:30:00+00:00,Imported Channel 1,3.77,ft^3/s,11.5,ft,10.0,ft^2,0.38,ft/s,,,Unspecified,Unspecified,Unspecified,Unspecified,Unspecified,Unknown,Wading,2026-07-01T19:10:53.364778+00:00,point_velocity,Unspecified
05556500,POINT (-89.4979611111111 41.3674027777778),e2299ae6-ed9a-4895-87e4-100728544996,USGS-05556500,4e84bf1b-d65c-627f-e053-0100007fec58,578,1987-03-03T15:25:00+00:00,Imported Channel 1,96.6,ft^3/s,68.0,ft,69.6,ft^2,1.39,ft/s,,,Unspecified,Unspecified,Unspecified,Unspecified,Unspecified,Unknown,Wading,2026-07-01T19:10:53.364778+00:00,point_velocity,Unspecified
05556500,POINT (-89.4979611111111 41.3674027777778),e2a83100-5b3d-49e5-8ec8-f90a48fba5e7,USGS-05556500,4e84b171-94a7-5acd-e053-0100007fd65a,280,1959-09-11T17:10:00+00:00,Imported Channel 1,0.75,ft^3/s,9.40,ft,1.60,ft^2,0.47,ft/s,,,Unspecified,Unspecified,Unspecified,Unspecified,Unspecified,Unknown,Wading,2026-07-01T19:10:53.364778+00:00,point_velocity,Unspecified
05556500,POINT (-89.4979611111111 41.3674027777778),e2d0f245-509d-4746-9750-ab1dfc5b8843,USGS-05556500,4e84e5c9-30d7-78cc-e053-0100007f12ec,758,2012-10-01T15:45:00+00:00,758,1.06,ft^3/s,21.5,ft,8.67,ft^2,0.12,ft/s,30.00,ft,Firm,Gravel,Even,Even,Standard,Unknown,Wading,2026-07-01T19:10:53.364778+00:00,point_velocity,Downstream
05556500,POINT (-89.4979611111111 41.3674027777778),e3410f94-3982-4a0c-af47-56babc3e627f,USGS-05556500,4e84d60b-3db8-7015-e053-0100007fb605,635,1994-07-11T20:40:00+00:00,Imported Channel 1,111,ft^3/s,41.0,ft,47.9,ft^2,2.32,ft/s,,,Unspecified,Unspecified,Unspecified,Unspecified,Unspecified,Unknown,Wading,2026-07-01T19:10:53.364778+00:00,point_velocity,Unspecified
05556500,POINT (-89.4979611111111 41.3674027777778),e343413c-2d75-4b78-837a-c0af4b3afb06,USGS-05556500,4e84a853-78c9-5582-e053-0100007f2424,68,1941-03-31T17:25:00+00:00,Imported Channel 1,80.7,ft^3/s,42.0,ft,70.6,ft^2,1.14,ft/s,,,Unspecified,Unspecified,Unspecified,Unspecified,Unspecified,Unknown,Wading,2026-07-01T19:10:53.364778+00:00,point_velocity,Unspecified
05556500,POINT (-89.4979611111111 41.3674027777778),e3645aff-c003-4a5e-ac39-85613e010fba,USGS-05556500,4e84aad8-a730-56f7-e053-0100007f97c6,197,1951-05-08T20:10:00+00:00,Imported Channel 1,86.8,ft^3/s,37.0,ft,34.4,ft^2,249,ft/s,,,Unspecified,Unspecified,Unspecified,Unspecified,Unspecified,Unknown,Wading,2026-07-01T19:10:53.364778+00:00,point_velocity,Unspecified
05556500,POINT (-89.4979611111111 41.3674027777778),e368e70b-7e25-4cc2-aaff-4be1ca0baa2e,USGS-05556500,5dc2d3f8-8491-4478-a69c-a0941519276f,833,2026-03-26T15:51:45+00:00,right,57.4,ft^3/s,26.4,ft,20.9,ft^2,2.74,ft/s,0.00,ft,Firm,Gravel,Even,Even,Standard,Steady,BridgeDownstreamSide,2026-07-01T19:10:53.364778+00:00,adcp,AtTheGage
05556500,POINT (-89.4979611111111 41.3674027777778),e3f9505a-a12d-4644-a8ff-241e833f12ef,USGS-05556500,4e84c829-babd-6857-e053-0100007f78f8,530,1982-10-28T06:00:00+00:00,Imported Channel 1,14.0,ft^3/s,23.0,ft,14.0,ft^2,1.00,ft/s,,,Unspecified,Unspecified,Unspecified,Unspecified,Unspecified,Unknown,Wading,2026-07-01T19:10:53.364778+00:00,point_velocity,Unspecified
05556500,POINT (-89.4979611111111 41.3674027777778),e4258b0f-ee49-4833-a533-38c9262b1c69,USGS-05556500,4e84b3ef-092c-5c11-e053-0100007f4ad6,90,1943-03-16T19:20:00+00:00,Imported Channel 1,2360,ft^3/s,241,ft,980,ft^2,2.41,ft/s,,,Unspecified,Unspecified,Unspecified,Unspecified,Unspecified,Unknown,BridgeCrane,2026-07-01T19:10:53.364778+00:00,point_velocity,Unspecified
05556500,POINT (-89.4979611111111 41.3674027777778),e42dd8fa-fc52-47f9-9691-fb156a67928f,USGS-05556500,4e84de2c-9e82-750e-e053-0100007f82df,646,1996-01-11T19:15:00+00:00,Imported Channel 1,18.7,ft^3/s,31.0,ft,14.4,ft^2,1.30,ft/s,,,Unspecified,Unspecified,Unspecified,Unspecified,Unspecified,Unknown,Wading,2026-07-01T19:10:53.364778+00:00,point_velocity,Unspecified
05556500,POINT (-89.4979611111111 41.3674027777778),e4552e58-5c73-48bf-b840-966e18cf32d4,USGS-05556500,426de791-52eb-430d-8c1b-52db9479d42b,802,2020-03-06T19:25:00+00:00,05556500,120,ft^3/s,74.9,ft,65.5,ft^2,1.84,ft/s,150.00,ft,Firm,Cobbles,Uneven,Uneven,Unknown,Steady,Wading,2026-07-01T19:10:53.364778+00:00,point_velocity,Downstream
05556500,POINT (-89.4979611111111 41.3674027777778),e488f2a7-1d25-4815-8e04-7552a7f30568,USGS-05556500,4e84a80e-1e8c-54ec-e053-0100007f2a54,43,1939-08-08T06:00:00+00:00,Imported Channel 1,4960,ft^3/s,,,,,,,,ft,Unspecified,Unspecified,Unspecified,Unspecified,Unspecified,Unknown,Unspecified,2026-07-01T19:10:53.364778+00:00,other_method,Unspecified
05556500,POINT (-89.4979611111111 41.3674027777778),e4aafcce-7207-4435-9ec7-3fb9fef8315a,USGS-05556500,4e84aee4-4b14-58ce-e053-0100007f8cfd,306,1962-04-27T15:30:00+00:00,Imported Channel 1,129,ft^3/s,79.0,ft,703,ft^2,1.25,ft/s,,,Unspecified,Unspecified,Unspecified,Unspecified,Unspecified,Unknown,Wading,2026-07-01T19:10:53.364778+00:00,point_velocity,Unspecified
05556500,POINT (-89.4979611111111 41.3674027777778),e4b6e97b-3094-4cda-9c0a-13f832c9b832,USGS-05556500,b2a8e383-bad9-4610-9d24-1f61a9a2652e,811,2021-10-07T17:43:25+00:00,05556500,53.9,ft^3/s,64.0,ft,41.9,ft^2,1.29,ft/s,150.00,ft,Firm,Cobbles,Uneven,Uneven,Unknown,Steady,Wading,2026-07-01T19:10:53.364778+00:00,point_velocity,Downstream
05556500,POINT (-89.4979611111111 41.3674027777778),e4d0d9c1-7a06-46ce-b225-52b86dd23515,USGS-05556500,4e84abc4-876f-57dd-e053-0100007f550d,262,1957-09-11T18:30:00+00:00,Imported Channel 1,0.93,ft^3/s,10.3,ft,2.90,ft^2,0.32,ft/s,,,Unspecified,Unspecified,Unspecified,Unspecified,Unspecified,Unknown,Wading,2026-07-01T19:10:53.364778+00:00,point_velocity,Unspecified
05556500,POINT (-89.4979611111111 41.3674027777778),e5b84c97-ea56-47be-8381-9fbfcb4ad1ff,USGS-05556500,4e84b40f-fce5-5c0f-e053-0100007fdbef,206,1952-01-09T21:50:00+00:00,Imported Channel 1,113,ft^3/s,31.0,ft,38.2,ft^2,2.96,ft/s,,,Unspecified,Unspecified,Unspecified,Unspecified,Unspecified,Unknown,Wading,2026-07-01T19:10:53.364778+00:00,point_velocity,Unspecified
05556500,POINT (-89.4979611111111 41.3674027777778),e5eab8b0-2500-4344-ba4d-27242e71f5ab,USGS-05556500,4e84c493-9743-661f-e053-0100007f923e,642,1995-07-19T14:20:00+00:00,Imported Channel 1,42.9,ft^3/s,48.0,ft,26.4,ft^2,1.62,ft/s,,,Unspecified,Unspecified,Unspecified,Unspecified,Unspecified,Unknown,Wading,2026-07-01T19:10:53.364778+00:00,point_velocity,Unspecified
05556500,POINT (-89.4979611111111 41.3674027777778),e617f933-4d99-4303-a46a-ad7956df304a,USGS-05556500,4e84d203-38af-6db0-e053-0100007f362d,701,2003-03-25T18:56:00+00:00,Imported Channel 1,9.82,ft^3/s,45.0,ft,24.2,ft^2,0.41,ft/s,,,Unspecified,Unspecified,Unspecified,Unspecified,Unspecified,Unknown,Wading,2026-07-01T19:10:53.364778+00:00,point_velocity,Unspecified
05556500,POINT (-89.4979611111111 41.3674027777778),e681779d-6e2f-4dc9-adf8-fda5aab270a7,USGS-05556500,e0135c4c-ea4a-480d-9f36-543045e5bf2c,813,2022-05-26T16:46:47+00:00,main,149,ft^3/s,70.0,ft,93.2,ft^2,1.60,ft/s,150.00,ft,Firm,Gravel,Even,Even,Standard,Steady,Wading,2026-07-01T19:10:53.364778+00:00,point_velocity,Downstream
05556500,POINT (-89.4979611111111 41.3674027777778),e70b7bdc-a0ad-4201-be86-f29d1a321a74,USGS-05556500,4e84ba2f-2f6b-5f0e-e053-0100007f8595,462,1976-03-08T06:00:00+00:00,Imported Channel 1,499,ft^3/s,,,,,,,,ft,Unspecified,Unspecified,Unspecified,Unspecified,Unspecified,Unknown,Unspecified,2026-07-01T19:10:53.364778+00:00,other_method,Unspecified
05556500,POINT (-89.4979611111111 41.3674027777778),e7df1d2d-1d96-422b-82df-d2758212c022,USGS-05556500,4e84bf58-346b-6287-e053-0100007f3bc5,539,1983-06-16T06:00:00+00:00,Imported Channel 1,102,ft^3/s,56.0,ft,65.7,ft^2,1.55,ft/s,,,Unspecified,Unspecified,Unspecified,Unspecified,Unspecified,Unknown,Wading,2026-07-01T19:10:53.364778+00:00,point_velocity,Unspecified
05556500,POINT (-89.4979611111111 41.3674027777778),e81ce660-ebf7-4c26-b6ad-727fc2f918c7,USGS-05556500,4e84b6f0-9bd5-5dd5-e053-0100007feed4,123,1945-06-29T20:22:00+00:00,Imported Channel 1,1020,ft^3/s,110,ft,457,ft^2,2.23,ft/s,,,Unspecified,Unspecified,Unspecified,Unspecified,Unspecified,Unknown,BridgeCrane,2026-07-01T19:10:53.364778+00:00,point_velocity,Unspecified
05556500,POINT (-89.4979611111111 41.3674027777778),e82ce563-4d3f-463e-8d80-4d3e7a503dc1,USGS-05556500,4e84c439-fe24-6603-e053-0100007f8ed8,388,1968-11-13T06:00:00+00:00,Imported Channel 1,2.64,ft^3/s,,,,,,,,ft,Unspecified,Unspecified,Unspecified,Unspecified,Unspecified,Unknown,Unspecified,2026-07-01T19:10:53.364778+00:00,other_method,Unspecified
05556500,POINT (-89.4979611111111 41.3674027777778),e82ce8bf-e997-47bf-b697-539973134cee,USGS-05556500,4e84abb3-a50f-57a3-e053-0100007ff776,27,1938-05-25T17:45:00+00:00,Imported Channel 1,166,ft^3/s,51.0,ft,81.6,ft^2,2.04,ft/s,,,Unspecified,Unspecified,Unspecified,Unspecified,Unspecified,Unknown,Wading,2026-07-01T19:10:53.364778+00:00,point_velocity,Unspecified
05556500,POINT (-89.4979611111111 41.3674027777778),e851ad68-82ad-41c2-ac40-aeb372bade68,USGS-05556500,4e84b94b-f89e-5f62-e053-0100007f5192,252,1956-09-18T17:20:00+00:00,Imported Channel 1,0.80,ft^3/s,6.80,ft,1.09,ft^2,0.73,ft/s,,,Unspecified,Unspecified,Unspecified,Unspecified,Unspecified,Unknown,Wading,2026-07-01T19:10:53.364778+00:00,point_velocity,Unspecified
05556500,POINT (-89.4979611111111 41.3674027777778),e8a1b32f-714f-43a5-82b0-0a99ff81dab3,USGS-05556500,4e84b451-1463-5c0b-e053-0100007fc45d,132,1946-01-16T22:40:00+00:00,Imported Channel 1,197,ft^3/s,52.8,ft,129,ft^2,1.53,ft/s,,,Unspecified,Unspecified,Unspecified,Unspecified,Unspecified,Unknown,Wading,2026-07-01T19:10:53.364778+00:00,point_velocity,Unspecified
05556500,POINT (-89.4979611111111 41.3674027777778),ea30a823-c36d-4371-96ab-f6dffb2f3e84,USGS-05556500,4e84b880-c8c1-5f0a-e053-0100007f7e15,172,1949-04-21T14:05:00+00:00,Imported Channel 1,116,ft^3/s,41.0,ft,80.7,ft^2,1.43,ft/s,,,Unspecified,Unspecified,Unspecified,Unspecified,Unspecified,Unknown,Wading,2026-07-01T19:10:53.364778+00:00,point_velocity,Unspecified
05556500,POINT (-89.4979611111111 41.3674027777778),ebe64097-0dd5-43ec-80ee-7ec4774336a1,USGS-05556500,4e84b5a6-cb8d-5cef-e053-0100007fcf15,152,1947-09-24T14:40:00+00:00,Imported Channel 1,13.3,ft^3/s,17.4,ft,7.67,ft^2,1.73,ft/s,,,Unspecified,Unspecified,Unspecified,Unspecified,Unspecified,Unknown,Wading,2026-07-01T19:10:53.364778+00:00,point_velocity,Unspecified
05556500,POINT (-89.4979611111111 41.3674027777778),ebfb0edd-c687-4429-8b1f-6ca258e30297,USGS-05556500,4e84dc69-3951-7324-e053-0100007fe092,679,2000-05-12T13:50:00+00:00,Imported Channel 1,758,ft^3/s,125,ft,315,ft^2,2.41,ft/s,,,Unspecified,Unspecified,Unspecified,Unspecified,Unspecified,Unknown,BridgeCrane,2026-07-01T19:10:53.364778+00:00,point_velocity,Unspecified
05556500,POINT (-89.4979611111111 41.3674027777778),ecc1c723-accf-4580-b4fe-d0df842dae59,USGS-05556500,4e84adc3-4f25-5898-e053-0100007f9f40,127,1945-09-29T17:05:00+00:00,Imported Channel 1,495,ft^3/s,74.5,ft,176,ft^2,2.81,ft/s,,,Unspecified,Unspecified,Unspecified,Unspecified,Unspecified,Unknown,Wading,2026-07-01T19:10:53.364778+00:00,point_velocity,Unspecified
05556500,POINT (-89.4979611111111 41.3674027777778),ecf45f2c-c3be-4229-b269-ae6c44fa9862,USGS-05556500,4e84d5e8-a65f-702f-e053-0100007f4545,598,1989-04-28T16:10:00+00:00,Imported Channel 1,23.8,ft^3/s,25.0,ft,17.7,ft^2,1.34,ft/s,,,Unspecified,Unspecified,Unspecified,Unspecified,Unspecified,Unknown,Wading,2026-07-01T19:10:53.364778+00:00,point_velocity,Unspecified
05556500,POINT (-89.4979611111111 41.3674027777778),ed47b61d-0b76-4b25-bf21-24478bc5aa6a,USGS-05556500,4e84b6d8-eb40-5dad-e053-0100007fddde,283,1959-12-17T18:40:00+00:00,Imported Channel 1,129,ft^3/s,48.2,ft,67.7,ft^2,1.91,ft/s,,,Unspecified,Unspecified,Unspecified,Unspecified,Unspecified,Unknown,Wading,2026-07-01T19:10:53.364778+00:00,point_velocity,Unspecified
05556500,POINT (-89.4979611111111 41.3674027777778),ed480723-7fca-45d8-b539-2d4213532e97,USGS-05556500,4e84c825-019d-6827-e053-0100007fbfc4,566,1985-10-22T06:00:00+00:00,Imported Channel 1,51.3,ft^3/s,42.0,ft,63.7,ft^2,0.81,ft/s,,,Unspecified,Unspecified,Unspecified,Unspecified,Unspecified,Unknown,Wading,2026-07-01T19:10:53.364778+00:00,point_velocity,Unspecified
05556500,POINT (-89.4979611111111 41.3674027777778),edf18b62-458a-4383-adec-f941141e3e67,USGS-05556500,5dc2d3f8-8491-4478-a69c-a0941519276f,833,2026-03-26T15:51:45+00:00,center,24.2,ft^3/s,14.5,ft,8.80,ft^2,2.75,ft/s,0.00,ft,Firm,Gravel,Even,Even,Standard,Steady,BridgeDownstreamSide,2026-07-01T19:10:53.364778+00:00,adcp,AtTheGage
05556500,POINT (-89.4979611111111 41.3674027777778),efad33a4-f4be-4c59-8c23-7e1affe28432,USGS-05556500,4e84b4db-d696-5cd9-e053-0100007f56c1,108,1944-10-02T22:40:00+00:00,Imported Channel 1,3.97,ft^3/s,7.50,ft,4.79,ft^2,0.83,ft/s,,,Unspecified,Unspecified,Unspecified,Unspecified,Unspecified,Unknown,Wading,2026-07-01T19:10:53.364778+00:00,point_velocity,Unspecified
05556500,POINT (-89.4979611111111 41.3674027777778),efb1dad6-9983-4951-9602-955d03224394,USGS-05556500,4e84d2ec-33bb-6e40-e053-0100007f1b0d,711,2004-08-23T19:34:00+00:00,Imported Channel 1,7.88,ft^3/s,44.0,ft,16.9,ft^2,0.47,ft/s,,,Unspecified,Unspecified,Unspecified,Unspecified,Unspecified,Unknown,Wading,2026-07-01T19:10:53.364778+00:00,point_velocity,Unspecified
05556500,POINT (-89.4979611111111 41.3674027777778),f0c0994b-5277-47fe-bce5-4ca6c3c1ca73,USGS-05556500,4e84c47b-9192-6619-e053-0100007f1488,540,1983-07-08T06:00:00+00:00,Imported Channel 1,92.5,ft^3/s,64.0,ft,107,ft^2,0.86,ft/s,,,Unspecified,Unspecified,Unspecified,Unspecified,Unspecified,Unknown,Wading,2026-07-01T19:10:53.364778+00:00,point_velocity,Unspecified
05556500,POINT (-89.4979611111111 41.3674027777778),f11ba509-619c-4b25-b69c-8eb850deb698,USGS-05556500,4e84d5ef-31f4-7031-e053-0100007f3134,615,1991-01-29T19:50:00+00:00,Imported Channel 1,57.8,ft^3/s,33.0,ft,44.3,ft^2,1.30,ft/s,,,Unspecified,Unspecified,Unspecified,Unspecified,Unspecified,Unknown,Wading,2026-07-01T19:10:53.364778+00:00,point_velocity,Unspecified
05556500,POINT (-89.4979611111111 41.3674027777778),f24d65ae-c0f6-4399-abca-8c57b9581975,USGS-05556500,28497db2-ef59-4ac3-ae43-0a13e6a2cf49,825,2024-08-08T16:24:06+00:00,main,31.1,ft^3/s,48.0,ft,36.2,ft^2,0.86,ft/s,150.00,ft,Firm,Gravel,Even,Unspecified,Standard,Steady,Wading,2026-07-01T19:10:53.364778+00:00,point_velocity,Downstream
05556500,POINT (-89.4979611111111 41.3674027777778),f27b95eb-b0ab-464d-9845-bafd81fd092c,USGS-05556500,4e84def1-85a9-74e4-e053-0100007f090f,745,2010-08-26T15:39:29+00:00,Channel 1,40.2,ft^3/s,49.0,ft,24.6,ft^2,1.64,ft/s,60.00,ft,Firm,CobblesBoulders,Even,Even,Unspecified,Unknown,Wading,2026-07-01T19:10:53.364778+00:00,point_velocity,Upstream
05556500,POINT (-89.4979611111111 41.3674027777778),f292817e-b462-4ed6-9f32-bb16621ed1d5,USGS-05556500,4e84c829-baad-6857-e053-0100007f78f8,435,1973-10-03T06:00:00+00:00,Imported Channel 1,44.2,ft^3/s,,,,,,,,ft,Unspecified,Unspecified,Unspecified,Unspecified,Unspecified,Unknown,Unspecified,2026-07-01T19:10:53.364778+00:00,other_method,Unspecified
05556500,POINT (-89.4979611111111 41.3674027777778),f2c75bc6-4698-4a1d-9f69-67fa584add1e,USGS-05556500,4e84c1ce-914f-6420-e053-0100007ff3ec,467,1976-08-18T06:00:00+00:00,Imported Channel 1,1.94,ft^3/s,,,,,,,,ft,Unspecified,Unspecified,Unspecified,Unspecified,Unspecified,Unknown,Unspecified,2026-07-01T19:10:53.364778+00:00,other_method,Unspecified
05556500,POINT (-89.4979611111111 41.3674027777778),f42d53ef-e106-4a66-8374-dd889654078e,USGS-05556500,4e84d229-47f8-6d98-e053-0100007f4f8e,714,2005-04-21T13:28:00+00:00,Imported Channel 1,119,ft^3/s,47.0,ft,45.6,ft^2,2.61,ft/s,,,Unspecified,Unspecified,Unspecified,Unspecified,Unspecified,Unknown,Wading,2026-07-01T19:10:53.364778+00:00,point_velocity,Unspecified
05556500,POINT (-89.4979611111111 41.3674027777778),f49c77a4-587f-4889-baa1-d3f4673b4258,USGS-05556500,4e84c737-731b-67a6-e053-0100007f0b69,590,1988-07-26T18:30:00+00:00,Imported Channel 1,2.19,ft^3/s,8.00,ft,1.84,ft^2,1.19,ft/s,,,Unspecified,Unspecified,Unspecified,Unspecified,Unspecified,Unknown,Wading,2026-07-01T19:10:53.364778+00:00,point_velocity,Unspecified
05556500,POINT (-89.4979611111111 41.3674027777778),f526a5eb-321f-4cd9-a9d2-d0e6ab0de070,USGS-05556500,4e84de44-59d1-750a-e053-0100007fd902,748,2011-03-15T15:50:30+00:00,Imported Channel 1,380,ft^3/s,80.0,ft,95.8,ft^2,3.96,ft/s,300.00,ft,Firm,CobblesBoulders,Even,Even,Standard,Unknown,Wading,2026-07-01T19:10:53.364778+00:00,point_velocity,Upstream
05556500,POINT (-89.4979611111111 41.3674027777778),f55b18f0-55ed-49f9-ae1e-a6de852bdd7f,USGS-05556500,4e84b18a-30ba-5add-e053-0100007f08a6,326,1963-12-12T16:45:00+00:00,Imported Channel 1,2.86,ft^3/s,11.0,ft,3.92,ft^2,0.73,ft/s,,,Unspecified,Unspecified,Unspecified,Unspecified,Unspecified,Unknown,Wading,2026-07-01T19:10:53.364778+00:00,point_velocity,Unspecified
05556500,POINT (-89.4979611111111 41.3674027777778),f566910a-3b8e-45b0-8595-c37cb2f2dea0,USGS-05556500,4e84ab6e-ca14-579f-e053-0100007f0511,175,1949-06-09T18:20:00+00:00,Imported Channel 1,5.94,ft^3/s,19.0,ft,4.65,ft^2,1.28,ft/s,,,Unspecified,Unspecified,Unspecified,Unspecified,Unspecified,Unknown,Wading,2026-07-01T19:10:53.364778+00:00,point_velocity,Unspecified
05556500,POINT (-89.4979611111111 41.3674027777778),f591fde9-d11f-40d0-94f4-caa74cebe296,USGS-05556500,4e84d308-d4f6-6e42-e053-0100007f7e42,582,1987-08-28T13:15:00+00:00,Imported Channel 1,1030,ft^3/s,103,ft,271,ft^2,3.80,ft/s,,,Unspecified,Unspecified,Unspecified,Unspecified,Unspecified,Unknown,BridgeCrane,2026-07-01T19:10:53.364778+00:00,point_velocity,Unspecified
05556500,POINT (-89.4979611111111 41.3674027777778),f5d9eb6c-555e-4ad4-947b-2e3fb1c4f910,USGS-05556500,4e84c159-559e-63e0-e053-0100007f4833,473,1977-04-27T06:00:00+00:00,Imported Channel 1,6.63,ft^3/s,,,,,,,,ft,Unspecified,Unspecified,Unspecified,Unspecified,Unspecified,Unknown,Unspecified,2026-07-01T19:10:53.364778+00:00,other_method,Unspecified
05556500,POINT (-89.4979611111111 41.3674027777778),f5e866db-a5dc-4a38-bcee-edcb4cbf68ea,USGS-05556500,4e84ba82-a3ad-5fee-e053-0100007f6ccb,430,1973-04-20T06:00:00+00:00,Imported Channel 1,320,ft^3/s,,,,,,,,ft,Unspecified,Unspecified,Unspecified,Unspecified,Unspecified,Unknown,Unspecified,2026-07-01T19:10:53.364778+00:00,other_method,Unspecified
05556500,POINT (-89.4979611111111 41.3674027777778),f5ec3c55-9c67-41d2-85d0-0204c9504188,USGS-05556500,4e84d2f4-8e31-6ddb-e053-0100007f602d,536,1983-04-19T06:00:00+00:00,Imported Channel 1,341,ft^3/s,65.0,ft,96.7,ft^2,3.53,ft/s,,,Unspecified,Unspecified,Unspecified,Unspecified,Unspecified,Unknown,Wading,2026-07-01T19:10:53.364778+00:00,point_velocity,Unspecified
05556500,POINT (-89.4979611111111 41.3674027777778),f5f74afd-c0b1-4dd1-b72d-6b31a68a415b,USGS-05556500,4e84cf63-f93e-6c5b-e053-0100007f123d,584,1987-12-08T17:55:00+00:00,Imported Channel 1,509,ft^3/s,71.0,ft,186,ft^2,2.74,ft/s,,,Unspecified,Unspecified,Unspecified,Unspecified,Unspecified,Unknown,BridgeCrane,2026-07-01T19:10:53.364778+00:00,point_velocity,Unspecified
05556500,POINT (-89.4979611111111 41.3674027777778),f624babb-870d-46a0-83e7-ae71d4200d57,USGS-05556500,4e84c825-019f-6827-e053-0100007fbfc4,571,1986-05-16T06:00:00+00:00,Imported Channel 1,254,ft^3/s,58.0,ft,120,ft^2,2.08,ft/s,,,Unspecified,Unspecified,Unspecified,Unspecified,Unspecified,Unknown,Wading,2026-07-01T19:10:53.364778+00:00,point_velocity,Unspecified
05556500,POINT (-89.4979611111111 41.3674027777778),f66a48cc-a600-4d30-86ff-f446ab2723cb,USGS-05556500,4e84cb41-fbbb-69ba-e053-0100007f356a,617,1991-05-14T20:55:00+00:00,Imported Channel 1,108,ft^3/s,49.0,ft,65.5,ft^2,1.65,ft/s,,,Unspecified,Unspecified,Unspecified,Unspecified,Unspecified,Unknown,Wading,2026-07-01T19:10:53.364778+00:00,point_velocity,Unspecified
05556500,POINT (-89.4979611111111 41.3674027777778),f6899e4d-78e4-475b-a35a-04c4184bf41c,USGS-05556500,4e84ee2e-2d96-7cea-e053-0100007f981b,755,2012-04-09T15:40:00+00:00,755,69.8,ft^3/s,52.0,ft,61.7,ft^2,1.13,ft/s,100.00,ft,Firm,Gravel,Even,Even,NonStandard,Unknown,Wading,2026-07-01T19:10:53.364778+00:00,point_velocity,Downstream
05556500,POINT (-89.4979611111111 41.3674027777778),f732781d-8849-49d3-bf23-18568f801519,USGS-05556500,4e84d534-ba55-6fff-e053-0100007f8d8b,632,1993-10-19T15:20:00+00:00,Imported Channel 1,144,ft^3/s,48.0,ft,54.1,ft^2,2.66,ft/s,,,Unspecified,Unspecified,Unspecified,Unspecified,Unspecified,Unknown,Wading,2026-07-01T19:10:53.364778+00:00,point_velocity,Unspecified
05556500,POINT (-89.4979611111111 41.3674027777778),f7c2153f-ca45-42c1-af18-4d34f6e6425f,USGS-05556500,4e84b684-184e-5d99-e053-0100007f5506,330,1964-04-09T17:30:00+00:00,Imported Channel 1,107,ft^3/s,67.0,ft,107,ft^2,1.00,ft/s,,,Unspecified,Unspecified,Unspecified,Unspecified,Unspecified,Unknown,Wading,2026-07-01T19:10:53.364778+00:00,point_velocity,Unspecified
05556500,POINT (-89.4979611111111 41.3674027777778),f8174247-4dc5-4564-a1ec-6feb29279271,USGS-05556500,4e84cf59-3f70-6b6a-e053-0100007fed04,485,1978-07-20T06:00:00+00:00,Imported Channel 1,82.6,ft^3/s,,,,,,,,ft,Unspecified,Unspecified,Unspecified,Unspecified,Unspecified,Unknown,Unspecified,2026-07-01T19:10:53.364778+00:00,other_method,Unspecified
05556500,POINT (-89.4979611111111 41.3674027777778),f8a1f9a4-d494-49fe-a74f-ce53b41f92ed,USGS-05556500,4e84e965-eed2-7b89-e053-0100007f242b,776,2015-12-14T20:52:19+00:00,main,3160,ft^3/s,140,ft,747,ft^2,4.24,ft/s,25.00,ft,Firm,Gravel,Uneven,Uneven,Standard,Unknown,BridgeDownstreamSide,2026-07-01T19:10:53.364778+00:00,adcp,Downstream
05556500,POINT (-89.4979611111111 41.3674027777778),f8b0915c-9e09-4cd7-ad3f-2ae49d3d3b15,USGS-05556500,4e84ec8e-67bc-7d46-e053-0100007f1e4f,740,2009-08-12T16:37:00+00:00,Imported Channel 1,96.4,ft^3/s,72.0,ft,64.6,ft^2,1.49,ft/s,,,Unspecified,Unspecified,Unspecified,Unspecified,Unspecified,Unknown,Wading,2026-07-01T19:10:53.364778+00:00,point_velocity,Unspecified
05556500,POINT (-89.4979611111111 41.3674027777778),f8e96416-c9a4-46e7-b15d-0b3c39ef3f47,USGS-05556500,4e84ed61-df20-7d48-e053-0100007fc74f,778,2016-03-10T17:05:00+00:00,main,106,ft^3/s,65.0,ft,66.9,ft^2,1.59,ft/s,150.00,ft,Firm,CobblesBoulders,Uneven,Even,Standard,Unknown,Wading,2026-07-01T19:10:53.364778+00:00,point_velocity,Downstream
05556500,POINT (-89.4979611111111 41.3674027777778),f8f24de2-2af5-4707-a70f-4e379782829c,USGS-05556500,4e84b171-94a7-5acd-e053-0100007fd65a,279,1959-09-11T16:35:00+00:00,Imported Channel 1,2.68,ft^3/s,20.4,ft,15.7,ft^2,0.17,ft/s,,,Unspecified,Unspecified,Unspecified,Unspecified,Unspecified,Unknown,Wading,2026-07-01T19:10:53.364778+00:00,point_velocity,Unspecified
05556500,POINT (-89.4979611111111 41.3674027777778),f91c215f-b8e2-41ac-8497-e7959deab05a,USGS-05556500,4e84a22f-3ee8-51e2-e053-0100007fb2e0,165,1948-09-10T16:05:00+00:00,Imported Channel 1,15.4,ft^3/s,42.0,ft,25.1,ft^2,0.61,ft/s,,,Unspecified,Unspecified,Unspecified,Unspecified,Unspecified,Unknown,Wading,2026-07-01T19:10:53.364778+00:00,point_velocity,Unspecified
05556500,POINT (-89.4979611111111 41.3674027777778),f9519ac3-0b69-4ebf-8245-1980c7cb3fc2,USGS-05556500,4e849580-6647-4a12-e053-0100007ff362,34,1939-01-23T20:10:00+00:00,Imported Channel 1,36.0,ft^3/s,19.0,ft,18.7,ft^2,1.92,ft/s,,,Unspecified,Unspecified,Unspecified,Unspecified,Unspecified,Unknown,Wading,2026-07-01T19:10:53.364778+00:00,point_velocity,Unspecified
05556500,POINT (-89.4979611111111 41.3674027777778),f96aa04d-863e-4c49-9a71-d56116d2d8db,USGS-05556500,4e84b62a-7706-5d6f-e053-0100007f2190,325,1963-11-14T19:35:00+00:00,Imported Channel 1,1.91,ft^3/s,10.8,ft,3.39,ft^2,0.72,ft/s,,,Unspecified,Unspecified,Unspecified,Unspecified,Unspecified,Unknown,Wading,2026-07-01T19:10:53.364778+00:00,point_velocity,Unspecified
05556500,POINT (-89.4979611111111 41.3674027777778),f9ae0fe3-49be-4fae-96e8-dcc4fb7a9298,USGS-05556500,4e84cf0a-93d8-6c74-e053-0100007f4a54,499,1979-11-08T06:00:00+00:00,Imported Channel 1,7.66,ft^3/s,,,,,,,,ft,Unspecified,Unspecified,Unspecified,Unspecified,Unspecified,Unknown,Unspecified,2026-07-01T19:10:53.364778+00:00,other_method,Unspecified
05556500,POINT (-89.4979611111111 41.3674027777778),fa360c52-6cd0-490b-b6bd-4a2e5b18521d,USGS-05556500,4e84d9d2-1ffe-72bc-e053-0100007f2816,591,1988-08-19T16:15:00+00:00,Imported Channel 1,2.87,ft^3/s,8.00,ft,2.29,ft^2,1.25,ft/s,,,Unspecified,Unspecified,Unspecified,Unspecified,Unspecified,Unknown,Wading,2026-07-01T19:10:53.364778+00:00,point_velocity,Unspecified
05556500,POINT (-89.4979611111111 41.3674027777778),fa46e2bb-727f-48f4-b11a-e89d85a47c47,USGS-05556500,4e848767-4756-41b8-e053-0100007f2703,87,1943-01-08T20:25:00+00:00,Imported Channel 1,122,ft^3/s,62.5,ft,89.0,ft^2,1.37,ft/s,,,Unspecified,Unspecified,Unspecified,Unspecified,Unspecified,Unknown,Wading,2026-07-01T19:10:53.364778+00:00,point_velocity,Unspecified
05556500,POINT (-89.4979611111111 41.3674027777778),fa8ae18b-e23d-4852-84bf-f6092658e812,USGS-05556500,4e84d615-5c72-6f19-e053-0100007f8826,674,1999-10-15T16:46:00+00:00,Imported Channel 1,10.1,ft^3/s,34.0,ft,48.2,ft^2,0.20,ft/s,,,Unspecified,Unspecified,Unspecified,Unspecified,Unspecified,Unknown,Wading,2026-07-01T19:10:53.364778+00:00,point_velocity,Unspecified
05556500,POINT (-89.4979611111111 41.3674027777778),fb6f29aa-f041-46ae-ab00-9ef5a3595651,USGS-05556500,4e84b3ef-092b-5c11-e053-0100007f4ad6,89,1943-03-05T23:05:00+00:00,Imported Channel 1,80.9,ft^3/s,40.8,ft,62.6,ft^2,1.29,ft/s,,,Unspecified,Unspecified,Unspecified,Unspecified,Unspecified,Unknown,Wading,2026-07-01T19:10:53.364778+00:00,point_velocity,Unspecified
05556500,POINT (-89.4979611111111 41.3674027777778),fba63675-0adc-401f-a1f2-cb251f59d876,USGS-05556500,4e84a853-78ca-5582-e053-0100007f2424,74,1941-08-28T23:35:00+00:00,Imported Channel 1,1.80,ft^3/s,9.60,ft,3.04,ft^2,0.59,ft/s,,,Unspecified,Unspecified,Unspecified,Unspecified,Unspecified,Unknown,Wading,2026-07-01T19:10:53.364778+00:00,point_velocity,Unspecified
05556500,POINT (-89.4979611111111 41.3674027777778),fbb41884-19ac-4f59-b9af-2ee2eee67a41,USGS-05556500,4e84d203-38bf-6db0-e053-0100007f362d,726,2007-08-24T16:01:00+00:00,Imported Channel 1,4460,ft^3/s,159,ft,1120,ft^2,3.98,ft/s,,ft,Unspecified,Unspecified,Unspecified,Unspecified,Unspecified,Unknown,Unspecified,2026-07-01T19:10:53.364778+00:00,adcp,Unspecified
05556500,POINT (-89.4979611111111 41.3674027777778),fbba833e-2c71-42c1-904f-3fbf85458273,USGS-05556500,cb514088-1d8e-4b32-baed-0b4940df2ab3,832,2026-01-12T17:01:18+00:00,main,49.6,ft^3/s,46.0,ft,43.9,ft^2,1.13,ft/s,150.00,ft,Firm,Gravel,Even,Unspecified,Standard,Steady,Wading,2026-07-01T19:10:53.364778+00:00,point_velocity,Downstream
05556500,POINT (-89.4979611111111 41.3674027777778),fbf747a1-3fbe-4e51-afb2-2c364abfa508,USGS-05556500,4e84b4db-d6a9-5cd9-e053-0100007f56c1,230,1954-04-28T16:40:00+00:00,Imported Channel 1,182,ft^3/s,58.0,ft,100,ft^2,1.82,ft/s,,,Unspecified,Unspecified,Unspecified,Unspecified,Unspecified,Unknown,Wading,2026-07-01T19:10:53.364778+00:00,point_velocity,Unspecified
05556500,POINT (-89.4979611111111 41.3674027777778),fc384f29-7f6e-4c09-a815-d4bd2d6af8bd,USGS-05556500,4e84dc51-9276-7326-e053-0100007f9dfc,676,2000-02-01T16:06:00+00:00,Imported Channel 1,16.3,ft^3/s,42.0,ft,32.4,ft^2,0.50,ft/s,,,Unspecified,Unspecified,Unspecified,Unspecified,Unspecified,Unknown,Ice,2026-07-01T19:10:53.364778+00:00,point_velocity,Unspecified
05556500,POINT (-89.4979611111111 41.3674027777778),fca52cb7-de1b-4993-a887-6608eace35d8,USGS-05556500,4e84d488-6bd4-6f1b-e053-0100007f4142,704,2003-08-12T19:41:00+00:00,Imported Channel 1,7.17,ft^3/s,44.0,ft,15.6,ft^2,0.46,ft/s,,,Unspecified,Unspecified,Unspecified,Unspecified,Unspecified,Unknown,Wading,2026-07-01T19:10:53.364778+00:00,point_velocity,Unspecified
05556500,POINT (-89.4979611111111 41.3674027777778),fca723b5-e3e3-48b3-a8d1-ca0af94e3b70,USGS-05556500,4e84a78b-6455-54e8-e053-0100007f9248,161,1948-06-04T15:00:00+00:00,Imported Channel 1,19.7,ft^3/s,36.0,ft,23.2,ft^2,0.85,ft/s,,,Unspecified,Unspecified,Unspecified,Unspecified,Unspecified,Unknown,Wading,2026-07-01T19:10:53.364778+00:00,point_velocity,Unspecified
05556500,POINT (-89.4979611111111 41.3674027777778),fcd4b8ce-1b9e-426a-aaf9-1a3dfeb44446,USGS-05556500,4e84e7a3-b927-7a9e-e053-0100007f9477,719,2006-05-16T12:45:00+00:00,Imported Channel 1,103,ft^3/s,42.0,ft,40.1,ft^2,2.58,ft/s,,,Unspecified,Unspecified,Unspecified,Unspecified,Unspecified,Unknown,Wading,2026-07-01T19:10:53.364778+00:00,point_velocity,Unspecified
05556500,POINT (-89.4979611111111 41.3674027777778),fce15543-bfcb-40fa-97e1-6251b596ad4c,USGS-05556500,4e84e07a-d5f9-7612-e053-0100007fe1c4,686,2001-03-21T15:20:00+00:00,Imported Channel 1,543,ft^3/s,106,ft,192,ft^2,2.83,ft/s,,,Unspecified,Unspecified,Unspecified,Unspecified,Unspecified,Unknown,BridgeCrane,2026-07-01T19:10:53.364778+00:00,point_velocity,Unspecified
05556500,POINT (-89.4979611111111 41.3674027777778),fdcb0502-fd10-456b-9626-9d74df4efa06,USGS-05556500,4e84c11e-c182-6328-e053-0100007fc3ec,609,1990-06-29T18:30:00+00:00,Imported Channel 1,4660,ft^3/s,175,ft,1090,ft^2,4.28,ft/s,,,Unspecified,Unspecified,Unspecified,Unspecified,Unspecified,Unknown,BridgeCrane,2026-07-01T19:10:53.364778+00:00,point_velocity,Unspecified
05556500,POINT (-89.4979611111111 41.3674027777778),fde2f9c1-5aa2-4886-b32e-6e8ed2ccf971,USGS-05556500,4e84c001-1321-62f7-e053-0100007f3007,553,1984-07-11T06:00:00+00:00,Imported Channel 1,61.7,ft^3/s,48.0,ft,37.7,ft^2,1.64,ft/s,,,Unspecified,Unspecified,Unspecified,Unspecified,Unspecified,Unknown,Wading,2026-07-01T19:10:53.364778+00:00,point_velocity,Unspecified
05556500,POINT (-89.4979611111111 41.3674027777778),fdfc8efa-ec97-454d-a526-72f7df94c66d,USGS-05556500,4e84de44-59d2-750a-e053-0100007fd902,750,2011-07-20T21:15:00+00:00,Imported Channel 1,42.4,ft^3/s,53.0,ft,56.4,ft^2,0.75,ft/s,200.00,ft,Firm,CobblesBoulders,Uneven,Even,Unspecified,Unknown,Wading,2026-07-01T19:10:53.364778+00:00,point_velocity,Upstream
05556500,POINT (-89.4979611111111 41.3674027777778),fe45e5ae-0f3a-4c74-b946-17cdb22d3d2f,USGS-05556500,4e84c583-af64-668b-e053-0100007fccd4,437,1973-12-11T06:00:00+00:00,Imported Channel 1,115,ft^3/s,,,,,,,,ft,Unspecified,Unspecified,Unspecified,Unspecified,Unspecified,Unknown,Unspecified,2026-07-01T19:10:53.364778+00:00,other_method,Unspecified
05556500,POINT (-89.4979611111111 41.3674027777778),fe78e7ca-f95c-43bd-8084-76c3a8272edc,USGS-05556500,4e84b9ab-6438-5ff2-e053-0100007fcc97,429,1973-03-16T06:00:00+00:00,Imported Channel 1,524,ft^3/s,,,,,,,,ft,Unspecified,Unspecified,Unspecified,Unspecified,Unspecified,Unknown,Unspecified,2026-07-01T19:10:53.364778+00:00,other_method,Unspecified
05556500,POINT (-89.4979611111111 41.3674027777778),ff0cdc76-6450-428f-a1c4-9ca869cfa04d,USGS-05556500,4e84aee7-2742-58d2-e053-0100007f6135,66,1941-02-14T23:15:00+00:00,Imported Channel 1,1480,ft^3/s,134,ft,674,ft^2,2.20,ft/s,,,Unspecified,Unspecified,Unspecified,Unspecified,Unspecified,Unknown,BridgeCrane,2026-07-01T19:10:53.364778+00:00,point_velocity,Unspecified
05556500,POINT (-89.4979611111111 41.3674027777778),ff1de09c-f8bd-4311-aaab-42812f1cc778,USGS-05556500,4e84c49c-b0b8-65ff-e053-0100007fe8c4,563,1985-07-24T06:00:00+00:00,Imported Channel 1,8.93,ft^3/s,24.0,ft,10.1,ft^2,0.88,ft/s,,,Unspecified,Unspecified,Unspecified,Unspecified,Unspecified,Unknown,Wading,2026-07-01T19:10:53.364778+00:00,point_velocity,Unspecified
05556500,POINT (-89.4979611111111 41.3674027777778),ff2f784e-c7f9-4f9b-b593-a8bdbf321fd3,USGS-05556500,4e84ec05-3575-7ce6-e053-0100007f3ee6,737,2009-01-20T20:06:00+00:00,Imported Channel 1,168,ft^3/s,95.0,ft,118,ft^2,1.43,ft/s,,ft,Unspecified,Unspecified,Unspecified,Unspecified,Unspecified,Unknown,Wading,2026-07-01T19:10:53.364778+00:00,adcp,Unspecified
05556500,POINT (-89.4979611111111 41.3674027777778),ff4f5719-0ced-436e-9c91-bbe300045e5f,USGS-05556500,4e84b4fb-cad3-5ce5-e053-0100007fa705,99,1944-02-18T22:40:00+00:00,Imported Channel 1,3.61,ft^3/s,9.20,ft,4.32,ft^2,0.84,ft/s,,,Unspecified,Unspecified,Unspecified,Unspecified,Unspecified,Unknown,Wading,2026-07-01T19:10:53.364778+00:00,point_velocity,Unspecified
05556500,POINT (-89.4979611111111 41.3674027777778),ffa293f1-fe30-4acc-bed8-bbdce211c5e3,USGS-05556500,4e84b3ae-211f-5bff-e053-0100007fa804,67,1941-02-24T22:55:00+00:00,Imported Channel 1,65.9,ft^3/s,29.0,ft,23.5,ft^2,2.80,ft/s,,,Unspecified,Unspecified,Unspecified,Unspecified,Unspecified,Unknown,Wading,2026-07-01T19:10:53.364778+00:00,point_velocity,Unspecified
05556500,POINT (-89.4979611111111 41.3674027777778),ffa6d28a-b5fb-424d-bc90-f9051905a06d,USGS-05556500,4e84b10f-92d6-5aa0-e053-0100007f84b8,250,1956-07-18T19:15:00+00:00,Imported Channel 1,45.6,ft^3/s,26.8,ft,38.4,ft^2,1.19,ft/s,,,Unspecified,Unspecified,Unspecified,Unspecified,Unspecified,Unknown,Wading,2026-07-01T19:10:53.364778+00:00,point_velocity,Unspecified
