site_id,geometry,id,monitoring_location_id,field_visit_id,measurement_number,time,channel_name,channel_flow,channel_flow_unit,channel_width,channel_width_unit,channel_area,channel_area_unit,channel_velocity,channel_velocity_unit,channel_location_distance,channel_location_distance_unit,channel_stability,channel_material,channel_evenness,horizontal_velocity_description,vertical_velocity_description,longitudinal_velocity_description,measurement_type,last_modified,channel_measurement_type,channel_location_direction
05550000,POINT (-88.2903333333333 42.1663055555556),010c5055-2976-47cc-940f-15b3d314782a,USGS-05550000,4e84a16d-f003-518c-e053-0100007fa7fd,551,2009-02-06T17:37:00+00:00,Imported Channel 1,1120,ft^3/s,160,ft,534,ft^2,2.10,ft/s,1320.00,ft,Firm,CobblesBoulders,Even,Even,Unspecified,Unknown,MannedMovingBoat,2026-06-26T19:00:34.192866+00:00,adcp,Downstream
05550000,POINT (-88.2903333333333 42.1663055555556),01ad0735-f0bd-4fae-acee-800ff75f8d98,USGS-05550000,4e848b3d-0b62-43e4-e053-0100007f138c,254,1963-11-14T06:00:00+00:00,Imported Channel 1,270,ft^3/s,,,,,,,,ft,Unspecified,Unspecified,Unspecified,Unspecified,Unspecified,Unknown,Unspecified,2026-06-26T19:00:34.192866+00:00,other_method,Unspecified
05550000,POINT (-88.2903333333333 42.1663055555556),01b8de65-ef16-4fce-a247-8e7e3f36d8ff,USGS-05550000,4e849440-fa3c-4938-e053-0100007ff3e3,359,1978-01-03T06:00:00+00:00,Imported Channel 1,732,ft^3/s,,,,,,,,ft,Unspecified,Unspecified,Unspecified,Unspecified,Unspecified,Unknown,Unspecified,2026-06-26T19:00:34.192866+00:00,other_method,Unspecified
05550000,POINT (-88.2903333333333 42.1663055555556),01ca61de-9bfa-467c-a10e-c1d751fee9de,USGS-05550000,4e849213-1b93-4817-e053-0100007fa808,265,1964-12-09T06:00:00+00:00,Imported Channel 1,463,ft^3/s,,,,,,,,ft,Unspecified,Unspecified,Unspecified,Unspecified,Unspecified,Unknown,Unspecified,2026-06-26T19:00:34.192866+00:00,other_method,Unspecified
05550000,POINT (-88.2903333333333 42.1663055555556),01def327-b051-4db8-8155-0fbfa55fadfd,USGS-05550000,4e84a33b-6de2-52e5-e053-0100007f6a68,526,2004-09-14T16:10:00+00:00,Imported Channel 1,301,ft^3/s,170,ft,223,ft^2,1.40,ft/s,,,Unspecified,Unspecified,Unspecified,Unspecified,Unspecified,Unknown,Wading,2026-06-26T19:00:34.192866+00:00,point_velocity,Unspecified
05550000,POINT (-88.2903333333333 42.1663055555556),032a214e-03cd-435f-be28-d5777ebcf49c,USGS-05550000,4e848767-470b-41b8-e053-0100007f2703,255,1963-12-04T06:00:00+00:00,Imported Channel 1,410,ft^3/s,,,,,,,,ft,Unspecified,Unspecified,Unspecified,Unspecified,Unspecified,Unknown,Unspecified,2026-06-26T19:00:34.192866+00:00,other_method,Unspecified
05550000,POINT (-88.2903333333333 42.1663055555556),05fa38ff-3748-44ca-8ec5-36f6c4812308,USGS-05550000,4e84919a-b115-479d-e053-0100007f1a24,482,1999-01-21T14:40:00+00:00,Imported Channel 1,616,ft^3/s,198,ft,391,ft^2,1.58,ft/s,,,Unspecified,Unspecified,Unspecified,Unspecified,Unspecified,Unknown,Wading,2026-06-26T19:00:34.192866+00:00,point_velocity,Unspecified
05550000,POINT (-88.2903333333333 42.1663055555556),0638828b-d5f9-42c2-ab82-2a1c60686f4e,USGS-05550000,4e849673-d0d7-4a1e-e053-0100007f3ddc,513A,2003-04-04T06:00:00+00:00,Imported Channel 1,744,ft^3/s,291,ft,1590,ft^2,,ft/s,50.00,ft,Unspecified,Unspecified,Unspecified,Unspecified,Unspecified,Unknown,MannedMovingBoat,2026-06-26T19:00:34.192866+00:00,adcp,Upstream
05550000,POINT (-88.2903333333333 42.1663055555556),06511282-f51d-4884-aec4-8df676966617,USGS-05550000,4e84a0ee-3b3f-5166-e053-0100007f0549,553,2009-05-27T21:19:30+00:00,Imported Channel 1,1610,ft^3/s,291,ft,1610,ft^2,1.00,ft/s,60.00,ft,Unspecified,Unspecified,Unspecified,Unspecified,Unspecified,Unknown,MannedMovingBoat,2026-06-26T19:00:34.192866+00:00,adcp,Downstream
05550000,POINT (-88.2903333333333 42.1663055555556),07ae32e2-b581-49c0-9d21-4da85427b6af,USGS-05550000,4e848b15-bf5d-4398-e053-0100007f9831,341,1976-01-06T06:00:00+00:00,Imported Channel 1,497,ft^3/s,,,,,,,,ft,Unspecified,Unspecified,Unspecified,Unspecified,Unspecified,Unknown,Unspecified,2026-06-26T19:00:34.192866+00:00,other_method,Unspecified
05550000,POINT (-88.2903333333333 42.1663055555556),07ffdfd3-eb62-4663-8f8b-25e35e5d9e2e,USGS-05550000,4e849de9-5bc0-4e9f-e053-0100007f6fa0,485,1999-08-03T13:20:00+00:00,Imported Channel 1,554,ft^3/s,167,ft,161,ft^2,3.44,ft/s,,,Unspecified,Unspecified,Unspecified,Unspecified,Unspecified,Unknown,Wading,2026-06-26T19:00:34.192866+00:00,point_velocity,Unspecified
05550000,POINT (-88.2903333333333 42.1663055555556),084226c9-95a2-418c-bc82-7f70a9f3db48,USGS-05550000,4e848dc6-7341-450b-e053-0100007fac69,410,1988-06-17T16:05:00+00:00,Imported Channel 1,190,ft^3/s,85.0,ft,87.4,ft^2,2.17,ft/s,,,Unspecified,Unspecified,Unspecified,Unspecified,Unspecified,Unknown,Wading,2026-06-26T19:00:34.192866+00:00,point_velocity,Unspecified
05550000,POINT (-88.2903333333333 42.1663055555556),0a28c5e5-15bb-4f49-abfe-e5800d792f33,USGS-05550000,4e849440-fa3d-4938-e053-0100007ff3e3,360,1978-02-16T06:00:00+00:00,Imported Channel 1,348,ft^3/s,,,,,,,,ft,Unspecified,Unspecified,Unspecified,Unspecified,Unspecified,Unknown,Unspecified,2026-06-26T19:00:34.192866+00:00,other_method,Unspecified
05550000,POINT (-88.2903333333333 42.1663055555556),0becd913-8b6d-4f54-99a1-21d957a0f613,USGS-05550000,4e8497ed-acbb-4c03-e053-0100007f9f55,504,2002-01-29T14:15:00+00:00,Imported Channel 1,618,ft^3/s,303,ft,1910,ft^2,0.32,ft/s,,,Unspecified,Unspecified,Unspecified,Unspecified,Unspecified,Unknown,BridgeCrane,2026-06-26T19:00:34.192866+00:00,point_velocity,Unspecified
05550000,POINT (-88.2903333333333 42.1663055555556),0cd6a8d4-2f79-46fe-8074-564a89423122,USGS-05550000,4e84aab4-9b1d-56cf-e053-0100007f10e8,498,2001-06-13T16:15:00+00:00,Imported Channel 1,2240,ft^3/s,312,ft,2180,ft^2,1.03,ft/s,,,Unspecified,Unspecified,Unspecified,Unspecified,Unspecified,Unknown,BridgeCrane,2026-06-26T19:00:34.192866+00:00,point_velocity,Unspecified
05550000,POINT (-88.2903333333333 42.1663055555556),0e109834-c5d8-45b0-af43-f1aebd0f90c5,USGS-05550000,4e84ac5a-84cb-57cb-e053-0100007fec62,510,2002-11-07T20:05:00+00:00,Imported Channel 1,381,ft^3/s,139,ft,149,ft^2,2.63,ft/s,,,Unspecified,Unspecified,Unspecified,Unspecified,Unspecified,Unknown,Wading,2026-06-26T19:00:34.192866+00:00,point_velocity,Unspecified
05550000,POINT (-88.2903333333333 42.1663055555556),0e60cea9-0998-4600-8793-6055be60855a,USGS-05550000,4e847fcc-8cc4-3d92-e053-0100007f3805,356,1977-08-22T06:00:00+00:00,Imported Channel 1,219,ft^3/s,,,,,,,,ft,Unspecified,Unspecified,Unspecified,Unspecified,Unspecified,Unknown,Unspecified,2026-06-26T19:00:34.192866+00:00,other_method,Unspecified
05550000,POINT (-88.2903333333333 42.1663055555556),0f50698f-013e-4cee-9714-68d20bbd8d3e,USGS-05550000,4e8492e5-1f0c-4843-e053-0100007f1574,314,1972-01-03T06:00:00+00:00,Imported Channel 1,1350,ft^3/s,,,,,,,,ft,Unspecified,Unspecified,Unspecified,Unspecified,Unspecified,Unknown,Unspecified,2026-06-26T19:00:34.192866+00:00,other_method,Unspecified
05550000,POINT (-88.2903333333333 42.1663055555556),11c1f6e6-4a5c-4a1d-9b44-ce15bc68edd2,USGS-05550000,4e849ff5-f55e-5107-e053-0100007f252a,446,1993-03-01T19:00:00+00:00,Imported Channel 1,784,ft^3/s,187,ft,217,ft^2,3.61,ft/s,,,Unspecified,Unspecified,Unspecified,Unspecified,Unspecified,Unknown,BridgeCrane,2026-06-26T19:00:34.192866+00:00,point_velocity,Unspecified
05550000,POINT (-88.2903333333333 42.1663055555556),11e84249-1058-4c57-a88c-af42377e6f93,USGS-05550000,4e8497b8-2bb2-4bd7-e053-0100007f2092,284,1967-08-01T06:00:00+00:00,Imported Channel 1,598,ft^3/s,,,,,,,,ft,Unspecified,Unspecified,Unspecified,Unspecified,Unspecified,Unknown,Unspecified,2026-06-26T19:00:34.192866+00:00,other_method,Unspecified
05550000,POINT (-88.2903333333333 42.1663055555556),1212c8d6-2144-430b-8a38-2559933ca543,USGS-05550000,4e849dfe-6905-4e5f-e053-0100007f345b,505,2002-03-26T14:40:00+00:00,Imported Channel 1,1180,ft^3/s,303,ft,2000,ft^2,0.59,ft/s,,,Unspecified,Unspecified,Unspecified,Unspecified,Unspecified,Unknown,BridgeCrane,2026-06-26T19:00:34.192866+00:00,point_velocity,Unspecified
05550000,POINT (-88.2903333333333 42.1663055555556),123abdaa-7b8e-4b20-95bf-31ce89a268ca,USGS-05550000,4e849452-63b4-4849-e053-0100007f1bdb,323,1973-04-23T06:00:00+00:00,Imported Channel 1,4650,ft^3/s,,,,,,,,ft,Unspecified,Unspecified,Unspecified,Unspecified,Unspecified,Unknown,Unspecified,2026-06-26T19:00:34.192866+00:00,other_method,Unspecified
05550000,POINT (-88.2903333333333 42.1663055555556),124349c8-1ba1-4629-973f-9a9c963dd08f,USGS-05550000,4e849cf6-f48a-4eef-e053-0100007f2a93,382,1982-02-18T06:00:00+00:00,Imported Channel 1,454,ft^3/s,151,ft,194,ft^2,2.34,ft/s,,,Unspecified,Unspecified,Unspecified,Unspecified,Unspecified,Unknown,Wading,2026-06-26T19:00:34.192866+00:00,point_velocity,Unspecified
05550000,POINT (-88.2903333333333 42.1663055555556),12682f39-35a2-4404-bb39-0c2b9a5a4912,USGS-05550000,4e848ba6-7e0a-4436-e053-0100007fb7ab,370,1979-09-10T06:00:00+00:00,Imported Channel 1,718,ft^3/s,,,,,,,,ft,Unspecified,Unspecified,Unspecified,Unspecified,Unspecified,Unknown,Unspecified,2026-06-26T19:00:34.192866+00:00,other_method,Unspecified
05550000,POINT (-88.2903333333333 42.1663055555556),1288e19f-e68f-49e2-abe9-bd8b5fb067b1,USGS-05550000,4e8482df-2d45-3f0e-e053-0100007fcfd2,334,1974-10-09T06:00:00+00:00,Imported Channel 1,490,ft^3/s,,,,,,,,ft,Unspecified,Unspecified,Unspecified,Unspecified,Unspecified,Unknown,Unspecified,2026-06-26T19:00:34.192866+00:00,other_method,Unspecified
05550000,POINT (-88.2903333333333 42.1663055555556),146c7d56-3be7-4491-86b1-3acfd9b5773d,USGS-05550000,4e849ca8-af51-4e3d-e053-0100007f3359,400,1986-09-11T06:00:00+00:00,Imported Channel 1,698,ft^3/s,122,ft,220,ft^2,3.17,ft/s,,,Unspecified,Unspecified,Unspecified,Unspecified,Unspecified,Unknown,Wading,2026-06-26T19:00:34.192866+00:00,point_velocity,Unspecified
05550000,POINT (-88.2903333333333 42.1663055555556),162d237c-fcbb-4148-92a1-e69851faec6c,USGS-05550000,4e849890-b91a-4c53-e053-0100007f150b,434,1991-03-08T14:05:00+00:00,Imported Channel 1,1750,ft^3/s,304,ft,2080,ft^2,0.84,ft/s,,,Unspecified,Unspecified,Unspecified,Unspecified,Unspecified,Unknown,BridgeCrane,2026-06-26T19:00:34.192866+00:00,point_velocity,Unspecified
05550000,POINT (-88.2903333333333 42.1663055555556),162f05fd-aa60-4322-99fd-d45fbaebf06d,USGS-05550000,4e847fcc-8cc1-3d92-e053-0100007f3805,332,1974-07-11T06:00:00+00:00,Imported Channel 1,959,ft^3/s,,,,,,,,ft,Unspecified,Unspecified,Unspecified,Unspecified,Unspecified,Unknown,Unspecified,2026-06-26T19:00:34.192866+00:00,other_method,Unspecified
05550000,POINT (-88.2903333333333 42.1663055555556),167f88cb-a25f-4e43-b3ac-cdf13432086c,USGS-05550000,4e84af73-ff63-59b4-e053-0100007fec03,532,2006-03-17T18:10:00+00:00,Imported Channel 1,3320,ft^3/s,300,ft,1690,ft^2,1.97,ft/s,,ft,Unspecified,Unspecified,Unspecified,Unspecified,Unspecified,Unknown,Unspecified,2026-06-26T19:00:34.192866+00:00,adcp,Unspecified
05550000,POINT (-88.2903333333333 42.1663055555556),16a5d494-7f6e-4cb3-a6ff-08e4ee79de81,USGS-05550000,4e849663-cd90-4aa6-e053-0100007f7e52,316,1972-03-20T06:00:00+00:00,Imported Channel 1,1820,ft^3/s,,,,,,,,ft,Unspecified,Unspecified,Unspecified,Unspecified,Unspecified,Unknown,Unspecified,2026-06-26T19:00:34.192866+00:00,other_method,Unspecified
05550000,POINT (-88.2903333333333 42.1663055555556),17282f4d-7b5a-43cc-a18d-4517ee3aff2e,USGS-05550000,4e8487d8-9df0-41be-e053-0100007f62a4,353,1977-05-24T06:00:00+00:00,Imported Channel 1,370,ft^3/s,,,,,,,,ft,Unspecified,Unspecified,Unspecified,Unspecified,Unspecified,Unknown,Unspecified,2026-06-26T19:00:34.192866+00:00,other_method,Unspecified
05550000,POINT (-88.2903333333333 42.1663055555556),17f575fb-b510-4d16-a02a-6873fb6033cf,USGS-05550000,4e847fcc-8cbf-3d92-e053-0100007f3805,328,1973-12-17T06:00:00+00:00,Imported Channel 1,1790,ft^3/s,,,,,,,,ft,Unspecified,Unspecified,Unspecified,Unspecified,Unspecified,Unknown,Unspecified,2026-06-26T19:00:34.192866+00:00,other_method,Unspecified
05550000,POINT (-88.2903333333333 42.1663055555556),186bd6a0-d51c-4837-8326-98bbc32112a9,USGS-05550000,4e848767-4724-41b8-e053-0100007f2703,342,1976-03-06T06:00:00+00:00,Imported Channel 1,3320,ft^3/s,,,,,,,,ft,Unspecified,Unspecified,Unspecified,Unspecified,Unspecified,Unknown,Unspecified,2026-06-26T19:00:34.192866+00:00,other_method,Unspecified
05550000,POINT (-88.2903333333333 42.1663055555556),19796ef8-222b-41a1-8096-f397c588ab7d,USGS-05550000,4e84945f-23e7-4970-e053-0100007f98b0,428,1990-06-26T20:30:00+00:00,Imported Channel 1,1150,ft^3/s,304,ft,1920,ft^2,0.60,ft/s,,,Unspecified,Unspecified,Unspecified,Unspecified,Unspecified,Unknown,BridgeCrane,2026-06-26T19:00:34.192866+00:00,point_velocity,Unspecified
05550000,POINT (-88.2903333333333 42.1663055555556),1a267312-cd13-4db9-be94-d863afe3cb0d,USGS-05550000,4e84943a-d767-4910-e053-0100007fd091,493,2000-09-06T13:15:00+00:00,Imported Channel 1,453,ft^3/s,176,ft,212,ft^2,2.14,ft/s,,,Unspecified,Unspecified,Unspecified,Unspecified,Unspecified,Unknown,Wading,2026-06-26T19:00:34.192866+00:00,point_velocity,Unspecified
05550000,POINT (-88.2903333333333 42.1663055555556),1bf5cae9-f326-4980-89bc-26ebf6e6db88,USGS-05550000,4e849440-fa36-4938-e053-0100007ff3e3,351,1977-04-13T06:00:00+00:00,Imported Channel 1,531,ft^3/s,,,,,,,,ft,Unspecified,Unspecified,Unspecified,Unspecified,Unspecified,Unknown,Unspecified,2026-06-26T19:00:34.192866+00:00,other_method,Unspecified
05550000,POINT (-88.2903333333333 42.1663055555556),1c2a0d70-44e7-4968-94e9-a7d9d8403256,USGS-05550000,4e848013-14f1-3d78-e053-0100007fbb82,349,1977-01-25T06:00:00+00:00,Imported Channel 1,215,ft^3/s,,,,,,,,ft,Unspecified,Unspecified,Unspecified,Unspecified,Unspecified,Unknown,Unspecified,2026-06-26T19:00:34.192866+00:00,other_method,Unspecified
05550000,POINT (-88.2903333333333 42.1663055555556),1c867ff3-1572-4af2-a7bb-7195cf0a3a9e,USGS-05550000,4e849830-fd28-4c4d-e053-0100007fe4a5,279,1966-12-06T06:00:00+00:00,Imported Channel 1,817,ft^3/s,,,,,,,,ft,Unspecified,Unspecified,Unspecified,Unspecified,Unspecified,Unknown,Unspecified,2026-06-26T19:00:34.192866+00:00,other_method,Unspecified
05550000,POINT (-88.2903333333333 42.1663055555556),1d7474de-47e5-4735-bc05-3fe77ef23949,USGS-05550000,4e84a78b-6442-54e8-e053-0100007f9248,492,2000-07-24T16:58:00+00:00,Imported Channel 1,901,ft^3/s,300,ft,1860,ft^2,0.48,ft/s,,,Unspecified,Unspecified,Unspecified,Unspecified,Unspecified,Unknown,BridgeCrane,2026-06-26T19:00:34.192866+00:00,point_velocity,Unspecified
05550000,POINT (-88.2903333333333 42.1663055555556),1e539808-1463-42ca-8986-d5a077b44281,USGS-05550000,4e848846-ced2-428e-e053-0100007fdef9,274,1966-04-08T06:00:00+00:00,Imported Channel 1,1480,ft^3/s,,,,,,,,ft,Unspecified,Unspecified,Unspecified,Unspecified,Unspecified,Unknown,Unspecified,2026-06-26T19:00:34.192866+00:00,other_method,Unspecified
05550000,POINT (-88.2903333333333 42.1663055555556),1fadeb77-3b37-44da-abf1-4ff0ceadf20a,USGS-05550000,4e84910e-7fc2-4791-e053-0100007f7d7d,401,1986-10-01T06:00:00+00:00,Imported Channel 1,5920,ft^3/s,285,ft,2040,ft^2,2.90,ft/s,,,Unspecified,Unspecified,Unspecified,Unspecified,Unspecified,Unknown,BridgeCrane,2026-06-26T19:00:34.192866+00:00,point_velocity,Unspecified
05550000,POINT (-88.2903333333333 42.1663055555556),2073790f-7ea8-4593-a500-1bacbb484a48,USGS-05550000,4e84943a-d74e-4910-e053-0100007fd091,324,1973-04-30T06:00:00+00:00,Imported Channel 1,5600,ft^3/s,,,,,,,,ft,Unspecified,Unspecified,Unspecified,Unspecified,Unspecified,Unknown,Unspecified,2026-06-26T19:00:34.192866+00:00,other_method,Unspecified
05550000,POINT (-88.2903333333333 42.1663055555556),20775262-cbe9-4596-9c15-d4f6a33b57a9,USGS-05550000,4e848b1b-95d0-43a8-e053-0100007f2399,270,1965-08-09T06:00:00+00:00,Imported Channel 1,439,ft^3/s,,,,,,,,ft,Unspecified,Unspecified,Unspecified,Unspecified,Unspecified,Unknown,Unspecified,2026-06-26T19:00:34.192866+00:00,other_method,Unspecified
05550000,POINT (-88.2903333333333 42.1663055555556),2199b6fa-48a8-4fbb-bcf5-500ed1c3f7aa,USGS-05550000,4e848b7f-7a6d-432a-e053-0100007f8dad,511A,2002-11-19T06:00:00+00:00,Imported Channel 1,868,ft^3/s,258,ft,1230,ft^2,0.71,ft/s,100.00,ft,Unspecified,Unspecified,Unspecified,Unspecified,Unspecified,Unknown,MannedMovingBoat,2026-06-26T19:00:34.192866+00:00,adcp,Downstream
05550000,POINT (-88.2903333333333 42.1663055555556),22708ad6-9569-45be-ac3d-f3bec8952126,USGS-05550000,4e84a123-d447-5109-e053-0100007ff77d,524,2004-05-24T18:34:00+00:00,Imported Channel 1,5580,ft^3/s,297,ft,2070,ft^2,2.70,ft/s,,ft,Unspecified,Unspecified,Unspecified,Unspecified,Unspecified,Unknown,Unspecified,2026-06-26T19:00:34.192866+00:00,adcp,Unspecified
05550000,POINT (-88.2903333333333 42.1663055555556),22e56837-ad0c-4588-b26a-147211466340,USGS-05550000,4e849e8c-6e26-4ea5-e053-0100007fa512,535,2006-07-28T14:30:00+00:00,Imported Channel 1,368,ft^3/s,165,ft,218,ft^2,1.78,ft/s,,,Unspecified,Unspecified,Unspecified,Unspecified,Unspecified,Unknown,Wading,2026-06-26T19:00:34.192866+00:00,point_velocity,Unspecified
05550000,POINT (-88.2903333333333 42.1663055555556),23066985-bbb1-431c-83bb-b8fb600ed735,USGS-05550000,4e847fcc-8cc0-3d92-e053-0100007f3805,330,1974-03-11T06:00:00+00:00,Imported Channel 1,5400,ft^3/s,,,,,,,,ft,Unspecified,Unspecified,Unspecified,Unspecified,Unspecified,Unknown,Unspecified,2026-06-26T19:00:34.192866+00:00,other_method,Unspecified
05550000,POINT (-88.2903333333333 42.1663055555556),23ab4cf4-22ec-4215-8b22-4b3e30f31a2d,USGS-05550000,4e848005-976d-3d9e-e053-0100007f39a2,266,1965-01-05T06:00:00+00:00,Imported Channel 1,574,ft^3/s,,,,,,,,ft,Unspecified,Unspecified,Unspecified,Unspecified,Unspecified,Unknown,Unspecified,2026-06-26T19:00:34.192866+00:00,other_method,Unspecified
05550000,POINT (-88.2903333333333 42.1663055555556),2490cd77-739f-4699-b0b7-a35944381799,USGS-05550000,4e848013-14f8-3d78-e053-0100007fbb82,411,1988-07-13T17:40:00+00:00,Imported Channel 1,62.6,ft^3/s,80.0,ft,58.1,ft^2,1.08,ft/s,,,Unspecified,Unspecified,Unspecified,Unspecified,Unspecified,Unknown,Wading,2026-06-26T19:00:34.192866+00:00,point_velocity,Unspecified
05550000,POINT (-88.2903333333333 42.1663055555556),24bd5eb4-4b0a-4bee-be45-799ea84f44b1,USGS-05550000,4e84920e-5079-47ca-e053-0100007feba0,307,1971-03-03T06:00:00+00:00,Imported Channel 1,3680,ft^3/s,,,,,,,,ft,Unspecified,Unspecified,Unspecified,Unspecified,Unspecified,Unknown,Unspecified,2026-06-26T19:00:34.192866+00:00,other_method,Unspecified
05550000,POINT (-88.2903333333333 42.1663055555556),264fbbe9-23ae-47f5-8ee6-c7a1d276c060,USGS-05550000,4e84883b-e1a6-4290-e053-0100007f2b0d,275,1966-06-03T06:00:00+00:00,Imported Channel 1,117,ft^3/s,,,,,,,,ft,Unspecified,Unspecified,Unspecified,Unspecified,Unspecified,Unknown,Unspecified,2026-06-26T19:00:34.192866+00:00,other_method,Unspecified
05550000,POINT (-88.2903333333333 42.1663055555556),271caa39-948b-4053-83b6-a84f2e2c1ce7,USGS-05550000,4e8479b7-d7be-390c-e053-0100007f8c09,278,1966-10-07T06:00:00+00:00,Imported Channel 1,72.9,ft^3/s,,,,,,,,ft,Unspecified,Unspecified,Unspecified,Unspecified,Unspecified,Unknown,Unspecified,2026-06-26T19:00:34.192866+00:00,other_method,Unspecified
05550000,POINT (-88.2903333333333 42.1663055555556),27c50b38-ac36-4e19-9683-2d4a3b891754,USGS-05550000,4e84a22f-3eb7-51e2-e053-0100007fb2e0,425,1990-02-21T13:35:00+00:00,Imported Channel 1,926,ft^3/s,303,ft,1570,ft^2,0.59,ft/s,,,Unspecified,Unspecified,Unspecified,Unspecified,Unspecified,Unknown,BridgeCrane,2026-06-26T19:00:34.192866+00:00,point_velocity,Unspecified
05550000,POINT (-88.2903333333333 42.1663055555556),27eb1dd3-6eda-4faa-ac50-377cbb0a2982,USGS-05550000,4e849f8a-7ac8-4e3b-e053-0100007f8d2e,502,2001-10-10T13:20:00+00:00,Imported Channel 1,426,ft^3/s,178,ft,232,ft^2,1.84,ft/s,,,Unspecified,Unspecified,Unspecified,Unspecified,Unspecified,Unknown,Wading,2026-06-26T19:00:34.192866+00:00,point_velocity,Unspecified
05550000,POINT (-88.2903333333333 42.1663055555556),282a2077-9e08-4b92-b4ab-15078c69a781,USGS-05550000,4e84970d-7455-4b14-e053-0100007f41c2,439,1991-12-04T16:20:00+00:00,Imported Channel 1,1390,ft^3/s,288,ft,1460,ft^2,0.95,ft/s,,,Unspecified,Unspecified,Unspecified,Unspecified,Unspecified,Unknown,BridgeCrane,2026-06-26T19:00:34.192866+00:00,point_velocity,Unspecified
05550000,POINT (-88.2903333333333 42.1663055555556),29027dd5-7c65-4fa8-a334-6dd4f07ff37b,USGS-05550000,4e848682-7510-4160-e053-0100007f3769,344,1976-06-23T06:00:00+00:00,Imported Channel 1,762,ft^3/s,,,,,,,,ft,Unspecified,Unspecified,Unspecified,Unspecified,Unspecified,Unknown,Unspecified,2026-06-26T19:00:34.192866+00:00,other_method,Unspecified
05550000,POINT (-88.2903333333333 42.1663055555556),2a9fb1af-f784-46f6-984d-61ffa5ee7df1,USGS-05550000,4e84910e-7fbf-4791-e053-0100007f7d7d,384,1982-07-28T06:00:00+00:00,Imported Channel 1,2300,ft^3/s,288,ft,1690,ft^2,1.36,ft/s,,,Unspecified,Unspecified,Unspecified,Unspecified,Unspecified,Unknown,BridgeCrane,2026-06-26T19:00:34.192866+00:00,point_velocity,Unspecified
05550000,POINT (-88.2903333333333 42.1663055555556),2af25507-44b9-4d3b-9078-b9dc89a3b3e2,USGS-05550000,4e8486af-afb5-4196-e053-0100007fa3f3,272,1965-12-02T06:00:00+00:00,Imported Channel 1,943,ft^3/s,,,,,,,,ft,Unspecified,Unspecified,Unspecified,Unspecified,Unspecified,Unknown,Unspecified,2026-06-26T19:00:34.192866+00:00,other_method,Unspecified
05550000,POINT (-88.2903333333333 42.1663055555556),2b6bb05c-bbfc-4c80-834d-d8fb31bdeed1,USGS-05550000,4e849830-fd49-4c4d-e053-0100007fe4a5,436,1991-07-10T17:25:00+00:00,Imported Channel 1,288,ft^3/s,107,ft,119,ft^2,2.42,ft/s,,,Unspecified,Unspecified,Unspecified,Unspecified,Unspecified,Unknown,Wading,2026-06-26T19:00:34.192866+00:00,point_velocity,Unspecified
05550000,POINT (-88.2903333333333 42.1663055555556),2b6fb99b-472a-4c89-871e-8b687e71c1c3,USGS-05550000,4e848682-750f-4160-e053-0100007f3769,343,1976-04-02T06:00:00+00:00,Imported Channel 1,2500,ft^3/s,,,,,,,,ft,Unspecified,Unspecified,Unspecified,Unspecified,Unspecified,Unknown,Unspecified,2026-06-26T19:00:34.192866+00:00,other_method,Unspecified
05550000,POINT (-88.2903333333333 42.1663055555556),2e890c9b-cf4c-46f5-8845-3e6e6eacd0d7,USGS-05550000,4e848a27-a985-4370-e053-0100007f6c3a,321,1973-02-12T06:00:00+00:00,Imported Channel 1,1650,ft^3/s,,,,,,,,ft,Unspecified,Unspecified,Unspecified,Unspecified,Unspecified,Unknown,Unspecified,2026-06-26T19:00:34.192866+00:00,other_method,Unspecified
05550000,POINT (-88.2903333333333 42.1663055555556),2fa46480-4ff8-40ce-85c0-893f1c213be4,USGS-05550000,4e8494b6-cfeb-48e9-e053-0100007fbe3c,547,2008-06-11T15:48:00+00:00,Imported Channel 1,4560,ft^3/s,295,ft,1830,ft^2,2.50,ft/s,,ft,Unspecified,Unspecified,Unspecified,Unspecified,Unspecified,Unknown,Unspecified,2026-06-26T19:00:34.192866+00:00,adcp,Unspecified
05550000,POINT (-88.2903333333333 42.1663055555556),3156479a-2903-4997-a02c-54a2886cd334,USGS-05550000,4e849bea-6242-4e1b-e053-0100007ffecc,398,1986-01-10T06:00:00+00:00,Imported Channel 1,726,ft^3/s,160,ft,249,ft^2,2.92,ft/s,,,Unspecified,Unspecified,Unspecified,Unspecified,Unspecified,Unknown,Wading,2026-06-26T19:00:34.192866+00:00,point_velocity,Unspecified
05550000,POINT (-88.2903333333333 42.1663055555556),32230263-de16-4dba-a817-0151d71cf6c1,USGS-05550000,4e84828c-fae9-3f32-e053-0100007fa0fd,448,1993-04-20T15:30:00+00:00,Imported Channel 1,5590,ft^3/s,306,ft,2460,ft^2,2.27,ft/s,,,Unspecified,Unspecified,Unspecified,Unspecified,Unspecified,Unknown,BridgeCrane,2026-06-26T19:00:34.192866+00:00,point_velocity,Unspecified
05550000,POINT (-88.2903333333333 42.1663055555556),331c179d-9ffa-4ab8-b6c0-bc16cacb2545,USGS-05550000,4e84ad6c-3db0-5894-e053-0100007f1394,544,2008-02-22T18:32:00+00:00,Imported Channel 1,1980,ft^3/s,307,ft,1670,ft^2,1.19,ft/s,,ft,Unspecified,Unspecified,Unspecified,Unspecified,Unspecified,Unknown,Unspecified,2026-06-26T19:00:34.192866+00:00,adcp,Unspecified
05550000,POINT (-88.2903333333333 42.1663055555556),34fffed5-5c6e-44f0-b068-e4e04736a0e2,USGS-05550000,4e848a31-f30f-4344-e053-0100007fa331,397,1985-10-07T06:00:00+00:00,Imported Channel 1,383,ft^3/s,101,ft,115,ft^2,3.34,ft/s,,,Unspecified,Unspecified,Unspecified,Unspecified,Unspecified,Unknown,Wading,2026-06-26T19:00:34.192866+00:00,point_velocity,Unspecified
05550000,POINT (-88.2903333333333 42.1663055555556),3653b5ea-ec54-412f-858c-38bf7db1ed9c,USGS-05550000,4e848767-4713-41b8-e053-0100007f2703,290,1968-08-12T06:00:00+00:00,Imported Channel 1,457,ft^3/s,,,,,,,,ft,Unspecified,Unspecified,Unspecified,Unspecified,Unspecified,Unknown,Unspecified,2026-06-26T19:00:34.192866+00:00,other_method,Unspecified
05550000,POINT (-88.2903333333333 42.1663055555556),390ea805-d1ed-41d9-8735-ef25227ac0b2,USGS-05550000,4e8480df-c4f4-3d7c-e053-0100007fab60,413,1988-08-25T17:20:00+00:00,Imported Channel 1,147,ft^3/s,85.0,ft,81.3,ft^2,1.81,ft/s,,,Unspecified,Unspecified,Unspecified,Unspecified,Unspecified,Unknown,Wading,2026-06-26T19:00:34.192866+00:00,point_velocity,Unspecified
05550000,POINT (-88.2903333333333 42.1663055555556),3aac5666-4daf-45a9-8394-dba815462432,USGS-05550000,4e849f8f-ae20-4e9d-e053-0100007f8314,451,1993-12-09T17:30:00+00:00,Imported Channel 1,821,ft^3/s,308,ft,1930,ft^2,0.43,ft/s,,,Unspecified,Unspecified,Unspecified,Unspecified,Unspecified,Unknown,BridgeCrane,2026-06-26T19:00:34.192866+00:00,point_velocity,Unspecified
05550000,POINT (-88.2903333333333 42.1663055555556),3abe3c1c-bb1c-4a61-bfb8-4a3efbdb6fba,USGS-05550000,4e849686-f586-4a76-e053-0100007f1a8f,296,1969-06-09T06:00:00+00:00,Imported Channel 1,1800,ft^3/s,,,,,,,,ft,Unspecified,Unspecified,Unspecified,Unspecified,Unspecified,Unknown,Unspecified,2026-06-26T19:00:34.192866+00:00,other_method,Unspecified
05550000,POINT (-88.2903333333333 42.1663055555556),3ad79aa7-1e2e-42fc-b019-d209f2129c00,USGS-05550000,4e8497b8-2bc2-4bd7-e053-0100007f2092,423,1989-11-28T14:00:00+00:00,Imported Channel 1,616,ft^3/s,315,ft,1880,ft^2,0.33,ft/s,,,Unspecified,Unspecified,Unspecified,Unspecified,Unspecified,Unknown,BridgeCrane,2026-06-26T19:00:34.192866+00:00,point_velocity,Unspecified
05550000,POINT (-88.2903333333333 42.1663055555556),3c3b2ebf-51da-4eb2-b6e3-a293c87166a0,USGS-05550000,4e84842c-b26a-3f7a-e053-0100007fe39b,309,1971-06-25T06:00:00+00:00,Imported Channel 1,478,ft^3/s,,,,,,,,ft,Unspecified,Unspecified,Unspecified,Unspecified,Unspecified,Unknown,Unspecified,2026-06-26T19:00:34.192866+00:00,other_method,Unspecified
05550000,POINT (-88.2903333333333 42.1663055555556),3efbe25a-8508-4159-bf7f-c2ea8028eb2f,USGS-05550000,4e849472-7ea9-490a-e053-0100007fb1c0,376,1980-11-04T06:00:00+00:00,Imported Channel 1,566,ft^3/s,153,ft,235,ft^2,2.45,ft/s,,,Unspecified,Unspecified,Unspecified,Unspecified,Unspecified,Unknown,Wading,2026-06-26T19:00:34.192866+00:00,point_velocity,Unspecified
05550000,POINT (-88.2903333333333 42.1663055555556),3fdd08f3-f1ee-431f-b082-e1bc655a58c5,USGS-05550000,4e84828c-faef-3f32-e053-0100007fa0fd,466,1996-03-04T15:10:00+00:00,Imported Channel 1,846,ft^3/s,295,ft,1570,ft^2,0.56,ft/s,,,Unspecified,Unspecified,Unspecified,Unspecified,Unspecified,Unknown,BridgeCrane,2026-06-26T19:00:34.192866+00:00,point_velocity,Unspecified
05550000,POINT (-88.2903333333333 42.1663055555556),40c05377-6d27-4365-8cb9-304366a09a0e,USGS-05550000,4e849553-9772-4a1c-e053-0100007feb05,456,1994-07-28T20:20:00+00:00,Imported Channel 1,387,ft^3/s,219,ft,308,ft^2,1.26,ft/s,,,Unspecified,Unspecified,Unspecified,Unspecified,Unspecified,Unknown,Wading,2026-06-26T19:00:34.192866+00:00,point_velocity,Unspecified
05550000,POINT (-88.2903333333333 42.1663055555556),410818f9-755d-4d36-bf14-11bb18759ad5,USGS-05550000,4e849472-7ea2-490a-e053-0100007fb1c0,327,1973-10-15T06:00:00+00:00,Imported Channel 1,1530,ft^3/s,,,,,,,,ft,Unspecified,Unspecified,Unspecified,Unspecified,Unspecified,Unknown,Unspecified,2026-06-26T19:00:34.192866+00:00,other_method,Unspecified
05550000,POINT (-88.2903333333333 42.1663055555556),41247b65-86ce-4d01-be8f-677d207a374d,USGS-05550000,4e849e8c-6e15-4ea5-e053-0100007fa512,430,1990-09-17T20:30:00+00:00,Imported Channel 1,398,ft^3/s,103,ft,138,ft^2,2.96,ft/s,,,Unspecified,Unspecified,Unspecified,Unspecified,Unspecified,Unknown,Wading,2026-06-26T19:00:34.192866+00:00,point_velocity,Unspecified
05550000,POINT (-88.2903333333333 42.1663055555556),41b8adca-f50f-45fd-8aab-e39382da1b7a,USGS-05550000,4e84828c-faea-3f32-e053-0100007fa0fd,449,1993-04-26T18:15:00+00:00,Imported Channel 1,6210,ft^3/s,306,ft,2520,ft^2,2.46,ft/s,,,Unspecified,Unspecified,Unspecified,Unspecified,Unspecified,Unknown,BridgeCrane,2026-06-26T19:00:34.192866+00:00,point_velocity,Unspecified
05550000,POINT (-88.2903333333333 42.1663055555556),423408bf-e45b-48fa-933a-47a817a5a48c,USGS-05550000,4e84a30b-2efe-52eb-e053-0100007fe20b,479,1998-06-09T17:50:00+00:00,Imported Channel 1,507,ft^3/s,295,ft,1780,ft^2,0.28,ft/s,,,Unspecified,Unspecified,Unspecified,Unspecified,Unspecified,Unknown,BridgeCrane,2026-06-26T19:00:34.192866+00:00,point_velocity,Unspecified
05550000,POINT (-88.2903333333333 42.1663055555556),454f5669-8b8a-4310-889a-5035239b9ded,USGS-05550000,4e848adb-afad-439a-e053-0100007f9f3a,256,1964-01-09T06:00:00+00:00,Imported Channel 1,130,ft^3/s,,,,,,,,ft,Unspecified,Unspecified,Unspecified,Unspecified,Unspecified,Unknown,Unspecified,2026-06-26T19:00:34.192866+00:00,other_method,Unspecified
05550000,POINT (-88.2903333333333 42.1663055555556),45a4d644-036a-4685-ac4f-86eea7a4a51b,USGS-05550000,4e84829b-415e-3f7e-e053-0100007fac6b,252,1963-09-16T06:00:00+00:00,Imported Channel 1,127,ft^3/s,,,,,,,,ft,Unspecified,Unspecified,Unspecified,Unspecified,Unspecified,Unknown,Unspecified,2026-06-26T19:00:34.192866+00:00,other_method,Unspecified
05550000,POINT (-88.2903333333333 42.1663055555556),47499417-6720-44a7-bee5-a18f8d2198a0,USGS-05550000,4e84a30b-2efe-52eb-e053-0100007fe20b,478,1998-06-09T14:20:00+00:00,Imported Channel 1,520,ft^3/s,293,ft,1740,ft^2,0.30,ft/s,,,Unspecified,Unspecified,Unspecified,Unspecified,Unspecified,Unknown,BridgeCrane,2026-06-26T19:00:34.192866+00:00,point_velocity,Unspecified
05550000,POINT (-88.2903333333333 42.1663055555556),47c24d08-91ca-4a81-9067-993e4093d74b,USGS-05550000,4e84a695-27da-54aa-e053-0100007f6ad4,543,2008-01-11T16:15:00+00:00,Imported Channel 1,3010,ft^3/s,299,ft,1640,ft^2,1.84,ft/s,,ft,Unspecified,Unspecified,Unspecified,Unspecified,Unspecified,Unknown,Unspecified,2026-06-26T19:00:34.192866+00:00,adcp,Unspecified
05550000,POINT (-88.2903333333333 42.1663055555556),4971f1df-43d3-4dd1-85df-ba3c4201b725,USGS-05550000,4e849cf9-11a5-4ea7-e053-0100007f4505,429,1990-08-07T20:55:00+00:00,Imported Channel 1,456,ft^3/s,117,ft,14.9,ft^2,3.14,ft/s,,,Unspecified,Unspecified,Unspecified,Unspecified,Unspecified,Unknown,Wading,2026-06-26T19:00:34.192866+00:00,point_velocity,Unspecified
05550000,POINT (-88.2903333333333 42.1663055555556),4a11af39-2864-47dd-a406-b36a8f3d55e8,USGS-05550000,4e848a6f-ba05-43c2-e053-0100007f6551,338,1975-06-09T06:00:00+00:00,Imported Channel 1,1060,ft^3/s,,,,,,,,ft,Unspecified,Unspecified,Unspecified,Unspecified,Unspecified,Unknown,Unspecified,2026-06-26T19:00:34.192866+00:00,other_method,Unspecified
05550000,POINT (-88.2903333333333 42.1663055555556),4b24dc43-43bf-411c-a45a-250bae8c797b,USGS-05550000,4e848ecd-8e3b-450d-e053-0100007f1135,377,1981-01-28T06:00:00+00:00,Imported Channel 1,652,ft^3/s,147,ft,216,ft^2,3.02,ft/s,,,Unspecified,Unspecified,Unspecified,Unspecified,Unspecified,Unknown,Wading,2026-06-26T19:00:34.192866+00:00,point_velocity,Unspecified
05550000,POINT (-88.2903333333333 42.1663055555556),4bd9c9f8-b2ef-4b1e-b8f4-57bea59c2d23,USGS-05550000,4e84af73-ff63-59b4-e053-0100007fec03,533,2006-03-17T20:02:00+00:00,Imported Channel 1,3160,ft^3/s,305,ft,1790,ft^2,1.77,ft/s,,ft,Unspecified,Unspecified,Unspecified,Unspecified,Unspecified,Unknown,Unspecified,2026-06-26T19:00:34.192866+00:00,adcp,Unspecified
05550000,POINT (-88.2903333333333 42.1663055555556),4cb25264-9a1a-4b00-86a5-20c1dfe43d2e,USGS-05550000,4e849619-fbf9-4aa4-e053-0100007ff430,300,1970-02-10T06:00:00+00:00,Imported Channel 1,489,ft^3/s,,,,,,,,ft,Unspecified,Unspecified,Unspecified,Unspecified,Unspecified,Unknown,Unspecified,2026-06-26T19:00:34.192866+00:00,other_method,Unspecified
05550000,POINT (-88.2903333333333 42.1663055555556),4d74357d-cea8-4519-9b8f-8566c863094f,USGS-05550000,4e8497cc-9d51-4ba5-e053-0100007f1521,490,2000-04-26T14:55:00+00:00,Imported Channel 1,2880,ft^3/s,305,ft,2190,ft^2,1.32,ft/s,,,Unspecified,Unspecified,Unspecified,Unspecified,Unspecified,Unknown,Wading,2026-06-26T19:00:34.192866+00:00,point_velocity,Unspecified
05550000,POINT (-88.2903333333333 42.1663055555556),4d81ae83-e2bf-453a-abd9-95e7303b3d4b,USGS-05550000,4e848daa-a625-4536-e053-0100007f12b0,258,1964-03-10T06:00:00+00:00,Imported Channel 1,264,ft^3/s,,,,,,,,ft,Unspecified,Unspecified,Unspecified,Unspecified,Unspecified,Unknown,Unspecified,2026-06-26T19:00:34.192866+00:00,other_method,Unspecified
05550000,POINT (-88.2903333333333 42.1663055555556),4df315d9-97be-4526-a2f7-8afffa65156f,USGS-05550000,4e84920d-dff0-4829-e053-0100007f740d,262,1964-07-16T06:00:00+00:00,Imported Channel 1,139,ft^3/s,,,,,,,,ft,Unspecified,Unspecified,Unspecified,Unspecified,Unspecified,Unknown,Unspecified,2026-06-26T19:00:34.192866+00:00,other_method,Unspecified
05550000,POINT (-88.2903333333333 42.1663055555556),4e05cc0f-41ff-43ed-a25b-be1ed2e79640,USGS-05550000,4e848d6b-b6e7-443a-e053-0100007f7e3f,416,1988-12-05T16:05:00+00:00,Imported Channel 1,754,ft^3/s,282,ft,1490,ft^2,0.49,ft/s,,,Unspecified,Unspecified,Unspecified,Unspecified,Unspecified,Unknown,BridgeCrane,2026-06-26T19:00:34.192866+00:00,point_velocity,Unspecified
05550000,POINT (-88.2903333333333 42.1663055555556),4f8d5ddf-c3da-4591-9f93-51234deaa724,USGS-05550000,4e848a88-d920-439c-e053-0100007f0a2b,445,1992-11-30T19:45:00+00:00,Imported Channel 1,2190,ft^3/s,314,ft,2100,ft^2,1.04,ft/s,,,Unspecified,Unspecified,Unspecified,Unspecified,Unspecified,Unknown,BridgeCrane,2026-06-26T19:00:34.192866+00:00,point_velocity,Unspecified
05550000,POINT (-88.2903333333333 42.1663055555556),50b006d3-69a4-4a26-92ea-b557323d52fe,USGS-05550000,4e84a39d-7df6-5323-e053-0100007faa5d,469,1996-05-22T19:50:00+00:00,Imported Channel 1,4550,ft^3/s,300,ft,2400,ft^2,1.90,ft/s,,,Unspecified,Unspecified,Unspecified,Unspecified,Unspecified,Unknown,BridgeCrane,2026-06-26T19:00:34.192866+00:00,point_velocity,Unspecified
05550000,POINT (-88.2903333333333 42.1663055555556),50ecb109-84a5-446b-981a-9b03708a02d7,USGS-05550000,4e8497bd-c2e0-4bd3-e053-0100007f7d0d,287,1968-02-01T06:00:00+00:00,Imported Channel 1,510,ft^3/s,,,,,,,,ft,Unspecified,Unspecified,Unspecified,Unspecified,Unspecified,Unknown,Unspecified,2026-06-26T19:00:34.192866+00:00,other_method,Unspecified
05550000,POINT (-88.2903333333333 42.1663055555556),53078191-3839-4d0a-90c5-3d6772d640d3,USGS-05550000,4e849e6d-e8d4-4ef1-e053-0100007fa692,396,1985-07-17T06:00:00+00:00,Imported Channel 1,509,ft^3/s,110,ft,159,ft^2,3.20,ft/s,,,Unspecified,Unspecified,Unspecified,Unspecified,Unspecified,Unknown,Wading,2026-06-26T19:00:34.192866+00:00,point_velocity,Unspecified
05550000,POINT (-88.2903333333333 42.1663055555556),55c9700e-79db-43c4-b0d0-050bebbc395e,USGS-05550000,4e8491d1-6c63-47cc-e053-0100007f0e91,304,1970-10-07T06:00:00+00:00,Imported Channel 1,619,ft^3/s,,,,,,,,ft,Unspecified,Unspecified,Unspecified,Unspecified,Unspecified,Unknown,Unspecified,2026-06-26T19:00:34.192866+00:00,other_method,Unspecified
05550000,POINT (-88.2903333333333 42.1663055555556),56e44990-2fb3-4d45-a0e9-a4f66f62f673,USGS-05550000,4e84885b-4c60-4292-e053-0100007f057c,381,1981-11-19T06:00:00+00:00,Imported Channel 1,802,ft^3/s,150,ft,263,ft^2,3.05,ft/s,,,Unspecified,Unspecified,Unspecified,Unspecified,Unspecified,Unknown,Wading,2026-06-26T19:00:34.192866+00:00,point_velocity,Unspecified
05550000,POINT (-88.2903333333333 42.1663055555556),58484fa2-2c11-445f-aed6-ba8c139ab5f1,USGS-05550000,4e848013-14ed-3d78-e053-0100007fbb82,331,1974-05-15T06:00:00+00:00,Imported Channel 1,2120,ft^3/s,,,,,,,,ft,Unspecified,Unspecified,Unspecified,Unspecified,Unspecified,Unknown,Unspecified,2026-06-26T19:00:34.192866+00:00,other_method,Unspecified
05550000,POINT (-88.2903333333333 42.1663055555556),5a5eccc4-9a77-4908-b219-5ccfee8f3e8c,USGS-05550000,4e849330-3aa3-48ad-e053-0100007fe527,472,1996-12-18T15:40:00+00:00,Imported Channel 1,741,ft^3/s,190,ft,302,ft^2,2.26,ft/s,,,Unspecified,Unspecified,Unspecified,Unspecified,Unspecified,Unknown,Wading,2026-06-26T19:00:34.192866+00:00,point_velocity,Unspecified
05550000,POINT (-88.2903333333333 42.1663055555556),5d801865-6f2f-44b5-9999-e23115f4877f,USGS-05550000,4e849773-bc7e-4a86-e053-0100007fc70a,308,1971-05-04T06:00:00+00:00,Imported Channel 1,888,ft^3/s,,,,,,,,ft,Unspecified,Unspecified,Unspecified,Unspecified,Unspecified,Unknown,Unspecified,2026-06-26T19:00:34.192866+00:00,other_method,Unspecified
05550000,POINT (-88.2903333333333 42.1663055555556),5d825217-8107-4f81-8c33-223f78afe58c,USGS-05550000,4e849e8c-6e22-4ea5-e053-0100007fa512,514,2003-05-07T15:50:00+00:00,Imported Channel 1,1960,ft^3/s,303,ft,2010,ft^2,0.98,ft/s,,,Unspecified,Unspecified,Unspecified,Unspecified,Unspecified,Unknown,BridgeCrane,2026-06-26T19:00:34.192866+00:00,point_velocity,Unspecified
05550000,POINT (-88.2903333333333 42.1663055555556),61880ec8-1bf2-4523-a371-98cd1af0d894,USGS-05550000,4e848b7f-7a5a-432a-e053-0100007f8dad,420,1989-08-02T15:50:00+00:00,Imported Channel 1,860,ft^3/s,300,ft,1900,ft^2,0.45,ft/s,,,Unspecified,Unspecified,Unspecified,Unspecified,Unspecified,Unknown,BridgeCrane,2026-06-26T19:00:34.192866+00:00,point_velocity,Unspecified
05550000,POINT (-88.2903333333333 42.1663055555556),61e301ce-85ae-4093-ba51-dbced51e98e4,USGS-05550000,4e847942-7aa7-389f-e053-0100007fc03c,263,1964-08-18T06:00:00+00:00,Imported Channel 1,159,ft^3/s,,,,,,,,ft,Unspecified,Unspecified,Unspecified,Unspecified,Unspecified,Unknown,Unspecified,2026-06-26T19:00:34.192866+00:00,other_method,Unspecified
05550000,POINT (-88.2903333333333 42.1663055555556),627f4c1f-5387-44ed-97ba-8e0b08de2328,USGS-05550000,4e848b7f-7a4a-432a-e053-0100007f8dad,271,1965-10-08T06:00:00+00:00,Imported Channel 1,788,ft^3/s,,,,,,,,ft,Unspecified,Unspecified,Unspecified,Unspecified,Unspecified,Unknown,Unspecified,2026-06-26T19:00:34.192866+00:00,other_method,Unspecified
05550000,POINT (-88.2903333333333 42.1663055555556),64a35138-354e-4a0e-a9d9-34d784015107,USGS-05550000,4e848bb9-16cb-4348-e053-0100007f1991,422,1989-10-18T17:00:00+00:00,Imported Channel 1,616,ft^3/s,296,ft,1830,ft^2,0.34,ft/s,,,Unspecified,Unspecified,Unspecified,Unspecified,Unspecified,Unknown,BridgeCrane,2026-06-26T19:00:34.192866+00:00,point_velocity,Unspecified
05550000,POINT (-88.2903333333333 42.1663055555556),65448619-363b-4a65-9389-b5d8c8ed5bdc,USGS-05550000,4e84a63a-3e37-5192-e053-0100007f079e,496,2001-02-27T20:45:00+00:00,Imported Channel 1,2870,ft^3/s,301,ft,1900,ft^2,1.51,ft/s,,,Unspecified,Unspecified,Unspecified,Unspecified,Unspecified,Unknown,BridgeCrane,2026-06-26T19:00:34.192866+00:00,point_velocity,Unspecified
05550000,POINT (-88.2903333333333 42.1663055555556),65a8d72c-a79d-45c4-be4d-1df3cca12c06,USGS-05550000,4e848767-4714-41b8-e053-0100007f2703,291,1968-09-30T06:00:00+00:00,Imported Channel 1,535,ft^3/s,,,,,,,,ft,Unspecified,Unspecified,Unspecified,Unspecified,Unspecified,Unknown,Unspecified,2026-06-26T19:00:34.192866+00:00,other_method,Unspecified
05550000,POINT (-88.2903333333333 42.1663055555556),67025e6f-b4b3-452d-9f22-50ed4e00d3ef,USGS-05550000,4e8497b8-2bd8-4bd7-e053-0100007f2092,518,2003-12-02T17:30:00+00:00,Imported Channel 1,605,ft^3/s,174,ft,289,ft^2,2.13,ft/s,,,Unspecified,Unspecified,Unspecified,Unspecified,Unspecified,Unknown,Wading,2026-06-26T19:00:34.192866+00:00,point_velocity,Unspecified
05550000,POINT (-88.2903333333333 42.1663055555556),6736e282-bc99-429b-a927-9bb132555059,USGS-05550000,4e84a154-5668-5164-e053-0100007fbbae,463,1995-06-19T17:12:00+00:00,Imported Channel 1,458,ft^3/s,116,ft,122,ft^2,3.75,ft/s,,,Unspecified,Unspecified,Unspecified,Unspecified,Unspecified,Unknown,Wading,2026-06-26T19:00:34.192866+00:00,point_velocity,Unspecified
05550000,POINT (-88.2903333333333 42.1663055555556),6759bf80-2113-41ed-9b14-1b5396855676,USGS-05550000,4e8491d1-6c7f-47cc-e053-0100007f0e91,515,2003-06-18T14:00:00+00:00,Imported Channel 1,473,ft^3/s,142,ft,160,ft^2,3.03,ft/s,,,Unspecified,Unspecified,Unspecified,Unspecified,Unspecified,Unknown,Wading,2026-06-26T19:00:34.192866+00:00,point_velocity,Unspecified
05550000,POINT (-88.2903333333333 42.1663055555556),67915fab-cb89-4c06-8a56-27f32f0e836a,USGS-05550000,4e847c70-6d40-39f6-e053-0100007f9c67,315,1972-02-07T06:00:00+00:00,Imported Channel 1,322,ft^3/s,,,,,,,,ft,Unspecified,Unspecified,Unspecified,Unspecified,Unspecified,Unknown,Unspecified,2026-06-26T19:00:34.192866+00:00,other_method,Unspecified
05550000,POINT (-88.2903333333333 42.1663055555556),67c3a4d0-b501-42ca-a793-16518e58e9df,USGS-05550000,4e849e57-43ad-4efb-e053-0100007f87df,458,1994-11-30T14:31:00+00:00,Imported Channel 1,694,ft^3/s,303,ft,1860,ft^2,0.37,ft/s,,,Unspecified,Unspecified,Unspecified,Unspecified,Unspecified,Unknown,BridgeCrane,2026-06-26T19:00:34.192866+00:00,point_velocity,Unspecified
05550000,POINT (-88.2903333333333 42.1663055555556),6822afee-dbfe-4574-ae29-67888e63cb32,USGS-05550000,4e849830-fd32-4c4d-e053-0100007fe4a5,366,1979-01-08T06:00:00+00:00,Imported Channel 1,516,ft^3/s,,,,,,,,ft,Unspecified,Unspecified,Unspecified,Unspecified,Unspecified,Unknown,Unspecified,2026-06-26T19:00:34.192866+00:00,other_method,Unspecified
05550000,POINT (-88.2903333333333 42.1663055555556),6916c105-4289-403e-999e-03cfba5587a8,USGS-05550000,4e84a100-427f-5168-e053-0100007fc2d6,506,2002-04-11T14:45:00+00:00,Imported Channel 1,2600,ft^3/s,303,ft,2230,ft^2,1.17,ft/s,,,Unspecified,Unspecified,Unspecified,Unspecified,Unspecified,Unknown,BridgeCrane,2026-06-26T19:00:34.192866+00:00,point_velocity,Unspecified
05550000,POINT (-88.2903333333333 42.1663055555556),69fb6350-4b0d-471a-b356-56a92728ee27,USGS-05550000,4e84943a-d74f-4910-e053-0100007fd091,326,1973-08-13T06:00:00+00:00,Imported Channel 1,545,ft^3/s,,,,,,,,ft,Unspecified,Unspecified,Unspecified,Unspecified,Unspecified,Unknown,Unspecified,2026-06-26T19:00:34.192866+00:00,other_method,Unspecified
05550000,POINT (-88.2903333333333 42.1663055555556),6b86d9b0-665d-42bc-9b76-817090f2856f,USGS-05550000,4e84839d-054b-3d70-e053-0100007f4745,350,1977-03-04T06:00:00+00:00,Imported Channel 1,816,ft^3/s,,,,,,,,ft,Unspecified,Unspecified,Unspecified,Unspecified,Unspecified,Unknown,Unspecified,2026-06-26T19:00:34.192866+00:00,other_method,Unspecified
05550000,POINT (-88.2903333333333 42.1663055555556),6bc25898-36fc-4fd3-bfec-a04e5d3cdddf,USGS-05550000,4e84a78d-8bf2-5516-e053-0100007fab34,475,1997-10-01T14:45:00+00:00,Imported Channel 1,459,ft^3/s,155,ft,206,ft^2,2.22,ft/s,,,Unspecified,Unspecified,Unspecified,Unspecified,Unspecified,Unknown,Wading,2026-06-26T19:00:34.192866+00:00,point_velocity,Unspecified
05550000,POINT (-88.2903333333333 42.1663055555556),6de3df15-f55e-4047-8477-69eb998389d3,USGS-05550000,4e849392-b3bd-48ef-e053-0100007f8f92,511,2003-01-09T17:25:00+00:00,Imported Channel 1,406,ft^3/s,188,ft,282,ft^2,1.44,ft/s,,,Unspecified,Unspecified,Unspecified,Unspecified,Unspecified,Unknown,Wading,2026-06-26T19:00:34.192866+00:00,point_velocity,Unspecified
05550000,POINT (-88.2903333333333 42.1663055555556),6e837fca-bc7b-47bd-b6ac-8255e7301d09,USGS-05550000,4e849446-d0d7-490c-e053-0100007fca0d,419,1989-05-16T15:20:00+00:00,Imported Channel 1,341,ft^3/s,110,ft,124,ft^2,2.75,ft/s,,,Unspecified,Unspecified,Unspecified,Unspecified,Unspecified,Unknown,Wading,2026-06-26T19:00:34.192866+00:00,point_velocity,Unspecified
05550000,POINT (-88.2903333333333 42.1663055555556),6edc2a2e-dbe4-4d67-a33d-8e6e10706847,USGS-05550000,4e848d3e-fb6b-453a-e053-0100007f8bf2,257,1964-02-04T06:00:00+00:00,Imported Channel 1,300,ft^3/s,,,,,,,,ft,Unspecified,Unspecified,Unspecified,Unspecified,Unspecified,Unknown,Unspecified,2026-06-26T19:00:34.192866+00:00,other_method,Unspecified
05550000,POINT (-88.2903333333333 42.1663055555556),6f204e42-ed34-4306-9a63-df8355f7a3fc,USGS-05550000,4e848a62-ecea-43cc-e053-0100007fefc6,339,1975-08-12T06:00:00+00:00,Imported Channel 1,396,ft^3/s,,,,,,,,ft,Unspecified,Unspecified,Unspecified,Unspecified,Unspecified,Unknown,Unspecified,2026-06-26T19:00:34.192866+00:00,other_method,Unspecified
05550000,POINT (-88.2903333333333 42.1663055555556),6f5eafd9-56e9-4d0f-8c39-2cd2553eef93,USGS-05550000,4e849c8a-5b04-4e99-e053-0100007f5c8d,407,1988-03-10T19:00:00+00:00,Imported Channel 1,1520,ft^3/s,288,ft,2020,ft^2,0.75,ft/s,,,Unspecified,Unspecified,Unspecified,Unspecified,Unspecified,Unknown,BridgeCrane,2026-06-26T19:00:34.192866+00:00,point_velocity,Unspecified
05550000,POINT (-88.2903333333333 42.1663055555556),6f6dd1a7-9f4a-45bf-bb65-7bedda68cde3,USGS-05550000,4e849f8a-7acb-4e3b-e053-0100007f8d2e,529,2005-06-28T16:35:00+00:00,Imported Channel 1,121,ft^3/s,140,ft,157,ft^2,0.84,ft/s,,,Unspecified,Unspecified,Unspecified,Unspecified,Unspecified,Unknown,Wading,2026-06-26T19:00:34.192866+00:00,point_velocity,Unspecified
05550000,POINT (-88.2903333333333 42.1663055555556),70c09347-a3e5-4493-beb7-560a49a688d5,USGS-05550000,4e849229-31de-4815-e053-0100007f3a0f,404,1987-07-02T06:00:00+00:00,Imported Channel 1,429,ft^3/s,113,ft,140,ft^2,3.06,ft/s,,,Unspecified,Unspecified,Unspecified,Unspecified,Unspecified,Unknown,Wading,2026-06-26T19:00:34.192866+00:00,point_velocity,Unspecified
05550000,POINT (-88.2903333333333 42.1663055555556),71df2cb7-2c06-4511-a974-68e916e5f32d,USGS-05550000,4e8480df-c4f3-3d7c-e053-0100007fab60,408,1988-04-21T16:35:00+00:00,Imported Channel 1,1170,ft^3/s,288,ft,1980,ft^2,0.59,ft/s,,,Unspecified,Unspecified,Unspecified,Unspecified,Unspecified,Unknown,BridgeCrane,2026-06-26T19:00:34.192866+00:00,point_velocity,Unspecified
05550000,POINT (-88.2903333333333 42.1663055555556),72f67eab-6560-42bc-83de-86c1e51f045b,USGS-05550000,4e8493ed-e4ba-493a-e053-0100007f29e6,363,1978-06-12T06:00:00+00:00,Imported Channel 1,351,ft^3/s,,,,,,,,ft,Unspecified,Unspecified,Unspecified,Unspecified,Unspecified,Unknown,Unspecified,2026-06-26T19:00:34.192866+00:00,other_method,Unspecified
05550000,POINT (-88.2903333333333 42.1663055555556),74bd36ab-847e-4a79-8ab5-a82c20ea6d0e,USGS-05550000,4e849fde-0485-510b-e053-0100007f9644,511C,2002-11-20T06:00:00+00:00,Imported Channel 1,1800,ft^3/s,,ft,,ft^2,,ft/s,100.00,ft,Unspecified,Unspecified,Unspecified,Unspecified,Unspecified,Unknown,MannedMovingBoat,2026-06-26T19:00:34.192866+00:00,adcp,Downstream
05550000,POINT (-88.2903333333333 42.1663055555556),7836a17c-d2ce-4ce8-aba0-a7d3e47fd0b1,USGS-05550000,4e849472-7eab-490a-e053-0100007fb1c0,391,1984-03-09T06:00:00+00:00,Imported Channel 1,1360,ft^3/s,288,ft,1520,ft^2,0.79,ft/s,,,Unspecified,Unspecified,Unspecified,Unspecified,Unspecified,Unknown,BridgeCrane,2026-06-26T19:00:34.192866+00:00,point_velocity,Unspecified
05550000,POINT (-88.2903333333333 42.1663055555556),79137222-8df3-4a46-9c76-25d931975b5f,USGS-05550000,4e848b7f-7a6d-432a-e053-0100007f8dad,511B,2002-11-19T06:01:00+00:00,Imported Channel 1,1410,ft^3/s,236,ft,1070,ft^2,1.33,ft/s,100.00,ft,Unspecified,Unspecified,Unspecified,Unspecified,Unspecified,Unknown,MannedMovingBoat,2026-06-26T19:00:34.192866+00:00,adcp,Downstream
05550000,POINT (-88.2903333333333 42.1663055555556),795f7f25-a6ca-43c6-b583-d7bb6809cfa0,USGS-05550000,4e84842c-b268-3f7a-e053-0100007fe39b,305,1970-12-03T06:00:00+00:00,Imported Channel 1,1060,ft^3/s,,,,,,,,ft,Unspecified,Unspecified,Unspecified,Unspecified,Unspecified,Unknown,Unspecified,2026-06-26T19:00:34.192866+00:00,other_method,Unspecified
05550000,POINT (-88.2903333333333 42.1663055555556),7a80e4e2-7287-4972-b33a-6d715ac6b0a7,USGS-05550000,4e849830-fd34-4c4d-e053-0100007fe4a5,369,1979-06-18T06:00:00+00:00,Imported Channel 1,1160,ft^3/s,,,,,,,,ft,Unspecified,Unspecified,Unspecified,Unspecified,Unspecified,Unknown,Unspecified,2026-06-26T19:00:34.192866+00:00,other_method,Unspecified
05550000,POINT (-88.2903333333333 42.1663055555556),7ab7cbd9-4b18-470f-b6b1-29d6b27935fa,USGS-05550000,4e848682-7524-4160-e053-0100007f3769,440,1992-01-27T17:00:00+00:00,Imported Channel 1,986,ft^3/s,288,ft,1460,ft^2,0.68,ft/s,,,Unspecified,Unspecified,Unspecified,Unspecified,Unspecified,Unknown,BridgeCrane,2026-06-26T19:00:34.192866+00:00,point_velocity,Unspecified
05550000,POINT (-88.2903333333333 42.1663055555556),7e16700d-e7af-4e48-aa18-b0f6b4e644ba,USGS-05550000,4e848ecd-8e4e-450d-e053-0100007f1135,501,2001-08-21T14:45:00+00:00,Imported Channel 1,651,ft^3/s,303,ft,1910,ft^2,0.34,ft/s,,,Unspecified,Unspecified,Unspecified,Unspecified,Unspecified,Unknown,BridgeCrane,2026-06-26T19:00:34.192866+00:00,point_velocity,Unspecified
05550000,POINT (-88.2903333333333 42.1663055555556),7e823760-caff-4426-832b-b3f22081e4bd,USGS-05550000,4e8491d1-6c7e-47cc-e053-0100007f0e91,509,2002-09-24T19:30:00+00:00,Imported Channel 1,577,ft^3/s,134,ft,205,ft^2,2.90,ft/s,,,Unspecified,Unspecified,Unspecified,Unspecified,Unspecified,Unknown,Wading,2026-06-26T19:00:34.192866+00:00,point_velocity,Unspecified
05550000,POINT (-88.2903333333333 42.1663055555556),7eccb9f4-edb9-4607-a439-5058a72e10bf,USGS-05550000,4e849440-fa2d-4938-e053-0100007ff3e3,280,1967-01-12T06:00:00+00:00,Imported Channel 1,278,ft^3/s,,,,,,,,ft,Unspecified,Unspecified,Unspecified,Unspecified,Unspecified,Unknown,Unspecified,2026-06-26T19:00:34.192866+00:00,other_method,Unspecified
05550000,POINT (-88.2903333333333 42.1663055555556),7fdaa2b0-364c-4498-9558-f57311e30fc3,USGS-05550000,4e8480b5-e969-3d9a-e053-0100007fbeef,288,1968-04-11T06:00:00+00:00,Imported Channel 1,393,ft^3/s,,,,,,,,ft,Unspecified,Unspecified,Unspecified,Unspecified,Unspecified,Unknown,Unspecified,2026-06-26T19:00:34.192866+00:00,other_method,Unspecified
05550000,POINT (-88.2903333333333 42.1663055555556),8088690c-843d-4fa0-aa1a-0757d164dbca,USGS-05550000,4e849c94-553b-4e5d-e053-0100007f1435,516,2003-09-03T18:55:00+00:00,Imported Channel 1,76.5,ft^3/s,47.0,ft,31.5,ft^2,2.70,ft/s,,,Unspecified,Unspecified,Unspecified,Unspecified,Unspecified,Unknown,Wading,2026-06-26T19:00:34.192866+00:00,point_velocity,Unspecified
05550000,POINT (-88.2903333333333 42.1663055555556),80eb9666-dfa9-4929-bcd7-f9e9da3e7c86,USGS-05550000,4e84a670-f64e-5343-e053-0100007f18d3,540,2007-08-27T19:11:00+00:00,Imported Channel 1,6600,ft^3/s,297,ft,2140,ft^2,3.08,ft/s,,ft,Unspecified,Unspecified,Unspecified,Unspecified,Unspecified,Unknown,Unspecified,2026-06-26T19:00:34.192866+00:00,adcp,Unspecified
05550000,POINT (-88.2903333333333 42.1663055555556),80faab07-4017-46ac-9709-fd834d44dec1,USGS-05550000,4e84883b-e1a7-4290-e053-0100007f2b0d,277,1966-09-08T06:00:00+00:00,Imported Channel 1,150,ft^3/s,,,,,,,,ft,Unspecified,Unspecified,Unspecified,Unspecified,Unspecified,Unknown,Unspecified,2026-06-26T19:00:34.192866+00:00,other_method,Unspecified
05550000,POINT (-88.2903333333333 42.1663055555556),817db632-dfdb-4e85-9014-6e2021efaf7c,USGS-05550000,4e84a139-2327-518a-e053-0100007fab1f,471,1996-10-18T13:15:00+00:00,Imported Channel 1,350,ft^3/s,153,ft,148,ft^2,2.37,ft/s,,,Unspecified,Unspecified,Unspecified,Unspecified,Unspecified,Unknown,Wading,2026-06-26T19:00:34.192866+00:00,point_velocity,Unspecified
05550000,POINT (-88.2903333333333 42.1663055555556),81990787-00e1-4d54-bc25-69cbc2c8be4e,USGS-05550000,4e849beb-f4da-4aea-e053-0100007f88b3,527,2004-11-08T17:20:00+00:00,Imported Channel 1,800,ft^3/s,298,ft,1870,ft^2,0.43,ft/s,,,Unspecified,Unspecified,Unspecified,Unspecified,Unspecified,Unknown,BridgeCrane,2026-06-26T19:00:34.192866+00:00,point_velocity,Unspecified
05550000,POINT (-88.2903333333333 42.1663055555556),83b14c90-9b5d-4418-98dc-21d9404d477c,USGS-05550000,4e8479d6-941c-3905-e053-0100007f4403,406,1987-12-08T06:00:00+00:00,Imported Channel 1,1550,ft^3/s,291,ft,1630,ft^2,0.95,ft/s,,,Unspecified,Unspecified,Unspecified,Unspecified,Unspecified,Unknown,BridgeCrane,2026-06-26T19:00:34.192866+00:00,point_velocity,Unspecified
05550000,POINT (-88.2903333333333 42.1663055555556),8590887a-d571-4079-a59c-9f475f0eae12,USGS-05550000,4e84988d-6dd5-4ba9-e053-0100007fcf9a,293,1969-01-14T06:00:00+00:00,Imported Channel 1,555,ft^3/s,,,,,,,,ft,Unspecified,Unspecified,Unspecified,Unspecified,Unspecified,Unknown,Unspecified,2026-06-26T19:00:34.192866+00:00,other_method,Unspecified
05550000,POINT (-88.2903333333333 42.1663055555556),85c783f0-f782-4dea-933c-e5a248f3e646,USGS-05550000,4e8483b4-9880-3f16-e053-0100007ff4f2,373,1980-05-27T06:00:00+00:00,Imported Channel 1,546,ft^3/s,,,,,,,,ft,Unspecified,Unspecified,Unspecified,Unspecified,Unspecified,Unknown,Unspecified,2026-06-26T19:00:34.192866+00:00,other_method,Unspecified
05550000,POINT (-88.2903333333333 42.1663055555556),88900dc7-4db1-4b52-9acc-bdd84d2d3e27,USGS-05550000,4e848a18-1553-41d0-e053-0100007f1d21,403,1987-04-09T06:00:00+00:00,Imported Channel 1,755,ft^3/s,288,ft,1460,ft^2,0.52,ft/s,,,Unspecified,Unspecified,Unspecified,Unspecified,Unspecified,Unknown,BridgeCrane,2026-06-26T19:00:34.192866+00:00,point_velocity,Unspecified
05550000,POINT (-88.2903333333333 42.1663055555556),8b9c67b4-0602-450c-8774-eacdb178462b,USGS-05550000,4e84962e-b33a-4aad-e053-0100007f6f76,487,1999-12-08T15:50:00+00:00,Imported Channel 1,789,ft^3/s,303,ft,1820,ft^2,0.43,ft/s,,,Unspecified,Unspecified,Unspecified,Unspecified,Unspecified,Unknown,BridgeCrane,2026-06-26T19:00:34.192866+00:00,point_velocity,Unspecified
05550000,POINT (-88.2903333333333 42.1663055555556),8bf39fdb-6ba5-4a37-881f-60f41e1ccd3b,USGS-05550000,4e84a164-02de-5194-e053-0100007f0dd6,545,2008-03-26T15:12:00+00:00,Imported Channel 1,3930,ft^3/s,316,ft,1990,ft^2,1.94,ft/s,,ft,Unspecified,Unspecified,Unspecified,Unspecified,Unspecified,Unknown,Unspecified,2026-06-26T19:00:34.192866+00:00,adcp,Unspecified
05550000,POINT (-88.2903333333333 42.1663055555556),8c235769-670e-4579-92b6-ead89f676a03,USGS-05550000,4e8491d1-6c5f-47cc-e053-0100007f0e91,298,1969-10-08T06:00:00+00:00,Imported Channel 1,241,ft^3/s,,,,,,,,ft,Unspecified,Unspecified,Unspecified,Unspecified,Unspecified,Unknown,Unspecified,2026-06-26T19:00:34.192866+00:00,other_method,Unspecified
05550000,POINT (-88.2903333333333 42.1663055555556),8c83e8f9-040a-47cc-a29b-72caa55d54e6,USGS-05550000,4e849830-fd4e-4c4d-e053-0100007fe4a5,464,1995-10-26T16:41:00+00:00,Imported Channel 1,614,ft^3/s,160,ft,187,ft^2,3.39,ft/s,,,Unspecified,Unspecified,Unspecified,Unspecified,Unspecified,Unknown,Wading,2026-06-26T19:00:34.192866+00:00,point_velocity,Unspecified
05550000,POINT (-88.2903333333333 42.1663055555556),8ce37b02-a0e1-4cd5-b081-7bffacbfcef2,USGS-05550000,4e848b15-bf52-4398-e053-0100007f9831,281,1967-03-01T06:00:00+00:00,Imported Channel 1,450,ft^3/s,,,,,,,,ft,Unspecified,Unspecified,Unspecified,Unspecified,Unspecified,Unknown,Unspecified,2026-06-26T19:00:34.192866+00:00,other_method,Unspecified
05550000,POINT (-88.2903333333333 42.1663055555556),8d373c45-0cb3-416f-8bd3-5c0c99edf88c,USGS-05550000,4e848682-7523-4160-e053-0100007f3769,435,1991-04-30T13:45:00+00:00,Imported Channel 1,2080,ft^3/s,302,ft,2100,ft^2,0.99,ft/s,,,Unspecified,Unspecified,Unspecified,Unspecified,Unspecified,Unknown,BridgeCrane,2026-06-26T19:00:34.192866+00:00,point_velocity,Unspecified
05550000,POINT (-88.2903333333333 42.1663055555556),8ded0736-0c18-48a2-9278-463d5d1c310b,USGS-05550000,4e84a12c-eb31-51c4-e053-0100007fdc12,513,2003-05-05T16:40:00+00:00,Imported Channel 1,1060,ft^3/s,220,ft,592,ft^2,1.91,ft/s,,,Unspecified,Unspecified,Unspecified,Unspecified,Unspecified,Unknown,Wading,2026-06-26T19:00:34.192866+00:00,point_velocity,Unspecified
05550000,POINT (-88.2903333333333 42.1663055555556),8e2d5e2b-01b3-4c98-a75d-ddd04834ac4a,USGS-05550000,4e849830-fd2c-4c4d-e053-0100007fe4a5,283,1967-06-20T06:00:00+00:00,Imported Channel 1,3370,ft^3/s,,,,,,,,ft,Unspecified,Unspecified,Unspecified,Unspecified,Unspecified,Unknown,Unspecified,2026-06-26T19:00:34.192866+00:00,other_method,Unspecified
05550000,POINT (-88.2903333333333 42.1663055555556),9270c8bd-d12d-440e-86a1-85ceb54013b4,USGS-05550000,4e84ac10-e5c0-573f-e053-0100007f46b7,508,2002-07-23T18:50:00+00:00,Imported Channel 1,280,ft^3/s,132,ft,84.6,ft^2,3.31,ft/s,,,Unspecified,Unspecified,Unspecified,Unspecified,Unspecified,Unknown,Wading,2026-06-26T19:00:34.192866+00:00,point_velocity,Unspecified
05550000,POINT (-88.2903333333333 42.1663055555556),92d53c88-8f00-4524-b48f-611b25ed3eca,USGS-05550000,4e849577-b6b6-4a14-e053-0100007f8094,489,2000-03-30T20:40:00+00:00,Imported Channel 1,755,ft^3/s,296,ft,1840,ft^2,0.41,ft/s,,,Unspecified,Unspecified,Unspecified,Unspecified,Unspecified,Unknown,BridgeCrane,2026-06-26T19:00:34.192866+00:00,point_velocity,Unspecified
05550000,POINT (-88.2903333333333 42.1663055555556),94661da8-fcf7-4684-96f8-6f4a65d20121,USGS-05550000,4e84af73-ff67-59b4-e053-0100007fec03,550,2008-11-06T16:23:00+00:00,Imported Channel 1,742,ft^3/s,283,ft,1490,ft^2,0.50,ft/s,,ft,Unspecified,Unspecified,Unspecified,Unspecified,Unspecified,Unknown,Unspecified,2026-06-26T19:00:34.192866+00:00,adcp,Unspecified
05550000,POINT (-88.2903333333333 42.1663055555556),95193472-f251-43b1-a3ba-b90c140cbf8f,USGS-05550000,4e84a139-232e-518a-e053-0100007fab1f,483,1999-03-10T14:50:00+00:00,Imported Channel 1,910,ft^3/s,302,ft,1780,ft^2,0.53,ft/s,,,Unspecified,Unspecified,Unspecified,Unspecified,Unspecified,Unknown,BridgeCrane,2026-06-26T19:00:34.192866+00:00,point_velocity,Unspecified
05550000,POINT (-88.2903333333333 42.1663055555556),954ffb91-a7cd-4969-93f7-d9d4612856f4,USGS-05550000,4e8493ed-e4bb-493a-e053-0100007f29e6,364,1978-08-02T06:00:00+00:00,Imported Channel 1,1550,ft^3/s,,,,,,,,ft,Unspecified,Unspecified,Unspecified,Unspecified,Unspecified,Unknown,Unspecified,2026-06-26T19:00:34.192866+00:00,other_method,Unspecified
05550000,POINT (-88.2903333333333 42.1663055555556),960063f8-f8d8-472a-9423-5c1bfae617aa,USGS-05550000,4e849890-b913-4c53-e053-0100007f150b,412,1988-07-29T15:35:00+00:00,Imported Channel 1,118,ft^3/s,88.0,ft,75.8,ft^2,1.55,ft/s,,,Unspecified,Unspecified,Unspecified,Unspecified,Unspecified,Unknown,Wading,2026-06-26T19:00:34.192866+00:00,point_velocity,Unspecified
05550000,POINT (-88.2903333333333 42.1663055555556),967d4d2c-b3ea-42d7-b495-d7b39c212c66,USGS-05550000,4e849580-661c-4a12-e053-0100007ff362,399,1986-03-25T06:00:00+00:00,Imported Channel 1,3360,ft^3/s,288,ft,1760,ft^2,1.90,ft/s,,,Unspecified,Unspecified,Unspecified,Unspecified,Unspecified,Unknown,BridgeCrane,2026-06-26T19:00:34.192866+00:00,point_velocity,Unspecified
05550000,POINT (-88.2903333333333 42.1663055555556),97a54879-d66b-4288-bc29-109d2d005236,USGS-05550000,4e84a16d-1cb6-51c2-e053-0100007ff4a4,546,2008-04-16T16:38:00+00:00,Imported Channel 1,5510,ft^3/s,294,ft,1990,ft^2,2.77,ft/s,,ft,Unspecified,Unspecified,Unspecified,Unspecified,Unspecified,Unknown,Unspecified,2026-06-26T19:00:34.192866+00:00,adcp,Unspecified
05550000,POINT (-88.2903333333333 42.1663055555556),97bb50ce-d42c-41f5-982e-3031b2275070,USGS-05550000,4e8497cc-9d32-4ba5-e053-0100007f1521,269,1965-06-08T06:00:00+00:00,Imported Channel 1,454,ft^3/s,,,,,,,,ft,Unspecified,Unspecified,Unspecified,Unspecified,Unspecified,Unknown,Unspecified,2026-06-26T19:00:34.192866+00:00,other_method,Unspecified
05550000,POINT (-88.2903333333333 42.1663055555556),9ad36947-981a-4d56-b320-276d8b259a01,USGS-05550000,4e849619-fc02-4aa4-e053-0100007ff430,415,1988-10-12T17:00:00+00:00,Imported Channel 1,353,ft^3/s,95.0,ft,135,ft^2,2.65,ft/s,,,Unspecified,Unspecified,Unspecified,Unspecified,Unspecified,Unknown,Wading,2026-06-26T19:00:34.192866+00:00,point_velocity,Unspecified
05550000,POINT (-88.2903333333333 42.1663055555556),9af60249-7de8-4229-8497-e1b81ac958f0,USGS-05550000,4e8494b6-cfd7-48e9-e053-0100007fbe3c,447,1993-03-31T15:55:00+00:00,Imported Channel 1,3860,ft^3/s,311,ft,2280,ft^2,1.69,ft/s,,,Unspecified,Unspecified,Unspecified,Unspecified,Unspecified,Unknown,BridgeCrane,2026-06-26T19:00:34.192866+00:00,point_velocity,Unspecified
05550000,POINT (-88.2903333333333 42.1663055555556),9c2a1574-753e-411d-b6cb-2c8f9dda8014,USGS-05550000,4e849c8a-5b02-4e99-e053-0100007f5c8d,385,1982-10-19T06:00:00+00:00,Imported Channel 1,566,ft^3/s,105,ft,170,ft^2,3.33,ft/s,,,Unspecified,Unspecified,Unspecified,Unspecified,Unspecified,Unknown,Wading,2026-06-26T19:00:34.192866+00:00,point_velocity,Unspecified
05550000,POINT (-88.2903333333333 42.1663055555556),9c5f4b91-d9d7-485a-b6bf-daa70ac81613,USGS-05550000,4e848682-7511-4160-e053-0100007f3769,345,1976-09-16T06:00:00+00:00,Imported Channel 1,230,ft^3/s,,,,,,,,ft,Unspecified,Unspecified,Unspecified,Unspecified,Unspecified,Unknown,Unspecified,2026-06-26T19:00:34.192866+00:00,other_method,Unspecified
05550000,POINT (-88.2903333333333 42.1663055555556),9d119377-91a3-4014-8ed8-ac395e13834d,USGS-05550000,4e84a164-02d0-5194-e053-0100007f0dd6,476,1998-03-10T14:20:00+00:00,Imported Channel 1,1140,ft^3/s,307,ft,1890,ft^2,0.60,ft/s,,,Unspecified,Unspecified,Unspecified,Unspecified,Unspecified,Unknown,BridgeCrane,2026-06-26T19:00:34.192866+00:00,point_velocity,Unspecified
05550000,POINT (-88.2903333333333 42.1663055555556),9e4362ef-0608-4b70-9cd2-582ef83aa493,USGS-05550000,4e848013-14ee-3d78-e053-0100007fbb82,333,1974-09-11T06:00:00+00:00,Imported Channel 1,351,ft^3/s,,,,,,,,ft,Unspecified,Unspecified,Unspecified,Unspecified,Unspecified,Unknown,Unspecified,2026-06-26T19:00:34.192866+00:00,other_method,Unspecified
05550000,POINT (-88.2903333333333 42.1663055555556),9fe10e95-b6cc-49ce-ab4b-a0f07e9c577e,USGS-05550000,4e849607-96fb-4a8e-e053-0100007fd728,297,1969-08-15T06:00:00+00:00,Imported Channel 1,402,ft^3/s,,,,,,,,ft,Unspecified,Unspecified,Unspecified,Unspecified,Unspecified,Unknown,Unspecified,2026-06-26T19:00:34.192866+00:00,other_method,Unspecified
05550000,POINT (-88.2903333333333 42.1663055555556),a06299fd-a13d-4d91-976c-a0427d3a0689,USGS-05550000,4e84a45c-fda2-53e3-e053-0100007f06fa,520,2004-03-23T19:00:00+00:00,Imported Channel 1,989,ft^3/s,302,ft,1610,ft^2,0.61,ft/s,,,Unspecified,Unspecified,Unspecified,Unspecified,Unspecified,Unknown,BridgeCrane,2026-06-26T19:00:34.192866+00:00,point_velocity,Unspecified
05550000,POINT (-88.2903333333333 42.1663055555556),a1a14914-e5ff-48cb-bbd6-33473254340e,USGS-05550000,4e84962e-b32f-4aad-e053-0100007f6f76,394,1984-11-28T06:00:00+00:00,Imported Channel 1,1210,ft^3/s,289,ft,1540,ft^2,0.78,ft/s,,,Unspecified,Unspecified,Unspecified,Unspecified,Unspecified,Unknown,BridgeCrane,2026-06-26T19:00:34.192866+00:00,point_velocity,Unspecified
05550000,POINT (-88.2903333333333 42.1663055555556),a2513f10-7941-4cb0-adc4-cfda74b8642f,USGS-05550000,4e849446-d0dc-490c-e053-0100007fca0d,444,1992-10-05T14:20:00+00:00,Imported Channel 1,514,ft^3/s,122,ft,143,ft^2,3.59,ft/s,,,Unspecified,Unspecified,Unspecified,Unspecified,Unspecified,Unknown,Wading,2026-06-26T19:00:34.192866+00:00,point_velocity,Unspecified
05550000,POINT (-88.2903333333333 42.1663055555556),a3660453-0abb-45fc-b238-d08656f93f08,USGS-05550000,4e84920e-5077-47ca-e053-0100007feba0,259,1964-04-09T06:00:00+00:00,Imported Channel 1,1490,ft^3/s,,,,,,,,ft,Unspecified,Unspecified,Unspecified,Unspecified,Unspecified,Unknown,Unspecified,2026-06-26T19:00:34.192866+00:00,other_method,Unspecified
05550000,POINT (-88.2903333333333 42.1663055555556),a4263119-4b49-4927-b0b6-ce430522fbc8,USGS-05550000,4e84a23d-af9b-51e9-e053-0100007fc38b,536,2006-10-02T16:10:00+00:00,Imported Channel 1,429,ft^3/s,170,ft,281,ft^2,1.55,ft/s,,,Unspecified,Unspecified,Unspecified,Unspecified,Unspecified,Unknown,Wading,2026-06-26T19:00:34.192866+00:00,point_velocity,Unspecified
05550000,POINT (-88.2903333333333 42.1663055555556),a5236478-50a5-4cc6-b0ac-a0628fc38d2d,USGS-05550000,4e848977-20dc-434c-e053-0100007ff945,346,1976-10-28T06:00:00+00:00,Imported Channel 1,249,ft^3/s,,,,,,,,ft,Unspecified,Unspecified,Unspecified,Unspecified,Unspecified,Unknown,Unspecified,2026-06-26T19:00:34.192866+00:00,other_method,Unspecified
05550000,POINT (-88.2903333333333 42.1663055555556),a5903c45-0451-4268-8efb-58c6762ee95b,USGS-05550000,4e849607-9718-4a8e-e053-0100007fd728,531,2006-02-02T16:00:00+00:00,Imported Channel 1,1580,ft^3/s,282,ft,1580,ft^2,1.00,ft/s,,ft,Unspecified,Unspecified,Unspecified,Unspecified,Unspecified,Unknown,Unspecified,2026-06-26T19:00:34.192866+00:00,adcp,Unspecified
05550000,POINT (-88.2903333333333 42.1663055555556),a61be3e5-f24e-416a-b25a-8d85ef01e46a,USGS-05550000,4e8497b8-2bb5-4bd7-e053-0100007f2092,374,1980-08-18T06:00:00+00:00,Imported Channel 1,1160,ft^3/s,,,,,,,,ft,Unspecified,Unspecified,Unspecified,Unspecified,Unspecified,Unknown,Unspecified,2026-06-26T19:00:34.192866+00:00,other_method,Unspecified
05550000,POINT (-88.2903333333333 42.1663055555556),a754135e-c36c-482a-b761-492187945217,USGS-05550000,4e849472-7ea1-490a-e053-0100007fb1c0,325,1973-06-11T06:00:00+00:00,Imported Channel 1,2310,ft^3/s,,,,,,,,ft,Unspecified,Unspecified,Unspecified,Unspecified,Unspecified,Unknown,Unspecified,2026-06-26T19:00:34.192866+00:00,other_method,Unspecified
05550000,POINT (-88.2903333333333 42.1663055555556),a7623025-ef80-4e06-9803-ae4d9cafc38d,USGS-05550000,4e848d6b-b6e0-443a-e053-0100007f7e3f,260,1964-05-14T06:00:00+00:00,Imported Channel 1,912,ft^3/s,,,,,,,,ft,Unspecified,Unspecified,Unspecified,Unspecified,Unspecified,Unknown,Unspecified,2026-06-26T19:00:34.192866+00:00,other_method,Unspecified
05550000,POINT (-88.2903333333333 42.1663055555556),a8e08abf-cc6d-4ca9-b47a-09abdeac8b8b,USGS-05550000,4e84a0ee-3b3d-5166-e053-0100007f0549,525,2004-07-08T17:45:00+00:00,Imported Channel 1,1240,ft^3/s,303,ft,1610,ft^2,0.77,ft/s,,,Unspecified,Unspecified,Unspecified,Unspecified,Unspecified,Unknown,BridgeCrane,2026-06-26T19:00:34.192866+00:00,point_velocity,Unspecified
05550000,POINT (-88.2903333333333 42.1663055555556),a930e4d6-fadd-4488-aa42-23fea11ba49a,USGS-05550000,4e848d11-251a-453c-e053-0100007f7a8e,461,1995-03-21T20:09:00+00:00,Imported Channel 1,1060,ft^3/s,300,ft,1950,ft^2,0.54,ft/s,,,Unspecified,Unspecified,Unspecified,Unspecified,Unspecified,Unknown,BridgeCrane,2026-06-26T19:00:34.192866+00:00,point_velocity,Unspecified
05550000,POINT (-88.2903333333333 42.1663055555556),ab68ab73-fe41-4ee8-ac35-a446a39e0bfa,USGS-05550000,4e849772-c781-4b10-e053-0100007fcdfe,264,1964-10-07T06:00:00+00:00,Imported Channel 1,63.7,ft^3/s,,,,,,,,ft,Unspecified,Unspecified,Unspecified,Unspecified,Unspecified,Unknown,Unspecified,2026-06-26T19:00:34.192866+00:00,other_method,Unspecified
05550000,POINT (-88.2903333333333 42.1663055555556),ac0a0bfd-b9a5-4739-b2f4-cd496eb1f30e,USGS-05550000,4e849e57-43ad-4efb-e053-0100007f87df,459,1994-11-30T18:00:00+00:00,Imported Channel 1,784,ft^3/s,303,ft,1820,ft^2,0.43,ft/s,,,Unspecified,Unspecified,Unspecified,Unspecified,Unspecified,Unknown,BridgeCrane,2026-06-26T19:00:34.192866+00:00,point_velocity,Unspecified
05550000,POINT (-88.2903333333333 42.1663055555556),ac5af3ef-fb3b-428c-aff3-1749f0a79147,USGS-05550000,4e84943a-d74c-4910-e053-0100007fd091,310,1971-08-04T06:00:00+00:00,Imported Channel 1,248,ft^3/s,,,,,,,,ft,Unspecified,Unspecified,Unspecified,Unspecified,Unspecified,Unknown,Unspecified,2026-06-26T19:00:34.192866+00:00,other_method,Unspecified
05550000,POINT (-88.2903333333333 42.1663055555556),acfe5e94-324d-4247-a826-4f3a758900f5,USGS-05550000,4e849824-6e03-4c05-e053-0100007f99d3,453,1994-01-27T14:50:00+00:00,Imported Channel 1,502,ft^3/s,218,ft,345,ft^2,1.46,ft/s,,,Unspecified,Unspecified,Unspecified,Unspecified,Unspecified,Unknown,Wading,2026-06-26T19:00:34.192866+00:00,point_velocity,Unspecified
05550000,POINT (-88.2903333333333 42.1663055555556),ad00726a-c450-409d-b409-165a2472a5c4,USGS-05550000,4e849472-7ea8-490a-e053-0100007fb1c0,355,1977-07-05T06:00:00+00:00,Imported Channel 1,189,ft^3/s,,,,,,,,ft,Unspecified,Unspecified,Unspecified,Unspecified,Unspecified,Unknown,Unspecified,2026-06-26T19:00:34.192866+00:00,other_method,Unspecified
05550000,POINT (-88.2903333333333 42.1663055555556),ae4af6d7-9467-478a-b5a2-e82180763765,USGS-05550000,4e848adb-afb1-439a-e053-0100007f9f3a,282,1967-05-02T06:00:00+00:00,Imported Channel 1,1330,ft^3/s,,,,,,,,ft,Unspecified,Unspecified,Unspecified,Unspecified,Unspecified,Unknown,Unspecified,2026-06-26T19:00:34.192866+00:00,other_method,Unspecified
05550000,POINT (-88.2903333333333 42.1663055555556),ae9c43f8-457c-4a75-ba41-e6ced0001db9,USGS-05550000,4e849213-1b9f-4817-e053-0100007fa808,467,1996-03-13T15:45:00+00:00,Imported Channel 1,667,ft^3/s,190,ft,294,ft^2,2.31,ft/s,,,Unspecified,Unspecified,Unspecified,Unspecified,Unspecified,Unknown,Wading,2026-06-26T19:00:34.192866+00:00,point_velocity,Unspecified
05550000,POINT (-88.2903333333333 42.1663055555556),af2840db-825b-4ebf-8fa5-33d18c70f1c8,USGS-05550000,4e84a45c-fda3-53e3-e053-0100007f06fa,523,2004-05-18T18:55:00+00:00,Imported Channel 1,3570,ft^3/s,298,ft,1970,ft^2,1.81,ft/s,,,Unspecified,Unspecified,Unspecified,Unspecified,Unspecified,Unknown,BridgeCrane,2026-06-26T19:00:34.192866+00:00,point_velocity,Unspecified
05550000,POINT (-88.2903333333333 42.1663055555556),afae2f6e-aa81-47cf-be81-f96c2e7fde1a,USGS-05550000,4e84962e-b32b-4aad-e053-0100007f6f76,253,1963-10-09T06:00:00+00:00,Imported Channel 1,104,ft^3/s,,,,,,,,ft,Unspecified,Unspecified,Unspecified,Unspecified,Unspecified,Unknown,Unspecified,2026-06-26T19:00:34.192866+00:00,other_method,Unspecified
05550000,POINT (-88.2903333333333 42.1663055555556),afd98335-0b24-4b51-8e0a-62c3f2e43ef4,USGS-05550000,4e8491d1-6c60-47cc-e053-0100007f0e91,299,1969-12-09T06:00:00+00:00,Imported Channel 1,678,ft^3/s,,,,,,,,ft,Unspecified,Unspecified,Unspecified,Unspecified,Unspecified,Unknown,Unspecified,2026-06-26T19:00:34.192866+00:00,other_method,Unspecified
05550000,POINT (-88.2903333333333 42.1663055555556),b00298f1-6037-406c-9a3a-9ed7e8cc5006,USGS-05550000,4e84af59-900c-577b-e053-0100007fd46e,555,2009-09-22T17:21:00+00:00,Imported Channel 1,515,ft^3/s,290,ft,1410,ft^2,0.36,ft/s,1320.00,ft,Unspecified,Unspecified,Unspecified,Even,Unspecified,Unknown,BridgeDownstreamSide,2026-06-26T19:00:34.192866+00:00,adcp,Upstream
05550000,POINT (-88.2903333333333 42.1663055555556),b04af5c8-46ca-4559-a7f9-43ff7282fa17,USGS-05550000,4e849830-fd5a-4c4d-e053-0100007fe4a5,488,2000-02-01T21:15:00+00:00,Imported Channel 1,498,ft^3/s,154,ft,181,ft^2,2.63,ft/s,,,Unspecified,Unspecified,Unspecified,Unspecified,Unspecified,Unknown,Wading,2026-06-26T19:00:34.192866+00:00,point_velocity,Unspecified
05550000,POINT (-88.2903333333333 42.1663055555556),b1273571-f239-4027-9808-6006c5c554a3,USGS-05550000,4e8492e5-1f0b-4843-e053-0100007f1574,312,1971-10-15T06:00:00+00:00,Imported Channel 1,240,ft^3/s,,,,,,,,ft,Unspecified,Unspecified,Unspecified,Unspecified,Unspecified,Unknown,Unspecified,2026-06-26T19:00:34.192866+00:00,other_method,Unspecified
05550000,POINT (-88.2903333333333 42.1663055555556),b16dbf8c-fd94-43fe-8da4-29877094e144,USGS-05550000,4e848767-4715-41b8-e053-0100007f2703,292,1968-12-03T06:00:00+00:00,Imported Channel 1,825,ft^3/s,,,,,,,,ft,Unspecified,Unspecified,Unspecified,Unspecified,Unspecified,Unknown,Unspecified,2026-06-26T19:00:34.192866+00:00,other_method,Unspecified
05550000,POINT (-88.2903333333333 42.1663055555556),b2e41c71-09f2-4e11-896d-a8d0e09be3a8,USGS-05550000,4e849cb9-9b2b-4e8d-e053-0100007fdbb5,497,2001-04-24T17:00:00+00:00,Imported Channel 1,2210,ft^3/s,305,ft,2120,ft^2,1.04,ft/s,,,Unspecified,Unspecified,Unspecified,Unspecified,Unspecified,Unknown,BridgeCrane,2026-06-26T19:00:34.192866+00:00,point_velocity,Unspecified
05550000,POINT (-88.2903333333333 42.1663055555556),b45ec15f-e654-422f-be36-4e3fc357d53a,USGS-05550000,4e84a45c-fda3-53e3-e053-0100007f06fa,521,2004-05-18T13:00:00+00:00,Imported Channel 1,3890,ft^3/s,298,ft,1890,ft^2,2.06,ft/s,,,Unspecified,Unspecified,Unspecified,Unspecified,Unspecified,Unknown,BridgeCrane,2026-06-26T19:00:34.192866+00:00,point_velocity,Unspecified
05550000,POINT (-88.2903333333333 42.1663055555556),b6c20b1d-2101-41df-9c27-9a2f0802965d,USGS-05550000,4e849446-d0d1-490c-e053-0100007fca0d,358,1977-11-17T06:00:00+00:00,Imported Channel 1,614,ft^3/s,,,,,,,,ft,Unspecified,Unspecified,Unspecified,Unspecified,Unspecified,Unknown,Unspecified,2026-06-26T19:00:34.192866+00:00,other_method,Unspecified
05550000,POINT (-88.2903333333333 42.1663055555556),b6fa926c-ea3c-4ec5-b40f-e4cf7b239cf8,USGS-05550000,4e84a670-f64f-5343-e053-0100007f18d3,541,2007-11-09T16:43:00+00:00,Imported Channel 1,703,ft^3/s,290,ft,1510,ft^2,0.47,ft/s,,ft,Unspecified,Unspecified,Unspecified,Unspecified,Unspecified,Unknown,Unspecified,2026-06-26T19:00:34.192866+00:00,adcp,Unspecified
05550000,POINT (-88.2903333333333 42.1663055555556),b7921b3b-d973-4bc9-b150-24a188bd4adb,USGS-05550000,4e8488bf-18de-42bd-e053-0100007f06d9,268,1965-04-07T06:00:00+00:00,Imported Channel 1,3100,ft^3/s,,,,,,,,ft,Unspecified,Unspecified,Unspecified,Unspecified,Unspecified,Unknown,Unspecified,2026-06-26T19:00:34.192866+00:00,other_method,Unspecified
05550000,POINT (-88.2903333333333 42.1663055555556),b7dfa5d1-d5f1-4314-a4c7-fe561063e595,USGS-05550000,4e84a0ee-3b30-5166-e053-0100007f0549,481,1998-10-16T14:00:00+00:00,Imported Channel 1,370,ft^3/s,150,ft,123,ft^2,2.02,ft/s,,,Unspecified,Unspecified,Unspecified,Unspecified,Unspecified,Unknown,Wading,2026-06-26T19:00:34.192866+00:00,point_velocity,Unspecified
05550000,POINT (-88.2903333333333 42.1663055555556),b84deda1-55f7-4f60-bdbf-82281a5f9a0b,USGS-05550000,4e84a397-f00b-5321-e053-0100007f76ce,465,1996-01-05T16:00:00+00:00,Imported Channel 1,621,ft^3/s,140,ft,162,ft^2,3.91,ft/s,,,Unspecified,Unspecified,Unspecified,Unspecified,Unspecified,Unknown,Wading,2026-06-26T19:00:34.192866+00:00,point_velocity,Unspecified
05550000,POINT (-88.2903333333333 42.1663055555556),b870bf1d-d955-4591-8076-bb510111a9fc,USGS-05550000,4e848a3a-77ce-436c-e053-0100007fe01c,320,1972-11-09T06:00:00+00:00,Imported Channel 1,2240,ft^3/s,,,,,,,,ft,Unspecified,Unspecified,Unspecified,Unspecified,Unspecified,Unknown,Unspecified,2026-06-26T19:00:34.192866+00:00,other_method,Unspecified
05550000,POINT (-88.2903333333333 42.1663055555556),b9d4e058-123d-4dd6-9ad6-1c63309118c6,USGS-05550000,4e849e8c-6e2f-4ea5-e053-0100007fa512,549,2008-08-07T20:02:00+00:00,Imported Channel 1,863,ft^3/s,292,ft,1640,ft^2,0.53,ft/s,,ft,Unspecified,Unspecified,Unspecified,Unspecified,Unspecified,Unknown,Unspecified,2026-06-26T19:00:34.192866+00:00,adcp,Unspecified
05550000,POINT (-88.2903333333333 42.1663055555556),bbbde825-37f2-42be-9074-969757f0533d,USGS-05550000,4e8482df-2d41-3f0e-e053-0100007fcfd2,294,1969-03-06T06:00:00+00:00,Imported Channel 1,1240,ft^3/s,,,,,,,,ft,Unspecified,Unspecified,Unspecified,Unspecified,Unspecified,Unknown,Unspecified,2026-06-26T19:00:34.192866+00:00,other_method,Unspecified
05550000,POINT (-88.2903333333333 42.1663055555556),bc71dfab-a2ea-450a-a891-b76b90fc0a7b,USGS-05550000,4e84a4c2-6ff1-537b-e053-0100007fa0cd,517,2003-10-15T14:15:00+00:00,Imported Channel 1,203,ft^3/s,93.0,ft,112,ft^2,2.24,ft/s,,,Unspecified,Unspecified,Unspecified,Unspecified,Unspecified,Unknown,Wading,2026-06-26T19:00:34.192866+00:00,point_velocity,Unspecified
05550000,POINT (-88.2903333333333 42.1663055555556),bcbe6619-6c26-4a49-95a0-526cc3d470bb,USGS-05550000,4e84a853-78b7-5582-e053-0100007f2424,500,2001-07-19T13:45:00+00:00,Imported Channel 1,502,ft^3/s,168,ft,127,ft^2,3.95,ft/s,,,Unspecified,Unspecified,Unspecified,Unspecified,Unspecified,Unknown,Wading,2026-06-26T19:00:34.192866+00:00,point_velocity,Unspecified
05550000,POINT (-88.2903333333333 42.1663055555556),bd0581c4-b670-429a-9043-9f547e78025d,USGS-05550000,4e84a45c-fda3-53e3-e053-0100007f06fa,522,2004-05-18T14:20:00+00:00,Imported Channel 1,3730,ft^3/s,297,ft,1890,ft^2,1.98,ft/s,,,Unspecified,Unspecified,Unspecified,Unspecified,Unspecified,Unknown,BridgeCrane,2026-06-26T19:00:34.192866+00:00,point_velocity,Unspecified
05550000,POINT (-88.2903333333333 42.1663055555556),bf79e9dd-47da-4fd5-b55c-eca729998271,USGS-05550000,4e848682-751a-4160-e053-0100007f3769,392,1984-05-31T06:00:00+00:00,Imported Channel 1,2540,ft^3/s,288,ft,1700,ft^2,1.48,ft/s,,,Unspecified,Unspecified,Unspecified,Unspecified,Unspecified,Unknown,BridgeCrane,2026-06-26T19:00:34.192866+00:00,point_velocity,Unspecified
05550000,POINT (-88.2903333333333 42.1663055555556),bfb4f80f-1ac7-406f-a2b2-ef4578c08453,USGS-05550000,4e84a670-f650-5343-e053-0100007f18d3,542,2007-12-17T19:55:00+00:00,Imported Channel 1,1140,ft^3/s,288,ft,1570,ft^2,0.73,ft/s,,ft,Unspecified,Unspecified,Unspecified,Unspecified,Unspecified,Unknown,Unspecified,2026-06-26T19:00:34.192866+00:00,adcp,Unspecified
05550000,POINT (-88.2903333333333 42.1663055555556),c1633c45-671e-4f7c-8c89-3008f3d29d58,USGS-05550000,4e849229-31e8-4815-e053-0100007f3a0f,427,1990-05-15T20:30:00+00:00,Imported Channel 1,3300,ft^3/s,305,ft,2240,ft^2,1.47,ft/s,,,Unspecified,Unspecified,Unspecified,Unspecified,Unspecified,Unknown,BridgeCrane,2026-06-26T19:00:34.192866+00:00,point_velocity,Unspecified
05550000,POINT (-88.2903333333333 42.1663055555556),c1c278a7-3973-428f-a352-df6de3499f5a,USGS-05550000,4e8482df-2d46-3f0e-e053-0100007fcfd2,336,1975-02-11T06:00:00+00:00,Imported Channel 1,536,ft^3/s,,,,,,,,ft,Unspecified,Unspecified,Unspecified,Unspecified,Unspecified,Unknown,Unspecified,2026-06-26T19:00:34.192866+00:00,other_method,Unspecified
05550000,POINT (-88.2903333333333 42.1663055555556),c250b6f3-2e70-40af-b5e6-d0144931395e,USGS-05550000,4e848dc6-733d-450b-e053-0100007fac69,372,1980-03-19T06:00:00+00:00,Imported Channel 1,725,ft^3/s,,,,,,,,ft,Unspecified,Unspecified,Unspecified,Unspecified,Unspecified,Unknown,Unspecified,2026-06-26T19:00:34.192866+00:00,other_method,Unspecified
05550000,POINT (-88.2903333333333 42.1663055555556),c29a57e9-4835-471a-bd18-4f2a1d1440a9,USGS-05550000,4e8497cc-9d38-4ba5-e053-0100007f1521,337,1975-04-11T06:00:00+00:00,Imported Channel 1,2580,ft^3/s,,,,,,,,ft,Unspecified,Unspecified,Unspecified,Unspecified,Unspecified,Unknown,Unspecified,2026-06-26T19:00:34.192866+00:00,other_method,Unspecified
05550000,POINT (-88.2903333333333 42.1663055555556),c2d45119-b2a9-4ea7-9a8d-f898b498a009,USGS-05550000,4e849440-fa3e-4938-e053-0100007ff3e3,361,1978-03-30T06:00:00+00:00,Imported Channel 1,1660,ft^3/s,,,,,,,,ft,Unspecified,Unspecified,Unspecified,Unspecified,Unspecified,Unknown,Unspecified,2026-06-26T19:00:34.192866+00:00,other_method,Unspecified
05550000,POINT (-88.2903333333333 42.1663055555556),c3f9968b-2d75-47ac-84d2-5c6da2cc9424,USGS-05550000,4e84a22f-3ebe-51e2-e053-0100007fb2e0,473,1997-03-13T15:30:00+00:00,Imported Channel 1,2280,ft^3/s,295,ft,2160,ft^2,1.07,ft/s,,,Unspecified,Unspecified,Unspecified,Unspecified,Unspecified,Unknown,BridgeCrane,2026-06-26T19:00:34.192866+00:00,point_velocity,Unspecified
05550000,POINT (-88.2903333333333 42.1663055555556),c49d29ae-92de-4b5f-b76a-79e9b67ee015,USGS-05550000,4e848846-ced3-428e-e053-0100007fdef9,276,1966-08-04T06:00:00+00:00,Imported Channel 1,293,ft^3/s,,,,,,,,ft,Unspecified,Unspecified,Unspecified,Unspecified,Unspecified,Unknown,Unspecified,2026-06-26T19:00:34.192866+00:00,other_method,Unspecified
05550000,POINT (-88.2903333333333 42.1663055555556),c680af16-2084-46d0-a99d-1772e5124e10,USGS-05550000,4e848013-14fe-3d78-e053-0100007fbb82,442,1992-05-26T14:40:00+00:00,Imported Channel 1,446,ft^3/s,117,ft,157,ft^2,2.84,ft/s,,,Unspecified,Unspecified,Unspecified,Unspecified,Unspecified,Unknown,Wading,2026-06-26T19:00:34.192866+00:00,point_velocity,Unspecified
05550000,POINT (-88.2903333333333 42.1663055555556),c68e3cf1-a943-4b84-ba77-d233ed50d704,USGS-05550000,4e849330-3a86-48ad-e053-0100007fe527,285,1967-10-05T06:00:00+00:00,Imported Channel 1,326,ft^3/s,,,,,,,,ft,Unspecified,Unspecified,Unspecified,Unspecified,Unspecified,Unknown,Unspecified,2026-06-26T19:00:34.192866+00:00,other_method,Unspecified
05550000,POINT (-88.2903333333333 42.1663055555556),c6bc4abe-0cc4-42ac-a851-2e1e6e27757d,USGS-05550000,4e84885b-4c61-4292-e053-0100007f057c,388,1983-07-07T06:00:00+00:00,Imported Channel 1,815,ft^3/s,115,ft,199,ft^2,4.10,ft/s,,,Unspecified,Unspecified,Unspecified,Unspecified,Unspecified,Unknown,Wading,2026-06-26T19:00:34.192866+00:00,point_velocity,Unspecified
05550000,POINT (-88.2903333333333 42.1663055555556),c758840c-6aed-4722-864e-7613bd73ed41,USGS-05550000,4e849551-5afe-493c-e053-0100007fb4f0,389,1983-09-23T06:00:00+00:00,Imported Channel 1,836,ft^3/s,115,ft,210,ft^2,3.98,ft/s,,,Unspecified,Unspecified,Unspecified,Unspecified,Unspecified,Unknown,Wading,2026-06-26T19:00:34.192866+00:00,point_velocity,Unspecified
05550000,POINT (-88.2903333333333 42.1663055555556),c7d6b470-fa46-4312-b823-f4b774ec49da,USGS-05550000,4e84a35d-bb90-531f-e053-0100007fe03f,454,1994-03-25T16:00:00+00:00,Imported Channel 1,1780,ft^3/s,310,ft,2080,ft^2,0.86,ft/s,,,Unspecified,Unspecified,Unspecified,Unspecified,Unspecified,Unknown,BridgeCrane,2026-06-26T19:00:34.192866+00:00,point_velocity,Unspecified
05550000,POINT (-88.2903333333333 42.1663055555556),c8fc5f27-3a67-416d-af31-be5a93b0191b,USGS-05550000,4e849580-661e-4a12-e053-0100007ff362,405,1987-09-24T13:00:00+00:00,Imported Channel 1,1080,ft^3/s,288,ft,1510,ft^2,0.72,ft/s,,,Unspecified,Unspecified,Unspecified,Unspecified,Unspecified,Unknown,BridgeCrane,2026-06-26T19:00:34.192866+00:00,point_velocity,Unspecified
05550000,POINT (-88.2903333333333 42.1663055555556),c917d34e-db00-4a58-9056-3baa2f39320e,USGS-05550000,4e8494b6-cfd8-48e9-e053-0100007fbe3c,455,1994-06-01T13:45:00+00:00,Imported Channel 1,379,ft^3/s,218,ft,302,ft^2,1.25,ft/s,,,Unspecified,Unspecified,Unspecified,Unspecified,Unspecified,Unknown,Wading,2026-06-26T19:00:34.192866+00:00,point_velocity,Unspecified
05550000,POINT (-88.2903333333333 42.1663055555556),c95c63f1-8632-4270-848a-1c93888526bd,USGS-05550000,4e849607-96fa-4a8e-e053-0100007fd728,295,1969-04-09T06:00:00+00:00,Imported Channel 1,1720,ft^3/s,,,,,,,,ft,Unspecified,Unspecified,Unspecified,Unspecified,Unspecified,Unknown,Unspecified,2026-06-26T19:00:34.192866+00:00,other_method,Unspecified
05550000,POINT (-88.2903333333333 42.1663055555556),ca933392-e0ba-4b32-b7b9-452d83db35af,USGS-05550000,4e848c34-8ef5-43c9-e053-0100007f736f,371,1979-12-03T06:00:00+00:00,Imported Channel 1,1260,ft^3/s,,,,,,,,ft,Unspecified,Unspecified,Unspecified,Unspecified,Unspecified,Unknown,Unspecified,2026-06-26T19:00:34.192866+00:00,other_method,Unspecified
05550000,POINT (-88.2903333333333 42.1663055555556),cbc414ef-a6bf-4cb6-8e2d-90b85bc88757,USGS-05550000,4e8480df-c4eb-3d7c-e053-0100007fab60,375,1980-08-26T06:00:00+00:00,Imported Channel 1,1620,ft^3/s,,,,,,,,ft,Unspecified,Unspecified,Unspecified,Unspecified,Unspecified,Unknown,Unspecified,2026-06-26T19:00:34.192866+00:00,other_method,Unspecified
05550000,POINT (-88.2903333333333 42.1663055555556),cc448ecb-f9f5-404b-8cad-d29e102071af,USGS-05550000,4e8489d5-92ee-4396-e053-0100007fd65e,362,1978-05-12T06:00:00+00:00,Imported Channel 1,502,ft^3/s,,,,,,,,ft,Unspecified,Unspecified,Unspecified,Unspecified,Unspecified,Unknown,Unspecified,2026-06-26T19:00:34.192866+00:00,other_method,Unspecified
05550000,POINT (-88.2903333333333 42.1663055555556),cc6fbb49-022c-4b26-97f7-4d0938a395f9,USGS-05550000,4e84a2f3-c4ef-52dd-e053-0100007fcad9,433,1991-02-01T17:10:00+00:00,Imported Channel 1,630,ft^3/s,173,ft,228,ft^2,2.76,ft/s,,,Unspecified,Unspecified,Unspecified,Unspecified,Unspecified,Unknown,BridgeCrane,2026-06-26T19:00:34.192866+00:00,point_velocity,Unspecified
05550000,POINT (-88.2903333333333 42.1663055555556),cfa3d8ba-0c92-4a6b-98c4-399d6f045faa,USGS-05550000,4e84919a-b10a-479d-e053-0100007f1a24,438,1991-10-15T16:15:00+00:00,Imported Channel 1,493,ft^3/s,304,ft,1790,ft^2,0.28,ft/s,,,Unspecified,Unspecified,Unspecified,Unspecified,Unspecified,Unknown,BridgeCrane,2026-06-26T19:00:34.192866+00:00,point_velocity,Unspecified
05550000,POINT (-88.2903333333333 42.1663055555556),d1ba9cd4-8692-44dd-9c03-0126e8c102ca,USGS-05550000,4e84943a-d755-4910-e053-0100007fd091,390,1983-12-13T06:00:00+00:00,Imported Channel 1,1740,ft^3/s,288,ft,1620,ft^2,1.07,ft/s,,,Unspecified,Unspecified,Unspecified,Unspecified,Unspecified,Unknown,BridgeCrane,2026-06-26T19:00:34.192866+00:00,point_velocity,Unspecified
05550000,POINT (-88.2903333333333 42.1663055555556),d2544dea-35f6-4497-8d2c-42b6d3321993,USGS-05550000,4e84a35d-bb8b-531f-e053-0100007fe03f,441,1992-03-25T15:40:00+00:00,Imported Channel 1,1430,ft^3/s,300,ft,1950,ft^2,0.73,ft/s,,,Unspecified,Unspecified,Unspecified,Unspecified,Unspecified,Unknown,BridgeCrane,2026-06-26T19:00:34.192866+00:00,point_velocity,Unspecified
05550000,POINT (-88.2903333333333 42.1663055555556),d2730333-f62d-419f-b799-df1f4d684b66,USGS-05550000,4e84a4c2-6ff4-537b-e053-0100007fa0cd,538,2007-06-28T16:10:00+00:00,Imported Channel 1,801,ft^3/s,288,ft,1550,ft^2,0.46,ft/s,,ft,Unspecified,Unspecified,Unspecified,Unspecified,Unspecified,Unknown,Unspecified,2026-06-26T19:00:34.192866+00:00,adcp,Unspecified
05550000,POINT (-88.2903333333333 42.1663055555556),d43e3355-644a-47c0-96a8-c63ca561d923,USGS-05550000,4e847c70-6d3e-39f6-e053-0100007f9c67,311,1971-08-25T06:00:00+00:00,Imported Channel 1,262,ft^3/s,,,,,,,,ft,Unspecified,Unspecified,Unspecified,Unspecified,Unspecified,Unknown,Unspecified,2026-06-26T19:00:34.192866+00:00,other_method,Unspecified
05550000,POINT (-88.2903333333333 42.1663055555556),d4696133-7d0e-4ab9-a5ac-2ea4c7b73be7,USGS-05550000,4e848787-2ef0-4194-e053-0100007f463e,347,1976-11-08T06:00:00+00:00,Imported Channel 1,309,ft^3/s,,,,,,,,ft,Unspecified,Unspecified,Unspecified,Unspecified,Unspecified,Unknown,Unspecified,2026-06-26T19:00:34.192866+00:00,other_method,Unspecified
05550000,POINT (-88.2903333333333 42.1663055555556),d5127fff-e122-46f1-8b6f-810b14c85fb1,USGS-05550000,4e84983c-1c4a-4bd5-e053-0100007fc432,414,1988-09-14T15:00:00+00:00,Imported Channel 1,195,ft^3/s,93.0,ft,93.0,ft^2,2.10,ft/s,,,Unspecified,Unspecified,Unspecified,Unspecified,Unspecified,Unknown,Wading,2026-06-26T19:00:34.192866+00:00,point_velocity,Unspecified
05550000,POINT (-88.2903333333333 42.1663055555556),d5251a39-d92d-43d0-a28d-be2118f741a3,USGS-05550000,4e8482df-2d4c-3f0e-e053-0100007fcfd2,380,1981-10-08T06:00:00+00:00,Imported Channel 1,990,ft^3/s,203,ft,387,ft^2,2.56,ft/s,,,Unspecified,Unspecified,Unspecified,Unspecified,Unspecified,Unknown,Wading,2026-06-26T19:00:34.192866+00:00,point_velocity,Unspecified
05550000,POINT (-88.2903333333333 42.1663055555556),d5369e44-3120-454e-9120-95794c3325f0,USGS-05550000,4e849686-f588-4a76-e053-0100007f1a8f,306,1971-01-29T06:00:00+00:00,Imported Channel 1,508,ft^3/s,,,,,,,,ft,Unspecified,Unspecified,Unspecified,Unspecified,Unspecified,Unknown,Unspecified,2026-06-26T19:00:34.192866+00:00,other_method,Unspecified
05550000,POINT (-88.2903333333333 42.1663055555556),d59d7edd-c973-41a9-9a0c-62c110160d8a,USGS-05550000,4e849c82-fe46-4e23-e053-0100007f0133,528,2005-03-10T18:00:00+00:00,Imported Channel 1,1540,ft^3/s,303,ft,2060,ft^2,0.75,ft/s,,,Unspecified,Unspecified,Unspecified,Unspecified,Unspecified,Unknown,BridgeCrane,2026-06-26T19:00:34.192866+00:00,point_velocity,Unspecified
05550000,POINT (-88.2903333333333 42.1663055555556),d6b67bd3-a614-418a-8d22-04a5eab58313,USGS-05550000,4e84a164-02d1-5194-e053-0100007f0dd6,495,2001-01-03T15:40:00+00:00,Imported Channel 1,629,ft^3/s,255,ft,408,ft^2,1.54,ft/s,,,Unspecified,Unspecified,Unspecified,Unspecified,Unspecified,Unknown,Wading,2026-06-26T19:00:34.192866+00:00,point_velocity,Unspecified
05550000,POINT (-88.2903333333333 42.1663055555556),d726a0f0-d4bc-498f-9034-0449cf190115,USGS-05550000,4e84a495-aca6-537f-e053-0100007fdc4f,554,2009-08-05T18:22:00+00:00,Channel 1,571,ft^3/s,,,,,,,,,Unspecified,Unspecified,Unspecified,Even,Unspecified,Unknown,Wading,2026-06-26T19:00:34.192866+00:00,point_velocity,Unspecified
05550000,POINT (-88.2903333333333 42.1663055555556),d78aaf79-ad3a-46b3-ae6e-d750617e8b1d,USGS-05550000,4e84988d-6de4-4ba9-e053-0100007fcf9a,426,1990-04-04T19:40:00+00:00,Imported Channel 1,1110,ft^3/s,304,ft,1930,ft^2,0.58,ft/s,,,Unspecified,Unspecified,Unspecified,Unspecified,Unspecified,Unknown,BridgeCrane,2026-06-26T19:00:34.192866+00:00,point_velocity,Unspecified
05550000,POINT (-88.2903333333333 42.1663055555556),d7fb6efe-875f-43f0-93f0-89a0b4e2a923,USGS-05550000,4e84845d-d364-4044-e053-0100007fe585,386,1983-01-14T06:00:00+00:00,Imported Channel 1,1040,ft^3/s,287,ft,1530,ft^2,0.69,ft/s,,,Unspecified,Unspecified,Unspecified,Unspecified,Unspecified,Unknown,BridgeCrane,2026-06-26T19:00:34.192866+00:00,point_velocity,Unspecified
05550000,POINT (-88.2903333333333 42.1663055555556),d80a2324-7a2d-4e93-aa9c-96e0e51c33b0,USGS-05550000,4e84a113-7a2d-51be-e053-0100007fc8fa,494,2000-11-13T21:25:00+00:00,Imported Channel 1,1930,ft^3/s,297,ft,2040,ft^2,0.95,ft/s,,,Unspecified,Unspecified,Unspecified,Unspecified,Unspecified,Unknown,BridgeCrane,2026-06-26T19:00:34.192866+00:00,point_velocity,Unspecified
05550000,POINT (-88.2903333333333 42.1663055555556),d80a5b67-242e-4c08-bb21-29ac4e6e7cb8,USGS-05550000,4e84a5e3-c69a-53e5-e053-0100007f340c,470,1996-07-31T15:40:00+00:00,Imported Channel 1,774,ft^3/s,289,ft,1840,ft^2,0.42,ft/s,,,Unspecified,Unspecified,Unspecified,Unspecified,Unspecified,Unknown,BridgeCrane,2026-06-26T19:00:34.192866+00:00,point_velocity,Unspecified
05550000,POINT (-88.2903333333333 42.1663055555556),d813bdc3-bec4-4da0-afde-11cdbb10a83a,USGS-05550000,4e849673-d0ce-4a1e-e053-0100007f3ddc,480,1998-07-28T13:45:00+00:00,Imported Channel 1,385,ft^3/s,145,ft,170,ft^2,2.42,ft/s,,,Unspecified,Unspecified,Unspecified,Unspecified,Unspecified,Unknown,Wading,2026-06-26T19:00:34.192866+00:00,point_velocity,Unspecified
05550000,POINT (-88.2903333333333 42.1663055555556),d93dd727-2d62-40f0-9d14-0c2233bc3d3d,USGS-05550000,4e848bb9-16c2-4348-e053-0100007f1991,393,1984-08-22T06:00:00+00:00,Imported Channel 1,270,ft^3/s,,,,,,,,ft,Unspecified,Unspecified,Unspecified,Unspecified,Unspecified,Unknown,Unspecified,2026-06-26T19:00:34.192866+00:00,other_method,Unspecified
05550000,POINT (-88.2903333333333 42.1663055555556),daca0a5a-17b0-4a50-a79f-fb00c803cfc1,USGS-05550000,4e847c70-6d3f-39f6-e053-0100007f9c67,313,1971-11-05T06:00:00+00:00,Imported Channel 1,134,ft^3/s,,,,,,,,ft,Unspecified,Unspecified,Unspecified,Unspecified,Unspecified,Unknown,Unspecified,2026-06-26T19:00:34.192866+00:00,other_method,Unspecified
05550000,POINT (-88.2903333333333 42.1663055555556),db08d400-ebda-4d29-ad0f-bbaec6e44c4d,USGS-05550000,4e848767-4730-41b8-e053-0100007f2703,402,1987-01-15T06:00:00+00:00,Imported Channel 1,901,ft^3/s,288,ft,1500,ft^2,0.60,ft/s,,,Unspecified,Unspecified,Unspecified,Unspecified,Unspecified,Unknown,BridgeCrane,2026-06-26T19:00:34.192866+00:00,point_velocity,Unspecified
05550000,POINT (-88.2903333333333 42.1663055555556),dc247ae9-8451-4140-b17c-2aa1c3515cfc,USGS-05550000,4e849c5c-9a77-4e0f-e053-0100007f6663,379,1981-07-24T06:00:00+00:00,Imported Channel 1,455,ft^3/s,151,ft,214,ft^2,2.13,ft/s,,,Unspecified,Unspecified,Unspecified,Unspecified,Unspecified,Unknown,Wading,2026-06-26T19:00:34.192866+00:00,point_velocity,Unspecified
05550000,POINT (-88.2903333333333 42.1663055555556),dc518f79-fc03-40a6-b321-2f8b1c5aa548,USGS-05550000,4e848d6b-b6f1-443a-e053-0100007f7e3f,460,1995-01-25T15:48:00+00:00,Imported Channel 1,1240,ft^3/s,168,ft,430,ft^2,2.93,ft/s,,,Unspecified,Unspecified,Unspecified,Unspecified,Unspecified,Unknown,BridgeCrane,2026-06-26T19:00:34.192866+00:00,point_velocity,Unspecified
05550000,POINT (-88.2903333333333 42.1663055555556),dd0cef48-cf95-4877-bf72-e9eb86967342,USGS-05550000,4e849cf9-11a6-4ea7-e053-0100007f4505,431,1990-10-19T15:10:00+00:00,Imported Channel 1,1160,ft^3/s,303,ft,1920,ft^2,0.60,ft/s,,,Unspecified,Unspecified,Unspecified,Unspecified,Unspecified,Unknown,BridgeCrane,2026-06-26T19:00:34.192866+00:00,point_velocity,Unspecified
05550000,POINT (-88.2903333333333 42.1663055555556),ddfcf1b4-cde2-43f3-a5ca-e8a7459d8591,USGS-05550000,4e84a45c-fda1-53e3-e053-0100007f06fa,519,2004-02-02T21:25:00+00:00,Imported Channel 1,382,ft^3/s,146,ft,152,ft^2,2.59,ft/s,,,Unspecified,Unspecified,Unspecified,Unspecified,Unspecified,Unknown,Wading,2026-06-26T19:00:34.192866+00:00,point_velocity,Unspecified
05550000,POINT (-88.2903333333333 42.1663055555556),ded645af-894d-41bd-8219-3809c2224e7d,USGS-05550000,4e84a154-5668-5164-e053-0100007fbbae,462,1995-06-19T14:18:00+00:00,Imported Channel 1,444,ft^3/s,115,ft,118,ft^2,3.76,ft/s,,,Unspecified,Unspecified,Unspecified,Unspecified,Unspecified,Unknown,Wading,2026-06-26T19:00:34.192866+00:00,point_velocity,Unspecified
05550000,POINT (-88.2903333333333 42.1663055555556),ded836c5-f757-4302-b5d7-b49c4910e239,USGS-05550000,4e84a53d-2298-53e7-e053-0100007f42af,468,1996-05-13T14:32:00+00:00,Imported Channel 1,2200,ft^3/s,302,ft,2050,ft^2,1.07,ft/s,,,Unspecified,Unspecified,Unspecified,Unspecified,Unspecified,Unknown,BridgeCrane,2026-06-26T19:00:34.192866+00:00,point_velocity,Unspecified
05550000,POINT (-88.2903333333333 42.1663055555556),df9d0477-bc1a-4cd9-9635-0f5682e19c4a,USGS-05550000,4e8497cc-9d37-4ba5-e053-0100007f1521,335,1974-12-11T06:00:00+00:00,Imported Channel 1,1020,ft^3/s,,,,,,,,ft,Unspecified,Unspecified,Unspecified,Unspecified,Unspecified,Unknown,Unspecified,2026-06-26T19:00:34.192866+00:00,other_method,Unspecified
05550000,POINT (-88.2903333333333 42.1663055555556),dffd7b5f-fa5f-40ca-a81f-a3113fe85e6c,USGS-05550000,4e847fcc-8ce1-3d92-e053-0100007f3805,530,2005-10-04T14:50:00+00:00,Imported Channel 1,294,ft^3/s,172,ft,220,ft^2,1.42,ft/s,,,Unspecified,Unspecified,Unspecified,Unspecified,Unspecified,Unknown,Wading,2026-06-26T19:00:34.192866+00:00,point_velocity,Unspecified
05550000,POINT (-88.2903333333333 42.1663055555556),e0379080-a921-4e6c-82c2-52920061f31a,USGS-05550000,4e849577-b6c9-4a14-e053-0100007f8094,537,2007-03-14T19:30:00+00:00,Imported Channel 1,3220,ft^3/s,294,ft,1710,ft^2,1.88,ft/s,,ft,Unspecified,Unspecified,Unspecified,Unspecified,Unspecified,Unknown,Unspecified,2026-06-26T19:00:34.192866+00:00,adcp,Unspecified
05550000,POINT (-88.2903333333333 42.1663055555556),e062f3c8-8bff-4d96-9338-1e5c0c29387c,USGS-05550000,4e849663-cda6-4aa6-e053-0100007f7e52,486,1999-10-15T17:50:00+00:00,Imported Channel 1,451,ft^3/s,176,ft,217,ft^2,2.08,ft/s,,,Unspecified,Unspecified,Unspecified,Unspecified,Unspecified,Unknown,Wading,2026-06-26T19:00:34.192866+00:00,point_velocity,Unspecified
05550000,POINT (-88.2903333333333 42.1663055555556),e14fad0c-2124-455d-a29f-f2b91c785bae,USGS-05550000,4e848288-1123-3f10-e053-0100007f9e28,365,1978-10-19T06:00:00+00:00,Imported Channel 1,669,ft^3/s,,,,,,,,ft,Unspecified,Unspecified,Unspecified,Unspecified,Unspecified,Unknown,Unspecified,2026-06-26T19:00:34.192866+00:00,other_method,Unspecified
05550000,POINT (-88.2903333333333 42.1663055555556),e497f28d-eba6-4a22-bb76-7ae1f94746cd,USGS-05550000,4e849607-9702-4a8e-e053-0100007fd728,348,1976-12-10T06:00:00+00:00,Imported Channel 1,415,ft^3/s,,,,,,,,ft,Unspecified,Unspecified,Unspecified,Unspecified,Unspecified,Unknown,Unspecified,2026-06-26T19:00:34.192866+00:00,other_method,Unspecified
05550000,POINT (-88.2903333333333 42.1663055555556),e747e96b-a973-43e7-880c-22876298ff56,USGS-05550000,4e8497b8-2bcd-4bd7-e053-0100007f2092,484,1999-04-28T14:05:00+00:00,Imported Channel 1,3950,ft^3/s,296,ft,2130,ft^2,1.85,ft/s,,,Unspecified,Unspecified,Unspecified,Unspecified,Unspecified,Unknown,BridgeCrane,2026-06-26T19:00:34.192866+00:00,point_velocity,Unspecified
05550000,POINT (-88.2903333333333 42.1663055555556),e782a47f-5e4f-4f1a-ab8c-236bf962a1d8,USGS-05550000,4e849c82-fe47-4e23-e053-0100007f0133,534,2006-05-31T17:57:00+00:00,Imported Channel 1,2000,ft^3/s,298,ft,1790,ft^2,1.12,ft/s,,ft,Unspecified,Unspecified,Unspecified,Unspecified,Unspecified,Unknown,Unspecified,2026-06-26T19:00:34.192866+00:00,adcp,Unspecified
05550000,POINT (-88.2903333333333 42.1663055555556),e78d4045-5f48-489e-92e7-fe553d9f8fac,USGS-05550000,4e84a154-5666-5164-e053-0100007fbbae,457,1994-10-11T20:25:00+00:00,Imported Channel 1,272,ft^3/s,194,ft,255,ft^2,1.07,ft/s,,,Unspecified,Unspecified,Unspecified,Unspecified,Unspecified,Unknown,Wading,2026-06-26T19:00:34.192866+00:00,point_velocity,Unspecified
05550000,POINT (-88.2903333333333 42.1663055555556),e7b51bf3-db55-41d8-bb7d-de9df650e98e,USGS-05550000,4e848013-14ec-3d78-e053-0100007fbb82,329,1974-02-14T06:00:00+00:00,Imported Channel 1,2430,ft^3/s,,,,,,,,ft,Unspecified,Unspecified,Unspecified,Unspecified,Unspecified,Unknown,Unspecified,2026-06-26T19:00:34.192866+00:00,other_method,Unspecified
05550000,POINT (-88.2903333333333 42.1663055555556),e7f39ba9-7c78-41f1-a657-14b36c2558ef,USGS-05550000,4e84a670-f64d-5343-e053-0100007f18d3,539,2007-08-22T19:30:00+00:00,Imported Channel 1,5000,ft^3/s,296,ft,1900,ft^2,2.63,ft/s,,ft,Unspecified,Unspecified,Unspecified,Unspecified,Unspecified,Unknown,Unspecified,2026-06-26T19:00:34.192866+00:00,adcp,Unspecified
05550000,POINT (-88.2903333333333 42.1663055555556),e933224d-47b6-489e-bf8a-176e2713b93a,USGS-05550000,4e84885b-4c5d-4292-e053-0100007f057c,286,1967-12-07T06:00:00+00:00,Imported Channel 1,763,ft^3/s,,,,,,,,ft,Unspecified,Unspecified,Unspecified,Unspecified,Unspecified,Unknown,Unspecified,2026-06-26T19:00:34.192866+00:00,other_method,Unspecified
05550000,POINT (-88.2903333333333 42.1663055555556),e94ed699-40b2-48da-adb1-433801b2463b,USGS-05550000,4e847c70-6d4a-39f6-e053-0100007f9c67,367,1979-02-12T06:00:00+00:00,Imported Channel 1,503,ft^3/s,,,,,,,,ft,Unspecified,Unspecified,Unspecified,Unspecified,Unspecified,Unknown,Unspecified,2026-06-26T19:00:34.192866+00:00,other_method,Unspecified
05550000,POINT (-88.2903333333333 42.1663055555556),e9b30fde-f54a-4592-a94a-3ab777c358f9,USGS-05550000,4e848d11-2505-453c-e053-0100007f7a8e,409,1988-06-02T17:55:00+00:00,Imported Channel 1,403,ft^3/s,111,ft,138,ft^2,2.92,ft/s,,,Unspecified,Unspecified,Unspecified,Unspecified,Unspecified,Unknown,Wading,2026-06-26T19:00:34.192866+00:00,point_velocity,Unspecified
05550000,POINT (-88.2903333333333 42.1663055555556),ea0e651e-b6c5-46dd-b827-6e21fbd41928,USGS-05550000,4e849450-7782-496e-e053-0100007f376d,267,1965-02-16T06:00:00+00:00,Imported Channel 1,2190,ft^3/s,,,,,,,,ft,Unspecified,Unspecified,Unspecified,Unspecified,Unspecified,Unknown,Unspecified,2026-06-26T19:00:34.192866+00:00,other_method,Unspecified
05550000,POINT (-88.2903333333333 42.1663055555556),ead372ff-0544-4249-98be-23645c6e81c2,USGS-05550000,4e849551-5b0a-493c-e053-0100007fb4f0,418,1989-04-20T18:30:00+00:00,Imported Channel 1,59.9,ft^3/s,77.0,ft,59.6,ft^2,1.00,ft/s,,,Unspecified,Unspecified,Unspecified,Unspecified,Unspecified,Unknown,Wading,2026-06-26T19:00:34.192866+00:00,point_velocity,Unspecified
05550000,POINT (-88.2903333333333 42.1663055555556),ead517ca-da53-4c46-a88f-dfff219aafda,USGS-05550000,4e84887b-0b8a-42b9-e053-0100007f0ad1,417,1989-02-15T15:50:00+00:00,Imported Channel 1,528,ft^3/s,110,ft,160,ft^2,3.30,ft/s,,,Unspecified,Unspecified,Unspecified,Unspecified,Unspecified,Unknown,Wading,2026-06-26T19:00:34.192866+00:00,point_velocity,Unspecified
05550000,POINT (-88.2903333333333 42.1663055555556),eaedd4dd-fac7-4248-9153-ea6c83626a9d,USGS-05550000,4e849673-d0b1-4a1e-e053-0100007f3ddc,387,1983-04-15T06:00:00+00:00,Imported Channel 1,5140,ft^3/s,288,ft,2020,ft^2,2.54,ft/s,,,Unspecified,Unspecified,Unspecified,Unspecified,Unspecified,Unknown,BridgeCrane,2026-06-26T19:00:34.192866+00:00,point_velocity,Unspecified
05550000,POINT (-88.2903333333333 42.1663055555556),eb485ed9-1f3a-4ffc-ac72-cd621b06808d,USGS-05550000,4e848767-4712-41b8-e053-0100007f2703,289,1968-06-06T06:00:00+00:00,Imported Channel 1,551,ft^3/s,,,,,,,,ft,Unspecified,Unspecified,Unspecified,Unspecified,Unspecified,Unknown,Unspecified,2026-06-26T19:00:34.192866+00:00,other_method,Unspecified
05550000,POINT (-88.2903333333333 42.1663055555556),ed7fc9f2-cb98-4b61-9432-d1f8e12a887c,USGS-05550000,4e8491d1-6c62-47cc-e053-0100007f0e91,303,1970-08-12T06:00:00+00:00,Imported Channel 1,207,ft^3/s,,,,,,,,ft,Unspecified,Unspecified,Unspecified,Unspecified,Unspecified,Unknown,Unspecified,2026-06-26T19:00:34.192866+00:00,other_method,Unspecified
05550000,POINT (-88.2903333333333 42.1663055555556),eff1d284-1ec9-4561-beaa-0112e68b813a,USGS-05550000,4e848a6f-ba17-43c2-e053-0100007f6551,443,1992-07-13T14:00:00+00:00,Imported Channel 1,385,ft^3/s,115,ft,132,ft^2,2.93,ft/s,,,Unspecified,Unspecified,Unspecified,Unspecified,Unspecified,Unknown,Wading,2026-06-26T19:00:34.192866+00:00,point_velocity,Unspecified
05550000,POINT (-88.2903333333333 42.1663055555556),f31c2ed5-646e-444d-b491-35df57f4fb4d,USGS-05550000,4e848d6b-b6e1-443a-e053-0100007f7e3f,261,1964-06-05T06:00:00+00:00,Imported Channel 1,133,ft^3/s,,,,,,,,ft,Unspecified,Unspecified,Unspecified,Unspecified,Unspecified,Unknown,Unspecified,2026-06-26T19:00:34.192866+00:00,other_method,Unspecified
05550000,POINT (-88.2903333333333 42.1663055555556),f372f0cb-7198-4bec-8258-725d1c6b05e8,USGS-05550000,4e849830-fd33-4c4d-e053-0100007fe4a5,368,1979-03-26T06:00:00+00:00,Imported Channel 1,5650,ft^3/s,,,,,,,,ft,Unspecified,Unspecified,Unspecified,Unspecified,Unspecified,Unknown,Unspecified,2026-06-26T19:00:34.192866+00:00,other_method,Unspecified
05550000,POINT (-88.2903333333333 42.1663055555556),f3c2318a-a8b4-4053-9583-997701c8306f,USGS-05550000,4e84a5e3-c6a8-53e5-e053-0100007f340c,552,2009-03-13T15:07:00+00:00,Imported Channel 1,4070,ft^3/s,,ft,,ft^2,,ft/s,,ft,Unspecified,Unspecified,Unspecified,Unspecified,Unspecified,Unknown,MannedMovingBoat,2026-06-26T19:00:34.192866+00:00,adcp,Unspecified
05550000,POINT (-88.2903333333333 42.1663055555556),f405ca24-1cfb-458b-9892-4d9296fde349,USGS-05550000,4e84845d-d362-4044-e053-0100007fe585,383,1982-05-04T06:00:00+00:00,Imported Channel 1,1030,ft^3/s,288,ft,1450,ft^2,0.71,ft/s,,,Unspecified,Unspecified,Unspecified,Unspecified,Unspecified,Unknown,BridgeCrane,2026-06-26T19:00:34.192866+00:00,point_velocity,Unspecified
05550000,POINT (-88.2903333333333 42.1663055555556),f421fc50-ec47-4ea7-8689-adae6b8ad352,USGS-05550000,4e849551-5b16-493c-e053-0100007fb4f0,474,1997-05-28T12:15:00+00:00,Imported Channel 1,1230,ft^3/s,285,ft,1860,ft^2,0.63,ft/s,,,Unspecified,Unspecified,Unspecified,Unspecified,Unspecified,Unknown,BridgeCrane,2026-06-26T19:00:34.192866+00:00,point_velocity,Unspecified
05550000,POINT (-88.2903333333333 42.1663055555556),f45f4782-d450-4233-83b9-3864a96183f3,USGS-05550000,4e8497d8-ed6e-4bb3-e053-0100007f656d,507,2002-06-11T15:15:00+00:00,Imported Channel 1,3260,ft^3/s,301,ft,2290,ft^2,1.42,ft/s,,,Unspecified,Unspecified,Unspecified,Unspecified,Unspecified,Unknown,BridgeCrane,2026-06-26T19:00:34.192866+00:00,point_velocity,Unspecified
05550000,POINT (-88.2903333333333 42.1663055555556),f4762f2a-221f-49dc-9f08-d4134aca475c,USGS-05550000,4e84a35d-bb97-531f-e053-0100007fe03f,491,2000-06-08T19:00:00+00:00,Imported Channel 1,3960,ft^3/s,298,ft,2260,ft^2,1.75,ft/s,,,Unspecified,Unspecified,Unspecified,Unspecified,Unspecified,Unknown,BridgeCrane,2026-06-26T19:00:34.192866+00:00,point_velocity,Unspecified
05550000,POINT (-88.2903333333333 42.1663055555556),f5526935-8879-4f49-9a60-79d5fb997332,USGS-05550000,4e8492cd-dec7-4841-e053-0100007f1746,395,1985-03-15T06:00:00+00:00,Imported Channel 1,3820,ft^3/s,288,ft,1890,ft^2,2.02,ft/s,,,Unspecified,Unspecified,Unspecified,Unspecified,Unspecified,Unknown,BridgeCrane,2026-06-26T19:00:34.192866+00:00,point_velocity,Unspecified
05550000,POINT (-88.2903333333333 42.1663055555556),f58215ba-3985-44dc-816d-94068e1ec4e1,USGS-05550000,4e8487d8-9def-41be-e053-0100007f62a4,352,1977-04-18T06:00:00+00:00,Imported Channel 1,567,ft^3/s,,,,,,,,ft,Unspecified,Unspecified,Unspecified,Unspecified,Unspecified,Unknown,Unspecified,2026-06-26T19:00:34.192866+00:00,other_method,Unspecified
05550000,POINT (-88.2903333333333 42.1663055555556),f6f99194-7eaa-4c5a-8d84-28a0759e3d55,USGS-05550000,4e849673-d0d6-4a1e-e053-0100007f3ddc,512,2003-03-12T17:45:00+00:00,Imported Channel 1,267,ft^3/s,142,ft,130,ft^2,2.45,ft/s,,,Unspecified,Unspecified,Unspecified,Unspecified,Unspecified,Unknown,Wading,2026-06-26T19:00:34.192866+00:00,point_velocity,Unspecified
05550000,POINT (-88.2903333333333 42.1663055555556),f8553439-b420-48e0-a5d5-712dd13c8e47,USGS-05550000,4e849830-fd4c-4c4d-e053-0100007fe4a5,450,1993-08-17T16:00:00+00:00,Imported Channel 1,756,ft^3/s,305,ft,1860,ft^2,0.41,ft/s,,,Unspecified,Unspecified,Unspecified,Unspecified,Unspecified,Unknown,BridgeCrane,2026-06-26T19:00:34.192866+00:00,point_velocity,Unspecified
05550000,POINT (-88.2903333333333 42.1663055555556),f88a4ac7-c564-49c4-95f3-d4932bfb4299,USGS-05550000,4e84a0ee-3b35-5166-e053-0100007f0549,499,2001-06-19T13:00:00+00:00,Imported Channel 1,3010,ft^3/s,296,ft,2240,ft^2,1.34,ft/s,,,Unspecified,Unspecified,Unspecified,Unspecified,Unspecified,Unknown,BridgeCrane,2026-06-26T19:00:34.192866+00:00,point_velocity,Unspecified
05550000,POINT (-88.2903333333333 42.1663055555556),f8cb89e4-aa3c-4ce7-8fd8-9144b65515b1,USGS-05550000,4e849663-cd91-4aa6-e053-0100007f7e52,319,1972-09-20T06:00:00+00:00,Imported Channel 1,3800,ft^3/s,,,,,,,,ft,Unspecified,Unspecified,Unspecified,Unspecified,Unspecified,Unknown,Unspecified,2026-06-26T19:00:34.192866+00:00,other_method,Unspecified
05550000,POINT (-88.2903333333333 42.1663055555556),f8d77d5c-73f2-44b0-bcc6-40e0335105b6,USGS-05550000,4e848a6f-ba06-43c2-e053-0100007f6551,340,1975-10-10T06:00:00+00:00,Imported Channel 1,212,ft^3/s,,,,,,,,ft,Unspecified,Unspecified,Unspecified,Unspecified,Unspecified,Unknown,Unspecified,2026-06-26T19:00:34.192866+00:00,other_method,Unspecified
05550000,POINT (-88.2903333333333 42.1663055555556),f9c53574-5fed-4e07-a22d-0b73ba1e95b0,USGS-05550000,4e849dfe-6900-4e5f-e053-0100007f345b,477,1998-04-23T13:27:00+00:00,Imported Channel 1,3000,ft^3/s,302,ft,2150,ft^2,1.40,ft/s,,,Unspecified,Unspecified,Unspecified,Unspecified,Unspecified,Unknown,BridgeCrane,2026-06-26T19:00:34.192866+00:00,point_velocity,Unspecified
05550000,POINT (-88.2903333333333 42.1663055555556),f9cda802-af43-4a4e-971d-c9f8c3fc59db,USGS-05550000,4e84839d-054d-3d70-e053-0100007f4745,357,1977-10-04T06:00:00+00:00,Imported Channel 1,560,ft^3/s,,,,,,,,ft,Unspecified,Unspecified,Unspecified,Unspecified,Unspecified,Unknown,Unspecified,2026-06-26T19:00:34.192866+00:00,other_method,Unspecified
05550000,POINT (-88.2903333333333 42.1663055555556),fa2ca0c4-9428-4d3b-b8a4-30ff06738b33,USGS-05550000,4e84a23d-af8c-51e9-e053-0100007fc38b,424,1990-01-09T13:45:00+00:00,Imported Channel 1,369,ft^3/s,104,ft,125,ft^2,2.95,ft/s,,,Unspecified,Unspecified,Unspecified,Unspecified,Unspecified,Unknown,Wading,2026-06-26T19:00:34.192866+00:00,point_velocity,Unspecified
05550000,POINT (-88.2903333333333 42.1663055555556),fa364a4d-16df-49f6-a2e9-7c19bd1634dc,USGS-05550000,4e8481e8-3aae-3e9b-e053-0100007f9844,354,1977-06-24T06:00:00+00:00,Imported Channel 1,199,ft^3/s,,,,,,,,ft,Unspecified,Unspecified,Unspecified,Unspecified,Unspecified,Unknown,Unspecified,2026-06-26T19:00:34.192866+00:00,other_method,Unspecified
05550000,POINT (-88.2903333333333 42.1663055555556),fa68f3a7-e923-419b-8e9c-6559931701b0,USGS-05550000,4e848a3a-77cd-436c-e053-0100007fe01c,317,1972-04-26T06:00:00+00:00,Imported Channel 1,3150,ft^3/s,,,,,,,,ft,Unspecified,Unspecified,Unspecified,Unspecified,Unspecified,Unknown,Unspecified,2026-06-26T19:00:34.192866+00:00,other_method,Unspecified
05550000,POINT (-88.2903333333333 42.1663055555556),fa9eeb3b-e00b-4750-870d-2fae132554ea,USGS-05550000,4e8491d1-6c61-47cc-e053-0100007f0e91,302,1970-06-09T06:00:00+00:00,Imported Channel 1,2230,ft^3/s,,,,,,,,ft,Unspecified,Unspecified,Unspecified,Unspecified,Unspecified,Unknown,Unspecified,2026-06-26T19:00:34.192866+00:00,other_method,Unspecified
05550000,POINT (-88.2903333333333 42.1663055555556),faa60cfb-8397-4c75-8b75-caab94a82735,USGS-05550000,4e84a53d-22aa-53e7-e053-0100007f42af,548,2008-06-20T15:56:00+00:00,Imported Channel 1,6030,ft^3/s,300,ft,2030,ft^2,2.97,ft/s,,ft,Unspecified,Unspecified,Unspecified,Unspecified,Unspecified,Unknown,Unspecified,2026-06-26T19:00:34.192866+00:00,adcp,Unspecified
05550000,POINT (-88.2903333333333 42.1663055555556),fb1705e9-2141-4316-ac93-7bfda44737e4,USGS-05550000,4e848ecd-8e4f-450d-e053-0100007f1135,503,2001-12-14T14:30:00+00:00,Imported Channel 1,1080,ft^3/s,303,ft,2020,ft^2,0.54,ft/s,,,Unspecified,Unspecified,Unspecified,Unspecified,Unspecified,Unknown,BridgeCrane,2026-06-26T19:00:34.192866+00:00,point_velocity,Unspecified
05550000,POINT (-88.2903333333333 42.1663055555556),fb62e80f-9143-4e07-8102-901813398134,USGS-05550000,4e848a27-a984-4370-e053-0100007f6c3a,318,1972-07-10T06:00:00+00:00,Imported Channel 1,504,ft^3/s,,,,,,,,ft,Unspecified,Unspecified,Unspecified,Unspecified,Unspecified,Unknown,Unspecified,2026-06-26T19:00:34.192866+00:00,other_method,Unspecified
05550000,POINT (-88.2903333333333 42.1663055555556),fc7fdc6c-6c26-46b9-8620-19200e2a6e84,USGS-05550000,4e849824-6e02-4c05-e053-0100007f99d3,452,1993-12-20T16:15:00+00:00,Imported Channel 1,673,ft^3/s,303,ft,1920,ft^2,0.35,ft/s,,,Unspecified,Unspecified,Unspecified,Unspecified,Unspecified,Unknown,BridgeCrane,2026-06-26T19:00:34.192866+00:00,point_velocity,Unspecified
05550000,POINT (-88.2903333333333 42.1663055555556),fd3fd0a7-658f-4358-898b-ca63dfc736a9,USGS-05550000,4e849588-72bc-484b-e053-0100007f05a7,378,1981-04-29T06:00:00+00:00,Imported Channel 1,1270,ft^3/s,288,ft,1520,ft^2,0.83,ft/s,,,Unspecified,Unspecified,Unspecified,Unspecified,Unspecified,Unknown,BridgeCrane,2026-06-26T19:00:34.192866+00:00,point_velocity,Unspecified
05550000,POINT (-88.2903333333333 42.1663055555556),fe493143-e470-4dc9-8dbb-c54915de7b9f,USGS-05550000,4e8483b4-987f-3f16-e053-0100007ff4f2,301,1970-04-10T06:00:00+00:00,Imported Channel 1,1220,ft^3/s,,,,,,,,ft,Unspecified,Unspecified,Unspecified,Unspecified,Unspecified,Unknown,Unspecified,2026-06-26T19:00:34.192866+00:00,other_method,Unspecified
05550000,POINT (-88.2903333333333 42.1663055555556),ff093331-ee9c-4ae0-bd9f-63fb74ded5c5,USGS-05550000,4e849cb9-9b22-4e8d-e053-0100007fdbb5,421,1989-09-07T16:30:00+00:00,Imported Channel 1,1990,ft^3/s,299,ft,2000,ft^2,1.00,ft/s,,,Unspecified,Unspecified,Unspecified,Unspecified,Unspecified,Unknown,BridgeCrane,2026-06-26T19:00:34.192866+00:00,point_velocity,Unspecified
05550000,POINT (-88.2903333333333 42.1663055555556),ff2971c3-c4dc-497d-8f32-f62350fc3d6a,USGS-05550000,4e849588-72b7-484b-e053-0100007f05a7,322,1973-04-10T06:00:00+00:00,Imported Channel 1,2340,ft^3/s,,,,,,,,ft,Unspecified,Unspecified,Unspecified,Unspecified,Unspecified,Unknown,Unspecified,2026-06-26T19:00:34.192866+00:00,other_method,Unspecified
05550000,POINT (-88.2903333333333 42.1663055555556),ff2da11d-1898-4d81-9dc5-d3a4f9b32bdc,USGS-05550000,4e849331-e3c8-48af-e053-0100007f8c59,432,1990-11-29T19:45:00+00:00,Imported Channel 1,1690,ft^3/s,304,ft,2040,ft^2,0.83,ft/s,,,Unspecified,Unspecified,Unspecified,Unspecified,Unspecified,Unknown,BridgeCrane,2026-06-26T19:00:34.192866+00:00,point_velocity,Unspecified
05550000,POINT (-88.2903333333333 42.1663055555556),ff72b3f9-4753-4eaf-8b8c-b7dd495563e3,USGS-05550000,4e849830-fd25-4c4d-e053-0100007fe4a5,273,1966-02-03T06:00:00+00:00,Imported Channel 1,601,ft^3/s,,,,,,,,ft,Unspecified,Unspecified,Unspecified,Unspecified,Unspecified,Unknown,Unspecified,2026-06-26T19:00:34.192866+00:00,other_method,Unspecified
05550000,POINT (-88.2903333333333 42.1663055555556),ffefe650-acf3-4349-b078-5864000822fe,USGS-05550000,4e84959f-a882-4a10-e053-0100007fb51d,437,1991-08-21T16:30:00+00:00,Imported Channel 1,219,ft^3/s,95.0,ft,127,ft^2,1.72,ft/s,,,Unspecified,Unspecified,Unspecified,Unspecified,Unspecified,Unknown,Wading,2026-06-26T19:00:34.192866+00:00,point_velocity,Unspecified
