site_id,geometry,id,monitoring_location_id,field_visit_id,measurement_number,time,channel_name,channel_flow,channel_flow_unit,channel_width,channel_width_unit,channel_area,channel_area_unit,channel_velocity,channel_velocity_unit,channel_location_distance,channel_location_distance_unit,channel_stability,channel_material,channel_evenness,horizontal_velocity_description,vertical_velocity_description,longitudinal_velocity_description,measurement_type,last_modified,channel_measurement_type,channel_location_direction
05573540,POINT (-88.9763888888889 39.8311111111111),002516a0-0ad1-42c3-bca8-045e02308496,USGS-05573540,03da46b0-912c-4795-9492-d2e60fc314d7,356,2026-03-23T15:59:06+00:00,main,150,ft^3/s,110,ft,167,ft^2,0.90,ft/s,200.00,ft,Soft,Sand,Even,Unspecified,Unspecified,Unspecified,Wading,2026-06-18T21:20:17.911196+00:00,point_velocity,Downstream
05573540,POINT (-88.9763888888889 39.8311111111111),008b3302-ef74-4352-948b-2f2d6e4475e2,USGS-05573540,60ac7bee-e825-4110-9d94-70eccca80f17,343,2024-11-18T17:31:00+00:00,main,337,ft^3/s,102,ft,190,ft^2,1.77,ft/s,0.00,ft,Firm,Cobbles,Even,Even,Unspecified,Unspecified,Wading,2026-06-18T21:20:17.911196+00:00,point_velocity,AtTheGage
05573540,POINT (-88.9763888888889 39.8311111111111),01d8b9a7-2935-49f1-81dc-8071157ceaba,USGS-05573540,4e84e034-b16d-7630-e053-0100007fc8d0,162,1998-03-23T18:45:00+00:00,Imported Channel 1,6670,ft^3/s,432,ft,3770,ft^2,1.77,ft/s,,,Unspecified,Unspecified,Unspecified,Unspecified,Unspecified,Unknown,BridgeCrane,2026-06-18T21:20:17.911196+00:00,point_velocity,Unspecified
05573540,POINT (-88.9763888888889 39.8311111111111),02df3bac-931d-4361-b165-abd1f7948dee,USGS-05573540,4e84d8f0-c0ad-724a-e053-0100007fadac,37,1982-09-20T06:00:00+00:00,Imported Channel 1,3.17,ft^3/s,,,,,,,,ft,Unspecified,Unspecified,Unspecified,Unspecified,Unspecified,Unknown,Unspecified,2026-06-18T21:20:17.911196+00:00,other_method,Unspecified
05573540,POINT (-88.9763888888889 39.8311111111111),0320ed84-17df-4ea4-a5b6-da6653260732,USGS-05573540,4e84e634-1042-7985-e053-0100007f0c76,291,2016-07-22T17:28:09+00:00,MAIN,349,ft^3/s,118,ft,221,ft^2,1.58,ft/s,,ft,Soft,Sand,Even,Unspecified,Standard,Unknown,BridgeDownstreamSide,2026-06-18T21:20:17.911196+00:00,adcp,AtTheGage
05573540,POINT (-88.9763888888889 39.8311111111111),03f2b4a8-9bd4-4af3-80ed-a7da0ee9c203,USGS-05573540,4e84d29a-bc2b-6d96-e053-0100007f24b5,119,1993-01-29T16:50:00+00:00,Imported Channel 1,3180,ft^3/s,410,ft,1960,ft^2,1.62,ft/s,,,Unspecified,Unspecified,Unspecified,Unspecified,Unspecified,Unknown,BridgeCrane,2026-06-18T21:20:17.911196+00:00,point_velocity,Unspecified
05573540,POINT (-88.9763888888889 39.8311111111111),04ac6332-36ab-4e5e-91d8-91998edbe34d,USGS-05573540,4e84ddaf-5753-74ba-e053-0100007fb586,137,1995-07-25T14:30:00+00:00,Imported Channel 1,140,ft^3/s,103,ft,211,ft^2,0.66,ft/s,,,Unspecified,Unspecified,Unspecified,Unspecified,Unspecified,Unknown,Wading,2026-06-18T21:20:17.911196+00:00,point_velocity,Unspecified
05573540,POINT (-88.9763888888889 39.8311111111111),04dba42d-d400-43e8-8e3d-5ec322b0f65a,USGS-05573540,4e84dbe6-c341-72f2-e053-0100007f9ca6,194,2002-08-05T15:13:00+00:00,Imported Channel 1,0.10,ft^3/s,,,,,,,,ft,Unspecified,Unspecified,Unspecified,Unspecified,Unspecified,Unknown,Other,2026-06-18T21:20:17.911196+00:00,engineered_structure,Unspecified
05573540,POINT (-88.9763888888889 39.8311111111111),0523adc1-f4fa-4ca2-9527-4db58e2da903,USGS-05573540,4e84e449-dedb-78b2-e053-0100007f74ce,191,2002-03-12T13:54:00+00:00,Imported Channel 1,1270,ft^3/s,145,ft,810,ft^2,1.57,ft/s,,,Unspecified,Unspecified,Unspecified,Unspecified,Unspecified,Unknown,BridgeCrane,2026-06-18T21:20:17.911196+00:00,point_velocity,Unspecified
05573540,POINT (-88.9763888888889 39.8311111111111),05f7cad8-1da2-4b5e-94e2-c60a32e14e8f,USGS-05573540,4e84cf0f-e2e8-6c68-e053-0100007f5fa1,93,1989-04-03T18:55:00+00:00,Imported Channel 1,970,ft^3/s,132,ft,738,ft^2,1.31,ft/s,,,Unspecified,Unspecified,Unspecified,Unspecified,Unspecified,Unknown,BridgeCrane,2026-06-18T21:20:17.911196+00:00,point_velocity,Unspecified
05573540,POINT (-88.9763888888889 39.8311111111111),064e1e4b-94aa-4094-8243-8b5a6ae359cf,USGS-05573540,4e84ce52-02a6-6bc0-e053-0100007fdb10,42,1983-04-14T06:00:00+00:00,Imported Channel 1,7440,ft^3/s,,,,,,,,ft,Unspecified,Unspecified,Unspecified,Unspecified,Unspecified,Unknown,Unspecified,2026-06-18T21:20:17.911196+00:00,other_method,Unspecified
05573540,POINT (-88.9763888888889 39.8311111111111),076f91d8-d4ee-47bb-8318-2dfcae54c6cd,USGS-05573540,4e84d357-ff9c-6e4c-e053-0100007f1ff9,55,1984-10-03T06:00:00+00:00,Imported Channel 1,2.28,ft^3/s,11.5,ft,9.82,ft^2,0.23,ft/s,,,Unspecified,Unspecified,Unspecified,Unspecified,Unspecified,Unknown,Wading,2026-06-18T21:20:17.911196+00:00,point_velocity,Unspecified
05573540,POINT (-88.9763888888889 39.8311111111111),07d1d0e6-2198-4dd9-bc47-1d95d82fb6c6,USGS-05573540,6d861572-b110-4c5c-80d7-851505fe706e,349,2025-08-25T17:18:35+00:00,main,2.44,ft^3/s,23.0,ft,11.2,ft^2,0.22,ft/s,250.00,ft,Firm,Sand,Even,Unspecified,Unspecified,Unspecified,Wading,2026-06-18T21:20:17.911196+00:00,point_velocity,Downstream
05573540,POINT (-88.9763888888889 39.8311111111111),08f8f5ef-2117-4c72-b2bc-da90a55c18cf,USGS-05573540,8b899677-a24b-1165-e053-0100007f9468,307,2019-06-14T17:52:51+00:00,Main,554,ft^3/s,116,ft,320,ft^2,1.73,ft/s,20.00,ft,Firm,Gravel,Even,Even,Standard,Steady,BridgeDownstreamSide,2026-06-18T21:20:17.911196+00:00,adcp,Downstream
05573540,POINT (-88.9763888888889 39.8311111111111),0a1380b2-6786-4144-acd4-a128b45fc2de,USGS-05573540,4e84ead1-5184-7c30-e053-0100007fb297,249,2010-10-13T19:50:00+00:00,Imported Channel 1,2.82,ft^3/s,44.0,ft,24.0,ft^2,0.12,ft/s,300.00,ft,Firm,Gravel,Even,Unspecified,Unspecified,Unknown,Wading,2026-06-18T21:20:17.911196+00:00,point_velocity,Downstream
05573540,POINT (-88.9763888888889 39.8311111111111),0b56953b-ca67-4d9f-8c84-fffdc7edb637,USGS-05573540,4e84d817-b6e4-7039-e053-0100007f024c,47,1983-11-22T06:00:00+00:00,Imported Channel 1,110,ft^3/s,84.0,ft,77.7,ft^2,1.40,ft/s,,,Unspecified,Unspecified,Unspecified,Unspecified,Unspecified,Unknown,Wading,2026-06-18T21:20:17.911196+00:00,point_velocity,Unspecified
05573540,POINT (-88.9763888888889 39.8311111111111),0bbcd8cc-e434-40cd-a9ac-0d60b8adf22f,USGS-05573540,c0b967d2-94e9-4ffd-a7f1-cff81826a277,333,2023-06-05T15:52:48+00:00,main,153,ft^3/s,90.0,ft,110,ft^2,1.39,ft/s,50.00,ft,Firm,Cobbles,Even,Unspecified,Unspecified,Unspecified,Wading,2026-06-18T21:20:17.911196+00:00,point_velocity,Downstream
05573540,POINT (-88.9763888888889 39.8311111111111),0c2c7126-d08a-4629-9939-c1b1797ac744,USGS-05573540,dd8612f4-9100-4fda-a0b1-46babc623107,351,2025-09-22T16:05:42+00:00,main,5.21,ft^3/s,29.0,ft,22.6,ft^2,0.23,ft/s,0.00,ft,Firm,Sand,Uneven,Unspecified,Unspecified,Unspecified,Wading,2026-06-18T21:20:17.911196+00:00,point_velocity,AtTheGage
05573540,POINT (-88.9763888888889 39.8311111111111),0c9c2e0e-f0f3-49fd-9e81-e256ad176a65,USGS-05573540,6d5e09ad-b380-2433-e053-0100007f030e,301,2018-05-22T15:33:30+00:00,Main,104,ft^3/s,107,ft,96.5,ft^2,1.08,ft/s,10.00,ft,Unspecified,Unspecified,Unspecified,Even,Unspecified,Unspecified,Wading,2026-06-18T21:20:17.911196+00:00,point_velocity,Downstream
05573540,POINT (-88.9763888888889 39.8311111111111),0de50fc4-aa72-4b8e-932d-4d299df459f4,USGS-05573540,4e84c583-af94-668b-e053-0100007fccd4,180,2000-10-19T13:45:00+00:00,Imported Channel 1,7.29,ft^3/s,14.8,ft,14.8,ft^2,0.49,ft/s,,,Unspecified,Unspecified,Unspecified,Unspecified,Unspecified,Unknown,Wading,2026-06-18T21:20:17.911196+00:00,point_velocity,Unspecified
05573540,POINT (-88.9763888888889 39.8311111111111),0df4ab4d-9e9f-4c95-bc74-36efdf070237,USGS-05573540,4e84e351-1348-76d6-e053-0100007fddf7,234,2008-06-04T17:33:00+00:00,Imported Channel 1,16300,ft^3/s,450,ft,6150,ft^2,2.65,ft/s,,ft,Unspecified,Unspecified,Unspecified,Unspecified,Unspecified,Unknown,Unspecified,2026-06-18T21:20:17.911196+00:00,adcp,Unspecified
05573540,POINT (-88.9763888888889 39.8311111111111),0ef9d7e5-9285-4009-b6d2-4d3131eb7c66,USGS-05573540,4e84d488-6bf1-6f1b-e053-0100007f4142,292,2016-10-18T15:42:00+00:00,MAIN,114,ft^3/s,92.0,ft,113,ft^2,1.01,ft/s,,,Firm,Gravel,Even,Even,Uniform,Unknown,Wading,2026-06-18T21:20:17.911196+00:00,point_velocity,AtTheGage
05573540,POINT (-88.9763888888889 39.8311111111111),0f3444ad-aba5-4773-b6c0-6b4e21b0160b,USGS-05573540,96dd7b1d-ab4c-4265-9806-6e79864d6a1b,340,2024-07-22T16:28:35+00:00,main,105,ft^3/s,88.0,ft,108,ft^2,0.97,ft/s,0.00,ft,Soft,Sand,Uneven,Unspecified,Unspecified,Unspecified,Wading,2026-06-18T21:20:17.911196+00:00,point_velocity,AtTheGage
05573540,POINT (-88.9763888888889 39.8311111111111),105a9c4d-6224-49e7-818d-779bb5513573,USGS-05573540,4e84e7f1-5d7b-7a9c-e053-0100007f3d7f,210,2004-10-25T15:27:00+00:00,Imported Channel 1,582,ft^3/s,115,ft,284,ft^2,2.05,ft/s,,,Unspecified,Unspecified,Unspecified,Unspecified,Unspecified,Unknown,BridgeCrane,2026-06-18T21:20:17.911196+00:00,point_velocity,Unspecified
05573540,POINT (-88.9763888888889 39.8311111111111),11144c6a-86da-404f-a53d-2cab121e7b0d,USGS-05573540,4e84dddb-bb29-74e2-e053-0100007f28f5,212,2005-03-08T18:28:00+00:00,Imported Channel 1,620,ft^3/s,115,ft,368,ft^2,1.68,ft/s,,,Unspecified,Unspecified,Unspecified,Unspecified,Unspecified,Unknown,BridgeCrane,2026-06-18T21:20:17.911196+00:00,point_velocity,Unspecified
05573540,POINT (-88.9763888888889 39.8311111111111),1129b44d-5056-4444-9963-bf88135aab5e,USGS-05573540,4e84dae0-ca62-72f0-e053-0100007f2e83,178,2000-05-26T17:45:00+00:00,Imported Channel 1,75.8,ft^3/s,38.0,ft,32.4,ft^2,2.34,ft/s,,,Unspecified,Unspecified,Unspecified,Unspecified,Unspecified,Unknown,Wading,2026-06-18T21:20:17.911196+00:00,point_velocity,Unspecified
05573540,POINT (-88.9763888888889 39.8311111111111),11addd1c-0e99-4244-bace-e76ebf21f508,USGS-05573540,4e84dc74-0c51-7328-e053-0100007f94fc,220,2006-07-05T19:06:00+00:00,Imported Channel 1,86.2,ft^3/s,78.0,ft,78.6,ft^2,1.10,ft/s,,,Unspecified,Unspecified,Unspecified,Unspecified,Unspecified,Unknown,Wading,2026-06-18T21:20:17.911196+00:00,point_velocity,Unspecified
05573540,POINT (-88.9763888888889 39.8311111111111),11f83c7e-8cc4-4a72-91f8-76746b6af853,USGS-05573540,58748129-8f4a-448e-ab4a-26c12ba03dae,337,2024-01-29T17:11:20+00:00,main,5260,ft^3/s,329,ft,2390,ft^2,2.20,ft/s,0.00,ft,Firm,SiltMud,Even,Unspecified,Unspecified,Unspecified,BridgeDownstreamSide,2026-06-18T21:20:17.911196+00:00,adcp,AtTheGage
05573540,POINT (-88.9763888888889 39.8311111111111),1241cc1b-3425-4e54-a825-408ba50c5917,USGS-05573540,4e84e7f1-5d7a-7a9c-e053-0100007f3d7f,209,2004-09-07T19:27:00+00:00,Imported Channel 1,238,ft^3/s,104,ft,155,ft^2,1.54,ft/s,,,Unspecified,Unspecified,Unspecified,Unspecified,Unspecified,Unknown,Wading,2026-06-18T21:20:17.911196+00:00,point_velocity,Unspecified
05573540,POINT (-88.9763888888889 39.8311111111111),142f6049-fb74-407d-9929-8868b31dce60,USGS-05573540,03f397bb-c371-4d7d-b007-629a030baca1,310,2020-01-08T16:32:40+00:00,Main,297,ft^3/s,99.8,ft,171,ft^2,1.74,ft/s,30.00,ft,Unspecified,Unspecified,Unspecified,Even,Unspecified,Unspecified,Wading,2026-06-18T21:20:17.911196+00:00,point_velocity,Upstream
05573540,POINT (-88.9763888888889 39.8311111111111),152fd00a-2ee4-44da-a7a2-d1a400974f4c,USGS-05573540,4e84cecb-2c25-6a22-e053-0100007f2298,206,2004-07-23T17:11:00+00:00,Imported Channel 1,242,ft^3/s,112,ft,171,ft^2,1.42,ft/s,,,Unspecified,Unspecified,Unspecified,Unspecified,Unspecified,Unknown,Wading,2026-06-18T21:20:17.911196+00:00,point_velocity,Unspecified
05573540,POINT (-88.9763888888889 39.8311111111111),15905de2-fdfa-4532-a16c-3fa285f4d215,USGS-05573540,4e84ec33-fbbf-7d3e-e053-0100007f3fae,259,2011-12-12T17:17:02+00:00,Channel 1,1.88,ft^3/s,47.0,ft,23.5,ft^2,0.08,ft/s,200.00,ft,Firm,Gravel,Even,Even,Uniform,Unknown,Wading,2026-06-18T21:20:17.911196+00:00,point_velocity,Downstream
05573540,POINT (-88.9763888888889 39.8311111111111),16403f3c-f235-4b83-ae53-6a7a8da5f9ac,USGS-05573540,4e84c439-fe48-6603-e053-0100007f8ed8,124,1994-04-14T16:05:00+00:00,Imported Channel 1,13200,ft^3/s,447,ft,5020,ft^2,2.65,ft/s,,,Unspecified,Unspecified,Unspecified,Unspecified,Unspecified,Unknown,BridgeCrane,2026-06-18T21:20:17.911196+00:00,point_velocity,Unspecified
05573540,POINT (-88.9763888888889 39.8311111111111),16a6c5cf-5fb5-4bcd-aae0-6840e642aa90,USGS-05573540,4e84e640-6440-7987-e053-0100007f7264,219,2006-04-06T18:18:00+00:00,Imported Channel 1,3220,ft^3/s,336,ft,1210,ft^2,1.79,ft/s,,ft,Unspecified,Unspecified,Unspecified,Unspecified,Unspecified,Unknown,Unspecified,2026-06-18T21:20:17.911196+00:00,adcp,Unspecified
05573540,POINT (-88.9763888888889 39.8311111111111),18b910db-da69-44f2-ba29-4fbef8b5c72f,USGS-05573540,4e84e351-134f-76d6-e053-0100007fddf7,255,2011-06-28T13:45:00+00:00,Imported Channel 1,2820,ft^3/s,146,ft,1130,ft^2,2.50,ft/s,,ft,Firm,Gravel,Even,Even,Uniform,Unknown,BridgeDownstreamSide,2026-06-18T21:20:17.911196+00:00,adcp,AtTheGage
05573540,POINT (-88.9763888888889 39.8311111111111),193907b3-d660-445e-9921-aeed1a4f7b18,USGS-05573540,4e84d29a-bc3d-6d96-e053-0100007f24b5,144,1996-05-03T16:10:00+00:00,Imported Channel 1,997,ft^3/s,123,ft,732,ft^2,1.36,ft/s,,,Unspecified,Unspecified,Unspecified,Unspecified,Unspecified,Unknown,BridgeCrane,2026-06-18T21:20:17.911196+00:00,point_velocity,Unspecified
05573540,POINT (-88.9763888888889 39.8311111111111),1989c538-c959-4797-99d2-8e3237486305,USGS-05573540,4e84c796-6650-682d-e053-0100007fba01,105,1990-10-02T18:15:00+00:00,Imported Channel 1,1.98,ft^3/s,15.0,ft,5.78,ft^2,0.34,ft/s,,,Unspecified,Unspecified,Unspecified,Unspecified,Unspecified,Unknown,Wading,2026-06-18T21:20:17.911196+00:00,point_velocity,Unspecified
05573540,POINT (-88.9763888888889 39.8311111111111),1bd71e8f-0dd9-4650-9a28-d527477a2fe8,USGS-05573540,4e84cc84-59a4-69b2-e053-0100007f23d1,24,1981-09-16T06:00:00+00:00,Imported Channel 1,292,ft^3/s,,,,,,,,ft,Unspecified,Unspecified,Unspecified,Unspecified,Unspecified,Unknown,Unspecified,2026-06-18T21:20:17.911196+00:00,other_method,Unspecified
05573540,POINT (-88.9763888888889 39.8311111111111),1c38e4df-22ea-4698-94f1-2395b301b960,USGS-05573540,5cee9e2e-b06e-4bed-9452-d654c60ab30c,311,2020-03-06T23:30:08+00:00,Main,1480,ft^3/s,131,ft,595,ft^2,2.50,ft/s,15.00,ft,Firm,Gravel,Uneven,Uneven,Unspecified,Unspecified,BridgeUpstreamSide,2026-06-18T21:20:17.911196+00:00,adcp,Upstream
05573540,POINT (-88.9763888888889 39.8311111111111),1d3ab923-262c-44ad-861d-6c72734c9e4f,USGS-05573540,4e84d362-e0f6-6e3a-e053-0100007fe0d3,243,2009-12-08T16:54:30+00:00,Imported Channel 1,608,ft^3/s,110,ft,344,ft^2,1.77,ft/s,,ft,Unspecified,Unspecified,Unspecified,Unspecified,Unspecified,Unknown,BridgeUpstreamSide,2026-06-18T21:20:17.911196+00:00,adcp,Unspecified
05573540,POINT (-88.9763888888889 39.8311111111111),1db0d1bf-ac70-4917-a361-a9247167eb3a,USGS-05573540,4e84d314-d82f-6e56-e053-0100007f3ed7,169,1999-03-11T20:45:00+00:00,Imported Channel 1,670,ft^3/s,112,ft,484,ft^2,1.38,ft/s,,,Unspecified,Unspecified,Unspecified,Unspecified,Unspecified,Unknown,BridgeCrane,2026-06-18T21:20:17.911196+00:00,point_velocity,Unspecified
05573540,POINT (-88.9763888888889 39.8311111111111),1e2474df-6665-48b2-8210-d7d26f70fc98,USGS-05573540,a66abedf-f990-46e7-8dd3-41620c4d9883,345,2025-03-24T16:53:59+00:00,main,89.1,ft^3/s,91.0,ft,102,ft^2,0.87,ft/s,0.00,ft,Soft,Sand,Even,Even,Unspecified,Unspecified,Wading,2026-06-18T21:20:17.911196+00:00,point_velocity,AtTheGage
05573540,POINT (-88.9763888888889 39.8311111111111),1e7481d5-9ceb-4f5d-9f96-c4877baf16f8,USGS-05573540,4e84d36a-be9b-6e4e-e053-0100007f442a,175,1999-12-15T14:05:00+00:00,Imported Channel 1,2.63,ft^3/s,7.00,ft,2.61,ft^2,1.01,ft/s,,,Unspecified,Unspecified,Unspecified,Unspecified,Unspecified,Unknown,Wading,2026-06-18T21:20:17.911196+00:00,point_velocity,Unspecified
05573540,POINT (-88.9763888888889 39.8311111111111),1fd071aa-f3a2-4d37-b197-2e550a14abce,USGS-05573540,7cee858b-eb4f-a296-e053-0100007fef44,304,2018-12-13T18:20:31+00:00,MAIN,396,ft^3/s,112,ft,238,ft^2,1.66,ft/s,0.00,ft,Firm,Gravel,Even,Even,Uniform,Steady,BridgeDownstreamSide,2026-06-18T21:20:17.911196+00:00,adcp,AtTheGage
05573540,POINT (-88.9763888888889 39.8311111111111),1fd5bab2-96b7-45b3-b486-dd94bfaab527,USGS-05573540,356fc0de-a1e1-4701-850e-ccb437f0244d,341,2024-09-23T16:15:22+00:00,main,1.26,ft^3/s,30.0,ft,13.8,ft^2,0.09,ft/s,150.00,ft,Soft,Sand,Even,Unspecified,Standard,Unspecified,Wading,2026-06-18T21:20:17.911196+00:00,point_velocity,Downstream
05573540,POINT (-88.9763888888889 39.8311111111111),20a0e02c-c4d5-485e-87e8-37b0a429f5a4,USGS-05573540,4e84eb1b-a4c9-7c28-e053-0100007fad4b,282,2014-10-09T21:17:27+00:00,Main,827,ft^3/s,121,ft,563,ft^2,1.47,ft/s,,ft,Firm,Gravel,Even,Even,Standard,Unknown,BridgeDownstreamSide,2026-06-18T21:20:17.911196+00:00,adcp,AtTheGage
05573540,POINT (-88.9763888888889 39.8311111111111),2246ad0a-f413-4cdc-9a34-049a7c0eb297,USGS-05573540,4e84c81e-c974-6849-e053-0100007f8aa5,139,1995-11-06T17:55:00+00:00,Imported Channel 1,5.28,ft^3/s,21.0,ft,11.9,ft^2,0.44,ft/s,,,Unspecified,Unspecified,Unspecified,Unspecified,Unspecified,Unknown,Wading,2026-06-18T21:20:17.911196+00:00,point_velocity,Unspecified
05573540,POINT (-88.9763888888889 39.8311111111111),2254a088-8326-447a-82ba-78bf859003e1,USGS-05573540,4e84d90d-eaa9-7228-e053-0100007f77e7,121,1993-06-15T18:45:00+00:00,Imported Channel 1,536,ft^3/s,111,ft,288,ft^2,1.86,ft/s,,,Unspecified,Unspecified,Unspecified,Unspecified,Unspecified,Unknown,Wading,2026-06-18T21:20:17.911196+00:00,point_velocity,Unspecified
05573540,POINT (-88.9763888888889 39.8311111111111),22dc694d-b4d4-4621-a054-1707173e8b05,USGS-05573540,4e84cb73-d23a-6a20-e053-0100007f06ca,46,1983-10-11T06:00:00+00:00,Imported Channel 1,5.20,ft^3/s,19.0,ft,19.8,ft^2,0.26,ft/s,,,Unspecified,Unspecified,Unspecified,Unspecified,Unspecified,Unknown,Wading,2026-06-18T21:20:17.911196+00:00,point_velocity,Unspecified
05573540,POINT (-88.9763888888889 39.8311111111111),233568e5-6232-4039-a4c5-86b13bc83a6f,USGS-05573540,4e84e1a6-2779-7696-e053-0100007f08e2,229,2008-01-11T19:45:00+00:00,Imported Channel 1,8980,ft^3/s,433,ft,4250,ft^2,2.12,ft/s,,ft,Unspecified,Unspecified,Unspecified,Unspecified,Unspecified,Unknown,Unspecified,2026-06-18T21:20:17.911196+00:00,adcp,Unspecified
05573540,POINT (-88.9763888888889 39.8311111111111),2392ebfb-4ef2-4951-ae7d-7953d4f1377d,USGS-05573540,4e84d65c-82e5-7033-e053-0100007fb01d,123,1993-12-17T19:05:00+00:00,Imported Channel 1,1330,ft^3/s,142,ft,769,ft^2,1.73,ft/s,,,Unspecified,Unspecified,Unspecified,Unspecified,Unspecified,Unknown,BridgeCrane,2026-06-18T21:20:17.911196+00:00,point_velocity,Unspecified
05573540,POINT (-88.9763888888889 39.8311111111111),23ded6f1-8733-4db8-a4ae-4d182f4d73c6,USGS-05573540,4e84bdde-d107-616a-e053-0100007f0505,34,1982-08-17T06:00:00+00:00,Imported Channel 1,105,ft^3/s,,,,,,,,ft,Unspecified,Unspecified,Unspecified,Unspecified,Unspecified,Unknown,Unspecified,2026-06-18T21:20:17.911196+00:00,other_method,Unspecified
05573540,POINT (-88.9763888888889 39.8311111111111),246accb8-e586-43ef-b8ba-744597f29c70,USGS-05573540,4e84dbe6-c335-72f2-e053-0100007f9ca6,36,1982-09-15T06:00:00+00:00,Imported Channel 1,4.93,ft^3/s,,,,,,,,ft,Unspecified,Unspecified,Unspecified,Unspecified,Unspecified,Unknown,Unspecified,2026-06-18T21:20:17.911196+00:00,other_method,Unspecified
05573540,POINT (-88.9763888888889 39.8311111111111),2482ad2d-dbdc-4df8-badb-f516405113e2,USGS-05573540,4e84d274-9b8e-6d9a-e053-0100007f471b,62,1985-09-09T06:00:00+00:00,Imported Channel 1,27.1,ft^3/s,41.5,ft,29.7,ft^2,0.91,ft/s,,,Unspecified,Unspecified,Unspecified,Unspecified,Unspecified,Unknown,Wading,2026-06-18T21:20:17.911196+00:00,point_velocity,Unspecified
05573540,POINT (-88.9763888888889 39.8311111111111),25c6a2fe-8886-4a50-b2aa-e7d1eddcf0a6,USGS-05573540,4e84c105-2947-63e2-e053-0100007fef59,31,1982-06-28T06:00:00+00:00,Imported Channel 1,132,ft^3/s,,,,,,,,ft,Unspecified,Unspecified,Unspecified,Unspecified,Unspecified,Unknown,Unspecified,2026-06-18T21:20:17.911196+00:00,other_method,Unspecified
05573540,POINT (-88.9763888888889 39.8311111111111),27d7154c-1b90-4a23-9c6f-3570c80cb274,USGS-05573540,4e84cdf7-003e-6b68-e053-0100007f50ea,181,2000-12-19T19:45:00+00:00,Imported Channel 1,198,ft^3/s,115,ft,206,ft^2,0.96,ft/s,,,Unspecified,Unspecified,Unspecified,Unspecified,Unspecified,Unknown,Wading,2026-06-18T21:20:17.911196+00:00,point_velocity,Unspecified
05573540,POINT (-88.9763888888889 39.8311111111111),28beb097-cb90-4de6-be96-a08b7d42267d,USGS-05573540,4e84ddaf-5752-74ba-e053-0100007fb586,135,1995-05-17T19:50:00+00:00,Imported Channel 1,6580,ft^3/s,433,ft,3740,ft^2,1.76,ft/s,,,Unspecified,Unspecified,Unspecified,Unspecified,Unspecified,Unknown,BridgeCrane,2026-06-18T21:20:17.911196+00:00,point_velocity,Unspecified
05573540,POINT (-88.9763888888889 39.8311111111111),2967584d-2c61-4b78-bb13-ad11830c18f1,USGS-05573540,4e84c737-732c-67a6-e053-0100007f0b69,166,1998-10-02T17:20:00+00:00,Imported Channel 1,2.48,ft^3/s,19.0,ft,4.18,ft^2,0.59,ft/s,,,Unspecified,Unspecified,Unspecified,Unspecified,Unspecified,Unknown,Wading,2026-06-18T21:20:17.911196+00:00,point_velocity,Unspecified
05573540,POINT (-88.9763888888889 39.8311111111111),29cca098-8cbd-4c0d-9688-ab2489d41949,USGS-05573540,8164d35a-c5c1-a7fe-e053-0100007ff3c7,305,2019-02-05T20:31:16+00:00,Main,2450,ft^3/s,135,ft,960,ft^2,2.55,ft/s,40.00,ft,Firm,Gravel,Even,Even,Standard,Steady,BridgeDownstreamSide,2026-06-18T21:20:17.911196+00:00,adcp,Downstream
05573540,POINT (-88.9763888888889 39.8311111111111),29efd4cf-0863-4165-978d-5da4b010b839,USGS-05573540,4e84ce9d-35e3-6b6e-e053-0100007ff3b9,179,2000-07-31T17:15:00+00:00,Imported Channel 1,11.4,ft^3/s,54.0,ft,19.6,ft^2,0.58,ft/s,,,Unspecified,Unspecified,Unspecified,Unspecified,Unspecified,Unknown,Wading,2026-06-18T21:20:17.911196+00:00,point_velocity,Unspecified
05573540,POINT (-88.9763888888889 39.8311111111111),2bc32869-e0a1-496e-a92c-1bd5ceb4b982,USGS-05573540,4e84d357-ff9b-6e4c-e053-0100007f1ff9,52,1984-06-11T06:00:00+00:00,Imported Channel 1,2000,ft^3/s,176,ft,1010,ft^2,1.98,ft/s,,,Unspecified,Unspecified,Unspecified,Unspecified,Unspecified,Unknown,BridgeCrane,2026-06-18T21:20:17.911196+00:00,point_velocity,Unspecified
05573540,POINT (-88.9763888888889 39.8311111111111),2c6b98aa-cb3c-4b0f-a75e-a44f5d0f5358,USGS-05573540,4e84cf56-e7b9-6c8a-e053-0100007f4327,198,2003-05-12T14:58:00+00:00,Imported Channel 1,1380,ft^3/s,164,ft,883,ft^2,1.56,ft/s,,,Unspecified,Unspecified,Unspecified,Unspecified,Unspecified,Unknown,BridgeCrane,2026-06-18T21:20:17.911196+00:00,point_velocity,Unspecified
05573540,POINT (-88.9763888888889 39.8311111111111),2c874a3d-4591-4177-a3d4-23da005ba3ad,USGS-05573540,4e84c81e-c968-6849-e053-0100007f8aa5,96,1989-08-07T16:55:00+00:00,Imported Channel 1,2.55,ft^3/s,27.0,ft,19.2,ft^2,0.13,ft/s,,,Unspecified,Unspecified,Unspecified,Unspecified,Unspecified,Unknown,Wading,2026-06-18T21:20:17.911196+00:00,point_velocity,Unspecified
05573540,POINT (-88.9763888888889 39.8311111111111),2daf8c50-aefa-4f1c-b79f-1839e73bd2a0,USGS-05573540,4e84cc84-59a7-69b2-e053-0100007f23d1,30,1982-05-20T06:00:00+00:00,Imported Channel 1,35.8,ft^3/s,,,,,,,,ft,Unspecified,Unspecified,Unspecified,Unspecified,Unspecified,Unknown,Unspecified,2026-06-18T21:20:17.911196+00:00,other_method,Unspecified
05573540,POINT (-88.9763888888889 39.8311111111111),2dc01bd8-0206-4174-80a4-90cec4aa940b,USGS-05573540,85b61b59-cd3c-a1d6-e053-0100007fd492,306,2019-04-01T16:30:47+00:00,Main,5080,ft^3/s,431,ft,2240,ft^2,2.27,ft/s,50.00,ft,Firm,Gravel,Even,Even,Standard,Steady,BridgeDownstreamSide,2026-06-18T21:20:17.911196+00:00,adcp,Downstream
05573540,POINT (-88.9763888888889 39.8311111111111),2e6d9e3d-084c-4d6a-be01-6437fa39ffc7,USGS-05573540,4e84d8fd-c9b1-7244-e053-0100007f5698,151,1997-01-09T19:10:00+00:00,Imported Channel 1,191,ft^3/s,106,ft,157,ft^2,1.22,ft/s,,,Unspecified,Unspecified,Unspecified,Unspecified,Unspecified,Unknown,Wading,2026-06-18T21:20:17.911196+00:00,point_velocity,Unspecified
05573540,POINT (-88.9763888888889 39.8311111111111),2f6e94ed-5505-460f-8c24-c08a8f8b10c1,USGS-05573540,4e84d563-e7a5-6f11-e053-0100007f2796,90,1988-11-16T17:10:00+00:00,Imported Channel 1,12.4,ft^3/s,25.0,ft,22.8,ft^2,0.54,ft/s,,,Unspecified,Unspecified,Unspecified,Unspecified,Unspecified,Unknown,Wading,2026-06-18T21:20:17.911196+00:00,point_velocity,Unspecified
05573540,POINT (-88.9763888888889 39.8311111111111),30be25ef-80fa-49bf-b65e-f33bd4292622,USGS-05573540,4e84d362-e0e6-6e3a-e053-0100007fe0d3,115,1992-03-16T18:30:00+00:00,Imported Channel 1,6.79,ft^3/s,113,ft,177,ft^2,0.04,ft/s,,,Unspecified,Unspecified,Unspecified,Unspecified,Unspecified,Unknown,Wading,2026-06-18T21:20:17.911196+00:00,point_velocity,Unspecified
05573540,POINT (-88.9763888888889 39.8311111111111),31554ee6-3881-4130-9376-33b3b14d71ae,USGS-05573540,4e84d29a-bc3f-6d96-e053-0100007f24b5,146,1996-07-05T17:05:00+00:00,Imported Channel 1,355,ft^3/s,113,ft,240,ft^2,1.48,ft/s,,,Unspecified,Unspecified,Unspecified,Unspecified,Unspecified,Unknown,Wading,2026-06-18T21:20:17.911196+00:00,point_velocity,Unspecified
05573540,POINT (-88.9763888888889 39.8311111111111),33284021-ef88-40fa-a390-16929302e6fe,USGS-05573540,4e84d430-16d2-6dd7-e053-0100007f4907,72,1986-12-11T06:00:00+00:00,Imported Channel 1,25.3,ft^3/s,24.0,ft,26.2,ft^2,0.97,ft/s,,,Unspecified,Unspecified,Unspecified,Unspecified,Unspecified,Unknown,Wading,2026-06-18T21:20:17.911196+00:00,point_velocity,Unspecified
05573540,POINT (-88.9763888888889 39.8311111111111),345ff67a-7634-433d-9867-8d92fb8d98b2,USGS-05573540,4e84ec86-caf7-7d4c-e053-0100007fbc2d,252,2011-03-10T15:13:00+00:00,Imported Channel 1,3430,ft^3/s,470,ft,1960,ft^2,1.75,ft/s,25.00,ft,Firm,Gravel,Even,Even,Uniform,Unknown,BridgeDownstreamSide,2026-06-18T21:20:17.911196+00:00,adcp,Downstream
05573540,POINT (-88.9763888888889 39.8311111111111),349cfdbc-38ac-4025-9053-f9176af9e821,USGS-05573540,4e84d2ec-33b4-6e40-e053-0100007f1b0d,184,2001-04-06T12:28:00+00:00,Imported Channel 1,315,ft^3/s,133,ft,188,ft^2,1.68,ft/s,,,Unspecified,Unspecified,Unspecified,Unspecified,Unspecified,Unknown,Wading,2026-06-18T21:20:17.911196+00:00,point_velocity,Unspecified
05573540,POINT (-88.9763888888889 39.8311111111111),366baa72-2c00-490d-ab6c-6fbecc3bafc9,USGS-05573540,a81e62a5-82a9-41ae-a5c3-c9ffcff59566,320,2021-06-21T21:37:03+00:00,Main,85.7,ft^3/s,96.2,ft,106,ft^2,0.81,ft/s,40.00,ft,Firm,Gravel,Uneven,Uneven,Unknown,Unspecified,Wading,2026-06-18T21:20:17.911196+00:00,point_velocity,Upstream
05573540,POINT (-88.9763888888889 39.8311111111111),36a3291d-b74a-44d4-bde9-1ef23f7a3e59,USGS-05573540,4e84da41-ba69-72b8-e053-0100007fd5f5,97,1989-10-10T16:50:00+00:00,Imported Channel 1,1.20,ft^3/s,12.0,ft,6.63,ft^2,0.18,ft/s,,,Unspecified,Unspecified,Unspecified,Unspecified,Unspecified,Unknown,Wading,2026-06-18T21:20:17.911196+00:00,point_velocity,Unspecified
05573540,POINT (-88.9763888888889 39.8311111111111),377cd9a1-217b-4c7f-8ef7-696bbe24ce12,USGS-05573540,5efef1be-5f05-92c0-e053-0100007f6720,298,2017-11-22T15:35:30+00:00,MAIN,1.12,ft^3/s,30.0,ft,13.7,ft^2,0.08,ft/s,10.00,ft,Soft,Sand,Even,Even,Uniform,Steady,Wading,2026-06-18T21:20:17.911196+00:00,point_velocity,Upstream
05573540,POINT (-88.9763888888889 39.8311111111111),3924db7f-64ce-4b0c-878a-58d07526d510,USGS-05573540,4e84cefc-b112-6c6c-e053-0100007feafd,8,1979-06-15T06:00:00+00:00,Imported Channel 1,277,ft^3/s,,,,,,,,ft,Unspecified,Unspecified,Unspecified,Unspecified,Unspecified,Unknown,Unspecified,2026-06-18T21:20:17.911196+00:00,other_method,Unspecified
05573540,POINT (-88.9763888888889 39.8311111111111),39caedf0-b1d6-4ad1-9008-b8a46d6599d5,USGS-05573540,4e84dae0-ca5d-72f0-e053-0100007f2e83,67,1986-02-27T06:00:00+00:00,Imported Channel 1,1130,ft^3/s,113,ft,553,ft^2,2.04,ft/s,,,Unspecified,Unspecified,Unspecified,Unspecified,Unspecified,Unknown,BridgeCrane,2026-06-18T21:20:17.911196+00:00,point_velocity,Unspecified
05573540,POINT (-88.9763888888889 39.8311111111111),39d22857-cb1e-45a6-9117-d1cb196d7ead,USGS-05573540,4e84da6b-5b7a-7238-e053-0100007ff317,235,2008-06-05T14:40:00+00:00,Imported Channel 1,20500,ft^3/s,457,ft,6740,ft^2,2.99,ft/s,,ft,Unspecified,Unspecified,Unspecified,Unspecified,Unspecified,Unknown,Unspecified,2026-06-18T21:20:17.911196+00:00,adcp,Unspecified
05573540,POINT (-88.9763888888889 39.8311111111111),3a03171f-b15d-4032-874f-0d3a34c05cf0,USGS-05573540,4e84cb64-4e23-697e-e053-0100007fc05a,148,1996-10-17T13:10:00+00:00,Imported Channel 1,2.29,ft^3/s,26.0,ft,14.0,ft^2,0.16,ft/s,,,Unspecified,Unspecified,Unspecified,Unspecified,Unspecified,Unknown,Wading,2026-06-18T21:20:17.911196+00:00,point_velocity,Unspecified
05573540,POINT (-88.9763888888889 39.8311111111111),3a412206-2df7-4212-9202-d093840146e1,USGS-05573540,ad07353b-9dc9-4b49-bcbe-f671a6a83eec,314,2020-08-25T14:03:51+00:00,Main,2.13,ft^3/s,38.9,ft,20.9,ft^2,0.10,ft/s,300.00,ft,Unspecified,Unspecified,Unspecified,Unspecified,Unspecified,Unspecified,Wading,2026-06-18T21:20:17.911196+00:00,point_velocity,Downstream
05573540,POINT (-88.9763888888889 39.8311111111111),3b7b594f-b2e4-4f8e-b2b9-864f5f3470c5,USGS-05573540,4e84e0d0-7a8b-73d4-e053-0100007f1e94,165,1998-08-17T18:35:00+00:00,Imported Channel 1,20.5,ft^3/s,46.0,ft,31.2,ft^2,0.66,ft/s,,,Unspecified,Unspecified,Unspecified,Unspecified,Unspecified,Unknown,Wading,2026-06-18T21:20:17.911196+00:00,point_velocity,Unspecified
05573540,POINT (-88.9763888888889 39.8311111111111),3bdb83f7-cfa4-47a2-a6a0-0f3d016d8e61,USGS-05573540,67dd3656-6096-7ed0-e053-0100007f9c4b,300,2018-03-14T20:54:30+00:00,MAIN,551,ft^3/s,115,ft,325,ft^2,1.70,ft/s,0.00,ft,Unspecified,Unspecified,Unspecified,Unspecified,Unspecified,Unspecified,BridgeDownstreamSide,2026-06-18T21:20:17.911196+00:00,adcp,AtTheGage
05573540,POINT (-88.9763888888889 39.8311111111111),404e7dd7-141b-499d-b084-bbe0736902f7,USGS-05573540,5f29ea52-eb70-450d-8808-a5404adaedef,323,2021-12-16T16:24:47+00:00,MAIN,545,ft^3/s,115,ft,302,ft^2,1.81,ft/s,0.00,ft,Soft,SiltMud,Even,Even,Unknown,Steady,BridgeUpstreamSide,2026-06-18T21:20:17.911196+00:00,adcp,AtTheGage
05573540,POINT (-88.9763888888889 39.8311111111111),405ded56-11aa-47b9-a98f-587d89fbdd52,USGS-05573540,4e84ebf0-c696-7d12-e053-0100007f289a,253,2011-04-19T17:00:00+00:00,Imported Channel 1,461,ft^3/s,111,ft,295,ft^2,1.56,ft/s,,ft,Unspecified,Unspecified,Unspecified,Unspecified,Unspecified,Unknown,BridgeDownstreamSide,2026-06-18T21:20:17.911196+00:00,adcp,AtTheGage
05573540,POINT (-88.9763888888889 39.8311111111111),40a0efc0-53e3-4f88-ba29-cc00bd9bdf8d,USGS-05573540,4e84cef7-5db3-6c6e-e053-0100007f5e5f,13,1980-04-17T06:00:00+00:00,Imported Channel 1,1360,ft^3/s,,,,,,,,ft,Unspecified,Unspecified,Unspecified,Unspecified,Unspecified,Unknown,Unspecified,2026-06-18T21:20:17.911196+00:00,other_method,Unspecified
05573540,POINT (-88.9763888888889 39.8311111111111),40c34ae6-581b-4c0f-aacb-66a0f8953300,USGS-05573540,4e84e47b-8878-78ca-e053-0100007f0ba4,289,2016-03-24T19:23:11+00:00,MAIN,495,ft^3/s,114,ft,350,ft^2,1.42,ft/s,,ft,Firm,Gravel,Even,Even,Uniform,Unknown,BridgeDownstreamSide,2026-06-18T21:20:17.911196+00:00,adcp,AtTheGage
05573540,POINT (-88.9763888888889 39.8311111111111),411126c8-bf2e-4f1a-afd7-f202af4847ed,USGS-05573540,4e84cb41-fbbd-69ba-e053-0100007f356a,71,1986-09-16T06:00:00+00:00,Imported Channel 1,2.64,ft^3/s,26.5,ft,8.64,ft^2,0.31,ft/s,,,Unspecified,Unspecified,Unspecified,Unspecified,Unspecified,Unknown,Wading,2026-06-18T21:20:17.911196+00:00,point_velocity,Unspecified
05573540,POINT (-88.9763888888889 39.8311111111111),431a1c7d-9c15-4488-b4bb-4d031f08efc4,USGS-05573540,4e84d5b8-e197-6de7-e053-0100007f945c,157,1997-08-04T17:25:00+00:00,Imported Channel 1,4.71,ft^3/s,19.0,ft,5.29,ft^2,0.89,ft/s,,,Unspecified,Unspecified,Unspecified,Unspecified,Unspecified,Unknown,Wading,2026-06-18T21:20:17.911196+00:00,point_velocity,Unspecified
05573540,POINT (-88.9763888888889 39.8311111111111),440da4fe-0c91-45e3-a346-61d0aa94cc3e,USGS-05573540,4e84c0bc-0794-634a-e053-0100007fd51c,113,1991-11-25T17:40:00+00:00,Imported Channel 1,723,ft^3/s,115,ft,413,ft^2,1.75,ft/s,,,Unspecified,Unspecified,Unspecified,Unspecified,Unspecified,Unknown,BridgeCrane,2026-06-18T21:20:17.911196+00:00,point_velocity,Unspecified
05573540,POINT (-88.9763888888889 39.8311111111111),45808a3e-4ce3-4de9-8414-b72114d2ddcc,USGS-05573540,4e84cefc-b129-6c6c-e053-0100007feafd,205,2004-05-28T17:44:00+00:00,Imported Channel 1,2060,ft^3/s,170,ft,943,ft^2,2.18,ft/s,,,Unspecified,Unspecified,Unspecified,Unspecified,Unspecified,Unknown,BridgeCrane,2026-06-18T21:20:17.911196+00:00,point_velocity,Unspecified
05573540,POINT (-88.9763888888889 39.8311111111111),45d0414d-3278-4fdf-9e7d-4f18353f3f53,USGS-05573540,16b97912-52fa-4fb2-a2d4-fb8caf02d60c,332,2023-04-03T16:16:27+00:00,right,916,ft^3/s,68.3,ft,407,ft^2,2.25,ft/s,0.00,ft,Firm,Cobbles,Even,Even,Unspecified,Unspecified,BridgeDownstreamSide,2026-06-18T21:20:17.911196+00:00,adcp,AtTheGage
05573540,POINT (-88.9763888888889 39.8311111111111),46c21086-d865-4df4-9ca0-52494e5fc62a,USGS-05573540,4e84cb1f-78b5-69be-e053-0100007f34d2,53,1984-07-23T06:00:00+00:00,Imported Channel 1,6.28,ft^3/s,11.0,ft,12.1,ft^2,0.52,ft/s,,,Unspecified,Unspecified,Unspecified,Unspecified,Unspecified,Unknown,Wading,2026-06-18T21:20:17.911196+00:00,point_velocity,Unspecified
05573540,POINT (-88.9763888888889 39.8311111111111),475688c6-91cb-400a-a7fe-27a0669f270d,USGS-05573540,4e84cef7-5db4-6c6e-e053-0100007f5e5f,16,1980-07-31T06:00:00+00:00,Imported Channel 1,0.00,ft^3/s,,,,,,,,ft,Unspecified,Unspecified,Unspecified,Unspecified,Unspecified,Unknown,Unspecified,2026-06-18T21:20:17.911196+00:00,other_method,Unspecified
05573540,POINT (-88.9763888888889 39.8311111111111),4a9a3874-fc82-41b5-b8cf-42392df99cac,USGS-05573540,4e84e125-1a8e-76a2-e053-0100007f7548,182,2001-02-01T16:46:00+00:00,Imported Channel 1,3020,ft^3/s,411,ft,1920,ft^2,1.57,ft/s,,,Unspecified,Unspecified,Unspecified,Unspecified,Unspecified,Unknown,BridgeCrane,2026-06-18T21:20:17.911196+00:00,point_velocity,Unspecified
05573540,POINT (-88.9763888888889 39.8311111111111),4ab97d41-7e93-44a6-ac55-988af0180cb8,USGS-05573540,4e84d543-148f-7003-e053-0100007f8a1a,29,1982-04-07T06:00:00+00:00,Imported Channel 1,1160,ft^3/s,,,,,,,,ft,Unspecified,Unspecified,Unspecified,Unspecified,Unspecified,Unknown,Unspecified,2026-06-18T21:20:17.911196+00:00,other_method,Unspecified
05573540,POINT (-88.9763888888889 39.8311111111111),4b6c722d-833a-4d20-90bb-efba271e9bcf,USGS-05573540,ad8b056f-0573-4e53-a1fd-46f585cae403,329,2022-09-19T14:54:52+00:00,MAIN,20.3,ft^3/s,43.0,ft,24.9,ft^2,0.82,ft/s,700.00,ft,Unspecified,Unspecified,Unspecified,Unspecified,Unspecified,Unspecified,Wading,2026-06-18T21:20:17.911196+00:00,point_velocity,Downstream
05573540,POINT (-88.9763888888889 39.8311111111111),4c0f22ab-28bb-4f92-8ef2-c5a765360a71,USGS-05573540,4e84c559-c1e3-665d-e053-0100007fa715,32,1982-07-20T06:00:00+00:00,Imported Channel 1,89.7,ft^3/s,,,,,,,,ft,Unspecified,Unspecified,Unspecified,Unspecified,Unspecified,Unknown,Unspecified,2026-06-18T21:20:17.911196+00:00,other_method,Unspecified
05573540,POINT (-88.9763888888889 39.8311111111111),4c799ea3-9f14-46d8-95a5-de4b80e589d2,USGS-05573540,4e84d203-38a2-6db0-e053-0100007f362d,116,1992-05-19T19:15:00+00:00,Imported Channel 1,7.97,ft^3/s,11.7,ft,3.69,ft^2,2.16,ft/s,,,Unspecified,Unspecified,Unspecified,Unspecified,Unspecified,Unknown,Wading,2026-06-18T21:20:17.911196+00:00,point_velocity,Unspecified
05573540,POINT (-88.9763888888889 39.8311111111111),4ccd18e1-4445-4e4f-b997-e90f24a28725,USGS-05573540,4e84de26-8b06-7528-e053-0100007f960b,264,2012-07-12T16:06:41+00:00,Channel 1,0.13,ft^3/s,2.00,ft,0.29,ft^2,0.45,ft/s,40.00,ft,Firm,Gravel,Even,Even,Uniform,Unknown,Wading,2026-06-18T21:20:17.911196+00:00,point_velocity,Downstream
05573540,POINT (-88.9763888888889 39.8311111111111),4db47c09-abab-49af-b028-c90232fb841f,USGS-05573540,4e84cecb-2c2f-6a22-e053-0100007f2298,273,2013-07-25T16:17:30+00:00,MAIN,74.6,ft^3/s,91.0,ft,103,ft^2,0.72,ft/s,,,Firm,Gravel,Even,Even,Uniform,Unknown,Wading,2026-06-18T21:20:17.911196+00:00,point_velocity,AtTheGage
05573540,POINT (-88.9763888888889 39.8311111111111),4e176ea5-aeed-4d14-8e9e-354db0052341,USGS-05573540,4e84d8f9-9bf7-7240-e053-0100007f04ef,73,1987-01-21T06:00:00+00:00,Imported Channel 1,67.1,ft^3/s,99.0,ft,86.6,ft^2,0.77,ft/s,,,Unspecified,Unspecified,Unspecified,Unspecified,Unspecified,Unknown,Wading,2026-06-18T21:20:17.911196+00:00,point_velocity,Unspecified
05573540,POINT (-88.9763888888889 39.8311111111111),4e57a920-6851-4df0-be27-c741c39acc34,USGS-05573540,4e84e1a8-c85d-76ae-e053-0100007fae01,173,1999-09-02T17:00:00+00:00,Imported Channel 1,2.54,ft^3/s,16.7,ft,3.17,ft^2,0.80,ft/s,,,Unspecified,Unspecified,Unspecified,Unspecified,Unspecified,Unknown,Wading,2026-06-18T21:20:17.911196+00:00,point_velocity,Unspecified
05573540,POINT (-88.9763888888889 39.8311111111111),4f427421-ba49-47e5-9ef5-ef728fffd83c,USGS-05573540,4e84deb8-f9c8-74e6-e053-0100007f8872,189,2001-11-28T17:38:00+00:00,Imported Channel 1,167,ft^3/s,102,ft,181,ft^2,0.92,ft/s,,,Unspecified,Unspecified,Unspecified,Unspecified,Unspecified,Unknown,Wading,2026-06-18T21:20:17.911196+00:00,point_velocity,Unspecified
05573540,POINT (-88.9763888888889 39.8311111111111),4f92b823-0a6c-4215-9436-0e416ad8211d,USGS-05573540,4e84cf11-175f-6c50-e053-0100007f8b61,35,1982-09-14T06:00:00+00:00,Imported Channel 1,2.74,ft^3/s,,,,,,,,ft,Unspecified,Unspecified,Unspecified,Unspecified,Unspecified,Unknown,Unspecified,2026-06-18T21:20:17.911196+00:00,other_method,Unspecified
05573540,POINT (-88.9763888888889 39.8311111111111),4fb4e3d1-aec5-41e0-9e25-962559c6d635,USGS-05573540,477cfaee-e461-46b2-b4b0-45b2358cb003,331,2023-01-30T18:43:29+00:00,main,339,ft^3/s,115,ft,218,ft^2,1.55,ft/s,150.00,ft,Soft,Sand,Even,Even,Unspecified,Unspecified,Wading,2026-06-18T21:20:17.911196+00:00,point_velocity,Upstream
05573540,POINT (-88.9763888888889 39.8311111111111),4fc49cde-0c0d-49da-a34f-f1956adf5642,USGS-05573540,4e84cc84-59a8-69b2-e053-0100007f23d1,33,1982-08-12T06:00:00+00:00,Imported Channel 1,4.89,ft^3/s,,,,,,,,ft,Unspecified,Unspecified,Unspecified,Unspecified,Unspecified,Unknown,Unspecified,2026-06-18T21:20:17.911196+00:00,other_method,Unspecified
05573540,POINT (-88.9763888888889 39.8311111111111),4fcbbaa5-0d72-4f30-b95c-4b4c8a9f4c92,USGS-05573540,b1cb6113-d28d-42ea-90a3-7287e8b1dceb,353,2025-11-17T18:44:11+00:00,check,0.51,ft^3/s,23.0,ft,10.2,ft^2,0.05,ft/s,150.00,ft,Soft,Sand,Even,Unspecified,Unspecified,Unspecified,Wading,2026-06-18T21:20:17.911196+00:00,point_velocity,Downstream
05573540,POINT (-88.9763888888889 39.8311111111111),505d3faf-97f1-41e8-a0b9-d08f5ca5c225,USGS-05573540,4e84c737-7325-67a6-e053-0100007f0b69,39,1982-12-04T06:00:00+00:00,Imported Channel 1,4260,ft^3/s,,,,,,,,ft,Unspecified,Unspecified,Unspecified,Unspecified,Unspecified,Unknown,Unspecified,2026-06-18T21:20:17.911196+00:00,other_method,Unspecified
05573540,POINT (-88.9763888888889 39.8311111111111),5062b009-49fc-4e0e-9ae9-42d007cafe8b,USGS-05573540,4e84c56c-7381-6687-e053-0100007fd6d0,86,1988-07-28T16:10:00+00:00,Imported Channel 1,2.46,ft^3/s,25.5,ft,9.70,ft^2,0.25,ft/s,,,Unspecified,Unspecified,Unspecified,Unspecified,Unspecified,Unknown,Wading,2026-06-18T21:20:17.911196+00:00,point_velocity,Unspecified
05573540,POINT (-88.9763888888889 39.8311111111111),51c61f84-06bd-4b04-b0a5-af4527514db1,USGS-05573540,2a86d4c5-e21f-4457-a7bf-b4b5e19bfdab,326,2022-06-15T19:05:55+00:00,MAIN,395,ft^3/s,110,ft,209,ft^2,1.89,ft/s,0.00,ft,Soft,SiltMud,Even,Even,Unspecified,Unspecified,BridgeUpstreamSide,2026-06-18T21:20:17.911196+00:00,adcp,AtTheGage
05573540,POINT (-88.9763888888889 39.8311111111111),51d59af4-d486-45c4-8388-55b832f9e9fa,USGS-05573540,4e84c0fa-b95d-63be-e053-0100007fbc97,51,1984-05-04T06:00:00+00:00,Imported Channel 1,359,ft^3/s,111,ft,498,ft^2,0.72,ft/s,,,Unspecified,Unspecified,Unspecified,Unspecified,Unspecified,Unknown,BridgeCrane,2026-06-18T21:20:17.911196+00:00,point_velocity,Unspecified
05573540,POINT (-88.9763888888889 39.8311111111111),549f5a25-2a31-438e-8a69-bfc65fb0c216,USGS-05573540,4e84e4e7-b031-7874-e053-0100007fb3e4,239,2009-03-17T18:12:00+00:00,Imported Channel 1,2030,ft^3/s,168,ft,1020,ft^2,1.99,ft/s,,ft,Firm,Sand,Even,Even,Unspecified,Unknown,BridgeUpstreamSide,2026-06-18T21:20:17.911196+00:00,adcp,AtTheGage
05573540,POINT (-88.9763888888889 39.8311111111111),54be79cf-76a4-4ee6-a754-9e830b6c90ce,USGS-05573540,4e84ddaf-5758-74ba-e053-0100007fb586,197,2003-04-15T19:36:00+00:00,Imported Channel 1,11.3,ft^3/s,44.5,ft,12.1,ft^2,0.91,ft/s,,,Unspecified,Unspecified,Unspecified,Unspecified,Unspecified,Unknown,Wading,2026-06-18T21:20:17.911196+00:00,point_velocity,Unspecified
05573540,POINT (-88.9763888888889 39.8311111111111),54cc1e0a-3442-4446-86d0-c1748208c3ae,USGS-05573540,4e84d03a-1cef-6c72-e053-0100007fef9b,172,1999-08-04T19:45:00+00:00,Imported Channel 1,4.09,ft^3/s,7.00,ft,2.76,ft^2,1.48,ft/s,,,Unspecified,Unspecified,Unspecified,Unspecified,Unspecified,Unknown,Wading,2026-06-18T21:20:17.911196+00:00,point_velocity,Unspecified
05573540,POINT (-88.9763888888889 39.8311111111111),54d9b1d6-90ba-4b4c-922c-93e0b08550dd,USGS-05573540,4e84d03a-1cf1-6c72-e053-0100007fef9b,203,2004-02-17T20:14:00+00:00,Imported Channel 1,144,ft^3/s,104,ft,129,ft^2,1.12,ft/s,,,Unspecified,Unspecified,Unspecified,Unspecified,Unspecified,Unknown,Wading,2026-06-18T21:20:17.911196+00:00,point_velocity,Unspecified
05573540,POINT (-88.9763888888889 39.8311111111111),5653166a-5d8c-48ae-b69f-35c7f1e30756,USGS-05573540,4e84eca2-395d-7d4e-e053-0100007f523d,268,2012-11-26T18:00:00+00:00,MAIN,0.74,ft^3/s,14.0,ft,2.89,ft^2,0.25,ft/s,80.00,ft,Unspecified,Unspecified,Unspecified,Unspecified,Unspecified,Unknown,Wading,2026-06-18T21:20:17.911196+00:00,point_velocity,Downstream
05573540,POINT (-88.9763888888889 39.8311111111111),581e72cb-5966-49eb-9ab9-660b8361d170,USGS-05573540,4e84da2d-2fa5-72f4-e053-0100007fae9d,223,2007-01-17T20:05:00+00:00,Imported Channel 1,4350,ft^3/s,394,ft,2710,ft^2,1.61,ft/s,,ft,Unspecified,Unspecified,Unspecified,Unspecified,Unspecified,Unknown,Unspecified,2026-06-18T21:20:17.911196+00:00,adcp,Unspecified
05573540,POINT (-88.9763888888889 39.8311111111111),587141df-c2a0-4acb-8efa-cfdefb5e209d,USGS-05573540,4e84da41-ba77-72b8-e053-0100007fd5f5,167,1998-12-04T17:31:00+00:00,Imported Channel 1,3.95,ft^3/s,9.70,ft,5.60,ft^2,0.70,ft/s,,,Unspecified,Unspecified,Unspecified,Unspecified,Unspecified,Unknown,Wading,2026-06-18T21:20:17.911196+00:00,point_velocity,Unspecified
05573540,POINT (-88.9763888888889 39.8311111111111),597cb719-b3b8-464c-800b-aa7bfd7a2ab5,USGS-05573540,f5f93c19-e0af-4b49-93f3-a2d9905983fd,355,2026-02-12T18:18:48+00:00,main,1.54,ft^3/s,25.0,ft,11.0,ft^2,0.14,ft/s,100.00,ft,Soft,Sand,Even,Unspecified,Unspecified,Unspecified,Wading,2026-06-18T21:20:17.911196+00:00,point_velocity,Downstream
05573540,POINT (-88.9763888888889 39.8311111111111),5a0c3f36-15d0-4917-b54a-8d10fb8ecfc4,USGS-05573540,4e84cef7-5db5-6c6e-e053-0100007f5e5f,21,1981-04-14T06:00:00+00:00,Imported Channel 1,820,ft^3/s,,,,,,,,ft,Unspecified,Unspecified,Unspecified,Unspecified,Unspecified,Unknown,Unspecified,2026-06-18T21:20:17.911196+00:00,other_method,Unspecified
05573540,POINT (-88.9763888888889 39.8311111111111),5a416e69-c6eb-4a90-9078-bd2562d2f638,USGS-05573540,4e84cf56-e7b4-6c8a-e053-0100007f4327,186,2001-07-12T15:40:00+00:00,Imported Channel 1,5.19,ft^3/s,6.40,ft,2.74,ft^2,1.89,ft/s,,,Unspecified,Unspecified,Unspecified,Unspecified,Unspecified,Unknown,BridgeCrane,2026-06-18T21:20:17.911196+00:00,point_velocity,Unspecified
05573540,POINT (-88.9763888888889 39.8311111111111),5ace26dd-fb92-4ef3-885b-779ee77dee42,USGS-05573540,4e84e0df-f34d-76a0-e053-0100007f17ca,285,2015-05-19T16:32:13+00:00,Main,338,ft^3/s,121,ft,333,ft^2,1.02,ft/s,,ft,Soft,SiltMud,Uneven,Even,Standard,Unknown,BridgeDownstreamSide,2026-06-18T21:20:17.911196+00:00,adcp,AtTheGage
05573540,POINT (-88.9763888888889 39.8311111111111),5aed770b-00d6-468d-981d-3f6e1b9e7d8c,USGS-05573540,4e84c825-01a9-6827-e053-0100007fbfc4,92,1989-03-07T17:15:00+00:00,Imported Channel 1,106,ft^3/s,97.0,ft,71.7,ft^2,1.48,ft/s,,,Unspecified,Unspecified,Unspecified,Unspecified,Unspecified,Unknown,Wading,2026-06-18T21:20:17.911196+00:00,point_velocity,Unspecified
05573540,POINT (-88.9763888888889 39.8311111111111),5bbb441b-cf36-41e4-9ea6-2aa4d9f55816,USGS-05573540,4e84cb1f-78b9-69be-e053-0100007f34d2,91,1989-01-18T18:00:00+00:00,Imported Channel 1,18.6,ft^3/s,68.0,ft,24.0,ft^2,0.78,ft/s,,,Unspecified,Unspecified,Unspecified,Unspecified,Unspecified,Unknown,Wading,2026-06-18T21:20:17.911196+00:00,point_velocity,Unspecified
05573540,POINT (-88.9763888888889 39.8311111111111),5bc39d3c-8899-40c7-ac73-557d4eceb793,USGS-05573540,4e84d36a-be8c-6e4e-e053-0100007f442a,40,1982-12-27T06:00:00+00:00,Imported Channel 1,2280,ft^3/s,,,,,,,,ft,Unspecified,Unspecified,Unspecified,Unspecified,Unspecified,Unknown,Unspecified,2026-06-18T21:20:17.911196+00:00,other_method,Unspecified
05573540,POINT (-88.9763888888889 39.8311111111111),5ca0c4ab-4019-4743-a799-518507db31c2,USGS-05573540,4e84dce2-c868-7302-e053-0100007f7c79,270,2013-02-13T16:46:45+00:00,MAIN,750,ft^3/s,103,ft,482,ft^2,1.56,ft/s,,ft,Firm,Gravel,Even,Unspecified,Uniform,Unknown,BridgeDownstreamSide,2026-06-18T21:20:17.911196+00:00,adcp,AtTheGage
05573540,POINT (-88.9763888888889 39.8311111111111),5d8c6e32-84d6-4544-9d47-6fad1488090e,USGS-05573540,4e84d543-148d-7003-e053-0100007f8a1a,25,1981-10-21T06:00:00+00:00,Imported Channel 1,1110,ft^3/s,,,,,,,,ft,Unspecified,Unspecified,Unspecified,Unspecified,Unspecified,Unknown,Unspecified,2026-06-18T21:20:17.911196+00:00,other_method,Unspecified
05573540,POINT (-88.9763888888889 39.8311111111111),5d94444a-9234-49ef-a9ba-df4aab619f6a,USGS-05573540,4e84d3c2-375b-6ddf-e053-0100007fb4ae,132,1994-12-16T20:30:00+00:00,Imported Channel 1,626,ft^3/s,112,ft,452,ft^2,1.38,ft/s,,,Unspecified,Unspecified,Unspecified,Unspecified,Unspecified,Unknown,BridgeCrane,2026-06-18T21:20:17.911196+00:00,point_velocity,Unspecified
05573540,POINT (-88.9763888888889 39.8311111111111),5dbff86c-9a8f-4070-a6e1-c5414e8d4996,USGS-05573540,4e84ec05-3572-7ce6-e053-0100007f3ee6,250,2010-12-06T17:35:27+00:00,Channel 1,13.6,ft^3/s,81.0,ft,54.9,ft^2,0.25,ft/s,,,Firm,Gravel,Even,Even,Standard,Unknown,Wading,2026-06-18T21:20:17.911196+00:00,point_velocity,AtTheGage
05573540,POINT (-88.9763888888889 39.8311111111111),5eae41ef-4793-483d-a59a-a8f65f949837,USGS-05573540,4e84e08a-a0de-7494-e053-0100007f68a7,267,2012-10-04T17:03:30+00:00,MAIN,0.59,ft^3/s,3.90,ft,0.70,ft^2,0.85,ft/s,50.00,ft,Firm,Gravel,Even,Even,Uniform,Unknown,Wading,2026-06-18T21:20:17.911196+00:00,point_velocity,Downstream
05573540,POINT (-88.9763888888889 39.8311111111111),5fb87988-e6ee-43c5-a0ec-1dc852dddd1a,USGS-05573540,4e84d4a6-610d-6f17-e053-0100007fcfe3,170,1999-05-06T19:00:00+00:00,Imported Channel 1,789,ft^3/s,125,ft,648,ft^2,1.22,ft/s,,,Unspecified,Unspecified,Unspecified,Unspecified,Unspecified,Unknown,BridgeCrane,2026-06-18T21:20:17.911196+00:00,point_velocity,Unspecified
05573540,POINT (-88.9763888888889 39.8311111111111),608a83db-acd4-4a1d-87a4-b5e6c0d4560d,USGS-05573540,4e84da6b-5b6c-7238-e053-0100007ff317,75,1987-05-23T06:00:00+00:00,Imported Channel 1,94.1,ft^3/s,93.0,ft,84.5,ft^2,1.11,ft/s,,,Unspecified,Unspecified,Unspecified,Unspecified,Unspecified,Unknown,Wading,2026-06-18T21:20:17.911196+00:00,point_velocity,Unspecified
05573540,POINT (-88.9763888888889 39.8311111111111),60bcfa95-9875-498e-a8ba-87ce16103314,USGS-05573540,4e84d9d2-201b-72bc-e053-0100007f2816,215,2005-08-01T16:13:00+00:00,Imported Channel 1,2.17,ft^3/s,32.0,ft,6.94,ft^2,0.31,ft/s,,,Unspecified,Unspecified,Unspecified,Unspecified,Unspecified,Unknown,Wading,2026-06-18T21:20:17.911196+00:00,point_velocity,Unspecified
05573540,POINT (-88.9763888888889 39.8311111111111),62bc1b0c-dc56-49f2-83d1-8be769d39153,USGS-05573540,4e84cefc-b11a-6c6c-e053-0100007feafd,84,1988-06-10T18:20:00+00:00,Imported Channel 1,29.3,ft^3/s,43.0,ft,33.4,ft^2,0.88,ft/s,,,Unspecified,Unspecified,Unspecified,Unspecified,Unspecified,Unknown,Wading,2026-06-18T21:20:17.911196+00:00,point_velocity,Unspecified
05573540,POINT (-88.9763888888889 39.8311111111111),63cfd2ed-cab5-442f-ab98-82fc01f89590,USGS-05573540,4e84de44-59c0-750a-e053-0100007fd902,114,1992-01-27T18:55:00+00:00,Imported Channel 1,242,ft^3/s,102,ft,149,ft^2,1.62,ft/s,,,Unspecified,Unspecified,Unspecified,Unspecified,Unspecified,Unknown,Wading,2026-06-18T21:20:17.911196+00:00,point_velocity,Unspecified
05573540,POINT (-88.9763888888889 39.8311111111111),649a1d55-92b2-4b45-ac27-13e0eb52ec7d,USGS-05573540,4e84e668-a552-7896-e053-0100007f3dec,260,2012-02-15T17:11:15+00:00,Channel 1,165,ft^3/s,106,ft,135,ft^2,1.22,ft/s,,,Firm,Gravel,Even,Even,Uniform,Unknown,Wading,2026-06-18T21:20:17.911196+00:00,point_velocity,AtTheGage
05573540,POINT (-88.9763888888889 39.8311111111111),65dcca8f-da0d-42c6-9bf3-a327a0159fd2,USGS-05573540,4e84cecb-2c2a-6a22-e053-0100007f2298,256,2011-07-18T17:25:37+00:00,Channel 1,3.85,ft^3/s,43.5,ft,21.5,ft^2,0.18,ft/s,250.00,ft,Soft,Gravel,Even,Even,Uniform,Unknown,Wading,2026-06-18T21:20:17.911196+00:00,point_velocity,Downstream
05573540,POINT (-88.9763888888889 39.8311111111111),65dee27c-5033-409f-8056-597e5d87a5ed,USGS-05573540,4e84d4cd-91c0-6f0b-e053-0100007f6487,57,1985-02-19T06:00:00+00:00,Imported Channel 1,115,ft^3/s,105,ft,99.9,ft^2,1.15,ft/s,,,Unspecified,Unspecified,Unspecified,Unspecified,Unspecified,Unknown,Wading,2026-06-18T21:20:17.911196+00:00,point_velocity,Unspecified
05573540,POINT (-88.9763888888889 39.8311111111111),66330d12-fef4-4b33-9d0b-0fa41982c926,USGS-05573540,4e84cefc-b13b-6c6c-e053-0100007feafd,288,2016-01-05T23:03:34+00:00,Main,1650,ft^3/s,250,ft,1350,ft^2,1.22,ft/s,,ft,Unspecified,Unspecified,Unspecified,Unspecified,Unspecified,Unknown,BridgeDownstreamSide,2026-06-18T21:20:17.911196+00:00,adcp,AtTheGage
05573540,POINT (-88.9763888888889 39.8311111111111),67aa298f-3b9a-4fe5-8386-1fcb42e26ff4,USGS-05573540,7cad5fdd-c98e-46b9-aa1b-d26e9c60a740,336,2023-11-27T17:08:28+00:00,main,0.65,ft^3/s,50.0,ft,49.7,ft^2,0.01,ft/s,0.00,ft,Soft,Sand,Even,Even,Unspecified,Unspecified,Wading,2026-06-18T21:20:17.911196+00:00,point_velocity,AtTheGage
05573540,POINT (-88.9763888888889 39.8311111111111),68837b9f-c081-445d-8250-3865b897ff79,USGS-05573540,4e84d203-3894-6db0-e053-0100007f362d,18,1980-12-01T06:00:00+00:00,Imported Channel 1,2.82,ft^3/s,,,,,,,,ft,Unspecified,Unspecified,Unspecified,Unspecified,Unspecified,Unknown,Unspecified,2026-06-18T21:20:17.911196+00:00,other_method,Unspecified
05573540,POINT (-88.9763888888889 39.8311111111111),68b1b89d-18d9-4bf0-beb9-978c8e7e0a33,USGS-05573540,4e84e4c8-e80c-7878-e053-0100007f7fcd,196,2003-01-28T15:20:00+00:00,Imported Channel 1,0.33,ft^3/s,5.70,ft,1.91,ft^2,0.17,ft/s,,,Unspecified,Unspecified,Unspecified,Unspecified,Unspecified,Unknown,Wading,2026-06-18T21:20:17.911196+00:00,point_velocity,Unspecified
05573540,POINT (-88.9763888888889 39.8311111111111),68cae35c-b118-4adc-b609-5819a1624739,USGS-05573540,4e84e351-1346-76d6-e053-0100007fddf7,195,2002-10-07T13:55:00+00:00,Imported Channel 1,0.19,ft^3/s,,,,,,,,ft,Unspecified,Unspecified,Unspecified,Unspecified,Unspecified,Unknown,Other,2026-06-18T21:20:17.911196+00:00,engineered_structure,Unspecified
05573540,POINT (-88.9763888888889 39.8311111111111),690197f7-88c5-4100-b7f2-6c7b02ca8ac0,USGS-05573540,4e84cecb-2c29-6a22-e053-0100007f2298,232,2008-04-03T14:21:00+00:00,Imported Channel 1,1180,ft^3/s,115,ft,638,ft^2,1.85,ft/s,,ft,Unspecified,Unspecified,Unspecified,Unspecified,Unspecified,Unknown,Unspecified,2026-06-18T21:20:17.911196+00:00,adcp,Unspecified
05573540,POINT (-88.9763888888889 39.8311111111111),69163e09-043d-461d-8afd-ca96d3014db9,USGS-05573540,4e84e445-26f3-7898-e053-0100007fe215,190,2002-01-16T20:47:00+00:00,Imported Channel 1,119,ft^3/s,98.0,ft,159,ft^2,0.75,ft/s,,,Unspecified,Unspecified,Unspecified,Unspecified,Unspecified,Unknown,Wading,2026-06-18T21:20:17.911196+00:00,point_velocity,Unspecified
05573540,POINT (-88.9763888888889 39.8311111111111),6a7b614e-b2ec-41e2-b1e2-51511343aedb,USGS-05573540,4e84ed64-626c-7cf8-e053-0100007f04e6,280,2014-06-05T16:48:00+00:00,S X S,2320,ft^3/s,140,ft,1020,ft^2,2.27,ft/s,,,Firm,Gravel,Even,Even,Uniform,Unknown,BridgeDownstreamSide,2026-06-18T21:20:17.911196+00:00,point_velocity,AtTheGage
05573540,POINT (-88.9763888888889 39.8311111111111),6b1a7cb1-16dd-4514-aae5-29b633d83b97,USGS-05573540,4e84d8b0-11a6-707b-e053-0100007fc9d2,193,2002-05-13T16:54:00+00:00,Imported Channel 1,8840,ft^3/s,440,ft,4390,ft^2,2.01,ft/s,,,Unspecified,Unspecified,Unspecified,Unspecified,Unspecified,Unknown,BridgeCrane,2026-06-18T21:20:17.911196+00:00,point_velocity,Unspecified
05573540,POINT (-88.9763888888889 39.8311111111111),6bf261c1-6f4f-4956-b44c-6c257f580b2a,USGS-05573540,437e5e39-afb3-443d-be77-2d191c90ced5,313,2020-07-24T22:28:26+00:00,Main,306,ft^3/s,116,ft,217,ft^2,1.41,ft/s,15.00,ft,Unspecified,Unspecified,Unspecified,Uneven,Unspecified,Unspecified,BridgeDownstreamSide,2026-06-18T21:20:17.911196+00:00,adcp,Downstream
05573540,POINT (-88.9763888888889 39.8311111111111),6c24ce71-7840-4fc0-bb4e-eea59fbdbbf5,USGS-05573540,4e84deb8-f9bc-74e6-e053-0100007f8872,109,1991-05-16T17:10:00+00:00,Imported Channel 1,2440,ft^3/s,113,ft,743,ft^2,4.28,ft/s,,,Unspecified,Unspecified,Unspecified,Unspecified,Unspecified,Unknown,BridgeCrane,2026-06-18T21:20:17.911196+00:00,point_velocity,Unspecified
05573540,POINT (-88.9763888888889 39.8311111111111),6c30c939-427e-4871-9cb0-ef69d1d604e8,USGS-05573540,4e84d9d1-5c9c-729c-e053-0100007f6b39,125,1994-04-15T16:15:00+00:00,Imported Channel 1,16600,ft^3/s,455,ft,5770,ft^2,2.88,ft/s,,,Unspecified,Unspecified,Unspecified,Unspecified,Unspecified,Unknown,BridgeCrane,2026-06-18T21:20:17.911196+00:00,point_velocity,Unspecified
05573540,POINT (-88.9763888888889 39.8311111111111),6c42387b-11b3-449c-9710-43fcaaeefd39,USGS-05573540,4a12e46b-de9e-49d3-ac9b-04bd0e74dfb3,338,2024-03-29T16:33:04+00:00,main,319,ft^3/s,105,ft,209,ft^2,1.53,ft/s,0.00,ft,Firm,Cobbles,Even,Even,Unspecified,Unspecified,Wading,2026-06-18T21:20:17.911196+00:00,point_velocity,AtTheGage
05573540,POINT (-88.9763888888889 39.8311111111111),6d21b78a-7cde-4ef4-b805-32c192995c15,USGS-05573540,53dbc697-8f02-4030-a41f-1af4a26e6f55,327,2022-07-27T15:53:27+00:00,MAIN,1.66,ft^3/s,25.0,ft,14.5,ft^2,0.11,ft/s,700.00,ft,Firm,Gravel,Even,Even,Standard,Steady,Wading,2026-06-18T21:20:17.911196+00:00,point_velocity,Downstream
05573540,POINT (-88.9763888888889 39.8311111111111),6f49e169-168d-47ae-b595-9cd27a3efe91,USGS-05573540,4e84cf6a-e117-6c52-e053-0100007fcf2c,15,1980-06-18T06:00:00+00:00,Imported Channel 1,1300,ft^3/s,,,,,,,,ft,Unspecified,Unspecified,Unspecified,Unspecified,Unspecified,Unknown,Unspecified,2026-06-18T21:20:17.911196+00:00,other_method,Unspecified
05573540,POINT (-88.9763888888889 39.8311111111111),6f7214ad-83eb-45fd-8e99-4437f8801084,USGS-05573540,4e84e462-3aea-78ae-e053-0100007f525d,168,1999-01-22T15:00:00+00:00,Imported Channel 1,145,ft^3/s,123,ft,78.4,ft^2,1.85,ft/s,,,Unspecified,Unspecified,Unspecified,Unspecified,Unspecified,Unknown,Wading,2026-06-18T21:20:17.911196+00:00,point_velocity,Unspecified
05573540,POINT (-88.9763888888889 39.8311111111111),6f792ea5-c8ac-4644-a3c9-5f5686f1fb40,USGS-05573540,4e84dcc2-28f5-703d-e053-0100007f47c0,242,2009-10-29T19:13:00+00:00,Imported Channel 1,3700,ft^3/s,125,ft,1270,ft^2,2.92,ft/s,,ft,Unspecified,Unspecified,Unspecified,Unspecified,Unspecified,Unknown,MannedMovingBoat,2026-06-18T21:20:17.911196+00:00,adcp,AtTheGage
05573540,POINT (-88.9763888888889 39.8311111111111),6f8c29d5-76d1-46bd-8cb7-9dcd2736f796,USGS-05573540,4e84d302-76e6-6e36-e053-0100007fdbda,59,1985-05-07T06:00:00+00:00,Imported Channel 1,174,ft^3/s,103,ft,127,ft^2,1.37,ft/s,,,Unspecified,Unspecified,Unspecified,Unspecified,Unspecified,Unknown,Wading,2026-06-18T21:20:17.911196+00:00,point_velocity,Unspecified
05573540,POINT (-88.9763888888889 39.8311111111111),6fe6f085-8745-40ec-adf1-459e850dfd7b,USGS-05573540,5ad3da97-081b-4374-e053-0100007f63f8,297,2017-10-02T18:35:00+00:00,MAIN,0.67,ft^3/s,6.80,ft,1.86,ft^2,0.36,ft/s,10.00,ft,Firm,Sand,Even,Unspecified,Standard,Steady,Wading,2026-06-18T21:20:17.911196+00:00,point_velocity,Downstream
05573540,POINT (-88.9763888888889 39.8311111111111),70531521-a09b-4e59-9b98-1a1302d84aca,USGS-05573540,4e84d65c-82e6-7033-e053-0100007fb01d,159,1997-11-17T16:35:00+00:00,Imported Channel 1,0.19,ft^3/s,43.0,ft,33.4,ft^2,0.01,ft/s,,,Unspecified,Unspecified,Unspecified,Unspecified,Unspecified,Unknown,Wading,2026-06-18T21:20:17.911196+00:00,point_velocity,Unspecified
05573540,POINT (-88.9763888888889 39.8311111111111),71557fba-93c0-4493-b95d-09337bf7f189,USGS-05573540,4e84d488-6bba-6f1b-e053-0100007f4142,112,1991-10-08T19:25:00+00:00,Imported Channel 1,3.31,ft^3/s,12.0,ft,6.30,ft^2,0.52,ft/s,,,Unspecified,Unspecified,Unspecified,Unspecified,Unspecified,Unknown,Wading,2026-06-18T21:20:17.911196+00:00,point_velocity,Unspecified
05573540,POINT (-88.9763888888889 39.8311111111111),72f0af13-fcc3-4405-89fa-ef1956de6c41,USGS-05573540,4e84d90d-eaa7-7228-e053-0100007f77e7,63,1985-10-09T06:00:00+00:00,Imported Channel 1,4.30,ft^3/s,27.5,ft,10.5,ft^2,0.41,ft/s,,,Unspecified,Unspecified,Unspecified,Unspecified,Unspecified,Unknown,Wading,2026-06-18T21:20:17.911196+00:00,point_velocity,Unspecified
05573540,POINT (-88.9763888888889 39.8311111111111),73c07290-ca74-4ad8-a75e-f501360b6795,USGS-05573540,4e84c56c-7376-6687-e053-0100007fd6d0,22,1981-05-21T06:00:00+00:00,Imported Channel 1,3850,ft^3/s,,,,,,,,ft,Unspecified,Unspecified,Unspecified,Unspecified,Unspecified,Unknown,Unspecified,2026-06-18T21:20:17.911196+00:00,other_method,Unspecified
05573540,POINT (-88.9763888888889 39.8311111111111),74f7001a-6323-4199-ab0a-d83239d44e86,USGS-05573540,4e84e1a6-2772-7696-e053-0100007f08e2,216,2005-10-07T18:53:00+00:00,Imported Channel 1,42.9,ft^3/s,47.0,ft,22.2,ft^2,1.93,ft/s,,,Unspecified,Unspecified,Unspecified,Unspecified,Unspecified,Unknown,Wading,2026-06-18T21:20:17.911196+00:00,point_velocity,Unspecified
05573540,POINT (-88.9763888888889 39.8311111111111),7508af9d-c777-42d6-9b32-8eca3c49a13c,USGS-05573540,4e84cf6a-e116-6c52-e053-0100007fcf2c,12,1980-03-25T06:00:00+00:00,Imported Channel 1,734,ft^3/s,,,,,,,,ft,Unspecified,Unspecified,Unspecified,Unspecified,Unspecified,Unknown,Unspecified,2026-06-18T21:20:17.911196+00:00,other_method,Unspecified
05573540,POINT (-88.9763888888889 39.8311111111111),75351af1-e360-40d5-9e61-673cddb37f46,USGS-05573540,4e84dc93-3731-73da-e053-0100007f7e75,155,1997-05-09T13:00:00+00:00,Imported Channel 1,392,ft^3/s,114,ft,293,ft^2,1.34,ft/s,,,Unspecified,Unspecified,Unspecified,Unspecified,Unspecified,Unknown,Wading,2026-06-18T21:20:17.911196+00:00,point_velocity,Unspecified
05573540,POINT (-88.9763888888889 39.8311111111111),75fd3ba3-7a94-4baf-8a97-29b796359664,USGS-05573540,4e84da2d-2fa4-72f4-e053-0100007fae9d,222,2006-10-12T17:39:00+00:00,Imported Channel 1,2.66,ft^3/s,38.0,ft,15.0,ft^2,0.18,ft/s,,,Unspecified,Unspecified,Unspecified,Unspecified,Unspecified,Unknown,Wading,2026-06-18T21:20:17.911196+00:00,point_velocity,Unspecified
05573540,POINT (-88.9763888888889 39.8311111111111),772f129f-df48-4bb3-a8df-8a87dc5cbfff,USGS-05573540,4e84d29a-bc25-6d96-e053-0100007f24b5,43,1983-05-16T06:00:00+00:00,Imported Channel 1,3050,ft^3/s,,,,,,,,ft,Unspecified,Unspecified,Unspecified,Unspecified,Unspecified,Unknown,Unspecified,2026-06-18T21:20:17.911196+00:00,other_method,Unspecified
05573540,POINT (-88.9763888888889 39.8311111111111),79ffab7f-08fa-42a3-a183-b33a2e546c75,USGS-05573540,4e84dc74-0c52-7328-e053-0100007f94fc,221,2006-10-05T15:08:00+00:00,Imported Channel 1,2.51,ft^3/s,28.0,ft,24.2,ft^2,0.10,ft/s,,,Unspecified,Unspecified,Unspecified,Unspecified,Unspecified,Unknown,Wading,2026-06-18T21:20:17.911196+00:00,point_velocity,Unspecified
05573540,POINT (-88.9763888888889 39.8311111111111),7a051c4d-f0c4-4e5e-aac5-2ccda83f8b76,USGS-05573540,4e84dbe6-c33b-72f2-e053-0100007f9ca6,127,1994-06-22T12:50:00+00:00,Imported Channel 1,160,ft^3/s,,,,,,,,ft,Unspecified,Unspecified,Unspecified,Unspecified,Unspecified,Unknown,Unspecified,2026-06-18T21:20:17.911196+00:00,other_method,Unspecified
05573540,POINT (-88.9763888888889 39.8311111111111),7b35b4fd-6c1e-48a9-9a61-0251cd38b419,USGS-05573540,e5df2573-250c-48af-9dfd-af486fc89c52,330,2022-11-28T16:37:27+00:00,main,17.2,ft^3/s,67.0,ft,48.8,ft^2,0.35,ft/s,500.00,ft,Soft,Cobbles,Even,Unspecified,Unspecified,Unspecified,Wading,2026-06-18T21:20:17.911196+00:00,point_velocity,Upstream
05573540,POINT (-88.9763888888889 39.8311111111111),7bab85ce-c335-4d2b-b4f3-840a093332c4,USGS-05573540,4e84d313-a031-6e50-e053-0100007ff57f,88,1988-09-15T15:30:00+00:00,Imported Channel 1,0.23,ft^3/s,3.00,ft,0.31,ft^2,1.35,ft/s,,,Unspecified,Unspecified,Unspecified,Unspecified,Unspecified,Unknown,Wading,2026-06-18T21:20:17.911196+00:00,point_velocity,Unspecified
05573540,POINT (-88.9763888888889 39.8311111111111),7d0db12a-d8d7-4b3f-a267-d30520919264,USGS-05573540,4e84d5c5-690d-7013-e053-0100007fcc80,106,1990-11-29T16:50:00+00:00,Imported Channel 1,966,ft^3/s,132,ft,1.09,ft^2,1.09,ft/s,,,Unspecified,Unspecified,Unspecified,Unspecified,Unspecified,Unknown,BridgeCrane,2026-06-18T21:20:17.911196+00:00,point_velocity,Unspecified
05573540,POINT (-88.9763888888889 39.8311111111111),81884eba-cc9a-4310-87c7-876c8272685a,USGS-05573540,4e84cecb-2c23-6a22-e053-0100007f2298,192,2002-04-30T14:46:00+00:00,Imported Channel 1,3020,ft^3/s,411,ft,1920,ft^2,1.57,ft/s,,,Unspecified,Unspecified,Unspecified,Unspecified,Unspecified,Unknown,BridgeCrane,2026-06-18T21:20:17.911196+00:00,point_velocity,Unspecified
05573540,POINT (-88.9763888888889 39.8311111111111),8276ad34-77d5-4044-8229-4b7e32ef0601,USGS-05573540,4e84e4e7-b032-7874-e053-0100007fb3e4,240,2009-05-26T17:14:00+00:00,Imported Channel 1,1170,ft^3/s,122,ft,610,ft^2,1.92,ft/s,,ft,Soft,SiltMud,Even,Even,Unspecified,Unknown,BridgeDownstreamSide,2026-06-18T21:20:17.911196+00:00,adcp,AtTheGage
05573540,POINT (-88.9763888888889 39.8311111111111),82953d55-198c-4c8e-ae7a-1aa2e589ee52,USGS-05573540,4e84cfb8-1d33-6c8c-e053-0100007ff928,247,2010-08-06T16:00:00+00:00,Imported Channel 1,56.5,ft^3/s,86.0,ft,63.9,ft^2,0.88,ft/s,,,Unspecified,Unspecified,Unspecified,Unspecified,Unspecified,Unknown,Wading,2026-06-18T21:20:17.911196+00:00,point_velocity,Unspecified
05573540,POINT (-88.9763888888889 39.8311111111111),8352f36d-7696-4c68-82c6-beffdd315612,USGS-05573540,4e84dfe1-1c9e-7610-e053-0100007f86fe,231,2008-02-08T20:12:00+00:00,Imported Channel 1,12900,ft^3/s,438,ft,5140,ft^2,2.52,ft/s,,ft,Unspecified,Unspecified,Unspecified,Unspecified,Unspecified,Unknown,Unspecified,2026-06-18T21:20:17.911196+00:00,adcp,Unspecified
05573540,POINT (-88.9763888888889 39.8311111111111),83a62b3d-65ec-4e54-9908-0eb89091dcc3,USGS-05573540,4e84d5c5-6907-7013-e053-0100007fcc80,81,1988-03-16T17:00:00+00:00,Imported Channel 1,477,ft^3/s,107,ft,356,ft^2,1.34,ft/s,,,Unspecified,Unspecified,Unspecified,Unspecified,Unspecified,Unknown,BridgeCrane,2026-06-18T21:20:17.911196+00:00,point_velocity,Unspecified
05573540,POINT (-88.9763888888889 39.8311111111111),84f55812-a9e4-4f68-9c51-146a1935e432,USGS-05573540,8f174089-5a9d-46c3-905f-2e98e1c99634,347,2025-07-21T15:53:17+00:00,main,328,ft^3/s,114,ft,341,ft^2,0.96,ft/s,0.00,ft,Firm,Gravel,Even,Unspecified,Unspecified,Unspecified,BridgeDownstreamSide,2026-06-18T21:20:17.911196+00:00,adcp,AtTheGage
05573540,POINT (-88.9763888888889 39.8311111111111),85ab574f-5dd0-4acb-9dc1-a1f09a8da386,USGS-05573540,4e84c86e-28d2-6847-e053-0100007f9e8d,158,1997-09-29T18:45:00+00:00,Imported Channel 1,1.25,ft^3/s,6.10,ft,3.49,ft^2,0.36,ft/s,,,Unspecified,Unspecified,Unspecified,Unspecified,Unspecified,Unknown,Wading,2026-06-18T21:20:17.911196+00:00,point_velocity,Unspecified
05573540,POINT (-88.9763888888889 39.8311111111111),87495d43-e7b1-4859-a8cb-28ca6745a116,USGS-05573540,4e84d626-7de5-7011-e053-0100007f7207,108,1991-03-25T17:15:00+00:00,Imported Channel 1,685,ft^3/s,120,ft,672,ft^2,1.02,ft/s,,,Unspecified,Unspecified,Unspecified,Unspecified,Unspecified,Unknown,BridgeCrane,2026-06-18T21:20:17.911196+00:00,point_velocity,Unspecified
05573540,POINT (-88.9763888888889 39.8311111111111),883802b1-9084-4b7e-aa26-2030e9a94848,USGS-05573540,0add219c-6104-4773-a1aa-05b631078257,344,2025-01-21T18:58:48+00:00,main,269,ft^3/s,96.0,ft,169,ft^2,1.58,ft/s,0.00,ft,Firm,CobblesBoulders,Even,Unspecified,Unspecified,Unspecified,Wading,2026-06-18T21:20:17.911196+00:00,point_velocity,AtTheGage
05573540,POINT (-88.9763888888889 39.8311111111111),88ded41c-8182-4b6f-9fd7-9d35705c5443,USGS-05573540,4e84cb64-4e16-697e-e053-0100007fc05a,130,1994-10-19T19:50:00+00:00,Imported Channel 1,0.00,ft^3/s,100,ft,120,ft^2,0.00,ft/s,,,Unspecified,Unspecified,Unspecified,Unspecified,Unspecified,Unknown,Wading,2026-06-18T21:20:17.911196+00:00,point_velocity,Unspecified
05573540,POINT (-88.9763888888889 39.8311111111111),89b57345-34d8-4874-8a28-b6c393859d74,USGS-05573540,4e84cf11-175c-6c50-e053-0100007f8b61,1,1978-06-20T06:00:00+00:00,Imported Channel 1,360,ft^3/s,,,,,,,,ft,Unspecified,Unspecified,Unspecified,Unspecified,Unspecified,Unknown,Unspecified,2026-06-18T21:20:17.911196+00:00,other_method,Unspecified
05573540,POINT (-88.9763888888889 39.8311111111111),8a5135a4-4151-4b59-ab07-67507c068ae9,USGS-05573540,4e84ebf0-c697-7d12-e053-0100007f289a,251,2011-02-16T16:44:00+00:00,Imported Channel 1,823,ft^3/s,114,ft,353,ft^2,2.33,ft/s,,ft,Firm,Gravel,Even,Even,Uniform,Unknown,BridgeDownstreamSide,2026-06-18T21:20:17.911196+00:00,adcp,AtTheGage
05573540,POINT (-88.9763888888889 39.8311111111111),8a5dd2e9-6a85-4b94-8a4c-a0b7d021d94f,USGS-05573540,91d2923a-7a7e-1631-e053-0100007fc43d,308,2019-08-29T15:15:46+00:00,Main,3.74,ft^3/s,39.0,ft,22.3,ft^2,0.17,ft/s,200.00,ft,Firm,Gravel,Even,Even,Standard,Steady,Wading,2026-06-18T21:20:17.911196+00:00,point_velocity,Downstream
05573540,POINT (-88.9763888888889 39.8311111111111),8ae2e582-cb9f-4127-ac6a-3a44aa067f3a,USGS-05573540,4e84ddaf-5763-74ba-e053-0100007fb586,233,2008-05-27T17:57:00+00:00,Imported Channel 1,1060,ft^3/s,112,ft,519,ft^2,2.04,ft/s,,ft,Unspecified,Unspecified,Unspecified,Unspecified,Unspecified,Unknown,Unspecified,2026-06-18T21:20:17.911196+00:00,adcp,Unspecified
05573540,POINT (-88.9763888888889 39.8311111111111),8b4a3e7e-b10e-4c95-84ff-a874ac8bdb34,USGS-05573540,4e84d436-dc57-6e44-e053-0100007f04cf,49,1984-02-13T06:00:00+00:00,Imported Channel 1,5160,ft^3/s,386,ft,2980,ft^2,1.73,ft/s,,,Unspecified,Unspecified,Unspecified,Unspecified,Unspecified,Unknown,BridgeCrane,2026-06-18T21:20:17.911196+00:00,point_velocity,Unspecified
05573540,POINT (-88.9763888888889 39.8311111111111),8b83211b-b29b-4930-a195-5504f3c65f64,USGS-05573540,4e84d436-dc7b-6e44-e053-0100007f04cf,276,2013-12-05T18:34:00+00:00,MAIN,1.15,ft^3/s,68.0,ft,43.7,ft^2,0.03,ft/s,200.00,ft,Firm,Gravel,Even,Even,Uniform,Unknown,Wading,2026-06-18T21:20:17.911196+00:00,point_velocity,Downstream
05573540,POINT (-88.9763888888889 39.8311111111111),8b9cbe82-767b-4fe4-ab94-a03fdd3b5b1f,USGS-05573540,4e84d615-5c60-6f19-e053-0100007f8826,133,1995-04-20T17:40:00+00:00,Imported Channel 1,3720,ft^3/s,407,ft,2070,ft^2,1.80,ft/s,,,Unspecified,Unspecified,Unspecified,Unspecified,Unspecified,Unknown,BridgeCrane,2026-06-18T21:20:17.911196+00:00,point_velocity,Unspecified
05573540,POINT (-88.9763888888889 39.8311111111111),8d6c6d34-7652-4fd2-805e-16fc41dd1de1,USGS-05573540,4e84e510-8e77-7894-e053-0100007f9a4d,261,2012-04-03T16:31:27+00:00,Channel 1,1.85,ft^3/s,46.0,ft,14.5,ft^2,0.13,ft/s,200.00,ft,Firm,Gravel,Even,Even,Uniform,Unknown,Wading,2026-06-18T21:20:17.911196+00:00,point_velocity,Downstream
05573540,POINT (-88.9763888888889 39.8311111111111),8dc25c44-86d5-4ec1-bb0b-33cf451b839b,USGS-05573540,4e84d29a-bc3e-6d96-e053-0100007f24b5,145,1996-05-08T22:25:00+00:00,Imported Channel 1,11900,ft^3/s,440,ft,4750,ft^2,2.50,ft/s,,,Unspecified,Unspecified,Unspecified,Unspecified,Unspecified,Unknown,BridgeCrane,2026-06-18T21:20:17.911196+00:00,point_velocity,Unspecified
05573540,POINT (-88.9763888888889 39.8311111111111),8e01b74c-e6bb-47ce-9f4c-bb131d9c3bae,USGS-05573540,7870fe99-8c49-2d0c-e053-0100007f2ac0,303,2018-10-17T14:50:58+00:00,MAIN,56.8,ft^3/s,89.0,ft,97.6,ft^2,0.58,ft/s,20.00,ft,Firm,CobblesBoulders,Uneven,Even,Uniform,Steady,Wading,2026-06-18T21:20:17.911196+00:00,point_velocity,Upstream
05573540,POINT (-88.9763888888889 39.8311111111111),8e02e10a-1ea0-4cc0-ac73-72b8fbe0d129,USGS-05573540,4e84d29a-bc3b-6d96-e053-0100007f24b5,142,1996-02-06T20:35:00+00:00,Imported Channel 1,68.7,ft^3/s,91.0,ft,102,ft^2,0.67,ft/s,,,Unspecified,Unspecified,Unspecified,Unspecified,Unspecified,Unknown,Wading,2026-06-18T21:20:17.911196+00:00,point_velocity,Unspecified
05573540,POINT (-88.9763888888889 39.8311111111111),8e102ce0-98fe-4206-9915-59653eca1838,USGS-05573540,4e84dcc2-28f5-703d-e053-0100007f47c0,242,2009-10-29T19:13:00+00:00,Channel 2,302,ft^3/s,280,ft,774,ft^2,0.39,ft/s,,,Unspecified,Unspecified,Unspecified,Unspecified,Unspecified,Unknown,Wading,2026-06-18T21:20:17.911196+00:00,point_velocity,Unspecified
05573540,POINT (-88.9763888888889 39.8311111111111),8e19f2e2-6b23-4c8b-8335-0f7da5ef064a,USGS-05573540,4e84e640-643c-7987-e053-0100007f7264,208,2004-08-05T19:49:00+00:00,Imported Channel 1,24.5,ft^3/s,52.0,ft,20.7,ft^2,1.18,ft/s,,,Unspecified,Unspecified,Unspecified,Unspecified,Unspecified,Unknown,Wading,2026-06-18T21:20:17.911196+00:00,point_velocity,Unspecified
05573540,POINT (-88.9763888888889 39.8311111111111),8e28d114-1723-4fd1-9ada-1c6df77ce5fd,USGS-05573540,4e84cef7-5dca-6c6e-e053-0100007f5e5f,200,2003-08-19T20:15:00+00:00,Imported Channel 1,3.46,ft^3/s,42.5,ft,17.3,ft^2,0.20,ft/s,,,Unspecified,Unspecified,Unspecified,Unspecified,Unspecified,Unknown,Wading,2026-06-18T21:20:17.911196+00:00,point_velocity,Unspecified
05573540,POINT (-88.9763888888889 39.8311111111111),8e3ddb90-903f-4b8d-aa2b-25ebbb6da036,USGS-05573540,4e84cd20-3323-69ea-e053-0100007f6482,48,1984-01-04T06:00:00+00:00,Imported Channel 1,430,ft^3/s,108,ft,279,ft^2,1.54,ft/s,,,Unspecified,Unspecified,Unspecified,Unspecified,Unspecified,Unknown,Wading,2026-06-18T21:20:17.911196+00:00,point_velocity,Unspecified
05573540,POINT (-88.9763888888889 39.8311111111111),8f1c7c23-e3b1-4114-a738-fb319d440f1b,USGS-05573540,4e84e1a6-277a-7696-e053-0100007f08e2,230,2008-02-06T20:23:00+00:00,Imported Channel 1,15100,ft^3/s,448,ft,5770,ft^2,2.63,ft/s,,ft,Unspecified,Unspecified,Unspecified,Unspecified,Unspecified,Unknown,Unspecified,2026-06-18T21:20:17.911196+00:00,adcp,Unspecified
05573540,POINT (-88.9763888888889 39.8311111111111),8f2d8b54-5985-4972-a34e-7db2b0739b85,USGS-05573540,4e84cefc-b111-6c6c-e053-0100007feafd,5,1978-12-06T06:00:00+00:00,Imported Channel 1,2.84,ft^3/s,,,,,,,,ft,Unspecified,Unspecified,Unspecified,Unspecified,Unspecified,Unknown,Unspecified,2026-06-18T21:20:17.911196+00:00,other_method,Unspecified
05573540,POINT (-88.9763888888889 39.8311111111111),8f55df5f-e4ab-41ba-846e-637b9c8a3b37,USGS-05573540,63a2ca64-f520-afbe-e053-0100007f5dd2,299,2018-01-09T20:50:00+00:00,MAIN,1.36,ft^3/s,22.8,ft,10.6,ft^2,0.13,ft/s,0.00,ft,Firm,Gravel,Even,Uneven,Standard,Steady,Wading,2026-06-18T21:20:17.911196+00:00,point_velocity,AtTheGage
05573540,POINT (-88.9763888888889 39.8311111111111),8f864f04-1656-4556-9f5f-c92405704dcc,USGS-05573540,4e84c7fe-4d36-6843-e053-0100007f839f,136,1995-05-19T21:30:00+00:00,Imported Channel 1,10900,ft^3/s,447,ft,4950,ft^2,2.20,ft/s,,,Unspecified,Unspecified,Unspecified,Unspecified,Unspecified,Unknown,BridgeCrane,2026-06-18T21:20:17.911196+00:00,point_velocity,Unspecified
05573540,POINT (-88.9763888888889 39.8311111111111),901d3a1f-c224-4c37-9d2e-e5aa151ddd7b,USGS-05573540,4e84cb1f-78cd-69be-e053-0100007f34d2,131,1994-10-25T17:20:00+00:00,Imported Channel 1,0.00,ft^3/s,,,,,,,,ft,Unspecified,Unspecified,Unspecified,Unspecified,Unspecified,Unknown,Other,2026-06-18T21:20:17.911196+00:00,other_method,Unspecified
05573540,POINT (-88.9763888888889 39.8311111111111),908de78c-9516-4adb-9921-580f775a643e,USGS-05573540,4e84d5c5-6903-7013-e053-0100007fcc80,45,1983-08-08T06:00:00+00:00,Imported Channel 1,3.94,ft^3/s,43.0,ft,10.3,ft^2,0.38,ft/s,,,Unspecified,Unspecified,Unspecified,Unspecified,Unspecified,Unknown,Wading,2026-06-18T21:20:17.911196+00:00,point_velocity,Unspecified
05573540,POINT (-88.9763888888889 39.8311111111111),911559b5-5970-4a26-9cc1-1f09ca0c736f,USGS-05573540,4e84c7cd-51d6-684d-e053-0100007f5cb9,95,1989-06-29T17:20:00+00:00,Imported Channel 1,16.8,ft^3/s,32.0,ft,25.3,ft^2,0.66,ft/s,,,Unspecified,Unspecified,Unspecified,Unspecified,Unspecified,Unknown,Wading,2026-06-18T21:20:17.911196+00:00,point_velocity,Unspecified
05573540,POINT (-88.9763888888889 39.8311111111111),91563757-8133-4bb8-abbc-de5f95fa6ff1,USGS-05573540,4e84cdf7-0041-6b68-e053-0100007f50ea,183,2001-02-26T21:30:00+00:00,Imported Channel 1,8620,ft^3/s,442,ft,4200,ft^2,2.05,ft/s,,,Unspecified,Unspecified,Unspecified,Unspecified,Unspecified,Unknown,BridgeCrane,2026-06-18T21:20:17.911196+00:00,point_velocity,Unspecified
05573540,POINT (-88.9763888888889 39.8311111111111),91be4570-3b8e-4111-b98f-93aff8355b9b,USGS-05573540,4e84da2d-2f9d-72f4-e053-0100007fae9d,201,2003-10-20T20:06:00+00:00,Imported Channel 1,54.1,ft^3/s,58.5,ft,43.1,ft^2,1.26,ft/s,,,Unspecified,Unspecified,Unspecified,Unspecified,Unspecified,Unknown,Wading,2026-06-18T21:20:17.911196+00:00,point_velocity,Unspecified
05573540,POINT (-88.9763888888889 39.8311111111111),91de5348-1655-4200-a985-45afaeb9a8b5,USGS-05573540,4e84c583-af87-668b-e053-0100007fccd4,100,1990-01-30T17:25:00+00:00,Imported Channel 1,110,ft^3/s,107,ft,88.9,ft^2,1.24,ft/s,,,Unspecified,Unspecified,Unspecified,Unspecified,Unspecified,Unknown,Wading,2026-06-18T21:20:17.911196+00:00,point_velocity,Unspecified
05573540,POINT (-88.9763888888889 39.8311111111111),94779569-6404-40a6-8440-32ff4343951c,USGS-05573540,728ae715-589c-c771-e053-0100007f2027,302,2018-08-01T18:08:37+00:00,Main,18.0,ft^3/s,74.0,ft,68.1,ft^2,0.26,ft/s,200.00,ft,Firm,Sand,Even,Even,Standard,Steady,Wading,2026-06-18T21:20:17.911196+00:00,point_velocity,Downstream
05573540,POINT (-88.9763888888889 39.8311111111111),9679d4cf-5305-4832-b993-9bb20244cbfb,USGS-05573540,4e84dddb-bb1f-74e2-e053-0100007f28f5,188,2001-10-19T13:47:00+00:00,Imported Channel 1,89.1,ft^3/s,121,ft,203,ft^2,0.44,ft/s,,,Unspecified,Unspecified,Unspecified,Unspecified,Unspecified,Unknown,Wading,2026-06-18T21:20:17.911196+00:00,point_velocity,Unspecified
05573540,POINT (-88.9763888888889 39.8311111111111),96e9553b-6805-4f79-b1af-5848cd6f0687,USGS-05573540,4e84bff9-1d60-6297-e053-0100007f0a28,38,1982-11-15T06:00:00+00:00,Imported Channel 1,3.33,ft^3/s,,,,,,,,ft,Unspecified,Unspecified,Unspecified,Unspecified,Unspecified,Unknown,Unspecified,2026-06-18T21:20:17.911196+00:00,other_method,Unspecified
05573540,POINT (-88.9763888888889 39.8311111111111),978c6f32-90f7-4a89-b119-aa6ee039839e,USGS-05573540,4e84d357-ffaa-6e4c-e053-0100007f1ff9,185,2001-05-14T19:15:00+00:00,Imported Channel 1,25.5,ft^3/s,61.0,ft,32.7,ft^2,0.78,ft/s,,,Unspecified,Unspecified,Unspecified,Unspecified,Unspecified,Unknown,Wading,2026-06-18T21:20:17.911196+00:00,point_velocity,Unspecified
05573540,POINT (-88.9763888888889 39.8311111111111),989b68f4-8c82-47ee-be0d-481487b4c6f6,USGS-05573540,7746f08e-7948-4681-96ff-99ee7800ea41,335,2023-09-25T15:36:26+00:00,main,1.37,ft^3/s,21.5,ft,8.86,ft^2,0.15,ft/s,150.00,ft,Soft,Sand,Even,Unspecified,Unspecified,Unspecified,Wading,2026-06-18T21:20:17.911196+00:00,point_velocity,Downstream
05573540,POINT (-88.9763888888889 39.8311111111111),98c7802c-b6c7-47b5-8978-4a3c7400f321,USGS-05573540,4e84de26-8b05-7528-e053-0100007f960b,257,2011-08-23T15:11:04+00:00,Channel 1,1.12,ft^3/s,5.50,ft,1.33,ft^2,0.84,ft/s,150.00,ft,Soft,Sand,Even,Even,Uniform,Unknown,Wading,2026-06-18T21:20:17.911196+00:00,point_velocity,Downstream
05573540,POINT (-88.9763888888889 39.8311111111111),98f7452c-1d3e-4e98-bb93-716723e857e0,USGS-05573540,f8a28dd7-8549-4700-b24c-9f69c8b292b7,318,2021-03-19T22:32:54+00:00,Main,2610,ft^3/s,361,ft,1250,ft^2,2.08,ft/s,30.00,ft,Unspecified,Unspecified,Unspecified,Unspecified,Unspecified,Unspecified,BridgeDownstreamSide,2026-06-18T21:20:17.911196+00:00,adcp,Downstream
05573540,POINT (-88.9763888888889 39.8311111111111),99b2f74e-7a3d-40a9-9117-6bd05d71aa98,USGS-05573540,4e84c81e-c974-6849-e053-0100007f8aa5,140,1995-11-06T20:30:00+00:00,Imported Channel 1,5.32,ft^3/s,21.0,ft,11.8,ft^2,0.45,ft/s,,,Unspecified,Unspecified,Unspecified,Unspecified,Unspecified,Unknown,Wading,2026-06-18T21:20:17.911196+00:00,point_velocity,Unspecified
05573540,POINT (-88.9763888888889 39.8311111111111),9bcb3bc0-1605-4607-8b48-a7638518a39f,USGS-05573540,4e84ecaf-b7bc-7d4a-e053-0100007f95b3,269,2012-12-27T17:34:20+00:00,MAIN,265,ft^3/s,93.7,ft,225,ft^2,1.18,ft/s,,ft,Firm,Gravel,Even,Even,Standard,Unknown,BridgeDownstreamSide,2026-06-18T21:20:17.911196+00:00,adcp,AtTheGage
05573540,POINT (-88.9763888888889 39.8311111111111),9c3ee8f9-a600-4ebf-a14f-bf114459343a,USGS-05573540,19963b4e-8872-45c5-a7d4-b5aa1ecef066,315,2020-10-19T19:05:39+00:00,Main,2.34,ft^3/s,40.2,ft,24.2,ft^2,0.10,ft/s,300.00,ft,Unspecified,Unspecified,Unspecified,Even,Unspecified,Unspecified,Wading,2026-06-18T21:20:17.911196+00:00,point_velocity,Downstream
05573540,POINT (-88.9763888888889 39.8311111111111),9d1abfea-c6dc-433f-825d-bbfcc7cc2fb8,USGS-05573540,4e84d488-6bb4-6f1b-e053-0100007f4142,56,1984-11-13T06:00:00+00:00,Imported Channel 1,3.57,ft^3/s,19.0,ft,18.3,ft^2,0.20,ft/s,,,Unspecified,Unspecified,Unspecified,Unspecified,Unspecified,Unknown,Wading,2026-06-18T21:20:17.911196+00:00,point_velocity,Unspecified
05573540,POINT (-88.9763888888889 39.8311111111111),9dcbfa9b-8e8e-4f69-96da-148418cea79c,USGS-05573540,84dac30c-f199-4ad6-ac56-c45373dcd992,312,2020-05-19T18:40:24+00:00,Main,4550,ft^3/s,400,ft,2420,ft^2,1.88,ft/s,0.00,ft,Unspecified,Unspecified,Unspecified,Unspecified,Unspecified,Unspecified,BridgeDownstreamSide,2026-06-18T21:20:17.911196+00:00,adcp,AtTheGage
05573540,POINT (-88.9763888888889 39.8311111111111),9e5d4a34-3653-4dbf-af89-cdf12d0ec492,USGS-05573540,4e84d4a6-60fd-6f17-e053-0100007fcfe3,66,1986-01-07T06:00:00+00:00,Imported Channel 1,941,ft^3/s,111,ft,476,ft^2,1.98,ft/s,,,Unspecified,Unspecified,Unspecified,Unspecified,Unspecified,Unknown,BridgeCrane,2026-06-18T21:20:17.911196+00:00,point_velocity,Unspecified
05573540,POINT (-88.9763888888889 39.8311111111111),9f4330b5-86b1-44e4-9e57-b88c5fd54375,USGS-05573540,4e84cf6a-e115-6c52-e053-0100007fcf2c,9,1979-09-13T06:00:00+00:00,Imported Channel 1,3.54,ft^3/s,,,,,,,,ft,Unspecified,Unspecified,Unspecified,Unspecified,Unspecified,Unknown,Unspecified,2026-06-18T21:20:17.911196+00:00,other_method,Unspecified
05573540,POINT (-88.9763888888889 39.8311111111111),9f4b0550-86cd-4793-a2a9-1f29f2041159,USGS-05573540,4e84db67-8be2-72a0-e053-0100007fb870,82,1988-04-18T21:05:00+00:00,Imported Channel 1,474,ft^3/s,110,ft,381,ft^2,1.24,ft/s,,,Unspecified,Unspecified,Unspecified,Unspecified,Unspecified,Unknown,BridgeCrane,2026-06-18T21:20:17.911196+00:00,point_velocity,Unspecified
05573540,POINT (-88.9763888888889 39.8311111111111),9f720bf4-1ec4-4121-b8bb-6d1c0812d5d0,USGS-05573540,4e84d928-a387-7246-e053-0100007f442f,286,2015-08-14T14:43:00+00:00,Main,2.49,ft^3/s,47.1,ft,24.9,ft^2,0.10,ft/s,500.00,ft,Unspecified,Unspecified,Unspecified,Even,Unspecified,Unknown,Wading,2026-06-18T21:20:17.911196+00:00,point_velocity,Downstream
05573540,POINT (-88.9763888888889 39.8311111111111),9fb51c86-0ead-40ae-8c9b-ca6770f95b98,USGS-05573540,4e84cc84-59a5-69b2-e053-0100007f23d1,26,1981-12-02T06:00:00+00:00,Imported Channel 1,22.6,ft^3/s,,,,,,,,ft,Unspecified,Unspecified,Unspecified,Unspecified,Unspecified,Unknown,Unspecified,2026-06-18T21:20:17.911196+00:00,other_method,Unspecified
05573540,POINT (-88.9763888888889 39.8311111111111),a0a79a64-1a7d-4ed3-9c0f-4436974cebdc,USGS-05573540,4e84d488-6bf0-6f1b-e053-0100007f4142,290,2016-05-26T16:30:09+00:00,MAIN,712,ft^3/s,116,ft,399,ft^2,1.79,ft/s,,ft,Firm,Gravel,Even,Even,Uniform,Unknown,BridgeDownstreamSide,2026-06-18T21:20:17.911196+00:00,adcp,AtTheGage
05573540,POINT (-88.9763888888889 39.8311111111111),a155d2fe-a75e-4275-be06-374921187a12,USGS-05573540,4e84df63-13c3-7526-e053-0100007f8c88,263,2012-07-02T15:16:59+00:00,Channel 1,0.54,ft^3/s,9.40,ft,1.78,ft^2,0.30,ft/s,50.00,ft,Firm,Gravel,Even,Even,Uniform,Unknown,Wading,2026-06-18T21:20:17.911196+00:00,point_velocity,Downstream
05573540,POINT (-88.9763888888889 39.8311111111111),a2a92bfd-4772-4c8b-bec0-7ff63fb80ae2,USGS-05573540,4e84ee4f-f664-7e51-e053-0100007fd14a,284,2015-03-12T16:58:09+00:00,MAIN,1480,ft^3/s,128,ft,664,ft^2,2.23,ft/s,35.00,ft,Soft,SiltMud,Even,Even,Standard,Unknown,BridgeDownstreamSide,2026-06-18T21:20:17.911196+00:00,adcp,Downstream
05573540,POINT (-88.9763888888889 39.8311111111111),a3918ed8-60e9-42aa-bab0-ae23c1cce0fc,USGS-05573540,4e84cb41-fbbc-69ba-e053-0100007f356a,70,1986-06-26T06:00:00+00:00,Imported Channel 1,43.5,ft^3/s,103,ft,110,ft^2,0.40,ft/s,,,Unspecified,Unspecified,Unspecified,Unspecified,Unspecified,Unknown,Wading,2026-06-18T21:20:17.911196+00:00,point_velocity,Unspecified
05573540,POINT (-88.9763888888889 39.8311111111111),a3e6d76c-10c0-41fc-85dc-f11a79c2834f,USGS-05573540,4e84cb1f-78c8-69be-e053-0100007f34d2,104,1990-07-25T20:10:00+00:00,Imported Channel 1,2060,ft^3/s,122,ft,790,ft^2,2.61,ft/s,,,Unspecified,Unspecified,Unspecified,Unspecified,Unspecified,Unknown,BridgeCrane,2026-06-18T21:20:17.911196+00:00,point_velocity,Unspecified
05573540,POINT (-88.9763888888889 39.8311111111111),a3e7689d-b9ea-486d-b06f-9af99a8a230e,USGS-05573540,4e84ddf2-6f32-7496-e053-0100007fa54b,76,1987-08-18T14:00:00+00:00,Imported Channel 1,13.4,ft^3/s,42.0,ft,22.2,ft^2,0.32,ft/s,,,Unspecified,Unspecified,Unspecified,Unspecified,Unspecified,Unknown,Wading,2026-06-18T21:20:17.911196+00:00,point_velocity,Unspecified
05573540,POINT (-88.9763888888889 39.8311111111111),a4414db8-2810-415d-8cac-d2a2ce0aa35e,USGS-05573540,5d929bbd-ee87-4944-a053-01e2a4c990e1,324,2022-02-15T21:06:01+00:00,MAIN,1340,ft^3/s,124,ft,545,ft^2,2.46,ft/s,30.00,ft,Soft,Sand,Even,Even,Unspecified,Steady,BridgeUpstreamSide,2026-06-18T21:20:17.911196+00:00,adcp,Upstream
05573540,POINT (-88.9763888888889 39.8311111111111),a4f595ea-265e-4ae6-be15-3b3fe43ab280,USGS-05573540,e4788da9-7390-43e0-895a-f130d60e884c,334,2023-07-31T15:26:22+00:00,main,1.39,ft^3/s,28.0,ft,11.9,ft^2,0.12,ft/s,250.00,ft,Firm,Gravel,Even,Even,Unspecified,Unspecified,Wading,2026-06-18T21:20:17.911196+00:00,point_velocity,Downstream
05573540,POINT (-88.9763888888889 39.8311111111111),a5698aa7-6de2-4a01-8472-a0d3c6bf60b9,USGS-05573540,f1bdb5e3-ab8a-4f95-91f4-6c30b26f8078,319,2021-05-07T15:04:08+00:00,MAIN,544,ft^3/s,115,ft,312,ft^2,1.74,ft/s,0.00,ft,Soft,Sand,Even,Even,NonStandard,Steady,BridgeDownstreamSide,2026-06-18T21:20:17.911196+00:00,adcp,AtTheGage
05573540,POINT (-88.9763888888889 39.8311111111111),a7fab189-cc86-4c77-8c46-b072a94d8c78,USGS-05573540,4e84e647-6454-7983-e053-0100007f7182,218,2006-03-13T20:15:00+00:00,Imported Channel 1,2720,ft^3/s,273,ft,1110,ft^2,1.87,ft/s,,ft,Unspecified,Unspecified,Unspecified,Unspecified,Unspecified,Unknown,Unspecified,2026-06-18T21:20:17.911196+00:00,adcp,Unspecified
05573540,POINT (-88.9763888888889 39.8311111111111),aae7b350-fb10-4e16-bf02-1c872ef7bbc2,USGS-05573540,6d861572-b110-4c5c-80d7-851505fe706e,350,2025-08-25T18:14:50+00:00,check,2.65,ft^3/s,32.0,ft,23.4,ft^2,0.11,ft/s,150.00,ft,Firm,Sand,Uneven,Unspecified,Unspecified,Unspecified,Wading,2026-06-18T21:20:17.911196+00:00,point_velocity,Downstream
05573540,POINT (-88.9763888888889 39.8311111111111),ac299fd7-461b-44f3-a787-7c5f8ac354cb,USGS-05573540,fee405d5-d228-4165-a9b1-a5ed30fd4dd4,339,2024-05-31T20:28:32+00:00,main,993,ft^3/s,117,ft,453,ft^2,2.19,ft/s,0.00,ft,Soft,Sand,Even,Unspecified,Unspecified,Unspecified,BridgeDownstreamSide,2026-06-18T21:20:17.911196+00:00,adcp,AtTheGage
05573540,POINT (-88.9763888888889 39.8311111111111),ac65ba65-894f-45ea-9f99-a20b3a9b52b2,USGS-05573540,4e84d543-1488-7003-e053-0100007f8a1a,2,1978-07-21T06:00:00+00:00,Imported Channel 1,40.7,ft^3/s,,,,,,,,ft,Unspecified,Unspecified,Unspecified,Unspecified,Unspecified,Unknown,Unspecified,2026-06-18T21:20:17.911196+00:00,other_method,Unspecified
05573540,POINT (-88.9763888888889 39.8311111111111),acbe763a-92ec-49c4-abe2-b4de39a78a14,USGS-05573540,4e84d357-ff9d-6e4c-e053-0100007f1ff9,79,1987-12-29T17:40:00+00:00,Imported Channel 1,3040,ft^3/s,374,ft,1840,ft^2,1.65,ft/s,,,Unspecified,Unspecified,Unspecified,Unspecified,Unspecified,Unknown,BridgeCrane,2026-06-18T21:20:17.911196+00:00,point_velocity,Unspecified
05573540,POINT (-88.9763888888889 39.8311111111111),add6b6b5-18da-44f7-9f7f-b52ff03bc122,USGS-05573540,eb8ce795-bb43-49fa-95e8-9a77b18666cc,321,2021-08-17T16:44:19+00:00,Main,5830,ft^3/s,421,ft,2450,ft^2,2.38,ft/s,0.00,ft,Unspecified,Unspecified,Unspecified,Unspecified,Unspecified,Unspecified,BridgeUpstreamSide,2026-06-18T21:20:17.911196+00:00,adcp,AtTheGage
05573540,POINT (-88.9763888888889 39.8311111111111),ae549bc7-daf4-4ac6-a6e3-dfcb45416fb9,USGS-05573540,4e84d563-e7a4-6f11-e053-0100007f2796,89,1988-10-18T17:25:00+00:00,Imported Channel 1,3.06,ft^3/s,14.0,ft,14.2,ft^2,0.21,ft/s,,,Unspecified,Unspecified,Unspecified,Unspecified,Unspecified,Unknown,Wading,2026-06-18T21:20:17.911196+00:00,point_velocity,Unspecified
05573540,POINT (-88.9763888888889 39.8311111111111),af11abb9-b06f-49a1-8b8f-38e42c842178,USGS-05573540,4e84c439-fe43-6603-e053-0100007f8ed8,102,1990-04-24T19:10:00+00:00,Imported Channel 1,209,ft^3/s,109,ft,111,ft^2,1.88,ft/s,,,Unspecified,Unspecified,Unspecified,Unspecified,Unspecified,Unknown,Wading,2026-06-18T21:20:17.911196+00:00,point_velocity,Unspecified
05573540,POINT (-88.9763888888889 39.8311111111111),b0c5f503-8ba5-4eff-92f8-d09cd2f16833,USGS-05573540,4e84df63-13b1-7526-e053-0100007f8c88,118,1992-12-14T20:05:00+00:00,Imported Channel 1,116,ft^3/s,120,ft,184,ft^2,0.63,ft/s,,,Unspecified,Unspecified,Unspecified,Unspecified,Unspecified,Unknown,Wading,2026-06-18T21:20:17.911196+00:00,point_velocity,Unspecified
05573540,POINT (-88.9763888888889 39.8311111111111),b1ae3dfb-bc8d-4f18-9426-05943a36da66,USGS-05573540,4e84c7fe-4d37-6843-e053-0100007f839f,138,1995-09-27T22:00:00+00:00,Imported Channel 1,0.50,ft^3/s,,,,,,,,ft,Unspecified,Unspecified,Unspecified,Unspecified,Unspecified,Unknown,Unspecified,2026-06-18T21:20:17.911196+00:00,other_method,Unspecified
05573540,POINT (-88.9763888888889 39.8311111111111),b1df8445-11dd-4dea-a9c2-1252d6700c75,USGS-05573540,4e84d313-a02d-6e50-e053-0100007ff57f,61,1985-07-29T06:00:00+00:00,Imported Channel 1,20.8,ft^3/s,52.5,ft,32.4,ft^2,0.64,ft/s,,,Unspecified,Unspecified,Unspecified,Unspecified,Unspecified,Unknown,Wading,2026-06-18T21:20:17.911196+00:00,point_velocity,Unspecified
05573540,POINT (-88.9763888888889 39.8311111111111),b21aa2eb-4bb6-4817-b286-000da666618a,USGS-05573540,4e84ddf3-b602-7510-e053-0100007fe2f1,278,2014-02-24T17:24:13+00:00,MAIN,3970,ft^3/s,425,ft,2320,ft^2,1.71,ft/s,,ft,Firm,Gravel,Even,Unspecified,Uniform,Unknown,BridgeDownstreamSide,2026-06-18T21:20:17.911196+00:00,adcp,AtTheGage
05573540,POINT (-88.9763888888889 39.8311111111111),b2f33b1c-119a-45f2-8eb7-55adfb20af2c,USGS-05573540,4e84c11e-c186-6328-e053-0100007fc3ec,50,1984-03-22T06:00:00+00:00,Imported Channel 1,3210,ft^3/s,381,ft,2490,ft^2,1.29,ft/s,,,Unspecified,Unspecified,Unspecified,Unspecified,Unspecified,Unknown,BridgeCrane,2026-06-18T21:20:17.911196+00:00,point_velocity,Unspecified
05573540,POINT (-88.9763888888889 39.8311111111111),b3028119-163a-453e-b0db-b0023ae8b465,USGS-05573540,4e84deb8-f9c7-74e6-e053-0100007f8872,187,2001-09-06T18:28:00+00:00,Imported Channel 1,2.58,ft^3/s,7.40,ft,2.50,ft^2,1.03,ft/s,,,Unspecified,Unspecified,Unspecified,Unspecified,Unspecified,Unknown,Wading,2026-06-18T21:20:17.911196+00:00,point_velocity,Unspecified
05573540,POINT (-88.9763888888889 39.8311111111111),b3b42a9d-5094-4251-b719-3c8c4f97bf9c,USGS-05573540,4e84ccb4-e060-6a24-e053-0100007fe1c9,111,1991-09-04T18:55:00+00:00,Imported Channel 1,3.80,ft^3/s,16.0,ft,9.88,ft^2,0.38,ft/s,,,Unspecified,Unspecified,Unspecified,Unspecified,Unspecified,Unknown,Wading,2026-06-18T21:20:17.911196+00:00,point_velocity,Unspecified
05573540,POINT (-88.9763888888889 39.8311111111111),b4c4261d-837b-42d4-848c-dd7c073f7dd0,USGS-05573540,4e84d93e-ec1e-7224-e053-0100007f080e,238,2008-12-10T18:34:00+00:00,Imported Channel 1,336,ft^3/s,118,ft,259,ft^2,1.30,ft/s,,ft,Unspecified,Unspecified,Unspecified,Unspecified,Unspecified,Unknown,Wading,2026-06-18T21:20:17.911196+00:00,adcp,Unspecified
05573540,POINT (-88.9763888888889 39.8311111111111),b5620eb7-756e-43dc-bc4e-dff153d3c1c7,USGS-05573540,4e84cb36-5060-69ee-e053-0100007f9a74,126,1994-06-14T17:00:00+00:00,Imported Channel 1,749,ft^3/s,118,ft,496,ft^2,1.51,ft/s,,,Unspecified,Unspecified,Unspecified,Unspecified,Unspecified,Unknown,BridgeCrane,2026-06-18T21:20:17.911196+00:00,point_velocity,Unspecified
05573540,POINT (-88.9763888888889 39.8311111111111),b624bce9-de5b-47f3-9b3d-22202c84caff,USGS-05573540,4e84d488-6bb8-6f1b-e053-0100007f4142,101,1990-03-15T18:35:00+00:00,Imported Channel 1,5400,ft^3/s,402,ft,2790,ft^2,1.94,ft/s,,,Unspecified,Unspecified,Unspecified,Unspecified,Unspecified,Unknown,BridgeCrane,2026-06-18T21:20:17.911196+00:00,point_velocity,Unspecified
05573540,POINT (-88.9763888888889 39.8311111111111),b74bcbd7-c508-47fa-afc5-d99fb5c97c69,USGS-05573540,4e84d229-47fa-6d98-e053-0100007f4f8e,246,2010-06-28T16:14:00+00:00,Imported Channel 1,2310,ft^3/s,149,ft,1070,ft^2,2.17,ft/s,,ft,Unspecified,Unspecified,Unspecified,Unspecified,Unspecified,Unknown,Unspecified,2026-06-18T21:20:17.911196+00:00,adcp,Unspecified
05573540,POINT (-88.9763888888889 39.8311111111111),b8e62ac3-e75c-427c-af1a-76b1e9624da1,USGS-05573540,4e84cefc-b113-6c6c-e053-0100007feafd,11,1979-12-27T06:00:00+00:00,Imported Channel 1,5.74,ft^3/s,,,,,,,,ft,Unspecified,Unspecified,Unspecified,Unspecified,Unspecified,Unknown,Unspecified,2026-06-18T21:20:17.911196+00:00,other_method,Unspecified
05573540,POINT (-88.9763888888889 39.8311111111111),b8ed4d72-90d9-48b0-8062-f6199dce2a64,USGS-05573540,4e84d4a6-610e-6f17-e053-0100007fcfe3,174,1999-10-25T17:45:00+00:00,Imported Channel 1,1.48,ft^3/s,19.0,ft,6.96,ft^2,0.21,ft/s,,,Unspecified,Unspecified,Unspecified,Unspecified,Unspecified,Unknown,Wading,2026-06-18T21:20:17.911196+00:00,point_velocity,Unspecified
05573540,POINT (-88.9763888888889 39.8311111111111),b94d1cb3-2c1b-4e33-bc95-ad38264cb9f9,USGS-05573540,16b97912-52fa-4fb2-a2d4-fb8caf02d60c,332,2023-04-03T16:16:27+00:00,left,996,ft^3/s,61.2,ft,370,ft^2,2.69,ft/s,0.00,ft,Firm,Cobbles,Even,Unspecified,Unspecified,Unspecified,BridgeDownstreamSide,2026-06-18T21:20:17.911196+00:00,adcp,AtTheGage
05573540,POINT (-88.9763888888889 39.8311111111111),b9b73aaf-9644-4aeb-aa7c-cc3d8e1227f0,USGS-05573540,4e84d543-148e-7003-e053-0100007f8a1a,27,1982-01-13T06:00:00+00:00,Imported Channel 1,917,ft^3/s,,,,,,,,ft,Unspecified,Unspecified,Unspecified,Unspecified,Unspecified,Unknown,Unspecified,2026-06-18T21:20:17.911196+00:00,other_method,Unspecified
05573540,POINT (-88.9763888888889 39.8311111111111),b9ebaccd-d24a-4aa3-a724-a115aea94ebf,USGS-05573540,f72f8f9c-b479-4795-b77d-3d14c1dddfa3,328,2022-08-25T20:15:10+00:00,MAIN,2.76,ft^3/s,23.0,ft,8.34,ft^2,0.33,ft/s,50.00,ft,Unspecified,Unspecified,Unspecified,Even,Unspecified,Unspecified,Wading,2026-06-18T21:20:17.911196+00:00,point_velocity,Downstream
05573540,POINT (-88.9763888888889 39.8311111111111),ba2ad40a-d4ea-429f-af54-03da6f85144f,USGS-05573540,4e84e010-a378-762e-e053-0100007f46e3,266,2012-08-16T17:53:30+00:00,MAIN,0.64,ft^3/s,9.00,ft,1.54,ft^2,0.41,ft/s,50.00,ft,Firm,Gravel,Even,Even,Uniform,Unknown,Wading,2026-06-18T21:20:17.911196+00:00,point_velocity,Downstream
05573540,POINT (-88.9763888888889 39.8311111111111),baebe938-8412-4c4f-bd58-d0a0a2b29694,USGS-05573540,e5f5abfc-7a7f-4e6c-a36f-9db79cd23a48,317,2021-01-28T18:29:05+00:00,Main,2.59,ft^3/s,29.2,ft,16.4,ft^2,0.16,ft/s,10.00,ft,Unspecified,Unspecified,Unspecified,Uneven,Unspecified,Unspecified,Wading,2026-06-18T21:20:17.911196+00:00,point_velocity,Upstream
05573540,POINT (-88.9763888888889 39.8311111111111),bb6b08d2-5b00-4379-890e-f9e425cfb21a,USGS-05573540,4e84e634-102a-7985-e053-0100007f0c76,217,2006-01-09T16:15:00+00:00,Imported Channel 1,451,ft^3/s,114,ft,317,ft^2,1.42,ft/s,,ft,Unspecified,Unspecified,Unspecified,Unspecified,Unspecified,Unknown,Unspecified,2026-06-18T21:20:17.911196+00:00,adcp,Unspecified
05573540,POINT (-88.9763888888889 39.8311111111111),bc4813d1-b675-4859-98d4-630df652f030,USGS-05573540,4e84deb8-f9c2-74e6-e053-0100007f8872,154,1997-03-13T13:25:00+00:00,Imported Channel 1,1430,ft^3/s,390,ft,1420,ft^2,1.01,ft/s,,,Unspecified,Unspecified,Unspecified,Unspecified,Unspecified,Unknown,BridgeCrane,2026-06-18T21:20:17.911196+00:00,point_velocity,Unspecified
05573540,POINT (-88.9763888888889 39.8311111111111),bd148c91-6011-467e-bbba-b17e7e9d0e54,USGS-05573540,0f2777fe-5df7-4b33-b090-3b78c01df0e3,316,2020-12-07T20:03:41+00:00,Main,1.94,ft^3/s,27.0,ft,14.7,ft^2,0.13,ft/s,0.00,ft,Unspecified,Unspecified,Unspecified,Unspecified,Unspecified,Unspecified,Wading,2026-06-18T21:20:17.911196+00:00,point_velocity,AtTheGage
05573540,POINT (-88.9763888888889 39.8311111111111),bd23a506-5aa5-4f96-abf9-8b9e392f5c6d,USGS-05573540,4e84df63-13b2-7526-e053-0100007f8c88,120,1993-04-13T15:45:00+00:00,Imported Channel 1,518,ft^3/s,116,ft,470,ft^2,1.10,ft/s,,,Unspecified,Unspecified,Unspecified,Unspecified,Unspecified,Unknown,BridgeCrane,2026-06-18T21:20:17.911196+00:00,point_velocity,Unspecified
05573540,POINT (-88.9763888888889 39.8311111111111),be3ad90f-6365-4ddd-99e3-92c5a6955875,USGS-05573540,4e84d436-dc56-6e44-e053-0100007f04cf,41,1983-02-18T06:00:00+00:00,Imported Channel 1,552,ft^3/s,,,,,,,,ft,Unspecified,Unspecified,Unspecified,Unspecified,Unspecified,Unknown,Unspecified,2026-06-18T21:20:17.911196+00:00,other_method,Unspecified
05573540,POINT (-88.9763888888889 39.8311111111111),beca5fec-6529-448e-97d3-555deb8202f0,USGS-05573540,4e84cef7-5dc8-6c6e-e053-0100007f5e5f,171,1999-06-07T14:50:00+00:00,Imported Channel 1,1240,ft^3/s,147,ft,940,ft^2,1.32,ft/s,,,Unspecified,Unspecified,Unspecified,Unspecified,Unspecified,Unknown,BridgeCrane,2026-06-18T21:20:17.911196+00:00,point_velocity,Unspecified
05573540,POINT (-88.9763888888889 39.8311111111111),c0678945-e0ff-4d0c-a51e-918905f21a90,USGS-05573540,4e84c64d-aa7a-6685-e053-0100007f60b4,87,1988-09-01T13:40:00+00:00,Imported Channel 1,1.10,ft^3/s,4.25,ft,1.12,ft^2,0.98,ft/s,,,Unspecified,Unspecified,Unspecified,Unspecified,Unspecified,Unknown,Wading,2026-06-18T21:20:17.911196+00:00,point_velocity,Unspecified
05573540,POINT (-88.9763888888889 39.8311111111111),c0dab9ca-745d-4088-a07a-66ccf7e4f629,USGS-05573540,4e84d563-e7a3-6f11-e053-0100007f2796,85,1988-07-14T16:35:00+00:00,Imported Channel 1,3.00,ft^3/s,23.0,ft,4.40,ft^2,0.68,ft/s,,,Unspecified,Unspecified,Unspecified,Unspecified,Unspecified,Unknown,Wading,2026-06-18T21:20:17.911196+00:00,point_velocity,Unspecified
05573540,POINT (-88.9763888888889 39.8311111111111),c1cddf15-e0f7-4235-bf9f-bef30c3edaa9,USGS-05573540,4e84d313-ba02-6e52-e053-0100007fdcb2,122,1993-10-21T15:55:00+00:00,Imported Channel 1,4240,ft^3/s,425,ft,2980,ft^2,1.42,ft/s,,,Unspecified,Unspecified,Unspecified,Unspecified,Unspecified,Unknown,BridgeCrane,2026-06-18T21:20:17.911196+00:00,point_velocity,Unspecified
05573540,POINT (-88.9763888888889 39.8311111111111),c1dca72f-2b14-4ce5-a94e-fd3da14d41b2,USGS-05573540,4e84ebac-6bcb-7aa0-e053-0100007ffc4f,274,2013-09-19T17:56:00+00:00,MAIN,1.66,ft^3/s,53.5,ft,22.5,ft^2,0.07,ft/s,250.00,ft,Firm,Gravel,Even,Even,Uniform,Unknown,Wading,2026-06-18T21:20:17.911196+00:00,point_velocity,Downstream
05573540,POINT (-88.9763888888889 39.8311111111111),c288ab27-863e-4ff9-a523-4f8ac9bae0c4,USGS-05573540,4e84da2d-2fa6-72f4-e053-0100007fae9d,224,2007-04-06T19:07:00+00:00,Imported Channel 1,1340,ft^3/s,127,ft,708,ft^2,1.89,ft/s,,ft,Unspecified,Unspecified,Unspecified,Unspecified,Unspecified,Unknown,Unspecified,2026-06-18T21:20:17.911196+00:00,adcp,Unspecified
05573540,POINT (-88.9763888888889 39.8311111111111),c29d6c22-0ac3-4018-a3e2-6fe2aaa5e1a2,USGS-05573540,4e84e097-21e0-7686-e053-0100007fa805,275,2013-10-23T14:42:30+00:00,MAIN,0.25,ft^3/s,50.0,ft,27.6,ft^2,0.01,ft/s,250.00,ft,Firm,Gravel,Even,Uneven,NonStandard,Unknown,Wading,2026-06-18T21:20:17.911196+00:00,point_velocity,Downstream
05573540,POINT (-88.9763888888889 39.8311111111111),c340f4cf-667b-497f-afdb-074fe3ad365f,USGS-05573540,4e84e161-3c64-760e-e053-0100007f6e79,177,2000-03-24T20:00:00+00:00,Imported Channel 1,7.67,ft^3/s,13.0,ft,7.44,ft^2,1.03,ft/s,,,Unspecified,Unspecified,Unspecified,Unspecified,Unspecified,Unknown,Wading,2026-06-18T21:20:17.911196+00:00,point_velocity,Unspecified
05573540,POINT (-88.9763888888889 39.8311111111111),c41d70e9-7480-4a37-9476-c3ba3e40a632,USGS-05573540,4e84e1a6-276b-7696-e053-0100007f08e2,199,2003-07-25T16:56:00+00:00,Imported Channel 1,400,ft^3/s,114,ft,258,ft^2,1.55,ft/s,,,Unspecified,Unspecified,Unspecified,Unspecified,Unspecified,Unknown,BridgeCrane,2026-06-18T21:20:17.911196+00:00,point_velocity,Unspecified
05573540,POINT (-88.9763888888889 39.8311111111111),c4bbec54-e2ad-4bd7-8c02-3e5ce8114ad9,USGS-05573540,4e84cef7-5dc5-6c6e-e053-0100007f5e5f,153,1997-01-24T18:00:00+00:00,Imported Channel 1,1600,ft^3/s,116,ft,606,ft^2,2.64,ft/s,,,Unspecified,Unspecified,Unspecified,Unspecified,Unspecified,Unknown,BridgeCrane,2026-06-18T21:20:17.911196+00:00,point_velocity,Unspecified
05573540,POINT (-88.9763888888889 39.8311111111111),c6f41c67-c0f3-47ca-8156-0c540e8c945a,USGS-05573540,4e84c0bc-0790-634a-e053-0100007fd51c,44,1983-06-27T06:00:00+00:00,Imported Channel 1,231,ft^3/s,,,,,,,,ft,Unspecified,Unspecified,Unspecified,Unspecified,Unspecified,Unknown,Unspecified,2026-06-18T21:20:17.911196+00:00,other_method,Unspecified
05573540,POINT (-88.9763888888889 39.8311111111111),c70365fa-a4af-4bee-8f21-451c19d89261,USGS-05573540,4e84cef7-5db2-6c6e-e053-0100007f5e5f,10,1979-11-16T06:00:00+00:00,Imported Channel 1,0.32,ft^3/s,,,,,,,,ft,Unspecified,Unspecified,Unspecified,Unspecified,Unspecified,Unknown,Unspecified,2026-06-18T21:20:17.911196+00:00,other_method,Unspecified
05573540,POINT (-88.9763888888889 39.8311111111111),c84ee1a5-a47e-4e80-a214-c7e4f15d18a6,USGS-05573540,4e84d313-ba03-6e52-e053-0100007fdcb2,128,1994-07-26T20:00:00+00:00,Imported Channel 1,6.00,ft^3/s,100,ft,60.0,ft^2,0.10,ft/s,,,Unspecified,Unspecified,Unspecified,Unspecified,Unspecified,Unknown,Wading,2026-06-18T21:20:17.911196+00:00,point_velocity,Unspecified
05573540,POINT (-88.9763888888889 39.8311111111111),c9cde595-73c2-4ecc-ad36-5e815921b47a,USGS-05573540,4e84e503-a761-78ea-e053-0100007fc111,287,2015-10-16T17:06:30+00:00,MAIN,1.12,ft^3/s,45.0,ft,23.6,ft^2,0.05,ft/s,,,Firm,SiltMud,Even,Even,Unknown,Unknown,Wading,2026-06-18T21:20:17.911196+00:00,point_velocity,Unspecified
05573540,POINT (-88.9763888888889 39.8311111111111),c9d15377-fecb-450a-891f-a3e6bcc14935,USGS-05573540,4e84ee4f-f666-7e51-e053-0100007fd14a,293,2017-01-06T20:53:21+00:00,MAIN,1110,ft^3/s,128,ft,565,ft^2,1.97,ft/s,200.00,ft,Firm,Gravel,Even,Even,Standard,Unknown,BridgeDownstreamSide,2026-06-18T21:20:17.911196+00:00,adcp,Downstream
05573540,POINT (-88.9763888888889 39.8311111111111),c9e320a9-7348-4d47-91b7-4675d280e78a,USGS-05573540,4e84ed39-7771-7d44-e053-0100007f2a1a,271,2013-04-05T15:23:47+00:00,MAIN,538,ft^3/s,113,ft,403,ft^2,1.34,ft/s,,ft,Soft,Sand,Even,Even,Uniform,Unknown,BridgeDownstreamSide,2026-06-18T21:20:17.911196+00:00,adcp,AtTheGage
05573540,POINT (-88.9763888888889 39.8311111111111),ca8ab1dc-6539-41c1-9912-cc2ecdbca84d,USGS-05573540,4e84e634-103b-7985-e053-0100007f0c76,248,2010-08-26T15:38:30+00:00,Imported Channel 1,3.15,ft^3/s,41.0,ft,15.6,ft^2,0.20,ft/s,,,Unspecified,Unspecified,Unspecified,Unspecified,Unspecified,Unknown,Wading,2026-06-18T21:20:17.911196+00:00,point_velocity,Unspecified
05573540,POINT (-88.9763888888889 39.8311111111111),cc918871-33fa-4083-8a60-4af0ad25578b,USGS-05573540,4e84e100-dd40-7626-e053-0100007fbc01,272,2013-06-04T18:05:34+00:00,MAIN,3310,ft^3/s,328,ft,1810,ft^2,1.83,ft/s,,ft,Firm,Gravel,Even,Even,Uniform,Unknown,BridgeDownstreamSide,2026-06-18T21:20:17.911196+00:00,adcp,AtTheGage
05573540,POINT (-88.9763888888889 39.8311111111111),ccac5528-dd6b-4c06-90cb-91ef32df5627,USGS-05573540,4e84e640-643c-7987-e053-0100007f7264,207,2004-08-05T14:52:00+00:00,Imported Channel 1,16.8,ft^3/s,50.0,ft,17.3,ft^2,0.97,ft/s,,,Unspecified,Unspecified,Unspecified,Unspecified,Unspecified,Unknown,Wading,2026-06-18T21:20:17.911196+00:00,point_velocity,Unspecified
05573540,POINT (-88.9763888888889 39.8311111111111),cd1a2c5f-3a86-4037-b6bb-2c2a66f30515,USGS-05573540,4e84ce9d-35d9-6b6e-e053-0100007ff3b9,23,1981-07-22T06:00:00+00:00,Imported Channel 1,1690,ft^3/s,,,,,,,,ft,Unspecified,Unspecified,Unspecified,Unspecified,Unspecified,Unknown,Unspecified,2026-06-18T21:20:17.911196+00:00,other_method,Unspecified
05573540,POINT (-88.9763888888889 39.8311111111111),cdb0244b-d866-494a-8519-cfe0bb030a2c,USGS-05573540,4e84cecb-2c15-6a22-e053-0100007f2298,80,1988-02-04T17:30:00+00:00,Imported Channel 1,1520,ft^3/s,138,ft,846,ft^2,1.80,ft/s,,,Unspecified,Unspecified,Unspecified,Unspecified,Unspecified,Unknown,BridgeCrane,2026-06-18T21:20:17.911196+00:00,point_velocity,Unspecified
05573540,POINT (-88.9763888888889 39.8311111111111),cdf65c76-4161-4667-a69c-4e5cccd88de7,USGS-05573540,4e84c799-977c-6845-e053-0100007febd5,58,1985-03-28T06:00:00+00:00,Imported Channel 1,81.0,ft^3/s,102,ft,107,ft^2,0.76,ft/s,,,Unspecified,Unspecified,Unspecified,Unspecified,Unspecified,Unknown,Wading,2026-06-18T21:20:17.911196+00:00,point_velocity,Unspecified
05573540,POINT (-88.9763888888889 39.8311111111111),cee4e642-0fdc-48c7-8e17-02f1ef05641e,USGS-05573540,4e84d488-6be3-6f1b-e053-0100007f4142,241,2009-08-11T16:01:00+00:00,Imported Channel 1,24.0,ft^3/s,83.0,ft,54.7,ft^2,0.44,ft/s,200.00,ft,Soft,Sand,Even,Even,Unspecified,Unknown,Wading,2026-06-18T21:20:17.911196+00:00,point_velocity,Downstream
05573540,POINT (-88.9763888888889 39.8311111111111),cf15a965-1a68-4395-a13c-3360223b2b2a,USGS-05573540,4e84dc74-0c56-7328-e053-0100007f94fc,228,2007-12-13T18:40:00+00:00,Imported Channel 1,5.00,ft^3/s,40.0,ft,14.4,ft^2,0.35,ft/s,,,Unspecified,Unspecified,Unspecified,Unspecified,Unspecified,Unknown,Wading,2026-06-18T21:20:17.911196+00:00,point_velocity,Unspecified
05573540,POINT (-88.9763888888889 39.8311111111111),d075b13b-3971-4d93-a646-c014fa6d0185,USGS-05573540,8f174089-5a9d-46c3-905f-2e98e1c99634,348,2025-07-21T16:48:39+00:00,main,315,ft^3/s,113,ft,312,ft^2,1.01,ft/s,0.00,ft,Firm,Gravel,Even,Unspecified,Unspecified,Unspecified,BridgeDownstreamSide,2026-06-18T21:20:17.911196+00:00,adcp,AtTheGage
05573540,POINT (-88.9763888888889 39.8311111111111),d0f0915a-cfc7-4b42-a849-ea36224bc982,USGS-05573540,4e84d65c-82e7-7033-e053-0100007fb01d,163,1998-05-04T15:50:00+00:00,Imported Channel 1,5980,ft^3/s,430,ft,3580,ft^2,1.67,ft/s,,,Unspecified,Unspecified,Unspecified,Unspecified,Unspecified,Unknown,BridgeCrane,2026-06-18T21:20:17.911196+00:00,point_velocity,Unspecified
05573540,POINT (-88.9763888888889 39.8311111111111),d12c3666-c04e-4a4c-a781-802b8aef71e2,USGS-05573540,4e84ceff-c42c-6c64-e053-0100007fba2c,110,1991-07-16T21:10:00+00:00,Imported Channel 1,3.99,ft^3/s,17.0,ft,12.5,ft^2,0.32,ft/s,,,Unspecified,Unspecified,Unspecified,Unspecified,Unspecified,Unknown,Wading,2026-06-18T21:20:17.911196+00:00,point_velocity,Unspecified
05573540,POINT (-88.9763888888889 39.8311111111111),d24d3266-f029-4524-838b-649e6da0c1c5,USGS-05573540,b6e91aed-8c00-4e6c-97e8-99765b79bace,357,2026-05-26T15:39:29+00:00,main,114,ft^3/s,100,ft,136,ft^2,0.84,ft/s,50.00,ft,Soft,Sand,Uneven,Unspecified,Unspecified,Unspecified,Wading,2026-06-18T21:20:17.911196+00:00,point_velocity,Upstream
05573540,POINT (-88.9763888888889 39.8311111111111),d26ec634-9de3-4e0e-9050-b91d8ad7cd94,USGS-05573540,4e84da2d-2fa9-72f4-e053-0100007fae9d,225,2007-06-14T16:27:00+00:00,Imported Channel 1,4.91,ft^3/s,35.0,ft,13.7,ft^2,0.36,ft/s,,,Unspecified,Unspecified,Unspecified,Unspecified,Unspecified,Unknown,Wading,2026-06-18T21:20:17.911196+00:00,point_velocity,Unspecified
05573540,POINT (-88.9763888888889 39.8311111111111),d2945ce1-0f97-4418-abbf-839b7386306d,USGS-05573540,4e84d36a-be96-6e4e-e053-0100007f442a,149,1996-11-22T20:00:00+00:00,Imported Channel 1,1.97,ft^3/s,22.0,ft,7.49,ft^2,0.26,ft/s,,,Unspecified,Unspecified,Unspecified,Unspecified,Unspecified,Unknown,Wading,2026-06-18T21:20:17.911196+00:00,point_velocity,Unspecified
05573540,POINT (-88.9763888888889 39.8311111111111),d387fca2-ea05-4e4c-b157-d5043759ff3c,USGS-05573540,ab1c90f8-eeb7-4133-9f3a-84ddd06ab80e,354,2026-01-08T15:53:53+00:00,main,1.44,ft^3/s,24.8,ft,10.1,ft^2,0.14,ft/s,100.00,ft,Unspecified,Unspecified,Unspecified,Unspecified,Unspecified,Unspecified,Wading,2026-06-18T21:20:17.911196+00:00,point_velocity,Downstream
05573540,POINT (-88.9763888888889 39.8311111111111),d4754ab7-bde0-4c75-841c-534842da4dba,USGS-05573540,4e84d203-3896-6db0-e053-0100007f362d,20,1981-02-23T06:00:00+00:00,Imported Channel 1,2460,ft^3/s,,,,,,,,ft,Unspecified,Unspecified,Unspecified,Unspecified,Unspecified,Unknown,Unspecified,2026-06-18T21:20:17.911196+00:00,other_method,Unspecified
05573540,POINT (-88.9763888888889 39.8311111111111),d5e79c75-e83c-4469-848f-c6a95f9d1205,USGS-05573540,4e84dc33-ee5a-73d0-e053-0100007fa261,129,1994-09-06T19:50:00+00:00,Imported Channel 1,9.98,ft^3/s,96.0,ft,91.6,ft^2,0.11,ft/s,,,Unspecified,Unspecified,Unspecified,Unspecified,Unspecified,Unknown,Wading,2026-06-18T21:20:17.911196+00:00,point_velocity,Unspecified
05573540,POINT (-88.9763888888889 39.8311111111111),d76ada3e-4128-43d2-9f32-139f63b6865a,USGS-05573540,4e84da6b-5b7b-7238-e053-0100007ff317,236,2008-07-30T14:42:00+00:00,Imported Channel 1,354,ft^3/s,104,ft,263,ft^2,1.35,ft/s,,ft,Unspecified,Unspecified,Unspecified,Unspecified,Unspecified,Unknown,Unspecified,2026-06-18T21:20:17.911196+00:00,adcp,Unspecified
05573540,POINT (-88.9763888888889 39.8311111111111),d7b3e1b8-75b2-44e5-8b4b-30a3a24aef8e,USGS-05573540,4e84d203-38c0-6db0-e053-0100007f362d,254,2011-04-25T15:45:00+00:00,Imported Channel 1,5100,ft^3/s,391,ft,2460,ft^2,2.08,ft/s,,ft,Firm,Gravel,Even,Even,Uniform,Unknown,BridgeDownstreamSide,2026-06-18T21:20:17.911196+00:00,adcp,AtTheGage
05573540,POINT (-88.9763888888889 39.8311111111111),d7b7c1f6-ce29-4181-bb61-c119ef6dc692,USGS-05573540,4e84cefc-b13a-6c6c-e053-0100007feafd,279,2014-04-29T19:22:30+00:00,MAIN,221,ft^3/s,106,ft,213,ft^2,1.04,ft/s,,,Firm,Gravel,Even,Even,Uniform,Unknown,Wading,2026-06-18T21:20:17.911196+00:00,point_velocity,AtTheGage
05573540,POINT (-88.9763888888889 39.8311111111111),d82e3bed-4433-454d-b2eb-71eb85d3e839,USGS-05573540,4e84dae0-ca60-72f0-e053-0100007f2e83,164,1998-06-23T14:00:00+00:00,Imported Channel 1,7660,ft^3/s,435,ft,3670,ft^2,2.09,ft/s,,,Unspecified,Unspecified,Unspecified,Unspecified,Unspecified,Unknown,BridgeCrane,2026-06-18T21:20:17.911196+00:00,point_velocity,Unspecified
05573540,POINT (-88.9763888888889 39.8311111111111),d8434b13-156c-456c-8449-af6ee51ed2a7,USGS-05573540,4e84d229-47f5-6d98-e053-0100007f4f8e,226,2007-08-15T13:14:00+00:00,Imported Channel 1,1.45,ft^3/s,25.0,ft,22.6,ft^2,0.06,ft/s,,,Unspecified,Unspecified,Unspecified,Unspecified,Unspecified,Unknown,Wading,2026-06-18T21:20:17.911196+00:00,point_velocity,Unspecified
05573540,POINT (-88.9763888888889 39.8311111111111),db0f9593-9893-4d93-b3e5-152ad36e96bd,USGS-05573540,4e84cb64-4e22-697e-e053-0100007fc05a,147,1996-07-31T17:50:00+00:00,Imported Channel 1,9.50,ft^3/s,36.1,ft,9.69,ft^2,1.02,ft/s,,,Unspecified,Unspecified,Unspecified,Unspecified,Unspecified,Unknown,Wading,2026-06-18T21:20:17.911196+00:00,point_velocity,Unspecified
05573540,POINT (-88.9763888888889 39.8311111111111),db1a51b1-d947-4c08-a0cd-504617d23ecb,USGS-05573540,4e84d203-3895-6db0-e053-0100007f362d,19,1981-01-05T06:00:00+00:00,Imported Channel 1,3.71,ft^3/s,,,,,,,,ft,Unspecified,Unspecified,Unspecified,Unspecified,Unspecified,Unknown,Unspecified,2026-06-18T21:20:17.911196+00:00,other_method,Unspecified
05573540,POINT (-88.9763888888889 39.8311111111111),db88032f-940b-4390-97e9-85f715482dfe,USGS-05573540,4e84cef7-5db0-6c6e-e053-0100007f5e5f,4,1978-10-24T06:00:00+00:00,Imported Channel 1,3.02,ft^3/s,,,,,,,,ft,Unspecified,Unspecified,Unspecified,Unspecified,Unspecified,Unknown,Unspecified,2026-06-18T21:20:17.911196+00:00,other_method,Unspecified
05573540,POINT (-88.9763888888889 39.8311111111111),dcf1b074-ed33-4bd8-9ceb-d54195b4a97e,USGS-05573540,356fc0de-a1e1-4701-850e-ccb437f0244d,342,2024-09-23T17:38:15+00:00,main,1.52,ft^3/s,31.0,ft,14.8,ft^2,0.10,ft/s,50.00,ft,Soft,Sand,Even,Unspecified,Standard,Unspecified,Wading,2026-06-18T21:20:17.911196+00:00,point_velocity,Upstream
05573540,POINT (-88.9763888888889 39.8311111111111),dd51c804-9c16-4474-8a1d-157fea2d3aad,USGS-05573540,4e84d9d2-2007-72bc-e053-0100007f2816,94,1989-05-18T18:10:00+00:00,Imported Channel 1,670,ft^3/s,110,ft,351,ft^2,1.88,ft/s,,,Unspecified,Unspecified,Unspecified,Unspecified,Unspecified,Unknown,BridgeCrane,2026-06-18T21:20:17.911196+00:00,point_velocity,Unspecified
05573540,POINT (-88.9763888888889 39.8311111111111),dd9cdac3-3162-4caa-9ab9-f224a7412354,USGS-05573540,4e84e034-b177-7630-e053-0100007fc8d0,265,2012-08-08T18:50:36+00:00,Channel 1,0.26,ft^3/s,7.00,ft,1.24,ft^2,0.21,ft/s,40.00,ft,Firm,Gravel,Even,Uneven,Uniform,Unknown,Wading,2026-06-18T21:20:17.911196+00:00,point_velocity,Downstream
05573540,POINT (-88.9763888888889 39.8311111111111),ddc09d3d-d0b5-4eac-a19d-1bb18698034c,USGS-05573540,4e84cefc-b114-6c6c-e053-0100007feafd,14,1980-06-05T06:00:00+00:00,Imported Channel 1,2200,ft^3/s,,,,,,,,ft,Unspecified,Unspecified,Unspecified,Unspecified,Unspecified,Unknown,Unspecified,2026-06-18T21:20:17.911196+00:00,other_method,Unspecified
05573540,POINT (-88.9763888888889 39.8311111111111),df259541-8ce6-4fe7-bf62-3180e71d2556,USGS-05573540,7a382be7-d507-416b-97b7-451bc3d986f6,309,2019-11-21T16:59:44+00:00,Main,262,ft^3/s,106,ft,201,ft^2,1.31,ft/s,25.00,ft,Firm,Gravel,Uneven,Uneven,Standard,Steady,Wading,2026-06-18T21:20:17.911196+00:00,point_velocity,Upstream
05573540,POINT (-88.9763888888889 39.8311111111111),dfe901c3-f283-4588-b170-854eea839ec2,USGS-05573540,8133cb51-6d6b-4427-9466-1eb64e1d4b48,325,2022-04-12T18:15:43+00:00,MAIN,811,ft^3/s,117,ft,387,ft^2,2.10,ft/s,0.00,ft,Soft,SiltMud,Even,Even,Unspecified,Unspecified,BridgeUpstreamSide,2026-06-18T21:20:17.911196+00:00,adcp,AtTheGage
05573540,POINT (-88.9763888888889 39.8311111111111),e08898a3-332f-469d-bd49-d096819f969c,USGS-05573540,4e84d29a-bc3a-6d96-e053-0100007f24b5,141,1996-01-18T21:25:00+00:00,Imported Channel 1,60.3,ft^3/s,98.0,ft,115,ft^2,0.52,ft/s,,,Unspecified,Unspecified,Unspecified,Unspecified,Unspecified,Unknown,Wading,2026-06-18T21:20:17.911196+00:00,point_velocity,Unspecified
05573540,POINT (-88.9763888888889 39.8311111111111),e13f62da-bee5-4c90-8228-447e086554d1,USGS-05573540,4e84d8fd-c9a9-7244-e053-0100007f5698,74,1987-04-16T06:00:00+00:00,Imported Channel 1,1800,ft^3/s,116,ft,811,ft^2,2.22,ft/s,,,Unspecified,Unspecified,Unspecified,Unspecified,Unspecified,Unknown,BridgeCrane,2026-06-18T21:20:17.911196+00:00,point_velocity,Unspecified
05573540,POINT (-88.9763888888889 39.8311111111111),e2285744-77d4-4ad3-be5b-8ca2d3a95ee0,USGS-05573540,4e84d657-d7d1-6de5-e053-0100007ff939,83,1988-05-03T20:20:00+00:00,Imported Channel 1,33.6,ft^3/s,120,ft,484,ft^2,0.69,ft/s,,,Unspecified,Unspecified,Unspecified,Unspecified,Unspecified,Unknown,Wading,2026-06-18T21:20:17.911196+00:00,point_velocity,Unspecified
05573540,POINT (-88.9763888888889 39.8311111111111),e237ca6c-6ea5-42ea-870d-fdae575d7b78,USGS-05573540,4e84dc69-3950-7324-e053-0100007fe092,176,2000-01-28T19:35:00+00:00,Imported Channel 1,1.17,ft^3/s,8.00,ft,5.62,ft^2,0.21,ft/s,,,Unspecified,Unspecified,Unspecified,Unspecified,Unspecified,Unknown,Wading,2026-06-18T21:20:17.911196+00:00,point_velocity,Unspecified
05573540,POINT (-88.9763888888889 39.8311111111111),e2453e72-a8a9-411b-b965-28cd62dd0968,USGS-05573540,4e84dae0-ca5e-72f0-e053-0100007f2e83,117,1992-10-08T18:05:00+00:00,Imported Channel 1,3.36,ft^3/s,21.5,ft,6.02,ft^2,0.56,ft/s,,,Unspecified,Unspecified,Unspecified,Unspecified,Unspecified,Unknown,Wading,2026-06-18T21:20:17.911196+00:00,point_velocity,Unspecified
05573540,POINT (-88.9763888888889 39.8311111111111),e35dd9a5-1385-45c7-b5ea-870a76b9f37d,USGS-05573540,4e84cf56-e7bd-6c8a-e053-0100007f4327,211,2004-12-02T18:44:00+00:00,Imported Channel 1,5350,ft^3/s,434,ft,2910,ft^2,1.84,ft/s,,ft,Unspecified,Unspecified,Unspecified,Unspecified,Unspecified,Unknown,Unspecified,2026-06-18T21:20:17.911196+00:00,adcp,Unspecified
05573540,POINT (-88.9763888888889 39.8311111111111),e3a40de5-87bb-499d-a094-de6f8af48392,USGS-05573540,4e84d357-ffa1-6e4c-e053-0100007f1ff9,150,1996-12-12T14:20:00+00:00,Imported Channel 1,2.88,ft^3/s,23.0,ft,8.05,ft^2,0.36,ft/s,,,Unspecified,Unspecified,Unspecified,Unspecified,Unspecified,Unknown,Wading,2026-06-18T21:20:17.911196+00:00,point_velocity,Unspecified
05573540,POINT (-88.9763888888889 39.8311111111111),e556b3e2-79c0-430e-8652-204c49351854,USGS-05573540,4e84da2d-2f97-72f4-e053-0100007fae9d,68,1986-04-01T06:00:00+00:00,Imported Channel 1,7.87,ft^3/s,25.5,ft,8.41,ft^2,0.94,ft/s,,,Unspecified,Unspecified,Unspecified,Unspecified,Unspecified,Unknown,Wading,2026-06-18T21:20:17.911196+00:00,point_velocity,Unspecified
05573540,POINT (-88.9763888888889 39.8311111111111),e711861c-22e3-4acf-8d49-d48617bba050,USGS-05573540,e6aabe04-f19c-4c71-97c4-c63089ca438f,346,2025-05-27T15:56:41+00:00,main,533,ft^3/s,115,ft,276,ft^2,1.93,ft/s,0.00,ft,Firm,Gravel,Even,Unspecified,Unspecified,Unspecified,BridgeDownstreamSide,2026-06-18T21:20:17.911196+00:00,adcp,AtTheGage
05573540,POINT (-88.9763888888889 39.8311111111111),e75968d7-682b-45a4-97b1-3f59f6246ab8,USGS-05573540,4e84d488-6bb5-6f1b-e053-0100007f4142,65,1985-12-12T06:00:00+00:00,Imported Channel 1,4100,ft^3/s,386,ft,2500,ft^2,1.64,ft/s,,,Unspecified,Unspecified,Unspecified,Unspecified,Unspecified,Unknown,BridgeCrane,2026-06-18T21:20:17.911196+00:00,point_velocity,Unspecified
05573540,POINT (-88.9763888888889 39.8311111111111),e8225dcd-100c-40d7-9eb7-870479176bd8,USGS-05573540,4e84ddf2-6f36-7496-e053-0100007fa54b,160,1998-01-07T18:00:00+00:00,Imported Channel 1,621,ft^3/s,112,ft,427,ft^2,1.45,ft/s,,,Unspecified,Unspecified,Unspecified,Unspecified,Unspecified,Unknown,BridgeCrane,2026-06-18T21:20:17.911196+00:00,point_velocity,Unspecified
05573540,POINT (-88.9763888888889 39.8311111111111),e87faf70-9f11-47e4-841a-8089087f36ab,USGS-05573540,4e84dcc2-28f6-703d-e053-0100007f47c0,245,2010-04-29T18:38:00+00:00,Imported Channel 1,676,ft^3/s,111,ft,397,ft^2,1.70,ft/s,,ft,Unspecified,Unspecified,Unspecified,Unspecified,Unspecified,Unknown,BridgeDownstreamSide,2026-06-18T21:20:17.911196+00:00,adcp,Unspecified
05573540,POINT (-88.9763888888889 39.8311111111111),e8a93fd9-7923-4cc6-94a5-b6ed9fdfbc62,USGS-05573540,4e84b204-3807-5acf-e053-0100007f07fa,107,1991-01-31T19:05:00+00:00,Imported Channel 1,498,ft^3/s,119,ft,296,ft^2,1.68,ft/s,,,Unspecified,Unspecified,Unspecified,Unspecified,Unspecified,Unknown,Wading,2026-06-18T21:20:17.911196+00:00,point_velocity,Unspecified
05573540,POINT (-88.9763888888889 39.8311111111111),e8e34019-5abb-4289-97d3-56195d5747a7,USGS-05573540,4e84d203-38bd-6db0-e053-0100007f362d,237,2008-10-20T16:08:00+00:00,Imported Channel 1,204,ft^3/s,115,ft,191,ft^2,1.07,ft/s,,,Unspecified,Unspecified,Unspecified,Unspecified,Unspecified,Unknown,Wading,2026-06-18T21:20:17.911196+00:00,point_velocity,Unspecified
05573540,POINT (-88.9763888888889 39.8311111111111),e927372e-951a-4adb-9c79-a78851e50d12,USGS-05573540,4e84e351-1343-76d6-e053-0100007fddf7,161,1998-02-17T16:50:00+00:00,Imported Channel 1,617,ft^3/s,120,ft,574,ft^2,1.07,ft/s,,,Unspecified,Unspecified,Unspecified,Unspecified,Unspecified,Unknown,BridgeCrane,2026-06-18T21:20:17.911196+00:00,point_velocity,Unspecified
05573540,POINT (-88.9763888888889 39.8311111111111),e9f2008e-a8af-4752-8cf5-ec5cf0482885,USGS-05573540,4e84c38f-ee24-64a3-e053-0100007f5403,54,1984-09-07T06:00:00+00:00,Imported Channel 1,5.72,ft^3/s,12.0,ft,11.6,ft^2,0.49,ft/s,,,Unspecified,Unspecified,Unspecified,Unspecified,Unspecified,Unknown,Wading,2026-06-18T21:20:17.911196+00:00,point_velocity,Unspecified
05573540,POINT (-88.9763888888889 39.8311111111111),eaed1b36-b6e4-4ab5-ba7e-12a74546c302,USGS-05573540,4e84ee4f-f663-7e51-e053-0100007fd14a,283,2014-12-23T18:47:30+00:00,MAIN,584,ft^3/s,112,ft,295,ft^2,1.98,ft/s,,,Firm,Gravel,Even,Even,Uniform,Unknown,BridgeUpstreamSide,2026-06-18T21:20:17.911196+00:00,point_velocity,AtTheGage
05573540,POINT (-88.9763888888889 39.8311111111111),eb204562-7e93-4d86-8f0e-4a11b1f09218,USGS-05573540,4e84de2c-9e91-750e-e053-0100007f82df,277,2014-02-19T17:58:00+00:00,MAIN,40.9,ft^3/s,86.0,ft,71.5,ft^2,0.57,ft/s,,,Firm,Gravel,Even,Even,Uniform,Unknown,Wading,2026-06-18T21:20:17.911196+00:00,point_velocity,AtTheGage
05573540,POINT (-88.9763888888889 39.8311111111111),eb88d207-e70b-475d-b684-94542a1f3cf6,USGS-05573540,4e84d29a-bc52-6d96-e053-0100007f24b5,214,2005-06-22T17:02:00+00:00,Imported Channel 1,93.8,ft^3/s,110,ft,98.6,ft^2,0.95,ft/s,,,Unspecified,Unspecified,Unspecified,Unspecified,Unspecified,Unknown,Wading,2026-06-18T21:20:17.911196+00:00,point_velocity,Unspecified
05573540,POINT (-88.9763888888889 39.8311111111111),ecdd50b9-7149-452c-a37a-184225c8381a,USGS-05573540,4e84d2f4-8e3f-6ddb-e053-0100007f602d,78,1987-11-12T17:50:00+00:00,Imported Channel 1,1.16,ft^3/s,27.0,ft,17.8,ft^2,0.06,ft/s,,,Unspecified,Unspecified,Unspecified,Unspecified,Unspecified,Unknown,Wading,2026-06-18T21:20:17.911196+00:00,point_velocity,Unspecified
05573540,POINT (-88.9763888888889 39.8311111111111),ece4d275-3bb6-4abd-b86d-c269b92d463e,USGS-05573540,4e84d590-6d99-6e34-e053-0100007fe7d0,69,1986-05-09T06:00:00+00:00,Imported Channel 1,513,ft^3/s,108,ft,350,ft^2,1.47,ft/s,,,Unspecified,Unspecified,Unspecified,Unspecified,Unspecified,Unknown,BridgeCrane,2026-06-18T21:20:17.911196+00:00,point_velocity,Unspecified
05573540,POINT (-88.9763888888889 39.8311111111111),edb332c0-2146-4dc1-9543-d937677f5857,USGS-05573540,4e84e445-26f7-7898-e053-0100007fe215,262,2012-06-07T15:48:21+00:00,Channel 1,10.4,ft^3/s,77.0,ft,47.9,ft^2,0.22,ft/s,10.00,ft,Firm,Gravel,Even,Even,Uniform,Unknown,Wading,2026-06-18T21:20:17.911196+00:00,point_velocity,Upstream
05573540,POINT (-88.9763888888889 39.8311111111111),eec8772d-fa48-4d61-87fd-3ddcac3a0c5c,USGS-05573540,4e84cf0f-e2f8-6c68-e053-0100007f5fa1,204,2004-03-29T18:37:00+00:00,Imported Channel 1,6550,ft^3/s,433,ft,3250,ft^2,2.02,ft/s,,,Unspecified,Unspecified,Unspecified,Unspecified,Unspecified,Unknown,BridgeCrane,2026-06-18T21:20:17.911196+00:00,point_velocity,Unspecified
05573540,POINT (-88.9763888888889 39.8311111111111),ef2dc207-ae20-477e-af3f-d443e38cd7de,USGS-05573540,4e84db67-8be1-72a0-e053-0100007fb870,60,1985-06-10T06:00:00+00:00,Imported Channel 1,78.2,ft^3/s,104,ft,59.1,ft^2,1.32,ft/s,,,Unspecified,Unspecified,Unspecified,Unspecified,Unspecified,Unknown,Wading,2026-06-18T21:20:17.911196+00:00,point_velocity,Unspecified
05573540,POINT (-88.9763888888889 39.8311111111111),efcbf5aa-85ee-42fe-8da7-49a4d002d531,USGS-05573540,4e84e1a8-c865-76ae-e053-0100007fae01,227,2007-10-05T17:14:00+00:00,Imported Channel 1,1.32,ft^3/s,20.0,ft,3.74,ft^2,0.35,ft/s,,,Unspecified,Unspecified,Unspecified,Unspecified,Unspecified,Unknown,Wading,2026-06-18T21:20:17.911196+00:00,point_velocity,Unspecified
05573540,POINT (-88.9763888888889 39.8311111111111),f13ac46d-6a7f-4929-8721-ecd0b7db76e4,USGS-05573540,4e84e209-0eeb-74bc-e053-0100007f6537,258,2011-10-11T16:13:48+00:00,Channel 1,0.51,ft^3/s,7.50,ft,1.72,ft^2,0.30,ft/s,50.00,ft,Firm,Gravel,Even,Even,Uniform,Unknown,Wading,2026-06-18T21:20:17.911196+00:00,point_velocity,Downstream
05573540,POINT (-88.9763888888889 39.8311111111111),f1e687e8-077b-46fe-ac21-1faec67ad6ee,USGS-05573540,4e84e813-b26c-76b2-e053-0100007fe001,281,2014-08-04T19:35:00+00:00,MAIN,179,ft^3/s,100,ft,185,ft^2,0.96,ft/s,,,Firm,Gravel,Even,Even,Uniform,Unknown,Wading,2026-06-18T21:20:17.911196+00:00,point_velocity,AtTheGage
05573540,POINT (-88.9763888888889 39.8311111111111),f23ae2ab-76c8-4d19-9f66-502c357e4a6c,USGS-05573540,4e84cf63-f94b-6c5b-e053-0100007f123d,99,1989-12-21T18:05:00+00:00,Imported Channel 1,1.25,ft^3/s,13.0,ft,6.05,ft^2,0.21,ft/s,,,Unspecified,Unspecified,Unspecified,Unspecified,Unspecified,Unknown,Wading,2026-06-18T21:20:17.911196+00:00,point_velocity,Unspecified
05573540,POINT (-88.9763888888889 39.8311111111111),f25df656-f51e-4bbb-89c9-341ca3c34222,USGS-05573540,4e84e462-3af1-78ae-e053-0100007f525d,244,2010-03-05T20:43:00+00:00,Imported Channel 1,952,ft^3/s,120,ft,481,ft^2,1.98,ft/s,,ft,Unspecified,Unspecified,Unspecified,Unspecified,Unspecified,Unknown,BridgeDownstreamSide,2026-06-18T21:20:17.911196+00:00,adcp,AtTheGage
05573540,POINT (-88.9763888888889 39.8311111111111),f2c950bc-27d7-4c1c-b4ef-b95caaf6fe6e,USGS-05573540,4e84d615-5c60-6f19-e053-0100007f8826,134,1995-04-20T19:45:00+00:00,Imported Channel 1,3750,ft^3/s,407,ft,2050,ft^2,1.83,ft/s,,,Unspecified,Unspecified,Unspecified,Unspecified,Unspecified,Unknown,BridgeCrane,2026-06-18T21:20:17.911196+00:00,point_velocity,Unspecified
05573540,POINT (-88.9763888888889 39.8311111111111),f2fce112-26d0-4359-938b-e095fee5b59c,USGS-05573540,4e84cf59-3f93-6b6a-e053-0100007fed04,64,1985-11-22T06:00:00+00:00,Imported Channel 1,10000,ft^3/s,415,ft,4670,ft^2,2.15,ft/s,,,Unspecified,Unspecified,Unspecified,Unspecified,Unspecified,Unknown,BridgeCrane,2026-06-18T21:20:17.911196+00:00,point_velocity,Unspecified
05573540,POINT (-88.9763888888889 39.8311111111111),f34567be-2c39-4c61-a7da-7f16827161dc,USGS-05573540,4e84eec3-3857-7e56-e053-0100007f26d2,294,2017-02-27T17:44:30+00:00,MAIN,252,ft^3/s,100,ft,180,ft^2,1.41,ft/s,10.00,ft,Firm,Sand,Even,Even,Standard,Unknown,Wading,2026-06-18T21:20:17.911196+00:00,point_velocity,Upstream
05573540,POINT (-88.9763888888889 39.8311111111111),f4e61f0a-e61f-4523-8210-3c212a727ccd,USGS-05573540,514d92f0-8d09-d05e-e053-0100007f26eb,295,2017-05-25T17:11:38+00:00,MAIN,1850,ft^3/s,138,ft,941,ft^2,1.97,ft/s,0.00,ft,Firm,Gravel,Even,Even,Standard,Unknown,BridgeDownstreamSide,2026-06-18T21:20:17.911196+00:00,adcp,AtTheGage
05573540,POINT (-88.9763888888889 39.8311111111111),f56d25d1-cca5-4d0a-88c7-d8c5e9ea56a1,USGS-05573540,4e84cef7-5db1-6c6e-e053-0100007f5e5f,7,1979-04-16T06:00:00+00:00,Imported Channel 1,5260,ft^3/s,,,,,,,,ft,Unspecified,Unspecified,Unspecified,Unspecified,Unspecified,Unknown,Unspecified,2026-06-18T21:20:17.911196+00:00,other_method,Unspecified
05573540,POINT (-88.9763888888889 39.8311111111111),f6939dce-9aed-4f41-b077-19c954046218,USGS-05573540,4e84cf63-f94a-6c5b-e053-0100007f123d,98,1989-11-09T17:40:00+00:00,Imported Channel 1,2.02,ft^3/s,20.0,ft,18.0,ft^2,0.11,ft/s,,,Unspecified,Unspecified,Unspecified,Unspecified,Unspecified,Unknown,Wading,2026-06-18T21:20:17.911196+00:00,point_velocity,Unspecified
05573540,POINT (-88.9763888888889 39.8311111111111),f7de9e3e-74c4-4cab-b8fe-3ce23265e2ed,USGS-05573540,cd737557-419c-412a-9ca6-5e7f6d53b064,322,2021-10-20T18:52:08+00:00,MAIN,679,ft^3/s,117,ft,408,ft^2,1.66,ft/s,25.00,ft,Unspecified,Unspecified,Unspecified,Even,Unspecified,Unspecified,BridgeUpstreamSide,2026-06-18T21:20:17.911196+00:00,adcp,Upstream
05573540,POINT (-88.9763888888889 39.8311111111111),f7f9c7d4-462b-4801-a1b4-1c33e17751b8,USGS-05573540,4e84d29a-bc3c-6d96-e053-0100007f24b5,143,1996-03-18T19:07:00+00:00,Imported Channel 1,2.88,ft^3/s,12.1,ft,3.42,ft^2,0.84,ft/s,,,Unspecified,Unspecified,Unspecified,Unspecified,Unspecified,Unknown,Wading,2026-06-18T21:20:17.911196+00:00,point_velocity,Unspecified
05573540,POINT (-88.9763888888889 39.8311111111111),f8c091ef-addf-454a-bab1-ab1d85fd25f2,USGS-05573540,4e84cf11-175d-6c50-e053-0100007f8b61,3,1978-09-13T06:00:00+00:00,Imported Channel 1,3.29,ft^3/s,,,,,,,,ft,Unspecified,Unspecified,Unspecified,Unspecified,Unspecified,Unknown,Unspecified,2026-06-18T21:20:17.911196+00:00,other_method,Unspecified
05573540,POINT (-88.9763888888889 39.8311111111111),fa584443-db9b-4a07-ba73-f1d288d5f467,USGS-05573540,4e84cef7-5dc5-6c6e-e053-0100007f5e5f,152,1997-01-24T15:35:00+00:00,Imported Channel 1,1480,ft^3/s,114,ft,607,ft^2,2.44,ft/s,,,Unspecified,Unspecified,Unspecified,Unspecified,Unspecified,Unknown,BridgeCrane,2026-06-18T21:20:17.911196+00:00,point_velocity,Unspecified
05573540,POINT (-88.9763888888889 39.8311111111111),fac95bc3-a3e0-4b5f-b969-61611b3b0fb1,USGS-05573540,a51641f4-80da-4358-a8b0-20b2cda8fef8,358,2026-06-18T15:47:08+00:00,main,6630,ft^3/s,374,ft,3040,ft^2,2.18,ft/s,0.00,ft,Soft,Sand,Uneven,Unspecified,Unspecified,Unspecified,BridgeDownstreamSide,2026-06-18T21:20:17.911196+00:00,adcp,AtTheGage
05573540,POINT (-88.9763888888889 39.8311111111111),fad13828-233b-4294-adf8-3fe98d01b786,USGS-05573540,4e84d229-47ee-6d98-e053-0100007f4f8e,202,2003-12-22T19:32:00+00:00,Imported Channel 1,289,ft^3/s,106,ft,212,ft^2,1.36,ft/s,,,Unspecified,Unspecified,Unspecified,Unspecified,Unspecified,Unknown,Wading,2026-06-18T21:20:17.911196+00:00,point_velocity,Unspecified
05573540,POINT (-88.9763888888889 39.8311111111111),fcfd9153-0f05-4a41-829f-f501e81a3e7f,USGS-05573540,4e84dce2-c85a-7302-e053-0100007f7c79,77,1987-09-28T16:50:00+00:00,Imported Channel 1,3.69,ft^3/s,18.5,ft,13.4,ft^2,0.28,ft/s,,,Unspecified,Unspecified,Unspecified,Unspecified,Unspecified,Unknown,Wading,2026-06-18T21:20:17.911196+00:00,point_velocity,Unspecified
05573540,POINT (-88.9763888888889 39.8311111111111),fe885e15-5132-4499-ae86-6fe6c777a1c9,USGS-05573540,4e84cefc-b115-6c6c-e053-0100007feafd,17,1980-10-16T06:00:00+00:00,Imported Channel 1,2.38,ft^3/s,,,,,,,,ft,Unspecified,Unspecified,Unspecified,Unspecified,Unspecified,Unknown,Unspecified,2026-06-18T21:20:17.911196+00:00,other_method,Unspecified
05573540,POINT (-88.9763888888889 39.8311111111111),fed3ddc4-5b7f-4bd9-a9ef-693aea5068b1,USGS-05573540,4e84de26-8afc-7528-e053-0100007f960b,213,2005-05-04T17:52:00+00:00,Imported Channel 1,353,ft^3/s,115,ft,269,ft^2,1.31,ft/s,,,Unspecified,Unspecified,Unspecified,Unspecified,Unspecified,Unknown,Wading,2026-06-18T21:20:17.911196+00:00,point_velocity,Unspecified
05573540,POINT (-88.9763888888889 39.8311111111111),ffb07dd5-d694-49a2-a892-b2d570215d2e,USGS-05573540,4e84da24-b659-72a4-e053-0100007f1707,156,1997-06-24T16:50:00+00:00,Imported Channel 1,372,ft^3/s,112,ft,288,ft^2,1.29,ft/s,,,Unspecified,Unspecified,Unspecified,Unspecified,Unspecified,Unknown,Wading,2026-06-18T21:20:17.911196+00:00,point_velocity,Unspecified
05573540,POINT (-88.9763888888889 39.8311111111111),ffc47431-02e8-45c0-bcb0-4a8ca86f5ef8,USGS-05573540,58b51deb-1210-1805-e053-0100007f464b,296,2017-08-02T16:43:30+00:00,MAIN,2.11,ft^3/s,30.0,ft,14.2,ft^2,0.15,ft/s,0.00,ft,Firm,Sand,Even,Unspecified,Standard,Steady,Wading,2026-06-18T21:20:17.911196+00:00,point_velocity,AtTheGage
