site_id,geometry,id,monitoring_location_id,field_visit_id,measurement_number,time,channel_name,channel_flow,channel_flow_unit,channel_width,channel_width_unit,channel_area,channel_area_unit,channel_velocity,channel_velocity_unit,channel_location_distance,channel_location_distance_unit,channel_stability,channel_material,channel_evenness,horizontal_velocity_description,vertical_velocity_description,longitudinal_velocity_description,measurement_type,last_modified,channel_measurement_type,channel_location_direction
05572000,POINT (-88.5891666666667 40.0311666666667),002b41c2-a487-4b77-b266-32b1e4bfc769,USGS-05572000,4e84dc74-0c79-7328-e053-0100007f94fc,899,2004-11-29T15:30:00+00:00,Imported Channel 1,2450,ft^3/s,388,ft,1800,ft^2,1.36,ft/s,,,Unspecified,Unspecified,Unspecified,Unspecified,Unspecified,Unknown,BridgeCrane,2026-07-10T00:05:20.378169+00:00,point_velocity,Unspecified
05572000,POINT (-88.5891666666667 40.0311666666667),010e518a-c541-4eda-9ff4-6221e1d33e08,USGS-05572000,4e84e445-26ef-7898-e053-0100007fe215,754,1986-10-29T06:00:00+00:00,Imported Channel 1,373,ft^3/s,83.0,ft,492,ft^2,0.76,ft/s,,,Unspecified,Unspecified,Unspecified,Unspecified,Unspecified,Unknown,BridgeCrane,2026-07-10T00:05:20.378169+00:00,point_velocity,Unspecified
05572000,POINT (-88.5891666666667 40.0311666666667),01bbe0ac-31e2-4afc-af5a-b9b6fc3271dc,USGS-05572000,b9dd0bab-8eb6-47e8-b9e4-ff6218c63442,1032,2025-06-23T18:12:26+00:00,MAIN,258,ft^3/s,100,ft,337,ft^2,0.77,ft/s,0.00,ft,Unspecified,Unspecified,Unspecified,Unspecified,Unspecified,Unspecified,BridgeUpstreamSide,2026-07-10T00:05:20.378169+00:00,adcp,AtTheGage
05572000,POINT (-88.5891666666667 40.0311666666667),0221c140-fd19-4ccb-8d08-9deef3f9ce89,USGS-05572000,4e84f00b-c461-7f13-e053-0100007f04ba,935,2010-10-19T19:20:30+00:00,Imported Channel 1,5.21,ft^3/s,68.0,ft,82.4,ft^2,0.06,ft/s,1000.00,ft,Firm,Sand,Uneven,Even,NonStandard,Unknown,Wading,2026-07-10T00:05:20.378169+00:00,point_velocity,Upstream
05572000,POINT (-88.5891666666667 40.0311666666667),0271b900-ad51-4650-b2d5-422d070a71da,USGS-05572000,3e56eae5-f147-482f-b022-50c0091b8c95,996,2020-09-25T15:35:45+00:00,Main,10.9,ft^3/s,69.0,ft,34.2,ft^2,0.32,ft/s,2500.00,ft,Unspecified,Unspecified,Unspecified,Uneven,Unspecified,Unspecified,Wading,2026-07-10T00:05:20.378169+00:00,point_velocity,Downstream
05572000,POINT (-88.5891666666667 40.0311666666667),02976465-57e5-4f48-a9f8-23a9541752b4,USGS-05572000,4e84c7cd-51d8-684d-e053-0100007f5cb9,702,1982-05-27T06:00:00+00:00,Imported Channel 1,533,ft^3/s,105,ft,670,ft^2,0.80,ft/s,,,Unspecified,Unspecified,Unspecified,Unspecified,Unspecified,Unknown,BridgeCrane,2026-07-10T00:05:20.378169+00:00,point_velocity,Unspecified
05572000,POINT (-88.5891666666667 40.0311666666667),030eebdd-9169-45a8-88e4-199d04ffd70f,USGS-05572000,4e84dddb-bb30-74e2-e053-0100007f28f5,825,1996-02-05T17:10:00+00:00,Imported Channel 1,82.9,ft^3/s,69.0,ft,93.1,ft^2,0.89,ft/s,,,Unspecified,Unspecified,Unspecified,Unspecified,Unspecified,Unknown,Wading,2026-07-10T00:05:20.378169+00:00,point_velocity,Unspecified
05572000,POINT (-88.5891666666667 40.0311666666667),04f323dd-f1ac-4306-9a4c-f826f7e8a8ab,USGS-05572000,4e84f388-0f69-802c-e053-0100007ffc24,973,2016-07-27T18:38:00+00:00,Main,1240,ft^3/s,122,ft,867,ft^2,1.43,ft/s,,ft,Unspecified,Unspecified,Unspecified,Unspecified,Unspecified,Unknown,BridgeDownstreamSide,2026-07-10T00:05:20.378169+00:00,adcp,AtTheGage
05572000,POINT (-88.5891666666667 40.0311666666667),05ce9227-21a4-42a8-95f7-0de70cdd67d5,USGS-05572000,4e84ecb7-5c1f-7cf4-e053-0100007f70bd,862,2001-01-02T15:00:00+00:00,Imported Channel 1,59.3,ft^3/s,82.0,ft,109,ft^2,0.55,ft/s,,,Unspecified,Unspecified,Unspecified,Unspecified,Unspecified,Unknown,Ice,2026-07-10T00:05:20.378169+00:00,point_velocity,Unspecified
05572000,POINT (-88.5891666666667 40.0311666666667),05db4d94-5153-44de-91b6-22c64b93e785,USGS-05572000,4e84da24-b67d-72a4-e053-0100007f1707,931,2010-01-12T21:47:00+00:00,Imported Channel 1,337,ft^3/s,101,ft,378,ft^2,0.89,ft/s,500.00,ft,Unspecified,Unspecified,Unspecified,Even,Unspecified,Unknown,Ice,2026-07-10T00:05:20.378169+00:00,point_velocity,Upstream
05572000,POINT (-88.5891666666667 40.0311666666667),061225f0-04a9-4c08-835a-cbd06c2bdf20,USGS-05572000,4e84e510-8e71-7894-e053-0100007f9a4d,794,1991-07-17T18:15:00+00:00,Imported Channel 1,30.7,ft^3/s,57.0,ft,69.6,ft^2,0.46,ft/s,,,Unspecified,Unspecified,Unspecified,Unspecified,Unspecified,Unknown,Wading,2026-07-10T00:05:20.378169+00:00,point_velocity,Unspecified
05572000,POINT (-88.5891666666667 40.0311666666667),06840497-9ca2-4831-9e46-4993015ac6f6,USGS-05572000,be50959d-2820-48cc-8872-bfa03b1e2397,1015,2023-06-27T15:28:42+00:00,MAIN,27.1,ft^3/s,38.0,ft,24.7,ft^2,1.10,ft/s,1800.00,ft,Firm,Sand,Even,Unspecified,Unspecified,Unspecified,Wading,2026-07-10T00:05:20.378169+00:00,point_velocity,Upstream
05572000,POINT (-88.5891666666667 40.0311666666667),06ff6ba4-9d0e-40ca-9446-112c9a3ddb41,USGS-05572000,4e84d8b5-c924-7001-e053-0100007f5c3e,748,1986-04-29T06:00:00+00:00,Imported Channel 1,131,ft^3/s,87.0,ft,381,ft^2,0.34,ft/s,,,Unspecified,Unspecified,Unspecified,Unspecified,Unspecified,Unknown,BridgeCrane,2026-07-10T00:05:20.378169+00:00,point_velocity,Unspecified
05572000,POINT (-88.5891666666667 40.0311666666667),0771b570-9b2c-4a5f-b6a6-d3de5e08d1bf,USGS-05572000,4e84c583-af80-668b-e053-0100007fccd4,646,1977-12-27T06:00:00+00:00,Imported Channel 1,358,ft^3/s,,,,,,,,ft,Unspecified,Unspecified,Unspecified,Unspecified,Unspecified,Unknown,Unspecified,2026-07-10T00:05:20.378169+00:00,other_method,Unspecified
05572000,POINT (-88.5891666666667 40.0311666666667),07cf6776-9023-4314-85a1-9adc3c33ce26,USGS-05572000,4e84d626-7ded-7011-e053-0100007f7207,718,1983-10-31T06:00:00+00:00,Imported Channel 1,54.8,ft^3/s,48.0,ft,33.4,ft^2,1.13,ft/s,,,Unspecified,Unspecified,Unspecified,Unspecified,Unspecified,Unknown,Wading,2026-07-10T00:05:20.378169+00:00,point_velocity,Unspecified
05572000,POINT (-88.5891666666667 40.0311666666667),07ea1011-f38e-42d0-ad3d-517b485c676d,USGS-05572000,4e84ecba-db15-7d40-e053-0100007ff260,918,2008-05-27T16:18:00+00:00,Imported Channel 1,624,ft^3/s,97.7,ft,590,ft^2,1.06,ft/s,,ft,Unspecified,Unspecified,Unspecified,Unspecified,Unspecified,Unknown,Unspecified,2026-07-10T00:05:20.378169+00:00,adcp,Unspecified
05572000,POINT (-88.5891666666667 40.0311666666667),08813651-4b40-4a4c-8320-8a3f90eb48cf,USGS-05572000,ec98d61b-4c9c-495d-8354-3bf6b81c2a14,1018,2024-01-04T19:40:53+00:00,Sangamon Monticello,258,ft^3/s,99.9,ft,382,ft^2,0.68,ft/s,0.00,ft,Firm,SiltMud,Even,Even,Uniform,Steady,BridgeDownstreamSide,2026-07-10T00:05:20.378169+00:00,adcp,AtTheGage
05572000,POINT (-88.5891666666667 40.0311666666667),088fbb83-828d-4513-a002-b04784a5ba6f,USGS-05572000,4e84d313-a042-6e50-e053-0100007ff57f,742,1985-11-20T06:00:00+00:00,Imported Channel 1,8500,ft^3/s,493,ft,3320,ft^2,2.56,ft/s,,,Unspecified,Unspecified,Unspecified,Unspecified,Unspecified,Unknown,BridgeCrane,2026-07-10T00:05:20.378169+00:00,point_velocity,Unspecified
05572000,POINT (-88.5891666666667 40.0311666666667),08c4c5c2-db92-4e5c-b6f1-76217da245e4,USGS-05572000,4e84c70a-d776-67c7-e053-0100007f7057,586,1973-04-26T06:00:00+00:00,Imported Channel 1,2930,ft^3/s,,,,,,,,ft,Unspecified,Unspecified,Unspecified,Unspecified,Unspecified,Unknown,Unspecified,2026-07-10T00:05:20.378169+00:00,other_method,Unspecified
05572000,POINT (-88.5891666666667 40.0311666666667),08f79b23-b965-4b79-8271-f362e5e7a446,USGS-05572000,4e84dbe6-c337-72f2-e053-0100007f9ca6,652,1978-06-21T06:00:00+00:00,Imported Channel 1,137,ft^3/s,,,,,,,,ft,Unspecified,Unspecified,Unspecified,Unspecified,Unspecified,Unknown,Unspecified,2026-07-10T00:05:20.378169+00:00,other_method,Unspecified
05572000,POINT (-88.5891666666667 40.0311666666667),09e7baeb-3ab2-4be0-bfd7-3c385b2e1fed,USGS-05572000,4e84ee3c-9481-7da7-e053-0100007ff28f,966,2015-03-25T14:04:01+00:00,MAIN,258,ft^3/s,87.8,ft,588,ft^2,0.44,ft/s,,ft,Soft,SiltMud,Even,Even,Uniform,Unknown,BridgeDownstreamSide,2026-07-10T00:05:20.378169+00:00,adcp,AtTheGage
05572000,POINT (-88.5891666666667 40.0311666666667),0a324ba7-6e57-453b-a339-b09589a497f4,USGS-05572000,4e84de44-59f3-750a-e053-0100007fd902,915,2007-12-13T16:11:00+00:00,Imported Channel 1,860,ft^3/s,99.2,ft,709,ft^2,1.21,ft/s,,ft,Unspecified,Unspecified,Unspecified,Unspecified,Unspecified,Unknown,Unspecified,2026-07-10T00:05:20.378169+00:00,adcp,Unspecified
05572000,POINT (-88.5891666666667 40.0311666666667),0a7babc5-e36f-4bde-ab7c-0f4680a67039,USGS-05572000,4e84d9d1-5c9d-729c-e053-0100007f6b39,720,1984-01-31T06:00:00+00:00,Imported Channel 1,155,ft^3/s,80.0,ft,462,ft^2,0.34,ft/s,,,Unspecified,Unspecified,Unspecified,Unspecified,Unspecified,Unknown,Ice,2026-07-10T00:05:20.378169+00:00,point_velocity,Unspecified
05572000,POINT (-88.5891666666667 40.0311666666667),0b25ab5f-73ba-483b-adc2-6ce3b9272d80,USGS-05572000,4e84f973-56b8-8458-e053-0100007f209c,933,2010-06-07T23:08:00+00:00,Imported Channel 1,569,ft^3/s,96.0,ft,582,ft^2,0.98,ft/s,,ft,Unspecified,Unspecified,Unspecified,Even,Unspecified,Unknown,BridgeDownstreamSide,2026-07-10T00:05:20.378169+00:00,adcp,Unspecified
05572000,POINT (-88.5891666666667 40.0311666666667),0b33052a-c8f6-42eb-bbd1-fa042e2c6019,USGS-05572000,4e84e449-defc-78b2-e053-0100007f74ce,847,1998-12-11T15:18:00+00:00,Imported Channel 1,10.0,ft^3/s,56.0,ft,104,ft^2,0.11,ft/s,,,Unspecified,Unspecified,Unspecified,Unspecified,Unspecified,Unknown,Wading,2026-07-10T00:05:20.378169+00:00,point_velocity,Unspecified
05572000,POINT (-88.5891666666667 40.0311666666667),0b88fdf7-0b41-4089-ace4-0736c8358193,USGS-05572000,2e7c26a8-2e75-42a4-a512-dd6b0ae9c54a,1035,2025-09-19T16:14:59+00:00,main,1.07,ft^3/s,13.5,ft,4.18,ft^2,0.26,ft/s,500.00,ft,Soft,Sand,Even,Even,Unspecified,Unspecified,Wading,2026-07-10T00:05:20.378169+00:00,point_velocity,Upstream
05572000,POINT (-88.5891666666667 40.0311666666667),0d32cf68-4ae9-4e75-bc90-72712334319b,USGS-05572000,4e84cf63-f95c-6c5b-e053-0100007f123d,705,1982-08-30T06:00:00+00:00,Imported Channel 1,23.0,ft^3/s,38.0,ft,68.2,ft^2,0.34,ft/s,,,Unspecified,Unspecified,Unspecified,Unspecified,Unspecified,Unknown,Wading,2026-07-10T00:05:20.378169+00:00,point_velocity,Unspecified
05572000,POINT (-88.5891666666667 40.0311666666667),0d46645f-ef70-44c2-8450-572171b8b89a,USGS-05572000,4e84d615-5c7a-6f19-e053-0100007f8826,789,1990-10-10T20:00:00+00:00,Imported Channel 1,1660,ft^3/s,150,ft,1030,ft^2,1.61,ft/s,,,Unspecified,Unspecified,Unspecified,Unspecified,Unspecified,Unknown,BridgeCrane,2026-07-10T00:05:20.378169+00:00,point_velocity,Unspecified
05572000,POINT (-88.5891666666667 40.0311666666667),0d5842b1-8de1-4e13-a38f-9d2828f0153d,USGS-05572000,4e84e813-b290-76b2-e053-0100007fe001,920,2008-07-30T13:11:00+00:00,Imported Channel 1,360,ft^3/s,94.3,ft,461,ft^2,0.78,ft/s,,ft,Unspecified,Unspecified,Unspecified,Unspecified,Unspecified,Unknown,Unspecified,2026-07-10T00:05:20.378169+00:00,adcp,Unspecified
05572000,POINT (-88.5891666666667 40.0311666666667),0d79abd8-5e73-4976-821d-8a5041927775,USGS-05572000,4e84e7a6-707e-7a8f-e053-0100007f5a34,908,2006-07-05T21:12:00+00:00,Imported Channel 1,44.0,ft^3/s,58.0,ft,61.9,ft^2,0.71,ft/s,,,Unspecified,Unspecified,Unspecified,Unspecified,Unspecified,Unknown,Wading,2026-07-10T00:05:20.378169+00:00,point_velocity,Unspecified
05572000,POINT (-88.5891666666667 40.0311666666667),0d91871f-e70f-42e8-901a-5e4b68c52968,USGS-05572000,e756b2ee-b33b-42f5-8cfc-96d037d1d525,1001,2021-05-10T19:43:56+00:00,main,1350,ft^3/s,174,ft,1000,ft^2,1.34,ft/s,0.00,ft,Firm,SiltMud,Even,Unspecified,Unspecified,Unspecified,BridgeDownstreamSide,2026-07-10T00:05:20.378169+00:00,adcp,AtTheGage
05572000,POINT (-88.5891666666667 40.0311666666667),0ecf834b-81be-45dd-a3ed-f40119faf48c,USGS-05572000,4e84deb8-f9c6-74e6-e053-0100007f8872,781,1989-10-30T17:10:00+00:00,Imported Channel 1,23.8,ft^3/s,58.0,ft,65.2,ft^2,0.36,ft/s,,,Unspecified,Unspecified,Unspecified,Unspecified,Unspecified,Unknown,Wading,2026-07-10T00:05:20.378169+00:00,point_velocity,Unspecified
05572000,POINT (-88.5891666666667 40.0311666666667),0f1e0daf-d4f0-47db-8b4b-bb10ccbfea8f,USGS-05572000,4e84d615-5c7f-6f19-e053-0100007f8826,822,1995-10-06T21:15:00+00:00,Imported Channel 1,11.4,ft^3/s,25.0,ft,32.3,ft^2,0.35,ft/s,,,Unspecified,Unspecified,Unspecified,Unspecified,Unspecified,Unknown,Wading,2026-07-10T00:05:20.378169+00:00,point_velocity,Unspecified
05572000,POINT (-88.5891666666667 40.0311666666667),0f58fbac-032c-4328-b3bd-3feabbab53c3,USGS-05572000,e03046db-c03d-49d8-9044-a41275b33c91,1005,2021-12-17T15:26:13+00:00,MAIN,324,ft^3/s,99.5,ft,434,ft^2,0.75,ft/s,0.00,ft,Soft,SiltMud,Even,Even,Unspecified,Steady,BridgeDownstreamSide,2026-07-10T00:05:20.378169+00:00,adcp,AtTheGage
05572000,POINT (-88.5891666666667 40.0311666666667),0f88e6ed-4768-4f4d-981f-d2c008f5e112,USGS-05572000,4e84c70a-d774-67c7-e053-0100007f7057,582,1973-01-24T06:00:00+00:00,Imported Channel 1,673,ft^3/s,,,,,,,,ft,Unspecified,Unspecified,Unspecified,Unspecified,Unspecified,Unknown,Unspecified,2026-07-10T00:05:20.378169+00:00,other_method,Unspecified
05572000,POINT (-88.5891666666667 40.0311666666667),0fb6a544-f07d-453d-89c0-f10d39c20cb6,USGS-05572000,4e84da24-b673-72a4-e053-0100007f1707,874,2002-12-03T19:18:00+00:00,Imported Channel 1,30.2,ft^3/s,56.1,ft,96.7,ft^2,0.33,ft/s,,,Unspecified,Unspecified,Unspecified,Unspecified,Unspecified,Unknown,Wading,2026-07-10T00:05:20.378169+00:00,point_velocity,Unspecified
05572000,POINT (-88.5891666666667 40.0311666666667),1035e0e4-1601-4f91-8745-260d28e0ed1a,USGS-05572000,4e84d266-5082-6ddd-e053-0100007f4f89,641,1977-08-09T06:00:00+00:00,Imported Channel 1,4060,ft^3/s,,,,,,,,ft,Unspecified,Unspecified,Unspecified,Unspecified,Unspecified,Unknown,Unspecified,2026-07-10T00:05:20.378169+00:00,other_method,Unspecified
05572000,POINT (-88.5891666666667 40.0311666666667),108633ff-4e15-45c7-8967-8d636c4d90b3,USGS-05572000,a793c31c-e91d-4ccb-a8e2-5a0309d3fd23,1025,2024-09-06T15:41:03+00:00,Sangamon Monti Right,13.8,ft^3/s,34.3,ft,92.9,ft^2,0.15,ft/s,0.00,ft,Soft,Sand,Even,Even,Standard,Steady,BridgeDownstreamSide,2026-07-10T00:05:20.378169+00:00,adcp,AtTheGage
05572000,POINT (-88.5891666666667 40.0311666666667),108fe774-fd70-44a2-b916-78a66c8c30b1,USGS-05572000,4e84f344-56ca-80a8-e053-0100007f125d,858,2000-05-15T14:05:00+00:00,Imported Channel 1,186,ft^3/s,85.0,ft,2280,ft^2,0.68,ft/s,,,Unspecified,Unspecified,Unspecified,Unspecified,Unspecified,Unknown,BridgeCrane,2026-07-10T00:05:20.378169+00:00,point_velocity,Unspecified
05572000,POINT (-88.5891666666667 40.0311666666667),11168d5b-b2ed-4cc2-8752-8ac9a7acb887,USGS-05572000,7ab72ca0-128e-5de1-e053-0100007ffa40,986,2018-10-24T19:13:56+00:00,Main,91.8,ft^3/s,67.0,ft,120,ft^2,0.76,ft/s,2000.00,ft,Firm,Sand,Uneven,Unspecified,Standard,Steady,Wading,2026-07-10T00:05:20.378169+00:00,point_velocity,Upstream
05572000,POINT (-88.5891666666667 40.0311666666667),123de0ec-c30b-400a-9c55-e5bcf19571fb,USGS-05572000,4e84d590-6d9b-6e34-e053-0100007fe7d0,694,1981-09-29T06:00:00+00:00,Imported Channel 1,532,ft^3/s,100,ft,676,ft^2,0.79,ft/s,,,Unspecified,Unspecified,Unspecified,Unspecified,Unspecified,Unknown,BridgeCrane,2026-07-10T00:05:20.378169+00:00,point_velocity,Unspecified
05572000,POINT (-88.5891666666667 40.0311666666667),12531a45-dd89-402a-accd-a4da6e204492,USGS-05572000,4e84cfb8-1d1f-6c8c-e053-0100007ff928,755,1987-12-29T06:00:00+00:00,Imported Channel 1,228,ft^3/s,84.0,ft,433,ft^2,0.53,ft/s,,,Unspecified,Unspecified,Unspecified,Unspecified,Unspecified,Unknown,BridgeCrane,2026-07-10T00:05:20.378169+00:00,point_velocity,Unspecified
05572000,POINT (-88.5891666666667 40.0311666666667),12e3fcf0-2a53-4766-a137-fe14a7ae1343,USGS-05572000,4e84d534-ba51-6fff-e053-0100007f8d8b,564,1971-08-23T06:00:00+00:00,Imported Channel 1,44.1,ft^3/s,,,,,,,,ft,Unspecified,Unspecified,Unspecified,Unspecified,Unspecified,Unknown,Unspecified,2026-07-10T00:05:20.378169+00:00,other_method,Unspecified
05572000,POINT (-88.5891666666667 40.0311666666667),1344306f-1002-425e-b8a9-489e3eb2af80,USGS-05572000,4e84d90d-eabe-7228-e053-0100007f77e7,870,2002-03-13T06:00:00+00:00,Imported Channel 1,2190,ft^3/s,405,ft,,,0.93,ft/s,,,Unspecified,Unspecified,Unspecified,Unspecified,Unspecified,Unknown,BridgeCrane,2026-07-10T00:05:20.378169+00:00,point_velocity,Unspecified
05572000,POINT (-88.5891666666667 40.0311666666667),1344c2ba-9e8d-4b45-bd91-2a46863b3858,USGS-05572000,4e84e156-9651-76d8-e053-0100007fc298,938,2011-02-17T18:44:00+00:00,Imported Channel 1,1080,ft^3/s,103,ft,802,ft^2,1.35,ft/s,,ft,Soft,SiltMud,Even,Even,Uniform,Unknown,BridgeDownstreamSide,2026-07-10T00:05:20.378169+00:00,adcp,AtTheGage
05572000,POINT (-88.5891666666667 40.0311666666667),135994dc-e4a8-44a1-aef2-becf7309a482,USGS-05572000,4e84e668-a56c-7896-e053-0100007f3dec,925,2009-03-17T19:58:00+00:00,Imported Channel 1,1060,ft^3/s,133,ft,843,ft^2,1.25,ft/s,,ft,Soft,SiltMud,Uneven,Even,Unspecified,Unknown,BridgeDownstreamSide,2026-07-10T00:05:20.378169+00:00,adcp,AtTheGage
05572000,POINT (-88.5891666666667 40.0311666666667),135f77d8-8540-4f3b-89ac-6e7776e24fbf,USGS-05572000,c71165f0-5d6d-4dbd-8e05-36448f244d29,993,2020-01-27T16:28:16+00:00,Main,702,ft^3/s,105,ft,702,ft^2,1.00,ft/s,0.00,ft,Firm,SiltMud,Even,Unspecified,Unspecified,Unspecified,BridgeDownstreamSide,2026-07-10T00:05:20.378169+00:00,adcp,AtTheGage
05572000,POINT (-88.5891666666667 40.0311666666667),1518a34d-ed8d-4d3b-96e6-38bbbd66017e,USGS-05572000,4e84f028-e928-7db5-e053-0100007fe7f7,888,2004-02-17T16:20:00+00:00,Imported Channel 1,150,ft^3/s,90.0,ft,503,ft^2,0.26,ft/s,,ft,Unspecified,Unspecified,Unspecified,Unspecified,Unspecified,Unknown,Unspecified,2026-07-10T00:05:20.378169+00:00,adcp,Unspecified
05572000,POINT (-88.5891666666667 40.0311666666667),152f819f-afe4-4540-9f27-e434b5e60e36,USGS-05572000,4e84fa92-237a-8589-e053-0100007f0f51,932,2010-03-29T20:57:00+00:00,Imported Channel 1,1500,ft^3/s,140,ft,966,ft^2,1.56,ft/s,,ft,Unspecified,Unspecified,Unspecified,Uneven,Unspecified,Unknown,BridgeDownstreamSide,2026-07-10T00:05:20.378169+00:00,adcp,AtTheGage
05572000,POINT (-88.5891666666667 40.0311666666667),1543fadd-02ee-44ca-9cb5-6829a3a21d8e,USGS-05572000,4e84df01-d0ba-750c-e053-0100007f7f05,807,1993-06-15T14:22:00+00:00,Imported Channel 1,514,ft^3/s,92.0,ft,555,ft^2,0.93,ft/s,,,Unspecified,Unspecified,Unspecified,Unspecified,Unspecified,Unknown,BridgeCrane,2026-07-10T00:05:20.378169+00:00,point_velocity,Unspecified
05572000,POINT (-88.5891666666667 40.0311666666667),1552a0af-3874-4500-8c6b-f01a02353710,USGS-05572000,4e84e82c-cd20-7a98-e053-0100007f5236,969,2015-11-02T20:23:30+00:00,MAIN,54.0,ft^3/s,79.0,ft,152,ft^2,0.36,ft/s,2000.00,ft,Soft,SiltMud,Even,Even,Uniform,Unknown,Wading,2026-07-10T00:05:20.378169+00:00,point_velocity,Upstream
05572000,POINT (-88.5891666666667 40.0311666666667),1582d20c-17fc-41ca-96e6-0cb253bcdfa6,USGS-05572000,4e84e156-9629-76d8-e053-0100007fc298,818,1995-05-15T23:30:00+00:00,Imported Channel 1,1840,ft^3/s,160,ft,1300,ft^2,1.42,ft/s,,,Unspecified,Unspecified,Unspecified,Unspecified,Unspecified,Unknown,Boat,2026-07-10T00:05:20.378169+00:00,point_velocity,Unspecified
05572000,POINT (-88.5891666666667 40.0311666666667),15a4b170-e53e-4f93-83ab-808cd5837cb4,USGS-05572000,4e84c796-664d-682d-e053-0100007fba01,644,1977-09-29T06:00:00+00:00,Imported Channel 1,447,ft^3/s,,,,,,,,ft,Unspecified,Unspecified,Unspecified,Unspecified,Unspecified,Unknown,Unspecified,2026-07-10T00:05:20.378169+00:00,other_method,Unspecified
05572000,POINT (-88.5891666666667 40.0311666666667),1690738a-b86b-4af2-bfae-983c3dcc08bd,USGS-05572000,4e84dca1-f731-73d6-e053-0100007ffb2f,727,1984-08-31T06:00:00+00:00,Imported Channel 1,7.20,ft^3/s,46.0,ft,26.5,ft^2,0.38,ft/s,,,Unspecified,Unspecified,Unspecified,Unspecified,Unspecified,Unknown,Wading,2026-07-10T00:05:20.378169+00:00,point_velocity,Unspecified
05572000,POINT (-88.5891666666667 40.0311666666667),16a6f9c6-59fd-40c6-9049-714397858ff6,USGS-05572000,99c3fd38-24b7-4b51-afd1-1ba880ed4d77,997,2020-12-03T19:58:17+00:00,MAIN,15.0,ft^3/s,48.9,ft,34.9,ft^2,0.43,ft/s,1000.00,ft,Unspecified,Unspecified,Unspecified,Unspecified,Unspecified,Unspecified,Wading,2026-07-10T00:05:20.378169+00:00,point_velocity,Upstream
05572000,POINT (-88.5891666666667 40.0311666666667),16f56fd3-6043-4af7-a63d-a8b801cecb87,USGS-05572000,4e84cf0f-e2e5-6c68-e053-0100007f5fa1,656,1978-10-26T06:00:00+00:00,Imported Channel 1,15.7,ft^3/s,,,,,,,,ft,Unspecified,Unspecified,Unspecified,Unspecified,Unspecified,Unknown,Unspecified,2026-07-10T00:05:20.378169+00:00,other_method,Unspecified
05572000,POINT (-88.5891666666667 40.0311666666667),17885620-dca6-4663-ba7d-11a39b8e2b6a,USGS-05572000,4e84deb8-f9dc-74e6-e053-0100007f8872,824,1996-01-02T17:05:00+00:00,Imported Channel 1,58.5,ft^3/s,64.0,ft,91.2,ft^2,0.66,ft/s,,,Unspecified,Unspecified,Unspecified,Unspecified,Unspecified,Unknown,Wading,2026-07-10T00:05:20.378169+00:00,point_velocity,Unspecified
05572000,POINT (-88.5891666666667 40.0311666666667),17b2d911-722a-45fa-b78d-9350e4451024,USGS-05572000,4e84ec86-cb01-7d4c-e053-0100007fbc2d,835,1997-05-09T16:35:00+00:00,Imported Channel 1,332,ft^3/s,90.0,ft,378,ft^2,0.88,ft/s,,,Unspecified,Unspecified,Unspecified,Unspecified,Unspecified,Unknown,BridgeCrane,2026-07-10T00:05:20.378169+00:00,point_velocity,Unspecified
05572000,POINT (-88.5891666666667 40.0311666666667),18fc3c2b-53c5-488c-a7ab-903013389af3,USGS-05572000,4e84ddf3-b615-7510-e053-0100007fe2f1,894,2004-04-19T15:28:00+00:00,Imported Channel 1,346,ft^3/s,95.0,ft,416,ft^2,0.83,ft/s,,ft,Unspecified,Unspecified,Unspecified,Unspecified,Unspecified,Unknown,Unspecified,2026-07-10T00:05:20.378169+00:00,adcp,Unspecified
05572000,POINT (-88.5891666666667 40.0311666666667),1917e54d-a275-496a-96a8-c7d94af56dea,USGS-05572000,514792ef-d54b-4dcc-90dc-436e94bd793b,998,2021-01-26T17:57:05+00:00,Main,27.1,ft^3/s,80.7,ft,60.5,ft^2,0.45,ft/s,1500.00,ft,Soft,Sand,Uneven,Even,Unknown,Steady,Wading,2026-07-10T00:05:20.378169+00:00,point_velocity,Upstream
05572000,POINT (-88.5891666666667 40.0311666666667),19e2f1cd-719c-4fa6-8378-7480d4f2f301,USGS-05572000,4e84ecb7-5c2c-7cf4-e053-0100007f70bd,971,2016-03-30T14:41:45+00:00,Main,381,ft^3/s,94.9,ft,519,ft^2,0.73,ft/s,,ft,Unspecified,Unspecified,Unspecified,Even,Unspecified,Unknown,BridgeDownstreamSide,2026-07-10T00:05:20.378169+00:00,adcp,AtTheGage
05572000,POINT (-88.5891666666667 40.0311666666667),1c2e965f-7bf9-4d13-87c0-91a50d4b0c59,USGS-05572000,d19d5a36-130c-4a4e-b4ce-de6b390ccfac,1013,2023-03-09T16:07:05+00:00,MAIN,1430,ft^3/s,367,ft,1260,ft^2,1.13,ft/s,0.00,ft,Unspecified,Unspecified,Unspecified,Unspecified,Unspecified,Unspecified,Cableway,2026-07-10T00:05:20.378169+00:00,adcp,AtTheGage
05572000,POINT (-88.5891666666667 40.0311666666667),1c825673-0546-46a1-8311-af9e031b9395,USGS-05572000,4e84d93e-ec0e-7224-e053-0100007f080e,774,1989-03-31T16:55:00+00:00,Imported Channel 1,267,ft^3/s,87.0,ft,391,ft^2,0.68,ft/s,,,Unspecified,Unspecified,Unspecified,Unspecified,Unspecified,Unknown,BridgeCrane,2026-07-10T00:05:20.378169+00:00,point_velocity,Unspecified
05572000,POINT (-88.5891666666667 40.0311666666667),1c99e5bb-5835-4a1f-8e9b-1062b00f5363,USGS-05572000,4e84dc74-0c42-7328-e053-0100007f94fc,619,1975-12-29T06:00:00+00:00,Imported Channel 1,266,ft^3/s,,,,,,,,ft,Unspecified,Unspecified,Unspecified,Unspecified,Unspecified,Unknown,Unspecified,2026-07-10T00:05:20.378169+00:00,other_method,Unspecified
05572000,POINT (-88.5891666666667 40.0311666666667),1d0d00bf-51fa-4f4a-bbad-0494c01c3905,USGS-05572000,4e84e296-5417-73d8-e053-0100007f7524,929,2009-08-31T16:15:00+00:00,Imported Channel 1,1300,ft^3/s,112,ft,868,ft^2,1.49,ft/s,,ft,Soft,SiltMud,Even,Unspecified,Unspecified,Unknown,BridgeDownstreamSide,2026-07-10T00:05:20.378169+00:00,adcp,AtTheGage
05572000,POINT (-88.5891666666667 40.0311666666667),1d343d35-38dd-49c4-a9ea-1ff9ab97760d,USGS-05572000,4e84f992-52fd-845b-e053-0100007f986f,955,2013-06-04T20:15:28+00:00,MAIN,2290,ft^3/s,344,ft,1610,ft^2,1.43,ft/s,,ft,Soft,SiltMud,Even,Even,Uniform,Unknown,BridgeDownstreamSide,2026-07-10T00:05:20.378169+00:00,adcp,AtTheGage
05572000,POINT (-88.5891666666667 40.0311666666667),1d37d94f-a083-42ce-ab86-84ad9c3cb49d,USGS-05572000,4e84e573-1fb0-789c-e053-0100007f9e3c,926,2009-05-26T19:23:00+00:00,Imported Channel 1,632,ft^3/s,99.3,ft,607,ft^2,1.04,ft/s,,ft,Soft,SiltMud,Even,Even,Unspecified,Unknown,BridgeDownstreamSide,2026-07-10T00:05:20.378169+00:00,adcp,AtTheGage
05572000,POINT (-88.5891666666667 40.0311666666667),1d6239b2-84d5-409c-926e-4803899cd02b,USGS-05572000,4e84ee4f-f684-7e51-e053-0100007fd14a,928,2009-08-21T18:01:00+00:00,Imported Channel 1,91.8,ft^3/s,84.0,ft,488,ft^2,0.19,ft/s,,ft,Soft,SiltMud,Even,Unspecified,Unspecified,Unknown,Wading,2026-07-10T00:05:20.378169+00:00,adcp,AtTheGage
05572000,POINT (-88.5891666666667 40.0311666666667),1dc72fff-7517-42c4-a5d4-0f6777b7fc37,USGS-05572000,4e84cb64-4e01-697e-e053-0100007fc05a,683,1980-10-29T06:00:00+00:00,Imported Channel 1,9.39,ft^3/s,29.0,ft,35.2,ft^2,0.43,ft/s,,,Unspecified,Unspecified,Unspecified,Unspecified,Unspecified,Unknown,Wading,2026-07-10T00:05:20.378169+00:00,point_velocity,Unspecified
05572000,POINT (-88.5891666666667 40.0311666666667),1e9f21b0-5968-4df1-9cce-4b5588a8a64d,USGS-05572000,4e84d308-d504-6e42-e053-0100007f7e42,613,1975-06-24T06:00:00+00:00,Imported Channel 1,290,ft^3/s,,,,,,,,ft,Unspecified,Unspecified,Unspecified,Unspecified,Unspecified,Unknown,Unspecified,2026-07-10T00:05:20.378169+00:00,other_method,Unspecified
05572000,POINT (-88.5891666666667 40.0311666666667),1f173276-5262-4c8f-93d5-19332b709d54,USGS-05572000,4e84d60b-3dc1-7015-e053-0100007fb605,751,1986-07-30T06:00:00+00:00,Imported Channel 1,72.4,ft^3/s,75.0,ft,334,ft^2,0.22,ft/s,,,Unspecified,Unspecified,Unspecified,Unspecified,Unspecified,Unknown,BridgeCrane,2026-07-10T00:05:20.378169+00:00,point_velocity,Unspecified
05572000,POINT (-88.5891666666667 40.0311666666667),208f46d4-df09-4d1e-b9f4-47e68896c137,USGS-05572000,4e84e07a-d5ee-7612-e053-0100007fe1c4,717,1983-09-30T06:00:00+00:00,Imported Channel 1,2.90,ft^3/s,48.0,ft,47.9,ft^2,0.14,ft/s,,,Unspecified,Unspecified,Unspecified,Unspecified,Unspecified,Unknown,Wading,2026-07-10T00:05:20.378169+00:00,point_velocity,Unspecified
05572000,POINT (-88.5891666666667 40.0311666666667),2093fa4a-1081-4734-8b2f-1c21d7e4884e,USGS-05572000,4e84cb64-4e03-697e-e053-0100007fc05a,685,1980-12-31T06:00:00+00:00,Imported Channel 1,39.2,ft^3/s,38.0,ft,51.6,ft^2,0.79,ft/s,,,Unspecified,Unspecified,Unspecified,Unspecified,Unspecified,Unknown,Wading,2026-07-10T00:05:20.378169+00:00,point_velocity,Unspecified
05572000,POINT (-88.5891666666667 40.0311666666667),21131ef3-add3-4711-9aa8-027ce1a0673d,USGS-05572000,4e84cb1f-78c6-69be-e053-0100007f34d2,679,1980-06-27T06:00:00+00:00,Imported Channel 1,208,ft^3/s,,,,,,,,ft,Unspecified,Unspecified,Unspecified,Unspecified,Unspecified,Unknown,Unspecified,2026-07-10T00:05:20.378169+00:00,other_method,Unspecified
05572000,POINT (-88.5891666666667 40.0311666666667),2144f349-4849-4bc7-9e1a-9f64eff407b1,USGS-05572000,4e84c559-c1f4-665d-e053-0100007fa715,671,1979-11-28T06:00:00+00:00,Imported Channel 1,50.2,ft^3/s,,,,,,,,ft,Unspecified,Unspecified,Unspecified,Unspecified,Unspecified,Unknown,Unspecified,2026-07-10T00:05:20.378169+00:00,other_method,Unspecified
05572000,POINT (-88.5891666666667 40.0311666666667),214789d1-ebb3-4314-b4bb-eadd21cce8f7,USGS-05572000,4e84e1a8-c85a-76ae-e053-0100007fae01,746,1986-02-28T06:00:00+00:00,Imported Channel 1,308,ft^3/s,,,,,,,,ft,Unspecified,Unspecified,Unspecified,Unspecified,Unspecified,Unknown,Unspecified,2026-07-10T00:05:20.378169+00:00,other_method,Unspecified
05572000,POINT (-88.5891666666667 40.0311666666667),21811cf0-0cbd-4cab-8e1c-139e445752f3,USGS-05572000,4e84d8f0-c0b4-724a-e053-0100007fadac,762,1988-03-01T17:30:00+00:00,Imported Channel 1,311,ft^3/s,91.0,ft,456,ft^2,0.68,ft/s,,,Unspecified,Unspecified,Unspecified,Unspecified,Unspecified,Unknown,BridgeCrane,2026-07-10T00:05:20.378169+00:00,point_velocity,Unspecified
05572000,POINT (-88.5891666666667 40.0311666666667),21970317-6f11-411e-b862-fbbc266db3ab,USGS-05572000,4e84c493-9741-661f-e053-0100007f923e,660,1979-02-08T06:00:00+00:00,Imported Channel 1,24.8,ft^3/s,,,,,,,,ft,Unspecified,Unspecified,Unspecified,Unspecified,Unspecified,Unknown,Unspecified,2026-07-10T00:05:20.378169+00:00,other_method,Unspecified
05572000,POINT (-88.5891666666667 40.0311666666667),21faee40-65ba-48d6-83f6-654b3c00fac7,USGS-05572000,4e84dc93-372c-73da-e053-0100007f7e75,631,1976-12-28T06:00:00+00:00,Imported Channel 1,3.88,ft^3/s,,,,,,,,ft,Unspecified,Unspecified,Unspecified,Unspecified,Unspecified,Unknown,Unspecified,2026-07-10T00:05:20.378169+00:00,other_method,Unspecified
05572000,POINT (-88.5891666666667 40.0311666666667),22216286-5fc4-43a4-b94d-c6ae42d9143a,USGS-05572000,4e84cef2-fb18-6bc4-e053-0100007f3b67,813,1994-07-26T16:50:00+00:00,Imported Channel 1,39.2,ft^3/s,58.0,ft,71.0,ft^2,0.55,ft/s,,,Unspecified,Unspecified,Unspecified,Unspecified,Unspecified,Unknown,Wading,2026-07-10T00:05:20.378169+00:00,point_velocity,Unspecified
05572000,POINT (-88.5891666666667 40.0311666666667),2226f206-c9bf-4f1b-8a25-4223109500c5,USGS-05572000,4e84c583-af8e-668b-e053-0100007fccd4,710,1983-01-31T06:00:00+00:00,Imported Channel 1,172,ft^3/s,85.5,ft,400,ft^2,0.43,ft/s,,,Unspecified,Unspecified,Unspecified,Unspecified,Unspecified,Unknown,BridgeCrane,2026-07-10T00:05:20.378169+00:00,point_velocity,Unspecified
05572000,POINT (-88.5891666666667 40.0311666666667),22cc414e-0924-4eee-bdd9-40d5626af3d3,USGS-05572000,e3afec3e-d92f-4f6b-bdc7-69f8ac5e5d6a,1022,2024-04-04T21:57:12+00:00,Sangamon Monti,1070,ft^3/s,111,ft,744,ft^2,1.43,ft/s,30.00,ft,Firm,Sand,Even,Even,NonStandard,Steady,BridgeUpstreamSide,2026-07-10T00:05:20.378169+00:00,adcp,Upstream
05572000,POINT (-88.5891666666667 40.0311666666667),25a0362b-343d-43b4-b0b1-8014f7ab347d,USGS-05572000,4e84da41-ba6c-72b8-e053-0100007fd5f5,704,1982-07-29T06:00:00+00:00,Imported Channel 1,69.4,ft^3/s,73.0,ft,99.0,ft^2,0.70,ft/s,,,Unspecified,Unspecified,Unspecified,Unspecified,Unspecified,Unknown,Wading,2026-07-10T00:05:20.378169+00:00,point_velocity,Unspecified
05572000,POINT (-88.5891666666667 40.0311666666667),25c0726e-113c-4611-835e-0311339dec90,USGS-05572000,4e84d29a-bc4c-6d96-e053-0100007f24b5,803,1992-12-14T17:25:00+00:00,Imported Channel 1,310,ft^3/s,87.0,ft,470,ft^2,0.67,ft/s,,,Unspecified,Unspecified,Unspecified,Unspecified,Unspecified,Unknown,BridgeCrane,2026-07-10T00:05:20.378169+00:00,point_velocity,Unspecified
05572000,POINT (-88.5891666666667 40.0311666666667),260e0740-aa46-4a00-b54e-0dde1927d610,USGS-05572000,4e84e7a6-706e-7a8f-e053-0100007f5a34,805,1993-01-29T20:40:00+00:00,Imported Channel 1,1240,ft^3/s,145,ft,929,ft^2,1.33,ft/s,,,Unspecified,Unspecified,Unspecified,Unspecified,Unspecified,Unknown,BridgeCrane,2026-07-10T00:05:20.378169+00:00,point_velocity,Unspecified
05572000,POINT (-88.5891666666667 40.0311666666667),26cd0b99-d780-45b5-a28e-6f72970043d3,USGS-05572000,4e84d5c1-81b7-7072-e053-0100007f27e4,648,1978-02-23T06:00:00+00:00,Imported Channel 1,74.1,ft^3/s,,,,,,,,ft,Unspecified,Unspecified,Unspecified,Unspecified,Unspecified,Unknown,Unspecified,2026-07-10T00:05:20.378169+00:00,other_method,Unspecified
05572000,POINT (-88.5891666666667 40.0311666666667),26f50e9b-59f3-49a5-88a5-861c9d38651b,USGS-05572000,4e84fdc8-a295-86d9-e053-0100007f8d8f,949,2012-08-16T14:10:00+00:00,Imported Channel 1,0.00,ft^3/s,,,,,,,,ft,Unspecified,Unspecified,Unspecified,Unspecified,Unspecified,Unknown,Unspecified,2026-07-10T00:05:20.378169+00:00,other_method,Unspecified
05572000,POINT (-88.5891666666667 40.0311666666667),274c6136-a3c9-485f-98fe-fac5b8a03f46,USGS-05572000,4e84e0b8-0d5d-7684-e053-0100007f370e,741,1985-10-31T06:00:00+00:00,Imported Channel 1,264,ft^3/s,88.0,ft,478,ft^2,0.55,ft/s,,,Unspecified,Unspecified,Unspecified,Unspecified,Unspecified,Unknown,BridgeCrane,2026-07-10T00:05:20.378169+00:00,point_velocity,Unspecified
05572000,POINT (-88.5891666666667 40.0311666666667),27800c61-8cd4-4f4f-9df4-3dff50ed30f4,USGS-05572000,4e84c81e-c96c-6849-e053-0100007f8aa5,707,1982-10-29T06:00:00+00:00,Imported Channel 1,10.3,ft^3/s,38.0,ft,59.5,ft^2,0.17,ft/s,,,Unspecified,Unspecified,Unspecified,Unspecified,Unspecified,Unknown,Wading,2026-07-10T00:05:20.378169+00:00,point_velocity,Unspecified
05572000,POINT (-88.5891666666667 40.0311666666667),2a280282-a401-4cf1-b1a8-5586d364c69e,USGS-05572000,02ad9588-1174-4e33-9651-d9d9620f08ff,1037,2026-01-22T17:54:31+00:00,MAIN,3.18,ft^3/s,16.2,ft,6.41,ft^2,0.50,ft/s,500.00,ft,Soft,Gravel,Uneven,Unspecified,Uniform,Steady,Wading,2026-07-10T00:05:20.378169+00:00,point_velocity,Upstream
05572000,POINT (-88.5891666666667 40.0311666666667),2a555901-ed02-4193-90e5-e4e4677c1032,USGS-05572000,4e84fcfd-4c67-8687-e053-0100007f5d68,943,2011-12-12T19:40:58+00:00,Channel 1,11.7,ft^3/s,46.0,ft,31.2,ft^2,0.37,ft/s,400.00,ft,Firm,Sand,Even,Even,Uniform,Unknown,Wading,2026-07-10T00:05:20.378169+00:00,point_velocity,Upstream
05572000,POINT (-88.5891666666667 40.0311666666667),2ab6acc2-f360-405f-a044-692408f075eb,USGS-05572000,4e84da36-a2bb-7304-e053-0100007ffc1d,709,1982-12-28T06:00:00+00:00,Imported Channel 1,1380,ft^3/s,133,ft,977,ft^2,1.41,ft/s,,,Unspecified,Unspecified,Unspecified,Unspecified,Unspecified,Unknown,BridgeCrane,2026-07-10T00:05:20.378169+00:00,point_velocity,Unspecified
05572000,POINT (-88.5891666666667 40.0311666666667),2b713d79-ae0b-4fa9-9700-5ca80e17f3d3,USGS-05572000,4e84fe48-2e13-8689-e053-0100007f0be9,945,2012-04-03T18:31:12+00:00,Channel 1,68.1,ft^3/s,112,ft,103,ft^2,0.66,ft/s,400.00,ft,Soft,SiltMud,Even,Even,Uniform,Unknown,Wading,2026-07-10T00:05:20.378169+00:00,point_velocity,Upstream
05572000,POINT (-88.5891666666667 40.0311666666667),2c65742d-054e-4b47-9dfc-3469c5de68db,USGS-05572000,4e84e4e7-b030-7874-e053-0100007fb3e4,812,1994-06-22T20:20:00+00:00,Imported Channel 1,131,ft^3/s,62.5,ft,136,ft^2,0.96,ft/s,,,Unspecified,Unspecified,Unspecified,Unspecified,Unspecified,Unknown,Wading,2026-07-10T00:05:20.378169+00:00,point_velocity,Unspecified
05572000,POINT (-88.5891666666667 40.0311666666667),2cbf6a13-bd15-4038-a7b0-4a4518b0c73b,USGS-05572000,4e84cf6a-e11b-6c52-e053-0100007fcf2c,658,1978-12-20T06:00:00+00:00,Imported Channel 1,33.8,ft^3/s,,,,,,,,ft,Unspecified,Unspecified,Unspecified,Unspecified,Unspecified,Unknown,Unspecified,2026-07-10T00:05:20.378169+00:00,other_method,Unspecified
05572000,POINT (-88.5891666666667 40.0311666666667),2cd8939f-a7ed-4bda-953e-5ab3251fa01e,USGS-05572000,a793c31c-e91d-4ccb-a8e2-5a0309d3fd23,1025,2024-09-06T15:41:03+00:00,Sangamon Monti Left,4.60,ft^3/s,41.5,ft,39.4,ft^2,0.12,ft/s,0.00,ft,Soft,Sand,Even,Even,NonStandard,Steady,Wading,2026-07-10T00:05:20.378169+00:00,point_velocity,AtTheGage
05572000,POINT (-88.5891666666667 40.0311666666667),2d12125c-f0a1-438a-bbf5-36f4fabac66d,USGS-05572000,4e84c559-c1dd-665d-e053-0100007fa715,592,1973-09-25T06:00:00+00:00,Imported Channel 1,30.3,ft^3/s,,,,,,,,ft,Unspecified,Unspecified,Unspecified,Unspecified,Unspecified,Unknown,Unspecified,2026-07-10T00:05:20.378169+00:00,other_method,Unspecified
05572000,POINT (-88.5891666666667 40.0311666666667),2d733fa2-e1f5-4cc2-a23b-1d207a29b2de,USGS-05572000,4e84c47b-91a1-6619-e053-0100007f1488,565,1971-09-20T06:00:00+00:00,Imported Channel 1,42.9,ft^3/s,,,,,,,,ft,Unspecified,Unspecified,Unspecified,Unspecified,Unspecified,Unknown,Unspecified,2026-07-10T00:05:20.378169+00:00,other_method,Unspecified
05572000,POINT (-88.5891666666667 40.0311666666667),2df4223d-ac22-4d21-909e-1b0c67e25068,USGS-05572000,4e84ed64-629a-7cf8-e053-0100007f04e6,964,2014-10-10T18:15:37+00:00,MAIN,410,ft^3/s,98.2,ft,605,ft^2,0.68,ft/s,,ft,Soft,SiltMud,Even,Even,Uniform,Unknown,BridgeDownstreamSide,2026-07-10T00:05:20.378169+00:00,adcp,AtTheGage
05572000,POINT (-88.5891666666667 40.0311666666667),2e233351-135f-413f-803e-208305f160bc,USGS-05572000,4e84b5a6-cbce-5cef-e053-0100007fcf15,668,1979-08-30T06:00:00+00:00,Imported Channel 1,198,ft^3/s,,,,,,,,ft,Unspecified,Unspecified,Unspecified,Unspecified,Unspecified,Unknown,Unspecified,2026-07-10T00:05:20.378169+00:00,other_method,Unspecified
05572000,POINT (-88.5891666666667 40.0311666666667),2fad266d-fa06-4310-a870-2c68473ed83d,USGS-05572000,4e84e0df-f351-76a0-e053-0100007f17ca,872,2002-08-07T15:33:00+00:00,Imported Channel 1,20.7,ft^3/s,70.0,ft,29.8,ft^2,0.79,ft/s,,,Unspecified,Unspecified,Unspecified,Unspecified,Unspecified,Unknown,Wading,2026-07-10T00:05:20.378169+00:00,point_velocity,Unspecified
05572000,POINT (-88.5891666666667 40.0311666666667),31b4b0e1-eeb6-4f2c-b45c-d368b06100fa,USGS-05572000,4e84ed64-6272-7cf8-e053-0100007f04e6,869,2002-01-29T14:43:00+00:00,Imported Channel 1,88.3,ft^3/s,89.0,ft,179,ft^2,0.49,ft/s,,,Unspecified,Unspecified,Unspecified,Unspecified,Unspecified,Unknown,Wading,2026-07-10T00:05:20.378169+00:00,point_velocity,Unspecified
05572000,POINT (-88.5891666666667 40.0311666666667),3268a33c-b201-49a5-a18d-1ad8a85c1737,USGS-05572000,4e84cb73-d23b-6a20-e053-0100007f06ca,624,1976-05-26T06:00:00+00:00,Imported Channel 1,112,ft^3/s,,,,,,,,ft,Unspecified,Unspecified,Unspecified,Unspecified,Unspecified,Unknown,Unspecified,2026-07-10T00:05:20.378169+00:00,other_method,Unspecified
05572000,POINT (-88.5891666666667 40.0311666666667),32a09b2b-e7dd-450f-9069-e5ff6629ff6d,USGS-05572000,4e84ea40-1b01-7b8b-e053-0100007f9040,827,1996-05-09T18:35:00+00:00,Imported Channel 1,1800,ft^3/s,465,ft,1140,ft^2,1.58,ft/s,,,Unspecified,Unspecified,Unspecified,Unspecified,Unspecified,Unknown,BridgeCrane,2026-07-10T00:05:20.378169+00:00,point_velocity,Unspecified
05572000,POINT (-88.5891666666667 40.0311666666667),32aac1a5-9282-43fd-b8af-78cd09fdcc07,USGS-05572000,4e84cdf7-0025-6b68-e053-0100007f50ea,726,1984-07-30T06:00:00+00:00,Imported Channel 1,58.7,ft^3/s,56.0,ft,103,ft^2,0.57,ft/s,,,Unspecified,Unspecified,Unspecified,Unspecified,Unspecified,Unknown,Wading,2026-07-10T00:05:20.378169+00:00,point_velocity,Unspecified
05572000,POINT (-88.5891666666667 40.0311666666667),3327db79-fca0-4bd9-ad0e-14ad09fcca9a,USGS-05572000,4e84fcdf-a4e7-868d-e053-0100007fb064,944,2012-02-15T19:42:00+00:00,Imported Channel 1,173,ft^3/s,85.4,ft,327,ft^2,0.53,ft/s,,ft,Soft,SiltMud,Even,Even,Uniform,Unknown,BridgeDownstreamSide,2026-07-10T00:05:20.378169+00:00,adcp,AtTheGage
05572000,POINT (-88.5891666666667 40.0311666666667),3416abad-5d9d-4596-a90c-e4221f8089b0,USGS-05572000,4e84db7b-1999-72ba-e053-0100007fe6d8,857,2000-03-31T14:15:00+00:00,Imported Channel 1,109,ft^3/s,58.0,ft,154,ft^2,0.71,ft/s,,,Unspecified,Unspecified,Unspecified,Unspecified,Unspecified,Unknown,Wading,2026-07-10T00:05:20.378169+00:00,point_velocity,Unspecified
05572000,POINT (-88.5891666666667 40.0311666666667),34472f7c-b005-4c63-a024-eed2181d0c74,USGS-05572000,4e84d2ec-33b1-6e40-e053-0100007f1b0d,775,1989-04-05T20:15:00+00:00,Imported Channel 1,1580,ft^3/s,160,ft,980,ft^2,1.16,ft/s,,,Unspecified,Unspecified,Unspecified,Unspecified,Unspecified,Unknown,BridgeCrane,2026-07-10T00:05:20.378169+00:00,point_velocity,Unspecified
05572000,POINT (-88.5891666666667 40.0311666666667),345562d2-2ed9-451c-9d3c-2b17df529b10,USGS-05572000,567b6d95-1d1b-f227-e053-0100007fb951,978,2017-08-08T18:33:00+00:00,main,22.6,ft^3/s,49.0,ft,43.3,ft^2,0.52,ft/s,1500.00,ft,Soft,Sand,Uneven,Even,Standard,Unknown,Wading,2026-07-10T00:05:20.378169+00:00,point_velocity,Upstream
05572000,POINT (-88.5891666666667 40.0311666666667),348ff45a-09a0-4bc5-8743-0ac56e4fac47,USGS-05572000,4e84d65c-82db-7033-e053-0100007fb01d,596,1974-01-22T06:00:00+00:00,Imported Channel 1,3780,ft^3/s,,,,,,,,ft,Unspecified,Unspecified,Unspecified,Unspecified,Unspecified,Unknown,Unspecified,2026-07-10T00:05:20.378169+00:00,other_method,Unspecified
05572000,POINT (-88.5891666666667 40.0311666666667),35075914-b48a-4dc8-8190-229cc4e0bf49,USGS-05572000,4e84e156-961b-76d8-e053-0100007fc298,714,1983-05-31T06:00:00+00:00,Imported Channel 1,454,ft^3/s,97.0,ft,615,ft^2,0.74,ft/s,,,Unspecified,Unspecified,Unspecified,Unspecified,Unspecified,Unknown,BridgeCrane,2026-07-10T00:05:20.378169+00:00,point_velocity,Unspecified
05572000,POINT (-88.5891666666667 40.0311666666667),357a1c1c-472c-46a5-8a19-2fb29befa57f,USGS-05572000,4e84dce2-c867-7302-e053-0100007f7c79,833,1997-02-06T15:10:00+00:00,Imported Channel 1,1320,ft^3/s,103,ft,792,ft^2,1.66,ft/s,,,Unspecified,Unspecified,Unspecified,Unspecified,Unspecified,Unknown,BridgeCrane,2026-07-10T00:05:20.378169+00:00,point_velocity,Unspecified
05572000,POINT (-88.5891666666667 40.0311666666667),35fc2a7f-f038-40ed-95a3-71706521ef27,USGS-05572000,4e84db7b-197b-72ba-e053-0100007fe6d8,756,1987-02-26T06:00:00+00:00,Imported Channel 1,264,ft^3/s,87.0,ft,453,ft^2,0.58,ft/s,,,Unspecified,Unspecified,Unspecified,Unspecified,Unspecified,Unknown,BridgeCrane,2026-07-10T00:05:20.378169+00:00,point_velocity,Unspecified
05572000,POINT (-88.5891666666667 40.0311666666667),361279c6-aa73-48b0-997a-13305546b6ad,USGS-05572000,4e84e647-644e-7983-e053-0100007f7182,786,1990-04-30T06:00:00+00:00,Imported Channel 1,295,ft^3/s,84.0,ft,759,ft^2,0.39,ft/s,,,Unspecified,Unspecified,Unspecified,Unspecified,Unspecified,Unknown,BridgeCrane,2026-07-10T00:05:20.378169+00:00,point_velocity,Unspecified
05572000,POINT (-88.5891666666667 40.0311666666667),36393e9c-68cd-488b-abca-de959166530a,USGS-05572000,4e84cf59-3f8e-6b6a-e053-0100007fed04,601,1974-06-25T06:00:00+00:00,Imported Channel 1,6680,ft^3/s,,,,,,,,ft,Unspecified,Unspecified,Unspecified,Unspecified,Unspecified,Unknown,Unspecified,2026-07-10T00:05:20.378169+00:00,other_method,Unspecified
05572000,POINT (-88.5891666666667 40.0311666666667),37b09639-2d0c-4561-ac1f-62ec8616c33b,USGS-05572000,4e84f06f-4c7c-7f15-e053-0100007fcd29,855,2000-02-02T16:52:00+00:00,Imported Channel 1,5.44,ft^3/s,52.0,ft,41.5,ft^2,0.21,ft/s,,,Unspecified,Unspecified,Unspecified,Unspecified,Unspecified,Unknown,Wading,2026-07-10T00:05:20.378169+00:00,point_velocity,Unspecified
05572000,POINT (-88.5891666666667 40.0311666666667),37c2ba40-bcc1-4a3f-b149-0984e0543e46,USGS-05572000,4e84cecb-2c1c-6a22-e053-0100007f2298,678,1980-06-03T06:00:00+00:00,Imported Channel 1,2400,ft^3/s,,,,,,,,ft,Unspecified,Unspecified,Unspecified,Unspecified,Unspecified,Unknown,Unspecified,2026-07-10T00:05:20.378169+00:00,other_method,Unspecified
05572000,POINT (-88.5891666666667 40.0311666666667),38333e9e-9cdc-4433-9dd6-ab953ea24f03,USGS-05572000,678d6063-d92a-de7c-e053-0100007f85e2,983,2018-03-16T15:03:02+00:00,Main,327,ft^3/s,100,ft,453,ft^2,0.72,ft/s,0.00,ft,Firm,SiltMud,Even,Even,Uniform,Steady,BridgeDownstreamSide,2026-07-10T00:05:20.378169+00:00,adcp,AtTheGage
05572000,POINT (-88.5891666666667 40.0311666666667),388382ac-379d-471d-b8ef-fd7ccb61f5a9,USGS-05572000,4e84e161-3c71-760e-e053-0100007f6e79,850,1999-05-03T16:10:00+00:00,Imported Channel 1,435,ft^3/s,98.0,ft,462,ft^2,0.94,ft/s,,,Unspecified,Unspecified,Unspecified,Unspecified,Unspecified,Unknown,BridgeCrane,2026-07-10T00:05:20.378169+00:00,point_velocity,Unspecified
05572000,POINT (-88.5891666666667 40.0311666666667),389359a3-9334-4d6a-b7a6-13a044580022,USGS-05572000,4e84e965-eec2-7b89-e053-0100007f242b,842,1998-03-23T14:00:00+00:00,Imported Channel 1,3730,ft^3/s,480,ft,1700,ft^2,2.19,ft/s,,,Unspecified,Unspecified,Unspecified,Unspecified,Unspecified,Unknown,BridgeCrane,2026-07-10T00:05:20.378169+00:00,point_velocity,Unspecified
05572000,POINT (-88.5891666666667 40.0311666666667),3927e6ac-009f-432d-afdc-72089429ae5f,USGS-05572000,4e84c54a-a13b-6681-e053-0100007f8462,777,1989-06-30T15:45:00+00:00,Imported Channel 1,43.0,ft^3/s,60.0,ft,88.4,ft^2,0.54,ft/s,,,Unspecified,Unspecified,Unspecified,Unspecified,Unspecified,Unknown,Wading,2026-07-10T00:05:20.378169+00:00,point_velocity,Unspecified
05572000,POINT (-88.5891666666667 40.0311666666667),39a2e942-3a88-47c0-984f-9eda24e133cf,USGS-05572000,7e66075f-d0f8-4581-8026-25b31e47f164,992,2019-11-22T23:41:30+00:00,RAM,59.2,ft^3/s,75.0,ft,96.7,ft^2,0.61,ft/s,200.00,ft,Unspecified,Unspecified,Unspecified,Unspecified,Unspecified,Unspecified,Wading,2026-07-10T00:05:20.378169+00:00,point_velocity,Upstream
05572000,POINT (-88.5891666666667 40.0311666666667),39ff395f-bebb-4d11-b9b3-3fd06f9f3da5,USGS-05572000,4e84c737-732e-67a6-e053-0100007f0b69,770,1988-10-31T17:45:00+00:00,Imported Channel 1,0.00,ft^3/s,49.0,ft,45.1,ft^2,0.00,ft/s,,,Unspecified,Unspecified,Unspecified,Unspecified,Unspecified,Unknown,Wading,2026-07-10T00:05:20.378169+00:00,point_velocity,Unspecified
05572000,POINT (-88.5891666666667 40.0311666666667),3a2eef3c-3364-4084-b415-d9f6f868d0b5,USGS-05572000,4e84c55c-7ed0-6689-e053-0100007f1b45,635,1977-03-30T06:00:00+00:00,Imported Channel 1,1150,ft^3/s,,,,,,,,ft,Unspecified,Unspecified,Unspecified,Unspecified,Unspecified,Unknown,Unspecified,2026-07-10T00:05:20.378169+00:00,other_method,Unspecified
05572000,POINT (-88.5891666666667 40.0311666666667),3abc7761-58ec-4272-8029-f92999f33571,USGS-05572000,4e84d615-5c75-6f19-e053-0100007f8826,780,1989-09-28T17:20:00+00:00,Imported Channel 1,65.6,ft^3/s,56.0,ft,79.1,ft^2,0.85,ft/s,,,Unspecified,Unspecified,Unspecified,Unspecified,Unspecified,Unknown,Wading,2026-07-10T00:05:20.378169+00:00,point_velocity,Unspecified
05572000,POINT (-88.5891666666667 40.0311666666667),3ba6f636-943e-4ad5-8a54-9beeef119655,USGS-05572000,4e84cbb2-c170-69b6-e053-0100007f3b1f,556,1970-12-18T06:00:00+00:00,Imported Channel 1,140,ft^3/s,,,,,,,,ft,Unspecified,Unspecified,Unspecified,Unspecified,Unspecified,Unknown,Unspecified,2026-07-10T00:05:20.378169+00:00,other_method,Unspecified
05572000,POINT (-88.5891666666667 40.0311666666667),3bc54c43-4f17-414e-9bbb-8d44361c9307,USGS-05572000,ff10dea5-f57d-475c-b883-38c81bf46387,1006,2022-02-18T15:57:09+00:00,MAIN,1910,ft^3/s,314,ft,1190,ft^2,1.61,ft/s,0.00,ft,Soft,SiltMud,Even,Even,Unspecified,Steady,BridgeDownstreamSide,2026-07-10T00:05:20.378169+00:00,adcp,AtTheGage
05572000,POINT (-88.5891666666667 40.0311666666667),3bc76268-08f8-412a-8514-498cf738e6b4,USGS-05572000,4e84e647-6456-7983-e053-0100007f7182,811,1994-04-13T19:25:00+00:00,Imported Channel 1,13600,ft^3/s,492,ft,4110,ft^2,3.32,ft/s,,,Unspecified,Unspecified,Unspecified,Unspecified,Unspecified,Unknown,BridgeCrane,2026-07-10T00:05:20.378169+00:00,point_velocity,Unspecified
05572000,POINT (-88.5891666666667 40.0311666666667),3bd23914-b9a6-44a2-b7fd-075fc497630d,USGS-05572000,4e84bdde-d10a-616a-e053-0100007f0505,661,1979-03-06T06:00:00+00:00,Imported Channel 1,9120,ft^3/s,,,,,,,,ft,Unspecified,Unspecified,Unspecified,Unspecified,Unspecified,Unknown,Unspecified,2026-07-10T00:05:20.378169+00:00,other_method,Unspecified
05572000,POINT (-88.5891666666667 40.0311666666667),3c3868fe-47f7-4537-97fe-66d0d4567c70,USGS-05572000,f00622a3-4587-4f2b-b88f-43c431b4a615,1011,2022-11-08T21:32:49+00:00,MAIN,21.1,ft^3/s,42.0,ft,38.0,ft^2,0.55,ft/s,1700.00,ft,Soft,Sand,Uneven,Unspecified,Unspecified,Unspecified,Wading,2026-07-10T00:05:20.378169+00:00,point_velocity,Upstream
05572000,POINT (-88.5891666666667 40.0311666666667),3c3c53eb-63af-4962-8065-578ade387bdf,USGS-05572000,4e84ed64-6280-7cf8-e053-0100007f04e6,916,2008-02-06T18:17:00+00:00,Imported Channel 1,11300,ft^3/s,482,ft,4350,ft^2,2.59,ft/s,,ft,Unspecified,Unspecified,Unspecified,Unspecified,Unspecified,Unknown,Unspecified,2026-07-10T00:05:20.378169+00:00,adcp,Unspecified
05572000,POINT (-88.5891666666667 40.0311666666667),3c70fe56-8208-47a3-be60-1cdc978835c1,USGS-05572000,85b55295-cca9-3051-e053-0100007fbe86,988,2019-03-28T16:23:32+00:00,Main,568,ft^3/s,107,ft,562,ft^2,1.01,ft/s,0.00,ft,Firm,Sand,Even,Even,Standard,Steady,BridgeDownstreamSide,2026-07-10T00:05:20.378169+00:00,adcp,AtTheGage
05572000,POINT (-88.5891666666667 40.0311666666667),3d09f710-c852-4089-a457-894f7999f577,USGS-05572000,8b88e0f4-47e9-2d82-e053-0100007f0441,989,2019-06-13T19:22:15+00:00,Main,373,ft^3/s,103,ft,469,ft^2,0.80,ft/s,0.00,ft,Firm,Gravel,Even,Even,Standard,Steady,BridgeDownstreamSide,2026-07-10T00:05:20.378169+00:00,adcp,AtTheGage
05572000,POINT (-88.5891666666667 40.0311666666667),3e0d8adb-c993-4848-9556-a3ffa3ea9fd1,USGS-05572000,4e84c47b-91af-6619-e053-0100007f1488,713,1983-04-28T06:00:00+00:00,Imported Channel 1,601,ft^3/s,97.0,ft,664,ft^2,0.94,ft/s,,,Unspecified,Unspecified,Unspecified,Unspecified,Unspecified,Unknown,BridgeCrane,2026-07-10T00:05:20.378169+00:00,point_velocity,Unspecified
05572000,POINT (-88.5891666666667 40.0311666666667),3e2f17e7-bfa5-4b2d-9562-96065891b9ce,USGS-05572000,4e84ecaf-b7bb-7d4a-e053-0100007f95b3,834,1997-03-13T16:20:00+00:00,Imported Channel 1,1130,ft^3/s,103,ft,752,ft^2,1.50,ft/s,,,Unspecified,Unspecified,Unspecified,Unspecified,Unspecified,Unknown,BridgeCrane,2026-07-10T00:05:20.378169+00:00,point_velocity,Unspecified
05572000,POINT (-88.5891666666667 40.0311666666667),3e36a911-e27b-429b-b97b-b0729bd74a6c,USGS-05572000,4e84cdf7-001f-6b68-e053-0100007f50ea,605,1974-10-25T06:00:00+00:00,Imported Channel 1,20.8,ft^3/s,,,,,,,,ft,Unspecified,Unspecified,Unspecified,Unspecified,Unspecified,Unknown,Unspecified,2026-07-10T00:05:20.378169+00:00,other_method,Unspecified
05572000,POINT (-88.5891666666667 40.0311666666667),3e440ff4-7a32-4f0a-8354-645f5d9cb5a4,USGS-05572000,4e84bdde-d100-616a-e053-0100007f0505,576,1972-08-03T06:00:00+00:00,Imported Channel 1,41.8,ft^3/s,,,,,,,,ft,Unspecified,Unspecified,Unspecified,Unspecified,Unspecified,Unknown,Unspecified,2026-07-10T00:05:20.378169+00:00,other_method,Unspecified
05572000,POINT (-88.5891666666667 40.0311666666667),3edaa4dc-8dbb-4a26-baef-ed4d6d87cfde,USGS-05572000,4e84dc69-3960-7324-e053-0100007fe092,821,1995-07-24T18:50:00+00:00,Imported Channel 1,76.9,ft^3/s,67.0,ft,109,ft^2,0.71,ft/s,,,Unspecified,Unspecified,Unspecified,Unspecified,Unspecified,Unknown,Wading,2026-07-10T00:05:20.378169+00:00,point_velocity,Unspecified
05572000,POINT (-88.5891666666667 40.0311666666667),40517ae2-65a5-4d7c-9acf-939f9c07ba9c,USGS-05572000,4e84def1-85bb-74e4-e053-0100007f090f,901,2005-03-08T21:09:00+00:00,Imported Channel 1,345,ft^3/s,97.5,ft,450,ft^2,0.77,ft/s,,,Unspecified,Unspecified,Unspecified,Unspecified,Unspecified,Unknown,BridgeCrane,2026-07-10T00:05:20.378169+00:00,point_velocity,Unspecified
05572000,POINT (-88.5891666666667 40.0311666666667),4121b3e7-922b-48c9-a8d8-4980ebcb388f,USGS-05572000,aa3a6269-9a57-4edb-81cd-94b2566f1349,994,2020-05-19T14:21:34+00:00,Main,3280,ft^3/s,420,ft,2290,ft^2,1.43,ft/s,0.00,ft,Unspecified,Unspecified,Unspecified,Unspecified,Unspecified,Unspecified,BridgeDownstreamSide,2026-07-10T00:05:20.378169+00:00,adcp,AtTheGage
05572000,POINT (-88.5891666666667 40.0311666666667),41580ab3-a7e2-43a8-b371-15e9cade47ed,USGS-05572000,e025abf9-4c95-4a0d-8238-6d3a20378d0b,1019,2024-02-21T15:42:07+00:00,MAIN,266,ft^3/s,92.1,ft,365,ft^2,0.73,ft/s,0.00,ft,Unspecified,Unspecified,Unspecified,Unspecified,Unspecified,Unspecified,BridgeDownstreamSide,2026-07-10T00:05:20.378169+00:00,adcp,AtTheGage
05572000,POINT (-88.5891666666667 40.0311666666667),41bb150f-8c1f-47d0-abb8-45214326d01c,USGS-05572000,4e84de10-7f63-751e-e053-0100007f2f1b,796,1991-10-10T17:20:00+00:00,Imported Channel 1,31.1,ft^3/s,57.0,ft,82.5,ft^2,0.45,ft/s,,,Unspecified,Unspecified,Unspecified,Unspecified,Unspecified,Unknown,Wading,2026-07-10T00:05:20.378169+00:00,point_velocity,Unspecified
05572000,POINT (-88.5891666666667 40.0311666666667),41c34f12-bab3-49bc-a2bb-c4ba0d2cee69,USGS-05572000,4e84cb64-4e02-697e-e053-0100007fc05a,684,1980-11-25T06:00:00+00:00,Imported Channel 1,5.62,ft^3/s,32.0,ft,30.9,ft^2,0.18,ft/s,,,Unspecified,Unspecified,Unspecified,Unspecified,Unspecified,Unknown,Wading,2026-07-10T00:05:20.378169+00:00,point_velocity,Unspecified
05572000,POINT (-88.5891666666667 40.0311666666667),4252481f-2d25-4b10-b97b-99750e241d9b,USGS-05572000,4e84e7a6-7070-7a8f-e053-0100007f5a34,809,1993-12-21T15:15:00+00:00,Imported Channel 1,674,ft^3/s,98.0,ft,680,ft^2,0.99,ft/s,,,Unspecified,Unspecified,Unspecified,Unspecified,Unspecified,Unknown,BridgeCrane,2026-07-10T00:05:20.378169+00:00,point_velocity,Unspecified
05572000,POINT (-88.5891666666667 40.0311666666667),4293e6c6-0494-49fd-8750-19b42122d796,USGS-05572000,4e84fcfd-4c69-8687-e053-0100007f5d68,950,2012-08-30T19:46:25+00:00,Channel 1,7.26,ft^3/s,31.0,ft,14.6,ft^2,0.50,ft/s,700.00,ft,Soft,SiltMud,Even,Even,Uniform,Unknown,Wading,2026-07-10T00:05:20.378169+00:00,point_velocity,Upstream
05572000,POINT (-88.5891666666667 40.0311666666667),43db5357-6e1b-416c-89bd-93809b3fe416,USGS-05572000,4e84ed64-629b-7cf8-e053-0100007f04e6,965,2014-12-29T16:59:10+00:00,Main,523,ft^3/s,102,ft,565,ft^2,0.93,ft/s,,ft,Firm,Sand,Even,Even,Standard,Unknown,BridgeDownstreamSide,2026-07-10T00:05:20.378169+00:00,adcp,AtTheGage
05572000,POINT (-88.5891666666667 40.0311666666667),44485f91-1d9f-41da-a7e4-4824e4111938,USGS-05572000,4e84cf56-e7ac-6c8a-e053-0100007f4327,677,1980-05-28T06:00:00+00:00,Imported Channel 1,278,ft^3/s,,,,,,,,ft,Unspecified,Unspecified,Unspecified,Unspecified,Unspecified,Unknown,Unspecified,2026-07-10T00:05:20.378169+00:00,other_method,Unspecified
05572000,POINT (-88.5891666666667 40.0311666666667),44d34cb3-3fe3-4750-9aad-6736a6332dcc,USGS-05572000,4e84ee40-745f-7e58-e053-0100007f914f,904,2005-08-16T13:45:00+00:00,Imported Channel 1,21.9,ft^3/s,49.0,ft,87.7,ft^2,0.25,ft/s,,,Unspecified,Unspecified,Unspecified,Unspecified,Unspecified,Unknown,Wading,2026-07-10T00:05:20.378169+00:00,point_velocity,Unspecified
05572000,POINT (-88.5891666666667 40.0311666666667),44f1ea71-d735-4bd9-92ce-79b0e692f7bf,USGS-05572000,4e84d807-f651-7035-e053-0100007f84fc,817,1995-04-21T19:15:00+00:00,Imported Channel 1,1420,ft^3/s,172,ft,1160,ft^2,1.22,ft/s,,,Unspecified,Unspecified,Unspecified,Unspecified,Unspecified,Unknown,Boat,2026-07-10T00:05:20.378169+00:00,point_velocity,Unspecified
05572000,POINT (-88.5891666666667 40.0311666666667),45878c00-6891-4683-a014-6ae3e32d6db7,USGS-05572000,4e84ee40-7450-7e58-e053-0100007f914f,859,2000-08-07T13:45:00+00:00,Imported Channel 1,18.5,ft^3/s,46.0,ft,23.7,ft^2,0.78,ft/s,,,Unspecified,Unspecified,Unspecified,Unspecified,Unspecified,Unknown,Wading,2026-07-10T00:05:20.378169+00:00,point_velocity,Unspecified
05572000,POINT (-88.5891666666667 40.0311666666667),46315ba5-28c8-4dcf-a9f5-699d4e799436,USGS-05572000,4e84ceff-c418-6c64-e053-0100007fba2c,553,1970-09-25T06:00:00+00:00,Imported Channel 1,1740,ft^3/s,,,,,,,,ft,Unspecified,Unspecified,Unspecified,Unspecified,Unspecified,Unknown,Unspecified,2026-07-10T00:05:20.378169+00:00,other_method,Unspecified
05572000,POINT (-88.5891666666667 40.0311666666667),4734d2a7-ff2f-49fc-befa-e45570a927b5,USGS-05572000,728b57a0-ecfd-16a5-e053-0100007f0e79,985,2018-07-26T18:28:45+00:00,Main,36.1,ft^3/s,37.5,ft,51.3,ft^2,0.70,ft/s,2500.00,ft,Firm,Sand,Even,Even,Standard,Steady,Wading,2026-07-10T00:05:20.378169+00:00,point_velocity,Upstream
05572000,POINT (-88.5891666666667 40.0311666666667),497efdc3-dccc-434c-8f89-c4a56edbfe8e,USGS-05572000,4e84e634-1048-7985-e053-0100007f0c76,854,1999-12-15T16:30:00+00:00,Imported Channel 1,17.4,ft^3/s,61.0,ft,32.9,ft^2,0.64,ft/s,,,Unspecified,Unspecified,Unspecified,Unspecified,Unspecified,Unknown,Wading,2026-07-10T00:05:20.378169+00:00,point_velocity,Unspecified
05572000,POINT (-88.5891666666667 40.0311666666667),49c028d7-8c7d-4c32-beeb-b804b64a2d52,USGS-05572000,4e84cf0f-e305-6c68-e053-0100007f5fa1,814,1994-08-04T15:30:00+00:00,Imported Channel 1,23.9,ft^3/s,31.0,ft,28.3,ft^2,0.84,ft/s,,,Unspecified,Unspecified,Unspecified,Unspecified,Unspecified,Unknown,Wading,2026-07-10T00:05:20.378169+00:00,point_velocity,Unspecified
05572000,POINT (-88.5891666666667 40.0311666666667),49ddcde1-bc42-4a4a-9357-4d1409e517f6,USGS-05572000,4e84f669-ff51-828a-e053-0100007f03b7,910,2007-01-23T19:29:00+00:00,Imported Channel 1,618,ft^3/s,120,ft,633,ft^2,0.98,ft/s,,ft,Unspecified,Unspecified,Unspecified,Unspecified,Unspecified,Unknown,Unspecified,2026-07-10T00:05:20.378169+00:00,adcp,Unspecified
05572000,POINT (-88.5891666666667 40.0311666666667),49f22d58-2a6c-4628-8f7a-e256787d0f33,USGS-05572000,4e84db7b-1978-72ba-e053-0100007fe6d8,744,1985-11-29T06:00:00+00:00,Imported Channel 1,3130,ft^3/s,,,,,,,,ft,Unspecified,Unspecified,Unspecified,Unspecified,Unspecified,Unknown,Unspecified,2026-07-10T00:05:20.378169+00:00,other_method,Unspecified
05572000,POINT (-88.5891666666667 40.0311666666667),4a0ecae9-a569-4462-88f6-f2adbca67e11,USGS-05572000,4e84d308-d507-6e42-e053-0100007f7e42,626,1976-07-28T06:00:00+00:00,Imported Channel 1,31.0,ft^3/s,,,,,,,,ft,Unspecified,Unspecified,Unspecified,Unspecified,Unspecified,Unknown,Unspecified,2026-07-10T00:05:20.378169+00:00,other_method,Unspecified
05572000,POINT (-88.5891666666667 40.0311666666667),4a3c10d8-d3c8-467e-bffc-4838a8f2340e,USGS-05572000,f76b621f-8f2e-4ee6-9f20-acd1e4ec16d3,1039,2026-05-04T17:54:22+00:00,sangamon monti,376,ft^3/s,101,ft,436,ft^2,0.86,ft/s,0.00,ft,Firm,SiltMud,Even,Even,Uniform,Steady,BridgeDownstreamSide,2026-07-10T00:05:20.378169+00:00,adcp,AtTheGage
05572000,POINT (-88.5891666666667 40.0311666666667),4ac50e14-5b2a-4be9-87ee-f593b5338ce3,USGS-05572000,4e84f5c2-2162-81fc-e053-0100007f7c1d,912,2007-05-10T13:12:00+00:00,Imported Channel 1,327,ft^3/s,92.5,ft,408,ft^2,0.80,ft/s,,,Unspecified,Unspecified,Unspecified,Unspecified,Unspecified,Unknown,BridgeCrane,2026-07-10T00:05:20.378169+00:00,point_velocity,Unspecified
05572000,POINT (-88.5891666666667 40.0311666666667),4ae92452-0455-442b-9095-120f0183f6fc,USGS-05572000,4e84c56c-737e-6687-e053-0100007fd6d0,638,1977-05-31T06:00:00+00:00,Imported Channel 1,156,ft^3/s,,,,,,,,ft,Unspecified,Unspecified,Unspecified,Unspecified,Unspecified,Unknown,Unspecified,2026-07-10T00:05:20.378169+00:00,other_method,Unspecified
05572000,POINT (-88.5891666666667 40.0311666666667),4b1cc651-3ac2-46d3-94c1-d21d25dd371b,USGS-05572000,4e84ceff-c419-6c64-e053-0100007fba2c,554,1970-10-23T06:00:00+00:00,Imported Channel 1,401,ft^3/s,,,,,,,,ft,Unspecified,Unspecified,Unspecified,Unspecified,Unspecified,Unknown,Unspecified,2026-07-10T00:05:20.378169+00:00,other_method,Unspecified
05572000,POINT (-88.5891666666667 40.0311666666667),4bb1b667-9be8-4389-ae57-b1892292e9a8,USGS-05572000,4e84ce52-02b4-6bc0-e053-0100007fdb10,795,1991-09-03T17:15:00+00:00,Imported Channel 1,4.19,ft^3/s,48.0,ft,39.6,ft^2,0.14,ft/s,,,Unspecified,Unspecified,Unspecified,Unspecified,Unspecified,Unknown,Wading,2026-07-10T00:05:20.378169+00:00,point_velocity,Unspecified
05572000,POINT (-88.5891666666667 40.0311666666667),4be7990a-e8d3-4ebb-9b0e-f0577e806dda,USGS-05572000,4e84d229-47e4-6d98-e053-0100007f4f8e,706,1982-09-28T06:00:00+00:00,Imported Channel 1,17.8,ft^3/s,28.5,ft,36.8,ft^2,0.48,ft/s,,,Unspecified,Unspecified,Unspecified,Unspecified,Unspecified,Unknown,Wading,2026-07-10T00:05:20.378169+00:00,point_velocity,Unspecified
05572000,POINT (-88.5891666666667 40.0311666666667),4d148daa-0fc7-4b70-a6f9-1086a72fec00,USGS-05572000,4e84ed18-56f6-7d10-e053-0100007f4650,868,2001-12-12T14:26:00+00:00,Imported Channel 1,220,ft^3/s,119,ft,380,ft^2,0.58,ft/s,,,Unspecified,Unspecified,Unspecified,Unspecified,Unspecified,Unknown,BridgeCrane,2026-07-10T00:05:20.378169+00:00,point_velocity,Unspecified
05572000,POINT (-88.5891666666667 40.0311666666667),4d3571e9-aa63-492c-87c1-da27d15b1835,USGS-05572000,4e84bf58-347c-6287-e053-0100007f3bc5,588,1973-06-06T06:00:00+00:00,Imported Channel 1,5760,ft^3/s,,,,,,,,ft,Unspecified,Unspecified,Unspecified,Unspecified,Unspecified,Unknown,Unspecified,2026-07-10T00:05:20.378169+00:00,other_method,Unspecified
05572000,POINT (-88.5891666666667 40.0311666666667),4da6fd6c-9e38-4839-bf69-374f64a7b74d,USGS-05572000,4e84ce52-02b1-6bc0-e053-0100007fdb10,782,1989-11-30T06:00:00+00:00,Imported Channel 1,34.3,ft^3/s,70.0,ft,93.8,ft^2,0.39,ft/s,,,Unspecified,Unspecified,Unspecified,Unspecified,Unspecified,Unknown,Wading,2026-07-10T00:05:20.378169+00:00,point_velocity,Unspecified
05572000,POINT (-88.5891666666667 40.0311666666667),4f67cb61-f783-4ed2-ae25-4194221be664,USGS-05572000,4e84c11e-c187-6328-e053-0100007fc3ec,650,1978-04-26T06:00:00+00:00,Imported Channel 1,561,ft^3/s,,,,,,,,ft,Unspecified,Unspecified,Unspecified,Unspecified,Unspecified,Unknown,Unspecified,2026-07-10T00:05:20.378169+00:00,other_method,Unspecified
05572000,POINT (-88.5891666666667 40.0311666666667),4f71f448-ff4f-4173-92d1-b8566a10e685,USGS-05572000,4e84d928-a392-7246-e053-0100007f442f,885,2004-02-12T17:37:00+00:00,Imported Channel 1,148,ft^3/s,90.0,ft,513,ft^2,0.31,ft/s,,,Unspecified,Unspecified,Unspecified,Unspecified,Unspecified,Unknown,Ice,2026-07-10T00:05:20.378169+00:00,point_velocity,Unspecified
05572000,POINT (-88.5891666666667 40.0311666666667),4f8da5f4-03ea-441c-92c0-792783b3a082,USGS-05572000,4e84d8f9-9c0c-7240-e053-0100007f04ef,816,1995-01-09T19:00:00+00:00,Imported Channel 1,122,ft^3/s,63.0,ft,134,ft^2,0.91,ft/s,,,Unspecified,Unspecified,Unspecified,Unspecified,Unspecified,Unknown,Wading,2026-07-10T00:05:20.378169+00:00,point_velocity,Unspecified
05572000,POINT (-88.5891666666667 40.0311666666667),4fa32ecc-4165-4879-aa8e-2046bf29036a,USGS-05572000,4e84c807-6b07-6841-e053-0100007fad8f,560,1971-04-22T06:00:00+00:00,Imported Channel 1,148,ft^3/s,,,,,,,,ft,Unspecified,Unspecified,Unspecified,Unspecified,Unspecified,Unknown,Unspecified,2026-07-10T00:05:20.378169+00:00,other_method,Unspecified
05572000,POINT (-88.5891666666667 40.0311666666667),50c60e5b-c73b-4608-9c9b-21498c767beb,USGS-05572000,4e84db7b-197d-72ba-e053-0100007fe6d8,761,1987-11-30T17:15:00+00:00,Imported Channel 1,751,ft^3/s,104,ft,615,ft^2,1.22,ft/s,,,Unspecified,Unspecified,Unspecified,Unspecified,Unspecified,Unknown,BridgeCrane,2026-07-10T00:05:20.378169+00:00,point_velocity,Unspecified
05572000,POINT (-88.5891666666667 40.0311666666667),50d76170-549c-4c07-958d-16865b1dfabe,USGS-05572000,4e84d8f9-9bee-7240-e053-0100007f04ef,579,1972-10-24T06:00:00+00:00,Imported Channel 1,502,ft^3/s,,,,,,,,ft,Unspecified,Unspecified,Unspecified,Unspecified,Unspecified,Unknown,Unspecified,2026-07-10T00:05:20.378169+00:00,other_method,Unspecified
05572000,POINT (-88.5891666666667 40.0311666666667),51e8541d-f9a3-43d3-b31a-927df3627277,USGS-05572000,4e84da24-b651-72a4-e053-0100007f1707,667,1979-08-10T06:00:00+00:00,Imported Channel 1,347,ft^3/s,,,,,,,,ft,Unspecified,Unspecified,Unspecified,Unspecified,Unspecified,Unknown,Unspecified,2026-07-10T00:05:20.378169+00:00,other_method,Unspecified
05572000,POINT (-88.5891666666667 40.0311666666667),521fea42-30ab-4bdd-9e45-1407a041d49e,USGS-05572000,b52dd51b-da0c-4a09-a90a-dfca6627e315,1028,2024-12-06T21:07:43+00:00,MAIN,54.5,ft^3/s,55.7,ft,64.3,ft^2,0.85,ft/s,2500.00,ft,Unspecified,Unspecified,Unspecified,Unspecified,Unspecified,Unspecified,Wading,2026-07-10T00:05:20.378169+00:00,point_velocity,Upstream
05572000,POINT (-88.5891666666667 40.0311666666667),5566189f-71e4-404a-a703-7c2bfe3b3072,USGS-05572000,4e84f37a-ce99-8055-e053-0100007f832a,873,2002-10-04T16:44:00+00:00,Imported Channel 1,19.0,ft^3/s,31.4,ft,34.3,ft^2,0.64,ft/s,,,Unspecified,Unspecified,Unspecified,Unspecified,Unspecified,Unknown,Wading,2026-07-10T00:05:20.378169+00:00,point_velocity,Unspecified
05572000,POINT (-88.5891666666667 40.0311666666667),56135e95-6f1a-4c86-a356-d4b3390cae35,USGS-05572000,4e84cf6a-e11a-6c52-e053-0100007fcf2c,651,1978-05-30T06:00:00+00:00,Imported Channel 1,290,ft^3/s,,,,,,,,ft,Unspecified,Unspecified,Unspecified,Unspecified,Unspecified,Unknown,Unspecified,2026-07-10T00:05:20.378169+00:00,other_method,Unspecified
05572000,POINT (-88.5891666666667 40.0311666666667),5755f7fe-6725-4b2f-9e3f-e04060b0a888,USGS-05572000,4e84ceff-c42d-6c64-e053-0100007fba2c,697,1981-12-28T06:00:00+00:00,Imported Channel 1,119,ft^3/s,78.0,ft,170,ft^2,0.73,ft/s,,,Unspecified,Unspecified,Unspecified,Unspecified,Unspecified,Unknown,Ice,2026-07-10T00:05:20.378169+00:00,point_velocity,Unspecified
05572000,POINT (-88.5891666666667 40.0311666666667),5821e586-e425-4184-ad7f-c33b223cfbe3,USGS-05572000,4e84d657-d7c5-6de5-e053-0100007ff939,571,1972-03-23T06:00:00+00:00,Imported Channel 1,632,ft^3/s,,,,,,,,ft,Unspecified,Unspecified,Unspecified,Unspecified,Unspecified,Unknown,Unspecified,2026-07-10T00:05:20.378169+00:00,other_method,Unspecified
05572000,POINT (-88.5891666666667 40.0311666666667),58885ca2-1592-41b5-b2e9-2632062632d3,USGS-05572000,4e84cd20-3324-69ea-e053-0100007f6482,622,1976-03-29T06:00:00+00:00,Imported Channel 1,2050,ft^3/s,,,,,,,,ft,Unspecified,Unspecified,Unspecified,Unspecified,Unspecified,Unknown,Unspecified,2026-07-10T00:05:20.378169+00:00,other_method,Unspecified
05572000,POINT (-88.5891666666667 40.0311666666667),58f4673b-41fc-42df-8a64-30fe9e5910ab,USGS-05572000,4e84d274-9b99-6d9a-e053-0100007f471b,759,1987-09-30T17:15:00+00:00,Imported Channel 1,12.4,ft^3/s,49.0,ft,46.3,ft^2,0.27,ft/s,,,Unspecified,Unspecified,Unspecified,Unspecified,Unspecified,Unknown,Wading,2026-07-10T00:05:20.378169+00:00,point_velocity,Unspecified
05572000,POINT (-88.5891666666667 40.0311666666667),5a774cc8-d8de-4c8c-b28a-d52e3176a192,USGS-05572000,4e84f992-52fb-845b-e053-0100007f986f,953,2013-01-31T15:30:58+00:00,MAIN,998,ft^3/s,104,ft,751,ft^2,1.33,ft/s,,ft,Soft,SiltMud,Even,Even,Uniform,Unknown,BridgeDownstreamSide,2026-07-10T00:05:20.378169+00:00,adcp,AtTheGage
05572000,POINT (-88.5891666666667 40.0311666666667),5af8af4a-90a7-42cd-825b-41fb814bd5c1,USGS-05572000,4e84c55c-7ed2-6689-e053-0100007f1b45,647,1978-01-30T06:00:00+00:00,Imported Channel 1,62.0,ft^3/s,,,,,,,,ft,Unspecified,Unspecified,Unspecified,Unspecified,Unspecified,Unknown,Unspecified,2026-07-10T00:05:20.378169+00:00,other_method,Unspecified
05572000,POINT (-88.5891666666667 40.0311666666667),5c26f597-9d93-46e2-a5a7-8e1ce27bc050,USGS-05572000,4e84d928-a388-7246-e053-0100007f442f,848,1999-01-07T19:25:00+00:00,Imported Channel 1,9.52,ft^3/s,42.0,ft,57.1,ft^2,0.17,ft/s,,,Unspecified,Unspecified,Unspecified,Unspecified,Unspecified,Unknown,Wading,2026-07-10T00:05:20.378169+00:00,point_velocity,Unspecified
05572000,POINT (-88.5891666666667 40.0311666666667),5cd11f60-f8e7-49f1-9af2-63152f582a20,USGS-05572000,4e84bf58-347d-6287-e053-0100007f3bc5,590,1973-07-23T06:00:00+00:00,Imported Channel 1,1250,ft^3/s,,,,,,,,ft,Unspecified,Unspecified,Unspecified,Unspecified,Unspecified,Unknown,Unspecified,2026-07-10T00:05:20.378169+00:00,other_method,Unspecified
05572000,POINT (-88.5891666666667 40.0311666666667),5de49d78-910f-43e7-9253-e83c17d136e0,USGS-05572000,4e84ea40-1b17-7b8b-e053-0100007f9040,934,2010-09-09T15:58:30+00:00,Imported Channel 1,25.8,ft^3/s,82.9,ft,409,ft^2,0.06,ft/s,90.00,ft,Firm,SiltMud,Even,Even,Unspecified,Unknown,BridgeDownstreamSide,2026-07-10T00:05:20.378169+00:00,adcp,Downstream
05572000,POINT (-88.5891666666667 40.0311666666667),5df907ba-e80c-4407-8e39-476bb5364040,USGS-05572000,4e84de2c-9e9a-750e-e053-0100007f82df,845,1998-08-21T14:00:00+00:00,Imported Channel 1,38.2,ft^3/s,52.0,ft,95.4,ft^2,0.40,ft/s,,,Unspecified,Unspecified,Unspecified,Unspecified,Unspecified,Unknown,BridgeCrane,2026-07-10T00:05:20.378169+00:00,point_velocity,Unspecified
05572000,POINT (-88.5891666666667 40.0311666666667),5e3f168e-deb6-4f71-af55-a1e81c368f19,USGS-05572000,4e84ea40-1b00-7b8b-e053-0100007f9040,826,1996-03-27T21:40:00+00:00,Imported Channel 1,145,ft^3/s,80.0,ft,144,ft^2,1.01,ft/s,,,Unspecified,Unspecified,Unspecified,Unspecified,Unspecified,Unknown,Wading,2026-07-10T00:05:20.378169+00:00,point_velocity,Unspecified
05572000,POINT (-88.5891666666667 40.0311666666667),5e997bb6-f1a6-4fe8-9770-fe469a6affcc,USGS-05572000,ecdaf531-7f6c-457e-8ce5-e2777c3ff99d,1003,2021-08-16T16:18:06+00:00,main,5140,ft^3/s,485,ft,3160,ft^2,1.63,ft/s,0.00,ft,Unspecified,Unspecified,Unspecified,Unspecified,Unspecified,Unspecified,BridgeDownstreamSide,2026-07-10T00:05:20.378169+00:00,adcp,AtTheGage
05572000,POINT (-88.5891666666667 40.0311666666667),5ecd46d7-e4e9-4c55-9aa6-0df4de7368fc,USGS-05572000,4e84dc69-3956-7324-e053-0100007fe092,798,1992-01-31T16:20:00+00:00,Imported Channel 1,182,ft^3/s,82.0,ft,368,ft^2,0.49,ft/s,,,Unspecified,Unspecified,Unspecified,Unspecified,Unspecified,Unknown,BridgeCrane,2026-07-10T00:05:20.378169+00:00,point_velocity,Unspecified
05572000,POINT (-88.5891666666667 40.0311666666667),5f7d86e1-2c70-4fd5-a4a5-65e06979c828,USGS-05572000,4e84ee4f-f67e-7e51-e053-0100007fd14a,903,2005-06-21T21:15:00+00:00,Imported Channel 1,99.3,ft^3/s,91.3,ft,534,ft^2,0.19,ft/s,,ft,Unspecified,Unspecified,Unspecified,Unspecified,Unspecified,Unknown,Unspecified,2026-07-10T00:05:20.378169+00:00,adcp,Unspecified
05572000,POINT (-88.5891666666667 40.0311666666667),5f7d9a77-b3c0-4b9e-a040-04bb38a41d41,USGS-05572000,4e84e156-9641-76d8-e053-0100007fc298,914,2007-10-05T15:01:00+00:00,Imported Channel 1,9.45,ft^3/s,46.0,ft,43.8,ft^2,0.22,ft/s,,,Unspecified,Unspecified,Unspecified,Unspecified,Unspecified,Unknown,Wading,2026-07-10T00:05:20.378169+00:00,point_velocity,Unspecified
05572000,POINT (-88.5891666666667 40.0311666666667),5fb69b36-e618-4044-8ebb-9009e7881743,USGS-05572000,e7c992b6-ee97-45dd-ba04-7c629feebe08,1008,2022-06-16T15:42:35+00:00,MAIN,263,ft^3/s,102,ft,410,ft^2,0.64,ft/s,0.00,ft,Soft,SiltMud,Even,Even,Unspecified,Unspecified,BridgeDownstreamSide,2026-07-10T00:05:20.378169+00:00,adcp,AtTheGage
05572000,POINT (-88.5891666666667 40.0311666666667),5fd39c28-d472-4af5-a3be-8bf79b8e3471,USGS-05572000,4e84cf0f-e2fb-6c68-e053-0100007f5fa1,801,1992-06-30T17:30:00+00:00,Imported Channel 1,71.2,ft^3/s,58.0,ft,97.0,ft^2,0.75,ft/s,,,Unspecified,Unspecified,Unspecified,Unspecified,Unspecified,Unknown,Wading,2026-07-10T00:05:20.378169+00:00,point_velocity,Unspecified
05572000,POINT (-88.5891666666667 40.0311666666667),5fd5249e-f669-4c5b-a693-16986e4d2827,USGS-05572000,8822ab0b-f88c-4ae2-80c6-7d5f21e56323,1016,2023-08-25T17:10:23+00:00,MAIN,12.7,ft^3/s,28.0,ft,11.8,ft^2,1.08,ft/s,1800.00,ft,Firm,Sand,Even,Unspecified,Unspecified,Unspecified,Wading,2026-07-10T00:05:20.378169+00:00,point_velocity,Upstream
05572000,POINT (-88.5891666666667 40.0311666666667),6013d85b-0500-47f0-93f2-70217e3c984f,USGS-05572000,4e84f319-fe91-805e-e053-0100007f8368,970,2016-01-15T21:14:51+00:00,Main,598,ft^3/s,101,ft,649,ft^2,0.92,ft/s,,ft,Unspecified,Unspecified,Unspecified,Even,Unspecified,Unknown,BridgeDownstreamSide,2026-07-10T00:05:20.378169+00:00,adcp,AtTheGage
05572000,POINT (-88.5891666666667 40.0311666666667),603027c5-27aa-4e7b-890a-f6cdd8a9c09b,USGS-05572000,4e84ce8f-b21b-6bc2-e053-0100007fbd8b,669,1979-09-27T06:00:00+00:00,Imported Channel 1,24.2,ft^3/s,,,,,,,,ft,Unspecified,Unspecified,Unspecified,Unspecified,Unspecified,Unknown,Unspecified,2026-07-10T00:05:20.378169+00:00,other_method,Unspecified
05572000,POINT (-88.5891666666667 40.0311666666667),604284ad-cf62-446f-81dc-a6b35c0e02aa,USGS-05572000,4e84ca74-5df7-697c-e053-0100007f3454,562,1971-06-24T06:00:00+00:00,Imported Channel 1,78.2,ft^3/s,,,,,,,,ft,Unspecified,Unspecified,Unspecified,Unspecified,Unspecified,Unknown,Unspecified,2026-07-10T00:05:20.378169+00:00,other_method,Unspecified
05572000,POINT (-88.5891666666667 40.0311666666667),613cb90f-e732-406f-9ac9-2f1d45337eef,USGS-05572000,6ea5950a-89c7-429a-8e33-5a573f8431f5,1009,2022-07-27T18:47:41+00:00,MAIN,68.4,ft^3/s,84.2,ft,216,ft^2,0.32,ft/s,0.00,ft,Soft,SiltMud,Even,Even,Standard,Steady,BridgeDownstreamSide,2026-07-10T00:05:20.378169+00:00,adcp,AtTheGage
05572000,POINT (-88.5891666666667 40.0311666666667),621613f3-6165-425f-aa5a-7fc6639dad6f,USGS-05572000,4e84cb02-e8d2-69b4-e053-0100007f3b5a,659,1979-01-23T06:00:00+00:00,Imported Channel 1,44.0,ft^3/s,,,,,,,,ft,Unspecified,Unspecified,Unspecified,Unspecified,Unspecified,Unknown,Unspecified,2026-07-10T00:05:20.378169+00:00,other_method,Unspecified
05572000,POINT (-88.5891666666667 40.0311666666667),622272ad-cc48-42d4-9fea-40347b9dc5eb,USGS-05572000,4e84d229-47e7-6d98-e053-0100007f4f8e,712,1983-03-31T06:00:00+00:00,Imported Channel 1,832,ft^3/s,119,ft,788,ft^2,1.06,ft/s,,,Unspecified,Unspecified,Unspecified,Unspecified,Unspecified,Unknown,BridgeCrane,2026-07-10T00:05:20.378169+00:00,point_velocity,Unspecified
05572000,POINT (-88.5891666666667 40.0311666666667),62a20428-81ce-4aca-8b4b-cbb784190088,USGS-05572000,4e84ed18-56f9-7d10-e053-0100007f4650,881,2003-12-08T16:10:00+00:00,Imported Channel 1,399,ft^3/s,96.0,ft,450,ft^2,0.87,ft/s,,ft,Unspecified,Unspecified,Unspecified,Unspecified,Unspecified,Unknown,Unspecified,2026-07-10T00:05:20.378169+00:00,adcp,Unspecified
05572000,POINT (-88.5891666666667 40.0311666666667),62ed76a5-b110-4c78-8fcf-92884dfca46e,USGS-05572000,5a380c9a-d64f-4c10-97d3-b7d9d7078623,1012,2023-01-11T15:08:10+00:00,MAIN,210,ft^3/s,89.4,ft,369,ft^2,0.57,ft/s,0.00,ft,Soft,SiltMud,Even,Unspecified,Unspecified,Unspecified,BridgeDownstreamSide,2026-07-10T00:05:20.378169+00:00,adcp,AtTheGage
05572000,POINT (-88.5891666666667 40.0311666666667),62f89a35-b21b-4faa-b4bd-7c9943605c08,USGS-05572000,4e84ce8f-b222-6bc2-e053-0100007fbd8b,783,1990-02-01T06:00:00+00:00,Imported Channel 1,132,ft^3/s,78.0,ft,325,ft^2,0.41,ft/s,,,Unspecified,Unspecified,Unspecified,Unspecified,Unspecified,Unknown,Wading,2026-07-10T00:05:20.378169+00:00,point_velocity,Unspecified
05572000,POINT (-88.5891666666667 40.0311666666667),635e0752-c76a-4fa8-9283-ee68f9272b0c,USGS-05572000,4e84d308-d508-6e42-e053-0100007f7e42,649,1978-03-29T06:00:00+00:00,Imported Channel 1,1770,ft^3/s,,,,,,,,ft,Unspecified,Unspecified,Unspecified,Unspecified,Unspecified,Unknown,Unspecified,2026-07-10T00:05:20.378169+00:00,other_method,Unspecified
05572000,POINT (-88.5891666666667 40.0311666666667),638f1853-e7b9-40e0-aaab-f08741ace520,USGS-05572000,4e84c559-c1dc-665d-e053-0100007fa715,591,1973-08-23T06:00:00+00:00,Imported Channel 1,76.6,ft^3/s,,,,,,,,ft,Unspecified,Unspecified,Unspecified,Unspecified,Unspecified,Unknown,Unspecified,2026-07-10T00:05:20.378169+00:00,other_method,Unspecified
05572000,POINT (-88.5891666666667 40.0311666666667),64897e4a-cdb2-482f-a976-4e4dbe46a93a,USGS-05572000,4e84e1a6-2762-7696-e053-0100007f08e2,763,1988-03-31T16:30:00+00:00,Imported Channel 1,1200,ft^3/s,147,ft,822,ft^2,1.46,ft/s,,,Unspecified,Unspecified,Unspecified,Unspecified,Unspecified,Unknown,BridgeCrane,2026-07-10T00:05:20.378169+00:00,point_velocity,Unspecified
05572000,POINT (-88.5891666666667 40.0311666666667),64b722c4-7ab0-496a-9882-38e82ab5ff20,USGS-05572000,4e84cdf7-0027-6b68-e053-0100007f50ea,731,1984-12-31T06:00:00+00:00,Imported Channel 1,536,ft^3/s,99.0,ft,612,ft^2,0.88,ft/s,,,Unspecified,Unspecified,Unspecified,Unspecified,Unspecified,Unknown,BridgeCrane,2026-07-10T00:05:20.378169+00:00,point_velocity,Unspecified
05572000,POINT (-88.5891666666667 40.0311666666667),6565faa5-4cad-4da6-ac28-cf6a607e4211,USGS-05572000,4e84c816-e321-67c3-e053-0100007f9dc5,703,1982-06-30T06:00:00+00:00,Imported Channel 1,167,ft^3/s,86.0,ft,442,ft^2,0.39,ft/s,,,Unspecified,Unspecified,Unspecified,Unspecified,Unspecified,Unknown,BridgeCrane,2026-07-10T00:05:20.378169+00:00,point_velocity,Unspecified
05572000,POINT (-88.5891666666667 40.0311666666667),657f4dc9-4f54-4f24-afeb-a5a4fb18b3b5,USGS-05572000,4e84c70a-d775-67c7-e053-0100007f7057,584,1973-03-26T06:00:00+00:00,Imported Channel 1,1820,ft^3/s,,,,,,,,ft,Unspecified,Unspecified,Unspecified,Unspecified,Unspecified,Unknown,Unspecified,2026-07-10T00:05:20.378169+00:00,other_method,Unspecified
05572000,POINT (-88.5891666666667 40.0311666666667),663fe51a-92b9-46de-8e34-5951ac90b3a8,USGS-05572000,4e84ce52-02a4-6bc0-e053-0100007fdb10,604,1974-09-24T06:00:00+00:00,Imported Channel 1,26.9,ft^3/s,,,,,,,,ft,Unspecified,Unspecified,Unspecified,Unspecified,Unspecified,Unknown,Unspecified,2026-07-10T00:05:20.378169+00:00,other_method,Unspecified
05572000,POINT (-88.5891666666667 40.0311666666667),66549a3e-bef8-4be1-ba14-11da22c46744,USGS-05572000,4e84ceab-a96c-6b64-e053-0100007f2260,578,1972-09-26T06:00:00+00:00,Imported Channel 1,1020,ft^3/s,,,,,,,,ft,Unspecified,Unspecified,Unspecified,Unspecified,Unspecified,Unknown,Unspecified,2026-07-10T00:05:20.378169+00:00,other_method,Unspecified
05572000,POINT (-88.5891666666667 40.0311666666667),6667f976-b201-4886-9e99-677269b120fd,USGS-05572000,4e84fe48-2e12-8689-e053-0100007f0be9,940,2011-06-28T15:27:00+00:00,Imported Channel 1,524,ft^3/s,95.6,ft,559,ft^2,0.94,ft/s,,ft,Soft,SiltMud,Even,Even,Uniform,Unknown,BridgeDownstreamSide,2026-07-10T00:05:20.378169+00:00,adcp,AtTheGage
05572000,POINT (-88.5891666666667 40.0311666666667),66ac8e5e-55e0-40d6-ae36-45e0ac141933,USGS-05572000,4e84c7cd-51d1-684d-e053-0100007f5cb9,603,1974-08-23T06:00:00+00:00,Imported Channel 1,106,ft^3/s,,,,,,,,ft,Unspecified,Unspecified,Unspecified,Unspecified,Unspecified,Unknown,Unspecified,2026-07-10T00:05:20.378169+00:00,other_method,Unspecified
05572000,POINT (-88.5891666666667 40.0311666666667),66acfeb9-8f08-4976-9e9a-b8361d243511,USGS-05572000,4e84f575-2fde-8218-e053-0100007fd6ab,951,2012-10-04T19:01:00+00:00,MAIN,6.45,ft^3/s,18.0,ft,11.8,ft^2,0.55,ft/s,700.00,ft,Soft,SiltMud,Even,Even,Uniform,Unknown,Wading,2026-07-10T00:05:20.378169+00:00,point_velocity,Upstream
05572000,POINT (-88.5891666666667 40.0311666666667),66c2a55b-1c4e-4c48-999f-1e7c76b18760,USGS-05572000,4e84d93e-ec10-7224-e053-0100007f080e,776,1989-05-31T20:15:00+00:00,Imported Channel 1,1670,ft^3/s,137,ft,953,ft^2,1.75,ft/s,,,Unspecified,Unspecified,Unspecified,Unspecified,Unspecified,Unknown,BridgeCrane,2026-07-10T00:05:20.378169+00:00,point_velocity,Unspecified
05572000,POINT (-88.5891666666667 40.0311666666667),66c362dd-cfe2-49d5-b154-28707d9f12e7,USGS-05572000,4e84dc74-0c78-7328-e053-0100007f94fc,898,2004-11-03T19:56:00+00:00,Imported Channel 1,1120,ft^3/s,135,ft,876,ft^2,1.28,ft/s,,,Unspecified,Unspecified,Unspecified,Unspecified,Unspecified,Unknown,BridgeCrane,2026-07-10T00:05:20.378169+00:00,point_velocity,Unspecified
05572000,POINT (-88.5891666666667 40.0311666666667),679d4e37-04d4-4860-bc7a-946cbdf8db1d,USGS-05572000,4e84ceff-c424-6c64-e053-0100007fba2c,657,1978-11-27T06:00:00+00:00,Imported Channel 1,15.9,ft^3/s,,,,,,,,ft,Unspecified,Unspecified,Unspecified,Unspecified,Unspecified,Unknown,Unspecified,2026-07-10T00:05:20.378169+00:00,other_method,Unspecified
05572000,POINT (-88.5891666666667 40.0311666666667),67b24432-723a-4123-8f9a-d812500a3b1c,USGS-05572000,4e84eca2-3962-7d4e-e053-0100007f523d,864,2001-03-13T17:50:00+00:00,Imported Channel 1,394,ft^3/s,94.0,ft,434,ft^2,0.91,ft/s,,,Unspecified,Unspecified,Unspecified,Unspecified,Unspecified,Unknown,BridgeCrane,2026-07-10T00:05:20.378169+00:00,point_velocity,Unspecified
05572000,POINT (-88.5891666666667 40.0311666666667),67b9b645-9b2e-4274-a14b-738944c85138,USGS-05572000,4e84e156-9646-76d8-e053-0100007fc298,922,2008-11-04T20:43:00+00:00,Imported Channel 1,203,ft^3/s,91.7,ft,387,ft^2,0.52,ft/s,,ft,Unspecified,Unspecified,Unspecified,Unspecified,Unspecified,Unknown,Unspecified,2026-07-10T00:05:20.378169+00:00,adcp,Unspecified
05572000,POINT (-88.5891666666667 40.0311666666667),6830a9d6-6027-49c9-813b-d1c12b26be67,USGS-05572000,4e84dce2-c866-7302-e053-0100007f7c79,831,1996-12-05T16:10:00+00:00,Imported Channel 1,93.8,ft^3/s,82.0,ft,225,ft^2,0.42,ft/s,,,Unspecified,Unspecified,Unspecified,Unspecified,Unspecified,Unknown,BridgeCrane,2026-07-10T00:05:20.378169+00:00,point_velocity,Unspecified
05572000,POINT (-88.5891666666667 40.0311666666667),68c63f79-0aaa-4dbb-b7a6-9a613fa8cf7d,USGS-05572000,4e84cdf7-002b-6b68-e053-0100007f50ea,735,1985-05-01T06:00:00+00:00,Imported Channel 1,218,ft^3/s,88.0,ft,474,ft^2,0.47,ft/s,,,Unspecified,Unspecified,Unspecified,Unspecified,Unspecified,Unknown,BridgeCrane,2026-07-10T00:05:20.378169+00:00,point_velocity,Unspecified
05572000,POINT (-88.5891666666667 40.0311666666667),68d868d5-dd63-423c-a737-8a5c582c6973,USGS-05572000,4e84c799-977e-6845-e053-0100007febd5,670,1979-10-29T06:00:00+00:00,Imported Channel 1,14.9,ft^3/s,,,,,,,,ft,Unspecified,Unspecified,Unspecified,Unspecified,Unspecified,Unknown,Unspecified,2026-07-10T00:05:20.378169+00:00,other_method,Unspecified
05572000,POINT (-88.5891666666667 40.0311666666667),69077225-b01b-4476-a1c1-7249c344d199,USGS-05572000,4e84ffa2-059e-87a4-e053-0100007f6f8f,957,2013-09-19T15:15:00+00:00,MAIN,6.55,ft^3/s,28.5,ft,16.4,ft^2,0.40,ft/s,700.00,ft,Soft,Sand,Even,Even,Uniform,Unknown,Wading,2026-07-10T00:05:20.378169+00:00,point_velocity,Upstream
05572000,POINT (-88.5891666666667 40.0311666666667),693e7655-17e7-4a90-9f42-a9af3f784451,USGS-05572000,4e84deb8-f9ba-74e6-e053-0100007f8872,673,1980-01-29T06:00:00+00:00,Imported Channel 1,20.8,ft^3/s,,,,,,,,ft,Unspecified,Unspecified,Unspecified,Unspecified,Unspecified,Unknown,Unspecified,2026-07-10T00:05:20.378169+00:00,other_method,Unspecified
05572000,POINT (-88.5891666666667 40.0311666666667),695c50b5-227a-40da-9f7a-21ff1d29a696,USGS-05572000,4e84d200-fd79-6dae-e053-0100007ff353,823,1995-12-01T16:00:00+00:00,Imported Channel 1,80.4,ft^3/s,68.0,ft,110,ft^2,0.73,ft/s,,,Unspecified,Unspecified,Unspecified,Unspecified,Unspecified,Unknown,Wading,2026-07-10T00:05:20.378169+00:00,point_velocity,Unspecified
05572000,POINT (-88.5891666666667 40.0311666666667),69a8f8cc-7bb1-487a-8625-c09958a8e0a5,USGS-05572000,5e227330-4198-9273-e053-0100007fb4dd,980,2017-11-15T20:43:00+00:00,Main,10.3,ft^3/s,49.1,ft,42.0,ft^2,0.24,ft/s,300.00,ft,Soft,Sand,Even,Even,Unknown,Steady,Wading,2026-07-10T00:05:20.378169+00:00,point_velocity,Upstream
05572000,POINT (-88.5891666666667 40.0311666666667),6b6c1b49-7781-493a-b115-75fd620d8860,USGS-05572000,4e84d200-fd55-6dae-e053-0100007ff353,687,1981-02-26T06:00:00+00:00,Imported Channel 1,588,ft^3/s,102,ft,671,ft^2,0.88,ft/s,,,Unspecified,Unspecified,Unspecified,Unspecified,Unspecified,Unknown,BridgeCrane,2026-07-10T00:05:20.378169+00:00,point_velocity,Unspecified
05572000,POINT (-88.5891666666667 40.0311666666667),6bca9b49-fe2f-40f9-9db4-78946f100b51,USGS-05572000,4e84f377-ab9a-8028-e053-0100007f9c8c,892,2004-03-11T14:55:00+00:00,Imported Channel 1,500,ft^3/s,100,ft,511,ft^2,0.98,ft/s,,ft,Unspecified,Unspecified,Unspecified,Unspecified,Unspecified,Unknown,Unspecified,2026-07-10T00:05:20.378169+00:00,adcp,Unspecified
05572000,POINT (-88.5891666666667 40.0311666666667),6c0817eb-312b-48e7-989a-ccdcfd8add66,USGS-05572000,4e84ec00-c273-7cee-e053-0100007ff1fa,863,2001-01-08T16:44:00+00:00,Imported Channel 1,69.6,ft^3/s,61.0,ft,116,ft^2,0.62,ft/s,,,Unspecified,Unspecified,Unspecified,Unspecified,Unspecified,Unknown,Wading,2026-07-10T00:05:20.378169+00:00,point_velocity,Unspecified
05572000,POINT (-88.5891666666667 40.0311666666667),6c9addee-74e7-47b7-b2b6-2757b1a7c658,USGS-05572000,4e84c559-c1fb-665d-e053-0100007fa715,715,1983-06-30T06:00:00+00:00,Imported Channel 1,671,ft^3/s,107,ft,675,ft^2,0.99,ft/s,,,Unspecified,Unspecified,Unspecified,Unspecified,Unspecified,Unknown,BridgeCrane,2026-07-10T00:05:20.378169+00:00,point_velocity,Unspecified
05572000,POINT (-88.5891666666667 40.0311666666667),6cb17cfd-fda5-4922-aba0-12cd466111ba,USGS-05572000,4e84ed5b-e127-7d0e-e053-0100007fc52f,838,1997-08-20T17:25:00+00:00,Imported Channel 1,446,ft^3/s,94.0,ft,496,ft^2,0.90,ft/s,,,Unspecified,Unspecified,Unspecified,Unspecified,Unspecified,Unknown,BridgeCrane,2026-07-10T00:05:20.378169+00:00,point_velocity,Unspecified
05572000,POINT (-88.5891666666667 40.0311666666667),6e40d3e2-cecc-4485-aee1-2c60ea678766,USGS-05572000,4a7b9a02-bb9e-4445-9b4f-dc655f49f6c6,1014,2023-05-04T19:26:41+00:00,MAIN,146,ft^3/s,85.5,ft,292,ft^2,0.50,ft/s,0.00,ft,Soft,SiltMud,Even,Unspecified,Unspecified,Unspecified,BridgeDownstreamSide,2026-07-10T00:05:20.378169+00:00,adcp,AtTheGage
05572000,POINT (-88.5891666666667 40.0311666666667),6f0f8ac4-446b-449a-ace3-b8c5ed83249f,USGS-05572000,4e84d93e-ebf8-7224-e053-0100007f080e,524,1968-05-16T06:00:00+00:00,Imported Channel 1,14100,ft^3/s,,,,,,,,ft,Unspecified,Unspecified,Unspecified,Unspecified,Unspecified,Unknown,Unspecified,2026-07-10T00:05:20.378169+00:00,other_method,Unspecified
05572000,POINT (-88.5891666666667 40.0311666666667),70b479b1-8a06-4d5e-a864-8d36d55a98ba,USGS-05572000,4e84d8f9-9bf1-7240-e053-0100007f04ef,585,1973-04-25T06:00:00+00:00,Imported Channel 1,4960,ft^3/s,,,,,,,,ft,Unspecified,Unspecified,Unspecified,Unspecified,Unspecified,Unknown,Unspecified,2026-07-10T00:05:20.378169+00:00,other_method,Unspecified
05572000,POINT (-88.5891666666667 40.0311666666667),73a6a154-85dc-44df-aa6b-6a4e54279b5c,USGS-05572000,4e84ea40-1b03-7b8b-e053-0100007f9040,839,1997-10-02T13:02:00+00:00,Imported Channel 1,19.3,ft^3/s,33.5,ft,24.6,ft^2,0.78,ft/s,,,Unspecified,Unspecified,Unspecified,Unspecified,Unspecified,Unknown,Wading,2026-07-10T00:05:20.378169+00:00,point_velocity,Unspecified
05572000,POINT (-88.5891666666667 40.0311666666667),73f1e158-8612-4347-9423-2dab6ba5ee77,USGS-05572000,4e84def1-85ae-74e4-e053-0100007f090f,861,2000-11-15T14:45:00+00:00,Imported Channel 1,289,ft^3/s,89.0,ft,346,ft^2,0.84,ft/s,,,Unspecified,Unspecified,Unspecified,Unspecified,Unspecified,Unknown,BridgeCrane,2026-07-10T00:05:20.378169+00:00,point_velocity,Unspecified
05572000,POINT (-88.5891666666667 40.0311666666667),7404e9ca-6f6a-48e7-b5ab-3eafb018b47c,USGS-05572000,4e8501b3-9258-8886-e053-0100007fa00f,968,2015-08-17T20:06:15+00:00,main,79.2,ft^3/s,96.6,ft,273,ft^2,0.29,ft/s,10.00,ft,Unspecified,Unspecified,Unspecified,Unspecified,Unspecified,Unknown,BridgeDownstreamSide,2026-07-10T00:05:20.378169+00:00,adcp,Downstream
05572000,POINT (-88.5891666666667 40.0311666666667),75364765-320b-43c4-a84d-7e9b3380cb48,USGS-05572000,4e84d8fd-c9c0-7244-e053-0100007f5698,819,1995-05-16T18:50:00+00:00,Imported Channel 1,1810,ft^3/s,154,ft,1280,ft^2,1.41,ft/s,,,Unspecified,Unspecified,Unspecified,Unspecified,Unspecified,Unknown,Boat,2026-07-10T00:05:20.378169+00:00,point_velocity,Unspecified
05572000,POINT (-88.5891666666667 40.0311666666667),753a5d3f-8379-4fb8-9770-b3b0bcfebd50,USGS-05572000,4e84ce8f-b220-6bc2-e053-0100007fbd8b,752,1986-08-28T06:00:00+00:00,Imported Channel 1,16.4,ft^3/s,53.0,ft,53.8,ft^2,0.30,ft/s,,,Unspecified,Unspecified,Unspecified,Unspecified,Unspecified,Unknown,Wading,2026-07-10T00:05:20.378169+00:00,point_velocity,Unspecified
05572000,POINT (-88.5891666666667 40.0311666666667),75749173-6be2-49e8-b530-fc7b0f4b8809,USGS-05572000,4e84da41-ba65-72b8-e053-0100007fd5f5,645,1977-10-27T06:00:00+00:00,Imported Channel 1,1320,ft^3/s,,,,,,,,ft,Unspecified,Unspecified,Unspecified,Unspecified,Unspecified,Unknown,Unspecified,2026-07-10T00:05:20.378169+00:00,other_method,Unspecified
05572000,POINT (-88.5891666666667 40.0311666666667),76116230-f86c-4da6-a8a9-00574aa6bf91,USGS-05572000,4e84f459-3e04-80eb-e053-0100007fd37b,974,2016-11-30T15:42:04+00:00,MAIN,1380,ft^3/s,161,ft,1040,ft^2,1.33,ft/s,,ft,Soft,SiltMud,Even,Even,Uniform,Unknown,BridgeDownstreamSide,2026-07-10T00:05:20.378169+00:00,adcp,AtTheGage
05572000,POINT (-88.5891666666667 40.0311666666667),7681282e-867a-498c-b4b7-f2751db9dac0,USGS-05572000,4e84c583-af95-668b-e053-0100007fccd4,778,1989-08-01T17:20:00+00:00,Imported Channel 1,22.0,ft^3/s,50.0,ft,46.4,ft^2,0.50,ft/s,,,Unspecified,Unspecified,Unspecified,Unspecified,Unspecified,Unknown,Wading,2026-07-10T00:05:20.378169+00:00,point_velocity,Unspecified
05572000,POINT (-88.5891666666667 40.0311666666667),76d380f2-fe81-449f-a486-7da240fbd599,USGS-05572000,4e84ed18-56fe-7d10-e053-0100007f4650,895,2004-06-10T12:49:00+00:00,Imported Channel 1,469,ft^3/s,98.0,ft,487,ft^2,0.96,ft/s,,ft,Unspecified,Unspecified,Unspecified,Unspecified,Unspecified,Unknown,Unspecified,2026-07-10T00:05:20.378169+00:00,adcp,Unspecified
05572000,POINT (-88.5891666666667 40.0311666666667),77b0445e-371e-4b85-97a5-9848dc59febe,USGS-05572000,4e84f473-668d-80bd-e053-0100007f77ec,960,2014-02-24T19:39:08+00:00,MAIN,4380,ft^3/s,487,ft,2270,ft^2,1.93,ft/s,,ft,Soft,SiltMud,Even,Unspecified,Uniform,Unknown,BridgeDownstreamSide,2026-07-10T00:05:20.378169+00:00,adcp,AtTheGage
05572000,POINT (-88.5891666666667 40.0311666666667),77db3e89-7df4-4f04-bcea-bcac066ca452,USGS-05572000,4e84d8b0-1199-707b-e053-0100007fc9d2,551,1970-07-27T06:00:00+00:00,Imported Channel 1,84.7,ft^3/s,,,,,,,,ft,Unspecified,Unspecified,Unspecified,Unspecified,Unspecified,Unknown,Unspecified,2026-07-10T00:05:20.378169+00:00,other_method,Unspecified
05572000,POINT (-88.5891666666667 40.0311666666667),781124d3-8dba-435a-88b2-d36e36eb2c66,USGS-05572000,4e84e4d7-7b91-78c8-e053-0100007fadd2,791,1990-12-31T06:00:00+00:00,Imported Channel 1,9220,ft^3/s,481,ft,3850,ft^2,2.38,ft/s,,,Unspecified,Unspecified,Unspecified,Unspecified,Unspecified,Unknown,BridgeCrane,2026-07-10T00:05:20.378169+00:00,point_velocity,Unspecified
05572000,POINT (-88.5891666666667 40.0311666666667),79529d83-bb49-44a8-8a5a-58b60f1c437a,USGS-05572000,4e84c825-01a5-6827-e053-0100007fbfc4,617,1975-10-28T06:00:00+00:00,Imported Channel 1,119,ft^3/s,,,,,,,,ft,Unspecified,Unspecified,Unspecified,Unspecified,Unspecified,Unknown,Unspecified,2026-07-10T00:05:20.378169+00:00,other_method,Unspecified
05572000,POINT (-88.5891666666667 40.0311666666667),7984f882-15d5-4ae9-8b40-bdd2d399d8b5,USGS-05572000,4e84df01-d0b2-750c-e053-0100007f7f05,799,1992-03-20T16:15:00+00:00,Imported Channel 1,570,ft^3/s,94.0,ft,584,ft^2,0.98,ft/s,,,Unspecified,Unspecified,Unspecified,Unspecified,Unspecified,Unknown,BridgeCrane,2026-07-10T00:05:20.378169+00:00,point_velocity,Unspecified
05572000,POINT (-88.5891666666667 40.0311666666667),79c8fd5b-bc8c-49b9-9de9-1ec8edb51794,USGS-05572000,4e84f3f3-1797-80ed-e053-0100007fb48c,867,2001-10-04T19:58:00+00:00,Imported Channel 1,2.98,ft^3/s,32.5,ft,9.34,ft^2,0.85,ft/s,,,Unspecified,Unspecified,Unspecified,Unspecified,Unspecified,Unknown,Wading,2026-07-10T00:05:20.378169+00:00,point_velocity,Unspecified
05572000,POINT (-88.5891666666667 40.0311666666667),7bcea0aa-6768-4f13-b405-d8416416be70,USGS-05572000,4e84cdf7-002d-6b68-e053-0100007f50ea,737,1985-07-01T06:00:00+00:00,Imported Channel 1,868,ft^3/s,115,ft,740,ft^2,1.17,ft/s,,,Unspecified,Unspecified,Unspecified,Unspecified,Unspecified,Unknown,BridgeCrane,2026-07-10T00:05:20.378169+00:00,point_velocity,Unspecified
05572000,POINT (-88.5891666666667 40.0311666666667),7d1ebd9f-18ee-4c67-88db-ac1e505b728d,USGS-05572000,4e84fd26-8140-868b-e053-0100007fc3fd,942,2011-10-11T19:05:19+00:00,Channel 1,2.83,ft^3/s,36.0,ft,17.4,ft^2,0.16,ft/s,700.00,ft,Firm,Gravel,Even,Even,Uniform,Unknown,Wading,2026-07-10T00:05:20.378169+00:00,point_velocity,Upstream
05572000,POINT (-88.5891666666667 40.0311666666667),7d85a318-51d2-4be3-916a-40b8d2a7f92c,USGS-05572000,4e84c559-c1e2-665d-e053-0100007fa715,600,1974-05-27T06:00:00+00:00,Imported Channel 1,1730,ft^3/s,,,,,,,,ft,Unspecified,Unspecified,Unspecified,Unspecified,Unspecified,Unknown,Unspecified,2026-07-10T00:05:20.378169+00:00,other_method,Unspecified
05572000,POINT (-88.5891666666667 40.0311666666667),7dfcd4d9-fe72-4846-aaad-74b566bab55e,USGS-05572000,4e84d03a-1ce0-6c72-e053-0100007fef9b,552,1970-08-25T06:00:00+00:00,Imported Channel 1,30.3,ft^3/s,,,,,,,,ft,Unspecified,Unspecified,Unspecified,Unspecified,Unspecified,Unknown,Unspecified,2026-07-10T00:05:20.378169+00:00,other_method,Unspecified
05572000,POINT (-88.5891666666667 40.0311666666667),7f07d12b-20a5-4f01-8327-9c577d40793c,USGS-05572000,4e84d308-d50d-6e42-e053-0100007f7e42,693,1981-08-27T06:00:00+00:00,Imported Channel 1,1150,ft^3/s,130,ft,915,ft^2,1.26,ft/s,,,Unspecified,Unspecified,Unspecified,Unspecified,Unspecified,Unknown,BridgeCrane,2026-07-10T00:05:20.378169+00:00,point_velocity,Unspecified
05572000,POINT (-88.5891666666667 40.0311666666667),7f6a0c7b-345e-447d-b91b-522f0905a2e0,USGS-05572000,4e84dc93-372b-73da-e053-0100007f7e75,620,1976-01-20T06:00:00+00:00,Imported Channel 1,171,ft^3/s,,,,,,,,ft,Unspecified,Unspecified,Unspecified,Unspecified,Unspecified,Unknown,Unspecified,2026-07-10T00:05:20.378169+00:00,other_method,Unspecified
05572000,POINT (-88.5891666666667 40.0311666666667),7f7c1327-b03f-4a91-b0ff-09c86439d7e1,USGS-05572000,4e84bdde-d0fe-616a-e053-0100007f0505,572,1972-04-25T06:00:00+00:00,Imported Channel 1,1930,ft^3/s,,,,,,,,ft,Unspecified,Unspecified,Unspecified,Unspecified,Unspecified,Unknown,Unspecified,2026-07-10T00:05:20.378169+00:00,other_method,Unspecified
05572000,POINT (-88.5891666666667 40.0311666666667),7fc8a09e-131a-4d18-a1a9-17a4b5b6747d,USGS-05572000,4e84daa0-5949-7074-e053-0100007f84f3,568,1971-12-20T06:00:00+00:00,Imported Channel 1,1960,ft^3/s,,,,,,,,ft,Unspecified,Unspecified,Unspecified,Unspecified,Unspecified,Unknown,Unspecified,2026-07-10T00:05:20.378169+00:00,other_method,Unspecified
05572000,POINT (-88.5891666666667 40.0311666666667),8068b933-6fd1-4429-9284-a82d635fe540,USGS-05572000,4e84cf63-f961-6c5b-e053-0100007f123d,772,1989-01-31T18:00:00+00:00,Imported Channel 1,117,ft^3/s,14.5,ft,134,ft^2,0.87,ft/s,,,Unspecified,Unspecified,Unspecified,Unspecified,Unspecified,Unknown,Wading,2026-07-10T00:05:20.378169+00:00,point_velocity,Unspecified
05572000,POINT (-88.5891666666667 40.0311666666667),80bd8a35-f1a6-493e-a9d8-e926815cdb2f,USGS-05572000,4e84d5c5-6904-7013-e053-0100007fcc80,623,1976-04-26T06:00:00+00:00,Imported Channel 1,249,ft^3/s,,,,,,,,ft,Unspecified,Unspecified,Unspecified,Unspecified,Unspecified,Unknown,Unspecified,2026-07-10T00:05:20.378169+00:00,other_method,Unspecified
05572000,POINT (-88.5891666666667 40.0311666666667),81450932-3790-47f3-8693-e3ac3bf02bb1,USGS-05572000,4e84d2ec-33a8-6e40-e053-0100007f1b0d,676,1980-05-14T06:00:00+00:00,Imported Channel 1,168,ft^3/s,,,,,,,,ft,Unspecified,Unspecified,Unspecified,Unspecified,Unspecified,Unknown,Unspecified,2026-07-10T00:05:20.378169+00:00,other_method,Unspecified
05572000,POINT (-88.5891666666667 40.0311666666667),8175bde5-f6c5-4196-b124-552dfff336dd,USGS-05572000,4e84e82c-cd0a-7a98-e053-0100007f5236,853,1999-10-25T14:35:00+00:00,Imported Channel 1,4.95,ft^3/s,22.5,ft,14.8,ft^2,0.50,ft/s,,,Unspecified,Unspecified,Unspecified,Unspecified,Unspecified,Unknown,Wading,2026-07-10T00:05:20.378169+00:00,point_velocity,Unspecified
05572000,POINT (-88.5891666666667 40.0311666666667),8232166d-48cb-4f47-9e66-bda185c8f879,USGS-05572000,4e84d2ec-33c9-6e40-e053-0100007f1b0d,840,1997-12-16T18:50:00+00:00,Imported Channel 1,128,ft^3/s,63.0,ft,143,ft^2,0.92,ft/s,,,Unspecified,Unspecified,Unspecified,Unspecified,Unspecified,Unknown,Wading,2026-07-10T00:05:20.378169+00:00,point_velocity,Unspecified
05572000,POINT (-88.5891666666667 40.0311666666667),83830715-93cd-40c1-b40c-8d84566347b6,USGS-05572000,4e84c7cd-51d7-684d-e053-0100007f5cb9,688,1981-03-30T06:00:00+00:00,Imported Channel 1,77.1,ft^3/s,58.0,ft,79.4,ft^2,1.05,ft/s,,,Unspecified,Unspecified,Unspecified,Unspecified,Unspecified,Unknown,Wading,2026-07-10T00:05:20.378169+00:00,point_velocity,Unspecified
05572000,POINT (-88.5891666666667 40.0311666666667),83be7f0e-005d-46ce-8aba-01a037d43671,USGS-05572000,4e84c439-fe3f-6603-e053-0100007f8ed8,563,1971-07-23T06:00:00+00:00,Imported Channel 1,335,ft^3/s,,,,,,,,ft,Unspecified,Unspecified,Unspecified,Unspecified,Unspecified,Unknown,Unspecified,2026-07-10T00:05:20.378169+00:00,other_method,Unspecified
05572000,POINT (-88.5891666666667 40.0311666666667),84142971-ef60-4cba-a99e-54f183c6d5eb,USGS-05572000,4e84f388-0f5b-802c-e053-0100007ffc24,921,2008-10-23T18:38:00+00:00,Imported Channel 1,112,ft^3/s,87.3,ft,434,ft^2,0.26,ft/s,,ft,Unspecified,Unspecified,Unspecified,Unspecified,Unspecified,Unknown,Unspecified,2026-07-10T00:05:20.378169+00:00,adcp,Unspecified
05572000,POINT (-88.5891666666667 40.0311666666667),847b27fd-08b4-4725-be5e-5a69a19026a5,USGS-05572000,4e84db7b-197f-72ba-e053-0100007fe6d8,793,1991-05-16T21:20:00+00:00,Imported Channel 1,1480,ft^3/s,148,ft,1010,ft^2,1.46,ft/s,,,Unspecified,Unspecified,Unspecified,Unspecified,Unspecified,Unknown,BridgeCrane,2026-07-10T00:05:20.378169+00:00,point_velocity,Unspecified
05572000,POINT (-88.5891666666667 40.0311666666667),84f585a4-1a78-4584-95b8-97929662e46a,USGS-05572000,4e84c55c-7ee1-6689-e053-0100007f1b45,758,1987-07-30T06:00:00+00:00,Imported Channel 1,1290,ft^3/s,122,ft,836,ft^2,1.54,ft/s,,,Unspecified,Unspecified,Unspecified,Unspecified,Unspecified,Unknown,BridgeCrane,2026-07-10T00:05:20.378169+00:00,point_velocity,Unspecified
05572000,POINT (-88.5891666666667 40.0311666666667),86ba8411-6830-4171-9407-028df7e58353,USGS-05572000,4e84c47b-91ab-6619-e053-0100007f1488,696,1981-11-30T06:00:00+00:00,Imported Channel 1,214,ft^3/s,90.0,ft,477,ft^2,0.45,ft/s,,,Unspecified,Unspecified,Unspecified,Unspecified,Unspecified,Unknown,BridgeCrane,2026-07-10T00:05:20.378169+00:00,point_velocity,Unspecified
05572000,POINT (-88.5891666666667 40.0311666666667),8734c96c-e450-4f1e-9b22-f84e6732e00e,USGS-05572000,4e84cdf7-0028-6b68-e053-0100007f50ea,732,1985-01-31T06:00:00+00:00,Imported Channel 1,101,ft^3/s,90.0,ft,394,ft^2,0.26,ft/s,,,Unspecified,Unspecified,Unspecified,Unspecified,Unspecified,Unknown,Ice,2026-07-10T00:05:20.378169+00:00,point_velocity,Unspecified
05572000,POINT (-88.5891666666667 40.0311666666667),8740b69f-637d-48fa-bee9-0e16e8e2bc57,USGS-05572000,4e84cf0f-e2e2-6c68-e053-0100007f5fa1,633,1977-01-27T06:00:00+00:00,Imported Channel 1,3.64,ft^3/s,,,,,,,,ft,Unspecified,Unspecified,Unspecified,Unspecified,Unspecified,Unknown,Unspecified,2026-07-10T00:05:20.378169+00:00,other_method,Unspecified
05572000,POINT (-88.5891666666667 40.0311666666667),881220e1-07de-4c51-a421-6665a164f08a,USGS-05572000,4e84c7cd-51e5-684d-e053-0100007f5cb9,797,1991-12-04T17:35:00+00:00,Imported Channel 1,547,ft^3/s,96.0,ft,632,ft^2,0.87,ft/s,,,Unspecified,Unspecified,Unspecified,Unspecified,Unspecified,Unknown,BridgeCrane,2026-07-10T00:05:20.378169+00:00,point_velocity,Unspecified
05572000,POINT (-88.5891666666667 40.0311666666667),88229fc5-c431-4e93-a33a-8bc4f8d71bbc,USGS-05572000,4e84d65c-82d3-7033-e053-0100007fb01d,403,1968-02-16T06:00:00+00:00,Imported Channel 1,11100,ft^3/s,,,,,,,,ft,Unspecified,Unspecified,Unspecified,Unspecified,Unspecified,Unknown,Unspecified,2026-07-10T00:05:20.378169+00:00,other_method,Unspecified
05572000,POINT (-88.5891666666667 40.0311666666667),885fa9e3-7a2b-45a0-b79d-013a3cb5db2f,USGS-05572000,4e84cf63-f94f-6c5b-e053-0100007f123d,680,1980-07-28T06:00:00+00:00,Imported Channel 1,33.4,ft^3/s,,,,,,,,ft,Unspecified,Unspecified,Unspecified,Unspecified,Unspecified,Unknown,Unspecified,2026-07-10T00:05:20.378169+00:00,other_method,Unspecified
05572000,POINT (-88.5891666666667 40.0311666666667),88a611bf-44d2-4627-b8f6-178e9318439b,USGS-05572000,4e84ce52-02a0-6bc0-e053-0100007fdb10,589,1973-06-25T06:00:00+00:00,Imported Channel 1,1140,ft^3/s,,,,,,,,ft,Unspecified,Unspecified,Unspecified,Unspecified,Unspecified,Unknown,Unspecified,2026-07-10T00:05:20.378169+00:00,other_method,Unspecified
05572000,POINT (-88.5891666666667 40.0311666666667),8aecf91c-c169-4c07-880e-5b79bd495db6,USGS-05572000,d3715a4e-8ae7-4869-a752-6ba0002c0b19,1030,2025-03-20T17:07:32+00:00,MAIN,379,ft^3/s,92.4,ft,427,ft^2,0.89,ft/s,0.00,ft,Unspecified,Unspecified,Unspecified,Unspecified,Unspecified,Unspecified,BridgeDownstreamSide,2026-07-10T00:05:20.378169+00:00,adcp,AtTheGage
05572000,POINT (-88.5891666666667 40.0311666666667),8b16e199-de29-405f-bfc9-295022f3009e,USGS-05572000,4e84c70a-d773-67c7-e053-0100007f7057,580,1972-11-21T06:00:00+00:00,Imported Channel 1,889,ft^3/s,,,,,,,,ft,Unspecified,Unspecified,Unspecified,Unspecified,Unspecified,Unknown,Unspecified,2026-07-10T00:05:20.378169+00:00,other_method,Unspecified
05572000,POINT (-88.5891666666667 40.0311666666667),8b4b5d9f-a797-4d82-8680-ebfa21d3d9a3,USGS-05572000,270fd8ee-6445-4ffe-9c0b-24ae78dc3912,1034,2025-09-15T17:45:57+00:00,MAIN,1.75,ft^3/s,20.5,ft,10.5,ft^2,0.17,ft/s,2500.00,ft,Soft,Sand,Even,Even,Uniform,Steady,Wading,2026-07-10T00:05:20.378169+00:00,point_velocity,Upstream
05572000,POINT (-88.5891666666667 40.0311666666667),8c162ed3-e796-41c5-9cfe-e33371f6715e,USGS-05572000,7e66075f-d0f8-4581-8026-25b31e47f164,991,2019-11-22T22:35:35+00:00,LAG,60.4,ft^3/s,74.0,ft,97.4,ft^2,0.62,ft/s,250.00,ft,Unspecified,Unspecified,Unspecified,Unspecified,Unspecified,Unspecified,Wading,2026-07-10T00:05:20.378169+00:00,point_velocity,Upstream
05572000,POINT (-88.5891666666667 40.0311666666667),8d354ca9-158b-498c-8104-511743bc90b4,USGS-05572000,4e84de44-59da-750a-e053-0100007fd902,852,1999-08-05T13:40:00+00:00,Imported Channel 1,25.2,ft^3/s,56.0,ft,35.2,ft^2,0.76,ft/s,,,Unspecified,Unspecified,Unspecified,Unspecified,Unspecified,Unknown,Wading,2026-07-10T00:05:20.378169+00:00,point_velocity,Unspecified
05572000,POINT (-88.5891666666667 40.0311666666667),8ddc4ca4-a601-4059-a510-db73f5e77bd0,USGS-05572000,4e84e209-0edd-74bc-e053-0100007f6537,734,1985-04-02T06:00:00+00:00,Imported Channel 1,649,ft^3/s,116,ft,729,ft^2,0.89,ft/s,,,Unspecified,Unspecified,Unspecified,Unspecified,Unspecified,Unknown,BridgeCrane,2026-07-10T00:05:20.378169+00:00,point_velocity,Unspecified
05572000,POINT (-88.5891666666667 40.0311666666667),8e07844e-e57e-451d-8b16-7ba63896a0e2,USGS-05572000,4e84d436-dc5e-6e44-e053-0100007f04cf,698,1982-01-29T06:00:00+00:00,Imported Channel 1,210,ft^3/s,87.0,ft,423,ft^2,0.50,ft/s,,,Unspecified,Unspecified,Unspecified,Unspecified,Unspecified,Unknown,Ice,2026-07-10T00:05:20.378169+00:00,point_velocity,Unspecified
05572000,POINT (-88.5891666666667 40.0311666666667),8e0eca61-e557-4c55-8007-5f69a44f6d5e,USGS-05572000,4e84e5c9-30eb-78cc-e053-0100007f12ec,946,2012-06-07T18:18:12+00:00,Channel 1,62.7,ft^3/s,114,ft,82.5,ft^2,0.76,ft/s,700.00,ft,Soft,SiltMud,Even,Even,Uniform,Unknown,Wading,2026-07-10T00:05:20.378169+00:00,point_velocity,Upstream
05572000,POINT (-88.5891666666667 40.0311666666667),8e49fe20-fd03-4511-ae07-b6fd20280b3c,USGS-05572000,4e84c493-9746-661f-e053-0100007f923e,745,1986-01-30T06:00:00+00:00,Imported Channel 1,97.2,ft^3/s,87.0,ft,364,ft^2,0.29,ft/s,,,Unspecified,Unspecified,Unspecified,Unspecified,Unspecified,Unknown,Ice,2026-07-10T00:05:20.378169+00:00,point_velocity,Unspecified
05572000,POINT (-88.5891666666667 40.0311666666667),8eb311e9-45da-4731-8263-cff3356e9387,USGS-05572000,4e84ddf3-b5ee-7510-e053-0100007fe2f1,692,1981-07-29T06:00:00+00:00,Imported Channel 1,4320,ft^3/s,472,ft,2060,ft^2,2.10,ft/s,,,Unspecified,Unspecified,Unspecified,Unspecified,Unspecified,Unknown,BridgeCrane,2026-07-10T00:05:20.378169+00:00,point_velocity,Unspecified
05572000,POINT (-88.5891666666667 40.0311666666667),8f01fe1d-bcfd-454d-9834-1cee2ebb8eb0,USGS-05572000,8f603ed3-2588-4914-949d-08cd91f716e4,1029,2025-01-22T16:44:30+00:00,MAIN,90.4,ft^3/s,87.0,ft,328,ft^2,0.28,ft/s,65.00,ft,Firm,SiltMud,Even,Unspecified,Unspecified,Unspecified,Ice,2026-07-10T00:05:20.378169+00:00,point_velocity,Downstream
05572000,POINT (-88.5891666666667 40.0311666666667),90eb2450-31d2-4ca3-a943-8993030b68e5,USGS-05572000,4e84cdf7-002e-6b68-e053-0100007f50ea,738,1985-07-31T06:00:00+00:00,Imported Channel 1,38.4,ft^3/s,78.0,ft,307,ft^2,0.13,ft/s,,,Unspecified,Unspecified,Unspecified,Unspecified,Unspecified,Unknown,BridgeCrane,2026-07-10T00:05:20.378169+00:00,point_velocity,Unspecified
05572000,POINT (-88.5891666666667 40.0311666666667),91275803-d8f2-4c09-9d1b-3e7f0b4fd1ba,USGS-05572000,4e84e125-1aba-76a2-e053-0100007f7548,889,2004-02-19T22:50:00+00:00,Imported Channel 1,200,ft^3/s,90.0,ft,511,ft^2,0.36,ft/s,,ft,Unspecified,Unspecified,Unspecified,Unspecified,Unspecified,Unknown,Unspecified,2026-07-10T00:05:20.378169+00:00,adcp,Unspecified
05572000,POINT (-88.5891666666667 40.0311666666667),9143c80f-b406-440e-b7d9-7a32359c9480,USGS-05572000,4e84ed1b-1e08-7dbc-e053-0100007f7fbb,930,2009-10-26T19:25:00+00:00,Imported Channel 1,3030,ft^3/s,482,ft,2320,ft^2,1.31,ft/s,,,Soft,SiltMud,Even,Unspecified,Unspecified,Unknown,Cableway,2026-07-10T00:05:20.378169+00:00,point_velocity,AtTheGage
05572000,POINT (-88.5891666666667 40.0311666666667),918338ed-9320-452f-b26a-4ee3d6b95598,USGS-05572000,5c3b283e-6fe0-04e0-e053-0100007f7071,979,2017-10-10T19:42:00+00:00,main,8.62,ft^3/s,28.0,ft,27.0,ft^2,0.32,ft/s,500.00,ft,Firm,Sand,Uneven,Even,Standard,Unknown,Wading,2026-07-10T00:05:20.378169+00:00,point_velocity,Upstream
05572000,POINT (-88.5891666666667 40.0311666666667),91ed4459-b260-4bc4-bcb5-2546f487e62f,USGS-05572000,4e84d657-d7c8-6de5-e053-0100007ff939,577,1972-08-24T06:00:00+00:00,Imported Channel 1,60.3,ft^3/s,,,,,,,,ft,Unspecified,Unspecified,Unspecified,Unspecified,Unspecified,Unknown,Unspecified,2026-07-10T00:05:20.378169+00:00,other_method,Unspecified
05572000,POINT (-88.5891666666667 40.0311666666667),9205b464-7e79-403e-b885-97c41900d314,USGS-05572000,4e84def1-8596-74e4-e053-0100007f090f,800,1992-06-01T16:55:00+00:00,Imported Channel 1,169,ft^3/s,81.0,ft,350,ft^2,0.48,ft/s,,,Unspecified,Unspecified,Unspecified,Unspecified,Unspecified,Unknown,BridgeCrane,2026-07-10T00:05:20.378169+00:00,point_velocity,Unspecified
05572000,POINT (-88.5891666666667 40.0311666666667),921e7ea8-219e-4d6d-8676-8b4a59241046,USGS-05572000,4e84e100-dd30-7626-e053-0100007fbc01,724,1984-05-29T06:00:00+00:00,Imported Channel 1,4150,ft^3/s,430,ft,1940,ft^2,2.14,ft/s,,,Unspecified,Unspecified,Unspecified,Unspecified,Unspecified,Unknown,BridgeCrane,2026-07-10T00:05:20.378169+00:00,point_velocity,Unspecified
05572000,POINT (-88.5891666666667 40.0311666666667),92619732-eec9-4ad9-8768-9fdc488c9182,USGS-05572000,4e84d313-a041-6e50-e053-0100007ff57f,740,1985-09-27T06:00:00+00:00,Imported Channel 1,31.8,ft^3/s,55.0,ft,54.4,ft^2,0.58,ft/s,,,Unspecified,Unspecified,Unspecified,Unspecified,Unspecified,Unknown,Wading,2026-07-10T00:05:20.378169+00:00,point_velocity,Unspecified
05572000,POINT (-88.5891666666667 40.0311666666667),935763a9-3597-4c87-a2a1-4867cafaaca9,USGS-05572000,4e84dcc2-28f3-703d-e053-0100007f47c0,815,1994-10-13T20:50:00+00:00,Imported Channel 1,23.9,ft^3/s,56.0,ft,53.2,ft^2,0.44,ft/s,,,Unspecified,Unspecified,Unspecified,Unspecified,Unspecified,Unknown,Wading,2026-07-10T00:05:20.378169+00:00,point_velocity,Unspecified
05572000,POINT (-88.5891666666667 40.0311666666667),93855447-0a33-479c-8929-da47be48fc82,USGS-05572000,4e84c0fa-b953-63be-e053-0100007fbc97,559,1971-03-23T06:00:00+00:00,Imported Channel 1,742,ft^3/s,,,,,,,,ft,Unspecified,Unspecified,Unspecified,Unspecified,Unspecified,Unknown,Unspecified,2026-07-10T00:05:20.378169+00:00,other_method,Unspecified
05572000,POINT (-88.5891666666667 40.0311666666667),94162c2b-75ff-4390-8447-2614349fb631,USGS-05572000,4e84cdf7-0020-6b68-e053-0100007f50ea,629,1976-10-28T06:00:00+00:00,Imported Channel 1,6.28,ft^3/s,,,,,,,,ft,Unspecified,Unspecified,Unspecified,Unspecified,Unspecified,Unknown,Unspecified,2026-07-10T00:05:20.378169+00:00,other_method,Unspecified
05572000,POINT (-88.5891666666667 40.0311666666667),9444d3be-8099-4ec7-a33c-ba937bf8e277,USGS-05572000,4e84dce2-c85d-7302-e053-0100007f7c79,773,1989-02-28T16:55:00+00:00,Imported Channel 1,55.0,ft^3/s,75.0,ft,268,ft^2,0.20,ft/s,,,Unspecified,Unspecified,Unspecified,Unspecified,Unspecified,Unknown,Ice,2026-07-10T00:05:20.378169+00:00,point_velocity,Unspecified
05572000,POINT (-88.5891666666667 40.0311666666667),9445aa8e-383a-4e53-a96e-7721854b4b04,USGS-05572000,4e84ddf3-b5f9-7510-e053-0100007fe2f1,806,1993-04-20T17:00:00+00:00,Imported Channel 1,2140,ft^3/s,148,ft,1070,ft^2,2.00,ft/s,,,Unspecified,Unspecified,Unspecified,Unspecified,Unspecified,Unknown,BridgeCrane,2026-07-10T00:05:20.378169+00:00,point_velocity,Unspecified
05572000,POINT (-88.5891666666667 40.0311666666667),947bd0ca-e1a2-4ce5-a380-96a301f1bf0e,USGS-05572000,4e84d313-a03c-6e50-e053-0100007ff57f,700,1982-03-31T06:00:00+00:00,Imported Channel 1,695,ft^3/s,110,ft,722,ft^2,0.97,ft/s,,,Unspecified,Unspecified,Unspecified,Unspecified,Unspecified,Unknown,BridgeCrane,2026-07-10T00:05:20.378169+00:00,point_velocity,Unspecified
05572000,POINT (-88.5891666666667 40.0311666666667),95c8cf99-0617-47df-a874-3740ed081274,USGS-05572000,4e84d362-e0ec-6e3a-e053-0100007fe0d3,771,1988-11-30T16:55:00+00:00,Imported Channel 1,28.2,ft^3/s,59.0,ft,71.6,ft^2,0.44,ft/s,,,Unspecified,Unspecified,Unspecified,Unspecified,Unspecified,Unknown,Wading,2026-07-10T00:05:20.378169+00:00,point_velocity,Unspecified
05572000,POINT (-88.5891666666667 40.0311666666667),96e40521-ae6e-4fa6-8e7c-686d3d7f7348,USGS-05572000,4e84d90d-eaa5-7228-e053-0100007f77e7,607,1974-12-23T06:00:00+00:00,Imported Channel 1,201,ft^3/s,,,,,,,,ft,Unspecified,Unspecified,Unspecified,Unspecified,Unspecified,Unknown,Unspecified,2026-07-10T00:05:20.378169+00:00,other_method,Unspecified
05572000,POINT (-88.5891666666667 40.0311666666667),97f5c0b7-0bbd-46d7-8fe0-da8c6b300ab9,USGS-05572000,4e84e449-df12-78b2-e053-0100007f74ce,941,2011-08-23T18:02:18+00:00,Channel 1,10.6,ft^3/s,31.0,ft,16.2,ft^2,0.65,ft/s,1320.00,ft,Soft,SiltMud,Even,Even,Uniform,Unknown,Wading,2026-07-10T00:05:20.378169+00:00,point_velocity,Downstream
05572000,POINT (-88.5891666666667 40.0311666666667),98c15baa-654d-4e8d-be37-e9186c9f761a,USGS-05572000,4e84c796-6661-682d-e053-0100007fba01,730,1984-11-29T06:00:00+00:00,Imported Channel 1,62.6,ft^3/s,73.0,ft,119,ft^2,0.53,ft/s,,,Unspecified,Unspecified,Unspecified,Unspecified,Unspecified,Unknown,Wading,2026-07-10T00:05:20.378169+00:00,point_velocity,Unspecified
05572000,POINT (-88.5891666666667 40.0311666666667),98e9b01c-ead2-46a3-9b5d-f8412f8d08b5,USGS-05572000,4e84e47b-887a-78ca-e053-0100007f0ba4,844,1998-06-30T16:45:00+00:00,Imported Channel 1,937,ft^3/s,104,ft,681,ft^2,1.38,ft/s,,,Unspecified,Unspecified,Unspecified,Unspecified,Unspecified,Unknown,BridgeCrane,2026-07-10T00:05:20.378169+00:00,point_velocity,Unspecified
05572000,POINT (-88.5891666666667 40.0311666666667),9923b139-a94d-49b6-b4f7-5c431091c7af,USGS-05572000,4e84dddb-bb1b-74e2-e053-0100007f28f5,723,1984-04-30T06:00:00+00:00,Imported Channel 1,693,ft^3/s,101,ft,679,ft^2,1.02,ft/s,,,Unspecified,Unspecified,Unspecified,Unspecified,Unspecified,Unknown,BridgeCrane,2026-07-10T00:05:20.378169+00:00,point_velocity,Unspecified
05572000,POINT (-88.5891666666667 40.0311666666667),9982b137-f829-4d97-a1d1-9818939fda7d,USGS-05572000,4e84ffa2-059d-87a4-e053-0100007f6f8f,956,2013-08-12T16:12:00+00:00,MAIN,36.0,ft^3/s,51.0,ft,46.0,ft^2,0.78,ft/s,700.00,ft,Soft,SiltMud,Even,Even,Uniform,Unknown,Wading,2026-07-10T00:05:20.378169+00:00,point_velocity,Upstream
05572000,POINT (-88.5891666666667 40.0311666666667),9a09257f-ad43-43b3-aa54-4c9e1ebd379a,USGS-05572000,4e84ddf3-b627-7510-e053-0100007fe2f1,975,2017-02-06T20:53:36+00:00,main,332,ft^3/s,102,ft,466,ft^2,0.71,ft/s,,ft,Soft,Sand,Uneven,Even,Standard,Unknown,BridgeDownstreamSide,2026-07-10T00:05:20.378169+00:00,adcp,AtTheGage
05572000,POINT (-88.5891666666667 40.0311666666667),9a90a370-cb1d-484a-92da-56218c4b8127,USGS-05572000,a177c333-caae-44eb-af75-7e9546403549,1040,2026-07-09T16:27:20+00:00,Sangamon Monticello,409,ft^3/s,97.5,ft,443,ft^2,0.92,ft/s,0.00,ft,Soft,SiltMud,Even,Even,NonStandard,Steady,BridgeDownstreamSide,2026-07-10T00:05:20.378169+00:00,adcp,AtTheGage
05572000,POINT (-88.5891666666667 40.0311666666667),9cc30451-6594-4742-88bb-c3e07513ef4e,USGS-05572000,4e84cdf7-0019-6b68-e053-0100007f50ea,569,1972-01-24T06:00:00+00:00,Imported Channel 1,430,ft^3/s,,,,,,,,ft,Unspecified,Unspecified,Unspecified,Unspecified,Unspecified,Unknown,Unspecified,2026-07-10T00:05:20.378169+00:00,other_method,Unspecified
05572000,POINT (-88.5891666666667 40.0311666666667),9ce32df3-5334-45f1-96a0-2ae784531ff1,USGS-05572000,4e84d4d7-f957-6f15-e053-0100007f414e,937,2011-01-25T20:59:57+00:00,Channel 1,93.9,ft^3/s,89.0,ft,300,ft^2,0.31,ft/s,30.00,ft,Soft,SiltMud,Even,Even,Uniform,Unknown,Ice,2026-07-10T00:05:20.378169+00:00,point_velocity,Downstream
05572000,POINT (-88.5891666666667 40.0311666666667),9d7b94f6-c9ad-41ab-a723-2a20cec5a9c6,USGS-05572000,4e84fa4a-05da-8509-e053-0100007f31d6,947,2012-07-02T17:41:38+00:00,Channel 1,9.97,ft^3/s,25.5,ft,18.7,ft^2,0.53,ft/s,700.00,ft,Soft,SiltMud,Even,Even,Uniform,Unknown,Wading,2026-07-10T00:05:20.378169+00:00,point_velocity,Upstream
05572000,POINT (-88.5891666666667 40.0311666666667),9da3197c-ac22-4831-b5dc-3cb715f92e5c,USGS-05572000,4e84d4a6-60f8-6f17-e053-0100007fcfe3,555,1970-11-23T06:00:00+00:00,Imported Channel 1,192,ft^3/s,,,,,,,,ft,Unspecified,Unspecified,Unspecified,Unspecified,Unspecified,Unknown,Unspecified,2026-07-10T00:05:20.378169+00:00,other_method,Unspecified
05572000,POINT (-88.5891666666667 40.0311666666667),9db7b284-ff5e-40e2-8141-202ad17d6609,USGS-05572000,4e84d203-389e-6db0-e053-0100007f362d,681,1980-08-26T06:00:00+00:00,Imported Channel 1,15.1,ft^3/s,,,,,,,,ft,Unspecified,Unspecified,Unspecified,Unspecified,Unspecified,Unknown,Unspecified,2026-07-10T00:05:20.378169+00:00,other_method,Unspecified
05572000,POINT (-88.5891666666667 40.0311666666667),9f0a7197-9133-4070-9b3e-c6d38f5ac055,USGS-05572000,4e84d65c-82df-7033-e053-0100007fb01d,655,1978-09-27T06:00:00+00:00,Imported Channel 1,15.8,ft^3/s,,,,,,,,ft,Unspecified,Unspecified,Unspecified,Unspecified,Unspecified,Unknown,Unspecified,2026-07-10T00:05:20.378169+00:00,other_method,Unspecified
05572000,POINT (-88.5891666666667 40.0311666666667),9f3bb209-a20f-495d-9b46-b8e5cb20a79d,USGS-05572000,4e84e813-b283-76b2-e053-0100007fe001,896,2004-08-17T14:40:00+00:00,Imported Channel 1,27.7,ft^3/s,56.0,ft,109,ft^2,0.28,ft/s,,,Unspecified,Unspecified,Unspecified,Unspecified,Unspecified,Unknown,Wading,2026-07-10T00:05:20.378169+00:00,point_velocity,Unspecified
05572000,POINT (-88.5891666666667 40.0311666666667),9fe9dfc7-f37d-47cd-9674-13e8ec61b3ae,USGS-05572000,4e84cdf7-002c-6b68-e053-0100007f50ea,736,1985-05-31T06:00:00+00:00,Imported Channel 1,214,ft^3/s,85.0,ft,429,ft^2,0.50,ft/s,,,Unspecified,Unspecified,Unspecified,Unspecified,Unspecified,Unknown,BridgeCrane,2026-07-10T00:05:20.378169+00:00,point_velocity,Unspecified
05572000,POINT (-88.5891666666667 40.0311666666667),a0281206-b53c-4a30-b7a0-d851449d17a0,USGS-05572000,4e84e82c-cd16-7a98-e053-0100007f5236,900,2005-01-15T21:33:00+00:00,Imported Channel 1,10300,ft^3/s,469,ft,4180,ft^2,2.46,ft/s,,ft,Unspecified,Unspecified,Unspecified,Unspecified,Unspecified,Unknown,Unspecified,2026-07-10T00:05:20.378169+00:00,adcp,Unspecified
05572000,POINT (-88.5891666666667 40.0311666666667),a03f2008-22b5-439a-bba5-c5c95077c627,USGS-05572000,4e84cd20-3327-69ea-e053-0100007f6482,632,1977-01-24T06:00:00+00:00,Imported Channel 1,4.73,ft^3/s,,,,,,,,ft,Unspecified,Unspecified,Unspecified,Unspecified,Unspecified,Unknown,Unspecified,2026-07-10T00:05:20.378169+00:00,other_method,Unspecified
05572000,POINT (-88.5891666666667 40.0311666666667),a052705a-79e1-4804-a13b-159b592383ff,USGS-05572000,4e84c796-6669-682d-e053-0100007fba01,739,1985-08-30T06:00:00+00:00,Imported Channel 1,89.9,ft^3/s,79.0,ft,336,ft^2,0.27,ft/s,,,Unspecified,Unspecified,Unspecified,Unspecified,Unspecified,Unknown,BridgeCrane,2026-07-10T00:05:20.378169+00:00,point_velocity,Unspecified
05572000,POINT (-88.5891666666667 40.0311666666667),a16bee51-c49b-4b27-98f7-fbddf5bb00ef,USGS-05572000,4e84ddf3-b61c-7510-e053-0100007fe2f1,911,2007-02-07T20:48:00+00:00,Imported Channel 1,277,ft^3/s,82.0,ft,386,ft^2,0.72,ft/s,,,Unspecified,Unspecified,Unspecified,Unspecified,Unspecified,Unknown,Ice,2026-07-10T00:05:20.378169+00:00,point_velocity,Unspecified
05572000,POINT (-88.5891666666667 40.0311666666667),a1812de8-371e-4cdd-8c45-5b1dd694fe3d,USGS-05572000,4e84d615-5c78-6f19-e053-0100007f8826,784,1990-03-01T06:00:00+00:00,Imported Channel 1,1340,ft^3/s,147,ft,941,ft^2,1.40,ft/s,,,Unspecified,Unspecified,Unspecified,Unspecified,Unspecified,Unknown,BridgeCrane,2026-07-10T00:05:20.378169+00:00,point_velocity,Unspecified
05572000,POINT (-88.5891666666667 40.0311666666667),a36afa37-3fb8-4f99-8e43-3531caedc8c8,USGS-05572000,4e84d8f0-c0b2-724a-e053-0100007fadac,760,1987-10-30T16:40:00+00:00,Imported Channel 1,9.98,ft^3/s,55.0,ft,83.3,ft^2,0.17,ft/s,,,Unspecified,Unspecified,Unspecified,Unspecified,Unspecified,Unknown,Wading,2026-07-10T00:05:20.378169+00:00,point_velocity,Unspecified
05572000,POINT (-88.5891666666667 40.0311666666667),a3a78796-68ea-4003-ad79-54c55b1451dd,USGS-05572000,4e84cb64-4df9-697e-e053-0100007fc05a,561,1971-05-20T06:00:00+00:00,Imported Channel 1,220,ft^3/s,,,,,,,,ft,Unspecified,Unspecified,Unspecified,Unspecified,Unspecified,Unknown,Unspecified,2026-07-10T00:05:20.378169+00:00,other_method,Unspecified
05572000,POINT (-88.5891666666667 40.0311666666667),a3f706ee-0f06-45f9-9427-e0efaa516cea,USGS-05572000,4e84fcfd-4c66-8687-e053-0100007f5d68,939,2011-04-21T18:10:00+00:00,Imported Channel 1,2340,ft^3/s,417,ft,1850,ft^2,1.27,ft/s,,ft,Soft,SiltMud,Even,Even,Standard,Unknown,BridgeDownstreamSide,2026-07-10T00:05:20.378169+00:00,adcp,AtTheGage
05572000,POINT (-88.5891666666667 40.0311666666667),a478d7ca-089e-499e-9991-dc103fdfa439,USGS-05572000,ee2a2982-3c69-418c-905c-aa80ce91d6b0,1026,2024-10-25T16:10:35+00:00,Sangamon Monti,3.36,ft^3/s,21.5,ft,8.54,ft^2,0.39,ft/s,500.00,ft,Firm,Sand,Even,Even,Standard,Steady,Wading,2026-07-10T00:05:20.378169+00:00,point_velocity,Upstream
05572000,POINT (-88.5891666666667 40.0311666666667),a4d22299-a17a-4851-9fc8-3513943652ab,USGS-05572000,91d2fbd0-1b32-4f19-e053-0100007f4232,990,2019-08-30T16:05:18+00:00,Main,15.0,ft^3/s,36.5,ft,18.0,ft^2,0.84,ft/s,2500.00,ft,Firm,Sand,Uneven,Even,Standard,Steady,Wading,2026-07-10T00:05:20.378169+00:00,point_velocity,Upstream
05572000,POINT (-88.5891666666667 40.0311666666667),a4d5b3bc-6c04-46e2-ad7a-1d06cfd6da96,USGS-05572000,ee2a2982-3c69-418c-905c-aa80ce91d6b0,1027,2024-10-25T16:14:52+00:00,Sangamon Monti check QM,3.14,ft^3/s,26.9,ft,10.1,ft^2,0.31,ft/s,250.00,ft,Firm,Sand,Even,Even,Standard,Steady,Wading,2026-07-10T00:05:20.378169+00:00,point_velocity,Upstream
05572000,POINT (-88.5891666666667 40.0311666666667),a52358ba-eff1-44e9-8326-a8a39665dc47,USGS-05572000,4e84f9da-6587-84fd-e053-0100007fe195,924,2009-01-22T16:24:00+00:00,Imported Channel 1,245,ft^3/s,90.0,ft,272,ft^2,0.90,ft/s,,ft,Unspecified,Unspecified,Unspecified,Unspecified,Unspecified,Unknown,Unspecified,2026-07-10T00:05:20.378169+00:00,adcp,Unspecified
05572000,POINT (-88.5891666666667 40.0311666666667),a626b01e-3535-4c44-8071-ecf45981edc5,USGS-05572000,4e84d200-fd59-6dae-e053-0100007ff353,753,1986-10-01T06:00:00+00:00,Imported Channel 1,226,ft^3/s,85.0,ft,415,ft^2,0.54,ft/s,,,Unspecified,Unspecified,Unspecified,Unspecified,Unspecified,Unknown,BridgeCrane,2026-07-10T00:05:20.378169+00:00,point_velocity,Unspecified
05572000,POINT (-88.5891666666667 40.0311666666667),a62ee477-ee12-4f50-82db-921dfb88127d,USGS-05572000,4e84d5e8-a664-702f-e053-0100007f4545,636,1977-04-27T06:00:00+00:00,Imported Channel 1,124,ft^3/s,,,,,,,,ft,Unspecified,Unspecified,Unspecified,Unspecified,Unspecified,Unknown,Unspecified,2026-07-10T00:05:20.378169+00:00,other_method,Unspecified
05572000,POINT (-88.5891666666667 40.0311666666667),a69c00af-f90a-4d0f-b0f5-bcb174d7070f,USGS-05572000,4e84e034-b190-7630-e053-0100007fc8d0,906,2005-12-15T16:11:00+00:00,Imported Channel 1,60.0,ft^3/s,80.0,ft,375,ft^2,0.16,ft/s,,ft,Unspecified,Unspecified,Unspecified,Unspecified,Unspecified,Unknown,Unspecified,2026-07-10T00:05:20.378169+00:00,adcp,Unspecified
05572000,POINT (-88.5891666666667 40.0311666666667),a6ad34d7-29f8-4d5b-9090-1b39af87ae9a,USGS-05572000,4e84e010-a36a-762e-e053-0100007f46e3,699,1982-02-25T06:00:00+00:00,Imported Channel 1,4840,ft^3/s,479,ft,2360,ft^2,2.36,ft/s,,,Unspecified,Unspecified,Unspecified,Unspecified,Unspecified,Unknown,BridgeCrane,2026-07-10T00:05:20.378169+00:00,point_velocity,Unspecified
05572000,POINT (-88.5891666666667 40.0311666666667),a7125a2f-713f-4f02-9abc-a3667c5c2760,USGS-05572000,4e84f459-3df1-80eb-e053-0100007fd37b,866,2001-08-06T18:43:00+00:00,Imported Channel 1,13.5,ft^3/s,54.5,ft,33.7,ft^2,0.49,ft/s,,,Unspecified,Unspecified,Unspecified,Unspecified,Unspecified,Unknown,Wading,2026-07-10T00:05:20.378169+00:00,point_velocity,Unspecified
05572000,POINT (-88.5891666666667 40.0311666666667),a7cfbeab-fbd7-4887-824b-daa4174f41af,USGS-05572000,4e84e82c-cd08-7a98-e053-0100007f5236,836,1997-06-17T15:20:00+00:00,Imported Channel 1,782,ft^3/s,102,ft,646,ft^2,1.21,ft/s,,,Unspecified,Unspecified,Unspecified,Unspecified,Unspecified,Unknown,BridgeCrane,2026-07-10T00:05:20.378169+00:00,point_velocity,Unspecified
05572000,POINT (-88.5891666666667 40.0311666666667),a8b88335-4a32-4afa-b433-be3b3856cc47,USGS-05572000,4e84dca1-f72e-73d6-e053-0100007ffb2f,621,1976-02-26T06:00:00+00:00,Imported Channel 1,1480,ft^3/s,,,,,,,,ft,Unspecified,Unspecified,Unspecified,Unspecified,Unspecified,Unknown,Unspecified,2026-07-10T00:05:20.378169+00:00,other_method,Unspecified
05572000,POINT (-88.5891666666667 40.0311666666667),a8fe0b86-08ae-4ac9-af59-0768547020da,USGS-05572000,4e84f5f0-4190-8202-e053-0100007fd608,880,2003-10-03T15:09:00+00:00,Imported Channel 1,120,ft^3/s,85.0,ft,229,ft^2,0.52,ft/s,,ft,Unspecified,Unspecified,Unspecified,Unspecified,Unspecified,Unknown,Unspecified,2026-07-10T00:05:20.378169+00:00,adcp,Unspecified
05572000,POINT (-88.5891666666667 40.0311666666667),a962c22a-4f90-4156-80a8-9315d9810b83,USGS-05572000,0c96b1b7-79df-47ee-95d5-a79aec4814a4,1007,2022-04-12T15:28:22+00:00,MAIN,611,ft^3/s,108,ft,590,ft^2,1.04,ft/s,0.00,ft,Soft,SiltMud,Even,Even,Unspecified,Unspecified,BridgeDownstreamSide,2026-07-10T00:05:20.378169+00:00,adcp,AtTheGage
05572000,POINT (-88.5891666666667 40.0311666666667),aa03846e-88c1-46de-95b9-c44d90257a8e,USGS-05572000,4e84d9d1-5c97-729c-e053-0100007f6b39,612,1975-05-23T06:00:00+00:00,Imported Channel 1,202,ft^3/s,,,,,,,,ft,Unspecified,Unspecified,Unspecified,Unspecified,Unspecified,Unknown,Unspecified,2026-07-10T00:05:20.378169+00:00,other_method,Unspecified
05572000,POINT (-88.5891666666667 40.0311666666667),aa22eb89-c66f-42dd-8d14-7408c04ab9c3,USGS-05572000,4e84d817-b6ff-7039-e053-0100007f024c,837,1997-07-16T15:10:00+00:00,Imported Channel 1,122,ft^3/s,85.0,ft,247,ft^2,0.49,ft/s,,,Unspecified,Unspecified,Unspecified,Unspecified,Unspecified,Unknown,BridgeCrane,2026-07-10T00:05:20.378169+00:00,point_velocity,Unspecified
05572000,POINT (-88.5891666666667 40.0311666666667),aab946a5-8394-4546-bbdd-f092a2830bc2,USGS-05572000,4e84c7cd-51db-684d-e053-0100007f5cb9,719,1983-11-30T06:00:00+00:00,Imported Channel 1,860,ft^3/s,124,ft,825,ft^2,1.04,ft/s,,,Unspecified,Unspecified,Unspecified,Unspecified,Unspecified,Unknown,BridgeCrane,2026-07-10T00:05:20.378169+00:00,point_velocity,Unspecified
05572000,POINT (-88.5891666666667 40.0311666666667),abae6869-a43f-417b-859f-5dc216987044,USGS-05572000,2682e8a2-4ecc-4b9a-84a0-b33f088af1c1,1004,2021-10-20T15:24:32+00:00,MAIN,560,ft^3/s,101,ft,580,ft^2,0.96,ft/s,0.00,ft,Unspecified,Unspecified,Unspecified,Even,Unspecified,Unspecified,BridgeDownstreamSide,2026-07-10T00:05:20.378169+00:00,adcp,AtTheGage
05572000,POINT (-88.5891666666667 40.0311666666667),ac0acc51-d49e-4044-8eab-9bc8813e3517,USGS-05572000,4e84e94e-7767-76b4-e053-0100007f1f73,917,2008-04-03T16:20:00+00:00,Imported Channel 1,753,ft^3/s,112,ft,695,ft^2,1.08,ft/s,,ft,Unspecified,Unspecified,Unspecified,Unspecified,Unspecified,Unknown,Unspecified,2026-07-10T00:05:20.378169+00:00,adcp,Unspecified
05572000,POINT (-88.5891666666667 40.0311666666667),aca03ed1-4a3d-4401-9fa6-36bd75c361e5,USGS-05572000,4e84f575-2fdf-8218-e053-0100007fd6ab,952,2012-11-26T20:20:00+00:00,MAIN,46.4,ft^3/s,69.0,ft,101,ft^2,0.46,ft/s,700.00,ft,Soft,SiltMud,Even,Unspecified,Uniform,Unknown,Wading,2026-07-10T00:05:20.378169+00:00,point_velocity,Upstream
05572000,POINT (-88.5891666666667 40.0311666666667),ad08e6b6-8d9f-46ae-b0a7-54349e8c5d2d,USGS-05572000,4e84f377-51f1-80e1-e053-0100007fc4d9,875,2003-01-28T17:20:00+00:00,Imported Channel 1,7.23,ft^3/s,25.0,ft,15.7,ft^2,0.71,ft/s,,,Unspecified,Unspecified,Unspecified,Unspecified,Unspecified,Unknown,Wading,2026-07-10T00:05:20.378169+00:00,point_velocity,Unspecified
05572000,POINT (-88.5891666666667 40.0311666666667),adf9f66f-84d3-4280-a618-2498f611a809,USGS-05572000,4e84efae-ae80-7ee3-e053-0100007f8da1,958,2013-10-23T16:46:30+00:00,MAIN,2.11,ft^3/s,14.6,ft,6.58,ft^2,0.32,ft/s,700.00,ft,Soft,SiltMud,Even,Even,Uniform,Unknown,Wading,2026-07-10T00:05:20.378169+00:00,point_velocity,Upstream
05572000,POINT (-88.5891666666667 40.0311666666667),ae20c3f7-be7d-4a06-a88e-7ecc6a2ccdab,USGS-05572000,0bc9edc1-febc-45ea-927e-e0bd96c3609b,1033,2025-08-08T16:09:04+00:00,MAIN,17.5,ft^3/s,36.5,ft,18.3,ft^2,0.96,ft/s,500.00,ft,Firm,Sand,Even,Unspecified,Uniform,Steady,Wading,2026-07-10T00:05:20.378169+00:00,point_velocity,Upstream
05572000,POINT (-88.5891666666667 40.0311666666667),aea7d5b8-9006-4501-b723-7c5270dc20af,USGS-05572000,4e84da24-b650-72a4-e053-0100007f1707,664,1979-05-29T06:00:00+00:00,Imported Channel 1,231,ft^3/s,,,,,,,,ft,Unspecified,Unspecified,Unspecified,Unspecified,Unspecified,Unknown,Unspecified,2026-07-10T00:05:20.378169+00:00,other_method,Unspecified
05572000,POINT (-88.5891666666667 40.0311666666667),af4f825a-e5d2-4490-b3e4-5ee9e45ad07c,USGS-05572000,4e84cef2-fb0d-6bc4-e053-0100007f3b67,749,1986-05-30T06:00:00+00:00,Imported Channel 1,494,ft^3/s,93.0,ft,541,ft^2,0.91,ft/s,,,Unspecified,Unspecified,Unspecified,Unspecified,Unspecified,Unknown,BridgeCrane,2026-07-10T00:05:20.378169+00:00,point_velocity,Unspecified
05572000,POINT (-88.5891666666667 40.0311666666667),af67aa4c-e517-4368-b35a-ac8836bdfcd6,USGS-05572000,4e84c825-01a8-6827-e053-0100007fbfc4,654,1978-08-29T06:00:00+00:00,Imported Channel 1,68.0,ft^3/s,,,,,,,,ft,Unspecified,Unspecified,Unspecified,Unspecified,Unspecified,Unknown,Unspecified,2026-07-10T00:05:20.378169+00:00,other_method,Unspecified
05572000,POINT (-88.5891666666667 40.0311666666667),afb20c2a-a573-4600-8301-8733dbf45204,USGS-05572000,4e84d8f9-9bf4-7240-e053-0100007f04ef,602,1974-07-25T06:00:00+00:00,Imported Channel 1,140,ft^3/s,,,,,,,,ft,Unspecified,Unspecified,Unspecified,Unspecified,Unspecified,Unknown,Unspecified,2026-07-10T00:05:20.378169+00:00,other_method,Unspecified
05572000,POINT (-88.5891666666667 40.0311666666667),b00ea019-8841-43ee-8ec2-fd9aa7acdc13,USGS-05572000,4e84def1-85b1-74e4-e053-0100007f090f,876,2003-04-10T16:07:00+00:00,Imported Channel 1,572,ft^3/s,185,ft,677,ft^2,0.84,ft/s,,,Unspecified,Unspecified,Unspecified,Unspecified,Unspecified,Unknown,BridgeCrane,2026-07-10T00:05:20.378169+00:00,point_velocity,Unspecified
05572000,POINT (-88.5891666666667 40.0311666666667),b013182b-51c3-4fc1-8a0e-9d204f8db54a,USGS-05572000,4e84e51d-7654-78e2-e053-0100007f7c8b,851,1999-06-02T19:45:00+00:00,Imported Channel 1,585,ft^3/s,105,ft,525,ft^2,1.11,ft/s,,,Unspecified,Unspecified,Unspecified,Unspecified,Unspecified,Unknown,BridgeCrane,2026-07-10T00:05:20.378169+00:00,point_velocity,Unspecified
05572000,POINT (-88.5891666666667 40.0311666666667),b0d3fced-6002-4456-8754-92b143498871,USGS-05572000,4e84c81e-c96f-6849-e053-0100007f8aa5,725,1984-06-28T06:00:00+00:00,Imported Channel 1,179,ft^3/s,85.0,ft,474,ft^2,0.38,ft/s,,,Unspecified,Unspecified,Unspecified,Unspecified,Unspecified,Unknown,BridgeCrane,2026-07-10T00:05:20.378169+00:00,point_velocity,Unspecified
05572000,POINT (-88.5891666666667 40.0311666666667),b148829b-8a65-4e77-b41b-28d6873d1efc,USGS-05572000,8165cb43-bc2b-42fc-e053-0100007fff77,987,2019-02-06T15:30:57+00:00,Main,2310,ft^3/s,244,ft,1150,ft^2,2.00,ft/s,0.00,ft,Firm,Gravel,Even,Even,Standard,Steady,BridgeDownstreamSide,2026-07-10T00:05:20.378169+00:00,adcp,AtTheGage
05572000,POINT (-88.5891666666667 40.0311666666667),b2a6fd29-6d53-4807-a2db-e2cf98845a29,USGS-05572000,4e84c81e-c963-6849-e053-0100007f8aa5,653,1978-07-27T06:00:00+00:00,Imported Channel 1,110,ft^3/s,,,,,,,,ft,Unspecified,Unspecified,Unspecified,Unspecified,Unspecified,Unknown,Unspecified,2026-07-10T00:05:20.378169+00:00,other_method,Unspecified
05572000,POINT (-88.5891666666667 40.0311666666667),b2b4f5f8-cfe3-4631-9ba0-079765d94729,USGS-05572000,4e84d93e-ec0c-7224-e053-0100007f080e,765,1988-06-30T16:20:00+00:00,Imported Channel 1,10.3,ft^3/s,49.0,ft,42.4,ft^2,0.72,ft/s,,,Unspecified,Unspecified,Unspecified,Unspecified,Unspecified,Unknown,Wading,2026-07-10T00:05:20.378169+00:00,point_velocity,Unspecified
05572000,POINT (-88.5891666666667 40.0311666666667),b359dd02-15ce-4f9b-8df0-593a0b14a517,USGS-05572000,4e84cf59-3f91-6b6a-e053-0100007fed04,606,1974-11-25T06:00:00+00:00,Imported Channel 1,202,ft^3/s,,,,,,,,ft,Unspecified,Unspecified,Unspecified,Unspecified,Unspecified,Unknown,Unspecified,2026-07-10T00:05:20.378169+00:00,other_method,Unspecified
05572000,POINT (-88.5891666666667 40.0311666666667),b3a58dca-66bd-4b0d-bbe2-107d9b7f7464,USGS-05572000,4e84cb64-4e04-697e-e053-0100007fc05a,686,1981-01-29T06:00:00+00:00,Imported Channel 1,66.1,ft^3/s,54.0,ft,77.4,ft^2,0.92,ft/s,,,Unspecified,Unspecified,Unspecified,Unspecified,Unspecified,Unknown,Wading,2026-07-10T00:05:20.378169+00:00,point_velocity,Unspecified
05572000,POINT (-88.5891666666667 40.0311666666667),b4acee45-5059-4412-a8b1-6285488e7f19,USGS-05572000,a6f1c4a4-c45f-498c-af53-a800da09a81f,1023,2024-05-20T20:48:58+00:00,Sangamon Monticello,615,ft^3/s,107,ft,579,ft^2,1.06,ft/s,0.00,ft,Soft,SiltMud,Even,Even,Uniform,Steady,BridgeDownstreamSide,2026-07-10T00:05:20.378169+00:00,adcp,AtTheGage
05572000,POINT (-88.5891666666667 40.0311666666667),b527ddbc-70d7-418f-9cfd-93dc55a3a480,USGS-05572000,4e84daa0-5956-7074-e053-0100007f84f3,690,1981-05-27T06:00:00+00:00,Imported Channel 1,745,ft^3/s,114,ft,744,ft^2,1.00,ft/s,,,Unspecified,Unspecified,Unspecified,Unspecified,Unspecified,Unknown,BridgeCrane,2026-07-10T00:05:20.378169+00:00,point_velocity,Unspecified
05572000,POINT (-88.5891666666667 40.0311666666667),b52f9f41-cdad-428d-9197-3c0ec2279477,USGS-05572000,4e84d928-a392-7246-e053-0100007f442f,883,2004-02-12T15:44:00+00:00,Imported Channel 1,155,ft^3/s,90.0,ft,512,ft^2,0.30,ft/s,,ft,Unspecified,Unspecified,Unspecified,Unspecified,Unspecified,Unknown,Unspecified,2026-07-10T00:05:20.378169+00:00,adcp,Unspecified
05572000,POINT (-88.5891666666667 40.0311666666667),b5d34703-4f77-45db-9eee-7a068c0c0a96,USGS-05572000,4e84d807-f65b-7035-e053-0100007f84fc,846,1998-10-02T13:30:00+00:00,Imported Channel 1,11.4,ft^3/s,30.0,ft,40.0,ft^2,0.28,ft/s,,,Unspecified,Unspecified,Unspecified,Unspecified,Unspecified,Unknown,Wading,2026-07-10T00:05:20.378169+00:00,point_velocity,Unspecified
05572000,POINT (-88.5891666666667 40.0311666666667),b6a3b4a8-48c1-41a6-bfeb-f341f1a557f6,USGS-05572000,4e84d488-6bc9-6f1b-e053-0100007f4142,787,1990-05-17T06:00:00+00:00,Imported Channel 1,4510,ft^3/s,474,ft,2460,ft^2,1.84,ft/s,,,Unspecified,Unspecified,Unspecified,Unspecified,Unspecified,Unknown,BridgeCrane,2026-07-10T00:05:20.378169+00:00,point_velocity,Unspecified
05572000,POINT (-88.5891666666667 40.0311666666667),b6df4330-3117-45d8-a240-81edf1447c9c,USGS-05572000,4e84cf56-e7b0-6c8a-e053-0100007f4327,711,1983-02-28T06:00:00+00:00,Imported Channel 1,216,ft^3/s,87.0,ft,443,ft^2,0.49,ft/s,,,Unspecified,Unspecified,Unspecified,Unspecified,Unspecified,Unknown,BridgeCrane,2026-07-10T00:05:20.378169+00:00,point_velocity,Unspecified
05572000,POINT (-88.5891666666667 40.0311666666667),b7a34965-2952-4853-8efb-e849735f74b6,USGS-05572000,4e84d93e-ec01-7224-e053-0100007f080e,615,1975-08-25T06:00:00+00:00,Imported Channel 1,29.6,ft^3/s,,,,,,,,ft,Unspecified,Unspecified,Unspecified,Unspecified,Unspecified,Unknown,Unspecified,2026-07-10T00:05:20.378169+00:00,other_method,Unspecified
05572000,POINT (-88.5891666666667 40.0311666666667),b8c9a0db-b1e0-4ebb-8c66-69eba48c894a,USGS-05572000,4e84f473-6684-80bd-e053-0100007f77ec,902,2005-05-04T22:20:00+00:00,Imported Channel 1,285,ft^3/s,90.7,ft,405,ft^2,0.70,ft/s,,ft,Unspecified,Unspecified,Unspecified,Unspecified,Unspecified,Unknown,Unspecified,2026-07-10T00:05:20.378169+00:00,adcp,Unspecified
05572000,POINT (-88.5891666666667 40.0311666666667),b8ced4c6-31fd-44d3-bb40-16d773d01b31,USGS-05572000,4e84cf0f-e2ec-6c68-e053-0100007f5fa1,682,1980-09-26T06:00:00+00:00,Imported Channel 1,12.8,ft^3/s,,,,,,,,ft,Unspecified,Unspecified,Unspecified,Unspecified,Unspecified,Unknown,Unspecified,2026-07-10T00:05:20.378169+00:00,other_method,Unspecified
05572000,POINT (-88.5891666666667 40.0311666666667),b924c6fa-3e5d-4549-97cf-eebb890f3809,USGS-05572000,4e84e125-1aba-76a2-e053-0100007f7548,890,2004-02-19T23:23:00+00:00,Imported Channel 1,200,ft^3/s,90.0,ft,511,ft^2,0.36,ft/s,,ft,Unspecified,Unspecified,Unspecified,Unspecified,Unspecified,Unknown,Unspecified,2026-07-10T00:05:20.378169+00:00,adcp,Unspecified
05572000,POINT (-88.5891666666667 40.0311666666667),b97f32fc-5b7e-456c-86ea-e03edd13130e,USGS-05572000,4e84d29a-bc4f-6d96-e053-0100007f24b5,804,1993-01-05T20:55:00+00:00,Imported Channel 1,5070,ft^3/s,484,ft,2550,ft^2,1.99,ft/s,,,Unspecified,Unspecified,Unspecified,Unspecified,Unspecified,Unknown,BridgeCrane,2026-07-10T00:05:20.378169+00:00,point_velocity,Unspecified
05572000,POINT (-88.5891666666667 40.0311666666667),b98c3996-00eb-4aff-a165-40fe66989dc7,USGS-05572000,6ac3237e-aa8a-48f7-a1fa-7ee44a9b076e,1002,2021-06-28T17:10:50+00:00,Main,3280,ft^3/s,464,ft,2370,ft^2,1.39,ft/s,0.00,ft,Unspecified,Unspecified,Unspecified,Unspecified,Unspecified,Unspecified,BridgeDownstreamSide,2026-07-10T00:05:20.378169+00:00,adcp,AtTheGage
05572000,POINT (-88.5891666666667 40.0311666666667),b9aa9dc7-84b0-463b-958a-a62c334c5593,USGS-05572000,4e84c54a-a135-6681-e053-0100007f8462,716,1983-08-30T06:00:00+00:00,Imported Channel 1,79.3,ft^3/s,84.0,ft,365,ft^2,0.27,ft/s,,,Unspecified,Unspecified,Unspecified,Unspecified,Unspecified,Unknown,Wading,2026-07-10T00:05:20.378169+00:00,point_velocity,Unspecified
05572000,POINT (-88.5891666666667 40.0311666666667),bac7512c-ee4e-4628-9044-4d31dd4e31f0,USGS-05572000,4e84f6a6-204a-8128-e053-0100007f19fb,967,2015-06-10T18:36:30+00:00,MAIN & FLOODPLAIN,2900,ft^3/s,469,ft,1830,ft^2,1.58,ft/s,,,Soft,SiltMud,Even,Unspecified,Uniform,Unknown,BridgeDownstreamSide,2026-07-10T00:05:20.378169+00:00,point_velocity,AtTheGage
05572000,POINT (-88.5891666666667 40.0311666666667),bb784918-2b0d-48c3-a4e4-8b2186a4dc50,USGS-05572000,89d16d11-2d6c-4946-9f6b-f034b1a84f93,995,2020-07-30T19:56:59+00:00,Main,88.2,ft^3/s,75.0,ft,105,ft^2,0.84,ft/s,300.00,ft,Unspecified,Unspecified,Unspecified,Unspecified,Unspecified,Unspecified,Wading,2026-07-10T00:05:20.378169+00:00,point_velocity,Upstream
05572000,POINT (-88.5891666666667 40.0311666666667),bbdae64a-3d14-42d0-820f-b2898c669709,USGS-05572000,4e84d657-d7c6-6de5-e053-0100007ff939,573,1972-05-24T06:00:00+00:00,Imported Channel 1,385,ft^3/s,,,,,,,,ft,Unspecified,Unspecified,Unspecified,Unspecified,Unspecified,Unknown,Unspecified,2026-07-10T00:05:20.378169+00:00,other_method,Unspecified
05572000,POINT (-88.5891666666667 40.0311666666667),bbe27660-148f-476a-9d13-0922f355fed2,USGS-05572000,4e84ecba-db17-7d40-e053-0100007ff260,923,2008-12-10T16:21:36+00:00,Imported Channel 1,261,ft^3/s,93.2,ft,434,ft^2,0.62,ft/s,,ft,Unspecified,Unspecified,Unspecified,Unspecified,Unspecified,Unknown,BridgeDownstreamSide,2026-07-10T00:05:20.378169+00:00,adcp,Unspecified
05572000,POINT (-88.5891666666667 40.0311666666667),bd2da431-ecc6-4c15-a331-51bcddb249d2,USGS-05572000,4e84ee40-7460-7e58-e053-0100007f914f,909,2006-10-11T20:41:00+00:00,Imported Channel 1,29.4,ft^3/s,64.0,ft,116,ft^2,0.25,ft/s,,,Unspecified,Unspecified,Unspecified,Unspecified,Unspecified,Unknown,Wading,2026-07-10T00:05:20.378169+00:00,point_velocity,Unspecified
05572000,POINT (-88.5891666666667 40.0311666666667),bd690b49-5768-4ddf-bbea-35aaf7775b69,USGS-05572000,4e84d4a6-6105-6f17-e053-0100007fcfe3,708,1982-11-30T06:00:00+00:00,Imported Channel 1,432,ft^3/s,100,ft,597,ft^2,0.72,ft/s,,,Unspecified,Unspecified,Unspecified,Unspecified,Unspecified,Unknown,BridgeCrane,2026-07-10T00:05:20.378169+00:00,point_velocity,Unspecified
05572000,POINT (-88.5891666666667 40.0311666666667),bdbf2a35-9b8c-4b4a-9a54-27d493cbf0f2,USGS-05572000,4e84f06f-4c98-7f15-e053-0100007fcd29,963,2014-07-14T17:35:31+00:00,MAIN,7120,ft^3/s,504,ft,3790,ft^2,1.88,ft/s,,ft,Unspecified,Unspecified,Unspecified,Unspecified,Unspecified,Unknown,BridgeDownstreamSide,2026-07-10T00:05:20.378169+00:00,adcp,Unspecified
05572000,POINT (-88.5891666666667 40.0311666666667),be11eb38-70ba-44d5-8925-772c371d3d18,USGS-05572000,4e84d8f0-c0c5-724a-e053-0100007fadac,882,2004-01-15T16:37:00+00:00,Imported Channel 1,406,ft^3/s,94.0,ft,444,ft^2,0.91,ft/s,,ft,Unspecified,Unspecified,Unspecified,Unspecified,Unspecified,Unknown,Unspecified,2026-07-10T00:05:20.378169+00:00,adcp,Unspecified
05572000,POINT (-88.5891666666667 40.0311666666667),bed760bf-09fe-4d37-8f58-a2e70ca811b0,USGS-05572000,4e84d03a-1ce4-6c72-e053-0100007fef9b,662,1979-03-28T06:00:00+00:00,Imported Channel 1,1610,ft^3/s,,,,,,,,ft,Unspecified,Unspecified,Unspecified,Unspecified,Unspecified,Unknown,Unspecified,2026-07-10T00:05:20.378169+00:00,other_method,Unspecified
05572000,POINT (-88.5891666666667 40.0311666666667),bf4bfa96-4e22-4bc1-88a9-c6b5b60524f9,USGS-05572000,4e84f028-e928-7db5-e053-0100007fe7f7,887,2004-02-17T15:21:00+00:00,Imported Channel 1,140,ft^3/s,90.0,ft,509,ft^2,0.28,ft/s,,,Unspecified,Unspecified,Unspecified,Unspecified,Unspecified,Unknown,Ice,2026-07-10T00:05:20.378169+00:00,point_velocity,Unspecified
05572000,POINT (-88.5891666666667 40.0311666666667),bf6a859f-6670-42f4-9bb8-87223887862c,USGS-05572000,50c530c4-efcf-0302-e053-0100007f57db,976,2017-04-10T18:07:12+00:00,"Sangamon River at Monticello, IL",1970,ft^3/s,446,ft,1280,ft^2,1.54,ft/s,25.00,ft,Soft,Sand,Even,Even,Standard,Unknown,BridgeDownstreamSide,2026-07-10T00:05:20.378169+00:00,adcp,Downstream
05572000,POINT (-88.5891666666667 40.0311666666667),c0598372-e6ca-4a0c-a4bb-c8345b3cff75,USGS-05572000,4e84e449-deff-78b2-e053-0100007f74ce,849,1999-03-12T15:30:00+00:00,Imported Channel 1,367,ft^3/s,93.0,ft,433,ft^2,0.85,ft/s,,,Unspecified,Unspecified,Unspecified,Unspecified,Unspecified,Unknown,BridgeCrane,2026-07-10T00:05:20.378169+00:00,point_velocity,Unspecified
05572000,POINT (-88.5891666666667 40.0311666666667),c07bad24-a473-45d3-8fd2-f5f988ba62a9,USGS-05572000,4e84d9d1-5ca4-729c-e053-0100007f6b39,743,1985-11-21T06:00:00+00:00,Imported Channel 1,10100,ft^3/s,,,,,,,,ft,Unspecified,Unspecified,Unspecified,Unspecified,Unspecified,Unknown,Unspecified,2026-07-10T00:05:20.378169+00:00,other_method,Unspecified
05572000,POINT (-88.5891666666667 40.0311666666667),c11303f7-31dd-46b8-af29-7e476c8e27fd,USGS-05572000,4e84f293-6a9e-802a-e053-0100007fc3ad,948,2012-08-01T15:13:31+00:00,Channel 1,0.00,ft^3/s,13.5,ft,3.17,ft^2,0.00,ft/s,1320.00,ft,Soft,SiltMud,Even,Even,Uniform,Unknown,Wading,2026-07-10T00:05:20.378169+00:00,point_velocity,Downstream
05572000,POINT (-88.5891666666667 40.0311666666667),c19df60e-01b8-4c6a-9541-58b0f9b9a5bb,USGS-05572000,fca13b2e-ef91-4031-b525-520fe2201463,1038,2026-03-20T16:59:17+00:00,Sangamon Monti,42.3,ft^3/s,100,ft,73.8,ft^2,0.57,ft/s,500.00,ft,Soft,Sand,Uneven,Even,NonStandard,Steady,Wading,2026-07-10T00:05:20.378169+00:00,point_velocity,Upstream
05572000,POINT (-88.5891666666667 40.0311666666667),c3771325-6c8c-48c7-b04e-3e2f4e71d0ae,USGS-05572000,63bca0db-896e-4af0-a72e-0aedca019afd,1017,2023-10-24T20:00:47+00:00,MAIN,11.9,ft^3/s,32.5,ft,12.5,ft^2,0.95,ft/s,1800.00,ft,Firm,Sand,Even,Unspecified,Standard,Unspecified,Wading,2026-07-10T00:05:20.378169+00:00,point_velocity,Upstream
05572000,POINT (-88.5891666666667 40.0311666666667),c39d684f-98f5-460f-a051-64f1f1df30e7,USGS-05572000,4e84d36a-be90-6e4e-e053-0100007f442a,627,1976-08-30T06:00:00+00:00,Imported Channel 1,17.5,ft^3/s,,,,,,,,ft,Unspecified,Unspecified,Unspecified,Unspecified,Unspecified,Unknown,Unspecified,2026-07-10T00:05:20.378169+00:00,other_method,Unspecified
05572000,POINT (-88.5891666666667 40.0311666666667),c3e35684-2fd6-4468-8a1b-0b93b649a274,USGS-05572000,4e84c559-c1de-665d-e053-0100007fa715,593,1973-10-24T06:00:00+00:00,Imported Channel 1,25.1,ft^3/s,,,,,,,,ft,Unspecified,Unspecified,Unspecified,Unspecified,Unspecified,Unknown,Unspecified,2026-07-10T00:05:20.378169+00:00,other_method,Unspecified
05572000,POINT (-88.5891666666667 40.0311666666667),c3fbbe99-26d3-4bbc-89f7-b080729c19ea,USGS-05572000,4e84db7b-197c-72ba-e053-0100007fe6d8,757,1987-04-30T06:00:00+00:00,Imported Channel 1,384,ft^3/s,93.0,ft,512,ft^2,0.75,ft/s,,,Unspecified,Unspecified,Unspecified,Unspecified,Unspecified,Unknown,BridgeCrane,2026-07-10T00:05:20.378169+00:00,point_velocity,Unspecified
05572000,POINT (-88.5891666666667 40.0311666666667),c4a07623-a343-4d77-92ab-e56fc96c287f,USGS-05572000,4e84c7cd-51d4-684d-e053-0100007f5cb9,639,1977-06-28T06:00:00+00:00,Imported Channel 1,49.3,ft^3/s,,,,,,,,ft,Unspecified,Unspecified,Unspecified,Unspecified,Unspecified,Unknown,Unspecified,2026-07-10T00:05:20.378169+00:00,other_method,Unspecified
05572000,POINT (-88.5891666666667 40.0311666666667),c4cc261b-42fc-4837-bd2b-b86c822a27ef,USGS-05572000,4e84ec00-c27d-7cee-e053-0100007ff1fa,905,2005-10-11T15:40:00+00:00,Imported Channel 1,5.48,ft^3/s,32.0,ft,28.1,ft^2,0.20,ft/s,,,Unspecified,Unspecified,Unspecified,Unspecified,Unspecified,Unknown,Wading,2026-07-10T00:05:20.378169+00:00,point_velocity,Unspecified
05572000,POINT (-88.5891666666667 40.0311666666667),c4ff7924-9651-4671-b7f2-80ebfd6c7c5a,USGS-05572000,4e84d308-d509-6e42-e053-0100007f7e42,665,1979-06-27T06:00:00+00:00,Imported Channel 1,90.8,ft^3/s,,,,,,,,ft,Unspecified,Unspecified,Unspecified,Unspecified,Unspecified,Unknown,Unspecified,2026-07-10T00:05:20.378169+00:00,other_method,Unspecified
05572000,POINT (-88.5891666666667 40.0311666666667),c57a27ab-0329-4294-97ce-70d9d17ef1ad,USGS-05572000,4e84cf59-3f85-6b6a-e053-0100007fed04,587,1973-05-25T06:00:00+00:00,Imported Channel 1,232,ft^3/s,,,,,,,,ft,Unspecified,Unspecified,Unspecified,Unspecified,Unspecified,Unknown,Unspecified,2026-07-10T00:05:20.378169+00:00,other_method,Unspecified
05572000,POINT (-88.5891666666667 40.0311666666667),c58fe3f9-fbcf-4aeb-8b62-4445d1f10e29,USGS-05572000,4e84d2f4-8e3e-6ddb-e053-0100007f602d,643,1977-08-30T06:00:00+00:00,Imported Channel 1,468,ft^3/s,,,,,,,,ft,Unspecified,Unspecified,Unspecified,Unspecified,Unspecified,Unknown,Unspecified,2026-07-10T00:05:20.378169+00:00,other_method,Unspecified
05572000,POINT (-88.5891666666667 40.0311666666667),c5936d90-48e0-4e63-bdfe-512eea25195f,USGS-05572000,4e84dfe1-1c94-7610-e053-0100007f86fe,767,1988-08-01T16:00:00+00:00,Imported Channel 1,2.24,ft^3/s,48.0,ft,29.5,ft^2,0.20,ft/s,,,Unspecified,Unspecified,Unspecified,Unspecified,Unspecified,Unknown,Wading,2026-07-10T00:05:20.378169+00:00,point_velocity,Unspecified
05572000,POINT (-88.5891666666667 40.0311666666667),c793988a-7e8c-427f-b589-417a9c5d23e1,USGS-05572000,4e84d8b0-11b2-707b-e053-0100007fc9d2,829,1996-08-01T16:50:00+00:00,Imported Channel 1,170,ft^3/s,65.0,ft,170,ft^2,0.99,ft/s,,,Unspecified,Unspecified,Unspecified,Unspecified,Unspecified,Unknown,Wading,2026-07-10T00:05:20.378169+00:00,point_velocity,Unspecified
05572000,POINT (-88.5891666666667 40.0311666666667),c7e8a019-025c-4196-a845-9396c9118eb6,USGS-05572000,4e84bdde-d0fd-616a-e053-0100007f0505,566,1971-10-26T06:00:00+00:00,Imported Channel 1,78.1,ft^3/s,,,,,,,,ft,Unspecified,Unspecified,Unspecified,Unspecified,Unspecified,Unknown,Unspecified,2026-07-10T00:05:20.378169+00:00,other_method,Unspecified
05572000,POINT (-88.5891666666667 40.0311666666667),c82a2dc9-fc28-42b2-85c4-0609075b8d73,USGS-05572000,4e84d657-d7c7-6de5-e053-0100007ff939,575,1972-07-24T06:00:00+00:00,Imported Channel 1,70.0,ft^3/s,,,,,,,,ft,Unspecified,Unspecified,Unspecified,Unspecified,Unspecified,Unknown,Unspecified,2026-07-10T00:05:20.378169+00:00,other_method,Unspecified
05572000,POINT (-88.5891666666667 40.0311666666667),c83a50c0-4e30-4d93-aa5e-18e29e12e8dd,USGS-05572000,4e84d203-3899-6db0-e053-0100007f362d,610,1975-03-25T06:00:00+00:00,Imported Channel 1,325,ft^3/s,,,,,,,,ft,Unspecified,Unspecified,Unspecified,Unspecified,Unspecified,Unknown,Unspecified,2026-07-10T00:05:20.378169+00:00,other_method,Unspecified
05572000,POINT (-88.5891666666667 40.0311666666667),c8d16765-28dd-41c5-9653-0e125059fac7,USGS-05572000,4e84cf64-6c3f-6b62-e053-0100007f9a8a,598,1974-03-20T06:00:00+00:00,Imported Channel 1,1010,ft^3/s,,,,,,,,ft,Unspecified,Unspecified,Unspecified,Unspecified,Unspecified,Unknown,Unspecified,2026-07-10T00:05:20.378169+00:00,other_method,Unspecified
05572000,POINT (-88.5891666666667 40.0311666666667),ca518c0f-933c-4a39-9ff8-50fe39e2ad20,USGS-05572000,4e84cfb8-1d15-6c8c-e053-0100007ff928,672,1979-12-26T06:00:00+00:00,Imported Channel 1,69.2,ft^3/s,,,,,,,,ft,Unspecified,Unspecified,Unspecified,Unspecified,Unspecified,Unknown,Unspecified,2026-07-10T00:05:20.378169+00:00,other_method,Unspecified
05572000,POINT (-88.5891666666667 40.0311666666667),caf65858-2d5f-49b7-9972-a006e9b7de69,USGS-05572000,4e84dc93-3738-73da-e053-0100007f7e75,860,2000-10-03T17:00:00+00:00,Imported Channel 1,11.6,ft^3/s,45.0,ft,60.8,ft^2,0.22,ft/s,,,Unspecified,Unspecified,Unspecified,Unspecified,Unspecified,Unknown,Wading,2026-07-10T00:05:20.378169+00:00,point_velocity,Unspecified
05572000,POINT (-88.5891666666667 40.0311666666667),cda4d91e-b3c4-438c-b5e0-33557fb8ade6,USGS-05572000,4e84e4d7-7ba5-78c8-e053-0100007fadd2,843,1998-05-12T13:20:00+00:00,Imported Channel 1,2630,ft^3/s,467,ft,1450,ft^2,1.81,ft/s,,,Unspecified,Unspecified,Unspecified,Unspecified,Unspecified,Unknown,BridgeCrane,2026-07-10T00:05:20.378169+00:00,point_velocity,Unspecified
05572000,POINT (-88.5891666666667 40.0311666666667),cde25689-e3bc-4145-adfe-ef78c48fa060,USGS-05572000,4e84db7b-1987-72ba-e053-0100007fe6d8,808,1993-10-29T16:50:00+00:00,Imported Channel 1,714,ft^3/s,98.0,ft,696,ft^2,1.03,ft/s,,,Unspecified,Unspecified,Unspecified,Unspecified,Unspecified,Unknown,BridgeCrane,2026-07-10T00:05:20.378169+00:00,point_velocity,Unspecified
05572000,POINT (-88.5891666666667 40.0311666666667),ce676b02-ebd0-40ed-b948-9d0209d9d3c7,USGS-05572000,4e84d436-dc58-6e44-e053-0100007f04cf,675,1980-04-25T06:00:00+00:00,Imported Channel 1,358,ft^3/s,,,,,,,,ft,Unspecified,Unspecified,Unspecified,Unspecified,Unspecified,Unknown,Unspecified,2026-07-10T00:05:20.378169+00:00,other_method,Unspecified
05572000,POINT (-88.5891666666667 40.0311666666667),cef71440-630a-495e-bc78-614e9817f9c1,USGS-05572000,4e84dc74-0c66-7328-e053-0100007f94fc,856,2000-02-03T19:00:00+00:00,Imported Channel 1,7.41,ft^3/s,21.0,ft,7.92,ft^2,1.23,ft/s,,,Unspecified,Unspecified,Unspecified,Unspecified,Unspecified,Unknown,Wading,2026-07-10T00:05:20.378169+00:00,point_velocity,Unspecified
05572000,POINT (-88.5891666666667 40.0311666666667),cfb4398f-7446-4629-af9b-bcc2b305e202,USGS-05572000,4e84ce8f-b21f-6bc2-e053-0100007fbd8b,750,1986-06-30T06:00:00+00:00,Imported Channel 1,191,ft^3/s,83.0,ft,392,ft^2,0.49,ft/s,,,Unspecified,Unspecified,Unspecified,Unspecified,Unspecified,Unknown,BridgeCrane,2026-07-10T00:05:20.378169+00:00,point_velocity,Unspecified
05572000,POINT (-88.5891666666667 40.0311666666667),cffc6bc1-86e4-48ad-be23-91fdca286845,USGS-05572000,4e84e1e5-0f34-769e-e053-0100007fec64,768,1988-08-31T16:20:00+00:00,Imported Channel 1,0.85,ft^3/s,37.0,ft,5.80,ft^2,0.04,ft/s,,,Unspecified,Unspecified,Unspecified,Unspecified,Unspecified,Unknown,Wading,2026-07-10T00:05:20.378169+00:00,point_velocity,Unspecified
05572000,POINT (-88.5891666666667 40.0311666666667),d01d753e-eb87-40f9-9da5-6076eeb90a45,USGS-05572000,4e84cecb-2c1e-6a22-e053-0100007f2298,689,1981-04-30T06:00:00+00:00,Imported Channel 1,889,ft^3/s,126,ft,751,ft^2,1.18,ft/s,,,Unspecified,Unspecified,Unspecified,Unspecified,Unspecified,Unknown,BridgeCrane,2026-07-10T00:05:20.378169+00:00,point_velocity,Unspecified
05572000,POINT (-88.5891666666667 40.0311666666667),d191b2e5-54f6-4bc3-8aad-59bb3966a59e,USGS-05572000,4e84f00b-c451-7f13-e053-0100007f04ba,897,2004-10-14T20:53:00+00:00,Imported Channel 1,18.9,ft^3/s,53.0,ft,105,ft^2,0.19,ft/s,,,Unspecified,Unspecified,Unspecified,Unspecified,Unspecified,Unknown,Wading,2026-07-10T00:05:20.378169+00:00,point_velocity,Unspecified
05572000,POINT (-88.5891666666667 40.0311666666667),d2078653-1ecc-4fbe-8a58-299256589de0,USGS-05572000,66212876-5cc5-a96d-e053-0100007f281c,982,2018-02-23T21:23:07+00:00,MAIN,7620,ft^3/s,491,ft,3400,ft^2,2.24,ft/s,0.00,ft,Firm,Sand,Even,Even,Standard,Steady,BridgeDownstreamSide,2026-07-10T00:05:20.378169+00:00,adcp,AtTheGage
05572000,POINT (-88.5891666666667 40.0311666666667),d2f9f498-8106-4687-9ef0-26707e4fe104,USGS-05572000,4e84ec8e-67b8-7d46-e053-0100007f1e4f,830,1996-10-17T20:45:00+00:00,Imported Channel 1,3.30,ft^3/s,22.0,ft,8.61,ft^2,0.70,ft/s,,,Unspecified,Unspecified,Unspecified,Unspecified,Unspecified,Unknown,Wading,2026-07-10T00:05:20.378169+00:00,point_velocity,Unspecified
05572000,POINT (-88.5891666666667 40.0311666666667),d369263a-aa15-4182-95df-510b47155e41,USGS-05572000,4e84db7b-1964-72ba-e053-0100007fe6d8,609,1975-02-24T06:00:00+00:00,Imported Channel 1,2770,ft^3/s,,,,,,,,ft,Unspecified,Unspecified,Unspecified,Unspecified,Unspecified,Unknown,Unspecified,2026-07-10T00:05:20.378169+00:00,other_method,Unspecified
05572000,POINT (-88.5891666666667 40.0311666666667),d37f5009-6dc6-4ace-895d-af53fd094e0d,USGS-05572000,4e84cf46-3c58-6c88-e053-0100007f29f3,728,1984-09-28T06:00:00+00:00,Imported Channel 1,11.2,ft^3/s,49.0,ft,31.7,ft^2,0.36,ft/s,,,Unspecified,Unspecified,Unspecified,Unspecified,Unspecified,Unknown,Wading,2026-07-10T00:05:20.378169+00:00,point_velocity,Unspecified
05572000,POINT (-88.5891666666667 40.0311666666667),d3b2573a-65a0-409a-aec5-d9307fd7c5bf,USGS-05572000,4cce8399-376d-4523-ba8b-4a7a35c569e8,1010,2022-09-19T19:02:46+00:00,MAIN,13.0,ft^3/s,35.0,ft,14.8,ft^2,0.87,ft/s,1000.00,ft,Unspecified,Unspecified,Unspecified,Unspecified,Unspecified,Unspecified,Wading,2026-07-10T00:05:20.378169+00:00,point_velocity,Upstream
05572000,POINT (-88.5891666666667 40.0311666666667),d4667770-b102-492e-9dd8-ab7ba8f98b0d,USGS-05572000,4e84f459-3dfa-80eb-e053-0100007fd37b,927,2009-08-10T16:08:00+00:00,Imported Channel 1,91.7,ft^3/s,76.0,ft,158,ft^2,0.58,ft/s,1500.00,ft,Soft,SiltMud,Even,Even,Unspecified,Unknown,Wading,2026-07-10T00:05:20.378169+00:00,point_velocity,Upstream
05572000,POINT (-88.5891666666667 40.0311666666667),d4b17765-44d8-4baa-9bd5-7508dd302bf1,USGS-05572000,4e84d436-dc72-6e44-e053-0100007f04cf,820,1995-05-23T14:45:00+00:00,Imported Channel 1,2360,ft^3/s,395,ft,2150,ft^2,1.10,ft/s,,,Unspecified,Unspecified,Unspecified,Unspecified,Unspecified,Unknown,Boat,2026-07-10T00:05:20.378169+00:00,point_velocity,Unspecified
05572000,POINT (-88.5891666666667 40.0311666666667),d526848a-ab12-4ed1-a1b8-28749f585585,USGS-05572000,4e84f2ca-265f-7ee5-e053-0100007f8e93,878,2003-07-11T17:56:00+00:00,Imported Channel 1,2340,ft^3/s,481,ft,2260,ft^2,1.04,ft/s,,,Unspecified,Unspecified,Unspecified,Unspecified,Unspecified,Unknown,BridgeCrane,2026-07-10T00:05:20.378169+00:00,point_velocity,Unspecified
05572000,POINT (-88.5891666666667 40.0311666666667),d65b9fef-0752-4992-ac3c-deb967514e1f,USGS-05572000,47a4bbd4-9d16-4e90-a0b5-38c821cb5111,999,2021-02-16T17:11:41+00:00,Main,20.3,ft^3/s,34.8,ft,31.5,ft^2,0.65,ft/s,2000.00,ft,Unspecified,Unspecified,Unspecified,Even,Unspecified,Unspecified,Wading,2026-07-10T00:05:20.378169+00:00,point_velocity,Upstream
05572000,POINT (-88.5891666666667 40.0311666666667),d6aac6c7-fa2a-4951-b6fd-f03b7c0f9484,USGS-05572000,4e84bdde-d0ff-616a-e053-0100007f0505,574,1972-06-23T06:00:00+00:00,Imported Channel 1,174,ft^3/s,,,,,,,,ft,Unspecified,Unspecified,Unspecified,Unspecified,Unspecified,Unknown,Unspecified,2026-07-10T00:05:20.378169+00:00,other_method,Unspecified
05572000,POINT (-88.5891666666667 40.0311666666667),d75f096e-ebc6-4da9-bb43-e1e39e472d86,USGS-05572000,4e84d5e8-a65e-702f-e053-0100007f4545,567,1971-11-22T06:00:00+00:00,Imported Channel 1,47.8,ft^3/s,,,,,,,,ft,Unspecified,Unspecified,Unspecified,Unspecified,Unspecified,Unknown,Unspecified,2026-07-10T00:05:20.378169+00:00,other_method,Unspecified
05572000,POINT (-88.5891666666667 40.0311666666667),d7d3b598-eaa3-4edd-b3e5-867d80f7a096,USGS-05572000,50d5560e-7707-e780-e053-0100007ff24b,977,2017-05-17T19:22:25+00:00,main,476,ft^3/s,102,ft,536,ft^2,0.89,ft/s,0.00,ft,Soft,Cobbles,Even,Even,Standard,Unknown,BridgeDownstreamSide,2026-07-10T00:05:20.378169+00:00,adcp,AtTheGage
05572000,POINT (-88.5891666666667 40.0311666666667),d823c723-10f9-4744-8810-2b2be848a2de,USGS-05572000,4e84f2ca-265e-7ee5-e053-0100007f8e93,877,2003-06-27T13:35:00+00:00,Imported Channel 1,184,ft^3/s,90.0,ft,293,ft^2,0.63,ft/s,,,Unspecified,Unspecified,Unspecified,Unspecified,Unspecified,Unknown,BridgeCrane,2026-07-10T00:05:20.378169+00:00,point_velocity,Unspecified
05572000,POINT (-88.5891666666667 40.0311666666667),d8bc45aa-a309-4b85-8bb1-391cafcc6a1a,USGS-05572000,4e84cfb8-1d1a-6c8c-e053-0100007ff928,722,1984-03-30T06:00:00+00:00,Imported Channel 1,1900,ft^3/s,136,ft,1050,ft^2,1.81,ft/s,,,Unspecified,Unspecified,Unspecified,Unspecified,Unspecified,Unknown,BridgeCrane,2026-07-10T00:05:20.378169+00:00,point_velocity,Unspecified
05572000,POINT (-88.5891666666667 40.0311666666667),d8f37f05-0453-4d05-b81a-bf04813e02e5,USGS-05572000,4e84d436-dc7e-6e44-e053-0100007f04cf,841,1998-02-04T14:30:00+00:00,Imported Channel 1,278,ft^3/s,92.0,ft,364,ft^2,0.76,ft/s,,,Unspecified,Unspecified,Unspecified,Unspecified,Unspecified,Unknown,BridgeCrane,2026-07-10T00:05:20.378169+00:00,point_velocity,Unspecified
05572000,POINT (-88.5891666666667 40.0311666666667),db5c1112-5246-4aba-a050-723a8b3c9fe6,USGS-05572000,4e84d4d7-f91d-6f15-e053-0100007f414e,764,1988-05-31T19:15:00+00:00,Imported Channel 1,75.7,ft^3/s,58.0,ft,113,ft^2,0.70,ft/s,,,Unspecified,Unspecified,Unspecified,Unspecified,Unspecified,Unknown,Wading,2026-07-10T00:05:20.378169+00:00,point_velocity,Unspecified
05572000,POINT (-88.5891666666667 40.0311666666667),dc1fb172-9228-40d8-bb95-d1ca0ac7a8a4,USGS-05572000,4e84f05f-71d3-7f11-e053-0100007f64ed,936,2010-12-06T19:48:00+00:00,Imported Channel 1,78.1,ft^3/s,84.0,ft,250,ft^2,0.31,ft/s,,,Unspecified,SiltMud,Even,Uneven,Unspecified,Unknown,BridgeUpstreamSide,2026-07-10T00:05:20.378169+00:00,point_velocity,AtTheGage
05572000,POINT (-88.5891666666667 40.0311666666667),dc69fcaf-744f-459c-bcae-096aa03bdc47,USGS-05572000,4e84f028-e928-7db5-e053-0100007fe7f7,886,2004-02-17T15:15:00+00:00,Imported Channel 1,147,ft^3/s,90.0,ft,489,ft^2,0.30,ft/s,,ft,Unspecified,Unspecified,Unspecified,Unspecified,Unspecified,Unknown,Unspecified,2026-07-10T00:05:20.378169+00:00,adcp,Unspecified
05572000,POINT (-88.5891666666667 40.0311666666667),dca43ac3-5769-4ece-bf09-b1f90bf49ce8,USGS-05572000,4e84dc74-0c41-7328-e053-0100007f94fc,618,1975-11-25T06:00:00+00:00,Imported Channel 1,62.6,ft^3/s,,,,,,,,ft,Unspecified,Unspecified,Unspecified,Unspecified,Unspecified,Unknown,Unspecified,2026-07-10T00:05:20.378169+00:00,other_method,Unspecified
05572000,POINT (-88.5891666666667 40.0311666666667),dcbd67f7-14da-4db7-853b-48289343c254,USGS-05572000,4e84ec72-215a-7ce2-e053-0100007f22ff,907,2006-03-13T22:39:00+00:00,Imported Channel 1,1440,ft^3/s,125,ft,950,ft^2,1.66,ft/s,,,Unspecified,Unspecified,Unspecified,Unspecified,Unspecified,Unknown,Wading,2026-07-10T00:05:20.378169+00:00,point_velocity,Unspecified
05572000,POINT (-88.5891666666667 40.0311666666667),df721a80-bc7b-46fb-aa75-0f05921b1458,USGS-05572000,4e84e7f1-5d89-7a9c-e053-0100007f3d7f,871,2002-05-02T13:25:00+00:00,Imported Channel 1,2270,ft^3/s,458,ft,2110,ft^2,1.08,ft/s,,,Unspecified,Unspecified,Unspecified,Unspecified,Unspecified,Unknown,BridgeCrane,2026-07-10T00:05:20.378169+00:00,point_velocity,Unspecified
05572000,POINT (-88.5891666666667 40.0311666666667),e0254419-2d9e-47c6-a38f-b8c27b8703ff,USGS-05572000,4e84c829-bace-6857-e053-0100007f78f8,790,1990-12-04T19:50:00+00:00,Imported Channel 1,1150,ft^3/s,145,ft,900,ft^2,1.28,ft/s,,,Unspecified,Unspecified,Unspecified,Unspecified,Unspecified,Unknown,BridgeCrane,2026-07-10T00:05:20.378169+00:00,point_velocity,Unspecified
05572000,POINT (-88.5891666666667 40.0311666666667),e0bfe583-8e06-43a8-8734-18f90e6aa2c7,USGS-05572000,4e84f992-52fc-845b-e053-0100007f986f,954,2013-04-05T18:02:16+00:00,MAIN,450,ft^3/s,91.1,ft,510,ft^2,0.88,ft/s,,ft,Soft,SiltMud,Even,Even,Uniform,Unknown,BridgeDownstreamSide,2026-07-10T00:05:20.378169+00:00,adcp,AtTheGage
05572000,POINT (-88.5891666666667 40.0311666666667),e23a7e12-6443-4e7a-8b46-3c57861747fe,USGS-05572000,4e84de44-59cb-750a-e053-0100007fd902,810,1994-01-21T22:00:00+00:00,Imported Channel 1,153,ft^3/s,69.0,ft,190,ft^2,0.80,ft/s,,,Unspecified,Unspecified,Unspecified,Unspecified,Unspecified,Unknown,Ice,2026-07-10T00:05:20.378169+00:00,point_velocity,Unspecified
05572000,POINT (-88.5891666666667 40.0311666666667),e2be271d-eaf5-4076-9496-642851c4c702,USGS-05572000,4e84d543-1485-7003-e053-0100007f8a1a,557,1971-01-19T06:00:00+00:00,Imported Channel 1,91.0,ft^3/s,,,,,,,,ft,Unspecified,Unspecified,Unspecified,Unspecified,Unspecified,Unknown,Unspecified,2026-07-10T00:05:20.378169+00:00,other_method,Unspecified
05572000,POINT (-88.5891666666667 40.0311666666667),e306cc37-11d8-44a7-ab22-41eaec6a6659,USGS-05572000,4e84c7fe-4d2f-6843-e053-0100007f839f,630,1976-11-29T06:00:00+00:00,Imported Channel 1,7.57,ft^3/s,,,,,,,,ft,Unspecified,Unspecified,Unspecified,Unspecified,Unspecified,Unknown,Unspecified,2026-07-10T00:05:20.378169+00:00,other_method,Unspecified
05572000,POINT (-88.5891666666667 40.0311666666667),e3929ac3-e2c1-4598-a3ce-e2fddb816bc5,USGS-05572000,4e84d5e8-a660-702f-e053-0100007f4545,616,1975-09-25T06:00:00+00:00,Imported Channel 1,172,ft^3/s,,,,,,,,ft,Unspecified,Unspecified,Unspecified,Unspecified,Unspecified,Unknown,Unspecified,2026-07-10T00:05:20.378169+00:00,other_method,Unspecified
05572000,POINT (-88.5891666666667 40.0311666666667),e3b818dc-5d31-4df2-ad7e-b5b3c5485440,USGS-05572000,4e84d2ec-33ae-6e40-e053-0100007f1b0d,747,1986-03-31T06:00:00+00:00,Imported Channel 1,288,ft^3/s,91.0,ft,460,ft^2,0.63,ft/s,,,Unspecified,Unspecified,Unspecified,Unspecified,Unspecified,Unknown,BridgeCrane,2026-07-10T00:05:20.378169+00:00,point_velocity,Unspecified
05572000,POINT (-88.5891666666667 40.0311666666667),e478aeb0-b20b-4bac-8b9d-8da9e18ac97e,USGS-05572000,4e84ed64-6279-7cf8-e053-0100007f04e6,879,2003-09-03T20:28:00+00:00,Imported Channel 1,1160,ft^3/s,360,ft,1280,ft^2,0.91,ft/s,,,Unspecified,Unspecified,Unspecified,Unspecified,Unspecified,Unknown,BridgeCrane,2026-07-10T00:05:20.378169+00:00,point_velocity,Unspecified
05572000,POINT (-88.5891666666667 40.0311666666667),e4dd005a-28e4-4ee5-89b7-424d081674dc,USGS-05572000,4e84d928-a392-7246-e053-0100007f442f,884,2004-02-12T16:05:00+00:00,Imported Channel 1,158,ft^3/s,90.0,ft,503,ft^2,0.24,ft/s,,ft,Unspecified,Unspecified,Unspecified,Unspecified,Unspecified,Unknown,Unspecified,2026-07-10T00:05:20.378169+00:00,adcp,Unspecified
05572000,POINT (-88.5891666666667 40.0311666666667),e5d6ecae-5772-48f6-95dc-1c6187b9dcd8,USGS-05572000,4e84d5e8-a665-702f-e053-0100007f4545,637,1977-05-09T06:00:00+00:00,Imported Channel 1,2770,ft^3/s,,,,,,,,ft,Unspecified,Unspecified,Unspecified,Unspecified,Unspecified,Unknown,Unspecified,2026-07-10T00:05:20.378169+00:00,other_method,Unspecified
05572000,POINT (-88.5891666666667 40.0311666666667),e648b25c-351d-4ed1-a87d-bb84756439c3,USGS-05572000,4e84c2ab-4772-642a-e053-0100007f884d,550,1970-06-22T06:00:00+00:00,Imported Channel 1,400,ft^3/s,,,,,,,,ft,Unspecified,Unspecified,Unspecified,Unspecified,Unspecified,Unknown,Unspecified,2026-07-10T00:05:20.378169+00:00,other_method,Unspecified
05572000,POINT (-88.5891666666667 40.0311666666667),e6dc72f8-eb5d-4c3a-8af0-08873eaf1a0c,USGS-05572000,4e84d65c-82d9-7033-e053-0100007fb01d,594,1973-11-21T06:00:00+00:00,Imported Channel 1,27.5,ft^3/s,,,,,,,,ft,Unspecified,Unspecified,Unspecified,Unspecified,Unspecified,Unknown,Unspecified,2026-07-10T00:05:20.378169+00:00,other_method,Unspecified
05572000,POINT (-88.5891666666667 40.0311666666667),e74d414c-a4b1-4fb0-a79e-1f86073339bc,USGS-05572000,4e84d266-5083-6ddd-e053-0100007f4f89,642,1977-08-10T06:00:00+00:00,Imported Channel 1,5940,ft^3/s,,,,,,,,ft,Unspecified,Unspecified,Unspecified,Unspecified,Unspecified,Unknown,Unspecified,2026-07-10T00:05:20.378169+00:00,other_method,Unspecified
05572000,POINT (-88.5891666666667 40.0311666666667),e7dd6b6e-f099-4647-9c68-ca1a0e6c8c3b,USGS-05572000,4e84d8f9-9bf0-7240-e053-0100007f04ef,583,1973-02-21T06:00:00+00:00,Imported Channel 1,288,ft^3/s,,,,,,,,ft,Unspecified,Unspecified,Unspecified,Unspecified,Unspecified,Unknown,Unspecified,2026-07-10T00:05:20.378169+00:00,other_method,Unspecified
05572000,POINT (-88.5891666666667 40.0311666666667),e7f93f0a-e673-42e1-bb86-12b61fdd9722,USGS-05572000,4e84d29a-bc4b-6d96-e053-0100007f24b5,802,1992-10-05T20:25:00+00:00,Imported Channel 1,57.2,ft^3/s,58.0,ft,88.2,ft^2,0.69,ft/s,,,Unspecified,Unspecified,Unspecified,Unspecified,Unspecified,Unknown,Wading,2026-07-10T00:05:20.378169+00:00,point_velocity,Unspecified
05572000,POINT (-88.5891666666667 40.0311666666667),e86abf9e-1967-4f54-85b8-b405e47fac3e,USGS-05572000,4e84e462-3b0a-78ae-e053-0100007f525d,865,2001-04-26T16:31:00+00:00,Imported Channel 1,211,ft^3/s,90.0,ft,307,ft^2,0.69,ft/s,,,Unspecified,Unspecified,Unspecified,Unspecified,Unspecified,Unknown,BridgeCrane,2026-07-10T00:05:20.378169+00:00,point_velocity,Unspecified
05572000,POINT (-88.5891666666667 40.0311666666667),ea19ae37-bfed-44c5-a3b2-bb31108cc842,USGS-05572000,4e84d93e-ebfd-7224-e053-0100007f080e,599,1974-04-24T06:00:00+00:00,Imported Channel 1,411,ft^3/s,,,,,,,,ft,Unspecified,Unspecified,Unspecified,Unspecified,Unspecified,Unknown,Unspecified,2026-07-10T00:05:20.378169+00:00,other_method,Unspecified
05572000,POINT (-88.5891666666667 40.0311666666667),ea416218-7549-4b2d-b414-8db3c1678701,USGS-05572000,4e84def1-858f-74e4-e053-0100007f090f,729,1984-10-29T06:00:00+00:00,Imported Channel 1,9.60,ft^3/s,64.0,ft,47.1,ft^2,0.29,ft/s,,,Unspecified,Unspecified,Unspecified,Unspecified,Unspecified,Unknown,Wading,2026-07-10T00:05:20.378169+00:00,point_velocity,Unspecified
05572000,POINT (-88.5891666666667 40.0311666666667),ea5fa388-eba3-4d5a-bc1c-69ed630b8056,USGS-05572000,4e84d430-16cf-6dd7-e053-0100007f4907,628,1976-09-29T06:00:00+00:00,Imported Channel 1,11.0,ft^3/s,,,,,,,,ft,Unspecified,Unspecified,Unspecified,Unspecified,Unspecified,Unknown,Unspecified,2026-07-10T00:05:20.378169+00:00,other_method,Unspecified
05572000,POINT (-88.5891666666667 40.0311666666667),eb49dab6-2d1c-4496-aba8-840f8559b517,USGS-05572000,4e84c162-2cad-6422-e053-0100007f66b4,570,1972-02-25T06:00:00+00:00,Imported Channel 1,218,ft^3/s,,,,,,,,ft,Unspecified,Unspecified,Unspecified,Unspecified,Unspecified,Unknown,Unspecified,2026-07-10T00:05:20.378169+00:00,other_method,Unspecified
05572000,POINT (-88.5891666666667 40.0311666666667),ebb9a5ef-3af3-4b88-b410-293e20b7152f,USGS-05572000,e025abf9-4c95-4a0d-8238-6d3a20378d0b,1020,2024-02-21T16:39:30+00:00,Main,274,ft^3/s,95.0,ft,354,ft^2,0.78,ft/s,0.00,ft,Unspecified,Unspecified,Unspecified,Unspecified,Unspecified,Unspecified,BridgeDownstreamSide,2026-07-10T00:05:20.378169+00:00,point_velocity,AtTheGage
05572000,POINT (-88.5891666666667 40.0311666666667),ebd073f3-d7fb-4736-b846-3de2201fc562,USGS-05572000,4e84e634-1021-7985-e053-0100007f0c76,785,1990-03-14T06:00:00+00:00,Imported Channel 1,4420,ft^3/s,475,ft,2250,ft^2,1.96,ft/s,,,Unspecified,Unspecified,Unspecified,Unspecified,Unspecified,Unknown,BridgeCrane,2026-07-10T00:05:20.378169+00:00,point_velocity,Unspecified
05572000,POINT (-88.5891666666667 40.0311666666667),ececbadc-becc-4fa1-931d-54a1480a54c3,USGS-05572000,4e84dc69-394b-7324-e053-0100007fe092,695,1981-10-29T06:00:00+00:00,Imported Channel 1,308,ft^3/s,91.0,ft,528,ft^2,0.58,ft/s,,,Unspecified,Unspecified,Unspecified,Unspecified,Unspecified,Unknown,BridgeCrane,2026-07-10T00:05:20.378169+00:00,point_velocity,Unspecified
05572000,POINT (-88.5891666666667 40.0311666666667),ecfa9040-7875-4e93-a30d-7a42bb187076,USGS-05572000,4e84d615-5c79-6f19-e053-0100007f8826,788,1990-07-31T17:10:00+00:00,Imported Channel 1,275,ft^3/s,84.0,ft,460,ft^2,0.60,ft/s,,,Unspecified,Unspecified,Unspecified,Unspecified,Unspecified,Unknown,BridgeCrane,2026-07-10T00:05:20.378169+00:00,point_velocity,Unspecified
05572000,POINT (-88.5891666666667 40.0311666666667),ed3ac4ac-4aa1-4303-b782-4c8fdbf2fbfc,USGS-05572000,4e850235-60ad-891e-e053-0100007f2bd9,972,2016-05-16T18:34:45+00:00,Main,1720,ft^3/s,309,ft,1420,ft^2,1.21,ft/s,,ft,Unspecified,Unspecified,Unspecified,Even,Unspecified,Unknown,BridgeDownstreamSide,2026-07-10T00:05:20.378169+00:00,adcp,AtTheGage
05572000,POINT (-88.5891666666667 40.0311666666667),ed62848e-0622-4d04-908f-271c736400f3,USGS-05572000,4e84dce2-c85b-7302-e053-0100007f7c79,721,1984-02-29T06:00:00+00:00,Imported Channel 1,372,ft^3/s,93.0,ft,536,ft^2,0.69,ft/s,,,Unspecified,Unspecified,Unspecified,Unspecified,Unspecified,Unknown,BridgeCrane,2026-07-10T00:05:20.378169+00:00,point_velocity,Unspecified
05572000,POINT (-88.5891666666667 40.0311666666667),edc26bdf-7ae9-4fcb-b3a6-a10678c5643e,USGS-05572000,4e84ceff-c41e-6c64-e053-0100007fba2c,608,1975-01-27T06:00:00+00:00,Imported Channel 1,1320,ft^3/s,,,,,,,,ft,Unspecified,Unspecified,Unspecified,Unspecified,Unspecified,Unknown,Unspecified,2026-07-10T00:05:20.378169+00:00,other_method,Unspecified
05572000,POINT (-88.5891666666667 40.0311666666667),ee21ff97-f2d1-4e67-b9c6-dbf7cad00aa1,USGS-05572000,4e84cd20-3320-69ea-e053-0100007f6482,558,1971-02-23T06:00:00+00:00,Imported Channel 1,1700,ft^3/s,,,,,,,,ft,Unspecified,Unspecified,Unspecified,Unspecified,Unspecified,Unknown,Unspecified,2026-07-10T00:05:20.378169+00:00,other_method,Unspecified
05572000,POINT (-88.5891666666667 40.0311666666667),eec0da51-7baf-43bb-b1d2-38f01d2eed4c,USGS-05572000,2c2b7197-fcf0-4e8d-9519-22b623e95421,1024,2024-07-12T16:39:51+00:00,Sangamon Monticello,733,ft^3/s,108,ft,639,ft^2,1.15,ft/s,0.00,ft,Soft,SiltMud,Even,Even,Uniform,Steady,BridgeDownstreamSide,2026-07-10T00:05:20.378169+00:00,adcp,AtTheGage
05572000,POINT (-88.5891666666667 40.0311666666667),f0b72f4f-8723-49ca-b5f5-549ab43fec5e,USGS-05572000,4e84d36a-be91-6e4e-e053-0100007f442a,666,1979-07-30T06:00:00+00:00,Imported Channel 1,1820,ft^3/s,,,,,,,,ft,Unspecified,Unspecified,Unspecified,Unspecified,Unspecified,Unknown,Unspecified,2026-07-10T00:05:20.378169+00:00,other_method,Unspecified
05572000,POINT (-88.5891666666667 40.0311666666667),f1616c1e-f992-4f13-add5-22ca172f4937,USGS-05572000,4e84e0df-f345-76a0-e053-0100007f17ca,779,1989-08-31T16:50:00+00:00,Imported Channel 1,16.1,ft^3/s,38.0,ft,38.0,ft^2,0.46,ft/s,,,Unspecified,Unspecified,Unspecified,Unspecified,Unspecified,Unknown,Wading,2026-07-10T00:05:20.378169+00:00,point_velocity,Unspecified
05572000,POINT (-88.5891666666667 40.0311666666667),f1863fde-de1d-4149-8dbf-c8cbcf282ae2,USGS-05572000,4e84cf63-f952-6c5b-e053-0100007f123d,691,1981-06-26T06:00:00+00:00,Imported Channel 1,1770,ft^3/s,135,ft,1040,ft^2,1.70,ft/s,,,Unspecified,Unspecified,Unspecified,Unspecified,Unspecified,Unknown,BridgeCrane,2026-07-10T00:05:20.378169+00:00,point_velocity,Unspecified
05572000,POINT (-88.5891666666667 40.0311666666667),f19db6c7-01f4-4851-bd79-60477994faf4,USGS-05572000,4e84f388-0f54-802c-e053-0100007ffc24,913,2007-08-13T18:34:00+00:00,Imported Channel 1,19.0,ft^3/s,30.5,ft,13.2,ft^2,1.77,ft/s,,,Unspecified,Unspecified,Unspecified,Unspecified,Unspecified,Unknown,Wading,2026-07-10T00:05:20.378169+00:00,point_velocity,Unspecified
05572000,POINT (-88.5891666666667 40.0311666666667),f1a7152c-25e0-4fe0-8a3a-c381d50cb572,USGS-05572000,b8b7949f-1b2f-4e39-ace4-ae9aefad6c15,1000,2021-03-29T20:17:40+00:00,Main,1070,ft^3/s,127,ft,850,ft^2,1.26,ft/s,0.00,ft,Unspecified,Unspecified,Unspecified,Uneven,Unspecified,Unspecified,BridgeDownstreamSide,2026-07-10T00:05:20.378169+00:00,adcp,AtTheGage
05572000,POINT (-88.5891666666667 40.0311666666667),f1d78f33-62c6-4406-8b74-e42f2bcfd661,USGS-05572000,4e84d65c-82da-7033-e053-0100007fb01d,595,1973-12-18T06:00:00+00:00,Imported Channel 1,85.0,ft^3/s,,,,,,,,ft,Unspecified,Unspecified,Unspecified,Unspecified,Unspecified,Unknown,Unspecified,2026-07-10T00:05:20.378169+00:00,other_method,Unspecified
05572000,POINT (-88.5891666666667 40.0311666666667),f3693d0e-eb48-4776-ba59-5cbd2dc18f24,USGS-05572000,4e84d2ec-33b7-6e40-e053-0100007f1b0d,792,1991-03-21T16:20:00+00:00,Imported Channel 1,1510,ft^3/s,147,ft,987,ft^2,1.53,ft/s,,,Unspecified,Unspecified,Unspecified,Unspecified,Unspecified,Unknown,BridgeCrane,2026-07-10T00:05:20.378169+00:00,point_velocity,Unspecified
05572000,POINT (-88.5891666666667 40.0311666666667),f51b56a2-d0b1-4aa6-9c14-865d56607afc,USGS-05572000,4e84d3c2-3774-6ddf-e053-0100007fb4ae,828,1996-06-07T14:30:00+00:00,Imported Channel 1,1160,ft^3/s,114,ft,769,ft^2,1.51,ft/s,,,Unspecified,Unspecified,Unspecified,Unspecified,Unspecified,Unknown,BridgeCrane,2026-07-10T00:05:20.378169+00:00,point_velocity,Unspecified
05572000,POINT (-88.5891666666667 40.0311666666667),f6169ae2-02b3-4236-b320-050fef11d9f5,USGS-05572000,4e84d8f9-9bef-7240-e053-0100007f04ef,581,1972-12-20T06:00:00+00:00,Imported Channel 1,737,ft^3/s,,,,,,,,ft,Unspecified,Unspecified,Unspecified,Unspecified,Unspecified,Unknown,Unspecified,2026-07-10T00:05:20.378169+00:00,other_method,Unspecified
05572000,POINT (-88.5891666666667 40.0311666666667),f631eef0-e84f-4cb3-a8ef-fd309d1e630e,USGS-05572000,4e84cf46-3c53-6c88-e053-0100007f29f3,674,1980-03-27T06:00:00+00:00,Imported Channel 1,778,ft^3/s,,,,,,,,ft,Unspecified,Unspecified,Unspecified,Unspecified,Unspecified,Unknown,Unspecified,2026-07-10T00:05:20.378169+00:00,other_method,Unspecified
05572000,POINT (-88.5891666666667 40.0311666666667),f6400a86-9c75-4538-86fe-916b85c3dce7,USGS-05572000,4e84f377-ab9a-8028-e053-0100007f9c8c,891,2004-03-11T14:33:00+00:00,Imported Channel 1,470,ft^3/s,101,ft,517,ft^2,0.91,ft/s,,ft,Unspecified,Unspecified,Unspecified,Unspecified,Unspecified,Unknown,Unspecified,2026-07-10T00:05:20.378169+00:00,adcp,Unspecified
05572000,POINT (-88.5891666666667 40.0311666666667),f6f61ada-975e-44f9-9edd-6700245bf10b,USGS-05572000,4e84d65c-82dc-7033-e053-0100007fb01d,597,1974-02-20T06:00:00+00:00,Imported Channel 1,974,ft^3/s,,,,,,,,ft,Unspecified,Unspecified,Unspecified,Unspecified,Unspecified,Unknown,Unspecified,2026-07-10T00:05:20.378169+00:00,other_method,Unspecified
05572000,POINT (-88.5891666666667 40.0311666666667),f7654618-5c18-4a23-aa6c-739ed2b3a251,USGS-05572000,4e84f5dc-0eb8-821e-e053-0100007fe780,962,2014-06-05T19:09:33+00:00,MAIN,1010,ft^3/s,96.4,ft,703,ft^2,1.44,ft/s,,ft,Soft,SiltMud,Even,Even,Uniform,Unknown,BridgeDownstreamSide,2026-07-10T00:05:20.378169+00:00,adcp,AtTheGage
05572000,POINT (-88.5891666666667 40.0311666666667),f7ae6974-e1be-4742-8e2e-33e736e66ffc,USGS-05572000,4e84c829-bac7-6857-e053-0100007f78f8,663,1979-04-25T06:00:00+00:00,Imported Channel 1,2110,ft^3/s,,,,,,,,ft,Unspecified,Unspecified,Unspecified,Unspecified,Unspecified,Unknown,Unspecified,2026-07-10T00:05:20.378169+00:00,other_method,Unspecified
05572000,POINT (-88.5891666666667 40.0311666666667),f82ef6d4-2340-4597-8058-cd6eeeef618b,USGS-05572000,4e84b204-3802-5acf-e053-0100007f07fa,634,1977-02-25T06:00:00+00:00,Imported Channel 1,94.0,ft^3/s,,,,,,,,ft,Unspecified,Unspecified,Unspecified,Unspecified,Unspecified,Unknown,Unspecified,2026-07-10T00:05:20.378169+00:00,other_method,Unspecified
05572000,POINT (-88.5891666666667 40.0311666666667),f8d8c8f8-9118-4fd8-811a-6f4de95da34a,USGS-05572000,4e84de26-8af5-7528-e053-0100007f960b,766,1988-07-14T18:30:00+00:00,Imported Channel 1,4.08,ft^3/s,43.0,ft,39.7,ft^2,0.20,ft/s,,,Unspecified,Unspecified,Unspecified,Unspecified,Unspecified,Unknown,Wading,2026-07-10T00:05:20.378169+00:00,point_velocity,Unspecified
05572000,POINT (-88.5891666666667 40.0311666666667),f93a8a6d-b6ff-4c91-a7b7-2710c3dfa886,USGS-05572000,4e84d229-47df-6d98-e053-0100007f4f8e,625,1976-06-28T06:00:00+00:00,Imported Channel 1,100,ft^3/s,,,,,,,,ft,Unspecified,Unspecified,Unspecified,Unspecified,Unspecified,Unknown,Unspecified,2026-07-10T00:05:20.378169+00:00,other_method,Unspecified
05572000,POINT (-88.5891666666667 40.0311666666667),f963f38b-73a9-43d8-9bc3-9ce44b1a39b7,USGS-05572000,6ce67956-6d26-6901-e053-0100007f5482,984,2018-05-11T16:21:56+00:00,Main,298,ft^3/s,92.9,ft,412,ft^2,0.72,ft/s,0.00,ft,Unspecified,Unspecified,Unspecified,Unspecified,Unspecified,Unspecified,BridgeDownstreamSide,2026-07-10T00:05:20.378169+00:00,adcp,AtTheGage
05572000,POINT (-88.5891666666667 40.0311666666667),fa5f2d8b-6865-4669-b44d-b3fbb5bfb563,USGS-05572000,4e84fb62-d33e-8505-e053-0100007fdab8,961,2014-04-28T19:36:30+00:00,MAIN,171,ft^3/s,132,ft,239,ft^2,0.71,ft/s,700.00,ft,Soft,SiltMud,Even,Even,Uniform,Unknown,Wading,2026-07-10T00:05:20.378169+00:00,point_velocity,Upstream
05572000,POINT (-88.5891666666667 40.0311666666667),fa8f29a2-d64a-45ae-b146-306f9b877af5,USGS-05572000,4e84f377-ab9a-8028-e053-0100007f9c8c,893,2004-03-11T15:52:00+00:00,Imported Channel 1,470,ft^3/s,99.0,ft,547,ft^2,0.86,ft/s,,ft,Unspecified,Unspecified,Unspecified,Unspecified,Unspecified,Unknown,Unspecified,2026-07-10T00:05:20.378169+00:00,adcp,Unspecified
05572000,POINT (-88.5891666666667 40.0311666666667),fb05df77-2cd1-44ae-9f58-88ddd856db33,USGS-05572000,4e84cb36-5054-69ee-e053-0100007f9a74,611,1975-04-25T06:00:00+00:00,Imported Channel 1,836,ft^3/s,,,,,,,,ft,Unspecified,Unspecified,Unspecified,Unspecified,Unspecified,Unknown,Unspecified,2026-07-10T00:05:20.378169+00:00,other_method,Unspecified
05572000,POINT (-88.5891666666667 40.0311666666667),fb93ef3d-d477-4aab-903e-d59d9c3893b1,USGS-05572000,4e84eca2-3958-7d4e-e053-0100007f523d,832,1997-01-21T16:10:00+00:00,Imported Channel 1,64.4,ft^3/s,52.0,ft,100,ft^2,0.66,ft/s,,,Unspecified,Unspecified,Unspecified,Unspecified,Unspecified,Unknown,Wading,2026-07-10T00:05:20.378169+00:00,point_velocity,Unspecified
05572000,POINT (-88.5891666666667 40.0311666666667),fc22372c-dd7a-4092-ba06-df4358029e17,USGS-05572000,4e84e813-b28d-76b2-e053-0100007fe001,919,2008-06-04T19:31:00+00:00,Imported Channel 1,13300,ft^3/s,473,ft,4650,ft^2,2.85,ft/s,,ft,Unspecified,Unspecified,Unspecified,Unspecified,Unspecified,Unknown,Unspecified,2026-07-10T00:05:20.378169+00:00,adcp,Unspecified
05572000,POINT (-88.5891666666667 40.0311666666667),fd1a27c7-931c-49ff-bb2c-10fa25901671,USGS-05572000,4e84c816-e320-67c3-e053-0100007f9dc5,701,1982-04-29T06:00:00+00:00,Imported Channel 1,517,ft^3/s,103,ft,679,ft^2,0.76,ft/s,,,Unspecified,Unspecified,Unspecified,Unspecified,Unspecified,Unknown,BridgeCrane,2026-07-10T00:05:20.378169+00:00,point_velocity,Unspecified
05572000,POINT (-88.5891666666667 40.0311666666667),fd559b09-3f7b-4a39-81eb-eb64e5ff6ed4,USGS-05572000,953f50f1-4289-493f-a625-925618732d4c,1036,2025-11-13T20:53:33+00:00,MAIN,0.00,ft^3/s,,,,,,,1500.00,ft,Unspecified,Unspecified,Unspecified,Unspecified,Unspecified,Unspecified,Other,2026-07-10T00:05:20.378169+00:00,other_method,Upstream
05572000,POINT (-88.5891666666667 40.0311666666667),fd6cb44f-cde1-4330-93cf-31b8ed5194a0,USGS-05572000,4e84cdf7-0029-6b68-e053-0100007f50ea,733,1985-03-01T06:00:00+00:00,Imported Channel 1,1400,ft^3/s,133,ft,993,ft^2,1.41,ft/s,,,Unspecified,Unspecified,Unspecified,Unspecified,Unspecified,Unknown,BridgeCrane,2026-07-10T00:05:20.378169+00:00,point_velocity,Unspecified
05572000,POINT (-88.5891666666667 40.0311666666667),fed39a6b-c8aa-4e6f-9709-aa034af29490,USGS-05572000,4e84da24-b64d-72a4-e053-0100007f1707,640,1977-07-27T06:00:00+00:00,Imported Channel 1,131,ft^3/s,,,,,,,,ft,Unspecified,Unspecified,Unspecified,Unspecified,Unspecified,Unknown,Unspecified,2026-07-10T00:05:20.378169+00:00,other_method,Unspecified
05572000,POINT (-88.5891666666667 40.0311666666667),ffb98490-84d9-4f5f-9dea-577a1f0a1520,USGS-05572000,6dea4f10-6a9b-4c47-b074-2d4433ba028a,1031,2025-05-02T17:34:55+00:00,MAIN,438,ft^3/s,106,ft,473,ft^2,0.92,ft/s,0.00,ft,Unspecified,Unspecified,Unspecified,Unspecified,Unspecified,Unspecified,BridgeDownstreamSide,2026-07-10T00:05:20.378169+00:00,adcp,Downstream
05572000,POINT (-88.5891666666667 40.0311666666667),ffc447cb-5d39-4d24-beee-c69a008d0094,USGS-05572000,4e84d2fe-5bfc-6e46-e053-0100007ff8fb,614,1975-07-25T06:00:00+00:00,Imported Channel 1,252,ft^3/s,,,,,,,,ft,Unspecified,Unspecified,Unspecified,Unspecified,Unspecified,Unknown,Unspecified,2026-07-10T00:05:20.378169+00:00,other_method,Unspecified
05572000,POINT (-88.5891666666667 40.0311666666667),ffd36e85-d376-4139-887c-7bab9fa27972,USGS-05572000,4e84e0df-f344-76a0-e053-0100007f17ca,769,1988-09-29T16:00:00+00:00,Imported Channel 1,0.00,ft^3/s,,,,,,,,ft,Unspecified,Unspecified,Unspecified,Unspecified,Unspecified,Unknown,Other,2026-07-10T00:05:20.378169+00:00,other_method,Unspecified
05572000,POINT (-88.5891666666667 40.0311666666667),ffeb8ae7-453e-4ba9-8fd2-be9a49f365a9,USGS-05572000,4e84e94e-777a-76b4-e053-0100007f1f73,959,2013-12-05T16:51:30+00:00,MAIN,7.41,ft^3/s,24.0,ft,14.1,ft^2,0.53,ft/s,700.00,ft,Soft,Sand,Even,Even,Uniform,Unknown,Wading,2026-07-10T00:05:20.378169+00:00,point_velocity,Upstream
