site_id,geometry,id,monitoring_location_id,field_visit_id,measurement_number,time,channel_name,channel_flow,channel_flow_unit,channel_width,channel_width_unit,channel_area,channel_area_unit,channel_velocity,channel_velocity_unit,channel_location_distance,channel_location_distance_unit,channel_stability,channel_material,channel_evenness,horizontal_velocity_description,vertical_velocity_description,longitudinal_velocity_description,measurement_type,last_modified,channel_measurement_type,channel_location_direction
05570000,POINT (-90.3400944444444 40.4900805555556),011ed22e-9bcd-4f31-bc31-eb5837f5a861,USGS-05570000,4e84d657-d7d2-6de5-e053-0100007ff939,657,1996-05-29T19:05:00+00:00,Imported Channel 1,22300,ft^3/s,481,ft,6730,ft^2,3.31,ft/s,,,Unspecified,Unspecified,Unspecified,Unspecified,Unspecified,Unknown,BridgeCrane,2026-07-07T22:25:32.617838+00:00,point_velocity,Unspecified
05570000,POINT (-90.3400944444444 40.4900805555556),01f92527-2023-45fc-a966-e6ede3874b93,USGS-05570000,d8138ad7-63c5-4aca-b109-6f86085554e1,839,2022-09-13T19:26:01+00:00,MAIN,195,ft^3/s,92.6,ft,176,ft^2,1.11,ft/s,6000.00,ft,Soft,SiltMud,Even,Even,Uniform,Steady,BridgeDownstreamSide,2026-07-07T22:25:32.617838+00:00,adcp,Downstream
05570000,POINT (-90.3400944444444 40.4900805555556),030c77cd-884f-4cde-b412-2b2f3a5a7965,USGS-05570000,4e84cef2-fb20-6bc4-e053-0100007f3b67,784,2014-10-21T22:04:52+00:00,MAIN,1090,ft^3/s,157,ft,817,ft^2,1.34,ft/s,5000.00,ft,Soft,Sand,Even,Even,Uniform,Unknown,BridgeDownstreamSide,2026-07-07T22:25:32.617838+00:00,adcp,Downstream
05570000,POINT (-90.3400944444444 40.4900805555556),039fc845-79ca-4328-86c4-b78ef10d2555,USGS-05570000,4e84b5a6-cbcd-5cef-e053-0100007fcf15,632,1992-12-01T20:40:00+00:00,Imported Channel 1,2850,ft^3/s,165,ft,1200,ft^2,2.38,ft/s,,,Unspecified,Unspecified,Unspecified,Unspecified,Unspecified,Unknown,BridgeCrane,2026-07-07T22:25:32.617838+00:00,point_velocity,Unspecified
05570000,POINT (-90.3400944444444 40.4900805555556),03bf12e5-507d-40cb-8a02-41126ee5f5da,USGS-05570000,4e84cf64-6c2e-6b62-e053-0100007f9a8a,530,1982-03-09T06:00:00+00:00,Imported Channel 1,523,ft^3/s,138,ft,357,ft^2,1.46,ft/s,,,Unspecified,Unspecified,Unspecified,Unspecified,Unspecified,Unknown,Cableway,2026-07-07T22:25:32.617838+00:00,point_velocity,Unspecified
05570000,POINT (-90.3400944444444 40.4900805555556),03c66e93-74f7-4e71-b94d-46470a0d2c58,USGS-05570000,4e84e07a-d601-7612-e053-0100007fe1c4,747,2009-04-16T18:06:00+00:00,Imported Channel 1,3570,ft^3/s,134,ft,1400,ft^2,2.55,ft/s,,ft,Unspecified,Unspecified,Unspecified,Unspecified,Unspecified,Unknown,BridgeDownstreamSide,2026-07-07T22:25:32.617838+00:00,adcp,Unspecified
05570000,POINT (-90.3400944444444 40.4900805555556),047abbb8-74b1-4ecd-9666-ace4f5000b17,USGS-05570000,4e84d308-d4ed-6e42-e053-0100007f7e42,439,1972-05-03T06:00:00+00:00,Imported Channel 1,1290,ft^3/s,,,,,,,,ft,Unspecified,Unspecified,Unspecified,Unspecified,Unspecified,Unknown,Unspecified,2026-07-07T22:25:32.617838+00:00,other_method,Unspecified
05570000,POINT (-90.3400944444444 40.4900805555556),0582c30c-c646-4a15-9593-a2ff5ba35835,USGS-05570000,66211063-998d-9cda-e053-0100007f5df3,809,2018-02-23T00:09:36+00:00,MAIN,9260,ft^3/s,205,ft,3050,ft^2,3.04,ft/s,7000.00,ft,Soft,Sand,Even,Even,Uniform,Steady,BridgeDownstreamSide,2026-07-07T22:25:32.617838+00:00,adcp,Downstream
05570000,POINT (-90.3400944444444 40.4900805555556),06156e5c-4d62-42ac-880b-e9dead928c33,USGS-05570000,4e84ceab-a950-6b64-e053-0100007f2260,418,1970-04-09T06:00:00+00:00,Imported Channel 1,2350,ft^3/s,,,,,,,,ft,Unspecified,Unspecified,Unspecified,Unspecified,Unspecified,Unknown,Unspecified,2026-07-07T22:25:32.617838+00:00,other_method,Unspecified
05570000,POINT (-90.3400944444444 40.4900805555556),06737144-9779-4794-ad33-ba9e550e4d4b,USGS-05570000,4e84e7f1-5d83-7a9c-e053-0100007f3d7f,793,2016-02-03T16:22:13+00:00,MAIN,1160,ft^3/s,101,ft,664,ft^2,1.75,ft/s,5280.00,ft,Soft,Sand,Even,Even,Uniform,Unknown,BridgeUpstreamSide,2026-07-07T22:25:32.617838+00:00,adcp,Downstream
05570000,POINT (-90.3400944444444 40.4900805555556),072e35fb-18e9-4240-88ec-c62d7a394468,USGS-05570000,4e84ceab-a953-6b64-e053-0100007f2260,442,1972-08-18T06:00:00+00:00,Imported Channel 1,499,ft^3/s,,,,,,,,ft,Unspecified,Unspecified,Unspecified,Unspecified,Unspecified,Unknown,Unspecified,2026-07-07T22:25:32.617838+00:00,other_method,Unspecified
05570000,POINT (-90.3400944444444 40.4900805555556),08c70f0b-7f44-45b0-8095-5a1b958a05c4,USGS-05570000,4e84ceff-c41a-6c64-e053-0100007fba2c,583,1987-05-19T06:00:00+00:00,Imported Channel 1,362,ft^3/s,104,ft,285,ft^2,1.22,ft/s,,,Unspecified,Unspecified,Unspecified,Unspecified,Unspecified,Unknown,BridgeCrane,2026-07-07T22:25:32.617838+00:00,point_velocity,Unspecified
05570000,POINT (-90.3400944444444 40.4900805555556),092952b3-ce2d-4cc0-b8a1-a6539aed6d96,USGS-05570000,4e84cf0f-e2dc-6c68-e053-0100007f5fa1,578,1986-11-05T06:00:00+00:00,Imported Channel 1,1620,ft^3/s,150,ft,897,ft^2,1.81,ft/s,,,Unspecified,Unspecified,Unspecified,Unspecified,Unspecified,Unknown,BridgeCrane,2026-07-07T22:25:32.617838+00:00,point_velocity,Unspecified
05570000,POINT (-90.3400944444444 40.4900805555556),0b639f62-d90e-43f5-a024-4733ed72f160,USGS-05570000,4e84cd3b-2913-69ec-e053-0100007f9687,536,1982-10-27T06:00:00+00:00,Imported Channel 1,262,ft^3/s,92.0,ft,163,ft^2,1.61,ft/s,,,Unspecified,Unspecified,Unspecified,Unspecified,Unspecified,Unknown,Wading,2026-07-07T22:25:32.617838+00:00,point_velocity,Unspecified
05570000,POINT (-90.3400944444444 40.4900805555556),0ba9567c-359d-4cd1-b103-e53a55b93aca,USGS-05570000,4e84c493-9728-661f-e053-0100007f923e,532,1982-06-03T06:00:00+00:00,Imported Channel 1,1520,ft^3/s,153,ft,729,ft^2,2.09,ft/s,,,Unspecified,Unspecified,Unspecified,Unspecified,Unspecified,Unknown,Cableway,2026-07-07T22:25:32.617838+00:00,point_velocity,Unspecified
05570000,POINT (-90.3400944444444 40.4900805555556),0bc04f79-e41f-4579-971f-6f557c563fbf,USGS-05570000,4e84d543-14a6-7003-e053-0100007f8a1a,802,2017-03-01T20:16:35+00:00,MAIN,525,ft^3/s,108,ft,483,ft^2,1.09,ft/s,5000.00,ft,Soft,Sand,Even,Unspecified,Uniform,Unknown,BridgeDownstreamSide,2026-07-07T22:25:32.617838+00:00,adcp,Downstream
05570000,POINT (-90.3400944444444 40.4900805555556),0bc1e0c3-59c1-4481-9d2e-8dc9e080d524,USGS-05570000,4e84cd3b-2904-69ec-e053-0100007f9687,410,1969-07-17T06:00:00+00:00,Imported Channel 1,1020,ft^3/s,,,,,,,,ft,Unspecified,Unspecified,Unspecified,Unspecified,Unspecified,Unknown,Unspecified,2026-07-07T22:25:32.617838+00:00,other_method,Unspecified
05570000,POINT (-90.3400944444444 40.4900805555556),0c1a24e8-ae2f-42c5-b52d-d98fa40e18ca,USGS-05570000,4e84b62a-7716-5d6f-e053-0100007f2190,426,1971-03-15T06:00:00+00:00,Imported Channel 1,3640,ft^3/s,,,,,,,,ft,Unspecified,Unspecified,Unspecified,Unspecified,Unspecified,Unknown,Unspecified,2026-07-07T22:25:32.617838+00:00,other_method,Unspecified
05570000,POINT (-90.3400944444444 40.4900805555556),0c345b26-05b9-4477-9a07-0aaf271d1970,USGS-05570000,4e84c80e-0e40-67d5-e053-0100007f0f93,478,1976-05-10T06:00:00+00:00,Imported Channel 1,2810,ft^3/s,,,,,,,,ft,Unspecified,Unspecified,Unspecified,Unspecified,Unspecified,Unknown,Unspecified,2026-07-07T22:25:32.617838+00:00,other_method,Unspecified
05570000,POINT (-90.3400944444444 40.4900805555556),0c6eedd4-0c34-4cb0-8c15-fa9ee414d49c,USGS-05570000,4e84e08a-a0c7-7494-e053-0100007f68a7,714,2004-03-23T15:26:00+00:00,Imported Channel 1,682,ft^3/s,155,ft,498,ft^2,1.37,ft/s,,,Unspecified,Unspecified,Unspecified,Unspecified,Unspecified,Unknown,BridgeCrane,2026-07-07T22:25:32.617838+00:00,point_velocity,Unspecified
05570000,POINT (-90.3400944444444 40.4900805555556),0d215c8c-fc89-45fa-9dbd-5b92bd34a54a,USGS-05570000,4e84e813-b260-76b2-e053-0100007fe001,711,2003-10-02T15:37:00+00:00,Imported Channel 1,63.4,ft^3/s,78.0,ft,65.9,ft^2,0.96,ft/s,,,Unspecified,Unspecified,Unspecified,Unspecified,Unspecified,Unknown,Wading,2026-07-07T22:25:32.617838+00:00,point_velocity,Unspecified
05570000,POINT (-90.3400944444444 40.4900805555556),0d38d5d9-9626-4b09-9ae0-219622aa51d0,USGS-05570000,4e84c70a-d76e-67c7-e053-0100007f7057,498,1978-08-29T06:00:00+00:00,Imported Channel 1,198,ft^3/s,,,,,,,,ft,Unspecified,Unspecified,Unspecified,Unspecified,Unspecified,Unknown,Unspecified,2026-07-07T22:25:32.617838+00:00,other_method,Unspecified
05570000,POINT (-90.3400944444444 40.4900805555556),0df61420-ffb0-4cde-9a98-7c056209735b,USGS-05570000,4e84dcc2-28fa-703d-e053-0100007f47c0,765,2012-02-01T20:18:30+00:00,Imported Channel 1,524,ft^3/s,105,ft,386,ft^2,1.36,ft/s,,ft,Unspecified,Unspecified,Unspecified,Unspecified,Unspecified,Unknown,BridgeDownstreamSide,2026-07-07T22:25:32.617838+00:00,adcp,Unspecified
05570000,POINT (-90.3400944444444 40.4900805555556),0e00be0d-0bf5-4086-8a56-3d6d98849637,USGS-05570000,4e84d563-e7a6-6f11-e053-0100007f2796,633,1993-01-26T18:45:00+00:00,Imported Channel 1,5200,ft^3/s,185,ft,2070,ft^2,2.50,ft/s,,,Unspecified,Unspecified,Unspecified,Unspecified,Unspecified,Unknown,BridgeCrane,2026-07-07T22:25:32.617838+00:00,point_velocity,Unspecified
05570000,POINT (-90.3400944444444 40.4900805555556),0f2ed4b7-5c82-437d-907f-9162fe8ddbb0,USGS-05570000,4e84d5c5-691e-7013-e053-0100007fcc80,781,2014-04-17T18:50:14+00:00,main,572,ft^3/s,118,ft,508,ft^2,1.13,ft/s,5000.00,ft,Unspecified,Unspecified,Unspecified,Unspecified,Unspecified,Unknown,BridgeDownstreamSide,2026-07-07T22:25:32.617838+00:00,adcp,Downstream
05570000,POINT (-90.3400944444444 40.4900805555556),0f52a819-814c-417a-8de9-0a5a1437690c,USGS-05570000,4e84c332-b14c-649d-e053-0100007fe5b2,641,1993-10-02T13:50:00+00:00,Imported Channel 1,2030,ft^3/s,165,ft,1150,ft^2,1.76,ft/s,,,Unspecified,Unspecified,Unspecified,Unspecified,Unspecified,Unknown,BridgeCrane,2026-07-07T22:25:32.617838+00:00,point_velocity,Unspecified
05570000,POINT (-90.3400944444444 40.4900805555556),0f5353dd-5a36-4fe5-aec8-d77d83691866,USGS-05570000,f1abed66-3602-415c-b305-2a3f74afc507,829,2021-01-05T16:23:12+00:00,MAIN,406,ft^3/s,109,ft,344,ft^2,1.18,ft/s,10000.00,ft,Soft,Sand,Even,Even,Uniform,Steady,BridgeUpstreamSide,2026-07-07T22:25:32.617838+00:00,adcp,Downstream
05570000,POINT (-90.3400944444444 40.4900805555556),0f831d79-b119-48af-b818-c343683795d3,USGS-05570000,4e84c332-b130-649d-e053-0100007fe5b2,421,1970-08-14T06:00:00+00:00,Imported Channel 1,331,ft^3/s,,,,,,,,ft,Unspecified,Unspecified,Unspecified,Unspecified,Unspecified,Unknown,Unspecified,2026-07-07T22:25:32.617838+00:00,other_method,Unspecified
05570000,POINT (-90.3400944444444 40.4900805555556),0fb9b883-45aa-41a3-a7c3-c21c1e7fe14f,USGS-05570000,4e84e07a-d602-7612-e053-0100007fe1c4,754,2010-04-29T22:31:00+00:00,Imported Channel 1,3030,ft^3/s,134,ft,1170,ft^2,2.50,ft/s,,ft,Unspecified,Unspecified,Unspecified,Unspecified,Unspecified,Unknown,BridgeDownstreamSide,2026-07-07T22:25:32.617838+00:00,adcp,Unspecified
05570000,POINT (-90.3400944444444 40.4900805555556),108737a8-6e5e-4bf1-a47e-6204534d48a3,USGS-05570000,4e84cefc-b10b-6c6c-e053-0100007feafd,487,1977-06-29T06:00:00+00:00,Imported Channel 1,145,ft^3/s,,,,,,,,ft,Unspecified,Unspecified,Unspecified,Unspecified,Unspecified,Unknown,Unspecified,2026-07-07T22:25:32.617838+00:00,other_method,Unspecified
05570000,POINT (-90.3400944444444 40.4900805555556),10b2cb45-0f98-46f8-97e0-19794b689c80,USGS-05570000,4e84bf1b-d64b-627f-e053-0100007fec58,475,1976-03-04T06:00:00+00:00,Imported Channel 1,6480,ft^3/s,,,,,,,,ft,Unspecified,Unspecified,Unspecified,Unspecified,Unspecified,Unknown,Unspecified,2026-07-07T22:25:32.617838+00:00,other_method,Unspecified
05570000,POINT (-90.3400944444444 40.4900805555556),10fdd9d7-05b7-45f6-b755-643c7d7e1178,USGS-05570000,4e84d362-e0e1-6e3a-e053-0100007fe0d3,572,1986-04-23T06:00:00+00:00,Imported Channel 1,407,ft^3/s,133,ft,383,ft^2,1.06,ft/s,,,Unspecified,Unspecified,Unspecified,Unspecified,Unspecified,Unknown,BridgeCrane,2026-07-07T22:25:32.617838+00:00,point_velocity,Unspecified
05570000,POINT (-90.3400944444444 40.4900805555556),111f01f1-542a-47a2-8ca6-e29088e40615,USGS-05570000,4e84d8b5-c92c-7001-e053-0100007f5c3e,799,2016-09-21T15:59:57+00:00,MAIN,709,ft^3/s,110,ft,510,ft^2,1.39,ft/s,8000.00,ft,Soft,Sand,Even,Even,Uniform,Unknown,BridgeDownstreamSide,2026-07-07T22:25:32.617838+00:00,adcp,Downstream
05570000,POINT (-90.3400944444444 40.4900805555556),113d7f38-f134-436c-89b5-b0e468591afb,USGS-05570000,4e84e647-6451-7983-e053-0100007f7182,699,2002-04-03T16:11:00+00:00,Imported Channel 1,820,ft^3/s,158,ft,589,ft^2,1.39,ft/s,,,Unspecified,Unspecified,Unspecified,Unspecified,Unspecified,Unknown,BridgeCrane,2026-07-07T22:25:32.617838+00:00,point_velocity,Unspecified
05570000,POINT (-90.3400944444444 40.4900805555556),11aac054-6872-4c66-b9e1-463f7bf253ce,USGS-05570000,4e84d8f9-9bff-7240-e053-0100007f04ef,654,1996-02-06T21:45:00+00:00,Imported Channel 1,102,ft^3/s,102,ft,208,ft^2,0.49,ft/s,,,Unspecified,Unspecified,Unspecified,Unspecified,Unspecified,Unknown,Ice,2026-07-07T22:25:32.617838+00:00,point_velocity,Unspecified
05570000,POINT (-90.3400944444444 40.4900805555556),12393bec-8f0e-42a8-b55e-d6fe710e15ed,USGS-05570000,4e84ceff-c43b-6c64-e053-0100007fba2c,719,2004-11-03T17:07:00+00:00,Imported Channel 1,5070,ft^3/s,184,ft,2150,ft^2,2.36,ft/s,,,Unspecified,Unspecified,Unspecified,Unspecified,Unspecified,Unknown,BridgeCrane,2026-07-07T22:25:32.617838+00:00,point_velocity,Unspecified
05570000,POINT (-90.3400944444444 40.4900805555556),1246af1f-f1cc-4943-b919-b188ed20811e,USGS-05570000,4e84d488-6bb9-6f1b-e053-0100007f4142,640,1993-07-29T15:05:00+00:00,Imported Channel 1,19300,ft^3/s,483,ft,6640,ft^2,2.90,ft/s,,,Unspecified,Unspecified,Unspecified,Unspecified,Unspecified,Unknown,BridgeCrane,2026-07-07T22:25:32.617838+00:00,point_velocity,Unspecified
05570000,POINT (-90.3400944444444 40.4900805555556),135eda94-e1b9-4ab9-af5a-470e1637eeef,USGS-05570000,fbf1d181-415e-4145-b555-08037151dc0b,857,2025-02-26T18:43:39+00:00,MAIN,248,ft^3/s,103,ft,284,ft^2,0.87,ft/s,10000.00,ft,Firm,Sand,Even,Unspecified,Standard,Steady,BridgeDownstreamSide,2026-07-07T22:25:32.617838+00:00,adcp,Downstream
05570000,POINT (-90.3400944444444 40.4900805555556),13d79373-ada3-45dd-a80e-a030cb0d5d00,USGS-05570000,4e84d2fe-5bec-6e46-e053-0100007ff8fb,438,1972-03-30T06:00:00+00:00,Imported Channel 1,401,ft^3/s,,,,,,,,ft,Unspecified,Unspecified,Unspecified,Unspecified,Unspecified,Unknown,Unspecified,2026-07-07T22:25:32.617838+00:00,other_method,Unspecified
05570000,POINT (-90.3400944444444 40.4900805555556),13f1d8e7-dbf6-4249-aaef-79f445cf6483,USGS-05570000,5b23a3aa-6cee-4b2f-90a8-230db9abbc37,842,2023-03-07T22:53:35+00:00,MAIN,913,ft^3/s,123,ft,552,ft^2,1.65,ft/s,1000.00,ft,Unspecified,Unspecified,Unspecified,Unspecified,Unspecified,Unspecified,BridgeDownstreamSide,2026-07-07T22:25:32.617838+00:00,adcp,Downstream
05570000,POINT (-90.3400944444444 40.4900805555556),155433f3-62e7-4940-9a58-407fef203bb1,USGS-05570000,4e84ceff-c43c-6c64-e053-0100007fba2c,720,2005-02-14T19:18:00+00:00,Imported Channel 1,2920,ft^3/s,174,ft,1240,ft^2,2.35,ft/s,,,Unspecified,Unspecified,Unspecified,Unspecified,Unspecified,Unknown,BridgeCrane,2026-07-07T22:25:32.617838+00:00,point_velocity,Unspecified
05570000,POINT (-90.3400944444444 40.4900805555556),15da8676-caa5-470b-8630-847c25aa4c27,USGS-05570000,4e84bcaa-6e34-5fea-e053-0100007fe5be,559,1985-02-27T06:00:00+00:00,Imported Channel 1,12400,ft^3/s,460,ft,4570,ft^2,2.71,ft/s,,,Unspecified,Unspecified,Unspecified,Unspecified,Unspecified,Unknown,BridgeCrane,2026-07-07T22:25:32.617838+00:00,point_velocity,Unspecified
05570000,POINT (-90.3400944444444 40.4900805555556),16faae7d-1873-47da-9a7b-cd0462baa02e,USGS-05570000,4e84dd5a-5b39-7492-e053-0100007f24f4,648,1995-04-19T15:35:00+00:00,Imported Channel 1,4680,ft^3/s,182,ft,1850,ft^2,2.53,ft/s,,,Unspecified,Unspecified,Unspecified,Unspecified,Unspecified,Unknown,BridgeCrane,2026-07-07T22:25:32.617838+00:00,point_velocity,Unspecified
05570000,POINT (-90.3400944444444 40.4900805555556),17288353-2939-4e2c-8cf7-1d7f40b0f00a,USGS-05570000,4e84c2ab-476d-642a-e053-0100007f884d,556,1984-08-30T06:00:00+00:00,Imported Channel 1,76.8,ft^3/s,105,ft,145,ft^2,0.53,ft/s,,,Unspecified,Unspecified,Unspecified,Unspecified,Unspecified,Unknown,Wading,2026-07-07T22:25:32.617838+00:00,point_velocity,Unspecified
05570000,POINT (-90.3400944444444 40.4900805555556),17a6a3a2-cbb5-448d-93fc-4a4a9e020173,USGS-05570000,4e84dd5a-5b3c-7492-e053-0100007f24f4,651,1995-10-16T20:10:00+00:00,Imported Channel 1,112,ft^3/s,91.0,ft,183,ft^2,0.61,ft/s,,,Unspecified,Unspecified,Unspecified,Unspecified,Unspecified,Unknown,Wading,2026-07-07T22:25:32.617838+00:00,point_velocity,Unspecified
05570000,POINT (-90.3400944444444 40.4900805555556),184b0085-fc37-4fcf-95cf-853c86669b5b,USGS-05570000,4e84e1a6-275f-7696-e053-0100007f08e2,664,1997-02-10T20:02:00+00:00,Imported Channel 1,439,ft^3/s,120,ft,434,ft^2,1.01,ft/s,,,Unspecified,Unspecified,Unspecified,Unspecified,Unspecified,Unknown,Wading,2026-07-07T22:25:32.617838+00:00,point_velocity,Unspecified
05570000,POINT (-90.3400944444444 40.4900805555556),1959eae7-730d-463d-b863-c3f2723bc8b7,USGS-05570000,4e84d807-f65c-7035-e053-0100007f84fc,789,2015-06-16T16:48:45+00:00,MAIN,8840,ft^3/s,173,ft,2920,ft^2,3.03,ft/s,,ft,Soft,Sand,Even,Even,Uniform,Unknown,BridgeDownstreamSide,2026-07-07T22:25:32.617838+00:00,adcp,AtTheGage
05570000,POINT (-90.3400944444444 40.4900805555556),195e2e9b-2eb3-4a81-b554-429066c67d3a,USGS-05570000,4e84d4cd-91ce-6f0b-e053-0100007f6487,694,2001-08-27T19:33:00+00:00,Imported Channel 1,143,ft^3/s,57.7,ft,108,ft^2,1.39,ft/s,,,Unspecified,Unspecified,Unspecified,Unspecified,Unspecified,Unknown,Wading,2026-07-07T22:25:32.617838+00:00,point_velocity,Unspecified
05570000,POINT (-90.3400944444444 40.4900805555556),1967b87e-25f7-410b-8390-4a08f4b4b6be,USGS-05570000,4e84c583-af82-668b-e053-0100007fccd4,630,1992-07-14T15:00:00+00:00,Imported Channel 1,1480,ft^3/s,153,ft,759,ft^2,1.95,ft/s,,,Unspecified,Unspecified,Unspecified,Unspecified,Unspecified,Unknown,BridgeCrane,2026-07-07T22:25:32.617838+00:00,point_velocity,Unspecified
05570000,POINT (-90.3400944444444 40.4900805555556),1970202d-9d7f-4809-8fa9-9f4c3f9356a9,USGS-05570000,4e84c80e-0e41-67d5-e053-0100007f0f93,479,1976-06-22T06:00:00+00:00,Imported Channel 1,517,ft^3/s,,,,,,,,ft,Unspecified,Unspecified,Unspecified,Unspecified,Unspecified,Unknown,Unspecified,2026-07-07T22:25:32.617838+00:00,other_method,Unspecified
05570000,POINT (-90.3400944444444 40.4900805555556),19825ff4-9614-4dff-b5f5-b13fb945d5eb,USGS-05570000,4e84cf46-3c4d-6c88-e053-0100007f29f3,584,1987-06-02T06:00:00+00:00,Imported Channel 1,434,ft^3/s,107,ft,322,ft^2,1.35,ft/s,,,Unspecified,Unspecified,Unspecified,Unspecified,Unspecified,Unknown,BridgeCrane,2026-07-07T22:25:32.617838+00:00,point_velocity,Unspecified
05570000,POINT (-90.3400944444444 40.4900805555556),1b19d93e-9f75-4e33-9ad2-4b0f59b7ac58,USGS-05570000,4e84d229-47d9-6d98-e053-0100007f4f8e,539,1983-01-19T06:00:00+00:00,Imported Channel 1,738,ft^3/s,,,,,,,,ft,Unspecified,Unspecified,Unspecified,Unspecified,Unspecified,Unknown,Unspecified,2026-07-07T22:25:32.617838+00:00,other_method,Unspecified
05570000,POINT (-90.3400944444444 40.4900805555556),1c52cbdf-739f-423f-ba97-01d51f9fe320,USGS-05570000,4e84dfe1-1c97-7610-e053-0100007f86fe,689,2000-09-20T19:00:00+00:00,Imported Channel 1,96.7,ft^3/s,95.0,ft,153,ft^2,0.63,ft/s,,,Unspecified,Unspecified,Unspecified,Unspecified,Unspecified,Unknown,Wading,2026-07-07T22:25:32.617838+00:00,point_velocity,Unspecified
05570000,POINT (-90.3400944444444 40.4900805555556),1c576ce9-a6b1-4ba1-a1ee-0409c2468d11,USGS-05570000,4e84cf63-f94c-6c5b-e053-0100007f123d,638,1993-07-26T15:15:00+00:00,Imported Channel 1,34300,ft^3/s,517,ft,9440,ft^2,3.63,ft/s,,,Unspecified,Unspecified,Unspecified,Unspecified,Unspecified,Unknown,BridgeCrane,2026-07-07T22:25:32.617838+00:00,point_velocity,Unspecified
05570000,POINT (-90.3400944444444 40.4900805555556),1ca184de-22e6-4e4f-b072-f5ee8ea7bd50,USGS-05570000,4e84cef7-5dd0-6c6e-e053-0100007f5e5f,729,2006-07-18T16:52:00+00:00,Imported Channel 1,88.4,ft^3/s,70.0,ft,161,ft^2,0.55,ft/s,,,Unspecified,Unspecified,Unspecified,Unspecified,Unspecified,Unknown,Wading,2026-07-07T22:25:32.617838+00:00,point_velocity,Unspecified
05570000,POINT (-90.3400944444444 40.4900805555556),1d6dc259-6be2-46f0-9637-096edde87c50,USGS-05570000,fa5e853e-b627-446e-95ff-08885b220838,833,2021-08-31T19:09:54+00:00,MAIN,509,ft^3/s,112,ft,461,ft^2,1.10,ft/s,2600.00,ft,Soft,Sand,Even,Even,Standard,Steady,BridgeDownstreamSide,2026-07-07T22:25:32.617838+00:00,adcp,Downstream
05570000,POINT (-90.3400944444444 40.4900805555556),1d719ce5-0f44-44a0-9caf-5babe4f202ea,USGS-05570000,4e84ddf2-6f3b-7496-e053-0100007fa54b,713,2004-02-03T16:10:00+00:00,Imported Channel 1,160,ft^3/s,111,ft,490,ft^2,0.32,ft/s,,,Unspecified,Unspecified,Unspecified,Unspecified,Unspecified,Unknown,Ice,2026-07-07T22:25:32.617838+00:00,point_velocity,Unspecified
05570000,POINT (-90.3400944444444 40.4900805555556),1ddfea16-5f7b-4e9f-a465-9672f0991ca7,USGS-05570000,4e84c227-28c9-64a1-e053-0100007fc5a1,435,1971-12-14T06:00:00+00:00,Imported Channel 1,249,ft^3/s,,,,,,,,ft,Unspecified,Unspecified,Unspecified,Unspecified,Unspecified,Unknown,Unspecified,2026-07-07T22:25:32.617838+00:00,other_method,Unspecified
05570000,POINT (-90.3400944444444 40.4900805555556),20f61ad3-5451-421a-b9b2-ab8c85ab6dc2,USGS-05570000,4e84e489-7889-78b0-e053-0100007fe442,785,2014-12-02T16:41:30+00:00,MAIN AT SEDIMENT BRIDGE,316,ft^3/s,96.0,ft,378,ft^2,0.84,ft/s,5000.00,ft,Soft,Sand,Even,Even,Uniform,Unknown,BridgeDownstreamSide,2026-07-07T22:25:32.617838+00:00,point_velocity,Downstream
05570000,POINT (-90.3400944444444 40.4900805555556),2139e00c-86e4-4f64-9f74-baad5a155507,USGS-05570000,4e84dfe1-1ca7-7610-e053-0100007f86fe,746,2009-03-04T18:05:00+00:00,Imported Channel 1,1730,ft^3/s,,ft,,ft^2,,ft/s,,ft,Unspecified,Unspecified,Unspecified,Unspecified,Unspecified,Unknown,BridgeDownstreamSide,2026-07-07T22:25:32.617838+00:00,adcp,Unspecified
05570000,POINT (-90.3400944444444 40.4900805555556),21d54112-4e2f-47cf-bf70-73ca45a9d04f,USGS-05570000,4e84d229-47e9-6d98-e053-0100007f4f8e,700,2002-05-07T13:38:00+00:00,Imported Channel 1,1810,ft^3/s,172,ft,943,ft^2,1.92,ft/s,,,Unspecified,Unspecified,Unspecified,Unspecified,Unspecified,Unknown,BridgeCrane,2026-07-07T22:25:32.617838+00:00,point_velocity,Unspecified
05570000,POINT (-90.3400944444444 40.4900805555556),23f28f29-95f4-4172-994c-21097b928713,USGS-05570000,4e84cecb-2c1a-6a22-e053-0100007f2298,637,1993-07-19T18:00:00+00:00,Imported Channel 1,3760,ft^3/s,180,ft,1700,ft^2,2.21,ft/s,,,Unspecified,Unspecified,Unspecified,Unspecified,Unspecified,Unknown,BridgeCrane,2026-07-07T22:25:32.617838+00:00,point_velocity,Unspecified
05570000,POINT (-90.3400944444444 40.4900805555556),247cf7f7-2a4d-4f5d-8c55-9d95b368b139,USGS-05570000,fc029cc6-cee3-4bde-9d32-ce4ab208d6fe,860,2025-07-08T20:54:32+00:00,MAIN,346,ft^3/s,108,ft,259,ft^2,1.34,ft/s,10560.00,ft,Unspecified,Sand,Even,Unspecified,Standard,Steady,BridgeDownstreamSide,2026-07-07T22:25:32.617838+00:00,adcp,Downstream
05570000,POINT (-90.3400944444444 40.4900805555556),24b08e9a-0e83-4b06-bd5c-10bc1904eb02,USGS-05570000,4e84d563-e7bb-6f11-e053-0100007f2796,797,2016-06-23T20:19:30+00:00,MAIN,2650,ft^3/s,109,ft,973,ft^2,2.73,ft/s,6000.00,ft,Soft,Sand,Even,Even,Uniform,Unknown,BridgeDownstreamSide,2026-07-07T22:25:32.617838+00:00,adcp,Downstream
05570000,POINT (-90.3400944444444 40.4900805555556),2533e5ef-1994-4ff0-96d5-ce1fc56b4955,USGS-05570000,4e84cf64-6c39-6b62-e053-0100007f9a8a,566,1985-08-08T06:00:00+00:00,Imported Channel 1,109,ft^3/s,117,ft,171,ft^2,0.64,ft/s,,,Unspecified,Unspecified,Unspecified,Unspecified,Unspecified,Unknown,BridgeCrane,2026-07-07T22:25:32.617838+00:00,point_velocity,Unspecified
05570000,POINT (-90.3400944444444 40.4900805555556),2567d30f-6d3c-4c2a-a4e6-6945cb263bd1,USGS-05570000,f8795179-0aca-4301-9a30-7a3879825dc1,852,2024-06-04T20:26:38+00:00,MAIN,830,ft^3/s,119,ft,560,ft^2,1.48,ft/s,10560.00,ft,Unspecified,Unspecified,Unspecified,Unspecified,Unspecified,Unspecified,BridgeDownstreamSide,2026-07-07T22:25:32.617838+00:00,adcp,Downstream
05570000,POINT (-90.3400944444444 40.4900805555556),2569843f-73e7-4395-91a0-0676366a6abe,USGS-05570000,4e84ea40-1afd-7b8b-e053-0100007f9040,731,2006-12-13T17:14:00+00:00,Imported Channel 1,1200,ft^3/s,158,ft,710,ft^2,1.68,ft/s,,ft,Unspecified,Unspecified,Unspecified,Unspecified,Unspecified,Unknown,Unspecified,2026-07-07T22:25:32.617838+00:00,adcp,Unspecified
05570000,POINT (-90.3400944444444 40.4900805555556),25f3581f-1556-4de3-97b3-29df63796a4f,USGS-05570000,4e84d5ef-31f2-7031-e053-0100007f3134,601,1989-01-06T16:05:00+00:00,Imported Channel 1,78.5,ft^3/s,100,ft,128,ft^2,0.61,ft/s,,,Unspecified,Unspecified,Unspecified,Unspecified,Unspecified,Unknown,Wading,2026-07-07T22:25:32.617838+00:00,point_velocity,Unspecified
05570000,POINT (-90.3400944444444 40.4900805555556),26c55ce9-160f-48dd-9fb3-e69fa4b65884,USGS-05570000,4e84cf64-6c2c-6b62-e053-0100007f9a8a,521,1981-04-14T06:00:00+00:00,Imported Channel 1,8680,ft^3/s,,,,,,,,ft,Unspecified,Unspecified,Unspecified,Unspecified,Unspecified,Unknown,Unspecified,2026-07-07T22:25:32.617838+00:00,other_method,Unspecified
05570000,POINT (-90.3400944444444 40.4900805555556),278830da-80a2-43be-bc5b-472399cdc735,USGS-05570000,4e84cef2-fb09-6bc4-e053-0100007f3b67,636,1993-06-08T17:20:00+00:00,Imported Channel 1,1850,ft^3/s,157,ft,1030,ft^2,1.80,ft/s,,,Unspecified,Unspecified,Unspecified,Unspecified,Unspecified,Unknown,BridgeCrane,2026-07-07T22:25:32.617838+00:00,point_velocity,Unspecified
05570000,POINT (-90.3400944444444 40.4900805555556),279a1a96-2002-497c-a781-3c6154de5acc,USGS-05570000,4e84d5c5-691d-7013-e053-0100007fcc80,773,2012-12-07T17:03:30+00:00,spoon r seville,89.4,ft^3/s,131,ft,102,ft^2,0.88,ft/s,1000.00,ft,Firm,SiltMud,Unspecified,Unspecified,Unspecified,Unknown,Wading,2026-07-07T22:25:32.617838+00:00,point_velocity,Downstream
05570000,POINT (-90.3400944444444 40.4900805555556),27b09d7d-c021-4a69-a9f2-50fa277822d4,USGS-05570000,4e84b96b-6a62-5f74-e053-0100007ffc86,416,1970-01-08T06:00:00+00:00,Imported Channel 1,116,ft^3/s,,,,,,,,ft,Unspecified,Unspecified,Unspecified,Unspecified,Unspecified,Unknown,Unspecified,2026-07-07T22:25:32.617838+00:00,other_method,Unspecified
05570000,POINT (-90.3400944444444 40.4900805555556),28e61b32-2621-4ad0-9cd7-92148d8e57cb,USGS-05570000,4e84cf63-f94c-6c5b-e053-0100007f123d,639,1993-07-26T22:00:00+00:00,Imported Channel 1,33700,ft^3/s,482,ft,9180,ft^2,3.67,ft/s,,,Unspecified,Unspecified,Unspecified,Unspecified,Unspecified,Unknown,BridgeCrane,2026-07-07T22:25:32.617838+00:00,point_velocity,Unspecified
05570000,POINT (-90.3400944444444 40.4900805555556),2925e379-938f-497f-bb9e-9fdc9988073d,USGS-05570000,4e84cf0a-93ed-6c74-e053-0100007f4a54,608,1989-11-28T15:30:00+00:00,Imported Channel 1,78.2,ft^3/s,90.0,ft,117,ft^2,0.67,ft/s,,,Unspecified,Unspecified,Unspecified,Unspecified,Unspecified,Unknown,Wading,2026-07-07T22:25:32.617838+00:00,point_velocity,Unspecified
05570000,POINT (-90.3400944444444 40.4900805555556),296814ab-30b4-4ea3-8d2c-b18c1941efe8,USGS-05570000,4e84c825-019b-6827-e053-0100007fbfc4,488,1977-08-23T06:00:00+00:00,Imported Channel 1,248,ft^3/s,,,,,,,,ft,Unspecified,Unspecified,Unspecified,Unspecified,Unspecified,Unknown,Unspecified,2026-07-07T22:25:32.617838+00:00,other_method,Unspecified
05570000,POINT (-90.3400944444444 40.4900805555556),2a763c7f-90fc-41cb-86e2-a18c11870dcb,USGS-05570000,4e84d5ef-31e8-7031-e053-0100007f3134,593,1988-05-24T15:05:00+00:00,Imported Channel 1,534,ft^3/s,100,ft,316,ft^2,1.69,ft/s,,,Unspecified,Unspecified,Unspecified,Unspecified,Unspecified,Unknown,BridgeCrane,2026-07-07T22:25:32.617838+00:00,point_velocity,Unspecified
05570000,POINT (-90.3400944444444 40.4900805555556),2acd1e86-f430-4ea5-94cd-14001cbba280,USGS-05570000,4e84cf46-3c41-6c88-e053-0100007f29f3,445,1972-11-30T06:00:00+00:00,Imported Channel 1,899,ft^3/s,,,,,,,,ft,Unspecified,Unspecified,Unspecified,Unspecified,Unspecified,Unknown,Unspecified,2026-07-07T22:25:32.617838+00:00,other_method,Unspecified
05570000,POINT (-90.3400944444444 40.4900805555556),2b5ca3b8-0ca5-4322-8f08-1cfc7f8e508b,USGS-05570000,4e84bd06-7ea6-614a-e053-0100007f57dc,399,1968-07-08T06:00:00+00:00,Imported Channel 1,881,ft^3/s,,,,,,,,ft,Unspecified,Unspecified,Unspecified,Unspecified,Unspecified,Unknown,Unspecified,2026-07-07T22:25:32.617838+00:00,other_method,Unspecified
05570000,POINT (-90.3400944444444 40.4900805555556),2bbc112b-f892-41fa-8790-9ff81000630e,USGS-05570000,4e84c583-af7c-668b-e053-0100007fccd4,605,1989-07-12T21:05:00+00:00,Imported Channel 1,25.7,ft^3/s,89.0,ft,130,ft^2,0.20,ft/s,,,Unspecified,Unspecified,Unspecified,Unspecified,Unspecified,Unknown,Wading,2026-07-07T22:25:32.617838+00:00,point_velocity,Unspecified
05570000,POINT (-90.3400944444444 40.4900805555556),2bd953a3-7200-4b3f-931c-1d8e6da73f87,USGS-05570000,4e84c829-baba-6857-e053-0100007f78f8,415,1969-12-01T06:00:00+00:00,Imported Channel 1,273,ft^3/s,,,,,,,,ft,Unspecified,Unspecified,Unspecified,Unspecified,Unspecified,Unknown,Unspecified,2026-07-07T22:25:32.617838+00:00,other_method,Unspecified
05570000,POINT (-90.3400944444444 40.4900805555556),2cda6eda-6357-4707-9e82-d3506111c8d5,USGS-05570000,4e84ce52-02a8-6bc0-e053-0100007fdb10,635,1993-04-15T14:35:00+00:00,Imported Channel 1,10500,ft^3/s,415,ft,3730,ft^2,2.82,ft/s,,,Unspecified,Unspecified,Unspecified,Unspecified,Unspecified,Unknown,BridgeCrane,2026-07-07T22:25:32.617838+00:00,point_velocity,Unspecified
05570000,POINT (-90.3400944444444 40.4900805555556),2cf2ac41-7f77-4679-8371-31d11b51cee4,USGS-05570000,4e84e449-defa-78b2-e053-0100007f74ce,788,2015-05-05T18:15:30+00:00,MAIN,965,ft^3/s,158,ft,735,ft^2,1.31,ft/s,,,Soft,Sand,Even,Even,Uniform,Unknown,BridgeDownstreamSide,2026-07-07T22:25:32.617838+00:00,point_velocity,AtTheGage
05570000,POINT (-90.3400944444444 40.4900805555556),2d295802-0d8b-44fd-815f-2be67a2289bb,USGS-05570000,4e84d8b0-1196-707b-e053-0100007fc9d2,561,1985-03-06T06:00:00+00:00,Imported Channel 1,28600,ft^3/s,488,ft,7780,ft^2,3.68,ft/s,,,Unspecified,Unspecified,Unspecified,Unspecified,Unspecified,Unknown,BridgeCrane,2026-07-07T22:25:32.617838+00:00,point_velocity,Unspecified
05570000,POINT (-90.3400944444444 40.4900805555556),2e1da0ef-2921-482a-83c3-a0761a968b07,USGS-05570000,4e84e08a-a0d2-7494-e053-0100007f68a7,744,2008-10-10T14:52:00+00:00,Imported Channel 1,684,ft^3/s,108,ft,440,ft^2,1.51,ft/s,,ft,Unspecified,Unspecified,Unspecified,Unspecified,Unspecified,Unknown,Unspecified,2026-07-07T22:25:32.617838+00:00,adcp,Unspecified
05570000,POINT (-90.3400944444444 40.4900805555556),2ed65b59-bf2e-4fb3-beea-ca2fa29fa2bf,USGS-05570000,4e84ceff-c428-6c64-e053-0100007fba2c,642,1993-12-09T16:55:00+00:00,Imported Channel 1,1650,ft^3/s,160,ft,979,ft^2,1.69,ft/s,,,Unspecified,Unspecified,Unspecified,Unspecified,Unspecified,Unknown,BridgeCrane,2026-07-07T22:25:32.617838+00:00,point_velocity,Unspecified
05570000,POINT (-90.3400944444444 40.4900805555556),2eed26e1-d76a-41db-beb4-ec31ddce2cf9,USGS-05570000,6013b3de-2656-3a8c-e053-0100007f24a7,807,2017-12-06T18:03:30+00:00,MAIN,197,ft^3/s,94.0,ft,257,ft^2,0.77,ft/s,5280.00,ft,Soft,SiltMud,Even,Even,Uniform,Steady,BridgeDownstreamSide,2026-07-07T22:25:32.617838+00:00,point_velocity,Downstream
05570000,POINT (-90.3400944444444 40.4900805555556),2f133874-5af8-4290-b4d2-3b0bbf70e5d8,USGS-05570000,4e84e47b-8869-78ca-e053-0100007f0ba4,697,2002-01-08T18:00:00+00:00,Imported Channel 1,210,ft^3/s,130,ft,219,ft^2,0.96,ft/s,,,Unspecified,Unspecified,Unspecified,Unspecified,Unspecified,Unknown,Ice,2026-07-07T22:25:32.617838+00:00,point_velocity,Unspecified
05570000,POINT (-90.3400944444444 40.4900805555556),2f515069-967b-46af-8899-5bec900a96f0,USGS-05570000,4e84d274-9b82-6d9a-e053-0100007f471b,529,1982-01-26T06:00:00+00:00,Imported Channel 1,377,ft^3/s,131,ft,358,ft^2,1.05,ft/s,,,Unspecified,Unspecified,Unspecified,Unspecified,Unspecified,Unknown,Ice,2026-07-07T22:25:32.617838+00:00,point_velocity,Unspecified
05570000,POINT (-90.3400944444444 40.4900805555556),2fbe2e38-b853-496b-9fdd-57586a282f73,USGS-05570000,97b2fdb6-95cc-4d31-b0c8-1e3201910d8f,849,2024-02-28T18:21:41+00:00,MAIN,711,ft^3/s,114,ft,516,ft^2,1.38,ft/s,10800.00,ft,Firm,Sand,Even,Unspecified,Unspecified,Unspecified,BridgeDownstreamSide,2026-07-07T22:25:32.617838+00:00,adcp,Downstream
05570000,POINT (-90.3400944444444 40.4900805555556),2ff35c93-bd1e-4c8a-8a2e-a7df9c4bd5ab,USGS-05570000,4e84cd20-3326-69ea-e053-0100007f6482,619,1991-01-15T15:50:00+00:00,Imported Channel 1,1060,ft^3/s,150,ft,449,ft^2,2.36,ft/s,,,Unspecified,Unspecified,Unspecified,Unspecified,Unspecified,Unknown,Ice,2026-07-07T22:25:32.617838+00:00,point_velocity,Unspecified
05570000,POINT (-90.3400944444444 40.4900805555556),3045ee24-aec5-453f-810d-aa33f9cec9d6,USGS-05570000,4e84dc51-9283-7326-e053-0100007f9dfc,755,2010-06-30T14:05:00+00:00,Imported Channel 1,3270,ft^3/s,131,ft,1290,ft^2,2.54,ft/s,,ft,Unspecified,Unspecified,Unspecified,Unspecified,Unspecified,Unknown,BridgeDownstreamSide,2026-07-07T22:25:32.617838+00:00,adcp,Unspecified
05570000,POINT (-90.3400944444444 40.4900805555556),30e03611-73d5-4869-8c76-086ea7bf157e,USGS-05570000,4e84d8f0-c0be-724a-e053-0100007fadac,776,2013-04-18T19:56:55+00:00,Main,24700,ft^3/s,485,ft,7160,ft^2,3.46,ft/s,,ft,Soft,Sand,Even,Even,Standard,Unknown,BridgeDownstreamSide,2026-07-07T22:25:32.617838+00:00,adcp,AtTheGage
05570000,POINT (-90.3400944444444 40.4900805555556),3129fa10-661f-43fd-b22a-c7a0c3d79f81,USGS-05570000,7a8e4afb-0cd9-ffec-e053-0100007fd7c3,814,2018-11-07T16:44:49+00:00,MAIN,845,ft^3/s,103,ft,496,ft^2,1.70,ft/s,4000.00,ft,Soft,Sand,Even,Even,Uniform,Steady,BridgeDownstreamSide,2026-07-07T22:25:32.617838+00:00,adcp,Upstream
05570000,POINT (-90.3400944444444 40.4900805555556),31329d5b-0f3e-4fdd-bb4d-38894b8a3c60,USGS-05570000,4e84e813-b261-76b2-e053-0100007fe001,715,2004-05-21T13:40:00+00:00,Imported Channel 1,1420,ft^3/s,166,ft,751,ft^2,1.89,ft/s,,,Unspecified,Unspecified,Unspecified,Unspecified,Unspecified,Unknown,BridgeCrane,2026-07-07T22:25:32.617838+00:00,point_velocity,Unspecified
05570000,POINT (-90.3400944444444 40.4900805555556),31a8b067-bb28-456f-92ac-e8e0e85e95de,USGS-05570000,4e84d274-9b86-6d9a-e053-0100007f471b,549,1983-12-13T06:00:00+00:00,Imported Channel 1,1950,ft^3/s,,,,,,,,ft,Unspecified,Unspecified,Unspecified,Unspecified,Unspecified,Unknown,Unspecified,2026-07-07T22:25:32.617838+00:00,other_method,Unspecified
05570000,POINT (-90.3400944444444 40.4900805555556),323b24a8-b262-4ec6-842a-7594a604c1be,USGS-05570000,4e84c47b-9191-6619-e053-0100007f1488,450,1973-06-05T06:00:00+00:00,Imported Channel 1,6230,ft^3/s,,,,,,,,ft,Unspecified,Unspecified,Unspecified,Unspecified,Unspecified,Unknown,Unspecified,2026-07-07T22:25:32.617838+00:00,other_method,Unspecified
05570000,POINT (-90.3400944444444 40.4900805555556),32a8ec38-94e8-4284-b35d-10c7af7a4c6a,USGS-05570000,4e84d807-f649-7035-e053-0100007f84fc,684,1999-12-07T19:00:00+00:00,Imported Channel 1,697,ft^3/s,152,ft,454,ft^2,1.54,ft/s,,,Unspecified,Unspecified,Unspecified,Unspecified,Unspecified,Unknown,BridgeCrane,2026-07-07T22:25:32.617838+00:00,point_velocity,Unspecified
05570000,POINT (-90.3400944444444 40.4900805555556),34cce21b-c2f4-4dcf-bb80-46efa455affa,USGS-05570000,4e84ce8f-b20c-6bc2-e053-0100007fbd8b,459,1974-04-29T06:00:00+00:00,Imported Channel 1,2110,ft^3/s,,,,,,,,ft,Unspecified,Unspecified,Unspecified,Unspecified,Unspecified,Unknown,Unspecified,2026-07-07T22:25:32.617838+00:00,other_method,Unspecified
05570000,POINT (-90.3400944444444 40.4900805555556),34e2c8f9-2b30-414b-862d-761ae42cb706,USGS-05570000,4e84c105-2939-63e2-e053-0100007fef59,526,1981-09-14T06:00:00+00:00,Imported Channel 1,466,ft^3/s,,,,,,,,ft,Unspecified,Unspecified,Unspecified,Unspecified,Unspecified,Unknown,Unspecified,2026-07-07T22:25:32.617838+00:00,other_method,Unspecified
05570000,POINT (-90.3400944444444 40.4900805555556),363c4627-2be7-41c2-91ea-7bd796e9c6ac,USGS-05570000,4e84ea02-91da-7b86-e053-0100007f10b9,794,2016-03-16T15:27:22+00:00,MAIN,1460,ft^3/s,104,ft,774,ft^2,1.89,ft/s,5280.00,ft,Soft,Sand,Even,Even,Uniform,Unknown,BridgeDownstreamSide,2026-07-07T22:25:32.617838+00:00,adcp,Downstream
05570000,POINT (-90.3400944444444 40.4900805555556),36ed518f-d0fd-4d12-9f65-9ef8f196163c,USGS-05570000,4e84b204-37f2-5acf-e053-0100007f07fa,446,1973-01-30T06:00:00+00:00,Imported Channel 1,904,ft^3/s,,,,,,,,ft,Unspecified,Unspecified,Unspecified,Unspecified,Unspecified,Unknown,Unspecified,2026-07-07T22:25:32.617838+00:00,other_method,Unspecified
05570000,POINT (-90.3400944444444 40.4900805555556),371e0085-6618-4d35-b037-602ba47f448a,USGS-05570000,4e84de42-9450-73d2-e053-0100007f1552,658,1996-06-26T20:20:00+00:00,Imported Channel 1,1360,ft^3/s,158,ft,890,ft^2,1.53,ft/s,,,Unspecified,Unspecified,Unspecified,Unspecified,Unspecified,Unknown,BridgeCrane,2026-07-07T22:25:32.617838+00:00,point_velocity,Unspecified
05570000,POINT (-90.3400944444444 40.4900805555556),37bfba1d-1ca5-4e65-a42a-77c9b04eb8ef,USGS-05570000,4e84c493-9722-661f-e053-0100007f923e,510,1980-02-05T06:00:00+00:00,Imported Channel 1,66.4,ft^3/s,,,,,,,,ft,Unspecified,Unspecified,Unspecified,Unspecified,Unspecified,Unknown,Unspecified,2026-07-07T22:25:32.617838+00:00,other_method,Unspecified
05570000,POINT (-90.3400944444444 40.4900805555556),37f08da8-a82e-406d-af19-ef6ff06263ef,USGS-05570000,4e84c332-b148-649d-e053-0100007fe5b2,624,1991-08-20T14:25:00+00:00,Imported Channel 1,57.5,ft^3/s,69.0,ft,74.5,ft^2,0.77,ft/s,,,Unspecified,Unspecified,Unspecified,Unspecified,Unspecified,Unknown,Wading,2026-07-07T22:25:32.617838+00:00,point_velocity,Unspecified
05570000,POINT (-90.3400944444444 40.4900805555556),38e7658a-7ed3-4a3e-a19b-ec84edb87c03,USGS-05570000,4e84c816-e30f-67c3-e053-0100007f9dc5,564,1985-06-27T06:00:00+00:00,Imported Channel 1,365,ft^3/s,130,ft,325,ft^2,1.12,ft/s,,,Unspecified,Unspecified,Unspecified,Unspecified,Unspecified,Unknown,BridgeCrane,2026-07-07T22:25:32.617838+00:00,point_velocity,Unspecified
05570000,POINT (-90.3400944444444 40.4900805555556),39fdb9b5-d959-45a4-ae0d-64cda2556eca,USGS-05570000,4e84d60b-3dd4-7015-e053-0100007fb605,783,2014-08-12T20:09:50+00:00,MAIN,265,ft^3/s,102,ft,310,ft^2,0.86,ft/s,,ft,Soft,Sand,Even,Even,Uniform,Unknown,BridgeDownstreamSide,2026-07-07T22:25:32.617838+00:00,adcp,AtTheGage
05570000,POINT (-90.3400944444444 40.4900805555556),3a134ce8-f6d8-438d-a117-45db8ebb8456,USGS-05570000,4e84cf6a-e106-6c52-e053-0100007fcf2c,485,1977-04-13T06:00:00+00:00,Imported Channel 1,456,ft^3/s,,,,,,,,ft,Unspecified,Unspecified,Unspecified,Unspecified,Unspecified,Unknown,Unspecified,2026-07-07T22:25:32.617838+00:00,other_method,Unspecified
05570000,POINT (-90.3400944444444 40.4900805555556),3a48975d-d559-4294-b2ad-ff16c5429b03,USGS-05570000,4e84cef7-5dc9-6c6e-e053-0100007f5e5f,706,2003-04-03T17:59:00+00:00,Imported Channel 1,234,ft^3/s,113,ft,224,ft^2,1.04,ft/s,,,Unspecified,Unspecified,Unspecified,Unspecified,Unspecified,Unknown,Wading,2026-07-07T22:25:32.617838+00:00,point_velocity,Unspecified
05570000,POINT (-90.3400944444444 40.4900805555556),3c36a286-fb65-4909-9ac1-ade1b57f9a51,USGS-05570000,192693f4-e378-4df3-a806-1898e0da45bf,855,2024-10-30T16:50:28+00:00,MAIN,98.5,ft^3/s,96.3,ft,198,ft^2,0.50,ft/s,10560.00,ft,Unspecified,Unspecified,Unspecified,Unspecified,Unspecified,Unspecified,BridgeDownstreamSide,2026-07-07T22:25:32.617838+00:00,adcp,Downstream
05570000,POINT (-90.3400944444444 40.4900805555556),3cc93075-4b98-4442-82ed-634e23142987,USGS-05570000,4e84dc74-0c47-7328-e053-0100007f94fc,645,1994-10-12T20:30:00+00:00,Imported Channel 1,80.6,ft^3/s,76.0,ft,130,ft^2,0.62,ft/s,,,Unspecified,Unspecified,Unspecified,Unspecified,Unspecified,Unknown,Wading,2026-07-07T22:25:32.617838+00:00,point_velocity,Unspecified
05570000,POINT (-90.3400944444444 40.4900805555556),3d725ee3-d861-4f2f-b128-b01cbe6ac08b,USGS-05570000,4e84cb41-fb9c-69ba-e053-0100007f356a,400,1968-08-02T06:00:00+00:00,Imported Channel 1,160,ft^3/s,,,,,,,,ft,Unspecified,Unspecified,Unspecified,Unspecified,Unspecified,Unknown,Unspecified,2026-07-07T22:25:32.617838+00:00,other_method,Unspecified
05570000,POINT (-90.3400944444444 40.4900805555556),3da8dda1-d8fa-427b-8794-bf59f94c504b,USGS-05570000,4e84cc84-599a-69b2-e053-0100007f23d1,440,1972-06-07T06:00:00+00:00,Imported Channel 1,653,ft^3/s,,,,,,,,ft,Unspecified,Unspecified,Unspecified,Unspecified,Unspecified,Unknown,Unspecified,2026-07-07T22:25:32.617838+00:00,other_method,Unspecified
05570000,POINT (-90.3400944444444 40.4900805555556),3e82c7ff-3622-432b-8501-28a89b4c5e85,USGS-05570000,4e84d93e-ebf9-7224-e053-0100007f080e,581,1987-02-25T06:00:00+00:00,Imported Channel 1,531,ft^3/s,111,ft,383,ft^2,1.39,ft/s,,,Unspecified,Unspecified,Unspecified,Unspecified,Unspecified,Unknown,BridgeCrane,2026-07-07T22:25:32.617838+00:00,point_velocity,Unspecified
05570000,POINT (-90.3400944444444 40.4900805555556),3ef5d3f2-f677-43d8-ae0e-2b80026019c7,USGS-05570000,4e84d03a-1cda-6c72-e053-0100007fef9b,541,1983-03-01T06:00:00+00:00,Imported Channel 1,1100,ft^3/s,,,,,,,,ft,Unspecified,Unspecified,Unspecified,Unspecified,Unspecified,Unknown,Unspecified,2026-07-07T22:25:32.617838+00:00,other_method,Unspecified
05570000,POINT (-90.3400944444444 40.4900805555556),3f79c804-4cf4-4bd2-ae62-98364e918792,USGS-05570000,4e84d2ec-33ba-6e40-e053-0100007f1b0d,707,2003-05-13T13:42:00+00:00,Imported Channel 1,4360,ft^3/s,184,ft,1920,ft^2,2.27,ft/s,,,Unspecified,Unspecified,Unspecified,Unspecified,Unspecified,Unknown,BridgeCrane,2026-07-07T22:25:32.617838+00:00,point_velocity,Unspecified
05570000,POINT (-90.3400944444444 40.4900805555556),3f8b6cb8-ff18-45cb-b383-3f6ae4c18b16,USGS-05570000,4e84c70a-d76d-67c7-e053-0100007f7057,497,1978-07-27T06:00:00+00:00,Imported Channel 1,398,ft^3/s,,,,,,,,ft,Unspecified,Unspecified,Unspecified,Unspecified,Unspecified,Unknown,Unspecified,2026-07-07T22:25:32.617838+00:00,other_method,Unspecified
05570000,POINT (-90.3400944444444 40.4900805555556),3f9d6f55-9b65-4280-a462-26c8218d8fb4,USGS-05570000,4e84cf64-6c24-6b62-e053-0100007f9a8a,441,1972-07-20T06:00:00+00:00,Imported Channel 1,5170,ft^3/s,,,,,,,,ft,Unspecified,Unspecified,Unspecified,Unspecified,Unspecified,Unknown,Unspecified,2026-07-07T22:25:32.617838+00:00,other_method,Unspecified
05570000,POINT (-90.3400944444444 40.4900805555556),3fc53b68-59db-487a-a3e1-64ae22af17c4,USGS-05570000,77c44b8e-6bf0-46b7-b12a-f8142dd49487,826,2020-07-07T19:13:57+00:00,MAIN,650,ft^3/s,110,ft,488,ft^2,1.33,ft/s,10000.00,ft,Soft,Sand,Even,Even,Uniform,Steady,BridgeDownstreamSide,2026-07-07T22:25:32.617838+00:00,adcp,Downstream
05570000,POINT (-90.3400944444444 40.4900805555556),40ad2c13-e1c2-4934-b227-5de4da959eb3,USGS-05570000,4e84ecde-21d6-7d97-e053-0100007f7240,753,2010-03-09T18:58:00+00:00,Imported Channel 1,5230,ft^3/s,144,ft,1610,ft^2,3.10,ft/s,,ft,Unspecified,Unspecified,Unspecified,Unspecified,Unspecified,Unknown,BridgeDownstreamSide,2026-07-07T22:25:32.617838+00:00,adcp,AtTheGage
05570000,POINT (-90.3400944444444 40.4900805555556),4153087f-1d8a-47a8-9bd0-eda0aaa37adc,USGS-05570000,5974fa72-a762-45a5-8550-3a0066f9cbf7,843,2023-05-09T17:09:17+00:00,MAIN,2020,ft^3/s,130,ft,882,ft^2,2.29,ft/s,12672.00,ft,Unspecified,Unspecified,Unspecified,Unspecified,Unspecified,Unspecified,BridgeDownstreamSide,2026-07-07T22:25:32.617838+00:00,adcp,Downstream
05570000,POINT (-90.3400944444444 40.4900805555556),41d623e0-9657-4653-80de-10c1e817db2f,USGS-05570000,4e84d5ef-31ef-7031-e053-0100007f3134,599,1988-10-02T21:10:00+00:00,Imported Channel 1,56.0,ft^3/s,90.0,ft,122,ft^2,0.46,ft/s,,,Unspecified,Unspecified,Unspecified,Unspecified,Unspecified,Unknown,Wading,2026-07-07T22:25:32.617838+00:00,point_velocity,Unspecified
05570000,POINT (-90.3400944444444 40.4900805555556),4202026c-a439-4b4b-9c55-9a945e5c0f3b,USGS-05570000,4e84d16c-40a3-6c1a-e053-0100007f9424,571,1986-04-17T06:00:00+00:00,Imported Channel 1,536,ft^3/s,113,ft,390,ft^2,1.37,ft/s,,,Unspecified,Unspecified,Unspecified,Unspecified,Unspecified,Unknown,BridgeCrane,2026-07-07T22:25:32.617838+00:00,point_velocity,Unspecified
05570000,POINT (-90.3400944444444 40.4900805555556),423f03dc-a9c8-4462-8d48-5dfcef2add81,USGS-05570000,4e84d362-e0dd-6e3a-e053-0100007fe0d3,491,1977-12-14T06:00:00+00:00,Imported Channel 1,1130,ft^3/s,,,,,,,,ft,Unspecified,Unspecified,Unspecified,Unspecified,Unspecified,Unknown,Unspecified,2026-07-07T22:25:32.617838+00:00,other_method,Unspecified
05570000,POINT (-90.3400944444444 40.4900805555556),42547055-6f04-4209-8ba9-08a4cc83a12c,USGS-05570000,4e84cb8b-67f8-697a-e053-0100007f17e5,509,1980-01-07T06:00:00+00:00,Imported Channel 1,67.8,ft^3/s,,,,,,,,ft,Unspecified,Unspecified,Unspecified,Unspecified,Unspecified,Unknown,Unspecified,2026-07-07T22:25:32.617838+00:00,other_method,Unspecified
05570000,POINT (-90.3400944444444 40.4900805555556),43c79aeb-c704-4794-9ef8-39e2cd4acf6b,USGS-05570000,4e84b204-37ee-5acf-e053-0100007f07fa,433,1971-10-04T06:00:00+00:00,Imported Channel 1,413,ft^3/s,,,,,,,,ft,Unspecified,Unspecified,Unspecified,Unspecified,Unspecified,Unknown,Unspecified,2026-07-07T22:25:32.617838+00:00,other_method,Unspecified
05570000,POINT (-90.3400944444444 40.4900805555556),44ab80c9-75bb-4b6f-b610-94ecb4bd02e8,USGS-05570000,4e84c493-9719-661f-e053-0100007f923e,407,1969-04-17T06:00:00+00:00,Imported Channel 1,884,ft^3/s,,,,,,,,ft,Unspecified,Unspecified,Unspecified,Unspecified,Unspecified,Unknown,Unspecified,2026-07-07T22:25:32.617838+00:00,other_method,Unspecified
05570000,POINT (-90.3400944444444 40.4900805555556),44c2843f-d51c-4cdd-ad60-c5dbf7a19199,USGS-05570000,4e84d5ef-31eb-7031-e053-0100007f3134,595,1988-07-26T18:00:00+00:00,Imported Channel 1,28.3,ft^3/s,56.0,ft,79.8,ft^2,0.35,ft/s,,,Unspecified,Unspecified,Unspecified,Unspecified,Unspecified,Unknown,Wading,2026-07-07T22:25:32.617838+00:00,point_velocity,Unspecified
05570000,POINT (-90.3400944444444 40.4900805555556),45171500-5207-4261-8229-56d78994dbd2,USGS-05570000,530b68e2-ada8-777d-e053-0100007f6e5d,804,2017-06-28T14:08:38+00:00,MAIN,729,ft^3/s,97.8,ft,536,ft^2,1.36,ft/s,5280.00,ft,Soft,Sand,Even,Unspecified,Uniform,Steady,BridgeDownstreamSide,2026-07-07T22:25:32.617838+00:00,adcp,Downstream
05570000,POINT (-90.3400944444444 40.4900805555556),45b1c26e-540f-48c4-ab79-91e663e61b23,USGS-05570000,7585ef08-1aff-4635-b7ae-b8b11ff3969a,840,2022-11-01T15:24:47+00:00,MAIN,110,ft^3/s,96.8,ft,119,ft^2,0.92,ft/s,8000.00,ft,Soft,Sand,Even,Even,Uniform,Steady,BridgeUpstreamSide,2026-07-07T22:25:32.617838+00:00,adcp,Downstream
05570000,POINT (-90.3400944444444 40.4900805555556),4669ba92-5288-49e1-b0cb-ab50661cd707,USGS-05570000,4e84c4b6-3c94-665b-e053-0100007ff201,528,1981-12-03T06:00:00+00:00,Imported Channel 1,648,ft^3/s,140,ft,438,ft^2,1.48,ft/s,,,Unspecified,Unspecified,Unspecified,Unspecified,Unspecified,Unknown,Cableway,2026-07-07T22:25:32.617838+00:00,point_velocity,Unspecified
05570000,POINT (-90.3400944444444 40.4900805555556),4732806e-0985-440a-85d8-0d3be55e5094,USGS-05570000,4e84ccb4-e056-6a24-e053-0100007fe1c9,586,1987-09-23T18:10:00+00:00,Imported Channel 1,232,ft^3/s,106,ft,232,ft^2,1.00,ft/s,,,Unspecified,Unspecified,Unspecified,Unspecified,Unspecified,Unknown,BridgeCrane,2026-07-07T22:25:32.617838+00:00,point_velocity,Unspecified
05570000,POINT (-90.3400944444444 40.4900805555556),4764a058-1b2c-42fd-a285-39ab670708fc,USGS-05570000,695ef53b-8dd0-495c-b32f-2e561379766e,864,2026-03-25T16:46:44+00:00,MAIN,677,ft^3/s,112,ft,429,ft^2,1.58,ft/s,10000.00,ft,Unspecified,Unspecified,Even,Unspecified,Standard,Pulsating,BridgeDownstreamSide,2026-07-07T22:25:32.617838+00:00,adcp,Downstream
05570000,POINT (-90.3400944444444 40.4900805555556),47a5cc99-b487-4e8a-97c0-f667d05227c0,USGS-05570000,7f977f3f-8c25-47a9-9749-e5f8df8a364f,823,2020-03-04T17:45:02+00:00,MAIN,1200,ft^3/s,118,ft,714,ft^2,1.68,ft/s,10000.00,ft,Soft,Sand,Even,Even,Uniform,Steady,BridgeDownstreamSide,2026-07-07T22:25:32.617838+00:00,adcp,Downstream
05570000,POINT (-90.3400944444444 40.4900805555556),480a6891-8431-4c03-b196-8e1985820dac,USGS-05570000,4e84bfa6-3b93-627d-e053-0100007ffec0,419,1970-05-05T06:00:00+00:00,Imported Channel 1,2190,ft^3/s,,,,,,,,ft,Unspecified,Unspecified,Unspecified,Unspecified,Unspecified,Unknown,Unspecified,2026-07-07T22:25:32.617838+00:00,other_method,Unspecified
05570000,POINT (-90.3400944444444 40.4900805555556),4991b65f-b936-4303-b30d-60fa7fe0115c,USGS-05570000,4e84ce9d-35d3-6b6e-e053-0100007ff3b9,493,1978-02-23T06:00:00+00:00,Imported Channel 1,335,ft^3/s,,,,,,,,ft,Unspecified,Unspecified,Unspecified,Unspecified,Unspecified,Unknown,Unspecified,2026-07-07T22:25:32.617838+00:00,other_method,Unspecified
05570000,POINT (-90.3400944444444 40.4900805555556),499d5a65-b6ac-4048-802f-2cf7e9165fab,USGS-05570000,4e84d2ec-33ad-6e40-e053-0100007f1b0d,653,1996-01-09T19:15:00+00:00,Imported Channel 1,159,ft^3/s,105,ft,217,ft^2,0.73,ft/s,,,Unspecified,Unspecified,Unspecified,Unspecified,Unspecified,Unknown,Ice,2026-07-07T22:25:32.617838+00:00,point_velocity,Unspecified
05570000,POINT (-90.3400944444444 40.4900805555556),49aa608f-b9f2-4626-a6a6-f68d48e9b23d,USGS-05570000,521432d4-7d1a-ec82-e053-0100007f996f,803,2017-05-04T14:44:39+00:00,MAIN,9990,ft^3/s,200,ft,3110,ft^2,3.21,ft/s,5000.00,ft,Soft,Sand,Even,Even,Uniform,Unknown,BridgeDownstreamSide,2026-07-07T22:25:32.617838+00:00,adcp,Downstream
05570000,POINT (-90.3400944444444 40.4900805555556),4a37ddda-7819-452f-b490-d75dda39f896,USGS-05570000,4e84c796-c8b1-67d3-e053-0100007fd2d5,401,1968-09-06T06:00:00+00:00,Imported Channel 1,51.1,ft^3/s,,,,,,,,ft,Unspecified,Unspecified,Unspecified,Unspecified,Unspecified,Unknown,Unspecified,2026-07-07T22:25:32.617838+00:00,other_method,Unspecified
05570000,POINT (-90.3400944444444 40.4900805555556),4af7bea8-9ff0-4bd6-ab0c-77b761448e87,USGS-05570000,4e84d4cd-91b1-6f0b-e053-0100007f6487,482,1976-11-02T06:00:00+00:00,Imported Channel 1,167,ft^3/s,,,,,,,,ft,Unspecified,Unspecified,Unspecified,Unspecified,Unspecified,Unknown,Unspecified,2026-07-07T22:25:32.617838+00:00,other_method,Unspecified
05570000,POINT (-90.3400944444444 40.4900805555556),4c7ca271-6596-429d-8a46-30a6b6a45221,USGS-05570000,643c1d1d-2596-1ca3-e053-0100007fd522,808,2018-02-01T18:09:29+00:00,MAIN,244,ft^3/s,94.4,ft,327,ft^2,0.75,ft/s,3000.00,ft,Soft,SiltMud,Even,Even,Uniform,Steady,BridgeDownstreamSide,2026-07-07T22:25:32.617838+00:00,adcp,Downstream
05570000,POINT (-90.3400944444444 40.4900805555556),4ca63dc8-2af0-4338-a982-5682cdb2e3ff,USGS-05570000,4e84df01-d0c8-750c-e053-0100007f7f05,751,2009-10-07T14:47:00+00:00,Imported Channel 1,359,ft^3/s,99.6,ft,324,ft^2,1.11,ft/s,2000.00,ft,Unspecified,Unspecified,Unspecified,Unspecified,Unspecified,Unknown,BridgeDownstreamSide,2026-07-07T22:25:32.617838+00:00,adcp,Downstream
05570000,POINT (-90.3400944444444 40.4900805555556),4cadb7ce-c22f-4c06-a194-4641887c1dbe,USGS-05570000,4e84cb1f-78cf-69be-e053-0100007f34d2,663,1997-01-16T22:30:00+00:00,Imported Channel 1,41.6,ft^3/s,97.0,ft,122,ft^2,0.34,ft/s,,,Unspecified,Unspecified,Unspecified,Unspecified,Unspecified,Unknown,Ice,2026-07-07T22:25:32.617838+00:00,point_velocity,Unspecified
05570000,POINT (-90.3400944444444 40.4900805555556),4cae1223-469b-4de6-babe-c5fb5d4210d9,USGS-05570000,4e84d5ef-31ec-7031-e053-0100007f3134,596,1988-08-09T16:05:00+00:00,Imported Channel 1,24.3,ft^3/s,92.0,ft,112,ft^2,0.22,ft/s,,,Unspecified,Unspecified,Unspecified,Unspecified,Unspecified,Unknown,Wading,2026-07-07T22:25:32.617838+00:00,point_velocity,Unspecified
05570000,POINT (-90.3400944444444 40.4900805555556),4d392dab-c99c-4a5e-b407-f374bc25d59b,USGS-05570000,4e84c55c-7ecb-6689-e053-0100007f1b45,558,1984-12-04T06:00:00+00:00,Imported Channel 1,393,ft^3/s,130,ft,348,ft^2,1.13,ft/s,,,Unspecified,Unspecified,Unspecified,Unspecified,Unspecified,Unknown,BridgeCrane,2026-07-07T22:25:32.617838+00:00,point_velocity,Unspecified
05570000,POINT (-90.3400944444444 40.4900805555556),4d9f2f8e-3702-47b1-a1cb-bf46c2e1955e,USGS-05570000,4e84deb8-f9d8-74e6-e053-0100007f8872,739,2008-03-14T17:31:00+00:00,Imported Channel 1,877,ft^3/s,120,ft,555,ft^2,1.58,ft/s,,ft,Unspecified,Unspecified,Unspecified,Unspecified,Unspecified,Unknown,Unspecified,2026-07-07T22:25:32.617838+00:00,adcp,Unspecified
05570000,POINT (-90.3400944444444 40.4900805555556),4e8286c7-5c9e-46b8-b2f5-a0220ddce5ab,USGS-05570000,4e84d4d7-f90c-6f15-e053-0100007f414e,481,1976-09-15T06:00:00+00:00,Imported Channel 1,104,ft^3/s,,,,,,,,ft,Unspecified,Unspecified,Unspecified,Unspecified,Unspecified,Unknown,Unspecified,2026-07-07T22:25:32.617838+00:00,other_method,Unspecified
05570000,POINT (-90.3400944444444 40.4900805555556),4eac03cd-3ab6-45ec-86b5-271b8516c6a7,USGS-05570000,4e84b5a6-cbd3-5cef-e053-0100007fcf15,643,1994-05-25T21:00:00+00:00,Imported Channel 1,917,ft^3/s,150,ft,726,ft^2,1.26,ft/s,,,Unspecified,Unspecified,Unspecified,Unspecified,Unspecified,Unknown,BridgeCrane,2026-07-07T22:25:32.617838+00:00,point_velocity,Unspecified
05570000,POINT (-90.3400944444444 40.4900805555556),4ec0dadb-781f-4491-b384-1b99b4fac180,USGS-05570000,4e84c49c-b0b9-65ff-e053-0100007fe8c4,554,1984-07-11T06:00:00+00:00,Imported Channel 1,569,ft^3/s,,,,,,,,ft,Unspecified,Unspecified,Unspecified,Unspecified,Unspecified,Unknown,Unspecified,2026-07-07T22:25:32.617838+00:00,other_method,Unspecified
05570000,POINT (-90.3400944444444 40.4900805555556),4ef27a19-294f-49a3-b10e-5ece71464658,USGS-05570000,4e84d3c2-3753-6ddf-e053-0100007fb4ae,616,1990-08-22T19:15:00+00:00,Imported Channel 1,2370,ft^3/s,159,ft,1120,ft^2,2.12,ft/s,,,Unspecified,Unspecified,Unspecified,Unspecified,Unspecified,Unknown,BridgeCrane,2026-07-07T22:25:32.617838+00:00,point_velocity,Unspecified
05570000,POINT (-90.3400944444444 40.4900805555556),4fba4ab9-c557-4eaf-98e2-c4ec3ae618ae,USGS-05570000,4e84ceab-a956-6b64-e053-0100007f2260,462,1974-06-25T06:00:00+00:00,Imported Channel 1,30400,ft^3/s,,,,,,,,ft,Unspecified,Unspecified,Unspecified,Unspecified,Unspecified,Unknown,Unspecified,2026-07-07T22:25:32.617838+00:00,other_method,Unspecified
05570000,POINT (-90.3400944444444 40.4900805555556),50570d67-70a3-4a98-b8cd-e21c7124dab6,USGS-05570000,4e84d615-5c4e-6f19-e053-0100007f8826,543,1983-04-14T06:00:00+00:00,Imported Channel 1,5320,ft^3/s,,,,,,,,ft,Unspecified,Unspecified,Unspecified,Unspecified,Unspecified,Unknown,Unspecified,2026-07-07T22:25:32.617838+00:00,other_method,Unspecified
05570000,POINT (-90.3400944444444 40.4900805555556),5079f8d7-be22-4036-a7ea-4ba414846f6f,USGS-05570000,4e84d4a6-6104-6f17-e053-0100007fcfe3,649,1995-05-16T15:25:00+00:00,Imported Channel 1,12600,ft^3/s,463,ft,4900,ft^2,2.57,ft/s,,,Unspecified,Unspecified,Unspecified,Unspecified,Unspecified,Unknown,BridgeCrane,2026-07-07T22:25:32.617838+00:00,point_velocity,Unspecified
05570000,POINT (-90.3400944444444 40.4900805555556),508d4f88-3d79-4ca5-a012-141067f2d39f,USGS-05570000,4e84d338-bed5-6de1-e053-0100007f58ef,587,1987-10-06T19:20:00+00:00,Imported Channel 1,117,ft^3/s,88.0,ft,131,ft^2,0.89,ft/s,,,Unspecified,Unspecified,Unspecified,Unspecified,Unspecified,Unknown,Wading,2026-07-07T22:25:32.617838+00:00,point_velocity,Unspecified
05570000,POINT (-90.3400944444444 40.4900805555556),526869d4-8925-4689-bf89-30db6f73fbe3,USGS-05570000,4e84e640-6446-7987-e053-0100007f7264,763,2011-10-05T15:20:00+00:00,Imported Channel 1,101,ft^3/s,60.0,ft,63.1,ft^2,1.60,ft/s,,,Unspecified,Unspecified,Unspecified,Unspecified,Unspecified,Unknown,Wading,2026-07-07T22:25:32.617838+00:00,point_velocity,Unspecified
05570000,POINT (-90.3400944444444 40.4900805555556),530b9e99-9809-427f-99b4-3210f65f034c,USGS-05570000,4e84bd06-7eae-614a-e053-0100007f57dc,452,1973-08-10T06:00:00+00:00,Imported Channel 1,432,ft^3/s,,,,,,,,ft,Unspecified,Unspecified,Unspecified,Unspecified,Unspecified,Unknown,Unspecified,2026-07-07T22:25:32.617838+00:00,other_method,Unspecified
05570000,POINT (-90.3400944444444 40.4900805555556),533fca8c-a090-46f2-8268-c25b822a884f,USGS-05570000,4e84bdde-d0fa-616a-e053-0100007f0505,574,1986-06-13T06:00:00+00:00,Imported Channel 1,1180,ft^3/s,147,ft,540,ft^2,1.63,ft/s,,,Unspecified,Unspecified,Unspecified,Unspecified,Unspecified,Unknown,BridgeCrane,2026-07-07T22:25:32.617838+00:00,point_velocity,Unspecified
05570000,POINT (-90.3400944444444 40.4900805555556),538bd830-cce3-466d-91c8-ba89b9b2bcd7,USGS-05570000,4e84b204-3804-5acf-e053-0100007f07fa,629,1992-04-21T15:10:00+00:00,Imported Channel 1,3630,ft^3/s,171,ft,1480,ft^2,2.45,ft/s,,,Unspecified,Unspecified,Unspecified,Unspecified,Unspecified,Unknown,BridgeCrane,2026-07-07T22:25:32.617838+00:00,point_velocity,Unspecified
05570000,POINT (-90.3400944444444 40.4900805555556),5455921d-a9c0-4403-9572-2a0b0d2cf4e9,USGS-05570000,4e84d93e-ec1b-7224-e053-0100007f080e,701,2002-07-09T20:49:00+00:00,Imported Channel 1,817,ft^3/s,161,ft,678,ft^2,1.21,ft/s,,,Unspecified,Unspecified,Unspecified,Unspecified,Unspecified,Unknown,BridgeCrane,2026-07-07T22:25:32.617838+00:00,point_velocity,Unspecified
05570000,POINT (-90.3400944444444 40.4900805555556),548e0952-cd9b-4b55-907f-22a2044ba2c8,USGS-05570000,4e84e4e7-b043-7874-e053-0100007fb3e4,796,2016-05-12T19:52:28+00:00,MAIN,3250,ft^3/s,107,ft,1020,ft^2,3.18,ft/s,5000.00,ft,Soft,Sand,Even,Even,Uniform,Unknown,BridgeDownstreamSide,2026-07-07T22:25:32.617838+00:00,adcp,Downstream
05570000,POINT (-90.3400944444444 40.4900805555556),55f3428e-ea7b-40fe-b55c-2cef8c278a8b,USGS-05570000,4e84c11e-c17a-6328-e053-0100007fc3ec,588,1987-11-18T15:40:00+00:00,Imported Channel 1,216,ft^3/s,92.0,ft,168,ft^2,1.28,ft/s,,,Unspecified,Unspecified,Unspecified,Unspecified,Unspecified,Unknown,Wading,2026-07-07T22:25:32.617838+00:00,point_velocity,Unspecified
05570000,POINT (-90.3400944444444 40.4900805555556),56868bf7-503c-45c1-a474-c79d7a804b39,USGS-05570000,4e84d5e8-a658-702f-e053-0100007f4545,506,1979-09-20T06:00:00+00:00,Imported Channel 1,58.8,ft^3/s,,,,,,,,ft,Unspecified,Unspecified,Unspecified,Unspecified,Unspecified,Unknown,Unspecified,2026-07-07T22:25:32.617838+00:00,other_method,Unspecified
05570000,POINT (-90.3400944444444 40.4900805555556),5718bdef-d1f3-47b3-bc1f-7e1d8f9a9e61,USGS-05570000,ab490ec9-346c-4fd2-9481-49dfafe64209,844,2023-06-27T17:35:24+00:00,MAIN,169,ft^3/s,93.4,ft,192,ft^2,0.88,ft/s,10000.00,ft,Soft,Sand,Even,Even,Uniform,Steady,BridgeDownstreamSide,2026-07-07T22:25:32.617838+00:00,adcp,Downstream
05570000,POINT (-90.3400944444444 40.4900805555556),5796d548-dc2c-43a4-acba-efd1139b28b0,USGS-05570000,4e84db7b-1990-72ba-e053-0100007fe6d8,745,2008-12-09T19:12:00+00:00,Imported Channel 1,504,ft^3/s,101,ft,333,ft^2,1.78,ft/s,5280.00,ft,Firm,Sand,Even,Even,Unspecified,Unknown,BridgeDownstreamSide,2026-07-07T22:25:32.617838+00:00,adcp,Downstream
05570000,POINT (-90.3400944444444 40.4900805555556),5953a450-44e5-4305-a0af-d193df0c88ba,USGS-05570000,4e84cbb2-c169-69b6-e053-0100007f3b1f,534,1982-09-10T06:00:00+00:00,Imported Channel 1,427,ft^3/s,137,ft,302,ft^2,1.40,ft/s,,,Unspecified,Unspecified,Unspecified,Unspecified,Unspecified,Unknown,Cableway,2026-07-07T22:25:32.617838+00:00,point_velocity,Unspecified
05570000,POINT (-90.3400944444444 40.4900805555556),59e9b206-799f-4a27-a438-aee80f56c127,USGS-05570000,4e84eec3-3854-7e56-e053-0100007f26d2,777,2013-05-17T14:33:09+00:00,05570000,1600,ft^3/s,121,ft,805,ft^2,1.99,ft/s,5000.00,ft,Unspecified,SiltMud,Unspecified,Unspecified,Unspecified,Unknown,BridgeDownstreamSide,2026-07-07T22:25:32.617838+00:00,adcp,Downstream
05570000,POINT (-90.3400944444444 40.4900805555556),5a93e1fb-617c-490c-ab6d-2f2d67fe3c09,USGS-05570000,4e84c7c4-82e3-682b-e053-0100007fcfd7,428,1971-05-10T06:00:00+00:00,Imported Channel 1,658,ft^3/s,,,,,,,,ft,Unspecified,Unspecified,Unspecified,Unspecified,Unspecified,Unknown,Unspecified,2026-07-07T22:25:32.617838+00:00,other_method,Unspecified
05570000,POINT (-90.3400944444444 40.4900805555556),5b259f6f-ab39-4130-9dc6-a2fd8e30ff26,USGS-05570000,4e84c54a-a11a-6681-e053-0100007f8462,527,1981-10-23T06:00:00+00:00,Imported Channel 1,587,ft^3/s,141,ft,417,ft^2,1.41,ft/s,,,Unspecified,Unspecified,Unspecified,Unspecified,Unspecified,Unknown,Cableway,2026-07-07T22:25:32.617838+00:00,point_velocity,Unspecified
05570000,POINT (-90.3400944444444 40.4900805555556),5b3388f5-d4dd-436e-9cd5-281c3f7c7288,USGS-05570000,768437af-d26c-4515-86a2-fccfe0b926de,834,2021-11-02T17:16:50+00:00,MAIN,2470,ft^3/s,130,ft,1050,ft^2,2.34,ft/s,5280.00,ft,Soft,Sand,Even,Even,Uniform,Steady,BridgeDownstreamSide,2026-07-07T22:25:32.617838+00:00,adcp,Downstream
05570000,POINT (-90.3400944444444 40.4900805555556),5b571bdd-8849-40da-a71a-2b32dbd954aa,USGS-05570000,4e84d9d1-5ca3-729c-e053-0100007f6b39,667,1997-07-14T21:30:00+00:00,Imported Channel 1,217,ft^3/s,134,ft,377,ft^2,0.58,ft/s,,,Unspecified,Unspecified,Unspecified,Unspecified,Unspecified,Unknown,BridgeCrane,2026-07-07T22:25:32.617838+00:00,point_velocity,Unspecified
05570000,POINT (-90.3400944444444 40.4900805555556),5b62e596-c950-489c-8507-4e7836888a5f,USGS-05570000,4e84cb64-4de7-697e-e053-0100007fc05a,443,1972-09-26T06:00:00+00:00,Imported Channel 1,428,ft^3/s,,,,,,,,ft,Unspecified,Unspecified,Unspecified,Unspecified,Unspecified,Unknown,Unspecified,2026-07-07T22:25:32.617838+00:00,other_method,Unspecified
05570000,POINT (-90.3400944444444 40.4900805555556),5c084629-07c3-4fb6-a476-552e67d50a6e,USGS-05570000,4e84a53d-22e6-53e7-e053-0100007f42af,398,1968-06-04T06:00:00+00:00,Imported Channel 1,319,ft^3/s,,,,,,,,ft,Unspecified,Unspecified,Unspecified,Unspecified,Unspecified,Unknown,Unspecified,2026-07-07T22:25:32.617838+00:00,other_method,Unspecified
05570000,POINT (-90.3400944444444 40.4900805555556),5e41fe13-96b9-434d-826b-112b4cd084b2,USGS-05570000,4e84cefc-b10a-6c6c-e053-0100007feafd,466,1974-12-12T06:00:00+00:00,Imported Channel 1,568,ft^3/s,,,,,,,,ft,Unspecified,Unspecified,Unspecified,Unspecified,Unspecified,Unknown,Unspecified,2026-07-07T22:25:32.617838+00:00,other_method,Unspecified
05570000,POINT (-90.3400944444444 40.4900805555556),5eab03d4-ec96-4bc4-a7d7-20b2e393c2a0,USGS-05570000,4e84cf0f-e2db-6c68-e053-0100007f5fa1,573,1986-05-20T06:00:00+00:00,Imported Channel 1,2260,ft^3/s,153,ft,1010,ft^2,2.24,ft/s,,,Unspecified,Unspecified,Unspecified,Unspecified,Unspecified,Unknown,BridgeCrane,2026-07-07T22:25:32.617838+00:00,point_velocity,Unspecified
05570000,POINT (-90.3400944444444 40.4900805555556),5f325b3c-1569-4857-8051-1225125dcbd6,USGS-05570000,4e84dc51-927e-7326-e053-0100007f9dfc,726,2006-03-03T15:20:00+00:00,Imported Channel 1,98.4,ft^3/s,97.0,ft,87.6,ft^2,1.12,ft/s,,,Unspecified,Unspecified,Unspecified,Unspecified,Unspecified,Unknown,Wading,2026-07-07T22:25:32.617838+00:00,point_velocity,Unspecified
05570000,POINT (-90.3400944444444 40.4900805555556),5f7815c5-80f0-4112-b4df-daae5f2ecf33,USGS-05570000,bd2c7b23-b24f-4a29-95d7-c1885fc2f26d,850,2024-04-17T16:17:36+00:00,MAIN,1420,ft^3/s,125,ft,746,ft^2,1.90,ft/s,10000.00,ft,Soft,SiltMud,Even,Unspecified,Unspecified,Unspecified,BridgeDownstreamSide,2026-07-07T22:25:32.617838+00:00,adcp,Downstream
05570000,POINT (-90.3400944444444 40.4900805555556),5ff29777-82da-42c7-a54c-c81073b0d78a,USGS-05570000,4e84c162-2cab-6422-e053-0100007f66b4,546,1983-08-12T06:00:00+00:00,Imported Channel 1,78.4,ft^3/s,96.0,ft,117,ft^2,0.67,ft/s,,,Unspecified,Unspecified,Unspecified,Unspecified,Unspecified,Unknown,Wading,2026-07-07T22:25:32.617838+00:00,point_velocity,Unspecified
05570000,POINT (-90.3400944444444 40.4900805555556),601da881-31f3-472c-bdea-c7b2d7e46c3b,USGS-05570000,4e84e449-deda-78b2-e053-0100007f74ce,696,2001-11-15T17:20:00+00:00,Imported Channel 1,246,ft^3/s,142,ft,321,ft^2,0.77,ft/s,,,Unspecified,Unspecified,Unspecified,Unspecified,Unspecified,Unknown,BridgeCrane,2026-07-07T22:25:32.617838+00:00,point_velocity,Unspecified
05570000,POINT (-90.3400944444444 40.4900805555556),6020fe0c-48d9-42bc-811f-3549425afd7c,USGS-05570000,4e84d357-ff99-6e4c-e053-0100007f1ff9,576,1986-08-13T06:00:00+00:00,Imported Channel 1,317,ft^3/s,111,ft,270,ft^2,1.17,ft/s,,,Unspecified,Unspecified,Unspecified,Unspecified,Unspecified,Unknown,BridgeCrane,2026-07-07T22:25:32.617838+00:00,point_velocity,Unspecified
05570000,POINT (-90.3400944444444 40.4900805555556),61eeaf36-75f1-4a24-b86c-7029bf8fe619,USGS-05570000,4e84c332-b138-649d-e053-0100007fe5b2,455,1973-11-26T06:00:00+00:00,Imported Channel 1,722,ft^3/s,,,,,,,,ft,Unspecified,Unspecified,Unspecified,Unspecified,Unspecified,Unknown,Unspecified,2026-07-07T22:25:32.617838+00:00,other_method,Unspecified
05570000,POINT (-90.3400944444444 40.4900805555556),622b4829-5906-4097-bc03-c4511a63f064,USGS-05570000,a2a26782-4bc7-43dc-b2e2-b3c31cde1543,832,2021-07-14T14:45:29+00:00,MAIN,4070,ft^3/s,138,ft,1450,ft^2,2.81,ft/s,6000.00,ft,Soft,Sand,Even,Unspecified,NonStandard,Pulsating,BridgeDownstreamSide,2026-07-07T22:25:32.617838+00:00,adcp,Downstream
05570000,POINT (-90.3400944444444 40.4900805555556),623836d0-3e74-4784-91a7-f5d05d8826ce,USGS-05570000,4e84c7cd-51d0-684d-e053-0100007f5cb9,603,1989-04-19T17:00:00+00:00,Imported Channel 1,96.6,ft^3/s,119,ft,187,ft^2,0.52,ft/s,,,Unspecified,Unspecified,Unspecified,Unspecified,Unspecified,Unknown,Wading,2026-07-07T22:25:32.617838+00:00,point_velocity,Unspecified
05570000,POINT (-90.3400944444444 40.4900805555556),632bc3bc-84b2-403e-8649-1c4eea658681,USGS-05570000,8d81463a-339f-6a1d-e053-0100007f702b,819,2019-07-10T19:41:43+00:00,Main,1850,ft^3/s,175,ft,1050,ft^2,1.76,ft/s,0.00,ft,Unspecified,Unspecified,Unspecified,Even,Unspecified,Unspecified,BridgeDownstreamSide,2026-07-07T22:25:32.617838+00:00,adcp,AtTheGage
05570000,POINT (-90.3400944444444 40.4900805555556),632d891c-c1b2-4ab6-8a68-5047c2e506ce,USGS-05570000,4e84d229-47f9-6d98-e053-0100007f4f8e,743,2008-09-05T14:04:00+00:00,Imported Channel 1,958,ft^3/s,113,ft,532,ft^2,1.80,ft/s,,ft,Unspecified,Unspecified,Unspecified,Unspecified,Unspecified,Unknown,Unspecified,2026-07-07T22:25:32.617838+00:00,adcp,Unspecified
05570000,POINT (-90.3400944444444 40.4900805555556),632e2d9c-77a3-46df-88ab-8cdf9d96cadd,USGS-05570000,4e84c80e-0e35-67d5-e053-0100007f0f93,402,1968-10-03T06:00:00+00:00,Imported Channel 1,78.7,ft^3/s,,,,,,,,ft,Unspecified,Unspecified,Unspecified,Unspecified,Unspecified,Unknown,Unspecified,2026-07-07T22:25:32.617838+00:00,other_method,Unspecified
05570000,POINT (-90.3400944444444 40.4900805555556),6339bed8-b97d-41fd-89cb-d42f72b2cd51,USGS-05570000,4e84d03a-1d04-6c72-e053-0100007fef9b,779,2013-10-23T19:35:06+00:00,05570000,53.1,ft^3/s,85.0,ft,146,ft^2,0.36,ft/s,5000.00,ft,Soft,SiltMud,Unspecified,Unspecified,Unspecified,Unknown,BridgeDownstreamSide,2026-07-07T22:25:32.617838+00:00,adcp,Downstream
05570000,POINT (-90.3400944444444 40.4900805555556),63c873db-453f-404b-aa82-fdb5918e7963,USGS-05570000,4e84e634-103d-7985-e053-0100007f0c76,762,2011-08-09T14:37:00+00:00,Imported Channel 1,266,ft^3/s,102,ft,255,ft^2,1.04,ft/s,,ft,Unspecified,Unspecified,Unspecified,Unspecified,Unspecified,Unknown,BridgeDownstreamSide,2026-07-07T22:25:32.617838+00:00,adcp,Unspecified
05570000,POINT (-90.3400944444444 40.4900805555556),64e22a19-d557-4c51-bf94-7a8d88af006b,USGS-05570000,4e84ce17-4b4b-6b6c-e053-0100007f6a07,610,1990-01-03T15:45:00+00:00,Imported Channel 1,101,ft^3/s,88.0,ft,129,ft^2,0.78,ft/s,,,Unspecified,Unspecified,Unspecified,Unspecified,Unspecified,Unknown,Wading,2026-07-07T22:25:32.617838+00:00,point_velocity,Unspecified
05570000,POINT (-90.3400944444444 40.4900805555556),64ece6ac-ecc8-49e5-9d2e-55f00ae6d34d,USGS-05570000,4e84cf64-6c26-6b62-e053-0100007f9a8a,454,1973-10-05T06:00:00+00:00,Imported Channel 1,6910,ft^3/s,,,,,,,,ft,Unspecified,Unspecified,Unspecified,Unspecified,Unspecified,Unknown,Unspecified,2026-07-07T22:25:32.617838+00:00,other_method,Unspecified
05570000,POINT (-90.3400944444444 40.4900805555556),651757d3-3595-4121-95de-d02348a7f17d,USGS-05570000,4e84d29a-bc30-6d96-e053-0100007f24b5,660,1996-09-18T15:00:00+00:00,Imported Channel 1,77.2,ft^3/s,99.0,ft,178,ft^2,0.43,ft/s,,,Unspecified,Unspecified,Unspecified,Unspecified,Unspecified,Unknown,Wading,2026-07-07T22:25:32.617838+00:00,point_velocity,Unspecified
05570000,POINT (-90.3400944444444 40.4900805555556),656f27fa-97d6-437d-872f-38d903249f65,USGS-05570000,c07c87ba-73ff-444e-bd41-8228df86b464,831,2021-05-11T15:39:03+00:00,MAIN,7720,ft^3/s,168,ft,2340,ft^2,3.30,ft/s,5000.00,ft,Soft,Sand,Even,Uneven,NonStandard,Pulsating,BridgeDownstreamSide,2026-07-07T22:25:32.617838+00:00,adcp,Downstream
05570000,POINT (-90.3400944444444 40.4900805555556),6640d9b0-f45a-482a-a43d-85707b9af8be,USGS-05570000,4e84dc74-0c59-7328-e053-0100007f94fc,737,2007-12-13T18:09:00+00:00,Imported Channel 1,177,ft^3/s,102,ft,170,ft^2,1.04,ft/s,,,Unspecified,Unspecified,Unspecified,Unspecified,Unspecified,Unknown,Wading,2026-07-07T22:25:32.617838+00:00,point_velocity,Unspecified
05570000,POINT (-90.3400944444444 40.4900805555556),6643e1e0-a3b9-4b08-9cf4-14aab8cd0017,USGS-05570000,4e84c47b-919d-6619-e053-0100007f1488,531,1982-04-22T06:00:00+00:00,Imported Channel 1,3530,ft^3/s,173,ft,1410,ft^2,2.50,ft/s,,,Unspecified,Unspecified,Unspecified,Unspecified,Unspecified,Unknown,Cableway,2026-07-07T22:25:32.617838+00:00,point_velocity,Unspecified
05570000,POINT (-90.3400944444444 40.4900805555556),6731b36d-06fc-48d8-93fe-862837e6ab0b,USGS-05570000,4e84e07a-d605-7612-e053-0100007fe1c4,750,2009-10-07T14:12:00+00:00,Imported Channel 1,371,ft^3/s,105,ft,457,ft^2,0.81,ft/s,,ft,Unspecified,Unspecified,Unspecified,Unspecified,Unspecified,Unknown,BridgeDownstreamSide,2026-07-07T22:25:32.617838+00:00,adcp,AtTheGage
05570000,POINT (-90.3400944444444 40.4900805555556),67fc28b5-9405-4ad0-903f-a483c22eea07,USGS-05570000,4e84c05c-77b0-6348-e053-0100007fd0f5,490,1977-11-02T06:00:00+00:00,Imported Channel 1,8420,ft^3/s,,,,,,,,ft,Unspecified,Unspecified,Unspecified,Unspecified,Unspecified,Unknown,Unspecified,2026-07-07T22:25:32.617838+00:00,other_method,Unspecified
05570000,POINT (-90.3400944444444 40.4900805555556),6833fb4e-3d57-4184-bf22-45c7a12308b4,USGS-05570000,4e84d2f4-8e4f-6ddb-e053-0100007f602d,702,2002-08-14T15:57:00+00:00,Imported Channel 1,152,ft^3/s,132,ft,149,ft^2,1.02,ft/s,,,Unspecified,Unspecified,Unspecified,Unspecified,Unspecified,Unknown,Wading,2026-07-07T22:25:32.617838+00:00,point_velocity,Unspecified
05570000,POINT (-90.3400944444444 40.4900805555556),69e0096b-7169-44c5-a467-bb9bc59c6951,USGS-05570000,4e84d313-b9f1-6e52-e053-0100007fdcb2,513,1980-06-04T06:00:00+00:00,Imported Channel 1,20500,ft^3/s,,,,,,,,ft,Unspecified,Unspecified,Unspecified,Unspecified,Unspecified,Unknown,Unspecified,2026-07-07T22:25:32.617838+00:00,other_method,Unspecified
05570000,POINT (-90.3400944444444 40.4900805555556),6aa72b89-d183-4e5e-9d20-654715085f11,USGS-05570000,4e84e08a-a0cb-7494-e053-0100007f68a7,728,2006-05-25T02:06:00+00:00,Imported Channel 1,615,ft^3/s,162,ft,474,ft^2,1.47,ft/s,,ft,Unspecified,Unspecified,Unspecified,Unspecified,Unspecified,Unknown,Unspecified,2026-07-07T22:25:32.617838+00:00,adcp,Unspecified
05570000,POINT (-90.3400944444444 40.4900805555556),6ae5610c-91b1-4a8e-8863-d613df04f2dc,USGS-05570000,4e84c559-c1e6-665d-e053-0100007fa715,621,1991-04-11T15:30:00+00:00,Imported Channel 1,1340,ft^3/s,149,ft,789,ft^2,1.70,ft/s,,,Unspecified,Unspecified,Unspecified,Unspecified,Unspecified,Unknown,BridgeCrane,2026-07-07T22:25:32.617838+00:00,point_velocity,Unspecified
05570000,POINT (-90.3400944444444 40.4900805555556),6aee4f49-a6fa-4f9e-9b47-0cac6d429ae3,USGS-05570000,4e84cc84-59a3-69b2-e053-0100007f23d1,511,1980-03-17T06:00:00+00:00,Imported Channel 1,2120,ft^3/s,,,,,,,,ft,Unspecified,Unspecified,Unspecified,Unspecified,Unspecified,Unknown,Unspecified,2026-07-07T22:25:32.617838+00:00,other_method,Unspecified
05570000,POINT (-90.3400944444444 40.4900805555556),6b0c7d0e-cd00-4494-b7f0-4d1faaefaf4b,USGS-05570000,4e84df63-13b5-7526-e053-0100007f8c88,669,1997-10-09T14:00:00+00:00,Imported Channel 1,219,ft^3/s,127,ft,405,ft^2,0.54,ft/s,,,Unspecified,Unspecified,Unspecified,Unspecified,Unspecified,Unknown,BridgeCrane,2026-07-07T22:25:32.617838+00:00,point_velocity,Unspecified
05570000,POINT (-90.3400944444444 40.4900805555556),6b43b23d-3c54-4a7e-9faf-82fdb66d33f6,USGS-05570000,4e84cb73-d237-6a20-e053-0100007f06ca,505,1979-08-07T06:00:00+00:00,Imported Channel 1,216,ft^3/s,,,,,,,,ft,Unspecified,Unspecified,Unspecified,Unspecified,Unspecified,Unknown,Unspecified,2026-07-07T22:25:32.617838+00:00,other_method,Unspecified
05570000,POINT (-90.3400944444444 40.4900805555556),6b846a49-f44b-43bc-85da-6c67ffc8de03,USGS-05570000,4e84c64d-aa6f-6685-e053-0100007f60b4,557,1984-10-31T06:00:00+00:00,Imported Channel 1,717,ft^3/s,130,ft,510,ft^2,1.40,ft/s,,,Unspecified,Unspecified,Unspecified,Unspecified,Unspecified,Unknown,BridgeCrane,2026-07-07T22:25:32.617838+00:00,point_velocity,Unspecified
05570000,POINT (-90.3400944444444 40.4900805555556),6bb7c815-7eeb-4a68-9153-ce7de016e165,USGS-05570000,d2c57e80-8095-4b1a-8f94-d448bf4f390f,858,2025-03-25T20:13:36+00:00,MAIN,1050,ft^3/s,122,ft,570,ft^2,1.85,ft/s,10560.00,ft,Firm,SiltMud,Even,Unspecified,Standard,Steady,BridgeDownstreamSide,2026-07-07T22:25:32.617838+00:00,adcp,Downstream
05570000,POINT (-90.3400944444444 40.4900805555556),6bf2e70e-98a2-4c5e-a5c5-4045c9ff6f03,USGS-05570000,4e84ce17-4b4a-6b6c-e053-0100007f6a07,609,1989-12-13T21:25:00+00:00,Imported Channel 1,52.6,ft^3/s,115,ft,158,ft^2,0.33,ft/s,,,Unspecified,Unspecified,Unspecified,Unspecified,Unspecified,Unknown,Ice,2026-07-07T22:25:32.617838+00:00,point_velocity,Unspecified
05570000,POINT (-90.3400944444444 40.4900805555556),6dcd8054-74bc-4b66-be53-5fb75f11f129,USGS-05570000,4e84dc74-0c5b-7328-e053-0100007f94fc,758,2010-12-20T18:56:00+00:00,Imported Channel 1,365,ft^3/s,97.0,ft,302,ft^2,1.21,ft/s,,,Unspecified,Unspecified,Unspecified,Unspecified,Unspecified,Unknown,Ice,2026-07-07T22:25:32.617838+00:00,point_velocity,Unspecified
05570000,POINT (-90.3400944444444 40.4900805555556),6f2f70b9-4b2c-47d2-941d-7a6308686aae,USGS-05570000,4e84dddb-bb1a-74e2-e053-0100007f28f5,652,1995-11-27T19:00:00+00:00,Imported Channel 1,359,ft^3/s,135,ft,405,ft^2,0.89,ft/s,,,Unspecified,Unspecified,Unspecified,Unspecified,Unspecified,Unknown,BridgeCrane,2026-07-07T22:25:32.617838+00:00,point_velocity,Unspecified
05570000,POINT (-90.3400944444444 40.4900805555556),6f68db33-495d-47a1-8591-53d18c60af3a,USGS-05570000,4e84e3b1-e6a5-7836-e053-0100007fd6bc,709,2003-07-10T20:12:00+00:00,Imported Channel 1,10100,ft^3/s,213,ft,3170,ft^2,3.19,ft/s,,,Unspecified,Unspecified,Unspecified,Unspecified,Unspecified,Unknown,BridgeCrane,2026-07-07T22:25:32.617838+00:00,point_velocity,Unspecified
05570000,POINT (-90.3400944444444 40.4900805555556),6fb0c372-e1e7-458a-afaa-78d8b66842c1,USGS-05570000,4e84ceff-c433-6c64-e053-0100007fba2c,670,1997-12-10T14:15:00+00:00,Imported Channel 1,1060,ft^3/s,158,ft,758,ft^2,1.40,ft/s,,,Unspecified,Unspecified,Unspecified,Unspecified,Unspecified,Unknown,BridgeCrane,2026-07-07T22:25:32.617838+00:00,point_velocity,Unspecified
05570000,POINT (-90.3400944444444 40.4900805555556),703576dc-cc02-4138-93a9-4032e0019756,USGS-05570000,4e84d36a-be95-6e4e-e053-0100007f442a,668,1997-08-28T17:40:00+00:00,Imported Channel 1,484,ft^3/s,142,ft,536,ft^2,0.89,ft/s,,,Unspecified,Unspecified,Unspecified,Unspecified,Unspecified,Unknown,BridgeCrane,2026-07-07T22:25:32.617838+00:00,point_velocity,Unspecified
05570000,POINT (-90.3400944444444 40.4900805555556),714eb0bb-79b4-4617-9d00-34773b830139,USGS-05570000,4e84db7b-1981-72ba-e053-0100007fe6d8,722,2005-06-23T16:52:00+00:00,Imported Channel 1,226,ft^3/s,132,ft,177,ft^2,1.28,ft/s,,,Unspecified,Unspecified,Unspecified,Unspecified,Unspecified,Unknown,Wading,2026-07-07T22:25:32.617838+00:00,point_velocity,Unspecified
05570000,POINT (-90.3400944444444 40.4900805555556),71b4be43-02e5-4fbb-8783-f5b1d77a98db,USGS-05570000,4e84dc69-3952-7324-e053-0100007fe092,691,2000-12-04T22:12:00+00:00,Imported Channel 1,553,ft^3/s,123,ft,317,ft^2,1.74,ft/s,,,Unspecified,Unspecified,Unspecified,Unspecified,Unspecified,Unknown,Wading,2026-07-07T22:25:32.617838+00:00,point_velocity,Unspecified
05570000,POINT (-90.3400944444444 40.4900805555556),71c0626f-9bd9-45ae-a2ae-4f0365e6e0d2,USGS-05570000,4e84c439-fe40-6603-e053-0100007f8ed8,613,1990-05-10T20:15:00+00:00,Imported Channel 1,8100,ft^3/s,415,ft,3790,ft^2,2.14,ft/s,,,Unspecified,Unspecified,Unspecified,Unspecified,Unspecified,Unknown,BridgeCrane,2026-07-07T22:25:32.617838+00:00,point_velocity,Unspecified
05570000,POINT (-90.3400944444444 40.4900805555556),71c6c7c7-d384-43d4-9d6c-62514d7fcab9,USGS-05570000,4e84d3c2-3768-6ddf-e053-0100007fb4ae,686,2000-03-28T14:00:00+00:00,Imported Channel 1,753,ft^3/s,152,ft,516,ft^2,1.46,ft/s,,,Unspecified,Unspecified,Unspecified,Unspecified,Unspecified,Unknown,BridgeCrane,2026-07-07T22:25:32.617838+00:00,point_velocity,Unspecified
05570000,POINT (-90.3400944444444 40.4900805555556),7252765a-5f50-4893-a7ca-3ee807738fbc,USGS-05570000,4e84ceab-a95c-6b64-e053-0100007f2260,520,1981-03-03T06:00:00+00:00,Imported Channel 1,812,ft^3/s,,,,,,,,ft,Unspecified,Unspecified,Unspecified,Unspecified,Unspecified,Unknown,Unspecified,2026-07-07T22:25:32.617838+00:00,other_method,Unspecified
05570000,POINT (-90.3400944444444 40.4900805555556),726e790a-a9cf-42a7-a54d-8eeca500a50e,USGS-05570000,4e84c0fc-6107-63de-e053-0100007f27f0,458,1974-03-08T06:00:00+00:00,Imported Channel 1,3010,ft^3/s,,,,,,,,ft,Unspecified,Unspecified,Unspecified,Unspecified,Unspecified,Unknown,Unspecified,2026-07-07T22:25:32.617838+00:00,other_method,Unspecified
05570000,POINT (-90.3400944444444 40.4900805555556),72c73c8a-d651-4cf7-ae04-2e0eef94e993,USGS-05570000,4e84e08a-a0ed-7494-e053-0100007f68a7,787,2015-03-10T16:21:38+00:00,MAIN,5120,ft^3/s,173,ft,2010,ft^2,2.56,ft/s,,ft,Soft,Sand,Even,Even,Uniform,Unknown,BridgeDownstreamSide,2026-07-07T22:25:32.617838+00:00,adcp,AtTheGage
05570000,POINT (-90.3400944444444 40.4900805555556),732224a5-dde2-43a4-8bfd-7a5bb969bf1d,USGS-05570000,4e84c825-0197-6827-e053-0100007fbfc4,453,1973-09-21T06:00:00+00:00,Imported Channel 1,343,ft^3/s,,,,,,,,ft,Unspecified,Unspecified,Unspecified,Unspecified,Unspecified,Unknown,Unspecified,2026-07-07T22:25:32.617838+00:00,other_method,Unspecified
05570000,POINT (-90.3400944444444 40.4900805555556),74392671-4420-4e82-8dae-c2d9c2f3ec1c,USGS-05570000,4e84c105-2922-63e2-e053-0100007fef59,413,1969-10-07T06:00:00+00:00,Imported Channel 1,83.2,ft^3/s,,,,,,,,ft,Unspecified,Unspecified,Unspecified,Unspecified,Unspecified,Unknown,Unspecified,2026-07-07T22:25:32.617838+00:00,other_method,Unspecified
05570000,POINT (-90.3400944444444 40.4900805555556),7448e843-c338-4101-8295-61d789625285,USGS-05570000,4e84d9d2-2003-72bc-e053-0100007f2816,604,1989-05-23T15:15:00+00:00,Imported Channel 1,118,ft^3/s,90.0,ft,126,ft^2,0.94,ft/s,,,Unspecified,Unspecified,Unspecified,Unspecified,Unspecified,Unknown,Wading,2026-07-07T22:25:32.617838+00:00,point_velocity,Unspecified
05570000,POINT (-90.3400944444444 40.4900805555556),745df4e3-ee13-4f49-ae4b-d2dea15728a1,USGS-05570000,4e84cdf0-c954-6b66-e053-0100007f6efe,565,1985-08-01T06:00:00+00:00,Imported Channel 1,118,ft^3/s,107,ft,146,ft^2,0.81,ft/s,,,Unspecified,Unspecified,Unspecified,Unspecified,Unspecified,Unknown,Wading,2026-07-07T22:25:32.617838+00:00,point_velocity,Unspecified
05570000,POINT (-90.3400944444444 40.4900805555556),74942be7-e756-4fd3-9ea2-e5cde2ac11f2,USGS-05570000,4e84c825-019e-6827-e053-0100007fbfc4,525,1981-08-17T06:00:00+00:00,Imported Channel 1,7260,ft^3/s,,,,,,,,ft,Unspecified,Unspecified,Unspecified,Unspecified,Unspecified,Unknown,Unspecified,2026-07-07T22:25:32.617838+00:00,other_method,Unspecified
05570000,POINT (-90.3400944444444 40.4900805555556),74a110b0-8e6a-4214-b64f-88118952fa62,USGS-05570000,4e84dd5a-5b38-7492-e053-0100007f24f4,627,1992-01-07T21:00:00+00:00,Imported Channel 1,752,ft^3/s,135,ft,545,ft^2,1.38,ft/s,,,Unspecified,Unspecified,Unspecified,Unspecified,Unspecified,Unknown,BridgeCrane,2026-07-07T22:25:32.617838+00:00,point_velocity,Unspecified
05570000,POINT (-90.3400944444444 40.4900805555556),74bd2306-7594-4dde-8e08-45ee07a7b437,USGS-05570000,4e84a53d-22ef-53e7-e053-0100007f42af,496,1978-06-06T06:00:00+00:00,Imported Channel 1,1050,ft^3/s,,,,,,,,ft,Unspecified,Unspecified,Unspecified,Unspecified,Unspecified,Unknown,Unspecified,2026-07-07T22:25:32.617838+00:00,other_method,Unspecified
05570000,POINT (-90.3400944444444 40.4900805555556),74cc5faa-f795-494a-a163-3a5226d7156c,USGS-05570000,4e84ee73-9b50-7db3-e053-0100007f3281,774,2013-02-07T17:02:34+00:00,05570000,824,ft^3/s,112,ft,572,ft^2,1.44,ft/s,,ft,Unspecified,SiltMud,Unspecified,Unspecified,Unspecified,Unknown,BridgeDownstreamSide,2026-07-07T22:25:32.617838+00:00,adcp,AtTheGage
05570000,POINT (-90.3400944444444 40.4900805555556),768f9157-da25-47ab-9524-2d97f872ec79,USGS-05570000,4e84cb8b-67ec-697a-e053-0100007f17e5,423,1970-11-03T06:00:00+00:00,Imported Channel 1,2290,ft^3/s,,,,,,,,ft,Unspecified,Unspecified,Unspecified,Unspecified,Unspecified,Unknown,Unspecified,2026-07-07T22:25:32.617838+00:00,other_method,Unspecified
05570000,POINT (-90.3400944444444 40.4900805555556),76ffc677-9532-407a-b6aa-e744b791e5cd,USGS-05570000,66970425-ae15-4793-a143-2cbee63275b2,859,2025-05-20T19:33:02+00:00,MAIN,514,ft^3/s,117,ft,370,ft^2,1.39,ft/s,10560.00,ft,Unspecified,Unspecified,Even,Unspecified,Standard,Steady,BridgeDownstreamSide,2026-07-07T22:25:32.617838+00:00,adcp,Downstream
05570000,POINT (-90.3400944444444 40.4900805555556),77758fdf-40d2-47b0-867d-41238c45e028,USGS-05570000,819f7905-ccba-b9c4-e053-0100007f8765,815,2019-02-06T21:00:51+00:00,MAIN,6080,ft^3/s,240,ft,3750,ft^2,1.62,ft/s,0.00,ft,Soft,Sand,Even,Even,NonStandard,Pulsating,BridgeDownstreamSide,2026-07-07T22:25:32.617838+00:00,adcp,AtTheGage
05570000,POINT (-90.3400944444444 40.4900805555556),784cd4c8-b455-4b1f-bdf1-359ff6a08c90,USGS-05570000,4e84e296-53fa-73d8-e053-0100007f7524,772,2012-10-05T14:00:30+00:00,spoon r seville,34.7,ft^3/s,50.0,ft,30.1,ft^2,1.15,ft/s,800.00,ft,Soft,Gravel,Unspecified,Unspecified,Unspecified,Unknown,Wading,2026-07-07T22:25:32.617838+00:00,point_velocity,Downstream
05570000,POINT (-90.3400944444444 40.4900805555556),786561fe-efc3-4736-9711-91fd1e61fba9,USGS-05570000,4e84b204-37ef-5acf-e053-0100007f07fa,437,1972-02-17T06:00:00+00:00,Imported Channel 1,399,ft^3/s,,,,,,,,ft,Unspecified,Unspecified,Unspecified,Unspecified,Unspecified,Unknown,Unspecified,2026-07-07T22:25:32.617838+00:00,other_method,Unspecified
05570000,POINT (-90.3400944444444 40.4900805555556),7a19932f-95a0-40a8-bb70-f58ab40683d0,USGS-05570000,4e84c559-c1fa-665d-e053-0100007fa715,650,1995-08-29T16:10:00+00:00,Imported Channel 1,223,ft^3/s,87.0,ft,205,ft^2,1.09,ft/s,,,Unspecified,Unspecified,Unspecified,Unspecified,Unspecified,Unknown,Wading,2026-07-07T22:25:32.617838+00:00,point_velocity,Unspecified
05570000,POINT (-90.3400944444444 40.4900805555556),7a5cc5cb-dfa1-4124-ba0e-e745770ab188,USGS-05570000,4e84cf63-f96e-6c5b-e053-0100007f123d,721,2005-04-13T15:40:00+00:00,Imported Channel 1,1760,ft^3/s,159,ft,969,ft^2,1.82,ft/s,,,Unspecified,Unspecified,Unspecified,Unspecified,Unspecified,Unknown,BridgeCrane,2026-07-07T22:25:32.617838+00:00,point_velocity,Unspecified
05570000,POINT (-90.3400944444444 40.4900805555556),7a9bc42b-242d-464f-b99c-78b8aa15b926,USGS-05570000,4e84c20a-e513-63bc-e053-0100007f0188,465,1974-10-30T06:00:00+00:00,Imported Channel 1,147,ft^3/s,,,,,,,,ft,Unspecified,Unspecified,Unspecified,Unspecified,Unspecified,Unknown,Unspecified,2026-07-07T22:25:32.617838+00:00,other_method,Unspecified
05570000,POINT (-90.3400944444444 40.4900805555556),7b7f94a2-e95f-4fdc-ac45-2f7aa8cbd55d,USGS-05570000,4e84c162-2ca0-6422-e053-0100007f66b4,463,1974-08-22T06:00:00+00:00,Imported Channel 1,246,ft^3/s,,,,,,,,ft,Unspecified,Unspecified,Unspecified,Unspecified,Unspecified,Unknown,Unspecified,2026-07-07T22:25:32.617838+00:00,other_method,Unspecified
05570000,POINT (-90.3400944444444 40.4900805555556),7bbcc554-1a19-4073-8c7c-4d463f690815,USGS-05570000,4e84cefc-b10e-6c6c-e053-0100007feafd,552,1984-04-17T06:00:00+00:00,Imported Channel 1,2800,ft^3/s,,,,,,,,ft,Unspecified,Unspecified,Unspecified,Unspecified,Unspecified,Unknown,Unspecified,2026-07-07T22:25:32.617838+00:00,other_method,Unspecified
05570000,POINT (-90.3400944444444 40.4900805555556),7cab6011-ab88-4a2f-8db1-2e1638732def,USGS-05570000,4e84ab44-5fc9-5743-e053-0100007f6133,577,1986-09-16T06:00:00+00:00,Imported Channel 1,164,ft^3/s,88.0,ft,140,ft^2,2.17,ft/s,,,Unspecified,Unspecified,Unspecified,Unspecified,Unspecified,Unknown,Wading,2026-07-07T22:25:32.617838+00:00,point_velocity,Unspecified
05570000,POINT (-90.3400944444444 40.4900805555556),7ec887c2-1f92-4058-a1ce-576cc57d0ecd,USGS-05570000,4e84d362-e0df-6e3a-e053-0100007fe0d3,517,1980-10-23T06:00:00+00:00,Imported Channel 1,292,ft^3/s,127,ft,233,ft^2,1.25,ft/s,,,Unspecified,Unspecified,Unspecified,Unspecified,Unspecified,Unknown,Wading,2026-07-07T22:25:32.617838+00:00,point_velocity,Unspecified
05570000,POINT (-90.3400944444444 40.4900805555556),7f1449f2-c03c-4e81-8095-b34e725c9ebb,USGS-05570000,4e84d357-ff8d-6e4c-e053-0100007f1ff9,447,1973-02-15T06:00:00+00:00,Imported Channel 1,3760,ft^3/s,,,,,,,,ft,Unspecified,Unspecified,Unspecified,Unspecified,Unspecified,Unknown,Unspecified,2026-07-07T22:25:32.617838+00:00,other_method,Unspecified
05570000,POINT (-90.3400944444444 40.4900805555556),80277621-4a21-4b2e-a0af-93a4f8e93af7,USGS-05570000,4e84d29a-bc21-6d96-e053-0100007f24b5,537,1982-12-04T06:00:00+00:00,Imported Channel 1,17300,ft^3/s,,,,,,,,ft,Unspecified,Unspecified,Unspecified,Unspecified,Unspecified,Unknown,Unspecified,2026-07-07T22:25:32.617838+00:00,other_method,Unspecified
05570000,POINT (-90.3400944444444 40.4900805555556),8037b181-035c-44d7-a8a3-5932ee232bfe,USGS-05570000,4e84ceab-a95a-6b64-e053-0100007f2260,494,1978-04-12T06:00:00+00:00,Imported Channel 1,8860,ft^3/s,,,,,,,,ft,Unspecified,Unspecified,Unspecified,Unspecified,Unspecified,Unknown,Unspecified,2026-07-07T22:25:32.617838+00:00,other_method,Unspecified
05570000,POINT (-90.3400944444444 40.4900805555556),806c67ba-7374-4e28-9010-357b10974308,USGS-05570000,4e84ceab-a955-6b64-e053-0100007f2260,460,1974-06-12T06:00:00+00:00,Imported Channel 1,4020,ft^3/s,,,,,,,,ft,Unspecified,Unspecified,Unspecified,Unspecified,Unspecified,Unknown,Unspecified,2026-07-07T22:25:32.617838+00:00,other_method,Unspecified
05570000,POINT (-90.3400944444444 40.4900805555556),8097d08e-d879-416f-a7b9-894dc7ef9711,USGS-05570000,4e84c37e-a0c1-649f-e053-0100007f417d,451,1973-07-16T06:00:00+00:00,Imported Channel 1,736,ft^3/s,,,,,,,,ft,Unspecified,Unspecified,Unspecified,Unspecified,Unspecified,Unknown,Unspecified,2026-07-07T22:25:32.617838+00:00,other_method,Unspecified
05570000,POINT (-90.3400944444444 40.4900805555556),80cb4a99-d160-41f1-8b15-b9066771e158,USGS-05570000,4e84dff6-97dd-72fc-e053-0100007fdc85,680,1999-05-12T15:20:00+00:00,Imported Channel 1,1420,ft^3/s,170,ft,903,ft^2,1.58,ft/s,,,Unspecified,Unspecified,Unspecified,Unspecified,Unspecified,Unknown,BridgeCrane,2026-07-07T22:25:32.617838+00:00,point_velocity,Unspecified
05570000,POINT (-90.3400944444444 40.4900805555556),81e80443-86cd-4268-9c67-6c419a778bfc,USGS-05570000,53e2691a-3102-40d3-b561-f4a724372f5c,836,2022-03-08T18:35:12+00:00,MAIN,1530,ft^3/s,105,ft,805,ft^2,1.90,ft/s,6000.00,ft,Soft,SiltMud,Even,Even,Standard,Steady,BridgeDownstreamSide,2026-07-07T22:25:32.617838+00:00,adcp,Downstream
05570000,POINT (-90.3400944444444 40.4900805555556),8202f1fa-5e72-426c-bef2-39831b5d4bff,USGS-05570000,4e84d274-9b7b-6d9a-e053-0100007f471b,503,1979-03-22T06:00:00+00:00,Imported Channel 1,10900,ft^3/s,,,,,,,,ft,Unspecified,Unspecified,Unspecified,Unspecified,Unspecified,Unknown,Unspecified,2026-07-07T22:25:32.617838+00:00,other_method,Unspecified
05570000,POINT (-90.3400944444444 40.4900805555556),8302c421-b8cb-48be-b73e-10fa10389356,USGS-05570000,4e84ebac-6bca-7aa0-e053-0100007ffc4f,768,2012-05-07T18:48:00+00:00,Imported Channel 1,3680,ft^3/s,180,ft,1640,ft^2,2.20,ft/s,,ft,Unspecified,Unspecified,Unspecified,Unspecified,Unspecified,Unknown,BridgeDownstreamSide,2026-07-07T22:25:32.617838+00:00,adcp,AtTheGage
05570000,POINT (-90.3400944444444 40.4900805555556),831a718d-3e52-435f-8bf0-2dc7e1182a16,USGS-05570000,4e84d436-dc79-6e44-e053-0100007f04cf,760,2011-04-27T14:32:00+00:00,Imported Channel 1,6820,ft^3/s,154,ft,2020,ft^2,3.38,ft/s,,ft,Unspecified,Unspecified,Unspecified,Unspecified,Unspecified,Unknown,BridgeDownstreamSide,2026-07-07T22:25:32.617838+00:00,adcp,Unspecified
05570000,POINT (-90.3400944444444 40.4900805555556),83404f06-6e9b-4819-b96e-302e44edf58a,USGS-05570000,4e84cf0a-93df-6c74-e053-0100007f4a54,484,1977-03-08T06:00:00+00:00,Imported Channel 1,290,ft^3/s,,,,,,,,ft,Unspecified,Unspecified,Unspecified,Unspecified,Unspecified,Unknown,Unspecified,2026-07-07T22:25:32.617838+00:00,other_method,Unspecified
05570000,POINT (-90.3400944444444 40.4900805555556),83f128e8-28a9-458a-9728-eb47c560b2cf,USGS-05570000,4e84d4cd-91cb-6f0b-e053-0100007f6487,693,2001-07-09T21:15:00+00:00,Imported Channel 1,790,ft^3/s,148,ft,783,ft^2,1.01,ft/s,,,Unspecified,Unspecified,Unspecified,Unspecified,Unspecified,Unknown,BridgeCrane,2026-07-07T22:25:32.617838+00:00,point_velocity,Unspecified
05570000,POINT (-90.3400944444444 40.4900805555556),8418aa23-f1ef-49de-9efa-4f3f73d0c2e5,USGS-05570000,4e84e5c9-30cb-78cc-e053-0100007f12ec,717,2004-08-31T18:03:00+00:00,Imported Channel 1,273,ft^3/s,130,ft,259,ft^2,1.05,ft/s,,,Unspecified,Unspecified,Unspecified,Unspecified,Unspecified,Unknown,BridgeCrane,2026-07-07T22:25:32.617838+00:00,point_velocity,Unspecified
05570000,POINT (-90.3400944444444 40.4900805555556),84b2485c-dd70-4fd3-aaca-93771c045d5b,USGS-05570000,4e84c06c-95df-6346-e053-0100007feceb,414,1969-11-06T06:00:00+00:00,Imported Channel 1,440,ft^3/s,,,,,,,,ft,Unspecified,Unspecified,Unspecified,Unspecified,Unspecified,Unknown,Unspecified,2026-07-07T22:25:32.617838+00:00,other_method,Unspecified
05570000,POINT (-90.3400944444444 40.4900805555556),8518a300-364f-4368-878d-8617ac7f87a6,USGS-05570000,4e84d9d2-2014-72bc-e053-0100007f2816,687,2000-05-24T18:30:00+00:00,Imported Channel 1,741,ft^3/s,142,ft,529,ft^2,1.40,ft/s,,,Unspecified,Unspecified,Unspecified,Unspecified,Unspecified,Unknown,BridgeCrane,2026-07-07T22:25:32.617838+00:00,point_velocity,Unspecified
05570000,POINT (-90.3400944444444 40.4900805555556),86c8589d-a4ce-483f-a890-872b0e789ca2,USGS-05570000,4e84c559-c1c5-665d-e053-0100007fa715,444,1972-10-12T06:00:00+00:00,Imported Channel 1,270,ft^3/s,,,,,,,,ft,Unspecified,Unspecified,Unspecified,Unspecified,Unspecified,Unknown,Unspecified,2026-07-07T22:25:32.617838+00:00,other_method,Unspecified
05570000,POINT (-90.3400944444444 40.4900805555556),88314159-a00a-44ab-a20c-65f683e69d77,USGS-05570000,4e84ec92-d462-7ce4-e053-0100007f7552,756,2010-08-12T17:21:00+00:00,Imported Channel 1,1390,ft^3/s,112,ft,708,ft^2,1.97,ft/s,,ft,Unspecified,Unspecified,Unspecified,Unspecified,Unspecified,Unknown,BridgeDownstreamSide,2026-07-07T22:25:32.617838+00:00,adcp,Unspecified
05570000,POINT (-90.3400944444444 40.4900805555556),884f05a4-e267-4960-869b-5f2666c973a6,USGS-05570000,4e84c493-9748-661f-e053-0100007f923e,676,1998-10-16T13:20:00+00:00,Imported Channel 1,217,ft^3/s,89.0,ft,220,ft^2,0.99,ft/s,,,Unspecified,Unspecified,Unspecified,Unspecified,Unspecified,Unknown,BridgeCrane,2026-07-07T22:25:32.617838+00:00,point_velocity,Unspecified
05570000,POINT (-90.3400944444444 40.4900805555556),885925fa-98f9-4974-8e6e-34d007449557,USGS-05570000,d3ab1b5d-f8e3-480c-b1b4-75a38a50753a,825,2020-05-19T18:52:13+00:00,MAIN,10300,ft^3/s,207,ft,3130,ft^2,3.30,ft/s,10000.00,ft,Soft,SiltMud,Even,Even,Standard,Steady,BridgeDownstreamSide,2026-07-07T22:25:32.617838+00:00,adcp,Downstream
05570000,POINT (-90.3400944444444 40.4900805555556),8a070c53-e2be-4cac-a4ee-50aeb9168c28,USGS-05570000,4e84cd3b-2912-69ec-e053-0100007f9687,523,1981-06-17T06:00:00+00:00,Imported Channel 1,2970,ft^3/s,,,,,,,,ft,Unspecified,Unspecified,Unspecified,Unspecified,Unspecified,Unknown,Unspecified,2026-07-07T22:25:32.617838+00:00,other_method,Unspecified
05570000,POINT (-90.3400944444444 40.4900805555556),8af419ad-024a-4ad2-b702-a82954ec366b,USGS-05570000,4e84cd3b-2915-69ec-e053-0100007f9687,540,1983-02-17T06:00:00+00:00,Imported Channel 1,2490,ft^3/s,,,,,,,,ft,Unspecified,Unspecified,Unspecified,Unspecified,Unspecified,Unknown,Unspecified,2026-07-07T22:25:32.617838+00:00,other_method,Unspecified
05570000,POINT (-90.3400944444444 40.4900805555556),8b645920-1da7-4184-acfb-00cf63c71a6d,USGS-05570000,4e84bfa6-3b95-627d-e053-0100007ffec0,434,1971-11-02T06:00:00+00:00,Imported Channel 1,48.5,ft^3/s,,,,,,,,ft,Unspecified,Unspecified,Unspecified,Unspecified,Unspecified,Unknown,Unspecified,2026-07-07T22:25:32.617838+00:00,other_method,Unspecified
05570000,POINT (-90.3400944444444 40.4900805555556),8bf899dd-ef12-41b2-9004-1c4ce6dcbe6c,USGS-05570000,4e84cdf7-000d-6b68-e053-0100007f50ea,522,1981-05-27T06:00:00+00:00,Imported Channel 1,2500,ft^3/s,,,,,,,,ft,Unspecified,Unspecified,Unspecified,Unspecified,Unspecified,Unknown,Unspecified,2026-07-07T22:25:32.617838+00:00,other_method,Unspecified
05570000,POINT (-90.3400944444444 40.4900805555556),8d065bf5-04f6-4d96-81f5-565b83075187,USGS-05570000,4e84d274-9b8c-6d9a-e053-0100007f471b,617,1990-09-27T15:20:00+00:00,Imported Channel 1,186,ft^3/s,103,ft,280,ft^2,0.66,ft/s,,,Unspecified,Unspecified,Unspecified,Unspecified,Unspecified,Unknown,BridgeCrane,2026-07-07T22:25:32.617838+00:00,point_velocity,Unspecified
05570000,POINT (-90.3400944444444 40.4900805555556),8da393fe-c6bc-4173-b525-d9a9e5be8888,USGS-05570000,fba56d0a-a332-43ee-bcd9-fd7f6f4ae98d,853,2024-07-17T15:08:40+00:00,MAIN,7330,ft^3/s,159,ft,2160,ft^2,3.40,ft/s,10560.00,ft,Unspecified,Unspecified,Unspecified,Unspecified,Unspecified,Unspecified,BridgeDownstreamSide,2026-07-07T22:25:32.617838+00:00,adcp,Downstream
05570000,POINT (-90.3400944444444 40.4900805555556),8f3b593d-21c4-46e9-a735-d9caf0a1a350,USGS-05570000,4e84db7b-1963-72ba-e053-0100007fe6d8,602,1989-02-22T17:25:00+00:00,Imported Channel 1,37.3,ft^3/s,110,ft,86.6,ft^2,0.43,ft/s,,,Unspecified,Unspecified,Unspecified,Unspecified,Unspecified,Unknown,Ice,2026-07-07T22:25:32.617838+00:00,point_velocity,Unspecified
05570000,POINT (-90.3400944444444 40.4900805555556),8fa1061d-d818-4c9d-a317-982e0bacbb08,USGS-05570000,4e84da24-b66c-72a4-e053-0100007f1707,790,2015-08-18T19:51:19+00:00,MAIN,436,ft^3/s,138,ft,530,ft^2,0.82,ft/s,,ft,Soft,Sand,Even,Even,Uniform,Unknown,BridgeDownstreamSide,2026-07-07T22:25:32.617838+00:00,adcp,AtTheGage
05570000,POINT (-90.3400944444444 40.4900805555556),8fbd56ce-905f-4488-af4f-149721a52fa8,USGS-05570000,4e84cb64-4df5-697e-e053-0100007fc05a,550,1984-01-24T06:00:00+00:00,Imported Channel 1,222,ft^3/s,83.0,ft,274,ft^2,0.81,ft/s,,,Unspecified,Unspecified,Unspecified,Unspecified,Unspecified,Unknown,Ice,2026-07-07T22:25:32.617838+00:00,point_velocity,Unspecified
05570000,POINT (-90.3400944444444 40.4900805555556),9098758e-6b24-4af7-9823-e8366d30bd91,USGS-05570000,4e84ed5b-e122-7d0e-e053-0100007fc52f,761,2011-06-21T13:43:00+00:00,Imported Channel 1,4870,ft^3/s,143,ft,1590,ft^2,3.06,ft/s,,ft,Unspecified,Unspecified,Unspecified,Unspecified,Unspecified,Unknown,BridgeDownstreamSide,2026-07-07T22:25:32.617838+00:00,adcp,Unspecified
05570000,POINT (-90.3400944444444 40.4900805555556),9211eaed-cd15-4932-a094-fce884ce296f,USGS-05570000,4e84ab44-5fbc-5743-e053-0100007f6133,408,1969-05-05T06:00:00+00:00,Imported Channel 1,425,ft^3/s,,,,,,,,ft,Unspecified,Unspecified,Unspecified,Unspecified,Unspecified,Unknown,Unspecified,2026-07-07T22:25:32.617838+00:00,other_method,Unspecified
05570000,POINT (-90.3400944444444 40.4900805555556),923a0715-6052-4158-8819-0a52351b6104,USGS-05570000,4e84d203-388d-6db0-e053-0100007f362d,467,1975-01-09T06:00:00+00:00,Imported Channel 1,420,ft^3/s,,,,,,,,ft,Unspecified,Unspecified,Unspecified,Unspecified,Unspecified,Unknown,Unspecified,2026-07-07T22:25:32.617838+00:00,other_method,Unspecified
05570000,POINT (-90.3400944444444 40.4900805555556),92ecb8bf-3d4a-4b73-93f8-ca05685af6ad,USGS-05570000,4e84d5ef-31ea-7031-e053-0100007f3134,594,1988-07-13T15:20:00+00:00,Imported Channel 1,45.7,ft^3/s,90.0,ft,109,ft^2,0.42,ft/s,,,Unspecified,Unspecified,Unspecified,Unspecified,Unspecified,Unknown,Wading,2026-07-07T22:25:32.617838+00:00,point_velocity,Unspecified
05570000,POINT (-90.3400944444444 40.4900805555556),93982acf-c00b-49f1-8869-293601ae9bf9,USGS-05570000,4e84c4f8-53a2-6683-e053-0100007fc43a,514,1980-07-09T06:00:00+00:00,Imported Channel 1,455,ft^3/s,,,,,,,,ft,Unspecified,Unspecified,Unspecified,Unspecified,Unspecified,Unknown,Unspecified,2026-07-07T22:25:32.617838+00:00,other_method,Unspecified
05570000,POINT (-90.3400944444444 40.4900805555556),93de536a-8372-40f0-91d0-3c3d4ec69605,USGS-05570000,4e84d4cd-91b0-6f0b-e053-0100007f6487,480,1976-08-04T06:00:00+00:00,Imported Channel 1,293,ft^3/s,,,,,,,,ft,Unspecified,Unspecified,Unspecified,Unspecified,Unspecified,Unknown,Unspecified,2026-07-07T22:25:32.617838+00:00,other_method,Unspecified
05570000,POINT (-90.3400944444444 40.4900805555556),940a9eed-8b6b-4acc-9666-dc07e24ec536,USGS-05570000,4e84c001-1328-62f7-e053-0100007f3007,611,1990-02-12T15:15:00+00:00,Imported Channel 1,285,ft^3/s,90.0,ft,185,ft^2,1.54,ft/s,,,Unspecified,Unspecified,Unspecified,Unspecified,Unspecified,Unknown,Wading,2026-07-07T22:25:32.617838+00:00,point_velocity,Unspecified
05570000,POINT (-90.3400944444444 40.4900805555556),9543d1e8-8439-4ac8-a40c-a0181f84e4d1,USGS-05570000,4e84d5ef-31e6-7031-e053-0100007f3134,591,1988-04-07T15:55:00+00:00,Imported Channel 1,5120,ft^3/s,176,ft,1840,ft^2,2.78,ft/s,,,Unspecified,Unspecified,Unspecified,Unspecified,Unspecified,Unknown,BridgeCrane,2026-07-07T22:25:32.617838+00:00,point_velocity,Unspecified
05570000,POINT (-90.3400944444444 40.4900805555556),955dadbb-9b09-4b24-8695-f825a3717614,USGS-05570000,4e84d4d7-f90d-6f15-e053-0100007f414e,483,1977-01-20T06:00:00+00:00,Imported Channel 1,52.9,ft^3/s,,,,,,,,ft,Unspecified,Unspecified,Unspecified,Unspecified,Unspecified,Unknown,Unspecified,2026-07-07T22:25:32.617838+00:00,other_method,Unspecified
05570000,POINT (-90.3400944444444 40.4900805555556),95964deb-01a0-4f34-b068-626b7df6bc99,USGS-05570000,4e84d488-6be2-6f1b-e053-0100007f4142,736,2007-10-04T19:16:00+00:00,Imported Channel 1,84.9,ft^3/s,113,ft,74.7,ft^2,1.14,ft/s,,,Unspecified,Unspecified,Unspecified,Unspecified,Unspecified,Unknown,Wading,2026-07-07T22:25:32.617838+00:00,point_velocity,Unspecified
05570000,POINT (-90.3400944444444 40.4900805555556),95ba74f4-f03f-4e60-bbde-9155380de21c,USGS-05570000,42dd4e9e-912b-4e46-b54b-96202e687e13,837,2022-05-10T19:15:12+00:00,MAIN,1780,ft^3/s,127,ft,868,ft^2,2.05,ft/s,5000.00,ft,Soft,Sand,Even,Even,Uniform,Steady,BridgeDownstreamSide,2026-07-07T22:25:32.617838+00:00,adcp,Downstream
05570000,POINT (-90.3400944444444 40.4900805555556),960470d1-42fb-4b76-a546-793dd80c73b4,USGS-05570000,4e84da41-ba80-72b8-e053-0100007fd5f5,740,2008-04-30T15:48:00+00:00,Imported Channel 1,1420,ft^3/s,112,ft,704,ft^2,2.01,ft/s,,ft,Unspecified,Unspecified,Unspecified,Unspecified,Unspecified,Unknown,Unspecified,2026-07-07T22:25:32.617838+00:00,adcp,Unspecified
05570000,POINT (-90.3400944444444 40.4900805555556),97d23366-b7a4-481f-8f08-b494fe7d210b,USGS-05570000,4e84d615-5c6e-6f19-e053-0100007f8826,673,1998-04-29T14:00:00+00:00,Imported Channel 1,1710,ft^3/s,170,ft,1050,ft^2,1.62,ft/s,,,Unspecified,Unspecified,Unspecified,Unspecified,Unspecified,Unknown,BridgeCrane,2026-07-07T22:25:32.617838+00:00,point_velocity,Unspecified
05570000,POINT (-90.3400944444444 40.4900805555556),99398f68-3538-494c-8754-a5e4bfc887e9,USGS-05570000,4e84c448-46a2-6601-e053-0100007f88da,542,1983-04-05T06:00:00+00:00,Imported Channel 1,16800,ft^3/s,,,,,,,,ft,Unspecified,Unspecified,Unspecified,Unspecified,Unspecified,Unknown,Unspecified,2026-07-07T22:25:32.617838+00:00,other_method,Unspecified
05570000,POINT (-90.3400944444444 40.4900805555556),99455c38-4129-4063-bb8c-976b3259c4e7,USGS-05570000,4e84b5a6-cbb7-5cef-e053-0100007fcf15,474,1976-01-09T06:00:00+00:00,Imported Channel 1,371,ft^3/s,,,,,,,,ft,Unspecified,Unspecified,Unspecified,Unspecified,Unspecified,Unknown,Unspecified,2026-07-07T22:25:32.617838+00:00,other_method,Unspecified
05570000,POINT (-90.3400944444444 40.4900805555556),998cb173-ca3e-44a5-854b-cd05e9f2901f,USGS-05570000,4e84cefc-b11f-6c6c-e053-0100007feafd,647,1995-01-10T20:30:00+00:00,Imported Channel 1,513,ft^3/s,125,ft,600,ft^2,0.86,ft/s,,,Unspecified,Unspecified,Unspecified,Unspecified,Unspecified,Unknown,Ice,2026-07-07T22:25:32.617838+00:00,point_velocity,Unspecified
05570000,POINT (-90.3400944444444 40.4900805555556),9995e5d3-bb4f-4479-9d28-ac798ef09a5c,USGS-05570000,4e84d5c5-68fc-7013-e053-0100007fcc80,501,1979-01-10T06:00:00+00:00,Imported Channel 1,150,ft^3/s,,,,,,,,ft,Unspecified,Unspecified,Unspecified,Unspecified,Unspecified,Unknown,Unspecified,2026-07-07T22:25:32.617838+00:00,other_method,Unspecified
05570000,POINT (-90.3400944444444 40.4900805555556),99f4f325-7f33-4c43-af76-64ddb5fde4ca,USGS-05570000,4e84bdc1-6f53-6168-e053-0100007f60bc,406,1969-03-04T06:00:00+00:00,Imported Channel 1,684,ft^3/s,,,,,,,,ft,Unspecified,Unspecified,Unspecified,Unspecified,Unspecified,Unknown,Unspecified,2026-07-07T22:25:32.617838+00:00,other_method,Unspecified
05570000,POINT (-90.3400944444444 40.4900805555556),9a12a06a-71fe-4b4c-9a6f-7efb2eba1ab3,USGS-05570000,b2fc0db5-d828-4ab0-ba09-1cde5a28466d,863,2026-02-03T15:31:43+00:00,MAIN,55.8,ft^3/s,94.0,ft,105,ft^2,0.53,ft/s,10500.00,ft,Firm,Sand,Even,Unspecified,Standard,Steady,Wading,2026-07-07T22:25:32.617838+00:00,point_velocity,Downstream
05570000,POINT (-90.3400944444444 40.4900805555556),9aa7532e-d94e-4ced-8a8e-8ac72851e1c9,USGS-05570000,4e84bf1b-d652-627f-e053-0100007fec58,507,1979-11-08T06:00:00+00:00,Imported Channel 1,84.3,ft^3/s,,,,,,,,ft,Unspecified,Unspecified,Unspecified,Unspecified,Unspecified,Unknown,Unspecified,2026-07-07T22:25:32.617838+00:00,other_method,Unspecified
05570000,POINT (-90.3400944444444 40.4900805555556),9b60672c-51fb-441a-9c10-2e1ae22a198b,USGS-05570000,4e84d9d1-5ca2-729c-e053-0100007f6b39,666,1997-05-15T14:20:00+00:00,Imported Channel 1,696,ft^3/s,148,ft,701,ft^2,0.99,ft/s,,,Unspecified,Unspecified,Unspecified,Unspecified,Unspecified,Unknown,BridgeCrane,2026-07-07T22:25:32.617838+00:00,point_velocity,Unspecified
05570000,POINT (-90.3400944444444 40.4900805555556),9c5a1434-e7d2-4913-9ea6-4b488c63aa2f,USGS-05570000,dc727c0f-1027-42dc-b391-97731575ccb5,830,2021-03-16T17:51:30+00:00,MAIN,1100,ft^3/s,101,ft,626,ft^2,1.75,ft/s,2000.00,ft,Soft,SiltMud,Even,Unspecified,Uniform,Steady,BridgeDownstreamSide,2026-07-07T22:25:32.617838+00:00,adcp,Downstream
05570000,POINT (-90.3400944444444 40.4900805555556),9eba1bb5-099e-4e7c-bff5-8c670aff4aa4,USGS-05570000,4e84d8b5-c91b-7001-e053-0100007f5c3e,606,1989-08-23T19:20:00+00:00,Imported Channel 1,129,ft^3/s,120,ft,272,ft^2,0.47,ft/s,,,Unspecified,Unspecified,Unspecified,Unspecified,Unspecified,Unknown,Wading,2026-07-07T22:25:32.617838+00:00,point_velocity,Unspecified
05570000,POINT (-90.3400944444444 40.4900805555556),9f03ec58-d47f-4188-87bc-ecec021d0bf0,USGS-05570000,4e84d807-f643-7035-e053-0100007f84fc,548,1983-11-01T06:00:00+00:00,Imported Channel 1,112,ft^3/s,90.0,ft,120,ft^2,0.93,ft/s,,,Unspecified,Unspecified,Unspecified,Unspecified,Unspecified,Unknown,Wading,2026-07-07T22:25:32.617838+00:00,point_velocity,Unspecified
05570000,POINT (-90.3400944444444 40.4900805555556),9f378dd0-f8f9-4787-9ccc-49fdb7e60ac5,USGS-05570000,4e84d817-b6fc-7039-e053-0100007f024c,766,2012-03-28T19:20:00+00:00,Imported Channel 1,590,ft^3/s,105,ft,348,ft^2,1.70,ft/s,,ft,Unspecified,Unspecified,Unspecified,Unspecified,Unspecified,Unknown,BridgeDownstreamSide,2026-07-07T22:25:32.617838+00:00,adcp,Unspecified
05570000,POINT (-90.3400944444444 40.4900805555556),9f67e78f-55fa-45ea-842f-9d4ab6dc484e,USGS-05570000,4e84c105-2929-63e2-e053-0100007fef59,449,1973-05-10T06:00:00+00:00,Imported Channel 1,9650,ft^3/s,,,,,,,,ft,Unspecified,Unspecified,Unspecified,Unspecified,Unspecified,Unknown,Unspecified,2026-07-07T22:25:32.617838+00:00,other_method,Unspecified
05570000,POINT (-90.3400944444444 40.4900805555556),9f8d502f-741d-4391-a5a5-6b413f0fcb23,USGS-05570000,4e84d4d7-f919-6f15-e053-0100007f414e,623,1991-07-10T14:50:00+00:00,Imported Channel 1,228,ft^3/s,87.0,ft,277,ft^2,0.84,ft/s,,,Unspecified,Unspecified,Unspecified,Unspecified,Unspecified,Unknown,BridgeCrane,2026-07-07T22:25:32.617838+00:00,point_velocity,Unspecified
05570000,POINT (-90.3400944444444 40.4900805555556),9faac8c1-4236-4800-bdb5-e88cdd34fb5a,USGS-05570000,4e84cf59-3f7d-6b6a-e053-0100007fed04,563,1985-05-16T06:00:00+00:00,Imported Channel 1,3600,ft^3/s,170,ft,1370,ft^2,2.63,ft/s,,,Unspecified,Unspecified,Unspecified,Unspecified,Unspecified,Unknown,BridgeCrane,2026-07-07T22:25:32.617838+00:00,point_velocity,Unspecified
05570000,POINT (-90.3400944444444 40.4900805555556),a0b1c8e0-ab08-4c6a-b868-7d4e10d4a7cf,USGS-05570000,4e84c55c-7ed5-6689-e053-0100007f1b45,634,1993-04-05T20:35:00+00:00,Imported Channel 1,2610,ft^3/s,170,ft,1270,ft^2,2.06,ft/s,,,Unspecified,Unspecified,Unspecified,Unspecified,Unspecified,Unknown,BridgeCrane,2026-07-07T22:25:32.617838+00:00,point_velocity,Unspecified
05570000,POINT (-90.3400944444444 40.4900805555556),a2214bbe-16c1-4bc1-b61c-22db5bf043b2,USGS-05570000,4e84c2ab-4775-642a-e053-0100007f884d,625,1991-10-02T14:25:00+00:00,Imported Channel 1,27.9,ft^3/s,43.0,ft,50.1,ft^2,0.56,ft/s,,,Unspecified,Unspecified,Unspecified,Unspecified,Unspecified,Unknown,Wading,2026-07-07T22:25:32.617838+00:00,point_velocity,Unspecified
05570000,POINT (-90.3400944444444 40.4900805555556),a22e3537-a4da-4af1-acfa-fee0ff7baae7,USGS-05570000,4e84e125-1aa1-76a2-e053-0100007f7548,778,2013-07-18T19:30:02+00:00,05570000,564,ft^3/s,107,ft,480,ft^2,1.18,ft/s,,ft,Unspecified,SiltMud,Unspecified,Unspecified,Unspecified,Unknown,BridgeDownstreamSide,2026-07-07T22:25:32.617838+00:00,adcp,AtTheGage
05570000,POINT (-90.3400944444444 40.4900805555556),a2752ccc-0775-450f-85ac-f2521bb47bbf,USGS-05570000,d2d8c7ee-99f3-4b9e-8685-5951b1031280,838,2022-07-12T20:34:53+00:00,MAIN,1010,ft^3/s,105,ft,573,ft^2,1.77,ft/s,8000.00,ft,Soft,Sand,Even,Even,Uniform,Steady,BridgeDownstreamSide,2026-07-07T22:25:32.617838+00:00,adcp,Downstream
05570000,POINT (-90.3400944444444 40.4900805555556),a2c84729-9f26-4a16-b25e-0f88640ab4b3,USGS-05570000,593fb291-0e69-2812-e053-0100007fa509,805,2017-09-13T16:44:30+00:00,MAIN,84.2,ft^3/s,91.0,ft,186,ft^2,0.45,ft/s,5280.00,ft,Soft,SiltMud,Even,Unspecified,Uniform,Steady,BridgeDownstreamSide,2026-07-07T22:25:32.617838+00:00,point_velocity,Downstream
05570000,POINT (-90.3400944444444 40.4900805555556),a42e59ad-c280-413c-8db9-4650add5e0ed,USGS-05570000,4e84e7a6-7072-7a8f-e053-0100007f5a34,732,2007-03-20T17:45:00+00:00,Imported Channel 1,1190,ft^3/s,154,ft,750,ft^2,1.58,ft/s,,ft,Unspecified,Unspecified,Unspecified,Unspecified,Unspecified,Unknown,Unspecified,2026-07-07T22:25:32.617838+00:00,adcp,Unspecified
05570000,POINT (-90.3400944444444 40.4900805555556),a5379056-bde6-494e-bf1c-0ae51e0d6b32,USGS-05570000,4e84d817-b6fd-7039-e053-0100007f024c,767,2012-04-17T19:43:30+00:00,Imported Channel 1,635,ft^3/s,105,ft,336,ft^2,1.89,ft/s,,ft,Unspecified,Unspecified,Unspecified,Unspecified,Unspecified,Unknown,BridgeDownstreamSide,2026-07-07T22:25:32.617838+00:00,adcp,Unspecified
05570000,POINT (-90.3400944444444 40.4900805555556),a5b25fba-91d2-463e-9844-3e4896670249,USGS-05570000,4e84e1a6-2788-7696-e053-0100007f08e2,798,2016-07-13T16:41:30+00:00,MAIN,614,ft^3/s,90.8,ft,389,ft^2,1.58,ft/s,10000.00,ft,Soft,Sand,Even,Even,Uniform,Unknown,BridgeDownstreamSide,2026-07-07T22:25:32.617838+00:00,adcp,Downstream
05570000,POINT (-90.3400944444444 40.4900805555556),a706b926-da9a-4ade-8c56-95068fd20991,USGS-05570000,4e84cb36-504b-69ee-e053-0100007f9a74,533,1982-07-19T06:00:00+00:00,Imported Channel 1,9950,ft^3/s,423,ft,3920,ft^2,2.53,ft/s,,,Unspecified,Unspecified,Unspecified,Unspecified,Unspecified,Unknown,Cableway,2026-07-07T22:25:32.617838+00:00,point_velocity,Unspecified
05570000,POINT (-90.3400944444444 40.4900805555556),a82c0eff-bddd-4c86-bcc3-576f3666fdb6,USGS-05570000,842637e1-83e6-fd1f-e053-0100007f4590,816,2019-03-13T14:53:27+00:00,MAIN,7020,ft^3/s,167,ft,2360,ft^2,2.98,ft/s,5280.00,ft,Soft,Sand,Even,Even,NonStandard,Pulsating,BridgeDownstreamSide,2026-07-07T22:25:32.617838+00:00,adcp,Downstream
05570000,POINT (-90.3400944444444 40.4900805555556),a84bbc80-6a61-48c0-bd46-f0274197a93d,USGS-05570000,4e84db67-8bed-72a0-e053-0100007fb870,738,2008-02-13T19:00:00+00:00,Imported Channel 1,796,ft^3/s,104,ft,555,ft^2,1.43,ft/s,,ft,Unspecified,Unspecified,Unspecified,Unspecified,Unspecified,Unknown,Unspecified,2026-07-07T22:25:32.617838+00:00,adcp,Unspecified
05570000,POINT (-90.3400944444444 40.4900805555556),a859a595-269e-48a0-a0f2-2813d51420ee,USGS-05570000,4e84cef2-fae4-6bc4-e053-0100007f3b67,424,1970-12-15T06:00:00+00:00,Imported Channel 1,1180,ft^3/s,,,,,,,,ft,Unspecified,Unspecified,Unspecified,Unspecified,Unspecified,Unknown,Unspecified,2026-07-07T22:25:32.617838+00:00,other_method,Unspecified
05570000,POINT (-90.3400944444444 40.4900805555556),a85b099d-cc01-464b-90d8-0991b0f3e020,USGS-05570000,90cac229-7df9-44a2-8bfe-32d63f5824a6,847,2023-11-07T15:47:29+00:00,MAIN,123,ft^3/s,92.8,ft,139,ft^2,0.89,ft/s,5000.00,ft,Firm,Sand,Even,Unspecified,Unspecified,Unspecified,BridgeDownstreamSide,2026-07-07T22:25:32.617838+00:00,adcp,Downstream
05570000,POINT (-90.3400944444444 40.4900805555556),a94f037e-34af-4acf-98f4-6b3f027b5905,USGS-05570000,68551738-204d-c639-e053-0100007f5817,810,2018-03-22T15:52:19+00:00,MAIN,966,ft^3/s,106,ft,657,ft^2,1.47,ft/s,5280.00,ft,Soft,Sand,Even,Even,Uniform,Steady,BridgeDownstreamSide,2026-07-07T22:25:32.617838+00:00,adcp,Downstream
05570000,POINT (-90.3400944444444 40.4900805555556),a957cc18-19a1-401d-a73e-6018429ed8e1,USGS-05570000,948219f4-8992-4450-b9ce-da5bee7832f5,846,2023-09-06T17:08:10+00:00,MAIN,95.8,ft^3/s,93.1,ft,137,ft^2,0.70,ft/s,10000.00,ft,Soft,Sand,Even,Even,Uniform,Steady,BridgeDownstreamSide,2026-07-07T22:25:32.617838+00:00,adcp,Downstream
05570000,POINT (-90.3400944444444 40.4900805555556),a9f1ec46-207a-4120-8e23-7d33800cc0cb,USGS-05570000,4e84c64d-aa65-6685-e053-0100007f60b4,515,1980-08-06T06:00:00+00:00,Imported Channel 1,125,ft^3/s,,,,,,,,ft,Unspecified,Unspecified,Unspecified,Unspecified,Unspecified,Unknown,Unspecified,2026-07-07T22:25:32.617838+00:00,other_method,Unspecified
05570000,POINT (-90.3400944444444 40.4900805555556),aa43ca10-fde7-4866-8bde-b47ce8392748,USGS-05570000,4e84d5ef-31f1-7031-e053-0100007f3134,600,1988-11-17T16:05:00+00:00,Imported Channel 1,97.6,ft^3/s,106,ft,174,ft^2,0.56,ft/s,,,Unspecified,Unspecified,Unspecified,Unspecified,Unspecified,Unknown,Wading,2026-07-07T22:25:32.617838+00:00,point_velocity,Unspecified
05570000,POINT (-90.3400944444444 40.4900805555556),aa88df87-28e3-4fc6-99a2-e3b6339a0764,USGS-05570000,4e84db7b-1984-72ba-e053-0100007fe6d8,724,2005-10-05T20:00:00+00:00,Imported Channel 1,36.3,ft^3/s,96.0,ft,62.7,ft^2,0.63,ft/s,,,Unspecified,Unspecified,Unspecified,Unspecified,Unspecified,Unknown,Wading,2026-07-07T22:25:32.617838+00:00,point_velocity,Unspecified
05570000,POINT (-90.3400944444444 40.4900805555556),aab633bb-f135-4258-b27a-73e7d2c8cc97,USGS-05570000,769e0bcd-9b34-725f-e053-0100007f0ed0,813,2018-09-19T15:40:18+00:00,MAIN,366,ft^3/s,97.6,ft,319,ft^2,1.15,ft/s,5000.00,ft,Soft,Sand,Even,Even,Uniform,Steady,BridgeDownstreamSide,2026-07-07T22:25:32.617838+00:00,adcp,Downstream
05570000,POINT (-90.3400944444444 40.4900805555556),aad16f92-fa25-48f3-801e-af4535a3cc45,USGS-05570000,4e84db67-8be0-72a0-e053-0100007fb870,615,1990-07-11T14:50:00+00:00,Imported Channel 1,2120,ft^3/s,160,ft,1090,ft^2,1.95,ft/s,,,Unspecified,Unspecified,Unspecified,Unspecified,Unspecified,Unknown,BridgeCrane,2026-07-07T22:25:32.617838+00:00,point_velocity,Unspecified
05570000,POINT (-90.3400944444444 40.4900805555556),aaf72b6b-3bb7-45a2-8296-1032fc2603fe,USGS-05570000,4e84e1a6-277c-7696-e053-0100007f08e2,733,2007-03-28T18:10:00+00:00,Imported Channel 1,4200,ft^3/s,179,ft,1840,ft^2,2.29,ft/s,,ft,Unspecified,Unspecified,Unspecified,Unspecified,Unspecified,Unknown,Unspecified,2026-07-07T22:25:32.617838+00:00,adcp,Unspecified
05570000,POINT (-90.3400944444444 40.4900805555556),ab35ee8b-c3a3-47bf-b515-5fe1d63ebc12,USGS-05570000,8a1f66cd-139b-248e-e053-0100007f6255,818,2019-05-30T17:07:41+00:00,Main,18200,ft^3/s,481,ft,5810,ft^2,3.14,ft/s,0.00,ft,Unspecified,Unspecified,Unspecified,Unspecified,Unspecified,Unspecified,BridgeDownstreamSide,2026-07-07T22:25:32.617838+00:00,adcp,AtTheGage
05570000,POINT (-90.3400944444444 40.4900805555556),ac49f562-8012-4004-a02b-9895ffc69854,USGS-05570000,4e84c829-bab9-6857-e053-0100007f78f8,412,1969-09-11T06:00:00+00:00,Imported Channel 1,192,ft^3/s,,,,,,,,ft,Unspecified,Unspecified,Unspecified,Unspecified,Unspecified,Unknown,Unspecified,2026-07-07T22:25:32.617838+00:00,other_method,Unspecified
05570000,POINT (-90.3400944444444 40.4900805555556),acce3094-647a-4602-b379-027690b84170,USGS-05570000,4e84c796-6637-682d-e053-0100007fba01,411,1969-08-21T06:00:00+00:00,Imported Channel 1,455,ft^3/s,,,,,,,,ft,Unspecified,Unspecified,Unspecified,Unspecified,Unspecified,Unknown,Unspecified,2026-07-07T22:25:32.617838+00:00,other_method,Unspecified
05570000,POINT (-90.3400944444444 40.4900805555556),ad1c4c73-f5b2-48db-b857-444fa6c0e200,USGS-05570000,4e84c332-b146-649d-e053-0100007fe5b2,614,1990-05-23T16:10:00+00:00,Imported Channel 1,1440,ft^3/s,142,ft,788,ft^2,1.83,ft/s,,,Unspecified,Unspecified,Unspecified,Unspecified,Unspecified,Unknown,BridgeCrane,2026-07-07T22:25:32.617838+00:00,point_velocity,Unspecified
05570000,POINT (-90.3400944444444 40.4900805555556),ad2b0a03-1300-448a-be7e-8fa7d85d2c50,USGS-05570000,4e84cb73-d236-6a20-e053-0100007f06ca,504,1979-06-14T06:00:00+00:00,Imported Channel 1,1020,ft^3/s,,,,,,,,ft,Unspecified,Unspecified,Unspecified,Unspecified,Unspecified,Unknown,Unspecified,2026-07-07T22:25:32.617838+00:00,other_method,Unspecified
05570000,POINT (-90.3400944444444 40.4900805555556),ade505df-0066-4db4-9e85-3d06794eace6,USGS-05570000,4e84e422-7f44-783a-e053-0100007f8fc2,770,2012-07-18T14:24:00+00:00,Imported Channel 1,81.7,ft^3/s,85.2,ft,135,ft^2,0.60,ft/s,,ft,Unspecified,Unspecified,Unspecified,Unspecified,Unspecified,Unknown,BridgeDownstreamSide,2026-07-07T22:25:32.617838+00:00,adcp,Unspecified
05570000,POINT (-90.3400944444444 40.4900805555556),ae5a6512-d34e-47c9-92a5-7276c66dc3c7,USGS-05570000,4e84c105-2941-63e2-e053-0100007fef59,555,1984-08-21T06:00:00+00:00,Imported Channel 1,143,ft^3/s,93.0,ft,134,ft^2,1.07,ft/s,,,Unspecified,Unspecified,Unspecified,Unspecified,Unspecified,Unknown,Wading,2026-07-07T22:25:32.617838+00:00,point_velocity,Unspecified
05570000,POINT (-90.3400944444444 40.4900805555556),af15eaf3-3f5f-4142-9024-1ad9ec0af986,USGS-05570000,4e84dae0-ca65-72f0-e053-0100007f2e83,716,2004-07-13T17:48:00+00:00,Imported Channel 1,1500,ft^3/s,166,ft,799,ft^2,1.88,ft/s,,,Unspecified,Unspecified,Unspecified,Unspecified,Unspecified,Unknown,BridgeCrane,2026-07-07T22:25:32.617838+00:00,point_velocity,Unspecified
05570000,POINT (-90.3400944444444 40.4900805555556),af4f1b5b-3481-4ed0-9558-507fd6d13eb4,USGS-05570000,4e84d302-76e9-6e36-e053-0100007fdbda,682,1999-07-27T13:50:00+00:00,Imported Channel 1,572,ft^3/s,148,ft,427,ft^2,1.34,ft/s,,,Unspecified,Unspecified,Unspecified,Unspecified,Unspecified,Unknown,BridgeCrane,2026-07-07T22:25:32.617838+00:00,point_velocity,Unspecified
05570000,POINT (-90.3400944444444 40.4900805555556),af63c720-9881-4d40-bcb7-79dc0e09cbbc,USGS-05570000,4e84d36a-be85-6e4e-e053-0100007f442a,569,1986-01-22T06:00:00+00:00,Imported Channel 1,1100,ft^3/s,150,ft,865,ft^2,1.27,ft/s,,,Unspecified,Unspecified,Unspecified,Unspecified,Unspecified,Unknown,BridgeCrane,2026-07-07T22:25:32.617838+00:00,point_velocity,Unspecified
05570000,POINT (-90.3400944444444 40.4900805555556),b01e2c43-3ac4-4944-95c8-12fb9855623c,USGS-05570000,5d0b987b-9bc5-4bf2-b899-b1d9624b0c06,854,2024-09-11T16:15:51+00:00,MAIN,144,ft^3/s,99.1,ft,228,ft^2,0.63,ft/s,10560.00,ft,Unspecified,Sand,Unspecified,Unspecified,Unspecified,Unspecified,BridgeDownstreamSide,2026-07-07T22:25:32.617838+00:00,adcp,Downstream
05570000,POINT (-90.3400944444444 40.4900805555556),b01ee3c1-3202-4626-835a-19ac5cccb12b,USGS-05570000,1c589607-34aa-4fa5-9ac3-0770f0882dfe,821,2019-11-06T16:04:01+00:00,MAIN,2300,ft^3/s,126,ft,1060,ft^2,2.18,ft/s,15000.00,ft,Soft,Sand,Even,Even,NonStandard,Steady,BridgeDownstreamSide,2026-07-07T22:25:32.617838+00:00,adcp,Downstream
05570000,POINT (-90.3400944444444 40.4900805555556),b028caa5-d330-4184-8c2c-7dd8dfe188ce,USGS-05570000,4e84d29a-bc44-6d96-e053-0100007f24b5,677,1998-12-07T20:34:00+00:00,Imported Channel 1,1650,ft^3/s,171,ft,1040,ft^2,1.63,ft/s,,,Unspecified,Unspecified,Unspecified,Unspecified,Unspecified,Unknown,BridgeCrane,2026-07-07T22:25:32.617838+00:00,point_velocity,Unspecified
05570000,POINT (-90.3400944444444 40.4900805555556),b06587e7-5210-44e8-9ee8-75e72218c750,USGS-05570000,4e84c54a-a115-6681-e053-0100007f8462,430,1971-07-12T06:00:00+00:00,Imported Channel 1,266,ft^3/s,,,,,,,,ft,Unspecified,Unspecified,Unspecified,Unspecified,Unspecified,Unknown,Unspecified,2026-07-07T22:25:32.617838+00:00,other_method,Unspecified
05570000,POINT (-90.3400944444444 40.4900805555556),b09796e4-51b0-470e-bb65-e2eac964da0a,USGS-05570000,7f9c1b6f-e1f4-4f9d-9576-5e65a8363e20,862,2025-12-09T21:33:02+00:00,MAIN,92.6,ft^3/s,101,ft,155,ft^2,0.60,ft/s,10000.00,ft,Firm,Sand,Even,Unspecified,Standard,Steady,BridgeDownstreamSide,2026-07-07T22:25:32.617838+00:00,adcp,Downstream
05570000,POINT (-90.3400944444444 40.4900805555556),b0b35bad-5367-461a-8678-5f502d9ed01d,USGS-05570000,4e84da41-ba63-72b8-e053-0100007fd5f5,612,1990-04-11T21:15:00+00:00,Imported Channel 1,589,ft^3/s,122,ft,369,ft^2,1.60,ft/s,,,Unspecified,Unspecified,Unspecified,Unspecified,Unspecified,Unknown,BridgeCrane,2026-07-07T22:25:32.617838+00:00,point_velocity,Unspecified
05570000,POINT (-90.3400944444444 40.4900805555556),b1cb4647-c223-40d7-ba31-68c48fedd09e,USGS-05570000,4e84da24-b64a-72a4-e053-0100007f1707,590,1988-03-07T17:10:00+00:00,Imported Channel 1,469,ft^3/s,103,ft,343,ft^2,1.37,ft/s,,,Unspecified,Unspecified,Unspecified,Unspecified,Unspecified,Unknown,BridgeCrane,2026-07-07T22:25:32.617838+00:00,point_velocity,Unspecified
05570000,POINT (-90.3400944444444 40.4900805555556),b1d53b2e-5e85-4e1a-a68a-be5c38183dcd,USGS-05570000,4e84c075-0154-62f1-e053-0100007fdbb0,464,1974-10-01T06:00:00+00:00,Imported Channel 1,137,ft^3/s,,,,,,,,ft,Unspecified,Unspecified,Unspecified,Unspecified,Unspecified,Unknown,Unspecified,2026-07-07T22:25:32.617838+00:00,other_method,Unspecified
05570000,POINT (-90.3400944444444 40.4900805555556),b2c48103-1399-4dc4-8209-de8f5ffdf316,USGS-05570000,4e84d5ef-31e7-7031-e053-0100007f3134,592,1988-04-19T17:25:00+00:00,Imported Channel 1,1000,ft^3/s,119,ft,514,ft^2,1.94,ft/s,,,Unspecified,Unspecified,Unspecified,Unspecified,Unspecified,Unknown,BridgeCrane,2026-07-07T22:25:32.617838+00:00,point_velocity,Unspecified
05570000,POINT (-90.3400944444444 40.4900805555556),b2f83b06-62b0-4e2d-b53e-b9d96d98d42d,USGS-05570000,a95fc30e-e68a-4fff-b9ec-924f9ae83ab2,822,2020-01-08T17:14:47+00:00,MAIN,1280,ft^3/s,115,ft,774,ft^2,1.66,ft/s,10000.00,ft,Soft,Sand,Even,Even,Uniform,Steady,BridgeDownstreamSide,2026-07-07T22:25:32.617838+00:00,adcp,Downstream
05570000,POINT (-90.3400944444444 40.4900805555556),b3502bf9-8132-4f48-b141-1ad6b97c6f5a,USGS-05570000,4e84ebac-6bd3-7aa0-e053-0100007ffc4f,800,2016-11-10T15:46:31+00:00,MAIN,784,ft^3/s,110,ft,532,ft^2,1.47,ft/s,10000.00,ft,Soft,Sand,Even,Even,Uniform,Unknown,BridgeDownstreamSide,2026-07-07T22:25:32.617838+00:00,adcp,Downstream
05570000,POINT (-90.3400944444444 40.4900805555556),b3cf599f-2cb9-4f06-abd9-ed367d3e8ddc,USGS-05570000,4e84d03a-1ce9-6c72-e053-0100007fef9b,646,1994-12-15T16:35:00+00:00,Imported Channel 1,1140,ft^3/s,114,ft,611,ft^2,2.87,ft/s,,,Unspecified,Unspecified,Unspecified,Unspecified,Unspecified,Unknown,BridgeCrane,2026-07-07T22:25:32.617838+00:00,point_velocity,Unspecified
05570000,POINT (-90.3400944444444 40.4900805555556),b544d828-80fb-431b-97e9-b06fdd28f562,USGS-05570000,4e84e573-1fa1-789c-e053-0100007f9e3c,782,2014-06-12T19:24:57+00:00,main,2420,ft^3/s,135,ft,1030,ft^2,2.35,ft/s,5000.00,ft,Unspecified,Unspecified,Unspecified,Unspecified,Unspecified,Unknown,BridgeDownstreamSide,2026-07-07T22:25:32.617838+00:00,adcp,Downstream
05570000,POINT (-90.3400944444444 40.4900805555556),b56380bd-d0b5-4ff9-8a97-ab9bd21714a7,USGS-05570000,d19c7a6d-e894-47fb-bcda-bb27560f565c,848,2024-01-09T19:16:29+00:00,MAIN,502,ft^3/s,108,ft,317,ft^2,1.58,ft/s,7900.00,ft,Unspecified,Sand,Unspecified,Unspecified,Unspecified,Unspecified,BridgeDownstreamSide,2026-07-07T22:25:32.617838+00:00,adcp,Downstream
05570000,POINT (-90.3400944444444 40.4900805555556),b645cd1b-949c-41f9-ae1d-229d1258238d,USGS-05570000,4e84d8fd-c9ae-7244-e053-0100007f5698,655,1996-04-29T20:00:00+00:00,Imported Channel 1,370,ft^3/s,131,ft,396,ft^2,0.93,ft/s,,,Unspecified,Unspecified,Unspecified,Unspecified,Unspecified,Unknown,BridgeCrane,2026-07-07T22:25:32.617838+00:00,point_velocity,Unspecified
05570000,POINT (-90.3400944444444 40.4900805555556),b70ad1d3-e699-45cc-a056-d10896c54f89,USGS-05570000,4e84e010-a36f-762e-e053-0100007f46e3,685,2000-01-25T18:35:00+00:00,Imported Channel 1,160,ft^3/s,124,ft,224,ft^2,0.71,ft/s,,,Unspecified,Unspecified,Unspecified,Unspecified,Unspecified,Unknown,Ice,2026-07-07T22:25:32.617838+00:00,point_velocity,Unspecified
05570000,POINT (-90.3400944444444 40.4900805555556),b76acb8e-6982-4d88-9de9-cb22047f71f0,USGS-05570000,4e84d229-47d6-6d98-e053-0100007f4f8e,524,1981-07-14T06:00:00+00:00,Imported Channel 1,1110,ft^3/s,,,,,,,,ft,Unspecified,Unspecified,Unspecified,Unspecified,Unspecified,Unknown,Unspecified,2026-07-07T22:25:32.617838+00:00,other_method,Unspecified
05570000,POINT (-90.3400944444444 40.4900805555556),b85a441c-4571-4d04-9a65-cf41c41f2317,USGS-05570000,4e84ec72-214c-7ce2-e053-0100007f22ff,748,2009-05-18T22:20:00+00:00,Imported Channel 1,23000,ft^3/s,434,ft,6520,ft^2,3.41,ft/s,,ft,Unspecified,Unspecified,Unspecified,Unspecified,Unspecified,Unknown,BridgeDownstreamSide,2026-07-07T22:25:32.617838+00:00,adcp,Unspecified
05570000,POINT (-90.3400944444444 40.4900805555556),b90e1aae-ad0e-4333-b2f3-9dec1c0f95c8,USGS-05570000,4e84cef2-fb00-6bc4-e053-0100007f3b67,579,1986-11-18T06:00:00+00:00,Imported Channel 1,957,ft^3/s,135,ft,642,ft^2,1.49,ft/s,,,Unspecified,Unspecified,Unspecified,Unspecified,Unspecified,Unknown,BridgeCrane,2026-07-07T22:25:32.617838+00:00,point_velocity,Unspecified
05570000,POINT (-90.3400944444444 40.4900805555556),b9bc20f4-97f0-4749-b00d-bd2da7a66c55,USGS-05570000,4e84dfe1-1c9f-7610-e053-0100007f86fe,734,2007-05-21T20:44:00+00:00,Imported Channel 1,733,ft^3/s,154,ft,608,ft^2,1.31,ft/s,,ft,Unspecified,Unspecified,Unspecified,Unspecified,Unspecified,Unknown,Unspecified,2026-07-07T22:25:32.617838+00:00,adcp,Unspecified
05570000,POINT (-90.3400944444444 40.4900805555556),bab1027a-5d9f-49ce-8d24-5c4c3c7d6b92,USGS-05570000,4e84e422-7f36-783a-e053-0100007f8fc2,695,2001-10-15T20:24:00+00:00,Imported Channel 1,652,ft^3/s,148,ft,640,ft^2,1.02,ft/s,,,Unspecified,Unspecified,Unspecified,Unspecified,Unspecified,Unknown,BridgeCrane,2026-07-07T22:25:32.617838+00:00,point_velocity,Unspecified
05570000,POINT (-90.3400944444444 40.4900805555556),bae3df67-a12e-41c3-ab1d-adfcb240d109,USGS-05570000,4e84d16c-40ab-6c1a-e053-0100007f9424,659,1996-07-31T14:00:00+00:00,Imported Channel 1,617,ft^3/s,121,ft,526,ft^2,1.17,ft/s,,,Unspecified,Unspecified,Unspecified,Unspecified,Unspecified,Unknown,BridgeCrane,2026-07-07T22:25:32.617838+00:00,point_velocity,Unspecified
05570000,POINT (-90.3400944444444 40.4900805555556),bb200850-a1a2-45e8-8b3c-a17d8ddfc3a9,USGS-05570000,4e84e4e7-b02b-7874-e053-0100007fb3e4,690,2000-10-10T22:30:00+00:00,Imported Channel 1,339,ft^3/s,137,ft,371,ft^2,0.92,ft/s,,,Unspecified,Unspecified,Unspecified,Unspecified,Unspecified,Unknown,BridgeCrane,2026-07-07T22:25:32.617838+00:00,point_velocity,Unspecified
05570000,POINT (-90.3400944444444 40.4900805555556),bc15e5e4-e459-4493-98d5-33d25c278d58,USGS-05570000,4e84d36a-be87-6e4e-e053-0100007f442a,575,1986-07-10T06:00:00+00:00,Imported Channel 1,3650,ft^3/s,173,ft,1420,ft^2,2.57,ft/s,,,Unspecified,Unspecified,Unspecified,Unspecified,Unspecified,Unknown,BridgeCrane,2026-07-07T22:25:32.617838+00:00,point_velocity,Unspecified
05570000,POINT (-90.3400944444444 40.4900805555556),bc715c01-304d-45b3-89ca-cdcad74926b9,USGS-05570000,4e84ce8f-b221-6bc2-e053-0100007fbd8b,679,1999-03-04T17:45:00+00:00,Imported Channel 1,876,ft^3/s,160,ft,718,ft^2,1.22,ft/s,,,Unspecified,Unspecified,Unspecified,Unspecified,Unspecified,Unknown,BridgeCrane,2026-07-07T22:25:32.617838+00:00,point_velocity,Unspecified
05570000,POINT (-90.3400944444444 40.4900805555556),bd74450f-ad69-4dd5-a430-46d44ba92dd9,USGS-05570000,4e84d807-f65c-7035-e053-0100007f84fc,789,2015-06-16T16:48:45+00:00,Overflow,480,ft^3/s,,,,,,,,ft,Unspecified,Unspecified,Unspecified,Unspecified,Unspecified,Unknown,Other,2026-07-07T22:25:32.617838+00:00,other_method,Unspecified
05570000,POINT (-90.3400944444444 40.4900805555556),bdd62496-bd6c-4132-974d-d6718e4d56d4,USGS-05570000,4e84d314-d813-6e56-e053-0100007f3ed7,448,1973-03-19T06:00:00+00:00,Imported Channel 1,2980,ft^3/s,,,,,,,,ft,Unspecified,Unspecified,Unspecified,Unspecified,Unspecified,Unknown,Unspecified,2026-07-07T22:25:32.617838+00:00,other_method,Unspecified
05570000,POINT (-90.3400944444444 40.4900805555556),bde7d6a1-3e93-4b22-9302-8ec278a26555,USGS-05570000,4e84df63-13c7-7526-e053-0100007f8c88,757,2010-10-06T19:52:00+00:00,Imported Channel 1,394,ft^3/s,96.1,ft,294,ft^2,1.34,ft/s,2000.00,ft,Firm,SiltMud,Even,Even,Unspecified,Unknown,BridgeDownstreamSide,2026-07-07T22:25:32.617838+00:00,adcp,Downstream
05570000,POINT (-90.3400944444444 40.4900805555556),be4a9f7e-28b2-4b72-a783-049396439e3d,USGS-05570000,4e84db7b-1982-72ba-e053-0100007fe6d8,723,2005-08-18T14:02:00+00:00,Imported Channel 1,63.8,ft^3/s,122,ft,90.5,ft^2,0.70,ft/s,,,Unspecified,Unspecified,Unspecified,Unspecified,Unspecified,Unknown,Wading,2026-07-07T22:25:32.617838+00:00,point_velocity,Unspecified
05570000,POINT (-90.3400944444444 40.4900805555556),be7a5671-b4c4-4343-96e0-9b99d51dad2b,USGS-05570000,4e84d90d-ea9e-7228-e053-0100007f77e7,582,1987-04-14T06:00:00+00:00,Imported Channel 1,1370,ft^3/s,141,ft,680,ft^2,2.01,ft/s,,,Unspecified,Unspecified,Unspecified,Unspecified,Unspecified,Unknown,BridgeCrane,2026-07-07T22:25:32.617838+00:00,point_velocity,Unspecified
05570000,POINT (-90.3400944444444 40.4900805555556),bea70443-81b9-4e12-a50a-3f0a9697c700,USGS-05570000,4e84ceab-a951-6b64-e053-0100007f2260,427,1971-04-05T06:00:00+00:00,Imported Channel 1,597,ft^3/s,,,,,,,,ft,Unspecified,Unspecified,Unspecified,Unspecified,Unspecified,Unknown,Unspecified,2026-07-07T22:25:32.617838+00:00,other_method,Unspecified
05570000,POINT (-90.3400944444444 40.4900805555556),bec208d1-321c-4ff0-938c-405c75c5ea99,USGS-05570000,4e84cf59-3f80-6b6a-e053-0100007fed04,570,1986-03-05T06:00:00+00:00,Imported Channel 1,3550,ft^3/s,166,ft,1440,ft^2,2.46,ft/s,,,Unspecified,Unspecified,Unspecified,Unspecified,Unspecified,Unknown,BridgeCrane,2026-07-07T22:25:32.617838+00:00,point_velocity,Unspecified
05570000,POINT (-90.3400944444444 40.4900805555556),bedc1af3-b7ed-4a44-8be4-5627390b9125,USGS-05570000,4e84d5ef-31ed-7031-e053-0100007f3134,597,1988-08-25T16:30:00+00:00,Imported Channel 1,20.5,ft^3/s,66.0,ft,91.6,ft^2,0.22,ft/s,,,Unspecified,Unspecified,Unspecified,Unspecified,Unspecified,Unknown,Wading,2026-07-07T22:25:32.617838+00:00,point_velocity,Unspecified
05570000,POINT (-90.3400944444444 40.4900805555556),bf0a3376-86c8-4fb1-bcd1-cfa1e3f34ef0,USGS-05570000,4e84c493-9740-661f-e053-0100007f923e,620,1991-02-26T15:00:00+00:00,Imported Channel 1,782,ft^3/s,140,ft,584,ft^2,1.34,ft/s,,,Unspecified,Unspecified,Unspecified,Unspecified,Unspecified,Unknown,BridgeCrane,2026-07-07T22:25:32.617838+00:00,point_velocity,Unspecified
05570000,POINT (-90.3400944444444 40.4900805555556),bf1afa75-9255-4a91-ba9a-ad2e1d4fe231,USGS-05570000,4e84db7b-1994-72ba-e053-0100007fe6d8,771,2012-09-13T14:54:00+00:00,spoon,67.6,ft^3/s,83.0,ft,117,ft^2,0.58,ft/s,,ft,Unspecified,Unspecified,Unspecified,Unspecified,Unspecified,Unknown,MannedMovingBoat,2026-07-07T22:25:32.617838+00:00,adcp,Unspecified
05570000,POINT (-90.3400944444444 40.4900805555556),c0a5b690-fd9c-4cca-8115-7bb9baaaaea6,USGS-05570000,5ae1a626-a847-49a4-9dd1-6fc48b3907d0,865,2026-05-28T18:40:42+00:00,MAIN,522,ft^3/s,115,ft,435,ft^2,1.20,ft/s,10560.00,ft,Unspecified,Sand,Even,Unspecified,Uniform,Pulsating,BridgeDownstreamSide,2026-07-07T22:25:32.617838+00:00,adcp,Downstream
05570000,POINT (-90.3400944444444 40.4900805555556),c0d4da60-df30-4636-b286-2b46fb0b9c73,USGS-05570000,4e84dfe1-1c95-7610-e053-0100007f86fe,688,2000-07-25T13:35:00+00:00,Imported Channel 1,526,ft^3/s,145,ft,436,ft^2,1.21,ft/s,,,Unspecified,Unspecified,Unspecified,Unspecified,Unspecified,Unknown,BridgeCrane,2026-07-07T22:25:32.617838+00:00,point_velocity,Unspecified
05570000,POINT (-90.3400944444444 40.4900805555556),c0d5eee3-c7ad-4a54-897b-972b566e15c6,USGS-05570000,4e84bf58-346d-6287-e053-0100007f3bc5,476,1976-03-29T06:00:00+00:00,Imported Channel 1,1370,ft^3/s,,,,,,,,ft,Unspecified,Unspecified,Unspecified,Unspecified,Unspecified,Unknown,Unspecified,2026-07-07T22:25:32.617838+00:00,other_method,Unspecified
05570000,POINT (-90.3400944444444 40.4900805555556),c0e6d415-63cd-4129-a67d-632463ac318d,USGS-05570000,4e84a53d-22e8-53e7-e053-0100007f42af,404,1968-12-05T06:00:00+00:00,Imported Channel 1,295,ft^3/s,,,,,,,,ft,Unspecified,Unspecified,Unspecified,Unspecified,Unspecified,Unknown,Unspecified,2026-07-07T22:25:32.617838+00:00,other_method,Unspecified
05570000,POINT (-90.3400944444444 40.4900805555556),c24973b1-e27a-4333-9855-212a80d9c299,USGS-05570000,4e84ceff-c436-6c64-e053-0100007fba2c,683,1999-10-20T18:30:00+00:00,Imported Channel 1,156,ft^3/s,98.0,ft,174,ft^2,0.90,ft/s,,,Unspecified,Unspecified,Unspecified,Unspecified,Unspecified,Unknown,Wading,2026-07-07T22:25:32.617838+00:00,point_velocity,Unspecified
05570000,POINT (-90.3400944444444 40.4900805555556),c32ddbfc-e541-434b-a0d6-d2a0174ac1da,USGS-05570000,4e84d488-6bf9-6f1b-e053-0100007f4142,792,2015-11-19T20:34:11+00:00,MAIN,2730,ft^3/s,102,ft,972,ft^2,2.81,ft/s,5280.00,ft,Soft,Sand,Even,Even,Uniform,Unknown,BridgeDownstreamSide,2026-07-07T22:25:32.617838+00:00,adcp,Downstream
05570000,POINT (-90.3400944444444 40.4900805555556),c3d9dd32-cb3f-4599-8133-47e983abbfa0,USGS-05570000,4e84cf0a-93e9-6c74-e053-0100007f4a54,551,1984-03-06T06:00:00+00:00,Imported Channel 1,785,ft^3/s,,,,,,,,ft,Unspecified,Unspecified,Unspecified,Unspecified,Unspecified,Unknown,Unspecified,2026-07-07T22:25:32.617838+00:00,other_method,Unspecified
05570000,POINT (-90.3400944444444 40.4900805555556),c440f427-d1ab-41ef-ae20-33305824ad5c,USGS-05570000,4e84d203-388f-6db0-e053-0100007f362d,470,1975-07-23T06:00:00+00:00,Imported Channel 1,941,ft^3/s,,,,,,,,ft,Unspecified,Unspecified,Unspecified,Unspecified,Unspecified,Unknown,Unspecified,2026-07-07T22:25:32.617838+00:00,other_method,Unspecified
05570000,POINT (-90.3400944444444 40.4900805555556),c44e8000-0d3e-47d0-ba58-d88f9c59e6e7,USGS-05570000,4e84cb64-4def-697e-e053-0100007fc05a,508,1979-11-27T06:00:00+00:00,Imported Channel 1,140,ft^3/s,,,,,,,,ft,Unspecified,Unspecified,Unspecified,Unspecified,Unspecified,Unknown,Unspecified,2026-07-07T22:25:32.617838+00:00,other_method,Unspecified
05570000,POINT (-90.3400944444444 40.4900805555556),c4651780-8bb8-4461-b42a-9dd63ce7c800,USGS-05570000,4e84c55c-7ec1-6689-e053-0100007f1b45,516,1980-09-17T06:00:00+00:00,Imported Channel 1,4100,ft^3/s,,,,,,,,ft,Unspecified,Unspecified,Unspecified,Unspecified,Unspecified,Unknown,Unspecified,2026-07-07T22:25:32.617838+00:00,other_method,Unspecified
05570000,POINT (-90.3400944444444 40.4900805555556),c56bd836-c398-43dd-ae07-e8963b79ec0e,USGS-05570000,4e84c162-2c9f-6422-e053-0100007f66b4,456,1973-12-07T06:00:00+00:00,Imported Channel 1,3120,ft^3/s,,,,,,,,ft,Unspecified,Unspecified,Unspecified,Unspecified,Unspecified,Unknown,Unspecified,2026-07-07T22:25:32.617838+00:00,other_method,Unspecified
05570000,POINT (-90.3400944444444 40.4900805555556),c5734398-c1f6-4b08-8957-07c3e2e7453a,USGS-05570000,4e84c737-7319-67a6-e053-0100007f0b69,471,1975-09-03T06:00:00+00:00,Imported Channel 1,462,ft^3/s,,,,,,,,ft,Unspecified,Unspecified,Unspecified,Unspecified,Unspecified,Unknown,Unspecified,2026-07-07T22:25:32.617838+00:00,other_method,Unspecified
05570000,POINT (-90.3400944444444 40.4900805555556),c58ff66b-8313-4059-ba75-605f302b07f9,USGS-05570000,4e84d5b8-e192-6de7-e053-0100007f945c,618,1990-11-08T21:15:00+00:00,Imported Channel 1,2550,ft^3/s,161,ft,1190,ft^2,2.14,ft/s,,,Unspecified,Unspecified,Unspecified,Unspecified,Unspecified,Unknown,BridgeCrane,2026-07-07T22:25:32.617838+00:00,point_velocity,Unspecified
05570000,POINT (-90.3400944444444 40.4900805555556),c6c13c59-041f-4ae5-83bc-1c509f5c7cc0,USGS-05570000,5cdb48f0-05af-aa25-e053-0100007f154c,806,2017-10-25T19:37:43+00:00,MAIN,228,ft^3/s,115,ft,391,ft^2,0.58,ft/s,3000.00,ft,Firm,SiltMud,Even,Even,Uniform,Steady,BridgeDownstreamSide,2026-07-07T22:25:32.617838+00:00,adcp,Downstream
05570000,POINT (-90.3400944444444 40.4900805555556),c6c7e505-5714-46c3-bcaf-e21ef3a8cef3,USGS-05570000,4e84d4cd-91b7-6f0b-e053-0100007f6487,538,1982-12-09T06:00:00+00:00,Imported Channel 1,4300,ft^3/s,,,,,,,,ft,Unspecified,Unspecified,Unspecified,Unspecified,Unspecified,Unknown,Unspecified,2026-07-07T22:25:32.617838+00:00,other_method,Unspecified
05570000,POINT (-90.3400944444444 40.4900805555556),c7562c80-72dc-4065-98c7-015b302fec7d,USGS-05570000,4e84e0b8-0d5e-7684-e053-0100007f370e,671,1998-01-27T17:50:00+00:00,Imported Channel 1,1300,ft^3/s,160,ft,810,ft^2,1.60,ft/s,,,Unspecified,Unspecified,Unspecified,Unspecified,Unspecified,Unknown,BridgeCrane,2026-07-07T22:25:32.617838+00:00,point_velocity,Unspecified
05570000,POINT (-90.3400944444444 40.4900805555556),c86e345e-8f02-43b7-83cb-a979d2195cbd,USGS-05570000,29493521-7e06-4fe3-9a2d-483f12548b61,827,2020-09-09T19:54:29+00:00,MAIN,309,ft^3/s,101,ft,314,ft^2,0.98,ft/s,8000.00,ft,Soft,Sand,Even,Even,Uniform,Steady,BridgeDownstreamSide,2026-07-07T22:25:32.617838+00:00,adcp,Downstream
05570000,POINT (-90.3400944444444 40.4900805555556),c8b1401d-bbf6-4b5d-baf5-20d31c9e0c67,USGS-05570000,d0cce5b0-e02c-4e07-9f1d-721062a125c9,851,2024-04-29T19:58:44+00:00,MAIN,8830,ft^3/s,178,ft,2430,ft^2,3.63,ft/s,10000.00,ft,Unspecified,Unspecified,Unspecified,Unspecified,Unspecified,Unspecified,BridgeDownstreamSide,2026-07-07T22:25:32.617838+00:00,adcp,Upstream
05570000,POINT (-90.3400944444444 40.4900805555556),c942cc64-b547-4c0e-ae36-fd03e6e63106,USGS-05570000,4e84e4d7-7b98-78c8-e053-0100007fadd2,718,2004-10-19T17:52:00+00:00,Imported Channel 1,315,ft^3/s,141,ft,291,ft^2,1.08,ft/s,,,Unspecified,Unspecified,Unspecified,Unspecified,Unspecified,Unknown,BridgeCrane,2026-07-07T22:25:32.617838+00:00,point_velocity,Unspecified
05570000,POINT (-90.3400944444444 40.4900805555556),ca960366-b1ca-4f89-84cf-d57c557022b5,USGS-05570000,4e84c332-b134-649d-e053-0100007fe5b2,436,1972-01-10T06:00:00+00:00,Imported Channel 1,352,ft^3/s,,,,,,,,ft,Unspecified,Unspecified,Unspecified,Unspecified,Unspecified,Unknown,Unspecified,2026-07-07T22:25:32.617838+00:00,other_method,Unspecified
05570000,POINT (-90.3400944444444 40.4900805555556),caa08d73-58d0-4f71-95c6-49534d0de2dc,USGS-05570000,4e84d313-a024-6e50-e053-0100007ff57f,457,1974-02-06T06:00:00+00:00,Imported Channel 1,2550,ft^3/s,,,,,,,,ft,Unspecified,Unspecified,Unspecified,Unspecified,Unspecified,Unknown,Unspecified,2026-07-07T22:25:32.617838+00:00,other_method,Unspecified
05570000,POINT (-90.3400944444444 40.4900805555556),cadae6e9-f2c9-4a4c-bb78-fc34047eb6ee,USGS-05570000,dd6e97a0-82e3-4c12-95cc-832283df4dfd,841,2023-01-04T16:19:12+00:00,MAIN,485,ft^3/s,113,ft,335,ft^2,1.45,ft/s,10000.00,ft,Soft,Sand,Even,Even,Uniform,Steady,BridgeDownstreamSide,2026-07-07T22:25:32.617838+00:00,adcp,Downstream
05570000,POINT (-90.3400944444444 40.4900805555556),cc16deeb-9620-4d88-8da5-47d29ab85e91,USGS-05570000,4e84d03a-1ce5-6c72-e053-0100007fef9b,631,1992-10-15T16:10:00+00:00,Imported Channel 1,515,ft^3/s,132,ft,416,ft^2,1.24,ft/s,,,Unspecified,Unspecified,Unspecified,Unspecified,Unspecified,Unknown,BridgeCrane,2026-07-07T22:25:32.617838+00:00,point_velocity,Unspecified
05570000,POINT (-90.3400944444444 40.4900805555556),cc5b75fa-c6e7-4a9e-8719-41577304df24,USGS-05570000,4e84d590-6d9a-6e34-e053-0100007fe7d0,628,1992-02-19T15:10:00+00:00,Imported Channel 1,923,ft^3/s,134,ft,582,ft^2,1.58,ft/s,,,Unspecified,Unspecified,Unspecified,Unspecified,Unspecified,Unknown,BridgeCrane,2026-07-07T22:25:32.617838+00:00,point_velocity,Unspecified
05570000,POINT (-90.3400944444444 40.4900805555556),cdf62ae5-e9a8-4643-9d40-3d0368202d6e,USGS-05570000,4e84c47b-918c-6619-e053-0100007f1488,409,1969-06-04T06:00:00+00:00,Imported Channel 1,1280,ft^3/s,,,,,,,,ft,Unspecified,Unspecified,Unspecified,Unspecified,Unspecified,Unknown,Unspecified,2026-07-07T22:25:32.617838+00:00,other_method,Unspecified
05570000,POINT (-90.3400944444444 40.4900805555556),cefef7f2-a44e-487e-8481-305468de063e,USGS-05570000,4e84c105-2931-63e2-e053-0100007fef59,512,1980-04-30T06:00:00+00:00,Imported Channel 1,608,ft^3/s,,,,,,,,ft,Unspecified,Unspecified,Unspecified,Unspecified,Unspecified,Unknown,Unspecified,2026-07-07T22:25:32.617838+00:00,other_method,Unspecified
05570000,POINT (-90.3400944444444 40.4900805555556),d0552941-5b44-4e89-b57a-79a56d55503e,USGS-05570000,4e84e422-7f30-783a-e053-0100007f8fc2,678,1999-01-25T21:00:00+00:00,Imported Channel 1,10100,ft^3/s,385,ft,3280,ft^2,3.08,ft/s,,,Unspecified,Unspecified,Unspecified,Unspecified,Unspecified,Unknown,BridgeCrane,2026-07-07T22:25:32.617838+00:00,point_velocity,Unspecified
05570000,POINT (-90.3400944444444 40.4900805555556),d1038dab-9ca7-4383-aef1-d882fb296fa7,USGS-05570000,4e84d615-5c6d-6f19-e053-0100007f8826,672,1998-03-11T18:45:00+00:00,Imported Channel 1,5420,ft^3/s,190,ft,2170,ft^2,2.50,ft/s,,,Unspecified,Unspecified,Unspecified,Unspecified,Unspecified,Unknown,BridgeCrane,2026-07-07T22:25:32.617838+00:00,point_velocity,Unspecified
05570000,POINT (-90.3400944444444 40.4900805555556),d10a5729-df16-48da-bab8-b6e3bd26281e,USGS-05570000,1af8c8ec-a2d3-48e1-98c4-717057f60f9f,856,2024-12-17T20:55:52+00:00,MAIN,383,ft^3/s,110,ft,374,ft^2,1.02,ft/s,10560.00,ft,Soft,SiltMud,Even,Unspecified,Unspecified,Unspecified,BridgeDownstreamSide,2026-07-07T22:25:32.617838+00:00,adcp,Downstream
05570000,POINT (-90.3400944444444 40.4900805555556),d1c461eb-78a1-4321-9715-a1e41dcf398f,USGS-05570000,4e84ceab-a958-6b64-e053-0100007f2260,473,1975-11-19T06:00:00+00:00,Imported Channel 1,189,ft^3/s,,,,,,,,ft,Unspecified,Unspecified,Unspecified,Unspecified,Unspecified,Unknown,Unspecified,2026-07-07T22:25:32.617838+00:00,other_method,Unspecified
05570000,POINT (-90.3400944444444 40.4900805555556),d2266ff0-43d0-4b1a-af55-b9383fd95fb5,USGS-05570000,4e84cf46-3c4e-6c88-e053-0100007f29f3,585,1987-07-15T06:00:00+00:00,Imported Channel 1,95.1,ft^3/s,106,ft,149,ft^2,0.64,ft/s,,,Unspecified,Unspecified,Unspecified,Unspecified,Unspecified,Unknown,Wading,2026-07-07T22:25:32.617838+00:00,point_velocity,Unspecified
05570000,POINT (-90.3400944444444 40.4900805555556),d2952128-aadd-4bba-9fe1-7e8be2848813,USGS-05570000,4e84c332-b132-649d-e053-0100007fe5b2,429,1971-06-21T06:00:00+00:00,Imported Channel 1,162,ft^3/s,,,,,,,,ft,Unspecified,Unspecified,Unspecified,Unspecified,Unspecified,Unknown,Unspecified,2026-07-07T22:25:32.617838+00:00,other_method,Unspecified
05570000,POINT (-90.3400944444444 40.4900805555556),d3a1dff2-382f-4579-a694-04a114c9ae1c,USGS-05570000,4e84d3c2-376d-6ddf-e053-0100007fb4ae,705,2003-02-07T16:29:00+00:00,Imported Channel 1,132,ft^3/s,97.0,ft,158,ft^2,0.84,ft/s,,,Unspecified,Unspecified,Unspecified,Unspecified,Unspecified,Unknown,Wading,2026-07-07T22:25:32.617838+00:00,point_velocity,Unspecified
05570000,POINT (-90.3400944444444 40.4900805555556),d409342c-4a86-4401-9b92-3f9c8db673c2,USGS-05570000,4e84c7c4-82e4-682b-e053-0100007fcfd7,432,1971-09-07T06:00:00+00:00,Imported Channel 1,38.4,ft^3/s,,,,,,,,ft,Unspecified,Unspecified,Unspecified,Unspecified,Unspecified,Unknown,Unspecified,2026-07-07T22:25:32.617838+00:00,other_method,Unspecified
05570000,POINT (-90.3400944444444 40.4900805555556),d4ad2ec2-f1c1-4bb2-8411-57e49cc5bea8,USGS-05570000,4e84e1a6-275e-7696-e053-0100007f08e2,661,1996-10-30T21:50:00+00:00,Imported Channel 1,95.6,ft^3/s,103,ft,196,ft^2,0.49,ft/s,,,Unspecified,Unspecified,Unspecified,Unspecified,Unspecified,Unknown,Wading,2026-07-07T22:25:32.617838+00:00,point_velocity,Unspecified
05570000,POINT (-90.3400944444444 40.4900805555556),d53db740-358d-4b12-8c7d-b6354ff05114,USGS-05570000,4e84c493-971d-661f-e053-0100007f923e,472,1975-10-08T06:00:00+00:00,Imported Channel 1,186,ft^3/s,,,,,,,,ft,Unspecified,Unspecified,Unspecified,Unspecified,Unspecified,Unknown,Unspecified,2026-07-07T22:25:32.617838+00:00,other_method,Unspecified
05570000,POINT (-90.3400944444444 40.4900805555556),d5a5ec34-d202-4cef-be15-5137e0147074,USGS-05570000,4e84cbb2-c16a-69b6-e053-0100007f3b1f,535,1982-09-22T06:00:00+00:00,Imported Channel 1,346,ft^3/s,,,,,,,,ft,Unspecified,Unspecified,Unspecified,Unspecified,Unspecified,Unknown,Unspecified,2026-07-07T22:25:32.617838+00:00,other_method,Unspecified
05570000,POINT (-90.3400944444444 40.4900805555556),d72eefd8-25fa-4201-b6a9-4f475fc8c29a,USGS-05570000,4e84dfe1-1c9c-7610-e053-0100007f86fe,708,2003-06-24T19:24:00+00:00,Imported Channel 1,292,ft^3/s,104,ft,202,ft^2,1.45,ft/s,,,Unspecified,Unspecified,Unspecified,Unspecified,Unspecified,Unknown,Wading,2026-07-07T22:25:32.617838+00:00,point_velocity,Unspecified
05570000,POINT (-90.3400944444444 40.4900805555556),d737f9c1-ae48-44a9-9c59-ecd68284f1e3,USGS-05570000,4e84e1a6-2767-7696-e053-0100007f08e2,692,2001-04-02T20:46:00+00:00,Imported Channel 1,1280,ft^3/s,168,ft,869,ft^2,1.47,ft/s,,,Unspecified,Unspecified,Unspecified,Unspecified,Unspecified,Unknown,BridgeCrane,2026-07-07T22:25:32.617838+00:00,point_velocity,Unspecified
05570000,POINT (-90.3400944444444 40.4900805555556),d73bb511-46c0-4a31-b965-298c9b4b1fec,USGS-05570000,6a7201b6-e156-451d-bdf2-c1da8c91a2aa,861,2025-09-02T18:35:21+00:00,MAIN,124,ft^3/s,95.3,ft,174,ft^2,0.72,ft/s,10560.00,ft,Unspecified,Unspecified,Even,Unspecified,Standard,Steady,BridgeDownstreamSide,2026-07-07T22:25:32.617838+00:00,adcp,Downstream
05570000,POINT (-90.3400944444444 40.4900805555556),d76a509e-8aa3-4b6a-8f46-f0111c2fb9da,USGS-05570000,4e84d16c-40a5-6c1a-e053-0100007f9424,656,1996-05-07T14:50:00+00:00,Imported Channel 1,950,ft^3/s,147,ft,637,ft^2,1.49,ft/s,,,Unspecified,Unspecified,Unspecified,Unspecified,Unspecified,Unknown,BridgeCrane,2026-07-07T22:25:32.617838+00:00,point_velocity,Unspecified
05570000,POINT (-90.3400944444444 40.4900805555556),d97243e6-2fb6-4c46-af6f-a7d348ac31eb,USGS-05570000,4e84c737-7318-67a6-e053-0100007f0b69,469,1975-06-02T06:00:00+00:00,Imported Channel 1,1310,ft^3/s,,,,,,,,ft,Unspecified,Unspecified,Unspecified,Unspecified,Unspecified,Unknown,Unspecified,2026-07-07T22:25:32.617838+00:00,other_method,Unspecified
05570000,POINT (-90.3400944444444 40.4900805555556),d9c1f5b9-3965-4935-9dc6-2aa0bd7a8c5a,USGS-05570000,4e84d284-9fe8-6dd9-e053-0100007f02b3,431,1971-08-09T06:00:00+00:00,Imported Channel 1,50.8,ft^3/s,,,,,,,,ft,Unspecified,Unspecified,Unspecified,Unspecified,Unspecified,Unknown,Unspecified,2026-07-07T22:25:32.617838+00:00,other_method,Unspecified
05570000,POINT (-90.3400944444444 40.4900805555556),daa49b68-6b77-4fe7-a162-dff3734aaea3,USGS-05570000,4e84cf11-1764-6c50-e053-0100007f8b61,644,1994-08-04T18:45:00+00:00,Imported Channel 1,141,ft^3/s,86.0,ft,154,ft^2,0.92,ft/s,,,Unspecified,Unspecified,Unspecified,Unspecified,Unspecified,Unknown,Wading,2026-07-07T22:25:32.617838+00:00,point_velocity,Unspecified
05570000,POINT (-90.3400944444444 40.4900805555556),db3109fc-aa79-43bc-b405-44c2a6df61b0,USGS-05570000,4e84c70a-d76f-67c7-e053-0100007f7057,499,1978-10-04T06:00:00+00:00,Imported Channel 1,217,ft^3/s,,,,,,,,ft,Unspecified,Unspecified,Unspecified,Unspecified,Unspecified,Unknown,Unspecified,2026-07-07T22:25:32.617838+00:00,other_method,Unspecified
05570000,POINT (-90.3400944444444 40.4900805555556),db5aef62-0a09-4400-be5e-3d173899b4a3,USGS-05570000,d0fd0ed2-96f2-49d1-91e4-4daacb08cc00,845,2023-08-08T17:25:04+00:00,MAIN,3360,ft^3/s,140,ft,1250,ft^2,2.68,ft/s,6000.00,ft,Soft,Sand,Even,Even,Standard,Steady,BridgeDownstreamSide,2026-07-07T22:25:32.617838+00:00,adcp,Downstream
05570000,POINT (-90.3400944444444 40.4900805555556),db993da3-843d-4994-b462-abd14e874e21,USGS-05570000,4e84dc69-395b-7324-e053-0100007fe092,730,2006-10-17T19:04:00+00:00,Imported Channel 1,60.8,ft^3/s,69.0,ft,59.0,ft^2,1.03,ft/s,,,Unspecified,Unspecified,Unspecified,Unspecified,Unspecified,Unknown,Wading,2026-07-07T22:25:32.617838+00:00,point_velocity,Unspecified
05570000,POINT (-90.3400944444444 40.4900805555556),dc9700c5-f948-4d4f-9606-1b997b7fc56e,USGS-05570000,4e84d5d3-409f-6e48-e053-0100007fbc71,502,1979-02-07T06:00:00+00:00,Imported Channel 1,121,ft^3/s,,,,,,,,ft,Unspecified,Unspecified,Unspecified,Unspecified,Unspecified,Unknown,Unspecified,2026-07-07T22:25:32.617838+00:00,other_method,Unspecified
05570000,POINT (-90.3400944444444 40.4900805555556),dddf93a3-656d-4211-8f97-486fd40e5650,USGS-05570000,4e84d4cd-91b9-6f0b-e053-0100007f6487,545,1983-07-13T06:00:00+00:00,Imported Channel 1,262,ft^3/s,102,ft,205,ft^2,1.28,ft/s,,,Unspecified,Unspecified,Unspecified,Unspecified,Unspecified,Unknown,Wading,2026-07-07T22:25:32.617838+00:00,point_velocity,Unspecified
05570000,POINT (-90.3400944444444 40.4900805555556),ddf13029-9574-4d50-bf19-97b1532145f7,USGS-05570000,4e84da36-a2bf-7304-e053-0100007ffc1d,703,2002-10-17T14:46:00+00:00,Imported Channel 1,86.4,ft^3/s,112,ft,155,ft^2,0.56,ft/s,,,Unspecified,Unspecified,Unspecified,Unspecified,Unspecified,Unknown,Wading,2026-07-07T22:25:32.617838+00:00,point_velocity,Unspecified
05570000,POINT (-90.3400944444444 40.4900805555556),de8a5601-1c35-45dd-95f0-9afd40a3b293,USGS-05570000,4e84cb1f-78ad-69be-e053-0100007f34d2,403,1968-11-04T06:00:00+00:00,Imported Channel 1,64.9,ft^3/s,,,,,,,,ft,Unspecified,Unspecified,Unspecified,Unspecified,Unspecified,Unknown,Unspecified,2026-07-07T22:25:32.617838+00:00,other_method,Unspecified
05570000,POINT (-90.3400944444444 40.4900805555556),dfecb1a6-d228-44da-acc6-3f160c6698f4,USGS-05570000,4e84b94b-f8db-5f62-e053-0100007f5192,495,1978-04-17T06:00:00+00:00,Imported Channel 1,2030,ft^3/s,,,,,,,,ft,Unspecified,Unspecified,Unspecified,Unspecified,Unspecified,Unknown,Unspecified,2026-07-07T22:25:32.617838+00:00,other_method,Unspecified
05570000,POINT (-90.3400944444444 40.4900805555556),e0919253-b510-4f6f-869e-3a84edb2c98b,USGS-05570000,4e84d807-f656-7035-e053-0100007f84fc,764,2011-12-12T19:40:30+00:00,Imported Channel 1,344,ft^3/s,101,ft,256,ft^2,1.34,ft/s,,ft,Unspecified,Unspecified,Unspecified,Unspecified,Unspecified,Unknown,BridgeDownstreamSide,2026-07-07T22:25:32.617838+00:00,adcp,Unspecified
05570000,POINT (-90.3400944444444 40.4900805555556),e1325035-a43a-44e6-9dc5-11b7a317100f,USGS-05570000,4e84cb73-d23f-6a20-e053-0100007f06ca,622,1991-05-21T14:30:00+00:00,Imported Channel 1,2880,ft^3/s,168,ft,1270,ft^2,2.26,ft/s,,,Unspecified,Unspecified,Unspecified,Unspecified,Unspecified,Unknown,BridgeCrane,2026-07-07T22:25:32.617838+00:00,point_velocity,Unspecified
05570000,POINT (-90.3400944444444 40.4900805555556),e17b7da2-f39a-44fa-8688-c196b5f125dc,USGS-05570000,e8655be4-6135-46c4-95f7-bc7f8cbc272b,828,2020-11-03T20:51:10+00:00,MAIN,111,ft^3/s,93.7,ft,122,ft^2,0.91,ft/s,5000.00,ft,Soft,SiltMud,Even,Even,Uniform,Steady,BridgeDownstreamSide,2026-07-07T22:25:32.617838+00:00,adcp,Downstream
05570000,POINT (-90.3400944444444 40.4900805555556),e1908d9c-4ccd-4466-a565-19f9e37841e8,USGS-05570000,4e84f231-9843-7da5-e053-0100007f8549,801,2017-01-20T19:42:28+00:00,MAIN,2310,ft^3/s,119,ft,961,ft^2,2.40,ft/s,5000.00,ft,Soft,Sand,Even,Even,Uniform,Unknown,BridgeDownstreamSide,2026-07-07T22:25:32.617838+00:00,adcp,Downstream
05570000,POINT (-90.3400944444444 40.4900805555556),e28e6d02-9ea3-4eb3-8dae-e6f1775a0fab,USGS-05570000,4e84d203-38be-6db0-e053-0100007f362d,735,2007-08-15T19:42:00+00:00,Imported Channel 1,118,ft^3/s,103,ft,105,ft^2,1.13,ft/s,,,Unspecified,Unspecified,Unspecified,Unspecified,Unspecified,Unknown,Wading,2026-07-07T22:25:32.617838+00:00,point_velocity,Unspecified
05570000,POINT (-90.3400944444444 40.4900805555556),e32af615-e2fd-432e-8fb7-32929552b5b1,USGS-05570000,6d82a623-0186-e579-e053-0100007f91a8,811,2018-05-23T17:00:37+00:00,MAIN,1010,ft^3/s,103,ft,659,ft^2,1.54,ft/s,5000.00,ft,Soft,Sand,Even,Even,Standard,Steady,BridgeDownstreamSide,2026-07-07T22:25:32.617838+00:00,adcp,Downstream
05570000,POINT (-90.3400944444444 40.4900805555556),e4705e47-5732-41f9-b5e4-ec41fb0e0159,USGS-05570000,728b0040-15a1-d84c-e053-0100007fb73d,812,2018-07-18T17:56:18+00:00,MAIN,382,ft^3/s,95.7,ft,406,ft^2,0.94,ft/s,5000.00,ft,Soft,Sand,Even,Even,Uniform,Steady,BridgeDownstreamSide,2026-07-07T22:25:32.617838+00:00,adcp,Downstream
05570000,POINT (-90.3400944444444 40.4900805555556),e47f406e-3c8e-45ec-a3e5-a64249bd66e4,USGS-05570000,4e84cefc-b108-6c6c-e053-0100007feafd,417,1970-03-17T06:00:00+00:00,Imported Channel 1,337,ft^3/s,,,,,,,,ft,Unspecified,Unspecified,Unspecified,Unspecified,Unspecified,Unknown,Unspecified,2026-07-07T22:25:32.617838+00:00,other_method,Unspecified
05570000,POINT (-90.3400944444444 40.4900805555556),e4ac8e20-1623-43c1-9a83-6f592e1c5e21,USGS-05570000,4e84e640-6453-7987-e053-0100007f7264,786,2015-03-10T15:08:20+00:00,MAIN,3470,ft^3/s,154,ft,1920,ft^2,1.81,ft/s,,ft,Soft,Sand,Even,Even,Uniform,Unknown,BridgeDownstreamSide,2026-07-07T22:25:32.617838+00:00,adcp,AtTheGage
05570000,POINT (-90.3400944444444 40.4900805555556),e52355b4-0929-4ba4-86bc-f23bee3ac2b3,USGS-05570000,4e84ce8f-b212-6bc2-e053-0100007fbd8b,568,1985-10-31T06:00:00+00:00,Imported Channel 1,172,ft^3/s,97.0,ft,164,ft^2,1.05,ft/s,,,Unspecified,Unspecified,Unspecified,Unspecified,Unspecified,Unknown,BridgeCrane,2026-07-07T22:25:32.617838+00:00,point_velocity,Unspecified
05570000,POINT (-90.3400944444444 40.4900805555556),e5a8caba-7dfc-4cfa-ae33-574c29e25dec,USGS-05570000,4e84bdc9-dd3a-6144-e053-0100007f54c1,567,1985-09-19T06:00:00+00:00,Imported Channel 1,77.0,ft^3/s,105,ft,141,ft^2,0.55,ft/s,,,Unspecified,Unspecified,Unspecified,Unspecified,Unspecified,Unknown,BridgeCrane,2026-07-07T22:25:32.617838+00:00,point_velocity,Unspecified
05570000,POINT (-90.3400944444444 40.4900805555556),e600640f-49ad-4457-a395-3d8f533d45bb,USGS-05570000,4e84e08a-a0c6-7494-e053-0100007f68a7,710,2003-08-22T15:02:00+00:00,Imported Channel 1,84.1,ft^3/s,89.0,ft,157,ft^2,0.54,ft/s,,,Unspecified,Unspecified,Unspecified,Unspecified,Unspecified,Unknown,Wading,2026-07-07T22:25:32.617838+00:00,point_velocity,Unspecified
05570000,POINT (-90.3400944444444 40.4900805555556),e694976c-661e-4eea-a340-d2275df7f6f4,USGS-05570000,4e84cf64-6c38-6b62-e053-0100007f9a8a,562,1985-04-05T06:00:00+00:00,Imported Channel 1,2100,ft^3/s,153,ft,989,ft^2,2.12,ft/s,,,Unspecified,Unspecified,Unspecified,Unspecified,Unspecified,Unknown,BridgeCrane,2026-07-07T22:25:32.617838+00:00,point_velocity,Unspecified
05570000,POINT (-90.3400944444444 40.4900805555556),e72e3255-1f19-47fd-b074-ea4193ad84aa,USGS-05570000,4e84c80e-0e3f-67d5-e053-0100007f0f93,477,1976-04-27T06:00:00+00:00,Imported Channel 1,16500,ft^3/s,,,,,,,,ft,Unspecified,Unspecified,Unspecified,Unspecified,Unspecified,Unknown,Unspecified,2026-07-07T22:25:32.617838+00:00,other_method,Unspecified
05570000,POINT (-90.3400944444444 40.4900805555556),e734076f-88ed-4336-9da4-827d0fc42960,USGS-05570000,4e84d5ef-68c2-6f0f-e053-0100007f18bd,704,2002-12-05T14:47:00+00:00,Imported Channel 1,60.9,ft^3/s,134,ft,218,ft^2,0.28,ft/s,,,Unspecified,Unspecified,Unspecified,Unspecified,Unspecified,Unknown,Wading,2026-07-07T22:25:32.617838+00:00,point_velocity,Unspecified
05570000,POINT (-90.3400944444444 40.4900805555556),e73cce6e-bd27-480e-9f3c-bf4d0b587589,USGS-05570000,4e84c796-663d-682d-e053-0100007fba01,518,1980-12-17T06:00:00+00:00,Imported Channel 1,989,ft^3/s,101,ft,508,ft^2,1.94,ft/s,,,Unspecified,Unspecified,Unspecified,Unspecified,Unspecified,Unknown,Wading,2026-07-07T22:25:32.617838+00:00,point_velocity,Unspecified
05570000,POINT (-90.3400944444444 40.4900805555556),e83841a6-b50d-4133-8dd8-26412efc8440,USGS-05570000,934f040b-e512-0b27-e053-0100007fc374,820,2019-09-18T15:50:27+00:00,MAIN,381,ft^3/s,106,ft,352,ft^2,1.08,ft/s,15000.00,ft,Soft,Sand,Even,Even,Uniform,Steady,Cableway,2026-07-07T22:25:32.617838+00:00,adcp,Downstream
05570000,POINT (-90.3400944444444 40.4900805555556),e83aaccc-61bc-465d-90cd-58898018f7ed,USGS-05570000,79274747-86aa-40bd-b15f-6f5923515ffd,824,2020-05-14T17:43:43+00:00,MAIN,1330,ft^3/s,114,ft,731,ft^2,1.82,ft/s,10000.00,ft,Soft,Sand,Even,Even,Uniform,Steady,BridgeDownstreamSide,2026-07-07T22:25:32.617838+00:00,adcp,Downstream
05570000,POINT (-90.3400944444444 40.4900805555556),e8cfe2bf-7120-4016-bfe6-dbe4c16b5931,USGS-05570000,4e84db7b-1979-72ba-e053-0100007fe6d8,674,1998-06-16T15:15:00+00:00,Imported Channel 1,8850,ft^3/s,200,ft,2920,ft^2,3.03,ft/s,,,Unspecified,Unspecified,Unspecified,Unspecified,Unspecified,Unknown,BridgeCrane,2026-07-07T22:25:32.617838+00:00,point_velocity,Unspecified
05570000,POINT (-90.3400944444444 40.4900805555556),e9a87d29-3929-49c7-9b7d-e3c95a377037,USGS-05570000,4e84c7fe-4d25-6843-e053-0100007f839f,468,1975-04-11T06:00:00+00:00,Imported Channel 1,1940,ft^3/s,,,,,,,,ft,Unspecified,Unspecified,Unspecified,Unspecified,Unspecified,Unknown,Unspecified,2026-07-07T22:25:32.617838+00:00,other_method,Unspecified
05570000,POINT (-90.3400944444444 40.4900805555556),e9b0b456-aded-41fb-a709-de13108e8aea,USGS-05570000,4e84dcc2-28eb-703d-e053-0100007f47c0,675,1998-08-11T19:40:00+00:00,Imported Channel 1,523,ft^3/s,146,ft,429,ft^2,1.22,ft/s,,,Unspecified,Unspecified,Unspecified,Unspecified,Unspecified,Unknown,BridgeCrane,2026-07-07T22:25:32.617838+00:00,point_velocity,Unspecified
05570000,POINT (-90.3400944444444 40.4900805555556),e9d9a36f-efca-4165-869e-e9f87147dc19,USGS-05570000,4e84d5ef-31ee-7031-e053-0100007f3134,598,1988-09-19T20:40:00+00:00,Imported Channel 1,19.2,ft^3/s,66.0,ft,66.8,ft^2,0.29,ft/s,,,Unspecified,Unspecified,Unspecified,Unspecified,Unspecified,Unknown,Wading,2026-07-07T22:25:32.617838+00:00,point_velocity,Unspecified
05570000,POINT (-90.3400944444444 40.4900805555556),e9eba24f-c398-4a54-a05d-4ceabcb8f852,USGS-05570000,4e84b5a6-cbde-5cef-e053-0100007fcf15,662,1996-12-18T16:15:00+00:00,Imported Channel 1,83.4,ft^3/s,67.0,ft,81.2,ft^2,1.03,ft/s,,,Unspecified,Unspecified,Unspecified,Unspecified,Unspecified,Unknown,Wading,2026-07-07T22:25:32.617838+00:00,point_velocity,Unspecified
05570000,POINT (-90.3400944444444 40.4900805555556),eb449a05-1d4d-48f6-aa99-b49c3dfa0cd9,USGS-05570000,4e84d5c1-81b8-7072-e053-0100007f27e4,626,1991-11-12T20:40:00+00:00,Imported Channel 1,256,ft^3/s,80.0,ft,248,ft^2,1.03,ft/s,,,Unspecified,Unspecified,Unspecified,Unspecified,Unspecified,Unknown,BridgeCrane,2026-07-07T22:25:32.617838+00:00,point_velocity,Unspecified
05570000,POINT (-90.3400944444444 40.4900805555556),eb721bcf-956d-47f1-93bb-16be1c568d88,USGS-05570000,4e84d488-6baf-6f1b-e053-0100007f4142,544,1983-06-09T06:00:00+00:00,Imported Channel 1,846,ft^3/s,,,,,,,,ft,Unspecified,Unspecified,Unspecified,Unspecified,Unspecified,Unknown,Unspecified,2026-07-07T22:25:32.617838+00:00,other_method,Unspecified
05570000,POINT (-90.3400944444444 40.4900805555556),ec801589-f7c3-402d-8d01-aaeebac7a896,USGS-05570000,4e84bdde-d0f7-616a-e053-0100007f0505,420,1970-07-08T06:00:00+00:00,Imported Channel 1,710,ft^3/s,,,,,,,,ft,Unspecified,Unspecified,Unspecified,Unspecified,Unspecified,Unknown,Unspecified,2026-07-07T22:25:32.617838+00:00,other_method,Unspecified
05570000,POINT (-90.3400944444444 40.4900805555556),eca44b6f-6a8f-4c99-bd21-066152d0a772,USGS-05570000,4e84d2ec-33c4-6e40-e053-0100007f1b0d,759,2011-02-23T17:16:00+00:00,Imported Channel 1,5430,ft^3/s,148,ft,1720,ft^2,3.09,ft/s,,ft,Unspecified,Unspecified,Unspecified,Unspecified,Unspecified,Unknown,BridgeDownstreamSide,2026-07-07T22:25:32.617838+00:00,adcp,Unspecified
05570000,POINT (-90.3400944444444 40.4900805555556),ecb197ea-d71c-4ebc-9625-332610bdfbcb,USGS-05570000,4e84da41-ba81-72b8-e053-0100007fd5f5,741,2008-07-09T19:43:00+00:00,Imported Channel 1,760,ft^3/s,148,ft,640,ft^2,1.19,ft/s,,ft,Unspecified,Unspecified,Unspecified,Unspecified,Unspecified,Unknown,Unspecified,2026-07-07T22:25:32.617838+00:00,adcp,Unspecified
05570000,POINT (-90.3400944444444 40.4900805555556),ecc52d8e-96e1-426f-9fbe-0b3f82efc7d5,USGS-05570000,4e84d284-9fee-6dd9-e053-0100007f02b3,580,1987-01-06T06:00:00+00:00,Imported Channel 1,710,ft^3/s,111,ft,450,ft^2,1.58,ft/s,,,Unspecified,Unspecified,Unspecified,Unspecified,Unspecified,Unknown,BridgeCrane,2026-07-07T22:25:32.617838+00:00,point_velocity,Unspecified
05570000,POINT (-90.3400944444444 40.4900805555556),edcc33e4-a12f-4e1e-ae55-02f1a65e365e,USGS-05570000,4e84db7b-1985-72ba-e053-0100007fe6d8,725,2006-01-10T15:17:00+00:00,Imported Channel 1,92.0,ft^3/s,95.0,ft,112,ft^2,0.82,ft/s,,,Unspecified,Unspecified,Unspecified,Unspecified,Unspecified,Unknown,Wading,2026-07-07T22:25:32.617838+00:00,point_velocity,Unspecified
05570000,POINT (-90.3400944444444 40.4900805555556),ee19a7cc-2def-49a1-8b31-83336e57ccf6,USGS-05570000,4e84e3b1-e6a0-7836-e053-0100007fd6bc,681,1999-06-16T13:50:00+00:00,Imported Channel 1,3140,ft^3/s,170,ft,1570,ft^2,2.00,ft/s,,,Unspecified,Unspecified,Unspecified,Unspecified,Unspecified,Unknown,BridgeCrane,2026-07-07T22:25:32.617838+00:00,point_velocity,Unspecified
05570000,POINT (-90.3400944444444 40.4900805555556),f10d6c42-37c8-4473-adc1-308d26ce26e8,USGS-05570000,4e84e510-8e7a-7894-e053-0100007f9a4d,780,2014-02-03T19:13:30+00:00,MAIN,132,ft^3/s,84.0,ft,256,ft^2,0.52,ft/s,3500.00,ft,Unspecified,Unspecified,Unspecified,Unspecified,Unspecified,Unknown,Wading,2026-07-07T22:25:32.617838+00:00,point_velocity,Downstream
05570000,POINT (-90.3400944444444 40.4900805555556),f194808f-2878-4a82-b145-16397bb6e2ac,USGS-05570000,4e84cdf7-0003-6b68-e053-0100007f50ea,461,1974-06-24T06:00:00+00:00,Imported Channel 1,36800,ft^3/s,,,,,,,,ft,Unspecified,Unspecified,Unspecified,Unspecified,Unspecified,Unknown,Unspecified,2026-07-07T22:25:32.617838+00:00,other_method,Unspecified
05570000,POINT (-90.3400944444444 40.4900805555556),f20dc54d-d24d-4e60-97f1-99f4e9ec80e0,USGS-05570000,4e84c332-b131-649d-e053-0100007fe5b2,422,1970-10-02T06:00:00+00:00,Imported Channel 1,2890,ft^3/s,,,,,,,,ft,Unspecified,Unspecified,Unspecified,Unspecified,Unspecified,Unknown,Unspecified,2026-07-07T22:25:32.617838+00:00,other_method,Unspecified
05570000,POINT (-90.3400944444444 40.4900805555556),f22659a4-0f74-460e-b78f-aaad677b8b67,USGS-05570000,4e84e668-a554-7896-e053-0100007f3dec,769,2012-05-07T19:27:00+00:00,Imported Channel 1,3780,ft^3/s,142,ft,1260,ft^2,2.93,ft/s,12000.00,ft,Unspecified,Unspecified,Unspecified,Unspecified,Unspecified,Unknown,BridgeUpstreamSide,2026-07-07T22:25:32.617838+00:00,adcp,Downstream
05570000,POINT (-90.3400944444444 40.4900805555556),f5b44490-0d81-4bb5-b9b5-7ae2a550048a,USGS-05570000,4e84e1a8-c860-76ae-e053-0100007fae01,712,2003-12-05T15:15:00+00:00,Imported Channel 1,257,ft^3/s,143,ft,369,ft^2,0.70,ft/s,,,Unspecified,Unspecified,Unspecified,Unspecified,Unspecified,Unknown,BridgeCrane,2026-07-07T22:25:32.617838+00:00,point_velocity,Unspecified
05570000,POINT (-90.3400944444444 40.4900805555556),f7901e7d-7ca6-41bb-b4b7-2c0a78c58710,USGS-05570000,4e84da6b-5b81-7238-e053-0100007ff317,749,2009-07-17T15:10:00+00:00,Imported Channel 1,2820,ft^3/s,131,ft,1140,ft^2,2.43,ft/s,,ft,Unspecified,Unspecified,Unspecified,Unspecified,Unspecified,Unknown,BridgeDownstreamSide,2026-07-07T22:25:32.617838+00:00,adcp,Unspecified
05570000,POINT (-90.3400944444444 40.4900805555556),f7e86333-2171-4ce1-a753-3537d5e05679,USGS-05570000,4e84e1e5-0f3f-769e-e053-0100007fec64,727,2006-04-07T18:24:00+00:00,Imported Channel 1,3120,ft^3/s,178,ft,1380,ft^2,2.26,ft/s,,ft,Unspecified,Unspecified,Unspecified,Unspecified,Unspecified,Unknown,Unspecified,2026-07-07T22:25:32.617838+00:00,adcp,Unspecified
05570000,POINT (-90.3400944444444 40.4900805555556),f832c896-5bed-449f-81e7-8e6071d72736,USGS-05570000,4e84ea02-91db-7b86-e053-0100007f10b9,795,2016-05-11T19:00:30+00:00,MAIN,2620,ft^3/s,130,ft,995,ft^2,2.64,ft/s,8000.00,ft,Soft,Sand,Even,Even,Uniform,Unknown,BridgeDownstreamSide,2026-07-07T22:25:32.617838+00:00,point_velocity,Downstream
05570000,POINT (-90.3400944444444 40.4900805555556),f868171e-14e8-4c0e-958d-9969984a03af,USGS-05570000,4e84ce8f-b20f-6bc2-e053-0100007fbd8b,492,1978-01-25T06:00:00+00:00,Imported Channel 1,410,ft^3/s,,,,,,,,ft,Unspecified,Unspecified,Unspecified,Unspecified,Unspecified,Unknown,Unspecified,2026-07-07T22:25:32.617838+00:00,other_method,Unspecified
05570000,POINT (-90.3400944444444 40.4900805555556),f9324a4f-66db-45c5-9262-c1457e257ae0,USGS-05570000,4e84d5ef-68b2-6f0f-e053-0100007f18bd,547,1983-09-20T06:00:00+00:00,Imported Channel 1,164,ft^3/s,,,,,,,,ft,Unspecified,Unspecified,Unspecified,Unspecified,Unspecified,Unknown,Unspecified,2026-07-07T22:25:32.617838+00:00,other_method,Unspecified
05570000,POINT (-90.3400944444444 40.4900805555556),f9afe6c9-9650-4964-8bdf-1840d8bfe986,USGS-05570000,4e84cf64-6c29-6b62-e053-0100007f9a8a,489,1977-09-21T06:00:00+00:00,Imported Channel 1,3400,ft^3/s,,,,,,,,ft,Unspecified,Unspecified,Unspecified,Unspecified,Unspecified,Unknown,Unspecified,2026-07-07T22:25:32.617838+00:00,other_method,Unspecified
05570000,POINT (-90.3400944444444 40.4900805555556),f9e2a393-68ab-450f-98f2-006a28bb94d1,USGS-05570000,4e84c81e-c957-6849-e053-0100007f8aa5,560,1985-03-05T06:00:00+00:00,Imported Channel 1,21300,ft^3/s,475,ft,6280,ft^2,3.39,ft/s,,,Unspecified,Unspecified,Unspecified,Unspecified,Unspecified,Unknown,BridgeCrane,2026-07-07T22:25:32.617838+00:00,point_velocity,Unspecified
05570000,POINT (-90.3400944444444 40.4900805555556),fa960b66-6ec8-4a68-842e-5e08262a07b5,USGS-05570000,4e84da41-ba81-72b8-e053-0100007fd5f5,742,2008-07-09T20:22:00+00:00,Imported Channel 1,825,ft^3/s,109,ft,495,ft^2,1.61,ft/s,,ft,Unspecified,Unspecified,Unspecified,Unspecified,Unspecified,Unknown,Unspecified,2026-07-07T22:25:32.617838+00:00,adcp,Unspecified
05570000,POINT (-90.3400944444444 40.4900805555556),fac41544-a032-4f4a-b3d2-7babf8a19695,USGS-05570000,4e84bdc1-6f52-6168-e053-0100007f60bc,405,1969-01-06T06:00:00+00:00,Imported Channel 1,307,ft^3/s,,,,,,,,ft,Unspecified,Unspecified,Unspecified,Unspecified,Unspecified,Unknown,Unspecified,2026-07-07T22:25:32.617838+00:00,other_method,Unspecified
05570000,POINT (-90.3400944444444 40.4900805555556),fb8b19b3-53ae-4c08-9b5c-ed97b8d74c9e,USGS-05570000,4e84d314-d819-6e56-e053-0100007f3ed7,589,1988-02-23T15:20:00+00:00,Imported Channel 1,1370,ft^3/s,147,ft,978,ft^2,1.40,ft/s,,,Unspecified,Unspecified,Unspecified,Unspecified,Unspecified,Unknown,BridgeCrane,2026-07-07T22:25:32.617838+00:00,point_velocity,Unspecified
05570000,POINT (-90.3400944444444 40.4900805555556),fca4fd05-cf8c-439d-b0b2-056ea97021a4,USGS-05570000,4e84d60b-3db0-7015-e053-0100007fb605,519,1981-01-19T06:00:00+00:00,Imported Channel 1,272,ft^3/s,130,ft,238,ft^2,1.14,ft/s,,,Unspecified,Unspecified,Unspecified,Unspecified,Unspecified,Unknown,Ice,2026-07-07T22:25:32.617838+00:00,point_velocity,Unspecified
05570000,POINT (-90.3400944444444 40.4900805555556),fce6fd74-09e9-475e-9ef3-37bcdfd3cfd6,USGS-05570000,4e84cfb8-1d06-6c8c-e053-0100007ff928,486,1977-06-02T06:00:00+00:00,Imported Channel 1,307,ft^3/s,,,,,,,,ft,Unspecified,Unspecified,Unspecified,Unspecified,Unspecified,Unknown,Unspecified,2026-07-07T22:25:32.617838+00:00,other_method,Unspecified
05570000,POINT (-90.3400944444444 40.4900805555556),fdc6eea7-6dbe-453b-8d50-2c7feb61f17d,USGS-05570000,4e84e422-7f49-783a-e053-0100007f8fc2,791,2015-10-07T17:25:28+00:00,MAIN,171,ft^3/s,92.9,ft,284,ft^2,0.60,ft/s,5000.00,ft,Soft,Sand,Even,Even,Uniform,Unknown,BridgeDownstreamSide,2026-07-07T22:25:32.617838+00:00,adcp,Downstream
05570000,POINT (-90.3400944444444 40.4900805555556),fde3ba2e-f3d8-40b1-aa71-f34bc85450a5,USGS-05570000,4e84db7b-1995-72ba-e053-0100007fe6d8,775,2013-03-20T19:59:28+00:00,Spoon r. at Seville il.,1650,ft^3/s,121,ft,778,ft^2,2.12,ft/s,,ft,Unspecified,SiltMud,Unspecified,Unspecified,Unspecified,Unknown,BridgeDownstreamSide,2026-07-07T22:25:32.617838+00:00,adcp,AtTheGage
05570000,POINT (-90.3400944444444 40.4900805555556),fe2fffbe-aa83-482f-9948-676ec6001a63,USGS-05570000,4e84d03a-1cdd-6c72-e053-0100007fef9b,553,1984-05-30T06:00:00+00:00,Imported Channel 1,3300,ft^3/s,,,,,,,,ft,Unspecified,Unspecified,Unspecified,Unspecified,Unspecified,Unknown,Unspecified,2026-07-07T22:25:32.617838+00:00,other_method,Unspecified
05570000,POINT (-90.3400944444444 40.4900805555556),fe3ba05c-9bb7-417e-a10a-7fdf0f63d6aa,USGS-05570000,884f1c3d-3f74-87eb-e053-0100007f13cd,817,2019-05-01T18:38:03+00:00,MAIN,10800,ft^3/s,399,ft,4080,ft^2,2.65,ft/s,0.00,ft,Soft,Sand,Even,Even,NonStandard,Pulsating,BridgeDownstreamSide,2026-07-07T22:25:32.617838+00:00,adcp,AtTheGage
05570000,POINT (-90.3400944444444 40.4900805555556),fe97ebb0-2c61-44f7-858f-4936610dec65,USGS-05570000,4e84da24-b657-72a4-e053-0100007f1707,665,1997-03-26T20:15:00+00:00,Imported Channel 1,1110,ft^3/s,160,ft,846,ft^2,1.31,ft/s,,,Unspecified,Unspecified,Unspecified,Unspecified,Unspecified,Unknown,BridgeCrane,2026-07-07T22:25:32.617838+00:00,point_velocity,Unspecified
05570000,POINT (-90.3400944444444 40.4900805555556),feb588a8-ca42-44ce-8457-58abe2ad83c3,USGS-05570000,4e84dca1-f737-73d6-e053-0100007ffb2f,752,2009-12-15T14:47:00+00:00,Imported Channel 1,1530,ft^3/s,116,ft,758,ft^2,2.02,ft/s,,ft,Unspecified,Unspecified,Unspecified,Unspecified,Unspecified,Unknown,BridgeDownstreamSide,2026-07-07T22:25:32.617838+00:00,adcp,AtTheGage
05570000,POINT (-90.3400944444444 40.4900805555556),feea9e2c-0d3f-47b7-9a2b-2900409f52b3,USGS-05570000,4e84c583-af9b-668b-e053-0100007fccd4,698,2002-02-12T17:28:00+00:00,Imported Channel 1,1600,ft^3/s,170,ft,872,ft^2,1.83,ft/s,,,Unspecified,Unspecified,Unspecified,Unspecified,Unspecified,Unknown,BridgeCrane,2026-07-07T22:25:32.617838+00:00,point_velocity,Unspecified
05570000,POINT (-90.3400944444444 40.4900805555556),ff107763-7cd5-4707-a11e-2ea40cdccc81,USGS-05570000,4e84bdc9-dd38-6144-e053-0100007f54c1,500,1978-11-14T06:00:00+00:00,Imported Channel 1,161,ft^3/s,,,,,,,,ft,Unspecified,Unspecified,Unspecified,Unspecified,Unspecified,Unknown,Unspecified,2026-07-07T22:25:32.617838+00:00,other_method,Unspecified
05570000,POINT (-90.3400944444444 40.4900805555556),ff5567e1-9bff-490e-9a4e-a7175528a4bf,USGS-05570000,4e84cf59-3f90-6b6a-e053-0100007fed04,607,1989-10-19T15:35:00+00:00,Imported Channel 1,85.7,ft^3/s,87.0,ft,118,ft^2,0.73,ft/s,,,Unspecified,Unspecified,Unspecified,Unspecified,Unspecified,Unknown,Wading,2026-07-07T22:25:32.617838+00:00,point_velocity,Unspecified
05570000,POINT (-90.3400944444444 40.4900805555556),ffb68c20-8156-492a-8b58-8be8d6a92d6d,USGS-05570000,4e84c105-2924-63e2-e053-0100007fef59,425,1971-01-14T06:00:00+00:00,Imported Channel 1,541,ft^3/s,,,,,,,,ft,Unspecified,Unspecified,Unspecified,Unspecified,Unspecified,Unknown,Unspecified,2026-07-07T22:25:32.617838+00:00,other_method,Unspecified
