site_id,geometry,id,monitoring_location_id,field_visit_id,measurement_number,time,channel_name,channel_flow,channel_flow_unit,channel_width,channel_width_unit,channel_area,channel_area_unit,channel_velocity,channel_velocity_unit,channel_location_distance,channel_location_distance_unit,channel_stability,channel_material,channel_evenness,horizontal_velocity_description,vertical_velocity_description,longitudinal_velocity_description,measurement_type,last_modified,channel_measurement_type,channel_location_direction
05578500,POINT (-89.049175 40.1151694444444),00e9995b-4e24-47e9-9551-ea54e586b868,USGS-05578500,4e84e640-643e-7987-e053-0100007f7264,303,1969-12-04T06:00:00+00:00,Imported Channel 1,190,ft^3/s,,,,,,,,ft,Unspecified,Unspecified,Unspecified,Unspecified,Unspecified,Unknown,Unspecified,2026-06-22T22:00:26.022747+00:00,other_method,Unspecified
05578500,POINT (-89.049175 40.1151694444444),0266ad9d-a3b1-4337-949f-108acad4baa4,USGS-05578500,c4172b93-a60e-44c3-8b95-86ffccb542d4,713,2021-08-19T16:13:39+00:00,MAIN,224,ft^3/s,67.5,ft,233,ft^2,0.96,ft/s,0.00,ft,Firm,SiltMud,Even,Even,Uniform,Steady,BridgeDownstreamSide,2026-06-22T22:00:26.022747+00:00,adcp,AtTheGage
05578500,POINT (-89.049175 40.1151694444444),0327cb01-8381-48db-acbf-cdcac140cec0,USGS-05578500,4e84f006-dded-7ee9-e053-0100007f6e9a,641,2010-06-07T21:04:30+00:00,Imported Channel 1,642,ft^3/s,75.0,ft,450,ft^2,1.43,ft/s,,ft,Unspecified,Unspecified,Unspecified,Even,Unspecified,Unknown,BridgeDownstreamSide,2026-06-22T22:00:26.022747+00:00,adcp,Unspecified
05578500,POINT (-89.049175 40.1151694444444),034b0d15-9567-49f9-b919-10d562062158,USGS-05578500,4e84f028-e93d-7db5-e053-0100007fe7f7,602,2004-02-13T15:55:00+00:00,Imported Channel 1,94.2,ft^3/s,50.0,ft,92.6,ft^2,1.02,ft/s,,,Unspecified,Unspecified,Unspecified,Unspecified,Unspecified,Unknown,Ice,2026-06-22T22:00:26.022747+00:00,point_velocity,Unspecified
05578500,POINT (-89.049175 40.1151694444444),036bf019-003a-4925-8905-04469bd68e17,USGS-05578500,4e84e1a6-2773-7696-e053-0100007f08e2,311,1970-06-29T06:00:00+00:00,Imported Channel 1,113,ft^3/s,,,,,,,,ft,Unspecified,Unspecified,Unspecified,Unspecified,Unspecified,Unknown,Unspecified,2026-06-22T22:00:26.022747+00:00,other_method,Unspecified
05578500,POINT (-89.049175 40.1151694444444),037d6cc8-5f23-4a1a-aa80-f61e01aaf52e,USGS-05578500,4e84e489-787c-78b0-e053-0100007fe442,411,1979-11-01T06:00:00+00:00,Imported Channel 1,17.8,ft^3/s,,,,,,,,ft,Unspecified,Unspecified,Unspecified,Unspecified,Unspecified,Unknown,Unspecified,2026-06-22T22:00:26.022747+00:00,other_method,Unspecified
05578500,POINT (-89.049175 40.1151694444444),03df8937-60e4-4e14-9131-8a72e91264af,USGS-05578500,4e84e449-df1b-78b2-e053-0100007f74ce,649,2011-08-15T18:20:28+00:00,Channel 1,9.98,ft^3/s,48.0,ft,19.8,ft^2,0.51,ft/s,400.00,ft,Soft,SiltMud,Even,Even,Uniform,Unknown,Wading,2026-06-22T22:00:26.022747+00:00,point_velocity,Downstream
05578500,POINT (-89.049175 40.1151694444444),0560e672-9443-4d2b-8fd1-93574e418ff7,USGS-05578500,4e84eca2-3961-7d4e-e053-0100007f523d,516,1991-04-30T16:00:00+00:00,Imported Channel 1,363,ft^3/s,66.0,ft,270,ft^2,1.34,ft/s,,,Unspecified,Unspecified,Unspecified,Unspecified,Unspecified,Unknown,BridgeCrane,2026-06-22T22:00:26.022747+00:00,point_velocity,Unspecified
05578500,POINT (-89.049175 40.1151694444444),06239273-1f9c-4131-86b7-5536c7989568,USGS-05578500,4e84d488-6bf8-6f1b-e053-0100007f4142,478,1987-04-16T06:00:00+00:00,Imported Channel 1,235,ft^3/s,61.0,ft,161,ft^2,1.46,ft/s,,,Unspecified,Unspecified,Unspecified,Unspecified,Unspecified,Unknown,BridgeCrane,2026-06-22T22:00:26.022747+00:00,point_velocity,Unspecified
05578500,POINT (-89.049175 40.1151694444444),0754ac82-6b37-43a9-ad9a-f413dbf909b6,USGS-05578500,4e84e813-b26a-76b2-e053-0100007fe001,371,1975-03-21T06:00:00+00:00,Imported Channel 1,225,ft^3/s,,,,,,,,ft,Unspecified,Unspecified,Unspecified,Unspecified,Unspecified,Unknown,Unspecified,2026-06-22T22:00:26.022747+00:00,other_method,Unspecified
05578500,POINT (-89.049175 40.1151694444444),0924306b-a75b-464d-b7e4-5059aee739da,USGS-05578500,18b23546-6dc1-44ba-b537-6cfb494aa256,733,2024-05-30T18:35:08+00:00,MAIN,225,ft^3/s,64.4,ft,199,ft^2,1.13,ft/s,0.00,ft,Unspecified,Unspecified,Unspecified,Unspecified,Standard,Steady,BridgeDownstreamSide,2026-06-22T22:00:26.022747+00:00,adcp,AtTheGage
05578500,POINT (-89.049175 40.1151694444444),09b2cc53-4441-4a9b-b85d-6c8730a203e2,USGS-05578500,4e84dcc2-28f8-703d-e053-0100007f47c0,379,1976-03-09T06:00:00+00:00,Imported Channel 1,1060,ft^3/s,,,,,,,,ft,Unspecified,Unspecified,Unspecified,Unspecified,Unspecified,Unknown,Unspecified,2026-06-22T22:00:26.022747+00:00,other_method,Unspecified
05578500,POINT (-89.049175 40.1151694444444),0a825098-cd56-46d3-9c66-6aef04de6100,USGS-05578500,4e84d4d7-f92e-6f15-e053-0100007f414e,474,1986-10-29T06:00:00+00:00,Imported Channel 1,291,ft^3/s,64.0,ft,217,ft^2,1.34,ft/s,,,Unspecified,Unspecified,Unspecified,Unspecified,Unspecified,Unknown,Wading,2026-06-22T22:00:26.022747+00:00,point_velocity,Unspecified
05578500,POINT (-89.049175 40.1151694444444),0b085286-d177-4a9f-a597-1a449534264f,USGS-05578500,4e84fa6f-1ca8-856d-e053-0100007f4fb9,578,2000-08-04T18:00:00+00:00,Imported Channel 1,16.3,ft^3/s,18.0,ft,9.11,ft^2,1.79,ft/s,,,Unspecified,Unspecified,Unspecified,Unspecified,Unspecified,Unknown,Wading,2026-06-22T22:00:26.022747+00:00,point_velocity,Unspecified
05578500,POINT (-89.049175 40.1151694444444),0b928869-5df9-4806-9dfc-062bd7f77682,USGS-05578500,4e84d203-38ba-6db0-e053-0100007f362d,339,1972-10-02T06:00:00+00:00,Imported Channel 1,486,ft^3/s,,,,,,,,ft,Unspecified,Unspecified,Unspecified,Unspecified,Unspecified,Unknown,Unspecified,2026-06-22T22:00:26.022747+00:00,other_method,Unspecified
05578500,POINT (-89.049175 40.1151694444444),0bffb9ab-20fe-4a94-bc0a-b77ae30f9772,USGS-05578500,4e84e161-3c70-760e-e053-0100007f6e79,437,1982-06-28T06:00:00+00:00,Imported Channel 1,89.4,ft^3/s,54.5,ft,129,ft^2,0.69,ft/s,,,Unspecified,Unspecified,Unspecified,Unspecified,Unspecified,Unknown,Wading,2026-06-22T22:00:26.022747+00:00,point_velocity,Unspecified
05578500,POINT (-89.049175 40.1151694444444),0d9da237-ff3e-454a-b0ae-a4ceaa51e2d3,USGS-05578500,4e84f6ae-781d-8126-e053-0100007ff07f,541,1995-07-31T22:10:00+00:00,Imported Channel 1,22.8,ft^3/s,28.7,ft,30.3,ft^2,0.75,ft/s,,,Unspecified,Unspecified,Unspecified,Unspecified,Unspecified,Unknown,Wading,2026-06-22T22:00:26.022747+00:00,point_velocity,Unspecified
05578500,POINT (-89.049175 40.1151694444444),0dace3e5-94c6-44fd-b2bd-ef882f07051c,USGS-05578500,4e84ec86-cb00-7d4c-e053-0100007fbc2d,421,1980-11-26T06:00:00+00:00,Imported Channel 1,10.4,ft^3/s,19.4,ft,7.25,ft^2,1.44,ft/s,,,Unspecified,Unspecified,Unspecified,Unspecified,Unspecified,Unknown,Wading,2026-06-22T22:00:26.022747+00:00,point_velocity,Unspecified
05578500,POINT (-89.049175 40.1151694444444),0ea5538d-9290-4349-a95e-7403cec5eb14,USGS-05578500,4e84e449-deea-78b2-e053-0100007f74ce,410,1979-09-20T06:00:00+00:00,Imported Channel 1,10.8,ft^3/s,,,,,,,,ft,Unspecified,Unspecified,Unspecified,Unspecified,Unspecified,Unknown,Unspecified,2026-06-22T22:00:26.022747+00:00,other_method,Unspecified
05578500,POINT (-89.049175 40.1151694444444),0f9659ea-8cb2-4554-8fbf-dd77eb37cd2b,USGS-05578500,4e84cf0f-e300-6c68-e053-0100007f5fa1,318,1971-01-11T06:00:00+00:00,Imported Channel 1,94.8,ft^3/s,,,,,,,,ft,Unspecified,Unspecified,Unspecified,Unspecified,Unspecified,Unknown,Unspecified,2026-06-22T22:00:26.022747+00:00,other_method,Unspecified
05578500,POINT (-89.049175 40.1151694444444),10a1cd8f-551f-427b-88f4-c36bf11dea53,USGS-05578500,4e84ddf2-6f3f-7496-e053-0100007fa54b,306,1970-03-23T06:00:00+00:00,Imported Channel 1,166,ft^3/s,,,,,,,,ft,Unspecified,Unspecified,Unspecified,Unspecified,Unspecified,Unknown,Unspecified,2026-06-22T22:00:26.022747+00:00,other_method,Unspecified
05578500,POINT (-89.049175 40.1151694444444),114154aa-ab48-48c0-ab08-14b95a53502a,USGS-05578500,4e84eb1b-a4d2-7c28-e053-0100007fad4b,571,1999-06-11T17:00:00+00:00,Imported Channel 1,380,ft^3/s,72.0,ft,322,ft^2,1.18,ft/s,,,Unspecified,Unspecified,Unspecified,Unspecified,Unspecified,Unknown,BridgeCrane,2026-06-22T22:00:26.022747+00:00,point_velocity,Unspecified
05578500,POINT (-89.049175 40.1151694444444),11455237-604c-4dfa-b586-1374c472e6dd,USGS-05578500,4e84d9d1-5cb8-729c-e053-0100007f6b39,519,1991-09-05T20:05:00+00:00,Imported Channel 1,26.2,ft^3/s,57.0,ft,81.6,ft^2,0.32,ft/s,,,Unspecified,Unspecified,Unspecified,Unspecified,Unspecified,Unknown,Wading,2026-06-22T22:00:26.022747+00:00,point_velocity,Unspecified
05578500,POINT (-89.049175 40.1151694444444),118d0a80-5ece-4c67-b1b5-170fcfa428cd,USGS-05578500,4e84e51d-7653-78e2-e053-0100007f7c8b,488,1988-05-19T18:50:00+00:00,Imported Channel 1,36.0,ft^3/s,37.0,ft,47.3,ft^2,0.76,ft/s,,,Unspecified,Unspecified,Unspecified,Unspecified,Unspecified,Unknown,Wading,2026-06-22T22:00:26.022747+00:00,point_velocity,Unspecified
05578500,POINT (-89.049175 40.1151694444444),11b7cc1e-dcdb-42a0-bd8e-558ba1a3c774,USGS-05578500,25243692-7210-4003-9167-ef952c54f832,743,2025-11-21T17:19:04+00:00,Main,8.69,ft^3/s,21.0,ft,12.2,ft^2,0.71,ft/s,1000.00,ft,Firm,Gravel,Uneven,Unspecified,Uniform,Pulsating,Wading,2026-06-22T22:00:26.022747+00:00,point_velocity,Downstream
05578500,POINT (-89.049175 40.1151694444444),12baa876-f388-4d72-9380-98227a9019b0,USGS-05578500,62818993-8a87-4301-a8d8-36b3ce995369,738,2025-03-03T18:48:33+00:00,MAIN,15.0,ft^3/s,52.0,ft,33.6,ft^2,0.45,ft/s,350.00,ft,Soft,Sand,Uneven,Unspecified,NonStandard,Pulsating,Wading,2026-06-22T22:00:26.022747+00:00,point_velocity,Downstream
05578500,POINT (-89.049175 40.1151694444444),13d4ebf6-d32d-41c5-9286-bbb106bec1c6,USGS-05578500,4e850016-880f-87a2-e053-0100007f9cc3,642,2010-08-05T17:04:30+00:00,Imported Channel 1,28.5,ft^3/s,58.0,ft,112,ft^2,0.25,ft/s,5.00,ft,Firm,SiltMud,Uneven,Even,Unspecified,Unknown,Wading,2026-06-22T22:00:26.022747+00:00,point_velocity,Downstream
05578500,POINT (-89.049175 40.1151694444444),150e2dd7-2a75-4d6f-be1a-cd2fcd2d53db,USGS-05578500,4e850453-b0fb-8abb-e053-0100007fe6d5,675,2015-06-02T20:22:34+00:00,Main,410,ft^3/s,77.1,ft,326,ft^2,1.26,ft/s,,ft,Soft,SiltMud,Even,Even,Standard,Unknown,BridgeDownstreamSide,2026-06-22T22:00:26.022747+00:00,adcp,AtTheGage
05578500,POINT (-89.049175 40.1151694444444),1531594b-df4a-4e32-81ee-1b7e722389e6,USGS-05578500,4e84e445-270c-7898-e053-0100007fe215,605,2004-05-26T14:09:00+00:00,Imported Channel 1,1290,ft^3/s,152,ft,749,ft^2,1.72,ft/s,,,Unspecified,Unspecified,Unspecified,Unspecified,Unspecified,Unknown,BridgeCrane,2026-06-22T22:00:26.022747+00:00,point_velocity,Unspecified
05578500,POINT (-89.049175 40.1151694444444),167fe947-f0c8-48ed-aa9b-eb0e14aec47c,USGS-05578500,4e84e489-787b-78b0-e053-0100007fe442,409,1979-07-26T06:00:00+00:00,Imported Channel 1,310,ft^3/s,,,,,,,,ft,Unspecified,Unspecified,Unspecified,Unspecified,Unspecified,Unknown,Unspecified,2026-06-22T22:00:26.022747+00:00,other_method,Unspecified
05578500,POINT (-89.049175 40.1151694444444),17b25b47-0637-4bed-a9ba-013bbeb91eba,USGS-05578500,7ab7d7c0-c5bf-c17a-e053-0100007f2572,694,2018-11-08T18:59:02+00:00,Main,120,ft^3/s,60.0,ft,116,ft^2,1.03,ft/s,2500.00,ft,Firm,Gravel,Even,Unspecified,Standard,Steady,Wading,2026-06-22T22:00:26.022747+00:00,point_velocity,Downstream
05578500,POINT (-89.049175 40.1151694444444),17d09213-215c-4e7b-a205-a76e26e46f69,USGS-05578500,4e84dcc2-28f1-703d-e053-0100007f47c0,340,1972-11-06T06:00:00+00:00,Imported Channel 1,355,ft^3/s,,,,,,,,ft,Unspecified,Unspecified,Unspecified,Unspecified,Unspecified,Unknown,Unspecified,2026-06-22T22:00:26.022747+00:00,other_method,Unspecified
05578500,POINT (-89.049175 40.1151694444444),1859f68a-7d93-45a3-b20b-a930d560cb95,USGS-05578500,4e84ee73-9b7a-7db3-e053-0100007f3281,624,2007-08-23T17:47:00+00:00,Imported Channel 1,11.4,ft^3/s,40.5,ft,18.5,ft^2,0.62,ft/s,,,Unspecified,Unspecified,Unspecified,Unspecified,Unspecified,Unknown,Wading,2026-06-22T22:00:26.022747+00:00,point_velocity,Unspecified
05578500,POINT (-89.049175 40.1151694444444),189aba69-82cf-461f-adef-24fec8fe46b1,USGS-05578500,9873a18c-6af8-4c4b-9704-25ae1cb217e1,728,2023-11-03T15:06:21+00:00,MAIN,124,ft^3/s,61.7,ft,150,ft^2,0.82,ft/s,0.00,ft,Soft,SiltMud,Even,Even,Uniform,Steady,BridgeDownstreamSide,2026-06-22T22:00:26.022747+00:00,adcp,AtTheGage
05578500,POINT (-89.049175 40.1151694444444),197df378-ddc7-4a9b-a64c-0d2945c2cbca,USGS-05578500,4e84e034-b175-7630-e053-0100007fc8d0,383,1976-08-11T06:00:00+00:00,Imported Channel 1,19.9,ft^3/s,,,,,,,,ft,Unspecified,Unspecified,Unspecified,Unspecified,Unspecified,Unknown,Unspecified,2026-06-22T22:00:26.022747+00:00,other_method,Unspecified
05578500,POINT (-89.049175 40.1151694444444),198e6f62-890a-4cb8-a9dd-e7924dcfc1ac,USGS-05578500,4e84f381-767e-80aa-e053-0100007f2bc8,608,2004-10-22T17:40:00+00:00,Imported Channel 1,32.8,ft^3/s,48.5,ft,41.8,ft^2,0.78,ft/s,,,Unspecified,Unspecified,Unspecified,Unspecified,Unspecified,Unknown,Wading,2026-06-22T22:00:26.022747+00:00,point_velocity,Unspecified
05578500,POINT (-89.049175 40.1151694444444),1b3cab9a-e611-4e0f-ade9-0bcd8c914069,USGS-05578500,4e84d4d7-f928-6f15-e053-0100007f414e,462,1985-06-10T06:00:00+00:00,Imported Channel 1,66.2,ft^3/s,40.5,ft,43.6,ft^2,1.52,ft/s,,,Unspecified,Unspecified,Unspecified,Unspecified,Unspecified,Unknown,Wading,2026-06-22T22:00:26.022747+00:00,point_velocity,Unspecified
05578500,POINT (-89.049175 40.1151694444444),1be50df8-d130-476d-8f6c-028d51b55b6d,USGS-05578500,4e84ddaf-5764-74ba-e053-0100007fb586,355,1973-11-06T06:00:00+00:00,Imported Channel 1,19.9,ft^3/s,,,,,,,,ft,Unspecified,Unspecified,Unspecified,Unspecified,Unspecified,Unknown,Unspecified,2026-06-22T22:00:26.022747+00:00,other_method,Unspecified
05578500,POINT (-89.049175 40.1151694444444),1d43bfa1-472a-4979-9e0b-72a1ae9229f3,USGS-05578500,4e84e813-b29a-76b2-e053-0100007fe001,611,2005-01-14T23:06:00+00:00,Imported Channel 1,7410,ft^3/s,280,ft,2080,ft^2,3.56,ft/s,,,Unspecified,Unspecified,Unspecified,Unspecified,Unspecified,Unknown,BridgeCrane,2026-06-22T22:00:26.022747+00:00,point_velocity,Unspecified
05578500,POINT (-89.049175 40.1151694444444),1e16d02a-5a3a-4c51-933a-e0e547060aa3,USGS-05578500,4e84ec33-fbc1-7d3e-e053-0100007f3fae,417,1980-07-07T06:00:00+00:00,Imported Channel 1,80.7,ft^3/s,,,,,,,,ft,Unspecified,Unspecified,Unspecified,Unspecified,Unspecified,Unknown,Unspecified,2026-06-22T22:00:26.022747+00:00,other_method,Unspecified
05578500,POINT (-89.049175 40.1151694444444),1e42a556-acc8-4ee5-93f8-29af82fba1d1,USGS-05578500,4e84fa9c-ac82-856b-e053-0100007f944b,612,2005-03-04T21:18:00+00:00,Imported Channel 1,325,ft^3/s,72.0,ft,301,ft^2,1.08,ft/s,,,Unspecified,Unspecified,Unspecified,Unspecified,Unspecified,Unknown,BridgeCrane,2026-06-22T22:00:26.022747+00:00,point_velocity,Unspecified
05578500,POINT (-89.049175 40.1151694444444),1e5397d0-f40e-416f-b65a-b2d89eea2818,USGS-05578500,4e84fe48-2e14-8689-e053-0100007f0be9,626,2007-12-06T19:05:00+00:00,Imported Channel 1,16.6,ft^3/s,37.5,ft,22.1,ft^2,0.75,ft/s,,,Unspecified,Unspecified,Unspecified,Unspecified,Unspecified,Unknown,Wading,2026-06-22T22:00:26.022747+00:00,point_velocity,Unspecified
05578500,POINT (-89.049175 40.1151694444444),1e65ff24-2b4c-4fc8-b7f5-88432e2e72ff,USGS-05578500,4e84f592-8e9f-8204-e053-0100007f334d,590,2002-03-12T17:34:00+00:00,Imported Channel 1,938,ft^3/s,76.0,ft,577,ft^2,1.63,ft/s,,,Unspecified,Unspecified,Unspecified,Unspecified,Unspecified,Unknown,BridgeCrane,2026-06-22T22:00:26.022747+00:00,point_velocity,Unspecified
05578500,POINT (-89.049175 40.1151694444444),1ebed5b2-2c7f-4fda-b524-a4fb4387ce01,USGS-05578500,4e84d928-a38e-7246-e053-0100007f442f,530,1993-06-04T14:10:00+00:00,Imported Channel 1,240,ft^3/s,65.0,ft,239,ft^2,1.00,ft/s,,,Unspecified,Unspecified,Unspecified,Unspecified,Unspecified,Unknown,BridgeCrane,2026-06-22T22:00:26.022747+00:00,point_velocity,Unspecified
05578500,POINT (-89.049175 40.1151694444444),1f945642-33e8-4f4d-bf45-a99c79f9486d,USGS-05578500,d14690b4-dc74-472f-a138-32c005e2932f,703,2020-03-05T00:11:20+00:00,Main,602,ft^3/s,77.5,ft,384,ft^2,1.57,ft/s,0.00,ft,Firm,SiltMud,Uneven,Even,Unspecified,Steady,BridgeDownstreamSide,2026-06-22T22:00:26.022747+00:00,adcp,AtTheGage
05578500,POINT (-89.049175 40.1151694444444),214fa2a6-ff70-4620-8917-3833e2b49e17,USGS-05578500,4e84d203-38c2-6db0-e053-0100007f362d,416,1980-05-27T06:00:00+00:00,Imported Channel 1,225,ft^3/s,,,,,,,,ft,Unspecified,Unspecified,Unspecified,Unspecified,Unspecified,Unknown,Unspecified,2026-06-22T22:00:26.022747+00:00,other_method,Unspecified
05578500,POINT (-89.049175 40.1151694444444),21bbb6f2-859f-4d96-bd38-a9c05fbc4469,USGS-05578500,4e84ecba-db14-7d40-e053-0100007ff260,582,2001-02-27T18:11:00+00:00,Imported Channel 1,2550,ft^3/s,185,ft,1080,ft^2,2.36,ft/s,,,Unspecified,Unspecified,Unspecified,Unspecified,Unspecified,Unknown,BridgeCrane,2026-06-22T22:00:26.022747+00:00,point_velocity,Unspecified
05578500,POINT (-89.049175 40.1151694444444),236eab62-1281-4f39-af40-4751b790fc1d,USGS-05578500,4e84de2c-9e98-750e-e053-0100007f82df,469,1986-03-31T06:00:00+00:00,Imported Channel 1,231,ft^3/s,62.0,ft,194,ft^2,1.19,ft/s,,,Unspecified,Unspecified,Unspecified,Unspecified,Unspecified,Unknown,BridgeCrane,2026-06-22T22:00:26.022747+00:00,point_velocity,Unspecified
05578500,POINT (-89.049175 40.1151694444444),238f1a8d-24cd-45b5-9cf9-2ef6e1ce7525,USGS-05578500,4e84e125-1ac0-76a2-e053-0100007f7548,555,1997-05-08T17:35:00+00:00,Imported Channel 1,157,ft^3/s,62.0,ft,128,ft^2,2.23,ft/s,,,Unspecified,Unspecified,Unspecified,Unspecified,Unspecified,Unknown,Wading,2026-06-22T22:00:26.022747+00:00,point_velocity,Unspecified
05578500,POINT (-89.049175 40.1151694444444),23f2c4bd-143b-456f-82ff-b104c1e1b7b6,USGS-05578500,4e84e07a-d607-7612-e053-0100007fe1c4,450,1984-02-22T06:00:00+00:00,Imported Channel 1,856,ft^3/s,64.0,ft,320,ft^2,2.77,ft/s,,,Unspecified,Unspecified,Unspecified,Unspecified,Unspecified,Unknown,BridgeCrane,2026-06-22T22:00:26.022747+00:00,point_velocity,Unspecified
05578500,POINT (-89.049175 40.1151694444444),25b1fdad-2583-4b7e-aad9-90a4456c5dc6,USGS-05578500,4e84cf0a-9418-6c74-e053-0100007f4a54,527,1992-12-04T16:15:00+00:00,Imported Channel 1,452,ft^3/s,67.0,ft,321,ft^2,1.40,ft/s,,,Unspecified,Unspecified,Unspecified,Unspecified,Unspecified,Unknown,BridgeCrane,2026-06-22T22:00:26.022747+00:00,point_velocity,Unspecified
05578500,POINT (-89.049175 40.1151694444444),275e5abf-526c-4aec-a594-7fa23cfcac4a,USGS-05578500,4e84e0c2-999e-7688-e053-0100007f7ae7,429,1981-08-15T06:00:00+00:00,Imported Channel 1,2750,ft^3/s,422,ft,1080,ft^2,2.55,ft/s,,,Unspecified,Unspecified,Unspecified,Unspecified,Unspecified,Unknown,BridgeCrane,2026-06-22T22:00:26.022747+00:00,point_velocity,Unspecified
05578500,POINT (-89.049175 40.1151694444444),27b27b24-2118-48b9-8f7a-faffa168b459,USGS-05578500,4e84ee4f-f661-7e51-e053-0100007fd14a,438,1982-08-10T06:00:00+00:00,Imported Channel 1,113,ft^3/s,51.5,ft,103,ft^2,1.10,ft/s,,,Unspecified,Unspecified,Unspecified,Unspecified,Unspecified,Unknown,Wading,2026-06-22T22:00:26.022747+00:00,point_velocity,Unspecified
05578500,POINT (-89.049175 40.1151694444444),28389960-64ba-4b5d-b753-60baee7dc336,USGS-05578500,4e84e4d7-7b9d-78c8-e053-0100007fadd2,368,1974-12-05T06:00:00+00:00,Imported Channel 1,54.8,ft^3/s,,,,,,,,ft,Unspecified,Unspecified,Unspecified,Unspecified,Unspecified,Unknown,Unspecified,2026-06-22T22:00:26.022747+00:00,other_method,Unspecified
05578500,POINT (-89.049175 40.1151694444444),2880741d-10e2-4d07-9ed4-cfdca58008dd,USGS-05578500,4e84f006-dde3-7ee9-e053-0100007f6e9a,452,1984-05-03T06:00:00+00:00,Imported Channel 1,455,ft^3/s,57.0,ft,196,ft^2,2.32,ft/s,,,Unspecified,Unspecified,Unspecified,Unspecified,Unspecified,Unknown,BridgeCrane,2026-06-22T22:00:26.022747+00:00,point_velocity,Unspecified
05578500,POINT (-89.049175 40.1151694444444),28a9d37d-d22d-4389-9be8-05dd36e34f98,USGS-05578500,4e84ccb4-e066-6a24-e053-0100007fe1c9,232,1964-04-21T06:00:00+00:00,Imported Channel 1,9630,ft^3/s,,,,,,,,ft,Unspecified,Unspecified,Unspecified,Unspecified,Unspecified,Unknown,Unspecified,2026-06-22T22:00:26.022747+00:00,other_method,Unspecified
05578500,POINT (-89.049175 40.1151694444444),29a38279-93ea-41f4-8d94-8770895b1dd0,USGS-05578500,b70c03c8-ff6e-4de5-ad0f-7452ae1cb294,710,2021-05-10T15:54:44+00:00,main,413,ft^3/s,73.8,ft,333,ft^2,1.24,ft/s,0.00,ft,Firm,SiltMud,Even,Unspecified,Unspecified,Unspecified,BridgeDownstreamSide,2026-06-22T22:00:26.022747+00:00,adcp,AtTheGage
05578500,POINT (-89.049175 40.1151694444444),29a93d50-8551-43f9-9897-d2a1049bc5fd,USGS-05578500,4e84f231-984e-7da5-e053-0100007f8549,591,2002-05-06T15:24:00+00:00,Imported Channel 1,492,ft^3/s,78.0,ft,272,ft^2,1.80,ft/s,,,Unspecified,Unspecified,Unspecified,Unspecified,Unspecified,Unknown,BridgeCrane,2026-06-22T22:00:26.022747+00:00,point_velocity,Unspecified
05578500,POINT (-89.049175 40.1151694444444),2a0a244a-6949-4681-9a9e-9f2550c5ec1c,USGS-05578500,4e84dc93-3748-73da-e053-0100007f7e75,601,2003-12-19T20:32:00+00:00,Imported Channel 1,179,ft^3/s,64.0,ft,135,ft^2,1.33,ft/s,,,Unspecified,Unspecified,Unspecified,Unspecified,Unspecified,Unknown,Wading,2026-06-22T22:00:26.022747+00:00,point_velocity,Unspecified
05578500,POINT (-89.049175 40.1151694444444),2a55760a-80e3-48b8-86a0-d5b3554ef089,USGS-05578500,4e84e94e-7746-76b4-e053-0100007f1f73,362,1974-06-13T06:00:00+00:00,Imported Channel 1,661,ft^3/s,,,,,,,,ft,Unspecified,Unspecified,Unspecified,Unspecified,Unspecified,Unknown,Unspecified,2026-06-22T22:00:26.022747+00:00,other_method,Unspecified
05578500,POINT (-89.049175 40.1151694444444),2add39af-a666-43d6-b0da-82747978efa8,USGS-05578500,4e84d203-38bb-6db0-e053-0100007f362d,346,1973-03-15T06:00:00+00:00,Imported Channel 1,1440,ft^3/s,,,,,,,,ft,Unspecified,Unspecified,Unspecified,Unspecified,Unspecified,Unknown,Unspecified,2026-06-22T22:00:26.022747+00:00,other_method,Unspecified
05578500,POINT (-89.049175 40.1151694444444),2b8648ca-11ca-4aa8-b9e9-a9106a1d0966,USGS-05578500,4e84f006-dde5-7ee9-e053-0100007f6e9a,573,1999-10-05T14:30:00+00:00,Imported Channel 1,13.7,ft^3/s,17.0,ft,8.96,ft^2,1.53,ft/s,,,Unspecified,Unspecified,Unspecified,Unspecified,Unspecified,Unknown,Wading,2026-06-22T22:00:26.022747+00:00,point_velocity,Unspecified
05578500,POINT (-89.049175 40.1151694444444),2c1a9ed4-c6ee-478d-b121-91e9443029be,USGS-05578500,1516f885-faf9-4d3a-895a-51e4effa0a9d,737,2025-01-08T17:37:44+00:00,MAIN,19.6,ft^3/s,59.0,ft,45.8,ft^2,0.43,ft/s,400.00,ft,Firm,Sand,Uneven,Unspecified,NonStandard,Pulsating,Wading,2026-06-22T22:00:26.022747+00:00,point_velocity,Downstream
05578500,POINT (-89.049175 40.1151694444444),2d67c465-c01f-4b5f-accb-d491aac67b61,USGS-05578500,4e84d5b8-e19d-6de7-e053-0100007f945c,453,1984-06-13T06:00:00+00:00,Imported Channel 1,449,ft^3/s,59.0,ft,194,ft^2,2.31,ft/s,,,Unspecified,Unspecified,Unspecified,Unspecified,Unspecified,Unknown,BridgeCrane,2026-06-22T22:00:26.022747+00:00,point_velocity,Unspecified
05578500,POINT (-89.049175 40.1151694444444),2df65074-c50b-421a-80d1-43f0422e2985,USGS-05578500,4e84f6a6-2044-8128-e053-0100007f19fb,638,2009-10-06T18:56:30+00:00,Imported Channel 1,16.1,ft^3/s,34.0,ft,31.6,ft^2,0.93,ft/s,1000.00,ft,Firm,Sand,Even,Even,Unspecified,Unknown,Wading,2026-06-22T22:00:26.022747+00:00,point_velocity,Upstream
05578500,POINT (-89.049175 40.1151694444444),2df9094b-6450-4f0b-b970-6069db0b9792,USGS-05578500,4e84d03a-1cf6-6c72-e053-0100007fef9b,317,1970-12-02T06:00:00+00:00,Imported Channel 1,105,ft^3/s,,,,,,,,ft,Unspecified,Unspecified,Unspecified,Unspecified,Unspecified,Unknown,Unspecified,2026-06-22T22:00:26.022747+00:00,other_method,Unspecified
05578500,POINT (-89.049175 40.1151694444444),2e4a34da-7122-490f-8719-129922a7ba3d,USGS-05578500,4e84e634-1034-7985-e053-0100007f0c76,334,1972-05-04T06:00:00+00:00,Imported Channel 1,278,ft^3/s,,,,,,,,ft,Unspecified,Unspecified,Unspecified,Unspecified,Unspecified,Unknown,Unspecified,2026-06-22T22:00:26.022747+00:00,other_method,Unspecified
05578500,POINT (-89.049175 40.1151694444444),2f14b12c-ae2a-449b-b5a8-7eefcb73bca3,USGS-05578500,4e84f982-6593-8451-e053-0100007f73be,666,2013-12-06T16:03:30+00:00,MAIN,12.5,ft^3/s,49.0,ft,28.0,ft^2,0.45,ft/s,300.00,ft,Soft,SiltMud,Even,Even,Uniform,Unknown,Wading,2026-06-22T22:00:26.022747+00:00,point_velocity,Downstream
05578500,POINT (-89.049175 40.1151694444444),2f4d2fe9-b76a-49df-bb29-5a1ef54f988b,USGS-05578500,4e84ee3c-9476-7da7-e053-0100007ff28f,625,2007-10-04T20:58:00+00:00,Imported Channel 1,10.2,ft^3/s,34.0,ft,8.28,ft^2,1.24,ft/s,,,Unspecified,Unspecified,Unspecified,Unspecified,Unspecified,Unknown,Wading,2026-06-22T22:00:26.022747+00:00,point_velocity,Unspecified
05578500,POINT (-89.049175 40.1151694444444),2fc0a9c4-8705-4f79-9c26-563e3165ec82,USGS-05578500,4e84d436-dc6f-6e44-e053-0100007f04cf,354,1973-10-24T06:00:00+00:00,Imported Channel 1,12.9,ft^3/s,,,,,,,,ft,Unspecified,Unspecified,Unspecified,Unspecified,Unspecified,Unknown,Unspecified,2026-06-22T22:00:26.022747+00:00,other_method,Unspecified
05578500,POINT (-89.049175 40.1151694444444),30368bce-9c05-4321-b199-9633542f38ac,USGS-05578500,4e84ea99-7793-7c32-e053-0100007f467c,534,1994-06-22T16:40:00+00:00,Imported Channel 1,81.0,ft^3/s,61.0,ft,149,ft^2,0.55,ft/s,,,Unspecified,Unspecified,Unspecified,Unspecified,Unspecified,Unknown,Wading,2026-06-22T22:00:26.022747+00:00,point_velocity,Unspecified
05578500,POINT (-89.049175 40.1151694444444),30b98158-1a59-4f43-8ecc-4dea8c05a36e,USGS-05578500,4e84ecb7-5c24-7cf4-e053-0100007f70bd,576,2000-03-24T16:35:00+00:00,Imported Channel 1,31.0,ft^3/s,27.0,ft,24.9,ft^2,1.24,ft/s,,,Unspecified,Unspecified,Unspecified,Unspecified,Unspecified,Unknown,Wading,2026-06-22T22:00:26.022747+00:00,point_velocity,Unspecified
05578500,POINT (-89.049175 40.1151694444444),3141e415-47e1-4de0-90cf-c1680fffbab4,USGS-05578500,4e84ee4f-f660-7e51-e053-0100007fd14a,426,1981-06-18T06:00:00+00:00,Imported Channel 1,454,ft^3/s,65.0,ft,305,ft^2,2.49,ft/s,,,Unspecified,Unspecified,Unspecified,Unspecified,Unspecified,Unknown,BridgeCrane,2026-06-22T22:00:26.022747+00:00,point_velocity,Unspecified
05578500,POINT (-89.049175 40.1151694444444),319a20b0-c174-46f8-898f-65e4e4a47fc1,USGS-05578500,7cdb5ad6-3ca1-c17c-e053-0100007ff62e,695,2018-12-12T20:03:07+00:00,MAIN,347,ft^3/s,70.0,ft,281,ft^2,1.24,ft/s,0.00,ft,Soft,SiltMud,Even,Even,Standard,Steady,BridgeDownstreamSide,2026-06-22T22:00:26.022747+00:00,adcp,AtTheGage
05578500,POINT (-89.049175 40.1151694444444),31c50bea-b136-4464-81e4-fd9a78891b96,USGS-05578500,4e84f344-56f5-80a8-e053-0100007f125d,682,2016-08-02T19:14:37+00:00,Main,450,ft^3/s,73.8,ft,337,ft^2,1.34,ft/s,,ft,Unspecified,Unspecified,Unspecified,Even,Unspecified,Unknown,BridgeDownstreamSide,2026-06-22T22:00:26.022747+00:00,adcp,AtTheGage
05578500,POINT (-89.049175 40.1151694444444),3201ced9-1ef1-4587-90c3-3618e3945c6b,USGS-05578500,4e84d2ec-33bd-6e40-e053-0100007f1b0d,358,1974-02-11T06:00:00+00:00,Imported Channel 1,305,ft^3/s,,,,,,,,ft,Unspecified,Unspecified,Unspecified,Unspecified,Unspecified,Unknown,Unspecified,2026-06-22T22:00:26.022747+00:00,other_method,Unspecified
05578500,POINT (-89.049175 40.1151694444444),32b8f54a-d247-4a3c-a440-56dd362840d3,USGS-05578500,4e84d200-fd6d-6dae-e053-0100007ff353,320,1971-03-08T06:00:00+00:00,Imported Channel 1,161,ft^3/s,,,,,,,,ft,Unspecified,Unspecified,Unspecified,Unspecified,Unspecified,Unknown,Unspecified,2026-06-22T22:00:26.022747+00:00,other_method,Unspecified
05578500,POINT (-89.049175 40.1151694444444),33700dcb-38ab-4e8e-882e-def9ff3cedca,USGS-05578500,4e84dae0-ca6a-72f0-e053-0100007f2e83,307,1970-04-17T06:00:00+00:00,Imported Channel 1,343,ft^3/s,,,,,,,,ft,Unspecified,Unspecified,Unspecified,Unspecified,Unspecified,Unknown,Unspecified,2026-06-22T22:00:26.022747+00:00,other_method,Unspecified
05578500,POINT (-89.049175 40.1151694444444),3378f8e2-7471-472c-87dc-4fbc425c18c7,USGS-05578500,cabbee7c-7272-4106-9a9b-824367042ad9,748,2026-06-22T16:00:39+00:00,Main,1850,ft^3/s,142,ft,825,ft^2,2.24,ft/s,0.00,ft,Soft,SiltMud,Uneven,Even,Standard,Steady,BridgeDownstreamSide,2026-06-22T22:00:26.022747+00:00,adcp,AtTheGage
05578500,POINT (-89.049175 40.1151694444444),338fc8f8-0b37-422c-bca4-cf45ab34b4a3,USGS-05578500,4e84e0c2-999f-7688-e053-0100007f7ae7,440,1982-11-15T06:00:00+00:00,Imported Channel 1,108,ft^3/s,52.5,ft,115,ft^2,0.94,ft/s,,,Unspecified,Unspecified,Unspecified,Unspecified,Unspecified,Unknown,Wading,2026-06-22T22:00:26.022747+00:00,point_velocity,Unspecified
05578500,POINT (-89.049175 40.1151694444444),33ea7a35-16db-4991-b0c5-9baa6b375c2b,USGS-05578500,4e84da36-a2ce-7304-e053-0100007ffc1d,480,1987-07-06T06:00:00+00:00,Imported Channel 1,23.4,ft^3/s,,,,,,,,ft,Unspecified,Unspecified,Unspecified,Unspecified,Unspecified,Unknown,Unspecified,2026-06-22T22:00:26.022747+00:00,other_method,Unspecified
05578500,POINT (-89.049175 40.1151694444444),33f282b5-915c-4aa4-a550-626caf9cd266,USGS-05578500,4e84e503-a778-78ea-e053-0100007fc111,501,1989-06-06T23:00:00+00:00,Imported Channel 1,358,ft^3/s,65.0,ft,215,ft^2,1.67,ft/s,,,Unspecified,Unspecified,Unspecified,Unspecified,Unspecified,Unknown,BridgeCrane,2026-06-22T22:00:26.022747+00:00,point_velocity,Unspecified
05578500,POINT (-89.049175 40.1151694444444),33faf3e5-c512-4ee3-9632-ac1127e6157d,USGS-05578500,4e8500ed-594e-8849-e053-0100007f5e0a,673,2014-12-23T16:29:19+00:00,MAIN,298,ft^3/s,67.8,ft,283,ft^2,1.05,ft/s,,ft,Soft,SiltMud,Even,Even,Standard,Unknown,BridgeDownstreamSide,2026-06-22T22:00:26.022747+00:00,adcp,AtTheGage
05578500,POINT (-89.049175 40.1151694444444),3439ec06-509e-4e8e-ba27-744adadf107b,USGS-05578500,4e84cefc-b132-6c6c-e053-0100007feafd,349,1973-05-01T06:00:00+00:00,Imported Channel 1,554,ft^3/s,,,,,,,,ft,Unspecified,Unspecified,Unspecified,Unspecified,Unspecified,Unknown,Unspecified,2026-06-22T22:00:26.022747+00:00,other_method,Unspecified
05578500,POINT (-89.049175 40.1151694444444),34c5925b-8560-4bd4-be0d-201e998f9514,USGS-05578500,4e84f319-fe81-805e-e053-0100007f8368,567,1998-12-11T19:00:00+00:00,Imported Channel 1,13.4,ft^3/s,24.0,ft,16.4,ft^2,0.81,ft/s,,,Unspecified,Unspecified,Unspecified,Unspecified,Unspecified,Unknown,Wading,2026-06-22T22:00:26.022747+00:00,point_velocity,Unspecified
05578500,POINT (-89.049175 40.1151694444444),357f13fd-21c2-49bb-b62b-e723581965b3,USGS-05578500,4e84e640-6466-7987-e053-0100007f7264,572,1999-07-30T17:25:00+00:00,Imported Channel 1,31.6,ft^3/s,26.0,ft,29.7,ft^2,1.06,ft/s,,,Unspecified,Unspecified,Unspecified,Unspecified,Unspecified,Unknown,Wading,2026-06-22T22:00:26.022747+00:00,point_velocity,Unspecified
05578500,POINT (-89.049175 40.1151694444444),36b7c5c5-6438-484b-914d-719fdf6451cc,USGS-05578500,4e84d4d7-f927-6f15-e053-0100007f414e,461,1985-04-30T06:00:00+00:00,Imported Channel 1,126,ft^3/s,60.0,ft,150,ft^2,0.84,ft/s,,,Unspecified,Unspecified,Unspecified,Unspecified,Unspecified,Unknown,BridgeCrane,2026-06-22T22:00:26.022747+00:00,point_velocity,Unspecified
05578500,POINT (-89.049175 40.1151694444444),374e7261-1b65-4135-979a-3ca64b1518c8,USGS-05578500,4e84ee4f-f66b-7e51-e053-0100007fd14a,492,1988-08-10T20:35:00+00:00,Imported Channel 1,6.72,ft^3/s,30.0,ft,13.8,ft^2,0.49,ft/s,,,Unspecified,Unspecified,Unspecified,Unspecified,Unspecified,Unknown,Wading,2026-06-22T22:00:26.022747+00:00,point_velocity,Unspecified
05578500,POINT (-89.049175 40.1151694444444),3785c77f-42eb-4469-aeb8-d89c99ab82c0,USGS-05578500,4e84f81e-502d-8224-e053-0100007f156b,680,2016-04-08T17:50:41+00:00,Main,529,ft^3/s,80.0,ft,401,ft^2,1.32,ft/s,,ft,Unspecified,Unspecified,Unspecified,Even,Unspecified,Unknown,BridgeDownstreamSide,2026-06-22T22:00:26.022747+00:00,adcp,AtTheGage
05578500,POINT (-89.049175 40.1151694444444),38c6da65-c0fe-4676-95d2-4ab44c252b57,USGS-05578500,4e84cef7-5dd4-6c6e-e053-0100007f5e5f,364,1974-08-16T06:00:00+00:00,Imported Channel 1,96.2,ft^3/s,,,,,,,,ft,Unspecified,Unspecified,Unspecified,Unspecified,Unspecified,Unknown,Unspecified,2026-06-22T22:00:26.022747+00:00,other_method,Unspecified
05578500,POINT (-89.049175 40.1151694444444),39025eed-5bc0-42c2-9b6a-a0c51d50468e,USGS-05578500,4e84cf0a-941c-6c74-e053-0100007f4a54,538,1994-12-20T14:35:00+00:00,Imported Channel 1,34.4,ft^3/s,34.0,ft,44.6,ft^2,0.77,ft/s,,,Unspecified,Unspecified,Unspecified,Unspecified,Unspecified,Unknown,Wading,2026-06-22T22:00:26.022747+00:00,point_velocity,Unspecified
05578500,POINT (-89.049175 40.1151694444444),3921ba47-dad4-4101-a612-732950b5d3a4,USGS-05578500,4e84db67-8bf0-72a0-e053-0100007fb870,446,1983-08-08T06:00:00+00:00,Imported Channel 1,15.7,ft^3/s,49.0,ft,30.6,ft^2,0.51,ft/s,,,Unspecified,Unspecified,Unspecified,Unspecified,Unspecified,Unknown,Wading,2026-06-22T22:00:26.022747+00:00,point_velocity,Unspecified
05578500,POINT (-89.049175 40.1151694444444),3ac60424-071c-4603-a582-7c0dec2b98aa,USGS-05578500,4e84d9d2-2021-72bc-e053-0100007f2816,494,1988-09-12T18:45:00+00:00,Imported Channel 1,5.28,ft^3/s,28.0,ft,14.0,ft^2,0.38,ft/s,,,Unspecified,Unspecified,Unspecified,Unspecified,Unspecified,Unknown,Wading,2026-06-22T22:00:26.022747+00:00,point_velocity,Unspecified
05578500,POINT (-89.049175 40.1151694444444),3b6cbc32-e665-4fd8-8707-07d68632e645,USGS-05578500,4e84ec02-da3e-7cf2-e053-0100007fd655,533,1994-04-12T17:30:00+00:00,Imported Channel 1,6100,ft^3/s,280,ft,2140,ft^2,2.86,ft/s,,,Unspecified,Unspecified,Unspecified,Unspecified,Unspecified,Unknown,BridgeCrane,2026-06-22T22:00:26.022747+00:00,point_velocity,Unspecified
05578500,POINT (-89.049175 40.1151694444444),3bb25188-9c51-42fb-b2f0-e0adee4a1cee,USGS-05578500,4e84dc74-0c5e-7328-e053-0100007f94fc,471,1986-06-23T06:00:00+00:00,Imported Channel 1,147,ft^3/s,56.0,ft,109,ft^2,1.35,ft/s,,,Unspecified,Unspecified,Unspecified,Unspecified,Unspecified,Unknown,Wading,2026-06-22T22:00:26.022747+00:00,point_velocity,Unspecified
05578500,POINT (-89.049175 40.1151694444444),3c7c636b-c49c-4512-9021-75ac70770fa2,USGS-05578500,4e84df01-d0c7-750c-e053-0100007f7f05,430,1981-09-17T06:00:00+00:00,Imported Channel 1,101,ft^3/s,47.0,ft,102,ft^2,0.99,ft/s,,,Unspecified,Unspecified,Unspecified,Unspecified,Unspecified,Unknown,Wading,2026-06-22T22:00:26.022747+00:00,point_velocity,Unspecified
05578500,POINT (-89.049175 40.1151694444444),3cc4ec39-0d9a-4143-9b40-c22968b2ed9d,USGS-05578500,4e84e82c-cd0f-7a98-e053-0100007f5236,513,1990-11-15T06:00:00+00:00,Imported Channel 1,203,ft^3/s,,,,,,,,ft,Unspecified,Unspecified,Unspecified,Unspecified,Unspecified,Unknown,Unspecified,2026-06-22T22:00:26.022747+00:00,other_method,Unspecified
05578500,POINT (-89.049175 40.1151694444444),3d556c85-6cbe-4e66-a8a5-95ee486d57e6,USGS-05578500,4e84ddf3-b5fc-7510-e053-0100007fe2f1,328,1971-11-04T06:00:00+00:00,Imported Channel 1,20.0,ft^3/s,,,,,,,,ft,Unspecified,Unspecified,Unspecified,Unspecified,Unspecified,Unknown,Unspecified,2026-06-22T22:00:26.022747+00:00,other_method,Unspecified
05578500,POINT (-89.049175 40.1151694444444),3eea9723-1b45-4d9e-ab91-9a60fb10f381,USGS-05578500,4e84e156-964e-76d8-e053-0100007fc298,597,2003-07-18T16:33:00+00:00,Imported Channel 1,371,ft^3/s,70.0,ft,285,ft^2,1.30,ft/s,,,Unspecified,Unspecified,Unspecified,Unspecified,Unspecified,Unknown,BridgeCrane,2026-06-22T22:00:26.022747+00:00,point_velocity,Unspecified
05578500,POINT (-89.049175 40.1151694444444),3fe969e8-6231-4c4f-b1a9-ca0e0bc1a0b3,USGS-05578500,4e84cf0a-9409-6c74-e053-0100007f4a54,381,1976-05-27T06:00:00+00:00,Imported Channel 1,68.5,ft^3/s,,,,,,,,ft,Unspecified,Unspecified,Unspecified,Unspecified,Unspecified,Unknown,Unspecified,2026-06-22T22:00:26.022747+00:00,other_method,Unspecified
05578500,POINT (-89.049175 40.1151694444444),40cfbe75-9c29-42ae-ac69-8ce96bce3cf9,USGS-05578500,8b896f2e-02a6-7d12-e053-0100007f18a8,699,2019-06-13T17:05:44+00:00,Main,262,ft^3/s,69.4,ft,257,ft^2,1.02,ft/s,0.00,ft,Firm,Sand,Even,Even,Standard,Steady,BridgeDownstreamSide,2026-06-22T22:00:26.022747+00:00,adcp,AtTheGage
05578500,POINT (-89.049175 40.1151694444444),41625d8d-8ab4-4ace-af0e-7027d3a9a230,USGS-05578500,4e84e449-dee9-78b2-e053-0100007f74ce,408,1979-06-12T06:00:00+00:00,Imported Channel 1,174,ft^3/s,,,,,,,,ft,Unspecified,Unspecified,Unspecified,Unspecified,Unspecified,Unknown,Unspecified,2026-06-22T22:00:26.022747+00:00,other_method,Unspecified
05578500,POINT (-89.049175 40.1151694444444),41a82335-883f-4bed-abb3-f545f2859601,USGS-05578500,4e84ebac-6be6-7aa0-e053-0100007ffc4f,670,2014-06-09T16:06:44+00:00,MAIN,478,ft^3/s,58.4,ft,331,ft^2,1.44,ft/s,,ft,Soft,SiltMud,Even,Even,Uniform,Unknown,BridgeDownstreamSide,2026-06-22T22:00:26.022747+00:00,adcp,AtTheGage
05578500,POINT (-89.049175 40.1151694444444),41cbc3e0-1bac-45f7-806c-313eb9f73dca,USGS-05578500,4e84ecba-db0d-7d40-e053-0100007ff260,522,1992-01-30T19:20:00+00:00,Imported Channel 1,128,ft^3/s,61.0,ft,170,ft^2,0.75,ft/s,,,Unspecified,Unspecified,Unspecified,Unspecified,Unspecified,Unknown,Wading,2026-06-22T22:00:26.022747+00:00,point_velocity,Unspecified
05578500,POINT (-89.049175 40.1151694444444),41e540aa-eed7-434b-ab7d-62a10455205b,USGS-05578500,4e84f6ae-7820-8126-e053-0100007ff07f,543,1995-11-09T16:25:00+00:00,Imported Channel 1,11.4,ft^3/s,30.0,ft,22.6,ft^2,0.50,ft/s,,,Unspecified,Unspecified,Unspecified,Unspecified,Unspecified,Unknown,Wading,2026-06-22T22:00:26.022747+00:00,point_velocity,Unspecified
05578500,POINT (-89.049175 40.1151694444444),435e88c3-bda7-4022-b26d-adf89e173f7b,USGS-05578500,4e84ee40-744b-7e58-e053-0100007f914f,425,1981-05-12T06:00:00+00:00,Imported Channel 1,880,ft^3/s,70.0,ft,414,ft^2,2.13,ft/s,,,Unspecified,Unspecified,Unspecified,Unspecified,Unspecified,Unknown,BridgeCrane,2026-06-22T22:00:26.022747+00:00,point_velocity,Unspecified
05578500,POINT (-89.049175 40.1151694444444),43a16338-0b6d-4465-b0dc-73f9e162004c,USGS-05578500,4e84f982-6591-8451-e053-0100007f73be,664,2013-09-17T16:16:00+00:00,MAIN,8.91,ft^3/s,51.0,ft,37.1,ft^2,0.24,ft/s,300.00,ft,Soft,Sand,Even,Even,Uniform,Unknown,Wading,2026-06-22T22:00:26.022747+00:00,point_velocity,Downstream
05578500,POINT (-89.049175 40.1151694444444),43de051f-d33c-46f5-b49d-f8d7e645663f,USGS-05578500,4e84d488-6c04-6f1b-e053-0100007f4142,535,1994-07-29T14:00:00+00:00,Imported Channel 1,13.4,ft^3/s,52.0,ft,78.4,ft^2,0.18,ft/s,,,Unspecified,Unspecified,Unspecified,Unspecified,Unspecified,Unknown,Wading,2026-06-22T22:00:26.022747+00:00,point_velocity,Unspecified
05578500,POINT (-89.049175 40.1151694444444),449ca47f-91c3-4793-a259-038ddb16cfbd,USGS-05578500,4e84d362-e0f8-6e3a-e053-0100007fe0d3,378,1976-03-05T06:00:00+00:00,Imported Channel 1,1690,ft^3/s,,,,,,,,ft,Unspecified,Unspecified,Unspecified,Unspecified,Unspecified,Unknown,Unspecified,2026-06-22T22:00:26.022747+00:00,other_method,Unspecified
05578500,POINT (-89.049175 40.1151694444444),45675ae8-0ebb-4250-a391-9042c832ae6d,USGS-05578500,4e84ed1b-1df6-7dbc-e053-0100007f7fbb,559,1997-11-17T19:40:00+00:00,Imported Channel 1,14.0,ft^3/s,32.0,ft,35.6,ft^2,0.39,ft/s,,,Unspecified,Unspecified,Unspecified,Unspecified,Unspecified,Unknown,Wading,2026-06-22T22:00:26.022747+00:00,point_velocity,Unspecified
05578500,POINT (-89.049175 40.1151694444444),46755512-d144-42fc-954f-db06db1c3209,USGS-05578500,4e84e573-1fa2-789c-e053-0100007f9e3c,486,1988-04-07T17:00:00+00:00,Imported Channel 1,603,ft^3/s,71.0,ft,309,ft^2,1.95,ft/s,,,Unspecified,Unspecified,Unspecified,Unspecified,Unspecified,Unknown,BridgeCrane,2026-06-22T22:00:26.022747+00:00,point_velocity,Unspecified
05578500,POINT (-89.049175 40.1151694444444),46832451-fb27-4330-9dcc-f6a74ae93248,USGS-05578500,5458e3eb-b347-43ca-96b2-aca3151a9f49,739,2025-04-29T17:15:41+00:00,MAIN,194,ft^3/s,64.3,ft,175,ft^2,1.11,ft/s,0.00,ft,Unspecified,Unspecified,Unspecified,Unspecified,Unspecified,Unspecified,BridgeDownstreamSide,2026-06-22T22:00:26.022747+00:00,adcp,AtTheGage
05578500,POINT (-89.049175 40.1151694444444),474de56b-1f9a-4a4e-bbed-5cf556f76630,USGS-05578500,4e84d200-fd70-6dae-e053-0100007ff353,323,1971-06-01T06:00:00+00:00,Imported Channel 1,83.2,ft^3/s,,,,,,,,ft,Unspecified,Unspecified,Unspecified,Unspecified,Unspecified,Unknown,Unspecified,2026-06-22T22:00:26.022747+00:00,other_method,Unspecified
05578500,POINT (-89.049175 40.1151694444444),4779298b-ade9-4057-8832-2d960ed29514,USGS-05578500,4e84de26-8b03-7528-e053-0100007f960b,374,1975-08-05T06:00:00+00:00,Imported Channel 1,51.1,ft^3/s,,,,,,,,ft,Unspecified,Unspecified,Unspecified,Unspecified,Unspecified,Unknown,Unspecified,2026-06-22T22:00:26.022747+00:00,other_method,Unspecified
05578500,POINT (-89.049175 40.1151694444444),4827e010-4549-4b52-ab7e-c9676b636933,USGS-05578500,d93c1983-8788-4d85-b4b2-b6691100c3c7,732,2024-04-04T20:30:03+00:00,Main,447,ft^3/s,70.3,ft,275,ft^2,1.63,ft/s,0.00,ft,Unspecified,Unspecified,Unspecified,Unspecified,Standard,Steady,BridgeDownstreamSide,2026-06-22T22:00:26.022747+00:00,adcp,AtTheGage
05578500,POINT (-89.049175 40.1151694444444),498fd321-acfa-4b32-b710-cef15d700193,USGS-05578500,4e84f35b-6d1a-80b9-e053-0100007fa044,540,1995-05-17T14:25:00+00:00,Imported Channel 1,4520,ft^3/s,513,ft,1980,ft^2,2.28,ft/s,,,Unspecified,Unspecified,Unspecified,Unspecified,Unspecified,Unknown,BridgeCrane,2026-06-22T22:00:26.022747+00:00,point_velocity,Unspecified
05578500,POINT (-89.049175 40.1151694444444),49fe672c-eef2-4ef6-a366-8eeef00f8010,USGS-05578500,4e84deb8-f9db-74e6-e053-0100007f8872,384,1976-10-04T06:00:00+00:00,Imported Channel 1,6.68,ft^3/s,,,,,,,,ft,Unspecified,Unspecified,Unspecified,Unspecified,Unspecified,Unknown,Unspecified,2026-06-22T22:00:26.022747+00:00,other_method,Unspecified
05578500,POINT (-89.049175 40.1151694444444),4a0130a7-26dd-447c-b056-bc3ddd9bf7a1,USGS-05578500,8864cb44-21a9-3cc0-e053-0100007f4ffd,698,2019-05-02T19:04:57+00:00,Main,2640,ft^3/s,181,ft,1090,ft^2,2.42,ft/s,0.00,ft,Firm,Gravel,Even,Even,Standard,Steady,BridgeDownstreamSide,2026-06-22T22:00:26.022747+00:00,adcp,AtTheGage
05578500,POINT (-89.049175 40.1151694444444),4b4b3b5c-c183-4338-b637-154083ef7968,USGS-05578500,4e84d229-47f6-6d98-e053-0100007f4f8e,335,1972-06-05T06:00:00+00:00,Imported Channel 1,93.9,ft^3/s,,,,,,,,ft,Unspecified,Unspecified,Unspecified,Unspecified,Unspecified,Unknown,Unspecified,2026-06-22T22:00:26.022747+00:00,other_method,Unspecified
05578500,POINT (-89.049175 40.1151694444444),4c52985e-ff86-4047-84ce-472cc198c74f,USGS-05578500,164d2bb2-1898-47de-9406-a9703b35d33f,744,2026-01-07T17:37:02+00:00,Main,9.75,ft^3/s,23.0,ft,12.0,ft^2,0.81,ft/s,1000.00,ft,Soft,Sand,Uneven,Uneven,Unknown,Pulsating,Wading,2026-06-22T22:00:26.022747+00:00,point_velocity,Downstream
05578500,POINT (-89.049175 40.1151694444444),4c87807d-2979-480b-8b36-3d15f4422e7b,USGS-05578500,4e84d8b5-c92b-7001-e053-0100007f5c3e,456,1984-10-02T06:00:00+00:00,Imported Channel 1,9.94,ft^3/s,53.0,ft,54.0,ft^2,0.18,ft/s,,,Unspecified,Unspecified,Unspecified,Unspecified,Unspecified,Unknown,Wading,2026-06-22T22:00:26.022747+00:00,point_velocity,Unspecified
05578500,POINT (-89.049175 40.1151694444444),4c890050-6877-41f5-907a-847cabf14544,USGS-05578500,4e84e161-3c6e-760e-e053-0100007f6e79,422,1980-12-23T06:00:00+00:00,Imported Channel 1,12.8,ft^3/s,31.4,ft,8.81,ft^2,1.49,ft/s,,,Unspecified,Unspecified,Unspecified,Unspecified,Unspecified,Unknown,Wading,2026-06-22T22:00:26.022747+00:00,point_velocity,Unspecified
05578500,POINT (-89.049175 40.1151694444444),4c9e3214-5f36-4d5e-890a-6a51be59ae6d,USGS-05578500,2162d354-82d7-462c-bb13-e5aa979bde00,736,2024-11-14T18:57:01+00:00,MAIN,15.8,ft^3/s,56.4,ft,40.0,ft^2,0.39,ft/s,300.00,ft,Soft,Sand,Uneven,Unspecified,NonStandard,Pulsating,Wading,2026-06-22T22:00:26.022747+00:00,point_velocity,Downstream
05578500,POINT (-89.049175 40.1151694444444),4d039d91-44c2-4524-87b9-107b3bb743c6,USGS-05578500,4e84f028-e92e-7db5-e053-0100007fe7f7,562,1998-03-16T15:45:00+00:00,Imported Channel 1,521,ft^3/s,77.0,ft,434,ft^2,1.20,ft/s,,,Unspecified,Unspecified,Unspecified,Unspecified,Unspecified,Unknown,BridgeCrane,2026-06-22T22:00:26.022747+00:00,point_velocity,Unspecified
05578500,POINT (-89.049175 40.1151694444444),4dcd950f-e3cd-4960-ae77-652917ae47a8,USGS-05578500,4e84e4e7-b044-7874-e053-0100007fb3e4,503,1989-08-15T22:00:00+00:00,Imported Channel 1,13.6,ft^3/s,22.0,ft,11.8,ft^2,1.15,ft/s,,,Unspecified,Unspecified,Unspecified,Unspecified,Unspecified,Unknown,Wading,2026-06-22T22:00:26.022747+00:00,point_velocity,Unspecified
05578500,POINT (-89.049175 40.1151694444444),4ec0fba5-1e45-4098-b04c-dc14c99a2a62,USGS-05578500,4e84e4ce-d9f3-78f6-e053-0100007f0d90,604,2004-05-25T17:45:00+00:00,Imported Channel 1,1410,ft^3/s,170,ft,861,ft^2,1.64,ft/s,,,Unspecified,Unspecified,Unspecified,Unspecified,Unspecified,Unknown,BridgeCrane,2026-06-22T22:00:26.022747+00:00,point_velocity,Unspecified
05578500,POINT (-89.049175 40.1151694444444),4f8c46ea-3054-44e1-abd4-8786939f9019,USGS-05578500,d86eae35-2393-44c2-be7a-c8963a1e1e70,723,2023-01-06T20:14:38+00:00,MAIN,19.6,ft^3/s,36.0,ft,20.9,ft^2,0.94,ft/s,300.00,ft,Soft,SiltMud,Even,Even,Standard,Steady,Wading,2026-06-22T22:00:26.022747+00:00,point_velocity,Downstream
05578500,POINT (-89.049175 40.1151694444444),5055ff6c-fe54-47b6-b972-9d331fefcac8,USGS-05578500,4e84ecc9-3e1a-7d9b-e053-0100007fd157,607,2004-09-07T15:53:00+00:00,Imported Channel 1,94.2,ft^3/s,49.5,ft,75.7,ft^2,1.24,ft/s,,,Unspecified,Unspecified,Unspecified,Unspecified,Unspecified,Unknown,Wading,2026-06-22T22:00:26.022747+00:00,point_velocity,Unspecified
05578500,POINT (-89.049175 40.1151694444444),5147e3b9-c1ec-457d-9235-d4ae9bdcbe15,USGS-05578500,4e84ecde-21d8-7d97-e053-0100007f7240,481,1987-08-17T20:30:00+00:00,Imported Channel 1,210,ft^3/s,59.0,ft,146,ft^2,1.44,ft/s,,,Unspecified,Unspecified,Unspecified,Unspecified,Unspecified,Unknown,BridgeCrane,2026-06-22T22:00:26.022747+00:00,point_velocity,Unspecified
05578500,POINT (-89.049175 40.1151694444444),51a91d52-390f-4253-869d-1cf585baa433,USGS-05578500,4e84eca2-3970-7d4e-e053-0100007f523d,613,2005-05-04T13:42:00+00:00,Imported Channel 1,86.9,ft^3/s,45.0,ft,108,ft^2,0.80,ft/s,,,Unspecified,Unspecified,Unspecified,Unspecified,Unspecified,Unknown,Wading,2026-06-22T22:00:26.022747+00:00,point_velocity,Unspecified
05578500,POINT (-89.049175 40.1151694444444),53a98dbc-5d6a-4f4a-ba1e-cf8ef7228b63,USGS-05578500,4e84df01-d0bd-750c-e053-0100007f7f05,327,1971-10-14T06:00:00+00:00,Imported Channel 1,16.7,ft^3/s,,,,,,,,ft,Unspecified,Unspecified,Unspecified,Unspecified,Unspecified,Unknown,Unspecified,2026-06-22T22:00:26.022747+00:00,other_method,Unspecified
05578500,POINT (-89.049175 40.1151694444444),53e7a36b-8fd1-4817-b88e-b637f7dc2ccb,USGS-05578500,4e84cf0f-e308-6c68-e053-0100007f5fa1,390,1977-06-06T06:00:00+00:00,Imported Channel 1,65.2,ft^3/s,,,,,,,,ft,Unspecified,Unspecified,Unspecified,Unspecified,Unspecified,Unknown,Unspecified,2026-06-22T22:00:26.022747+00:00,other_method,Unspecified
05578500,POINT (-89.049175 40.1151694444444),53fd9deb-6f9a-4a41-9ab3-3b0179e2e9e8,USGS-05578500,4e84df01-d0bf-750c-e053-0100007f7f05,331,1972-02-16T06:00:00+00:00,Imported Channel 1,173,ft^3/s,,,,,,,,ft,Unspecified,Unspecified,Unspecified,Unspecified,Unspecified,Unknown,Unspecified,2026-06-22T22:00:26.022747+00:00,other_method,Unspecified
05578500,POINT (-89.049175 40.1151694444444),5447431d-b45a-460c-9223-d60ddedd7953,USGS-05578500,4e84d229-47ff-6d98-e053-0100007f4f8e,420,1980-11-24T06:00:00+00:00,Imported Channel 1,10.3,ft^3/s,,,,,,,,ft,Unspecified,Unspecified,Unspecified,Unspecified,Unspecified,Unknown,Unspecified,2026-06-22T22:00:26.022747+00:00,other_method,Unspecified
05578500,POINT (-89.049175 40.1151694444444),548cac18-ca06-41a0-bf00-c0e8c6b42cf5,USGS-05578500,4e84dce2-c869-7302-e053-0100007f7c79,483,1987-11-25T18:55:00+00:00,Imported Channel 1,23.2,ft^3/s,46.0,ft,47.9,ft^2,0.48,ft/s,,,Unspecified,Unspecified,Unspecified,Unspecified,Unspecified,Unknown,Wading,2026-06-22T22:00:26.022747+00:00,point_velocity,Unspecified
05578500,POINT (-89.049175 40.1151694444444),54de0cfa-4754-4b49-b304-5e06917f40a9,USGS-05578500,8541c7a0-20c1-6486-e053-0100007f8ad9,697,2019-03-28T18:34:22+00:00,Main,362,ft^3/s,75.8,ft,301,ft^2,1.20,ft/s,0.00,ft,Firm,Sand,Uneven,Even,Standard,Steady,BridgeDownstreamSide,2026-06-22T22:00:26.022747+00:00,adcp,AtTheGage
05578500,POINT (-89.049175 40.1151694444444),551a4d51-0c5e-4ef6-a099-c2f7aea355c8,USGS-05578500,4e84da24-b66d-72a4-e053-0100007f1707,497,1988-12-14T19:15:00+00:00,Imported Channel 1,10.0,ft^3/s,35.0,ft,44.0,ft^2,0.23,ft/s,,,Unspecified,Unspecified,Unspecified,Unspecified,Unspecified,Unknown,Wading,2026-06-22T22:00:26.022747+00:00,point_velocity,Unspecified
05578500,POINT (-89.049175 40.1151694444444),56774edd-8ed6-4508-b4b6-740aa5c1e712,USGS-05578500,4e84e640-646d-7987-e053-0100007f7264,627,2008-01-30T16:18:00+00:00,Imported Channel 1,122,ft^3/s,78.0,ft,188,ft^2,0.65,ft/s,,,Unspecified,Unspecified,Unspecified,Unspecified,Unspecified,Unknown,Wading,2026-06-22T22:00:26.022747+00:00,point_velocity,Unspecified
05578500,POINT (-89.049175 40.1151694444444),56857dfa-3a48-49a2-abc3-674e79988eb3,USGS-05578500,4e84ecd8-59ab-7d42-e053-0100007ff819,433,1982-01-12T06:00:00+00:00,Imported Channel 1,340,ft^3/s,72.0,ft,321,ft^2,1.06,ft/s,,,Unspecified,Unspecified,Unspecified,Unspecified,Unspecified,Unknown,Ice,2026-06-22T22:00:26.022747+00:00,point_velocity,Unspecified
05578500,POINT (-89.049175 40.1151694444444),57403eb1-3975-4630-8369-0ae6c2de2d64,USGS-05578500,4e84e51d-7646-78e2-e053-0100007f7c8b,357,1974-01-16T06:00:00+00:00,Imported Channel 1,101,ft^3/s,,,,,,,,ft,Unspecified,Unspecified,Unspecified,Unspecified,Unspecified,Unknown,Unspecified,2026-06-22T22:00:26.022747+00:00,other_method,Unspecified
05578500,POINT (-89.049175 40.1151694444444),57674f39-4afd-4bb3-b259-12ecd4ed01d1,USGS-05578500,4e84d4d7-f935-6f15-e053-0100007f414e,485,1988-02-25T19:30:00+00:00,Imported Channel 1,358,ft^3/s,64.0,ft,201,ft^2,1.78,ft/s,,,Unspecified,Unspecified,Unspecified,Unspecified,Unspecified,Unknown,BridgeCrane,2026-06-22T22:00:26.022747+00:00,point_velocity,Unspecified
05578500,POINT (-89.049175 40.1151694444444),57920394-ee93-44d3-ab56-14385f75ca7e,USGS-05578500,4e84e4c8-e810-7878-e053-0100007f7fcd,441,1983-01-03T06:00:00+00:00,Imported Channel 1,450,ft^3/s,72.0,ft,349,ft^2,1.29,ft/s,,,Unspecified,Unspecified,Unspecified,Unspecified,Unspecified,Unknown,BridgeCrane,2026-06-22T22:00:26.022747+00:00,point_velocity,Unspecified
05578500,POINT (-89.049175 40.1151694444444),57d45371-55b7-4aef-9b99-6daf653c5acc,USGS-05578500,4e84cefc-b146-6c6c-e053-0100007feafd,526,1992-10-06T21:10:00+00:00,Imported Channel 1,11.5,ft^3/s,53.0,ft,71.2,ft^2,0.16,ft/s,,,Unspecified,Unspecified,Unspecified,Unspecified,Unspecified,Unknown,Wading,2026-06-22T22:00:26.022747+00:00,point_velocity,Unspecified
05578500,POINT (-89.049175 40.1151694444444),5897bad6-d3c6-47f6-9c07-3219be9a2ac1,USGS-05578500,f649968a-85fa-468f-9552-b05584b2fa63,724,2023-03-10T17:56:37+00:00,MAIN,703,ft^3/s,77.8,ft,388,ft^2,1.81,ft/s,0.00,ft,Unspecified,Unspecified,Unspecified,Unspecified,Unspecified,Unspecified,BridgeDownstreamSide,2026-06-22T22:00:26.022747+00:00,adcp,AtTheGage
05578500,POINT (-89.049175 40.1151694444444),58da354f-6733-44d8-abb6-6bd29007cc7c,USGS-05578500,d0fa95fb-c6ca-44c0-a00d-a246a6a2bee1,742,2025-08-13T20:21:05+00:00,742,14.4,ft^3/s,25.0,ft,13.7,ft^2,1.05,ft/s,700.00,ft,Soft,Sand,Even,Unspecified,Unknown,Pulsating,Wading,2026-06-22T22:00:26.022747+00:00,point_velocity,Downstream
05578500,POINT (-89.049175 40.1151694444444),58f4f594-7844-4b02-b421-5dc397325480,USGS-05578500,4e84dcc2-28f2-703d-e053-0100007f47c0,342,1973-01-17T06:00:00+00:00,Imported Channel 1,289,ft^3/s,,,,,,,,ft,Unspecified,Unspecified,Unspecified,Unspecified,Unspecified,Unknown,Unspecified,2026-06-22T22:00:26.022747+00:00,other_method,Unspecified
05578500,POINT (-89.049175 40.1151694444444),59337117-fa3b-4c09-a6d3-9ba6aac36c44,USGS-05578500,4e84dae0-ca6b-72f0-e053-0100007f2e83,312,1970-07-08T06:00:00+00:00,Imported Channel 1,80.7,ft^3/s,,,,,,,,ft,Unspecified,Unspecified,Unspecified,Unspecified,Unspecified,Unknown,Unspecified,2026-06-22T22:00:26.022747+00:00,other_method,Unspecified
05578500,POINT (-89.049175 40.1151694444444),59346931-5497-4635-9622-f0e72b2a868e,USGS-05578500,4e84e640-643d-7987-e053-0100007f7264,301,1969-10-13T06:00:00+00:00,Imported Channel 1,2130,ft^3/s,,,,,,,,ft,Unspecified,Unspecified,Unspecified,Unspecified,Unspecified,Unknown,Unspecified,2026-06-22T22:00:26.022747+00:00,other_method,Unspecified
05578500,POINT (-89.049175 40.1151694444444),593fce0d-e909-4115-b7f7-da33d065800b,USGS-05578500,4e84ec33-fbd0-7d3e-e053-0100007f3fae,587,2001-10-19T16:40:00+00:00,Imported Channel 1,12.6,ft^3/s,16.7,ft,9.05,ft^2,1.39,ft/s,,,Unspecified,Unspecified,Unspecified,Unspecified,Unspecified,Unknown,Wading,2026-06-22T22:00:26.022747+00:00,point_velocity,Unspecified
05578500,POINT (-89.049175 40.1151694444444),5a4aac8a-2f88-4085-88f3-272f576ff1c5,USGS-05578500,4e84d817-b70c-7039-e053-0100007f024c,556,1997-06-25T18:30:00+00:00,Imported Channel 1,247,ft^3/s,68.0,ft,289,ft^2,0.85,ft/s,,,Unspecified,Unspecified,Unspecified,Unspecified,Unspecified,Unknown,BridgeCrane,2026-06-22T22:00:26.022747+00:00,point_velocity,Unspecified
05578500,POINT (-89.049175 40.1151694444444),5ac237e0-e6c9-4b93-b549-6005ab0880c7,USGS-05578500,4e84e449-deeb-78b2-e053-0100007f74ce,412,1979-12-18T06:00:00+00:00,Imported Channel 1,11.7,ft^3/s,,,,,,,,ft,Unspecified,Unspecified,Unspecified,Unspecified,Unspecified,Unknown,Unspecified,2026-06-22T22:00:26.022747+00:00,other_method,Unspecified
05578500,POINT (-89.049175 40.1151694444444),5ae13ba0-2632-40b7-871a-99a37c56239e,USGS-05578500,4e84f37a-ceaf-8055-e053-0100007f832a,661,2013-03-04T21:10:40+00:00,Main,482,ft^3/s,76.0,ft,406,ft^2,1.19,ft/s,0.00,ft,Firm,Sand,Even,Even,Standard,Unknown,BridgeDownstreamSide,2026-06-22T22:00:26.022747+00:00,adcp,Downstream
05578500,POINT (-89.049175 40.1151694444444),5d063392-013c-4349-9f32-c609a246e590,USGS-05578500,4e84e965-eecf-7b89-e053-0100007f242b,524,1992-05-05T18:30:00+00:00,Imported Channel 1,199,ft^3/s,63.0,ft,207,ft^2,0.96,ft/s,,,Unspecified,Unspecified,Unspecified,Unspecified,Unspecified,Unknown,BridgeCrane,2026-06-22T22:00:26.022747+00:00,point_velocity,Unspecified
05578500,POINT (-89.049175 40.1151694444444),5d76a743-3ce0-48de-8102-56391e22a906,USGS-05578500,4e84f3f3-17ab-80ed-e053-0100007fb48c,655,2012-07-10T16:29:41+00:00,Channel 1,6.53,ft^3/s,38.0,ft,27.8,ft^2,0.23,ft/s,500.00,ft,Soft,SiltMud,Even,Uneven,NonStandard,Unknown,Wading,2026-06-22T22:00:26.022747+00:00,point_velocity,Downstream
05578500,POINT (-89.049175 40.1151694444444),5dcdb0a8-2b2c-4a14-b842-5b3473054242,USGS-05578500,470680bf-bbee-4e18-931e-3a5043b50c03,725,2023-05-10T20:04:12+00:00,MAIN,684,ft^3/s,77.3,ft,396,ft^2,1.73,ft/s,0.00,ft,Unspecified,Unspecified,Unspecified,Unspecified,Unspecified,Unspecified,BridgeDownstreamSide,2026-06-22T22:00:26.022747+00:00,adcp,AtTheGage
05578500,POINT (-89.049175 40.1151694444444),5ecdc84a-3a06-4c8c-b193-d5429029c04a,USGS-05578500,4e84ea99-7784-7c32-e053-0100007f467c,366,1974-10-01T06:00:00+00:00,Imported Channel 1,15.3,ft^3/s,,,,,,,,ft,Unspecified,Unspecified,Unspecified,Unspecified,Unspecified,Unknown,Unspecified,2026-06-22T22:00:26.022747+00:00,other_method,Unspecified
05578500,POINT (-89.049175 40.1151694444444),5ef639e8-5fab-464c-beb2-56ef38ce9311,USGS-05578500,4e84e503-a774-78ea-e053-0100007fc111,491,1988-08-02T06:00:00+00:00,Imported Channel 1,6.62,ft^3/s,29.0,ft,12.8,ft^2,0.52,ft/s,,,Unspecified,Unspecified,Unspecified,Unspecified,Unspecified,Unknown,Wading,2026-06-22T22:00:26.022747+00:00,point_velocity,Unspecified
05578500,POINT (-89.049175 40.1151694444444),5f482cc4-abf7-4392-903c-70749e959365,USGS-05578500,4e84e125-1abe-76a2-e053-0100007f7548,549,1996-07-15T18:00:00+00:00,Imported Channel 1,34.4,ft^3/s,31.0,ft,35.2,ft^2,0.98,ft/s,,,Unspecified,Unspecified,Unspecified,Unspecified,Unspecified,Unknown,Wading,2026-06-22T22:00:26.022747+00:00,point_velocity,Unspecified
05578500,POINT (-89.049175 40.1151694444444),5fa51c52-47d8-4053-ad62-0ce3e7c0cf63,USGS-05578500,43bfdefc-5f35-422e-8477-f14f929d4f22,735,2024-09-19T16:58:56+00:00,MAIN,8.79,ft^3/s,18.5,ft,11.5,ft^2,0.77,ft/s,500.00,ft,Firm,Sand,Uneven,Unspecified,NonStandard,Pulsating,Wading,2026-06-22T22:00:26.022747+00:00,point_velocity,Downstream
05578500,POINT (-89.049175 40.1151694444444),5fc14f80-d668-4a57-8481-2627231ff203,USGS-05578500,4e84dddb-bb37-74e2-e053-0100007f28f5,451,1984-03-21T06:00:00+00:00,Imported Channel 1,1750,ft^3/s,105,ft,577,ft^2,2.90,ft/s,,,Unspecified,Unspecified,Unspecified,Unspecified,Unspecified,Unknown,BridgeCrane,2026-06-22T22:00:26.022747+00:00,point_velocity,Unspecified
05578500,POINT (-89.049175 40.1151694444444),5fcadce4-2a87-4553-a3d7-d17c6bcad065,USGS-05578500,4e84d229-4803-6d98-e053-0100007f4f8e,457,1984-11-14T06:00:00+00:00,Imported Channel 1,15.2,ft^3/s,28.0,ft,18.2,ft^2,0.84,ft/s,,,Unspecified,Unspecified,Unspecified,Unspecified,Unspecified,Unknown,Wading,2026-06-22T22:00:26.022747+00:00,point_velocity,Unspecified
05578500,POINT (-89.049175 40.1151694444444),6090088d-eda4-4efc-86c2-1f44e7b80083,USGS-05578500,4e84face-d308-8565-e053-0100007fb69e,684,2017-01-05T17:16:18+00:00,MAIN,382,ft^3/s,78.9,ft,316,ft^2,1.21,ft/s,,ft,Soft,Sand,Uneven,Even,Standard,Unknown,BridgeDownstreamSide,2026-06-22T22:00:26.022747+00:00,adcp,AtTheGage
05578500,POINT (-89.049175 40.1151694444444),60b7480e-ec97-42dd-baf6-8075dc5d9b52,USGS-05578500,4e84eb02-03fe-7a9a-e053-0100007f0d77,363,1974-07-09T06:00:00+00:00,Imported Channel 1,204,ft^3/s,,,,,,,,ft,Unspecified,Unspecified,Unspecified,Unspecified,Unspecified,Unknown,Unspecified,2026-06-22T22:00:26.022747+00:00,other_method,Unspecified
05578500,POINT (-89.049175 40.1151694444444),62b4076f-536a-4bc0-8848-7b60b4c8b627,USGS-05578500,4e84efae-ae7e-7ee3-e053-0100007f8da1,618,2006-06-21T15:30:00+00:00,Imported Channel 1,56.1,ft^3/s,48.0,ft,68.9,ft^2,0.82,ft/s,,,Unspecified,Unspecified,Unspecified,Unspecified,Unspecified,Unknown,Wading,2026-06-22T22:00:26.022747+00:00,point_velocity,Unspecified
05578500,POINT (-89.049175 40.1151694444444),6330a4e6-411d-4ca1-84b4-b915414ff2b6,USGS-05578500,4e84ec29-ff8f-7cf6-e053-0100007f7b81,651,2011-12-13T20:04:18+00:00,Channel 1,9.73,ft^3/s,37.0,ft,32.2,ft^2,0.30,ft/s,400.00,ft,Soft,Sand,Even,Uneven,NonStandard,Unknown,Wading,2026-06-22T22:00:26.022747+00:00,point_velocity,Downstream
05578500,POINT (-89.049175 40.1151694444444),644e66cd-bb3b-42e3-9879-3e4e0dcbefde,USGS-05578500,4e84f271-6eb9-805a-e053-0100007f4a00,511,1990-07-27T17:45:00+00:00,Imported Channel 1,440,ft^3/s,67.0,ft,281,ft^2,1.57,ft/s,,,Unspecified,Unspecified,Unspecified,Unspecified,Unspecified,Unknown,BridgeCrane,2026-06-22T22:00:26.022747+00:00,point_velocity,Unspecified
05578500,POINT (-89.049175 40.1151694444444),646d96b1-fbd7-47a6-ac53-fdefd0829e67,USGS-05578500,4e84d4d7-f929-6f15-e053-0100007f414e,463,1985-07-22T06:00:00+00:00,Imported Channel 1,99.0,ft^3/s,57.0,ft,69.7,ft^2,1.42,ft/s,,,Unspecified,Unspecified,Unspecified,Unspecified,Unspecified,Unknown,Wading,2026-06-22T22:00:26.022747+00:00,point_velocity,Unspecified
05578500,POINT (-89.049175 40.1151694444444),65c76d26-f306-44c3-a00a-3e7ef136fc7b,USGS-05578500,4e84e7f1-5d7c-7a9c-e053-0100007f3d7f,305,1970-02-19T06:00:00+00:00,Imported Channel 1,232,ft^3/s,,,,,,,,ft,Unspecified,Unspecified,Unspecified,Unspecified,Unspecified,Unknown,Unspecified,2026-06-22T22:00:26.022747+00:00,other_method,Unspecified
05578500,POINT (-89.049175 40.1151694444444),65f19f7f-bed9-4d2a-b23c-eaeced3d5001,USGS-05578500,4e84f319-fe7e-805e-e053-0100007f8368,554,1997-03-12T21:20:00+00:00,Imported Channel 1,912,ft^3/s,89.0,ft,583,ft^2,1.56,ft/s,,,Unspecified,Unspecified,Unspecified,Unspecified,Unspecified,Unknown,BridgeCrane,2026-06-22T22:00:26.022747+00:00,point_velocity,Unspecified
05578500,POINT (-89.049175 40.1151694444444),6632fc72-1833-4034-a9c1-43f362da9185,USGS-05578500,4e84da41-ba79-72b8-e053-0100007fd5f5,332,1972-03-21T06:00:00+00:00,Imported Channel 1,502,ft^3/s,,,,,,,,ft,Unspecified,Unspecified,Unspecified,Unspecified,Unspecified,Unknown,Unspecified,2026-06-22T22:00:26.022747+00:00,other_method,Unspecified
05578500,POINT (-89.049175 40.1151694444444),66758e9f-10a7-4d22-a517-e0ada44c3b49,USGS-05578500,4e84f992-52f3-845b-e053-0100007f986f,603,2004-04-09T19:00:00+00:00,Imported Channel 1,560,ft^3/s,73.0,ft,292,ft^2,1.92,ft/s,,,Unspecified,Unspecified,Unspecified,Unspecified,Unspecified,Unknown,BridgeCrane,2026-06-22T22:00:26.022747+00:00,point_velocity,Unspecified
05578500,POINT (-89.049175 40.1151694444444),66950e15-26e1-42aa-888b-d93f4128dd26,USGS-05578500,4e84e640-6443-7987-e053-0100007f7264,372,1975-05-12T06:00:00+00:00,Imported Channel 1,201,ft^3/s,,,,,,,,ft,Unspecified,Unspecified,Unspecified,Unspecified,Unspecified,Unknown,Unspecified,2026-06-22T22:00:26.022747+00:00,other_method,Unspecified
05578500,POINT (-89.049175 40.1151694444444),67108b94-7961-4abd-8706-16754805e403,USGS-05578500,4e84e7a3-b92b-7a9e-e053-0100007f9477,406,1979-03-06T06:00:00+00:00,Imported Channel 1,4010,ft^3/s,,,,,,,,ft,Unspecified,Unspecified,Unspecified,Unspecified,Unspecified,Unknown,Unspecified,2026-06-22T22:00:26.022747+00:00,other_method,Unspecified
05578500,POINT (-89.049175 40.1151694444444),67a249dd-1251-49d9-a9af-9d5e8d991e74,USGS-05578500,4e84d4d7-f92d-6f15-e053-0100007f414e,473,1986-09-16T06:00:00+00:00,Imported Channel 1,10.5,ft^3/s,17.5,ft,7.73,ft^2,1.36,ft/s,,,Unspecified,Unspecified,Unspecified,Unspecified,Unspecified,Unknown,Wading,2026-06-22T22:00:26.022747+00:00,point_velocity,Unspecified
05578500,POINT (-89.049175 40.1151694444444),67d5b28d-336e-41c2-99c0-5bf8b45d9e1a,USGS-05578500,4e84f344-56cb-80a8-e053-0100007f125d,515,1991-03-04T18:00:00+00:00,Imported Channel 1,401,ft^3/s,67.0,ft,292,ft^2,1.37,ft/s,,,Unspecified,Unspecified,Unspecified,Unspecified,Unspecified,Unknown,BridgeCrane,2026-06-22T22:00:26.022747+00:00,point_velocity,Unspecified
05578500,POINT (-89.049175 40.1151694444444),68a18a4e-f814-4ed5-83f2-3b7f4f629e44,USGS-05578500,4e84e965-eece-7b89-e053-0100007f242b,523,1992-03-19T19:30:00+00:00,Imported Channel 1,408,ft^3/s,69.0,ft,332,ft^2,1.28,ft/s,,,Unspecified,Unspecified,Unspecified,Unspecified,Unspecified,Unknown,BridgeCrane,2026-06-22T22:00:26.022747+00:00,point_velocity,Unspecified
05578500,POINT (-89.049175 40.1151694444444),68a97831-a9c3-4843-bb82-a4b1e6dbcbda,USGS-05578500,4e84dcc2-290a-703d-e053-0100007f47c0,584,2001-05-14T16:19:00+00:00,Imported Channel 1,56.0,ft^3/s,43.0,ft,56.5,ft^2,0.99,ft/s,,,Unspecified,Unspecified,Unspecified,Unspecified,Unspecified,Unknown,Wading,2026-06-22T22:00:26.022747+00:00,point_velocity,Unspecified
05578500,POINT (-89.049175 40.1151694444444),6907af84-231f-4bd8-9093-d7841ca249f5,USGS-05578500,4e84df01-d0bc-750c-e053-0100007f7f05,325,1971-08-09T06:00:00+00:00,Imported Channel 1,35.3,ft^3/s,,,,,,,,ft,Unspecified,Unspecified,Unspecified,Unspecified,Unspecified,Unknown,Unspecified,2026-06-22T22:00:26.022747+00:00,other_method,Unspecified
05578500,POINT (-89.049175 40.1151694444444),6909b653-7795-4e3c-8ac0-82113c7c7647,USGS-05578500,4e84e1e5-0f3e-769e-e053-0100007fec64,314,1970-09-09T06:00:00+00:00,Imported Channel 1,21.6,ft^3/s,,,,,,,,ft,Unspecified,Unspecified,Unspecified,Unspecified,Unspecified,Unknown,Unspecified,2026-06-22T22:00:26.022747+00:00,other_method,Unspecified
05578500,POINT (-89.049175 40.1151694444444),6939cfa2-ad67-471b-8157-f54510ffda7c,USGS-05578500,4e84e08a-a0db-7494-e053-0100007f68a7,404,1979-01-31T06:00:00+00:00,Imported Channel 1,40.5,ft^3/s,,,,,,,,ft,Unspecified,Unspecified,Unspecified,Unspecified,Unspecified,Unknown,Unspecified,2026-06-22T22:00:26.022747+00:00,other_method,Unspecified
05578500,POINT (-89.049175 40.1151694444444),6a100a0d-2c7b-4066-b950-ad0172ce9b85,USGS-05578500,8879b57d-6674-4b6e-8270-1e37ff84db5a,717,2022-02-15T18:00:49+00:00,MAIN,239,ft^3/s,67.4,ft,242,ft^2,0.99,ft/s,0.00,ft,Unspecified,SiltMud,Even,Even,Unspecified,Steady,BridgeDownstreamSide,2026-06-22T22:00:26.022747+00:00,adcp,AtTheGage
05578500,POINT (-89.049175 40.1151694444444),6a284b7e-3819-49a9-9310-15c83c72fac6,USGS-05578500,cad218a9-7955-44f0-a6e7-886673eec9f7,712,2021-06-28T14:20:49+00:00,Main,6950,ft^3/s,281,ft,2250,ft^2,3.08,ft/s,2500.00,ft,Unspecified,Unspecified,Unspecified,Unspecified,Unspecified,Unspecified,BridgeDownstreamSide,2026-06-22T22:00:26.022747+00:00,adcp,Downstream
05578500,POINT (-89.049175 40.1151694444444),6a75362d-f0b9-4185-ae36-d12b86e215fc,USGS-05578500,4e84e0d0-7a90-73d4-e053-0100007f1e94,484,1987-12-22T20:15:00+00:00,Imported Channel 1,619,ft^3/s,69.0,ft,362,ft^2,1.71,ft/s,,,Unspecified,Unspecified,Unspecified,Unspecified,Unspecified,Unknown,BridgeCrane,2026-06-22T22:00:26.022747+00:00,point_velocity,Unspecified
05578500,POINT (-89.049175 40.1151694444444),6ac1338c-e67d-428e-b9ae-d7fe47dc1d5d,USGS-05578500,4e84dc69-395c-7324-e053-0100007fe092,356,1973-12-11T06:00:00+00:00,Imported Channel 1,78.8,ft^3/s,,,,,,,,ft,Unspecified,Unspecified,Unspecified,Unspecified,Unspecified,Unknown,Unspecified,2026-06-22T22:00:26.022747+00:00,other_method,Unspecified
05578500,POINT (-89.049175 40.1151694444444),6b2cd60d-d813-45b1-b5a4-440cc3936fbd,USGS-05578500,4e84ee40-7456-7e58-e053-0100007f914f,544,1995-12-01T20:05:00+00:00,Imported Channel 1,11.6,ft^3/s,27.6,ft,28.2,ft^2,0.41,ft/s,,,Unspecified,Unspecified,Unspecified,Unspecified,Unspecified,Unknown,Wading,2026-06-22T22:00:26.022747+00:00,point_velocity,Unspecified
05578500,POINT (-89.049175 40.1151694444444),6b712327-2d16-4a12-9f20-ffc512eed06a,USGS-05578500,4e84d203-38b9-6db0-e053-0100007f362d,338,1972-09-05T06:00:00+00:00,Imported Channel 1,25.8,ft^3/s,,,,,,,,ft,Unspecified,Unspecified,Unspecified,Unspecified,Unspecified,Unknown,Unspecified,2026-06-22T22:00:26.022747+00:00,other_method,Unspecified
05578500,POINT (-89.049175 40.1151694444444),6b88e5b8-b471-4173-ac62-19e78accc091,USGS-05578500,4e84e82c-cd1e-7a98-e053-0100007f5236,644,2010-12-02T20:01:33+00:00,Channel 1,20.7,ft^3/s,50.0,ft,35.2,ft^2,0.59,ft/s,500.00,ft,Soft,Sand,Even,Even,Uniform,Unknown,Wading,2026-06-22T22:00:26.022747+00:00,point_velocity,Downstream
05578500,POINT (-89.049175 40.1151694444444),6bb648fd-efe4-4888-9bed-ae05818cc1ed,USGS-05578500,4e84f6a6-2046-8128-e053-0100007f19fb,639,2010-01-12T20:09:00+00:00,Imported Channel 1,277,ft^3/s,65.0,ft,278,ft^2,1.00,ft/s,,ft,Unspecified,Unspecified,Unspecified,Even,Unspecified,Unknown,BridgeDownstreamSide,2026-06-22T22:00:26.022747+00:00,adcp,AtTheGage
05578500,POINT (-89.049175 40.1151694444444),6be8b201-89f8-4349-9244-d4becb35b5d4,USGS-05578500,9a6075a8-44ac-4e0f-89e1-5e8a900ef19a,721,2022-09-16T16:24:21+00:00,MAIN,10.4,ft^3/s,16.5,ft,10.6,ft^2,0.98,ft/s,300.00,ft,Soft,SiltMud,Even,Unspecified,Uniform,Steady,Wading,2026-06-22T22:00:26.022747+00:00,point_velocity,Downstream
05578500,POINT (-89.049175 40.1151694444444),6c93a0a4-9d50-4cee-a4ab-8ece39be6c7f,USGS-05578500,4e84f982-6594-8451-e053-0100007f73be,667,2013-12-31T18:56:30+00:00,MAIN,9.51,ft^3/s,30.0,ft,18.1,ft^2,0.53,ft/s,300.00,ft,Soft,Sand,Even,Even,Uniform,Unknown,Wading,2026-06-22T22:00:26.022747+00:00,point_velocity,Downstream
05578500,POINT (-89.049175 40.1151694444444),6ca9c82d-11c6-408d-8f07-6f970a35fc00,USGS-05578500,4e84e640-6458-7987-e053-0100007f7264,500,1989-04-18T19:15:00+00:00,Imported Channel 1,210,ft^3/s,60.0,ft,171,ft^2,1.23,ft/s,,,Unspecified,Unspecified,Unspecified,Unspecified,Unspecified,Unknown,Wading,2026-06-22T22:00:26.022747+00:00,point_velocity,Unspecified
05578500,POINT (-89.049175 40.1151694444444),6cf6cc87-e76e-4429-8cea-5c855fe4a047,USGS-05578500,4e84e08a-a0d8-7494-e053-0100007f68a7,401,1978-09-13T06:00:00+00:00,Imported Channel 1,12.1,ft^3/s,,,,,,,,ft,Unspecified,Unspecified,Unspecified,Unspecified,Unspecified,Unknown,Unspecified,2026-06-22T22:00:26.022747+00:00,other_method,Unspecified
05578500,POINT (-89.049175 40.1151694444444),6dd0ea1e-cb0f-404b-8796-dc5beaf20f31,USGS-05578500,4e84ecb7-5c2e-7cf4-e053-0100007f70bd,659,2013-01-28T19:09:00+00:00,MAIN,98.3,ft^3/s,56.0,ft,116,ft^2,0.84,ft/s,300.00,ft,Soft,SiltMud,Even,Even,Uniform,Unknown,Wading,2026-06-22T22:00:26.022747+00:00,point_velocity,Downstream
05578500,POINT (-89.049175 40.1151694444444),6dd13e35-0e0d-4166-9099-16179edb44e6,USGS-05578500,8166e71c-294b-e15d-e053-0100007f1ce3,696,2019-02-06T17:16:29+00:00,Main,1110,ft^3/s,85.2,ft,548,ft^2,2.03,ft/s,0.00,ft,Firm,Gravel,Even,Even,Standard,Steady,BridgeDownstreamSide,2026-06-22T22:00:26.022747+00:00,adcp,AtTheGage
05578500,POINT (-89.049175 40.1151694444444),6de19cc6-2644-476f-a39c-af06109085d7,USGS-05578500,4e84ec02-da32-7cf2-e053-0100007fd655,436,1982-05-20T06:00:00+00:00,Imported Channel 1,137,ft^3/s,59.5,ft,151,ft^2,0.91,ft/s,,,Unspecified,Unspecified,Unspecified,Unspecified,Unspecified,Unknown,Wading,2026-06-22T22:00:26.022747+00:00,point_velocity,Unspecified
05578500,POINT (-89.049175 40.1151694444444),6df512fe-e3ac-4c6d-9467-dcce82c259ea,USGS-05578500,cb893be1-6741-497d-836c-92d25a5fadd6,731,2024-02-05T20:45:00+00:00,MAIN,575,ft^3/s,62.5,ft,317,ft^2,1.82,ft/s,0.00,ft,Unspecified,Unspecified,Unspecified,Unspecified,Standard,Steady,BridgeDownstreamSide,2026-06-22T22:00:26.022747+00:00,adcp,AtTheGage
05578500,POINT (-89.049175 40.1151694444444),6e4978e0-c1b8-4f72-aa9c-152dd049405e,USGS-05578500,4e84f8d8-167f-8268-e053-0100007fffa8,563,1998-05-07T17:20:00+00:00,Imported Channel 1,1100,ft^3/s,135,ft,677,ft^2,1.62,ft/s,,,Unspecified,Unspecified,Unspecified,Unspecified,Unspecified,Unknown,BridgeCrane,2026-06-22T22:00:26.022747+00:00,point_velocity,Unspecified
05578500,POINT (-89.049175 40.1151694444444),6e5629ff-e5e6-47a8-b800-787903445f24,USGS-05578500,4e84e449-def5-78b2-e053-0100007f74ce,468,1986-02-19T06:00:00+00:00,Imported Channel 1,375,ft^3/s,66.0,ft,270,ft^2,1.39,ft/s,,,Unspecified,Unspecified,Unspecified,Unspecified,Unspecified,Unknown,BridgeCrane,2026-06-22T22:00:26.022747+00:00,point_velocity,Unspecified
05578500,POINT (-89.049175 40.1151694444444),6f7a98fb-b74d-4b65-b906-73b4d55e1049,USGS-05578500,4e84fa92-2380-8589-e053-0100007f0f51,652,2012-02-14T17:40:47+00:00,Channel 1,15.9,ft^3/s,50.0,ft,30.8,ft^2,0.52,ft/s,300.00,ft,Soft,SiltMud,Even,Even,Uniform,Unknown,Wading,2026-06-22T22:00:26.022747+00:00,point_velocity,Downstream
05578500,POINT (-89.049175 40.1151694444444),6fc17221-5d56-4d75-b778-dc333eac0b16,USGS-05578500,4e84d274-9bb4-6d9a-e053-0100007f471b,458,1985-01-02T06:00:00+00:00,Imported Channel 1,731,ft^3/s,85.0,ft,445,ft^2,1.64,ft/s,,,Unspecified,Unspecified,Unspecified,Unspecified,Unspecified,Unknown,BridgeCrane,2026-06-22T22:00:26.022747+00:00,point_velocity,Unspecified
05578500,POINT (-89.049175 40.1151694444444),6ff36efc-ac4e-4abd-a1f7-a0c2c9e6341d,USGS-05578500,4e84cfb8-1d36-6c8c-e053-0100007ff928,405,1978-02-27T06:00:00+00:00,Imported Channel 1,354,ft^3/s,,,,,,,,ft,Unspecified,Unspecified,Unspecified,Unspecified,Unspecified,Unknown,Unspecified,2026-06-22T22:00:26.022747+00:00,other_method,Unspecified
05578500,POINT (-89.049175 40.1151694444444),6ffc4e4e-3e6b-4a22-b665-0e15756a15fc,USGS-05578500,4e84ec00-c275-7cee-e053-0100007ff1fa,520,1991-10-09T19:35:00+00:00,Imported Channel 1,21.7,ft^3/s,53.0,ft,81.6,ft^2,0.27,ft/s,,,Unspecified,Unspecified,Unspecified,Unspecified,Unspecified,Unknown,Wading,2026-06-22T22:00:26.022747+00:00,point_velocity,Unspecified
05578500,POINT (-89.049175 40.1151694444444),70aac91b-f9b7-490e-8376-6b940797d431,USGS-05578500,4e84ed1b-1e0d-7dbc-e053-0100007f7fbb,623,2007-06-14T19:20:00+00:00,Imported Channel 1,38.3,ft^3/s,50.0,ft,40.0,ft^2,0.96,ft/s,,,Unspecified,Unspecified,Unspecified,Unspecified,Unspecified,Unknown,Wading,2026-06-22T22:00:26.022747+00:00,point_velocity,Unspecified
05578500,POINT (-89.049175 40.1151694444444),72e3d1b6-8eb0-4429-9678-2e79a0c2741d,USGS-05578500,4e84ed61-df13-7d48-e053-0100007fc74f,460,1985-03-21T06:00:00+00:00,Imported Channel 1,512,ft^3/s,75.0,ft,339,ft^2,1.51,ft/s,,,Unspecified,Unspecified,Unspecified,Unspecified,Unspecified,Unknown,BridgeCrane,2026-06-22T22:00:26.022747+00:00,point_velocity,Unspecified
05578500,POINT (-89.049175 40.1151694444444),72ff66dc-7a17-47ab-9e83-f8875b9f6c39,USGS-05578500,4e84cf63-f975-6c5b-e053-0100007f123d,367,1974-11-15T06:00:00+00:00,Imported Channel 1,86.3,ft^3/s,,,,,,,,ft,Unspecified,Unspecified,Unspecified,Unspecified,Unspecified,Unknown,Unspecified,2026-06-22T22:00:26.022747+00:00,other_method,Unspecified
05578500,POINT (-89.049175 40.1151694444444),7303e15a-5a4d-431c-af81-4aacff9eba25,USGS-05578500,4e84e965-eec5-7b89-e053-0100007f242b,495,1988-10-12T17:25:00+00:00,Imported Channel 1,5.88,ft^3/s,20.0,ft,7.57,ft^2,0.78,ft/s,,,Unspecified,Unspecified,Unspecified,Unspecified,Unspecified,Unknown,Wading,2026-06-22T22:00:26.022747+00:00,point_velocity,Unspecified
05578500,POINT (-89.049175 40.1151694444444),74195f9c-ae50-43b1-a2c0-36a5f6655d7c,USGS-05578500,4e84f6ae-781e-8126-e053-0100007ff07f,542,1995-10-06T17:50:00+00:00,Imported Channel 1,18.2,ft^3/s,27.7,ft,20.3,ft^2,0.90,ft/s,,,Unspecified,Unspecified,Unspecified,Unspecified,Unspecified,Unknown,Wading,2026-06-22T22:00:26.022747+00:00,point_velocity,Unspecified
05578500,POINT (-89.049175 40.1151694444444),755c6e58-5859-4d72-a481-cc75bdda5323,USGS-05578500,4e84c583-afac-668b-e053-0100007fccd4,537,1994-10-19T16:55:00+00:00,Imported Channel 1,14.1,ft^3/s,29.5,ft,29.4,ft^2,0.48,ft/s,,,Unspecified,Unspecified,Unspecified,Unspecified,Unspecified,Unknown,Wading,2026-06-22T22:00:26.022747+00:00,point_velocity,Unspecified
05578500,POINT (-89.049175 40.1151694444444),75d329a9-da0a-40f1-b607-90714d6e80aa,USGS-05578500,6dff75e8-ccc9-474b-82ba-689ce62486b6,734,2024-07-26T18:17:53+00:00,MAIN,20.3,ft^3/s,54.5,ft,37.9,ft^2,0.53,ft/s,500.00,ft,Soft,Sand,Even,Unspecified,Standard,Pulsating,Wading,2026-06-22T22:00:26.022747+00:00,point_velocity,Downstream
05578500,POINT (-89.049175 40.1151694444444),7623caa4-c97c-4127-b61e-841ee11d0f8d,USGS-05578500,4e84f5f0-419b-8202-e053-0100007fd608,600,2003-10-27T19:14:00+00:00,Imported Channel 1,11.7,ft^3/s,37.9,ft,30.1,ft^2,0.39,ft/s,,,Unspecified,Unspecified,Unspecified,Unspecified,Unspecified,Unknown,Wading,2026-06-22T22:00:26.022747+00:00,point_velocity,Unspecified
05578500,POINT (-89.049175 40.1151694444444),77c2c071-6504-4a4d-9c86-b3e7e9e4e686,USGS-05578500,4e84fa6f-1caa-856d-e053-0100007f4fb9,586,2001-09-04T13:42:00+00:00,Imported Channel 1,8.76,ft^3/s,13.9,ft,6.67,ft^2,1.31,ft/s,,,Unspecified,Unspecified,Unspecified,Unspecified,Unspecified,Unknown,Wading,2026-06-22T22:00:26.022747+00:00,point_velocity,Unspecified
05578500,POINT (-89.049175 40.1151694444444),7988e67c-7b1c-4200-989e-93ad28e8efb8,USGS-05578500,4e84ec72-216f-7ce2-e053-0100007f22ff,631,2008-08-08T21:32:00+00:00,Imported Channel 1,102,ft^3/s,62.0,ft,108,ft^2,0.94,ft/s,,,Unspecified,Unspecified,Unspecified,Unspecified,Unspecified,Unknown,Wading,2026-06-22T22:00:26.022747+00:00,point_velocity,Unspecified
05578500,POINT (-89.049175 40.1151694444444),7a4740c2-a54a-43cc-b094-eba0598f1dad,USGS-05578500,4e84ed39-778d-7d44-e053-0100007f2a1a,594,2003-01-29T19:09:00+00:00,Imported Channel 1,13.0,ft^3/s,23.7,ft,17.8,ft^2,0.73,ft/s,,,Unspecified,Unspecified,Unspecified,Unspecified,Unspecified,Unknown,Ice,2026-06-22T22:00:26.022747+00:00,point_velocity,Unspecified
05578500,POINT (-89.049175 40.1151694444444),7a4d36e2-2958-4460-b584-4d9388add8d8,USGS-05578500,4e84ec05-3590-7ce6-e053-0100007f3ee6,650,2011-10-12T14:08:23+00:00,Channel 1,7.26,ft^3/s,42.0,ft,39.5,ft^2,0.18,ft/s,300.00,ft,Firm,Gravel,Even,Even,Uniform,Unknown,Wading,2026-06-22T22:00:26.022747+00:00,point_velocity,Downstream
05578500,POINT (-89.049175 40.1151694444444),7ad41b86-54d2-47eb-9238-695c4be8bc47,USGS-05578500,580c4d28-bcba-4c24-8630-8cdd2c3e8c40,747,2026-05-28T18:42:27+00:00,Main,67.1,ft^3/s,63.4,ft,91.9,ft^2,0.73,ft/s,0.00,ft,Soft,Sand,Uneven,Even,Standard,Steady,BridgeDownstreamSide,2026-06-22T22:00:26.022747+00:00,adcp,AtTheGage
05578500,POINT (-89.049175 40.1151694444444),7b65e61f-c0c3-4929-906e-c5e345ac6fe9,USGS-05578500,4e84f37a-ceb1-8055-e053-0100007f832a,663,2013-07-15T17:17:37+00:00,MAIN,246,ft^3/s,65.7,ft,262,ft^2,0.94,ft/s,,ft,Soft,SiltMud,Even,Even,Uniform,Unknown,BridgeDownstreamSide,2026-06-22T22:00:26.022747+00:00,adcp,AtTheGage
05578500,POINT (-89.049175 40.1151694444444),7bdf4047-ffcb-43aa-b13a-bc9a961e298c,USGS-05578500,15034807-4fa8-4700-80f0-56eea960f8f5,741,2025-07-01T19:07:32+00:00,Main,77.3,ft^3/s,58.0,ft,85.0,ft^2,0.91,ft/s,800.00,ft,Soft,Sand,Even,Unspecified,Standard,Steady,Wading,2026-06-22T22:00:26.022747+00:00,point_velocity,Downstream
05578500,POINT (-89.049175 40.1151694444444),7c17b9c9-d5c6-4cd0-897c-00193f3bcc17,USGS-05578500,4e84f592-8ea0-8204-e053-0100007f334d,598,2003-07-22T17:48:00+00:00,Imported Channel 1,331,ft^3/s,69.0,ft,251,ft^2,1.32,ft/s,,,Unspecified,Unspecified,Unspecified,Unspecified,Unspecified,Unknown,BridgeCrane,2026-06-22T22:00:26.022747+00:00,point_velocity,Unspecified
05578500,POINT (-89.049175 40.1151694444444),7c9cca7f-4d36-459e-bef8-d4d109b096de,USGS-05578500,4e84f388-0f6a-802c-e053-0100007ffc24,674,2015-03-12T15:06:00+00:00,MAIN,345,ft^3/s,71.8,ft,290,ft^2,1.19,ft/s,,ft,Soft,SiltMud,Even,Even,Standard,Unknown,BridgeDownstreamSide,2026-06-22T22:00:26.022747+00:00,adcp,AtTheGage
05578500,POINT (-89.049175 40.1151694444444),7d5c2cc5-cde9-49e8-88d4-060866cf4912,USGS-05578500,4e84e296-5412-73d8-e053-0100007f7524,552,1996-12-04T15:30:00+00:00,Imported Channel 1,14.9,ft^3/s,27.0,ft,19.5,ft^2,0.76,ft/s,,,Unspecified,Unspecified,Unspecified,Unspecified,Unspecified,Unknown,Wading,2026-06-22T22:00:26.022747+00:00,point_velocity,Unspecified
05578500,POINT (-89.049175 40.1151694444444),7e4b7450-dbb0-4f5e-bf14-1482c87168c1,USGS-05578500,4e84e1a8-c869-76ae-e053-0100007fae01,343,1973-02-08T06:00:00+00:00,Imported Channel 1,365,ft^3/s,,,,,,,,ft,Unspecified,Unspecified,Unspecified,Unspecified,Unspecified,Unknown,Unspecified,2026-06-22T22:00:26.022747+00:00,other_method,Unspecified
05578500,POINT (-89.049175 40.1151694444444),7eb148c7-be11-443f-903d-d3c69b847b1c,USGS-05578500,4e84f621-9369-826a-e053-0100007f6300,645,2011-02-14T19:05:29+00:00,Channel 1,37.2,ft^3/s,51.0,ft,85.1,ft^2,0.44,ft/s,700.00,ft,Soft,Sand,Even,Even,Uniform,Unknown,Wading,2026-06-22T22:00:26.022747+00:00,point_velocity,Downstream
05578500,POINT (-89.049175 40.1151694444444),7f5f9f0a-df51-48ec-9838-7fd1e8ab067b,USGS-05578500,4e84d488-6be0-6f1b-e053-0100007f4142,351,1973-07-06T06:00:00+00:00,Imported Channel 1,280,ft^3/s,,,,,,,,ft,Unspecified,Unspecified,Unspecified,Unspecified,Unspecified,Unknown,Unspecified,2026-06-22T22:00:26.022747+00:00,other_method,Unspecified
05578500,POINT (-89.049175 40.1151694444444),80ca6ad5-00d8-4719-9a19-cc3c29e89fdd,USGS-05578500,58d555fa-a47c-45ef-a91a-4cde10cbabd2,715,2021-12-16T19:38:19+00:00,Main,136,ft^3/s,64.4,ft,193,ft^2,0.71,ft/s,0.00,ft,Unspecified,Unspecified,Unspecified,Unspecified,Unspecified,Unspecified,BridgeDownstreamSide,2026-06-22T22:00:26.022747+00:00,adcp,AtTheGage
05578500,POINT (-89.049175 40.1151694444444),8131827f-36d4-4f77-87ae-cc8fbba4c042,USGS-05578500,4e84e634-1040-7985-e053-0100007f0c76,443,1983-04-13T06:00:00+00:00,Imported Channel 1,983,ft^3/s,69.0,ft,393,ft^2,2.50,ft/s,,,Unspecified,Unspecified,Unspecified,Unspecified,Unspecified,Unknown,BridgeCrane,2026-06-22T22:00:26.022747+00:00,point_velocity,Unspecified
05578500,POINT (-89.049175 40.1151694444444),81b19bbf-e28e-4a0e-9f86-23c744e0fcdf,USGS-05578500,4e84ee3c-9480-7da7-e053-0100007ff28f,648,2011-06-23T17:01:00+00:00,Imported Channel 1,371,ft^3/s,68.8,ft,345,ft^2,1.08,ft/s,,ft,Soft,SiltMud,Even,Even,Uniform,Unknown,BridgeDownstreamSide,2026-06-22T22:00:26.022747+00:00,adcp,AtTheGage
05578500,POINT (-89.049175 40.1151694444444),8206caad-407a-4416-aecd-512240bd78d7,USGS-05578500,c0c1bec4-97bb-447d-a5f6-975ac27b6b46,707,2020-12-03T17:58:39+00:00,MAIN,10.5,ft^3/s,17.8,ft,10.5,ft^2,1.00,ft/s,520.00,ft,Unspecified,Unspecified,Unspecified,Unspecified,Unspecified,Unspecified,Wading,2026-06-22T22:00:26.022747+00:00,point_velocity,Downstream
05578500,POINT (-89.049175 40.1151694444444),82e765a3-2db5-4540-8f57-0c1c780771b1,USGS-05578500,4e84ec02-da34-7cf2-e053-0100007fd655,499,1989-03-09T20:00:00+00:00,Imported Channel 1,22.1,ft^3/s,36.0,ft,34.5,ft^2,0.64,ft/s,,,Unspecified,Unspecified,Unspecified,Unspecified,Unspecified,Unknown,Wading,2026-06-22T22:00:26.022747+00:00,point_velocity,Unspecified
05578500,POINT (-89.049175 40.1151694444444),8334fa4b-3d17-44f6-ba9a-bdc785f49136,USGS-05578500,4e84cef2-fb1e-6bc4-e053-0100007f3b67,454,1984-07-25T06:00:00+00:00,Imported Channel 1,24.1,ft^3/s,51.0,ft,61.5,ft^2,0.39,ft/s,,,Unspecified,Unspecified,Unspecified,Unspecified,Unspecified,Unknown,Wading,2026-06-22T22:00:26.022747+00:00,point_velocity,Unspecified
05578500,POINT (-89.049175 40.1151694444444),8483a4b3-13aa-4664-831c-51c22b0d087c,USGS-05578500,4e84e449-df0c-78b2-e053-0100007f74ce,595,2003-02-25T18:54:00+00:00,Imported Channel 1,55.4,ft^3/s,46.0,ft,67.7,ft^2,0.82,ft/s,,,Unspecified,Unspecified,Unspecified,Unspecified,Unspecified,Unknown,Wading,2026-06-22T22:00:26.022747+00:00,point_velocity,Unspecified
05578500,POINT (-89.049175 40.1151694444444),84bd42ad-cb17-4210-963c-e76bc3519220,USGS-05578500,4e84d9d2-201f-72bc-e053-0100007f2816,428,1981-08-06T06:00:00+00:00,Imported Channel 1,1920,ft^3/s,331,ft,844,ft^2,2.27,ft/s,,,Unspecified,Unspecified,Unspecified,Unspecified,Unspecified,Unknown,BridgeCrane,2026-06-22T22:00:26.022747+00:00,point_velocity,Unspecified
05578500,POINT (-89.049175 40.1151694444444),85642348-ebb3-4c34-9bef-514b255b6481,USGS-05578500,6f617fec-d9ca-41eb-bd9f-b0c39caffe38,729,2023-12-13T16:30:45+00:00,MAIN,161,ft^3/s,62.6,ft,168,ft^2,0.96,ft/s,0.00,ft,Unspecified,Unspecified,Unspecified,Unspecified,Standard,Steady,BridgeDownstreamSide,2026-06-22T22:00:26.022747+00:00,adcp,AtTheGage
05578500,POINT (-89.049175 40.1151694444444),86292548-3aff-4e95-b01c-a2134b088855,USGS-05578500,7b1e9b28-3946-47a8-9992-68cbc7942d20,711,2021-06-27T17:48:19+00:00,Main,6650,ft^3/s,285,ft,2210,ft^2,3.01,ft/s,2500.00,ft,Unspecified,Unspecified,Unspecified,Unspecified,Unspecified,Unspecified,BridgeDownstreamSide,2026-06-22T22:00:26.022747+00:00,adcp,Downstream
05578500,POINT (-89.049175 40.1151694444444),865ac8cc-a8a1-401b-97b3-c2e9f58518b8,USGS-05578500,4e84d8b0-11ab-707b-e053-0100007fc9d2,330,1972-01-03T06:00:00+00:00,Imported Channel 1,703,ft^3/s,,,,,,,,ft,Unspecified,Unspecified,Unspecified,Unspecified,Unspecified,Unknown,Unspecified,2026-06-22T22:00:26.022747+00:00,other_method,Unspecified
05578500,POINT (-89.049175 40.1151694444444),87d693cb-d645-4559-833d-890c3d4219af,USGS-05578500,4e84e503-a776-78ea-e053-0100007fc111,493,1988-09-01T17:55:00+00:00,Imported Channel 1,5.37,ft^3/s,16.0,ft,6.40,ft^2,0.84,ft/s,,,Unspecified,Unspecified,Unspecified,Unspecified,Unspecified,Unknown,Wading,2026-06-22T22:00:26.022747+00:00,point_velocity,Unspecified
05578500,POINT (-89.049175 40.1151694444444),8868750f-2508-45ff-8ec7-d8c7ce82397b,USGS-05578500,d413db16-3302-45a6-8d70-43cc9f59b44f,720,2022-07-15T16:36:52+00:00,MAIN,32.4,ft^3/s,39.0,ft,24.6,ft^2,1.32,ft/s,300.00,ft,Soft,SiltMud,Even,Even,Standard,Steady,Wading,2026-06-22T22:00:26.022747+00:00,point_velocity,Downstream
05578500,POINT (-89.049175 40.1151694444444),896249ea-c919-42ff-80fb-e4a022f11c41,USGS-05578500,4e84ec00-c27f-7cee-e053-0100007ff1fa,574,1999-12-13T15:15:00+00:00,Imported Channel 1,15.2,ft^3/s,20.0,ft,10.6,ft^2,1.43,ft/s,,,Unspecified,Unspecified,Unspecified,Unspecified,Unspecified,Unknown,BridgeCrane,2026-06-22T22:00:26.022747+00:00,point_velocity,Unspecified
05578500,POINT (-89.049175 40.1151694444444),898e7156-6226-424a-b8a5-d0e47e2c7898,USGS-05578500,e7c36cca-12a6-4311-9de6-41028049c651,730,2024-01-30T17:53:00+00:00,MAIN,1340,ft^3/s,77.9,ft,599,ft^2,2.24,ft/s,0.00,ft,Unspecified,Unspecified,Unspecified,Unspecified,Standard,Steady,BridgeDownstreamSide,2026-06-22T22:00:26.022747+00:00,adcp,AtTheGage
05578500,POINT (-89.049175 40.1151694444444),89c41a91-56e1-4873-89e5-7a870d1604a7,USGS-05578500,4e84fa4a-05db-8509-e053-0100007f31d6,635,2009-05-06T20:14:00+00:00,Imported Channel 1,1060,ft^3/s,83.9,ft,586,ft^2,1.81,ft/s,,ft,Unspecified,Unspecified,Unspecified,Unspecified,Unspecified,Unknown,BridgeDownstreamSide,2026-06-22T22:00:26.022747+00:00,adcp,Unspecified
05578500,POINT (-89.049175 40.1151694444444),8a4e617d-0b1e-47a0-b7b3-f26fd96a02ef,USGS-05578500,4e84e1e5-0f47-769e-e053-0100007fec64,396,1978-02-10T06:00:00+00:00,Imported Channel 1,161,ft^3/s,,,,,,,,ft,Unspecified,Unspecified,Unspecified,Unspecified,Unspecified,Unknown,Unspecified,2026-06-22T22:00:26.022747+00:00,other_method,Unspecified
05578500,POINT (-89.049175 40.1151694444444),8a7ad77f-b606-47b0-8ec3-7e5f9d8bac59,USGS-05578500,4e84dc93-3746-73da-e053-0100007f7e75,551,1996-10-15T20:10:00+00:00,Imported Channel 1,10.0,ft^3/s,22.0,ft,17.4,ft^2,0.57,ft/s,,,Unspecified,Unspecified,Unspecified,Unspecified,Unspecified,Unknown,Wading,2026-06-22T22:00:26.022747+00:00,point_velocity,Unspecified
05578500,POINT (-89.049175 40.1151694444444),8abf0e98-7c37-4e05-8b48-c2508b892e41,USGS-05578500,4e84fb46-3e5d-8579-e053-0100007fcd7c,588,2001-11-27T18:55:00+00:00,Imported Channel 1,14.4,ft^3/s,17.5,ft,12.8,ft^2,1.13,ft/s,,,Unspecified,Unspecified,Unspecified,Unspecified,Unspecified,Unknown,Wading,2026-06-22T22:00:26.022747+00:00,point_velocity,Unspecified
05578500,POINT (-89.049175 40.1151694444444),8b0fcdf4-ccdd-4477-b1aa-3a76bcb59cd3,USGS-05578500,4e84cf0a-9407-6c74-e053-0100007f4a54,361,1974-05-07T06:00:00+00:00,Imported Channel 1,128,ft^3/s,,,,,,,,ft,Unspecified,Unspecified,Unspecified,Unspecified,Unspecified,Unknown,Unspecified,2026-06-22T22:00:26.022747+00:00,other_method,Unspecified
05578500,POINT (-89.049175 40.1151694444444),8c008268-664f-4783-922f-8b6c1bb7539a,USGS-05578500,4e85039d-8c5d-896a-e053-0100007fd3ca,669,2014-04-21T15:46:30+00:00,MAIN,91.3,ft^3/s,56.0,ft,90.9,ft^2,1.00,ft/s,300.00,ft,Soft,SiltMud,Even,Even,Uniform,Unknown,Wading,2026-06-22T22:00:26.022747+00:00,point_velocity,Downstream
05578500,POINT (-89.049175 40.1151694444444),8c53b0bd-99d9-4454-a0bc-06409d7dea7a,USGS-05578500,4e84d928-a383-7246-e053-0100007f442f,386,1977-01-05T06:00:00+00:00,Imported Channel 1,483,ft^3/s,,,,,,,,ft,Unspecified,Unspecified,Unspecified,Unspecified,Unspecified,Unknown,Unspecified,2026-06-22T22:00:26.022747+00:00,other_method,Unspecified
05578500,POINT (-89.049175 40.1151694444444),8c57b371-90f3-487d-980b-bf2ca04732c4,USGS-05578500,4e84e08a-a0d6-7494-e053-0100007f68a7,399,1978-06-21T06:00:00+00:00,Imported Channel 1,77.0,ft^3/s,,,,,,,,ft,Unspecified,Unspecified,Unspecified,Unspecified,Unspecified,Unknown,Unspecified,2026-06-22T22:00:26.022747+00:00,other_method,Unspecified
05578500,POINT (-89.049175 40.1151694444444),8ced16a4-ebe4-4321-8515-9deabc97386f,USGS-05578500,4e84f5c2-2159-81fc-e053-0100007f7c1d,550,1996-08-29T16:40:00+00:00,Imported Channel 1,11.6,ft^3/s,24.0,ft,17.9,ft^2,0.63,ft/s,,,Unspecified,Unspecified,Unspecified,Unspecified,Unspecified,Unknown,Wading,2026-06-22T22:00:26.022747+00:00,point_velocity,Unspecified
05578500,POINT (-89.049175 40.1151694444444),8d2b9770-4581-4157-a989-10e167f7265d,USGS-05578500,4e84f381-767f-80aa-e053-0100007f2bc8,609,2004-11-03T16:43:00+00:00,Imported Channel 1,735,ft^3/s,85.0,ft,469,ft^2,1.57,ft/s,,,Unspecified,Unspecified,Unspecified,Unspecified,Unspecified,Unknown,BridgeCrane,2026-06-22T22:00:26.022747+00:00,point_velocity,Unspecified
05578500,POINT (-89.049175 40.1151694444444),8d8d38c7-68d0-41fb-9eb9-bbcdc026e55e,USGS-05578500,4e84efae-ae7d-7ee3-e053-0100007f8da1,617,2006-03-14T19:45:00+00:00,Imported Channel 1,792,ft^3/s,83.4,ft,552,ft^2,1.46,ft/s,,ft,Unspecified,Unspecified,Unspecified,Unspecified,Unspecified,Unknown,Unspecified,2026-06-22T22:00:26.022747+00:00,adcp,Unspecified
05578500,POINT (-89.049175 40.1151694444444),8dea8cea-a6b5-4d8c-ba84-3cf162c04c11,USGS-05578500,4e84ec9f-a635-7cfa-e053-0100007fe4f7,629,2008-04-01T20:34:00+00:00,Imported Channel 1,486,ft^3/s,63.2,ft,364,ft^2,1.34,ft/s,,ft,Unspecified,Unspecified,Unspecified,Unspecified,Unspecified,Unknown,Unspecified,2026-06-22T22:00:26.022747+00:00,adcp,Unspecified
05578500,POINT (-89.049175 40.1151694444444),8ec19867-a29f-4c5f-92f4-e8009110c84c,USGS-05578500,4e84d203-38b2-6db0-e053-0100007f362d,309,1970-05-21T06:00:00+00:00,Imported Channel 1,328,ft^3/s,,,,,,,,ft,Unspecified,Unspecified,Unspecified,Unspecified,Unspecified,Unknown,Unspecified,2026-06-22T22:00:26.022747+00:00,other_method,Unspecified
05578500,POINT (-89.049175 40.1151694444444),8f631670-75b8-466c-8722-9ba737798b29,USGS-05578500,4e84d203-38c4-6db0-e053-0100007f362d,434,1982-02-23T06:00:00+00:00,Imported Channel 1,2880,ft^3/s,407,ft,1160,ft^2,2.48,ft/s,,,Unspecified,Unspecified,Unspecified,Unspecified,Unspecified,Unknown,BridgeCrane,2026-06-22T22:00:26.022747+00:00,point_velocity,Unspecified
05578500,POINT (-89.049175 40.1151694444444),8f736f53-2802-45dd-b24d-b3567d375402,USGS-05578500,4e84f388-0f49-802c-e053-0100007ffc24,506,1989-12-20T20:00:00+00:00,Imported Channel 1,8.32,ft^3/s,41.0,ft,57.5,ft^2,0.14,ft/s,,,Unspecified,Unspecified,Unspecified,Unspecified,Unspecified,Unknown,Ice,2026-06-22T22:00:26.022747+00:00,point_velocity,Unspecified
05578500,POINT (-89.049175 40.1151694444444),8f94be78-21af-4a9a-96e4-2c24613adb20,USGS-05578500,4e84e813-b265-76b2-e053-0100007fe001,310,1970-06-17T06:00:00+00:00,Imported Channel 1,334,ft^3/s,,,,,,,,ft,Unspecified,Unspecified,Unspecified,Unspecified,Unspecified,Unknown,Unspecified,2026-06-22T22:00:26.022747+00:00,other_method,Unspecified
05578500,POINT (-89.049175 40.1151694444444),901c4706-4836-44af-8d4b-518ad755fcc3,USGS-05578500,4e84d03a-1cf5-6c72-e053-0100007fef9b,315,1970-10-06T06:00:00+00:00,Imported Channel 1,104,ft^3/s,,,,,,,,ft,Unspecified,Unspecified,Unspecified,Unspecified,Unspecified,Unknown,Unspecified,2026-06-22T22:00:26.022747+00:00,other_method,Unspecified
05578500,POINT (-89.049175 40.1151694444444),903a15ef-f23f-4d8a-a32f-715a6f4aaa0d,USGS-05578500,4e84e503-a779-78ea-e053-0100007fc111,502,1989-06-30T18:15:00+00:00,Imported Channel 1,82.5,ft^3/s,42.0,ft,80.5,ft^2,9.78,ft/s,,,Unspecified,Unspecified,Unspecified,Unspecified,Unspecified,Unknown,Wading,2026-06-22T22:00:26.022747+00:00,point_velocity,Unspecified
05578500,POINT (-89.049175 40.1151694444444),939b72fd-abda-4bd8-b927-07fc26481966,USGS-05578500,4e84ec00-c271-7cee-e053-0100007ff1fa,496,1988-11-08T20:00:00+00:00,Imported Channel 1,5.70,ft^3/s,24.0,ft,24.9,ft^2,0.23,ft/s,,,Unspecified,Unspecified,Unspecified,Unspecified,Unspecified,Unknown,Wading,2026-06-22T22:00:26.022747+00:00,point_velocity,Unspecified
05578500,POINT (-89.049175 40.1151694444444),963d6415-cdc0-4d10-8aa8-6db39de3be41,USGS-05578500,4e84e462-3b09-78ae-e053-0100007f525d,518,1991-07-18T20:05:00+00:00,Imported Channel 1,27.2,ft^3/s,55.0,ft,86.1,ft^2,0.32,ft/s,,,Unspecified,Unspecified,Unspecified,Unspecified,Unspecified,Unknown,Wading,2026-06-22T22:00:26.022747+00:00,point_velocity,Unspecified
05578500,POINT (-89.049175 40.1151694444444),964a0427-1e7b-4ce8-8ce1-0733a05a58ae,USGS-05578500,4e84e503-a782-78ea-e053-0100007fc111,531,1993-10-19T16:10:00+00:00,Imported Channel 1,2930,ft^3/s,395,ft,1390,ft^2,2.11,ft/s,,,Unspecified,Unspecified,Unspecified,Unspecified,Unspecified,Unknown,BridgeCrane,2026-06-22T22:00:26.022747+00:00,point_velocity,Unspecified
05578500,POINT (-89.049175 40.1151694444444),97c12201-43db-4c72-bb4a-301ca914e3a9,USGS-05578500,4e84e489-78ab-78b0-e053-0100007fe442,606,2004-07-09T16:33:00+00:00,Imported Channel 1,133,ft^3/s,52.0,ft,94.3,ft^2,1.41,ft/s,,,Unspecified,Unspecified,Unspecified,Unspecified,Unspecified,Unknown,Wading,2026-06-22T22:00:26.022747+00:00,point_velocity,Unspecified
05578500,POINT (-89.049175 40.1151694444444),9831f1e2-09ee-471b-b096-828b1352f043,USGS-05578500,4e84fa1c-47cd-8507-e053-0100007f397a,637,2009-09-01T19:19:00+00:00,Imported Channel 1,132,ft^3/s,58.5,ft,94.2,ft^2,1.40,ft/s,400.00,ft,Firm,SiltMud,Even,Uneven,Unspecified,Unknown,Wading,2026-06-22T22:00:26.022747+00:00,point_velocity,Downstream
05578500,POINT (-89.049175 40.1151694444444),9841847d-0d0d-465d-b0cf-ed4cc37f7141,USGS-05578500,4e84eec3-3866-7e56-e053-0100007f26d2,566,1998-10-23T19:30:00+00:00,Imported Channel 1,11.1,ft^3/s,17.0,ft,9.15,ft^2,1.21,ft/s,,,Unspecified,Unspecified,Unspecified,Unspecified,Unspecified,Unknown,Wading,2026-06-22T22:00:26.022747+00:00,point_velocity,Unspecified
05578500,POINT (-89.049175 40.1151694444444),9896a6e4-e8b8-4636-8a1e-b6fc944cc0f6,USGS-05578500,4e84d3c2-3773-6ddf-e053-0100007fb4ae,392,1977-08-26T06:00:00+00:00,Imported Channel 1,202,ft^3/s,,,,,,,,ft,Unspecified,Unspecified,Unspecified,Unspecified,Unspecified,Unknown,Unspecified,2026-06-22T22:00:26.022747+00:00,other_method,Unspecified
05578500,POINT (-89.049175 40.1151694444444),98c90985-f9e7-4cd6-bc55-29ab80ec1027,USGS-05578500,4e84e125-1a96-76a2-e053-0100007f7548,313,1970-08-10T06:00:00+00:00,Imported Channel 1,46.9,ft^3/s,,,,,,,,ft,Unspecified,Unspecified,Unspecified,Unspecified,Unspecified,Unknown,Unspecified,2026-06-22T22:00:26.022747+00:00,other_method,Unspecified
05578500,POINT (-89.049175 40.1151694444444),992f5acd-93bc-49c7-b168-1aceecd2461b,USGS-05578500,4e84fca6-d386-863f-e053-0100007faeac,632,2008-10-20T19:40:00+00:00,Imported Channel 1,62.6,ft^3/s,58.0,ft,106,ft^2,0.59,ft/s,,,Unspecified,Unspecified,Unspecified,Unspecified,Unspecified,Unknown,Wading,2026-06-22T22:00:26.022747+00:00,point_velocity,Unspecified
05578500,POINT (-89.049175 40.1151694444444),999c40ca-8223-4392-a25f-02dadfdf55c5,USGS-05578500,4e84d229-47fe-6d98-e053-0100007f4f8e,418,1980-08-18T06:00:00+00:00,Imported Channel 1,50.0,ft^3/s,,,,,,,,ft,Unspecified,Unspecified,Unspecified,Unspecified,Unspecified,Unknown,Unspecified,2026-06-22T22:00:26.022747+00:00,other_method,Unspecified
05578500,POINT (-89.049175 40.1151694444444),99d6402e-c665-4e52-b8af-f6ab19f73906,USGS-05578500,4e84ecde-21e7-7d97-e053-0100007f7240,615,2005-10-07T16:43:00+00:00,Imported Channel 1,8.05,ft^3/s,20.0,ft,9.00,ft^2,0.89,ft/s,,,Unspecified,Unspecified,Unspecified,Unspecified,Unspecified,Unknown,Wading,2026-06-22T22:00:26.022747+00:00,point_velocity,Unspecified
05578500,POINT (-89.049175 40.1151694444444),9aeb2cbf-52de-497f-953c-907149258523,USGS-05578500,4e84f982-6596-8451-e053-0100007f73be,672,2014-10-01T15:19:21+00:00,MAIN,219,ft^3/s,63.7,ft,233,ft^2,0.94,ft/s,,ft,Soft,SiltMud,Even,Even,Uniform,Unknown,BridgeDownstreamSide,2026-06-22T22:00:26.022747+00:00,adcp,AtTheGage
05578500,POINT (-89.049175 40.1151694444444),9ba843d5-0b87-4479-a883-5be077f521c4,USGS-05578500,72ccffd8-81c3-4564-a368-47f0ab9d956e,746,2026-04-16T17:30:44+00:00,Main,32.8,ft^3/s,58.0,ft,54.1,ft^2,0.61,ft/s,500.00,ft,Soft,Sand,Even,Even,Unknown,Steady,Wading,2026-06-22T22:00:26.022747+00:00,point_velocity,Downstream
05578500,POINT (-89.049175 40.1151694444444),9ca8a5eb-6a04-47ba-a20b-00042eb8b423,USGS-05578500,4e84ee3c-948b-7da7-e053-0100007ff28f,677,2015-10-19T18:07:00+00:00,MAIN,12.2,ft^3/s,51.0,ft,38.9,ft^2,0.31,ft/s,800.00,ft,Firm,SiltMud,Even,Even,Unknown,Unknown,Wading,2026-06-22T22:00:26.022747+00:00,point_velocity,Downstream
05578500,POINT (-89.049175 40.1151694444444),9dbe3469-07bf-4a2d-a581-f8332dd6d286,USGS-05578500,4e84d200-fd6e-6dae-e053-0100007ff353,321,1971-04-08T06:00:00+00:00,Imported Channel 1,122,ft^3/s,,,,,,,,ft,Unspecified,Unspecified,Unspecified,Unspecified,Unspecified,Unknown,Unspecified,2026-06-22T22:00:26.022747+00:00,other_method,Unspecified
05578500,POINT (-89.049175 40.1151694444444),9ea3dbc3-967e-4f3f-91e7-9b2f09176788,USGS-05578500,4e84deb8-f9ef-74e6-e053-0100007f8872,581,2001-02-01T19:50:00+00:00,Imported Channel 1,926,ft^3/s,81.0,ft,550,ft^2,1.68,ft/s,,,Unspecified,Unspecified,Unspecified,Unspecified,Unspecified,Unknown,BridgeCrane,2026-06-22T22:00:26.022747+00:00,point_velocity,Unspecified
05578500,POINT (-89.049175 40.1151694444444),9edf3453-4759-4109-b9cd-60e4251816fb,USGS-05578500,13bdfdee-cbb6-418a-809e-f1879a371592,709,2021-03-17T20:38:54+00:00,Main,24.7,ft^3/s,64.4,ft,115,ft^2,0.22,ft/s,20.00,ft,Soft,SiltMud,Uneven,Uneven,NonStandard,Steady,Wading,2026-06-22T22:00:26.022747+00:00,point_velocity,Upstream
05578500,POINT (-89.049175 40.1151694444444),9fb4504a-9bc8-41e8-96f8-d6fbf6417abe,USGS-05578500,4e84d200-fd71-6dae-e053-0100007ff353,324,1971-07-16T06:00:00+00:00,Imported Channel 1,740,ft^3/s,,,,,,,,ft,Unspecified,Unspecified,Unspecified,Unspecified,Unspecified,Unknown,Unspecified,2026-06-22T22:00:26.022747+00:00,other_method,Unspecified
05578500,POINT (-89.049175 40.1151694444444),a15a52ef-c65f-4b3a-b9b6-10cdb5300283,USGS-05578500,6e3a5d01-e4bd-4391-80e8-32684a4f2e1c,727,2023-09-01T17:17:25+00:00,MAIN,10.6,ft^3/s,18.0,ft,10.9,ft^2,0.97,ft/s,,,Unspecified,Unspecified,Unspecified,Unspecified,Unspecified,Unspecified,Wading,2026-06-22T22:00:26.022747+00:00,point_velocity,Unspecified
05578500,POINT (-89.049175 40.1151694444444),a15ab969-84a9-4ca8-b6e9-673f85f0a45f,USGS-05578500,4e84ed1b-1e12-7dbc-e053-0100007f7fbb,671,2014-07-16T14:52:01+00:00,MAIN,1990,ft^3/s,102,ft,862,ft^2,2.31,ft/s,,ft,Soft,SiltMud,Even,Even,Uniform,Unknown,BridgeDownstreamSide,2026-06-22T22:00:26.022747+00:00,adcp,AtTheGage
05578500,POINT (-89.049175 40.1151694444444),a1c7345d-b0ab-4bac-9b98-55835e07dfc2,USGS-05578500,4e84ecb7-5c1b-7cf4-e053-0100007f70bd,391,1977-08-04T06:00:00+00:00,Imported Channel 1,19.0,ft^3/s,,,,,,,,ft,Unspecified,Unspecified,Unspecified,Unspecified,Unspecified,Unknown,Unspecified,2026-06-22T22:00:26.022747+00:00,other_method,Unspecified
05578500,POINT (-89.049175 40.1151694444444),a26286de-be3e-425d-b878-798f183dba38,USGS-05578500,4e84e010-a376-762e-e053-0100007f46e3,385,1976-11-19T06:00:00+00:00,Imported Channel 1,8.03,ft^3/s,,,,,,,,ft,Unspecified,Unspecified,Unspecified,Unspecified,Unspecified,Unknown,Unspecified,2026-06-22T22:00:26.022747+00:00,other_method,Unspecified
05578500,POINT (-89.049175 40.1151694444444),a356206c-89ea-424e-a5ab-cc1d586fab59,USGS-05578500,9b91e53f-099a-4e67-880f-227070f5b89a,705,2020-07-23T21:00:45+00:00,Main,35.0,ft^3/s,47.7,ft,30.9,ft^2,1.13,ft/s,300.00,ft,Unspecified,Unspecified,Unspecified,Even,Unspecified,Unspecified,Wading,2026-06-22T22:00:26.022747+00:00,point_velocity,Downstream
05578500,POINT (-89.049175 40.1151694444444),a71a6c2b-7bc9-474f-865b-ce67887fdc5e,USGS-05578500,4e84e634-1043-7985-e053-0100007f0c76,464,1985-09-03T06:00:00+00:00,Imported Channel 1,30.7,ft^3/s,28.0,ft,25.7,ft^2,1.19,ft/s,,,Unspecified,Unspecified,Unspecified,Unspecified,Unspecified,Unknown,Wading,2026-06-22T22:00:26.022747+00:00,point_velocity,Unspecified
05578500,POINT (-89.049175 40.1151694444444),a77ccdc8-183a-4649-b62a-9a110559758e,USGS-05578500,4e84e640-6448-7987-e053-0100007f7264,413,1980-01-31T06:00:00+00:00,Imported Channel 1,8.92,ft^3/s,,,,,,,,ft,Unspecified,Unspecified,Unspecified,Unspecified,Unspecified,Unknown,Unspecified,2026-06-22T22:00:26.022747+00:00,other_method,Unspecified
05578500,POINT (-89.049175 40.1151694444444),a82d5bfb-4671-4ecb-ac71-d02a8debc191,USGS-05578500,4e84eb02-040a-7a9a-e053-0100007f0d77,509,1990-05-03T19:00:00+00:00,Imported Channel 1,129,ft^3/s,59.0,ft,145,ft^2,0.89,ft/s,,,Unspecified,Unspecified,Unspecified,Unspecified,Unspecified,Unknown,BridgeCrane,2026-06-22T22:00:26.022747+00:00,point_velocity,Unspecified
05578500,POINT (-89.049175 40.1151694444444),a851161f-7991-4d17-881b-b3560d13063b,USGS-05578500,4e84cef7-5dd5-6c6e-e053-0100007f5e5f,365,1974-09-13T06:00:00+00:00,Imported Channel 1,42.8,ft^3/s,,,,,,,,ft,Unspecified,Unspecified,Unspecified,Unspecified,Unspecified,Unknown,Unspecified,2026-06-22T22:00:26.022747+00:00,other_method,Unspecified
05578500,POINT (-89.049175 40.1151694444444),a98cf567-95f9-4e0b-96d4-0e95cf46f152,USGS-05578500,4e84f81e-502e-8224-e053-0100007f156b,683,2016-09-22T18:55:21+00:00,Main,233,ft^3/s,68.2,ft,236,ft^2,0.99,ft/s,,ft,Unspecified,Unspecified,Unspecified,Even,Unspecified,Unknown,BridgeDownstreamSide,2026-06-22T22:00:26.022747+00:00,adcp,AtTheGage
05578500,POINT (-89.049175 40.1151694444444),a9e73c4e-85b0-4497-916f-47a33400cf3c,USGS-05578500,4e84d4d7-f92f-6f15-e053-0100007f414e,475,1986-12-08T06:00:00+00:00,Imported Channel 1,585,ft^3/s,70.0,ft,321,ft^2,1.82,ft/s,,,Unspecified,Unspecified,Unspecified,Unspecified,Unspecified,Unknown,BridgeCrane,2026-06-22T22:00:26.022747+00:00,point_velocity,Unspecified
05578500,POINT (-89.049175 40.1151694444444),aa60aa25-fa91-4aa5-ab5a-f3e408d7a75c,USGS-05578500,4e84e4d7-7bb2-78c8-e053-0100007fadd2,546,1996-03-26T23:00:00+00:00,Imported Channel 1,39.0,ft^3/s,51.0,ft,53.6,ft^2,0.73,ft/s,,,Unspecified,Unspecified,Unspecified,Unspecified,Unspecified,Unknown,Wading,2026-06-22T22:00:26.022747+00:00,point_velocity,Unspecified
05578500,POINT (-89.049175 40.1151694444444),ab4c69e9-cb21-4336-a2cf-95747f45f7d0,USGS-05578500,4e84e08a-a0da-7494-e053-0100007f68a7,403,1978-11-20T06:00:00+00:00,Imported Channel 1,9.93,ft^3/s,,,,,,,,ft,Unspecified,Unspecified,Unspecified,Unspecified,Unspecified,Unknown,Unspecified,2026-06-22T22:00:26.022747+00:00,other_method,Unspecified
05578500,POINT (-89.049175 40.1151694444444),ac03d433-555b-4f81-972e-68c342b5cc48,USGS-05578500,4e84fee0-af69-8643-e053-0100007f762f,633,2008-12-10T20:28:00+00:00,Imported Channel 1,128,ft^3/s,,,,,,,,ft,Unspecified,Unspecified,Unspecified,Unspecified,Unspecified,Unknown,Wading,2026-06-22T22:00:26.022747+00:00,other_method,Unspecified
05578500,POINT (-89.049175 40.1151694444444),ac3c299c-11aa-467e-b479-2f39abda38b9,USGS-05578500,4e84e156-964f-76d8-e053-0100007fc298,599,2003-08-29T19:22:00+00:00,Imported Channel 1,46.3,ft^3/s,44.0,ft,36.8,ft^2,1.26,ft/s,,,Unspecified,Unspecified,Unspecified,Unspecified,Unspecified,Unknown,Wading,2026-06-22T22:00:26.022747+00:00,point_velocity,Unspecified
05578500,POINT (-89.049175 40.1151694444444),acc0b075-449b-4191-b5d7-c1201a3999a6,USGS-05578500,4e84f35b-6d25-80b9-e053-0100007fa044,580,2000-12-20T18:30:00+00:00,Imported Channel 1,78.0,ft^3/s,46.0,ft,65.2,ft^2,1.20,ft/s,,,Unspecified,Unspecified,Unspecified,Unspecified,Unspecified,Unknown,Ice,2026-06-22T22:00:26.022747+00:00,point_velocity,Unspecified
05578500,POINT (-89.049175 40.1151694444444),acfb59a2-1c3b-44c5-bb55-763d0416961c,USGS-05578500,4e84ddaf-575c-74ba-e053-0100007fb586,304,1970-01-19T06:00:00+00:00,Imported Channel 1,69.0,ft^3/s,,,,,,,,ft,Unspecified,Unspecified,Unspecified,Unspecified,Unspecified,Unknown,Unspecified,2026-06-22T22:00:26.022747+00:00,other_method,Unspecified
05578500,POINT (-89.049175 40.1151694444444),ad1d6983-a31e-4966-b318-29403abb0cf6,USGS-05578500,4e84d200-fd6f-6dae-e053-0100007ff353,322,1971-05-18T06:00:00+00:00,Imported Channel 1,150,ft^3/s,,,,,,,,ft,Unspecified,Unspecified,Unspecified,Unspecified,Unspecified,Unknown,Unspecified,2026-06-22T22:00:26.022747+00:00,other_method,Unspecified
05578500,POINT (-89.049175 40.1151694444444),ad80714a-75b9-4c70-9381-815c86fc5c94,USGS-05578500,4e84dc69-3962-7324-e053-0100007fe092,387,1977-03-04T06:00:00+00:00,Imported Channel 1,55.8,ft^3/s,,,,,,,,ft,Unspecified,Unspecified,Unspecified,Unspecified,Unspecified,Unknown,Unspecified,2026-06-22T22:00:26.022747+00:00,other_method,Unspecified
05578500,POINT (-89.049175 40.1151694444444),ae4d0427-a636-48df-9584-908a385b05d0,USGS-05578500,4e84f006-ddfc-7ee9-e053-0100007f6e9a,679,2016-02-10T19:08:01+00:00,MAIN,232,ft^3/s,68.4,ft,256,ft^2,0.91,ft/s,,ft,Unspecified,Unspecified,Unspecified,Unspecified,Unspecified,Unknown,BridgeDownstreamSide,2026-06-22T22:00:26.022747+00:00,adcp,AtTheGage
05578500,POINT (-89.049175 40.1151694444444),aff5df41-6980-42ff-8334-8ddffae9a63d,USGS-05578500,4e84fa68-cbac-8577-e053-0100007ffea5,681,2016-06-02T17:54:29+00:00,Main,357,ft^3/s,71.3,ft,307,ft^2,1.17,ft/s,,ft,Unspecified,Unspecified,Unspecified,Even,Unspecified,Unknown,BridgeDownstreamSide,2026-06-22T22:00:26.022747+00:00,adcp,AtTheGage
05578500,POINT (-89.049175 40.1151694444444),b043339b-ec74-455c-ae5b-d66c746de265,USGS-05578500,4e84da24-b670-72a4-e053-0100007f1707,521,1991-11-26T19:30:00+00:00,Imported Channel 1,67.6,ft^3/s,58.0,ft,14.0,ft^2,0.48,ft/s,,,Unspecified,Unspecified,Unspecified,Unspecified,Unspecified,Unknown,BridgeCrane,2026-06-22T22:00:26.022747+00:00,point_velocity,Unspecified
05578500,POINT (-89.049175 40.1151694444444),b04df85a-aa36-44ad-ace6-d5c02230c85e,USGS-05578500,4e84e209-0ee8-74bc-e053-0100007f6537,369,1975-01-20T06:00:00+00:00,Imported Channel 1,415,ft^3/s,,,,,,,,ft,Unspecified,Unspecified,Unspecified,Unspecified,Unspecified,Unknown,Unspecified,2026-06-22T22:00:26.022747+00:00,other_method,Unspecified
05578500,POINT (-89.049175 40.1151694444444),b098e1fb-7330-4d76-8631-39e3aa46c0e6,USGS-05578500,4e84e07a-d60c-7612-e053-0100007fe1c4,575,2000-02-01T15:15:00+00:00,Imported Channel 1,11.8,ft^3/s,17.0,ft,10.7,ft^2,1.10,ft/s,,,Unspecified,Unspecified,Unspecified,Unspecified,Unspecified,Unknown,Wading,2026-06-22T22:00:26.022747+00:00,point_velocity,Unspecified
05578500,POINT (-89.049175 40.1151694444444),b09b5a3b-e66d-4226-951b-81aedb9d2466,USGS-05578500,4e8501e2-7a72-8916-e053-0100007f4361,656,2012-08-30T18:09:58+00:00,CHANNEL 1,5.03,ft^3/s,11.0,ft,5.52,ft^2,0.91,ft/s,300.00,ft,Soft,Gravel,Even,Even,Uniform,Unknown,Wading,2026-06-22T22:00:26.022747+00:00,point_velocity,Downstream
05578500,POINT (-89.049175 40.1151694444444),b13e3249-d3c0-4902-ab25-ea5348341b9a,USGS-05578500,4e84d229-4804-6d98-e053-0100007f4f8e,459,1985-02-15T06:00:00+00:00,Imported Channel 1,47.3,ft^3/s,56.0,ft,85.0,ft^2,0.56,ft/s,,,Unspecified,Unspecified,Unspecified,Unspecified,Unspecified,Unknown,Ice,2026-06-22T22:00:26.022747+00:00,point_velocity,Unspecified
05578500,POINT (-89.049175 40.1151694444444),b240a2d1-94d2-43c1-a63e-b92984b0ed9b,USGS-05578500,4e84ed61-df29-7d48-e053-0100007fc74f,583,2001-04-06T15:34:00+00:00,Imported Channel 1,170,ft^3/s,65.0,ft,234,ft^2,0.72,ft/s,,,Unspecified,Unspecified,Unspecified,Unspecified,Unspecified,Unknown,BridgeCrane,2026-06-22T22:00:26.022747+00:00,point_velocity,Unspecified
05578500,POINT (-89.049175 40.1151694444444),b283e6b2-3385-4fcc-b8c1-6d1e297eb52b,USGS-05578500,4e84e82c-cd0c-7a98-e053-0100007f5236,507,1990-02-07T21:15:00+00:00,Imported Channel 1,266,ft^3/s,63.0,ft,199,ft^2,1.34,ft/s,,,Unspecified,Unspecified,Unspecified,Unspecified,Unspecified,Unknown,BridgeCrane,2026-06-22T22:00:26.022747+00:00,point_velocity,Unspecified
05578500,POINT (-89.049175 40.1151694444444),b2d0652f-bad6-4053-b8c1-9ee325fd8624,USGS-05578500,4e84e156-9635-76d8-e053-0100007fc298,510,1990-06-18T17:20:00+00:00,Imported Channel 1,602,ft^3/s,73.0,ft,427,ft^2,1.41,ft/s,,,Unspecified,Unspecified,Unspecified,Unspecified,Unspecified,Unknown,BridgeCrane,2026-06-22T22:00:26.022747+00:00,point_velocity,Unspecified
05578500,POINT (-89.049175 40.1151694444444),b2ec8535-4484-4f04-8180-4777e3084079,USGS-05578500,4e84ec00-c286-7cee-e053-0100007ff1fa,658,2012-11-27T17:16:30+00:00,MAIN,10.0,ft^3/s,50.0,ft,40.6,ft^2,0.25,ft/s,300.00,ft,Soft,Sand,Even,Unspecified,Uniform,Unknown,Wading,2026-06-22T22:00:26.022747+00:00,point_velocity,Downstream
05578500,POINT (-89.049175 40.1151694444444),b44c5782-50eb-411d-8f5d-35e1ae7e4d8c,USGS-05578500,4e84f271-6ebb-805a-e053-0100007f4a00,532,1993-12-17T16:15:00+00:00,Imported Channel 1,454,ft^3/s,71.0,ft,359,ft^2,1.26,ft/s,,,Unspecified,Unspecified,Unspecified,Unspecified,Unspecified,Unknown,BridgeCrane,2026-06-22T22:00:26.022747+00:00,point_velocity,Unspecified
05578500,POINT (-89.049175 40.1151694444444),b45fe4f8-f7df-4d07-9e18-320dfa19d006,USGS-05578500,4e84ee73-9b60-7db3-e053-0100007f3281,561,1998-02-03T19:40:00+00:00,Imported Channel 1,158,ft^3/s,61.0,ft,138,ft^2,1.14,ft/s,,,Unspecified,Unspecified,Unspecified,Unspecified,Unspecified,Unknown,Wading,2026-06-22T22:00:26.022747+00:00,point_velocity,Unspecified
05578500,POINT (-89.049175 40.1151694444444),b483c28d-2f90-4ccc-b3a4-b2b29a7a88d1,USGS-05578500,4e84cf63-f971-6c5b-e053-0100007f123d,329,1971-12-02T06:00:00+00:00,Imported Channel 1,24.0,ft^3/s,,,,,,,,ft,Unspecified,Unspecified,Unspecified,Unspecified,Unspecified,Unknown,Unspecified,2026-06-22T22:00:26.022747+00:00,other_method,Unspecified
05578500,POINT (-89.049175 40.1151694444444),b4adbe99-df92-4459-9167-7410b7043187,USGS-05578500,4e84f3f3-17af-80ed-e053-0100007fb48c,678,2015-12-17T21:45:21+00:00,Main,466,ft^3/s,92.5,ft,388,ft^2,1.20,ft/s,,ft,Unspecified,Unspecified,Unspecified,Even,Unspecified,Unknown,BridgeDownstreamSide,2026-06-22T22:00:26.022747+00:00,adcp,AtTheGage
05578500,POINT (-89.049175 40.1151694444444),b57fb96c-dd1b-4a5c-ada5-cb687f5d3906,USGS-05578500,4e84e3df-775f-7838-e053-0100007f8ca3,465,1985-10-07T06:00:00+00:00,Imported Channel 1,11.2,ft^3/s,23.1,ft,9.99,ft^2,1.12,ft/s,,,Unspecified,Unspecified,Unspecified,Unspecified,Unspecified,Unknown,Wading,2026-06-22T22:00:26.022747+00:00,point_velocity,Unspecified
05578500,POINT (-89.049175 40.1151694444444),b58ead1c-f828-45fc-b590-3b03c0f0c577,USGS-05578500,adfaf245-edb3-4a51-a16e-7ef485c31d2f,702,2020-01-11T21:18:52+00:00,Main,1170,ft^3/s,146,ft,837,ft^2,1.40,ft/s,0.00,ft,Unspecified,Unspecified,Unspecified,Even,Unspecified,Unspecified,BridgeDownstreamSide,2026-06-22T22:00:26.022747+00:00,adcp,AtTheGage
05578500,POINT (-89.049175 40.1151694444444),b711099e-5a40-458a-b488-6053e5a3eb48,USGS-05578500,4e84cf56-e7c3-6c8a-e053-0100007f4327,382,1976-07-09T06:00:00+00:00,Imported Channel 1,77.9,ft^3/s,,,,,,,,ft,Unspecified,Unspecified,Unspecified,Unspecified,Unspecified,Unknown,Unspecified,2026-06-22T22:00:26.022747+00:00,other_method,Unspecified
05578500,POINT (-89.049175 40.1151694444444),b83ac3ef-baea-4854-8291-2e3b8834e9c8,USGS-05578500,728d963c-d1f8-8f63-e053-0100007fde11,693,2018-07-31T19:51:08+00:00,main,20.6,ft^3/s,54.0,ft,65.3,ft^2,0.32,ft/s,600.00,ft,Firm,Sand,Even,Even,Standard,Steady,Wading,2026-06-22T22:00:26.022747+00:00,point_velocity,Downstream
05578500,POINT (-89.049175 40.1151694444444),b88a7547-b966-4be4-a9a6-0aabab15eb88,USGS-05578500,4e84f2ed-fdfa-7da3-e053-0100007f3823,593,2002-12-04T06:00:00+00:00,Imported Channel 1,15.4,ft^3/s,28.3,ft,,,0.50,ft/s,,,Unspecified,Unspecified,Unspecified,Unspecified,Unspecified,Unknown,Wading,2026-06-22T22:00:26.022747+00:00,point_velocity,Unspecified
05578500,POINT (-89.049175 40.1151694444444),b8b350d1-0e2c-41c1-a52d-7efe848a25cf,USGS-05578500,4e84d200-fd6c-6dae-e053-0100007ff353,319,1971-02-23T06:00:00+00:00,Imported Channel 1,605,ft^3/s,,,,,,,,ft,Unspecified,Unspecified,Unspecified,Unspecified,Unspecified,Unknown,Unspecified,2026-06-22T22:00:26.022747+00:00,other_method,Unspecified
05578500,POINT (-89.049175 40.1151694444444),b8bb7e02-8a04-4c73-bdeb-ad07fdaeae9b,USGS-05578500,4e84e5c9-30dd-78cc-e053-0100007f12ec,529,1993-01-28T19:20:00+00:00,Imported Channel 1,1170,ft^3/s,110,ft,692,ft^2,1.69,ft/s,,,Unspecified,Unspecified,Unspecified,Unspecified,Unspecified,Unknown,BridgeCrane,2026-06-22T22:00:26.022747+00:00,point_velocity,Unspecified
05578500,POINT (-89.049175 40.1151694444444),b919ba36-0708-4cca-966f-0be7ba4ebd3a,USGS-05578500,4e84f575-2fdc-8218-e053-0100007fd6ab,620,2007-01-16T20:33:00+00:00,Imported Channel 1,1250,ft^3/s,97.5,ft,749,ft^2,1.67,ft/s,,ft,Unspecified,Unspecified,Unspecified,Unspecified,Unspecified,Unknown,Unspecified,2026-06-22T22:00:26.022747+00:00,adcp,Unspecified
05578500,POINT (-89.049175 40.1151694444444),ba62e5b7-d012-468d-9b05-e2e2af70d5cd,USGS-05578500,4e84d436-dc6e-6e44-e053-0100007f04cf,352,1973-08-15T06:00:00+00:00,Imported Channel 1,118,ft^3/s,,,,,,,,ft,Unspecified,Unspecified,Unspecified,Unspecified,Unspecified,Unknown,Unspecified,2026-06-22T22:00:26.022747+00:00,other_method,Unspecified
05578500,POINT (-89.049175 40.1151694444444),ba720b79-5422-4cf9-b070-67f28509db41,USGS-05578500,4e84e4d7-7ba1-78c8-e053-0100007fadd2,397,1978-03-29T06:00:00+00:00,Imported Channel 1,316,ft^3/s,,,,,,,,ft,Unspecified,Unspecified,Unspecified,Unspecified,Unspecified,Unknown,Unspecified,2026-06-22T22:00:26.022747+00:00,other_method,Unspecified
05578500,POINT (-89.049175 40.1151694444444),ba75c706-95bd-45ac-a861-6ae24763b1f1,USGS-05578500,4e84f973-56ae-8458-e053-0100007f209c,585,2001-07-12T19:20:00+00:00,Imported Channel 1,24.1,ft^3/s,15.5,ft,14.3,ft^2,1.69,ft/s,,,Unspecified,Unspecified,Unspecified,Unspecified,Unspecified,Unknown,Wading,2026-06-22T22:00:26.022747+00:00,point_velocity,Unspecified
05578500,POINT (-89.049175 40.1151694444444),bae96a4b-f86d-4d19-ae10-5f5a8c8de917,USGS-05578500,4e84e209-0ee6-74bc-e053-0100007f6537,333,1972-04-13T06:00:00+00:00,Imported Channel 1,486,ft^3/s,,,,,,,,ft,Unspecified,Unspecified,Unspecified,Unspecified,Unspecified,Unknown,Unspecified,2026-06-22T22:00:26.022747+00:00,other_method,Unspecified
05578500,POINT (-89.049175 40.1151694444444),bb6d4af7-25be-4b2c-95b4-9809ced1cb21,USGS-05578500,4e84cefc-b141-6c6c-e053-0100007feafd,482,1987-09-30T17:45:00+00:00,Imported Channel 1,10.9,ft^3/s,40.0,ft,37.1,ft^2,0.29,ft/s,,,Unspecified,Unspecified,Unspecified,Unspecified,Unspecified,Unknown,Wading,2026-06-22T22:00:26.022747+00:00,point_velocity,Unspecified
05578500,POINT (-89.049175 40.1151694444444),bb9bd9fd-3f6c-4872-b10d-edcc6af7ca51,USGS-05578500,4e84ecba-db09-7d40-e053-0100007ff260,490,1988-07-12T19:40:00+00:00,Imported Channel 1,8.56,ft^3/s,31.0,ft,15.6,ft^2,0.55,ft/s,,,Unspecified,Unspecified,Unspecified,Unspecified,Unspecified,Unknown,Wading,2026-06-22T22:00:26.022747+00:00,point_velocity,Unspecified
05578500,POINT (-89.049175 40.1151694444444),bba2a0b4-78dc-422b-aa4d-224b2fbe1956,USGS-05578500,4e84e640-6449-7987-e053-0100007f7264,415,1980-04-21T06:00:00+00:00,Imported Channel 1,359,ft^3/s,,,,,,,,ft,Unspecified,Unspecified,Unspecified,Unspecified,Unspecified,Unknown,Unspecified,2026-06-22T22:00:26.022747+00:00,other_method,Unspecified
05578500,POINT (-89.049175 40.1151694444444),bc0a8fee-2613-4c1b-9a74-41506681b515,USGS-05578500,4e84da24-b665-72a4-e053-0100007f1707,373,1975-07-02T06:00:00+00:00,Imported Channel 1,386,ft^3/s,,,,,,,,ft,Unspecified,Unspecified,Unspecified,Unspecified,Unspecified,Unknown,Unspecified,2026-06-22T22:00:26.022747+00:00,other_method,Unspecified
05578500,POINT (-89.049175 40.1151694444444),bc29742f-9cfb-40db-aac3-9ffa8a2321f1,USGS-05578500,4e84e08a-a0d7-7494-e053-0100007f68a7,400,1978-08-02T06:00:00+00:00,Imported Channel 1,79.6,ft^3/s,,,,,,,,ft,Unspecified,Unspecified,Unspecified,Unspecified,Unspecified,Unknown,Unspecified,2026-06-22T22:00:26.022747+00:00,other_method,Unspecified
05578500,POINT (-89.049175 40.1151694444444),bc770bab-4882-48d4-a4b3-1e1be5312d22,USGS-05578500,4e84e462-3af2-78ae-e053-0100007f525d,394,1977-11-21T06:00:00+00:00,Imported Channel 1,69.4,ft^3/s,,,,,,,,ft,Unspecified,Unspecified,Unspecified,Unspecified,Unspecified,Unknown,Unspecified,2026-06-22T22:00:26.022747+00:00,other_method,Unspecified
05578500,POINT (-89.049175 40.1151694444444),bc951091-e5c2-4ab4-94d7-9a4bbc0a9eb3,USGS-05578500,afe8f8bb-e791-478e-839d-75cff6d34493,716,2022-01-28T16:38:22+00:00,MAIN ICE QM,87.1,ft^3/s,64.0,ft,89.8,ft^2,0.97,ft/s,500.00,ft,Soft,SiltMud,Even,Even,Uniform,Steady,Wading,2026-06-22T22:00:26.022747+00:00,point_velocity,Downstream
05578500,POINT (-89.049175 40.1151694444444),bd1f7667-7bca-4b66-8b70-51d7c5145ab6,USGS-05578500,4e84cb36-506f-69ee-e053-0100007f9a74,350,1973-06-02T06:00:00+00:00,Imported Channel 1,142,ft^3/s,,,,,,,,ft,Unspecified,Unspecified,Unspecified,Unspecified,Unspecified,Unknown,Unspecified,2026-06-22T22:00:26.022747+00:00,other_method,Unspecified
05578500,POINT (-89.049175 40.1151694444444),bd71753d-fcf8-4464-a822-dc1164dea55c,USGS-05578500,d6523377-64ca-4a5c-9465-1309de7f0b0d,740,2025-04-29T18:42:26+00:00,MAIN,195,ft^3/s,63.9,ft,174,ft^2,1.12,ft/s,0.00,ft,Unspecified,Unspecified,Unspecified,Unspecified,Unspecified,Unspecified,BridgeDownstreamSide,2026-06-22T22:00:26.022747+00:00,adcp,AtTheGage
05578500,POINT (-89.049175 40.1151694444444),be3ab93d-b9f2-4ea0-921f-1db603a1b9d1,USGS-05578500,4e84ee40-745d-7e58-e053-0100007f914f,564,1998-06-29T16:50:00+00:00,Imported Channel 1,587,ft^3/s,77.0,ft,392,ft^2,1.50,ft/s,,,Unspecified,Unspecified,Unspecified,Unspecified,Unspecified,Unknown,BridgeCrane,2026-06-22T22:00:26.022747+00:00,point_velocity,Unspecified
05578500,POINT (-89.049175 40.1151694444444),bf78bfb4-de6a-417e-82b7-f57d70a60f1a,USGS-05578500,4e84e08a-a0d5-7494-e053-0100007f68a7,398,1978-05-09T06:00:00+00:00,Imported Channel 1,98.6,ft^3/s,,,,,,,,ft,Unspecified,Unspecified,Unspecified,Unspecified,Unspecified,Unknown,Unspecified,2026-06-22T22:00:26.022747+00:00,other_method,Unspecified
05578500,POINT (-89.049175 40.1151694444444),bf849cae-9c2f-47b4-82a3-be9b25077a09,USGS-05578500,23560c91-fac4-463f-80a4-958a0433627a,745,2026-02-24T18:44:39+00:00,Main,10.3,ft^3/s,22.0,ft,12.3,ft^2,0.84,ft/s,1000.00,ft,Soft,Sand,Uneven,Uneven,Unknown,Pulsating,Wading,2026-06-22T22:00:26.022747+00:00,point_velocity,Downstream
05578500,POINT (-89.049175 40.1151694444444),c043b051-0001-474c-95d9-1cc1738f4993,USGS-05578500,4e84ec86-caff-7d4c-e053-0100007fbc2d,419,1980-09-29T06:00:00+00:00,Imported Channel 1,9.61,ft^3/s,,,,,,,,ft,Unspecified,Unspecified,Unspecified,Unspecified,Unspecified,Unknown,Unspecified,2026-06-22T22:00:26.022747+00:00,other_method,Unspecified
05578500,POINT (-89.049175 40.1151694444444),c09b8da7-cdd4-43b5-ada4-35f129457475,USGS-05578500,4e84ccb4-e066-6a24-e053-0100007fe1c9,233,1964-04-21T06:00:00+00:00,Imported Channel 1,10300,ft^3/s,,,,,,,,ft,Unspecified,Unspecified,Unspecified,Unspecified,Unspecified,Unknown,Unspecified,2026-06-22T22:00:26.022747+00:00,other_method,Unspecified
05578500,POINT (-89.049175 40.1151694444444),c1c1ccfe-8b1c-46af-9d42-a8b555901db5,USGS-05578500,4e84ed18-570b-7d10-e053-0100007f4650,654,2012-06-05T15:53:28+00:00,Channel 1,13.9,ft^3/s,46.0,ft,40.3,ft^2,0.34,ft/s,300.00,ft,Soft,SiltMud,Even,Even,Uniform,Unknown,Wading,2026-06-22T22:00:26.022747+00:00,point_velocity,Downstream
05578500,POINT (-89.049175 40.1151694444444),c1cedce1-ab75-4d1b-b80c-eb5b0ac9e140,USGS-05578500,4e84e573-1f9f-789c-e053-0100007f9e3c,445,1983-06-27T06:00:00+00:00,Imported Channel 1,353,ft^3/s,52.0,ft,156,ft^2,2.24,ft/s,,,Unspecified,Unspecified,Unspecified,Unspecified,Unspecified,Unknown,BridgeCrane,2026-06-22T22:00:26.022747+00:00,point_velocity,Unspecified
05578500,POINT (-89.049175 40.1151694444444),c1e98a72-a66f-4c49-a40c-397fbc2fa6aa,USGS-05578500,ce6b4321-1e45-4293-8c4f-b28584e0f86d,706,2020-09-24T17:21:32+00:00,Main,9.92,ft^3/s,45.4,ft,73.5,ft^2,0.13,ft/s,0.00,ft,Unspecified,Unspecified,Unspecified,Even,Unspecified,Unspecified,Wading,2026-06-22T22:00:26.022747+00:00,point_velocity,AtTheGage
05578500,POINT (-89.049175 40.1151694444444),c1f29bef-d275-4240-afc7-136d84fd74bb,USGS-05578500,4e84d302-76f0-6e36-e053-0100007fdbda,359,1974-03-06T06:00:00+00:00,Imported Channel 1,684,ft^3/s,,,,,,,,ft,Unspecified,Unspecified,Unspecified,Unspecified,Unspecified,Unknown,Unspecified,2026-06-22T22:00:26.022747+00:00,other_method,Unspecified
05578500,POINT (-89.049175 40.1151694444444),c244b7d3-082c-46a4-ab06-8f6fd14fc992,USGS-05578500,4e84f37a-ceb0-8055-e053-0100007f832a,662,2013-05-14T20:43:05+00:00,MAIN,342,ft^3/s,66.1,ft,327,ft^2,1.05,ft/s,,ft,Soft,SiltMud,Even,Even,Uniform,Unknown,BridgeDownstreamSide,2026-06-22T22:00:26.022747+00:00,adcp,AtTheGage
05578500,POINT (-89.049175 40.1151694444444),c2747e02-5699-4406-be24-4acc18efd646,USGS-05578500,4e84d362-e0f9-6e3a-e053-0100007fe0d3,380,1976-04-12T06:00:00+00:00,Imported Channel 1,201,ft^3/s,,,,,,,,ft,Unspecified,Unspecified,Unspecified,Unspecified,Unspecified,Unknown,Unspecified,2026-06-22T22:00:26.022747+00:00,other_method,Unspecified
05578500,POINT (-89.049175 40.1151694444444),c2c2bbb6-bf68-4c78-b0b1-50b6e15e59e9,USGS-05578500,4e84e296-53fd-73d8-e053-0100007f7524,455,1984-09-04T06:00:00+00:00,Imported Channel 1,9.26,ft^3/s,51.0,ft,53.2,ft^2,0.17,ft/s,,,Unspecified,Unspecified,Unspecified,Unspecified,Unspecified,Unknown,Wading,2026-06-22T22:00:26.022747+00:00,point_velocity,Unspecified
05578500,POINT (-89.049175 40.1151694444444),c2cff478-7459-459f-b8d2-ae58be985b76,USGS-05578500,4e84e82c-cd0e-7a98-e053-0100007f5236,512,1990-10-10T16:35:00+00:00,Imported Channel 1,843,ft^3/s,75.0,ft,457,ft^2,1.84,ft/s,,,Unspecified,Unspecified,Unspecified,Unspecified,Unspecified,Unknown,BridgeCrane,2026-06-22T22:00:26.022747+00:00,point_velocity,Unspecified
05578500,POINT (-89.049175 40.1151694444444),c2f99206-0981-4141-86c0-4aa416284974,USGS-05578500,4e84ed39-7774-7d44-e053-0100007f2a1a,470,1986-05-05T06:00:00+00:00,Imported Channel 1,449,ft^3/s,6.50,ft,282,ft^2,1.59,ft/s,,,Unspecified,Unspecified,Unspecified,Unspecified,Unspecified,Unknown,BridgeCrane,2026-06-22T22:00:26.022747+00:00,point_velocity,Unspecified
05578500,POINT (-89.049175 40.1151694444444),c4020bad-b0bd-40c2-ab26-81ddd5036c80,USGS-05578500,4e84f63a-e191-8266-e053-0100007fadbf,570,1999-05-04T14:20:00+00:00,Imported Channel 1,463,ft^3/s,75.0,ft,360,ft^2,1.29,ft/s,,,Unspecified,Unspecified,Unspecified,Unspecified,Unspecified,Unknown,BridgeCrane,2026-06-22T22:00:26.022747+00:00,point_velocity,Unspecified
05578500,POINT (-89.049175 40.1151694444444),c67ecd7a-c096-4fa3-90a8-ea788b270a7d,USGS-05578500,8864cb44-21a9-3cc0-e053-0100007f4ffd,698,2019-05-02T19:04:57+00:00,Road_Overflow,113,ft^3/s,134,ft,25.1,ft^2,4.48,ft/s,0.00,ft,Firm,BedrockLedgeArtificial,Even,Even,Standard,Steady,Wading,2026-06-22T22:00:26.022747+00:00,point_velocity,AtTheGage
05578500,POINT (-89.049175 40.1151694444444),c6ce8cfb-94d6-40a7-a670-19c2873e41b8,USGS-05578500,4e84fca6-d38c-863f-e053-0100007faeac,657,2012-10-03T17:11:00+00:00,MAIN,6.15,ft^3/s,41.8,ft,32.9,ft^2,0.19,ft/s,300.00,ft,Soft,SiltMud,Even,Unspecified,Uniform,Unknown,Wading,2026-06-22T22:00:26.022747+00:00,point_velocity,Downstream
05578500,POINT (-89.049175 40.1151694444444),c757ab42-ab23-490b-8222-922f7b0970b1,USGS-05578500,4e84ebf0-c6b1-7d12-e053-0100007f289a,548,1996-06-10T15:50:00+00:00,Imported Channel 1,718,ft^3/s,77.0,ft,505,ft^2,1.42,ft/s,,,Unspecified,Unspecified,Unspecified,Unspecified,Unspecified,Unknown,BridgeCrane,2026-06-22T22:00:26.022747+00:00,point_velocity,Unspecified
05578500,POINT (-89.049175 40.1151694444444),c7d55b11-b514-478b-87f1-b5d4de7e19a2,USGS-05578500,90d5f8cd-3c3c-430a-a933-0b2ceec669ed,726,2023-06-30T18:11:12+00:00,MAIN,18.3,ft^3/s,34.0,ft,15.5,ft^2,1.18,ft/s,300.00,ft,Soft,SiltMud,Even,Even,Uniform,Steady,Wading,2026-06-22T22:00:26.022747+00:00,point_velocity,Downstream
05578500,POINT (-89.049175 40.1151694444444),c7e02936-0cdd-4a50-841f-1e8e1dbffa06,USGS-05578500,4e84fa68-cb9b-8577-e053-0100007ffea5,589,2002-01-11T18:39:00+00:00,Imported Channel 1,64.3,ft^3/s,46.0,ft,54.1,ft^2,1.19,ft/s,,,Unspecified,Unspecified,Unspecified,Unspecified,Unspecified,Unknown,Wading,2026-06-22T22:00:26.022747+00:00,point_velocity,Unspecified
05578500,POINT (-89.049175 40.1151694444444),c89fad6f-bf66-49f1-af47-b4c0b3fcf478,USGS-05578500,4e84cf0f-e2ff-6c68-e053-0100007f5fa1,316,1970-11-04T06:00:00+00:00,Imported Channel 1,164,ft^3/s,,,,,,,,ft,Unspecified,Unspecified,Unspecified,Unspecified,Unspecified,Unknown,Unspecified,2026-06-22T22:00:26.022747+00:00,other_method,Unspecified
05578500,POINT (-89.049175 40.1151694444444),c94267d0-887e-461f-9a1b-a6d82f4386e8,USGS-05578500,4e84f377-ab92-8028-e053-0100007f9c8c,505,1989-11-16T20:25:00+00:00,Imported Channel 1,18.0,ft^3/s,54.5,ft,64.8,ft^2,0.28,ft/s,,,Unspecified,Unspecified,Unspecified,Unspecified,Unspecified,Unknown,Wading,2026-06-22T22:00:26.022747+00:00,point_velocity,Unspecified
05578500,POINT (-89.049175 40.1151694444444),c9439ac3-13cd-4254-b7a2-a1197406f134,USGS-05578500,4e84e100-dd62-7626-e053-0100007fbc01,621,2007-02-06T17:00:00+00:00,Imported Channel 1,171,ft^3/s,62.0,ft,125,ft^2,1.37,ft/s,,,Unspecified,Unspecified,Unspecified,Unspecified,Unspecified,Unknown,Ice,2026-06-22T22:00:26.022747+00:00,point_velocity,Unspecified
05578500,POINT (-89.049175 40.1151694444444),c9665fcf-c1ec-4df2-851f-909a755f258f,USGS-05578500,1e36d4a1-41cf-47d9-ad44-f792c0f03170,701,2019-11-13T21:43:54+00:00,Main,62.7,ft^3/s,58.0,ft,81.3,ft^2,0.77,ft/s,500.00,ft,Soft,Gravel,Uneven,Uneven,Standard,Steady,Wading,2026-06-22T22:00:26.022747+00:00,point_velocity,Downstream
05578500,POINT (-89.049175 40.1151694444444),c9fac988-52a8-4bca-941d-737a37c83c7a,USGS-05578500,4e84e100-dd63-7626-e053-0100007fbc01,622,2007-03-09T17:30:00+00:00,Imported Channel 1,544,ft^3/s,78.0,ft,470,ft^2,1.16,ft/s,,,Unspecified,Unspecified,Unspecified,Unspecified,Unspecified,Unknown,BridgeCrane,2026-06-22T22:00:26.022747+00:00,point_velocity,Unspecified
05578500,POINT (-89.049175 40.1151694444444),ca05e31e-111e-4fe7-a8de-8f7e74eed716,USGS-05578500,4e84d488-6be9-6f1b-e053-0100007f4142,414,1980-03-10T06:00:00+00:00,Imported Channel 1,108,ft^3/s,,,,,,,,ft,Unspecified,Unspecified,Unspecified,Unspecified,Unspecified,Unknown,Unspecified,2026-06-22T22:00:26.022747+00:00,other_method,Unspecified
05578500,POINT (-89.049175 40.1151694444444),ca81b830-20b5-4cd5-a619-68a72dd84d5e,USGS-05578500,4e84d807-f65f-7035-e053-0100007f84fc,498,1989-01-26T17:50:00+00:00,Imported Channel 1,13.5,ft^3/s,32.0,ft,31.8,ft^2,0.42,ft/s,,,Unspecified,Unspecified,Unspecified,Unspecified,Unspecified,Unknown,Wading,2026-06-22T22:00:26.022747+00:00,point_velocity,Unspecified
05578500,POINT (-89.049175 40.1151694444444),cb9833e2-2dc8-478b-80a7-749a0a4e0f19,USGS-05578500,4e84e449-dee2-78b2-e053-0100007f74ce,395,1978-01-04T06:00:00+00:00,Imported Channel 1,212,ft^3/s,,,,,,,,ft,Unspecified,Unspecified,Unspecified,Unspecified,Unspecified,Unknown,Unspecified,2026-06-22T22:00:26.022747+00:00,other_method,Unspecified
05578500,POINT (-89.049175 40.1151694444444),cc8e6f42-9856-42d3-a993-c253985faf07,USGS-05578500,ab63eb05-38c3-4bb5-9352-866ba00270d3,718,2022-04-04T18:56:30+00:00,MAIN,849,ft^3/s,81.5,ft,467,ft^2,1.82,ft/s,0.00,ft,Soft,SiltMud,Even,Even,Unspecified,Unspecified,BridgeDownstreamSide,2026-06-22T22:00:26.022747+00:00,adcp,AtTheGage
05578500,POINT (-89.049175 40.1151694444444),ccea13cb-4ae9-49df-9767-6d8283759441,USGS-05578500,4e84e47b-8874-78ca-e053-0100007f0ba4,424,1981-04-13T06:00:00+00:00,Imported Channel 1,402,ft^3/s,55.0,ft,202,ft^2,1.99,ft/s,,,Unspecified,Unspecified,Unspecified,Unspecified,Unspecified,Unknown,BridgeCrane,2026-06-22T22:00:26.022747+00:00,point_velocity,Unspecified
05578500,POINT (-89.049175 40.1151694444444),cec37d21-38e2-4e59-8a0c-b86abf055908,USGS-05578500,4e84d203-38b8-6db0-e053-0100007f362d,337,1972-08-03T06:00:00+00:00,Imported Channel 1,16.7,ft^3/s,,,,,,,,ft,Unspecified,Unspecified,Unspecified,Unspecified,Unspecified,Unknown,Unspecified,2026-06-22T22:00:26.022747+00:00,other_method,Unspecified
05578500,POINT (-89.049175 40.1151694444444),d0f9de94-55b4-47c3-904b-4a6d324ff580,USGS-05578500,4e84d488-6bf7-6f1b-e053-0100007f4142,476,1987-01-20T06:00:00+00:00,Imported Channel 1,284,ft^3/s,,,,,,,,ft,Unspecified,Unspecified,Unspecified,Unspecified,Unspecified,Unknown,Other,2026-06-22T22:00:26.022747+00:00,engineered_structure,Unspecified
05578500,POINT (-89.049175 40.1151694444444),d117853a-0901-4585-9336-37c484cdaae4,USGS-05578500,4e84e08a-a0d9-7494-e053-0100007f68a7,402,1978-10-25T06:00:00+00:00,Imported Channel 1,12.5,ft^3/s,,,,,,,,ft,Unspecified,Unspecified,Unspecified,Unspecified,Unspecified,Unknown,Unspecified,2026-06-22T22:00:26.022747+00:00,other_method,Unspecified
05578500,POINT (-89.049175 40.1151694444444),d13d505c-4f7e-4686-ae1b-19d8ff986964,USGS-05578500,4e84ed18-5706-7d10-e053-0100007f4650,569,1999-03-11T18:00:00+00:00,Imported Channel 1,304,ft^3/s,70.0,ft,289,ft^2,1.05,ft/s,,,Unspecified,Unspecified,Unspecified,Unspecified,Unspecified,Unknown,BridgeCrane,2026-06-22T22:00:26.022747+00:00,point_velocity,Unspecified
05578500,POINT (-89.049175 40.1151694444444),d36e9027-b4ab-4c16-b065-c80fcb48073f,USGS-05578500,4e84f231-9848-7da5-e053-0100007f8549,568,1999-01-06T19:15:00+00:00,Imported Channel 1,15.3,ft^3/s,17.5,ft,15.1,ft^2,1.01,ft/s,,,Unspecified,Unspecified,Unspecified,Unspecified,Unspecified,Unknown,Wading,2026-06-22T22:00:26.022747+00:00,point_velocity,Unspecified
05578500,POINT (-89.049175 40.1151694444444),d3826665-0513-4799-9816-04a86a923911,USGS-05578500,4e84e813-b269-76b2-e053-0100007fe001,370,1975-02-06T06:00:00+00:00,Imported Channel 1,394,ft^3/s,,,,,,,,ft,Unspecified,Unspecified,Unspecified,Unspecified,Unspecified,Unknown,Unspecified,2026-06-22T22:00:26.022747+00:00,other_method,Unspecified
05578500,POINT (-89.049175 40.1151694444444),d3f949b6-23d4-4a83-a71e-10e1da3e29b2,USGS-05578500,4e84ee3c-945b-7da7-e053-0100007ff28f,432,1981-12-02T06:00:00+00:00,Imported Channel 1,100,ft^3/s,50.0,ft,122,ft^2,0.82,ft/s,,,Unspecified,Unspecified,Unspecified,Unspecified,Unspecified,Unknown,Wading,2026-06-22T22:00:26.022747+00:00,point_velocity,Unspecified
05578500,POINT (-89.049175 40.1151694444444),d45fa17b-c76f-4ceb-9dcf-628105d81bb4,USGS-05578500,5d35f077-5575-4768-8416-df82da5438c2,722,2022-11-04T16:54:05+00:00,MAIN,10.2,ft^3/s,20.0,ft,12.8,ft^2,0.79,ft/s,300.00,ft,Soft,SiltMud,Even,Even,Uniform,Steady,Wading,2026-06-22T22:00:26.022747+00:00,point_velocity,Downstream
05578500,POINT (-89.049175 40.1151694444444),d54a150a-081d-4df0-a8fb-2d9e8c0c5d34,USGS-05578500,4e84f006-ddeb-7ee9-e053-0100007f6e9a,614,2005-09-08T18:36:00+00:00,Imported Channel 1,8.07,ft^3/s,18.0,ft,7.30,ft^2,1.10,ft/s,,,Unspecified,Unspecified,Unspecified,Unspecified,Unspecified,Unknown,Wading,2026-06-22T22:00:26.022747+00:00,point_velocity,Unspecified
05578500,POINT (-89.049175 40.1151694444444),d55d7f30-79f2-4bb6-90f9-a64f1ab948d8,USGS-05578500,4e84e422-7f3d-783a-e053-0100007f8fc2,376,1975-11-04T06:00:00+00:00,Imported Channel 1,49.4,ft^3/s,,,,,,,,ft,Unspecified,Unspecified,Unspecified,Unspecified,Unspecified,Unknown,Unspecified,2026-06-22T22:00:26.022747+00:00,other_method,Unspecified
05578500,POINT (-89.049175 40.1151694444444),d5c6171f-a974-4fa2-9a3c-9282f3c24e44,USGS-05578500,4e84ec05-357d-7ce6-e053-0100007f3ee6,514,1991-01-07T17:40:00+00:00,Imported Channel 1,765,ft^3/s,73.0,ft,423,ft^2,1.81,ft/s,,,Unspecified,Unspecified,Unspecified,Unspecified,Unspecified,Unknown,BridgeCrane,2026-06-22T22:00:26.022747+00:00,point_velocity,Unspecified
05578500,POINT (-89.049175 40.1151694444444),d648a55a-fd8c-4fa0-9fbf-de606e3ad19c,USGS-05578500,4e84f6a6-202a-8128-e053-0100007f19fb,616,2006-01-05T19:16:00+00:00,Imported Channel 1,23.3,ft^3/s,46.0,ft,27.0,ft^2,0.87,ft/s,,,Unspecified,Unspecified,Unspecified,Unspecified,Unspecified,Unknown,Wading,2026-06-22T22:00:26.022747+00:00,point_velocity,Unspecified
05578500,POINT (-89.049175 40.1151694444444),d78ea050-a35f-4048-972a-8ea27adcb761,USGS-05578500,4e84d817-b6f6-7039-e053-0100007f024c,360,1974-04-03T06:00:00+00:00,Imported Channel 1,323,ft^3/s,,,,,,,,ft,Unspecified,Unspecified,Unspecified,Unspecified,Unspecified,Unknown,Unspecified,2026-06-22T22:00:26.022747+00:00,other_method,Unspecified
05578500,POINT (-89.049175 40.1151694444444),d7d3c3a5-c7f1-41b8-a0e7-01b7dec29163,USGS-05578500,4e84d488-6bd0-6f1b-e053-0100007f4142,283,1968-05-16T06:00:00+00:00,Imported Channel 1,24500,ft^3/s,,,,,,,,ft,Unspecified,Unspecified,Unspecified,Unspecified,Unspecified,Unknown,Unspecified,2026-06-22T22:00:26.022747+00:00,other_method,Unspecified
05578500,POINT (-89.049175 40.1151694444444),d8776688-64a1-4b7a-8ae6-422bf998734b,USGS-05578500,4e84e462-3b08-78ae-e053-0100007f525d,517,1991-06-24T06:00:00+00:00,Imported Channel 1,87.4,ft^3/s,,,,,,,,ft,Unspecified,Unspecified,Unspecified,Unspecified,Unspecified,Unknown,Unspecified,2026-06-22T22:00:26.022747+00:00,other_method,Unspecified
05578500,POINT (-89.049175 40.1151694444444),d8f842ac-6850-4d29-b9d2-1448d1eaf044,USGS-05578500,4e84ecc9-3e08-7d9b-e053-0100007fd157,448,1983-12-02T06:00:00+00:00,Imported Channel 1,18.4,ft^3/s,51.0,ft,42.7,ft^2,0.43,ft/s,,,Unspecified,Unspecified,Unspecified,Unspecified,Unspecified,Unknown,Wading,2026-06-22T22:00:26.022747+00:00,point_velocity,Unspecified
05578500,POINT (-89.049175 40.1151694444444),d96db134-57e6-4ee6-acdf-e6761e37ca42,USGS-05578500,4e84f06f-4c78-7f15-e053-0100007fcd29,472,1986-08-05T06:00:00+00:00,Imported Channel 1,79.8,ft^3/s,56.5,ft,64.0,ft^2,1.30,ft/s,,,Unspecified,Unspecified,Unspecified,Unspecified,Unspecified,Unknown,Wading,2026-06-22T22:00:26.022747+00:00,point_velocity,Unspecified
05578500,POINT (-89.049175 40.1151694444444),d9e0a1cb-4da1-494e-b380-2b7f752c1239,USGS-05578500,4e84e489-787a-78b0-e053-0100007fe442,407,1979-04-09T06:00:00+00:00,Imported Channel 1,728,ft^3/s,,,,,,,,ft,Unspecified,Unspecified,Unspecified,Unspecified,Unspecified,Unknown,Unspecified,2026-06-22T22:00:26.022747+00:00,other_method,Unspecified
05578500,POINT (-89.049175 40.1151694444444),d9e78cb2-dce4-47a7-b46d-4756ad5f5398,USGS-05578500,4e84d4d7-f959-6f15-e053-0100007f414e,619,2006-10-05T17:18:00+00:00,Imported Channel 1,12.0,ft^3/s,40.0,ft,43.3,ft^2,0.28,ft/s,,,Unspecified,Unspecified,Unspecified,Unspecified,Unspecified,Unknown,Wading,2026-06-22T22:00:26.022747+00:00,point_velocity,Unspecified
05578500,POINT (-89.049175 40.1151694444444),d9ec15e0-8d02-452f-b971-20c6f45f1221,USGS-05578500,4e84d8f0-c0b7-724a-e053-0100007fadac,345,1973-03-14T06:00:00+00:00,Imported Channel 1,1650,ft^3/s,,,,,,,,ft,Unspecified,Unspecified,Unspecified,Unspecified,Unspecified,Unknown,Unspecified,2026-06-22T22:00:26.022747+00:00,other_method,Unspecified
05578500,POINT (-89.049175 40.1151694444444),da0ba701-9539-4471-a356-e7548bf25ec4,USGS-05578500,4e84e640-6456-7987-e053-0100007f7264,479,1987-05-26T06:00:00+00:00,Imported Channel 1,159,ft^3/s,59.0,ft,122,ft^2,1.30,ft/s,,,Unspecified,Unspecified,Unspecified,Unspecified,Unspecified,Unknown,BridgeCrane,2026-06-22T22:00:26.022747+00:00,point_velocity,Unspecified
05578500,POINT (-89.049175 40.1151694444444),db0827a8-7730-48a1-bf0b-b429c416b694,USGS-05578500,4e84ecaf-b7d7-7d4a-e053-0100007f95b3,636,2009-06-29T16:47:00+00:00,Imported Channel 1,413,ft^3/s,70.8,ft,362,ft^2,1.14,ft/s,,ft,Unspecified,Unspecified,Unspecified,Even,Unspecified,Unknown,BridgeDownstreamSide,2026-06-22T22:00:26.022747+00:00,adcp,AtTheGage
05578500,POINT (-89.049175 40.1151694444444),dc5f99a4-d692-45ac-a47d-02affd1421f1,USGS-05578500,4e84e3df-7759-7838-e053-0100007f8ca3,353,1973-09-12T06:00:00+00:00,Imported Channel 1,20.3,ft^3/s,,,,,,,,ft,Unspecified,Unspecified,Unspecified,Unspecified,Unspecified,Unknown,Unspecified,2026-06-22T22:00:26.022747+00:00,other_method,Unspecified
05578500,POINT (-89.049175 40.1151694444444),dce17116-46cc-421a-97d7-9fe74c5faf92,USGS-05578500,4e84d8f0-c0b6-724a-e053-0100007fadac,344,1973-03-01T06:00:00+00:00,Imported Channel 1,147,ft^3/s,,,,,,,,ft,Unspecified,Unspecified,Unspecified,Unspecified,Unspecified,Unknown,Unspecified,2026-06-22T22:00:26.022747+00:00,other_method,Unspecified
05578500,POINT (-89.049175 40.1151694444444),de19301f-43a0-4f36-a2d3-e40d5989c092,USGS-05578500,4e84dfe1-1ca5-7610-e053-0100007f86fe,377,1976-01-21T06:00:00+00:00,Imported Channel 1,88.9,ft^3/s,,,,,,,,ft,Unspecified,Unspecified,Unspecified,Unspecified,Unspecified,Unknown,Unspecified,2026-06-22T22:00:26.022747+00:00,other_method,Unspecified
05578500,POINT (-89.049175 40.1151694444444),dedde5b0-ff42-4242-bdb6-fe9da9b06448,USGS-05578500,4e84f028-e92b-7db5-e053-0100007fe7f7,557,1997-08-05T15:10:00+00:00,Imported Channel 1,16.5,ft^3/s,27.0,ft,26.0,ft^2,0.64,ft/s,,,Unspecified,Unspecified,Unspecified,Unspecified,Unspecified,Unknown,Wading,2026-06-22T22:00:26.022747+00:00,point_velocity,Unspecified
05578500,POINT (-89.049175 40.1151694444444),dfd067a5-c66b-4ca5-b20f-cc9814c22155,USGS-05578500,4e84e5c9-30df-78cc-e053-0100007f12ec,545,1996-01-16T17:00:00+00:00,Imported Channel 1,13.2,ft^3/s,27.0,ft,20.0,ft^2,0.66,ft/s,,,Unspecified,Unspecified,Unspecified,Unspecified,Unspecified,Unknown,Wading,2026-06-22T22:00:26.022747+00:00,point_velocity,Unspecified
05578500,POINT (-89.049175 40.1151694444444),e00713b4-9dd6-43f6-838d-740e69ee000d,USGS-05578500,4e84e965-eed1-7b89-e053-0100007f242b,525,1992-07-10T15:45:00+00:00,Imported Channel 1,1340,ft^3/s,95.0,ft,719,ft^2,1.86,ft/s,,,Unspecified,Unspecified,Unspecified,Unspecified,Unspecified,Unknown,BridgeCrane,2026-06-22T22:00:26.022747+00:00,point_velocity,Unspecified
05578500,POINT (-89.049175 40.1151694444444),e05f96c5-d2dd-437d-8d64-e5eb7090cae5,USGS-05578500,4e84c583-afab-668b-e053-0100007fccd4,536,1994-09-06T14:40:00+00:00,Imported Channel 1,16.0,ft^3/s,27.4,ft,21.5,ft^2,0.74,ft/s,,,Unspecified,Unspecified,Unspecified,Unspecified,Unspecified,Unknown,Wading,2026-06-22T22:00:26.022747+00:00,point_velocity,Unspecified
05578500,POINT (-89.049175 40.1151694444444),e0cf7a74-35a4-4d5d-b952-44e6e2931ecd,USGS-05578500,4e84ee4f-f66f-7e51-e053-0100007fd14a,528,1993-01-06T17:00:00+00:00,Imported Channel 1,3200,ft^3/s,343,ft,1310,ft^2,2.44,ft/s,,,Unspecified,Unspecified,Unspecified,Unspecified,Unspecified,Unknown,BridgeCrane,2026-06-22T22:00:26.022747+00:00,point_velocity,Unspecified
05578500,POINT (-89.049175 40.1151694444444),e12f33a3-5f0d-4687-aa74-6116307ca8e1,USGS-05578500,4e84ecde-21d7-7d97-e053-0100007f7240,447,1983-10-11T06:00:00+00:00,Imported Channel 1,8.49,ft^3/s,40.0,ft,43.4,ft^2,0.20,ft/s,,,Unspecified,Unspecified,Unspecified,Unspecified,Unspecified,Unknown,Wading,2026-06-22T22:00:26.022747+00:00,point_velocity,Unspecified
05578500,POINT (-89.049175 40.1151694444444),e19516b0-744a-4cfd-8009-d02e9a43e55f,USGS-05578500,4e84c583-afae-668b-e053-0100007fccd4,539,1995-04-20T13:45:00+00:00,Imported Channel 1,796,ft^3/s,76.0,ft,529,ft^2,1.50,ft/s,,,Unspecified,Unspecified,Unspecified,Unspecified,Unspecified,Unknown,BridgeCrane,2026-06-22T22:00:26.022747+00:00,point_velocity,Unspecified
05578500,POINT (-89.049175 40.1151694444444),e200d116-5618-4427-b909-e88294e34e75,USGS-05578500,4e84f00b-c465-7f13-e053-0100007f04ba,653,2012-04-13T17:31:05+00:00,Channel 1,11.4,ft^3/s,48.0,ft,25.1,ft^2,0.45,ft/s,300.00,ft,Soft,Sand,Even,Even,Uniform,Unknown,Wading,2026-06-22T22:00:26.022747+00:00,point_velocity,Downstream
05578500,POINT (-89.049175 40.1151694444444),e20430fc-539e-402d-8b49-747a788a7793,USGS-05578500,4e84e489-78af-78b0-e053-0100007fe442,634,2009-03-17T16:29:24+00:00,Imported Channel 1,906,ft^3/s,79.1,ft,546,ft^2,1.66,ft/s,,ft,Unspecified,Unspecified,Unspecified,Unspecified,Unspecified,Unknown,BridgeDownstreamSide,2026-06-22T22:00:26.022747+00:00,adcp,Unspecified
05578500,POINT (-89.049175 40.1151694444444),e2388587-788e-4d66-a464-4679fc39cc69,USGS-05578500,4e84ed04-2524-7d9f-e053-0100007ff2b1,423,1981-02-02T06:00:00+00:00,Imported Channel 1,18.6,ft^3/s,30.0,ft,28.7,ft^2,0.65,ft/s,,,Unspecified,Unspecified,Unspecified,Unspecified,Unspecified,Unknown,Wading,2026-06-22T22:00:26.022747+00:00,point_velocity,Unspecified
05578500,POINT (-89.049175 40.1151694444444),e23e7c4a-a544-4972-b350-140ff619a898,USGS-05578500,4e84ee40-745c-7e58-e053-0100007f914f,553,1997-01-21T21:10:00+00:00,Imported Channel 1,71.1,ft^3/s,46.0,ft,65.8,ft^2,1.08,ft/s,,,Unspecified,Unspecified,Unspecified,Unspecified,Unspecified,Unknown,Ice,2026-06-22T22:00:26.022747+00:00,point_velocity,Unspecified
05578500,POINT (-89.049175 40.1151694444444),e3089f96-34f9-4e03-bd5f-42f954058db5,USGS-05578500,4e84f982-6592-8451-e053-0100007f73be,665,2013-10-22T17:10:30+00:00,MAIN,8.94,ft^3/s,26.0,ft,10.4,ft^2,0.86,ft/s,325.00,ft,Soft,Sand,Even,Even,Uniform,Unknown,Wading,2026-06-22T22:00:26.022747+00:00,point_velocity,Downstream
05578500,POINT (-89.049175 40.1151694444444),e40511c3-8af5-4321-b69d-b0bef8298717,USGS-05578500,4e84f37a-ceae-8055-e053-0100007f832a,660,2013-02-06T20:48:26+00:00,MAIN,295,ft^3/s,66.4,ft,308,ft^2,0.96,ft/s,,ft,Soft,SiltMud,Even,Even,Uniform,Unknown,BridgeDownstreamSide,2026-06-22T22:00:26.022747+00:00,adcp,AtTheGage
05578500,POINT (-89.049175 40.1151694444444),e46caad0-7b45-44bc-bc20-59b09f1050d3,USGS-05578500,4e84ddf3-b5fb-7510-e053-0100007fe2f1,326,1971-09-10T06:00:00+00:00,Imported Channel 1,23.0,ft^3/s,,,,,,,,ft,Unspecified,Unspecified,Unspecified,Unspecified,Unspecified,Unknown,Unspecified,2026-06-22T22:00:26.022747+00:00,other_method,Unspecified
05578500,POINT (-89.049175 40.1151694444444),e613d33a-169a-4b38-bc2b-70cc4521ccaa,USGS-05578500,4b725216-1678-4c80-8bd7-0478a159139b,714,2021-10-19T20:19:40+00:00,MAIN,239,ft^3/s,69.3,ft,248,ft^2,0.96,ft/s,0.00,ft,Unspecified,Unspecified,Unspecified,Even,Unspecified,Unspecified,Cableway,2026-06-22T22:00:26.022747+00:00,adcp,AtTheGage
05578500,POINT (-89.049175 40.1151694444444),e648d8a3-dff6-4588-b101-0cfc2c2d398c,USGS-05578500,595fef83-228b-4ea3-99dd-e9fe3e7c5c5a,704,2020-05-19T20:28:55+00:00,Main,2630,ft^3/s,173,ft,1200,ft^2,2.20,ft/s,0.00,ft,Unspecified,Unspecified,Unspecified,Unspecified,Unspecified,Unspecified,BridgeDownstreamSide,2026-06-22T22:00:26.022747+00:00,adcp,AtTheGage
05578500,POINT (-89.049175 40.1151694444444),e79236c6-6819-4471-b829-1fedbaa6501c,USGS-05578500,4e84d488-6bd1-6f1b-e053-0100007f4142,302,1969-11-07T06:00:00+00:00,Imported Channel 1,192,ft^3/s,,,,,,,,ft,Unspecified,Unspecified,Unspecified,Unspecified,Unspecified,Unknown,Unspecified,2026-06-22T22:00:26.022747+00:00,other_method,Unspecified
05578500,POINT (-89.049175 40.1151694444444),e7b223ac-505b-42f6-9746-bf9f93d21c0f,USGS-05578500,4e8501e2-7a72-8916-e053-0100007f4361,656,2012-08-30T18:09:58+00:00,CHANNEL 2,1.25,ft^3/s,14.0,ft,3.22,ft^2,0.39,ft/s,300.00,ft,Soft,Gravel,Even,Even,Uniform,Unknown,Wading,2026-06-22T22:00:26.022747+00:00,point_velocity,Downstream
05578500,POINT (-89.049175 40.1151694444444),e7e8ef26-7e44-4c16-b914-c315fab32c25,USGS-05578500,4e84fe38-5a14-86df-e053-0100007ff5f9,676,2015-08-13T20:39:43+00:00,MAIN,62.9,ft^3/s,61.0,ft,158,ft^2,0.40,ft/s,10.00,ft,Unspecified,Unspecified,Unspecified,Even,Unspecified,Unknown,BridgeDownstreamSide,2026-06-22T22:00:26.022747+00:00,adcp,Downstream
05578500,POINT (-89.049175 40.1151694444444),e956fdf3-8a6a-4c14-9e17-ea90e7e2977c,USGS-05578500,4e84d302-76f9-6e36-e053-0100007fdbda,435,1982-04-07T06:00:00+00:00,Imported Channel 1,548,ft^3/s,65.0,ft,228,ft^2,2.40,ft/s,,,Unspecified,Unspecified,Unspecified,Unspecified,Unspecified,Unknown,BridgeCrane,2026-06-22T22:00:26.022747+00:00,point_velocity,Unspecified
05578500,POINT (-89.049175 40.1151694444444),e9646930-3721-4b24-af63-a6d2106d5246,USGS-05578500,4e84d8f0-c0bd-724a-e053-0100007fadac,431,1981-10-21T06:00:00+00:00,Imported Channel 1,193,ft^3/s,57.0,ft,161,ft^2,1.20,ft/s,,,Unspecified,Unspecified,Unspecified,Unspecified,Unspecified,Unknown,Wading,2026-06-22T22:00:26.022747+00:00,point_velocity,Unspecified
05578500,POINT (-89.049175 40.1151694444444),eaf91b43-f5ad-44cf-87ed-fa8aeb814668,USGS-05578500,4e84e449-dee1-78b2-e053-0100007f74ce,393,1977-10-07T06:00:00+00:00,Imported Channel 1,512,ft^3/s,,,,,,,,ft,Unspecified,Unspecified,Unspecified,Unspecified,Unspecified,Unknown,Unspecified,2026-06-22T22:00:26.022747+00:00,other_method,Unspecified
05578500,POINT (-89.049175 40.1151694444444),eb2751d6-b59e-48b8-bced-cfddd1940294,USGS-05578500,4e84ecb7-5c1e-7cf4-e053-0100007f70bd,489,1988-06-22T20:15:00+00:00,Imported Channel 1,10.6,ft^3/s,31.0,ft,17.6,ft^2,0.60,ft/s,,,Unspecified,Unspecified,Unspecified,Unspecified,Unspecified,Unknown,Wading,2026-06-22T22:00:26.022747+00:00,point_velocity,Unspecified
05578500,POINT (-89.049175 40.1151694444444),eb2cade4-47d4-42b4-bcc4-9c3d5da280bd,USGS-05578500,4e84f35b-6d1f-80b9-e053-0100007fa044,547,1996-05-13T16:20:00+00:00,Imported Channel 1,2500,ft^3/s,229,ft,997,ft^2,2.51,ft/s,,,Unspecified,Unspecified,Unspecified,Unspecified,Unspecified,Unknown,BridgeCrane,2026-06-22T22:00:26.022747+00:00,point_velocity,Unspecified
05578500,POINT (-89.049175 40.1151694444444),ebb44026-1b2c-405c-8ddd-42e65067e98f,USGS-05578500,4e84ec9f-a632-7cfa-e053-0100007fe4f7,628,2008-02-05T14:08:00+00:00,Imported Channel 1,1340,ft^3/s,160,ft,904,ft^2,1.48,ft/s,,ft,Unspecified,Unspecified,Unspecified,Unspecified,Unspecified,Unknown,Unspecified,2026-06-22T22:00:26.022747+00:00,adcp,Unspecified
05578500,POINT (-89.049175 40.1151694444444),ebc8ed2b-3df7-4430-af83-2356f422bf1c,USGS-05578500,4e84e640-6459-7987-e053-0100007f7264,508,1990-03-22T18:30:00+00:00,Imported Channel 1,506,ft^3/s,69.0,ft,323,ft^2,1.57,ft/s,,,Unspecified,Unspecified,Unspecified,Unspecified,Unspecified,Unknown,BridgeCrane,2026-06-22T22:00:26.022747+00:00,point_velocity,Unspecified
05578500,POINT (-89.049175 40.1151694444444),f028125b-3409-4ce3-ac09-1e1ddcbc30a6,USGS-05578500,4e84e0c2-999d-7688-e053-0100007f7ae7,347,1973-04-03T06:00:00+00:00,Imported Channel 1,1760,ft^3/s,,,,,,,,ft,Unspecified,Unspecified,Unspecified,Unspecified,Unspecified,Unknown,Unspecified,2026-06-22T22:00:26.022747+00:00,other_method,Unspecified
05578500,POINT (-89.049175 40.1151694444444),f0e8450d-f190-43de-89b9-2bf22c7680c9,USGS-05578500,4e84e7f1-5d80-7a9c-e053-0100007f3d7f,348,1973-04-24T06:00:00+00:00,Imported Channel 1,3810,ft^3/s,,,,,,,,ft,Unspecified,Unspecified,Unspecified,Unspecified,Unspecified,Unknown,Unspecified,2026-06-22T22:00:26.022747+00:00,other_method,Unspecified
05578500,POINT (-89.049175 40.1151694444444),f1f51403-f366-4109-8d44-78663c52764d,USGS-05578500,4e84def1-85a5-74e4-e053-0100007f090f,442,1983-02-18T06:00:00+00:00,Imported Channel 1,228,ft^3/s,51.0,ft,137,ft^2,1.66,ft/s,,,Unspecified,Unspecified,Unspecified,Unspecified,Unspecified,Unknown,BridgeCrane,2026-06-22T22:00:26.022747+00:00,point_velocity,Unspecified
05578500,POINT (-89.049175 40.1151694444444),f2a59f46-f291-4d2f-bfb3-ea107dbbb47d,USGS-05578500,d5001c3b-e110-4f6f-b9be-b03cf14cfb96,719,2022-05-13T16:11:16+00:00,MAIN,438,ft^3/s,71.9,ft,307,ft^2,1.43,ft/s,0.00,ft,Soft,SiltMud,Even,Even,Uniform,Steady,BridgeDownstreamSide,2026-06-22T22:00:26.022747+00:00,adcp,AtTheGage
05578500,POINT (-89.049175 40.1151694444444),f2aaec47-9bc9-49c0-9574-a590eca845ed,USGS-05578500,4e84d302-76fa-6e36-e053-0100007fdbda,439,1982-09-20T06:00:00+00:00,Imported Channel 1,16.5,ft^3/s,27.0,ft,162,ft^2,1.02,ft/s,,,Unspecified,Unspecified,Unspecified,Unspecified,Unspecified,Unknown,Wading,2026-06-22T22:00:26.022747+00:00,point_velocity,Unspecified
05578500,POINT (-89.049175 40.1151694444444),f2cbddc4-8120-47b1-9e76-6b45fe011473,USGS-05578500,4e84da36-a2c5-7304-e053-0100007ffc1d,375,1975-09-24T06:00:00+00:00,Imported Channel 1,85.9,ft^3/s,,,,,,,,ft,Unspecified,Unspecified,Unspecified,Unspecified,Unspecified,Unknown,Unspecified,2026-06-22T22:00:26.022747+00:00,other_method,Unspecified
05578500,POINT (-89.049175 40.1151694444444),f2daeb24-a067-45f8-aff8-bf2af99cbeeb,USGS-05578500,4e84d4d7-f930-6f15-e053-0100007f414e,466,1986-12-10T18:00:00+00:00,Imported Channel 1,512,ft^3/s,69.0,ft,326,ft^2,1.57,ft/s,,,Unspecified,Unspecified,Unspecified,Unspecified,Unspecified,Unknown,BridgeCrane,2026-06-22T22:00:26.022747+00:00,point_velocity,Unspecified
05578500,POINT (-89.049175 40.1151694444444),f2f2b8fb-b1ea-45e7-aab9-219694fa0de0,USGS-05578500,4e84e640-6455-7987-e053-0100007f7264,477,1987-03-02T06:00:00+00:00,Imported Channel 1,182,ft^3/s,60.0,ft,147,ft^2,1.24,ft/s,,,Unspecified,Unspecified,Unspecified,Unspecified,Unspecified,Unknown,BridgeCrane,2026-06-22T22:00:26.022747+00:00,point_velocity,Unspecified
05578500,POINT (-89.049175 40.1151694444444),f2fa40da-6b5e-48e3-95cf-69e892c1db88,USGS-05578500,4e84d615-5c80-6f19-e053-0100007f8826,389,1977-05-06T06:00:00+00:00,Imported Channel 1,1060,ft^3/s,,,,,,,,ft,Unspecified,Unspecified,Unspecified,Unspecified,Unspecified,Unknown,Unspecified,2026-06-22T22:00:26.022747+00:00,other_method,Unspecified
05578500,POINT (-89.049175 40.1151694444444),f36a09b7-cc2f-4b16-9be8-d28334ec3b42,USGS-05578500,4e84de26-8b18-7528-e053-0100007f960b,610,2004-11-29T18:17:00+00:00,Imported Channel 1,1020,ft^3/s,87.0,ft,565,ft^2,1.81,ft/s,,,Unspecified,Unspecified,Unspecified,Unspecified,Unspecified,Unknown,BridgeCrane,2026-06-22T22:00:26.022747+00:00,point_velocity,Unspecified
05578500,POINT (-89.049175 40.1151694444444),f3a2ec2c-b27f-43ff-9940-017d0dc3ae8e,USGS-05578500,4e84ecc9-3e1f-7d9b-e053-0100007fd157,630,2008-05-16T15:27:00+00:00,Imported Channel 1,678,ft^3/s,74.6,ft,504,ft^2,1.35,ft/s,,ft,Unspecified,Unspecified,Unspecified,Unspecified,Unspecified,Unknown,Unspecified,2026-06-22T22:00:26.022747+00:00,adcp,Unspecified
05578500,POINT (-89.049175 40.1151694444444),f3c09322-dd39-48cd-be5a-9d1c3e59168f,USGS-05578500,4e84eb02-0411-7a9a-e053-0100007f0d77,577,2000-05-19T20:25:00+00:00,Imported Channel 1,68.9,ft^3/s,46.0,ft,48.4,ft^2,1.42,ft/s,,,Unspecified,Unspecified,Unspecified,Unspecified,Unspecified,Unknown,Wading,2026-06-22T22:00:26.022747+00:00,point_velocity,Unspecified
05578500,POINT (-89.049175 40.1151694444444),f3d71dff-698b-4f50-a11d-9eb8f7931c9d,USGS-05578500,4e84d90d-eab8-7228-e053-0100007f77e7,449,1984-01-09T06:00:00+00:00,Imported Channel 1,111,ft^3/s,53.0,ft,98.6,ft^2,1.12,ft/s,,,Unspecified,Unspecified,Unspecified,Unspecified,Unspecified,Unknown,Ice,2026-06-22T22:00:26.022747+00:00,point_velocity,Unspecified
05578500,POINT (-89.049175 40.1151694444444),f400166a-5276-4766-bb07-dcba6efeec55,USGS-05578500,4e84ee73-9b5f-7db3-e053-0100007f3281,560,1997-12-15T18:45:00+00:00,Imported Channel 1,140,ft^3/s,62.0,ft,122,ft^2,1.15,ft/s,,,Unspecified,Unspecified,Unspecified,Unspecified,Unspecified,Unknown,Wading,2026-06-22T22:00:26.022747+00:00,point_velocity,Unspecified
05578500,POINT (-89.049175 40.1151694444444),f42deb06-1a18-4482-a547-23c84e419007,USGS-05578500,4e84cf56-e7c1-6c8a-e053-0100007f4327,336,1972-07-05T06:00:00+00:00,Imported Channel 1,62.3,ft^3/s,,,,,,,,ft,Unspecified,Unspecified,Unspecified,Unspecified,Unspecified,Unknown,Unspecified,2026-06-22T22:00:26.022747+00:00,other_method,Unspecified
05578500,POINT (-89.049175 40.1151694444444),f45c8749-44e4-46fb-bfae-b934db59dac7,USGS-05578500,4e84d488-6be5-6f1b-e053-0100007f4142,388,1977-03-25T06:00:00+00:00,Imported Channel 1,131,ft^3/s,,,,,,,,ft,Unspecified,Unspecified,Unspecified,Unspecified,Unspecified,Unknown,Unspecified,2026-06-22T22:00:26.022747+00:00,other_method,Unspecified
05578500,POINT (-89.049175 40.1151694444444),f6047b1b-f802-4213-afff-316f72eca150,USGS-05578500,4e84f028-e92c-7db5-e053-0100007fe7f7,558,1997-09-30T15:25:00+00:00,Imported Channel 1,11.7,ft^3/s,23.0,ft,16.0,ft^2,0.73,ft/s,,,Unspecified,Unspecified,Unspecified,Unspecified,Unspecified,Unknown,Wading,2026-06-22T22:00:26.022747+00:00,point_velocity,Unspecified
05578500,POINT (-89.049175 40.1151694444444),f732071d-b686-4b7f-8c3d-48ce9ee5d8dc,USGS-05578500,4e84efae-ae82-7ee3-e053-0100007f8da1,646,2011-04-13T15:32:00+00:00,Imported Channel 1,223,ft^3/s,64.0,ft,260,ft^2,0.86,ft/s,,ft,Soft,SiltMud,Even,Even,Uniform,Unknown,BridgeDownstreamSide,2026-06-22T22:00:26.022747+00:00,adcp,AtTheGage
05578500,POINT (-89.049175 40.1151694444444),f77516c9-3483-446a-b692-563f500fed08,USGS-05578500,91d2a978-16cc-19f2-e053-0100007fbb5d,700,2019-08-29T17:12:42+00:00,Main,12.9,ft^3/s,21.0,ft,12.0,ft^2,1.08,ft/s,1500.00,ft,Firm,Sand,Even,Even,Standard,Steady,Wading,2026-06-22T22:00:26.022747+00:00,point_velocity,Downstream
05578500,POINT (-89.049175 40.1151694444444),f7b34426-5e4c-463d-a4b0-f042ec89c10f,USGS-05578500,4e84dca1-f73b-73d6-e053-0100007ffb2f,487,1988-04-20T17:00:00+00:00,Imported Channel 1,191,ft^3/s,48.0,ft,132,ft^2,1.45,ft/s,,,Unspecified,Unspecified,Unspecified,Unspecified,Unspecified,Unknown,Wading,2026-06-22T22:00:26.022747+00:00,point_velocity,Unspecified
05578500,POINT (-89.049175 40.1151694444444),f8e3bb00-3690-4cc5-9483-a4bb6b3aa79a,USGS-05578500,4e84fd85-2110-865b-e053-0100007fdae7,647,2011-04-20T16:32:00+00:00,Imported Channel 1,705,ft^3/s,73.9,ft,469,ft^2,1.51,ft/s,,ft,Soft,SiltMud,Even,Even,Uniform,Unknown,BridgeDownstreamSide,2026-06-22T22:00:26.022747+00:00,adcp,AtTheGage
05578500,POINT (-89.049175 40.1151694444444),f9ac08d4-f310-4299-b18e-fb665a428272,USGS-05578500,4e84cf0a-9410-6c74-e053-0100007f4a54,467,1986-01-06T06:00:00+00:00,Imported Channel 1,151,ft^3/s,59.0,ft,167,ft^2,0.90,ft/s,,,Unspecified,Unspecified,Unspecified,Unspecified,Unspecified,Unknown,Wading,2026-06-22T22:00:26.022747+00:00,point_velocity,Unspecified
05578500,POINT (-89.049175 40.1151694444444),f9cbdb89-707a-4d86-a12c-23e6c5289761,USGS-05578500,4e84d362-e0f4-6e3a-e053-0100007fe0d3,341,1972-12-15T06:00:00+00:00,Imported Channel 1,686,ft^3/s,,,,,,,,ft,Unspecified,Unspecified,Unspecified,Unspecified,Unspecified,Unknown,Unspecified,2026-06-22T22:00:26.022747+00:00,other_method,Unspecified
05578500,POINT (-89.049175 40.1151694444444),fa6ca0b6-c008-425b-8282-9666f60e7f2a,USGS-05578500,4e84d615-5c8c-6f19-e053-0100007f8826,444,1983-05-16T06:00:00+00:00,Imported Channel 1,1020,ft^3/s,68.0,ft,407,ft^2,2.51,ft/s,,,Unspecified,Unspecified,Unspecified,Unspecified,Unspecified,Unknown,BridgeCrane,2026-06-22T22:00:26.022747+00:00,point_velocity,Unspecified
05578500,POINT (-89.049175 40.1151694444444),fad9342f-ffe0-46f5-9e60-e6e7bd3fc2f8,USGS-05578500,4e84e449-df0f-78b2-e053-0100007f74ce,596,2003-04-15T16:45:00+00:00,Imported Channel 1,238,ft^3/s,64.0,ft,241,ft^2,0.99,ft/s,,,Unspecified,Unspecified,Unspecified,Unspecified,Unspecified,Unknown,BridgeCrane,2026-06-22T22:00:26.022747+00:00,point_velocity,Unspecified
05578500,POINT (-89.049175 40.1151694444444),fb236a70-baf6-46e5-915a-55bedddb1ddf,USGS-05578500,4e84e125-1aa7-76a2-e053-0100007f7548,504,1989-10-03T22:00:00+00:00,Imported Channel 1,24.4,ft^3/s,23.0,ft,33.8,ft^2,0.72,ft/s,,,Unspecified,Unspecified,Unspecified,Unspecified,Unspecified,Unknown,Wading,2026-06-22T22:00:26.022747+00:00,point_velocity,Unspecified
05578500,POINT (-89.049175 40.1151694444444),fb3626dd-664f-405c-b534-a63e6aa22840,USGS-05578500,4e84d8b0-11a9-707b-e053-0100007fc9d2,308,1970-04-22T06:00:00+00:00,Imported Channel 1,2390,ft^3/s,,,,,,,,ft,Unspecified,Unspecified,Unspecified,Unspecified,Unspecified,Unknown,Unspecified,2026-06-22T22:00:26.022747+00:00,other_method,Unspecified
05578500,POINT (-89.049175 40.1151694444444),fba41e58-a6da-48f1-85ed-ae14c8999892,USGS-05578500,4e84e156-963e-76d8-e053-0100007fc298,579,2000-10-16T12:51:00+00:00,Imported Channel 1,13.9,ft^3/s,21.2,ft,12.0,ft^2,1.16,ft/s,,,Unspecified,Unspecified,Unspecified,Unspecified,Unspecified,Unknown,Wading,2026-06-22T22:00:26.022747+00:00,point_velocity,Unspecified
05578500,POINT (-89.049175 40.1151694444444),fbb7b79e-8e85-4e30-b825-2c51c26fea1d,USGS-05578500,4e84e156-965c-76d8-e053-0100007fc298,643,2010-10-20T16:27:30+00:00,Imported Channel 1,10.6,ft^3/s,54.5,ft,82.1,ft^2,0.13,ft/s,,,Soft,SiltMud,Even,Even,Uniform,Unknown,Wading,2026-06-22T22:00:26.022747+00:00,point_velocity,AtTheGage
05578500,POINT (-89.049175 40.1151694444444),fbc3ee53-425f-4ea8-aca9-673fe725c405,USGS-05578500,4e84e296-53f9-73d8-e053-0100007f7524,427,1981-07-21T06:00:00+00:00,Imported Channel 1,2500,ft^3/s,393,ft,1140,ft^2,2.19,ft/s,,,Unspecified,Unspecified,Unspecified,Unspecified,Unspecified,Unknown,Wading,2026-06-22T22:00:26.022747+00:00,point_velocity,Unspecified
05578500,POINT (-89.049175 40.1151694444444),fbc678a9-a047-4f1e-a9a9-54671ac53025,USGS-05578500,4e84e034-b18d-7630-e053-0100007fc8d0,565,1998-08-20T19:50:00+00:00,Imported Channel 1,64.0,ft^3/s,34.0,ft,41.2,ft^2,1.55,ft/s,,,Unspecified,Unspecified,Unspecified,Unspecified,Unspecified,Unknown,Wading,2026-06-22T22:00:26.022747+00:00,point_velocity,Unspecified
05578500,POINT (-89.049175 40.1151694444444),fe15dbb5-0524-4b0f-82dc-8598f5c26d7b,USGS-05578500,4e84f6a6-2047-8128-e053-0100007f19fb,640,2010-04-20T22:08:00+00:00,Imported Channel 1,197,ft^3/s,71.5,ft,202,ft^2,1.00,ft/s,500.00,ft,Soft,SiltMud,Uneven,Uneven,Unspecified,Unknown,Wading,2026-06-22T22:00:26.022747+00:00,point_velocity,Upstream
05578500,POINT (-89.049175 40.1151694444444),fe4f13ea-82de-4999-8af0-f310a0767c6b,USGS-05578500,c69b521d-6550-468e-9f17-02c197be433b,708,2021-01-25T20:16:46+00:00,Main,13.2,ft^3/s,27.7,ft,14.7,ft^2,0.90,ft/s,500.00,ft,Unspecified,Unspecified,Unspecified,Unspecified,Unspecified,Unspecified,Wading,2026-06-22T22:00:26.022747+00:00,point_velocity,Downstream
05578500,POINT (-89.049175 40.1151694444444),fe4fd63e-bb5b-4df0-8f7f-b552acd2a549,USGS-05578500,4e8501e2-7a73-8916-e053-0100007f4361,668,2014-02-26T16:41:53+00:00,MAIN,737,ft^3/s,71.0,ft,429,ft^2,1.72,ft/s,,ft,Soft,SiltMud,Even,Even,Uniform,Unknown,BridgeDownstreamSide,2026-06-22T22:00:26.022747+00:00,adcp,AtTheGage
