site_id,geometry,id,monitoring_location_id,field_visit_id,measurement_number,time,channel_name,channel_flow,channel_flow_unit,channel_width,channel_width_unit,channel_area,channel_area_unit,channel_velocity,channel_velocity_unit,channel_location_distance,channel_location_distance_unit,channel_stability,channel_material,channel_evenness,horizontal_velocity_description,vertical_velocity_description,longitudinal_velocity_description,measurement_type,last_modified,channel_measurement_type,channel_location_direction
05584500,POINT (-90.8961944444444 40.3315277777778),001d61e8-3439-41f8-91f6-0c6499d58451,USGS-05584500,4e84e510-8e82-7894-e053-0100007f9a4d,351,1978-12-27T06:00:00+00:00,Imported Channel 1,28.7,ft^3/s,,,,,,,,ft,Unspecified,Unspecified,Unspecified,Unspecified,Unspecified,Unknown,Unspecified,2026-06-28T02:18:01.635513+00:00,other_method,Unspecified
05584500,POINT (-90.8961944444444 40.3315277777778),00ab8f08-506f-4417-b562-2e704d6d6b5c,USGS-05584500,4e84ef04-f2da-7e5a-e053-0100007ff08e,545,2003-12-09T21:05:00+00:00,Imported Channel 1,114,ft^3/s,72.0,ft,132,ft^2,0.86,ft/s,,,Unspecified,Unspecified,Unspecified,Unspecified,Unspecified,Unknown,Wading,2026-06-28T02:18:01.635513+00:00,point_velocity,Unspecified
05584500,POINT (-90.8961944444444 40.3315277777778),0159bab2-d75b-4f52-a26f-cd691a18e8d2,USGS-05584500,64406ca7-a421-490c-9f75-e2b1fe69ad7f,670,2023-06-27T23:03:30+00:00,MAIN,24.4,ft^3/s,58.5,ft,47.1,ft^2,0.52,ft/s,500.00,ft,Soft,SiltMud,Even,Even,Uniform,Steady,Wading,2026-06-28T02:18:01.635513+00:00,point_velocity,Upstream
05584500,POINT (-90.8961944444444 40.3315277777778),01dbc067-57e3-42f9-8dce-2560d6dc0de4,USGS-05584500,4e84fcb7-f2cf-8641-e053-0100007f820b,442,1989-08-10T15:45:00+00:00,Imported Channel 1,0.79,ft^3/s,6.50,ft,1.12,ft^2,0.71,ft/s,,,Unspecified,Unspecified,Unspecified,Unspecified,Unspecified,Unknown,Wading,2026-06-28T02:18:01.635513+00:00,point_velocity,Unspecified
05584500,POINT (-90.8961944444444 40.3315277777778),026fd550-0ff5-4617-9e0a-21dd7e7327a4,USGS-05584500,4e850197-be9a-883f-e053-0100007fd159,464,1992-08-18T19:30:00+00:00,Imported Channel 1,39.2,ft^3/s,31.0,ft,29.4,ft^2,1.33,ft/s,,,Unspecified,Unspecified,Unspecified,Unspecified,Unspecified,Unknown,Wading,2026-06-28T02:18:01.635513+00:00,point_velocity,Unspecified
05584500,POINT (-90.8961944444444 40.3315277777778),02eb7474-ed55-44fb-ab5c-4dc9c7430149,USGS-05584500,4e84face-d301-8565-e053-0100007fb69e,413,1986-04-15T06:00:00+00:00,Imported Channel 1,156,ft^3/s,56.0,ft,223,ft^2,0.70,ft/s,,,Unspecified,Unspecified,Unspecified,Unspecified,Unspecified,Unknown,BridgeCrane,2026-06-28T02:18:01.635513+00:00,point_velocity,Unspecified
05584500,POINT (-90.8961944444444 40.3315277777778),033920a9-e48f-4a5f-8bd7-40e8077dde7b,USGS-05584500,4e84e125-1abf-76a2-e053-0100007f7548,300,1973-07-13T06:00:00+00:00,Imported Channel 1,145,ft^3/s,,,,,,,,ft,Unspecified,Unspecified,Unspecified,Unspecified,Unspecified,Unknown,Unspecified,2026-06-28T02:18:01.635513+00:00,other_method,Unspecified
05584500,POINT (-90.8961944444444 40.3315277777778),03614a2b-216a-467d-a3f1-31a477db1a66,USGS-05584500,4e8503f9-f123-8954-e053-0100007f3b54,579,2009-07-21T16:13:00+00:00,Imported Channel 1,198,ft^3/s,58.8,ft,260,ft^2,0.76,ft/s,,ft,Unspecified,Unspecified,Unspecified,Unspecified,Unspecified,Unknown,BridgeDownstreamSide,2026-06-28T02:18:01.635513+00:00,adcp,Unspecified
05584500,POINT (-90.8961944444444 40.3315277777778),0428088f-7e93-4a11-8099-b74645e5f4e6,USGS-05584500,4e84ec29-ff89-7cf6-e053-0100007f7b81,426,1988-03-09T20:00:00+00:00,Imported Channel 1,98.9,ft^3/s,53.0,ft,210,ft^2,0.47,ft/s,,,Unspecified,Unspecified,Unspecified,Unspecified,Unspecified,Unknown,BridgeCrane,2026-06-28T02:18:01.635513+00:00,point_velocity,Unspecified
05584500,POINT (-90.8961944444444 40.3315277777778),0499284b-d907-4dd5-82a8-320ff95b16e6,USGS-05584500,4e84fa6f-1cc0-856d-e053-0100007f4fb9,533,2002-05-07T20:19:00+00:00,Imported Channel 1,849,ft^3/s,84.0,ft,460,ft^2,1.85,ft/s,,,Unspecified,Unspecified,Unspecified,Unspecified,Unspecified,Unknown,BridgeCrane,2026-06-28T02:18:01.635513+00:00,point_velocity,Unspecified
05584500,POINT (-90.8961944444444 40.3315277777778),04fb0192-9583-401e-bd5b-9298f4b8de43,USGS-05584500,4e850945-6dc7-8d8e-e053-0100007fa376,587,2010-12-20T21:38:00+00:00,Imported Channel 1,80.1,ft^3/s,56.0,ft,186,ft^2,0.43,ft/s,,,Unspecified,Unspecified,Unspecified,Unspecified,Unspecified,Unknown,Ice,2026-06-28T02:18:01.635513+00:00,point_velocity,AtTheGage
05584500,POINT (-90.8961944444444 40.3315277777778),053c28cd-1c93-4a49-9a8d-d6fa6b006b8c,USGS-05584500,4e84f81e-502c-8224-e053-0100007f156b,494,1996-12-17T20:05:00+00:00,Imported Channel 1,27.4,ft^3/s,34.0,ft,23.5,ft^2,1.17,ft/s,,,Unspecified,Unspecified,Unspecified,Unspecified,Unspecified,Unknown,Wading,2026-06-28T02:18:01.635513+00:00,point_velocity,Unspecified
05584500,POINT (-90.8961944444444 40.3315277777778),07631983-29c6-4447-83be-31d91d8adedd,USGS-05584500,6d82c171-ee92-ee99-e053-0100007f32d9,637,2018-05-23T19:34:40+00:00,MAIN,136,ft^3/s,57.5,ft,190,ft^2,0.72,ft/s,0.00,ft,Soft,SiltMud,Even,Even,Standard,Steady,Cableway,2026-06-28T02:18:01.635513+00:00,adcp,AtTheGage
05584500,POINT (-90.8961944444444 40.3315277777778),07bac2ea-235f-4d4c-9991-28a224359781,USGS-05584500,4e84f381-7676-80aa-e053-0100007f2bc8,328,1976-12-08T06:00:00+00:00,Imported Channel 1,7.03,ft^3/s,,,,,,,,ft,Unspecified,Unspecified,Unspecified,Unspecified,Unspecified,Unknown,Unspecified,2026-06-28T02:18:01.635513+00:00,other_method,Unspecified
05584500,POINT (-90.8961944444444 40.3315277777778),07d59e6d-1086-4fef-83e1-566ea6650a93,USGS-05584500,4e84cf0a-9431-6c74-e053-0100007f4a54,434,1988-09-20T15:30:00+00:00,Imported Channel 1,0.80,ft^3/s,7.00,ft,2.53,ft^2,0.32,ft/s,,,Unspecified,Unspecified,Unspecified,Unspecified,Unspecified,Unknown,Wading,2026-06-28T02:18:01.635513+00:00,point_velocity,Unspecified
05584500,POINT (-90.8961944444444 40.3315277777778),07e8691f-ca2c-44d9-9198-0736efcecb9b,USGS-05584500,4e84ec92-d471-7ce4-e053-0100007f7552,344,1978-04-19T06:00:00+00:00,Imported Channel 1,1480,ft^3/s,,,,,,,,ft,Unspecified,Unspecified,Unspecified,Unspecified,Unspecified,Unknown,Unspecified,2026-06-28T02:18:01.635513+00:00,other_method,Unspecified
05584500,POINT (-90.8961944444444 40.3315277777778),0848d7c9-b315-49ea-a813-64c680d956ac,USGS-05584500,4e84f563-b1f5-812c-e053-0100007f19c1,336,1977-08-10T06:00:00+00:00,Imported Channel 1,1220,ft^3/s,,,,,,,,ft,Unspecified,Unspecified,Unspecified,Unspecified,Unspecified,Unknown,Unspecified,2026-06-28T02:18:01.635513+00:00,other_method,Unspecified
05584500,POINT (-90.8961944444444 40.3315277777778),08591b3e-348c-427a-9432-f8349d69368f,USGS-05584500,4e8501cc-c59d-8884-e053-0100007fd72f,522,2000-12-05T13:30:00+00:00,Imported Channel 1,18.2,ft^3/s,29.2,ft,37.0,ft^2,0.49,ft/s,,,Unspecified,Unspecified,Unspecified,Unspecified,Unspecified,Unknown,Wading,2026-06-28T02:18:01.635513+00:00,point_velocity,Unspecified
05584500,POINT (-90.8961944444444 40.3315277777778),09088d06-56a7-41a0-a6e5-d2df003a2523,USGS-05584500,4e84ee4f-f688-7e51-e053-0100007fd14a,424,1987-11-03T21:05:00+00:00,Imported Channel 1,16.1,ft^3/s,41.0,ft,32.3,ft^2,0.50,ft/s,,,Unspecified,Unspecified,Unspecified,Unspecified,Unspecified,Unknown,Wading,2026-06-28T02:18:01.635513+00:00,point_velocity,Unspecified
05584500,POINT (-90.8961944444444 40.3315277777778),09a84909-ef3f-484f-8d48-1be7cc0937d5,USGS-05584500,4e84ecd8-59bc-7d42-e053-0100007ff819,389,1983-07-12T06:00:00+00:00,Imported Channel 1,41.1,ft^3/s,,,,,,,,ft,Unspecified,Unspecified,Unspecified,Unspecified,Unspecified,Unknown,Unspecified,2026-06-28T02:18:01.635513+00:00,other_method,Unspecified
05584500,POINT (-90.8961944444444 40.3315277777778),09da1110-c2c1-48e6-aac1-b4a7e59e989b,USGS-05584500,4e84ddf3-b633-7510-e053-0100007fe2f1,488,1996-05-16T15:45:00+00:00,Imported Channel 1,1020,ft^3/s,101,ft,682,ft^2,1.50,ft/s,,,Unspecified,Unspecified,Unspecified,Unspecified,Unspecified,Unknown,BridgeCrane,2026-06-28T02:18:01.635513+00:00,point_velocity,Unspecified
05584500,POINT (-90.8961944444444 40.3315277777778),0b1d865b-2b52-41b2-afba-d96ba74b256e,USGS-05584500,4e8501de-bfa6-895e-e053-0100007f1e64,599,2012-09-12T19:12:30+00:00,05584500,14.7,ft^3/s,36.5,ft,18.9,ft^2,0.78,ft/s,,,Unspecified,Unspecified,Unspecified,Unspecified,Unspecified,Unknown,Wading,2026-06-28T02:18:01.635513+00:00,point_velocity,Unspecified
05584500,POINT (-90.8961944444444 40.3315277777778),0b763629-ac7d-4a5b-9807-67f0b57b2319,USGS-05584500,4e84f319-fe8c-805e-e053-0100007f8368,388,1983-06-08T06:00:00+00:00,Imported Channel 1,286,ft^3/s,,,,,,,,ft,Unspecified,Unspecified,Unspecified,Unspecified,Unspecified,Unknown,Unspecified,2026-06-28T02:18:01.635513+00:00,other_method,Unspecified
05584500,POINT (-90.8961944444444 40.3315277777778),0c1e4ff0-2ff1-4e76-9dea-ecd70d80ef39,USGS-05584500,b8330ed3-b6b4-4db3-999a-f797efefa32e,667,2023-01-04T18:09:44+00:00,MAIN,373,ft^3/s,65.7,ft,214,ft^2,1.75,ft/s,0.00,ft,Soft,SiltMud,Even,Even,Uniform,Steady,BridgeDownstreamSide,2026-06-28T02:18:01.635513+00:00,adcp,AtTheGage
05584500,POINT (-90.8961944444444 40.3315277777778),0ca51b3a-040b-4986-baf5-879a5b173815,USGS-05584500,d59a64ff-221f-4545-a41b-e9cd2c535769,655,2021-03-16T20:05:52+00:00,MAIN,465,ft^3/s,70.3,ft,297,ft^2,1.57,ft/s,0.00,ft,Soft,SiltMud,Even,Even,Uniform,Steady,BridgeDownstreamSide,2026-06-28T02:18:01.635513+00:00,adcp,AtTheGage
05584500,POINT (-90.8961944444444 40.3315277777778),0ccc7692-96d8-4c44-bccf-b6a40bd10603,USGS-05584500,4e84f319-fe80-805e-e053-0100007f8368,308,1974-08-21T06:00:00+00:00,Imported Channel 1,56.3,ft^3/s,,,,,,,,ft,Unspecified,Unspecified,Unspecified,Unspecified,Unspecified,Unknown,Unspecified,2026-06-28T02:18:01.635513+00:00,other_method,Unspecified
05584500,POINT (-90.8961944444444 40.3315277777778),0cdfc1fb-21ae-47c5-94ca-d27c0f2ed1f7,USGS-05584500,4e84f65a-ed2c-828e-e053-0100007f3243,250,1968-07-09T06:00:00+00:00,Imported Channel 1,405,ft^3/s,,,,,,,,ft,Unspecified,Unspecified,Unspecified,Unspecified,Unspecified,Unknown,Unspecified,2026-06-28T02:18:01.635513+00:00,other_method,Unspecified
05584500,POINT (-90.8961944444444 40.3315277777778),0ce7b32a-37fe-43a2-a65a-18e2ea5fa3e2,USGS-05584500,7409332d-10b4-4218-bed8-e2a58807a12f,686,2025-07-09T14:53:19+00:00,MAIN,44.3,ft^3/s,52.0,ft,39.6,ft^2,1.12,ft/s,250.00,ft,Firm,Sand,Even,Unspecified,Standard,Steady,Wading,2026-06-28T02:18:01.635513+00:00,point_velocity,Downstream
05584500,POINT (-90.8961944444444 40.3315277777778),0d381c54-9b25-46df-acee-16e4afc94148,USGS-05584500,4e84fcb7-f2d0-8641-e053-0100007f820b,444,1989-11-15T17:55:00+00:00,Imported Channel 1,1.22,ft^3/s,14.0,ft,7.16,ft^2,0.17,ft/s,,,Unspecified,Unspecified,Unspecified,Unspecified,Unspecified,Unknown,Wading,2026-06-28T02:18:01.635513+00:00,point_velocity,Unspecified
05584500,POINT (-90.8961944444444 40.3315277777778),0d6d9df4-00f6-4184-8ae4-65a0be91f9b0,USGS-05584500,3f492909-71ef-42cf-9895-346a2cca3046,676,2024-04-17T14:15:55+00:00,MAIN,300,ft^3/s,64.1,ft,168,ft^2,1.78,ft/s,0.00,ft,Soft,SiltMud,Even,Unspecified,Unspecified,Unspecified,BridgeDownstreamSide,2026-06-28T02:18:01.635513+00:00,adcp,AtTheGage
05584500,POINT (-90.8961944444444 40.3315277777778),0d88af99-ff41-4c48-b5a0-8b54bc503366,USGS-05584500,4e84ee3c-9466-7da7-e053-0100007ff28f,327,1976-11-02T06:00:00+00:00,Imported Channel 1,16.2,ft^3/s,,,,,,,,ft,Unspecified,Unspecified,Unspecified,Unspecified,Unspecified,Unknown,Unspecified,2026-06-28T02:18:01.635513+00:00,other_method,Unspecified
05584500,POINT (-90.8961944444444 40.3315277777778),0e0a13ea-18df-4d00-a583-93a888e72bcc,USGS-05584500,4e84f660-4253-81fe-e053-0100007f8a00,513,1999-06-16T17:00:00+00:00,Imported Channel 1,389,ft^3/s,66.0,ft,305,ft^2,1.28,ft/s,,,Unspecified,Unspecified,Unspecified,Unspecified,Unspecified,Unknown,BridgeCrane,2026-06-28T02:18:01.635513+00:00,point_velocity,Unspecified
05584500,POINT (-90.8961944444444 40.3315277777778),0e36891a-e79d-4d05-868f-57154707cbad,USGS-05584500,4e84e449-df16-78b2-e053-0100007f74ce,440,1989-05-17T18:15:00+00:00,Imported Channel 1,11.7,ft^3/s,19.0,ft,10.1,ft^2,1.16,ft/s,,,Unspecified,Unspecified,Unspecified,Unspecified,Unspecified,Unknown,Wading,2026-06-28T02:18:01.635513+00:00,point_velocity,Unspecified
05584500,POINT (-90.8961944444444 40.3315277777778),0e5c1a89-2837-4f15-8de9-916f15e8d3ba,USGS-05584500,4e850424-8bbf-887e-e053-0100007f05ca,497,1997-05-14T19:40:00+00:00,Imported Channel 1,321,ft^3/s,64.0,ft,325,ft^2,0.99,ft/s,,,Unspecified,Unspecified,Unspecified,Unspecified,Unspecified,Unknown,BridgeCrane,2026-06-28T02:18:01.635513+00:00,point_velocity,Unspecified
05584500,POINT (-90.8961944444444 40.3315277777778),0e5f542b-e438-4faf-8337-ff6b14ea3e34,USGS-05584500,4e84ec92-d475-7ce4-e053-0100007f7552,396,1984-04-17T06:00:00+00:00,Imported Channel 1,591,ft^3/s,,,,,,,,ft,Unspecified,Unspecified,Unspecified,Unspecified,Unspecified,Unknown,Unspecified,2026-06-28T02:18:01.635513+00:00,other_method,Unspecified
05584500,POINT (-90.8961944444444 40.3315277777778),105a2078-4b08-41cb-bb12-adc6d1a0c1c0,USGS-05584500,4e84f669-ff4d-828a-e053-0100007f03b7,295,1973-01-10T06:00:00+00:00,Imported Channel 1,214,ft^3/s,,,,,,,,ft,Unspecified,Unspecified,Unspecified,Unspecified,Unspecified,Unknown,Unspecified,2026-06-28T02:18:01.635513+00:00,other_method,Unspecified
05584500,POINT (-90.8961944444444 40.3315277777778),10852d76-38c2-4a0b-b4cb-90847c3d3f75,USGS-05584500,4e84f9da-6586-84fd-e053-0100007fe195,377,1982-02-24T06:00:00+00:00,Imported Channel 1,1500,ft^3/s,,,,,,,,ft,Unspecified,Unspecified,Unspecified,Unspecified,Unspecified,Unknown,Unspecified,2026-06-28T02:18:01.635513+00:00,other_method,Unspecified
05584500,POINT (-90.8961944444444 40.3315277777778),111f9ca3-b436-469a-a16a-350a7e9bff34,USGS-05584500,4e84fb46-3ea8-8579-e053-0100007fcd7c,538,2002-12-04T18:12:00+00:00,Imported Channel 1,18.4,ft^3/s,38.5,ft,59.0,ft^2,0.31,ft/s,,,Unspecified,Unspecified,Unspecified,Unspecified,Unspecified,Unknown,Wading,2026-06-28T02:18:01.635513+00:00,point_velocity,Unspecified
05584500,POINT (-90.8961944444444 40.3315277777778),116504fe-a236-486d-b90d-ed619438ae20,USGS-05584500,4e84f377-51fb-80e1-e053-0100007fc4d9,386,1983-03-03T06:00:00+00:00,Imported Channel 1,307,ft^3/s,,,,,,,,ft,Unspecified,Unspecified,Unspecified,Unspecified,Unspecified,Unknown,Unspecified,2026-06-28T02:18:01.635513+00:00,other_method,Unspecified
05584500,POINT (-90.8961944444444 40.3315277777778),117d439c-ae1d-462c-acca-dede2184ef36,USGS-05584500,4e84f05f-71d2-7f11-e053-0100007f64ed,393,1983-12-14T06:00:00+00:00,Imported Channel 1,948,ft^3/s,,,,,,,,ft,Unspecified,Unspecified,Unspecified,Unspecified,Unspecified,Unknown,Unspecified,2026-06-28T02:18:01.635513+00:00,other_method,Unspecified
05584500,POINT (-90.8961944444444 40.3315277777778),119e5094-dcaf-4d8a-af42-c1f83438e6a4,USGS-05584500,71d9b75b-21ef-20d2-e053-0100007f0689,639,2018-07-18T22:15:10+00:00,CHECK QM,28.1,ft^3/s,55.1,ft,99.1,ft^2,0.28,ft/s,0.00,ft,Soft,SiltMud,Even,Even,Uniform,Steady,BridgeDownstreamSide,2026-06-28T02:18:01.635513+00:00,adcp,AtTheGage
05584500,POINT (-90.8961944444444 40.3315277777778),12fd228b-e078-4bf1-9c1d-b5f9ba07f86d,USGS-05584500,4e84ddf3-b61b-7510-e053-0100007fe2f1,333,1977-05-06T06:00:00+00:00,Imported Channel 1,3250,ft^3/s,,,,,,,,ft,Unspecified,Unspecified,Unspecified,Unspecified,Unspecified,Unknown,Unspecified,2026-06-28T02:18:01.635513+00:00,other_method,Unspecified
05584500,POINT (-90.8961944444444 40.3315277777778),13507d3a-a4ee-46cd-ac82-5b9f36690cc5,USGS-05584500,fd6307ee-61e2-4d13-8391-9db1997853ba,650,2020-05-13T16:51:21+00:00,MAIN,305,ft^3/s,66.8,ft,259,ft^2,1.18,ft/s,0.00,ft,Soft,SiltMud,Even,Even,Uniform,Steady,BridgeDownstreamSide,2026-06-28T02:18:01.635513+00:00,adcp,AtTheGage
05584500,POINT (-90.8961944444444 40.3315277777778),1356916b-2548-4e45-bed0-ced2a670e78f,USGS-05584500,4e850089-e891-8841-e053-0100007f61ae,463,1992-07-31T20:45:00+00:00,Imported Channel 1,1490,ft^3/s,109,ft,884,ft^2,1.69,ft/s,,,Unspecified,Unspecified,Unspecified,Unspecified,Unspecified,Unknown,BridgeCrane,2026-06-28T02:18:01.635513+00:00,point_velocity,Unspecified
05584500,POINT (-90.8961944444444 40.3315277777778),13c49457-e437-4bab-94e7-c12f347cdab2,USGS-05584500,4e84e965-eed8-7b89-e053-0100007f242b,358,1979-12-19T06:00:00+00:00,Imported Channel 1,8.64,ft^3/s,,,,,,,,ft,Unspecified,Unspecified,Unspecified,Unspecified,Unspecified,Unknown,Unspecified,2026-06-28T02:18:01.635513+00:00,other_method,Unspecified
05584500,POINT (-90.8961944444444 40.3315277777778),143281f6-496f-41ea-bc7d-bb00b96b3aa3,USGS-05584500,4e84e034-b19f-7630-e053-0100007fc8d0,454,1991-02-27T20:50:00+00:00,Imported Channel 1,166,ft^3/s,59.0,ft,239,ft^2,0.70,ft/s,,,Unspecified,Unspecified,Unspecified,Unspecified,Unspecified,Unknown,BridgeCrane,2026-06-28T02:18:01.635513+00:00,point_velocity,Unspecified
05584500,POINT (-90.8961944444444 40.3315277777778),144a0fcd-1000-4118-8584-3e3f1d3d2389,USGS-05584500,d65e2557-9ad5-4fd1-946e-299a51995df8,662,2022-03-08T20:20:23+00:00,MAIN,368,ft^3/s,64.0,ft,232,ft^2,1.58,ft/s,0.00,ft,Soft,SiltMud,Even,Even,Standard,Steady,BridgeDownstreamSide,2026-06-28T02:18:01.635513+00:00,adcp,AtTheGage
05584500,POINT (-90.8961944444444 40.3315277777778),14c226b4-11e6-4971-8484-7c011ae31d6b,USGS-05584500,4e850903-3bc5-8d56-e053-0100007f8868,569,2007-12-13T21:15:00+00:00,Imported Channel 1,36.4,ft^3/s,57.0,ft,59.3,ft^2,0.61,ft/s,,,Unspecified,Unspecified,Unspecified,Unspecified,Unspecified,Unknown,Wading,2026-06-28T02:18:01.635513+00:00,point_velocity,Unspecified
05584500,POINT (-90.8961944444444 40.3315277777778),14decc73-a43f-49b2-9a4c-736249c44fce,USGS-05584500,4e850432-3cdc-8abd-e053-0100007ff623,532,2002-04-03T20:46:00+00:00,Imported Channel 1,254,ft^3/s,61.0,ft,200,ft^2,1.27,ft/s,,,Unspecified,Unspecified,Unspecified,Unspecified,Unspecified,Unknown,BridgeCrane,2026-06-28T02:18:01.635513+00:00,point_velocity,Unspecified
05584500,POINT (-90.8961944444444 40.3315277777778),15d12e26-d3b2-43c5-bb3e-21711c9ab828,USGS-05584500,e0c98a87-32eb-4e3f-8c10-a1ee8b28b016,658,2021-07-15T13:57:07+00:00,MAIN,582,ft^3/s,71.2,ft,323,ft^2,1.80,ft/s,0.00,ft,Soft,SiltMud,Even,Even,Uniform,Steady,BridgeDownstreamSide,2026-06-28T02:18:01.635513+00:00,adcp,AtTheGage
05584500,POINT (-90.8961944444444 40.3315277777778),1646a555-baea-4ac3-800e-bd483826c455,USGS-05584500,4e84fb46-3eb4-8579-e053-0100007fcd7c,558,2006-03-02T20:46:00+00:00,Imported Channel 1,25.0,ft^3/s,37.0,ft,28.4,ft^2,0.88,ft/s,,,Unspecified,Unspecified,Unspecified,Unspecified,Unspecified,Unknown,Wading,2026-06-28T02:18:01.635513+00:00,point_velocity,Unspecified
05584500,POINT (-90.8961944444444 40.3315277777778),16b2b237-f451-4725-a0f4-24316892c265,USGS-05584500,4e84e510-8e81-7894-e053-0100007f9a4d,347,1978-07-21T06:00:00+00:00,Imported Channel 1,111,ft^3/s,,,,,,,,ft,Unspecified,Unspecified,Unspecified,Unspecified,Unspecified,Unknown,Unspecified,2026-06-28T02:18:01.635513+00:00,other_method,Unspecified
05584500,POINT (-90.8961944444444 40.3315277777778),1703c42c-378e-4e64-9b7b-a3f21ee58c55,USGS-05584500,4e85095c-b7bc-8d4e-e053-0100007fe63e,581,2009-12-02T20:31:00+00:00,Imported Channel 1,573,ft^3/s,64.7,ft,405,ft^2,1.42,ft/s,,ft,Firm,SiltMud,Even,Unspecified,Unspecified,Unknown,BridgeDownstreamSide,2026-06-28T02:18:01.635513+00:00,adcp,AtTheGage
05584500,POINT (-90.8961944444444 40.3315277777778),171b0661-ae17-454b-a832-07b13907c099,USGS-05584500,4e851000-e576-91d2-e053-0100007f7726,628,2017-01-20T14:32:22+00:00,MAIN,596,ft^3/s,74.1,ft,441,ft^2,1.35,ft/s,,ft,Soft,SiltMud,Even,Even,Uniform,Unknown,BridgeDownstreamSide,2026-06-28T02:18:01.635513+00:00,adcp,AtTheGage
05584500,POINT (-90.8961944444444 40.3315277777778),174a0c95-27eb-4371-b7f5-e37eb74da658,USGS-05584500,4e84d2ec-33dd-6e40-e053-0100007f1b0d,269,1970-07-16T06:00:00+00:00,Imported Channel 1,61.2,ft^3/s,,,,,,,,ft,Unspecified,Unspecified,Unspecified,Unspecified,Unspecified,Unknown,Unspecified,2026-06-28T02:18:01.635513+00:00,other_method,Unspecified
05584500,POINT (-90.8961944444444 40.3315277777778),175c99e3-8c37-4bde-8c30-af6592475491,USGS-05584500,4e84f2f8-ff31-80bb-e053-0100007f06ed,335,1977-06-28T06:00:00+00:00,Imported Channel 1,12.7,ft^3/s,,,,,,,,ft,Unspecified,Unspecified,Unspecified,Unspecified,Unspecified,Unknown,Unspecified,2026-06-28T02:18:01.635513+00:00,other_method,Unspecified
05584500,POINT (-90.8961944444444 40.3315277777778),17e47776-97e7-4fee-80e0-0ec5a0e4acae,USGS-05584500,4e84f388-0f61-802c-e053-0100007ffc24,382,1982-07-27T06:00:00+00:00,Imported Channel 1,252,ft^3/s,,,,,,,,ft,Unspecified,Unspecified,Unspecified,Unspecified,Unspecified,Unknown,Unspecified,2026-06-28T02:18:01.635513+00:00,other_method,Unspecified
05584500,POINT (-90.8961944444444 40.3315277777778),1aa62bae-5a18-4b03-9078-60dc47275e4a,USGS-05584500,4e84f231-9850-7da5-e053-0100007f8549,397,1984-05-30T06:00:00+00:00,Imported Channel 1,604,ft^3/s,,,,,,,,ft,Unspecified,Unspecified,Unspecified,Unspecified,Unspecified,Unknown,Unspecified,2026-06-28T02:18:01.635513+00:00,other_method,Unspecified
05584500,POINT (-90.8961944444444 40.3315277777778),1d5d69c0-a9f5-42c2-bee6-00bbc40fdd46,USGS-05584500,ab7bfc36-d5e9-4625-bb6d-82ce81940219,672,2023-11-07T20:30:39+00:00,MAIN,8.40,ft^3/s,29.0,ft,15.1,ft^2,0.56,ft/s,200.00,ft,Soft,Sand,Even,Even,Standard,Steady,Wading,2026-06-28T02:18:01.635513+00:00,point_velocity,Upstream
05584500,POINT (-90.8961944444444 40.3315277777778),1d67d32b-5bf3-4bf9-8855-e3a40f8823c9,USGS-05584500,4e84f81e-5042-8224-e053-0100007f156b,595,2012-02-02T16:25:00+00:00,Imported Channel 1,82.5,ft^3/s,54.0,ft,96.9,ft^2,0.85,ft/s,,ft,Unspecified,Unspecified,Unspecified,Unspecified,Unspecified,Unknown,BridgeDownstreamSide,2026-06-28T02:18:01.635513+00:00,adcp,Unspecified
05584500,POINT (-90.8961944444444 40.3315277777778),1e14567d-602b-4f54-ab89-b3f6bc89d3e9,USGS-05584500,4e84cf0a-9432-6c74-e053-0100007f4a54,435,1988-10-20T20:20:00+00:00,Imported Channel 1,0.07,ft^3/s,12.0,ft,4.65,ft^2,0.01,ft/s,,,Unspecified,Unspecified,Unspecified,Unspecified,Unspecified,Unknown,Wading,2026-06-28T02:18:01.635513+00:00,point_velocity,Unspecified
05584500,POINT (-90.8961944444444 40.3315277777778),1e2d2dc2-90c8-455f-9ed9-44747d079df7,USGS-05584500,41d65098-954f-4362-b67d-8626bd8cda2c,675,2024-04-03T17:23:13+00:00,main,3330,ft^3/s,114,ft,1220,ft^2,2.73,ft/s,0.00,ft,Soft,SiltMud,Even,Unspecified,Unspecified,Unspecified,BridgeDownstreamSide,2026-06-28T02:18:01.635513+00:00,adcp,AtTheGage
05584500,POINT (-90.8961944444444 40.3315277777778),1e30442f-89c0-46c0-be69-3bc111d7b221,USGS-05584500,4e84f660-425d-81fe-e053-0100007f8a00,540,2003-04-03T14:51:00+00:00,Imported Channel 1,68.0,ft^3/s,61.5,ft,76.5,ft^2,0.89,ft/s,,,Unspecified,Unspecified,Unspecified,Unspecified,Unspecified,Unknown,Wading,2026-06-28T02:18:01.635513+00:00,point_velocity,Unspecified
05584500,POINT (-90.8961944444444 40.3315277777778),1e3a4aa5-5c78-49b5-b1d3-8fd4eb942271,USGS-05584500,4e84dc74-0c76-7328-e053-0100007f94fc,303,1973-10-12T06:00:00+00:00,Imported Channel 1,556,ft^3/s,,,,,,,,ft,Unspecified,Unspecified,Unspecified,Unspecified,Unspecified,Unknown,Unspecified,2026-06-28T02:18:01.635513+00:00,other_method,Unspecified
05584500,POINT (-90.8961944444444 40.3315277777778),20c860f4-fb6b-4e8d-b0db-286013f5ea45,USGS-05584500,4e84e462-3b10-78ae-e053-0100007f525d,261,1969-06-05T06:00:00+00:00,Imported Channel 1,370,ft^3/s,,,,,,,,ft,Unspecified,Unspecified,Unspecified,Unspecified,Unspecified,Unknown,Unspecified,2026-06-28T02:18:01.635513+00:00,other_method,Unspecified
05584500,POINT (-90.8961944444444 40.3315277777778),215e2810-015b-4227-837f-2032d25b723b,USGS-05584500,4e84e489-78a1-78b0-e053-0100007fe442,371,1981-05-19T06:00:00+00:00,Imported Channel 1,7440,ft^3/s,,,,,,,,ft,Unspecified,Unspecified,Unspecified,Unspecified,Unspecified,Unknown,Unspecified,2026-06-28T02:18:01.635513+00:00,other_method,Unspecified
05584500,POINT (-90.8961944444444 40.3315277777778),2178e9f1-d39f-4d91-af49-efb44e9800ca,USGS-05584500,8e8ca09a-d1a5-45d8-9356-bac0571e14f2,668,2023-03-07T20:57:15+00:00,MAIN,171,ft^3/s,50.4,ft,114,ft^2,1.50,ft/s,30.00,ft,Unspecified,Unspecified,Unspecified,Unspecified,Unspecified,Unspecified,BridgeDownstreamSide,2026-06-28T02:18:01.635513+00:00,adcp,Downstream
05584500,POINT (-90.8961944444444 40.3315277777778),21a65411-2e17-4134-9347-447eac101928,USGS-05584500,4e84e51d-7672-78e2-e053-0100007f7c8b,260,1969-05-14T06:00:00+00:00,Imported Channel 1,368,ft^3/s,,,,,,,,ft,Unspecified,Unspecified,Unspecified,Unspecified,Unspecified,Unknown,Unspecified,2026-06-28T02:18:01.635513+00:00,other_method,Unspecified
05584500,POINT (-90.8961944444444 40.3315277777778),21f351d9-6080-4748-b04e-c5a436f1dd83,USGS-05584500,4e8507eb-d71d-8882-e053-0100007f4a8f,534,2002-05-14T22:20:00+00:00,Imported Channel 1,13700,ft^3/s,437,ft,3960,ft^2,3.46,ft/s,,,Unspecified,Unspecified,Unspecified,Unspecified,Unspecified,Unknown,BridgeCrane,2026-06-28T02:18:01.635513+00:00,point_velocity,Unspecified
05584500,POINT (-90.8961944444444 40.3315277777778),231905c5-81d5-4b1f-8739-4d17ab4d9dea,USGS-05584500,4e84fcd3-d352-8592-e053-0100007f200e,412,1986-03-11T06:00:00+00:00,Imported Channel 1,728,ft^3/s,72.0,ft,500,ft^2,1.46,ft/s,,,Unspecified,Unspecified,Unspecified,Unspecified,Unspecified,Unknown,BridgeCrane,2026-06-28T02:18:01.635513+00:00,point_velocity,Unspecified
05584500,POINT (-90.8961944444444 40.3315277777778),235355cb-8b0e-47f2-8287-680921db9bcc,USGS-05584500,4e84ee4f-f67a-7e51-e053-0100007fd14a,296,1972-02-14T06:00:00+00:00,Imported Channel 1,3150,ft^3/s,,,,,,,,ft,Unspecified,Unspecified,Unspecified,Unspecified,Unspecified,Unknown,Unspecified,2026-06-28T02:18:01.635513+00:00,other_method,Unspecified
05584500,POINT (-90.8961944444444 40.3315277777778),2390b534-db3f-4160-8bda-e2396ec7db79,USGS-05584500,aaa051aa-81d7-4d0b-93c8-f01cbd21adf8,653,2020-11-04T17:58:16+00:00,MAIN,12.5,ft^3/s,29.0,ft,17.8,ft^2,0.70,ft/s,300.00,ft,Soft,Sand,Even,Even,Uniform,Steady,Wading,2026-06-28T02:18:01.635513+00:00,point_velocity,Upstream
05584500,POINT (-90.8961944444444 40.3315277777778),253bfa3f-5312-4dde-91c9-bc7df03a1ebb,USGS-05584500,4e84f5dc-0edc-821e-e053-0100007fe780,597,2012-05-08T14:25:30+00:00,Imported Channel 1,1810,ft^3/s,112,ft,998,ft^2,1.81,ft/s,,ft,Unspecified,Unspecified,Unspecified,Unspecified,Unspecified,Unknown,BridgeDownstreamSide,2026-06-28T02:18:01.635513+00:00,adcp,Unspecified
05584500,POINT (-90.8961944444444 40.3315277777778),26d3b1e4-c8d3-48fb-9cc1-1b5bfec3da5d,USGS-05584500,4e84face-d2fd-8565-e053-0100007fb69e,360,1980-03-13T06:00:00+00:00,Imported Channel 1,61.8,ft^3/s,,,,,,,,ft,Unspecified,Unspecified,Unspecified,Unspecified,Unspecified,Unknown,Unspecified,2026-06-28T02:18:01.635513+00:00,other_method,Unspecified
05584500,POINT (-90.8961944444444 40.3315277777778),2712cf4e-2e49-41d5-b735-c4021db7f638,USGS-05584500,4e84dca1-f743-73d6-e053-0100007ffb2f,324,1976-06-21T06:00:00+00:00,Imported Channel 1,69.9,ft^3/s,,,,,,,,ft,Unspecified,Unspecified,Unspecified,Unspecified,Unspecified,Unknown,Unspecified,2026-06-28T02:18:01.635513+00:00,other_method,Unspecified
05584500,POINT (-90.8961944444444 40.3315277777778),27928462-9f90-47fa-a4dc-e2f299e8c055,USGS-05584500,4e84f473-668c-80bd-e053-0100007f77ec,402,1985-02-27T06:00:00+00:00,Imported Channel 1,2180,ft^3/s,122,ft,1360,ft^2,1.60,ft/s,,,Unspecified,Unspecified,Unspecified,Unspecified,Unspecified,Unknown,BridgeCrane,2026-06-28T02:18:01.635513+00:00,point_velocity,Unspecified
05584500,POINT (-90.8961944444444 40.3315277777778),27a23d2f-3c65-47bf-a8cf-9bc941710a08,USGS-05584500,4e84eec3-3864-7e56-e053-0100007f26d2,297,1973-03-13T06:00:00+00:00,Imported Channel 1,1760,ft^3/s,,,,,,,,ft,Unspecified,Unspecified,Unspecified,Unspecified,Unspecified,Unknown,Unspecified,2026-06-28T02:18:01.635513+00:00,other_method,Unspecified
05584500,POINT (-90.8961944444444 40.3315277777778),286c285b-2d01-4fee-92cb-6df9a7493c77,USGS-05584500,4e84f592-8eac-8204-e053-0100007f334d,477,1994-07-19T18:55:00+00:00,Imported Channel 1,35.1,ft^3/s,32.0,ft,30.6,ft^2,1.15,ft/s,,,Unspecified,Unspecified,Unspecified,Unspecified,Unspecified,Unknown,Wading,2026-06-28T02:18:01.635513+00:00,point_velocity,Unspecified
05584500,POINT (-90.8961944444444 40.3315277777778),28ef4ca2-cb6a-40da-8f19-d9584466d5a6,USGS-05584500,4e84f2ed-fdf4-7da3-e053-0100007f3823,322,1976-04-28T06:00:00+00:00,Imported Channel 1,3340,ft^3/s,,,,,,,,ft,Unspecified,Unspecified,Unspecified,Unspecified,Unspecified,Unknown,Unspecified,2026-06-28T02:18:01.635513+00:00,other_method,Unspecified
05584500,POINT (-90.8961944444444 40.3315277777778),29a1c006-eae5-4bfe-b3b3-5b8ea75bd3b6,USGS-05584500,55aea136-7f19-455d-a179-8b29a149cd6a,682,2024-12-18T15:27:33+00:00,MAIN,90.9,ft^3/s,60.3,ft,115,ft^2,0.79,ft/s,0.00,ft,Soft,SiltMud,Even,Unspecified,Unspecified,Unspecified,BridgeUpstreamSide,2026-06-28T02:18:01.635513+00:00,adcp,AtTheGage
05584500,POINT (-90.8961944444444 40.3315277777778),29e3fda7-641a-4572-a0bf-cd7dd3ac5ae2,USGS-05584500,4e84f5ec-7e41-8206-e053-0100007f9526,339,1977-12-19T06:00:00+00:00,Imported Channel 1,1100,ft^3/s,,,,,,,,ft,Unspecified,Unspecified,Unspecified,Unspecified,Unspecified,Unknown,Unspecified,2026-06-28T02:18:01.635513+00:00,other_method,Unspecified
05584500,POINT (-90.8961944444444 40.3315277777778),2ac00e4b-4502-428a-8146-d69de3176d16,USGS-05584500,4e84f669-ff48-828a-e053-0100007f03b7,247,1968-04-30T06:00:00+00:00,Imported Channel 1,107,ft^3/s,,,,,,,,ft,Unspecified,Unspecified,Unspecified,Unspecified,Unspecified,Unknown,Unspecified,2026-06-28T02:18:01.635513+00:00,other_method,Unspecified
05584500,POINT (-90.8961944444444 40.3315277777778),2ac01229-80f2-4475-a565-748bd6508493,USGS-05584500,4e84ec02-da43-7cf2-e053-0100007fd655,400,1984-10-31T06:00:00+00:00,Imported Channel 1,208,ft^3/s,59.0,ft,189,ft^2,1.10,ft/s,,,Unspecified,Unspecified,Unspecified,Unspecified,Unspecified,Unknown,BridgeCrane,2026-06-28T02:18:01.635513+00:00,point_velocity,Unspecified
05584500,POINT (-90.8961944444444 40.3315277777778),2b469b78-c4e8-4c84-8730-eeca8f09b3b5,USGS-05584500,4e84f660-4261-81fe-e053-0100007f8a00,544,2003-10-09T16:27:00+00:00,Imported Channel 1,13.1,ft^3/s,40.5,ft,35.1,ft^2,0.37,ft/s,,,Unspecified,Unspecified,Unspecified,Unspecified,Unspecified,Unknown,Wading,2026-06-28T02:18:01.635513+00:00,point_velocity,Unspecified
05584500,POINT (-90.8961944444444 40.3315277777778),2c624d24-f1c5-4565-81f2-f09c127ad60b,USGS-05584500,2cc7a861-0df6-4936-a91c-b8e7a649f7df,654,2021-01-05T18:04:37+00:00,MAIN,67.5,ft^3/s,47.1,ft,70.8,ft^2,0.95,ft/s,10000.00,ft,Soft,SiltMud,Even,Even,Uniform,Steady,BridgeDownstreamSide,2026-06-28T02:18:01.635513+00:00,adcp,Upstream
05584500,POINT (-90.8961944444444 40.3315277777778),2cade57b-6a6d-4dab-a2d5-dd8db1252312,USGS-05584500,4e84cf0a-9433-6c74-e053-0100007f4a54,436,1988-11-23T17:40:00+00:00,Imported Channel 1,5.88,ft^3/s,19.0,ft,22.4,ft^2,0.26,ft/s,,,Unspecified,Unspecified,Unspecified,Unspecified,Unspecified,Unknown,Wading,2026-06-28T02:18:01.635513+00:00,point_velocity,Unspecified
05584500,POINT (-90.8961944444444 40.3315277777778),2ce19cc4-7fb1-41f4-813c-4c577c155b7f,USGS-05584500,4e84fb46-3eb5-8579-e053-0100007fcd7c,559,2006-04-10T19:51:00+00:00,Imported Channel 1,808,ft^3/s,83.5,ft,518,ft^2,1.56,ft/s,,ft,Unspecified,Unspecified,Unspecified,Unspecified,Unspecified,Unknown,Unspecified,2026-06-28T02:18:01.635513+00:00,adcp,Unspecified
05584500,POINT (-90.8961944444444 40.3315277777778),2e6b91b2-ad7c-4fa7-95e1-db8288903207,USGS-05584500,4e84ec02-da47-7cf2-e053-0100007fd655,414,1986-05-22T06:00:00+00:00,Imported Channel 1,500,ft^3/s,68.0,ft,392,ft^2,1.28,ft/s,,,Unspecified,Unspecified,Unspecified,Unspecified,Unspecified,Unknown,BridgeCrane,2026-06-28T02:18:01.635513+00:00,point_velocity,Unspecified
05584500,POINT (-90.8961944444444 40.3315277777778),2f24efcf-ce9d-46dc-a2f9-122ea2572d6d,USGS-05584500,7a8e86a1-dae7-2539-e053-0100007fc89e,641,2018-11-07T18:49:06+00:00,MAIN,915,ft^3/s,82.2,ft,535,ft^2,1.71,ft/s,0.00,ft,Soft,SiltMud,Even,Even,Uniform,Steady,BridgeDownstreamSide,2026-06-28T02:18:01.635513+00:00,adcp,AtTheGage
05584500,POINT (-90.8961944444444 40.3315277777778),2f358102-b5d9-4e67-8430-1333abf12c40,USGS-05584500,30f84a1b-10d3-42b8-9963-0183ee36fd5b,691,2026-05-28T20:52:13+00:00,MAIN,171,ft^3/s,61.4,ft,136,ft^2,1.25,ft/s,0.00,ft,Unspecified,Sand,Even,Unspecified,Uniform,Pulsating,BridgeDownstreamSide,2026-06-28T02:18:01.635513+00:00,adcp,AtTheGage
05584500,POINT (-90.8961944444444 40.3315277777778),2f6e5bc2-dc57-41e9-af7d-f88ad611cdb2,USGS-05584500,4e8501de-bf8e-895e-e053-0100007f1e64,480,1995-04-12T19:50:00+00:00,Imported Channel 1,7720,ft^3/s,413,ft,2760,ft^2,2.80,ft/s,,,Unspecified,Unspecified,Unspecified,Unspecified,Unspecified,Unknown,BridgeCrane,2026-06-28T02:18:01.635513+00:00,point_velocity,Unspecified
05584500,POINT (-90.8961944444444 40.3315277777778),306a8958-26ad-4e9d-ba61-765539635f3f,USGS-05584500,4e84f6ae-782a-8126-e053-0100007ff07f,304,1973-11-10T06:00:00+00:00,Imported Channel 1,194,ft^3/s,,,,,,,,ft,Unspecified,Unspecified,Unspecified,Unspecified,Unspecified,Unknown,Unspecified,2026-06-28T02:18:01.635513+00:00,other_method,Unspecified
05584500,POINT (-90.8961944444444 40.3315277777778),3084c875-dbd6-4b80-81e8-3809cfb82e98,USGS-05584500,4e84f006-ddf3-7ee9-e053-0100007f6e9a,468,1993-01-26T16:05:00+00:00,Imported Channel 1,1220,ft^3/s,95.0,ft,697,ft^2,1.75,ft/s,,,Unspecified,Unspecified,Unspecified,Unspecified,Unspecified,Unknown,BridgeCrane,2026-06-28T02:18:01.635513+00:00,point_velocity,Unspecified
05584500,POINT (-90.8961944444444 40.3315277777778),31bcadd4-8604-406b-9fb1-b3de701f3a28,USGS-05584500,4e84fe38-5a25-86df-e053-0100007ff5f9,568,2007-10-04T16:35:00+00:00,Imported Channel 1,5.74,ft^3/s,27.0,ft,9.08,ft^2,0.63,ft/s,,,Unspecified,Unspecified,Unspecified,Unspecified,Unspecified,Unknown,Wading,2026-06-28T02:18:01.635513+00:00,point_velocity,Unspecified
05584500,POINT (-90.8961944444444 40.3315277777778),3281e126-c4c8-4fcd-bd4b-d64200b715ea,USGS-05584500,4e84ec29-ff9c-7cf6-e053-0100007f7b81,526,2001-07-10T12:36:00+00:00,Imported Channel 1,124,ft^3/s,101,ft,146,ft^2,0.85,ft/s,,,Unspecified,Unspecified,Unspecified,Unspecified,Unspecified,Unknown,Wading,2026-06-28T02:18:01.635513+00:00,point_velocity,Unspecified
05584500,POINT (-90.8961944444444 40.3315277777778),32c2c43d-69e8-4b29-a623-ff9ee31f0380,USGS-05584500,4e84f2ed-fe00-7da3-e053-0100007f3823,427,1988-03-22T15:50:00+00:00,Imported Channel 1,55.0,ft^3/s,39.0,ft,56.4,ft^2,0.98,ft/s,,,Unspecified,Unspecified,Unspecified,Unspecified,Unspecified,Unknown,Wading,2026-06-28T02:18:01.635513+00:00,point_velocity,Unspecified
05584500,POINT (-90.8961944444444 40.3315277777778),32e3e1c5-77ac-4694-ad8a-d3df6da4185f,USGS-05584500,4e84f5ec-7e5a-8206-e053-0100007f9526,489,1996-05-29T14:00:00+00:00,Imported Channel 1,15200,ft^3/s,424,ft,3630,ft^2,4.19,ft/s,,,Unspecified,Unspecified,Unspecified,Unspecified,Unspecified,Unknown,BridgeCrane,2026-06-28T02:18:01.635513+00:00,point_velocity,Unspecified
05584500,POINT (-90.8961944444444 40.3315277777778),32faebe4-4fd8-4cb3-971d-ae543c47169d,USGS-05584500,4e84e813-b294-76b2-e053-0100007fe001,390,1983-08-23T06:00:00+00:00,Imported Channel 1,118,ft^3/s,,,,,,,,ft,Unspecified,Unspecified,Unspecified,Unspecified,Unspecified,Unknown,Unspecified,2026-06-28T02:18:01.635513+00:00,other_method,Unspecified
05584500,POINT (-90.8961944444444 40.3315277777778),341e8b8e-cb58-4c17-a711-e655741a5bbc,USGS-05584500,4e84e489-789c-78b0-e053-0100007fe442,366,1980-12-18T06:00:00+00:00,Imported Channel 1,271,ft^3/s,,,,,,,,ft,Unspecified,Unspecified,Unspecified,Unspecified,Unspecified,Unknown,Unspecified,2026-06-28T02:18:01.635513+00:00,other_method,Unspecified
05584500,POINT (-90.8961944444444 40.3315277777778),34ceaa19-4104-4f3b-add0-1f79522c72b8,USGS-05584500,4e84e51d-7669-78e2-e053-0100007f7c8b,246,1968-03-04T06:00:00+00:00,Imported Channel 1,135,ft^3/s,,,,,,,,ft,Unspecified,Unspecified,Unspecified,Unspecified,Unspecified,Unknown,Unspecified,2026-06-28T02:18:01.635513+00:00,other_method,Unspecified
05584500,POINT (-90.8961944444444 40.3315277777778),34e376c9-e104-488e-bc1c-241883102266,USGS-05584500,a54cc70a-aadd-4222-b502-5519b4946eb3,660,2021-11-02T19:35:12+00:00,MAIN,319,ft^3/s,65.4,ft,213,ft^2,1.50,ft/s,0.00,ft,Soft,SiltMud,Even,Even,Uniform,Steady,BridgeDownstreamSide,2026-06-28T02:18:01.635513+00:00,adcp,AtTheGage
05584500,POINT (-90.8961944444444 40.3315277777778),352478c2-68e4-443b-b6aa-055697985cd2,USGS-05584500,4e84f660-425c-81fe-e053-0100007f8a00,539,2003-02-06T17:48:00+00:00,Imported Channel 1,54.1,ft^3/s,58.0,ft,74.2,ft^2,0.73,ft/s,,,Unspecified,Unspecified,Unspecified,Unspecified,Unspecified,Unknown,Wading,2026-06-28T02:18:01.635513+00:00,point_velocity,Unspecified
05584500,POINT (-90.8961944444444 40.3315277777778),3668f3dc-dce5-4ca9-8cda-4cfe6bf85e8f,USGS-05584500,4e84de44-59e9-750a-e053-0100007fd902,285,1971-12-09T06:00:00+00:00,Imported Channel 1,32.5,ft^3/s,,,,,,,,ft,Unspecified,Unspecified,Unspecified,Unspecified,Unspecified,Unknown,Unspecified,2026-06-28T02:18:01.635513+00:00,other_method,Unspecified
05584500,POINT (-90.8961944444444 40.3315277777778),36ea2302-ec6b-4122-a767-86322ed5e166,USGS-05584500,6013af85-be4d-34a9-e053-0100007fe01c,634,2017-12-06T21:18:37+00:00,MAIN,29.6,ft^3/s,62.0,ft,110,ft^2,0.27,ft/s,2000.00,ft,Soft,SiltMud,Even,Even,Uniform,Steady,Wading,2026-06-28T02:18:01.635513+00:00,point_velocity,Downstream
05584500,POINT (-90.8961944444444 40.3315277777778),3761fd55-19d8-4436-80ab-65a27dd3718f,USGS-05584500,4e84ee40-7459-7e58-e053-0100007f914f,286,1972-01-11T06:00:00+00:00,Imported Channel 1,158,ft^3/s,,,,,,,,ft,Unspecified,Unspecified,Unspecified,Unspecified,Unspecified,Unknown,Unspecified,2026-06-28T02:18:01.635513+00:00,other_method,Unspecified
05584500,POINT (-90.8961944444444 40.3315277777778),395b4dba-4365-40ca-b2de-5110dae8f692,USGS-05584500,4e84e503-a790-78ea-e053-0100007fc111,354,1979-05-30T06:00:00+00:00,Imported Channel 1,130,ft^3/s,,,,,,,,ft,Unspecified,Unspecified,Unspecified,Unspecified,Unspecified,Unknown,Unspecified,2026-06-28T02:18:01.635513+00:00,other_method,Unspecified
05584500,POINT (-90.8961944444444 40.3315277777778),396044ec-bd2f-41c5-8bc9-707aab11cec0,USGS-05584500,4e84f381-7679-80aa-e053-0100007f2bc8,343,1978-03-15T06:00:00+00:00,Imported Channel 1,1330,ft^3/s,,,,,,,,ft,Unspecified,Unspecified,Unspecified,Unspecified,Unspecified,Unknown,Unspecified,2026-06-28T02:18:01.635513+00:00,other_method,Unspecified
05584500,POINT (-90.8961944444444 40.3315277777778),39b2bc28-0bfd-4ec5-8d3f-3a605a67f2a7,USGS-05584500,4e84ed39-7787-7d44-e053-0100007f2a1a,309,1974-10-04T06:00:00+00:00,Imported Channel 1,14.3,ft^3/s,,,,,,,,ft,Unspecified,Unspecified,Unspecified,Unspecified,Unspecified,Unknown,Unspecified,2026-06-28T02:18:01.635513+00:00,other_method,Unspecified
05584500,POINT (-90.8961944444444 40.3315277777778),3aa9a118-1757-4279-9d31-0c3a88ba3ab6,USGS-05584500,4e84f621-936b-826a-e053-0100007f6300,461,1992-03-12T19:15:00+00:00,Imported Channel 1,178,ft^3/s,54.0,ft,213,ft^2,0.84,ft/s,,,Unspecified,Unspecified,Unspecified,Unspecified,Unspecified,Unknown,BridgeCrane,2026-06-28T02:18:01.635513+00:00,point_velocity,Unspecified
05584500,POINT (-90.8961944444444 40.3315277777778),3d49b44a-0941-4527-82ea-4b2ef1d8e5a3,USGS-05584500,f2fcf666-4ffd-4c44-b523-17f3b66a1def,688,2025-12-10T15:36:38+00:00,MAIN,12.4,ft^3/s,50.0,ft,33.0,ft^2,0.38,ft/s,250.00,ft,Soft,Sand,Even,Unspecified,Standard,Steady,Wading,2026-06-28T02:18:01.635513+00:00,point_velocity,Downstream
05584500,POINT (-90.8961944444444 40.3315277777778),3d96536c-a467-4724-a2f1-a66c9c0c0a33,USGS-05584500,4e8507c9-ab56-8aaf-e053-0100007fee08,614,2015-03-11T17:50:22+00:00,MAIN,1430,ft^3/s,85.2,ft,767,ft^2,1.86,ft/s,,ft,Soft,Sand,Even,Even,Uniform,Unknown,BridgeDownstreamSide,2026-06-28T02:18:01.635513+00:00,adcp,AtTheGage
05584500,POINT (-90.8961944444444 40.3315277777778),3deabc89-fdf4-4a28-9517-b19507dd557e,USGS-05584500,4e84e510-8e92-7894-e053-0100007f9a4d,459,1991-11-18T21:15:00+00:00,Imported Channel 1,257,ft^3/s,58.0,ft,270,ft^2,0.95,ft/s,,,Unspecified,Unspecified,Unspecified,Unspecified,Unspecified,Unknown,BridgeCrane,2026-06-28T02:18:01.635513+00:00,point_velocity,Unspecified
05584500,POINT (-90.8961944444444 40.3315277777778),3edb059a-0fb8-4a7e-abcf-f027c8083277,USGS-05584500,4e84f2f8-ff2a-80bb-e053-0100007f06ed,42,1948-03-02T06:00:00+00:00,Imported Channel 1,8410,ft^3/s,,,,,,,,ft,Unspecified,Unspecified,Unspecified,Unspecified,Unspecified,Unknown,Unspecified,2026-06-28T02:18:01.635513+00:00,other_method,Unspecified
05584500,POINT (-90.8961944444444 40.3315277777778),3ef586c2-3e8c-42a8-a897-638783fa2afa,USGS-05584500,4e84e100-dd47-7626-e053-0100007fbc01,257,1969-02-09T06:00:00+00:00,Imported Channel 1,2620,ft^3/s,,,,,,,,ft,Unspecified,Unspecified,Unspecified,Unspecified,Unspecified,Unknown,Unspecified,2026-06-28T02:18:01.635513+00:00,other_method,Unspecified
05584500,POINT (-90.8961944444444 40.3315277777778),3f5af237-0d06-47ae-9dec-405a5b8a3f46,USGS-05584500,4e8504f0-9219-86dd-e053-0100007ff28a,553,2004-12-16T16:05:00+00:00,Imported Channel 1,607,ft^3/s,82.0,ft,467,ft^2,1.30,ft/s,,,Unspecified,Unspecified,Unspecified,Unspecified,Unspecified,Unknown,BridgeCrane,2026-06-28T02:18:01.635513+00:00,point_velocity,Unspecified
05584500,POINT (-90.8961944444444 40.3315277777778),3fc6bbb5-c3f9-4a62-aa32-ff802f4b223f,USGS-05584500,4e84fcdf-a4e2-868d-e053-0100007fb064,401,1984-12-04T06:00:00+00:00,Imported Channel 1,156,ft^3/s,60.0,ft,167,ft^2,0.93,ft/s,,,Unspecified,Unspecified,Unspecified,Unspecified,Unspecified,Unknown,BridgeCrane,2026-06-28T02:18:01.635513+00:00,point_velocity,Unspecified
05584500,POINT (-90.8961944444444 40.3315277777778),3fff2a3d-f588-4adf-b06d-1a7eec85d148,USGS-05584500,4e84ebf0-c6b5-7d12-e053-0100007f289a,350,1978-11-14T06:00:00+00:00,Imported Channel 1,17.9,ft^3/s,,,,,,,,ft,Unspecified,Unspecified,Unspecified,Unspecified,Unspecified,Unknown,Unspecified,2026-06-28T02:18:01.635513+00:00,other_method,Unspecified
05584500,POINT (-90.8961944444444 40.3315277777778),40465c0d-e3e8-4763-ab47-a11be2d6e247,USGS-05584500,4e84ef04-f2b4-7e5a-e053-0100007ff08e,275,1971-01-14T06:00:00+00:00,Imported Channel 1,192,ft^3/s,,,,,,,,ft,Unspecified,Unspecified,Unspecified,Unspecified,Unspecified,Unknown,Unspecified,2026-06-28T02:18:01.635513+00:00,other_method,Unspecified
05584500,POINT (-90.8961944444444 40.3315277777778),40e487da-6641-439b-9cf4-32e1444044c6,USGS-05584500,4e84f2f8-ff4f-80bb-e053-0100007f06ed,576,2009-01-21T17:56:00+00:00,Imported Channel 1,191,ft^3/s,63.0,ft,158,ft^2,1.22,ft/s,,,Unspecified,Unspecified,Unspecified,Unspecified,Unspecified,Unknown,Ice,2026-06-28T02:18:01.635513+00:00,point_velocity,Unspecified
05584500,POINT (-90.8961944444444 40.3315277777778),4128c702-94b1-4696-99db-241ec605dee2,USGS-05584500,4e84f473-667c-80bd-e053-0100007f77ec,270,1970-08-07T06:00:00+00:00,Imported Channel 1,1820,ft^3/s,,,,,,,,ft,Unspecified,Unspecified,Unspecified,Unspecified,Unspecified,Unknown,Unspecified,2026-06-28T02:18:01.635513+00:00,other_method,Unspecified
05584500,POINT (-90.8961944444444 40.3315277777778),41eb5259-3610-41b5-9f99-c50d95db24d5,USGS-05584500,4e84f271-6f0d-805a-e053-0100007f4a00,629,2017-02-24T19:03:47+00:00,MAIN,125,ft^3/s,58.1,ft,210,ft^2,0.60,ft/s,,ft,Soft,SiltMud,Even,Even,Uniform,Unknown,BridgeDownstreamSide,2026-06-28T02:18:01.635513+00:00,adcp,AtTheGage
05584500,POINT (-90.8961944444444 40.3315277777778),426a78fc-ff5a-4fb6-9bda-3594112494d9,USGS-05584500,4e84ea99-7796-7c32-e053-0100007f467c,341,1978-01-26T06:00:00+00:00,Imported Channel 1,108,ft^3/s,,,,,,,,ft,Unspecified,Unspecified,Unspecified,Unspecified,Unspecified,Unknown,Unspecified,2026-06-28T02:18:01.635513+00:00,other_method,Unspecified
05584500,POINT (-90.8961944444444 40.3315277777778),4275aeb6-c322-457e-9914-f526f68d79a9,USGS-05584500,4e84e813-b288-76b2-e053-0100007fe001,306,1974-03-22T06:00:00+00:00,Imported Channel 1,528,ft^3/s,,,,,,,,ft,Unspecified,Unspecified,Unspecified,Unspecified,Unspecified,Unknown,Unspecified,2026-06-28T02:18:01.635513+00:00,other_method,Unspecified
05584500,POINT (-90.8961944444444 40.3315277777778),42de56af-87d7-405c-b3b4-f14acff9987b,USGS-05584500,4e84ea99-7797-7c32-e053-0100007f467c,355,1979-08-07T06:00:00+00:00,Imported Channel 1,28.2,ft^3/s,,,,,,,,ft,Unspecified,Unspecified,Unspecified,Unspecified,Unspecified,Unknown,Unspecified,2026-06-28T02:18:01.635513+00:00,other_method,Unspecified
05584500,POINT (-90.8961944444444 40.3315277777778),435dc8ae-2107-41cb-8cc3-e56b9a21e27c,USGS-05584500,4e84fa92-2389-8589-e053-0100007f0f51,512,1999-05-12T20:42:00+00:00,Imported Channel 1,383,ft^3/s,67.0,ft,267,ft^2,1.34,ft/s,,,Unspecified,Unspecified,Unspecified,Unspecified,Unspecified,Unknown,BridgeCrane,2026-06-28T02:18:01.635513+00:00,point_velocity,Unspecified
05584500,POINT (-90.8961944444444 40.3315277777778),43dc7ad5-048f-440d-b957-fba26f87478c,USGS-05584500,4e84fcfd-4c63-8687-e053-0100007f5d68,403,1985-03-05T06:00:00+00:00,Imported Channel 1,37200,ft^3/s,453,ft,5140,ft^2,7.24,ft/s,,,Unspecified,Unspecified,Unspecified,Unspecified,Unspecified,Unknown,BridgeCrane,2026-06-28T02:18:01.635513+00:00,point_velocity,Unspecified
05584500,POINT (-90.8961944444444 40.3315277777778),443fd319-3e3f-424a-8d53-4da7f07e0ea3,USGS-05584500,4e84e7a6-7081-7a8f-e053-0100007f5a34,349,1978-10-03T06:00:00+00:00,Imported Channel 1,27.5,ft^3/s,,,,,,,,ft,Unspecified,Unspecified,Unspecified,Unspecified,Unspecified,Unknown,Unspecified,2026-06-28T02:18:01.635513+00:00,other_method,Unspecified
05584500,POINT (-90.8961944444444 40.3315277777778),4618622d-27f8-4c0d-87b0-ba15471a905f,USGS-05584500,4e84ed64-629c-7cf8-e053-0100007f04e6,462,1992-06-23T14:50:00+00:00,Imported Channel 1,34.3,ft^3/s,40.0,ft,34.7,ft^2,0.99,ft/s,,,Unspecified,Unspecified,Unspecified,Unspecified,Unspecified,Unknown,Wading,2026-06-28T02:18:01.635513+00:00,point_velocity,Unspecified
05584500,POINT (-90.8961944444444 40.3315277777778),471dc3f3-a200-4eb3-b936-0d2d1f1ccb4b,USGS-05584500,4e850297-5e3d-895a-e053-0100007f9a56,520,2000-07-25T19:30:00+00:00,Imported Channel 1,160,ft^3/s,66.0,ft,103,ft^2,1.55,ft/s,,,Unspecified,Unspecified,Unspecified,Unspecified,Unspecified,Unknown,Wading,2026-06-28T02:18:01.635513+00:00,point_velocity,Unspecified
05584500,POINT (-90.8961944444444 40.3315277777778),48427b63-a733-4704-b45c-0a6b33b37d24,USGS-05584500,4e84d2ec-33db-6e40-e053-0100007f1b0d,265,1969-12-18T06:00:00+00:00,Imported Channel 1,93.2,ft^3/s,,,,,,,,ft,Unspecified,Unspecified,Unspecified,Unspecified,Unspecified,Unknown,Unspecified,2026-06-28T02:18:01.635513+00:00,other_method,Unspecified
05584500,POINT (-90.8961944444444 40.3315277777778),491553da-eb2f-433b-a487-d29310b71b98,USGS-05584500,4e84fb46-3ea0-8579-e053-0100007fcd7c,521,2000-10-11T13:29:00+00:00,Imported Channel 1,46.8,ft^3/s,30.3,ft,37.2,ft^2,1.26,ft/s,,,Unspecified,Unspecified,Unspecified,Unspecified,Unspecified,Unknown,Wading,2026-06-28T02:18:01.635513+00:00,point_velocity,Unspecified
05584500,POINT (-90.8961944444444 40.3315277777778),49a13fff-1870-4dfd-a057-1437804a31a8,USGS-05584500,4e84ecba-db18-7d40-e053-0100007ff260,392,1983-11-02T06:00:00+00:00,Imported Channel 1,15.1,ft^3/s,,,,,,,,ft,Unspecified,Unspecified,Unspecified,Unspecified,Unspecified,Unknown,Unspecified,2026-06-28T02:18:01.635513+00:00,other_method,Unspecified
05584500,POINT (-90.8961944444444 40.3315277777778),49d84984-638a-4415-8ec2-cf516ba9c397,USGS-05584500,4e84f8d8-1689-8268-e053-0100007fffa8,486,1996-01-10T16:20:00+00:00,Imported Channel 1,41.3,ft^3/s,71.0,ft,173,ft^2,0.24,ft/s,,,Unspecified,Unspecified,Unspecified,Unspecified,Unspecified,Unknown,Ice,2026-06-28T02:18:01.635513+00:00,point_velocity,Unspecified
05584500,POINT (-90.8961944444444 40.3315277777778),4a176a68-cd19-473f-876d-9efc73a9b3e4,USGS-05584500,4e84f5c2-2167-81fc-e053-0100007f7c1d,416,1986-10-02T06:00:00+00:00,Imported Channel 1,6390,ft^3/s,155,ft,1910,ft^2,3.35,ft/s,,,Unspecified,Unspecified,Unspecified,Unspecified,Unspecified,Unknown,BridgeCrane,2026-06-28T02:18:01.635513+00:00,point_velocity,Unspecified
05584500,POINT (-90.8961944444444 40.3315277777778),4a28e317-1e4d-4b1a-934a-80c4dd43ccf4,USGS-05584500,4e84e4d7-7bb5-78c8-e053-0100007fadd2,290,1972-07-19T06:00:00+00:00,Imported Channel 1,688,ft^3/s,,,,,,,,ft,Unspecified,Unspecified,Unspecified,Unspecified,Unspecified,Unknown,Unspecified,2026-06-28T02:18:01.635513+00:00,other_method,Unspecified
05584500,POINT (-90.8961944444444 40.3315277777778),4a72b680-2077-410e-bd85-b2997d8eda0c,USGS-05584500,4e84ec8e-67c8-7d46-e053-0100007f1e4f,27,1946-06-19T06:00:00+00:00,Imported Channel 1,13600,ft^3/s,,,,,,,,ft,Unspecified,Unspecified,Unspecified,Unspecified,Unspecified,Unknown,Unspecified,2026-06-28T02:18:01.635513+00:00,other_method,Unspecified
05584500,POINT (-90.8961944444444 40.3315277777778),4b05227a-c04f-45de-8ca8-dce2c5c98a51,USGS-05584500,4e850e7f-2cd8-905a-e053-0100007fb6cc,606,2013-05-16T21:15:40+00:00,05584500,467,ft^3/s,70.9,ft,454,ft^2,1.03,ft/s,,ft,Unspecified,SiltMud,Unspecified,Unspecified,Unspecified,Unknown,BridgeDownstreamSide,2026-06-28T02:18:01.635513+00:00,adcp,AtTheGage
05584500,POINT (-90.8961944444444 40.3315277777778),4b87264c-7594-4065-8f2c-ef6fecf3af64,USGS-05584500,4e84f660-4243-81fe-e053-0100007f8a00,305,1973-12-13T06:00:00+00:00,Imported Channel 1,1720,ft^3/s,,,,,,,,ft,Unspecified,Unspecified,Unspecified,Unspecified,Unspecified,Unknown,Unspecified,2026-06-28T02:18:01.635513+00:00,other_method,Unspecified
05584500,POINT (-90.8961944444444 40.3315277777778),4bd9233f-c9ed-4454-8d19-f5f2023adb51,USGS-05584500,4e84ed64-6287-7cf8-e053-0100007f04e6,383,1982-09-01T06:00:00+00:00,Imported Channel 1,1080,ft^3/s,,,,,,,,ft,Unspecified,Unspecified,Unspecified,Unspecified,Unspecified,Unknown,Unspecified,2026-06-28T02:18:01.635513+00:00,other_method,Unspecified
05584500,POINT (-90.8961944444444 40.3315277777778),4c656e43-4130-47fe-bd83-7eb6f3e14f75,USGS-05584500,4e84e489-789d-78b0-e053-0100007fe442,367,1981-01-22T06:00:00+00:00,Imported Channel 1,76.9,ft^3/s,,,,,,,,ft,Unspecified,Unspecified,Unspecified,Unspecified,Unspecified,Unknown,Unspecified,2026-06-28T02:18:01.635513+00:00,other_method,Unspecified
05584500,POINT (-90.8961944444444 40.3315277777778),4c82fe3c-5e95-4569-938d-208d1168b993,USGS-05584500,4e85138a-1b8b-9309-e053-0100007f84de,611,2014-08-18T21:30:27+00:00,main,88.1,ft^3/s,65.5,ft,235,ft^2,0.37,ft/s,,ft,Unspecified,Unspecified,Unspecified,Unspecified,Unspecified,Unknown,BridgeDownstreamSide,2026-06-28T02:18:01.635513+00:00,adcp,AtTheGage
05584500,POINT (-90.8961944444444 40.3315277777778),4d0ef7ff-efdf-47eb-8a7a-8ca0ce450274,USGS-05584500,4e84ed04-2554-7d9f-e053-0100007ff2b1,555,2005-06-21T19:33:00+00:00,Imported Channel 1,92.8,ft^3/s,70.0,ft,156,ft^2,0.59,ft/s,,,Unspecified,Unspecified,Unspecified,Unspecified,Unspecified,Unknown,Wading,2026-06-28T02:18:01.635513+00:00,point_velocity,Unspecified
05584500,POINT (-90.8961944444444 40.3315277777778),4e6a8ecb-f502-41ff-b0bf-4cac2b5e229a,USGS-05584500,4e851423-e775-9319-e053-0100007f5ede,620,2015-10-07T19:54:48+00:00,MAIN,36.3,ft^3/s,46.0,ft,125,ft^2,0.29,ft/s,,ft,Soft,SiltMud,Even,Even,Uniform,Unknown,BridgeDownstreamSide,2026-06-28T02:18:01.635513+00:00,adcp,AtTheGage
05584500,POINT (-90.8961944444444 40.3315277777778),4f1ff114-8a21-4b11-b27f-8b42104b5450,USGS-05584500,4e850ea6-ac01-90c3-e053-0100007fc9c1,570,2008-01-23T16:24:00+00:00,Imported Channel 1,72.8,ft^3/s,57.0,ft,78.2,ft^2,0.93,ft/s,,,Unspecified,Unspecified,Unspecified,Unspecified,Unspecified,Unknown,Ice,2026-06-28T02:18:01.635513+00:00,point_velocity,Unspecified
05584500,POINT (-90.8961944444444 40.3315277777778),4fbb06c5-0fa7-4e8e-9eb6-6fbfc84efcad,USGS-05584500,4e84f473-667d-80bd-e053-0100007f77ec,272,1970-10-06T06:00:00+00:00,Imported Channel 1,491,ft^3/s,,,,,,,,ft,Unspecified,Unspecified,Unspecified,Unspecified,Unspecified,Unknown,Unspecified,2026-06-28T02:18:01.635513+00:00,other_method,Unspecified
05584500,POINT (-90.8961944444444 40.3315277777778),4fbede30-e197-4109-b4ed-2bbb2139045b,USGS-05584500,4e84de44-59e8-750a-e053-0100007fd902,279,1971-06-22T06:00:00+00:00,Imported Channel 1,70.5,ft^3/s,,,,,,,,ft,Unspecified,Unspecified,Unspecified,Unspecified,Unspecified,Unknown,Unspecified,2026-06-28T02:18:01.635513+00:00,other_method,Unspecified
05584500,POINT (-90.8961944444444 40.3315277777778),50fd8a88-a3bb-48b2-b972-d5475dd69dac,USGS-05584500,4e850732-f994-8c37-e053-0100007fcc2d,609,2014-04-17T22:04:23+00:00,main,80.2,ft^3/s,65.6,ft,277,ft^2,0.29,ft/s,,ft,Unspecified,Unspecified,Unspecified,Unspecified,Unspecified,Unknown,BridgeUpstreamSide,2026-06-28T02:18:01.635513+00:00,adcp,AtTheGage
05584500,POINT (-90.8961944444444 40.3315277777778),52bf81e4-0cd4-4442-9645-6582135f64b0,USGS-05584500,4e850945-6dcd-8d8e-e053-0100007fa376,603,2013-03-21T14:25:33+00:00,Lamoine r nr Colmar Il.,237,ft^3/s,62.5,ft,288,ft^2,0.82,ft/s,,ft,Unspecified,Unspecified,Unspecified,Unspecified,Unspecified,Unknown,BridgeDownstreamSide,2026-06-28T02:18:01.635513+00:00,adcp,AtTheGage
05584500,POINT (-90.8961944444444 40.3315277777778),53fc9c91-62dd-4b56-b39f-3888dbc95780,USGS-05584500,4e85127a-9f7a-9286-e053-0100007fa81f,607,2013-07-19T14:26:06+00:00,05584500,55.6,ft^3/s,56.8,ft,198,ft^2,0.28,ft/s,,ft,Unspecified,SiltMud,Unspecified,Unspecified,Unspecified,Unknown,BridgeDownstreamSide,2026-06-28T02:18:01.635513+00:00,adcp,AtTheGage
05584500,POINT (-90.8961944444444 40.3315277777778),544ebd34-c591-49db-99e2-f7ab38963073,USGS-05584500,4e84ed39-7786-7d44-e053-0100007f2a1a,307,1974-07-26T06:00:00+00:00,Imported Channel 1,114,ft^3/s,,,,,,,,ft,Unspecified,Unspecified,Unspecified,Unspecified,Unspecified,Unknown,Unspecified,2026-06-28T02:18:01.635513+00:00,other_method,Unspecified
05584500,POINT (-90.8961944444444 40.3315277777778),558ddf03-306f-42cf-beee-df55df4a06ad,USGS-05584500,4e84fa68-cbb5-8577-e053-0100007ffea5,535,2002-07-10T14:37:00+00:00,Imported Channel 1,136,ft^3/s,61.5,ft,249,ft^2,0.55,ft/s,,,Unspecified,Unspecified,Unspecified,Unspecified,Unspecified,Unknown,BridgeCrane,2026-06-28T02:18:01.635513+00:00,point_velocity,Unspecified
05584500,POINT (-90.8961944444444 40.3315277777778),56ae3434-2840-4c32-81b2-4458218435da,USGS-05584500,4e84f35b-6d2e-80b9-e053-0100007fa044,473,1993-10-14T14:45:00+00:00,Imported Channel 1,313,ft^3/s,64.0,ft,316,ft^2,0.99,ft/s,,,Unspecified,Unspecified,Unspecified,Unspecified,Unspecified,Unknown,BridgeCrane,2026-06-28T02:18:01.635513+00:00,point_velocity,Unspecified
05584500,POINT (-90.8961944444444 40.3315277777778),575431c0-5f0f-4b77-b50f-0bce7dcaf2bf,USGS-05584500,4e84e4d7-7bb6-78c8-e053-0100007fadd2,293,1972-10-26T06:00:00+00:00,Imported Channel 1,101,ft^3/s,,,,,,,,ft,Unspecified,Unspecified,Unspecified,Unspecified,Unspecified,Unknown,Unspecified,2026-06-28T02:18:01.635513+00:00,other_method,Unspecified
05584500,POINT (-90.8961944444444 40.3315277777778),5771a3ac-1654-47b7-a4c0-0c5f6322f566,USGS-05584500,4e84f563-b1f2-812c-e053-0100007f19c1,298,1973-04-13T06:00:00+00:00,Imported Channel 1,906,ft^3/s,,,,,,,,ft,Unspecified,Unspecified,Unspecified,Unspecified,Unspecified,Unknown,Unspecified,2026-06-28T02:18:01.635513+00:00,other_method,Unspecified
05584500,POINT (-90.8961944444444 40.3315277777778),5853d2f0-17bd-4ff6-a49d-8d0c3effff8c,USGS-05584500,4e84f982-657e-8451-e053-0100007f73be,391,1983-09-21T06:00:00+00:00,Imported Channel 1,9.77,ft^3/s,39.0,ft,31.6,ft^2,0.31,ft/s,,,Unspecified,Unspecified,Unspecified,Unspecified,Unspecified,Unknown,Wading,2026-06-28T02:18:01.635513+00:00,point_velocity,Unspecified
05584500,POINT (-90.8961944444444 40.3315277777778),5896e6e5-6972-4893-a6cd-8db42dfdc8fb,USGS-05584500,4e84f2ed-fdff-7da3-e053-0100007f3823,420,1987-04-29T06:00:00+00:00,Imported Channel 1,274,ft^3/s,61.0,ft,289,ft^2,0.95,ft/s,,,Unspecified,Unspecified,Unspecified,Unspecified,Unspecified,Unknown,BridgeCrane,2026-06-28T02:18:01.635513+00:00,point_velocity,Unspecified
05584500,POINT (-90.8961944444444 40.3315277777778),589f7f4c-8548-472e-91ed-e4964ed8348a,USGS-05584500,4e84e156-9647-76d8-e053-0100007fc298,378,1982-03-25T06:00:00+00:00,Imported Channel 1,1040,ft^3/s,,,,,,,,ft,Unspecified,Unspecified,Unspecified,Unspecified,Unspecified,Unknown,Unspecified,2026-06-28T02:18:01.635513+00:00,other_method,Unspecified
05584500,POINT (-90.8961944444444 40.3315277777778),5a03d2de-209b-4213-98f2-cfc4a2f54215,USGS-05584500,4e84fcc2-4944-858d-e053-0100007f5845,479,1994-12-14T17:35:00+00:00,Imported Channel 1,148,ft^3/s,57.0,ft,224,ft^2,0.72,ft/s,,,Unspecified,Unspecified,Unspecified,Unspecified,Unspecified,Unknown,BridgeCrane,2026-06-28T02:18:01.635513+00:00,point_velocity,Unspecified
05584500,POINT (-90.8961944444444 40.3315277777778),5a78c893-95fc-4918-ab1b-8025a390d08d,USGS-05584500,4e8503f9-f102-8954-e053-0100007f3b54,518,2000-03-28T17:30:00+00:00,Imported Channel 1,311,ft^3/s,62.0,ft,256,ft^2,1.21,ft/s,,,Unspecified,Unspecified,Unspecified,Unspecified,Unspecified,Unknown,BridgeCrane,2026-06-28T02:18:01.635513+00:00,point_velocity,Unspecified
05584500,POINT (-90.8961944444444 40.3315277777778),5ae095c4-ed19-433f-9916-c662cfa5da0f,USGS-05584500,4e84ec05-3586-7ce6-e053-0100007f3ee6,340,1978-01-17T06:00:00+00:00,Imported Channel 1,123,ft^3/s,,,,,,,,ft,Unspecified,Unspecified,Unspecified,Unspecified,Unspecified,Unknown,Unspecified,2026-06-28T02:18:01.635513+00:00,other_method,Unspecified
05584500,POINT (-90.8961944444444 40.3315277777778),5b0c8da9-57ea-4651-a5f0-720711858239,USGS-05584500,4e84ef04-f2c4-7e5a-e053-0100007ff08e,423,1987-09-02T21:45:00+00:00,Imported Channel 1,9.07,ft^3/s,22.0,ft,10.0,ft^2,0.91,ft/s,,,Unspecified,Unspecified,Unspecified,Unspecified,Unspecified,Unknown,Wading,2026-06-28T02:18:01.635513+00:00,point_velocity,Unspecified
05584500,POINT (-90.8961944444444 40.3315277777778),5b44d407-744f-4887-80c6-d9f45fd7194d,USGS-05584500,4e84e4ce-d9fe-78f6-e053-0100007f0d90,457,1991-08-13T19:40:00+00:00,Imported Channel 1,8.36,ft^3/s,14.0,ft,8.78,ft^2,0.95,ft/s,,,Unspecified,Unspecified,Unspecified,Unspecified,Unspecified,Unknown,Wading,2026-06-28T02:18:01.635513+00:00,point_velocity,Unspecified
05584500,POINT (-90.8961944444444 40.3315277777778),5beb3095-5840-4eb9-8343-c9d962b87428,USGS-05584500,4e84d2ec-33dc-6e40-e053-0100007f1b0d,267,1970-03-11T06:00:00+00:00,Imported Channel 1,138,ft^3/s,,,,,,,,ft,Unspecified,Unspecified,Unspecified,Unspecified,Unspecified,Unknown,Unspecified,2026-06-28T02:18:01.635513+00:00,other_method,Unspecified
05584500,POINT (-90.8961944444444 40.3315277777778),5c3b7b2b-f4ea-4021-86ec-dfe2213abd77,USGS-05584500,4e850197-beb8-883f-e053-0100007fd159,567,2007-08-15T16:39:00+00:00,Imported Channel 1,15.2,ft^3/s,32.5,ft,16.7,ft^2,0.91,ft/s,,,Unspecified,Unspecified,Unspecified,Unspecified,Unspecified,Unknown,Wading,2026-06-28T02:18:01.635513+00:00,point_velocity,Unspecified
05584500,POINT (-90.8961944444444 40.3315277777778),5c3c562d-861f-4a1e-8e72-18f88612e23a,USGS-05584500,4e84ee3c-9482-7da7-e053-0100007ff28f,478,1994-10-12T17:45:00+00:00,Imported Channel 1,5.47,ft^3/s,14.0,ft,9.15,ft^2,0.60,ft/s,,,Unspecified,Unspecified,Unspecified,Unspecified,Unspecified,Unknown,Wading,2026-06-28T02:18:01.635513+00:00,point_velocity,Unspecified
05584500,POINT (-90.8961944444444 40.3315277777778),5d3c4888-81cf-45ab-9480-c2b6c252f9a3,USGS-05584500,4e84fa6f-1cbd-856d-e053-0100007f4fb9,506,1998-06-16T20:00:00+00:00,Imported Channel 1,5220,ft^3/s,132,ft,2130,ft^2,2.52,ft/s,,,Unspecified,Unspecified,Unspecified,Unspecified,Unspecified,Unknown,BridgeCrane,2026-06-28T02:18:01.635513+00:00,point_velocity,Unspecified
05584500,POINT (-90.8961944444444 40.3315277777778),5d5aa198-1ed7-4c6f-bac2-f53b040c14c1,USGS-05584500,4e8509aa-a276-8cf3-e053-0100007f070d,578,2009-05-07T13:05:00+00:00,Imported Channel 1,852,ft^3/s,75.2,ft,511,ft^2,1.67,ft/s,,ft,Unspecified,Unspecified,Unspecified,Unspecified,Unspecified,Unknown,BridgeDownstreamSide,2026-06-28T02:18:01.635513+00:00,adcp,Unspecified
05584500,POINT (-90.8961944444444 40.3315277777778),5e036ddb-d8ee-46da-a684-ae9448f2115a,USGS-05584500,4e85094f-bf3c-8d52-e053-0100007fb032,594,2011-12-07T20:52:30+00:00,Imported Channel 1,46.8,ft^3/s,45.0,ft,63.4,ft^2,0.74,ft/s,,,Unspecified,Unspecified,Unspecified,Unspecified,Unspecified,Unknown,Unspecified,2026-06-28T02:18:01.635513+00:00,point_velocity,Unspecified
05584500,POINT (-90.8961944444444 40.3315277777778),5ea04b69-258c-4ed5-af88-6d2493cb02d4,USGS-05584500,4e84fb46-3ea6-8579-e053-0100007fcd7c,537,2002-10-16T19:49:00+00:00,Imported Channel 1,14.5,ft^3/s,31.0,ft,37.4,ft^2,0.39,ft/s,,,Unspecified,Unspecified,Unspecified,Unspecified,Unspecified,Unknown,Wading,2026-06-28T02:18:01.635513+00:00,point_velocity,Unspecified
05584500,POINT (-90.8961944444444 40.3315277777778),60103eea-b948-40be-9cba-a7c9040956a8,USGS-05584500,cebbd4ef-075b-4418-a0ab-10f3310c52d5,689,2026-02-04T19:54:47+00:00,MAIN,15.5,ft^3/s,57.0,ft,81.3,ft^2,0.19,ft/s,0.00,ft,Firm,Sand,Even,Unspecified,NonStandard,Pulsating,Wading,2026-06-28T02:18:01.635513+00:00,point_velocity,AtTheGage
05584500,POINT (-90.8961944444444 40.3315277777778),60886aaf-ff45-45f0-9643-d75bea5da1cd,USGS-05584500,4e84fcc2-493d-858d-e053-0100007f5845,399,1984-08-22T06:00:00+00:00,Imported Channel 1,31.2,ft^3/s,33.5,ft,26.6,ft^2,1.17,ft/s,,,Unspecified,Unspecified,Unspecified,Unspecified,Unspecified,Unknown,Wading,2026-06-28T02:18:01.635513+00:00,point_velocity,Unspecified
05584500,POINT (-90.8961944444444 40.3315277777778),6129462e-186a-4a11-a708-e931800476cc,USGS-05584500,76a21a76-d072-4d4b-aa3a-29c18bb672a0,679,2024-07-16T19:40:54+00:00,MAIN,45.5,ft^3/s,51.8,ft,42.0,ft^2,1.08,ft/s,200.00,ft,Soft,Sand,Even,Unspecified,Unspecified,Unspecified,Wading,2026-06-28T02:18:01.635513+00:00,point_velocity,Downstream
05584500,POINT (-90.8961944444444 40.3315277777778),615734db-ea31-447f-b6cc-6b2ea97423b7,USGS-05584500,4e850861-2f79-8cf1-e053-0100007fc625,575,2008-12-10T17:07:00+00:00,Imported Channel 1,135,ft^3/s,58.0,ft,130,ft^2,1.11,ft/s,,ft,Unspecified,Unspecified,Unspecified,Unspecified,Unspecified,Unknown,BridgeDownstreamSide,2026-06-28T02:18:01.635513+00:00,adcp,Unspecified
05584500,POINT (-90.8961944444444 40.3315277777778),6274bf34-3463-41ba-918f-63355360b993,USGS-05584500,4e84ebf0-c6ac-7d12-e053-0100007f289a,268,1970-04-23T06:00:00+00:00,Imported Channel 1,1390,ft^3/s,,,,,,,,ft,Unspecified,Unspecified,Unspecified,Unspecified,Unspecified,Unknown,Unspecified,2026-06-28T02:18:01.635513+00:00,other_method,Unspecified
05584500,POINT (-90.8961944444444 40.3315277777778),62d39014-3685-4f0f-93e5-1ab6ff5afd0e,USGS-05584500,4e84fa9c-ac83-856b-e053-0100007f944b,417,1986-11-18T06:00:00+00:00,Imported Channel 1,281,ft^3/s,66.0,ft,332,ft^2,0.85,ft/s,,,Unspecified,Unspecified,Unspecified,Unspecified,Unspecified,Unknown,BridgeCrane,2026-06-28T02:18:01.635513+00:00,point_velocity,Unspecified
05584500,POINT (-90.8961944444444 40.3315277777778),6359fd17-1522-43e7-8811-6ade7e40e8bc,USGS-05584500,4e84ec29-ff8c-7cf6-e053-0100007f7b81,446,1990-01-18T19:40:00+00:00,Imported Channel 1,6.42,ft^3/s,16.0,ft,14.8,ft^2,0.43,ft/s,,,Unspecified,Unspecified,Unspecified,Unspecified,Unspecified,Unknown,Wading,2026-06-28T02:18:01.635513+00:00,point_velocity,Unspecified
05584500,POINT (-90.8961944444444 40.3315277777778),639eea05-fcdf-42aa-adc4-4c285b26bd59,USGS-05584500,4e84cf0a-9434-6c74-e053-0100007f4a54,437,1989-01-12T15:50:00+00:00,Imported Channel 1,12.4,ft^3/s,31.0,ft,26.4,ft^2,0.47,ft/s,,,Unspecified,Unspecified,Unspecified,Unspecified,Unspecified,Unknown,Wading,2026-06-28T02:18:01.635513+00:00,point_velocity,Unspecified
05584500,POINT (-90.8961944444444 40.3315277777778),63a99951-9192-4e4a-95db-b0dc83a064b9,USGS-05584500,4e84f65a-ed2d-828e-e053-0100007f3243,252,1968-09-10T06:00:00+00:00,Imported Channel 1,8.92,ft^3/s,,,,,,,,ft,Unspecified,Unspecified,Unspecified,Unspecified,Unspecified,Unknown,Unspecified,2026-06-28T02:18:01.635513+00:00,other_method,Unspecified
05584500,POINT (-90.8961944444444 40.3315277777778),63ac8212-f53d-414f-8c78-64a00e82910e,USGS-05584500,4e84f05f-71c8-7f11-e053-0100007f64ed,248,1968-05-29T06:00:00+00:00,Imported Channel 1,122,ft^3/s,,,,,,,,ft,Unspecified,Unspecified,Unspecified,Unspecified,Unspecified,Unknown,Unspecified,2026-06-28T02:18:01.635513+00:00,other_method,Unspecified
05584500,POINT (-90.8961944444444 40.3315277777778),64acd15b-7e3e-48d2-bfee-74a1c45944ee,USGS-05584500,4e84f388-0f60-802c-e053-0100007ffc24,381,1982-06-22T06:00:00+00:00,Imported Channel 1,178,ft^3/s,,,,,,,,ft,Unspecified,Unspecified,Unspecified,Unspecified,Unspecified,Unknown,Unspecified,2026-06-28T02:18:01.635513+00:00,other_method,Unspecified
05584500,POINT (-90.8961944444444 40.3315277777778),683627bb-47b5-4be0-88a8-3ebb07701596,USGS-05584500,82543318-1453-4500-e053-0100007f6224,642,2019-02-19T17:32:05+00:00,MAIN,420,ft^3/s,95.4,ft,327,ft^2,1.28,ft/s,5280.00,ft,Soft,SiltMud,Even,Even,Uniform,Pulsating,BridgeDownstreamSide,2026-06-28T02:18:01.635513+00:00,adcp,Upstream
05584500,POINT (-90.8961944444444 40.3315277777778),69a2e13a-b768-49b3-8da0-7336c408e983,USGS-05584500,4e84ee40-747b-7e58-e053-0100007f914f,482,1995-05-31T16:30:00+00:00,Imported Channel 1,3220,ft^3/s,134,ft,1730,ft^2,1.86,ft/s,,,Unspecified,Unspecified,Unspecified,Unspecified,Unspecified,Unknown,BridgeCrane,2026-06-28T02:18:01.635513+00:00,point_velocity,Unspecified
05584500,POINT (-90.8961944444444 40.3315277777778),69ebaae6-f4c9-4019-b03f-59d93db01587,USGS-05584500,4e85138a-1b8e-9309-e053-0100007f84de,617,2015-06-16T14:30:59+00:00,MAIN,3090,ft^3/s,110,ft,1600,ft^2,1.93,ft/s,,ft,Soft,SiltMud,Even,Even,Uniform,Unknown,BridgeDownstreamSide,2026-06-28T02:18:01.635513+00:00,adcp,AtTheGage
05584500,POINT (-90.8961944444444 40.3315277777778),6a2da604-47ab-4fbb-b9aa-df4da58bad39,USGS-05584500,84271116-56ea-6e69-e053-0100007fd89f,643,2019-03-13T17:20:02+00:00,MAIN,2190,ft^3/s,95.4,ft,1050,ft^2,2.09,ft/s,0.00,ft,Soft,SiltMud,Even,Even,Uniform,Steady,BridgeDownstreamSide,2026-06-28T02:18:01.635513+00:00,adcp,AtTheGage
05584500,POINT (-90.8961944444444 40.3315277777778),6a8006a3-f637-45af-b951-791ba5b61343,USGS-05584500,4e85095c-b7b0-8d4e-e053-0100007fe63e,516,1999-12-08T14:10:00+00:00,Imported Channel 1,101,ft^3/s,50.0,ft,76.0,ft^2,1.33,ft/s,,,Unspecified,Unspecified,Unspecified,Unspecified,Unspecified,Unknown,Wading,2026-06-28T02:18:01.635513+00:00,point_velocity,Unspecified
05584500,POINT (-90.8961944444444 40.3315277777778),6a909086-9bc7-4284-9d34-99753fd06413,USGS-05584500,4e84f6ae-781b-8126-e053-0100007ff07f,256,1969-01-09T06:00:00+00:00,Imported Channel 1,88.9,ft^3/s,,,,,,,,ft,Unspecified,Unspecified,Unspecified,Unspecified,Unspecified,Unknown,Unspecified,2026-06-28T02:18:01.635513+00:00,other_method,Unspecified
05584500,POINT (-90.8961944444444 40.3315277777778),6a9fe5ee-1b95-48af-9416-15a7ff61a0a4,USGS-05584500,4e84e668-a568-7896-e053-0100007f3dec,352,1979-02-07T06:00:00+00:00,Imported Channel 1,28.2,ft^3/s,,,,,,,,ft,Unspecified,Unspecified,Unspecified,Unspecified,Unspecified,Unknown,Unspecified,2026-06-28T02:18:01.635513+00:00,other_method,Unspecified
05584500,POINT (-90.8961944444444 40.3315277777778),6b086ff5-aa57-4716-8423-fe876ee7d878,USGS-05584500,4e84ef04-f2c5-7e5a-e053-0100007ff08e,425,1987-12-17T16:10:00+00:00,Imported Channel 1,24.1,ft^3/s,55.0,ft,39.9,ft^2,0.60,ft/s,,,Unspecified,Unspecified,Unspecified,Unspecified,Unspecified,Unknown,Wading,2026-06-28T02:18:01.635513+00:00,point_velocity,Unspecified
05584500,POINT (-90.8961944444444 40.3315277777778),6ce9a98d-c05d-4bee-a673-6712abf9c1bf,USGS-05584500,4e8503f9-f11c-8954-e053-0100007f3b54,556,2005-09-08T15:37:00+00:00,Imported Channel 1,3.03,ft^3/s,17.4,ft,5.07,ft^2,0.60,ft/s,,,Unspecified,Unspecified,Unspecified,Unspecified,Unspecified,Unknown,Wading,2026-06-28T02:18:01.635513+00:00,point_velocity,Unspecified
05584500,POINT (-90.8961944444444 40.3315277777778),6d7956e7-6a7c-4e31-a42d-7e61def69dc1,USGS-05584500,4e84e5c9-30e7-78cc-e053-0100007f12ec,375,1981-10-28T06:00:00+00:00,Imported Channel 1,181,ft^3/s,,,,,,,,ft,Unspecified,Unspecified,Unspecified,Unspecified,Unspecified,Unknown,Unspecified,2026-06-28T02:18:01.635513+00:00,other_method,Unspecified
05584500,POINT (-90.8961944444444 40.3315277777778),6d8a7797-9a2a-4c76-9b7f-7fc93eedb8b8,USGS-05584500,4e84e813-b285-76b2-e053-0100007fe001,301,1973-08-17T06:00:00+00:00,Imported Channel 1,173,ft^3/s,,,,,,,,ft,Unspecified,Unspecified,Unspecified,Unspecified,Unspecified,Unknown,Unspecified,2026-06-28T02:18:01.635513+00:00,other_method,Unspecified
05584500,POINT (-90.8961944444444 40.3315277777778),6e2a63f8-cc4f-45e6-8d01-91c188d50115,USGS-05584500,4e84fd26-8144-868b-e053-0100007fc3fd,439,1989-03-29T21:25:00+00:00,Imported Channel 1,14.8,ft^3/s,20.0,ft,21.4,ft^2,0.69,ft/s,,,Unspecified,Unspecified,Unspecified,Unspecified,Unspecified,Unknown,Wading,2026-06-28T02:18:01.635513+00:00,point_velocity,Unspecified
05584500,POINT (-90.8961944444444 40.3315277777778),6e5a8ccd-5d9c-4905-8237-a9c906058d36,USGS-05584500,4e84f9da-964e-8511-e053-0100007f9139,622,2016-02-03T18:52:55+00:00,MAIN,565,ft^3/s,81.5,ft,489,ft^2,1.16,ft/s,,ft,Soft,Sand,Even,Even,Uniform,Unknown,BridgeDownstreamSide,2026-06-28T02:18:01.635513+00:00,adcp,AtTheGage
05584500,POINT (-90.8961944444444 40.3315277777778),6ef12b7b-c9d2-4133-94b9-69f728d0943f,USGS-05584500,4e84efae-ae7a-7ee3-e053-0100007f8da1,408,1985-08-07T06:00:00+00:00,Imported Channel 1,11.0,ft^3/s,45.0,ft,123,ft^2,0.09,ft/s,,,Unspecified,Unspecified,Unspecified,Unspecified,Unspecified,Unknown,BridgeCrane,2026-06-28T02:18:01.635513+00:00,point_velocity,Unspecified
05584500,POINT (-90.8961944444444 40.3315277777778),6f02085e-7335-4a61-bcdb-5dc80239fa28,USGS-05584500,4e84f00b-c45d-7f13-e053-0100007f04ba,359,1980-01-17T06:00:00+00:00,Imported Channel 1,19.6,ft^3/s,,,,,,,,ft,Unspecified,Unspecified,Unspecified,Unspecified,Unspecified,Unknown,Unspecified,2026-06-28T02:18:01.635513+00:00,other_method,Unspecified
05584500,POINT (-90.8961944444444 40.3315277777778),6f69f198-6c68-457b-b526-e94d86d64376,USGS-05584500,4e84fa68-cbb7-8577-e053-0100007ffea5,566,2007-06-23T17:23:00+00:00,Imported Channel 1,3790,ft^3/s,156,ft,1780,ft^2,2.14,ft/s,,ft,Unspecified,Unspecified,Unspecified,Unspecified,Unspecified,Unknown,Unspecified,2026-06-28T02:18:01.635513+00:00,adcp,Unspecified
05584500,POINT (-90.8961944444444 40.3315277777778),70238114-2307-415a-aa4b-9fd44d201050,USGS-05584500,4e84ee3c-9472-7da7-e053-0100007ff28f,419,1987-03-17T06:00:00+00:00,Imported Channel 1,194,ft^3/s,59.0,ft,274,ft^2,0.71,ft/s,,,Unspecified,Unspecified,Unspecified,Unspecified,Unspecified,Unknown,BridgeCrane,2026-06-28T02:18:01.635513+00:00,point_velocity,Unspecified
05584500,POINT (-90.8961944444444 40.3315277777778),712846f9-c636-4b0b-b604-85f830aacf2b,USGS-05584500,c242cf5f-c565-4876-9233-7c9144224a35,683,2025-02-05T15:07:31+00:00,MAIN,59.9,ft^3/s,56.6,ft,64.9,ft^2,0.92,ft/s,400.00,ft,Firm,Sand,Even,Unspecified,Standard,Steady,Wading,2026-06-28T02:18:01.635513+00:00,point_velocity,Downstream
05584500,POINT (-90.8961944444444 40.3315277777778),71bf3bae-7cd5-4562-a43c-08190e2708cc,USGS-05584500,4e84f473-66a7-80bd-e053-0100007f77ec,528,2001-10-16T12:23:00+00:00,Imported Channel 1,1120,ft^3/s,102,ft,673,ft^2,1.66,ft/s,,,Unspecified,Unspecified,Unspecified,Unspecified,Unspecified,Unknown,BridgeCrane,2026-06-28T02:18:01.635513+00:00,point_velocity,Unspecified
05584500,POINT (-90.8961944444444 40.3315277777778),72c4c004-38d2-42ac-858f-149642d4c894,USGS-05584500,4e84e5c9-30f2-78cc-e053-0100007f12ec,475,1993-12-08T18:45:00+00:00,Imported Channel 1,520,ft^3/s,74.0,ft,448,ft^2,1.16,ft/s,,,Unspecified,Unspecified,Unspecified,Unspecified,Unspecified,Unknown,BridgeCrane,2026-06-28T02:18:01.635513+00:00,point_velocity,Unspecified
05584500,POINT (-90.8961944444444 40.3315277777778),73130280-d8b3-49c5-9cef-0057ae530f84,USGS-05584500,4e84ebac-6bde-7aa0-e053-0100007ffc4f,404,1985-03-06T06:00:00+00:00,Imported Channel 1,19200,ft^3/s,451,ft,4070,ft^2,4.72,ft/s,,,Unspecified,Unspecified,Unspecified,Unspecified,Unspecified,Unknown,BridgeCrane,2026-06-28T02:18:01.635513+00:00,point_velocity,Unspecified
05584500,POINT (-90.8961944444444 40.3315277777778),742f6cbe-2cff-4ca6-972c-d9c5c63da9b2,USGS-05584500,d7e1168d-8ee1-413e-af20-c9e5d719eb19,664,2022-07-12T22:21:33+00:00,MAIN,73.8,ft^3/s,48.0,ft,69.1,ft^2,1.07,ft/s,0.00,ft,Soft,SiltMud,Even,Even,Uniform,Steady,BridgeDownstreamSide,2026-06-28T02:18:01.635513+00:00,adcp,AtTheGage
05584500,POINT (-90.8961944444444 40.3315277777778),7434a253-a718-45cf-a0d1-1dd7b39d293c,USGS-05584500,4e85039a-085b-8956-e053-0100007f5790,505,1998-04-29T19:30:00+00:00,Imported Channel 1,921,ft^3/s,99.0,ft,591,ft^2,1.56,ft/s,,,Unspecified,Unspecified,Unspecified,Unspecified,Unspecified,Unknown,BridgeCrane,2026-06-28T02:18:01.635513+00:00,point_velocity,Unspecified
05584500,POINT (-90.8961944444444 40.3315277777778),745d0a09-d05c-444b-87f3-8246b19eddcf,USGS-05584500,4e84f473-66ad-80bd-e053-0100007f77ec,577,2009-03-10T20:37:00+00:00,Imported Channel 1,11800,ft^3/s,427,ft,3370,ft^2,2.95,ft/s,,ft,Unspecified,Unspecified,Unspecified,Unspecified,Unspecified,Unknown,BridgeDownstreamSide,2026-06-28T02:18:01.635513+00:00,adcp,Unspecified
05584500,POINT (-90.8961944444444 40.3315277777778),749655d3-62d7-4a73-b25b-8cf731172b97,USGS-05584500,4e84ddf3-b610-7510-e053-0100007fe2f1,249,1968-06-06T06:00:00+00:00,Imported Channel 1,43.8,ft^3/s,,,,,,,,ft,Unspecified,Unspecified,Unspecified,Unspecified,Unspecified,Unknown,Unspecified,2026-06-28T02:18:01.635513+00:00,other_method,Unspecified
05584500,POINT (-90.8961944444444 40.3315277777778),74a37dc2-4fbc-428d-a99e-07a2d3dfed11,USGS-05584500,4e84dc93-3747-73da-e053-0100007f7e75,330,1977-03-01T06:00:00+00:00,Imported Channel 1,57.6,ft^3/s,,,,,,,,ft,Unspecified,Unspecified,Unspecified,Unspecified,Unspecified,Unknown,Unspecified,2026-06-28T02:18:01.635513+00:00,other_method,Unspecified
05584500,POINT (-90.8961944444444 40.3315277777778),74c370d5-2901-4b3c-af1d-384b81c20819,USGS-05584500,4e85039d-8c6c-896a-e053-0100007fd3ca,536,2002-08-13T21:25:00+00:00,Imported Channel 1,25.0,ft^3/s,43.0,ft,31.2,ft^2,0.80,ft/s,,,Unspecified,Unspecified,Unspecified,Unspecified,Unspecified,Unknown,Wading,2026-06-28T02:18:01.635513+00:00,point_velocity,Unspecified
05584500,POINT (-90.8961944444444 40.3315277777778),761d9979-db00-47b6-ad89-f7225a2e6edd,USGS-05584500,4e84d03a-1d18-6c72-e053-0100007fef9b,292,1972-09-27T06:00:00+00:00,Imported Channel 1,60.0,ft^3/s,,,,,,,,ft,Unspecified,Unspecified,Unspecified,Unspecified,Unspecified,Unknown,Unspecified,2026-06-28T02:18:01.635513+00:00,other_method,Unspecified
05584500,POINT (-90.8961944444444 40.3315277777778),7749bf2e-70e3-4835-9b48-5f2c8914f825,USGS-05584500,4e84f473-669e-80bd-e053-0100007f77ec,509,1998-12-08T13:25:00+00:00,Imported Channel 1,2430,ft^3/s,140,ft,1420,ft^2,1.71,ft/s,,,Unspecified,Unspecified,Unspecified,Unspecified,Unspecified,Unknown,BridgeCrane,2026-06-28T02:18:01.635513+00:00,point_velocity,Unspecified
05584500,POINT (-90.8961944444444 40.3315277777778),779905cb-50f4-4edd-b238-2a308d24d084,USGS-05584500,4e84dc93-374a-73da-e053-0100007f7e75,409,1985-09-18T06:00:00+00:00,Imported Channel 1,72.7,ft^3/s,50.0,ft,177,ft^2,0.41,ft/s,,,Unspecified,Unspecified,Unspecified,Unspecified,Unspecified,Unknown,BridgeCrane,2026-06-28T02:18:01.635513+00:00,point_velocity,Unspecified
05584500,POINT (-90.8961944444444 40.3315277777778),77b5e3d2-1b92-42ee-a698-7b6c744c3ad9,USGS-05584500,4e84ec86-cb16-7d4c-e053-0100007fbc2d,329,1977-01-19T06:00:00+00:00,Imported Channel 1,4.93,ft^3/s,,,,,,,,ft,Unspecified,Unspecified,Unspecified,Unspecified,Unspecified,Unknown,Unspecified,2026-06-28T02:18:01.635513+00:00,other_method,Unspecified
05584500,POINT (-90.8961944444444 40.3315277777778),77e06451-9b9c-4cbb-8fa8-dec71de255ab,USGS-05584500,4e84f377-5201-80e1-e053-0100007fc4d9,469,1993-04-07T19:50:00+00:00,Imported Channel 1,536,ft^3/s,73.0,ft,352,ft^2,1.52,ft/s,,,Unspecified,Unspecified,Unspecified,Unspecified,Unspecified,Unknown,BridgeCrane,2026-06-28T02:18:01.635513+00:00,point_velocity,Unspecified
05584500,POINT (-90.8961944444444 40.3315277777778),7838188d-f266-412c-962c-5194004e6f35,USGS-05584500,4e85037b-6f21-8968-e053-0100007f48a4,507,1998-08-12T13:10:00+00:00,Imported Channel 1,53.3,ft^3/s,35.0,ft,39.6,ft^2,1.35,ft/s,,,Unspecified,Unspecified,Unspecified,Unspecified,Unspecified,Unknown,Wading,2026-06-28T02:18:01.635513+00:00,point_velocity,Unspecified
05584500,POINT (-90.8961944444444 40.3315277777778),7928780a-236a-411f-ba93-acdf5b3ff43e,USGS-05584500,4e84eec3-3860-7e56-e053-0100007f26d2,245,1967-12-05T06:00:00+00:00,Imported Channel 1,188,ft^3/s,,,,,,,,ft,Unspecified,Unspecified,Unspecified,Unspecified,Unspecified,Unknown,Unspecified,2026-06-28T02:18:01.635513+00:00,other_method,Unspecified
05584500,POINT (-90.8961944444444 40.3315277777778),79657a3e-923e-4e2c-a2f6-4823f4b6d8b5,USGS-05584500,4e84fcfd-4c72-8687-e053-0100007f5d68,476,1994-06-08T20:10:00+00:00,Imported Channel 1,368,ft^3/s,69.0,ft,374,ft^2,0.98,ft/s,,,Unspecified,Unspecified,Unspecified,Unspecified,Unspecified,Unknown,BridgeCrane,2026-06-28T02:18:01.635513+00:00,point_velocity,Unspecified
05584500,POINT (-90.8961944444444 40.3315277777778),79e4e27b-86d3-42ab-956a-76bb23f143ce,USGS-05584500,4e84f473-6685-80bd-e053-0100007f77ec,334,1977-06-01T06:00:00+00:00,Imported Channel 1,38.2,ft^3/s,,,,,,,,ft,Unspecified,Unspecified,Unspecified,Unspecified,Unspecified,Unknown,Unspecified,2026-06-28T02:18:01.635513+00:00,other_method,Unspecified
05584500,POINT (-90.8961944444444 40.3315277777778),7b77d70c-d237-4719-bc68-250b89fefcfa,USGS-05584500,4e84ee40-7465-7e58-e053-0100007f914f,374,1981-08-24T06:00:00+00:00,Imported Channel 1,174,ft^3/s,,,,,,,,ft,Unspecified,Unspecified,Unspecified,Unspecified,Unspecified,Unknown,Unspecified,2026-06-28T02:18:01.635513+00:00,other_method,Unspecified
05584500,POINT (-90.8961944444444 40.3315277777778),7b83c370-e351-4f6d-a534-a5060de31aae,USGS-05584500,88983604-0f75-4490-b6e6-5f5c387838ae,678,2024-06-05T15:00:55+00:00,MAIN,227,ft^3/s,64.5,ft,148,ft^2,1.54,ft/s,0.00,ft,Unspecified,Unspecified,Unspecified,Unspecified,Unspecified,Unspecified,BridgeDownstreamSide,2026-06-28T02:18:01.635513+00:00,adcp,AtTheGage
05584500,POINT (-90.8961944444444 40.3315277777778),7b91e3f9-ed4f-4747-8da6-30a7a08e97b7,USGS-05584500,4e850235-60b0-891e-e053-0100007f2bd9,495,1997-01-16T18:55:00+00:00,Imported Channel 1,7.16,ft^3/s,34.0,ft,24.6,ft^2,0.29,ft/s,,,Unspecified,Unspecified,Unspecified,Unspecified,Unspecified,Unknown,Ice,2026-06-28T02:18:01.635513+00:00,point_velocity,Unspecified
05584500,POINT (-90.8961944444444 40.3315277777778),7b9af744-0c68-4f01-a79b-eb95230d8ef7,USGS-05584500,1e7e2fa3-f39d-4516-837b-bff123e882a0,647,2019-11-06T18:18:45+00:00,MAIN,351,ft^3/s,74.0,ft,291,ft^2,1.21,ft/s,0.00,ft,Soft,SiltMud,Even,Even,Uniform,Steady,BridgeDownstreamSide,2026-06-28T02:18:01.635513+00:00,adcp,AtTheGage
05584500,POINT (-90.8961944444444 40.3315277777778),7cc0e154-f1ee-4fac-add5-3c62385b2e5c,USGS-05584500,4e84e489-78a2-78b0-e053-0100007fe442,372,1981-06-17T06:00:00+00:00,Imported Channel 1,1070,ft^3/s,,,,,,,,ft,Unspecified,Unspecified,Unspecified,Unspecified,Unspecified,Unknown,Unspecified,2026-06-28T02:18:01.635513+00:00,other_method,Unspecified
05584500,POINT (-90.8961944444444 40.3315277777778),7d52382a-f757-4738-9814-6c0877a91200,USGS-05584500,4e84fca6-d388-863f-e053-0100007faeac,443,1989-10-05T16:45:00+00:00,Imported Channel 1,0.21,ft^3/s,3.60,ft,0.41,ft^2,0.51,ft/s,,,Unspecified,Unspecified,Unspecified,Unspecified,Unspecified,Unknown,Wading,2026-06-28T02:18:01.635513+00:00,point_velocity,Unspecified
05584500,POINT (-90.8961944444444 40.3315277777778),7dc91931-8c9b-4c6f-9d90-2a9744fd2ca4,USGS-05584500,4e84f63a-e19b-8266-e053-0100007fadbf,491,1996-07-30T19:20:00+00:00,Imported Channel 1,218,ft^3/s,58.0,ft,283,ft^2,0.77,ft/s,,,Unspecified,Unspecified,Unspecified,Unspecified,Unspecified,Unknown,BridgeCrane,2026-06-28T02:18:01.635513+00:00,point_velocity,Unspecified
05584500,POINT (-90.8961944444444 40.3315277777778),7f9b2efb-a0e7-4e92-bfc2-b337772ef10e,USGS-05584500,71d9b75b-21ef-20d2-e053-0100007f0689,638,2018-07-18T21:11:26+00:00,MAIN,33.1,ft^3/s,64.0,ft,28.7,ft^2,1.15,ft/s,300.00,ft,Soft,Sand,Even,Even,Uniform,Steady,Wading,2026-06-28T02:18:01.635513+00:00,point_velocity,Upstream
05584500,POINT (-90.8961944444444 40.3315277777778),7feec19d-5e6c-45d0-8439-099063867aac,USGS-05584500,4e84f660-4260-81fe-e053-0100007f8a00,543,2003-08-21T21:08:00+00:00,Imported Channel 1,9.30,ft^3/s,35.8,ft,9.30,ft^2,1.00,ft/s,,,Unspecified,Unspecified,Unspecified,Unspecified,Unspecified,Unknown,Wading,2026-06-28T02:18:01.635513+00:00,point_velocity,Unspecified
05584500,POINT (-90.8961944444444 40.3315277777778),80208522-dea1-4406-9e68-1335c836d10a,USGS-05584500,4e84f293-6a8b-802a-e053-0100007fc3ad,317,1975-11-18T06:00:00+00:00,Imported Channel 1,19.1,ft^3/s,,,,,,,,ft,Unspecified,Unspecified,Unspecified,Unspecified,Unspecified,Unknown,Unspecified,2026-06-28T02:18:01.635513+00:00,other_method,Unspecified
05584500,POINT (-90.8961944444444 40.3315277777778),809d75e5-c5c0-4593-a0d9-0878f8bb57dd,USGS-05584500,4e84e47b-8885-78ca-e053-0100007f0ba4,254,1968-11-08T06:00:00+00:00,Imported Channel 1,9.21,ft^3/s,,,,,,,,ft,Unspecified,Unspecified,Unspecified,Unspecified,Unspecified,Unknown,Unspecified,2026-06-28T02:18:01.635513+00:00,other_method,Unspecified
05584500,POINT (-90.8961944444444 40.3315277777778),80fa323a-0a80-4f5c-a555-5d8c2ee562f4,USGS-05584500,4e84f660-425e-81fe-e053-0100007f8a00,541,2003-05-12T20:35:00+00:00,Imported Channel 1,1790,ft^3/s,123,ft,1040,ft^2,1.72,ft/s,,,Unspecified,Unspecified,Unspecified,Unspecified,Unspecified,Unknown,BridgeCrane,2026-06-28T02:18:01.635513+00:00,point_velocity,Unspecified
05584500,POINT (-90.8961944444444 40.3315277777778),80fe5dd1-9a9e-4809-b1a8-3cfb17fc88ee,USGS-05584500,4e84ecaf-b7cd-7d4a-e053-0100007f95b3,323,1976-05-11T06:00:00+00:00,Imported Channel 1,424,ft^3/s,,,,,,,,ft,Unspecified,Unspecified,Unspecified,Unspecified,Unspecified,Unknown,Unspecified,2026-06-28T02:18:01.635513+00:00,other_method,Unspecified
05584500,POINT (-90.8961944444444 40.3315277777778),81297614-748e-496e-b7ca-bc3507b40787,USGS-05584500,4e84e489-78a3-78b0-e053-0100007fe442,373,1981-07-28T06:00:00+00:00,Imported Channel 1,3120,ft^3/s,,,,,,,,ft,Unspecified,Unspecified,Unspecified,Unspecified,Unspecified,Unknown,Unspecified,2026-06-28T02:18:01.635513+00:00,other_method,Unspecified
05584500,POINT (-90.8961944444444 40.3315277777778),81edcbd0-787b-4757-bc4e-51a0540782de,USGS-05584500,4e84f271-6f05-805a-e053-0100007f4a00,604,2013-04-19T00:48:37+00:00,Main,19900,ft^3/s,472,ft,5030,ft^2,3.95,ft/s,,ft,Soft,Sand,Even,Even,Standard,Unknown,BridgeDownstreamSide,2026-06-28T02:18:01.635513+00:00,adcp,AtTheGage
05584500,POINT (-90.8961944444444 40.3315277777778),82bb97f5-01c0-4a40-a394-64ceba958094,USGS-05584500,4e84fee0-af68-8643-e053-0100007f762f,431,1988-07-28T18:50:00+00:00,Imported Channel 1,2.08,ft^3/s,7.00,ft,2.28,ft^2,0.91,ft/s,,,Unspecified,Unspecified,Unspecified,Unspecified,Unspecified,Unknown,Wading,2026-06-28T02:18:01.635513+00:00,point_velocity,Unspecified
05584500,POINT (-90.8961944444444 40.3315277777778),82e9847f-d438-4a1c-8199-0a4377295a0e,USGS-05584500,4e84dca1-f74b-73d6-e053-0100007ffb2f,487,1996-03-19T22:30:00+00:00,Imported Channel 1,191,ft^3/s,58.0,ft,240,ft^2,0.80,ft/s,,,Unspecified,Unspecified,Unspecified,Unspecified,Unspecified,Unknown,BridgeCrane,2026-06-28T02:18:01.635513+00:00,point_velocity,Unspecified
05584500,POINT (-90.8961944444444 40.3315277777778),839747fb-e678-454e-94c8-cf55e68321fc,USGS-05584500,4e850eb4-2a8d-9060-e053-0100007f4e3c,601,2012-12-06T19:51:30+00:00,lamoine r colmar,8.54,ft^3/s,35.0,ft,20.5,ft^2,0.42,ft/s,500.00,ft,Firm,SiltMud,Unspecified,Unspecified,Unspecified,Unknown,Wading,2026-06-28T02:18:01.635513+00:00,point_velocity,Downstream
05584500,POINT (-90.8961944444444 40.3315277777778),83fc44ff-1b34-48db-8078-a60ed07e17dd,USGS-05584500,4e84ec05-3598-7ce6-e053-0100007f3ee6,492,1996-08-28T14:05:00+00:00,Imported Channel 1,34.3,ft^3/s,48.0,ft,93.5,ft^2,0.37,ft/s,,,Unspecified,Unspecified,Unspecified,Unspecified,Unspecified,Unknown,Wading,2026-06-28T02:18:01.635513+00:00,point_velocity,Unspecified
05584500,POINT (-90.8961944444444 40.3315277777778),84b22470-e57f-4a5b-a67e-abd78f760928,USGS-05584500,4e850eb4-2a83-9060-e053-0100007f4e3c,573,2008-08-19T20:47:00+00:00,Imported Channel 1,17.9,ft^3/s,36.0,ft,24.0,ft^2,0.74,ft/s,,,Unspecified,Unspecified,Unspecified,Unspecified,Unspecified,Unknown,Wading,2026-06-28T02:18:01.635513+00:00,point_velocity,Unspecified
05584500,POINT (-90.8961944444444 40.3315277777778),84cfa676-4561-447d-90b0-3d26bde9f1b9,USGS-05584500,4e84ee40-745a-7e58-e053-0100007f914f,288,1972-05-10T06:00:00+00:00,Imported Channel 1,294,ft^3/s,,,,,,,,ft,Unspecified,Unspecified,Unspecified,Unspecified,Unspecified,Unknown,Unspecified,2026-06-28T02:18:01.635513+00:00,other_method,Unspecified
05584500,POINT (-90.8961944444444 40.3315277777778),8560d497-ae03-4aad-9d14-3514209cd209,USGS-05584500,4e84e100-dd9e-7626-e053-0100007fbc01,605,2013-04-19T01:04:45+00:00,Check QM,17900,ft^3/s,432,ft,4370,ft^2,4.10,ft/s,,ft,Soft,Sand,Even,Even,Standard,Unknown,BridgeDownstreamSide,2026-06-28T02:18:01.635513+00:00,adcp,AtTheGage
05584500,POINT (-90.8961944444444 40.3315277777778),857264f9-bc8f-44c5-aba2-6448b5aa36ed,USGS-05584500,4e84d03a-1d1a-6c72-e053-0100007fef9b,312,1975-04-23T06:00:00+00:00,Imported Channel 1,2950,ft^3/s,,,,,,,,ft,Unspecified,Unspecified,Unspecified,Unspecified,Unspecified,Unknown,Unspecified,2026-06-28T02:18:01.635513+00:00,other_method,Unspecified
05584500,POINT (-90.8961944444444 40.3315277777778),85b94b40-8c15-435a-b57d-b60ba830fd6e,USGS-05584500,4e84fa68-cbaf-8577-e053-0100007ffea5,501,1997-10-08T18:15:00+00:00,Imported Channel 1,21.8,ft^3/s,36.5,ft,29.0,ft^2,0.75,ft/s,,,Unspecified,Unspecified,Unspecified,Unspecified,Unspecified,Unknown,Wading,2026-06-28T02:18:01.635513+00:00,point_velocity,Unspecified
05584500,POINT (-90.8961944444444 40.3315277777778),86b878db-f4c9-4850-a5fe-240ac609fbf6,USGS-05584500,4e850235-60ae-891e-e053-0100007f2bd9,493,1996-10-30T18:15:00+00:00,Imported Channel 1,16.0,ft^3/s,28.0,ft,17.3,ft^2,0.94,ft/s,,,Unspecified,Unspecified,Unspecified,Unspecified,Unspecified,Unknown,Wading,2026-06-28T02:18:01.635513+00:00,point_velocity,Unspecified
05584500,POINT (-90.8961944444444 40.3315277777778),86e762af-8a21-4e7d-8c07-3da5dfaf9d67,USGS-05584500,4e84d03a-1d1b-6c72-e053-0100007fef9b,314,1975-07-16T06:00:00+00:00,Imported Channel 1,60.0,ft^3/s,,,,,,,,ft,Unspecified,Unspecified,Unspecified,Unspecified,Unspecified,Unknown,Unspecified,2026-06-28T02:18:01.635513+00:00,other_method,Unspecified
05584500,POINT (-90.8961944444444 40.3315277777778),8835732f-0207-4e82-9f25-abfdd9578a6a,USGS-05584500,4e84f388-0f5f-802c-e053-0100007ffc24,380,1982-05-26T06:00:00+00:00,Imported Channel 1,351,ft^3/s,,,,,,,,ft,Unspecified,Unspecified,Unspecified,Unspecified,Unspecified,Unknown,Unspecified,2026-06-28T02:18:01.635513+00:00,other_method,Unspecified
05584500,POINT (-90.8961944444444 40.3315277777778),88516e5d-ce25-4a68-b6b1-3ec0a8986f1c,USGS-05584500,4e84ec9f-a622-7cfa-e053-0100007fe4f7,363,1980-07-10T06:00:00+00:00,Imported Channel 1,81.0,ft^3/s,,,,,,,,ft,Unspecified,Unspecified,Unspecified,Unspecified,Unspecified,Unknown,Unspecified,2026-06-28T02:18:01.635513+00:00,other_method,Unspecified
05584500,POINT (-90.8961944444444 40.3315277777778),8af5a65b-8d2f-4a30-912c-8b8f213ed9ec,USGS-05584500,4e84c583-afbe-668b-e053-0100007fccd4,294,1972-12-20T06:00:00+00:00,Imported Channel 1,106,ft^3/s,,,,,,,,ft,Unspecified,Unspecified,Unspecified,Unspecified,Unspecified,Unknown,Unspecified,2026-06-28T02:18:01.635513+00:00,other_method,Unspecified
05584500,POINT (-90.8961944444444 40.3315277777778),8ba2555f-9f29-4609-8029-42f203863140,USGS-05584500,4e84f9f4-89b5-84fb-e053-0100007fcfe9,586,2010-10-07T13:35:00+00:00,Imported Channel 1,220,ft^3/s,56.6,ft,286,ft^2,0.77,ft/s,,ft,Unspecified,Unspecified,Unspecified,Unspecified,Unspecified,Unknown,BridgeDownstreamSide,2026-06-28T02:18:01.635513+00:00,adcp,Unspecified
05584500,POINT (-90.8961944444444 40.3315277777778),8e459c4b-e8ef-4081-87cb-aaa3a165897a,USGS-05584500,4e84fa92-2397-8589-e053-0100007f0f51,616,2015-05-05T15:03:30+00:00,CHECK QM 616,1570,ft^3/s,95.0,ft,863,ft^2,1.82,ft/s,,,Soft,SiltMud,Even,Even,Uniform,Unknown,BridgeDownstreamSide,2026-06-28T02:18:01.635513+00:00,point_velocity,AtTheGage
05584500,POINT (-90.8961944444444 40.3315277777778),8e741d3b-b815-4e18-8ad9-976cab77d79b,USGS-05584500,94dee168-ca66-4533-bdaa-61495da2e4ee,651,2020-07-07T20:48:59+00:00,MAIN,230,ft^3/s,63.6,ft,195,ft^2,1.18,ft/s,,ft,Unspecified,Unspecified,Unspecified,Unspecified,Unspecified,Unspecified,BridgeDownstreamSide,2026-06-28T02:18:01.635513+00:00,adcp,Unspecified
05584500,POINT (-90.8961944444444 40.3315277777778),8f8ce3b8-95de-416c-a4f1-d933698c0472,USGS-05584500,4e84fca6-d387-863f-e053-0100007faeac,441,1989-06-21T16:40:00+00:00,Imported Channel 1,7.33,ft^3/s,15.0,ft,7.48,ft^2,0.98,ft/s,,,Unspecified,Unspecified,Unspecified,Unspecified,Unspecified,Unknown,Wading,2026-06-28T02:18:01.635513+00:00,point_velocity,Unspecified
05584500,POINT (-90.8961944444444 40.3315277777778),8fe5cc92-e7aa-47ae-997a-b765848dfac7,USGS-05584500,4e84f35b-6d1e-80b9-e053-0100007fa044,273,1970-11-20T06:00:00+00:00,Imported Channel 1,1040,ft^3/s,,,,,,,,ft,Unspecified,Unspecified,Unspecified,Unspecified,Unspecified,Unknown,Unspecified,2026-06-28T02:18:01.635513+00:00,other_method,Unspecified
05584500,POINT (-90.8961944444444 40.3315277777778),905015a2-cb4f-4fe0-b4a7-d2c16e49e6c6,USGS-05584500,4a597ab6-28b1-4344-9377-aa397c399a4b,656,2021-04-12T15:13:05+00:00,MAIN,6850,ft^3/s,431,ft,2360,ft^2,2.90,ft/s,0.00,ft,Soft,Sand,Even,Unspecified,NonStandard,Steady,BridgeDownstreamSide,2026-06-28T02:18:01.635513+00:00,adcp,AtTheGage
05584500,POINT (-90.8961944444444 40.3315277777778),90a54c6e-189c-441f-9651-a2e5a2823f22,USGS-05584500,4e84f028-e938-7db5-e053-0100007fe7f7,376,1982-01-05T06:00:00+00:00,Imported Channel 1,160,ft^3/s,56.0,ft,230,ft^2,0.70,ft/s,,,Unspecified,Unspecified,Unspecified,Unspecified,Unspecified,Unknown,Ice,2026-06-28T02:18:01.635513+00:00,point_velocity,Unspecified
05584500,POINT (-90.8961944444444 40.3315277777778),9289ee4b-1891-4556-9dd7-f5d654cecdcb,USGS-05584500,4e84e4d7-7bb4-78c8-e053-0100007fadd2,287,1972-03-29T06:00:00+00:00,Imported Channel 1,168,ft^3/s,,,,,,,,ft,Unspecified,Unspecified,Unspecified,Unspecified,Unspecified,Unknown,Unspecified,2026-06-28T02:18:01.635513+00:00,other_method,Unspecified
05584500,POINT (-90.8961944444444 40.3315277777778),931566a9-d02e-47e3-98da-fa8c26c688ff,USGS-05584500,4e850e94-5d32-90b5-e053-0100007f8481,572,2008-04-30T20:30:00+00:00,Imported Channel 1,557,ft^3/s,68.1,ft,296,ft^2,1.89,ft/s,,ft,Unspecified,Unspecified,Unspecified,Unspecified,Unspecified,Unknown,Unspecified,2026-06-28T02:18:01.635513+00:00,adcp,Unspecified
05584500,POINT (-90.8961944444444 40.3315277777778),93452bd3-3b9b-42bc-a3ff-e49359c9bbea,USGS-05584500,4e84f9f4-89b4-84fb-e053-0100007fcfe9,571,2008-03-13T16:44:00+00:00,Imported Channel 1,174,ft^3/s,67.5,ft,129,ft^2,1.39,ft/s,,ft,Unspecified,Unspecified,Unspecified,Unspecified,Unspecified,Unknown,Unspecified,2026-06-28T02:18:01.635513+00:00,adcp,Unspecified
05584500,POINT (-90.8961944444444 40.3315277777778),9381e377-5ac4-405e-8f6e-9522b98005c5,USGS-05584500,4e84ebf0-c6ab-7d12-e053-0100007f289a,266,1970-01-08T06:00:00+00:00,Imported Channel 1,29.4,ft^3/s,,,,,,,,ft,Unspecified,Unspecified,Unspecified,Unspecified,Unspecified,Unknown,Unspecified,2026-06-28T02:18:01.635513+00:00,other_method,Unspecified
05584500,POINT (-90.8961944444444 40.3315277777778),93d46da7-360a-4832-8f71-7a9477101fe4,USGS-05584500,4e84f271-6ed1-805a-e053-0100007f4a00,452,1990-10-15T21:20:00+00:00,Imported Channel 1,14.1,ft^3/s,37.0,ft,17.4,ft^2,0.81,ft/s,,,Unspecified,Unspecified,Unspecified,Unspecified,Unspecified,Unknown,Wading,2026-06-28T02:18:01.635513+00:00,point_velocity,Unspecified
05584500,POINT (-90.8961944444444 40.3315277777778),94134e80-bbbb-4da4-9d90-5fa98415f499,USGS-05584500,1d24cdf0-f772-462d-939f-a7ac03b3b72c,659,2021-08-31T21:03:48+00:00,MAIN,66.3,ft^3/s,51.2,ft,85.2,ft^2,0.78,ft/s,0.00,ft,Soft,SiltMud,Even,Even,Standard,Steady,BridgeUpstreamSide,2026-06-28T02:18:01.635513+00:00,adcp,AtTheGage
05584500,POINT (-90.8961944444444 40.3315277777778),94bd1420-b1da-4634-be5e-1f8c0096ddd8,USGS-05584500,736a5920-7e4d-459f-8bcb-41525a569c43,684,2025-03-26T14:53:39+00:00,MAIN,152,ft^3/s,59.4,ft,118,ft^2,1.29,ft/s,0.00,ft,Unspecified,SiltMud,Even,Unspecified,Standard,Steady,BridgeDownstreamSide,2026-06-28T02:18:01.635513+00:00,adcp,AtTheGage
05584500,POINT (-90.8961944444444 40.3315277777778),958a3c9c-032d-41a3-aee2-5a988b77cf54,USGS-05584500,4e84eca2-3968-7d4e-e053-0100007f523d,320,1976-03-30T06:00:00+00:00,Imported Channel 1,388,ft^3/s,,,,,,,,ft,Unspecified,Unspecified,Unspecified,Unspecified,Unspecified,Unknown,Unspecified,2026-06-28T02:18:01.635513+00:00,other_method,Unspecified
05584500,POINT (-90.8961944444444 40.3315277777778),9609a309-7cc3-4124-bbc5-aef14f6fa7c3,USGS-05584500,4e84dc74-0c7a-7328-e053-0100007f94fc,310,1974-11-06T06:00:00+00:00,Imported Channel 1,126,ft^3/s,,,,,,,,ft,Unspecified,Unspecified,Unspecified,Unspecified,Unspecified,Unknown,Unspecified,2026-06-28T02:18:01.635513+00:00,other_method,Unspecified
05584500,POINT (-90.8961944444444 40.3315277777778),963b288b-f0e4-403b-a649-a3bdd843742f,USGS-05584500,4e84f39f-0fe8-80e9-e053-0100007f3ee7,467,1993-01-04T21:50:00+00:00,Imported Channel 1,4060,ft^3/s,127,ft,1680,ft^2,2.42,ft/s,,,Unspecified,Unspecified,Unspecified,Unspecified,Unspecified,Unknown,BridgeCrane,2026-06-28T02:18:01.635513+00:00,point_velocity,Unspecified
05584500,POINT (-90.8961944444444 40.3315277777778),970fbdf1-3aa1-4bd9-9752-6335e801803b,USGS-05584500,841e17d5-5b54-4d89-b650-482332eea69f,652,2020-09-11T18:04:25+00:00,MAIN,39.2,ft^3/s,52.6,ft,91.2,ft^2,0.43,ft/s,0.00,ft,Soft,SiltMud,Even,Even,Uniform,Steady,BridgeUpstreamSide,2026-06-28T02:18:01.635513+00:00,adcp,AtTheGage
05584500,POINT (-90.8961944444444 40.3315277777778),9794abdf-cb35-44c8-8e19-c9419f9d8cf6,USGS-05584500,4e851070-210e-91dc-e053-0100007fdb74,627,2016-11-10T18:08:32+00:00,MAIN,195,ft^3/s,60.7,ft,225,ft^2,0.87,ft/s,,ft,Soft,SiltMud,Even,Even,Uniform,Unknown,BridgeDownstreamSide,2026-06-28T02:18:01.635513+00:00,adcp,AtTheGage
05584500,POINT (-90.8961944444444 40.3315277777778),97b9f7db-166f-4d56-9502-0d81b651ad5f,USGS-05584500,4e850527-ba21-8ab3-e053-0100007f5ce8,548,2004-05-20T16:19:00+00:00,Imported Channel 1,115,ft^3/s,71.5,ft,153,ft^2,0.75,ft/s,,,Unspecified,Unspecified,Unspecified,Unspecified,Unspecified,Unknown,Wading,2026-06-28T02:18:01.635513+00:00,point_velocity,Unspecified
05584500,POINT (-90.8961944444444 40.3315277777778),9809a9cd-28bc-4c2f-85c6-9e660b7c0b1a,USGS-05584500,4e84f5ec-7e75-8206-e053-0100007f9526,561,2006-08-15T17:01:00+00:00,Imported Channel 1,10.7,ft^3/s,27.0,ft,12.6,ft^2,0.85,ft/s,,,Unspecified,Unspecified,Unspecified,Unspecified,Unspecified,Unknown,Wading,2026-06-28T02:18:01.635513+00:00,point_velocity,Unspecified
05584500,POINT (-90.8961944444444 40.3315277777778),987352f8-f18a-45ed-89c5-86e8f68ee78b,USGS-05584500,4e84cf0a-942b-6c74-e053-0100007f4a54,342,1978-02-22T06:00:00+00:00,Imported Channel 1,48.0,ft^3/s,,,,,,,,ft,Unspecified,Unspecified,Unspecified,Unspecified,Unspecified,Unknown,Unspecified,2026-06-28T02:18:01.635513+00:00,other_method,Unspecified
05584500,POINT (-90.8961944444444 40.3315277777778),994e5d89-c01f-428f-9c6e-56db1274c46a,USGS-05584500,4e850933-7ffd-8d90-e053-0100007f763a,593,2011-10-05T20:15:00+00:00,Imported Channel 1,9.75,ft^3/s,45.0,ft,17.4,ft^2,0.64,ft/s,,,Unspecified,Unspecified,Unspecified,Unspecified,Unspecified,Unknown,Wading,2026-06-28T02:18:01.635513+00:00,point_velocity,Unspecified
05584500,POINT (-90.8961944444444 40.3315277777778),99983111-f74b-4317-913e-4e586c1240d2,USGS-05584500,4e85095c-b7bb-8d4e-e053-0100007fe63e,598,2012-07-17T19:55:00+00:00,Imported Channel 1,7.11,ft^3/s,35.0,ft,16.0,ft^2,0.44,ft/s,,,Unspecified,Unspecified,Unspecified,Unspecified,Unspecified,Unknown,Wading,2026-06-28T02:18:01.635513+00:00,point_velocity,Unspecified
05584500,POINT (-90.8961944444444 40.3315277777778),99c79d22-1f45-47b5-8338-884342661dfb,USGS-05584500,4e84ec05-358f-7ce6-e053-0100007f3ee6,460,1992-01-14T15:50:00+00:00,Imported Channel 1,143,ft^3/s,54.0,ft,197,ft^2,0.72,ft/s,,,Unspecified,Unspecified,Unspecified,Unspecified,Unspecified,Unknown,BridgeCrane,2026-06-28T02:18:01.635513+00:00,point_velocity,Unspecified
05584500,POINT (-90.8961944444444 40.3315277777778),9b183b28-4824-45b8-a6b2-ada77e61136a,USGS-05584500,4e84e668-a560-7896-e053-0100007f3dec,36,1947-06-08T06:00:00+00:00,Imported Channel 1,8340,ft^3/s,,,,,,,,ft,Unspecified,Unspecified,Unspecified,Unspecified,Unspecified,Unknown,Unspecified,2026-06-28T02:18:01.635513+00:00,other_method,Unspecified
05584500,POINT (-90.8961944444444 40.3315277777778),9b67dd74-f5e1-4678-a7b1-dd0df353c3f4,USGS-05584500,4e84eec3-388a-7e56-e053-0100007f26d2,564,2007-03-13T19:24:00+00:00,Imported Channel 1,267,ft^3/s,61.3,ft,228,ft^2,1.17,ft/s,,ft,Unspecified,Unspecified,Unspecified,Unspecified,Unspecified,Unknown,Unspecified,2026-06-28T02:18:01.635513+00:00,adcp,Unspecified
05584500,POINT (-90.8961944444444 40.3315277777778),9ba61fe7-f57b-4231-8187-cfa0356c9394,USGS-05584500,4e84fe38-5a23-86df-e053-0100007ff5f9,560,2006-05-24T13:16:00+00:00,Imported Channel 1,94.5,ft^3/s,50.0,ft,142,ft^2,0.67,ft/s,,ft,Unspecified,Unspecified,Unspecified,Unspecified,Unspecified,Unknown,Unspecified,2026-06-28T02:18:01.635513+00:00,adcp,Unspecified
05584500,POINT (-90.8961944444444 40.3315277777778),9be2cf13-9bb5-475d-8958-2e150ef197a5,USGS-05584500,4e84ec29-ff7d-7cf6-e053-0100007f7b81,387,1983-04-04T06:00:00+00:00,Imported Channel 1,10000,ft^3/s,,,,,,,,ft,Unspecified,Unspecified,Unspecified,Unspecified,Unspecified,Unknown,Unspecified,2026-06-28T02:18:01.635513+00:00,other_method,Unspecified
05584500,POINT (-90.8961944444444 40.3315277777778),9d44cefb-fcc5-4e77-81e7-9966f67df124,USGS-05584500,685533c3-c960-e141-e053-0100007f0e70,636,2018-03-22T19:12:08+00:00,MAIN,205,ft^3/s,66.4,ft,261,ft^2,0.79,ft/s,0.00,ft,Soft,Sand,Even,Even,Uniform,Steady,BridgeDownstreamSide,2026-06-28T02:18:01.635513+00:00,adcp,AtTheGage
05584500,POINT (-90.8961944444444 40.3315277777778),9da11e3a-63a4-4a70-ac83-376307b170c2,USGS-05584500,4e84f5ec-7e76-8206-e053-0100007f9526,562,2006-10-17T16:17:00+00:00,Imported Channel 1,5.14,ft^3/s,26.0,ft,13.0,ft^2,0.39,ft/s,,,Unspecified,Unspecified,Unspecified,Unspecified,Unspecified,Unknown,Wading,2026-06-28T02:18:01.635513+00:00,point_velocity,Unspecified
05584500,POINT (-90.8961944444444 40.3315277777778),9ec67623-857d-4644-a567-8186af21ed2b,USGS-05584500,4e84f5dc-0edd-821e-e053-0100007fe780,580,2009-10-07T19:53:00+00:00,Imported Channel 1,48.9,ft^3/s,51.5,ft,154,ft^2,0.32,ft/s,,ft,Unspecified,Unspecified,Unspecified,Unspecified,Unspecified,Unknown,BridgeDownstreamSide,2026-06-28T02:18:01.635513+00:00,adcp,AtTheGage
05584500,POINT (-90.8961944444444 40.3315277777778),9f317a88-fe18-4309-aa78-6fa9d2bf2e85,USGS-05584500,f85b42c3-9ab4-4c83-8ee9-b65b5d2acbf4,666,2022-11-01T20:26:48+00:00,MAIN,15.8,ft^3/s,32.0,ft,16.8,ft^2,0.94,ft/s,300.00,ft,Soft,SiltMud,Even,Even,Uniform,Steady,Wading,2026-06-28T02:18:01.635513+00:00,point_velocity,Upstream
05584500,POINT (-90.8961944444444 40.3315277777778),9fbc1076-0bc2-4ead-963c-82d5b0a0fa58,USGS-05584500,4e84fca6-d3a3-863f-e053-0100007faeac,527,2001-08-28T18:33:00+00:00,Imported Channel 1,143,ft^3/s,57.7,ft,103,ft^2,1.39,ft/s,,,Unspecified,Unspecified,Unspecified,Unspecified,Unspecified,Unknown,Wading,2026-06-28T02:18:01.635513+00:00,point_velocity,Unspecified
05584500,POINT (-90.8961944444444 40.3315277777778),a0da4aec-51ed-4291-9d4c-ea9b252a832d,USGS-05584500,4e84f388-0f5e-802c-e053-0100007ffc24,379,1982-04-26T06:00:00+00:00,Imported Channel 1,521,ft^3/s,,,,,,,,ft,Unspecified,Unspecified,Unspecified,Unspecified,Unspecified,Unknown,Unspecified,2026-06-28T02:18:01.635513+00:00,other_method,Unspecified
05584500,POINT (-90.8961944444444 40.3315277777778),a0dbf233-a37f-446e-9376-631803709683,USGS-05584500,4e84fe38-5a12-86df-e053-0100007ff5f9,418,1986-12-23T06:00:00+00:00,Imported Channel 1,303,ft^3/s,62.0,ft,326,ft^2,0.93,ft/s,,,Unspecified,Unspecified,Unspecified,Unspecified,Unspecified,Unknown,BridgeCrane,2026-06-28T02:18:01.635513+00:00,point_velocity,Unspecified
05584500,POINT (-90.8961944444444 40.3315277777778),a1d47050-24c3-4eaf-b188-b315ba0d75e1,USGS-05584500,4e84e813-b27c-76b2-e053-0100007fe001,264,1969-10-01T06:00:00+00:00,Imported Channel 1,32.5,ft^3/s,,,,,,,,ft,Unspecified,Unspecified,Unspecified,Unspecified,Unspecified,Unknown,Unspecified,2026-06-28T02:18:01.635513+00:00,other_method,Unspecified
05584500,POINT (-90.8961944444444 40.3315277777778),a1fcbb20-53ff-4eb6-b4f5-de914d14c161,USGS-05584500,4e84ed39-7784-7d44-e053-0100007f2a1a,280,1971-07-13T06:00:00+00:00,Imported Channel 1,163,ft^3/s,,,,,,,,ft,Unspecified,Unspecified,Unspecified,Unspecified,Unspecified,Unknown,Unspecified,2026-06-28T02:18:01.635513+00:00,other_method,Unspecified
05584500,POINT (-90.8961944444444 40.3315277777778),a27295d1-bb61-4ccc-a376-cbbbdabb9454,USGS-05584500,4e84fa4a-05df-8509-e053-0100007f31d6,451,1990-08-02T16:30:00+00:00,Imported Channel 1,147,ft^3/s,54.0,ft,242,ft^2,0.61,ft/s,,,Unspecified,Unspecified,Unspecified,Unspecified,Unspecified,Unknown,BridgeCrane,2026-06-28T02:18:01.635513+00:00,point_velocity,Unspecified
05584500,POINT (-90.8961944444444 40.3315277777778),a2dbedb3-b2c1-42c0-aab3-f9b63d488ef8,USGS-05584500,4e84fa6e-0844-8563-e053-0100007fb228,500,1997-08-28T14:00:00+00:00,Imported Channel 1,427,ft^3/s,69.0,ft,353,ft^2,1.21,ft/s,,,Unspecified,Unspecified,Unspecified,Unspecified,Unspecified,Unknown,BridgeCrane,2026-06-28T02:18:01.635513+00:00,point_velocity,Unspecified
05584500,POINT (-90.8961944444444 40.3315277777778),a355bd86-d662-47bf-b634-75ec1595609a,USGS-05584500,4e850a88-6e47-8d50-e053-0100007f328d,582,2010-03-10T15:03:00+00:00,Imported Channel 1,4880,ft^3/s,185,ft,2070,ft^2,2.37,ft/s,,ft,Unspecified,Unspecified,Unspecified,Unspecified,Unspecified,Unknown,BridgeDownstreamSide,2026-06-28T02:18:01.635513+00:00,adcp,AtTheGage
05584500,POINT (-90.8961944444444 40.3315277777778),a3bd257d-f3b2-428c-9b63-09e6c284a8bb,USGS-05584500,4e850754-7cc5-8c45-e053-0100007f09ab,550,2004-07-14T17:48:00+00:00,Imported Channel 1,197,ft^3/s,59.0,ft,228,ft^2,0.86,ft/s,,,Unspecified,Unspecified,Unspecified,Unspecified,Unspecified,Unknown,BridgeCrane,2026-06-28T02:18:01.635513+00:00,point_velocity,Unspecified
05584500,POINT (-90.8961944444444 40.3315277777778),a4d9ee96-06ee-484a-a772-b159b8041f4c,USGS-05584500,4e84f563-b1f3-812c-e053-0100007f19c1,299,1973-06-07T06:00:00+00:00,Imported Channel 1,1050,ft^3/s,,,,,,,,ft,Unspecified,Unspecified,Unspecified,Unspecified,Unspecified,Unknown,Unspecified,2026-06-28T02:18:01.635513+00:00,other_method,Unspecified
05584500,POINT (-90.8961944444444 40.3315277777778),a56f597b-9af2-4ec7-ae04-570366cc0448,USGS-05584500,4e84e489-78a0-78b0-e053-0100007fe442,370,1981-04-23T06:00:00+00:00,Imported Channel 1,3170,ft^3/s,,,,,,,,ft,Unspecified,Unspecified,Unspecified,Unspecified,Unspecified,Unknown,Unspecified,2026-06-28T02:18:01.635513+00:00,other_method,Unspecified
05584500,POINT (-90.8961944444444 40.3315277777778),a7b82037-36eb-4feb-ab7a-95cf6552453d,USGS-05584500,4e84f992-52e9-845b-e053-0100007f986f,357,1979-11-07T06:00:00+00:00,Imported Channel 1,7.18,ft^3/s,,,,,,,,ft,Unspecified,Unspecified,Unspecified,Unspecified,Unspecified,Unknown,Unspecified,2026-06-28T02:18:01.635513+00:00,other_method,Unspecified
05584500,POINT (-90.8961944444444 40.3315277777778),a85f0155-adb1-49a9-8f35-1ba6f535c334,USGS-05584500,4e84f381-769c-80aa-e053-0100007f2bc8,472,1993-07-27T14:20:00+00:00,Imported Channel 1,9460,ft^3/s,242,ft,2520,ft^2,3.75,ft/s,,,Unspecified,Unspecified,Unspecified,Unspecified,Unspecified,Unknown,BridgeCrane,2026-06-28T02:18:01.635513+00:00,point_velocity,Unspecified
05584500,POINT (-90.8961944444444 40.3315277777778),a95dfc55-293c-4501-bb43-7a86cc8e4211,USGS-05584500,4e84e489-789f-78b0-e053-0100007fe442,369,1981-03-26T06:00:00+00:00,Imported Channel 1,86.3,ft^3/s,52.0,ft,87.1,ft^2,0.99,ft/s,,,Unspecified,Unspecified,Unspecified,Unspecified,Unspecified,Unknown,Wading,2026-06-28T02:18:01.635513+00:00,point_velocity,Unspecified
05584500,POINT (-90.8961944444444 40.3315277777778),a9c35258-cca7-47b8-b7cd-32b265d4a30d,USGS-05584500,4e84ec05-3582-7ce6-e053-0100007f3ee6,326,1976-09-13T06:00:00+00:00,Imported Channel 1,3.86,ft^3/s,,,,,,,,ft,Unspecified,Unspecified,Unspecified,Unspecified,Unspecified,Unknown,Unspecified,2026-06-28T02:18:01.635513+00:00,other_method,Unspecified
05584500,POINT (-90.8961944444444 40.3315277777778),aa33e116-1852-49ee-8a92-30fdbeb8f716,USGS-05584500,4e84ee40-745b-7e58-e053-0100007f914f,291,1972-08-23T06:00:00+00:00,Imported Channel 1,15.3,ft^3/s,,,,,,,,ft,Unspecified,Unspecified,Unspecified,Unspecified,Unspecified,Unknown,Unspecified,2026-06-28T02:18:01.635513+00:00,other_method,Unspecified
05584500,POINT (-90.8961944444444 40.3315277777778),aac5effd-5b81-40ba-a0e6-292af75ea507,USGS-05584500,4e84ebf0-c6b3-7d12-e053-0100007f289a,302,1973-09-14T06:00:00+00:00,Imported Channel 1,47.5,ft^3/s,,,,,,,,ft,Unspecified,Unspecified,Unspecified,Unspecified,Unspecified,Unknown,Unspecified,2026-06-28T02:18:01.635513+00:00,other_method,Unspecified
05584500,POINT (-90.8961944444444 40.3315277777778),abb69d23-7324-4ec5-b6a8-516e1abbfcac,USGS-05584500,4e8504f0-9218-86dd-e053-0100007ff28a,552,2004-10-14T14:10:00+00:00,Imported Channel 1,235,ft^3/s,61.0,ft,252,ft^2,0.93,ft/s,,,Unspecified,Unspecified,Unspecified,Unspecified,Unspecified,Unknown,BridgeCrane,2026-06-28T02:18:01.635513+00:00,point_velocity,Unspecified
05584500,POINT (-90.8961944444444 40.3315277777778),ac330673-c0e5-4a65-a802-080c32283691,USGS-05584500,4e84f35b-6d1d-80b9-e053-0100007fa044,271,1970-10-02T06:00:00+00:00,Imported Channel 1,797,ft^3/s,,,,,,,,ft,Unspecified,Unspecified,Unspecified,Unspecified,Unspecified,Unknown,Unspecified,2026-06-28T02:18:01.635513+00:00,other_method,Unspecified
05584500,POINT (-90.8961944444444 40.3315277777778),ac50f9ae-bc44-45bf-9b7d-1c3d8475c303,USGS-05584500,0bbaab63-6a6d-4548-ac8f-8af4bb377027,690,2026-03-25T14:46:17+00:00,MAIN,184,ft^3/s,66.8,ft,152,ft^2,1.21,ft/s,0.00,ft,Unspecified,Unspecified,Even,Unspecified,Standard,Pulsating,BridgeDownstreamSide,2026-06-28T02:18:01.635513+00:00,adcp,AtTheGage
05584500,POINT (-90.8961944444444 40.3315277777778),ac76caca-15ac-47fb-9af6-835b42501fb5,USGS-05584500,4e85095c-b7ba-8d4e-e053-0100007fe63e,596,2012-03-29T14:09:30+00:00,Imported Channel 1,99.9,ft^3/s,51.0,ft,114,ft^2,0.87,ft/s,5000.00,ft,Unspecified,Unspecified,Unspecified,Unspecified,Unspecified,Unknown,Wading,2026-06-28T02:18:01.635513+00:00,point_velocity,Upstream
05584500,POINT (-90.8961944444444 40.3315277777778),ad2ef0fd-ef94-4d5f-ad0a-46edadfe7f44,USGS-05584500,4e84de42-9461-73d2-e053-0100007f1552,283,1971-10-05T06:00:00+00:00,Imported Channel 1,175,ft^3/s,,,,,,,,ft,Unspecified,Unspecified,Unspecified,Unspecified,Unspecified,Unknown,Unspecified,2026-06-28T02:18:01.635513+00:00,other_method,Unspecified
05584500,POINT (-90.8961944444444 40.3315277777778),addd44c2-c8da-4143-8526-83698102e247,USGS-05584500,4e84f39f-0fee-80e9-e053-0100007f3ee7,502,1997-12-10T18:25:00+00:00,Imported Channel 1,82.7,ft^3/s,64.0,ft,118,ft^2,0.70,ft/s,,,Unspecified,Unspecified,Unspecified,Unspecified,Unspecified,Unknown,Wading,2026-06-28T02:18:01.635513+00:00,point_velocity,Unspecified
05584500,POINT (-90.8961944444444 40.3315277777778),af9fd768-c894-48a0-ac49-aaaf678ec062,USGS-05584500,700960b0-a3a7-409f-ac37-75089fcbe3d5,680,2024-09-11T13:44:29+00:00,MAIN,8.39,ft^3/s,41.0,ft,13.5,ft^2,0.62,ft/s,250.00,ft,Soft,Sand,Even,Unspecified,Unspecified,Unspecified,Wading,2026-06-28T02:18:01.635513+00:00,point_velocity,Downstream
05584500,POINT (-90.8961944444444 40.3315277777778),b0cd886a-cd1f-44f8-b98f-e15b2cd0c20c,USGS-05584500,4e850527-ba20-8ab3-e053-0100007f5ce8,547,2004-03-23T21:37:00+00:00,Imported Channel 1,187,ft^3/s,58.0,ft,237,ft^2,0.79,ft/s,,,Unspecified,Unspecified,Unspecified,Unspecified,Unspecified,Unknown,BridgeCrane,2026-06-28T02:18:01.635513+00:00,point_velocity,Unspecified
05584500,POINT (-90.8961944444444 40.3315277777778),b191ca8e-f918-401a-9c1a-3f877e7b6000,USGS-05584500,4e84fb46-3e5c-8579-e053-0100007fcd7c,365,1980-11-06T06:00:00+00:00,Imported Channel 1,39.5,ft^3/s,43.0,ft,46.9,ft^2,0.84,ft/s,,,Unspecified,Unspecified,Unspecified,Unspecified,Unspecified,Unknown,Wading,2026-06-28T02:18:01.635513+00:00,point_velocity,Unspecified
05584500,POINT (-90.8961944444444 40.3315277777778),b21c84e0-a38b-41fd-af2f-b905443c0c67,USGS-05584500,4e84f344-56f0-80a8-e053-0100007f125d,483,1995-07-19T22:15:00+00:00,Imported Channel 1,179,ft^3/s,58.0,ft,253,ft^2,0.71,ft/s,,,Unspecified,Unspecified,Unspecified,Unspecified,Unspecified,Unknown,BridgeCrane,2026-06-28T02:18:01.635513+00:00,point_velocity,Unspecified
05584500,POINT (-90.8961944444444 40.3315277777778),b22dca25-34ff-434a-9cdd-67bc0c8ec058,USGS-05584500,ee8d3cb0-5f2f-4e59-b6e0-4d1a0a855c84,671,2023-09-06T21:52:41+00:00,MAIN,8.14,ft^3/s,26.0,ft,31.7,ft^2,0.26,ft/s,300.00,ft,Soft,Sand,Even,Even,Uniform,Steady,Wading,2026-06-28T02:18:01.635513+00:00,point_velocity,Upstream
05584500,POINT (-90.8961944444444 40.3315277777778),b2575494-27ae-4b28-9058-646018e798a5,USGS-05584500,593fb6ea-c890-31a5-e053-0100007fd69b,632,2017-09-13T20:16:00+00:00,MAIN,6.59,ft^3/s,39.0,ft,24.9,ft^2,0.26,ft/s,500.00,ft,Soft,SiltMud,Even,Even,Uniform,Steady,Wading,2026-06-28T02:18:01.635513+00:00,point_velocity,Upstream
05584500,POINT (-90.8961944444444 40.3315277777778),b29887c6-4e75-40ce-ac65-c9e70e811a68,USGS-05584500,4e85095c-b7af-8d4e-e053-0100007fe63e,515,1999-10-21T13:25:00+00:00,Imported Channel 1,35.9,ft^3/s,38.0,ft,32.8,ft^2,1.09,ft/s,,,Unspecified,Unspecified,Unspecified,Unspecified,Unspecified,Unknown,Wading,2026-06-28T02:18:01.635513+00:00,point_velocity,Unspecified
05584500,POINT (-90.8961944444444 40.3315277777778),b2a65ccf-ad6e-4140-8326-373a08259725,USGS-05584500,4e84fb01-895b-858b-e053-0100007fa62d,618,2015-06-29T20:04:43+00:00,MAIN,6210,ft^3/s,443,ft,2710,ft^2,2.29,ft/s,,ft,Soft,SiltMud,Even,Even,Uniform,Unknown,BridgeDownstreamSide,2026-06-28T02:18:01.635513+00:00,adcp,AtTheGage
05584500,POINT (-90.8961944444444 40.3315277777778),b327c7ae-cfa7-493e-a2ef-9680778fb46d,USGS-05584500,4e84ee4f-f67b-7e51-e053-0100007fd14a,289,1972-06-16T06:00:00+00:00,Imported Channel 1,993,ft^3/s,,,,,,,,ft,Unspecified,Unspecified,Unspecified,Unspecified,Unspecified,Unknown,Unspecified,2026-06-28T02:18:01.635513+00:00,other_method,Unspecified
05584500,POINT (-90.8961944444444 40.3315277777778),b34916f8-d172-48d4-b0b4-adfee45483b6,USGS-05584500,4e84ed39-778a-7d44-e053-0100007f2a1a,346,1978-05-31T06:00:00+00:00,Imported Channel 1,611,ft^3/s,,,,,,,,ft,Unspecified,Unspecified,Unspecified,Unspecified,Unspecified,Unknown,Unspecified,2026-06-28T02:18:01.635513+00:00,other_method,Unspecified
05584500,POINT (-90.8961944444444 40.3315277777778),b36431b9-3dc0-4ca3-97bb-77c81186ab84,USGS-05584500,4e84f344-56da-80a8-e053-0100007f125d,318,1976-01-06T06:00:00+00:00,Imported Channel 1,42.7,ft^3/s,,,,,,,,ft,Unspecified,Unspecified,Unspecified,Unspecified,Unspecified,Unknown,Unspecified,2026-06-28T02:18:01.635513+00:00,other_method,Unspecified
05584500,POINT (-90.8961944444444 40.3315277777778),b59858e8-b7f1-48ee-b3a3-0e44f4cc0be1,USGS-05584500,4e84fa9c-ac7c-856b-e053-0100007f944b,353,1979-05-02T06:00:00+00:00,Imported Channel 1,523,ft^3/s,,,,,,,,ft,Unspecified,Unspecified,Unspecified,Unspecified,Unspecified,Unknown,Unspecified,2026-06-28T02:18:01.635513+00:00,other_method,Unspecified
05584500,POINT (-90.8961944444444 40.3315277777778),b6191078-1abb-4388-b03b-4fb8e5240db9,USGS-05584500,4e84ecc9-3e17-7d9b-e053-0100007fd157,362,1980-06-18T06:00:00+00:00,Imported Channel 1,1020,ft^3/s,,,,,,,,ft,Unspecified,Unspecified,Unspecified,Unspecified,Unspecified,Unknown,Unspecified,2026-06-28T02:18:01.635513+00:00,other_method,Unspecified
05584500,POINT (-90.8961944444444 40.3315277777778),b64a79ca-7f4a-435f-8f32-c24c443cd4ac,USGS-05584500,9393173f-ce8a-4104-9b01-19574e915828,669,2023-05-09T19:06:40+00:00,main,2710,ft^3/s,104,ft,1030,ft^2,2.62,ft/s,25.00,ft,Unspecified,Unspecified,Unspecified,Unspecified,Unspecified,Unspecified,BridgeDownstreamSide,2026-06-28T02:18:01.635513+00:00,adcp,Downstream
05584500,POINT (-90.8961944444444 40.3315277777778),b6907106-97bd-47a1-89be-c0aa7b9a83e4,USGS-05584500,4e84e668-a55f-7896-e053-0100007f3dec,28,1946-06-20T06:00:00+00:00,Imported Channel 1,13100,ft^3/s,,,,,,,,ft,Unspecified,Unspecified,Unspecified,Unspecified,Unspecified,Unknown,Unspecified,2026-06-28T02:18:01.635513+00:00,other_method,Unspecified
05584500,POINT (-90.8961944444444 40.3315277777778),b765ec29-b041-4b0e-9877-b4fb66e7b172,USGS-05584500,4e84ee3c-9471-7da7-e053-0100007ff28f,410,1985-10-30T06:00:00+00:00,Imported Channel 1,61.7,ft^3/s,51.0,ft,168,ft^2,0.37,ft/s,,,Unspecified,Unspecified,Unspecified,Unspecified,Unspecified,Unknown,BridgeCrane,2026-06-28T02:18:01.635513+00:00,point_velocity,Unspecified
05584500,POINT (-90.8961944444444 40.3315277777778),b7d15af5-8938-46b9-af78-bba0587b58cd,USGS-05584500,4e84e100-dd48-7626-e053-0100007fbc01,258,1969-03-06T06:00:00+00:00,Imported Channel 1,764,ft^3/s,,,,,,,,ft,Unspecified,Unspecified,Unspecified,Unspecified,Unspecified,Unknown,Unspecified,2026-06-28T02:18:01.635513+00:00,other_method,Unspecified
05584500,POINT (-90.8961944444444 40.3315277777778),b8d767f9-aefb-48eb-be62-c9c980d56cbf,USGS-05584500,4e851000-e567-91d2-e053-0100007f7726,591,2011-08-09T18:09:00+00:00,Imported Channel 1,38.5,ft^3/s,54.0,ft,77.4,ft^2,0.50,ft/s,,,Unspecified,Unspecified,Unspecified,Unspecified,Unspecified,Unknown,Wading,2026-06-28T02:18:01.635513+00:00,point_velocity,Unspecified
05584500,POINT (-90.8961944444444 40.3315277777778),b98dee10-8b64-4660-99b6-d9da93e1f6cb,USGS-05584500,4e84fb01-8956-858b-e053-0100007fa62d,574,2008-10-07T20:54:00+00:00,Imported Channel 1,91.3,ft^3/s,70.5,ft,70.6,ft^2,1.29,ft/s,,,Unspecified,Unspecified,Unspecified,Unspecified,Unspecified,Unknown,Wading,2026-06-28T02:18:01.635513+00:00,point_velocity,Unspecified
05584500,POINT (-90.8961944444444 40.3315277777778),b9a1bf05-61f4-4f06-998d-028aae33837c,USGS-05584500,4e84f9f4-89a8-84fb-e053-0100007fcfe9,485,1995-11-29T14:50:00+00:00,Imported Channel 1,102,ft^3/s,54.0,ft,205,ft^2,0.50,ft/s,,,Unspecified,Unspecified,Unspecified,Unspecified,Unspecified,Unknown,BridgeCrane,2026-06-28T02:18:01.635513+00:00,point_velocity,Unspecified
05584500,POINT (-90.8961944444444 40.3315277777778),b9c8f468-3fdd-42b2-99a0-82f76b142026,USGS-05584500,4e84fa68-cba4-8577-e053-0100007ffea5,450,1990-06-21T18:00:00+00:00,Imported Channel 1,18100,ft^3/s,429,ft,4640,ft^2,3.90,ft/s,,,Unspecified,Unspecified,Unspecified,Unspecified,Unspecified,Unknown,BridgeCrane,2026-06-28T02:18:01.635513+00:00,point_velocity,Unspecified
05584500,POINT (-90.8961944444444 40.3315277777778),bb255d77-a0ab-45c5-b5f6-f82eb7b5d962,USGS-05584500,4e8511ec-a235-91c6-e053-0100007fcc42,608,2013-10-24T15:05:40+00:00,lamoine r nr colmar il.,14.2,ft^3/s,47.1,ft,137,ft^2,0.10,ft/s,,ft,Unspecified,Unspecified,Unspecified,Unspecified,Unspecified,Unknown,BridgeDownstreamSide,2026-06-28T02:18:01.635513+00:00,adcp,AtTheGage
05584500,POINT (-90.8961944444444 40.3315277777778),bb75fef3-9918-4401-b11e-3e3494d8805c,USGS-05584500,4e84ecba-db28-7d40-e053-0100007ff260,530,2002-01-08T20:54:00+00:00,Imported Channel 1,134,ft^3/s,58.5,ft,110,ft^2,1.22,ft/s,,,Unspecified,Unspecified,Unspecified,Unspecified,Unspecified,Unknown,Wading,2026-06-28T02:18:01.635513+00:00,point_velocity,Unspecified
05584500,POINT (-90.8961944444444 40.3315277777778),bb9f5f90-7d5a-4e50-a16f-6fd83a2ec33e,USGS-05584500,4e84dcc2-2913-703d-e053-0100007f47c0,466,1992-12-01T18:45:00+00:00,Imported Channel 1,707,ft^3/s,77.0,ft,455,ft^2,0.78,ft/s,,,Unspecified,Unspecified,Unspecified,Unspecified,Unspecified,Unknown,BridgeCrane,2026-06-28T02:18:01.635513+00:00,point_velocity,Unspecified
05584500,POINT (-90.8961944444444 40.3315277777778),bc1df1e3-93a1-4d0f-918a-999124b8d90d,USGS-05584500,4e84fca6-d396-863f-e053-0100007faeac,496,1997-03-26T15:10:00+00:00,Imported Channel 1,672,ft^3/s,83.0,ft,519,ft^2,1.29,ft/s,,,Unspecified,Unspecified,Unspecified,Unspecified,Unspecified,Unknown,BridgeCrane,2026-06-28T02:18:01.635513+00:00,point_velocity,Unspecified
05584500,POINT (-90.8961944444444 40.3315277777778),bc6d66c9-1c0e-46a4-b8c1-2720c8364eda,USGS-05584500,4e850feb-5396-91aa-e053-0100007f80d3,585,2010-08-12T20:24:00+00:00,Imported Channel 1,459,ft^3/s,57.7,ft,374,ft^2,1.22,ft/s,,ft,Unspecified,Unspecified,Unspecified,Unspecified,Unspecified,Unknown,BridgeDownstreamSide,2026-06-28T02:18:01.635513+00:00,adcp,Unspecified
05584500,POINT (-90.8961944444444 40.3315277777778),bd4b00f0-b541-4a2f-8200-714f6c90dc13,USGS-05584500,a9423a18-70c0-40f4-b48d-3c5d99582328,687,2025-09-02T20:52:20+00:00,MAIN,16.2,ft^3/s,43.0,ft,41.6,ft^2,0.39,ft/s,200.00,ft,Firm,Sand,Even,Unspecified,Standard,Steady,Wading,2026-06-28T02:18:01.635513+00:00,point_velocity,Downstream
05584500,POINT (-90.8961944444444 40.3315277777778),bd78ea21-b434-4c5b-8107-b081ab1e053b,USGS-05584500,4e84fa4a-0607-8509-e053-0100007f31d6,626,2016-09-21T18:33:40+00:00,MAIN,115,ft^3/s,55.2,ft,176,ft^2,0.65,ft/s,,ft,Soft,SiltMud,Even,Even,Uniform,Unknown,BridgeDownstreamSide,2026-06-28T02:18:01.635513+00:00,adcp,AtTheGage
05584500,POINT (-90.8961944444444 40.3315277777778),bdda3818-6928-4a1a-a8c9-77bdd00607a6,USGS-05584500,25713409-d714-4133-a072-522883a1c6fb,648,2020-01-08T19:29:35+00:00,MAIN,258,ft^3/s,63.3,ft,215,ft^2,1.20,ft/s,0.00,ft,Soft,SiltMud,Even,Even,Uniform,Steady,BridgeDownstreamSide,2026-06-28T02:18:01.635513+00:00,adcp,AtTheGage
05584500,POINT (-90.8961944444444 40.3315277777778),be301463-d391-49f2-bba0-263d7a5be61e,USGS-05584500,4e84e573-1fb9-789c-e053-0100007f9e3c,490,1996-06-19T19:45:00+00:00,Imported Channel 1,406,ft^3/s,74.0,ft,383,ft^2,1.06,ft/s,,,Unspecified,Unspecified,Unspecified,Unspecified,Unspecified,Unknown,BridgeCrane,2026-06-28T02:18:01.635513+00:00,point_velocity,Unspecified
05584500,POINT (-90.8961944444444 40.3315277777778),be5acc2f-5dad-4731-b4a6-5d7670e7c579,USGS-05584500,4e84e156-965b-76d8-e053-0100007fc298,445,1989-12-28T17:10:00+00:00,Imported Channel 1,1.97,ft^3/s,16.0,ft,7.20,ft^2,0.27,ft/s,,,Unspecified,Unspecified,Unspecified,Unspecified,Unspecified,Unknown,Ice,2026-06-28T02:18:01.635513+00:00,point_velocity,Unspecified
05584500,POINT (-90.8961944444444 40.3315277777778),be87b528-8619-4e2e-9168-5aad4496c931,USGS-05584500,4e84e489-789e-78b0-e053-0100007fe442,368,1981-03-05T06:00:00+00:00,Imported Channel 1,274,ft^3/s,,,,,,,,ft,Unspecified,Unspecified,Unspecified,Unspecified,Unspecified,Unknown,Unspecified,2026-06-28T02:18:01.635513+00:00,other_method,Unspecified
05584500,POINT (-90.8961944444444 40.3315277777778),bf273f4d-6c11-44b2-a13f-d8d56e6a9729,USGS-05584500,4e84d03a-1d14-6c72-e053-0100007fef9b,251,1968-08-15T06:00:00+00:00,Imported Channel 1,19.4,ft^3/s,,,,,,,,ft,Unspecified,Unspecified,Unspecified,Unspecified,Unspecified,Unknown,Unspecified,2026-06-28T02:18:01.635513+00:00,other_method,Unspecified
05584500,POINT (-90.8961944444444 40.3315277777778),bf6d31a1-f6fe-491b-852d-5e463abc830c,USGS-05584500,4e84cf0a-9430-6c74-e053-0100007f4a54,433,1988-08-26T19:00:00+00:00,Imported Channel 1,7.93,ft^3/s,14.0,ft,8.07,ft^2,0.98,ft/s,,,Unspecified,Unspecified,Unspecified,Unspecified,Unspecified,Unknown,Wading,2026-06-28T02:18:01.635513+00:00,point_velocity,Unspecified
05584500,POINT (-90.8961944444444 40.3315277777778),bfae60d4-8eae-44f9-8e2a-0b401b50765a,USGS-05584500,4e85023a-d1c1-8918-e053-0100007f9aca,508,1998-10-15T16:10:00+00:00,Imported Channel 1,44.0,ft^3/s,36.0,ft,38.4,ft^2,1.15,ft/s,,,Unspecified,Unspecified,Unspecified,Unspecified,Unspecified,Unknown,Wading,2026-06-28T02:18:01.635513+00:00,point_velocity,Unspecified
05584500,POINT (-90.8961944444444 40.3315277777778),c013011a-7746-40ba-ab36-941db05a4695,USGS-05584500,4e84e100-dd5d-7626-e053-0100007fbc01,345,1978-05-16T06:00:00+00:00,Imported Channel 1,1960,ft^3/s,,,,,,,,ft,Unspecified,Unspecified,Unspecified,Unspecified,Unspecified,Unknown,Unspecified,2026-06-28T02:18:01.635513+00:00,other_method,Unspecified
05584500,POINT (-90.8961944444444 40.3315277777778),c10dc498-f496-42f4-b978-4df12d467315,USGS-05584500,4e84d03a-1d1c-6c72-e053-0100007fef9b,316,1975-10-07T06:00:00+00:00,Imported Channel 1,13.0,ft^3/s,,,,,,,,ft,Unspecified,Unspecified,Unspecified,Unspecified,Unspecified,Unknown,Unspecified,2026-06-28T02:18:01.635513+00:00,other_method,Unspecified
05584500,POINT (-90.8961944444444 40.3315277777778),c1535902-88b2-4bcc-94fb-fb99dba46b51,USGS-05584500,4e84e47b-8884-78ca-e053-0100007f0ba4,244,1967-11-03T06:00:00+00:00,Imported Channel 1,1940,ft^3/s,,,,,,,,ft,Unspecified,Unspecified,Unspecified,Unspecified,Unspecified,Unknown,Unspecified,2026-06-28T02:18:01.635513+00:00,other_method,Unspecified
05584500,POINT (-90.8961944444444 40.3315277777778),c1e70cf4-cce7-41c8-976c-b6b32df74367,USGS-05584500,4e84e4e7-b050-7874-e053-0100007fb3e4,385,1982-12-08T06:00:00+00:00,Imported Channel 1,1770,ft^3/s,,,,,,,,ft,Unspecified,Unspecified,Unspecified,Unspecified,Unspecified,Unknown,Unspecified,2026-06-28T02:18:01.635513+00:00,other_method,Unspecified
05584500,POINT (-90.8961944444444 40.3315277777778),c23ebb54-6dae-47d7-8030-8dde8575a188,USGS-05584500,4e84e51d-7671-78e2-e053-0100007f7c8b,259,1969-04-02T06:00:00+00:00,Imported Channel 1,489,ft^3/s,,,,,,,,ft,Unspecified,Unspecified,Unspecified,Unspecified,Unspecified,Unknown,Unspecified,2026-06-28T02:18:01.635513+00:00,other_method,Unspecified
05584500,POINT (-90.8961944444444 40.3315277777778),c2419493-afea-411f-a975-5c04566a3632,USGS-05584500,4e84f293-6a8a-802a-e053-0100007fc3ad,315,1975-08-12T06:00:00+00:00,Imported Channel 1,13.1,ft^3/s,,,,,,,,ft,Unspecified,Unspecified,Unspecified,Unspecified,Unspecified,Unknown,Unspecified,2026-06-28T02:18:01.635513+00:00,other_method,Unspecified
05584500,POINT (-90.8961944444444 40.3315277777778),c2c20a62-1955-4c67-8c56-0bf1e5e89381,USGS-05584500,4e84f231-9852-7da5-e053-0100007f8549,422,1987-07-29T06:00:00+00:00,Imported Channel 1,3.92,ft^3/s,14.0,ft,3.89,ft^2,1.01,ft/s,,,Unspecified,Unspecified,Unspecified,Unspecified,Unspecified,Unknown,Wading,2026-06-28T02:18:01.635513+00:00,point_velocity,Unspecified
05584500,POINT (-90.8961944444444 40.3315277777778),c33bb656-b3f4-4527-bd7c-1eb00cf026dc,USGS-05584500,4e84e5c9-30f2-78cc-e053-0100007f12ec,474,1993-12-08T16:30:00+00:00,Imported Channel 1,440,ft^3/s,73.0,ft,444,ft^2,0.99,ft/s,,,Unspecified,Unspecified,Unspecified,Unspecified,Unspecified,Unknown,BridgeCrane,2026-06-28T02:18:01.635513+00:00,point_velocity,Unspecified
05584500,POINT (-90.8961944444444 40.3315277777778),c36eb200-7a67-4a11-9d00-3bb1c6e891a0,USGS-05584500,4e850981-a7ec-8d92-e053-0100007f5242,592,2011-09-14T16:16:00+00:00,Imported Channel 1,11.8,ft^3/s,47.5,ft,15.6,ft^2,0.77,ft/s,,,Unspecified,Unspecified,Unspecified,Unspecified,Unspecified,Unknown,Wading,2026-06-28T02:18:01.635513+00:00,point_velocity,Unspecified
05584500,POINT (-90.8961944444444 40.3315277777778),c521e75f-3819-4f36-bfca-fbd2627ba949,USGS-05584500,4e84f381-7694-80aa-e053-0100007f2bc8,456,1991-06-20T17:50:00+00:00,Imported Channel 1,104,ft^3/s,38.0,ft,68.1,ft^2,1.53,ft/s,,,Unspecified,Unspecified,Unspecified,Unspecified,Unspecified,Unknown,Wading,2026-06-28T02:18:01.635513+00:00,point_velocity,Unspecified
05584500,POINT (-90.8961944444444 40.3315277777778),c5a5db11-9251-43a9-9736-814f4ecb4b33,USGS-05584500,4e84de42-9460-73d2-e053-0100007f1552,281,1971-08-12T06:00:00+00:00,Imported Channel 1,16.6,ft^3/s,,,,,,,,ft,Unspecified,Unspecified,Unspecified,Unspecified,Unspecified,Unknown,Unspecified,2026-06-28T02:18:01.635513+00:00,other_method,Unspecified
05584500,POINT (-90.8961944444444 40.3315277777778),c621156c-a8d2-4261-ace4-80163276496d,USGS-05584500,4e84ed04-253f-7d9f-e053-0100007ff2b1,510,1999-01-12T19:13:00+00:00,Imported Channel 1,149,ft^3/s,69.0,ft,233,ft^2,0.64,ft/s,,,Unspecified,Unspecified,Unspecified,Unspecified,Unspecified,Unknown,Wading,2026-06-28T02:18:01.635513+00:00,point_velocity,Unspecified
05584500,POINT (-90.8961944444444 40.3315277777778),c6dda3ee-f723-4c94-a784-b326a1f81792,USGS-05584500,4e850453-b103-8abb-e053-0100007fe6d5,523,2001-01-04T17:53:00+00:00,Imported Channel 1,42.5,ft^3/s,36.0,ft,47.3,ft^2,0.90,ft/s,,,Unspecified,Unspecified,Unspecified,Unspecified,Unspecified,Unknown,Ice,2026-06-28T02:18:01.635513+00:00,point_velocity,Unspecified
05584500,POINT (-90.8961944444444 40.3315277777778),c7bf69b1-6498-4d58-977f-55c90f46e58f,USGS-05584500,4e84f028-e924-7db5-e053-0100007fe7f7,255,1968-12-10T06:00:00+00:00,Imported Channel 1,60.6,ft^3/s,,,,,,,,ft,Unspecified,Unspecified,Unspecified,Unspecified,Unspecified,Unknown,Unspecified,2026-06-28T02:18:01.635513+00:00,other_method,Unspecified
05584500,POINT (-90.8961944444444 40.3315277777778),c864679d-9dc5-4685-8d1c-42869ae135cd,USGS-05584500,4e84e462-3b11-78ae-e053-0100007f525d,262,1969-08-05T06:00:00+00:00,Imported Channel 1,57.2,ft^3/s,,,,,,,,ft,Unspecified,Unspecified,Unspecified,Unspecified,Unspecified,Unknown,Unspecified,2026-06-28T02:18:01.635513+00:00,other_method,Unspecified
05584500,POINT (-90.8961944444444 40.3315277777778),c8dc378d-1a40-4fc6-8ba5-0a80b9380341,USGS-05584500,4e84ebf0-c6a9-7d12-e053-0100007f289a,253,1968-10-08T06:00:00+00:00,Imported Channel 1,5.97,ft^3/s,,,,,,,,ft,Unspecified,Unspecified,Unspecified,Unspecified,Unspecified,Unknown,Unspecified,2026-06-28T02:18:01.635513+00:00,other_method,Unspecified
05584500,POINT (-90.8961944444444 40.3315277777778),c923be45-c366-4f47-8688-6c5bef27756e,USGS-05584500,4e850732-f995-8c37-e053-0100007fcc2d,613,2014-12-02T13:55:48+00:00,MAIN,46.7,ft^3/s,57.3,ft,235,ft^2,0.20,ft/s,,ft,Soft,Sand,Even,Even,Uniform,Unknown,BridgeDownstreamSide,2026-06-28T02:18:01.635513+00:00,adcp,AtTheGage
05584500,POINT (-90.8961944444444 40.3315277777778),c98b2f16-3f3a-43ba-bbba-89be8c51c26e,USGS-05584500,4e85104c-0f6b-9196-e053-0100007f56b9,612,2014-10-22T13:13:31+00:00,MAIN,367,ft^3/s,74.4,ft,385,ft^2,0.95,ft/s,,ft,Soft,SiltMud,Even,Even,Uniform,Unknown,BridgeDownstreamSide,2026-06-28T02:18:01.635513+00:00,adcp,AtTheGage
05584500,POINT (-90.8961944444444 40.3315277777778),ca1e9f28-1ddf-4942-99a1-133ce4e5b8e3,USGS-05584500,4e84f2ed-fdfe-7da3-e053-0100007f3823,411,1985-12-12T06:00:00+00:00,Imported Channel 1,715,ft^3/s,70.0,ft,504,ft^2,1.42,ft/s,,,Unspecified,Unspecified,Unspecified,Unspecified,Unspecified,Unknown,BridgeCrane,2026-06-28T02:18:01.635513+00:00,point_velocity,Unspecified
05584500,POINT (-90.8961944444444 40.3315277777778),ca3261bb-93f5-4e44-b10c-5f40da21823e,USGS-05584500,236a4b6f-a0ab-4987-b94c-0d32f9008fe1,663,2022-05-10T21:04:15+00:00,MAIN,566,ft^3/s,68.8,ft,287,ft^2,1.97,ft/s,0.00,ft,Soft,SiltMud,Even,Even,Uniform,Steady,BridgeDownstreamSide,2026-06-28T02:18:01.635513+00:00,adcp,AtTheGage
05584500,POINT (-90.8961944444444 40.3315277777778),caebfd44-4f6f-48ad-84bb-19ca8f960d5d,USGS-05584500,1445236e-040e-4ecb-b96f-692722dbf508,681,2024-10-31T19:16:11+00:00,MAIN,7.67,ft^3/s,28.0,ft,14.6,ft^2,0.53,ft/s,200.00,ft,Firm,Sand,Even,Unspecified,Unspecified,Unspecified,Wading,2026-06-28T02:18:01.635513+00:00,point_velocity,Upstream
05584500,POINT (-90.8961944444444 40.3315277777778),cb2b9548-5b1a-4a38-9a7f-580c9cec03f8,USGS-05584500,4e850460-988d-8958-e053-0100007f0039,583,2010-05-11T20:54:00+00:00,Imported Channel 1,2740,ft^3/s,118,ft,1250,ft^2,2.19,ft/s,,ft,Unspecified,Unspecified,Unspecified,Unspecified,Unspecified,Unknown,BridgeDownstreamSide,2026-06-28T02:18:01.635513+00:00,adcp,Unspecified
05584500,POINT (-90.8961944444444 40.3315277777778),cbbd52ba-86d4-48d4-ba63-bae5c994e5f6,USGS-05584500,4e8503ef-3712-8966-e053-0100007ff6bb,503,1998-01-29T14:20:00+00:00,Imported Channel 1,274,ft^3/s,65.0,ft,389,ft^2,0.70,ft/s,,,Unspecified,Unspecified,Unspecified,Unspecified,Unspecified,Unknown,Wading,2026-06-28T02:18:01.635513+00:00,point_velocity,Unspecified
05584500,POINT (-90.8961944444444 40.3315277777778),cc51abc9-d3b6-42b8-961b-dff6dd08c6a4,USGS-05584500,4e8507c9-ab40-8aaf-e053-0100007fee08,511,1999-03-03T15:00:00+00:00,Imported Channel 1,324,ft^3/s,63.0,ft,244,ft^2,1.33,ft/s,,,Unspecified,Unspecified,Unspecified,Unspecified,Unspecified,Unknown,BridgeCrane,2026-06-28T02:18:01.635513+00:00,point_velocity,Unspecified
05584500,POINT (-90.8961944444444 40.3315277777778),cc5f6385-aa5e-4203-846e-7d97dd254238,USGS-05584500,4e850794-ecc6-8c3b-e053-0100007fe02b,549,2004-05-25T20:38:00+00:00,Imported Channel 1,4600,ft^3/s,169,ft,2110,ft^2,2.18,ft/s,,,Unspecified,Unspecified,Unspecified,Unspecified,Unspecified,Unknown,BridgeCrane,2026-06-28T02:18:01.635513+00:00,point_velocity,Unspecified
05584500,POINT (-90.8961944444444 40.3315277777778),cc7581b1-e785-4fc0-8369-aaee0923f8ac,USGS-05584500,bf382d0a-1f81-48f8-956a-252343036031,685,2025-05-21T14:24:43+00:00,MAIN,1430,ft^3/s,93.4,ft,740,ft^2,1.94,ft/s,0.00,ft,Unspecified,Unspecified,Even,Unspecified,Standard,Steady,BridgeDownstreamSide,2026-06-28T02:18:01.635513+00:00,adcp,AtTheGage
05584500,POINT (-90.8961944444444 40.3315277777778),cc7ef872-51e6-4acc-a818-871e09b74ec7,USGS-05584500,4e84e462-3b12-78ae-e053-0100007f525d,263,1969-09-22T06:00:00+00:00,Imported Channel 1,28.8,ft^3/s,,,,,,,,ft,Unspecified,Unspecified,Unspecified,Unspecified,Unspecified,Unknown,Unspecified,2026-06-28T02:18:01.635513+00:00,other_method,Unspecified
05584500,POINT (-90.8961944444444 40.3315277777778),ce200a62-3926-4bbe-89a9-c35f7b4052b3,USGS-05584500,4e84f473-6686-80bd-e053-0100007f77ec,337,1977-09-20T06:00:00+00:00,Imported Channel 1,641,ft^3/s,,,,,,,,ft,Unspecified,Unspecified,Unspecified,Unspecified,Unspecified,Unknown,Unspecified,2026-06-28T02:18:01.635513+00:00,other_method,Unspecified
05584500,POINT (-90.8961944444444 40.3315277777778),cea364ea-4f9f-4eeb-b05e-ab278307f7bf,USGS-05584500,4e851423-e774-9319-e053-0100007f5ede,619,2015-08-18T17:47:22+00:00,MAIN,157,ft^3/s,60.4,ft,221,ft^2,0.71,ft/s,,ft,Soft,SiltMud,Even,Even,Uniform,Unknown,BridgeDownstreamSide,2026-06-28T02:18:01.635513+00:00,adcp,AtTheGage
05584500,POINT (-90.8961944444444 40.3315277777778),ceeac522-4bef-4800-b649-38cd0cd10212,USGS-05584500,4e84f660-425f-81fe-e053-0100007f8a00,542,2003-07-01T18:07:00+00:00,Imported Channel 1,146,ft^3/s,73.0,ft,145,ft^2,1.01,ft/s,,,Unspecified,Unspecified,Unspecified,Unspecified,Unspecified,Unknown,Wading,2026-06-28T02:18:01.635513+00:00,point_velocity,Unspecified
05584500,POINT (-90.8961944444444 40.3315277777778),cf340f87-72be-44b1-b8e7-9617d1b84f1b,USGS-05584500,4e84ee4f-f685-7e51-e053-0100007fd14a,395,1984-03-06T06:00:00+00:00,Imported Channel 1,226,ft^3/s,,,,,,,,ft,Unspecified,Unspecified,Unspecified,Unspecified,Unspecified,Unknown,Unspecified,2026-06-28T02:18:01.635513+00:00,other_method,Unspecified
05584500,POINT (-90.8961944444444 40.3315277777778),d04f59c8-2bc7-4163-a2e3-e1742787aa93,USGS-05584500,4e84e94e-775e-76b4-e053-0100007f1f73,277,1971-04-06T06:00:00+00:00,Imported Channel 1,160,ft^3/s,,,,,,,,ft,Unspecified,Unspecified,Unspecified,Unspecified,Unspecified,Unknown,Unspecified,2026-06-28T02:18:01.635513+00:00,other_method,Unspecified
05584500,POINT (-90.8961944444444 40.3315277777778),d0b8bdad-0c2b-45e3-bb76-0631dc670978,USGS-05584500,4e84e100-dd60-7626-e053-0100007fbc01,415,1986-09-03T06:00:00+00:00,Imported Channel 1,15.1,ft^3/s,38.0,ft,40.7,ft^2,0.37,ft/s,,,Unspecified,Unspecified,Unspecified,Unspecified,Unspecified,Unknown,Wading,2026-06-28T02:18:01.635513+00:00,point_velocity,Unspecified
05584500,POINT (-90.8961944444444 40.3315277777778),d0cdb8d1-9873-4b9a-9622-6ba88c6e9883,USGS-05584500,4e84fc7c-3b30-8587-e053-0100007f5fca,453,1990-11-14T18:30:00+00:00,Imported Channel 1,26.6,ft^3/s,38.0,ft,52.2,ft^2,0.51,ft/s,,,Unspecified,Unspecified,Unspecified,Unspecified,Unspecified,Unknown,Wading,2026-06-28T02:18:01.635513+00:00,point_velocity,Unspecified
05584500,POINT (-90.8961944444444 40.3315277777778),d1277fd6-d16e-4fb3-9405-b22b1027dc26,USGS-05584500,4e84ee40-748a-7e58-e053-0100007f914f,546,2004-02-11T16:56:00+00:00,Imported Channel 1,125,ft^3/s,73.0,ft,158,ft^2,0.79,ft/s,,,Unspecified,Unspecified,Unspecified,Unspecified,Unspecified,Unknown,Ice,2026-06-28T02:18:01.635513+00:00,point_velocity,Unspecified
05584500,POINT (-90.8961944444444 40.3315277777778),d159f929-bba7-48e1-9090-b6d9a961eb67,USGS-05584500,5219059f-92ba-4d09-e053-0100007f3045,630,2017-05-04T17:49:22+00:00,MAIN,1690,ft^3/s,89.6,ft,901,ft^2,1.88,ft/s,0.00,ft,Soft,SiltMud,Even,Even,Uniform,Unknown,BridgeDownstreamSide,2026-06-28T02:18:01.635513+00:00,adcp,AtTheGage
05584500,POINT (-90.8961944444444 40.3315277777778),d2187872-1a7b-4648-8384-a7cd8e9ae812,USGS-05584500,4e84e4ce-d9ec-78f6-e053-0100007f0d90,348,1978-08-24T06:00:00+00:00,Imported Channel 1,14.5,ft^3/s,,,,,,,,ft,Unspecified,Unspecified,Unspecified,Unspecified,Unspecified,Unknown,Unspecified,2026-06-28T02:18:01.635513+00:00,other_method,Unspecified
05584500,POINT (-90.8961944444444 40.3315277777778),d26ae38a-2658-47ba-9e9b-1df12ee2a26d,USGS-05584500,4e84e668-a566-7896-e053-0100007f3dec,338,1977-11-02T06:00:00+00:00,Imported Channel 1,9000,ft^3/s,,,,,,,,ft,Unspecified,Unspecified,Unspecified,Unspecified,Unspecified,Unknown,Unspecified,2026-06-28T02:18:01.635513+00:00,other_method,Unspecified
05584500,POINT (-90.8961944444444 40.3315277777778),d3806df4-88a5-4c9a-9dba-5314e92b1f61,USGS-05584500,4e8503f9-f11d-8954-e053-0100007f3b54,557,2005-10-04T19:30:00+00:00,Imported Channel 1,15.1,ft^3/s,32.0,ft,16.6,ft^2,0.91,ft/s,,,Unspecified,Unspecified,Unspecified,Unspecified,Unspecified,Unknown,Wading,2026-06-28T02:18:01.635513+00:00,point_velocity,Unspecified
05584500,POINT (-90.8961944444444 40.3315277777778),d42720ef-80c7-4634-a449-6ebbd8e79791,USGS-05584500,4e84ec8e-67cb-7d46-e053-0100007f1e4f,321,1976-04-26T06:00:00+00:00,Imported Channel 1,10500,ft^3/s,,,,,,,,ft,Unspecified,Unspecified,Unspecified,Unspecified,Unspecified,Unknown,Unspecified,2026-06-28T02:18:01.635513+00:00,other_method,Unspecified
05584500,POINT (-90.8961944444444 40.3315277777778),d47c3a0a-05fe-4eef-b0ab-c6aaca1e23b4,USGS-05584500,4e84f381-7692-80aa-e053-0100007f2bc8,455,1991-05-06T15:20:00+00:00,Imported Channel 1,2630,ft^3/s,120,ft,1440,ft^2,1.82,ft/s,,,Unspecified,Unspecified,Unspecified,Unspecified,Unspecified,Unknown,BridgeCrane,2026-06-28T02:18:01.635513+00:00,point_velocity,Unspecified
05584500,POINT (-90.8961944444444 40.3315277777778),d4ba3d17-5163-485b-917b-2aa04a79de16,USGS-05584500,4e84ee40-7458-7e58-e053-0100007f914f,278,1971-04-26T06:00:00+00:00,Imported Channel 1,92.8,ft^3/s,,,,,,,,ft,Unspecified,Unspecified,Unspecified,Unspecified,Unspecified,Unknown,Unspecified,2026-06-28T02:18:01.635513+00:00,other_method,Unspecified
05584500,POINT (-90.8961944444444 40.3315277777778),d60cedd8-f03d-4f7a-b92c-48a03ab6a174,USGS-05584500,4e84f6b8-440a-828c-e053-0100007f7dd2,406,1985-05-16T06:00:00+00:00,Imported Channel 1,1190,ft^3/s,94.0,ft,745,ft^2,1.60,ft/s,,,Unspecified,Unspecified,Unspecified,Unspecified,Unspecified,Unknown,BridgeCrane,2026-06-28T02:18:01.635513+00:00,point_velocity,Unspecified
05584500,POINT (-90.8961944444444 40.3315277777778),d6b014bf-faaa-43a9-80a4-a75802f728c4,USGS-05584500,4e84e668-a56f-7896-e053-0100007f3dec,405,1985-04-04T06:00:00+00:00,Imported Channel 1,403,ft^3/s,70.0,ft,365,ft^2,1.10,ft/s,,,Unspecified,Unspecified,Unspecified,Unspecified,Unspecified,Unknown,BridgeCrane,2026-06-28T02:18:01.635513+00:00,point_velocity,Unspecified
05584500,POINT (-90.8961944444444 40.3315277777778),d76244fa-1ed0-4608-95ec-2efa1cd2ead5,USGS-05584500,4e850432-3cda-8abd-e053-0100007ff623,525,2001-04-03T12:45:00+00:00,Imported Channel 1,281,ft^3/s,62.0,ft,202,ft^2,1.40,ft/s,,,Unspecified,Unspecified,Unspecified,Unspecified,Unspecified,Unknown,BridgeCrane,2026-06-28T02:18:01.635513+00:00,point_velocity,Unspecified
05584500,POINT (-90.8961944444444 40.3315277777778),d7fc4342-bd9d-499c-8226-c3b1c113bfad,USGS-05584500,53fc1221-0f85-0051-e053-0100007fd6ef,631,2017-07-05T16:35:48+00:00,MAIN,55.6,ft^3/s,48.6,ft,158,ft^2,0.35,ft/s,0.00,ft,Soft,SiltMud,Even,Even,Uniform,Steady,BridgeDownstreamSide,2026-06-28T02:18:01.635513+00:00,adcp,AtTheGage
05584500,POINT (-90.8961944444444 40.3315277777778),d827a2d1-4b26-4478-af73-b7c956e52198,USGS-05584500,4e84ddf3-b61b-7510-e053-0100007fe2f1,332,1977-05-06T06:00:00+00:00,Imported Channel 1,2400,ft^3/s,,,,,,,,ft,Unspecified,Unspecified,Unspecified,Unspecified,Unspecified,Unknown,Unspecified,2026-06-28T02:18:01.635513+00:00,other_method,Unspecified
05584500,POINT (-90.8961944444444 40.3315277777778),d8a09d95-c5c2-4ca8-92c6-63c69369c301,USGS-05584500,4e84dc74-0c7b-7328-e053-0100007f94fc,311,1975-01-08T06:00:00+00:00,Imported Channel 1,338,ft^3/s,,,,,,,,ft,Unspecified,Unspecified,Unspecified,Unspecified,Unspecified,Unknown,Unspecified,2026-06-28T02:18:01.635513+00:00,other_method,Unspecified
05584500,POINT (-90.8961944444444 40.3315277777778),d8b0234b-bd73-494d-8eeb-4c34ecc68aef,USGS-05584500,4e850861-2f7a-8cf1-e053-0100007fc625,588,2011-02-23T15:02:00+00:00,Imported Channel 1,852,ft^3/s,86.9,ft,592,ft^2,1.44,ft/s,,ft,Unspecified,Unspecified,Unspecified,Unspecified,Unspecified,Unknown,BridgeDownstreamSide,2026-06-28T02:18:01.635513+00:00,adcp,Unspecified
05584500,POINT (-90.8961944444444 40.3315277777778),d8dd7c74-2449-4c68-ab9b-09c3faf2d1b8,USGS-05584500,5ce9c545-0c87-4083-8cb8-4b496ce1189e,674,2024-02-28T15:43:46+00:00,MAIN,126,ft^3/s,51.4,ft,92.3,ft^2,1.37,ft/s,0.00,ft,Firm,Sand,Even,Unspecified,Unspecified,Unspecified,BridgeDownstreamSide,2026-06-28T02:18:01.635513+00:00,adcp,AtTheGage
05584500,POINT (-90.8961944444444 40.3315277777778),d940af22-3fbc-48da-8e18-dd3f41e6377d,USGS-05584500,4e84e449-df07-78b2-e053-0100007f74ce,361,1980-04-29T06:00:00+00:00,Imported Channel 1,82.3,ft^3/s,,,,,,,,ft,Unspecified,Unspecified,Unspecified,Unspecified,Unspecified,Unknown,Unspecified,2026-06-28T02:18:01.635513+00:00,other_method,Unspecified
05584500,POINT (-90.8961944444444 40.3315277777778),d94eeeb8-ddf8-4a32-aa40-bf98389d73e1,USGS-05584500,8d815832-81c6-738a-e053-0100007f060d,645,2019-07-10T23:12:48+00:00,Main,267,ft^3/s,71.1,ft,239,ft^2,1.12,ft/s,0.00,ft,Unspecified,Unspecified,Unspecified,Even,Unspecified,Unspecified,BridgeDownstreamSide,2026-06-28T02:18:01.635513+00:00,adcp,AtTheGage
05584500,POINT (-90.8961944444444 40.3315277777778),d95beccf-0a55-4f3c-9a28-89da9538774e,USGS-05584500,5cdbb494-e1a0-ebdd-e053-0100007fdf1e,633,2017-10-25T22:14:36+00:00,MAIN,36.3,ft^3/s,56.9,ft,142,ft^2,0.26,ft/s,0.00,ft,Soft,SiltMud,Even,Even,Uniform,Steady,BridgeUpstreamSide,2026-06-28T02:18:01.635513+00:00,adcp,AtTheGage
05584500,POINT (-90.8961944444444 40.3315277777778),d9c1b51e-9a8b-417c-902d-503b7cd5ab04,USGS-05584500,4e84e7a6-707d-7a8f-e053-0100007f5a34,331,1977-04-12T06:00:00+00:00,Imported Channel 1,44.1,ft^3/s,,,,,,,,ft,Unspecified,Unspecified,Unspecified,Unspecified,Unspecified,Unknown,Unspecified,2026-06-28T02:18:01.635513+00:00,other_method,Unspecified
05584500,POINT (-90.8961944444444 40.3315277777778),d9f596ca-4ee6-4c5b-83a6-adfb4bb8e1b8,USGS-05584500,4e84e668-a56e-7896-e053-0100007f3dec,394,1984-01-25T06:00:00+00:00,Imported Channel 1,82.0,ft^3/s,61.0,ft,229,ft^2,0.36,ft/s,,,Unspecified,Unspecified,Unspecified,Unspecified,Unspecified,Unknown,Ice,2026-06-28T02:18:01.635513+00:00,point_velocity,Unspecified
05584500,POINT (-90.8961944444444 40.3315277777778),db5f41e9-f4aa-4c50-81b9-99fe163676fa,USGS-05584500,4e84f293-6a89-802a-e053-0100007fc3ad,313,1975-05-16T06:00:00+00:00,Imported Channel 1,240,ft^3/s,,,,,,,,ft,Unspecified,Unspecified,Unspecified,Unspecified,Unspecified,Unknown,Unspecified,2026-06-28T02:18:01.635513+00:00,other_method,Unspecified
05584500,POINT (-90.8961944444444 40.3315277777778),dbcb7c76-5b1b-4fdc-ae2a-ae1da797c883,USGS-05584500,4e85094f-bf3e-8d52-e053-0100007fb032,584,2010-06-29T20:08:00+00:00,Imported Channel 1,1010,ft^3/s,91.0,ft,728,ft^2,1.39,ft/s,,ft,Firm,SiltMud,Uneven,Unspecified,Unspecified,Unknown,BridgeDownstreamSide,2026-06-28T02:18:01.635513+00:00,adcp,Unspecified
05584500,POINT (-90.8961944444444 40.3315277777778),dbf226f8-9719-4117-b936-e46fd9210bc0,USGS-05584500,201fdd10-a9bb-4826-a342-4059182e13d9,673,2024-01-10T15:25:18+00:00,Main,35.6,ft^3/s,42.5,ft,41.5,ft^2,0.86,ft/s,,,Firm,Sand,Even,Unspecified,Unspecified,Unspecified,Wading,2026-06-28T02:18:01.635513+00:00,point_velocity,Unspecified
05584500,POINT (-90.8961944444444 40.3315277777778),dc7b8e45-6f3f-48df-b953-f519ddb8d760,USGS-05584500,4e850acb-a4f2-8d54-e053-0100007f2ebe,610,2014-06-12T21:16:02+00:00,Main,697,ft^3/s,83.5,ft,566,ft^2,1.23,ft/s,,ft,Unspecified,Unspecified,Unspecified,Unspecified,Unspecified,Unknown,BridgeDownstreamSide,2026-06-28T02:18:01.635513+00:00,adcp,AtTheGage
05584500,POINT (-90.8961944444444 40.3315277777778),dcc40e3f-57f6-4a89-a8a5-1752888b730a,USGS-05584500,4e84e0d0-7a9b-73d4-e053-0100007f1e94,282,1971-09-08T06:00:00+00:00,Imported Channel 1,98.6,ft^3/s,,,,,,,,ft,Unspecified,Unspecified,Unspecified,Unspecified,Unspecified,Unknown,Unspecified,2026-06-28T02:18:01.635513+00:00,other_method,Unspecified
05584500,POINT (-90.8961944444444 40.3315277777778),dcc4e7a5-9736-45b3-a6ee-64aae1959f70,USGS-05584500,c6218a93-83e1-4163-ba73-a118517deb20,657,2021-05-11T20:31:14+00:00,MAIN,1630,ft^3/s,90.0,ft,774,ft^2,2.11,ft/s,0.00,ft,Soft,SiltMud,Even,Even,Uniform,Steady,BridgeDownstreamSide,2026-06-28T02:18:01.635513+00:00,adcp,AtTheGage
05584500,POINT (-90.8961944444444 40.3315277777778),dce378bf-1088-4196-950d-c849c6989a11,USGS-05584500,4e84ee40-7457-7e58-e053-0100007f914f,276,1971-03-16T06:00:00+00:00,Imported Channel 1,1560,ft^3/s,,,,,,,,ft,Unspecified,Unspecified,Unspecified,Unspecified,Unspecified,Unknown,Unspecified,2026-06-28T02:18:01.635513+00:00,other_method,Unspecified
05584500,POINT (-90.8961944444444 40.3315277777778),dce3a410-a684-4730-9857-f4025d3c87d9,USGS-05584500,4e84e156-9654-76d8-e053-0100007fc298,430,1988-06-02T22:00:00+00:00,Imported Channel 1,29.7,ft^3/s,23.0,ft,33.2,ft^2,0.89,ft/s,,,Unspecified,Unspecified,Unspecified,Unspecified,Unspecified,Unknown,Wading,2026-06-28T02:18:01.635513+00:00,point_velocity,Unspecified
05584500,POINT (-90.8961944444444 40.3315277777778),dcf721bb-4274-43ca-9e53-04c82118a102,USGS-05584500,4e84f06f-4c99-7f15-e053-0100007fcd29,484,1995-10-04T14:30:00+00:00,Imported Channel 1,95.9,ft^3/s,52.0,ft,205,ft^2,0.47,ft/s,,,Unspecified,Unspecified,Unspecified,Unspecified,Unspecified,Unknown,BridgeCrane,2026-06-28T02:18:01.635513+00:00,point_velocity,Unspecified
05584500,POINT (-90.8961944444444 40.3315277777778),dd73e92e-5350-4815-9358-bca889e8e912,USGS-05584500,4e84f35b-6d2b-80b9-e053-0100007fa044,449,1990-05-10T15:30:00+00:00,Imported Channel 1,2780,ft^3/s,109,ft,1430,ft^2,1.94,ft/s,,,Unspecified,Unspecified,Unspecified,Unspecified,Unspecified,Unknown,BridgeCrane,2026-06-28T02:18:01.635513+00:00,point_velocity,Unspecified
05584500,POINT (-90.8961944444444 40.3315277777778),df0ed6e7-8ba5-4585-81ca-c9d47c7d5734,USGS-05584500,4e84fb46-3e8e-8579-e053-0100007fcd7c,504,1998-03-12T14:45:00+00:00,Imported Channel 1,1270,ft^3/s,105,ft,737,ft^2,1.72,ft/s,,,Unspecified,Unspecified,Unspecified,Unspecified,Unspecified,Unknown,BridgeCrane,2026-06-28T02:18:01.635513+00:00,point_velocity,Unspecified
05584500,POINT (-90.8961944444444 40.3315277777778),df24cc25-6da4-4390-80e9-60328e162ce2,USGS-05584500,4e850794-eccd-8c3b-e053-0100007fe02b,600,2012-10-10T16:26:00+00:00,colmar .,3.40,ft^3/s,32.5,ft,21.8,ft^2,0.16,ft/s,300.00,ft,Firm,SiltMud,Unspecified,Unspecified,Unspecified,Unknown,Wading,2026-06-28T02:18:01.635513+00:00,point_velocity,Downstream
05584500,POINT (-90.8961944444444 40.3315277777778),df253528-079e-4e3f-916a-0bd10707a17e,USGS-05584500,4e84ed64-6288-7cf8-e053-0100007f04e6,384,1982-10-28T06:00:00+00:00,Imported Channel 1,112,ft^3/s,,,,,,,,ft,Unspecified,Unspecified,Unspecified,Unspecified,Unspecified,Unknown,Unspecified,2026-06-28T02:18:01.635513+00:00,other_method,Unspecified
05584500,POINT (-90.8961944444444 40.3315277777778),df66c03a-9780-4fb9-af16-cb8bcaf51bc9,USGS-05584500,4e84ecd8-59c0-7d42-e053-0100007ff819,407,1985-06-27T06:00:00+00:00,Imported Channel 1,58.2,ft^3/s,55.0,ft,189,ft^2,0.31,ft/s,,,Unspecified,Unspecified,Unspecified,Unspecified,Unspecified,Unknown,BridgeCrane,2026-06-28T02:18:01.635513+00:00,point_velocity,Unspecified
05584500,POINT (-90.8961944444444 40.3315277777778),df8854a5-b46f-441b-9ed7-02ede71db4db,USGS-05584500,4e85094f-bf2a-8d52-e053-0100007fb032,517,2000-01-26T18:45:00+00:00,Imported Channel 1,43.4,ft^3/s,41.0,ft,42.4,ft^2,1.02,ft/s,,,Unspecified,Unspecified,Unspecified,Unspecified,Unspecified,Unknown,Wading,2026-06-28T02:18:01.635513+00:00,point_velocity,Unspecified
05584500,POINT (-90.8961944444444 40.3315277777778),df8e56a2-5184-41fb-8ce8-950fcc9b8a85,USGS-05584500,4e84f9da-9629-8511-e053-0100007f9139,458,1991-10-07T20:50:00+00:00,Imported Channel 1,180,ft^3/s,55.0,ft,220,ft^2,0.82,ft/s,,,Unspecified,Unspecified,Unspecified,Unspecified,Unspecified,Unknown,BridgeCrane,2026-06-28T02:18:01.635513+00:00,point_velocity,Unspecified
05584500,POINT (-90.8961944444444 40.3315277777778),e0528f55-6594-447d-aafb-bd3ca7a14c4b,USGS-05584500,4e84ecc9-3e1e-7d9b-e053-0100007fd157,429,1988-05-10T20:15:00+00:00,Imported Channel 1,136,ft^3/s,56.0,ft,234,ft^2,0.58,ft/s,,,Unspecified,Unspecified,Unspecified,Unspecified,Unspecified,Unknown,BridgeCrane,2026-06-28T02:18:01.635513+00:00,point_velocity,Unspecified
05584500,POINT (-90.8961944444444 40.3315277777778),e0881dc3-8943-4d85-ac6e-99585a41d909,USGS-05584500,884f225a-47bf-87ed-e053-0100007f76a5,644,2019-05-01T21:08:36+00:00,MAIN,4980,ft^3/s,423,ft,2060,ft^2,2.42,ft/s,0.00,ft,Soft,SiltMud,Even,Even,Uniform,Steady,BridgeDownstreamSide,2026-06-28T02:18:01.635513+00:00,adcp,AtTheGage
05584500,POINT (-90.8961944444444 40.3315277777778),e099c7a6-fd5f-41ed-a55e-86d0b6ae45b0,USGS-05584500,769e2ce1-1aa5-80e1-e053-0100007fccd9,640,2018-09-19T18:02:12+00:00,MAIN,320,ft^3/s,64.6,ft,250,ft^2,1.28,ft/s,0.00,ft,Soft,SiltMud,Even,Even,Uniform,Steady,BridgeDownstreamSide,2026-06-28T02:18:01.635513+00:00,adcp,AtTheGage
05584500,POINT (-90.8961944444444 40.3315277777778),e0b6dae6-7788-4beb-866a-ff27dca4bbea,USGS-05584500,4e850784-3d3c-8c4c-e053-0100007f7390,563,2006-12-20T20:18:00+00:00,Imported Channel 1,61.5,ft^3/s,46.0,ft,46.9,ft^2,1.31,ft/s,,,Unspecified,Unspecified,Unspecified,Unspecified,Unspecified,Unknown,Wading,2026-06-28T02:18:01.635513+00:00,point_velocity,Unspecified
05584500,POINT (-90.8961944444444 40.3315277777778),e1b310f8-4697-4c6b-ab04-97bf084403d5,USGS-05584500,4e84e503-a78b-78ea-e053-0100007fc111,325,1976-08-03T06:00:00+00:00,Imported Channel 1,13.4,ft^3/s,,,,,,,,ft,Unspecified,Unspecified,Unspecified,Unspecified,Unspecified,Unknown,Unspecified,2026-06-28T02:18:01.635513+00:00,other_method,Unspecified
05584500,POINT (-90.8961944444444 40.3315277777778),e357ae5b-d47d-412a-8a84-1d25944ca3ed,USGS-05584500,4e84ebf0-c6af-7d12-e053-0100007f289a,274,1970-12-15T06:00:00+00:00,Imported Channel 1,338,ft^3/s,,,,,,,,ft,Unspecified,Unspecified,Unspecified,Unspecified,Unspecified,Unknown,Unspecified,2026-06-28T02:18:01.635513+00:00,other_method,Unspecified
05584500,POINT (-90.8961944444444 40.3315277777778),e3a9ec6f-4dc6-4801-9d8c-1588d5053481,USGS-05584500,4e851070-210d-91dc-e053-0100007fdb74,625,2016-07-13T14:36:39+00:00,MAIN,46.1,ft^3/s,51.4,ft,126,ft^2,0.37,ft/s,,ft,Soft,SiltMud,Even,Even,Standard,Unknown,BridgeDownstreamSide,2026-06-28T02:18:01.635513+00:00,adcp,AtTheGage
05584500,POINT (-90.8961944444444 40.3315277777778),e3bfd5e0-9bd0-422a-90b5-8185c00747de,USGS-05584500,4e84eca2-3981-7d4e-e053-0100007f523d,519,2000-05-25T13:05:00+00:00,Imported Channel 1,155,ft^3/s,59.0,ft,101,ft^2,1.53,ft/s,,,Unspecified,Unspecified,Unspecified,Unspecified,Unspecified,Unknown,Wading,2026-06-28T02:18:01.635513+00:00,point_velocity,Unspecified
05584500,POINT (-90.8961944444444 40.3315277777778),e53898f5-2ae7-414f-8b24-d85ac05c5ab4,USGS-05584500,62e8b89d-283b-30cb-e053-0100007ff99d,635,2018-01-10T19:22:53+00:00,MIAIN,15.3,ft^3/s,27.0,ft,15.8,ft^2,0.97,ft/s,5280.00,ft,Firm,CobblesBoulders,Uneven,Uneven,Uniform,Steady,Wading,2026-06-28T02:18:01.635513+00:00,point_velocity,Downstream
05584500,POINT (-90.8961944444444 40.3315277777778),e5615ae4-d18b-4421-bde5-96707a9aa2ea,USGS-05584500,4e84de42-9466-73d2-e053-0100007f1552,356,1979-09-19T06:00:00+00:00,Imported Channel 1,4.29,ft^3/s,,,,,,,,ft,Unspecified,Unspecified,Unspecified,Unspecified,Unspecified,Unknown,Unspecified,2026-06-28T02:18:01.635513+00:00,other_method,Unspecified
05584500,POINT (-90.8961944444444 40.3315277777778),e5bf38ad-ef83-4360-b096-99a3eeda3fc7,USGS-05584500,4e851000-e575-91d2-e053-0100007f7726,624,2016-05-12T17:54:30+00:00,MAIN,814,ft^3/s,80.0,ft,544,ft^2,1.50,ft/s,,,Soft,SiltMud,Even,Even,Uniform,Unknown,BridgeDownstreamSide,2026-06-28T02:18:01.635513+00:00,point_velocity,AtTheGage
05584500,POINT (-90.8961944444444 40.3315277777778),e74c7e2c-acbc-4d38-81a3-f196a097d28f,USGS-05584500,fa15c737-7f5a-4048-b2fd-4d74706f653b,649,2020-03-04T19:49:09+00:00,MAIN,354,ft^3/s,63.6,ft,248,ft^2,1.42,ft/s,0.00,ft,Soft,SiltMud,Even,Even,Uniform,Steady,BridgeDownstreamSide,2026-06-28T02:18:01.635513+00:00,adcp,AtTheGage
05584500,POINT (-90.8961944444444 40.3315277777778),e859bc99-f8b6-4e48-9cb1-e5a820a538c6,USGS-05584500,4e84eca2-3976-7d4e-e053-0100007f523d,465,1992-10-23T21:30:00+00:00,Imported Channel 1,70.1,ft^3/s,44.0,ft,68.5,ft^2,1.02,ft/s,,,Unspecified,Unspecified,Unspecified,Unspecified,Unspecified,Unknown,Wading,2026-06-28T02:18:01.635513+00:00,point_velocity,Unspecified
05584500,POINT (-90.8961944444444 40.3315277777778),e8dbaf4c-bbe8-4a78-a109-afca7c62606a,USGS-05584500,4e84e668-a561-7896-e053-0100007f3dec,319,1976-02-17T06:00:00+00:00,Imported Channel 1,1650,ft^3/s,,,,,,,,ft,Unspecified,Unspecified,Unspecified,Unspecified,Unspecified,Unknown,Unspecified,2026-06-28T02:18:01.635513+00:00,other_method,Unspecified
05584500,POINT (-90.8961944444444 40.3315277777778),eb204db5-0a6f-4278-9f86-be9ecdf77f8b,USGS-05584500,4e84ed64-62b3-7cf8-e053-0100007f04e6,554,2005-03-23T15:54:00+00:00,Imported Channel 1,257,ft^3/s,62.0,ft,259,ft^2,0.99,ft/s,,,Unspecified,Unspecified,Unspecified,Unspecified,Unspecified,Unknown,BridgeCrane,2026-06-28T02:18:01.635513+00:00,point_velocity,Unspecified
05584500,POINT (-90.8961944444444 40.3315277777778),ec235153-e0f7-4b50-904d-e53473c47740,USGS-05584500,4e84cf0a-9435-6c74-e053-0100007f4a54,447,1990-02-07T15:40:00+00:00,Imported Channel 1,12.5,ft^3/s,19.0,ft,20.5,ft^2,0.61,ft/s,,,Unspecified,Unspecified,Unspecified,Unspecified,Unspecified,Unknown,Wading,2026-06-28T02:18:01.635513+00:00,point_velocity,Unspecified
05584500,POINT (-90.8961944444444 40.3315277777778),ec56dd36-0438-4d65-bdf3-5903f1061347,USGS-05584500,4e8501e2-7a86-8916-e053-0100007f4361,602,2013-02-06T19:56:00+00:00,05584500,46.9,ft^3/s,53.0,ft,63.1,ft^2,0.74,ft/s,300.00,ft,Unspecified,SiltMud,Unspecified,Unspecified,Unspecified,Unknown,Wading,2026-06-28T02:18:01.635513+00:00,point_velocity,Downstream
05584500,POINT (-90.8961944444444 40.3315277777778),ee8d2596-808d-4c7d-bb73-564321530828,USGS-05584500,4e84f377-5202-80e1-e053-0100007fc4d9,470,1993-06-09T19:05:00+00:00,Imported Channel 1,414,ft^3/s,70.0,ft,326,ft^2,1.27,ft/s,,,Unspecified,Unspecified,Unspecified,Unspecified,Unspecified,Unknown,BridgeCrane,2026-06-28T02:18:01.635513+00:00,point_velocity,Unspecified
05584500,POINT (-90.8961944444444 40.3315277777778),efa9d9f3-cb7b-4673-a99c-ceee0a1d166d,USGS-05584500,4e84f377-aba6-8028-e053-0100007f9c8c,364,1980-08-19T06:00:00+00:00,Imported Channel 1,136,ft^3/s,45.0,ft,107,ft^2,1.27,ft/s,,,Unspecified,Unspecified,Unspecified,Unspecified,Unspecified,Unknown,Wading,2026-06-28T02:18:01.635513+00:00,point_velocity,Unspecified
05584500,POINT (-90.8961944444444 40.3315277777778),effadd0e-7fa8-49e6-ba4c-ac5005e99a21,USGS-05584500,7c09ef74-83fc-405c-9c4e-aa8fda3ea9bc,665,2022-09-13T21:25:31+00:00,MAIN,14.9,ft^3/s,35.0,ft,20.4,ft^2,0.73,ft/s,300.00,ft,Soft,SiltMud,Even,Even,Uniform,Steady,Wading,2026-06-28T02:18:01.635513+00:00,point_velocity,Upstream
05584500,POINT (-90.8961944444444 40.3315277777778),f1265753-06eb-4ca4-84df-6abecdc11173,USGS-05584500,4e850432-3cd9-8abd-e053-0100007ff623,514,1999-07-27T17:45:00+00:00,Imported Channel 1,120,ft^3/s,58.0,ft,84.4,ft^2,1.42,ft/s,,,Unspecified,Unspecified,Unspecified,Unspecified,Unspecified,Unknown,Wading,2026-06-28T02:18:01.635513+00:00,point_velocity,Unspecified
05584500,POINT (-90.8961944444444 40.3315277777778),f1909023-9893-478e-a604-1ec315019ae5,USGS-05584500,4e84cf0a-942f-6c74-e053-0100007f4a54,432,1988-08-09T20:40:00+00:00,Imported Channel 1,1.45,ft^3/s,10.0,ft,2.05,ft^2,0.71,ft/s,,,Unspecified,Unspecified,Unspecified,Unspecified,Unspecified,Unknown,Wading,2026-06-28T02:18:01.635513+00:00,point_velocity,Unspecified
05584500,POINT (-90.8961944444444 40.3315277777778),f1beeffa-6216-4612-8f3e-11ece313673f,USGS-05584500,23d4e6ee-2184-40da-9df2-563fc6d21098,677,2024-04-29T19:28:37+00:00,MAIN,9370,ft^3/s,435,ft,2970,ft^2,3.16,ft/s,0.00,ft,Firm,SiltMud,Even,Even,Standard,Steady,BridgeDownstreamSide,2026-06-28T02:18:01.635513+00:00,adcp,AtTheGage
05584500,POINT (-90.8961944444444 40.3315277777778),f1e501ab-42ac-412c-861c-5f69e6ff560e,USGS-05584500,4e84fd26-8149-868b-e053-0100007fc3fd,481,1995-05-17T20:30:00+00:00,Imported Channel 1,10900,ft^3/s,405,ft,3310,ft^2,3.29,ft/s,,,Unspecified,Unspecified,Unspecified,Unspecified,Unspecified,Unknown,BridgeCrane,2026-06-28T02:18:01.635513+00:00,point_velocity,Unspecified
05584500,POINT (-90.8961944444444 40.3315277777778),f1e9c03e-d08d-4858-ba65-1a7196808a60,USGS-05584500,4e84f5ec-7e54-8206-e053-0100007f9526,448,1990-03-28T16:55:00+00:00,Imported Channel 1,42.3,ft^3/s,28.0,ft,33.8,ft^2,1.25,ft/s,,,Unspecified,Unspecified,Unspecified,Unspecified,Unspecified,Unknown,Wading,2026-06-28T02:18:01.635513+00:00,point_velocity,Unspecified
05584500,POINT (-90.8961944444444 40.3315277777778),f1ffc574-5fb8-48cd-8dee-ce437972b54b,USGS-05584500,4e84fcfd-4c6f-8687-e053-0100007f5d68,471,1993-07-20T19:30:00+00:00,Imported Channel 1,1970,ft^3/s,111,ft,1080,ft^2,1.82,ft/s,,,Unspecified,Unspecified,Unspecified,Unspecified,Unspecified,Unknown,BridgeCrane,2026-06-28T02:18:01.635513+00:00,point_velocity,Unspecified
05584500,POINT (-90.8961944444444 40.3315277777778),f2c9eb3e-1d1a-41cf-858d-d1e1e38d30b6,USGS-05584500,4e84f319-fe99-805e-e053-0100007f8368,499,1997-08-05T20:17:00+00:00,Imported Channel 1,21.7,ft^3/s,,,,,,,,ft,Unspecified,Unspecified,Unspecified,Unspecified,Unspecified,Unknown,Unspecified,2026-06-28T02:18:01.635513+00:00,other_method,Unspecified
05584500,POINT (-90.8961944444444 40.3315277777778),f54c4174-6472-4344-8ac0-1dc9d76058a1,USGS-05584500,4e84f473-667f-80bd-e053-0100007f77ec,284,1971-11-08T06:00:00+00:00,Imported Channel 1,14.7,ft^3/s,,,,,,,,ft,Unspecified,Unspecified,Unspecified,Unspecified,Unspecified,Unknown,Unspecified,2026-06-28T02:18:01.635513+00:00,other_method,Unspecified
05584500,POINT (-90.8961944444444 40.3315277777778),f603ac39-cdf1-4140-964a-9100637306b8,USGS-05584500,4e850432-3ce8-8abd-e053-0100007ff623,565,2007-05-30T18:32:00+00:00,Imported Channel 1,272,ft^3/s,58.2,ft,166,ft^2,1.64,ft/s,,ft,Unspecified,Unspecified,Unspecified,Unspecified,Unspecified,Unknown,Unspecified,2026-06-28T02:18:01.635513+00:00,adcp,Unspecified
05584500,POINT (-90.8961944444444 40.3315277777778),f6ef791c-0376-4b7a-9fde-6dceb1b1609a,USGS-05584500,934f1e02-242f-1543-e053-0100007f2957,646,2019-09-18T18:32:02+00:00,MAIN,51.1,ft^3/s,58.9,ft,102,ft^2,0.50,ft/s,0.00,ft,Soft,SiltMud,Even,Even,Uniform,Steady,BridgeDownstreamSide,2026-06-28T02:18:01.635513+00:00,adcp,AtTheGage
05584500,POINT (-90.8961944444444 40.3315277777778),f734ca25-8031-4b00-b4e8-877046e7c34a,USGS-05584500,4e850441-3cc7-8ac3-e053-0100007f380f,524,2001-01-30T13:45:00+00:00,Imported Channel 1,3350,ft^3/s,135,ft,1740,ft^2,1.92,ft/s,,,Unspecified,Unspecified,Unspecified,Unspecified,Unspecified,Unknown,BridgeCrane,2026-06-28T02:18:01.635513+00:00,point_velocity,Unspecified
05584500,POINT (-90.8961944444444 40.3315277777778),f82c0546-6e07-440b-b44e-eb7212233896,USGS-05584500,4e850441-3ccd-8ac3-e053-0100007f380f,551,2004-08-25T17:56:00+00:00,Imported Channel 1,39.2,ft^3/s,61.0,ft,81.7,ft^2,0.48,ft/s,,,Unspecified,Unspecified,Unspecified,Unspecified,Unspecified,Unknown,Wading,2026-06-28T02:18:01.635513+00:00,point_velocity,Unspecified
05584500,POINT (-90.8961944444444 40.3315277777778),f8a69059-d365-48d2-ab00-390a6e103486,USGS-05584500,4e84face-d312-8565-e053-0100007fb69e,498,1997-07-15T14:25:00+00:00,Imported Channel 1,88.4,ft^3/s,60.0,ft,94.1,ft^2,0.94,ft/s,,,Unspecified,Unspecified,Unspecified,Unspecified,Unspecified,Unknown,Wading,2026-06-28T02:18:01.635513+00:00,point_velocity,Unspecified
05584500,POINT (-90.8961944444444 40.3315277777778),f8aaa9af-a671-4aa0-8f23-d4697aebc2f8,USGS-05584500,4e84f388-0f75-802c-e053-0100007ffc24,531,2002-02-12T20:26:00+00:00,Imported Channel 1,1250,ft^3/s,102,ft,651,ft^2,1.92,ft/s,,,Unspecified,Unspecified,Unspecified,Unspecified,Unspecified,Unknown,BridgeCrane,2026-06-28T02:18:01.635513+00:00,point_velocity,Unspecified
05584500,POINT (-90.8961944444444 40.3315277777778),fa86d8aa-b3b4-4083-bd46-30d2eddb8c0d,USGS-05584500,4e84f9da-9641-8511-e053-0100007f9139,590,2011-06-14T20:47:00+00:00,Imported Channel 1,2860,ft^3/s,127,ft,1280,ft^2,2.23,ft/s,,ft,Unspecified,Unspecified,Unspecified,Unspecified,Unspecified,Unknown,BridgeDownstreamSide,2026-06-28T02:18:01.635513+00:00,adcp,Unspecified
05584500,POINT (-90.8961944444444 40.3315277777778),fab56996-99e3-47a8-a0a8-7c282a75fa2e,USGS-05584500,4e84ed64-628c-7cf8-e053-0100007f04e6,438,1989-02-21T22:00:00+00:00,Imported Channel 1,8.15,ft^3/s,29.0,ft,21.3,ft^2,0.38,ft/s,,,Unspecified,Unspecified,Unspecified,Unspecified,Unspecified,Unknown,Wading,2026-06-28T02:18:01.635513+00:00,point_velocity,Unspecified
05584500,POINT (-90.8961944444444 40.3315277777778),fb189f86-d8d9-457c-bc75-552655b3fd33,USGS-05584500,4e8509aa-a275-8cf3-e053-0100007f070d,529,2001-11-15T20:09:00+00:00,Imported Channel 1,99.5,ft^3/s,58.0,ft,78.6,ft^2,1.27,ft/s,,,Unspecified,Unspecified,Unspecified,Unspecified,Unspecified,Unknown,Wading,2026-06-28T02:18:01.635513+00:00,point_velocity,Unspecified
05584500,POINT (-90.8961944444444 40.3315277777778),fb9be42d-834e-4022-9573-ad5864daf339,USGS-05584500,4e84f2f8-ff50-80bb-e053-0100007f06ed,589,2011-04-19T16:45:00+00:00,Imported Channel 1,1450,ft^3/s,108,ft,891,ft^2,1.63,ft/s,,ft,Unspecified,Unspecified,Unspecified,Unspecified,Unspecified,Unknown,BridgeDownstreamSide,2026-06-28T02:18:01.635513+00:00,adcp,Unspecified
05584500,POINT (-90.8961944444444 40.3315277777778),fc2d8a2b-92d2-4d7a-bb81-f56b043991c1,USGS-05584500,4e84fca6-d385-863f-e053-0100007faeac,428,1988-04-21T15:45:00+00:00,Imported Channel 1,130,ft^3/s,55.0,ft,217,ft^2,0.60,ft/s,,,Unspecified,Unspecified,Unspecified,Unspecified,Unspecified,Unknown,BridgeCrane,2026-06-28T02:18:01.635513+00:00,point_velocity,Unspecified
05584500,POINT (-90.8961944444444 40.3315277777778),fc36ef58-0cf7-4c86-a8c7-6a1a9b0885d5,USGS-05584500,4e84f35b-6d28-80b9-e053-0100007fa044,398,1984-07-11T06:00:00+00:00,Imported Channel 1,123,ft^3/s,,,,,,,,ft,Unspecified,Unspecified,Unspecified,Unspecified,Unspecified,Unknown,Unspecified,2026-06-28T02:18:01.635513+00:00,other_method,Unspecified
05584500,POINT (-90.8961944444444 40.3315277777778),fd002fef-05f1-4163-821e-3765210d3f95,USGS-05584500,4e84fa4a-0605-8509-e053-0100007f31d6,621,2015-11-19T16:36:28+00:00,MAIN,3600,ft^3/s,106,ft,1590,ft^2,2.26,ft/s,,ft,Soft,SiltMud,Even,Even,Uniform,Unknown,BridgeDownstreamSide,2026-06-28T02:18:01.635513+00:00,adcp,AtTheGage
05584500,POINT (-90.8961944444444 40.3315277777778),fe46b7d4-de2f-4ae9-9f3a-088a50b75cdd,USGS-05584500,4e84ee3c-9473-7da7-e053-0100007ff28f,421,1987-06-09T06:00:00+00:00,Imported Channel 1,73.2,ft^3/s,53.0,ft,184,ft^2,0.40,ft/s,,,Unspecified,Unspecified,Unspecified,Unspecified,Unspecified,Unknown,BridgeCrane,2026-06-28T02:18:01.635513+00:00,point_velocity,Unspecified
05584500,POINT (-90.8961944444444 40.3315277777778),fe7bdaef-fa21-45ac-a508-da99b70d19bb,USGS-05584500,4e850fde-161e-91da-e053-0100007f8ddb,623,2016-03-16T17:49:43+00:00,MAIN,278,ft^3/s,65.3,ft,279,ft^2,1.00,ft/s,,ft,Soft,Sand,Even,Even,Uniform,Unknown,BridgeDownstreamSide,2026-06-28T02:18:01.635513+00:00,adcp,AtTheGage
