{
"type": "FeatureCollection",
"name": "domain_boundary",
"crs": { "type": "name", "properties": { "name": "urn:ogc:def:crs:OGC:1.3:CRS84" } },
"features": [
{ "type": "Feature", "properties": { "huc4": "0706" }, "geometry": { "type": "Polygon", "coordinates": [ [ [ -90.937212550999959, 43.795443944000056 ], [ -90.930583558999956, 43.793899380000028 ], [ -90.903640165999946, 43.800185795000061 ], [ -90.880980886999964, 43.796511825000039 ], [ -90.873410468999964, 43.789704736000033 ], [ -90.865445854999962, 43.787450875000047 ], [ -90.866955669999982, 43.784505779000028 ], [ -90.862566381999955, 43.776379848000033 ], [ -90.858967005999943, 43.775375867000037 ], [ -90.856599655999958, 43.766881339000065 ], [ -90.842547081999953, 43.768570059000069 ], [ -90.831436235999945, 43.760317199000042 ], [ -90.81590448299994, 43.758237654000027 ], [ -90.810087185999976, 43.750475966000067 ], [ -90.811011981999968, 43.745895348000033 ], [ -90.799470550999956, 43.745505981000065 ], [ -90.794902568999987, 43.741855912000062 ], [ -90.801433957999961, 43.733893266000052 ], [ -90.801619774999949, 43.725326110000026 ], [ -90.823499630999947, 43.707998590000045 ], [ -90.823692002999962, 43.694708838000054 ], [ -90.829262354999969, 43.681226264000031 ], [ -90.837378154999953, 43.67666394400004 ], [ -90.846670847999974, 43.661263652000059 ], [ -90.856919600999959, 43.658919161000028 ], [ -90.855212790999985, 43.652539854000054 ], [ -90.85842312799997, 43.649394546000053 ], [ -90.851799349999965, 43.64431548500005 ], [ -90.855535966, 43.636107625000079 ], [ -90.853887029999953, 43.621000231000039 ], [ -90.864282440999943, 43.616339742000036 ], [ -90.871759487999952, 43.616989760000081 ], [ -90.878722205999964, 43.611849186000029 ], [ -90.875221353999962, 43.596744919000059 ], [ -90.865511753999954, 43.588479602000064 ], [ -90.877008089999947, 43.572923651000053 ], [ -90.875190296999961, 43.567280372000027 ], [ -90.877671368999984, 43.560045350000053 ], [ -90.888657520999971, 43.552494872000068 ], [ -90.884213336999949, 43.545429007000052 ], [ -90.86868352, 43.536071972000059 ], [ -90.861114024999949, 43.526788487000033 ], [ -90.871128023999972, 43.520489288000078 ], [ -90.882470819, 43.504778931000033 ], [ -90.896454757999948, 43.500005849000047 ], [ -90.906680055999971, 43.489572858000031 ], [ -90.916259269999955, 43.487576907000062 ], [ -90.922422300999983, 43.469600142000047 ], [ -90.926463138999964, 43.468130947000077 ], [ -90.927551250999954, 43.463796377000051 ], [ -90.937650098999939, 43.465241670000069 ], [ -90.951395082999966, 43.460828898000045 ], [ -90.957749326999988, 43.454624649000039 ], [ -90.947791621999954, 43.444871302000081 ], [ -90.945251657999961, 43.440796340000077 ], [ -90.947983934999968, 43.436182672000029 ], [ -90.94298945099996, 43.432206267000026 ], [ -90.94555027499996, 43.426163130000077 ], [ -90.958771868999975, 43.416849126000045 ], [ -90.956928981999965, 43.411396374000049 ], [ -90.939890629999979, 43.395744461000049 ], [ -90.939150547999986, 43.388790386000039 ], [ -90.931176694999976, 43.385525482000048 ], [ -90.939816151999935, 43.379828767000049 ], [ -90.944429462999949, 43.370815261000075 ], [ -90.939870451, 43.365297509000072 ], [ -90.935861824999961, 43.336016903000029 ], [ -90.920929841999964, 43.319753146000039 ], [ -90.939266349999968, 43.30581933600007 ], [ -90.935586982999951, 43.298892620000061 ], [ -90.937410258999989, 43.295084330000066 ], [ -90.942744131999973, 43.296760383000048 ], [ -90.944758589999935, 43.293557705000069 ], [ -90.95612972899994, 43.290678918000026 ], [ -90.95436587599994, 43.268936899000039 ], [ -90.969853131999969, 43.256176793000066 ], [ -90.977762104999954, 43.256052667000063 ], [ -90.98303968, 43.24995466300004 ], [ -90.98318332599996, 43.245128802000067 ], [ -90.999326323999981, 43.23530005300006 ], [ -90.998445098, 43.229888278000033 ], [ -91.009653842999967, 43.217964992000077 ], [ -91.016490703999978, 43.197964024000044 ], [ -91.020366377999949, 43.196936618000052 ], [ -91.020658141999945, 43.192320834000043 ], [ -91.025928354999962, 43.187786470000049 ], [ -91.025959200999978, 43.183893898000065 ], [ -91.014795484, 43.169554835000042 ], [ -91.016495795999958, 43.165796256000078 ], [ -91.042619532999936, 43.145781131000035 ], [ -91.037791942999945, 43.138807416000077 ], [ -91.037648323999974, 43.127544372000045 ], [ -91.053378410999983, 43.122627882000074 ], [ -91.054648792999956, 43.110213931000033 ], [ -91.058817959999942, 43.10565891300007 ], [ -91.074082087999955, 43.101744823000047 ], [ -91.073402414999975, 43.095670722000079 ], [ -91.079666833999966, 43.088931966000075 ], [ -91.077272425999979, 43.086158862000048 ], [ -91.080987552999943, 43.076533306000044 ], [ -91.077050693999979, 43.067633586000056 ], [ -91.082124241999963, 43.062330768000038 ], [ -91.09305040299995, 43.063214317000075 ], [ -91.098871125999949, 43.059885010000073 ], [ -91.108929738999962, 43.047315103000074 ], [ -91.113444104999985, 43.033413538000048 ], [ -91.119958236999935, 43.027482755000051 ], [ -91.118251695999959, 43.020027703000039 ], [ -91.13459285, 43.017597710000075 ], [ -91.131404058999976, 43.002645614000073 ], [ -91.140126545999976, 43.002026769000054 ], [ -91.152137196999945, 42.995199230000026 ], [ -91.148527462999937, 42.992087722000065 ], [ -91.131501299999968, 42.996209114000067 ], [ -91.129465444999937, 42.988690407000036 ], [ -91.119641702999957, 42.992581786000073 ], [ -91.111303339999949, 42.986953767000045 ], [ -91.113892711999938, 42.977214128000071 ], [ -91.110564327999953, 42.971843868000065 ], [ -91.080099877999942, 42.964307100000042 ], [ -91.079519772999959, 42.956678061000048 ], [ -91.07220261599997, 42.951892970000074 ], [ -91.070689075999951, 42.957272528000033 ], [ -91.060519089999957, 42.960615188000077 ], [ -91.053277629999968, 42.958053202000031 ], [ -91.048097447999965, 42.951632649000032 ], [ -91.040247781999938, 42.955937148000032 ], [ -91.02405873899994, 42.955901119000032 ], [ -91.021688112999982, 42.961010847000068 ], [ -91.018252500999949, 42.961375568000051 ], [ -91.011931334999986, 42.950782748000051 ], [ -90.992296844999942, 42.955219541000076 ], [ -90.979757096999947, 42.950635795000039 ], [ -90.957619239999985, 42.954232073000071 ], [ -90.938466504999951, 42.962927230000048 ], [ -90.926109891999943, 42.959424623000075 ], [ -90.916662523999946, 42.960756460000027 ], [ -90.852066688999969, 42.980771648000029 ], [ -90.845803071999967, 42.973794983000062 ], [ -90.833446785999968, 42.969868379000047 ], [ -90.820639324999945, 42.975370246000068 ], [ -90.797174250999944, 42.977412303000051 ], [ -90.757015490999947, 42.971415064000041 ], [ -90.738461781999945, 42.976253145000044 ], [ -90.725813613999946, 42.987705137000034 ], [ -90.711647969999945, 42.989039865000052 ], [ -90.703200439999989, 42.993981449000046 ], [ -90.678159924999989, 42.986909210000078 ], [ -90.664071320999938, 42.993989677000059 ], [ -90.654697025999951, 42.985144735000063 ], [ -90.632879453999976, 42.975946992000047 ], [ -90.589680557999941, 42.979738179000037 ], [ -90.573103100999958, 42.976514462000068 ], [ -90.567907033999973, 42.972408238000071 ], [ -90.549871051999958, 42.977177089000065 ], [ -90.512921583999969, 42.973292090000029 ], [ -90.479181024999946, 42.980072539000048 ], [ -90.472424626999953, 42.974863121000055 ], [ -90.450374478999947, 42.971886496000025 ], [ -90.44187494199997, 42.966078947000028 ], [ -90.422475234999979, 42.969188523000071 ], [ -90.418442560999949, 42.963497143000041 ], [ -90.412742328999968, 42.962573330000055 ], [ -90.412649612999985, 42.956840705000047 ], [ -90.417353344, 42.954804460000048 ], [ -90.416996788999938, 42.949920782000049 ], [ -90.44009091099997, 42.933588003000068 ], [ -90.434461905999967, 42.922405812000079 ], [ -90.433799367999939, 42.90505829500006 ], [ -90.414393071999939, 42.889690487000053 ], [ -90.410794109999983, 42.873956289000034 ], [ -90.395992453999952, 42.86498629700003 ], [ -90.399525519999941, 42.859520251000049 ], [ -90.391846053999984, 42.846325271000069 ], [ -90.395192496999982, 42.839651905000039 ], [ -90.400820040999974, 42.837006650000035 ], [ -90.403719895999984, 42.828524163000054 ], [ -90.387959498999976, 42.82414861500007 ], [ -90.366212706999988, 42.806238937000046 ], [ -90.371899943999949, 42.801223504000063 ], [ -90.368501612999978, 42.794841335000058 ], [ -90.373980115999984, 42.783259615000077 ], [ -90.368418074999965, 42.772177172000056 ], [ -90.362006877999988, 42.767697913000063 ], [ -90.384658317999936, 42.761017094000067 ], [ -90.383922586999972, 42.757482925000033 ], [ -90.376888848999954, 42.751930156000071 ], [ -90.376934295999945, 42.742322899000044 ], [ -90.349069473999975, 42.73503837800007 ], [ -90.336288026999966, 42.724202670000068 ], [ -90.330120643999976, 42.72277424400005 ], [ -90.319270596999957, 42.711999512000034 ], [ -90.318669006999983, 42.707383161000052 ], [ -90.310017627999969, 42.70597801100007 ], [ -90.299459347999971, 42.709164 ], [ -90.293234176999988, 42.705537385000071 ], [ -90.289081250999971, 42.696166133000077 ], [ -90.269308684999942, 42.68835861000008 ], [ -90.263159419999965, 42.677932386000066 ], [ -90.265308733999973, 42.663802894000071 ], [ -90.275242713999944, 42.656574219000049 ], [ -90.267836623999983, 42.645826815000078 ], [ -90.276821279999979, 42.631025161000025 ], [ -90.264639874999943, 42.625750775000029 ], [ -90.260687101999963, 42.619252199000073 ], [ -90.231589325999948, 42.605211073000078 ], [ -90.225718682999968, 42.59426256200004 ], [ -90.203587441999957, 42.593418919000044 ], [ -90.196114417, 42.583168857000032 ], [ -90.178815832999987, 42.578373425000052 ], [ -90.179139066999937, 42.57363524200008 ], [ -90.173380719999955, 42.568148574000077 ], [ -90.167892858999949, 42.566072991000055 ], [ -90.162370457999941, 42.568390749000059 ], [ -90.142991906999953, 42.548378576000061 ], [ -90.131498756999974, 42.54471479800003 ], [ -90.119796035999968, 42.536171485000068 ], [ -90.117917146999957, 42.526641028000029 ], [ -90.111334884999962, 42.522198038000056 ], [ -90.099078347999978, 42.519242631000054 ], [ -90.094139446999975, 42.521949309000036 ], [ -90.083414390999963, 42.516228813000055 ], [ -90.077037169999983, 42.520808001000034 ], [ -90.071235759, 42.520725508000055 ], [ -90.065810691999957, 42.52701776300006 ], [ -90.045375977999981, 42.513409038000077 ], [ -90.038387569999941, 42.516563376000079 ], [ -90.035751613999935, 42.52462240300008 ], [ -90.018263903, 42.518255345000057 ], [ -90.002480380999941, 42.522391074000041 ], [ -90.000263890999975, 42.517939174000048 ], [ -90.00309815199995, 42.512565605000077 ], [ -89.999792, 42.507626853000033 ], [ -89.994698840999945, 42.503723612000044 ], [ -89.983207538999977, 42.502989761000038 ], [ -89.981637967999973, 42.493951012000025 ], [ -89.969812044999969, 42.489333828000042 ], [ -89.973765441999944, 42.481650759000047 ], [ -89.962143604999937, 42.471358228000042 ], [ -89.958097043999942, 42.460749970000052 ], [ -89.943997083999989, 42.455890672000066 ], [ -89.925563236999949, 42.435684009000056 ], [ -89.914332764999983, 42.437615916000027 ], [ -89.912923710999962, 42.443007753000074 ], [ -89.905319468999949, 42.447903471000075 ], [ -89.888455222999937, 42.448675711000078 ], [ -89.88050267899996, 42.445193577000055 ], [ -89.877995200999976, 42.432673351000062 ], [ -89.867482843999937, 42.429743128000041 ], [ -89.879589205999935, 42.42796368900008 ], [ -89.88072303499996, 42.420853301000079 ], [ -89.90060032599996, 42.424591167000074 ], [ -89.910864367999977, 42.42291743800007 ], [ -89.927848298999947, 42.41856948700007 ], [ -89.938559791999978, 42.409353980000049 ], [ -89.953472639999973, 42.41040984600005 ], [ -89.991270309999948, 42.400128338000059 ], [ -89.991688614999987, 42.396460567000076 ], [ -89.997408218999965, 42.394749704000048 ], [ -89.997182822999946, 42.389229329000045 ], [ -90.002177305999965, 42.386737407000055 ], [ -89.996450278999987, 42.371960430000058 ], [ -90.001546356999938, 42.357157078000057 ], [ -90.012064433999967, 42.352672005000045 ], [ -90.008479182999963, 42.348654772000032 ], [ -90.008923892999974, 42.340433204000078 ], [ -89.981993701999954, 42.341339404000053 ], [ -89.981475497999952, 42.332483642000057 ], [ -89.976408445999937, 42.327713095000036 ], [ -89.969959428999971, 42.324213557000064 ], [ -89.964506169999936, 42.327573054000027 ], [ -89.957700300999988, 42.326286607000043 ], [ -89.949343695999971, 42.311735533000046 ], [ -89.923448777999965, 42.310690962000081 ], [ -89.910771400999977, 42.299269877000029 ], [ -89.883218013999965, 42.29707830500007 ], [ -89.870042639999951, 42.283939711000073 ], [ -89.870266395999977, 42.279571077000071 ], [ -89.859903677999966, 42.275258115000042 ], [ -89.863952024999946, 42.273273995000068 ], [ -89.863560123999946, 42.265892048000069 ], [ -89.85443262299998, 42.256307769000045 ], [ -89.85665864799995, 42.249631720000025 ], [ -89.861282150999955, 42.246641771000043 ], [ -89.862484495, 42.238860592000037 ], [ -89.848184649999951, 42.22675089300003 ], [ -89.823454049999953, 42.219232960000056 ], [ -89.817582779999952, 42.21208818000008 ], [ -89.806397548999939, 42.208704901000033 ], [ -89.803562362999969, 42.198637258000076 ], [ -89.789164616999983, 42.187649588000056 ], [ -89.785453419999953, 42.172743209000032 ], [ -89.777253157999951, 42.163536585000031 ], [ -89.750329313999941, 42.154074647000073 ], [ -89.741824562999966, 42.143331265000029 ], [ -89.732953004999956, 42.139493412000036 ], [ -89.709447428999965, 42.140652217000024 ], [ -89.705334945999937, 42.143719413000042 ], [ -89.705060553999942, 42.124484543000051 ], [ -89.716303005999976, 42.122828249000065 ], [ -89.717498883999951, 42.117966417000048 ], [ -89.721310034999988, 42.117640915000038 ], [ -89.720399602999976, 42.110475094000037 ], [ -89.725401446999967, 42.097661137000046 ], [ -89.73622183699996, 42.084300127000063 ], [ -89.743236052999976, 42.080536600000073 ], [ -89.759462022999969, 42.086265142000059 ], [ -89.766286129999969, 42.084110105000036 ], [ -89.789883974999952, 42.088037664000069 ], [ -89.802523887999939, 42.086385958000051 ], [ -89.811976681999965, 42.094670826000026 ], [ -89.839490105999971, 42.104846978000069 ], [ -89.853982143999986, 42.09983371900006 ], [ -89.863932426999952, 42.101469657000052 ], [ -89.868573334999951, 42.098373821000052 ], [ -89.871261801999935, 42.087492216000044 ], [ -89.868632460999947, 42.081572520000066 ], [ -89.888626367999962, 42.078130619000035 ], [ -89.907835043999967, 42.083348648000026 ], [ -89.912012406999963, 42.087184207000064 ], [ -89.915627130999951, 42.083137855000075 ], [ -89.919960896999953, 42.085304991000044 ], [ -89.937361553999949, 42.08148811600006 ], [ -89.951303740999947, 42.085561855000037 ], [ -89.955654760999948, 42.081970496000054 ], [ -89.972306426999978, 42.08461426000008 ], [ -89.982150195999964, 42.076257626000029 ], [ -89.99905812999998, 42.071454563000032 ], [ -90.007607791999988, 42.061650998000061 ], [ -90.017667479999943, 42.065344191000065 ], [ -90.019277668999962, 42.057915156000035 ], [ -90.036414693999973, 42.048600527000076 ], [ -90.036691168999937, 42.037481725000077 ], [ -90.045668045999946, 42.017475899000033 ], [ -90.043186851999963, 42.009766693000074 ], [ -90.055486272999985, 42.000382178000052 ], [ -90.055618773999981, 41.994962089000069 ], [ -90.065536660999953, 41.986114939000061 ], [ -90.065345090999983, 41.981511492000038 ], [ -90.085411775999944, 41.982089925000025 ], [ -90.098582676999968, 41.977490412000066 ], [ -90.113718475999974, 41.976934658000062 ], [ -90.119577076999974, 41.97286801000007 ], [ -90.108145019999938, 41.951541406000047 ], [ -90.105931240999951, 41.934921631000066 ], [ -90.121333290999985, 41.901610556000037 ], [ -90.189760684999953, 41.895996154000045 ], [ -90.210625991999962, 41.87427414900003 ], [ -90.222697730999982, 41.888363125000069 ], [ -90.226272515999938, 41.906992196000033 ], [ -90.224458965999986, 41.920129718000055 ], [ -90.228255626999953, 41.923688741000035 ], [ -90.23692682899997, 41.924419359000069 ], [ -90.238882056999955, 41.93101422400008 ], [ -90.247616256999947, 41.930480665000061 ], [ -90.254584567999984, 41.934064480000075 ], [ -90.267218650999951, 41.928747564000048 ], [ -90.284497060999968, 41.929301768000073 ], [ -90.291088317999936, 41.935175188000073 ], [ -90.297613850999937, 41.929367401000036 ], [ -90.307682746999944, 41.927247131000058 ], [ -90.314769879999972, 41.931969892000041 ], [ -90.321348365999938, 41.931903026000043 ], [ -90.331237419999979, 41.944084448000069 ], [ -90.344564372999969, 41.949647655000035 ], [ -90.352178303999949, 41.958938312000043 ], [ -90.373467518999973, 41.965031791000058 ], [ -90.391015929, 41.967323049000072 ], [ -90.401217470999939, 41.960949542000037 ], [ -90.416633979999972, 41.959131759000059 ], [ -90.421678757999985, 41.952315532000057 ], [ -90.427426794999974, 41.950829033000048 ], [ -90.428088198999944, 41.947233968000035 ], [ -90.43690769899996, 41.944121607000056 ], [ -90.440880471999947, 41.933373363000044 ], [ -90.445761280999989, 41.931494874000066 ], [ -90.44868483, 41.925398007000069 ], [ -90.462720355999977, 41.92387922000006 ], [ -90.468748213999959, 41.927329200000031 ], [ -90.481022437999968, 41.928072136000026 ], [ -90.484790574999977, 41.925894853000045 ], [ -90.481661774999964, 41.918806498000038 ], [ -90.48806439599997, 41.918575112000042 ], [ -90.494185590999962, 41.90862734500007 ], [ -90.505540825999958, 41.904831032000061 ], [ -90.517886005999969, 41.912704643000041 ], [ -90.525040665999938, 41.911815497000077 ], [ -90.529731328999958, 41.917735394000033 ], [ -90.55050403499996, 41.921591522000028 ], [ -90.557535797999947, 41.936030084000038 ], [ -90.564681427999972, 41.936439292000045 ], [ -90.571586934999971, 41.947628485000052 ], [ -90.578990464999947, 41.952121934000047 ], [ -90.597437333999949, 41.947813128000064 ], [ -90.610584115999984, 41.948521162000077 ], [ -90.613388682999982, 41.95144859100003 ], [ -90.621760442999971, 41.946904584000038 ], [ -90.634218015999977, 41.949864049000041 ], [ -90.647281755999984, 41.944599715000038 ], [ -90.644795257999988, 41.937235821000058 ], [ -90.64858120699995, 41.93347471900006 ], [ -90.669411347999983, 41.93404976000005 ], [ -90.673573957999963, 41.931732324000052 ], [ -90.680052302999968, 41.940784802000053 ], [ -90.691204333999963, 41.946156631000065 ], [ -90.704220471999975, 41.94674382900007 ], [ -90.716118603999973, 41.95744585500006 ], [ -90.733583984999939, 41.963976770000045 ], [ -90.743608886999937, 41.961135035000041 ], [ -90.751881863999984, 41.967187787000057 ], [ -90.763048757999968, 41.966691169000057 ], [ -90.774111128999948, 41.973947887000065 ], [ -90.776183945999946, 41.986147369000037 ], [ -90.806132205999972, 41.991827920000048 ], [ -90.813556989999938, 41.996630469000024 ], [ -90.812838685999964, 42.006746932000055 ], [ -90.824093540999968, 42.012515377000057 ], [ -90.839932592999958, 42.012430739000081 ], [ -90.847536045999959, 41.997844802000031 ], [ -90.881336921999946, 41.992340442000057 ], [ -90.894969095999954, 41.996725284000036 ], [ -90.90088620399996, 42.004552036000064 ], [ -90.908651676999966, 42.007996458000036 ], [ -90.914199848999942, 42.018891749000034 ], [ -90.941851334999967, 42.01341847100008 ], [ -90.959314454999969, 42.01857711200006 ], [ -90.963460593999969, 42.026535627000044 ], [ -90.960168673999988, 42.030537525000057 ], [ -90.960924155999976, 42.035697902000038 ], [ -90.969885246, 42.039759917000026 ], [ -90.987738173999958, 42.036514452000063 ], [ -90.991306982999959, 42.040115520000029 ], [ -90.996897666999985, 42.037982912000075 ], [ -91.013359090999984, 42.042408149000039 ], [ -91.032389750999982, 42.037310327000057 ], [ -91.046493110999961, 42.041776127000048 ], [ -91.056357427999956, 42.038126319000071 ], [ -91.056171771999971, 42.033105353000053 ], [ -91.065072251999936, 42.032504706000054 ], [ -91.075395565999941, 42.033579056000065 ], [ -91.086736486999939, 42.041017398000065 ], [ -91.088305788999946, 42.045289817000025 ], [ -91.097213027999942, 42.04725452200006 ], [ -91.106850098999985, 42.042859907000036 ], [ -91.116041767999945, 42.046263301000067 ], [ -91.116209482999977, 42.052270868000051 ], [ -91.128037699999936, 42.062007836000078 ], [ -91.168355381999959, 42.081101936000039 ], [ -91.179130018999956, 42.082838994000042 ], [ -91.202841114999956, 42.102599835000035 ], [ -91.223963688999959, 42.112197501000026 ], [ -91.228672694999943, 42.119150214000058 ], [ -91.240774864999935, 42.125255466000056 ], [ -91.25165020999998, 42.135999628000036 ], [ -91.246258292999983, 42.142718681000076 ], [ -91.253371344999948, 42.147206310000058 ], [ -91.254571501999976, 42.152471608000042 ], [ -91.266162831999964, 42.162826916000029 ], [ -91.278206545999979, 42.164438055000062 ], [ -91.283228783999959, 42.173434695000026 ], [ -91.298772785999972, 42.183659940000041 ], [ -91.302092912999967, 42.19032866200007 ], [ -91.300990724999963, 42.197986731000071 ], [ -91.315566855999975, 42.205639284000029 ], [ -91.315149522999945, 42.209041346000049 ], [ -91.328352821999943, 42.211545165000075 ], [ -91.329948546999958, 42.215943291000031 ], [ -91.346093879999955, 42.225184373000047 ], [ -91.360517289999962, 42.219372454000052 ], [ -91.368480493999982, 42.224590052000053 ], [ -91.387646335999989, 42.227334504000055 ], [ -91.386922395999989, 42.237632446000077 ], [ -91.39929890999997, 42.244268107000039 ], [ -91.41385433499994, 42.276166660000058 ], [ -91.417285339999978, 42.288302084000065 ], [ -91.411026600999946, 42.296477196000069 ], [ -91.423132340999985, 42.302933105000079 ], [ -91.432774923999943, 42.303193991000057 ], [ -91.437679941999988, 42.306949520000046 ], [ -91.435751782999944, 42.312477548000061 ], [ -91.44923984899998, 42.322107415000062 ], [ -91.490634586999988, 42.337700128000051 ], [ -91.500587718999952, 42.34702358100003 ], [ -91.51300897699997, 42.351531600000044 ], [ -91.512312074999954, 42.357788121000056 ], [ -91.516366559999938, 42.36242992800004 ], [ -91.511555018999957, 42.37025936100008 ], [ -91.507127474999947, 42.371595715000069 ], [ -91.508415968999941, 42.379956630000038 ], [ -91.504349403999981, 42.385069896000061 ], [ -91.505989856999975, 42.390302432000055 ], [ -91.503347546999976, 42.394363963000046 ], [ -91.511665975999961, 42.399436801000036 ], [ -91.513307543999986, 42.407521421000069 ], [ -91.539233108999952, 42.413444768000033 ], [ -91.557233593999968, 42.426082262000079 ], [ -91.560883519999948, 42.432367059000057 ], [ -91.56845681599998, 42.436602348000065 ], [ -91.566269577999947, 42.444495326000037 ], [ -91.569368671999939, 42.449966762000031 ], [ -91.597731421999981, 42.45133351000004 ], [ -91.607915642999956, 42.454914810000048 ], [ -91.613293213999953, 42.452308044000063 ], [ -91.616211645999954, 42.444708122000065 ], [ -91.628122534999989, 42.444489901000054 ], [ -91.651291735999962, 42.462854932000027 ], [ -91.689853389999939, 42.508107703000064 ], [ -91.688739040999963, 42.519818086000043 ], [ -91.695863375999977, 42.529449438000029 ], [ -91.694430584999964, 42.532349604000046 ], [ -91.712124893999942, 42.551810813000031 ], [ -91.707814928999937, 42.557277051000028 ], [ -91.688488254999982, 42.56320488800003 ], [ -91.68439682099995, 42.575887090000037 ], [ -91.680510638999976, 42.577554217000056 ], [ -91.687130272, 42.585534533000043 ], [ -91.705795836999982, 42.589463970000054 ], [ -91.714703317999977, 42.605104347000065 ], [ -91.725189985999975, 42.611869302000059 ], [ -91.729564380999989, 42.623283435000076 ], [ -91.721463055999948, 42.636045620000061 ], [ -91.728006145999984, 42.640864810000039 ], [ -91.733310145999951, 42.651445592000073 ], [ -91.752448107999953, 42.660889348000069 ], [ -91.755647744999976, 42.67923916500007 ], [ -91.765804921999973, 42.682937394000078 ], [ -91.770803789999945, 42.699660424000058 ], [ -91.781274237, 42.712916 ], [ -91.785978323999984, 42.716770049000047 ], [ -91.803263336999976, 42.71608730500003 ], [ -91.811212652999984, 42.711995642000034 ], [ -91.832523257, 42.716875390000041 ], [ -91.843837639999947, 42.710592163000058 ], [ -91.855681995999987, 42.717380756000068 ], [ -91.856395326999973, 42.72287757600003 ], [ -91.872350576999963, 42.743868722000059 ], [ -91.891708952999977, 42.761768534000055 ], [ -91.88983645999997, 42.765033262000031 ], [ -91.892988535999962, 42.769438348000051 ], [ -91.898116451999954, 42.772576142000048 ], [ -91.911818555999957, 42.771184252000069 ], [ -91.917063795999979, 42.773463899000035 ], [ -91.928641050999943, 42.769563026000071 ], [ -91.934694556999943, 42.771292135000067 ], [ -91.942157691999967, 42.785168999000064 ], [ -91.949714959999937, 42.788435947000039 ], [ -91.961898468999948, 42.818975915000067 ], [ -91.972437390999971, 42.822845103000077 ], [ -91.977900928999986, 42.832479381000041 ], [ -91.995247461999952, 42.837200446000054 ], [ -92.002968221999936, 42.844494491000034 ], [ -92.008616979999942, 42.857538446000035 ], [ -92.025041042999987, 42.878865842000039 ], [ -92.025739726999973, 42.888199766000071 ], [ -92.019881614999974, 42.893510657000036 ], [ -92.023630845999946, 42.896180258000072 ], [ -92.036279545999946, 42.924850217000028 ], [ -92.058457560999955, 42.945792046000065 ], [ -92.068983755999966, 42.952332611000031 ], [ -92.081362401999968, 42.954212428000062 ], [ -92.085219987999949, 42.96575841300006 ], [ -92.101595828999962, 42.97609514700008 ], [ -92.116071228999942, 42.976565705000041 ], [ -92.118398687999957, 42.987590756000031 ], [ -92.129606548999959, 42.99438828600006 ], [ -92.135946675999946, 42.994307667000044 ], [ -92.136793062999971, 43.004729732000044 ], [ -92.142681678999963, 43.00784611000006 ], [ -92.143649107999977, 43.011820352000029 ], [ -92.161200045999976, 43.019026585000063 ], [ -92.183070177, 43.033637479000049 ], [ -92.18234479299997, 43.042038004000062 ], [ -92.185773497999946, 43.048045072000036 ], [ -92.199227184999984, 43.054444269000044 ], [ -92.201993034999987, 43.066643240000076 ], [ -92.210802127999955, 43.077575938000052 ], [ -92.216383449999967, 43.095768987000042 ], [ -92.226762684999983, 43.099363723000067 ], [ -92.239495644999977, 43.113128851000056 ], [ -92.241284218999965, 43.124806400000068 ], [ -92.252621396999984, 43.136159932000055 ], [ -92.269461759999956, 43.146202266000046 ], [ -92.291570737999962, 43.150710048000064 ], [ -92.310687431999952, 43.16699462400004 ], [ -92.310477505999984, 43.177843351000035 ], [ -92.336207816999945, 43.190861111000061 ], [ -92.343081473999973, 43.221891263000032 ], [ -92.35699981099998, 43.234143673000062 ], [ -92.365781197999979, 43.235736551000059 ], [ -92.365088494999952, 43.245960749000062 ], [ -92.381194628999936, 43.262993056000028 ], [ -92.379402287999937, 43.274409095000067 ], [ -92.39559344099996, 43.284550674000059 ], [ -92.407355129999985, 43.282339336000064 ], [ -92.422383177999961, 43.291529179000065 ], [ -92.428916441999945, 43.308255397000039 ], [ -92.446346295999945, 43.32597663100006 ], [ -92.445989467999937, 43.33292214800008 ], [ -92.452185232999966, 43.336425613000074 ], [ -92.450684427999988, 43.343236997000076 ], [ -92.465633195999942, 43.350512347000063 ], [ -92.46945515699997, 43.358315913000069 ], [ -92.465829216999964, 43.361663115000056 ], [ -92.469259859999966, 43.369290994000039 ], [ -92.489959758999987, 43.38583115800003 ], [ -92.487233002999972, 43.39192990600003 ], [ -92.496613672999956, 43.398875869000051 ], [ -92.50632812899994, 43.418094365000059 ], [ -92.513372851999975, 43.420418959000074 ], [ -92.520620566, 43.428925505000052 ], [ -92.532540058999984, 43.433594033000077 ], [ -92.529797394999946, 43.438330581000059 ], [ -92.538174609999942, 43.444883579000077 ], [ -92.538126965999936, 43.449317308000047 ], [ -92.54778317499995, 43.453191951000065 ], [ -92.545554906999939, 43.457932699000025 ], [ -92.555057584999986, 43.467725944000051 ], [ -92.559745963999944, 43.479448629000046 ], [ -92.586227894, 43.503779288000032 ], [ -92.606617450999977, 43.506460504000074 ], [ -92.60873511799997, 43.511774004000074 ], [ -92.619300858999964, 43.516842457000052 ], [ -92.62976585499996, 43.53061716600007 ], [ -92.62865901899994, 43.537593973000071 ], [ -92.624643644999935, 43.540322914000058 ], [ -92.626919951, 43.542754782000031 ], [ -92.639945391999959, 43.544321263000029 ], [ -92.642913969999938, 43.550483044000032 ], [ -92.652155398, 43.548266151000064 ], [ -92.666335387999936, 43.562048719000074 ], [ -92.654769220999981, 43.573783248000041 ], [ -92.657590718999984, 43.58906859700005 ], [ -92.649329755999986, 43.604844492000041 ], [ -92.632606358999965, 43.613844036000046 ], [ -92.626708904999987, 43.620614028000034 ], [ -92.601337574999945, 43.622956876000046 ], [ -92.589155533999985, 43.615976457000045 ], [ -92.572820382999964, 43.622415268000054 ], [ -92.548403037999947, 43.621713642000032 ], [ -92.527160981999941, 43.612182451000081 ], [ -92.519103801999961, 43.616142163000063 ], [ -92.51511370299994, 43.625301748000027 ], [ -92.50371667099995, 43.628123874000039 ], [ -92.495403250999971, 43.621338918000049 ], [ -92.483010783999987, 43.624110830000063 ], [ -92.471446242999946, 43.619353309000076 ], [ -92.46008313599998, 43.621632266000063 ], [ -92.453707214999952, 43.619558046000066 ], [ -92.448290512999961, 43.616146493000031 ], [ -92.445401009999955, 43.604130038000051 ], [ -92.431916488999946, 43.591651639000077 ], [ -92.417942430999972, 43.593741005000027 ], [ -92.395032182999955, 43.589648071000056 ], [ -92.390667566, 43.586833609000053 ], [ -92.39125181199995, 43.579331767000042 ], [ -92.385190243999944, 43.570844428000044 ], [ -92.367495334999944, 43.566097249000052 ], [ -92.369362579999972, 43.555883320000078 ], [ -92.365187480999964, 43.549732863000031 ], [ -92.348987492999981, 43.543816049000043 ], [ -92.346393273999979, 43.538461753000036 ], [ -92.338468758999966, 43.537821899000051 ], [ -92.331559519999985, 43.532752859000027 ], [ -92.303322427999944, 43.531229149000069 ], [ -92.291675645999987, 43.52471956800008 ], [ -92.279050444999939, 43.52570765400003 ], [ -92.26713336399996, 43.517298474000029 ], [ -92.246822754999982, 43.518701702000044 ], [ -92.238316545999965, 43.529104506000067 ], [ -92.24144608499995, 43.542378749000079 ], [ -92.235369348999939, 43.546592750000059 ], [ -92.237654302999943, 43.548228762000065 ], [ -92.224912047999965, 43.559830503000057 ], [ -92.218993774999944, 43.56305423200007 ], [ -92.208306097, 43.563070762000052 ], [ -92.20472581599995, 43.567737076000071 ], [ -92.199910197999941, 43.562305485000081 ], [ -92.193236728999977, 43.560876449000034 ], [ -92.195260782999981, 43.554857925000078 ], [ -92.191644333999989, 43.551888046000045 ], [ -92.167582189999962, 43.538681828000051 ], [ -92.141668616999937, 43.542947287000061 ], [ -92.13773966499997, 43.539775262000035 ], [ -92.124809834999951, 43.53998765700004 ], [ -92.117479442999979, 43.545329312000035 ], [ -92.102484747999938, 43.541021135000051 ], [ -92.100338503999978, 43.544835542000044 ], [ -92.094608060999974, 43.543075010000052 ], [ -92.088339451999957, 43.545784973000025 ], [ -92.08254653399996, 43.55219011500003 ], [ -92.077950471999941, 43.551477825000063 ], [ -92.07342465399995, 43.545480478000059 ], [ -92.05951386299995, 43.546394581000072 ], [ -92.054523785999947, 43.541665220000027 ], [ -92.048111524999968, 43.540928008000037 ], [ -92.04674489599995, 43.549034056000039 ], [ -92.042020896999986, 43.550894264000078 ], [ -92.025991185999942, 43.554319959000054 ], [ -92.014568202999953, 43.552353707000066 ], [ -92.003410581999958, 43.558415819000061 ], [ -91.989110349999976, 43.555489975000057 ], [ -91.97607101899996, 43.55682891400005 ], [ -91.953145002999975, 43.551479096000037 ], [ -91.955612980999945, 43.543294388000049 ], [ -91.947375892999958, 43.53547668300007 ], [ -91.912785053999983, 43.518633382000075 ], [ -91.87301979199998, 43.510216572000047 ], [ -91.863379966999958, 43.503620182000077 ], [ -91.846290050999983, 43.506267242000035 ], [ -91.842847217999974, 43.500737240000035 ], [ -91.82474390699997, 43.496334648000072 ], [ -91.819357668999942, 43.49042346300007 ], [ -91.814180301999954, 43.491074923000042 ], [ -91.813044890999947, 43.486088973000051 ], [ -91.799285101999942, 43.483938515000034 ], [ -91.771053769, 43.486352362000048 ], [ -91.763979121999967, 43.483401460000039 ], [ -91.756578590999936, 43.486744358000067 ], [ -91.744695872999955, 43.485181656000066 ], [ -91.735589836999964, 43.489023502000066 ], [ -91.737869553999985, 43.498905825000065 ], [ -91.735988499999962, 43.503340610000066 ], [ -91.725141209999947, 43.506664260000036 ], [ -91.712981158, 43.520984189000046 ], [ -91.703501205999942, 43.520543572000065 ], [ -91.703714264999974, 43.525431550000064 ], [ -91.69192775, 43.528021323000075 ], [ -91.694702275999987, 43.544687399000054 ], [ -91.68685919099994, 43.545106306000037 ], [ -91.682752640999979, 43.551357428000074 ], [ -91.649474645999987, 43.562494343000026 ], [ -91.622079693999979, 43.563837653000064 ], [ -91.575385959999949, 43.580089309000073 ], [ -91.571698072999936, 43.597015862000035 ], [ -91.547468023999954, 43.610018418000038 ], [ -91.537287030999948, 43.609618462000071 ], [ -91.524700073999952, 43.622134275000064 ], [ -91.524368315999936, 43.631894782000074 ], [ -91.514931648999948, 43.644319539000037 ], [ -91.513641870999948, 43.655548666000072 ], [ -91.497292508999976, 43.669034295000074 ], [ -91.480406670999969, 43.666033322000033 ], [ -91.465946498999983, 43.674686448000045 ], [ -91.45232245699998, 43.667695829000081 ], [ -91.439981749999959, 43.67466360800006 ], [ -91.42424209099994, 43.660649234000061 ], [ -91.413454483999942, 43.663358717000051 ], [ -91.406738366999946, 43.656678945000067 ], [ -91.395183032999967, 43.659952245000056 ], [ -91.375126272999978, 43.656949670000074 ], [ -91.370088762999956, 43.659736666000072 ], [ -91.37154217899996, 43.665267752000034 ], [ -91.366008934999968, 43.667093091000027 ], [ -91.365167402999987, 43.671763062000025 ], [ -91.367259224999941, 43.677933593000034 ], [ -91.372347451999985, 43.680473230000075 ], [ -91.371665324, 43.683560834000048 ], [ -91.360867759999962, 43.693486257000075 ], [ -91.353578028999948, 43.695848511000065 ], [ -91.348800566999955, 43.703810981000061 ], [ -91.334076136999954, 43.706649560000074 ], [ -91.33377459899998, 43.712632685000074 ], [ -91.318410754999945, 43.723720876000073 ], [ -91.314482608999981, 43.73836613800006 ], [ -91.301948348999986, 43.744312110000067 ], [ -91.305048750999958, 43.749062590000051 ], [ -91.303933299999983, 43.755573740000045 ], [ -91.291866245999984, 43.755632586000047 ], [ -91.296594176999974, 43.760916316000078 ], [ -91.29402215999994, 43.769317984000054 ], [ -91.297587998999973, 43.776217347000056 ], [ -91.293284962999962, 43.776753962000043 ], [ -91.289441, 43.770285852000029 ], [ -91.280432518999987, 43.768759565000039 ], [ -91.277368949999982, 43.764004483000065 ], [ -91.259921577999989, 43.764545942000041 ], [ -91.239028312999949, 43.759014477000051 ], [ -91.238160608999976, 43.763301458000058 ], [ -91.23444748199995, 43.764025365000066 ], [ -91.215268260999949, 43.757178115000045 ], [ -91.20088143299995, 43.758800311000073 ], [ -91.198213115999977, 43.771524575000058 ], [ -91.179036675999953, 43.780533105000075 ], [ -91.170886066999969, 43.778721875000031 ], [ -91.164565225999979, 43.788921458000061 ], [ -91.146557955999981, 43.794578891000072 ], [ -91.126881112999968, 43.794496904000027 ], [ -91.10099519399995, 43.785230051000042 ], [ -91.095220725, 43.790621173000034 ], [ -91.087635286999955, 43.791870785000071 ], [ -91.084508396, 43.785929155000076 ], [ -91.070757063999963, 43.786993725000059 ], [ -91.063003032999973, 43.780105900000081 ], [ -91.030724427999985, 43.789199218000078 ], [ -91.014463380999985, 43.787947492000058 ], [ -91.00478471699995, 43.790474581000069 ], [ -90.979478810999979, 43.776908116000072 ], [ -90.959688872999948, 43.788080384000068 ], [ -90.951442447999966, 43.786747922000075 ], [ -90.954593836999948, 43.795053980000034 ], [ -90.950513867999973, 43.80152785000007 ], [ -90.940123136999944, 43.799227439000049 ], [ -90.937212550999959, 43.795443944000056 ] ] ] } },
{ "type": "Feature", "properties": { "huc4": "0708" }, "geometry": { "type": "Polygon", "coordinates": [ [ [ -92.991375331999961, 43.950354397000069 ], [ -92.96471397199997, 43.950106174000041 ], [ -92.945014767999965, 43.938717846000031 ], [ -92.921744292999961, 43.941531411000028 ], [ -92.885957116999975, 43.924146372000052 ], [ -92.845689873999959, 43.919125032000068 ], [ -92.819006133999949, 43.90966357700006 ], [ -92.821060046999946, 43.895053864000033 ], [ -92.819031247999987, 43.882260935000033 ], [ -92.812950153999964, 43.878537119000043 ], [ -92.798791344999984, 43.877666718000057 ], [ -92.795544948999975, 43.873793864000049 ], [ -92.799473304999935, 43.869407013000057 ], [ -92.798734793999984, 43.850894046000064 ], [ -92.805580082999938, 43.846345497000073 ], [ -92.800511631999939, 43.831759670000054 ], [ -92.809314093999944, 43.825399415000049 ], [ -92.79903128899997, 43.821524278000027 ], [ -92.801587771999948, 43.805155325000044 ], [ -92.796452556999952, 43.805132789000027 ], [ -92.786584010999945, 43.794566807000081 ], [ -92.795777736, 43.778318124000066 ], [ -92.789918633999946, 43.774417868000057 ], [ -92.789721630999964, 43.76880359200004 ], [ -92.799187429999961, 43.766448094000054 ], [ -92.799471321999988, 43.76081666500005 ], [ -92.789646801999936, 43.748941165000076 ], [ -92.779967395999961, 43.744560257000046 ], [ -92.777541583999948, 43.736933744000055 ], [ -92.760773322999967, 43.731650588000036 ], [ -92.749823772999946, 43.737509233000026 ], [ -92.74626497099996, 43.729314295000052 ], [ -92.747884959999965, 43.719760178000058 ], [ -92.727170671999943, 43.714521851000029 ], [ -92.719531438999979, 43.716745347000028 ], [ -92.699390082999969, 43.714209059000041 ], [ -92.697324280999965, 43.707837806000043 ], [ -92.687830499999961, 43.707254025000054 ], [ -92.684343018999982, 43.695754866000073 ], [ -92.68936933699996, 43.67785118300003 ], [ -92.685177829999986, 43.676489113000059 ], [ -92.683504704999962, 43.667768600000045 ], [ -92.676032772999974, 43.663331189000075 ], [ -92.678918637999971, 43.655793943000049 ], [ -92.675405824999984, 43.649053492000064 ], [ -92.664310550999971, 43.643416419000062 ], [ -92.662918814999955, 43.635371686000042 ], [ -92.668203207999966, 43.62704485900008 ], [ -92.642398085999957, 43.619480142000043 ], [ -92.636525246999952, 43.61299667000003 ], [ -92.647602724999956, 43.607251308000059 ], [ -92.656194114999948, 43.594025655000053 ], [ -92.657645173999981, 43.58379780000007 ], [ -92.654769220999981, 43.573783248000041 ], [ -92.666335387999936, 43.562048719000074 ], [ -92.652155398, 43.548266151000064 ], [ -92.642913969999938, 43.550483044000032 ], [ -92.639945391999959, 43.544321263000029 ], [ -92.626919951, 43.542754782000031 ], [ -92.624643644999935, 43.540322914000058 ], [ -92.62865901899994, 43.537593973000071 ], [ -92.62976585499996, 43.53061716600007 ], [ -92.619300858999964, 43.516842457000052 ], [ -92.60873511799997, 43.511774004000074 ], [ -92.606617450999977, 43.506460504000074 ], [ -92.586227894, 43.503779288000032 ], [ -92.559745963999944, 43.479448629000046 ], [ -92.555057584999986, 43.467725944000051 ], [ -92.545554906999939, 43.457932699000025 ], [ -92.54778317499995, 43.453191951000065 ], [ -92.538126965999936, 43.449317308000047 ], [ -92.538174609999942, 43.444883579000077 ], [ -92.529797394999946, 43.438330581000059 ], [ -92.532540058999984, 43.433594033000077 ], [ -92.520620566, 43.428925505000052 ], [ -92.513372851999975, 43.420418959000074 ], [ -92.50632812899994, 43.418094365000059 ], [ -92.496613672999956, 43.398875869000051 ], [ -92.487233002999972, 43.39192990600003 ], [ -92.489959758999987, 43.38583115800003 ], [ -92.469259859999966, 43.369290994000039 ], [ -92.465829216999964, 43.361663115000056 ], [ -92.46945515699997, 43.358315913000069 ], [ -92.465633195999942, 43.350512347000063 ], [ -92.450684427999988, 43.343236997000076 ], [ -92.452185232999966, 43.336425613000074 ], [ -92.445989467999937, 43.33292214800008 ], [ -92.446346295999945, 43.32597663100006 ], [ -92.428916441999945, 43.308255397000039 ], [ -92.422383177999961, 43.291529179000065 ], [ -92.407355129999985, 43.282339336000064 ], [ -92.39559344099996, 43.284550674000059 ], [ -92.379402287999937, 43.274409095000067 ], [ -92.381194628999936, 43.262993056000028 ], [ -92.365088494999952, 43.245960749000062 ], [ -92.365781197999979, 43.235736551000059 ], [ -92.35699981099998, 43.234143673000062 ], [ -92.343081473999973, 43.221891263000032 ], [ -92.336207816999945, 43.190861111000061 ], [ -92.310477505999984, 43.177843351000035 ], [ -92.310687431999952, 43.16699462400004 ], [ -92.291570737999962, 43.150710048000064 ], [ -92.269461759999956, 43.146202266000046 ], [ -92.252621396999984, 43.136159932000055 ], [ -92.241284218999965, 43.124806400000068 ], [ -92.239495644999977, 43.113128851000056 ], [ -92.226762684999983, 43.099363723000067 ], [ -92.216383449999967, 43.095768987000042 ], [ -92.210802127999955, 43.077575938000052 ], [ -92.201993034999987, 43.066643240000076 ], [ -92.199227184999984, 43.054444269000044 ], [ -92.185773497999946, 43.048045072000036 ], [ -92.18234479299997, 43.042038004000062 ], [ -92.183070177, 43.033637479000049 ], [ -92.161200045999976, 43.019026585000063 ], [ -92.143649107999977, 43.011820352000029 ], [ -92.142681678999963, 43.00784611000006 ], [ -92.136793062999971, 43.004729732000044 ], [ -92.135946675999946, 42.994307667000044 ], [ -92.129606548999959, 42.99438828600006 ], [ -92.118398687999957, 42.987590756000031 ], [ -92.116071228999942, 42.976565705000041 ], [ -92.101595828999962, 42.97609514700008 ], [ -92.085219987999949, 42.96575841300006 ], [ -92.081362401999968, 42.954212428000062 ], [ -92.068983755999966, 42.952332611000031 ], [ -92.058457560999955, 42.945792046000065 ], [ -92.036279545999946, 42.924850217000028 ], [ -92.023630845999946, 42.896180258000072 ], [ -92.019881614999974, 42.893510657000036 ], [ -92.025739726999973, 42.888199766000071 ], [ -92.025041042999987, 42.878865842000039 ], [ -92.008616979999942, 42.857538446000035 ], [ -92.002968221999936, 42.844494491000034 ], [ -91.995247461999952, 42.837200446000054 ], [ -91.977900928999986, 42.832479381000041 ], [ -91.972437390999971, 42.822845103000077 ], [ -91.961898468999948, 42.818975915000067 ], [ -91.949714959999937, 42.788435947000039 ], [ -91.942157691999967, 42.785168999000064 ], [ -91.933375358999967, 42.77014332400006 ], [ -91.917063795999979, 42.773463899000035 ], [ -91.911818555999957, 42.771184252000069 ], [ -91.898116451999954, 42.772576142000048 ], [ -91.892988535999962, 42.769438348000051 ], [ -91.88983645999997, 42.765033262000031 ], [ -91.891708952999977, 42.761768534000055 ], [ -91.872350576999963, 42.743868722000059 ], [ -91.856395326999973, 42.72287757600003 ], [ -91.855681995999987, 42.717380756000068 ], [ -91.843837639999947, 42.710592163000058 ], [ -91.832523257, 42.716875390000041 ], [ -91.811212652999984, 42.711995642000034 ], [ -91.803263336999976, 42.71608730500003 ], [ -91.785978323999984, 42.716770049000047 ], [ -91.781274237, 42.712916 ], [ -91.770803789999945, 42.699660424000058 ], [ -91.765804921999973, 42.682937394000078 ], [ -91.755647744999976, 42.67923916500007 ], [ -91.752448107999953, 42.660889348000069 ], [ -91.733310145999951, 42.651445592000073 ], [ -91.728006145999984, 42.640864810000039 ], [ -91.721463055999948, 42.636045620000061 ], [ -91.729564380999989, 42.623283435000076 ], [ -91.725189985999975, 42.611869302000059 ], [ -91.714703317999977, 42.605104347000065 ], [ -91.705795836999982, 42.589463970000054 ], [ -91.687130272, 42.585534533000043 ], [ -91.680510638999976, 42.577554217000056 ], [ -91.68439682099995, 42.575887090000037 ], [ -91.688488254999982, 42.56320488800003 ], [ -91.707814928999937, 42.557277051000028 ], [ -91.712124893999942, 42.551810813000031 ], [ -91.694430584999964, 42.532349604000046 ], [ -91.695863375999977, 42.529449438000029 ], [ -91.688739040999963, 42.519818086000043 ], [ -91.689853389999939, 42.508107703000064 ], [ -91.651291735999962, 42.462854932000027 ], [ -91.628122534999989, 42.444489901000054 ], [ -91.616211645999954, 42.444708122000065 ], [ -91.613293213999953, 42.452308044000063 ], [ -91.607915642999956, 42.454914810000048 ], [ -91.597731421999981, 42.45133351000004 ], [ -91.569368671999939, 42.449966762000031 ], [ -91.566269577999947, 42.444495326000037 ], [ -91.56845681599998, 42.436602348000065 ], [ -91.560883519999948, 42.432367059000057 ], [ -91.557233593999968, 42.426082262000079 ], [ -91.539233108999952, 42.413444768000033 ], [ -91.513307543999986, 42.407521421000069 ], [ -91.511665975999961, 42.399436801000036 ], [ -91.503347546999976, 42.394363963000046 ], [ -91.505989856999975, 42.390302432000055 ], [ -91.504349403999981, 42.385069896000061 ], [ -91.508415968999941, 42.379956630000038 ], [ -91.507127474999947, 42.371595715000069 ], [ -91.511555018999957, 42.37025936100008 ], [ -91.516366559999938, 42.36242992800004 ], [ -91.512312074999954, 42.357788121000056 ], [ -91.51300897699997, 42.351531600000044 ], [ -91.500587718999952, 42.34702358100003 ], [ -91.490634586999988, 42.337700128000051 ], [ -91.44923984899998, 42.322107415000062 ], [ -91.435751782999944, 42.312477548000061 ], [ -91.437679941999988, 42.306949520000046 ], [ -91.432774923999943, 42.303193991000057 ], [ -91.423132340999985, 42.302933105000079 ], [ -91.411026600999946, 42.296477196000069 ], [ -91.417285339999978, 42.288302084000065 ], [ -91.41385433499994, 42.276166660000058 ], [ -91.39929890999997, 42.244268107000039 ], [ -91.386922395999989, 42.237632446000077 ], [ -91.387909367999953, 42.227581247000046 ], [ -91.368480493999982, 42.224590052000053 ], [ -91.360517289999962, 42.219372454000052 ], [ -91.346093879999955, 42.225184373000047 ], [ -91.329948546999958, 42.215943291000031 ], [ -91.328352821999943, 42.211545165000075 ], [ -91.315149522999945, 42.209041346000049 ], [ -91.315566855999975, 42.205639284000029 ], [ -91.300990724999963, 42.197986731000071 ], [ -91.302092912999967, 42.19032866200007 ], [ -91.298772785999972, 42.183659940000041 ], [ -91.283228783999959, 42.173434695000026 ], [ -91.278206545999979, 42.164438055000062 ], [ -91.266162831999964, 42.162826916000029 ], [ -91.254571501999976, 42.152471608000042 ], [ -91.253371344999948, 42.147206310000058 ], [ -91.246258292999983, 42.142718681000076 ], [ -91.25165020999998, 42.135999628000036 ], [ -91.241112111999939, 42.12556087300004 ], [ -91.228672694999943, 42.119150214000058 ], [ -91.223963688999959, 42.112197501000026 ], [ -91.202841114999956, 42.102599835000035 ], [ -91.179130018999956, 42.082838994000042 ], [ -91.168696979999936, 42.081236066000031 ], [ -91.133520894999947, 42.065421256000036 ], [ -91.116209482999977, 42.052270868000051 ], [ -91.116041767999945, 42.046263301000067 ], [ -91.106850098999985, 42.042859907000036 ], [ -91.097213027999942, 42.04725452200006 ], [ -91.088305788999946, 42.045289817000025 ], [ -91.086736486999939, 42.041017398000065 ], [ -91.073888544999988, 42.032996184000069 ], [ -91.056171771999971, 42.033105353000053 ], [ -91.056357427999956, 42.038126319000071 ], [ -91.046493110999961, 42.041776127000048 ], [ -91.032389750999982, 42.037310327000057 ], [ -91.013359090999984, 42.042408149000039 ], [ -90.996897666999985, 42.037982912000075 ], [ -90.991306982999959, 42.040115520000029 ], [ -90.987738173999958, 42.036514452000063 ], [ -90.969885246, 42.039759917000026 ], [ -90.960924155999976, 42.035697902000038 ], [ -90.960168673999988, 42.030537525000057 ], [ -90.963460593999969, 42.026535627000044 ], [ -90.959314454999969, 42.01857711200006 ], [ -90.941851334999967, 42.01341847100008 ], [ -90.914199848999942, 42.018891749000034 ], [ -90.908651676999966, 42.007996458000036 ], [ -90.90088620399996, 42.004552036000064 ], [ -90.894969095999954, 41.996725284000036 ], [ -90.881336921999946, 41.992340442000057 ], [ -90.847536045999959, 41.997844802000031 ], [ -90.839932592999958, 42.012430739000081 ], [ -90.824093540999968, 42.012515377000057 ], [ -90.812838685999964, 42.006746932000055 ], [ -90.813556989999938, 41.996630469000024 ], [ -90.806132205999972, 41.991827920000048 ], [ -90.776183945999946, 41.986147369000037 ], [ -90.774111128999948, 41.973947887000065 ], [ -90.763048757999968, 41.966691169000057 ], [ -90.751881863999984, 41.967187787000057 ], [ -90.743608886999937, 41.961135035000041 ], [ -90.733583984999939, 41.963976770000045 ], [ -90.716118603999973, 41.95744585500006 ], [ -90.704220471999975, 41.94674382900007 ], [ -90.691204333999963, 41.946156631000065 ], [ -90.680052302999968, 41.940784802000053 ], [ -90.673573957999963, 41.931732324000052 ], [ -90.669411347999983, 41.93404976000005 ], [ -90.64858120699995, 41.93347471900006 ], [ -90.644795257999988, 41.937235821000058 ], [ -90.647281755999984, 41.944599715000038 ], [ -90.634218015999977, 41.949864049000041 ], [ -90.621760442999971, 41.946904584000038 ], [ -90.613388682999982, 41.95144859100003 ], [ -90.610584115999984, 41.948521162000077 ], [ -90.597437333999949, 41.947813128000064 ], [ -90.578990464999947, 41.952121934000047 ], [ -90.571586934999971, 41.947628485000052 ], [ -90.564681427999972, 41.936439292000045 ], [ -90.557535797999947, 41.936030084000038 ], [ -90.55050403499996, 41.921591522000028 ], [ -90.529731328999958, 41.917735394000033 ], [ -90.525040665999938, 41.911815497000077 ], [ -90.517886005999969, 41.912704643000041 ], [ -90.505540825999958, 41.904831032000061 ], [ -90.494185590999962, 41.90862734500007 ], [ -90.48806439599997, 41.918575112000042 ], [ -90.481661774999964, 41.918806498000038 ], [ -90.484790574999977, 41.925894853000045 ], [ -90.481022437999968, 41.928072136000026 ], [ -90.468748213999959, 41.927329200000031 ], [ -90.462720355999977, 41.92387922000006 ], [ -90.44868483, 41.925398007000069 ], [ -90.445761280999989, 41.931494874000066 ], [ -90.440880471999947, 41.933373363000044 ], [ -90.43690769899996, 41.944121607000056 ], [ -90.428088198999944, 41.947233968000035 ], [ -90.427426794999974, 41.950829033000048 ], [ -90.421678757999985, 41.952315532000057 ], [ -90.416633979999972, 41.959131759000059 ], [ -90.401217470999939, 41.960949542000037 ], [ -90.391015929, 41.967323049000072 ], [ -90.373467518999973, 41.965031791000058 ], [ -90.352178303999949, 41.958938312000043 ], [ -90.344564372999969, 41.949647655000035 ], [ -90.331237419999979, 41.944084448000069 ], [ -90.321348365999938, 41.931903026000043 ], [ -90.314769879999972, 41.931969892000041 ], [ -90.307682746999944, 41.927247131000058 ], [ -90.297613850999937, 41.929367401000036 ], [ -90.291088317999936, 41.935175188000073 ], [ -90.284497060999968, 41.929301768000073 ], [ -90.267218650999951, 41.928747564000048 ], [ -90.254584567999984, 41.934064480000075 ], [ -90.247616256999947, 41.930480665000061 ], [ -90.238882056999955, 41.93101422400008 ], [ -90.23692682899997, 41.924419359000069 ], [ -90.228255626999953, 41.923688741000035 ], [ -90.224458965999986, 41.920129718000055 ], [ -90.226272515999938, 41.906992196000033 ], [ -90.222697730999982, 41.888363125000069 ], [ -90.210625991999962, 41.87427414900003 ], [ -90.189760684999953, 41.895996154000045 ], [ -90.121333290999985, 41.901610556000037 ], [ -90.105931240999951, 41.934921631000066 ], [ -90.108145019999938, 41.951541406000047 ], [ -90.119577076999974, 41.97286801000007 ], [ -90.113718475999974, 41.976934658000062 ], [ -90.098582676999968, 41.977490412000066 ], [ -90.085411775999944, 41.982089925000025 ], [ -90.065345090999983, 41.981511492000038 ], [ -90.065536660999953, 41.986114939000061 ], [ -90.055618773999981, 41.994962089000069 ], [ -90.055486272999985, 42.000382178000052 ], [ -90.043186851999963, 42.009766693000074 ], [ -90.045668045999946, 42.017475899000033 ], [ -90.036691168999937, 42.037481725000077 ], [ -90.036414693999973, 42.048600527000076 ], [ -90.019277668999962, 42.057915156000035 ], [ -90.017667479999943, 42.065344191000065 ], [ -90.007607791999988, 42.061650998000061 ], [ -89.99905812999998, 42.071454563000032 ], [ -89.982150195999964, 42.076257626000029 ], [ -89.972306426999978, 42.08461426000008 ], [ -89.955654760999948, 42.081970496000054 ], [ -89.951303740999947, 42.085561855000037 ], [ -89.937361553999949, 42.08148811600006 ], [ -89.919960896999953, 42.085304991000044 ], [ -89.915627130999951, 42.083137855000075 ], [ -89.911050297999964, 42.087126450000028 ], [ -89.907835043999967, 42.083348648000026 ], [ -89.889188172, 42.07933642100005 ], [ -89.888469607, 42.075333134000061 ], [ -89.894705207999948, 42.069703206000042 ], [ -89.899890812999956, 42.057948005000071 ], [ -89.89706003799995, 42.053956103000075 ], [ -89.899559498999963, 42.049634765000064 ], [ -89.893369584999959, 42.046914856000058 ], [ -89.896122574999936, 42.042965004000052 ], [ -89.892222431999983, 42.039135763000047 ], [ -89.90248623399998, 42.028599180000072 ], [ -89.902699171999984, 42.024852967000072 ], [ -89.92116397999996, 42.018451248000076 ], [ -89.919146688999945, 42.004741224000043 ], [ -89.914278715999956, 41.998378546000026 ], [ -89.942242331999978, 41.995414823000033 ], [ -89.951294192999967, 41.989421246000063 ], [ -89.950933793, 41.983807650000074 ], [ -89.969717307999986, 41.984762545000081 ], [ -89.969773098999951, 41.982179100000053 ], [ -89.973906562999957, 41.985426391000033 ], [ -89.984505522999939, 41.985917086000029 ], [ -89.988113452999983, 41.98248740400004 ], [ -89.984770373999936, 41.968761347000054 ], [ -89.989007281999989, 41.956808468000077 ], [ -89.985590712999965, 41.954024871000058 ], [ -89.987875268999971, 41.952138174000027 ], [ -89.985661193999988, 41.947787839000057 ], [ -89.99212171299996, 41.942615854000053 ], [ -89.992245301999958, 41.93434469500005 ], [ -89.986219121999966, 41.932698921000053 ], [ -89.980901610999979, 41.926061734000029 ], [ -89.98389009899995, 41.923933371000032 ], [ -89.978377620999936, 41.91955159500003 ], [ -89.983130913999958, 41.919547243000068 ], [ -89.984657328999958, 41.910548580000068 ], [ -89.979432025999984, 41.908842874000072 ], [ -89.972020184999963, 41.898748587000057 ], [ -89.978732175999937, 41.891521761000035 ], [ -89.986760803999971, 41.889311560000067 ], [ -89.989004560999945, 41.880675352000026 ], [ -89.998477917999935, 41.875570719000052 ], [ -90.002841483999987, 41.861609790000045 ], [ -90.006886732999988, 41.861551526000028 ], [ -89.99993253699995, 41.852600517000042 ], [ -89.999443002999953, 41.844829053000069 ], [ -90.008251796999957, 41.839347689000078 ], [ -90.023801728999956, 41.839993117000063 ], [ -90.02271385399996, 41.833520022000073 ], [ -90.049784175999946, 41.839332398000067 ], [ -90.056060784999943, 41.837868894000053 ], [ -90.045787831999974, 41.832124467000028 ], [ -90.047023524999986, 41.82772555400004 ], [ -90.043294150999941, 41.822171623000031 ], [ -90.045840550999969, 41.818125360000067 ], [ -90.025023443999942, 41.812498563000077 ], [ -90.028999103, 41.805762670000036 ], [ -90.02414564299994, 41.78837986700006 ], [ -90.073645823999982, 41.784112141000037 ], [ -90.089479862999951, 41.79116700600008 ], [ -90.100835920999941, 41.789357080000059 ], [ -90.108464811999966, 41.791950955000061 ], [ -90.108892176999973, 41.788556352000057 ], [ -90.12699095399995, 41.788921816000027 ], [ -90.129831353999975, 41.785111529000062 ], [ -90.137072008999951, 41.786847425000076 ], [ -90.141207976999965, 41.784184825000068 ], [ -90.138230067999984, 41.782526892000078 ], [ -90.143323733999978, 41.782530467000072 ], [ -90.154018537999946, 41.771467247000032 ], [ -90.148147298999959, 41.769865254000081 ], [ -90.146870685999943, 41.766540625000061 ], [ -90.15011425199998, 41.763235010000074 ], [ -90.143319111999972, 41.760943271000031 ], [ -90.140809754999964, 41.757021463000058 ], [ -90.142612705999966, 41.752636647000031 ], [ -90.147326630999942, 41.753089672000044 ], [ -90.14620391699998, 41.750952160000054 ], [ -90.150506835999977, 41.750452911000025 ], [ -90.151078057999939, 41.747172927000065 ], [ -90.161221936999937, 41.746002499000042 ], [ -90.162374630999977, 41.742025348000027 ], [ -90.200760449999962, 41.74239102100006 ], [ -90.201028968999935, 41.73435383900005 ], [ -90.19705059599994, 41.731748431000028 ], [ -90.209436471999936, 41.714496936000046 ], [ -90.203749828999946, 41.706592406000027 ], [ -90.196048935999954, 41.704268391000028 ], [ -90.192247588999976, 41.696746135000069 ], [ -90.190286622999963, 41.683257691000051 ], [ -90.194427656999949, 41.678504338000039 ], [ -90.196029887999941, 41.661668407000036 ], [ -90.199458764999974, 41.66040934800003 ], [ -90.189811780999946, 41.657087432000026 ], [ -90.188640578, 41.654073255000071 ], [ -90.192520722999973, 41.654768275000038 ], [ -90.195445998999958, 41.647509739000043 ], [ -90.202077345999953, 41.648816988000078 ], [ -90.202611819999959, 41.64359466600007 ], [ -90.209716159999971, 41.641747905000045 ], [ -90.22441222499998, 41.643097711000053 ], [ -90.229619585999956, 41.640381765000029 ], [ -90.237169351999967, 41.643579167000041 ], [ -90.247036306999973, 41.640933167000071 ], [ -90.253003895999939, 41.644849133000037 ], [ -90.249373227999968, 41.64761014000004 ], [ -90.26309261199998, 41.650676024000063 ], [ -90.267364535999945, 41.639665553000043 ], [ -90.273454553999954, 41.642865101000041 ], [ -90.282985517999975, 41.64019257700005 ], [ -90.283760020999978, 41.636028864000025 ], [ -90.291704307999964, 41.632989801000065 ], [ -90.278619445999936, 41.629861571000049 ], [ -90.278567231999943, 41.625682808000079 ], [ -90.28384263099997, 41.627009308000027 ], [ -90.284568198999978, 41.624042577000068 ], [ -90.292428473999962, 41.626631028000077 ], [ -90.294833163999954, 41.622782444000052 ], [ -90.309442505999982, 41.620432381000057 ], [ -90.298543225999936, 41.614988092000033 ], [ -90.301130722999972, 41.610330912000052 ], [ -90.290591991999975, 41.604067059000045 ], [ -90.294117369999981, 41.598051043000055 ], [ -90.292184627999973, 41.594670147000045 ], [ -90.298484840999947, 41.589123695000069 ], [ -90.30834297399997, 41.582235006000076 ], [ -90.32269750599994, 41.585555371000055 ], [ -90.324239387999967, 41.580099072000053 ], [ -90.316841763999946, 41.576309975000072 ], [ -90.328213469, 41.572216326000046 ], [ -90.328797623999947, 41.568715268000062 ], [ -90.350736549999965, 41.573291831000063 ], [ -90.351885190999951, 41.565690927000048 ], [ -90.356665484999951, 41.567002855000055 ], [ -90.36747478999996, 41.560051461000057 ], [ -90.382578283999976, 41.557691593000072 ], [ -90.383966981999947, 41.54745815900003 ], [ -90.379309115999945, 41.544473664000066 ], [ -90.380162176999988, 41.541605727000046 ], [ -90.37061678699996, 41.53629224000008 ], [ -90.375705981999943, 41.530646666000052 ], [ -90.382978823999963, 41.530269607000037 ], [ -90.387615677999975, 41.524718386000075 ], [ -90.42482615299997, 41.52045104900003 ], [ -90.422870284999988, 41.510936030000039 ], [ -90.406071216999976, 41.502563275000057 ], [ -90.406909733999953, 41.498310901000025 ], [ -90.413553687, 41.496663308000052 ], [ -90.415900022999949, 41.491075045000059 ], [ -90.453506870999945, 41.489730808000047 ], [ -90.458802267999943, 41.493453029000079 ], [ -90.475151676999985, 41.489066454000067 ], [ -90.500271853999948, 41.492368371000055 ], [ -90.513977408999949, 41.48841318400008 ], [ -90.515842289999966, 41.497315378000053 ], [ -90.537332780999975, 41.491648643000076 ], [ -90.561511619999976, 41.493404594000026 ], [ -90.565661773999977, 41.496383188000038 ], [ -90.577168453999946, 41.491051282000058 ], [ -90.576574492999953, 41.487539585000036 ], [ -90.594124250999982, 41.490946049000058 ], [ -90.599928581999961, 41.481615029000068 ], [ -90.618254065999963, 41.48179536300006 ], [ -90.606980021999959, 41.475769720000073 ], [ -90.610098208999943, 41.470927527000072 ], [ -90.604912751999962, 41.469314178000047 ], [ -90.603484445999982, 41.465409329000067 ], [ -90.586253779999936, 41.45639725500007 ], [ -90.561286072999962, 41.455053320000047 ], [ -90.557431140999938, 41.447691163000059 ], [ -90.559950599, 41.446278859000074 ], [ -90.55397216199998, 41.445820618000027 ], [ -90.562782683999956, 41.43959103800006 ], [ -90.572613129999979, 41.417567445000032 ], [ -90.570314802999974, 41.411906762000058 ], [ -90.560768608999979, 41.404931527000031 ], [ -90.567241077999938, 41.393003264000072 ], [ -90.620281657999953, 41.393378383000027 ], [ -90.637141252999982, 41.38703921900003 ], [ -90.659353824999982, 41.391054396000072 ], [ -90.667154018999952, 41.386780265000027 ], [ -90.673211758999969, 41.389788064000072 ], [ -90.699752641999964, 41.385864646000073 ], [ -90.711962955, 41.388018341000077 ], [ -90.712184386, 41.382074117000059 ], [ -90.706724299999962, 41.374625920000028 ], [ -90.707630528999971, 41.364974972000027 ], [ -90.702465932999985, 41.362017567000066 ], [ -90.704302947999963, 41.357975449000037 ], [ -90.698740341999951, 41.348086620000061 ], [ -90.690561866999985, 41.344394648000048 ], [ -90.695125019999978, 41.339151882000067 ], [ -90.692457711999964, 41.336408637000034 ], [ -90.692722592999985, 41.323848834000046 ], [ -90.673346666999976, 41.317457756000067 ], [ -90.653542182999956, 41.316698483000039 ], [ -90.63847776199998, 41.320093357000076 ], [ -90.629918888999953, 41.313714765000043 ], [ -90.565228637999951, 41.308495815000072 ], [ -90.551576398999941, 41.30922227700006 ], [ -90.53565501099996, 41.316747903000078 ], [ -90.533554094999943, 41.312095312000054 ], [ -90.527261958999986, 41.310477284000058 ], [ -90.52233020999995, 41.314193039000031 ], [ -90.508673559999977, 41.31411504700003 ], [ -90.507303247999971, 41.318325789000028 ], [ -90.499179968999954, 41.322848798000052 ], [ -90.488859478999984, 41.32463479300003 ], [ -90.480657520999955, 41.320785107000063 ], [ -90.463981180999951, 41.324649308000062 ], [ -90.456135656999948, 41.32290256400006 ], [ -90.449761266999985, 41.328402554000036 ], [ -90.431619128999955, 41.333977885000024 ], [ -90.403703016999941, 41.33473048500008 ], [ -90.374398265999957, 41.341013622000048 ], [ -90.363393756999983, 41.348341449000031 ], [ -90.335561567999946, 41.348381714000027 ], [ -90.297562045999939, 41.343251871000064 ], [ -90.287933687999953, 41.346236694000027 ], [ -90.279119828999967, 41.363333425000064 ], [ -90.271952486999965, 41.36546769000006 ], [ -90.24190962199998, 41.359194302000049 ], [ -90.241293904999964, 41.354937993000078 ], [ -90.228723876999936, 41.341904274000058 ], [ -90.229988089999949, 41.335104992000026 ], [ -90.217891443999974, 41.330679674000066 ], [ -90.212663516999953, 41.321437586000059 ], [ -90.202998918999981, 41.318867374000035 ], [ -90.198823491999974, 41.302961544000027 ], [ -90.195276089999936, 41.301442848000079 ], [ -90.178562614999976, 41.29681752700003 ], [ -90.174190195999984, 41.299821543000064 ], [ -90.146656059999941, 41.295659887000056 ], [ -90.140438012999937, 41.301010329000064 ], [ -90.12325679099996, 41.299857905000067 ], [ -90.106917690999978, 41.289148707000038 ], [ -90.102728317999947, 41.293407966000075 ], [ -90.106319709, 41.300507268000047 ], [ -90.096652875999951, 41.301220707000027 ], [ -90.085830963999967, 41.295355132000054 ], [ -90.065741718999959, 41.29685061400005 ], [ -90.048187190999954, 41.29186406000008 ], [ -90.040375285999971, 41.293047810000076 ], [ -90.035308530999941, 41.28939291100005 ], [ -90.007852775999936, 41.286611343000061 ], [ -89.996143974999939, 41.27035810700005 ], [ -89.983434292999959, 41.265168093000057 ], [ -89.98433825799998, 41.261440924000055 ], [ -89.978616715999976, 41.253677985000024 ], [ -89.981733711999937, 41.247515399000065 ], [ -89.97446384899996, 41.240366447000042 ], [ -89.978916885, 41.234990077000077 ], [ -89.966562385999964, 41.228530036000052 ], [ -89.970079744999964, 41.221459195000079 ], [ -89.969227904999968, 41.214868501000069 ], [ -89.961937121999938, 41.204860611000072 ], [ -89.972135985999955, 41.204066527000066 ], [ -89.977432693999958, 41.207169664000048 ], [ -89.987389146999988, 41.205301654000039 ], [ -89.984805789999939, 41.200378131000036 ], [ -89.986372407999966, 41.183203914000046 ], [ -89.993384567999954, 41.175414807000038 ], [ -89.990653481999971, 41.173236078000059 ], [ -89.990881497999965, 41.159006808000072 ], [ -90.001300838999953, 41.155555340000035 ], [ -90.018865975999972, 41.159751745000051 ], [ -90.023641560999977, 41.157758952000052 ], [ -90.041347692999977, 41.164965363000078 ], [ -90.05279268299995, 41.176565173000029 ], [ -90.067343224999945, 41.177992733000053 ], [ -90.076584270999945, 41.17739677600008 ], [ -90.085565918999976, 41.169864625000059 ], [ -90.092879499999981, 41.16981124800003 ], [ -90.097276146999945, 41.16239610100007 ], [ -90.107926546999977, 41.158796366000047 ], [ -90.138755210999989, 41.166352953000057 ], [ -90.173467862999985, 41.162326955000026 ], [ -90.207051841999942, 41.16756745400005 ], [ -90.229710701999977, 41.158307721000028 ], [ -90.23674133999998, 41.153821070000049 ], [ -90.254108735999978, 41.130589469000029 ], [ -90.245607916999973, 41.110852908000027 ], [ -90.253026222999949, 41.107579926000028 ], [ -90.252829973999951, 41.101754614000072 ], [ -90.257105922999983, 41.097183861000076 ], [ -90.248908134999965, 41.085471248000033 ], [ -90.261882041999968, 41.074991975000046 ], [ -90.255852015999949, 41.063166828000078 ], [ -90.267193172999953, 41.054715067000075 ], [ -90.271163765999972, 41.042777654000076 ], [ -90.281455076999976, 41.043064561000051 ], [ -90.284586585999989, 41.037136043000032 ], [ -90.291572461999976, 41.037340487000051 ], [ -90.298461000999964, 41.02656336900003 ], [ -90.308887881999965, 41.022403947000043 ], [ -90.295970865999948, 41.010863086000029 ], [ -90.314927650999948, 41.006505270000048 ], [ -90.318066281999961, 40.988924250000025 ], [ -90.33691926399996, 40.970649163000076 ], [ -90.340353952999976, 40.962403276000032 ], [ -90.337904527999967, 40.951218195000081 ], [ -90.349307374999967, 40.943257427000049 ], [ -90.351772831999938, 40.932449255000051 ], [ -90.36303176399997, 40.931196305000071 ], [ -90.367736985999954, 40.927317144000028 ], [ -90.368529040999988, 40.91475734100004 ], [ -90.361486422999974, 40.914529264000066 ], [ -90.360734777999937, 40.910501628000077 ], [ -90.367850113999964, 40.909606455000073 ], [ -90.375212957999963, 40.903548983000064 ], [ -90.383344792999935, 40.90660288600003 ], [ -90.389147871999967, 40.899247850000052 ], [ -90.409198194999988, 40.896261686000059 ], [ -90.42576885699998, 40.896339588000046 ], [ -90.465354755999954, 40.889361133000079 ], [ -90.523260475999962, 40.889169590000051 ], [ -90.550873943999989, 40.87878007900008 ], [ -90.576979264999977, 40.874563973000079 ], [ -90.595297923999965, 40.878124426000056 ], [ -90.587826926, 40.86562589600004 ], [ -90.586099521999984, 40.855453558000079 ], [ -90.590826051999954, 40.847576563000075 ], [ -90.661874092999938, 40.846886784000048 ], [ -90.661844348999978, 40.836603402000037 ], [ -90.683483431999946, 40.81768747600006 ], [ -90.676758922999966, 40.807758712000066 ], [ -90.686720646999959, 40.777114617000052 ], [ -90.696887651999987, 40.76958094500003 ], [ -90.711820942999964, 40.765185727000073 ], [ -90.71327496899994, 40.753631723000069 ], [ -90.718233061999968, 40.749848555000028 ], [ -90.714841466999985, 40.747587482000029 ], [ -90.719155741999941, 40.743733534000057 ], [ -90.709337482999956, 40.742541740000036 ], [ -90.708321521999949, 40.73669738500007 ], [ -90.697862660999988, 40.733621159000052 ], [ -90.705623485, 40.722537643000067 ], [ -90.701538479999954, 40.72054246700003 ], [ -90.692098889999954, 40.723235733000081 ], [ -90.692829701999983, 40.715214735000075 ], [ -90.680729716999963, 40.711456782000027 ], [ -90.681347905999985, 40.70610657800006 ], [ -90.687960267999983, 40.702785020000078 ], [ -90.693660529999988, 40.705669259000047 ], [ -90.700482192999971, 40.704343620000031 ], [ -90.715389705999939, 40.695474686000068 ], [ -90.736187738999945, 40.689080595000064 ], [ -90.736155283999949, 40.681703923000043 ], [ -90.742069852999975, 40.669227 ], [ -90.753683224999975, 40.661642217000065 ], [ -90.782627634999983, 40.662025681000046 ], [ -90.780664019999961, 40.656729748000032 ], [ -90.795163270999979, 40.655994465000049 ], [ -90.798663732999955, 40.657007804000045 ], [ -90.799572853999962, 40.66125260900003 ], [ -90.80929335999997, 40.661817273000054 ], [ -90.835899986999948, 40.654964881000069 ], [ -90.840952524999977, 40.658087033000072 ], [ -90.880869767999968, 40.660966502000065 ], [ -90.900619981999967, 40.669530199000064 ], [ -90.903724221999937, 40.668195532000027 ], [ -90.906693784999959, 40.655166014000031 ], [ -90.93303820999995, 40.644248555000047 ], [ -90.945045240999946, 40.643682310000031 ], [ -90.983543565, 40.652492949000077 ], [ -91.005732651999949, 40.652292974000034 ], [ -91.006990249999944, 40.649484552000047 ], [ -91.027921380999942, 40.645010715000069 ], [ -91.030608626999935, 40.640556012000047 ], [ -91.045062427999937, 40.634429844000067 ], [ -91.050498582999978, 40.636066766000056 ], [ -91.076379341999939, 40.625579922000043 ], [ -91.080624891999946, 40.611344304000056 ], [ -91.080017787999964, 40.600280934000068 ], [ -91.076377253999965, 40.596203381000066 ], [ -91.099544063999986, 40.582823713000039 ], [ -91.099887981999984, 40.565261351000061 ], [ -91.106291308999971, 40.553337052000074 ], [ -91.161045490999982, 40.543479273000059 ], [ -91.176671121999959, 40.545527437000032 ], [ -91.215731486999971, 40.543155260000049 ], [ -91.218253655999945, 40.515450181000062 ], [ -91.216198307999946, 40.51231873100005 ], [ -91.226565017999974, 40.500274955000066 ], [ -91.212035516999947, 40.49806019500005 ], [ -91.208912708999947, 40.493223904000047 ], [ -91.221515816999954, 40.490427521000072 ], [ -91.213161386999957, 40.480116631000044 ], [ -91.219397047999962, 40.477111572000069 ], [ -91.220127889999958, 40.470809751000047 ], [ -91.230746132999968, 40.470961295000052 ], [ -91.236963702999958, 40.466840587000036 ], [ -91.233954590999986, 40.456024369000033 ], [ -91.221463598999946, 40.451441963000036 ], [ -91.222741611999936, 40.448205431000076 ], [ -91.216573810999989, 40.44697528100005 ], [ -91.208574595999949, 40.43530826600005 ], [ -91.219386433999944, 40.432767229000035 ], [ -91.224391138999977, 40.426475004000054 ], [ -91.235091008999973, 40.42111445900008 ], [ -91.240287997999985, 40.41033284100007 ], [ -91.250094335999961, 40.408481132000077 ], [ -91.280587750999985, 40.386349713000072 ], [ -91.286869574999969, 40.375126603000069 ], [ -91.283434586999988, 40.363314958000046 ], [ -91.293163794999941, 40.353266536000035 ], [ -91.294698582999956, 40.336933907000059 ], [ -91.304256160999955, 40.334235634000038 ], [ -91.31065543699998, 40.341063853000037 ], [ -91.314387433999968, 40.340864385000032 ], [ -91.317223511999941, 40.330640518000052 ], [ -91.327836657999967, 40.325196586000061 ], [ -91.327939744, 40.316595455000027 ], [ -91.343412160999947, 40.318038752000064 ], [ -91.362294172999952, 40.324951817000056 ], [ -91.385431002999951, 40.325668829000051 ], [ -91.396938937999948, 40.344373544000064 ], [ -91.401869732999955, 40.346501459000081 ], [ -91.401653517999989, 40.351989081000056 ], [ -91.409245839999983, 40.355764797000063 ], [ -91.413865263, 40.376269990000026 ], [ -91.423539389999974, 40.383511080000062 ], [ -91.421854414999984, 40.388678636000066 ], [ -91.414138697999988, 40.389903067000034 ], [ -91.416193642999986, 40.395594527000071 ], [ -91.431173388, 40.401823561000072 ], [ -91.435267501999988, 40.409554850000063 ], [ -91.433913823999944, 40.416946475000032 ], [ -91.427148726999974, 40.41564535200007 ], [ -91.422757278999939, 40.419710292000048 ], [ -91.427733641999964, 40.42778674300007 ], [ -91.422108759999958, 40.433844022000073 ], [ -91.438406269999973, 40.44533593400007 ], [ -91.445176046999961, 40.446536891000051 ], [ -91.457074815999988, 40.457356507000043 ], [ -91.453872434999937, 40.465603716000032 ], [ -91.447237976999986, 40.47069639800003 ], [ -91.45063276999997, 40.481864631000064 ], [ -91.447233155999982, 40.486752868000053 ], [ -91.448115407999978, 40.491140832000042 ], [ -91.438538048999987, 40.493398286000058 ], [ -91.444660700999975, 40.502034665000053 ], [ -91.442134124999939, 40.515237930000069 ], [ -91.45136520899996, 40.517210449000061 ], [ -91.46429270699997, 40.52812012000004 ], [ -91.466307111999981, 40.53471102900005 ], [ -91.474665228999982, 40.539326493000033 ], [ -91.471729714999981, 40.543696820000036 ], [ -91.47432771299998, 40.546765681000068 ], [ -91.484964422999951, 40.547699383000065 ], [ -91.498724193999976, 40.554872199000044 ], [ -91.50116890399994, 40.560009389000072 ], [ -91.518424970999945, 40.565723579000064 ], [ -91.517213222999942, 40.570920722000039 ], [ -91.520726312999955, 40.574527702000069 ], [ -91.518134984999961, 40.578609713000048 ], [ -91.524791017999974, 40.583245045000069 ], [ -91.524956705999955, 40.589789827000061 ], [ -91.531061425999951, 40.59723959400003 ], [ -91.546805283999959, 40.606090967000057 ], [ -91.548468581999941, 40.613770001000034 ], [ -91.555519423999954, 40.618390667000028 ], [ -91.557324303999962, 40.626065311000048 ], [ -91.554998147999981, 40.629489870000043 ], [ -91.561047462999966, 40.63492823200005 ], [ -91.565597759999946, 40.648691356000029 ], [ -91.572289900999976, 40.652557368000032 ], [ -91.56672556999996, 40.660492827000041 ], [ -91.573159124999961, 40.662514633000058 ], [ -91.581649942999945, 40.671264074000078 ], [ -91.575187529999937, 40.677062103000026 ], [ -91.575264, 40.684056103000046 ], [ -91.58753274999998, 40.692873114000065 ], [ -91.59364190499997, 40.702557789000025 ], [ -91.593400507999945, 40.722064542000055 ], [ -91.604303705999939, 40.727402348000055 ], [ -91.619242131999954, 40.72678120300003 ], [ -91.622387286999981, 40.743807960000026 ], [ -91.647179550999965, 40.75442632000005 ], [ -91.642736191999973, 40.759006442000043 ], [ -91.645555937999973, 40.764648267000041 ], [ -91.663420545999941, 40.764331755000057 ], [ -91.675768168, 40.760548601000039 ], [ -91.678639496999949, 40.755817092000029 ], [ -91.686271812999962, 40.758652271000074 ], [ -91.702389852999943, 40.756689546000075 ], [ -91.717220730999941, 40.764406119000057 ], [ -91.718685750999953, 40.769763698000077 ], [ -91.732464252999989, 40.780777214000068 ], [ -91.750948860999983, 40.778971883000054 ], [ -91.748683038999957, 40.789198569000064 ], [ -91.765103829999987, 40.798109607000072 ], [ -91.770711486999971, 40.798797215000036 ], [ -91.776225002, 40.795053363000079 ], [ -91.781796425999971, 40.795998964000034 ], [ -91.786574701999939, 40.801284394000049 ], [ -91.804492253999967, 40.802185447000056 ], [ -91.815139397999985, 40.808930715000031 ], [ -91.836413102999984, 40.807381172000078 ], [ -91.85153057499997, 40.820224480000036 ], [ -91.847758471999953, 40.82499187500008 ], [ -91.833811409999953, 40.82650882400003 ], [ -91.833643075999987, 40.853769366000051 ], [ -91.831487966999987, 40.855583711000065 ], [ -91.844904111999938, 40.867956790000051 ], [ -91.864610437999943, 40.873362629000042 ], [ -91.871528874999967, 40.868668457000069 ], [ -91.871994767, 40.863971715000048 ], [ -91.890741218999949, 40.866001875000052 ], [ -91.900873673999968, 40.858494129000064 ], [ -91.911723342999949, 40.861568380000051 ], [ -91.923189431999958, 40.874096045000044 ], [ -91.947601310999971, 40.874195975000077 ], [ -91.955843061999985, 40.882812176000073 ], [ -91.954448516999946, 40.890607643000067 ], [ -91.967972940999971, 40.90250595200007 ], [ -91.992839629999935, 40.905192655000064 ], [ -92.002564227999983, 40.918447960000037 ], [ -91.998594632999982, 40.922896757000046 ], [ -91.999723782, 40.931316808000076 ], [ -91.994551982999951, 40.933994492000068 ], [ -92.008017114999973, 40.943356373000029 ], [ -92.008774600999971, 40.949454871000057 ], [ -92.012437527999964, 40.952360689000045 ], [ -92.01740853299998, 40.952939435000076 ], [ -92.019010805999983, 40.947912175000056 ], [ -92.028926249999984, 40.945057373000054 ], [ -92.053947726999979, 40.961975479000046 ], [ -92.075848259999987, 40.966142932000025 ], [ -92.090880742999957, 40.963666930000045 ], [ -92.097434380999971, 40.956769615000042 ], [ -92.10808444099996, 40.964526763000038 ], [ -92.111156603999973, 40.960478727000066 ], [ -92.135345231999963, 40.950023114000032 ], [ -92.141488357999947, 40.943183324000074 ], [ -92.146059569999977, 40.946284734000074 ], [ -92.162480825999978, 40.947520631000032 ], [ -92.178927365999982, 40.960466487000076 ], [ -92.186545003999981, 40.957688992000044 ], [ -92.191616439999962, 40.950195437000048 ], [ -92.209913947999951, 40.950837089000061 ], [ -92.219082138999966, 40.945343365000042 ], [ -92.235372652999956, 40.951244701000064 ], [ -92.242476943999975, 40.960901561000071 ], [ -92.252382577, 40.960751717000051 ], [ -92.271023603999936, 40.974213478000024 ], [ -92.284558153999967, 40.978910179000025 ], [ -92.30415034899994, 40.994560442000079 ], [ -92.319770692999953, 40.995297202000074 ], [ -92.323749300999964, 40.997598279000044 ], [ -92.322233375999986, 41.000867438000057 ], [ -92.326821400999961, 41.006321353000033 ], [ -92.320475119999969, 41.023187225000072 ], [ -92.326231396999958, 41.03087888400006 ], [ -92.324206132999961, 41.034260541000037 ], [ -92.334742539999979, 41.046465687000079 ], [ -92.348589745999959, 41.045798353000066 ], [ -92.350431850999939, 41.050115984000058 ], [ -92.361848476999967, 41.050372820000064 ], [ -92.368345210999962, 41.058431107000047 ], [ -92.386905549999938, 41.064709100000073 ], [ -92.396255568999948, 41.06190554300008 ], [ -92.407354301999987, 41.066253262000032 ], [ -92.416170506999947, 41.056897763000052 ], [ -92.421034347999978, 41.057613887000059 ], [ -92.421141310999985, 41.068039383000041 ], [ -92.454371892999973, 41.093942093000067 ], [ -92.445910348999973, 41.107866929000068 ], [ -92.457335660999945, 41.123128604000044 ], [ -92.462489104999975, 41.124268180000058 ], [ -92.464434743999959, 41.132685761000062 ], [ -92.477463015999945, 41.139073427000028 ], [ -92.479672578999953, 41.143116079000038 ], [ -92.487541619999945, 41.145596685000044 ], [ -92.492862379999963, 41.143732614000044 ], [ -92.496803344999989, 41.147868346000052 ], [ -92.502940961999968, 41.147885121000058 ], [ -92.512195977999966, 41.153897726000025 ], [ -92.520785016, 41.166975507000075 ], [ -92.58244179999997, 41.188843730000031 ], [ -92.579288998999971, 41.197862762000057 ], [ -92.58618753899998, 41.202756930000078 ], [ -92.589045554999984, 41.213513649000049 ], [ -92.572691791999944, 41.225380331000054 ], [ -92.57127257999997, 41.238223593000043 ], [ -92.560690845999943, 41.239835346000064 ], [ -92.564455359999954, 41.249247704000027 ], [ -92.57199264999997, 41.249809225000035 ], [ -92.580728745999977, 41.257360998000024 ], [ -92.615006468999979, 41.272324026000035 ], [ -92.639640082999961, 41.292649341000072 ], [ -92.649105393999946, 41.294277247000025 ], [ -92.658602645999963, 41.303951935000043 ], [ -92.665470440999968, 41.306047056000068 ], [ -92.667201117, 41.312529888000029 ], [ -92.675749286999974, 41.313626773000067 ], [ -92.678762497999969, 41.317982359000041 ], [ -92.691596678999986, 41.319418837000057 ], [ -92.700049609999951, 41.333297658000049 ], [ -92.706697901999974, 41.333566076000068 ], [ -92.717156245999945, 41.340906858000039 ], [ -92.751057535999962, 41.34025456300003 ], [ -92.767729318999955, 41.357200975000069 ], [ -92.790988415999948, 41.365732911000066 ], [ -92.795920810999974, 41.370819125000025 ], [ -92.795212613999979, 41.378732727000056 ], [ -92.809911942999975, 41.384399163000069 ], [ -92.826553223999952, 41.38373905900005 ], [ -92.841257062999944, 41.392061224000031 ], [ -92.843213401999947, 41.414248230000055 ], [ -92.847797650999951, 41.421026736000044 ], [ -92.85437621799997, 41.422836990000064 ], [ -92.859741659999941, 41.419111475000079 ], [ -92.881454256999973, 41.419564881000042 ], [ -92.882809430999941, 41.410729133000075 ], [ -92.890961722999975, 41.408527864000064 ], [ -92.896736897999972, 41.395856596000044 ], [ -92.917756680999958, 41.397653837000064 ], [ -92.919288792999964, 41.406288346000053 ], [ -92.924551389999976, 41.409262618000071 ], [ -92.94036112799995, 41.412296261000051 ], [ -92.959651895999968, 41.409945212000025 ], [ -92.967082153999968, 41.421766182000056 ], [ -92.976456630999962, 41.424170802000049 ], [ -92.999330497999949, 41.439345017000051 ], [ -93.011302461999946, 41.440567073000068 ], [ -93.024052764999965, 41.44787300400003 ], [ -93.031892521999964, 41.460317946000032 ], [ -93.034892875999958, 41.472350063000079 ], [ -93.043962937999936, 41.474041437000039 ], [ -93.051440408999952, 41.480357369000046 ], [ -93.058171443999981, 41.480598563000058 ], [ -93.060658415999967, 41.48653868100007 ], [ -93.068160601999978, 41.486684624000077 ], [ -93.074129125999946, 41.492665226000042 ], [ -93.077396019999981, 41.505060623000077 ], [ -93.085352180999962, 41.50946747100005 ], [ -93.090863876999947, 41.517411554000034 ], [ -93.099995719, 41.51750959900005 ], [ -93.10967878699995, 41.522889841000051 ], [ -93.114123623999944, 41.540785456000037 ], [ -93.135334718999957, 41.55078336300005 ], [ -93.137337216, 41.555945866000059 ], [ -93.142707442999949, 41.556775830000049 ], [ -93.187021608999942, 41.587845292000054 ], [ -93.199485084999935, 41.587534669000036 ], [ -93.213313313999947, 41.596432500000049 ], [ -93.227284961999942, 41.596255584000062 ], [ -93.233129576999943, 41.600619408000057 ], [ -93.241966438999953, 41.594895809000036 ], [ -93.250865278999981, 41.598201278000033 ], [ -93.262373511999954, 41.596459702000061 ], [ -93.271805441999959, 41.610744024000041 ], [ -93.272409426999957, 41.618442637000044 ], [ -93.285484791999977, 41.621392263000075 ], [ -93.289963713999953, 41.632191113000033 ], [ -93.303434804999938, 41.632104823000077 ], [ -93.311985338999989, 41.639812021000068 ], [ -93.322144339999966, 41.634726030000024 ], [ -93.325036711999985, 41.642456914000036 ], [ -93.33723224199997, 41.650765235000051 ], [ -93.35333449899997, 41.656379247000075 ], [ -93.350473659999977, 41.661492725000073 ], [ -93.356557265999982, 41.665120236000064 ], [ -93.362121750999961, 41.678079096000033 ], [ -93.367824520999989, 41.679755410000041 ], [ -93.375411937999957, 41.695516817000055 ], [ -93.386244700999953, 41.698119053000028 ], [ -93.411795022999968, 41.692754072000071 ], [ -93.420100770999966, 41.693860770000072 ], [ -93.431652288999942, 41.684293956000033 ], [ -93.441732853999952, 41.689425665000044 ], [ -93.443248823999966, 41.697677403000057 ], [ -93.45246611999994, 41.706177869000044 ], [ -93.452631604999965, 41.713448152000069 ], [ -93.457396879999976, 41.715359619000026 ], [ -93.458560653999939, 41.726014332000034 ], [ -93.464381472999946, 41.727278219000027 ], [ -93.464285305999965, 41.74175606600005 ], [ -93.477590481999982, 41.740243065000072 ], [ -93.49273029699998, 41.743126223000047 ], [ -93.494459415999984, 41.747957352000071 ], [ -93.500807761999965, 41.749567053000078 ], [ -93.502548307999973, 41.756887524000035 ], [ -93.508317585999976, 41.758384951000039 ], [ -93.502510896999979, 41.763107601000058 ], [ -93.503631809999945, 41.767242148000037 ], [ -93.509600208999984, 41.771836999000072 ], [ -93.515933121999979, 41.772192089000043 ], [ -93.519923174999974, 41.776678158000038 ], [ -93.519540254999981, 41.782485129000065 ], [ -93.531723023999973, 41.79339639300008 ], [ -93.540154408999967, 41.794021944000065 ], [ -93.541267902999948, 41.80373256200005 ], [ -93.546598954999979, 41.807031726000048 ], [ -93.547558079999988, 41.815306 ], [ -93.569394830999954, 41.817430398000056 ], [ -93.583143387999939, 41.828578579000066 ], [ -93.597794783999973, 41.831441591000043 ], [ -93.59983004999998, 41.840567682000028 ], [ -93.59586380199994, 41.845864446000064 ], [ -93.604143185999988, 41.856973947000029 ], [ -93.599324129999957, 41.869331540000076 ], [ -93.610214734999943, 41.876995295000029 ], [ -93.612602669999944, 41.883881562000056 ], [ -93.633056990999989, 41.882705366000039 ], [ -93.634033399999964, 41.887384299000075 ], [ -93.638282077999975, 41.888638833000073 ], [ -93.637720519999959, 41.892781312000068 ], [ -93.649489589999973, 41.89846325600007 ], [ -93.655377933999944, 41.89598479600005 ], [ -93.654767482999944, 41.892428009000071 ], [ -93.66608841599998, 41.888917013000025 ], [ -93.669929490999948, 41.88293228200007 ], [ -93.671852121999962, 41.885644876000072 ], [ -93.678705665999985, 41.885068387000047 ], [ -93.697994723999955, 41.898421738000025 ], [ -93.716363563999948, 41.903906039000049 ], [ -93.719621552999968, 41.909569548000036 ], [ -93.71823557099998, 41.913996374000078 ], [ -93.732072615999982, 41.928793403000043 ], [ -93.708979099999965, 41.930339545000038 ], [ -93.697825301999956, 41.938390968000078 ], [ -93.704257224999935, 41.945243451000067 ], [ -93.708021307999957, 41.945306087000063 ], [ -93.708333497999945, 41.955341442000076 ], [ -93.719414080999968, 41.959540524000033 ], [ -93.717632467999977, 41.964656095000066 ], [ -93.735847594999939, 41.97679038900003 ], [ -93.729015585999946, 41.982609702000047 ], [ -93.73863615199997, 41.989272800000037 ], [ -93.761028421, 41.981834542000058 ], [ -93.776342135999982, 41.99307746900007 ], [ -93.790648115999943, 42.017708140000025 ], [ -93.79010773899995, 42.025685383000052 ], [ -93.797958688999984, 42.033471034000058 ], [ -93.817493273999958, 42.040303771000026 ], [ -93.825430259999962, 42.046680998000056 ], [ -93.83274530999995, 42.060396960000048 ], [ -93.829217116999985, 42.063510830000041 ], [ -93.830665055999987, 42.068664239000043 ], [ -93.836654098999986, 42.075338315000067 ], [ -93.847452307999959, 42.078668875000062 ], [ -93.844757806999951, 42.088018241000043 ], [ -93.849036013999978, 42.100082539000027 ], [ -93.854130697999949, 42.102039257000058 ], [ -93.852082503999952, 42.108231087000036 ], [ -93.868478919999973, 42.113062300000081 ], [ -93.874609541999973, 42.11063517000008 ], [ -93.87898906099997, 42.125335433000032 ], [ -93.890429307999966, 42.125547467000047 ], [ -93.898507394999967, 42.134513436000077 ], [ -93.890274342999987, 42.141225999000028 ], [ -93.880747477999989, 42.135809250000079 ], [ -93.869047925999951, 42.142053580000038 ], [ -93.864381432999949, 42.148544197000035 ], [ -93.881961387, 42.156838811000057 ], [ -93.888997759999938, 42.169437826000035 ], [ -93.902368741999965, 42.173086521000073 ], [ -93.909619777999978, 42.182143903000053 ], [ -93.899274618999982, 42.184645318000037 ], [ -93.900578398999983, 42.195644241000025 ], [ -93.913551567999946, 42.195537976000026 ], [ -93.916737380999962, 42.192467204000025 ], [ -93.922204611999973, 42.197570461000055 ], [ -93.952371365999966, 42.203200206000076 ], [ -93.951115853999966, 42.215005975000054 ], [ -93.959684926999955, 42.218859227000053 ], [ -93.955043522999972, 42.228677364000077 ], [ -93.947983493999971, 42.232176897000045 ], [ -93.94745672199997, 42.247484084000064 ], [ -93.937267843999962, 42.253358211000034 ], [ -93.932519080999953, 42.267393960000049 ], [ -93.925499155999944, 42.271096624000052 ], [ -93.927530693999984, 42.275733969000044 ], [ -93.922139013, 42.282254099000056 ], [ -93.910268106, 42.284193291000065 ], [ -93.906326361999959, 42.29934380900005 ], [ -93.901876065999943, 42.298174595000035 ], [ -93.89853749599996, 42.302150162000032 ], [ -93.893713332999937, 42.302228012000057 ], [ -93.892867509999974, 42.307179013000052 ], [ -93.884964388999947, 42.314887279000061 ], [ -93.874064197999985, 42.314413298000034 ], [ -93.866412269999955, 42.310589689000039 ], [ -93.865614103999974, 42.307164389000036 ], [ -93.841861274999985, 42.323050641000066 ], [ -93.829056416999947, 42.320064759000047 ], [ -93.826745657999936, 42.316808728000069 ], [ -93.803983967999955, 42.324305034000076 ], [ -93.791475523999964, 42.323509448000038 ], [ -93.781080948999943, 42.318283875000077 ], [ -93.777176051999959, 42.320522402000051 ], [ -93.78397920599997, 42.332682540000064 ], [ -93.791853025999956, 42.339458656000033 ], [ -93.781476785999985, 42.346896682000079 ], [ -93.771165110999959, 42.344961088000048 ], [ -93.766435884999964, 42.360219226000027 ], [ -93.756215750999957, 42.367459950000068 ], [ -93.757256492999943, 42.372790171000076 ], [ -93.763352258999987, 42.374615511000059 ], [ -93.765889218999973, 42.383455605000051 ], [ -93.755679161999979, 42.385968158000026 ], [ -93.753431336999938, 42.392261498000039 ], [ -93.758939296999984, 42.394045891000076 ], [ -93.754640642999959, 42.39972014500006 ], [ -93.747751584999946, 42.399673795000069 ], [ -93.747761192999974, 42.405356793000067 ], [ -93.727535822999982, 42.405855320000057 ], [ -93.709485683999958, 42.426638063000041 ], [ -93.698690479999982, 42.455484064000075 ], [ -93.701709095999945, 42.458682424000074 ], [ -93.701525799999956, 42.470800127000075 ], [ -93.695024713999942, 42.477808200000027 ], [ -93.687930821999942, 42.478256366000039 ], [ -93.690692088, 42.489244493000058 ], [ -93.681745237999962, 42.495195489000025 ], [ -93.682743226999946, 42.499028233000047 ], [ -93.670635069999946, 42.521245395000051 ], [ -93.659645989999945, 42.526988792000054 ], [ -93.663283146999959, 42.532572798000047 ], [ -93.660488437999959, 42.537234674000047 ], [ -93.665910259999976, 42.541706747000035 ], [ -93.653015909999965, 42.559426606000045 ], [ -93.649469843999952, 42.569933332000062 ], [ -93.65822144599997, 42.57170620800008 ], [ -93.66897985199995, 42.582023225000057 ], [ -93.655970514999979, 42.58947547300005 ], [ -93.650785138999936, 42.604344857000058 ], [ -93.636891046999949, 42.608261550000066 ], [ -93.636168572999964, 42.625700142000028 ], [ -93.641879908999954, 42.628338849000045 ], [ -93.641939282999942, 42.639044673000058 ], [ -93.646307388999958, 42.642944483000065 ], [ -93.640185583999937, 42.649305024000057 ], [ -93.641991776999987, 42.655449525000051 ], [ -93.648161253999945, 42.664828950000071 ], [ -93.655893578999951, 42.659595353000043 ], [ -93.668324820999942, 42.658100519000072 ], [ -93.663081211999952, 42.674365182000031 ], [ -93.674467300999936, 42.692554940000036 ], [ -93.673010155999975, 42.697602951000079 ], [ -93.658366285999989, 42.703928390000044 ], [ -93.659736138999961, 42.70973194000004 ], [ -93.649464744999989, 42.714658517000032 ], [ -93.654339792999963, 42.721964745000037 ], [ -93.651470029999984, 42.72843584900005 ], [ -93.656814803999964, 42.732859572000052 ], [ -93.673602630999937, 42.736263654000027 ], [ -93.687229788999957, 42.747955597000043 ], [ -93.685602590999963, 42.753433629000028 ], [ -93.689243845999954, 42.756413960000032 ], [ -93.689604327999973, 42.767927320000069 ], [ -93.695155954999962, 42.772461358000044 ], [ -93.693215835, 42.778584694000074 ], [ -93.687381363999975, 42.780142193000074 ], [ -93.683917488999953, 42.77748262800003 ], [ -93.679378714999984, 42.780361715000026 ], [ -93.679877758999964, 42.787835598000072 ], [ -93.683425308999972, 42.79184239500006 ], [ -93.680748063999943, 42.797290838000038 ], [ -93.682763559999955, 42.800509745000056 ], [ -93.694740774999957, 42.803883045000077 ], [ -93.695208763999972, 42.810999622000054 ], [ -93.699360915999989, 42.813109900000029 ], [ -93.69538278899995, 42.814401015000044 ], [ -93.696506855999985, 42.822857402000068 ], [ -93.701432276999981, 42.827459367000074 ], [ -93.697029328999974, 42.831331730000045 ], [ -93.702847297999938, 42.840817261000041 ], [ -93.690289447999987, 42.848450777000039 ], [ -93.698014382999986, 42.860081880000052 ], [ -93.692457265999963, 42.865440926000076 ], [ -93.690475968999976, 42.879477123000072 ], [ -93.681298034999941, 42.885351065000066 ], [ -93.687568541999951, 42.886366695000049 ], [ -93.69050105499997, 42.89174859700006 ], [ -93.703167203999953, 42.88936237300004 ], [ -93.703553884999963, 42.896212945000059 ], [ -93.708452683999951, 42.898670204000041 ], [ -93.713996673999986, 42.896341292000045 ], [ -93.72870027, 42.899164981000069 ], [ -93.725656828999945, 42.900792588000058 ], [ -93.724820226999952, 42.909053692000043 ], [ -93.720758727999964, 42.910987821000049 ], [ -93.731664176999971, 42.92781618600003 ], [ -93.74100507199995, 42.932945443000051 ], [ -93.734435728999983, 42.944956072000025 ], [ -93.739574435999941, 42.957271613000046 ], [ -93.736775358999978, 42.965237431000048 ], [ -93.745552933999988, 42.968833723000046 ], [ -93.739047126999935, 42.974193876000072 ], [ -93.740857134999942, 42.975987601000043 ], [ -93.738117665999937, 42.97949638700004 ], [ -93.742084787999943, 42.981529298000055 ], [ -93.73911284999997, 42.986995141000079 ], [ -93.750922268999943, 42.992547524000031 ], [ -93.753698874999941, 43.002860252000062 ], [ -93.752582127999972, 43.018450426000072 ], [ -93.756282815999953, 43.028690177000044 ], [ -93.754433290999941, 43.032798028000059 ], [ -93.759545375999949, 43.034908530000052 ], [ -93.759749982999949, 43.039646109000046 ], [ -93.769150945999968, 43.053170815000044 ], [ -93.775728651999941, 43.05725091100004 ], [ -93.774841593999952, 43.061116673000072 ], [ -93.779682520999984, 43.064664779000054 ], [ -93.779196246999959, 43.072451910000041 ], [ -93.783190623999985, 43.080460501000061 ], [ -93.790850937999949, 43.083867779000059 ], [ -93.789690114999985, 43.089150764000067 ], [ -93.800030955999944, 43.094654093000031 ], [ -93.803161837999937, 43.103616738000028 ], [ -93.82380498699996, 43.120595169000069 ], [ -93.838379553999971, 43.123884911000061 ], [ -93.840887040999974, 43.13383740200004 ], [ -93.844738575999941, 43.137132658000041 ], [ -93.869235821999951, 43.148828437000077 ], [ -93.871321702999978, 43.157539740000061 ], [ -93.864258830999972, 43.160141901000031 ], [ -93.86860341299996, 43.171151958000053 ], [ -93.861630070999979, 43.17525734000003 ], [ -93.862012000999982, 43.183612511000035 ], [ -93.856124901999976, 43.190089486000034 ], [ -93.858343831999946, 43.200005307000026 ], [ -93.867149858999937, 43.205016208000075 ], [ -93.862280238999972, 43.208960111000067 ], [ -93.866079074999959, 43.21225499600007 ], [ -93.86329472999995, 43.216457320000075 ], [ -93.854354963999981, 43.218711566000025 ], [ -93.841231154999946, 43.215249382000025 ], [ -93.840233282999975, 43.210841225000081 ], [ -93.824243726999953, 43.209948092000047 ], [ -93.816837017999944, 43.215083088000029 ], [ -93.819690803999947, 43.220208863000039 ], [ -93.816561664999938, 43.225205888000062 ], [ -93.819696187999966, 43.231551867000064 ], [ -93.813649735999945, 43.234843288000036 ], [ -93.811081279999939, 43.24089783200003 ], [ -93.788930914, 43.242660920000048 ], [ -93.787854510999978, 43.250173170000039 ], [ -93.791340968999975, 43.254373243000032 ], [ -93.774045199999989, 43.257617605000064 ], [ -93.767101553999964, 43.264982930000031 ], [ -93.771073703999946, 43.273368172000062 ], [ -93.763952524, 43.283153840000068 ], [ -93.754119605999961, 43.282428386000049 ], [ -93.751602974999969, 43.284938701000044 ], [ -93.756821264999985, 43.293516840000052 ], [ -93.767495617999941, 43.301413523000065 ], [ -93.766086557999984, 43.30459793600005 ], [ -93.774921970999969, 43.303869358000043 ], [ -93.774964100999966, 43.311119163000058 ], [ -93.768736028999967, 43.314574691000075 ], [ -93.773073607999947, 43.322308477000036 ], [ -93.790622283999937, 43.331266839000079 ], [ -93.793567899999971, 43.336060882000027 ], [ -93.794042513999955, 43.340186344000074 ], [ -93.78310652, 43.353252603000044 ], [ -93.779919152, 43.364065509000056 ], [ -93.782250878999946, 43.367457063000074 ], [ -93.772275576999959, 43.369578407000063 ], [ -93.766401733999942, 43.375203413000065 ], [ -93.768523350999942, 43.378505550000057 ], [ -93.761883921, 43.384833644000025 ], [ -93.763860025999975, 43.389734612000041 ], [ -93.75247341499994, 43.400669650000054 ], [ -93.754405481999981, 43.405264823000039 ], [ -93.742271216999939, 43.414434019000055 ], [ -93.740774769999973, 43.424634482000044 ], [ -93.729817063999974, 43.429172863000076 ], [ -93.713127465999946, 43.426461705000065 ], [ -93.698653066999952, 43.431220850000045 ], [ -93.696800488999941, 43.443667756000025 ], [ -93.703833166999971, 43.447311599000045 ], [ -93.70355774899997, 43.451145217000033 ], [ -93.710635964999938, 43.459793897000054 ], [ -93.719438194999952, 43.464626087000056 ], [ -93.701204747999952, 43.474837529000069 ], [ -93.699341262999951, 43.48361305800006 ], [ -93.695956273999968, 43.485249985000053 ], [ -93.684299961999955, 43.477988914000036 ], [ -93.678993179999964, 43.480565237000064 ], [ -93.659702316999983, 43.475132206000069 ], [ -93.655430987999978, 43.481384063000064 ], [ -93.649229980999962, 43.500651250000033 ], [ -93.652770549999957, 43.506968564000033 ], [ -93.64958566699994, 43.518785940000043 ], [ -93.653583247999961, 43.521363138000027 ], [ -93.648400808999952, 43.522828052000079 ], [ -93.649404856, 43.526216771000065 ], [ -93.641882242999941, 43.525843979000058 ], [ -93.637442398999951, 43.530307351000033 ], [ -93.65169310999994, 43.53926982400003 ], [ -93.64939721199994, 43.541237420000073 ], [ -93.651576637999938, 43.543331966000039 ], [ -93.659264042999951, 43.545260359000054 ], [ -93.663375525999982, 43.557511727000076 ], [ -93.645589929999971, 43.551810751000062 ], [ -93.636152438999943, 43.552715308000074 ], [ -93.636033443999963, 43.550092862000042 ], [ -93.624777978999987, 43.548664110000061 ], [ -93.617022207, 43.551961282000036 ], [ -93.607614180999974, 43.548929834000035 ], [ -93.603024177999941, 43.559311115000071 ], [ -93.597201274999975, 43.558591069000045 ], [ -93.593960478999975, 43.563089956000056 ], [ -93.584803353999973, 43.562458728000081 ], [ -93.577868787999989, 43.566932687000076 ], [ -93.577436148999936, 43.570478611000055 ], [ -93.583407579999971, 43.572093858000073 ], [ -93.582504986999936, 43.57525967600003 ], [ -93.578012678999983, 43.57575160600004 ], [ -93.581066301999954, 43.57931615800004 ], [ -93.594166179999945, 43.57997757000004 ], [ -93.592022442999962, 43.587141104000068 ], [ -93.595055818999981, 43.588655436000067 ], [ -93.587610836999943, 43.593969839000067 ], [ -93.589557085999957, 43.597012759000052 ], [ -93.586574691999942, 43.598731396000062 ], [ -93.590824165999948, 43.605731991000027 ], [ -93.584760286999938, 43.610317311000074 ], [ -93.589151847999972, 43.617562618000079 ], [ -93.595142817999943, 43.61964626200006 ], [ -93.591380093999987, 43.624963303000072 ], [ -93.592225387999974, 43.631115296000075 ], [ -93.582524468999964, 43.639032004000057 ], [ -93.574088404999941, 43.639139639000064 ], [ -93.577277877999961, 43.642198146000055 ], [ -93.573959625999976, 43.647534001000054 ], [ -93.560719300999949, 43.64844413700007 ], [ -93.557746449999968, 43.657999932000052 ], [ -93.54399572799997, 43.66284083000005 ], [ -93.540838811999947, 43.669260732000055 ], [ -93.527874533999977, 43.677310845000079 ], [ -93.528386406999971, 43.685781532000078 ], [ -93.521931533999975, 43.684598691000076 ], [ -93.520293841999944, 43.689578839000035 ], [ -93.514540794999959, 43.691409191000048 ], [ -93.523429186999977, 43.698997453000061 ], [ -93.520749648, 43.703174030000071 ], [ -93.523697231999961, 43.706935170000065 ], [ -93.507567777999952, 43.716094406000025 ], [ -93.501855893999959, 43.724397759000055 ], [ -93.490652709999949, 43.728511230000038 ], [ -93.485275931, 43.735612542000069 ], [ -93.488793157999964, 43.738111952000054 ], [ -93.489012372, 43.743562398000051 ], [ -93.478934635999963, 43.748924389000081 ], [ -93.471961219999969, 43.747078166000051 ], [ -93.465541079, 43.750754595000046 ], [ -93.462947052999937, 43.747939078000059 ], [ -93.456299356999978, 43.748604975000035 ], [ -93.440618407999978, 43.756329852000079 ], [ -93.427995911999972, 43.75553924500008 ], [ -93.427768510999954, 43.759422612000037 ], [ -93.416426945999945, 43.763439451000067 ], [ -93.422350447999975, 43.772721210000043 ], [ -93.403029909999987, 43.777729941000075 ], [ -93.399705123, 43.782046702000059 ], [ -93.383845214999951, 43.780258862000039 ], [ -93.382610034999971, 43.785208567000041 ], [ -93.371690425999986, 43.786518958000045 ], [ -93.369055492999962, 43.796110543000054 ], [ -93.362607912999977, 43.799581393000039 ], [ -93.36332149499998, 43.805147226000031 ], [ -93.355921935999959, 43.811199454000075 ], [ -93.352564570999959, 43.819915520000052 ], [ -93.348849575999964, 43.824289216000068 ], [ -93.34325628, 43.825114218000067 ], [ -93.347092328999963, 43.829515428000036 ], [ -93.346516011999938, 43.833904714000028 ], [ -93.332320181999989, 43.834275152000032 ], [ -93.329651361999936, 43.840412337000032 ], [ -93.322379103999936, 43.842522839000026 ], [ -93.32605227099998, 43.846248651000053 ], [ -93.32232672799995, 43.849045560000036 ], [ -93.312903098999982, 43.845794633000025 ], [ -93.309521981999978, 43.847624463000045 ], [ -93.309558968999966, 43.837856326000065 ], [ -93.293052109999962, 43.834686049000027 ], [ -93.288885586999982, 43.83238525400003 ], [ -93.288896029999989, 43.825482675000046 ], [ -93.279082006999943, 43.826425292000067 ], [ -93.279351961999964, 43.823353310000073 ], [ -93.258902391999982, 43.822340752000059 ], [ -93.25094078799998, 43.825753922000047 ], [ -93.239155624999967, 43.824089951000076 ], [ -93.239193496999974, 43.827955630000076 ], [ -93.219092621999948, 43.828466969000033 ], [ -93.217912036999962, 43.836980384000071 ], [ -93.21201492299997, 43.83824215900006 ], [ -93.210350938999966, 43.843654035000043 ], [ -93.204619331999936, 43.841049375000068 ], [ -93.206212250999954, 43.834419512000068 ], [ -93.203389742999946, 43.829210457000045 ], [ -93.161198188999947, 43.833533551000073 ], [ -93.153740393999954, 43.839033845000074 ], [ -93.135325120999937, 43.832722497000077 ], [ -93.120270310999956, 43.833226611000043 ], [ -93.119811673999948, 43.828289321000057 ], [ -93.110031405999962, 43.829338687000075 ], [ -93.104026638999983, 43.834087171000078 ], [ -93.097062742999981, 43.829155525000033 ], [ -93.094263083999977, 43.832276462000038 ], [ -93.096267844999943, 43.837131347000025 ], [ -93.087993607999977, 43.841182437000043 ], [ -93.090473976999988, 43.849025693000044 ], [ -93.095480874999964, 43.850207330000046 ], [ -93.095893227999966, 43.855420863000063 ], [ -93.072622279999962, 43.867553286000032 ], [ -93.069964911999989, 43.875826889000052 ], [ -93.065424083999972, 43.879170511000041 ], [ -93.065382609999972, 43.885870260000047 ], [ -93.069853234999982, 43.885939080000071 ], [ -93.065365299999939, 43.893177430000037 ], [ -93.069968984999946, 43.900410389000058 ], [ -93.077087227999982, 43.902120932000059 ], [ -93.079192406999937, 43.905817726000066 ], [ -93.073222126999951, 43.91373628100007 ], [ -93.065436096999974, 43.912704786000063 ], [ -93.064205873999981, 43.91777938000007 ], [ -93.055409844999986, 43.920731844000045 ], [ -93.055416129999969, 43.927502982000078 ], [ -93.034343941999964, 43.932031727000037 ], [ -93.028258611999945, 43.937651650000078 ], [ -93.016587494999953, 43.941264385000068 ], [ -93.015826708999953, 43.94747247600003 ], [ -93.005986394999979, 43.946334461000049 ], [ -93.000422301999947, 43.950089114000036 ], [ -92.991375331999961, 43.950354397000069 ] ] ] } },
{ "type": "Feature", "properties": { "huc4": "0709" }, "geometry": { "type": "Polygon", "coordinates": [ [ [ -88.709308347, 43.77546764300007 ], [ -88.692660346999958, 43.764534601000037 ], [ -88.686168177999946, 43.765718855000046 ], [ -88.648781896999935, 43.755812415000037 ], [ -88.651782245999982, 43.753126988000076 ], [ -88.652149707999968, 43.744697250000058 ], [ -88.640569533999951, 43.733465886000033 ], [ -88.646060493999983, 43.729361479000033 ], [ -88.639267617999963, 43.718612108000059 ], [ -88.650298470999985, 43.698047846000065 ], [ -88.646818004999943, 43.688994525000055 ], [ -88.624761269999965, 43.687468677000027 ], [ -88.622432276999973, 43.683889092000072 ], [ -88.627350435999972, 43.678036927000051 ], [ -88.624822749999964, 43.671381470000028 ], [ -88.584146558999976, 43.655164837000029 ], [ -88.544246035999947, 43.657696157000032 ], [ -88.525036883999974, 43.651653916000043 ], [ -88.510134883999967, 43.654843838000033 ], [ -88.505772626999942, 43.658780964000073 ], [ -88.492702306999945, 43.644938111000045 ], [ -88.488764614, 43.64710390700003 ], [ -88.482277063999959, 43.64333474700004 ], [ -88.475545938999971, 43.646045478000076 ], [ -88.466812694999987, 43.656511579000039 ], [ -88.465954804999967, 43.650774840000054 ], [ -88.45785172899997, 43.64505175000005 ], [ -88.468360060999942, 43.644386054000051 ], [ -88.469181292999963, 43.63681998900006 ], [ -88.463390132999962, 43.630980283000042 ], [ -88.45698364499998, 43.634009123000055 ], [ -88.45832612099997, 43.630561084000078 ], [ -88.454793679999966, 43.628050297000073 ], [ -88.457119094999939, 43.61613777000008 ], [ -88.448639496999988, 43.61988487800005 ], [ -88.446492596999974, 43.616732417000037 ], [ -88.427378037999972, 43.619995773000028 ], [ -88.424551820999966, 43.606400964000045 ], [ -88.42656836599997, 43.603013364000049 ], [ -88.422097538999935, 43.598439303000077 ], [ -88.409984917999964, 43.601692257000025 ], [ -88.406163959999958, 43.594845114000066 ], [ -88.394082154999978, 43.588260111000068 ], [ -88.388864093999985, 43.589002100000073 ], [ -88.384315928999968, 43.581850883000072 ], [ -88.369992183999955, 43.578598973000055 ], [ -88.367570744999966, 43.583636074000026 ], [ -88.360449507999988, 43.581585435000079 ], [ -88.347451158999945, 43.566383090000045 ], [ -88.360962879999988, 43.561603541000068 ], [ -88.357365916999981, 43.55368029400006 ], [ -88.343333518999941, 43.548362338000061 ], [ -88.328910112999949, 43.550238008000065 ], [ -88.330476403999967, 43.539940558000069 ], [ -88.321937111999944, 43.534147911000048 ], [ -88.326260296999976, 43.532860181000046 ], [ -88.32708927799996, 43.524473897000064 ], [ -88.319455648999963, 43.51906355300008 ], [ -88.332933452999953, 43.505180912000071 ], [ -88.320794278999983, 43.500086473000067 ], [ -88.319208941999989, 43.49562667500004 ], [ -88.289709818999938, 43.487469123000039 ], [ -88.290207755999973, 43.481672631000038 ], [ -88.300284012999953, 43.47847642000005 ], [ -88.293508422999935, 43.474540784000055 ], [ -88.291681032999975, 43.469287111000028 ], [ -88.28124747399994, 43.465166940000074 ], [ -88.285754389999965, 43.459174973000074 ], [ -88.278056179999965, 43.449640613000042 ], [ -88.26383173499994, 43.447657358000072 ], [ -88.265509754999982, 43.443170260000045 ], [ -88.259542640999939, 43.43116993700005 ], [ -88.27203074099998, 43.422631926000065 ], [ -88.270411340999942, 43.412810600000057 ], [ -88.276306957999964, 43.413257306000048 ], [ -88.28006729599997, 43.409815525000056 ], [ -88.27201032399995, 43.407078479000063 ], [ -88.278911649999941, 43.401384148000034 ], [ -88.275105563999944, 43.399499658000025 ], [ -88.278125403999979, 43.394277128000056 ], [ -88.275510575999988, 43.383390427000052 ], [ -88.285894392999978, 43.377102673000081 ], [ -88.285423395999942, 43.369909433000032 ], [ -88.291798381999968, 43.35812547300003 ], [ -88.279473029999963, 43.343356812000025 ], [ -88.275432131999935, 43.34243925800007 ], [ -88.271265021999966, 43.347340281000072 ], [ -88.259924220999949, 43.343408907000025 ], [ -88.260366932999943, 43.328793577000056 ], [ -88.267155753999987, 43.322790763000057 ], [ -88.261782661999973, 43.320138475000078 ], [ -88.262255206999953, 43.31515558600006 ], [ -88.267792091999979, 43.310962696000047 ], [ -88.266113892999954, 43.305265356000064 ], [ -88.241844780999941, 43.299600799000075 ], [ -88.235023383999987, 43.293292660000077 ], [ -88.241181229999938, 43.290146159000074 ], [ -88.237099680999961, 43.278642700000034 ], [ -88.219918575999941, 43.272373840000057 ], [ -88.221340504999944, 43.270280853000031 ], [ -88.215307588999963, 43.265335902000061 ], [ -88.230072197999959, 43.245701562000079 ], [ -88.20938648799995, 43.23894391500005 ], [ -88.191511139999989, 43.247613442000045 ], [ -88.185046952999983, 43.233585249000043 ], [ -88.188274932999946, 43.231186430000037 ], [ -88.183437716999947, 43.224875221000048 ], [ -88.186414909999939, 43.22066734100008 ], [ -88.182671109999944, 43.218426087000068 ], [ -88.185424754999985, 43.211446620000061 ], [ -88.194093300999953, 43.214748360000044 ], [ -88.201565578999976, 43.213716782000063 ], [ -88.195395213999973, 43.20723653400006 ], [ -88.198799116999965, 43.203105962000052 ], [ -88.207931504999976, 43.203624312000045 ], [ -88.207311674999971, 43.192982647000065 ], [ -88.214786844999935, 43.192136260000041 ], [ -88.21451841399994, 43.186602028000038 ], [ -88.228235174999952, 43.181784958000037 ], [ -88.214898451999943, 43.172295480000059 ], [ -88.209846538999955, 43.164159683000037 ], [ -88.220647737999968, 43.160145428000078 ], [ -88.220557823999968, 43.155443932000026 ], [ -88.251399272999947, 43.161745007000036 ], [ -88.262158689999978, 43.159905518000073 ], [ -88.265169617999959, 43.153339110000047 ], [ -88.272920280999983, 43.153594546000079 ], [ -88.281407626999965, 43.14905311800004 ], [ -88.278653920999943, 43.142893484000069 ], [ -88.287935080999944, 43.135815877000027 ], [ -88.281943231999946, 43.133390236000025 ], [ -88.288551750999943, 43.129525947000047 ], [ -88.282506108999939, 43.124901431000069 ], [ -88.283037005999972, 43.120540427000037 ], [ -88.292062852999948, 43.120722428000079 ], [ -88.296595188999959, 43.115478232000044 ], [ -88.302476917999968, 43.118703887000038 ], [ -88.300790612999947, 43.121612028000072 ], [ -88.311898567999947, 43.123418108000067 ], [ -88.330955846999984, 43.116215659000034 ], [ -88.32894061199994, 43.110039485000073 ], [ -88.333080661999986, 43.105392824000035 ], [ -88.327880482999944, 43.101750026000047 ], [ -88.332571071999951, 43.099917124000058 ], [ -88.332759242999941, 43.096804359000032 ], [ -88.324895598999944, 43.086013623000042 ], [ -88.328194984999982, 43.083969094000054 ], [ -88.325109816999941, 43.080103017000056 ], [ -88.335684728, 43.08184564700008 ], [ -88.342481267999972, 43.078145033000055 ], [ -88.350828363999938, 43.078199362000078 ], [ -88.354254887999957, 43.076075886000069 ], [ -88.352850899999964, 43.071230832000026 ], [ -88.365125017999958, 43.06157997400004 ], [ -88.353304487999935, 43.047569573000033 ], [ -88.359750641999938, 43.03919675800006 ], [ -88.35831688199994, 43.037130413000057 ], [ -88.369693741999981, 43.033284095000056 ], [ -88.366442664999965, 43.032405701000073 ], [ -88.376179950999983, 43.026684578000072 ], [ -88.363573384999938, 43.026807304000044 ], [ -88.36664305499994, 43.020289624000043 ], [ -88.36429859499998, 43.01642170000008 ], [ -88.369423194999968, 43.013568811000027 ], [ -88.368563217999963, 43.005371921000062 ], [ -88.37212045299998, 43.002890101000048 ], [ -88.380358532999935, 43.00597067800004 ], [ -88.386315869999976, 43.00325252600004 ], [ -88.389316546999964, 42.996344496000063 ], [ -88.384294763999947, 42.993978669000057 ], [ -88.387699262999945, 42.988052475000075 ], [ -88.404641977999972, 42.987649994000037 ], [ -88.407525262999968, 42.980857954000044 ], [ -88.416137419999984, 42.976710126000057 ], [ -88.412860236999961, 42.975452586000074 ], [ -88.435672788999966, 42.966415208000058 ], [ -88.443210839999949, 42.960399220000056 ], [ -88.446297079999965, 42.955580363000081 ], [ -88.439435062999962, 42.950564721000035 ], [ -88.438614245999986, 42.943655767000052 ], [ -88.446446595999987, 42.935726231000046 ], [ -88.457445503999963, 42.934139882000068 ], [ -88.466877104, 42.905122518000042 ], [ -88.464862733999951, 42.90144559600003 ], [ -88.479718002999959, 42.891719844000079 ], [ -88.474193603999936, 42.889717068000039 ], [ -88.478286148999985, 42.884549106000065 ], [ -88.498179383999968, 42.876485906000028 ], [ -88.504216588999952, 42.867105356000025 ], [ -88.515732119999939, 42.860837985000046 ], [ -88.524764758999936, 42.860743839000065 ], [ -88.528524413999946, 42.867044766000049 ], [ -88.53703423099995, 42.864200938000067 ], [ -88.551985732999981, 42.866289067000025 ], [ -88.551789006999968, 42.862946438000051 ], [ -88.560371928999984, 42.859313981000071 ], [ -88.561452739999936, 42.851923749000036 ], [ -88.566147202999957, 42.850343242000065 ], [ -88.559818319999977, 42.843570455000076 ], [ -88.568497531999981, 42.838547599000037 ], [ -88.561690649999946, 42.835067552000055 ], [ -88.56014530899995, 42.828405093000072 ], [ -88.583129459999952, 42.808228022000037 ], [ -88.589998152999954, 42.810670621000043 ], [ -88.591812578999964, 42.81563589600006 ], [ -88.589383361999978, 42.819532253000034 ], [ -88.596198051999977, 42.821081438000078 ], [ -88.599022833999982, 42.804324691000033 ], [ -88.610030414999983, 42.799185726000076 ], [ -88.613629402999948, 42.788782926000067 ], [ -88.61887386799998, 42.788023562000035 ], [ -88.623198811999941, 42.794779898000058 ], [ -88.629422760999944, 42.796423526000069 ], [ -88.626172430999986, 42.803704115000073 ], [ -88.629945912999972, 42.808303092000074 ], [ -88.632331380999972, 42.806131246000064 ], [ -88.638121645999945, 42.808210465000059 ], [ -88.644916278999972, 42.801250966000055 ], [ -88.666633981999951, 42.792305111000076 ], [ -88.661552712999935, 42.781819311000049 ], [ -88.665828332999979, 42.776180919000069 ], [ -88.663947656999937, 42.769898142000045 ], [ -88.666512176999959, 42.762239331000046 ], [ -88.674370214999954, 42.752607754000053 ], [ -88.663011354, 42.744290790000036 ], [ -88.661526779999974, 42.73661779300005 ], [ -88.65778328, 42.73508920200004 ], [ -88.644256775999963, 42.739956132000032 ], [ -88.638966474999961, 42.737658581000062 ], [ -88.636236729999951, 42.729172547000076 ], [ -88.628621457999941, 42.722669710000048 ], [ -88.633395641999982, 42.713645923000058 ], [ -88.641060979999963, 42.711988764000068 ], [ -88.639437377999968, 42.704434201000026 ], [ -88.622998828999982, 42.697911367000074 ], [ -88.620515429999955, 42.692527368000071 ], [ -88.605239349999977, 42.69224633400006 ], [ -88.595286085999987, 42.682464197000058 ], [ -88.588041317999966, 42.679724916000055 ], [ -88.586810897999953, 42.674676313000077 ], [ -88.575263984999935, 42.671398057000033 ], [ -88.562230024999963, 42.673759892000078 ], [ -88.559660467999947, 42.671087398000054 ], [ -88.548110275999989, 42.671221838000065 ], [ -88.536403950999954, 42.674433873000055 ], [ -88.52945836899994, 42.680117834000043 ], [ -88.524596146999954, 42.670277552000073 ], [ -88.512488675999975, 42.669288711000036 ], [ -88.505086995999989, 42.662875995000036 ], [ -88.484677800999975, 42.66277866300004 ], [ -88.469751512999949, 42.670163502000037 ], [ -88.470928913999956, 42.674729040000045 ], [ -88.462870780999936, 42.672091713000043 ], [ -88.465533767999943, 42.669465055000046 ], [ -88.465718421999952, 42.654540049000047 ], [ -88.477210825999975, 42.647742555000036 ], [ -88.471925498999951, 42.629948658000046 ], [ -88.474672946999988, 42.62536911400008 ], [ -88.487203484999952, 42.618987451000066 ], [ -88.505110275999982, 42.62064377300004 ], [ -88.508993816999975, 42.614864834000059 ], [ -88.51747755699995, 42.615293033000057 ], [ -88.52844016499995, 42.61061257800003 ], [ -88.532562691999942, 42.61271516100004 ], [ -88.534854132999953, 42.608862227000031 ], [ -88.538025875999949, 42.609605377000037 ], [ -88.542949637999982, 42.605688189000034 ], [ -88.542988439999988, 42.60175914000007 ], [ -88.552713625999957, 42.595281872000044 ], [ -88.548746785999981, 42.592002185000069 ], [ -88.549976399999935, 42.587416739000048 ], [ -88.55940075999996, 42.573889104000045 ], [ -88.582126676999962, 42.574960050000072 ], [ -88.582917092999935, 42.568790849000038 ], [ -88.578498121999985, 42.55977192000006 ], [ -88.585115788999985, 42.55802767800003 ], [ -88.587115762999986, 42.551791958000081 ], [ -88.60631779199997, 42.545101097000043 ], [ -88.599214881999956, 42.543102643000054 ], [ -88.596850424999957, 42.537297655000032 ], [ -88.589608367999972, 42.532720227000027 ], [ -88.57375972799997, 42.536733767000044 ], [ -88.56830387399998, 42.533223769000074 ], [ -88.534630577999962, 42.535143339000058 ], [ -88.529774376999967, 42.538483256000063 ], [ -88.526296743999978, 42.535505527000055 ], [ -88.529990054999985, 42.51722376500004 ], [ -88.523224805999973, 42.512718518000042 ], [ -88.53138372899997, 42.502343464000035 ], [ -88.52580661099995, 42.500143396000055 ], [ -88.52325067299995, 42.49287511600005 ], [ -88.551530133999961, 42.492694602000029 ], [ -88.554831218999936, 42.488070859000061 ], [ -88.554515760999948, 42.480989081000075 ], [ -88.569597167999973, 42.460305133000077 ], [ -88.55848346, 42.442975230000059 ], [ -88.547214869999948, 42.444828756000049 ], [ -88.538926664999963, 42.452437737000025 ], [ -88.527791350999962, 42.452952990000028 ], [ -88.524052917999938, 42.457591514000057 ], [ -88.500301860999969, 42.462484045000053 ], [ -88.47912047799997, 42.447001588000035 ], [ -88.478263869999978, 42.442800532000035 ], [ -88.484616086999949, 42.438602696000032 ], [ -88.482043518999944, 42.430976996000027 ], [ -88.477042985999958, 42.432194391000053 ], [ -88.476522040999953, 42.428829261000033 ], [ -88.469841788999986, 42.42849529700004 ], [ -88.473979245999942, 42.421137608000038 ], [ -88.481009048999965, 42.418021834000058 ], [ -88.480163792999974, 42.403487537000046 ], [ -88.493531062999978, 42.403645608000033 ], [ -88.515634348999981, 42.39622786700005 ], [ -88.513361204999967, 42.39120224100003 ], [ -88.517308582999988, 42.387979954000059 ], [ -88.514706719999936, 42.385548680000056 ], [ -88.520910610999977, 42.380887446000031 ], [ -88.524078090999978, 42.370879139000067 ], [ -88.522203255999955, 42.367298747000063 ], [ -88.52858465099996, 42.366592223000055 ], [ -88.532232603999944, 42.361487949000036 ], [ -88.52496247299996, 42.347370944000033 ], [ -88.515787735999936, 42.345669321000059 ], [ -88.517730577999941, 42.332382788000075 ], [ -88.509657364999953, 42.327599455000041 ], [ -88.502181181999958, 42.331427266000048 ], [ -88.492500997999969, 42.330662748000066 ], [ -88.487691168999959, 42.325208117000045 ], [ -88.468124596999985, 42.321585020000043 ], [ -88.465348598999981, 42.31528454000005 ], [ -88.45954411699995, 42.312535663000062 ], [ -88.458252006999942, 42.304895061000025 ], [ -88.44227435, 42.294097649000037 ], [ -88.427961720999974, 42.293904025000074 ], [ -88.414952826, 42.305913171000043 ], [ -88.407824882999989, 42.307717881000031 ], [ -88.410158106999972, 42.299616208000032 ], [ -88.400875692999989, 42.291865845000075 ], [ -88.39475024099994, 42.289961983000069 ], [ -88.384436071999971, 42.292669257000057 ], [ -88.37958568199997, 42.28788279500003 ], [ -88.373340871999972, 42.291479548000041 ], [ -88.372204359999955, 42.286351552000042 ], [ -88.363944732999983, 42.280396630000041 ], [ -88.370793246999938, 42.266278045000035 ], [ -88.381474818999948, 42.25806508900007 ], [ -88.379225189999943, 42.251400991000025 ], [ -88.370169362999945, 42.243479324000077 ], [ -88.375149122999971, 42.23355476200004 ], [ -88.373148937999986, 42.225596080000059 ], [ -88.361201808999965, 42.216066458000057 ], [ -88.369091885999978, 42.209308691000047 ], [ -88.369327381999938, 42.198836481000058 ], [ -88.362532062999946, 42.188805525000078 ], [ -88.360754293999946, 42.17989749000003 ], [ -88.366847528999983, 42.18018249000005 ], [ -88.371186896999973, 42.170930416000033 ], [ -88.360432722999974, 42.155929564000076 ], [ -88.368997911999941, 42.147450741000057 ], [ -88.339055032999966, 42.141454813000053 ], [ -88.335571616999971, 42.136113849000026 ], [ -88.335598049999987, 42.124743278000039 ], [ -88.35774711199997, 42.112431250000043 ], [ -88.374985375999984, 42.113626441000065 ], [ -88.390766844999973, 42.125493727000048 ], [ -88.399498957999981, 42.125196865000078 ], [ -88.399838376, 42.120260110000061 ], [ -88.406306166999968, 42.118918080000071 ], [ -88.408669758999963, 42.114361573000053 ], [ -88.408630836999976, 42.109715390000076 ], [ -88.401287988999968, 42.103252369000074 ], [ -88.402497723999943, 42.09861470900006 ], [ -88.424105814999962, 42.100825057000065 ], [ -88.427126550999958, 42.104628400000081 ], [ -88.44484883399997, 42.104194925000058 ], [ -88.443634120999945, 42.100534334000031 ], [ -88.454636455999946, 42.095894976000068 ], [ -88.456959964999953, 42.091667604000065 ], [ -88.465929333999952, 42.089624207000043 ], [ -88.475371695999968, 42.092156153000076 ], [ -88.490476827999942, 42.082760342000029 ], [ -88.48658199, 42.08347318400007 ], [ -88.476909909999961, 42.056766515000049 ], [ -88.484792802999948, 42.043773177000048 ], [ -88.481412950999982, 42.038645984000027 ], [ -88.48456803299996, 42.032743216000028 ], [ -88.483212650999974, 42.018223582000076 ], [ -88.476861326999938, 42.013765571000079 ], [ -88.475648789, 42.00850140700004 ], [ -88.477657971999975, 42.002491142000054 ], [ -88.472597803999975, 41.995445276000055 ], [ -88.45866482699995, 41.99831881700004 ], [ -88.440194473999952, 41.995822098000076 ], [ -88.448495401999935, 41.95630099300007 ], [ -88.460894751999945, 41.959250350000048 ], [ -88.477336369999989, 41.956008005000058 ], [ -88.47520887099995, 41.951832729000046 ], [ -88.483568513999955, 41.944552079000061 ], [ -88.486126058999957, 41.935693248000064 ], [ -88.483588330999964, 41.930431468000052 ], [ -88.459076537999977, 41.918899042000078 ], [ -88.462740436, 41.916690391000031 ], [ -88.46219287699995, 41.907458226000074 ], [ -88.472553507999976, 41.906048039000041 ], [ -88.471764192999956, 41.902170339000065 ], [ -88.524571151999965, 41.899145757000042 ], [ -88.553625800999953, 41.890557768000065 ], [ -88.560556602999952, 41.894572827000047 ], [ -88.58522598899998, 41.894109697000033 ], [ -88.627769440999941, 41.88328715800003 ], [ -88.632589133999943, 41.887866762000044 ], [ -88.64348662499998, 41.88458406500007 ], [ -88.657993355999963, 41.888961102000053 ], [ -88.663620782999942, 41.89436468100007 ], [ -88.673995242, 41.893036570000049 ], [ -88.684266673999957, 41.88812091300008 ], [ -88.698750157999939, 41.872169098000029 ], [ -88.711735689999955, 41.869706501000053 ], [ -88.724747714999978, 41.86053060200004 ], [ -88.763165421999986, 41.859365835000062 ], [ -88.777701477999983, 41.841141414000049 ], [ -88.77748821199998, 41.837020884000026 ], [ -88.76780901099994, 41.833124975000032 ], [ -88.775215751999951, 41.82312236000007 ], [ -88.807847158999948, 41.81606856500008 ], [ -88.811160729999983, 41.809325490000049 ], [ -88.826966753999955, 41.800421001000075 ], [ -88.843322540999964, 41.799545437000063 ], [ -88.848648810999975, 41.784654882000041 ], [ -88.854131903999985, 41.780553516000055 ], [ -88.874703558999954, 41.78194346500004 ], [ -88.887729142999945, 41.765547058000038 ], [ -88.896888650999983, 41.763503333000074 ], [ -88.906008313999962, 41.764969131000043 ], [ -88.906634848999943, 41.769410065000045 ], [ -88.912324024999975, 41.772596589000045 ], [ -88.922475622999968, 41.776718876000075 ], [ -88.925371722999955, 41.775165817000072 ], [ -88.925721661999944, 41.771669527000029 ], [ -88.933048891999988, 41.767624278000028 ], [ -88.936296154, 41.756097959000044 ], [ -88.928728654999986, 41.744353012000033 ], [ -88.940497237999978, 41.74049614300003 ], [ -88.94064162899997, 41.731721354000058 ], [ -88.948832411999945, 41.730424535000054 ], [ -88.952628840999978, 41.723586093000051 ], [ -88.961657516999935, 41.721795986000075 ], [ -88.980051840999977, 41.704006320000076 ], [ -88.994076996999979, 41.699330989000032 ], [ -89.002511263999963, 41.69060105300008 ], [ -89.007636459999958, 41.689674290000028 ], [ -89.016239050999957, 41.675209550000034 ], [ -89.022086237999986, 41.67133754200006 ], [ -89.038486489999968, 41.673195776000057 ], [ -89.041152696999973, 41.67921823100005 ], [ -89.056407258999968, 41.68580290500006 ], [ -89.069275876999939, 41.702777892000029 ], [ -89.080929901, 41.70627003900006 ], [ -89.08790367499995, 41.699576078000064 ], [ -89.113846484999954, 41.693528201000049 ], [ -89.115874294999969, 41.696616556000038 ], [ -89.123064286999977, 41.694012101000055 ], [ -89.123778349999952, 41.689840759000049 ], [ -89.144959104999941, 41.68604274900008 ], [ -89.146407348999958, 41.682565323000063 ], [ -89.160223022999958, 41.682555339000032 ], [ -89.173019935999946, 41.677876760000061 ], [ -89.187512541, 41.680026759000043 ], [ -89.207872777999967, 41.67045696200006 ], [ -89.208976625, 41.667614714000081 ], [ -89.204113868999968, 41.663864807000039 ], [ -89.225105287999952, 41.649058473000025 ], [ -89.225060016999976, 41.643781941000043 ], [ -89.239589487999979, 41.642455140000038 ], [ -89.248880303999954, 41.634314843000027 ], [ -89.273525818999985, 41.631278819000045 ], [ -89.281776832999981, 41.636653250000052 ], [ -89.284876184999973, 41.632625675000043 ], [ -89.302918308999949, 41.638029521000078 ], [ -89.301747672999966, 41.641321933000029 ], [ -89.309583002999943, 41.641359394000062 ], [ -89.315631862999965, 41.634556864000047 ], [ -89.338455023999984, 41.628588231000037 ], [ -89.351252680999949, 41.620171755000058 ], [ -89.356376476999969, 41.622686714000054 ], [ -89.361439415999939, 41.620840132000069 ], [ -89.364172616999952, 41.61528551400005 ], [ -89.360263980999946, 41.611487625000052 ], [ -89.371771703999968, 41.606276330000071 ], [ -89.394183085999941, 41.608230884000079 ], [ -89.395598517999986, 41.602464819000033 ], [ -89.404305626999985, 41.598301046000074 ], [ -89.402861345999952, 41.596251510000059 ], [ -89.408463020999989, 41.595674269000028 ], [ -89.414893856999981, 41.589600166000025 ], [ -89.430644448999942, 41.586078931000031 ], [ -89.433067883999968, 41.578457523000054 ], [ -89.445672927999965, 41.57379110200003 ], [ -89.449206619999984, 41.566175266000073 ], [ -89.458971769999948, 41.559761 ], [ -89.480616098999974, 41.553839396000058 ], [ -89.479302888999939, 41.55080647300008 ], [ -89.497243326999978, 41.548851141000057 ], [ -89.508164955999973, 41.543284692000043 ], [ -89.523754942999972, 41.542700744000058 ], [ -89.53042351199997, 41.537014698000064 ], [ -89.539645992999965, 41.538445775000071 ], [ -89.550471212, 41.533424082000067 ], [ -89.555736597999953, 41.537629042000049 ], [ -89.571395397999936, 41.531401189000064 ], [ -89.577381671999945, 41.513967513000068 ], [ -89.584658566999963, 41.513160435000032 ], [ -89.588582190999944, 41.502846118000036 ], [ -89.602527444999964, 41.489427470000066 ], [ -89.610215760999949, 41.486294262000058 ], [ -89.612014241999987, 41.480637720000061 ], [ -89.616214701999979, 41.47982045100008 ], [ -89.610319739999966, 41.473407198000075 ], [ -89.617118932999972, 41.472559978000049 ], [ -89.617401488999974, 41.468432176000078 ], [ -89.624106596, 41.464499372000034 ], [ -89.624606677999964, 41.457258419000027 ], [ -89.634570103999977, 41.450396224000031 ], [ -89.627502628999935, 41.437615616000073 ], [ -89.632339933999958, 41.432167661000051 ], [ -89.630252457999973, 41.422919163000074 ], [ -89.639873721999948, 41.407131172000049 ], [ -89.63997612199995, 41.399766182000064 ], [ -89.633902942999953, 41.397189294000043 ], [ -89.63675705199995, 41.394147520000047 ], [ -89.633939985999973, 41.38974431500003 ], [ -89.644476986999962, 41.383865716000059 ], [ -89.646032608999974, 41.376674236000042 ], [ -89.658602873999939, 41.374127358000067 ], [ -89.66847626699996, 41.376088499000048 ], [ -89.674047513999938, 41.368514327000071 ], [ -89.69436546299994, 41.371958194000058 ], [ -89.69598050999997, 41.368313041000079 ], [ -89.705313228999955, 41.367812421000053 ], [ -89.706166558999939, 41.364273186000048 ], [ -89.703968427999939, 41.358596498000054 ], [ -89.697716643999968, 41.358388926000032 ], [ -89.69224737899998, 41.352593177000074 ], [ -89.673228663999964, 41.348281228000076 ], [ -89.678973388999964, 41.336628042000029 ], [ -89.668886460999943, 41.323022922000064 ], [ -89.59809563999994, 41.289718855000046 ], [ -89.591852914999947, 41.279600280000068 ], [ -89.596103530999983, 41.270416781000051 ], [ -89.602015091999988, 41.273886755000035 ], [ -89.605982854999979, 41.269984081000075 ], [ -89.618881303999956, 41.267363592000038 ], [ -89.648775038999986, 41.270604563000063 ], [ -89.660736293999946, 41.279383732000042 ], [ -89.679423100999941, 41.280438882000055 ], [ -89.678930080999976, 41.283550215000048 ], [ -89.683843889999935, 41.287875189000033 ], [ -89.682503351999969, 41.292617544000052 ], [ -89.689420740999935, 41.29516889000007 ], [ -89.691050659999974, 41.289438797000059 ], [ -89.695936275999941, 41.289762003000078 ], [ -89.702928288999942, 41.281331550000061 ], [ -89.714674402999947, 41.283760319000066 ], [ -89.727828284999987, 41.281494567000038 ], [ -89.738447303999976, 41.287634890000049 ], [ -89.737363482999967, 41.294710320000036 ], [ -89.746643453, 41.297755640000048 ], [ -89.745784102999949, 41.300862443000028 ], [ -89.754053981999959, 41.311373992000028 ], [ -89.75346306199998, 41.316792651000071 ], [ -89.759131196999988, 41.318539335000025 ], [ -89.76568797799996, 41.316072954000049 ], [ -89.781496535999963, 41.325989499000059 ], [ -89.792723192999972, 41.322416885000052 ], [ -89.808101523999937, 41.32404176700004 ], [ -89.810133922999967, 41.318805587000043 ], [ -89.795672668999941, 41.308086972000069 ], [ -89.789343427999938, 41.298781494000025 ], [ -89.864634095999975, 41.269880681000075 ], [ -89.889905458999976, 41.265839545000063 ], [ -89.891554718999942, 41.259527381000055 ], [ -89.942848643, 41.240212609000025 ], [ -89.95508228999995, 41.229839432000063 ], [ -89.966562385999964, 41.228530036000052 ], [ -89.978916885, 41.234990077000077 ], [ -89.97446384899996, 41.240366447000042 ], [ -89.981733711999937, 41.247515399000065 ], [ -89.978616715999976, 41.253677985000024 ], [ -89.98433825799998, 41.261440924000055 ], [ -89.983434292999959, 41.265168093000057 ], [ -89.996143974999939, 41.27035810700005 ], [ -90.007852775999936, 41.286611343000061 ], [ -90.035308530999941, 41.28939291100005 ], [ -90.040375285999971, 41.293047810000076 ], [ -90.048187190999954, 41.29186406000008 ], [ -90.065741718999959, 41.29685061400005 ], [ -90.085830963999967, 41.295355132000054 ], [ -90.096652875999951, 41.301220707000027 ], [ -90.106319709, 41.300507268000047 ], [ -90.102728317999947, 41.293407966000075 ], [ -90.106917690999978, 41.289148707000038 ], [ -90.12325679099996, 41.299857905000067 ], [ -90.140438012999937, 41.301010329000064 ], [ -90.146656059999941, 41.295659887000056 ], [ -90.174190195999984, 41.299821543000064 ], [ -90.178562614999976, 41.29681752700003 ], [ -90.195276089999936, 41.301442848000079 ], [ -90.198823491999974, 41.302961544000027 ], [ -90.202998918999981, 41.318867374000035 ], [ -90.212663516999953, 41.321437586000059 ], [ -90.217891443999974, 41.330679674000066 ], [ -90.229988089999949, 41.335104992000026 ], [ -90.228723876999936, 41.341904274000058 ], [ -90.241293904999964, 41.354937993000078 ], [ -90.24190962199998, 41.359194302000049 ], [ -90.271952486999965, 41.36546769000006 ], [ -90.279119828999967, 41.363333425000064 ], [ -90.287933687999953, 41.346236694000027 ], [ -90.297562045999939, 41.343251871000064 ], [ -90.335561567999946, 41.348381714000027 ], [ -90.363393756999983, 41.348341449000031 ], [ -90.374398265999957, 41.341013622000048 ], [ -90.403703016999941, 41.33473048500008 ], [ -90.431619128999955, 41.333977885000024 ], [ -90.449761266999985, 41.328402554000036 ], [ -90.456135656999948, 41.32290256400006 ], [ -90.463981180999951, 41.324649308000062 ], [ -90.480657520999955, 41.320785107000063 ], [ -90.488859478999984, 41.32463479300003 ], [ -90.499179968999954, 41.322848798000052 ], [ -90.509859572999972, 41.313602328000059 ], [ -90.521618320999949, 41.314319490000059 ], [ -90.528870091999977, 41.310294507000037 ], [ -90.536320168999964, 41.316775112000073 ], [ -90.553323499999976, 41.308912870000029 ], [ -90.58885386999998, 41.311739827000054 ], [ -90.59627977599996, 41.309434825000039 ], [ -90.600313014999983, 41.313240016000066 ], [ -90.629918888999953, 41.313714765000043 ], [ -90.63847776199998, 41.320093357000076 ], [ -90.653542182999956, 41.316698483000039 ], [ -90.671862719999979, 41.317306211000073 ], [ -90.691721025999982, 41.322625598000059 ], [ -90.692457711999964, 41.336408637000034 ], [ -90.695125019999978, 41.339151882000067 ], [ -90.690402543999937, 41.343858386000079 ], [ -90.69965098199998, 41.349026436000031 ], [ -90.704302947999963, 41.357975449000037 ], [ -90.702465932999985, 41.362017567000066 ], [ -90.707630528999971, 41.364974972000027 ], [ -90.706724299999962, 41.374625920000028 ], [ -90.712184386, 41.382074117000059 ], [ -90.711194054999964, 41.388492733000078 ], [ -90.699752641999964, 41.385864646000073 ], [ -90.673211758999969, 41.389788064000072 ], [ -90.668770823999978, 41.386693272000059 ], [ -90.659353824999982, 41.391054396000072 ], [ -90.63887923599998, 41.386984204000044 ], [ -90.620281657999953, 41.393378383000027 ], [ -90.567776685999945, 41.392833243000041 ], [ -90.561353389999965, 41.40296281500008 ], [ -90.572613129999979, 41.417567445000032 ], [ -90.562782683999956, 41.43959103800006 ], [ -90.553833967999935, 41.443871071000046 ], [ -90.559950599, 41.446278859000074 ], [ -90.557431140999938, 41.447691163000059 ], [ -90.558713147999981, 41.45317926000007 ], [ -90.590032804999964, 41.457942862000039 ], [ -90.609764690999953, 41.470517328000028 ], [ -90.606980021999959, 41.475769720000073 ], [ -90.618254065999963, 41.48179536300006 ], [ -90.599928581999961, 41.481615029000068 ], [ -90.594124250999982, 41.490946049000058 ], [ -90.576574492999953, 41.487539585000036 ], [ -90.577168453999946, 41.491051282000058 ], [ -90.565661773999977, 41.496383188000038 ], [ -90.561511619999976, 41.493404594000026 ], [ -90.537332780999975, 41.491648643000076 ], [ -90.515842289999966, 41.497315378000053 ], [ -90.513977408999949, 41.48841318400008 ], [ -90.500271853999948, 41.492368371000055 ], [ -90.475151676999985, 41.489066454000067 ], [ -90.458802267999943, 41.493453029000079 ], [ -90.453506870999945, 41.489730808000047 ], [ -90.415900022999949, 41.491075045000059 ], [ -90.413553687, 41.496663308000052 ], [ -90.406909733999953, 41.498310901000025 ], [ -90.406071216999976, 41.502563275000057 ], [ -90.422870284999988, 41.510936030000039 ], [ -90.42482615299997, 41.52045104900003 ], [ -90.387615677999975, 41.524718386000075 ], [ -90.382978823999963, 41.530269607000037 ], [ -90.375705981999943, 41.530646666000052 ], [ -90.37061678699996, 41.53629224000008 ], [ -90.380162176999988, 41.541605727000046 ], [ -90.379309115999945, 41.544473664000066 ], [ -90.383966981999947, 41.54745815900003 ], [ -90.382578283999976, 41.557691593000072 ], [ -90.36747478999996, 41.560051461000057 ], [ -90.356665484999951, 41.567002855000055 ], [ -90.351885190999951, 41.565690927000048 ], [ -90.350736549999965, 41.573291831000063 ], [ -90.328797623999947, 41.568715268000062 ], [ -90.328213469, 41.572216326000046 ], [ -90.316841763999946, 41.576309975000072 ], [ -90.324239387999967, 41.580099072000053 ], [ -90.32269750599994, 41.585555371000055 ], [ -90.30834297399997, 41.582235006000076 ], [ -90.298484840999947, 41.589123695000069 ], [ -90.292184627999973, 41.594670147000045 ], [ -90.294117369999981, 41.598051043000055 ], [ -90.290591991999975, 41.604067059000045 ], [ -90.301130722999972, 41.610330912000052 ], [ -90.298543225999936, 41.614988092000033 ], [ -90.309442505999982, 41.620432381000057 ], [ -90.294833163999954, 41.622782444000052 ], [ -90.292428473999962, 41.626631028000077 ], [ -90.284568198999978, 41.624042577000068 ], [ -90.28384263099997, 41.627009308000027 ], [ -90.278567231999943, 41.625682808000079 ], [ -90.278619445999936, 41.629861571000049 ], [ -90.291704307999964, 41.632989801000065 ], [ -90.283760020999978, 41.636028864000025 ], [ -90.282985517999975, 41.64019257700005 ], [ -90.273454553999954, 41.642865101000041 ], [ -90.267364535999945, 41.639665553000043 ], [ -90.26309261199998, 41.650676024000063 ], [ -90.249373227999968, 41.64761014000004 ], [ -90.253003895999939, 41.644849133000037 ], [ -90.247036306999973, 41.640933167000071 ], [ -90.237169351999967, 41.643579167000041 ], [ -90.229619585999956, 41.640381765000029 ], [ -90.22441222499998, 41.643097711000053 ], [ -90.209716159999971, 41.641747905000045 ], [ -90.202611819999959, 41.64359466600007 ], [ -90.202077345999953, 41.648816988000078 ], [ -90.195445998999958, 41.647509739000043 ], [ -90.192520722999973, 41.654768275000038 ], [ -90.188640578, 41.654073255000071 ], [ -90.189811780999946, 41.657087432000026 ], [ -90.199458764999974, 41.66040934800003 ], [ -90.196029887999941, 41.661668407000036 ], [ -90.194427656999949, 41.678504338000039 ], [ -90.190286622999963, 41.683257691000051 ], [ -90.192247588999976, 41.696746135000069 ], [ -90.196048935999954, 41.704268391000028 ], [ -90.203749828999946, 41.706592406000027 ], [ -90.209436471999936, 41.714496936000046 ], [ -90.19705059599994, 41.731748431000028 ], [ -90.201028968999935, 41.73435383900005 ], [ -90.200760449999962, 41.74239102100006 ], [ -90.162374630999977, 41.742025348000027 ], [ -90.161221936999937, 41.746002499000042 ], [ -90.151078057999939, 41.747172927000065 ], [ -90.150506835999977, 41.750452911000025 ], [ -90.14620391699998, 41.750952160000054 ], [ -90.147326630999942, 41.753089672000044 ], [ -90.142612705999966, 41.752636647000031 ], [ -90.140809754999964, 41.757021463000058 ], [ -90.143319111999972, 41.760943271000031 ], [ -90.15011425199998, 41.763235010000074 ], [ -90.146870685999943, 41.766540625000061 ], [ -90.148147298999959, 41.769865254000081 ], [ -90.154018537999946, 41.771467247000032 ], [ -90.143323733999978, 41.782530467000072 ], [ -90.138230067999984, 41.782526892000078 ], [ -90.141207976999965, 41.784184825000068 ], [ -90.137072008999951, 41.786847425000076 ], [ -90.129831353999975, 41.785111529000062 ], [ -90.12699095399995, 41.788921816000027 ], [ -90.108892176999973, 41.788556352000057 ], [ -90.108464811999966, 41.791950955000061 ], [ -90.100835920999941, 41.789357080000059 ], [ -90.089479862999951, 41.79116700600008 ], [ -90.073645823999982, 41.784112141000037 ], [ -90.02414564299994, 41.78837986700006 ], [ -90.028999103, 41.805762670000036 ], [ -90.025023443999942, 41.812498563000077 ], [ -90.045840550999969, 41.818125360000067 ], [ -90.043294150999941, 41.822171623000031 ], [ -90.047023524999986, 41.82772555400004 ], [ -90.045787831999974, 41.832124467000028 ], [ -90.056060784999943, 41.837868894000053 ], [ -90.049784175999946, 41.839332398000067 ], [ -90.02271385399996, 41.833520022000073 ], [ -90.023801728999956, 41.839993117000063 ], [ -90.011103909999974, 41.838812141000062 ], [ -90.00330139099998, 41.841694354000026 ], [ -89.99912072099994, 41.845433146000062 ], [ -89.999349840999969, 41.850571604000038 ], [ -90.006799024999964, 41.861720624000043 ], [ -90.002841483999987, 41.861609790000045 ], [ -89.998477917999935, 41.875570719000052 ], [ -89.989004560999945, 41.880675352000026 ], [ -89.986760803999971, 41.889311560000067 ], [ -89.978732175999937, 41.891521761000035 ], [ -89.972191279999947, 41.898315323000077 ], [ -89.979432025999984, 41.908842874000072 ], [ -89.984657328999958, 41.910548580000068 ], [ -89.983130913999958, 41.919547243000068 ], [ -89.978377620999936, 41.91955159500003 ], [ -89.98389009899995, 41.923933371000032 ], [ -89.980654966999964, 41.92562450500003 ], [ -89.986219121999966, 41.932698921000053 ], [ -89.992245301999958, 41.93434469500005 ], [ -89.99212171299996, 41.942615854000053 ], [ -89.985661193999988, 41.947787839000057 ], [ -89.987875268999971, 41.952138174000027 ], [ -89.985590712999965, 41.954024871000058 ], [ -89.989007281999989, 41.956808468000077 ], [ -89.984770373999936, 41.968761347000054 ], [ -89.988113452999983, 41.98248740400004 ], [ -89.984505522999939, 41.985917086000029 ], [ -89.973906562999957, 41.985426391000033 ], [ -89.969773098999951, 41.982179100000053 ], [ -89.969717307999986, 41.984762545000081 ], [ -89.950933793, 41.983807650000074 ], [ -89.951294192999967, 41.989421246000063 ], [ -89.942242331999978, 41.995414823000033 ], [ -89.914278715999956, 41.998378546000026 ], [ -89.919146688999945, 42.004741224000043 ], [ -89.92116397999996, 42.018451248000076 ], [ -89.902699171999984, 42.024852967000072 ], [ -89.90248623399998, 42.028599180000072 ], [ -89.895340619999956, 42.033219227000075 ], [ -89.891945896999971, 42.039880852000067 ], [ -89.896122574999936, 42.042965004000052 ], [ -89.893369584999959, 42.046914856000058 ], [ -89.899559498999963, 42.049634765000064 ], [ -89.89706003799995, 42.053956103000075 ], [ -89.899849714999959, 42.05844939900004 ], [ -89.888626367999962, 42.078130619000035 ], [ -89.867523217999974, 42.082319695000081 ], [ -89.871261801999935, 42.087492216000044 ], [ -89.868573334999951, 42.098373821000052 ], [ -89.863932426999952, 42.101469657000052 ], [ -89.853982143999986, 42.09983371900006 ], [ -89.850366495999936, 42.103175393000072 ], [ -89.836783516999958, 42.104549729000041 ], [ -89.811976681999965, 42.094670826000026 ], [ -89.804042166999977, 42.086755118000042 ], [ -89.789883974999952, 42.088037664000069 ], [ -89.766286129999969, 42.084110105000036 ], [ -89.759462022999969, 42.086265142000059 ], [ -89.743236052999976, 42.080536600000073 ], [ -89.735432611999954, 42.084962603000065 ], [ -89.725401446999967, 42.097661137000046 ], [ -89.720399602999976, 42.110475094000037 ], [ -89.721310034999988, 42.117640915000038 ], [ -89.717498883999951, 42.117966417000048 ], [ -89.716303005999976, 42.122828249000065 ], [ -89.704751353999939, 42.126001423000048 ], [ -89.705334945999937, 42.143719413000042 ], [ -89.709447428999965, 42.140652217000024 ], [ -89.732953004999956, 42.139493412000036 ], [ -89.741824562999966, 42.143331265000029 ], [ -89.750329313999941, 42.154074647000073 ], [ -89.777253157999951, 42.163536585000031 ], [ -89.785453419999953, 42.172743209000032 ], [ -89.789164616999983, 42.187649588000056 ], [ -89.803562362999969, 42.198637258000076 ], [ -89.806397548999939, 42.208704901000033 ], [ -89.817582779999952, 42.21208818000008 ], [ -89.823454049999953, 42.219232960000056 ], [ -89.848184649999951, 42.22675089300003 ], [ -89.862484495, 42.238860592000037 ], [ -89.861282150999955, 42.246641771000043 ], [ -89.85665864799995, 42.249631720000025 ], [ -89.854447195999967, 42.256478865000076 ], [ -89.863560123999946, 42.265892048000069 ], [ -89.863952024999946, 42.273273995000068 ], [ -89.859943552999937, 42.275361618000034 ], [ -89.870266395999977, 42.279571077000071 ], [ -89.870042639999951, 42.283939711000073 ], [ -89.877608349999946, 42.293233686000065 ], [ -89.884185723999963, 42.297590666000076 ], [ -89.910771400999977, 42.299269877000029 ], [ -89.922639792999973, 42.310486518000062 ], [ -89.949667437999949, 42.311883948000059 ], [ -89.957700300999988, 42.326286607000043 ], [ -89.964506169999936, 42.327573054000027 ], [ -89.969959428999971, 42.324213557000064 ], [ -89.976408445999937, 42.327713095000036 ], [ -89.981475497999952, 42.332483642000057 ], [ -89.981993701999954, 42.341339404000053 ], [ -89.995619774999966, 42.342784578000078 ], [ -89.998526871999957, 42.338794969000048 ], [ -90.008716557999946, 42.340023600000052 ], [ -90.008479182999963, 42.348654772000032 ], [ -90.012064433999967, 42.352672005000045 ], [ -90.001546356999938, 42.357157078000057 ], [ -89.996450278999987, 42.371960430000058 ], [ -90.002177305999965, 42.386737407000055 ], [ -89.997182822999946, 42.389229329000045 ], [ -89.997408218999965, 42.394749704000048 ], [ -89.991688614999987, 42.396460567000076 ], [ -89.991270309999948, 42.400128338000059 ], [ -89.953472639999973, 42.41040984600005 ], [ -89.938559791999978, 42.409353980000049 ], [ -89.927848298999947, 42.41856948700007 ], [ -89.910864367999977, 42.42291743800007 ], [ -89.90060032599996, 42.424591167000074 ], [ -89.88072303499996, 42.420853301000079 ], [ -89.879589205999935, 42.42796368900008 ], [ -89.867399486999943, 42.428798513000061 ], [ -89.877995200999976, 42.432673351000062 ], [ -89.88050267899996, 42.445193577000055 ], [ -89.888455222999937, 42.448675711000078 ], [ -89.905319468999949, 42.447903471000075 ], [ -89.912923710999962, 42.443007753000074 ], [ -89.914332764999983, 42.437615916000027 ], [ -89.925563236999949, 42.435684009000056 ], [ -89.943997083999989, 42.455890672000066 ], [ -89.958097043999942, 42.460749970000052 ], [ -89.962143604999937, 42.471358228000042 ], [ -89.973765441999944, 42.481650759000047 ], [ -89.969812044999969, 42.489333828000042 ], [ -89.981637967999973, 42.493951012000025 ], [ -89.983207538999977, 42.502989761000038 ], [ -89.994698840999945, 42.503723612000044 ], [ -89.999792, 42.507626853000033 ], [ -90.00309815199995, 42.512565605000077 ], [ -90.000263890999975, 42.517939174000048 ], [ -90.002480380999941, 42.522391074000041 ], [ -90.018263903, 42.518255345000057 ], [ -90.035751613999935, 42.52462240300008 ], [ -90.038387569999941, 42.516563376000079 ], [ -90.045375977999981, 42.513409038000077 ], [ -90.065810691999957, 42.52701776300006 ], [ -90.071235759, 42.520725508000055 ], [ -90.077037169999983, 42.520808001000034 ], [ -90.083414390999963, 42.516228813000055 ], [ -90.094139446999975, 42.521949309000036 ], [ -90.099078347999978, 42.519242631000054 ], [ -90.111334884999962, 42.522198038000056 ], [ -90.117917146999957, 42.526641028000029 ], [ -90.119796035999968, 42.536171485000068 ], [ -90.131498756999974, 42.54471479800003 ], [ -90.142991906999953, 42.548378576000061 ], [ -90.162370457999941, 42.568390749000059 ], [ -90.167892858999949, 42.566072991000055 ], [ -90.173380719999955, 42.568148574000077 ], [ -90.179139066999937, 42.57363524200008 ], [ -90.178815832999987, 42.578373425000052 ], [ -90.196114417, 42.583168857000032 ], [ -90.203587441999957, 42.593418919000044 ], [ -90.225718682999968, 42.59426256200004 ], [ -90.231589325999948, 42.605211073000078 ], [ -90.260687101999963, 42.619252199000073 ], [ -90.264639874999943, 42.625750775000029 ], [ -90.276821279999979, 42.631025161000025 ], [ -90.267836623999983, 42.645826815000078 ], [ -90.275242713999944, 42.656574219000049 ], [ -90.265308733999973, 42.663802894000071 ], [ -90.263159419999965, 42.677932386000066 ], [ -90.269308684999942, 42.68835861000008 ], [ -90.289081250999971, 42.696166133000077 ], [ -90.293234176999988, 42.705537385000071 ], [ -90.299459347999971, 42.709164 ], [ -90.310017627999969, 42.70597801100007 ], [ -90.318669006999983, 42.707383161000052 ], [ -90.319270596999957, 42.711999512000034 ], [ -90.330120643999976, 42.72277424400005 ], [ -90.336288026999966, 42.724202670000068 ], [ -90.349069473999975, 42.73503837800007 ], [ -90.376934295999945, 42.742322899000044 ], [ -90.376888848999954, 42.751930156000071 ], [ -90.381733813999972, 42.753496894000079 ], [ -90.38484094599994, 42.76080776200007 ], [ -90.362006877999988, 42.767697913000063 ], [ -90.368418074999965, 42.772177172000056 ], [ -90.373980115999984, 42.783259615000077 ], [ -90.368501612999978, 42.794841335000058 ], [ -90.371899943999949, 42.801223504000063 ], [ -90.366212706999988, 42.806238937000046 ], [ -90.387959498999976, 42.82414861500007 ], [ -90.403719895999984, 42.828524163000054 ], [ -90.400820040999974, 42.837006650000035 ], [ -90.395192496999982, 42.839651905000039 ], [ -90.391846053999984, 42.846325271000069 ], [ -90.399525519999941, 42.859520251000049 ], [ -90.395992453999952, 42.86498629700003 ], [ -90.410794109999983, 42.873956289000034 ], [ -90.414393071999939, 42.889690487000053 ], [ -90.433590006999964, 42.904556841000044 ], [ -90.434461905999967, 42.922405812000079 ], [ -90.440430657999968, 42.929901097000027 ], [ -90.439778969999963, 42.93435013800007 ], [ -90.416996788999938, 42.949920782000049 ], [ -90.417353344, 42.954804460000048 ], [ -90.412649612999985, 42.956840705000047 ], [ -90.412967962999971, 42.962850701000036 ], [ -90.404271731999984, 42.966421646000072 ], [ -90.375452727999971, 42.962380363000079 ], [ -90.359696921999955, 42.966477230000066 ], [ -90.349016719999952, 42.97226812100007 ], [ -90.345146799999952, 42.984996875000036 ], [ -90.340166710999938, 42.986547341000062 ], [ -90.335373870999945, 42.981322755000065 ], [ -90.321373569999935, 42.982267251000053 ], [ -90.311966969999958, 42.978302260000078 ], [ -90.307018799, 42.972232480000059 ], [ -90.300788114999989, 42.974867036000035 ], [ -90.296869943, 42.970454564000079 ], [ -90.287916397999936, 42.968066086000078 ], [ -90.278954271999964, 42.97041361600003 ], [ -90.246073239999987, 42.967842631000053 ], [ -90.231179525999949, 42.973633760000041 ], [ -90.220523433999972, 42.974106963000054 ], [ -90.211731985999961, 42.979442891000076 ], [ -90.188557424999942, 42.975529281000036 ], [ -90.16341117199994, 42.987508149000064 ], [ -90.138996833999954, 42.982189359000074 ], [ -90.135074786999951, 42.978097410000032 ], [ -90.124392439999951, 42.979254009000044 ], [ -90.109225228999946, 42.984110508000072 ], [ -90.098025275999987, 42.996921873000076 ], [ -90.090838472999963, 42.992113417000041 ], [ -90.076530314999957, 42.989914424000062 ], [ -90.068143281999937, 42.979847943000038 ], [ -90.051426945999935, 42.977102822000063 ], [ -90.046401316999948, 42.971590614000036 ], [ -90.038075439999943, 42.971502400000077 ], [ -90.033882043999938, 42.974960960000033 ], [ -90.022077430999957, 42.976059713000041 ], [ -90.013315218999935, 42.983652452000058 ], [ -90.012150841999983, 42.988709936000078 ], [ -90.002300008999953, 42.991672974000039 ], [ -90.000412210999968, 42.996892256000081 ], [ -89.991815222999946, 42.999828024000067 ], [ -89.985297839999987, 43.006711945000063 ], [ -89.959588978999989, 43.005923168000038 ], [ -89.952080848999969, 43.014526981000074 ], [ -89.938673464999965, 43.011143911000033 ], [ -89.918241343999966, 43.012664159000053 ], [ -89.904801178999946, 43.010190388000069 ], [ -89.88942246199997, 43.019099407000056 ], [ -89.885809793999954, 43.026830250000046 ], [ -89.872880588999976, 43.02530532600008 ], [ -89.851014111999973, 43.028525617000071 ], [ -89.827941057999965, 43.021651176000034 ], [ -89.814277373999971, 43.025362787000063 ], [ -89.805475582999975, 43.015171674000044 ], [ -89.793059781999943, 43.009429064000074 ], [ -89.779329161999954, 43.00600415200006 ], [ -89.772880413999985, 43.007655857000032 ], [ -89.760225032999983, 43.002041278000036 ], [ -89.737703292999981, 43.009306699000035 ], [ -89.732493904999956, 43.008295716000077 ], [ -89.724751319999939, 43.019235584000057 ], [ -89.731957972999965, 43.039325958000063 ], [ -89.706399613999963, 43.048986801000069 ], [ -89.696655176999968, 43.059008640000059 ], [ -89.696264826999936, 43.065295440000057 ], [ -89.680105346999937, 43.069153591000031 ], [ -89.672037588999956, 43.077168540000059 ], [ -89.655325246999951, 43.080750243000068 ], [ -89.64299915099997, 43.079427677000069 ], [ -89.626504513999976, 43.069146441000044 ], [ -89.619351417999951, 43.067523705000042 ], [ -89.60955852099994, 43.072595794000051 ], [ -89.60072680899998, 43.066898781000077 ], [ -89.59292977399997, 43.070079792000058 ], [ -89.586177966999969, 43.081146232000037 ], [ -89.576037097999972, 43.076910487000077 ], [ -89.56714870199994, 43.07742729000006 ], [ -89.553742451999938, 43.086220020000042 ], [ -89.542951713999969, 43.08776488400008 ], [ -89.536015966999969, 43.096954551000067 ], [ -89.539007557, 43.10679697900008 ], [ -89.544871224999952, 43.108618168000078 ], [ -89.570638200999952, 43.102521356000068 ], [ -89.57729022999996, 43.106830176000074 ], [ -89.575160555999958, 43.112364737000064 ], [ -89.590105232999974, 43.110826995000025 ], [ -89.593593953999971, 43.117755172000045 ], [ -89.585195627999951, 43.122269748000065 ], [ -89.59364497699994, 43.12681653900006 ], [ -89.584953365999979, 43.134447128000033 ], [ -89.586477189999982, 43.139895649000039 ], [ -89.577079233999939, 43.149457458000029 ], [ -89.575325428999975, 43.163412606000065 ], [ -89.569305417999942, 43.169923193000045 ], [ -89.578306287999965, 43.176721640000039 ], [ -89.575133532999985, 43.181504228000051 ], [ -89.582843098999945, 43.181472399000029 ], [ -89.589778518999935, 43.186131992000071 ], [ -89.597709007999981, 43.18336675300003 ], [ -89.60200754799996, 43.18813467800004 ], [ -89.599820771999987, 43.192422012000065 ], [ -89.605032992999952, 43.20106912600005 ], [ -89.598476538999989, 43.202762674000041 ], [ -89.604040158999965, 43.211767775000055 ], [ -89.589203575999989, 43.220400049000034 ], [ -89.588000724999972, 43.228300438000076 ], [ -89.561968030999935, 43.225109564000036 ], [ -89.556572319999987, 43.233451682000066 ], [ -89.548834501999977, 43.231142092000027 ], [ -89.541593458999955, 43.233361978000062 ], [ -89.545235274999982, 43.244578114000035 ], [ -89.541830179999977, 43.246401152000033 ], [ -89.527435117999971, 43.249069504000033 ], [ -89.521192452999969, 43.242866836000076 ], [ -89.512229938999951, 43.248482459000058 ], [ -89.486771059999967, 43.250095869000063 ], [ -89.48247827199998, 43.25279116300004 ], [ -89.485629838999955, 43.255873110000039 ], [ -89.479068022999968, 43.265068708000058 ], [ -89.477906776999987, 43.275864840000054 ], [ -89.462696948999962, 43.279519917000073 ], [ -89.458223262, 43.286485049000078 ], [ -89.458345689999987, 43.290776793000077 ], [ -89.471548809999945, 43.298741702000029 ], [ -89.420313864999969, 43.311193237000055 ], [ -89.422918170999935, 43.315473953000037 ], [ -89.420587599999976, 43.319626133000043 ], [ -89.436916000999986, 43.330023389000075 ], [ -89.433275168999955, 43.333862615000044 ], [ -89.424929177999957, 43.336372359000052 ], [ -89.412791013999936, 43.332011981000051 ], [ -89.401434954999957, 43.332833960000073 ], [ -89.395132387999979, 43.338166639000065 ], [ -89.394158329999982, 43.345682667000062 ], [ -89.376857568999981, 43.341986494000025 ], [ -89.372539628999959, 43.345726031000027 ], [ -89.364851462, 43.344852078000031 ], [ -89.351062102999947, 43.348764648000042 ], [ -89.34729312199994, 43.357342294000034 ], [ -89.331077165999943, 43.347446701000081 ], [ -89.331416882999974, 43.351759813000058 ], [ -89.324043011999947, 43.35608755800007 ], [ -89.325959719999958, 43.358688019000056 ], [ -89.322592920999966, 43.364195042000063 ], [ -89.316439752999941, 43.361920708000071 ], [ -89.305422844999953, 43.366136457000039 ], [ -89.297186015999955, 43.362468 ], [ -89.290944216999947, 43.364929046000043 ], [ -89.289196637999964, 43.370250013000032 ], [ -89.29308476999995, 43.379580943000065 ], [ -89.289297489999967, 43.383760154000072 ], [ -89.290664970999956, 43.387481421000075 ], [ -89.286314902999948, 43.387390047000054 ], [ -89.287389516999951, 43.396742197000037 ], [ -89.279484837999973, 43.399511487000041 ], [ -89.270570899999939, 43.39775747300007 ], [ -89.270992423999985, 43.395082387000059 ], [ -89.260347506999949, 43.397223059000055 ], [ -89.259107998, 43.390616687000033 ], [ -89.251994926999942, 43.390833678000035 ], [ -89.253237952999939, 43.396814946000063 ], [ -89.245273190999967, 43.398867015000064 ], [ -89.241012441999942, 43.405355161000045 ], [ -89.232692137999948, 43.410070993000033 ], [ -89.234104499999944, 43.412743873000068 ], [ -89.223921639999958, 43.415934363000076 ], [ -89.226096495999968, 43.419307897000067 ], [ -89.220444304999944, 43.424110959000075 ], [ -89.212031524999986, 43.425867807000031 ], [ -89.222671851999962, 43.434209954000039 ], [ -89.226238834999947, 43.44507692600007 ], [ -89.218843715, 43.449147030000063 ], [ -89.218789235999964, 43.454547897000054 ], [ -89.204355251999971, 43.455857620000074 ], [ -89.201624495999965, 43.463888305000069 ], [ -89.19276655699997, 43.464662719000046 ], [ -89.188782998999955, 43.458625363000067 ], [ -89.172867717999964, 43.451900380000041 ], [ -89.157236394999984, 43.456209858000079 ], [ -89.136188469, 43.453518798000061 ], [ -89.11812950999996, 43.461985670000047 ], [ -89.124058414999979, 43.46602585200003 ], [ -89.119952846, 43.468417787000078 ], [ -89.120891441999959, 43.472900623000044 ], [ -89.106203482999945, 43.476099129000033 ], [ -89.102915301999985, 43.479570653000053 ], [ -89.107029215999944, 43.482834336000053 ], [ -89.121712913999943, 43.480123724000066 ], [ -89.121765425999968, 43.483499404000042 ], [ -89.112367767999956, 43.48709597900006 ], [ -89.120945415999984, 43.492618826000069 ], [ -89.115874399999939, 43.496076760000051 ], [ -89.116385599999944, 43.499124168000037 ], [ -89.105025040999976, 43.499008715000059 ], [ -89.090500756999973, 43.506530405000035 ], [ -89.101616697999987, 43.508025350000025 ], [ -89.099231439999983, 43.51456132800007 ], [ -89.10087053899997, 43.521120462000056 ], [ -89.078410191999978, 43.530670350000037 ], [ -89.060989656999936, 43.530913837000071 ], [ -89.044064436999975, 43.543992201000037 ], [ -89.055076368999948, 43.544459055000061 ], [ -89.057672867999941, 43.551287632000026 ], [ -89.068640067, 43.555481951000047 ], [ -89.061553757999945, 43.557767433000038 ], [ -89.06160966799996, 43.561128092000047 ], [ -89.05233902699996, 43.566994502000057 ], [ -89.057495485999937, 43.569902553000077 ], [ -89.054089914999963, 43.572432592000041 ], [ -89.055285613999956, 43.574627920000069 ], [ -89.060245735999956, 43.574838683000053 ], [ -89.061284614999977, 43.577797994000036 ], [ -89.055732381999974, 43.580886171000031 ], [ -89.055629354999951, 43.584967839000058 ], [ -89.044634083999938, 43.587981838000076 ], [ -89.049009484999942, 43.59342749800004 ], [ -89.042134563, 43.596905369000069 ], [ -89.044775794999964, 43.598912109000025 ], [ -89.043870698999967, 43.604912152000054 ], [ -89.014647606999972, 43.615719700000056 ], [ -88.999241350999966, 43.613694305000081 ], [ -88.986992951, 43.61713751800005 ], [ -88.978085957999951, 43.614122774000066 ], [ -88.968407711999987, 43.618826476000038 ], [ -88.957899289999943, 43.61764368200005 ], [ -88.945751263999966, 43.621437280000066 ], [ -88.947681382999974, 43.633259327000076 ], [ -88.955089766999947, 43.636337728000058 ], [ -88.953671265999958, 43.640460791000066 ], [ -88.957974304999937, 43.642614187000049 ], [ -88.959349862999943, 43.649094435000052 ], [ -88.970879579999973, 43.651217165000048 ], [ -88.971566941999981, 43.654269966000072 ], [ -88.94920568699996, 43.664408690000073 ], [ -88.933402911999963, 43.662274516000025 ], [ -88.936885254999936, 43.669301696000048 ], [ -88.932525173999977, 43.67345986600003 ], [ -88.910899977999975, 43.678644787000053 ], [ -88.899497843999939, 43.676061283000081 ], [ -88.889276479999978, 43.686263992000079 ], [ -88.875759272999971, 43.67717034900005 ], [ -88.868772473999968, 43.676642579000031 ], [ -88.870370267999988, 43.680963440000028 ], [ -88.864048507999939, 43.683395400000052 ], [ -88.867094277999968, 43.690366015000052 ], [ -88.859184292999942, 43.694824235000056 ], [ -88.864658533999943, 43.697137998000073 ], [ -88.857151385999941, 43.69973837100008 ], [ -88.861641494999958, 43.702616828000032 ], [ -88.851901379999958, 43.720468661000041 ], [ -88.842892970999969, 43.727390759000059 ], [ -88.831832162999945, 43.729394489000072 ], [ -88.823380580999981, 43.736578489000067 ], [ -88.830365443999938, 43.747655269000063 ], [ -88.824913733999949, 43.756553798000027 ], [ -88.816726438999979, 43.75982296400008 ], [ -88.801427053999987, 43.75764846800007 ], [ -88.797364577999986, 43.753891438000039 ], [ -88.78669978399995, 43.75474554300007 ], [ -88.774855205999984, 43.767583493000075 ], [ -88.76894293099997, 43.769479606000061 ], [ -88.770535120999966, 43.772068326000067 ], [ -88.767050393999966, 43.773096746000078 ], [ -88.765958377999937, 43.779058850000069 ], [ -88.759986675999983, 43.77926579700005 ], [ -88.753723088999948, 43.773573315000078 ], [ -88.747499886999947, 43.775332874000071 ], [ -88.74434679899997, 43.770208841000056 ], [ -88.739418357999966, 43.771358079000038 ], [ -88.731652376999989, 43.767627275000052 ], [ -88.721253569999988, 43.781386831000077 ], [ -88.709308347, 43.77546764300007 ] ] ] } },
{ "type": "Feature", "properties": { "huc4": "0712" }, "geometry": { "type": "MultiPolygon", "coordinates": [ [ [ [ -89.08682683633144, 41.6180226987141 ], [ -89.080547880649803, 41.623551733527641 ], [ -89.086458063299617, 41.6338407849086 ], [ -89.076751883736122, 41.637373211804054 ], [ -89.065596868905075, 41.63691866892038 ], [ -89.060616079669529, 41.642237837536719 ], [ -89.045315724285999, 41.64457005036121 ], [ -89.032602082387655, 41.655438585932536 ], [ -89.020109112146486, 41.659507446737756 ], [ -89.01476579484256, 41.66478327776192 ], [ -89.015544061289404, 41.670597200274401 ], [ -89.006344206562375, 41.688055612367116 ], [ -88.975628959652781, 41.704629245071793 ], [ -88.959785117670066, 41.720625582537934 ], [ -88.9512929617228, 41.722095321035368 ], [ -88.947377637692085, 41.728176850992803 ], [ -88.938685012783438, 41.730668046465041 ], [ -88.937226792906117, 41.739570087588348 ], [ -88.926412172537354, 41.743830565893454 ], [ -88.927043404178406, 41.749275861937811 ], [ -88.932232384397324, 41.751375626400673 ], [ -88.933759003777638, 41.75595799531429 ], [ -88.930804697461681, 41.76693170681164 ], [ -88.923069487161072, 41.772967966129222 ], [ -88.913853395000828, 41.771096523598899 ], [ -88.907142721458825, 41.763389700048691 ], [ -88.896573390033154, 41.761731092602602 ], [ -88.885902697474165, 41.764372522980359 ], [ -88.873043320528652, 41.780143606730341 ], [ -88.852658833777468, 41.779134142013739 ], [ -88.846380203637352, 41.784025817298854 ], [ -88.841531177074799, 41.798286201067775 ], [ -88.825893661425226, 41.798818162486867 ], [ -88.809347603384069, 41.808138779717829 ], [ -88.80620332992099, 41.814616413150141 ], [ -88.773357370632695, 41.821973993765226 ], [ -88.765386824455135, 41.833216189456024 ], [ -88.775360326560772, 41.84065882414464 ], [ -88.760122447190497, 41.858228374314763 ], [ -88.751579467038297, 41.85625520447833 ], [ -88.745861292158551, 41.858915056022347 ], [ -88.723612958660055, 41.858950537240133 ], [ -88.711620392460944, 41.867361785290669 ], [ -88.697122374697145, 41.870843287031086 ], [ -88.682196951049022, 41.887035966709959 ], [ -88.672678092039263, 41.891496742512416 ], [ -88.664049428118645, 41.892004167125904 ], [ -88.648429294728388, 41.883464150412422 ], [ -88.633225062244051, 41.885672129463138 ], [ -88.627435389182253, 41.881516499579462 ], [ -88.584736876983442, 41.892353296256651 ], [ -88.560764246601607, 41.892772168566886 ], [ -88.553226522327535, 41.88879443360041 ], [ -88.523489589001144, 41.896814134411905 ], [ -88.471220736151309, 41.90042799791798 ], [ -88.468985458963644, 41.904677093620897 ], [ -88.460472831504674, 41.906196522639824 ], [ -88.456943056010402, 41.919752859296956 ], [ -88.48175792622753, 41.931794310540042 ], [ -88.48323505985374, 41.936726823035826 ], [ -88.481413509450945, 41.94369947224402 ], [ -88.472925245272293, 41.951222654778007 ], [ -88.474749102238647, 41.954683153030714 ], [ -88.461097823592496, 41.957248572895402 ], [ -88.452014622586617, 41.953547190556144 ], [ -88.446435620372824, 41.955352842066915 ], [ -88.437767519119291, 41.995925079693997 ], [ -88.458453715102507, 42.000099973423694 ], [ -88.469836483122776, 41.997055387027054 ], [ -88.475185051318746, 42.003394404628303 ], [ -88.474515510362409, 42.014236339672649 ], [ -88.481187919482466, 42.019979874535252 ], [ -88.478984335992507, 42.038746758181134 ], [ -88.482196323692435, 42.04316267483658 ], [ -88.474488044232174, 42.056938245736589 ], [ -88.485507607128866, 42.085075440334251 ], [ -88.475055480368312, 42.09004034854582 ], [ -88.45736563028548, 42.089415007002451 ], [ -88.451409835290505, 42.095607095295151 ], [ -88.44178951614019, 42.099367303541712 ], [ -88.441844930285342, 42.102541541501019 ], [ -88.429093264396371, 42.102792138192413 ], [ -88.425077083517763, 42.099185388189746 ], [ -88.40797120872783, 42.095480396057937 ], [ -88.401304687153797, 42.097056005799267 ], [ -88.398927151476258, 42.103689583014678 ], [ -88.406262346011502, 42.113757572451412 ], [ -88.404063237891108, 42.117831131674762 ], [ -88.397813895077888, 42.119266207398859 ], [ -88.397252198481112, 42.123491887877606 ], [ -88.385519269308304, 42.120354623785438 ], [ -88.37606516913975, 42.112023708036432 ], [ -88.357599072174182, 42.110646405398583 ], [ -88.333323293498296, 42.124104454727146 ], [ -88.333156471282237, 42.136346689251432 ], [ -88.337263891398621, 42.142666850769992 ], [ -88.352738599134341, 42.14806947825663 ], [ -88.3667674801586, 42.148741116111644 ], [ -88.358006272263751, 42.155766754194239 ], [ -88.36873820350695, 42.171274251444778 ], [ -88.364128294436398, 42.178093109146857 ], [ -88.358337104337181, 42.179667635656735 ], [ -88.360194321377492, 42.189312446673917 ], [ -88.366714468301282, 42.198691892554237 ], [ -88.366011433167259, 42.20869205591908 ], [ -88.35876620566161, 42.216156220305109 ], [ -88.370642087324626, 42.225916105632251 ], [ -88.371808729058642, 42.23843431128784 ], [ -88.367763514150283, 42.24377595696005 ], [ -88.378875660028626, 42.257462144575918 ], [ -88.368674365218894, 42.265390702975488 ], [ -88.361783879005287, 42.281277393592624 ], [ -88.372240057724937, 42.29307596089091 ], [ -88.3795088045906, 42.289709850277781 ], [ -88.383818899706924, 42.294399722588587 ], [ -88.399176767608679, 42.2934612037348 ], [ -88.406939888278259, 42.29980413541017 ], [ -88.404306578669392, 42.306084633309553 ], [ -88.406710041829598, 42.309309192191037 ], [ -88.416416873404401, 42.307344629444685 ], [ -88.429219650906518, 42.295979455891178 ], [ -88.441655522385432, 42.296062262061618 ], [ -88.45627856276343, 42.306071612540883 ], [ -88.457272797658334, 42.313192708457294 ], [ -88.466722461483258, 42.323049541185192 ], [ -88.48739780317392, 42.327893529974965 ], [ -88.491716365706765, 42.332356609341502 ], [ -88.502734239569321, 42.333169469772407 ], [ -88.510612093896299, 42.329787453009097 ], [ -88.515541036561942, 42.333413349290872 ], [ -88.513506749664089, 42.346310268319243 ], [ -88.522600378124224, 42.348356138091042 ], [ -88.529731884984997, 42.361380951718637 ], [ -88.519928210327791, 42.36664528375205 ], [ -88.521552343821327, 42.370824334751745 ], [ -88.518462103810833, 42.38058192460845 ], [ -88.512545759721746, 42.384712350533285 ], [ -88.513993277146582, 42.387922593441075 ], [ -88.510950516914193, 42.390904394462602 ], [ -88.513051748116439, 42.39618337495606 ], [ -88.492970378201335, 42.401819547518961 ], [ -88.478393485765835, 42.402253582012655 ], [ -88.477939634475192, 42.416587139959731 ], [ -88.470234154090178, 42.421937600158138 ], [ -88.467494122687867, 42.428997729721637 ], [ -88.47621744886429, 42.433878335842401 ], [ -88.479988339433149, 42.43274076358648 ], [ -88.482102408130899, 42.438257807909977 ], [ -88.475959360965362, 42.442199729129975 ], [ -88.476907498118592, 42.447764726172302 ], [ -88.499596510380812, 42.464197094118205 ], [ -88.524958194482224, 42.45925355491012 ], [ -88.528666593075485, 42.454745117399725 ], [ -88.541060213686606, 42.453527430109766 ], [ -88.548737017892023, 42.446245086872501 ], [ -88.557456017841119, 42.445705743410564 ], [ -88.566983821766826, 42.460502237323816 ], [ -88.557053986111214, 42.471521850123032 ], [ -88.551807088959436, 42.48816688195005 ], [ -88.549783074335835, 42.490645456202763 ], [ -88.520877973982863, 42.492433702841829 ], [ -88.523296452147022, 42.500514632592441 ], [ -88.528099970017394, 42.50376859381786 ], [ -88.520779662149138, 42.512612581849723 ], [ -88.525962623588697, 42.518039067687653 ], [ -88.523994184028339, 42.536117857715233 ], [ -88.529787467933133, 42.540272858601639 ], [ -88.535454819003448, 42.537208804862892 ], [ -88.567641904840173, 42.535568709032333 ], [ -88.573871590885858, 42.538521423393014 ], [ -88.588965462637475, 42.5356713923657 ], [ -88.600877010681401, 42.545190297438431 ], [ -88.585535780427719, 42.550424563659057 ], [ -88.583423230186852, 42.556692802548127 ], [ -88.576321823857128, 42.558949243993844 ], [ -88.580374261085041, 42.573639264351357 ], [ -88.557403483071994, 42.572851934772423 ], [ -88.547580975856249, 42.587035052631997 ], [ -88.546320467596502, 42.592261463808001 ], [ -88.549297359336038, 42.594967280508392 ], [ -88.53688767315937, 42.607599823835749 ], [ -88.507847753762277, 42.6132828626642 ], [ -88.504822991576503, 42.618758205918752 ], [ -88.496128831183185, 42.616029105007549 ], [ -88.486286039786975, 42.617327993945928 ], [ -88.472831206059908, 42.624187180724164 ], [ -88.46948176636262, 42.630106067348898 ], [ -88.474855680002932, 42.64711303318056 ], [ -88.463487273148289, 42.653794816043067 ], [ -88.460561552594612, 42.672698675833452 ], [ -88.469538196220711, 42.6770513208984 ], [ -88.474381587583323, 42.674549268449724 ], [ -88.472547274860261, 42.671097139432369 ], [ -88.482739480524813, 42.6649480724382 ], [ -88.50372340298776, 42.664556837358397 ], [ -88.511331759433247, 42.670866960231827 ], [ -88.52363382175831, 42.672124526409569 ], [ -88.525042567839932, 42.679237672724334 ], [ -88.528917063066061, 42.68186329099094 ], [ -88.548709645825852, 42.673010641851626 ], [ -88.581407093514969, 42.674725419770517 ], [ -88.603856882048476, 42.693725282605861 ], [ -88.619176453874289, 42.694393030323432 ], [ -88.621446709836206, 42.699298124950921 ], [ -88.636851110210927, 42.70485438926822 ], [ -88.638083807188821, 42.711619628499697 ], [ -88.631307703569746, 42.712703415516657 ], [ -88.626685574030958, 42.724844223266444 ], [ -88.63316337510048, 42.728759011392349 ], [ -88.639429349074277, 42.740637090963887 ], [ -88.659216661043928, 42.738262151134862 ], [ -88.660839037080834, 42.745127352643458 ], [ -88.670967065377425, 42.753665406434251 ], [ -88.664145660023507, 42.761755809863963 ], [ -88.662710217188462, 42.777781664494924 ], [ -88.659107845430071, 42.781630272218024 ], [ -88.664039796584348, 42.792000376736347 ], [ -88.6482030846512, 42.797250476117682 ], [ -88.635451580516047, 42.806234724900399 ], [ -88.62878911935266, 42.803772549561643 ], [ -88.632009257683521, 42.796312539749728 ], [ -88.625099745680345, 42.793248971999553 ], [ -88.622778198775364, 42.788317385732427 ], [ -88.612202971069379, 42.787325104987687 ], [ -88.60679877651711, 42.798500005273226 ], [ -88.596773751632895, 42.803600477319684 ], [ -88.593988423475608, 42.819756460874302 ], [ -88.592080258189455, 42.809717765213598 ], [ -88.58232851962957, 42.806535760439971 ], [ -88.573303244670726, 42.811404078949579 ], [ -88.570491093235347, 42.818500302302176 ], [ -88.557950668895558, 42.827596124199339 ], [ -88.559113825496567, 42.83529117367361 ], [ -88.563471091901263, 42.839604442747941 ], [ -88.557404202479034, 42.843223412933916 ], [ -88.563483790990688, 42.849614937706718 ], [ -88.559240865297753, 42.851138866532729 ], [ -88.558040595073834, 42.858110332847872 ], [ -88.547496559312037, 42.864347950042401 ], [ -88.53700825335082, 42.862411066474429 ], [ -88.530610273192735, 42.864732564774201 ], [ -88.525863208293671, 42.859142003750975 ], [ -88.514760626064572, 42.859193342657306 ], [ -88.50236058227479, 42.865929507778375 ], [ -88.496109918830726, 42.875195545349413 ], [ -88.476352466839671, 42.883440934894594 ], [ -88.471880277168779, 42.888573951750232 ], [ -88.474648732689815, 42.891867013751146 ], [ -88.471463928199512, 42.89646090425969 ], [ -88.462479553000122, 42.900993900277477 ], [ -88.464069470278929, 42.905023761630041 ], [ -88.456720283314866, 42.930597544165565 ], [ -88.444873513159393, 42.934348341120028 ], [ -88.436300648771478, 42.943039186836344 ], [ -88.436944532659282, 42.950826225246431 ], [ -88.442412650695715, 42.956067054507926 ], [ -88.440413488450432, 42.959389352302559 ], [ -88.411133742428703, 42.974174533518436 ], [ -88.402830781843974, 42.986101179363736 ], [ -88.386005920445299, 42.986751008987753 ], [ -88.381829234581161, 42.994020152770325 ], [ -88.385829013760485, 42.996945824212169 ], [ -88.381141066789397, 43.003471742313756 ], [ -88.371846960706051, 43.001110795889588 ], [ -88.366318542357149, 43.004629761102365 ], [ -88.366424927713766, 43.01318495015844 ], [ -88.361926542263959, 43.015929816528967 ], [ -88.363775497363605, 43.020700985630874 ], [ -88.361107926692625, 43.026877687753924 ], [ -88.366653114837646, 43.02873932282732 ], [ -88.356238994112033, 43.03616459183462 ], [ -88.350840654196929, 43.047464284344294 ], [ -88.362522829133468, 43.060183046560645 ], [ -88.360451977870753, 43.064543696112821 ], [ -88.350763621607783, 43.0702744919761 ], [ -88.348895892725835, 43.07691892444565 ], [ -88.322710730986628, 43.079679167023016 ], [ -88.325057118439545, 43.083561141180219 ], [ -88.32251589355225, 43.086492063365917 ], [ -88.330336325355347, 43.097876243783979 ], [ -88.325411130004966, 43.101707601935175 ], [ -88.33064203385274, 43.105824594981264 ], [ -88.326484318634343, 43.109848796255804 ], [ -88.328742420148203, 43.11537004217076 ], [ -88.311450912884439, 43.121642503920526 ], [ -88.304044028132495, 43.120277798916639 ], [ -88.304328337974141, 43.117518191774693 ], [ -88.296735400338605, 43.113690456942173 ], [ -88.290721577720049, 43.118990483455448 ], [ -88.281327798265735, 43.119247385043529 ], [ -88.280113987860133, 43.125349954137576 ], [ -88.284722047370309, 43.129743831466811 ], [ -88.279477078498573, 43.133932508867723 ], [ -88.284230359701567, 43.135978693264619 ], [ -88.276334250961895, 43.142275487162706 ], [ -88.276826757854323, 43.149436765577619 ], [ -88.263715453176914, 43.151890997569822 ], [ -88.260118824505426, 43.158569798371836 ], [ -88.251457671292627, 43.159939033314302 ], [ -88.218935476138668, 43.154092799065189 ], [ -88.218328905005677, 43.158951667535646 ], [ -88.207399462222909, 43.164414773128151 ], [ -88.212876398212131, 43.173326140475602 ], [ -88.222773156754371, 43.180665087357106 ], [ -88.212678628208494, 43.185405266933287 ], [ -88.21314029762037, 43.190276530575623 ], [ -88.206000404932482, 43.191356384168614 ], [ -88.204512096813303, 43.195557178971271 ], [ -88.203597432373513, 43.189127584135512 ], [ -88.191789202143994, 43.184053345084131 ], [ -88.184934869287176, 43.188217047538885 ], [ -88.186455107227573, 43.18158021612674 ], [ -88.174442555341784, 43.177724136190669 ], [ -88.164152190167769, 43.181284966001492 ], [ -88.156143556426528, 43.179225552464999 ], [ -88.153978014167805, 43.186155011927134 ], [ -88.14865687494175, 43.187502035912104 ], [ -88.143728631496103, 43.181819408436333 ], [ -88.134788923613698, 43.180268771258881 ], [ -88.141883282859439, 43.17398446268443 ], [ -88.139337569458064, 43.163573498108647 ], [ -88.128632037277967, 43.160070465081532 ], [ -88.12306370434014, 43.154495092451199 ], [ -88.11190396188924, 43.153391582205956 ], [ -88.10845580480273, 43.135818663282649 ], [ -88.122021873595074, 43.126888223745738 ], [ -88.124186566963118, 43.105146296209973 ], [ -88.129012995411159, 43.100160228730957 ], [ -88.126190668412363, 43.083995300584569 ], [ -88.137246609923594, 43.077076304755224 ], [ -88.125982406466576, 43.065102544873092 ], [ -88.124700005572166, 43.052746741064752 ], [ -88.136467800321938, 43.050009076944789 ], [ -88.140592773267599, 43.04173230646888 ], [ -88.145751804755491, 43.039397605156694 ], [ -88.14010473541282, 43.033365977462225 ], [ -88.128216886137395, 43.034444495273256 ], [ -88.119593371606953, 43.02838057115023 ], [ -88.097899711012118, 43.030074599498469 ], [ -88.092154155259522, 43.026041214027728 ], [ -88.104962345774823, 43.016060408148263 ], [ -88.107365244805365, 43.005723140437503 ], [ -88.098794108252505, 42.995368964510298 ], [ -88.103281689243801, 42.985715770983312 ], [ -88.09532358232785, 42.982426288558884 ], [ -88.089470259111408, 42.966853079832617 ], [ -88.097783830866945, 42.955819444188066 ], [ -88.103473301919124, 42.953983424515371 ], [ -88.107370944170356, 42.946433498417932 ], [ -88.127130633093628, 42.94088738587665 ], [ -88.128595300642829, 42.931216379718087 ], [ -88.126053904592084, 42.9269414054707 ], [ -88.116528704425917, 42.926807747536174 ], [ -88.103781226246525, 42.920495091483772 ], [ -88.100788501997044, 42.913189506296654 ], [ -88.106784345285433, 42.904499131953393 ], [ -88.104386409825452, 42.898788005428273 ], [ -88.077008315648854, 42.902112919536179 ], [ -88.079890245827372, 42.890798423988414 ], [ -88.078171567113642, 42.87534705543807 ], [ -88.068307081034092, 42.867089752790925 ], [ -88.071571881857523, 42.861037377292284 ], [ -88.063325696326274, 42.855975114657291 ], [ -88.075712043240671, 42.834802921795813 ], [ -88.060354686027424, 42.818962434297333 ], [ -88.066182319585437, 42.807431478142249 ], [ -88.075821145950172, 42.801350492560388 ], [ -88.067053034223051, 42.795149877880888 ], [ -88.070131065005128, 42.786292774971031 ], [ -88.066739552427151, 42.782579392480145 ], [ -88.068270809191461, 42.773267144407875 ], [ -88.06351204046706, 42.766100353955558 ], [ -88.064483394919733, 42.76314368293577 ], [ -88.075105601136144, 42.759385804453046 ], [ -88.084087172043837, 42.746494016814239 ], [ -88.080919308196158, 42.73559668725278 ], [ -88.085751914130668, 42.733397895337333 ], [ -88.088976540860642, 42.725256404480618 ], [ -88.080684850764086, 42.718874627596733 ], [ -88.089453057846043, 42.71083522606768 ], [ -88.088025961847634, 42.682280515676453 ], [ -88.081145414060131, 42.68050722570807 ], [ -88.067047438704506, 42.68472657890959 ], [ -88.044617938666761, 42.683217021118374 ], [ -88.039005782352675, 42.685575076878848 ], [ -88.027782122060458, 42.678948870072247 ], [ -88.018672865560902, 42.680301253339309 ], [ -88.012720772780838, 42.677483330839621 ], [ -88.011676964827473, 42.67121446230577 ], [ -88.007126918157297, 42.668878876025289 ], [ -88.010617624126965, 42.661277156284761 ], [ -88.008375309694031, 42.655035885870419 ], [ -87.998517187732702, 42.648743055154263 ], [ -87.997746621529174, 42.644105508681612 ], [ -88.002135152471723, 42.640457753582922 ], [ -87.992169895128001, 42.637790176045257 ], [ -87.979459655317683, 42.642088825576273 ], [ -87.97390302771052, 42.64920936919637 ], [ -87.977926621033234, 42.657812711259211 ], [ -87.975244494533641, 42.663494792695332 ], [ -87.98359544746863, 42.679117222745141 ], [ -87.969853857400722, 42.699267800592231 ], [ -87.957030367902163, 42.700195508867395 ], [ -87.945152979794898, 42.695639811732882 ], [ -87.927527019545508, 42.697115818276572 ], [ -87.926297222731378, 42.688839554100561 ], [ -87.931691521697218, 42.681760119641311 ], [ -87.928255041862897, 42.668844174574119 ], [ -87.934046868853102, 42.641392503690803 ], [ -87.932589175076529, 42.630486626650672 ], [ -87.936561903488027, 42.626216382179841 ], [ -87.933402417482711, 42.61711727047085 ], [ -87.939250709387437, 42.612024979650087 ], [ -87.937563090256575, 42.605157543239208 ], [ -87.941288542305983, 42.59973945676559 ], [ -87.934419271575891, 42.592981543287657 ], [ -87.93553507676242, 42.588240339635398 ], [ -87.930128264712707, 42.586022610711169 ], [ -87.93070979997951, 42.575413575015261 ], [ -87.924178233882685, 42.559926356097492 ], [ -87.903453960010097, 42.560471090400171 ], [ -87.887744369775035, 42.56993737961163 ], [ -87.884017453832797, 42.5651394152679 ], [ -87.875183752579346, 42.563283340976533 ], [ -87.873740613307177, 42.550374256377381 ], [ -87.869490003242021, 42.545139808739087 ], [ -87.874912758964399, 42.532274743261617 ], [ -87.86821826851336, 42.518742408992303 ], [ -87.870635057721003, 42.510751372056291 ], [ -87.865985879382038, 42.498417486559518 ], [ -87.868253705009309, 42.488125075091673 ], [ -87.87803770808479, 42.485631554310402 ], [ -87.874979598476102, 42.476682777605696 ], [ -87.881374068881172, 42.469523133346861 ], [ -87.880975603089979, 42.452110055984967 ], [ -87.875030459973615, 42.438947463549034 ], [ -87.878113066000424, 42.432510373932239 ], [ -87.877130066046902, 42.422312415433758 ], [ -87.8805545461055, 42.4179471607114 ], [ -87.879785356429764, 42.402858343516122 ], [ -87.88647752737316, 42.390109020461537 ], [ -87.886625818004319, 42.382758589685139 ], [ -87.884917397220647, 42.379846718603275 ], [ -87.880153921599842, 42.380396395245995 ], [ -87.87996330877904, 42.369700427172404 ], [ -87.874403518984636, 42.35777473473415 ], [ -87.876199047542912, 42.340500724177183 ], [ -87.842437549234319, 42.236188775404472 ], [ -87.831386729560037, 42.218799869918605 ], [ -87.819889587837579, 42.21225344211949 ], [ -87.810628795394763, 42.189623623554738 ], [ -87.80435294488727, 42.185642610245722 ], [ -87.797218474661676, 42.171041924046776 ], [ -87.781429667274679, 42.156447925648393 ], [ -87.775134617388616, 42.143763660467961 ], [ -87.762290861173994, 42.13387287270136 ], [ -87.762195575803361, 42.128459063971739 ], [ -87.734004527322597, 42.10295616146847 ], [ -87.723927844948136, 42.07827935887515 ], [ -87.70785917391774, 42.075420841107714 ], [ -87.69045250940755, 42.077417272580171 ], [ -87.685423161591842, 42.073645816519246 ], [ -87.692310976517533, 42.046237218844901 ], [ -87.686605465652448, 42.015010904293149 ], [ -87.678236541075989, 41.990847120084268 ], [ -87.671714557115052, 41.988456033038915 ], [ -87.670270718813924, 41.972301402829046 ], [ -87.660192365293454, 41.948347786596194 ], [ -87.631206820852853, 41.904742060274287 ], [ -87.630224185322149, 41.888606058139359 ], [ -87.615884313587685, 41.886913891417123 ], [ -87.623212795222145, 41.880043723999883 ], [ -87.620801259230319, 41.865236456625453 ], [ -87.623701476235652, 41.856950880774541 ], [ -87.612806420704899, 41.834758575236798 ], [ -87.618336531386532, 41.797949782018257 ], [ -87.626759843411193, 41.778410527680442 ], [ -87.553973035272335, 41.725008097288196 ], [ -87.549121234207831, 41.725583193217517 ], [ -87.548774533854115, 41.735634460491781 ], [ -87.541799279898001, 41.732037020499774 ], [ -87.549564179774393, 41.723626558251738 ], [ -87.553045525174056, 41.711084088126434 ], [ -87.560004312076359, 41.703733176836934 ], [ -87.561397802407853, 41.697694232838799 ], [ -87.565678882753829, 41.709495179954096 ], [ -87.585937790908815, 41.709209767263111 ], [ -87.595095359029784, 41.700931217932805 ], [ -87.602807973351062, 41.687715039539505 ], [ -87.613749026676786, 41.686123247574905 ], [ -87.611543224930685, 41.677025839184566 ], [ -87.592114317880018, 41.656709196009963 ], [ -87.577094103416059, 41.6535825887713 ], [ -87.572534788700523, 41.659591089592517 ], [ -87.569472936328992, 41.656593664318969 ], [ -87.557987688406072, 41.655485228335323 ], [ -87.555474395051164, 41.66459008607908 ], [ -87.548453802962896, 41.65583171933902 ], [ -87.539662530962758, 41.655447318868212 ], [ -87.537339134393477, 41.65037532327586 ], [ -87.541699836909956, 41.649265962667201 ], [ -87.541593388365797, 41.642002227105429 ], [ -87.526039729391528, 41.63120302505871 ], [ -87.511114538199223, 41.628431484642292 ], [ -87.510422722276076, 41.621694493673679 ], [ -87.502467629021453, 41.619017614858201 ], [ -87.498436150487095, 41.610139987300023 ], [ -87.477530751777792, 41.599408976051542 ], [ -87.470504648759487, 41.590257572378157 ], [ -87.492132613909519, 41.593886528600621 ], [ -87.497733821903921, 41.587720002756257 ], [ -87.492630509894397, 41.576977354865427 ], [ -87.480840691799685, 41.572502974395285 ], [ -87.479520848168391, 41.569902671585368 ], [ -87.483526421464163, 41.56754351148939 ], [ -87.480860178161905, 41.555265015272894 ], [ -87.469369211452303, 41.553920322679673 ], [ -87.466661064872895, 41.55013475463268 ], [ -87.454690879631869, 41.552224309694758 ], [ -87.425557711823771, 41.547849925134017 ], [ -87.42314175859417, 41.54404584342651 ], [ -87.412427172202811, 41.546822946045538 ], [ -87.366537776592011, 41.545593876904412 ], [ -87.361272349325787, 41.54300781682916 ], [ -87.348517988689565, 41.54546905841373 ], [ -87.337777767521374, 41.541268044114581 ], [ -87.358259507496825, 41.534267877652908 ], [ -87.363718840842978, 41.536449049125856 ], [ -87.392485144790641, 41.532410387785198 ], [ -87.429175201131557, 41.521930541191608 ], [ -87.430003241775424, 41.504831540526425 ], [ -87.434603561057642, 41.500192541217615 ], [ -87.435138437496008, 41.493853202245937 ], [ -87.444581580025471, 41.492358346155513 ], [ -87.441766620295709, 41.488041630738678 ], [ -87.442892511694467, 41.482352070743474 ], [ -87.452811178582664, 41.480265927258692 ], [ -87.459988197092017, 41.47497173067427 ], [ -87.461631414260808, 41.469816370146248 ], [ -87.468947068297695, 41.471328609761791 ], [ -87.487119232466071, 41.459086006131749 ], [ -87.488042420016328, 41.454006578288613 ], [ -87.484373040297257, 41.450678370218142 ], [ -87.464351271910886, 41.447254427156487 ], [ -87.443852153111024, 41.455804801261912 ], [ -87.447530075442856, 41.448643259461917 ], [ -87.445136579416783, 41.441209827169686 ], [ -87.450164168595606, 41.438619365017701 ], [ -87.454347342320574, 41.429057720744595 ], [ -87.452262315903795, 41.422117011322804 ], [ -87.436872176182817, 41.410025466426163 ], [ -87.4358294131778, 41.399805507802782 ], [ -87.440115924780272, 41.393021851789911 ], [ -87.437733236371855, 41.387404675016874 ], [ -87.413190902973639, 41.382383058289392 ], [ -87.405801763325329, 41.38726325045176 ], [ -87.393737817876797, 41.386838944371519 ], [ -87.389427145229703, 41.392050046673241 ], [ -87.381713624994191, 41.390182046917886 ], [ -87.36615054957673, 41.398342525460542 ], [ -87.353159002414017, 41.376242425900294 ], [ -87.343987616761666, 41.374703453305195 ], [ -87.340088610414384, 41.382169114640817 ], [ -87.338026298980978, 41.374723099306998 ], [ -87.328199163375857, 41.362826233026745 ], [ -87.317613889283209, 41.36258469789513 ], [ -87.316955219349182, 41.36742597919298 ], [ -87.305347672070269, 41.369818145996717 ], [ -87.302388992607689, 41.376356627637563 ], [ -87.285117758782008, 41.372429624102125 ], [ -87.272853889731408, 41.362499544055638 ], [ -87.264367582178139, 41.363378401915263 ], [ -87.257564623269516, 41.360430655005914 ], [ -87.255766124336972, 41.363270893657798 ], [ -87.259305046274406, 41.37604724041438 ], [ -87.253513586324672, 41.381257400670862 ], [ -87.256305208295842, 41.388246545672814 ], [ -87.253345085947288, 41.391851681612302 ], [ -87.243646344683668, 41.391934303390201 ], [ -87.241961100462518, 41.399636346391048 ], [ -87.233456043260517, 41.407220461109802 ], [ -87.2268558400107, 41.41216330770731 ], [ -87.218015502452985, 41.41275206968939 ], [ -87.217503839695368, 41.417438849208608 ], [ -87.200608579724403, 41.427042669845861 ], [ -87.193255855688804, 41.436724526214761 ], [ -87.186043415277467, 41.43569681980469 ], [ -87.178405573157548, 41.440378662535913 ], [ -87.161214455004995, 41.442616427280875 ], [ -87.160511529686232, 41.450206483455005 ], [ -87.156263334069777, 41.451254095977092 ], [ -87.133464128148049, 41.43484825301929 ], [ -87.126402893706455, 41.435954606548123 ], [ -87.113505741929018, 41.430728635206151 ], [ -87.105842155907041, 41.433748112422855 ], [ -87.095647879218703, 41.431516952922195 ], [ -87.088079283242806, 41.435176925335419 ], [ -87.083141717865487, 41.433692216167898 ], [ -87.07726362772874, 41.426641164534225 ], [ -87.0718083263571, 41.426372539608828 ], [ -87.069220876506122, 41.416233750579707 ], [ -87.064886521427411, 41.412192964640099 ], [ -87.054186755464514, 41.412987618925612 ], [ -87.034978831882697, 41.401745307223337 ], [ -87.029286947365819, 41.40235969139858 ], [ -87.028123205341572, 41.408374517825827 ], [ -87.031828896804086, 41.414082313862302 ], [ -87.020304049823892, 41.418237002868558 ], [ -87.010577268736967, 41.434145695522623 ], [ -87.010878231671811, 41.445457116444537 ], [ -87.016005877969974, 41.454182934266505 ], [ -87.013668083169833, 41.462802823706404 ], [ -87.025393930485677, 41.477194613943411 ], [ -87.034129832624799, 41.477403357469186 ], [ -87.032512594097639, 41.490757732621759 ], [ -87.036937359970011, 41.492234748112821 ], [ -87.037347758061443, 41.501554503291047 ], [ -87.044250471173399, 41.505302488891161 ], [ -87.048869848632577, 41.512572201936663 ], [ -87.05853027513345, 41.513682434154269 ], [ -87.063608367965813, 41.508997680538599 ], [ -87.070151837896645, 41.514784568654605 ], [ -87.067655270872123, 41.51773985783683 ], [ -87.053505641179868, 41.518570154757938 ], [ -87.050860069471909, 41.521731694722774 ], [ -87.051779672455737, 41.533629351372326 ], [ -87.039973363698024, 41.536644462489953 ], [ -87.031962058051306, 41.521778906880179 ], [ -87.019219175432568, 41.525812487559335 ], [ -87.01628776850643, 41.52050745471648 ], [ -87.001579192207885, 41.518440387042638 ], [ -87.005311134956429, 41.503946336307486 ], [ -86.998587787056152, 41.501987047643112 ], [ -86.98907433774049, 41.51150003291626 ], [ -86.987880951459019, 41.517034834478267 ], [ -86.972659751726766, 41.524489220153605 ], [ -86.973208441334535, 41.532673074474786 ], [ -86.978326269387011, 41.538727003531243 ], [ -86.976224093100456, 41.546369678850702 ], [ -86.98349244838144, 41.552771624199274 ], [ -86.980148454617279, 41.558207459384334 ], [ -86.966647263713085, 41.559485484777291 ], [ -86.957650956157337, 41.565234129198409 ], [ -86.939001787355025, 41.565404579758798 ], [ -86.926803837668444, 41.573478541346141 ], [ -86.919839394478785, 41.569177742874558 ], [ -86.89623545784184, 41.56749048881796 ], [ -86.884913204370534, 41.577277378705659 ], [ -86.876971650973175, 41.57825152386895 ], [ -86.873886000844323, 41.588015985765963 ], [ -86.868606860365986, 41.587530981898539 ], [ -86.868860972406083, 41.582811899349643 ], [ -86.861054620919973, 41.579765806779626 ], [ -86.853547130381813, 41.581041268065761 ], [ -86.844638886331396, 41.588868895113606 ], [ -86.837769717085138, 41.585417380106861 ], [ -86.835394664726479, 41.587754869935523 ], [ -86.836650402224308, 41.593413528926135 ], [ -86.827118928583886, 41.595201876400985 ], [ -86.820343015963346, 41.600511806380162 ], [ -86.818040811034152, 41.611808835114402 ], [ -86.823827868795647, 41.618927971058888 ], [ -86.834251056869107, 41.624284846138245 ], [ -86.817491812025594, 41.624472577617716 ], [ -86.817828795092566, 41.633650638048508 ], [ -86.810076353501159, 41.634517795161159 ], [ -86.785572827933933, 41.647092430782173 ], [ -86.780336924480565, 41.652719197647691 ], [ -86.755587150082562, 41.657793718919891 ], [ -86.74927451004389, 41.656365759670528 ], [ -86.738475541652704, 41.661328452345721 ], [ -86.723029451906569, 41.657721798151165 ], [ -86.711691494524032, 41.662797511395738 ], [ -86.693622875636223, 41.65757300827638 ], [ -86.691856718065793, 41.66813688471732 ], [ -86.69815380000415, 41.671847114790303 ], [ -86.684930749934821, 41.673391067295462 ], [ -86.677940955193691, 41.677531912862726 ], [ -86.67959315653782, 41.686883152337273 ], [ -86.676192234463556, 41.693939461687428 ], [ -86.671928808767433, 41.691059345585714 ], [ -86.648863547802222, 41.694233773481955 ], [ -86.642705766445275, 41.688809885740355 ], [ -86.634301551449141, 41.694231274715086 ], [ -86.617690085470571, 41.692233232181643 ], [ -86.615130480013505, 41.697862208248615 ], [ -86.618807592520369, 41.703182635244858 ], [ -86.613417283116007, 41.710838826286121 ], [ -86.598999146899985, 41.716717920786373 ], [ -86.597518419327855, 41.719851846201827 ], [ -86.600380704961779, 41.723075133820529 ], [ -86.586692736185356, 41.730958880484579 ], [ -86.532975381680671, 41.730401711884724 ], [ -86.526543987723642, 41.739366039242384 ], [ -86.522710401077475, 41.733057617429672 ], [ -86.513117295764275, 41.732321890144846 ], [ -86.510659143921899, 41.736168168252298 ], [ -86.504837766658397, 41.737072162550739 ], [ -86.503523068548546, 41.741636734100084 ], [ -86.477294445800467, 41.74998770983175 ], [ -86.472804097733444, 41.758011231962577 ], [ -86.475981013679572, 41.759160647421375 ], [ -86.478452492723562, 41.76720216431216 ], [ -86.486548175633885, 41.76863499958683 ], [ -86.472395626343314, 41.77148822959996 ], [ -86.456901953341415, 41.779576217435256 ], [ -86.455038653807463, 41.783417711343816 ], [ -86.448740639040082, 41.781828906678108 ], [ -86.453792658453835, 41.777562669121785 ], [ -86.453618514960866, 41.773201874990157 ], [ -86.438379846209102, 41.765385488051201 ], [ -86.439168931110373, 41.753323172632278 ], [ -86.421154064203009, 41.754322454383434 ], [ -86.417298457844709, 41.750961588808281 ], [ -86.405023291214903, 41.750035007394402 ], [ -86.396184503192927, 41.757106385701341 ], [ -86.391592235555564, 41.752722920149132 ], [ -86.385988204251234, 41.752912923735863 ], [ -86.384926659442925, 41.764383503225858 ], [ -86.373489898034975, 41.769062104776943 ], [ -86.372956531248747, 41.779998258576285 ], [ -86.362150814645375, 41.78350772548346 ], [ -86.367320165510279, 41.791313887555823 ], [ -86.365771264346563, 41.795902940735701 ], [ -86.359092076009816, 41.796708012996774 ], [ -86.353783474858773, 41.802126224010507 ], [ -86.346006447445006, 41.800018868119608 ], [ -86.346477438470728, 41.795142864669685 ], [ -86.341246729126766, 41.786893038429191 ], [ -86.350242842576549, 41.78028430678804 ], [ -86.349935432115643, 41.769969870587978 ], [ -86.346195385677021, 41.767122605603632 ], [ -86.344061938386758, 41.757611634006395 ], [ -86.357642079821971, 41.754236521344069 ], [ -86.363338365980042, 41.743425476391316 ], [ -86.359850281196373, 41.72919223330441 ], [ -86.348382153238774, 41.724714559793078 ], [ -86.351078387806965, 41.719853316322599 ], [ -86.346985639923204, 41.716165250160451 ], [ -86.356206146487537, 41.702229204432513 ], [ -86.350186762653706, 41.695059425601997 ], [ -86.351228556288746, 41.690613724193412 ], [ -86.360413102576587, 41.69083228418458 ], [ -86.360301593946645, 41.681770217435982 ], [ -86.35650442415168, 41.677281811205624 ], [ -86.342914952006439, 41.679106573357515 ], [ -86.340665575096892, 41.668833100638231 ], [ -86.328777499304536, 41.671543753409722 ], [ -86.296868138052233, 41.670162923602952 ], [ -86.293953506891668, 41.663242117040305 ], [ -86.285400075615172, 41.662946480207829 ], [ -86.284216326883623, 41.649985807348678 ], [ -86.279330962566803, 41.648491280801515 ], [ -86.281067416638564, 41.641694302586075 ], [ -86.295778893151962, 41.628384205926992 ], [ -86.294336575026378, 41.624405891550659 ], [ -86.302176342858203, 41.613378285670777 ], [ -86.300784507396145, 41.605265160122876 ], [ -86.307975209416682, 41.58279386578068 ], [ -86.294896503538126, 41.58223913599582 ], [ -86.280906937226604, 41.570277452359754 ], [ -86.267371245677921, 41.577255631442881 ], [ -86.249637665895648, 41.575212599536783 ], [ -86.245929575699307, 41.578533370342363 ], [ -86.239893635331995, 41.575680115040591 ], [ -86.243758732557453, 41.571512393541518 ], [ -86.24199079404336, 41.568443426668374 ], [ -86.233808397850893, 41.567137106486967 ], [ -86.227159201936445, 41.561880647904914 ], [ -86.218453557258911, 41.565362237581965 ], [ -86.218676504527963, 41.569161101943443 ], [ -86.210441115179606, 41.574984719588215 ], [ -86.208763205941338, 41.584820416242053 ], [ -86.197585089273886, 41.585141455494892 ], [ -86.191662459664187, 41.577557243107535 ], [ -86.183935816477018, 41.577566102503809 ], [ -86.178187699815936, 41.567359148168165 ], [ -86.165265655230911, 41.563024448155822 ], [ -86.166708316870725, 41.557289529465052 ], [ -86.161128303236012, 41.554576954427738 ], [ -86.148616986195989, 41.557213491147067 ], [ -86.122050870043154, 41.552180122006334 ], [ -86.110838441127655, 41.554394831630745 ], [ -86.101630299921368, 41.5501493773194 ], [ -86.104519401646954, 41.541163066001381 ], [ -86.09736252460165, 41.534302418243691 ], [ -86.097738313731057, 41.529296463434157 ], [ -86.091178278945421, 41.526912388187768 ], [ -86.091512020596099, 41.523655586464486 ], [ -86.081843722195629, 41.514578630206685 ], [ -86.048234907141847, 41.510483069890654 ], [ -86.046193466175197, 41.503922070587727 ], [ -86.034725362222247, 41.499800430987939 ], [ -86.021729817730687, 41.499573994628541 ], [ -86.01987269722882, 41.491927995040236 ], [ -85.995507813935745, 41.488604349461674 ], [ -85.983002522740378, 41.481386905722381 ], [ -85.966891964254501, 41.478439691530703 ], [ -85.974668657343074, 41.474617800376961 ], [ -85.983956515897944, 41.478226174585814 ], [ -85.994700416848715, 41.475316079790616 ], [ -86.001414308822262, 41.469678827491983 ], [ -86.011627129339956, 41.474523502348568 ], [ -86.025446092676304, 41.468180922421382 ], [ -86.045857762891686, 41.477543794131932 ], [ -86.057683354290333, 41.467917706224974 ], [ -86.052365297972543, 41.460848502103126 ], [ -86.053770860584308, 41.455651512896836 ], [ -86.039045981668025, 41.450805601442134 ], [ -86.036887752772884, 41.442875142621695 ], [ -86.027810822919307, 41.444937706797525 ], [ -85.995510827131781, 41.43550498612079 ], [ -85.985435393773884, 41.437884881856384 ], [ -85.974421333757832, 41.432463823608416 ], [ -85.969963737450058, 41.436030909866233 ], [ -85.965289265092906, 41.420023006033922 ], [ -85.974799930529073, 41.413007659610628 ], [ -85.978663801699838, 41.397393896603624 ], [ -85.955935712117721, 41.398992778963809 ], [ -85.938117101932306, 41.384008623537746 ], [ -85.931929350599162, 41.384311988165315 ], [ -85.930408896066297, 41.378313617719883 ], [ -85.916424530491241, 41.379580758301699 ], [ -85.907435527261867, 41.37188766707019 ], [ -85.906611306335677, 41.365670818621176 ], [ -85.895486142565787, 41.365029312560175 ], [ -85.906318715641376, 41.351883964400805 ], [ -85.90790628658641, 41.34589072144513 ], [ -85.902610261693738, 41.338919496450437 ], [ -85.906339594255357, 41.329989288469136 ], [ -85.918693319198141, 41.318416121775279 ], [ -85.913971697537391, 41.309058104746683 ], [ -85.921736689229505, 41.313015463236653 ], [ -85.933696673856602, 41.307749674674206 ], [ -85.940393074906197, 41.310176925342688 ], [ -85.936666602939013, 41.312245034348948 ], [ -85.937902595632863, 41.315284039527995 ], [ -85.94698010161936, 41.317740099634221 ], [ -85.958487635922992, 41.315838017904838 ], [ -85.966793106581335, 41.325614778662718 ], [ -85.986974882531285, 41.327865460953205 ], [ -85.99538398017846, 41.334027319718054 ], [ -85.995699494555254, 41.344234225753333 ], [ -86.003437933173871, 41.348624346153329 ], [ -86.01613302931851, 41.348302049514011 ], [ -86.025241011543542, 41.33985267611002 ], [ -86.035403885058102, 41.338540515846518 ], [ -86.054764838520413, 41.341590474745047 ], [ -86.07021283112006, 41.34949864694763 ], [ -86.098740014634572, 41.340578784090624 ], [ -86.099656568412584, 41.334096119793763 ], [ -86.106713503987294, 41.331500655566465 ], [ -86.106823845170936, 41.325602535387233 ], [ -86.116637648794665, 41.327090557164105 ], [ -86.124702683162283, 41.323794700506298 ], [ -86.122762941687768, 41.316428668249877 ], [ -86.125085498751318, 41.309881795194222 ], [ -86.143885887341625, 41.314796729440346 ], [ -86.146577009399522, 41.322220852173324 ], [ -86.156656128081565, 41.322455583387516 ], [ -86.157156444464903, 41.315396286997689 ], [ -86.191789039602469, 41.299532044983252 ], [ -86.195847557139828, 41.291324189679443 ], [ -86.209092943857669, 41.282015476057509 ], [ -86.211691316692765, 41.28092115408085 ], [ -86.223312826969362, 41.287935768954839 ], [ -86.2310856564158, 41.286694507977678 ], [ -86.233377509055558, 41.283217400825123 ], [ -86.230362886295509, 41.280708724483468 ], [ -86.239745082417386, 41.268922448617317 ], [ -86.232775506492118, 41.261692678863547 ], [ -86.235621558898927, 41.256277891170676 ], [ -86.234341930045872, 41.246138835454623 ], [ -86.239205401713022, 41.240393633041251 ], [ -86.232526512946976, 41.232540732511858 ], [ -86.233948935997077, 41.211539783593309 ], [ -86.225958043736043, 41.202732463369699 ], [ -86.232166326870228, 41.198588296830053 ], [ -86.233016376616362, 41.187261652576375 ], [ -86.237926382430473, 41.184933348155546 ], [ -86.243329833335025, 41.175885490012526 ], [ -86.247203154737562, 41.182185264672924 ], [ -86.257089256740542, 41.183032895518132 ], [ -86.278375743429635, 41.196742429152742 ], [ -86.312606177448828, 41.195781389797943 ], [ -86.312453065077676, 41.202989475984261 ], [ -86.323894973444538, 41.20455938106813 ], [ -86.323507998090605, 41.210450026729092 ], [ -86.331993362835703, 41.216243009081801 ], [ -86.337946661597343, 41.215973144540399 ], [ -86.345366462181758, 41.210141041815696 ], [ -86.354484723889286, 41.210773892424569 ], [ -86.353156812482993, 41.218939117022501 ], [ -86.365386606772233, 41.217462228539688 ], [ -86.366044798426145, 41.223662631108304 ], [ -86.380256715617165, 41.233689978042264 ], [ -86.391125547183165, 41.234365442542853 ], [ -86.394704577150165, 41.241204961074558 ], [ -86.412853770783855, 41.24014918301139 ], [ -86.424579556016539, 41.248738170729574 ], [ -86.429585782265875, 41.247145246189305 ], [ -86.429942296040252, 41.250130399994845 ], [ -86.439646504850487, 41.25434698461585 ], [ -86.448714136010409, 41.254167019209575 ], [ -86.451330301431668, 41.249649850253476 ], [ -86.460162442040982, 41.256165993737888 ], [ -86.469377433208507, 41.256338540099797 ], [ -86.475404245711573, 41.263335812587982 ], [ -86.515167055356144, 41.271129970275425 ], [ -86.517464078185938, 41.266134242662659 ], [ -86.526948339894773, 41.266590812798327 ], [ -86.528619080853318, 41.259490481995201 ], [ -86.542689795188906, 41.261724628370821 ], [ -86.544496458699101, 41.257625645995688 ], [ -86.540276035840364, 41.255220733072839 ], [ -86.555980603515707, 41.254146525065302 ], [ -86.558171420743676, 41.246010652813773 ], [ -86.566623167689585, 41.240313489839679 ], [ -86.564533947089004, 41.236562108663591 ], [ -86.575096578230003, 41.228760897741907 ], [ -86.575342177096331, 41.225901864613178 ], [ -86.570142551218552, 41.222829488478119 ], [ -86.579003587072506, 41.220216609012262 ], [ -86.582945176785486, 41.210739879858878 ], [ -86.594686921369558, 41.2076410857346 ], [ -86.604893507901622, 41.210182152557799 ], [ -86.618909363388028, 41.203786863259154 ], [ -86.619399470769523, 41.212680735657408 ], [ -86.628433037471126, 41.213591152343291 ], [ -86.637525243195981, 41.207381345357781 ], [ -86.640920658380622, 41.199283094503762 ], [ -86.638165071195289, 41.193121513654312 ], [ -86.642118185926023, 41.193047028999686 ], [ -86.642790112464226, 41.189849694465224 ], [ -86.637703578543736, 41.181543001685704 ], [ -86.630664225163954, 41.180594200485537 ], [ -86.640258383697869, 41.170736103324572 ], [ -86.635966582085302, 41.159244205674518 ], [ -86.638103918018828, 41.151940209278031 ], [ -86.648876773521479, 41.150776255006249 ], [ -86.647852501922799, 41.147707710185337 ], [ -86.66050527376342, 41.137668429785656 ], [ -86.665048702441737, 41.127482876876925 ], [ -86.680027704149069, 41.133499434451956 ], [ -86.701725406833432, 41.12745392117111 ], [ -86.708057655091764, 41.131352030897986 ], [ -86.713607746181594, 41.151402877170085 ], [ -86.718127260995288, 41.156572896510724 ], [ -86.73199697255852, 41.158766448102348 ], [ -86.746503811867413, 41.152271109955585 ], [ -86.7531807674536, 41.154234419494834 ], [ -86.753686400488704, 41.163139913971534 ], [ -86.750212399451925, 41.171330111845755 ], [ -86.756942126403956, 41.173740026323529 ], [ -86.761996870749954, 41.187668798892012 ], [ -86.773373143859885, 41.187653291628251 ], [ -86.774174468373857, 41.203831053644926 ], [ -86.782353395061449, 41.212526100543982 ], [ -86.792485421352552, 41.216383671041307 ], [ -86.805490716345531, 41.212868945828703 ], [ -86.818386266481298, 41.204557776771416 ], [ -86.827753657785678, 41.210651796473783 ], [ -86.832076970293954, 41.208442506861047 ], [ -86.832478827086376, 41.20332744669507 ], [ -86.840359077594485, 41.20025853872211 ], [ -86.83948997740255, 41.196166652260459 ], [ -86.844493573920161, 41.19431262484165 ], [ -86.858465225063782, 41.193812440163526 ], [ -86.873370001426736, 41.187458961244459 ], [ -86.882488639026249, 41.193148476043199 ], [ -86.893078893662789, 41.191504656962472 ], [ -86.894690940186862, 41.188291856244113 ], [ -86.902432005068036, 41.186349322370816 ], [ -86.905794212067804, 41.180653034639263 ], [ -86.877967866815311, 41.170959263536162 ], [ -86.88548460455813, 41.16592199169461 ], [ -86.885325508608091, 41.159360637446483 ], [ -86.891898350635586, 41.158238506746258 ], [ -86.890768343236772, 41.153822239157947 ], [ -86.897106935015103, 41.148224663917368 ], [ -86.895148079280759, 41.144244591747807 ], [ -86.904304036587646, 41.144300535997374 ], [ -86.907436798011958, 41.137758026461867 ], [ -86.917212096053589, 41.141282237846333 ], [ -86.92614361873197, 41.139162003582598 ], [ -86.926746806129174, 41.135147764944435 ], [ -86.934224619181876, 41.13334169551748 ], [ -86.941133105215116, 41.126396845893169 ], [ -86.951482447335366, 41.123862414895292 ], [ -86.95191833416267, 41.11400324675698 ], [ -86.955101193176873, 41.110817854228515 ], [ -86.97113201698356, 41.11156179796459 ], [ -86.97080567815091, 41.105972509932343 ], [ -86.961398356784215, 41.105335243131066 ], [ -86.953407398082746, 41.094778182848792 ], [ -86.952439045104938, 41.081876643824899 ], [ -86.942263917812625, 41.073374295432728 ], [ -86.942936813688277, 41.067615775076725 ], [ -86.959102157323187, 41.032263424049013 ], [ -86.957139416665783, 41.021325034235467 ], [ -86.966311684509378, 41.014495239547145 ], [ -86.976990884471135, 41.017968646557797 ], [ -86.990706928451715, 41.012774612252883 ], [ -86.980229323118891, 41.000963658439815 ], [ -86.966833733164222, 40.99716032657556 ], [ -86.955334338079183, 40.999972647189516 ], [ -86.953486977664582, 40.993276204714398 ], [ -86.944515970416361, 40.992594132020351 ], [ -86.941926501444513, 40.989363647615001 ], [ -86.951356758610714, 40.98533687557336 ], [ -86.950610805837925, 40.976027550700024 ], [ -86.955255708283872, 40.966752184587392 ], [ -86.965438949065302, 40.961400211982699 ], [ -86.96153672631425, 40.943558456864608 ], [ -86.955287919114866, 40.945742839166137 ], [ -86.943964214858099, 40.942395753908308 ], [ -86.947923458555181, 40.939193360959088 ], [ -86.947676020982016, 40.934605046287579 ], [ -86.956476767062142, 40.931659714670069 ], [ -86.961754663363365, 40.924972500156038 ], [ -86.964765489721401, 40.918715680622896 ], [ -86.96190983898282, 40.910828965029005 ], [ -86.9651340482432, 40.907612220145268 ], [ -86.953850262857387, 40.903202633247972 ], [ -86.952096171242488, 40.89923306890995 ], [ -86.947511475926007, 40.899642437906138 ], [ -86.945258840932993, 40.893795515823875 ], [ -86.947730789539179, 40.889584092135955 ], [ -86.94499180327827, 40.885985193966846 ], [ -86.924940262408555, 40.880536935915138 ], [ -86.947420268155568, 40.877304979683068 ], [ -86.960896634294954, 40.872052509346076 ], [ -86.969664608290898, 40.863659756878981 ], [ -86.982390556841224, 40.863440991209018 ], [ -86.993772541112335, 40.857429649548315 ], [ -86.997641736628509, 40.863087312744213 ], [ -87.003544595201689, 40.86412120883378 ], [ -87.022167699339747, 40.858555232107641 ], [ -87.036492939275817, 40.859590263028565 ], [ -87.046767065504682, 40.852327545538621 ], [ -87.046789728567234, 40.844766089597869 ], [ -87.071785660355445, 40.8338089852558 ], [ -87.073393945002948, 40.830380530338317 ], [ -87.069158173795529, 40.825826558055709 ], [ -87.053036375750793, 40.820289228762185 ], [ -87.056284899670445, 40.816393813687739 ], [ -87.054849176115567, 40.811957633329321 ], [ -87.037972190446155, 40.80688994286804 ], [ -87.037622611312685, 40.800982716830468 ], [ -87.030364933319163, 40.79504409604457 ], [ -87.036658230248932, 40.788579000858192 ], [ -87.033107899265673, 40.781260490791283 ], [ -87.052776255561767, 40.782154551618881 ], [ -87.060300858902863, 40.776409077300961 ], [ -87.080961077125295, 40.779859988920059 ], [ -87.087556058337668, 40.7773864064213 ], [ -87.089641954971626, 40.767418748503815 ], [ -87.09624689982779, 40.763588060746308 ], [ -87.103308361078419, 40.765163241328359 ], [ -87.112250383244515, 40.762428770227899 ], [ -87.112714149803608, 40.758248079635443 ], [ -87.106823246792942, 40.755463507733786 ], [ -87.117705376427097, 40.745228391908135 ], [ -87.123350651258122, 40.743537205144754 ], [ -87.127823177179664, 40.747458898038857 ], [ -87.137889305445256, 40.748743337288353 ], [ -87.136454556848918, 40.744383829211863 ], [ -87.141238217115301, 40.740955474375895 ], [ -87.140793156423811, 40.736196117442979 ], [ -87.146277742394375, 40.733289833666142 ], [ -87.155253171587773, 40.713527277347161 ], [ -87.174881140516462, 40.707430118275077 ], [ -87.185686037817462, 40.695219869079558 ], [ -87.1988928310642, 40.695204664869635 ], [ -87.209062487516647, 40.688019592186684 ], [ -87.21855962296975, 40.687264424553184 ], [ -87.225104792011209, 40.691149180576033 ], [ -87.23514962272553, 40.691140792997246 ], [ -87.277442222920271, 40.702156147721297 ], [ -87.298124818408283, 40.69898358282461 ], [ -87.30311528758601, 40.689002357529006 ], [ -87.307644386183398, 40.687895491288494 ], [ -87.307358717399566, 40.678331493517334 ], [ -87.2903071984165, 40.675975133585588 ], [ -87.276871334795985, 40.668345053620172 ], [ -87.276006368553681, 40.663777844042421 ], [ -87.264204422603825, 40.651729885134905 ], [ -87.261174764188524, 40.640722994624269 ], [ -87.269882040279967, 40.635674126548757 ], [ -87.274096926565804, 40.628811118011463 ], [ -87.280259088440189, 40.629742424954941 ], [ -87.284125911193598, 40.625557501774338 ], [ -87.299355376132624, 40.627412074320404 ], [ -87.319445726954811, 40.62141158120582 ], [ -87.31931945631635, 40.616262528638622 ], [ -87.332096898709068, 40.613121199268114 ], [ -87.337228409967835, 40.595166186113985 ], [ -87.343367253256687, 40.595547152701386 ], [ -87.344905192174792, 40.592342085009911 ], [ -87.361665011254416, 40.591600429882853 ], [ -87.371645068069, 40.585318848467743 ], [ -87.379435672373532, 40.58765131494026 ], [ -87.381705842093282, 40.582913434866519 ], [ -87.408823602812603, 40.571470364556809 ], [ -87.440804138441976, 40.569293028193606 ], [ -87.440418150377411, 40.564658793226279 ], [ -87.44613876737175, 40.561314484510916 ], [ -87.472929145642212, 40.551459563656849 ], [ -87.477790598873497, 40.540669251356476 ], [ -87.489256432731352, 40.545237611624898 ], [ -87.498664779518833, 40.545102095052158 ], [ -87.522813240686972, 40.535226883857014 ], [ -87.541028706357949, 40.534351333292562 ], [ -87.560526982674233, 40.526771886944765 ], [ -87.567596364247805, 40.528286096490739 ], [ -87.592147099727711, 40.515984356646655 ], [ -87.604798268937216, 40.515892328697596 ], [ -87.60902980790803, 40.505640125712688 ], [ -87.624493248112685, 40.503638029859829 ], [ -87.639555622392237, 40.505898569621998 ], [ -87.650839722020351, 40.502037133617762 ], [ -87.660511191529608, 40.495032345879245 ], [ -87.660047272313093, 40.488762684074977 ], [ -87.670524137211544, 40.489622113035743 ], [ -87.689314082458623, 40.484672505188122 ], [ -87.696196150740079, 40.489194724817708 ], [ -87.706505047255035, 40.488576430392357 ], [ -87.710575831681751, 40.485074287461366 ], [ -87.716759981123843, 40.486349713583358 ], [ -87.720496862790185, 40.481997624146274 ], [ -87.718387284009509, 40.473584655563961 ], [ -87.732089875828478, 40.474393035688728 ], [ -87.738291469673555, 40.470275815721685 ], [ -87.746534158399157, 40.457475518390758 ], [ -87.75270470842861, 40.44271115673849 ], [ -87.750261308663326, 40.436222204912532 ], [ -87.758309346007906, 40.43004107096619 ], [ -87.75760498348923, 40.418719243646045 ], [ -87.76637090127312, 40.416537837600764 ], [ -87.771030873175249, 40.409257398110405 ], [ -87.790938654095427, 40.401963928082672 ], [ -87.810486177069464, 40.404459386840038 ], [ -87.823901486255323, 40.402794268524865 ], [ -87.835411390093313, 40.409485261197048 ], [ -87.848398000038173, 40.404956873402057 ], [ -87.859891765624269, 40.406738053278154 ], [ -87.867194056975094, 40.412508601981159 ], [ -87.895044088296487, 40.410594102680435 ], [ -87.920736212905638, 40.421730402429858 ], [ -87.924755245877193, 40.432805610516553 ], [ -87.937103085480018, 40.440758477619511 ], [ -87.949697163508276, 40.439917139852163 ], [ -87.964919528746023, 40.446069669154248 ], [ -87.981750895427353, 40.465581856395836 ], [ -87.995720190545356, 40.474920661872453 ], [ -88.006145533837966, 40.478140176832355 ], [ -88.010006975073296, 40.474717409896854 ], [ -88.028257876434495, 40.473391217989956 ], [ -88.034034765345453, 40.468031491662572 ], [ -88.041620809430995, 40.469034612989553 ], [ -88.045511879736779, 40.474236048673582 ], [ -88.050340332171345, 40.473749051426644 ], [ -88.057875518158212, 40.479256715830694 ], [ -88.074269391590803, 40.480878076470674 ], [ -88.073199214547415, 40.488983759218122 ], [ -88.078487429768558, 40.492865901421467 ], [ -88.086907082108937, 40.493155298514019 ], [ -88.095971492358487, 40.488935313267113 ], [ -88.121592289013691, 40.505648484517742 ], [ -88.145164367135777, 40.509948722142774 ], [ -88.144354980506236, 40.521965129229677 ], [ -88.154177033836191, 40.523433343600558 ], [ -88.165267127883595, 40.536900983344879 ], [ -88.173495131981014, 40.53847517082032 ], [ -88.174381551576658, 40.542391811542778 ], [ -88.183649978455492, 40.547024787579758 ], [ -88.179460015680064, 40.564275602949124 ], [ -88.174860014066894, 40.569123835603122 ], [ -88.180707712058322, 40.575251046844095 ], [ -88.19262529633265, 40.577363115834743 ], [ -88.200798932834374, 40.583245960383195 ], [ -88.193911660710441, 40.598623185455679 ], [ -88.206285809858414, 40.617394531251385 ], [ -88.199165681883755, 40.621223624656878 ], [ -88.197166107605213, 40.628327530440373 ], [ -88.205413201642656, 40.634676263016786 ], [ -88.203948031717132, 40.637633365045815 ], [ -88.207213458900497, 40.641244821126641 ], [ -88.201568013039406, 40.650841057632611 ], [ -88.203413708962458, 40.657657824286936 ], [ -88.192439073145891, 40.660667594242888 ], [ -88.187827564444248, 40.66851203922014 ], [ -88.168106835684142, 40.674900926447314 ], [ -88.165476424313141, 40.679193634467659 ], [ -88.139224538558139, 40.693057620798619 ], [ -88.136041081883192, 40.702046008269569 ], [ -88.129068374421067, 40.70900586342146 ], [ -88.131573067390235, 40.718202032147531 ], [ -88.12562111315718, 40.727002410077297 ], [ -88.123148068846646, 40.745522483756737 ], [ -88.104192982479844, 40.75363073148295 ], [ -88.105766601981031, 40.802701594185102 ], [ -88.101985635483359, 40.805999755695275 ], [ -88.102037608088835, 40.815159672620531 ], [ -88.097163220160454, 40.821534174567226 ], [ -88.107047292667488, 40.837080180356317 ], [ -88.106961748863654, 40.863125017311923 ], [ -88.111592453965613, 40.87495307852793 ], [ -88.108612316863855, 40.876738573297764 ], [ -88.106058386407824, 40.887841148468112 ], [ -88.07807463449565, 40.893449074669043 ], [ -88.067572124559888, 40.899805655882211 ], [ -88.062790356093885, 40.905608664662957 ], [ -88.063479052650322, 40.910288968490228 ], [ -88.058159198409328, 40.911732787822721 ], [ -88.056772271804022, 40.917180954557999 ], [ -88.06644574719644, 40.927289872602216 ], [ -88.046218124576399, 40.930113488005965 ], [ -88.053168725180328, 40.940975937352135 ], [ -88.064060870949376, 40.948496160138951 ], [ -88.075229456402099, 40.946664910689499 ], [ -88.076249809409276, 40.942106282668178 ], [ -88.092174422380111, 40.942005248211466 ], [ -88.096396979436804, 40.946477904954214 ], [ -88.094323181356046, 40.950905639105464 ], [ -88.098024389567271, 40.96519218363418 ], [ -88.116917327862765, 40.974367737897929 ], [ -88.139045283716172, 40.969706899066679 ], [ -88.142571739622227, 40.964671769472133 ], [ -88.153644822174144, 40.968699976262748 ], [ -88.169240913093049, 40.966512391622231 ], [ -88.182245219477096, 40.956676904573904 ], [ -88.192618936024303, 40.956630766866802 ], [ -88.201336488635761, 40.960454477588989 ], [ -88.206481389251337, 40.955786467514287 ], [ -88.217353160676183, 40.952941411530752 ], [ -88.218788186790405, 40.948774957182245 ], [ -88.228440574730556, 40.94310889048684 ], [ -88.243142679056476, 40.938965184089611 ], [ -88.248130576001941, 40.940832694054983 ], [ -88.261561593379696, 40.936775695215246 ], [ -88.276034295196112, 40.936619214725489 ], [ -88.290104991980741, 40.956640780526321 ], [ -88.330736037687416, 40.951436345754651 ], [ -88.340811879913119, 40.945683254833504 ], [ -88.361525899884427, 40.941320851864262 ], [ -88.375011103930333, 40.949774878006266 ], [ -88.378838284987651, 40.944771231656055 ], [ -88.404331002549839, 40.943700881898138 ], [ -88.411943718676881, 40.939532023216884 ], [ -88.416945015859497, 40.940708800283716 ], [ -88.421012407633327, 40.936688417464993 ], [ -88.424866122182678, 40.943920323162196 ], [ -88.432130939456457, 40.945186099389716 ], [ -88.432144404169321, 40.955985902358336 ], [ -88.447325153983357, 40.964082768696287 ], [ -88.441154514061992, 40.971679715574709 ], [ -88.44849179299122, 40.974978489598101 ], [ -88.449486348082047, 40.979194340856886 ], [ -88.460800970007043, 40.978205347909523 ], [ -88.467563290039848, 40.974008474627261 ], [ -88.480238082990638, 40.975278099160995 ], [ -88.483669252789909, 40.968352748795098 ], [ -88.500924694921906, 40.969958764789588 ], [ -88.512586918739828, 40.961804793653954 ], [ -88.51922121697946, 40.96142008566472 ], [ -88.550991933392453, 40.978092571156019 ], [ -88.558335109199632, 40.990640561424755 ], [ -88.56434493023589, 40.989858145984151 ], [ -88.579772910470325, 40.995209532497725 ], [ -88.587871040732537, 41.005248813026064 ], [ -88.586957104233392, 41.00961176123171 ], [ -88.594962183136033, 41.011043557386643 ], [ -88.590258508813605, 41.022015240194172 ], [ -88.600468566641794, 41.026427023389509 ], [ -88.600695009512904, 41.037641926255255 ], [ -88.613486027819519, 41.041727264442009 ], [ -88.612612513188822, 41.04834512287735 ], [ -88.632397850968999, 41.059902952396172 ], [ -88.631651121643429, 41.066256169431277 ], [ -88.640562790077425, 41.075825393581461 ], [ -88.639640183720388, 41.080505607617923 ], [ -88.645284626522979, 41.09349968560911 ], [ -88.649985450934892, 41.096459892881711 ], [ -88.64133018907016, 41.102226073601777 ], [ -88.641536374334507, 41.113479515473877 ], [ -88.654642350198813, 41.123929200567623 ], [ -88.668743761876698, 41.125668217663687 ], [ -88.662350011297917, 41.131333154440014 ], [ -88.663215506488939, 41.137684232832534 ], [ -88.653804771419487, 41.144127657762169 ], [ -88.656017621969966, 41.152795730768823 ], [ -88.646796876634198, 41.155726293976336 ], [ -88.645753103360818, 41.1621342778108 ], [ -88.649339420354266, 41.165695071505667 ], [ -88.644963153988485, 41.170757582141029 ], [ -88.65148161967717, 41.179750651038148 ], [ -88.645406838254203, 41.180727787320642 ], [ -88.644737818918443, 41.18432735003573 ], [ -88.655053812574948, 41.192662699696463 ], [ -88.668279875032425, 41.190627990569659 ], [ -88.679003914971645, 41.183375730310395 ], [ -88.68099361666367, 41.185924855966221 ], [ -88.680491459107884, 41.194480779249361 ], [ -88.685860687857598, 41.199864876980222 ], [ -88.686698579452667, 41.214744949935408 ], [ -88.680833426691493, 41.223065362634351 ], [ -88.685817468082348, 41.231500244553516 ], [ -88.681962932390448, 41.245252333161403 ], [ -88.69213392539929, 41.258335825551775 ], [ -88.687677070602433, 41.266187950496715 ], [ -88.693693134938741, 41.274167693698487 ], [ -88.703022162697607, 41.279082870627171 ], [ -88.705604301075397, 41.28551293082004 ], [ -88.723642369240196, 41.289237229368759 ], [ -88.730622083706848, 41.295055403234684 ], [ -88.731801202718472, 41.302346124761108 ], [ -88.739022248764314, 41.309375776777784 ], [ -88.74147177317441, 41.316571148158133 ], [ -88.749551813028376, 41.320558468013488 ], [ -88.780615087137591, 41.323706855029336 ], [ -88.78784586898395, 41.31292120712714 ], [ -88.799605851687843, 41.312700073067276 ], [ -88.843471276682024, 41.326074732555554 ], [ -88.84380533639677, 41.362474127105784 ], [ -88.863135671936064, 41.37638243005037 ], [ -88.880129966017577, 41.379406182271886 ], [ -88.881981440402484, 41.3839725126875 ], [ -88.897148291494801, 41.388204750511292 ], [ -88.900197613324735, 41.391702989588111 ], [ -88.891001909708407, 41.39639635444793 ], [ -88.893065140387051, 41.403811743180839 ], [ -88.927128496554801, 41.414117137351099 ], [ -88.920754201220205, 41.415598852718517 ], [ -88.920919852549986, 41.422191093184367 ], [ -88.931125099533759, 41.43242592270262 ], [ -88.936137324072362, 41.44512490904571 ], [ -88.954155202718724, 41.445949459440868 ], [ -88.958398292316602, 41.456181538554098 ], [ -88.956731122266561, 41.460811653789598 ], [ -88.962141173547721, 41.467772531441085 ], [ -88.954414752549383, 41.472974982206345 ], [ -88.95543797296142, 41.484439415093753 ], [ -88.933375881759801, 41.498453789859134 ], [ -88.933172950171723, 41.503373554540715 ], [ -88.92757017048163, 41.50753717746246 ], [ -88.928586236896123, 41.515090389323916 ], [ -88.92171899097157, 41.525761479624627 ], [ -88.926282518901218, 41.529265404402878 ], [ -88.933340322196841, 41.526504494606819 ], [ -88.938079604413531, 41.531544660265865 ], [ -88.942985488181321, 41.531946121575537 ], [ -88.944236182372961, 41.541226807372169 ], [ -88.936161722643362, 41.548120366949675 ], [ -88.947264734682435, 41.555437499760544 ], [ -88.943796396703618, 41.55883349245871 ], [ -88.945946461807708, 41.563663875805041 ], [ -88.95486797746679, 41.564403498084395 ], [ -88.961999155950792, 41.569564529598097 ], [ -88.971219800897188, 41.566572777468949 ], [ -88.982459426139002, 41.568644597320279 ], [ -88.990486253668863, 41.56311240907219 ], [ -89.002492428481077, 41.564924156965091 ], [ -89.018886573051688, 41.582544552083235 ], [ -89.028638028715179, 41.580791496260169 ], [ -89.039954633603273, 41.588488075789037 ], [ -89.052368732616756, 41.591984622623713 ], [ -89.063569611953355, 41.602193877785069 ], [ -89.072578929929918, 41.603414392703272 ], [ -89.07909750966131, 41.616287692305917 ], [ -89.08682683633144, 41.6180226987141 ] ] ], [ [ [ -86.664865996791818, 41.127052993951246 ], [ -86.664569655843934, 41.12668929268785 ], [ -86.664222038349877, 41.126425606023112 ], [ -86.664824271233471, 41.12642913517282 ], [ -86.664865996791818, 41.127052993951246 ] ] ], [ [ [ -86.637980746185036, 41.151821647360805 ], [ -86.637495335398967, 41.151496175211683 ], [ -86.634015686861531, 41.14974716086904 ], [ -86.636808531319303, 41.148581297736555 ], [ -86.637980746185036, 41.151821647360805 ] ] ], [ [ [ -88.203655128719646, 43.198578508533529 ], [ -88.205275344144511, 43.202607045490033 ], [ -88.199407721561258, 43.201076042623249 ], [ -88.202293931828606, 43.199717711798876 ], [ -88.203655128719646, 43.198578508533529 ] ] ] ] } },
{ "type": "Feature", "properties": { "huc4": "0713" }, "geometry": { "type": "Polygon", "coordinates": [ [ [ -89.077726448999954, 41.704365105000079 ], [ -89.074906551999959, 41.705923767000058 ], [ -89.069275876999939, 41.702777892000029 ], [ -89.056407258999968, 41.68580290500006 ], [ -89.041152696999973, 41.67921823100005 ], [ -89.038486489999968, 41.673195776000057 ], [ -89.022086237999986, 41.67133754200006 ], [ -89.016239050999957, 41.675209550000034 ], [ -89.017046692999941, 41.665379581000025 ], [ -89.02285421299996, 41.660203393000074 ], [ -89.033686375999935, 41.657659764000073 ], [ -89.046502718999989, 41.646127275000026 ], [ -89.062248421999982, 41.643995007000058 ], [ -89.068534537999938, 41.638158013000066 ], [ -89.08600493299997, 41.638174969000033 ], [ -89.089012821999972, 41.631072687000028 ], [ -89.082965599999966, 41.623583720000056 ], [ -89.091154296999946, 41.618460550000066 ], [ -89.080796585999963, 41.615016206000064 ], [ -89.079494491, 41.607741846000067 ], [ -89.074437004999936, 41.601980162000075 ], [ -89.065007011999967, 41.600757015000056 ], [ -89.052060281999957, 41.589409124000042 ], [ -89.041310937999981, 41.587008905000062 ], [ -89.028976795999938, 41.578856032000033 ], [ -89.020487899999978, 41.581206096000074 ], [ -89.003924179999956, 41.563371906000043 ], [ -88.99340723499995, 41.560845653000058 ], [ -88.981826049999938, 41.56692002300008 ], [ -88.972342440999967, 41.564193767000063 ], [ -88.962070590999986, 41.567778242000031 ], [ -88.956584428999975, 41.562611920000052 ], [ -88.948024662999956, 41.562752468000042 ], [ -88.946324260999972, 41.558747036000057 ], [ -88.95160967299995, 41.555106919000025 ], [ -88.938544508999939, 41.547707807000052 ], [ -88.94866925499997, 41.541179338000063 ], [ -88.944855478999955, 41.533147730000053 ], [ -88.946740327999976, 41.528969683000071 ], [ -88.940347668999948, 41.53045675900006 ], [ -88.933868879999977, 41.524559475000046 ], [ -88.924132784999983, 41.526189931000033 ], [ -88.929211161999945, 41.516861713000026 ], [ -88.933211466999978, 41.515988565000043 ], [ -88.929505875999951, 41.512965863000034 ], [ -88.929919949999942, 41.507947002000037 ], [ -88.935557833999951, 41.503907952000077 ], [ -88.935410551999951, 41.499415221000049 ], [ -88.950799310999969, 41.49201828200006 ], [ -88.957948919999978, 41.485043494000081 ], [ -88.957124825999983, 41.480329064000045 ], [ -88.96291744499996, 41.478054014000065 ], [ -88.956827933999989, 41.475724545000048 ], [ -88.964581337999959, 41.467438991000051 ], [ -88.963344718999963, 41.462477410000076 ], [ -88.959069157999977, 41.460371102000067 ], [ -88.960856879999938, 41.456336880000038 ], [ -88.956611894, 41.450466894000044 ], [ -88.957884870999976, 41.444345824000038 ], [ -88.938134746999935, 41.444123321000063 ], [ -88.933517201999962, 41.43098234200005 ], [ -88.923268656999937, 41.421787281000036 ], [ -88.922821054999986, 41.416518826000072 ], [ -88.926624070999935, 41.417077351000046 ], [ -88.929821622999953, 41.413416881000046 ], [ -88.894998521, 41.402744580000046 ], [ -88.894057928999985, 41.395716594000078 ], [ -88.90327683299995, 41.393342362000055 ], [ -88.898703127999966, 41.38645260100003 ], [ -88.883353675999956, 41.382503733000078 ], [ -88.881346517999987, 41.377789184000051 ], [ -88.864489096999989, 41.374904171000026 ], [ -88.845769773999962, 41.361439838000081 ], [ -88.845557160999988, 41.324161298000035 ], [ -88.799668334999978, 41.310904153000081 ], [ -88.786080676999973, 41.311616041000036 ], [ -88.780487823999977, 41.316800425000054 ], [ -88.780074167999942, 41.321965884000065 ], [ -88.750620136999942, 41.318957340000054 ], [ -88.742486393999968, 41.314276409000058 ], [ -88.741564309999944, 41.30911092000008 ], [ -88.733047308999971, 41.299716690000025 ], [ -88.733102174999942, 41.293939539000064 ], [ -88.727401048, 41.292077519000031 ], [ -88.725209949999964, 41.287394591000066 ], [ -88.706852131999938, 41.283985295000036 ], [ -88.704814693999936, 41.277579315000025 ], [ -88.697656054999982, 41.275165267000034 ], [ -88.690068438999958, 41.265992141000027 ], [ -88.694647088999943, 41.258471791000034 ], [ -88.684350681999945, 41.245037826000043 ], [ -88.688543569999979, 41.228879600000027 ], [ -88.683227787999954, 41.223228424000069 ], [ -88.689717959999939, 41.214242514000034 ], [ -88.68684811299994, 41.203657145000079 ], [ -88.688623854999946, 41.199363851000044 ], [ -88.68287328599996, 41.194241846000068 ], [ -88.684395767999945, 41.187075667000045 ], [ -88.681101417999969, 41.180935881000039 ], [ -88.677120004999949, 41.181123874000036 ], [ -88.675383213999964, 41.185677104000035 ], [ -88.655297576999942, 41.190885479000031 ], [ -88.646820183999978, 41.182275676000074 ], [ -88.654175368999972, 41.180325144000051 ], [ -88.647353047999957, 41.170574001000034 ], [ -88.651751960999945, 41.166509202000043 ], [ -88.651912177999975, 41.16309850500005 ], [ -88.648132079999982, 41.161885847000065 ], [ -88.649064593999981, 41.156315435000067 ], [ -88.658239390999938, 41.155979979000051 ], [ -88.656057411999939, 41.144747214000063 ], [ -88.660093570999948, 41.144684421000079 ], [ -88.665086057999986, 41.139370993000057 ], [ -88.664655532999973, 41.131832584000051 ], [ -88.671635177999974, 41.125029397000048 ], [ -88.656687192999982, 41.122757656000033 ], [ -88.643622117999939, 41.112595063000072 ], [ -88.643599288999951, 41.102808545000073 ], [ -88.64855115499995, 41.101952770000025 ], [ -88.646745102999944, 41.098649333000026 ], [ -88.653418678999969, 41.096001603000047 ], [ -88.647566186999939, 41.092945494000048 ], [ -88.642007752999973, 41.080214953000052 ], [ -88.642873151999936, 41.074213479000036 ], [ -88.63388876099998, 41.065612022000039 ], [ -88.634529630999964, 41.058453175000068 ], [ -88.614485653999964, 41.047229531000028 ], [ -88.616592022999953, 41.040969641000061 ], [ -88.602758882999979, 41.036732346000065 ], [ -88.603753832999985, 41.024442581000073 ], [ -88.592634701999941, 41.021777271000076 ], [ -88.596686984999963, 41.018442480000033 ], [ -88.598620617999984, 41.009210553000059 ], [ -88.588903388999938, 41.008569058000035 ], [ -88.591693482999972, 41.004055197000071 ], [ -88.586301256999946, 41.002475079000078 ], [ -88.582251626999948, 40.993481898000027 ], [ -88.564836961999958, 40.988037550000058 ], [ -88.559836011999948, 40.989248122000049 ], [ -88.553003557999943, 40.976463936000073 ], [ -88.513811970999939, 40.95822911700003 ], [ -88.500377080999954, 40.968219960000056 ], [ -88.482061341999952, 40.966579460000048 ], [ -88.479513452999981, 40.973575648000065 ], [ -88.467775773999961, 40.971533444000045 ], [ -88.460017125999968, 40.976517526000066 ], [ -88.450580217999971, 40.977605222000079 ], [ -88.450199014999953, 40.973251609000044 ], [ -88.443541293999942, 40.971524385000066 ], [ -88.449348128999986, 40.967790481000065 ], [ -88.449411130999977, 40.962985571000047 ], [ -88.434034706999967, 40.954888935000042 ], [ -88.434470057999988, 40.944205874000033 ], [ -88.426595536999969, 40.942684793000069 ], [ -88.421694363999961, 40.934867077000035 ], [ -88.40363421099994, 40.941992099000061 ], [ -88.377756400999942, 40.942942317000075 ], [ -88.374612790999947, 40.948013690000039 ], [ -88.361542173999965, 40.939413276000039 ], [ -88.340494009999986, 40.94350740200008 ], [ -88.32999923899996, 40.949736893000079 ], [ -88.289960819999976, 40.954857949000029 ], [ -88.287049488999969, 40.94556510600006 ], [ -88.27749909299996, 40.934779318000039 ], [ -88.26102898399995, 40.934983762000059 ], [ -88.247909371999981, 40.939054283000075 ], [ -88.242967459999988, 40.937174800000037 ], [ -88.226316062999956, 40.941488121000077 ], [ -88.223707108999974, 40.945851034000043 ], [ -88.216043707999972, 40.948230034000062 ], [ -88.215738143999943, 40.951622433000068 ], [ -88.204152309999984, 40.95395342300003 ], [ -88.200591556999939, 40.958756962000052 ], [ -88.19298734299997, 40.954473892000067 ], [ -88.188726801999962, 40.956554273000052 ], [ -88.181064742, 40.954230615000029 ], [ -88.168454393, 40.964824838000027 ], [ -88.15382699099996, 40.966918541000041 ], [ -88.142235314999937, 40.962372673000061 ], [ -88.137979363999989, 40.968106940000041 ], [ -88.116980076999937, 40.972581849000051 ], [ -88.100143128999946, 40.964358166000068 ], [ -88.101134263999938, 40.956086471000049 ], [ -88.096710554999959, 40.950761808000038 ], [ -88.099987856999974, 40.94622735400003 ], [ -88.093028678999985, 40.940028537000046 ], [ -88.073825651999982, 40.940361645000053 ], [ -88.073906000999955, 40.945176322000066 ], [ -88.064101736999987, 40.946710362000033 ], [ -88.048365061999959, 40.931416256000034 ], [ -88.068927805999976, 40.928147803000059 ], [ -88.061047889999941, 40.921268354000063 ], [ -88.059287882999968, 40.914227137000069 ], [ -88.065831399999979, 40.911672124000063 ], [ -88.065088964999973, 40.906106897000029 ], [ -88.071637073999966, 40.899136340000041 ], [ -88.080122093999989, 40.894751344000042 ], [ -88.103289770999936, 40.891320499000074 ], [ -88.109759170999951, 40.886516304000054 ], [ -88.110874044999946, 40.877320826000073 ], [ -88.114125479999984, 40.875260442000069 ], [ -88.109340773999975, 40.862937745000067 ], [ -88.109383268999977, 40.836566530000027 ], [ -88.099549303999936, 40.82142218000007 ], [ -88.104498456999977, 40.815638174000071 ], [ -88.104211906999979, 40.806649195000034 ], [ -88.108343910999963, 40.803095685000073 ], [ -88.106427943999961, 40.754259861000037 ], [ -88.125408927999956, 40.746589011000026 ], [ -88.127951869999947, 40.72738909900005 ], [ -88.135223190999966, 40.719682247000037 ], [ -88.131393977999949, 40.70940786400007 ], [ -88.138146976999963, 40.703119067000046 ], [ -88.141155133999973, 40.694107021000036 ], [ -88.166942881999944, 40.680756769000027 ], [ -88.169502989999955, 40.676348677000078 ], [ -88.190031699999963, 40.66971658500006 ], [ -88.193941258999985, 40.662054556000044 ], [ -88.202266717999976, 40.660066382000025 ], [ -88.214289753999935, 40.675722289000078 ], [ -88.238632207999956, 40.662872538000045 ], [ -88.250271805999944, 40.661636962000046 ], [ -88.260288905999971, 40.648945968000078 ], [ -88.257889816999977, 40.647188286000073 ], [ -88.262015263999956, 40.642352978000076 ], [ -88.259558210999955, 40.639190295000049 ], [ -88.261968473999957, 40.63747845000006 ], [ -88.261928477999959, 40.628037668000047 ], [ -88.265042076999976, 40.631871947000036 ], [ -88.302102050999963, 40.632895475000055 ], [ -88.336144270999966, 40.642425840000044 ], [ -88.347579425999982, 40.636977199000057 ], [ -88.344119522999961, 40.627283992000059 ], [ -88.348329429999978, 40.62455454600007 ], [ -88.345072719999962, 40.620508493000045 ], [ -88.351006183999971, 40.605969755000046 ], [ -88.348905684999977, 40.599484858000039 ], [ -88.354311141999972, 40.588924046000045 ], [ -88.35169491299996, 40.580596381000078 ], [ -88.355360657999938, 40.570314876000054 ], [ -88.35383614999995, 40.567107788000044 ], [ -88.357395530999952, 40.564528962000054 ], [ -88.354205220999972, 40.554189730000076 ], [ -88.356421410999985, 40.550913710000032 ], [ -88.346278691999942, 40.526981129000035 ], [ -88.33473833499994, 40.518949463000069 ], [ -88.338270297999941, 40.513870907000069 ], [ -88.334891428999981, 40.509803722000072 ], [ -88.330452696999942, 40.485912271000075 ], [ -88.315269392999937, 40.484686741000075 ], [ -88.307671347999985, 40.480232813000043 ], [ -88.308740475999969, 40.476681001000031 ], [ -88.305649913999957, 40.47356874500008 ], [ -88.30922869699998, 40.468785173000072 ], [ -88.306770927999935, 40.461406295000074 ], [ -88.310091592999981, 40.458208118000073 ], [ -88.297387275999938, 40.455692146000047 ], [ -88.293674292999981, 40.446584466000047 ], [ -88.253355879999958, 40.435451003000026 ], [ -88.247839347999957, 40.42752874100006 ], [ -88.229356655999936, 40.41334769100007 ], [ -88.206699671999957, 40.410885692000079 ], [ -88.190644112999962, 40.399151175000043 ], [ -88.193452713999989, 40.398726731000068 ], [ -88.190659072999949, 40.396415829000034 ], [ -88.193466988999944, 40.39271455800008 ], [ -88.173430850999978, 40.383158711000078 ], [ -88.17125539999995, 40.37494900400003 ], [ -88.161413268, 40.369712557000071 ], [ -88.151625139999965, 40.369889107000063 ], [ -88.152655941999967, 40.365968789000078 ], [ -88.145611296999959, 40.354836369000054 ], [ -88.146323928999948, 40.346898280000062 ], [ -88.142590112999983, 40.341014675000054 ], [ -88.146707871, 40.33123146500003 ], [ -88.143870122999942, 40.329564650000066 ], [ -88.145574099999976, 40.322478283000066 ], [ -88.159152965999965, 40.314141349000067 ], [ -88.160553375999939, 40.30831919600007 ], [ -88.172697050999943, 40.30781803900004 ], [ -88.172817749999979, 40.304292037000039 ], [ -88.181479975999935, 40.299027872000067 ], [ -88.184036300999935, 40.302920950000043 ], [ -88.187941092999949, 40.301297141000077 ], [ -88.191505180999968, 40.292514305000054 ], [ -88.208938024999952, 40.287903615000062 ], [ -88.214795404999961, 40.279840684000078 ], [ -88.22403043099996, 40.279681808000078 ], [ -88.223818059999985, 40.275831646000029 ], [ -88.229066934999935, 40.271190707000073 ], [ -88.238346426999954, 40.273295526000027 ], [ -88.239497988999972, 40.270579252000061 ], [ -88.233292457999937, 40.264189723000072 ], [ -88.252604189999943, 40.260210456000038 ], [ -88.262880031999941, 40.251030802000059 ], [ -88.281080223999936, 40.228711301000033 ], [ -88.298653972999944, 40.214684656000031 ], [ -88.318629161, 40.183193042000028 ], [ -88.327793496999959, 40.186381384000072 ], [ -88.341548017999969, 40.18425471900008 ], [ -88.346066466999957, 40.174807022000039 ], [ -88.344192316999965, 40.171400855000059 ], [ -88.35272231099998, 40.16708929300006 ], [ -88.365785475999985, 40.15072703900006 ], [ -88.379589047999957, 40.118884861000026 ], [ -88.390074102999961, 40.11329412200007 ], [ -88.388696162999963, 40.105936166000049 ], [ -88.397083103999989, 40.099490667000055 ], [ -88.412590536999971, 40.076840092000054 ], [ -88.434783139, 40.063686029000053 ], [ -88.446319084999971, 40.061309799000071 ], [ -88.448281716999986, 40.053742541000076 ], [ -88.454348010999979, 40.050548238000033 ], [ -88.459297520999939, 40.042669218000071 ], [ -88.459530961999974, 40.031404117000079 ], [ -88.466369374999942, 40.02815107300006 ], [ -88.467259480999985, 40.018975085000079 ], [ -88.479165450999972, 40.012830828000062 ], [ -88.495372525999983, 40.015567813000075 ], [ -88.534792573999937, 39.998227178000036 ], [ -88.536343576999968, 40.002206862000037 ], [ -88.540156158999935, 40.002391874000068 ], [ -88.557456023999976, 39.998475877000033 ], [ -88.55964682299998, 39.989297535000048 ], [ -88.570447186999957, 39.984051639000029 ], [ -88.579249452999989, 39.973168395000073 ], [ -88.579371702999936, 39.966856023000048 ], [ -88.572804995999945, 39.961208214000067 ], [ -88.574034430999973, 39.952999491000071 ], [ -88.586916935999966, 39.947809862000042 ], [ -88.590794935999952, 39.954061377000073 ], [ -88.602951961999963, 39.95513786600003 ], [ -88.599025830999949, 39.943496123000045 ], [ -88.604102836999971, 39.939594164000027 ], [ -88.613952715999972, 39.941795364000029 ], [ -88.638594652999984, 39.930816066000034 ], [ -88.643436249999979, 39.925938795000036 ], [ -88.670650963999947, 39.930138508000027 ], [ -88.684314169999936, 39.925999202000071 ], [ -88.698120156999948, 39.903233382000053 ], [ -88.71120448399995, 39.903857382000069 ], [ -88.726918297999987, 39.895972223000058 ], [ -88.731926727999962, 39.887060551000047 ], [ -88.73808958099994, 39.883155283000065 ], [ -88.739189435999947, 39.875476356000036 ], [ -88.750223390999963, 39.868270093000035 ], [ -88.750945501, 39.858931444000063 ], [ -88.756466887999977, 39.847984841000027 ], [ -88.769042665999962, 39.833452003000048 ], [ -88.769768528999975, 39.818275793000055 ], [ -88.763964942999962, 39.810488922000047 ], [ -88.762827326999968, 39.801408243000026 ], [ -88.766739657999949, 39.799380223000071 ], [ -88.763664146999986, 39.796552192000036 ], [ -88.77077811099997, 39.782002158000068 ], [ -88.769391316999986, 39.765075628000034 ], [ -88.785660140999937, 39.75335794800003 ], [ -88.791492128999948, 39.752448977000029 ], [ -88.795517468999947, 39.745997130000035 ], [ -88.813324033999947, 39.740019647000054 ], [ -88.812568781999971, 39.736100968000073 ], [ -88.816317110999989, 39.731610562000071 ], [ -88.835896554999977, 39.722839498000042 ], [ -88.852443674999961, 39.722636781000062 ], [ -88.85498092499995, 39.714428802000043 ], [ -88.860611329999983, 39.710121412000035 ], [ -88.871920032999981, 39.711226959000044 ], [ -88.874522431999935, 39.708355862000076 ], [ -88.872708630999966, 39.699121700000035 ], [ -88.878333551999958, 39.69142671000003 ], [ -88.873763065999981, 39.687015458000076 ], [ -88.870089271999973, 39.67284907100003 ], [ -88.880817753999963, 39.652328141000055 ], [ -88.882478723999952, 39.64624039000006 ], [ -88.87987286799995, 39.641740179000067 ], [ -88.887478809999948, 39.632592146000036 ], [ -88.88649586799994, 39.619670571000029 ], [ -88.896316122999963, 39.606650828000056 ], [ -88.894923458999983, 39.599723307000033 ], [ -88.899181197999951, 39.592301245000044 ], [ -88.889847047999979, 39.58538543700007 ], [ -88.883768323999959, 39.568619929000079 ], [ -88.878724845999955, 39.565360479000049 ], [ -88.874202340999943, 39.549310524000077 ], [ -88.881549716999984, 39.539771097000028 ], [ -88.880238115999987, 39.535137908000024 ], [ -88.884665280999968, 39.524415418000046 ], [ -88.884723514999962, 39.520471229000066 ], [ -88.878941206999968, 39.515841259000069 ], [ -88.881126103999975, 39.501650433000066 ], [ -88.889754444999937, 39.49722076300003 ], [ -88.907704119999948, 39.50130561900005 ], [ -88.919165708999969, 39.499254145000066 ], [ -88.923716792999983, 39.50192011200005 ], [ -88.928511242999946, 39.499146648000078 ], [ -88.946892486999957, 39.502577520000045 ], [ -88.95116190899995, 39.498620843000026 ], [ -88.959928204999983, 39.500819361000026 ], [ -88.97759419199997, 39.49385428800008 ], [ -88.99506327499995, 39.491245839000044 ], [ -88.992861954999967, 39.481580407000024 ], [ -89.012044043999936, 39.460672345000035 ], [ -89.012470722999979, 39.45225840300003 ], [ -89.018851282999947, 39.448267721000036 ], [ -89.012683630999959, 39.442059181000047 ], [ -89.016477019999968, 39.43595855600006 ], [ -89.012281237999957, 39.432887873000027 ], [ -89.013357698999982, 39.42889546300006 ], [ -89.02077305499995, 39.424746949000053 ], [ -89.018609285999958, 39.42287041600008 ], [ -89.027061315999958, 39.41198472800005 ], [ -89.034256223999989, 39.410738275000028 ], [ -89.036711041999979, 39.405634478000025 ], [ -89.031812102999936, 39.398374243000035 ], [ -89.036266359999956, 39.394806428000038 ], [ -89.042449180999938, 39.397864563000041 ], [ -89.045241421999947, 39.396091712000043 ], [ -89.049047596999969, 39.401410116000079 ], [ -89.060417036999979, 39.406324311000049 ], [ -89.067170632999989, 39.404405219000068 ], [ -89.068942590999939, 39.40872739100007 ], [ -89.081087993999972, 39.399733703000038 ], [ -89.085120396999969, 39.388799646000052 ], [ -89.103807441999948, 39.390432456000042 ], [ -89.120276030999946, 39.387632675000077 ], [ -89.125284490999945, 39.383672810000064 ], [ -89.132579385999975, 39.38390055800005 ], [ -89.133342235999976, 39.380064581000056 ], [ -89.138218313999971, 39.380818311000041 ], [ -89.14321524099995, 39.37361383700005 ], [ -89.158223128999964, 39.37106129700004 ], [ -89.16471374799994, 39.364908547000027 ], [ -89.171536961999948, 39.367900939000037 ], [ -89.177036683999972, 39.364219785000046 ], [ -89.174178728999948, 39.356741367000041 ], [ -89.176682242999959, 39.348162439000077 ], [ -89.19961909899996, 39.330382518000079 ], [ -89.197421026999962, 39.325988969000036 ], [ -89.202086879999968, 39.32187383400003 ], [ -89.211200045999988, 39.323492756000064 ], [ -89.213275567999972, 39.310528088000069 ], [ -89.220828640999969, 39.308660763000034 ], [ -89.224483539999937, 39.309982317000049 ], [ -89.224959333999948, 39.31379370600007 ], [ -89.232958518999965, 39.313804048000065 ], [ -89.239960097999983, 39.308654473000047 ], [ -89.251920190999954, 39.307821796000042 ], [ -89.257265984999947, 39.316781418000062 ], [ -89.26432469699995, 39.319217460000061 ], [ -89.261157603999948, 39.326393443000029 ], [ -89.27030274699996, 39.329745013000036 ], [ -89.270388966999974, 39.340791096000032 ], [ -89.287541965999935, 39.334513771000047 ], [ -89.308357463999982, 39.331980961000056 ], [ -89.310762719999957, 39.329695658000048 ], [ -89.307799235999937, 39.324005618000058 ], [ -89.315885410999954, 39.318243517000042 ], [ -89.323896187999935, 39.306418192000081 ], [ -89.328606148999938, 39.312366498000074 ], [ -89.339725398999974, 39.317908389000024 ], [ -89.338560963999953, 39.335684137000044 ], [ -89.346810070999936, 39.344899910000038 ], [ -89.339436259999957, 39.35500614700004 ], [ -89.35182187099997, 39.357330967000053 ], [ -89.359620156999938, 39.349155384000028 ], [ -89.372658168999976, 39.344702588000075 ], [ -89.379546768999944, 39.345507964000035 ], [ -89.392771317999973, 39.35604633500003 ], [ -89.399024499999939, 39.34900598300004 ], [ -89.408610002999978, 39.348816379000027 ], [ -89.423172224999973, 39.335589688000027 ], [ -89.417092190999938, 39.325938026000074 ], [ -89.427488913, 39.319591471000081 ], [ -89.437353126999938, 39.332062403000066 ], [ -89.450312878999966, 39.329405167000061 ], [ -89.465210765999984, 39.313590800000043 ], [ -89.480903033999937, 39.318179464000025 ], [ -89.490638591999982, 39.331166363000079 ], [ -89.495212921999951, 39.329313046000038 ], [ -89.507837576999975, 39.331798112000058 ], [ -89.515633359999981, 39.324264888000073 ], [ -89.522656071999961, 39.346632965000026 ], [ -89.548350420999952, 39.354466625000043 ], [ -89.551049230999979, 39.367482881000058 ], [ -89.557554871999969, 39.372026424000069 ], [ -89.551318973999969, 39.384686215000045 ], [ -89.560969326999953, 39.391735120000078 ], [ -89.558137569999985, 39.40018721000007 ], [ -89.560159658999964, 39.403547333000063 ], [ -89.566651439999987, 39.400261924000063 ], [ -89.569988556999988, 39.407280908000075 ], [ -89.574959912999986, 39.408366011000055 ], [ -89.589399142, 39.403546378000044 ], [ -89.59932317, 39.404442325000048 ], [ -89.604004607999968, 39.393914652000035 ], [ -89.602043137999942, 39.384063909000076 ], [ -89.616958606999958, 39.382913271000064 ], [ -89.616015569999945, 39.357276475000049 ], [ -89.619773761999966, 39.348463300000049 ], [ -89.625890570999957, 39.348288717000059 ], [ -89.628930408999963, 39.342090400000075 ], [ -89.633816082999942, 39.340485246000071 ], [ -89.635064144999944, 39.330917774000056 ], [ -89.642327508999983, 39.334833889000038 ], [ -89.65530961199994, 39.318628665000062 ], [ -89.654404097999986, 39.312310392000029 ], [ -89.660345489999941, 39.308956587000068 ], [ -89.671499578999942, 39.309672796000029 ], [ -89.672473547999971, 39.303318851000029 ], [ -89.680999577999955, 39.302401057000054 ], [ -89.701464001999966, 39.280130194000037 ], [ -89.699569555999972, 39.264464750000059 ], [ -89.690400061999981, 39.250152867000054 ], [ -89.696650593999948, 39.233255931000031 ], [ -89.702780901999972, 39.230678416000046 ], [ -89.706996173999983, 39.224393642000052 ], [ -89.704408704999935, 39.214693252000075 ], [ -89.699110117999965, 39.209784184000057 ], [ -89.703304377999984, 39.201991113000076 ], [ -89.711823881999976, 39.200020672000051 ], [ -89.721156272999963, 39.203026713000042 ], [ -89.749205419999953, 39.182003732000055 ], [ -89.757391076999966, 39.182778772000063 ], [ -89.77728392399996, 39.175361657000053 ], [ -89.780235456999947, 39.171264015000077 ], [ -89.787974674999987, 39.170671664000054 ], [ -89.785576659999947, 39.163776656000039 ], [ -89.794932057999972, 39.160756518000028 ], [ -89.796240796999939, 39.155956048000064 ], [ -89.810144239999943, 39.151535200000069 ], [ -89.820370491999938, 39.154840009000054 ], [ -89.825975505999963, 39.143618897000067 ], [ -89.835812032999968, 39.137682629000039 ], [ -89.835898309999948, 39.13361416500004 ], [ -89.831901966999965, 39.132532221000076 ], [ -89.834305493999977, 39.124654125000063 ], [ -89.846475483999939, 39.11969901100008 ], [ -89.850768927, 39.113150635000068 ], [ -89.854230228999938, 39.117822238000031 ], [ -89.870903409999983, 39.114545412000041 ], [ -89.88312123299994, 39.104302202000042 ], [ -89.893644465999955, 39.099979910000059 ], [ -89.89317671699996, 39.093498977000024 ], [ -89.900870844999986, 39.088860215000068 ], [ -89.903924927, 39.082688391000033 ], [ -89.909018324999977, 39.083054393000054 ], [ -89.913685248999968, 39.076327203000062 ], [ -89.911677854999937, 39.090340943000058 ], [ -89.920728524999959, 39.089579969000056 ], [ -89.926893673999984, 39.084265797000057 ], [ -89.948860106999973, 39.087796925000077 ], [ -89.964159281999969, 39.082881327000052 ], [ -89.965664806999939, 39.089318392000052 ], [ -89.969072852999943, 39.090417234000029 ], [ -90.003198010999938, 39.08176972900003 ], [ -90.009930850999979, 39.084339341000032 ], [ -90.017577246999963, 39.077863894000075 ], [ -90.023071545999983, 39.083203369000046 ], [ -90.024441887999956, 39.090272660000039 ], [ -90.033317020999959, 39.094757105000042 ], [ -90.058094591999975, 39.096305811000036 ], [ -90.066889735999951, 39.094898426000043 ], [ -90.077668284999959, 39.086504987000069 ], [ -90.088295139999957, 39.085653921000073 ], [ -90.091272683999989, 39.093941277000056 ], [ -90.089342991999956, 39.107302332000074 ], [ -90.084756324999944, 39.114635493000037 ], [ -90.088787536999973, 39.119898971000055 ], [ -90.10749836399998, 39.120990242000062 ], [ -90.108096169999953, 39.128316459000075 ], [ -90.111643064999953, 39.131229667000071 ], [ -90.128011666999953, 39.130952384000068 ], [ -90.133487518999971, 39.138125178000053 ], [ -90.154903949999948, 39.139564123000071 ], [ -90.153222144999972, 39.134968843000024 ], [ -90.159465522999938, 39.123295926000026 ], [ -90.164549263999959, 39.12195213900003 ], [ -90.165216954999948, 39.116114131000074 ], [ -90.175896172999956, 39.116660675000048 ], [ -90.185488500999952, 39.122017972000037 ], [ -90.22015761199998, 39.121701081000026 ], [ -90.230618407999941, 39.114365833000079 ], [ -90.232321580999951, 39.109441089000029 ], [ -90.228660304999948, 39.105930344000058 ], [ -90.259109821999971, 39.083345751000024 ], [ -90.26783278399995, 39.072000870000068 ], [ -90.303730346999942, 39.072007006000035 ], [ -90.305193282999937, 39.062191222000024 ], [ -90.319819162999977, 39.047328801000049 ], [ -90.334582908999948, 39.04178872600005 ], [ -90.33189134099996, 39.038599311000041 ], [ -90.33263958699996, 39.02460118700003 ], [ -90.337154906999956, 39.013305360000061 ], [ -90.34898223, 39.012842559000035 ], [ -90.358186470999954, 39.006925574000036 ], [ -90.371426931999963, 39.009616665000067 ], [ -90.369254936999937, 38.996742148000067 ], [ -90.385087660999943, 38.984743967000043 ], [ -90.393968218999987, 38.98995001600008 ], [ -90.40353694199996, 38.986133112000061 ], [ -90.410520075999955, 38.991137101000049 ], [ -90.42352804799998, 38.99101076900007 ], [ -90.428484414999957, 38.994823112000063 ], [ -90.440794177999976, 38.991301727000064 ], [ -90.441137501999947, 39.002428069000075 ], [ -90.446203480999941, 39.006633625000063 ], [ -90.459175689999938, 39.002287699000078 ], [ -90.465033009999956, 38.995414537000045 ], [ -90.470279948999973, 38.996081901000025 ], [ -90.475338476, 38.987829427000065 ], [ -90.475448207999989, 38.980245181000043 ], [ -90.467401637999956, 38.974647709000067 ], [ -90.467646396999953, 38.967403995000041 ], [ -90.472518338999976, 38.966058534000069 ], [ -90.487511324999957, 38.951133123000034 ], [ -90.504958314999953, 38.92497620000006 ], [ -90.513571375999959, 38.92178559000007 ], [ -90.513806753999972, 38.915673818000073 ], [ -90.518141770999989, 38.915324355000052 ], [ -90.519865956, 38.910812014000044 ], [ -90.535334884999941, 38.911855572000036 ], [ -90.541605175999962, 38.908277295000062 ], [ -90.555390274, 38.908024451000074 ], [ -90.558259283999973, 38.901295324000046 ], [ -90.569932826999946, 38.900057573000026 ], [ -90.577925453999967, 38.893264579000061 ], [ -90.593025490999935, 38.89835675300003 ], [ -90.601613300999986, 38.911801894000064 ], [ -90.604435312999954, 38.911468883000055 ], [ -90.605030287999966, 38.91773044100006 ], [ -90.618365907999987, 38.925480864000065 ], [ -90.620709026999975, 38.932228140000063 ], [ -90.631527153999969, 38.933419189000062 ], [ -90.636555435, 38.944855833000076 ], [ -90.651645636999945, 38.952018851000048 ], [ -90.629909457999986, 38.98196342600005 ], [ -90.637266819999979, 38.990055980000079 ], [ -90.631549273999951, 38.998451356000032 ], [ -90.633786773999987, 39.004014884000071 ], [ -90.63001344099996, 39.008603071000039 ], [ -90.63746572499997, 39.02793560300006 ], [ -90.634681263999937, 39.044091743000024 ], [ -90.630701072999955, 39.04540841000005 ], [ -90.633885661999955, 39.049298210000075 ], [ -90.633246640999971, 39.056156500000043 ], [ -90.629201510999962, 39.059878960000049 ], [ -90.63631851599996, 39.066033378000043 ], [ -90.633693497999957, 39.070733176000033 ], [ -90.641054733999965, 39.072967039000048 ], [ -90.640858961999982, 39.078192371000057 ], [ -90.636178743999949, 39.078656899000066 ], [ -90.639816030999953, 39.089628835000042 ], [ -90.634601904999954, 39.100380084000051 ], [ -90.638666078999961, 39.101240478000079 ], [ -90.637593433999939, 39.104577206000044 ], [ -90.641427712999985, 39.107350521000058 ], [ -90.636942462999968, 39.122101660000055 ], [ -90.640652196999952, 39.121832307000034 ], [ -90.642019319999974, 39.133656469000073 ], [ -90.647087535999958, 39.136458186000027 ], [ -90.644202729999961, 39.140713750000032 ], [ -90.647961221999935, 39.151872784000034 ], [ -90.645367525999973, 39.161737206000055 ], [ -90.653689828999973, 39.168399635000071 ], [ -90.647643918999961, 39.175172184000076 ], [ -90.654427703999943, 39.179076617000078 ], [ -90.650485601999947, 39.183724588000075 ], [ -90.653414635, 39.188013262000027 ], [ -90.657413093999935, 39.188007361000075 ], [ -90.658543466999959, 39.193190224000034 ], [ -90.654455689999963, 39.197935768000036 ], [ -90.658167272999947, 39.205243508000081 ], [ -90.655520349999961, 39.213404905000061 ], [ -90.659461618999956, 39.215020280000033 ], [ -90.657964260999961, 39.217162651000081 ], [ -90.663398686999983, 39.22384519600007 ], [ -90.662660363999976, 39.230355515000042 ], [ -90.668258702999935, 39.233883066000033 ], [ -90.673015632999977, 39.243959800000027 ], [ -90.670326210999974, 39.249862330000042 ], [ -90.675726423999947, 39.256764550000071 ], [ -90.672519992, 39.263568274000079 ], [ -90.681548071999941, 39.271737806000033 ], [ -90.679659081999944, 39.280746365000027 ], [ -90.666922907999947, 39.289942589000077 ], [ -90.665418396999939, 39.297544656000071 ], [ -90.671258074999969, 39.301918832000069 ], [ -90.671337438999956, 39.309652954000057 ], [ -90.675503596999988, 39.314862877000053 ], [ -90.673374370999966, 39.325552883000057 ], [ -90.687085648999982, 39.333237025000074 ], [ -90.697978817999967, 39.334243568000034 ], [ -90.700602466999953, 39.339279714000043 ], [ -90.704457159999947, 39.339251581000042 ], [ -90.715873598999963, 39.349255149000044 ], [ -90.713859706999983, 39.351629798000033 ], [ -90.717182249999951, 39.354850298000031 ], [ -90.71253782499997, 39.357963479000034 ], [ -90.712738871999989, 39.362913943000081 ], [ -90.718410911999968, 39.365663863000066 ], [ -90.715754571, 39.372786113000075 ], [ -90.722062383999969, 39.380551497000056 ], [ -90.718596402999935, 39.386977683000055 ], [ -90.714214595999977, 39.386191379000024 ], [ -90.705961853999952, 39.392337782000027 ], [ -90.707653823999976, 39.404608503000077 ], [ -90.697585850999985, 39.407869325000036 ], [ -90.692037342999981, 39.415876138000044 ], [ -90.694207608999989, 39.418203461000076 ], [ -90.69120732, 39.425215531000049 ], [ -90.686101792999978, 39.428414215000032 ], [ -90.689130335999948, 39.433858117000057 ], [ -90.685402273999955, 39.436490766000077 ], [ -90.687048315999959, 39.439303896000069 ], [ -90.683350114999939, 39.441050016000077 ], [ -90.682476400999974, 39.446991616000048 ], [ -90.692049416999964, 39.462512668000045 ], [ -90.682332696999936, 39.479277520000039 ], [ -90.672558098999957, 39.485661597000046 ], [ -90.676672222999969, 39.504161451000073 ], [ -90.67178738399997, 39.509070998000027 ], [ -90.671314450999944, 39.516364492000037 ], [ -90.665228308999986, 39.522410370000046 ], [ -90.649234887999967, 39.525698164000062 ], [ -90.63115169799994, 39.526200424000081 ], [ -90.625595797999949, 39.523592243000053 ], [ -90.621226061999948, 39.529670905000046 ], [ -90.622574736999979, 39.532771510000032 ], [ -90.615263957999957, 39.533948404000057 ], [ -90.606371746999969, 39.545859888000052 ], [ -90.640370752999956, 39.543893827000034 ], [ -90.64513033299994, 39.550129070000025 ], [ -90.655207902999962, 39.54731513400003 ], [ -90.667165671999953, 39.560007408000047 ], [ -90.669388181999977, 39.570908056000064 ], [ -90.674256839999941, 39.576651143000049 ], [ -90.681042383999966, 39.577737735000028 ], [ -90.68310160599998, 39.584207135000042 ], [ -90.68858931799997, 39.587990809000075 ], [ -90.694548205, 39.586419928000055 ], [ -90.700821446999953, 39.591399955000043 ], [ -90.705428560999962, 39.599886080000033 ], [ -90.702578772999971, 39.605679174000045 ], [ -90.713819109999974, 39.609101018000047 ], [ -90.717529916999979, 39.614905825000051 ], [ -90.71558185899994, 39.617651157000068 ], [ -90.725610611999969, 39.618923328000051 ], [ -90.740308284999969, 39.604849983000065 ], [ -90.745254458999966, 39.608479995000039 ], [ -90.74317935199997, 39.611114729000064 ], [ -90.745112719999952, 39.613568623000049 ], [ -90.751645360999987, 39.613636930000041 ], [ -90.762316532999989, 39.623085340000046 ], [ -90.773038397999983, 39.624021162000076 ], [ -90.775687886999947, 39.634434990000045 ], [ -90.78470297299998, 39.64208313000006 ], [ -90.784842746999971, 39.653875554000081 ], [ -90.805771078999953, 39.69193926500003 ], [ -90.82037177899997, 39.703657986000053 ], [ -90.824252936999983, 39.711658212000032 ], [ -90.83541814299997, 39.715314004000049 ], [ -90.834126300999969, 39.718530569000052 ], [ -90.86041195699994, 39.723038080000038 ], [ -90.857303395999963, 39.726964984000062 ], [ -90.864122825999971, 39.734071081000025 ], [ -90.860359924999955, 39.748562373000027 ], [ -90.862235981999959, 39.751916029000029 ], [ -90.873673579999945, 39.753291852000075 ], [ -90.874055406999958, 39.745627350000063 ], [ -90.879517368999984, 39.740684306000048 ], [ -90.900326548999942, 39.744846110000026 ], [ -90.908459663999963, 39.740885678000041 ], [ -90.919896785999981, 39.744334224000056 ], [ -90.922119175999967, 39.756278132000034 ], [ -90.929607041999986, 39.76184052800005 ], [ -90.939961176999986, 39.763757861000045 ], [ -90.943526221999946, 39.768336720000036 ], [ -90.952798023999947, 39.766972249000048 ], [ -90.95789872499995, 39.783291527000074 ], [ -90.956113893999941, 39.79142136300004 ], [ -90.967974982999976, 39.79422001000006 ], [ -90.976221466999959, 39.80240742400008 ], [ -90.982977982999955, 39.793152966000036 ], [ -90.988879291999979, 39.790808924000032 ], [ -91.002437116999943, 39.794781096000065 ], [ -91.002646865999964, 39.79869885100004 ], [ -91.00885451299996, 39.803267100000028 ], [ -91.017390854999974, 39.804718920000028 ], [ -91.016677744999981, 39.807635942000047 ], [ -91.036278083999946, 39.822213303000069 ], [ -91.035394444999952, 39.828039956000055 ], [ -91.042583900999944, 39.836960537000039 ], [ -91.042724716999942, 39.842069282000068 ], [ -91.04737420899994, 39.843095525000081 ], [ -91.055575512999951, 39.852057412000079 ], [ -91.062298859999942, 39.86424766600004 ], [ -91.076291353999977, 39.878192800000079 ], [ -91.079528333999974, 39.886314202000051 ], [ -91.091866410999955, 39.889925768000069 ], [ -91.106552700999941, 39.885472077000031 ], [ -91.114852948999953, 39.893412727000054 ], [ -91.126761542999986, 39.892497408000054 ], [ -91.163499384999966, 39.917904427000053 ], [ -91.167008520999957, 39.92514454500008 ], [ -91.197462927999936, 39.94259988500005 ], [ -91.185593019999942, 39.969387142000073 ], [ -91.192709012999956, 39.976663707000057 ], [ -91.196365610999976, 39.993644627000037 ], [ -91.207891722999989, 40.00205928400004 ], [ -91.208542546999979, 40.012433831000067 ], [ -91.203221847999941, 40.02096531400008 ], [ -91.192687112999977, 40.028768368000044 ], [ -91.178460701999938, 40.033493648000047 ], [ -91.130977154999982, 40.030152899000029 ], [ -91.110704775999977, 40.038748636000037 ], [ -91.094546607999973, 40.034923598000034 ], [ -91.093026658999975, 40.042476700000066 ], [ -91.053824465, 40.04447977600006 ], [ -91.042577036999944, 40.053273043000047 ], [ -91.038733042, 40.046473672000047 ], [ -91.028563442999939, 40.043974897000055 ], [ -91.018304885999953, 40.050471774000073 ], [ -91.009577720999971, 40.061146373000042 ], [ -90.998742666999988, 40.064380760000063 ], [ -90.997881707999966, 40.068821635000063 ], [ -90.992590066, 40.071211752000067 ], [ -90.990889425999967, 40.079224346000046 ], [ -90.981740229999957, 40.079427361000057 ], [ -90.970508894999966, 40.086583317000077 ], [ -90.980845296999973, 40.094271244000026 ], [ -90.979184264999958, 40.097303244000045 ], [ -90.983735825999986, 40.105598364000059 ], [ -91.000142247999975, 40.107481423000024 ], [ -91.003222169999958, 40.112014506000037 ], [ -91.009621534999951, 40.109745862000068 ], [ -91.016065215999959, 40.111717137000028 ], [ -91.021441112, 40.126607959000069 ], [ -91.030523073999973, 40.130934871000079 ], [ -91.028101098999969, 40.140411056000062 ], [ -91.032698705999962, 40.149733194000078 ], [ -91.04481094, 40.160505959000034 ], [ -91.05584149799995, 40.165156105000051 ], [ -91.062887455999942, 40.174309712000024 ], [ -91.057609731999946, 40.182730926000033 ], [ -91.076656879999973, 40.200256899000067 ], [ -91.078226807999954, 40.207792983000047 ], [ -91.051165607999963, 40.229053458000067 ], [ -91.058741092999981, 40.23212280000007 ], [ -91.064351769999973, 40.23875855600005 ], [ -91.061545731999956, 40.242756002000078 ], [ -91.066911164999965, 40.249485904000039 ], [ -91.07305992299996, 40.251118624000071 ], [ -91.105697173999943, 40.288624583000058 ], [ -91.118711494999957, 40.293171940000036 ], [ -91.125798399999951, 40.292146711000044 ], [ -91.128548587999944, 40.295556186000056 ], [ -91.130919245999962, 40.303840428000058 ], [ -91.12707620599997, 40.315250875000061 ], [ -91.094300259999955, 40.328452384000059 ], [ -91.094872733999978, 40.333773232000055 ], [ -91.104905896999981, 40.341482647000078 ], [ -91.096310249999988, 40.351823638000042 ], [ -91.107681776999982, 40.349091360000045 ], [ -91.105916167999965, 40.354961196000033 ], [ -91.119029729999966, 40.355625728000064 ], [ -91.122894169999938, 40.367587250000042 ], [ -91.129454556999974, 40.373028559000034 ], [ -91.129080747999978, 40.384797527000046 ], [ -91.133237308999981, 40.392225727000039 ], [ -91.142318824999961, 40.395538196000075 ], [ -91.143236975999969, 40.406444298000054 ], [ -91.182825438999942, 40.405857666000031 ], [ -91.187993372999983, 40.413519368000038 ], [ -91.20448294299996, 40.426048563000052 ], [ -91.216573810999989, 40.44697528100005 ], [ -91.222570665999967, 40.448011865000069 ], [ -91.221463598999946, 40.451441963000036 ], [ -91.234585118999973, 40.456967731000077 ], [ -91.236783667999987, 40.468021773000032 ], [ -91.220127889999958, 40.470809751000047 ], [ -91.219397047999962, 40.477111572000069 ], [ -91.213231781, 40.479748512000072 ], [ -91.221515816999954, 40.490427521000072 ], [ -91.208912708999947, 40.493223904000047 ], [ -91.212035516999947, 40.49806019500005 ], [ -91.226565017999974, 40.500274955000066 ], [ -91.216198307999946, 40.51231873100005 ], [ -91.218253655999945, 40.515450181000062 ], [ -91.215731486999971, 40.543155260000049 ], [ -91.176671121999959, 40.545527437000032 ], [ -91.161045490999982, 40.543479273000059 ], [ -91.106291308999971, 40.553337052000074 ], [ -91.099887981999984, 40.565261351000061 ], [ -91.099544063999986, 40.582823713000039 ], [ -91.076377253999965, 40.596203381000066 ], [ -91.080017787999964, 40.600280934000068 ], [ -91.080624891999946, 40.611344304000056 ], [ -91.07686997899998, 40.625178991000041 ], [ -91.050498582999978, 40.636066766000056 ], [ -91.045062427999937, 40.634429844000067 ], [ -91.030608626999935, 40.640556012000047 ], [ -91.027921380999942, 40.645010715000069 ], [ -91.006990249999944, 40.649484552000047 ], [ -91.005732651999949, 40.652292974000034 ], [ -90.983543565, 40.652492949000077 ], [ -90.945045240999946, 40.643682310000031 ], [ -90.93303820999995, 40.644248555000047 ], [ -90.906693784999959, 40.655166014000031 ], [ -90.903724221999937, 40.668195532000027 ], [ -90.900619981999967, 40.669530199000064 ], [ -90.880869767999968, 40.660966502000065 ], [ -90.840952524999977, 40.658087033000072 ], [ -90.835899986999948, 40.654964881000069 ], [ -90.807346820999953, 40.661959936000073 ], [ -90.799572853999962, 40.66125260900003 ], [ -90.797737953999956, 40.656129380000039 ], [ -90.781710199999964, 40.656489542000031 ], [ -90.779751858999987, 40.657950810000045 ], [ -90.783334129999957, 40.661830506000058 ], [ -90.754137471999968, 40.661516063000079 ], [ -90.742069852999975, 40.669227 ], [ -90.736155283999949, 40.681703923000043 ], [ -90.736187738999945, 40.689080595000064 ], [ -90.715389705999939, 40.695474686000068 ], [ -90.700482192999971, 40.704343620000031 ], [ -90.693660529999988, 40.705669259000047 ], [ -90.687960267999983, 40.702785020000078 ], [ -90.681347905999985, 40.70610657800006 ], [ -90.680729716999963, 40.711456782000027 ], [ -90.692829701999983, 40.715214735000075 ], [ -90.692098889999954, 40.723235733000081 ], [ -90.701538479999954, 40.72054246700003 ], [ -90.705623485, 40.722537643000067 ], [ -90.697862660999988, 40.733621159000052 ], [ -90.708321521999949, 40.73669738500007 ], [ -90.709337482999956, 40.742541740000036 ], [ -90.719155741999941, 40.743733534000057 ], [ -90.714841466999985, 40.747587482000029 ], [ -90.718233061999968, 40.749848555000028 ], [ -90.71327496899994, 40.753631723000069 ], [ -90.711820942999964, 40.765185727000073 ], [ -90.696887651999987, 40.76958094500003 ], [ -90.686720646999959, 40.777114617000052 ], [ -90.676758922999966, 40.807758712000066 ], [ -90.683483431999946, 40.81768747600006 ], [ -90.661844348999978, 40.836603402000037 ], [ -90.662734815999954, 40.846145690000071 ], [ -90.590826051999954, 40.847576563000075 ], [ -90.586099521999984, 40.855453558000079 ], [ -90.587826926, 40.86562589600004 ], [ -90.595297923999965, 40.878124426000056 ], [ -90.576979264999977, 40.874563973000079 ], [ -90.550873943999989, 40.87878007900008 ], [ -90.523260475999962, 40.889169590000051 ], [ -90.465354755999954, 40.889361133000079 ], [ -90.42576885699998, 40.896339588000046 ], [ -90.409198194999988, 40.896261686000059 ], [ -90.389147871999967, 40.899247850000052 ], [ -90.383344792999935, 40.90660288600003 ], [ -90.375212957999963, 40.903548983000064 ], [ -90.367850113999964, 40.909606455000073 ], [ -90.360734777999937, 40.910501628000077 ], [ -90.361486422999974, 40.914529264000066 ], [ -90.368529040999988, 40.91475734100004 ], [ -90.367736985999954, 40.927317144000028 ], [ -90.36303176399997, 40.931196305000071 ], [ -90.351772831999938, 40.932449255000051 ], [ -90.349307374999967, 40.943257427000049 ], [ -90.337904527999967, 40.951218195000081 ], [ -90.340353952999976, 40.962403276000032 ], [ -90.33691926399996, 40.970649163000076 ], [ -90.318066281999961, 40.988924250000025 ], [ -90.314927650999948, 41.006505270000048 ], [ -90.295970865999948, 41.010863086000029 ], [ -90.308887881999965, 41.022403947000043 ], [ -90.298461000999964, 41.02656336900003 ], [ -90.291572461999976, 41.037340487000051 ], [ -90.284586585999989, 41.037136043000032 ], [ -90.281455076999976, 41.043064561000051 ], [ -90.271163765999972, 41.042777654000076 ], [ -90.267193172999953, 41.054715067000075 ], [ -90.255852015999949, 41.063166828000078 ], [ -90.261882041999968, 41.074991975000046 ], [ -90.248908134999965, 41.085471248000033 ], [ -90.257105922999983, 41.097183861000076 ], [ -90.252829973999951, 41.101754614000072 ], [ -90.253026222999949, 41.107579926000028 ], [ -90.245607916999973, 41.110852908000027 ], [ -90.254108735999978, 41.130589469000029 ], [ -90.23674133999998, 41.153821070000049 ], [ -90.229157958999963, 41.15860917100008 ], [ -90.207051841999942, 41.16756745400005 ], [ -90.173467862999985, 41.162326955000026 ], [ -90.138755210999989, 41.166352953000057 ], [ -90.107926546999977, 41.158796366000047 ], [ -90.097276146999945, 41.16239610100007 ], [ -90.092879499999981, 41.16981124800003 ], [ -90.085565918999976, 41.169864625000059 ], [ -90.076584270999945, 41.17739677600008 ], [ -90.067343224999945, 41.177992733000053 ], [ -90.05279268299995, 41.176565173000029 ], [ -90.041347692999977, 41.164965363000078 ], [ -90.023641560999977, 41.157758952000052 ], [ -90.018865975999972, 41.159751745000051 ], [ -90.002177206999988, 41.155637237000064 ], [ -89.994584079999981, 41.15686893700007 ], [ -89.990881497999965, 41.159006808000072 ], [ -89.990653481999971, 41.173236078000059 ], [ -89.993257221999954, 41.175983464000069 ], [ -89.986372407999966, 41.183203914000046 ], [ -89.984805789999939, 41.200378131000036 ], [ -89.987389146999988, 41.205301654000039 ], [ -89.977432693999958, 41.207169664000048 ], [ -89.97334435099998, 41.204273593000039 ], [ -89.962198547999947, 41.204087390000041 ], [ -89.969227904999968, 41.214868501000069 ], [ -89.970079744999964, 41.221459195000079 ], [ -89.966562385999964, 41.228530036000052 ], [ -89.95508228999995, 41.229839432000063 ], [ -89.942848643, 41.240212609000025 ], [ -89.891554718999942, 41.259527381000055 ], [ -89.889905458999976, 41.265839545000063 ], [ -89.864634095999975, 41.269880681000075 ], [ -89.789343427999938, 41.298781494000025 ], [ -89.795672668999941, 41.308086972000069 ], [ -89.810133922999967, 41.318805587000043 ], [ -89.808101523999937, 41.32404176700004 ], [ -89.792723192999972, 41.322416885000052 ], [ -89.781496535999963, 41.325989499000059 ], [ -89.76568797799996, 41.316072954000049 ], [ -89.759131196999988, 41.318539335000025 ], [ -89.75346306199998, 41.316792651000071 ], [ -89.754053981999959, 41.311373992000028 ], [ -89.745784102999949, 41.300862443000028 ], [ -89.746643453, 41.297755640000048 ], [ -89.737363482999967, 41.294710320000036 ], [ -89.738447303999976, 41.287634890000049 ], [ -89.727828284999987, 41.281494567000038 ], [ -89.714674402999947, 41.283760319000066 ], [ -89.702928288999942, 41.281331550000061 ], [ -89.695936275999941, 41.289762003000078 ], [ -89.691050659999974, 41.289438797000059 ], [ -89.689420740999935, 41.29516889000007 ], [ -89.682503351999969, 41.292617544000052 ], [ -89.683843889999935, 41.287875189000033 ], [ -89.678930080999976, 41.283550215000048 ], [ -89.679423100999941, 41.280438882000055 ], [ -89.660736293999946, 41.279383732000042 ], [ -89.648775038999986, 41.270604563000063 ], [ -89.618881303999956, 41.267363592000038 ], [ -89.605982854999979, 41.269984081000075 ], [ -89.602015091999988, 41.273886755000035 ], [ -89.596103530999983, 41.270416781000051 ], [ -89.591852914999947, 41.279600280000068 ], [ -89.59809563999994, 41.289718855000046 ], [ -89.668886460999943, 41.323022922000064 ], [ -89.678973388999964, 41.336628042000029 ], [ -89.673228663999964, 41.348281228000076 ], [ -89.69224737899998, 41.352593177000074 ], [ -89.697716643999968, 41.358388926000032 ], [ -89.703968427999939, 41.358596498000054 ], [ -89.706166558999939, 41.364273186000048 ], [ -89.705313228999955, 41.367812421000053 ], [ -89.69598050999997, 41.368313041000079 ], [ -89.69436546299994, 41.371958194000058 ], [ -89.674047513999938, 41.368514327000071 ], [ -89.66847626699996, 41.376088499000048 ], [ -89.658602873999939, 41.374127358000067 ], [ -89.646032608999974, 41.376674236000042 ], [ -89.644476986999962, 41.383865716000059 ], [ -89.633939985999973, 41.38974431500003 ], [ -89.63675705199995, 41.394147520000047 ], [ -89.633902942999953, 41.397189294000043 ], [ -89.63997612199995, 41.399766182000064 ], [ -89.639873721999948, 41.407131172000049 ], [ -89.630252457999973, 41.422919163000074 ], [ -89.632339933999958, 41.432167661000051 ], [ -89.627502628999935, 41.437615616000073 ], [ -89.634570103999977, 41.450396224000031 ], [ -89.624606677999964, 41.457258419000027 ], [ -89.624106596, 41.464499372000034 ], [ -89.617401488999974, 41.468432176000078 ], [ -89.617118932999972, 41.472559978000049 ], [ -89.610319739999966, 41.473407198000075 ], [ -89.616214701999979, 41.47982045100008 ], [ -89.612014241999987, 41.480637720000061 ], [ -89.610215760999949, 41.486294262000058 ], [ -89.602527444999964, 41.489427470000066 ], [ -89.588582190999944, 41.502846118000036 ], [ -89.584658566999963, 41.513160435000032 ], [ -89.577381671999945, 41.513967513000068 ], [ -89.57414889599994, 41.529513718000032 ], [ -89.555736597999953, 41.537629042000049 ], [ -89.549157584999989, 41.533463214000051 ], [ -89.539645992999965, 41.538445775000071 ], [ -89.53042351199997, 41.537014698000064 ], [ -89.523754942999972, 41.542700744000058 ], [ -89.508164955999973, 41.543284692000043 ], [ -89.497243326999978, 41.548851141000057 ], [ -89.479302888999939, 41.55080647300008 ], [ -89.480616098999974, 41.553839396000058 ], [ -89.458971769999948, 41.559761 ], [ -89.449206619999984, 41.566175266000073 ], [ -89.445672927999965, 41.57379110200003 ], [ -89.433067883999968, 41.578457523000054 ], [ -89.430644448999942, 41.586078931000031 ], [ -89.414893856999981, 41.589600166000025 ], [ -89.408463020999989, 41.595674269000028 ], [ -89.402861345999952, 41.596251510000059 ], [ -89.404305626999985, 41.598301046000074 ], [ -89.395598517999986, 41.602464819000033 ], [ -89.394183085999941, 41.608230884000079 ], [ -89.371771703999968, 41.606276330000071 ], [ -89.360263980999946, 41.611487625000052 ], [ -89.364172616999952, 41.61528551400005 ], [ -89.361439415999939, 41.620840132000069 ], [ -89.356376476999969, 41.622686714000054 ], [ -89.351252680999949, 41.620171755000058 ], [ -89.338455023999984, 41.628588231000037 ], [ -89.315631862999965, 41.634556864000047 ], [ -89.309583002999943, 41.641359394000062 ], [ -89.301747672999966, 41.641321933000029 ], [ -89.302918308999949, 41.638029521000078 ], [ -89.284876184999973, 41.632625675000043 ], [ -89.281776832999981, 41.636653250000052 ], [ -89.273525818999985, 41.631278819000045 ], [ -89.248880303999954, 41.634314843000027 ], [ -89.239589487999979, 41.642455140000038 ], [ -89.225060016999976, 41.643781941000043 ], [ -89.225105287999952, 41.649058473000025 ], [ -89.204113868999968, 41.663864807000039 ], [ -89.208976625, 41.667614714000081 ], [ -89.207872777999967, 41.67045696200006 ], [ -89.190289582, 41.679027725000026 ], [ -89.182970337999961, 41.681034882000063 ], [ -89.173019935999946, 41.677876760000061 ], [ -89.160223022999958, 41.682555339000032 ], [ -89.146407348999958, 41.682565323000063 ], [ -89.144959104999941, 41.68604274900008 ], [ -89.123778349999952, 41.689840759000049 ], [ -89.123064286999977, 41.694012101000055 ], [ -89.115874294999969, 41.696616556000038 ], [ -89.113846484999954, 41.693528201000049 ], [ -89.096995591999985, 41.696508286000039 ], [ -89.08790367499995, 41.699576078000064 ], [ -89.083824362999962, 41.705747991000067 ], [ -89.077726448999954, 41.704365105000079 ] ] ] } }
]
}
